dataset,object,shot,split,n_ctx,B,gh672,gw672,Kmax,n_images,n_triggered,mean_trigger_m,median_trigger_m,pct_capped_all,pct_capped_triggered,mean_retained_all,mean_retained_triggered,token_utilization
mvtec,bottle,1,0,5,1152.0,48,48,46,83,2,0.3253012048192771,0.0,0.0,0.0,1.0,1.0,0.007059487951807229
mvtec,bottle,1,0,7,1152.0,48,48,23,83,2,0.3253012048192771,0.0,0.0,0.0,1.0,1.0,0.013836596385542169
mvtec,bottle,1,0,9,1152.0,48,48,14,83,2,0.3253012048192771,0.0,1.2048192771084338,50.0,0.7777777777777778,0.7777777777777778,0.017789909638554216
mvtec,bottle,1,0,11,1152.0,48,48,9,83,2,0.3253012048192771,0.0,1.2048192771084338,50.0,0.5925925925925926,0.5925925925925926,0.020247657295850065
mvtec,bottle,1,0,13,1152.0,48,48,6,83,2,0.3253012048192771,0.0,2.4096385542168677,100.0,0.4444444444444444,0.4444444444444444,0.02120983935742972
mvtec,bottle,1,0,15,1152.0,48,48,5,83,2,0.3253012048192771,0.0,2.4096385542168677,100.0,0.37037037037037035,0.37037037037037035,0.023531626506024098
mvtec,bottle,1,0,17,1152.0,48,48,3,83,2,0.3253012048192771,0.0,2.4096385542168677,100.0,0.2222222222222222,0.2222222222222222,0.01813504016064257
mvtec,bottle,1,0,19,1152.0,48,48,3,83,2,0.3253012048192771,0.0,2.4096385542168677,100.0,0.2222222222222222,0.2222222222222222,0.022653112449799197
mvtec,bottle,1,0,21,1152.0,48,48,2,83,2,0.3253012048192771,0.0,2.4096385542168677,100.0,0.14814814814814814,0.14814814814814814,0.018448795180722892
mvtec,bottle,1,0,23,1152.0,48,48,2,83,2,0.3253012048192771,0.0,2.4096385542168677,100.0,0.14814814814814814,0.14814814814814814,0.022130187416331996
mvtec,bottle,1,0,25,1152.0,48,48,1,83,2,0.3253012048192771,0.0,2.4096385542168677,100.0,0.07407407407407407,0.07407407407407407,0.013073125836680053
mvtec,bottle,1,0,27,1152.0,48,48,1,83,2,0.3253012048192771,0.0,2.4096385542168677,100.0,0.07407407407407407,0.07407407407407407,0.015248493975903615
mvtec,bottle,1,0,29,1152.0,48,48,1,83,2,0.3253012048192771,0.0,2.4096385542168677,100.0,0.07407407407407407,0.07407407407407407,0.01759119812583668
mvtec,bottle,1,0,31,1152.0,48,48,1,83,2,0.3253012048192771,0.0,2.4096385542168677,100.0,0.07407407407407407,0.07407407407407407,0.02010123828647925
mvtec,bottle,1,0,33,1152.0,48,48,1,83,2,0.3253012048192771,0.0,2.4096385542168677,100.0,0.07407407407407407,0.07407407407407407,0.022778614457831324
mvtec,bottle,1,1,5,1152.0,48,48,46,83,4,1.1686746987951808,0.0,1.2048192771084338,25.0,0.9690721649484536,0.9690721649484536,0.0245774765729585
mvtec,bottle,1,1,7,1152.0,48,48,23,83,4,1.1686746987951808,0.0,2.4096385542168677,50.0,0.711340206185567,0.711340206185567,0.03536019076305221
mvtec,bottle,1,1,9,1152.0,48,48,14,83,4,1.1686746987951808,0.0,3.614457831325301,75.0,0.4639175257731959,0.4639175257731959,0.03812123493975904
mvtec,bottle,1,1,11,1152.0,48,48,9,83,4,1.1686746987951808,0.0,3.614457831325301,75.0,0.30927835051546393,0.30927835051546393,0.037964357429718876
mvtec,bottle,1,1,13,1152.0,48,48,6,83,4,1.1686746987951808,0.0,3.614457831325301,75.0,0.21649484536082475,0.21649484536082475,0.037117218875502005
mvtec,bottle,1,1,15,1152.0,48,48,5,83,4,1.1686746987951808,0.0,3.614457831325301,75.0,0.18556701030927836,0.18556701030927836,0.04235692771084337
mvtec,bottle,1,1,17,1152.0,48,48,3,83,4,1.1686746987951808,0.0,3.614457831325301,75.0,0.12371134020618557,0.12371134020618557,0.03627008032128514
mvtec,bottle,1,1,19,1152.0,48,48,3,83,4,1.1686746987951808,0.0,3.614457831325301,75.0,0.12371134020618557,0.12371134020618557,0.045306224899598395
mvtec,bottle,1,1,21,1152.0,48,48,2,83,4,1.1686746987951808,0.0,4.819277108433735,100.0,0.08247422680412371,0.08247422680412371,0.036897590361445784
mvtec,bottle,1,1,23,1152.0,48,48,2,83,4,1.1686746987951808,0.0,4.819277108433735,100.0,0.08247422680412371,0.08247422680412371,0.04426037483266399
mvtec,bottle,1,1,25,1152.0,48,48,1,83,4,1.1686746987951808,0.0,4.819277108433735,100.0,0.041237113402061855,0.041237113402061855,0.026146251673360106
mvtec,bottle,1,1,27,1152.0,48,48,1,83,4,1.1686746987951808,0.0,4.819277108433735,100.0,0.041237113402061855,0.041237113402061855,0.03049698795180723
mvtec,bottle,1,1,29,1152.0,48,48,1,83,4,1.1686746987951808,0.0,4.819277108433735,100.0,0.041237113402061855,0.041237113402061855,0.03518239625167336
mvtec,bottle,1,1,31,1152.0,48,48,1,83,4,1.1686746987951808,0.0,4.819277108433735,100.0,0.041237113402061855,0.041237113402061855,0.0402024765729585
mvtec,bottle,1,1,33,1152.0,48,48,1,83,4,1.1686746987951808,0.0,4.819277108433735,100.0,0.041237113402061855,0.041237113402061855,0.04555722891566265
mvtec,bottle,1,2,5,1152.0,48,48,46,83,0,0.0,0.0,0.0,0.0,0.0,0.0,0.0
mvtec,bottle,1,2,7,1152.0,48,48,23,83,0,0.0,0.0,0.0,0.0,0.0,0.0,0.0
mvtec,bottle,1,2,9,1152.0,48,48,14,83,0,0.0,0.0,0.0,0.0,0.0,0.0,0.0
mvtec,bottle,1,2,11,1152.0,48,48,9,83,0,0.0,0.0,0.0,0.0,0.0,0.0,0.0
mvtec,bottle,1,2,13,1152.0,48,48,6,83,0,0.0,0.0,0.0,0.0,0.0,0.0,0.0
mvtec,bottle,1,2,15,1152.0,48,48,5,83,0,0.0,0.0,0.0,0.0,0.0,0.0,0.0
mvtec,bottle,1,2,17,1152.0,48,48,3,83,0,0.0,0.0,0.0,0.0,0.0,0.0,0.0
mvtec,bottle,1,2,19,1152.0,48,48,3,83,0,0.0,0.0,0.0,0.0,0.0,0.0,0.0
mvtec,bottle,1,2,21,1152.0,48,48,2,83,0,0.0,0.0,0.0,0.0,0.0,0.0,0.0
mvtec,bottle,1,2,23,1152.0,48,48,2,83,0,0.0,0.0,0.0,0.0,0.0,0.0,0.0
mvtec,bottle,1,2,25,1152.0,48,48,1,83,0,0.0,0.0,0.0,0.0,0.0,0.0,0.0
mvtec,bottle,1,2,27,1152.0,48,48,1,83,0,0.0,0.0,0.0,0.0,0.0,0.0,0.0
mvtec,bottle,1,2,29,1152.0,48,48,1,83,0,0.0,0.0,0.0,0.0,0.0,0.0,0.0
mvtec,bottle,1,2,31,1152.0,48,48,1,83,0,0.0,0.0,0.0,0.0,0.0,0.0,0.0
mvtec,bottle,1,2,33,1152.0,48,48,1,83,0,0.0,0.0,0.0,0.0,0.0,0.0,0.0
mvtec,bottle,2,0,5,1152.0,48,48,46,83,0,0.0,0.0,0.0,0.0,0.0,0.0,0.0
mvtec,bottle,2,0,7,1152.0,48,48,23,83,0,0.0,0.0,0.0,0.0,0.0,0.0,0.0
mvtec,bottle,2,0,9,1152.0,48,48,14,83,0,0.0,0.0,0.0,0.0,0.0,0.0,0.0
mvtec,bottle,2,0,11,1152.0,48,48,9,83,0,0.0,0.0,0.0,0.0,0.0,0.0,0.0
mvtec,bottle,2,0,13,1152.0,48,48,6,83,0,0.0,0.0,0.0,0.0,0.0,0.0,0.0
mvtec,bottle,2,0,15,1152.0,48,48,5,83,0,0.0,0.0,0.0,0.0,0.0,0.0,0.0
mvtec,bottle,2,0,17,1152.0,48,48,3,83,0,0.0,0.0,0.0,0.0,0.0,0.0,0.0
mvtec,bottle,2,0,19,1152.0,48,48,3,83,0,0.0,0.0,0.0,0.0,0.0,0.0,0.0
mvtec,bottle,2,0,21,1152.0,48,48,2,83,0,0.0,0.0,0.0,0.0,0.0,0.0,0.0
mvtec,bottle,2,0,23,1152.0,48,48,2,83,0,0.0,0.0,0.0,0.0,0.0,0.0,0.0
mvtec,bottle,2,0,25,1152.0,48,48,1,83,0,0.0,0.0,0.0,0.0,0.0,0.0,0.0
mvtec,bottle,2,0,27,1152.0,48,48,1,83,0,0.0,0.0,0.0,0.0,0.0,0.0,0.0
mvtec,bottle,2,0,29,1152.0,48,48,1,83,0,0.0,0.0,0.0,0.0,0.0,0.0,0.0
mvtec,bottle,2,0,31,1152.0,48,48,1,83,0,0.0,0.0,0.0,0.0,0.0,0.0,0.0
mvtec,bottle,2,0,33,1152.0,48,48,1,83,0,0.0,0.0,0.0,0.0,0.0,0.0,0.0
mvtec,bottle,2,1,5,1152.0,48,48,46,83,5,0.5421686746987951,0.0,0.0,0.0,1.0,1.0,0.011765813253012049
mvtec,bottle,2,1,7,1152.0,48,48,23,83,5,0.5421686746987951,0.0,0.0,0.0,1.0,1.0,0.023060993975903613
mvtec,bottle,2,1,9,1152.0,48,48,14,83,5,0.5421686746987951,0.0,1.2048192771084338,20.0,0.9555555555555556,0.9555555555555556,0.0364269578313253
mvtec,bottle,2,1,11,1152.0,48,48,9,83,5,0.5421686746987951,0.0,2.4096385542168677,40.0,0.7777777777777778,0.7777777777777778,0.044291750334672024
mvtec,bottle,2,1,13,1152.0,48,48,6,83,5,0.5421686746987951,0.0,4.819277108433735,80.0,0.5777777777777777,0.5777777777777777,0.04595465194109773
mvtec,bottle,2,1,15,1152.0,48,48,5,83,5,0.5421686746987951,0.0,4.819277108433735,80.0,0.4888888888888889,0.4888888888888889,0.05176957831325301
mvtec,bottle,2,1,17,1152.0,48,48,3,83,5,0.5421686746987951,0.0,4.819277108433735,80.0,0.3111111111111111,0.3111111111111111,0.042315093708165996
mvtec,bottle,2,1,19,1152.0,48,48,3,83,5,0.5421686746987951,0.0,4.819277108433735,80.0,0.3111111111111111,0.3111111111111111,0.05285726238286479
mvtec,bottle,2,1,21,1152.0,48,48,2,83,5,0.5421686746987951,0.0,4.819277108433735,80.0,0.2222222222222222,0.2222222222222222,0.046121987951807226
mvtec,bottle,2,1,23,1152.0,48,48,2,83,5,0.5421686746987951,0.0,4.819277108433735,80.0,0.2222222222222222,0.2222222222222222,0.05532546854082999
mvtec,bottle,2,1,25,1152.0,48,48,1,83,5,0.5421686746987951,0.0,6.024096385542169,100.0,0.1111111111111111,0.1111111111111111,0.03268281459170013
mvtec,bottle,2,1,27,1152.0,48,48,1,83,5,0.5421686746987951,0.0,6.024096385542169,100.0,0.1111111111111111,0.1111111111111111,0.03812123493975904
mvtec,bottle,2,1,29,1152.0,48,48,1,83,5,0.5421686746987951,0.0,6.024096385542169,100.0,0.1111111111111111,0.1111111111111111,0.0439779953145917
mvtec,bottle,2,1,31,1152.0,48,48,1,83,5,0.5421686746987951,0.0,6.024096385542169,100.0,0.1111111111111111,0.1111111111111111,0.050253095716198126
mvtec,bottle,2,1,33,1152.0,48,48,1,83,5,0.5421686746987951,0.0,6.024096385542169,100.0,0.1111111111111111,0.1111111111111111,0.056946536144578314
mvtec,bottle,2,2,5,1152.0,48,48,46,83,11,3.3855421686746987,0.0,3.614457831325301,27.27272727272727,0.8398576512455516,0.8398576512455516,0.06170515394912985
mvtec,bottle,2,2,7,1152.0,48,48,23,83,11,3.3855421686746987,0.0,4.819277108433735,36.36363636363637,0.5409252669039146,0.5409252669039146,0.07789491298527443
mvtec,bottle,2,2,9,1152.0,48,48,14,83,11,3.3855421686746987,0.0,6.024096385542169,45.45454545454545,0.40213523131672596,0.40213523131672596,0.09572665662650602
mvtec,bottle,2,2,11,1152.0,48,48,9,83,11,3.3855421686746987,0.0,6.024096385542169,45.45454545454545,0.31316725978647686,0.31316725978647686,0.11136211512717537
mvtec,bottle,2,2,13,1152.0,48,48,6,83,11,3.3855421686746987,0.0,10.843373493975903,81.81818181818183,0.2206405693950178,0.2206405693950178,0.10958417001338688
mvtec,bottle,2,2,15,1152.0,48,48,5,83,11,3.3855421686746987,0.0,10.843373493975903,81.81818181818183,0.18861209964412812,0.18861209964412812,0.12471762048192771
mvtec,bottle,2,2,17,1152.0,48,48,3,83,11,3.3855421686746987,0.0,12.048192771084338,90.9090909090909,0.11743772241992882,0.11743772241992882,0.09974272088353414
mvtec,bottle,2,2,19,1152.0,48,48,3,83,11,3.3855421686746987,0.0,12.048192771084338,90.9090909090909,0.11743772241992882,0.11743772241992882,0.12459211847389558
mvtec,bottle,2,2,21,1152.0,48,48,2,83,11,3.3855421686746987,0.0,13.253012048192772,100.0,0.07829181494661921,0.07829181494661921,0.1014683734939759
mvtec,bottle,2,2,23,1152.0,48,48,2,83,11,3.3855421686746987,0.0,13.253012048192772,100.0,0.07829181494661921,0.07829181494661921,0.12171603078982597
mvtec,bottle,2,2,25,1152.0,48,48,1,83,11,3.3855421686746987,0.0,13.253012048192772,100.0,0.03914590747330961,0.03914590747330961,0.0719021921017403
mvtec,bottle,2,2,27,1152.0,48,48,1,83,11,3.3855421686746987,0.0,13.253012048192772,100.0,0.03914590747330961,0.03914590747330961,0.08386671686746988
mvtec,bottle,2,2,29,1152.0,48,48,1,83,11,3.3855421686746987,0.0,13.253012048192772,100.0,0.03914590747330961,0.03914590747330961,0.09675158969210174
mvtec,bottle,2,2,31,1152.0,48,48,1,83,11,3.3855421686746987,0.0,13.253012048192772,100.0,0.03914590747330961,0.03914590747330961,0.11055681057563588
mvtec,bottle,2,2,33,1152.0,48,48,1,83,11,3.3855421686746987,0.0,13.253012048192772,100.0,0.03914590747330961,0.03914590747330961,0.12528237951807228
mvtec,bottle,4,0,5,1152.0,48,48,46,83,5,0.7469879518072289,0.0,0.0,0.0,1.0,1.0,0.016210676037483267
mvtec,bottle,4,0,7,1152.0,48,48,23,83,5,0.7469879518072289,0.0,1.2048192771084338,20.0,0.8870967741935484,0.8870967741935484,0.028185659303882196
mvtec,bottle,4,0,9,1152.0,48,48,14,83,5,0.7469879518072289,0.0,2.4096385542168677,40.0,0.7258064516129032,0.7258064516129032,0.03812123493975904
mvtec,bottle,4,0,11,1152.0,48,48,9,83,5,0.7469879518072289,0.0,2.4096385542168677,40.0,0.5645161290322581,0.5645161290322581,0.044291750334672024
mvtec,bottle,4,0,13,1152.0,48,48,6,83,5,0.7469879518072289,0.0,4.819277108433735,80.0,0.4032258064516129,0.4032258064516129,0.04418716532797858
mvtec,bottle,4,0,15,1152.0,48,48,5,83,5,0.7469879518072289,0.0,4.819277108433735,80.0,0.3387096774193548,0.3387096774193548,0.0494164156626506
mvtec,bottle,4,0,17,1152.0,48,48,3,83,5,0.7469879518072289,0.0,4.819277108433735,80.0,0.20967741935483872,0.20967741935483872,0.03929258701472557
mvtec,bottle,4,0,19,1152.0,48,48,3,83,5,0.7469879518072289,0.0,4.819277108433735,80.0,0.20967741935483872,0.20967741935483872,0.04908174364123159
mvtec,bottle,4,0,21,1152.0,48,48,2,83,5,0.7469879518072289,0.0,4.819277108433735,80.0,0.14516129032258066,0.14516129032258066,0.04150978915662651
mvtec,bottle,4,0,23,1152.0,48,48,2,83,5,0.7469879518072289,0.0,4.819277108433735,80.0,0.14516129032258066,0.14516129032258066,0.04979292168674699
mvtec,bottle,4,0,25,1152.0,48,48,1,83,5,0.7469879518072289,0.0,4.819277108433735,80.0,0.08064516129032258,0.08064516129032258,0.03268281459170013
mvtec,bottle,4,0,27,1152.0,48,48,1,83,5,0.7469879518072289,0.0,4.819277108433735,80.0,0.08064516129032258,0.08064516129032258,0.03812123493975904
mvtec,bottle,4,0,29,1152.0,48,48,1,83,5,0.7469879518072289,0.0,4.819277108433735,80.0,0.08064516129032258,0.08064516129032258,0.0439779953145917
mvtec,bottle,4,0,31,1152.0,48,48,1,83,5,0.7469879518072289,0.0,4.819277108433735,80.0,0.08064516129032258,0.08064516129032258,0.050253095716198126
mvtec,bottle,4,0,33,1152.0,48,48,1,83,5,0.7469879518072289,0.0,4.819277108433735,80.0,0.08064516129032258,0.08064516129032258,0.056946536144578314
mvtec,bottle,4,1,5,1152.0,48,48,46,83,3,0.7831325301204819,0.0,0.0,0.0,1.0,1.0,0.01699506358768407
mvtec,bottle,4,1,7,1152.0,48,48,23,83,3,0.7831325301204819,0.0,1.2048192771084338,33.33333333333333,0.8307692307692308,0.8307692307692308,0.027673192771084338
mvtec,bottle,4,1,9,1152.0,48,48,14,83,3,0.7831325301204819,0.0,2.4096385542168677,66.66666666666666,0.5846153846153846,0.5846153846153846,0.03219126506024096
mvtec,bottle,4,1,11,1152.0,48,48,9,83,3,0.7831325301204819,0.0,3.614457831325301,100.0,0.4153846153846154,0.4153846153846154,0.03416792168674699
mvtec,bottle,4,1,13,1152.0,48,48,6,83,3,0.7831325301204819,0.0,3.614457831325301,100.0,0.27692307692307694,0.27692307692307694,0.03181475903614458
mvtec,bottle,4,1,15,1152.0,48,48,5,83,3,0.7831325301204819,0.0,3.614457831325301,100.0,0.23076923076923078,0.23076923076923078,0.035297439759036146
mvtec,bottle,4,1,17,1152.0,48,48,3,83,3,0.7831325301204819,0.0,3.614457831325301,100.0,0.13846153846153847,0.13846153846153847,0.027202560240963857
mvtec,bottle,4,1,19,1152.0,48,48,3,83,3,0.7831325301204819,0.0,3.614457831325301,100.0,0.13846153846153847,0.13846153846153847,0.033979668674698794
mvtec,bottle,4,1,21,1152.0,48,48,2,83,3,0.7831325301204819,0.0,3.614457831325301,100.0,0.09230769230769231,0.09230769230769231,0.027673192771084338
mvtec,bottle,4,1,23,1152.0,48,48,2,83,3,0.7831325301204819,0.0,3.614457831325301,100.0,0.09230769230769231,0.09230769230769231,0.033195281124497995
mvtec,bottle,4,1,25,1152.0,48,48,1,83,3,0.7831325301204819,0.0,3.614457831325301,100.0,0.046153846153846156,0.046153846153846156,0.01960968875502008
mvtec,bottle,4,1,27,1152.0,48,48,1,83,3,0.7831325301204819,0.0,3.614457831325301,100.0,0.046153846153846156,0.046153846153846156,0.02287274096385542
mvtec,bottle,4,1,29,1152.0,48,48,1,83,3,0.7831325301204819,0.0,3.614457831325301,100.0,0.046153846153846156,0.046153846153846156,0.02638679718875502
mvtec,bottle,4,1,31,1152.0,48,48,1,83,3,0.7831325301204819,0.0,3.614457831325301,100.0,0.046153846153846156,0.046153846153846156,0.030151857429718876
mvtec,bottle,4,1,33,1152.0,48,48,1,83,3,0.7831325301204819,0.0,3.614457831325301,100.0,0.046153846153846156,0.046153846153846156,0.03416792168674699
mvtec,bottle,4,2,5,1152.0,48,48,46,83,22,6.662650602409639,0.0,4.819277108433735,18.181818181818183,0.7902350813743219,0.7902350813743219,0.11425911981258367
mvtec,bottle,4,2,7,1152.0,48,48,23,83,22,6.662650602409639,0.0,8.433734939759036,31.818181818181817,0.5533453887884268,0.5533453887884268,0.15681475903614459
mvtec,bottle,4,2,9,1152.0,48,48,14,83,22,6.662650602409639,0.0,10.843373493975903,40.909090909090914,0.4213381555153707,0.4213381555153707,0.19738328313253012
mvtec,bottle,4,2,11,1152.0,48,48,9,83,22,6.662650602409639,0.0,14.457831325301203,54.54545454545454,0.32368896925858953,0.32368896925858953,0.22652066599732262
mvtec,bottle,4,2,13,1152.0,48,48,6,83,22,6.662650602409639,0.0,24.096385542168676,90.9090909090909,0.22784810126582278,0.22784810126582278,0.22270331325301204
mvtec,bottle,4,2,15,1152.0,48,48,5,83,22,6.662650602409639,0.0,24.096385542168676,90.9090909090909,0.19168173598553345,0.19168173598553345,0.24943524096385541
mvtec,bottle,4,2,17,1152.0,48,48,3,83,22,6.662650602409639,0.0,24.096385542168676,90.9090909090909,0.11934900542495479,0.11934900542495479,0.19948544176706828
mvtec,bottle,4,2,19,1152.0,48,48,3,83,22,6.662650602409639,0.0,24.096385542168676,90.9090909090909,0.11934900542495479,0.11934900542495479,0.24918423694779115
mvtec,bottle,4,2,21,1152.0,48,48,2,83,22,6.662650602409639,0.0,26.506024096385545,100.0,0.07956600361663653,0.07956600361663653,0.2029367469879518
mvtec,bottle,4,2,23,1152.0,48,48,2,83,22,6.662650602409639,0.0,26.506024096385545,100.0,0.07956600361663653,0.07956600361663653,0.24343206157965194
mvtec,bottle,4,2,25,1152.0,48,48,1,83,22,6.662650602409639,0.0,26.506024096385545,100.0,0.039783001808318265,0.039783001808318265,0.1438043842034806
mvtec,bottle,4,2,27,1152.0,48,48,1,83,22,6.662650602409639,0.0,26.506024096385545,100.0,0.039783001808318265,0.039783001808318265,0.16773343373493976
mvtec,bottle,4,2,29,1152.0,48,48,1,83,22,6.662650602409639,0.0,26.506024096385545,100.0,0.039783001808318265,0.039783001808318265,0.19350317938420347
mvtec,bottle,4,2,31,1152.0,48,48,1,83,22,6.662650602409639,0.0,26.506024096385545,100.0,0.039783001808318265,0.039783001808318265,0.22111362115127176
mvtec,bottle,4,2,33,1152.0,48,48,1,83,22,6.662650602409639,0.0,26.506024096385545,100.0,0.039783001808318265,0.039783001808318265,0.25056475903614456
mvtec,bottle,8,0,5,1152.0,48,48,46,83,6,1.6506024096385543,0.0,1.2048192771084338,16.666666666666664,0.9635036496350365,0.9635036496350365,0.03451305220883534
mvtec,bottle,8,0,7,1152.0,48,48,23,83,6,1.6506024096385543,0.0,3.614457831325301,50.0,0.7445255474452555,0.7445255474452555,0.052271586345381524
mvtec,bottle,8,0,9,1152.0,48,48,14,83,6,1.6506024096385543,0.0,4.819277108433735,66.66666666666666,0.5109489051094891,0.5109489051094891,0.059299698795180725
mvtec,bottle,8,0,11,1152.0,48,48,9,83,6,1.6506024096385543,0.0,4.819277108433735,66.66666666666666,0.36496350364963503,0.36496350364963503,0.06327392904953145
mvtec,bottle,8,0,13,1152.0,48,48,6,83,6,1.6506024096385543,0.0,7.228915662650602,100.0,0.26277372262773724,0.26277372262773724,0.06362951807228916
mvtec,bottle,8,0,15,1152.0,48,48,5,83,6,1.6506024096385543,0.0,7.228915662650602,100.0,0.21897810218978103,0.21897810218978103,0.07059487951807229
mvtec,bottle,8,0,17,1152.0,48,48,3,83,6,1.6506024096385543,0.0,7.228915662650602,100.0,0.13138686131386862,0.13138686131386862,0.054405120481927714
mvtec,bottle,8,0,19,1152.0,48,48,3,83,6,1.6506024096385543,0.0,7.228915662650602,100.0,0.13138686131386862,0.13138686131386862,0.06795933734939759
mvtec,bottle,8,0,21,1152.0,48,48,2,83,6,1.6506024096385543,0.0,7.228915662650602,100.0,0.08759124087591241,0.08759124087591241,0.055346385542168676
mvtec,bottle,8,0,23,1152.0,48,48,2,83,6,1.6506024096385543,0.0,7.228915662650602,100.0,0.08759124087591241,0.08759124087591241,0.06639056224899599
mvtec,bottle,8,0,25,1152.0,48,48,1,83,6,1.6506024096385543,0.0,7.228915662650602,100.0,0.043795620437956206,0.043795620437956206,0.03921937751004016
mvtec,bottle,8,0,27,1152.0,48,48,1,83,6,1.6506024096385543,0.0,7.228915662650602,100.0,0.043795620437956206,0.043795620437956206,0.04574548192771084
mvtec,bottle,8,0,29,1152.0,48,48,1,83,6,1.6506024096385543,0.0,7.228915662650602,100.0,0.043795620437956206,0.043795620437956206,0.05277359437751004
mvtec,bottle,8,0,31,1152.0,48,48,1,83,6,1.6506024096385543,0.0,7.228915662650602,100.0,0.043795620437956206,0.043795620437956206,0.06030371485943775
mvtec,bottle,8,0,33,1152.0,48,48,1,83,6,1.6506024096385543,0.0,7.228915662650602,100.0,0.043795620437956206,0.043795620437956206,0.06833584337349398
mvtec,bottle,8,1,5,1152.0,48,48,46,83,0,0.0,0.0,0.0,0.0,0.0,0.0,0.0
mvtec,bottle,8,1,7,1152.0,48,48,23,83,0,0.0,0.0,0.0,0.0,0.0,0.0,0.0
mvtec,bottle,8,1,9,1152.0,48,48,14,83,0,0.0,0.0,0.0,0.0,0.0,0.0,0.0
mvtec,bottle,8,1,11,1152.0,48,48,9,83,0,0.0,0.0,0.0,0.0,0.0,0.0,0.0
mvtec,bottle,8,1,13,1152.0,48,48,6,83,0,0.0,0.0,0.0,0.0,0.0,0.0,0.0
mvtec,bottle,8,1,15,1152.0,48,48,5,83,0,0.0,0.0,0.0,0.0,0.0,0.0,0.0
mvtec,bottle,8,1,17,1152.0,48,48,3,83,0,0.0,0.0,0.0,0.0,0.0,0.0,0.0
mvtec,bottle,8,1,19,1152.0,48,48,3,83,0,0.0,0.0,0.0,0.0,0.0,0.0,0.0
mvtec,bottle,8,1,21,1152.0,48,48,2,83,0,0.0,0.0,0.0,0.0,0.0,0.0,0.0
mvtec,bottle,8,1,23,1152.0,48,48,2,83,0,0.0,0.0,0.0,0.0,0.0,0.0,0.0
mvtec,bottle,8,1,25,1152.0,48,48,1,83,0,0.0,0.0,0.0,0.0,0.0,0.0,0.0
mvtec,bottle,8,1,27,1152.0,48,48,1,83,0,0.0,0.0,0.0,0.0,0.0,0.0,0.0
mvtec,bottle,8,1,29,1152.0,48,48,1,83,0,0.0,0.0,0.0,0.0,0.0,0.0,0.0
mvtec,bottle,8,1,31,1152.0,48,48,1,83,0,0.0,0.0,0.0,0.0,0.0,0.0,0.0
mvtec,bottle,8,1,33,1152.0,48,48,1,83,0,0.0,0.0,0.0,0.0,0.0,0.0,0.0
mvtec,bottle,8,2,5,1152.0,48,48,46,83,0,0.0,0.0,0.0,0.0,0.0,0.0,0.0
mvtec,bottle,8,2,7,1152.0,48,48,23,83,0,0.0,0.0,0.0,0.0,0.0,0.0,0.0
mvtec,bottle,8,2,9,1152.0,48,48,14,83,0,0.0,0.0,0.0,0.0,0.0,0.0,0.0
mvtec,bottle,8,2,11,1152.0,48,48,9,83,0,0.0,0.0,0.0,0.0,0.0,0.0,0.0
mvtec,bottle,8,2,13,1152.0,48,48,6,83,0,0.0,0.0,0.0,0.0,0.0,0.0,0.0
mvtec,bottle,8,2,15,1152.0,48,48,5,83,0,0.0,0.0,0.0,0.0,0.0,0.0,0.0
mvtec,bottle,8,2,17,1152.0,48,48,3,83,0,0.0,0.0,0.0,0.0,0.0,0.0,0.0
mvtec,bottle,8,2,19,1152.0,48,48,3,83,0,0.0,0.0,0.0,0.0,0.0,0.0,0.0
mvtec,bottle,8,2,21,1152.0,48,48,2,83,0,0.0,0.0,0.0,0.0,0.0,0.0,0.0
mvtec,bottle,8,2,23,1152.0,48,48,2,83,0,0.0,0.0,0.0,0.0,0.0,0.0,0.0
mvtec,bottle,8,2,25,1152.0,48,48,1,83,0,0.0,0.0,0.0,0.0,0.0,0.0,0.0
mvtec,bottle,8,2,27,1152.0,48,48,1,83,0,0.0,0.0,0.0,0.0,0.0,0.0,0.0
mvtec,bottle,8,2,29,1152.0,48,48,1,83,0,0.0,0.0,0.0,0.0,0.0,0.0,0.0
mvtec,bottle,8,2,31,1152.0,48,48,1,83,0,0.0,0.0,0.0,0.0,0.0,0.0,0.0
mvtec,bottle,8,2,33,1152.0,48,48,1,83,0,0.0,0.0,0.0,0.0,0.0,0.0,0.0
mvtec,cable,1,0,5,1152.0,48,48,46,150,49,6.693333333333333,0.0,2.666666666666667,8.16326530612245,0.7768924302788844,0.7768924302788844,0.11284722222222222
mvtec,cable,1,0,7,1152.0,48,48,23,150,49,6.693333333333333,0.0,10.0,30.612244897959183,0.603585657370518,0.603585657370518,0.17184027777777777
mvtec,cable,1,0,9,1152.0,48,48,14,150,49,6.693333333333333,0.0,12.666666666666668,38.775510204081634,0.449203187250996,0.449203187250996,0.21140625
mvtec,cable,1,0,11,1152.0,48,48,9,150,49,6.693333333333333,0.0,16.666666666666664,51.02040816326531,0.34163346613545814,0.34163346613545814,0.24017939814814815
mvtec,cable,1,0,13,1152.0,48,48,6,150,49,6.693333333333333,0.0,20.666666666666668,63.26530612244898,0.2539840637450199,0.2539840637450199,0.2493923611111111
mvtec,cable,1,0,15,1152.0,48,48,5,150,49,6.693333333333333,0.0,22.0,67.3469387755102,0.22111553784860558,0.22111553784860558,0.2890625
mvtec,cable,1,0,17,1152.0,48,48,3,150,49,6.693333333333333,0.0,28.000000000000004,85.71428571428571,0.14143426294820718,0.14143426294820718,0.23748842592592592
mvtec,cable,1,0,19,1152.0,48,48,3,150,49,6.693333333333333,0.0,28.000000000000004,85.71428571428571,0.14143426294820718,0.14143426294820718,0.2966550925925926
mvtec,cable,1,0,21,1152.0,48,48,2,150,49,6.693333333333333,0.0,30.666666666666664,93.87755102040816,0.09561752988047809,0.09561752988047809,0.245
mvtec,cable,1,0,23,1152.0,48,48,2,150,49,6.693333333333333,0.0,30.666666666666664,93.87755102040816,0.09561752988047809,0.09561752988047809,0.29388888888888887
mvtec,cable,1,0,25,1152.0,48,48,1,150,49,6.693333333333333,0.0,31.333333333333336,95.91836734693877,0.04880478087649402,0.04880478087649402,0.17722800925925927
mvtec,cable,1,0,27,1152.0,48,48,1,150,49,6.693333333333333,0.0,31.333333333333336,95.91836734693877,0.04880478087649402,0.04880478087649402,0.20671875
mvtec,cable,1,0,29,1152.0,48,48,1,150,49,6.693333333333333,0.0,31.333333333333336,95.91836734693877,0.04880478087649402,0.04880478087649402,0.23847800925925927
mvtec,cable,1,0,31,1152.0,48,48,1,150,49,6.693333333333333,0.0,31.333333333333336,95.91836734693877,0.04880478087649402,0.04880478087649402,0.27250578703703704
mvtec,cable,1,0,33,1152.0,48,48,1,150,49,6.693333333333333,0.0,31.333333333333336,95.91836734693877,0.04880478087649402,0.04880478087649402,0.3088020833333333
mvtec,cable,1,1,5,1152.0,48,48,46,150,8,0.38666666666666666,0.0,0.0,0.0,1.0,1.0,0.008391203703703705
mvtec,cable,1,1,7,1152.0,48,48,23,150,8,0.38666666666666666,0.0,0.6666666666666667,12.5,0.896551724137931,0.896551724137931,0.01474537037037037
mvtec,cable,1,1,9,1152.0,48,48,14,150,8,0.38666666666666666,0.0,0.6666666666666667,12.5,0.7413793103448276,0.7413793103448276,0.02015625
mvtec,cable,1,1,11,1152.0,48,48,9,150,8,0.38666666666666666,0.0,1.3333333333333335,25.0,0.6206896551724138,0.6206896551724138,0.025208333333333333
mvtec,cable,1,1,13,1152.0,48,48,6,150,8,0.38666666666666666,0.0,1.3333333333333335,25.0,0.5172413793103449,0.5172413793103449,0.029340277777777778
mvtec,cable,1,1,15,1152.0,48,48,5,150,8,0.38666666666666666,0.0,2.0,37.5,0.46551724137931033,0.46551724137931033,0.03515625
mvtec,cable,1,1,17,1152.0,48,48,3,150,8,0.38666666666666666,0.0,2.666666666666667,50.0,0.3448275862068966,0.3448275862068966,0.033449074074074076
mvtec,cable,1,1,19,1152.0,48,48,3,150,8,0.38666666666666666,0.0,2.666666666666667,50.0,0.3448275862068966,0.3448275862068966,0.04178240740740741
mvtec,cable,1,1,21,1152.0,48,48,2,150,8,0.38666666666666666,0.0,3.3333333333333335,62.5,0.25862068965517243,0.25862068965517243,0.03828125
mvtec,cable,1,1,23,1152.0,48,48,2,150,8,0.38666666666666666,0.0,3.3333333333333335,62.5,0.25862068965517243,0.25862068965517243,0.04592013888888889
mvtec,cable,1,1,25,1152.0,48,48,1,150,8,0.38666666666666666,0.0,4.666666666666667,87.5,0.13793103448275862,0.13793103448275862,0.028935185185185185
mvtec,cable,1,1,27,1152.0,48,48,1,150,8,0.38666666666666666,0.0,4.666666666666667,87.5,0.13793103448275862,0.13793103448275862,0.03375
mvtec,cable,1,1,29,1152.0,48,48,1,150,8,0.38666666666666666,0.0,4.666666666666667,87.5,0.13793103448275862,0.13793103448275862,0.038935185185185184
mvtec,cable,1,1,31,1152.0,48,48,1,150,8,0.38666666666666666,0.0,4.666666666666667,87.5,0.13793103448275862,0.13793103448275862,0.04449074074074074
mvtec,cable,1,1,33,1152.0,48,48,1,150,8,0.38666666666666666,0.0,4.666666666666667,87.5,0.13793103448275862,0.13793103448275862,0.050416666666666665
mvtec,cable,1,2,5,1152.0,48,48,46,150,54,3.7,0.0,0.6666666666666667,1.8518518518518516,0.8666666666666667,0.8666666666666667,0.06958912037037036
mvtec,cable,1,2,7,1152.0,48,48,23,150,54,3.7,0.0,3.3333333333333335,9.25925925925926,0.7477477477477478,0.7477477477477478,0.11767939814814815
mvtec,cable,1,2,9,1152.0,48,48,14,150,54,3.7,0.0,6.666666666666667,18.51851851851852,0.6216216216216216,0.6216216216216216,0.16171875
mvtec,cable,1,2,11,1152.0,48,48,9,150,54,3.7,0.0,11.333333333333332,31.48148148148148,0.4900900900900901,0.4900900900900901,0.19046296296296297
mvtec,cable,1,2,13,1152.0,48,48,6,150,54,3.7,0.0,16.0,44.44444444444444,0.3783783783783784,0.3783783783783784,0.20538194444444444
mvtec,cable,1,2,15,1152.0,48,48,5,150,54,3.7,0.0,16.0,44.44444444444444,0.33513513513513515,0.33513513513513515,0.2421875
mvtec,cable,1,2,17,1152.0,48,48,3,150,54,3.7,0.0,18.666666666666668,51.85185185185185,0.23963963963963963,0.23963963963963963,0.2224363425925926
mvtec,cable,1,2,19,1152.0,48,48,3,150,54,3.7,0.0,18.666666666666668,51.85185185185185,0.23963963963963963,0.23963963963963963,0.27785300925925926
mvtec,cable,1,2,21,1152.0,48,48,2,150,54,3.7,0.0,24.666666666666668,68.51851851851852,0.17297297297297298,0.17297297297297298,0.245
mvtec,cable,1,2,23,1152.0,48,48,2,150,54,3.7,0.0,24.666666666666668,68.51851851851852,0.17297297297297298,0.17297297297297298,0.29388888888888887
mvtec,cable,1,2,25,1152.0,48,48,1,150,54,3.7,0.0,28.000000000000004,77.77777777777779,0.0972972972972973,0.0972972972972973,0.1953125
mvtec,cable,1,2,27,1152.0,48,48,1,150,54,3.7,0.0,28.000000000000004,77.77777777777779,0.0972972972972973,0.0972972972972973,0.2278125
mvtec,cable,1,2,29,1152.0,48,48,1,150,54,3.7,0.0,28.000000000000004,77.77777777777779,0.0972972972972973,0.0972972972972973,0.2628125
mvtec,cable,1,2,31,1152.0,48,48,1,150,54,3.7,0.0,28.000000000000004,77.77777777777779,0.0972972972972973,0.0972972972972973,0.3003125
mvtec,cable,1,2,33,1152.0,48,48,1,150,54,3.7,0.0,28.000000000000004,77.77777777777779,0.0972972972972973,0.0972972972972973,0.3403125
mvtec,cable,2,0,5,1152.0,48,48,46,150,37,4.333333333333333,0.0,2.0,8.108108108108109,0.816923076923077,0.816923076923077,0.07682291666666667
mvtec,cable,2,0,7,1152.0,48,48,23,150,37,4.333333333333333,0.0,4.666666666666667,18.91891891891892,0.6692307692307692,0.6692307692307692,0.12335069444444445
mvtec,cable,2,0,9,1152.0,48,48,14,150,37,4.333333333333333,0.0,10.0,40.54054054054054,0.5123076923076924,0.5123076923076924,0.15609375
mvtec,cable,2,0,11,1152.0,48,48,9,150,37,4.333333333333333,0.0,12.666666666666668,51.35135135135135,0.38153846153846155,0.38153846153846155,0.1736574074074074
mvtec,cable,2,0,13,1152.0,48,48,6,150,37,4.333333333333333,0.0,15.333333333333332,62.16216216216216,0.2846153846153846,0.2846153846153846,0.18093171296296295
mvtec,cable,2,0,15,1152.0,48,48,5,150,37,4.333333333333333,0.0,17.333333333333336,70.27027027027027,0.24461538461538462,0.24461538461538462,0.20703125
mvtec,cable,2,0,17,1152.0,48,48,3,150,37,4.333333333333333,0.0,19.333333333333332,78.37837837837837,0.15846153846153846,0.15846153846153846,0.17226273148148147
mvtec,cable,2,0,19,1152.0,48,48,3,150,37,4.333333333333333,0.0,19.333333333333332,78.37837837837837,0.15846153846153846,0.15846153846153846,0.21517939814814815
mvtec,cable,2,0,21,1152.0,48,48,2,150,37,4.333333333333333,0.0,21.333333333333336,86.48648648648648,0.10923076923076923,0.10923076923076923,0.18119791666666665
mvtec,cable,2,0,23,1152.0,48,48,2,150,37,4.333333333333333,0.0,21.333333333333336,86.48648648648648,0.10923076923076923,0.10923076923076923,0.21735532407407407
mvtec,cable,2,0,25,1152.0,48,48,1,150,37,4.333333333333333,0.0,22.666666666666664,91.8918918918919,0.05692307692307692,0.05692307692307692,0.13382523148148148
mvtec,cable,2,0,27,1152.0,48,48,1,150,37,4.333333333333333,0.0,22.666666666666664,91.8918918918919,0.05692307692307692,0.05692307692307692,0.15609375
mvtec,cable,2,0,29,1152.0,48,48,1,150,37,4.333333333333333,0.0,22.666666666666664,91.8918918918919,0.05692307692307692,0.05692307692307692,0.18007523148148147
mvtec,cable,2,0,31,1152.0,48,48,1,150,37,4.333333333333333,0.0,22.666666666666664,91.8918918918919,0.05692307692307692,0.05692307692307692,0.20576967592592593
mvtec,cable,2,0,33,1152.0,48,48,1,150,37,4.333333333333333,0.0,22.666666666666664,91.8918918918919,0.05692307692307692,0.05692307692307692,0.23317708333333334
mvtec,cable,2,1,5,1152.0,48,48,46,150,36,3.7333333333333334,0.0,1.3333333333333335,5.555555555555555,0.8375,0.8375,0.06785300925925926
mvtec,cable,2,1,7,1152.0,48,48,23,150,36,3.7333333333333334,0.0,4.0,16.666666666666664,0.7160714285714286,0.7160714285714286,0.11370949074074074
mvtec,cable,2,1,9,1152.0,48,48,14,150,36,3.7333333333333334,0.0,8.0,33.33333333333333,0.5732142857142857,0.5732142857142857,0.15046875
mvtec,cable,2,1,11,1152.0,48,48,9,150,36,3.7333333333333334,0.0,12.0,50.0,0.4357142857142857,0.4357142857142857,0.17085648148148147
mvtec,cable,2,1,13,1152.0,48,48,6,150,36,3.7333333333333334,0.0,14.666666666666666,61.111111111111114,0.325,0.325,0.1779976851851852
mvtec,cable,2,1,15,1152.0,48,48,5,150,36,3.7333333333333334,0.0,16.666666666666664,69.44444444444444,0.28035714285714286,0.28035714285714286,0.20442708333333334
mvtec,cable,2,1,17,1152.0,48,48,3,150,36,3.7333333333333334,0.0,19.333333333333332,80.55555555555556,0.18392857142857144,0.18392857142857144,0.17226273148148147
mvtec,cable,2,1,19,1152.0,48,48,3,150,36,3.7333333333333334,0.0,19.333333333333332,80.55555555555556,0.18392857142857144,0.18392857142857144,0.21517939814814815
mvtec,cable,2,1,21,1152.0,48,48,2,150,36,3.7333333333333334,0.0,22.0,91.66666666666666,0.125,0.125,0.17864583333333334
mvtec,cable,2,1,23,1152.0,48,48,2,150,36,3.7333333333333334,0.0,22.0,91.66666666666666,0.125,0.125,0.2142939814814815
mvtec,cable,2,1,25,1152.0,48,48,1,150,36,3.7333333333333334,0.0,22.666666666666664,94.44444444444444,0.06428571428571428,0.06428571428571428,0.13020833333333334
mvtec,cable,2,1,27,1152.0,48,48,1,150,36,3.7333333333333334,0.0,22.666666666666664,94.44444444444444,0.06428571428571428,0.06428571428571428,0.151875
mvtec,cable,2,1,29,1152.0,48,48,1,150,36,3.7333333333333334,0.0,22.666666666666664,94.44444444444444,0.06428571428571428,0.06428571428571428,0.17520833333333333
mvtec,cable,2,1,31,1152.0,48,48,1,150,36,3.7333333333333334,0.0,22.666666666666664,94.44444444444444,0.06428571428571428,0.06428571428571428,0.20020833333333332
mvtec,cable,2,1,33,1152.0,48,48,1,150,36,3.7333333333333334,0.0,22.666666666666664,94.44444444444444,0.06428571428571428,0.06428571428571428,0.226875
mvtec,cable,2,2,5,1152.0,48,48,46,150,20,1.58,0.0,0.6666666666666667,5.0,0.9409282700421941,0.9409282700421941,0.03226273148148148
mvtec,cable,2,2,7,1152.0,48,48,23,150,20,1.58,0.0,1.3333333333333335,10.0,0.8312236286919831,0.8312236286919831,0.05586226851851852
mvtec,cable,2,2,9,1152.0,48,48,14,150,20,1.58,0.0,3.3333333333333335,25.0,0.6835443037974683,0.6835443037974683,0.0759375
mvtec,cable,2,2,11,1152.0,48,48,9,150,20,1.58,0.0,4.0,30.0,0.569620253164557,0.569620253164557,0.09453125
mvtec,cable,2,2,13,1152.0,48,48,6,150,20,1.58,0.0,8.0,60.0,0.4388185654008439,0.4388185654008439,0.10171296296296296
mvtec,cable,2,2,15,1152.0,48,48,5,150,20,1.58,0.0,8.666666666666668,65.0,0.38396624472573837,0.38396624472573837,0.11848958333333333
mvtec,cable,2,2,17,1152.0,48,48,3,150,20,1.58,0.0,11.333333333333332,85.0,0.24472573839662448,0.24472573839662448,0.09700231481481482
mvtec,cable,2,2,19,1152.0,48,48,3,150,20,1.58,0.0,11.333333333333332,85.0,0.24472573839662448,0.24472573839662448,0.12116898148148147
mvtec,cable,2,2,21,1152.0,48,48,2,150,20,1.58,0.0,12.666666666666668,95.0,0.16455696202531644,0.16455696202531644,0.09953125
mvtec,cable,2,2,23,1152.0,48,48,2,150,20,1.58,0.0,12.666666666666668,95.0,0.16455696202531644,0.16455696202531644,0.11939236111111111
mvtec,cable,2,2,25,1152.0,48,48,1,150,20,1.58,0.0,12.666666666666668,95.0,0.08438818565400844,0.08438818565400844,0.07233796296296297
mvtec,cable,2,2,27,1152.0,48,48,1,150,20,1.58,0.0,12.666666666666668,95.0,0.08438818565400844,0.08438818565400844,0.084375
mvtec,cable,2,2,29,1152.0,48,48,1,150,20,1.58,0.0,12.666666666666668,95.0,0.08438818565400844,0.08438818565400844,0.09733796296296296
mvtec,cable,2,2,31,1152.0,48,48,1,150,20,1.58,0.0,12.666666666666668,95.0,0.08438818565400844,0.08438818565400844,0.11122685185185185
mvtec,cable,2,2,33,1152.0,48,48,1,150,20,1.58,0.0,12.666666666666668,95.0,0.08438818565400844,0.08438818565400844,0.12604166666666666
mvtec,cable,4,0,5,1152.0,48,48,46,150,50,4.98,0.0,2.666666666666667,8.0,0.7884872824631861,0.7884872824631861,0.08521412037037036
mvtec,cable,4,0,7,1152.0,48,48,23,150,50,4.98,0.0,3.3333333333333335,10.0,0.6532797858099063,0.6532797858099063,0.13837962962962963
mvtec,cable,4,0,9,1152.0,48,48,14,150,50,4.98,0.0,8.0,24.0,0.5461847389558233,0.5461847389558233,0.19125
mvtec,cable,4,0,11,1152.0,48,48,9,150,50,4.98,0.0,14.000000000000002,42.0,0.4243641231593039,0.4243641231593039,0.22197337962962962
mvtec,cable,4,0,13,1152.0,48,48,6,150,50,4.98,0.0,18.666666666666668,56.00000000000001,0.32396251673360105,0.32396251673360105,0.23667824074074073
mvtec,cable,4,0,15,1152.0,48,48,5,150,50,4.98,0.0,21.333333333333336,64.0,0.28112449799196787,0.28112449799196787,0.2734375
mvtec,cable,4,0,17,1152.0,48,48,3,150,50,4.98,0.0,24.666666666666668,74.0,0.18741633199464525,0.18741633199464525,0.23414351851851853
mvtec,cable,4,0,19,1152.0,48,48,3,150,50,4.98,0.0,24.666666666666668,74.0,0.18741633199464525,0.18741633199464525,0.29247685185185185
mvtec,cable,4,0,21,1152.0,48,48,2,150,50,4.98,0.0,28.666666666666668,86.0,0.12985274431057564,0.12985274431057564,0.24755208333333334
mvtec,cable,4,0,23,1152.0,48,48,2,150,50,4.98,0.0,28.666666666666668,86.0,0.12985274431057564,0.12985274431057564,0.2969502314814815
mvtec,cable,4,0,25,1152.0,48,48,1,150,50,4.98,0.0,31.333333333333336,94.0,0.06693440428380187,0.06693440428380187,0.1808449074074074
mvtec,cable,4,0,27,1152.0,48,48,1,150,50,4.98,0.0,31.333333333333336,94.0,0.06693440428380187,0.06693440428380187,0.2109375
mvtec,cable,4,0,29,1152.0,48,48,1,150,50,4.98,0.0,31.333333333333336,94.0,0.06693440428380187,0.06693440428380187,0.2433449074074074
mvtec,cable,4,0,31,1152.0,48,48,1,150,50,4.98,0.0,31.333333333333336,94.0,0.06693440428380187,0.06693440428380187,0.27806712962962965
mvtec,cable,4,0,33,1152.0,48,48,1,150,50,4.98,0.0,31.333333333333336,94.0,0.06693440428380187,0.06693440428380187,0.3151041666666667
mvtec,cable,4,1,5,1152.0,48,48,46,150,58,5.94,0.0,2.666666666666667,6.896551724137931,0.8282828282828283,0.8282828282828283,0.10677083333333333
mvtec,cable,4,1,7,1152.0,48,48,23,150,58,5.94,0.0,6.0,15.517241379310345,0.6936026936026936,0.6936026936026936,0.17524305555555555
mvtec,cable,4,1,9,1152.0,48,48,14,150,58,5.94,0.0,13.333333333333334,34.48275862068966,0.5465768799102132,0.5465768799102132,0.22828125
mvtec,cable,4,1,11,1152.0,48,48,9,150,58,5.94,0.0,19.333333333333332,50.0,0.40852974186307517,0.40852974186307517,0.2548842592592593
mvtec,cable,4,1,13,1152.0,48,48,6,150,58,5.94,0.0,22.0,56.896551724137936,0.2996632996632997,0.2996632996632997,0.26112847222222224
mvtec,cable,4,1,15,1152.0,48,48,5,150,58,5.94,0.0,23.333333333333332,60.3448275862069,0.26038159371492703,0.26038159371492703,0.3020833333333333
mvtec,cable,4,1,17,1152.0,48,48,3,150,58,5.94,0.0,28.000000000000004,72.41379310344827,0.16947250280583614,0.16947250280583614,0.25254050925925925
mvtec,cable,4,1,19,1152.0,48,48,3,150,58,5.94,0.0,28.000000000000004,72.41379310344827,0.16947250280583614,0.16947250280583614,0.3154571759259259
mvtec,cable,4,1,21,1152.0,48,48,2,150,58,5.94,0.0,29.333333333333332,75.86206896551724,0.12008978675645342,0.12008978675645342,0.27307291666666667
mvtec,cable,4,1,23,1152.0,48,48,2,150,58,5.94,0.0,29.333333333333332,75.86206896551724,0.12008978675645342,0.12008978675645342,0.3275636574074074
mvtec,cable,4,1,25,1152.0,48,48,1,150,58,5.94,0.0,32.666666666666664,84.48275862068965,0.06509539842873176,0.06509539842873176,0.2097800925925926
mvtec,cable,4,1,27,1152.0,48,48,1,150,58,5.94,0.0,32.666666666666664,84.48275862068965,0.06509539842873176,0.06509539842873176,0.2446875
mvtec,cable,4,1,29,1152.0,48,48,1,150,58,5.94,0.0,32.666666666666664,84.48275862068965,0.06509539842873176,0.06509539842873176,0.28228009259259257
mvtec,cable,4,1,31,1152.0,48,48,1,150,58,5.94,0.0,32.666666666666664,84.48275862068965,0.06509539842873176,0.06509539842873176,0.32255787037037037
mvtec,cable,4,1,33,1152.0,48,48,1,150,58,5.94,0.0,32.666666666666664,84.48275862068965,0.06509539842873176,0.06509539842873176,0.36552083333333335
mvtec,cable,4,2,5,1152.0,48,48,46,150,50,4.733333333333333,0.0,2.666666666666667,8.0,0.8211267605633803,0.8211267605633803,0.08434606481481481
mvtec,cable,4,2,7,1152.0,48,48,23,150,50,4.733333333333333,0.0,3.3333333333333335,10.0,0.6704225352112676,0.6704225352112676,0.13497685185185185
mvtec,cable,4,2,9,1152.0,48,48,14,150,50,4.733333333333333,0.0,8.666666666666668,26.0,0.5591549295774648,0.5591549295774648,0.18609375
mvtec,cable,4,2,11,1152.0,48,48,9,150,50,4.733333333333333,0.0,15.333333333333332,46.0,0.4253521126760563,0.4253521126760563,0.2114699074074074
mvtec,cable,4,2,13,1152.0,48,48,6,150,50,4.733333333333333,0.0,19.333333333333332,57.99999999999999,0.3154929577464789,0.3154929577464789,0.2190740740740741
mvtec,cable,4,2,15,1152.0,48,48,5,150,50,4.733333333333333,0.0,19.333333333333332,57.99999999999999,0.2746478873239437,0.2746478873239437,0.25390625
mvtec,cable,4,2,17,1152.0,48,48,3,150,50,4.733333333333333,0.0,21.333333333333336,64.0,0.18450704225352113,0.18450704225352113,0.21909143518518517
mvtec,cable,4,2,19,1152.0,48,48,3,150,50,4.733333333333333,0.0,21.333333333333336,64.0,0.18450704225352113,0.18450704225352113,0.2736747685185185
mvtec,cable,4,2,21,1152.0,48,48,2,150,50,4.733333333333333,0.0,26.666666666666668,80.0,0.12816901408450704,0.12816901408450704,0.23223958333333333
mvtec,cable,4,2,23,1152.0,48,48,2,150,50,4.733333333333333,0.0,26.666666666666668,80.0,0.12816901408450704,0.12816901408450704,0.27858217592592593
mvtec,cable,4,2,25,1152.0,48,48,1,150,50,4.733333333333333,0.0,27.333333333333332,82.0,0.07042253521126761,0.07042253521126761,0.1808449074074074
mvtec,cable,4,2,27,1152.0,48,48,1,150,50,4.733333333333333,0.0,27.333333333333332,82.0,0.07042253521126761,0.07042253521126761,0.2109375
mvtec,cable,4,2,29,1152.0,48,48,1,150,50,4.733333333333333,0.0,27.333333333333332,82.0,0.07042253521126761,0.07042253521126761,0.2433449074074074
mvtec,cable,4,2,31,1152.0,48,48,1,150,50,4.733333333333333,0.0,27.333333333333332,82.0,0.07042253521126761,0.07042253521126761,0.27806712962962965
mvtec,cable,4,2,33,1152.0,48,48,1,150,50,4.733333333333333,0.0,27.333333333333332,82.0,0.07042253521126761,0.07042253521126761,0.3151041666666667
mvtec,cable,8,0,5,1152.0,48,48,46,150,63,5.8133333333333335,0.0,3.3333333333333335,7.936507936507936,0.8027522935779816,0.8027522935779816,0.10127314814814815
mvtec,cable,8,0,7,1152.0,48,48,23,150,63,5.8133333333333335,0.0,3.3333333333333335,7.936507936507936,0.6708715596330275,0.6708715596330275,0.16588541666666667
mvtec,cable,8,0,9,1152.0,48,48,14,150,63,5.8133333333333335,0.0,12.0,28.57142857142857,0.555045871559633,0.555045871559633,0.226875
mvtec,cable,8,0,11,1152.0,48,48,9,150,63,5.8133333333333335,0.0,16.0,38.095238095238095,0.4231651376146789,0.4231651376146789,0.25838541666666665
mvtec,cable,8,0,13,1152.0,48,48,6,150,63,5.8133333333333335,0.0,21.333333333333336,50.79365079365079,0.31995412844036697,0.31995412844036697,0.27286458333333335
mvtec,cable,8,0,15,1152.0,48,48,5,150,63,5.8133333333333335,0.0,23.333333333333332,55.55555555555556,0.2798165137614679,0.2798165137614679,0.3177083333333333
mvtec,cable,8,0,17,1152.0,48,48,3,150,63,5.8133333333333335,0.0,28.000000000000004,66.66666666666666,0.18692660550458715,0.18692660550458715,0.2726099537037037
mvtec,cable,8,0,19,1152.0,48,48,3,150,63,5.8133333333333335,0.0,28.000000000000004,66.66666666666666,0.18692660550458715,0.18692660550458715,0.34052662037037035
mvtec,cable,8,0,21,1152.0,48,48,2,150,63,5.8133333333333335,0.0,32.0,76.19047619047619,0.13188073394495411,0.13188073394495411,0.29348958333333336
mvtec,cable,8,0,23,1152.0,48,48,2,150,63,5.8133333333333335,0.0,32.0,76.19047619047619,0.13188073394495411,0.13188073394495411,0.35205439814814815
mvtec,cable,8,0,25,1152.0,48,48,1,150,63,5.8133333333333335,0.0,34.66666666666667,82.53968253968253,0.07224770642201835,0.07224770642201835,0.22786458333333334
mvtec,cable,8,0,27,1152.0,48,48,1,150,63,5.8133333333333335,0.0,34.66666666666667,82.53968253968253,0.07224770642201835,0.07224770642201835,0.26578125
mvtec,cable,8,0,29,1152.0,48,48,1,150,63,5.8133333333333335,0.0,34.66666666666667,82.53968253968253,0.07224770642201835,0.07224770642201835,0.30661458333333336
mvtec,cable,8,0,31,1152.0,48,48,1,150,63,5.8133333333333335,0.0,34.66666666666667,82.53968253968253,0.07224770642201835,0.07224770642201835,0.3503645833333333
mvtec,cable,8,0,33,1152.0,48,48,1,150,63,5.8133333333333335,0.0,34.66666666666667,82.53968253968253,0.07224770642201835,0.07224770642201835,0.39703125
mvtec,cable,8,1,5,1152.0,48,48,46,150,35,2.486666666666667,0.0,0.6666666666666667,2.857142857142857,0.8873994638069705,0.8873994638069705,0.04788773148148148
mvtec,cable,8,1,7,1152.0,48,48,23,150,35,2.486666666666667,0.0,2.0,8.571428571428571,0.806970509383378,0.806970509383378,0.08535300925925926
mvtec,cable,8,1,9,1152.0,48,48,14,150,35,2.486666666666667,0.0,4.0,17.142857142857142,0.6890080428954424,0.6890080428954424,0.12046875
mvtec,cable,8,1,11,1152.0,48,48,9,150,35,2.486666666666667,0.0,9.333333333333334,40.0,0.5576407506702413,0.5576407506702413,0.14564814814814814
mvtec,cable,8,1,13,1152.0,48,48,6,150,35,2.486666666666667,0.0,12.0,51.42857142857142,0.4262734584450402,0.4262734584450402,0.15550347222222222
mvtec,cable,8,1,15,1152.0,48,48,5,150,35,2.486666666666667,0.0,14.666666666666666,62.857142857142854,0.3672922252010724,0.3672922252010724,0.17838541666666666
mvtec,cable,8,1,17,1152.0,48,48,3,150,35,2.486666666666667,0.0,16.0,68.57142857142857,0.24128686327077747,0.24128686327077747,0.15052083333333333
mvtec,cable,8,1,19,1152.0,48,48,3,150,35,2.486666666666667,0.0,16.0,68.57142857142857,0.24128686327077747,0.24128686327077747,0.18802083333333333
mvtec,cable,8,1,21,1152.0,48,48,2,150,35,2.486666666666667,0.0,16.666666666666664,71.42857142857143,0.1742627345844504,0.1742627345844504,0.16588541666666667
mvtec,cable,8,1,23,1152.0,48,48,2,150,35,2.486666666666667,0.0,16.666666666666664,71.42857142857143,0.1742627345844504,0.1742627345844504,0.19898726851851853
mvtec,cable,8,1,25,1152.0,48,48,1,150,35,2.486666666666667,0.0,20.0,85.71428571428571,0.0938337801608579,0.0938337801608579,0.12659143518518517
mvtec,cable,8,1,27,1152.0,48,48,1,150,35,2.486666666666667,0.0,20.0,85.71428571428571,0.0938337801608579,0.0938337801608579,0.14765625
mvtec,cable,8,1,29,1152.0,48,48,1,150,35,2.486666666666667,0.0,20.0,85.71428571428571,0.0938337801608579,0.0938337801608579,0.17034143518518519
mvtec,cable,8,1,31,1152.0,48,48,1,150,35,2.486666666666667,0.0,20.0,85.71428571428571,0.0938337801608579,0.0938337801608579,0.19464699074074074
mvtec,cable,8,1,33,1152.0,48,48,1,150,35,2.486666666666667,0.0,20.0,85.71428571428571,0.0938337801608579,0.0938337801608579,0.22057291666666667
mvtec,cable,8,2,5,1152.0,48,48,46,150,45,3.993333333333333,0.0,0.6666666666666667,2.2222222222222223,0.8430717863105175,0.8430717863105175,0.07306134259259259
mvtec,cable,8,2,7,1152.0,48,48,23,150,45,3.993333333333333,0.0,2.666666666666667,8.88888888888889,0.7228714524207012,0.7228714524207012,0.12278356481481481
mvtec,cable,8,2,9,1152.0,48,48,14,150,45,3.993333333333333,0.0,8.666666666666668,28.888888888888886,0.5943238731218697,0.5943238731218697,0.166875
mvtec,cable,8,2,11,1152.0,48,48,9,150,45,3.993333333333333,0.0,12.666666666666668,42.22222222222222,0.4674457429048414,0.4674457429048414,0.1960648148148148
mvtec,cable,8,2,13,1152.0,48,48,6,150,45,3.993333333333333,0.0,15.333333333333332,51.11111111111111,0.3606010016694491,0.3606010016694491,0.21125
mvtec,cable,8,2,15,1152.0,48,48,5,150,45,3.993333333333333,0.0,16.0,53.333333333333336,0.32053422370617696,0.32053422370617696,0.25
mvtec,cable,8,2,17,1152.0,48,48,3,150,45,3.993333333333333,0.0,23.333333333333332,77.77777777777779,0.21202003338898165,0.21202003338898165,0.21240162037037036
mvtec,cable,8,2,19,1152.0,48,48,3,150,45,3.993333333333333,0.0,23.333333333333332,77.77777777777779,0.21202003338898165,0.21202003338898165,0.265318287037037
mvtec,cable,8,2,21,1152.0,48,48,2,150,45,3.993333333333333,0.0,26.666666666666668,88.88888888888889,0.14524207011686144,0.14524207011686144,0.22203125
mvtec,cable,8,2,23,1152.0,48,48,2,150,45,3.993333333333333,0.0,26.666666666666668,88.88888888888889,0.14524207011686144,0.14524207011686144,0.26633680555555556
mvtec,cable,8,2,25,1152.0,48,48,1,150,45,3.993333333333333,0.0,28.000000000000004,93.33333333333333,0.07512520868113523,0.07512520868113523,0.16276041666666666
mvtec,cable,8,2,27,1152.0,48,48,1,150,45,3.993333333333333,0.0,28.000000000000004,93.33333333333333,0.07512520868113523,0.07512520868113523,0.18984375
mvtec,cable,8,2,29,1152.0,48,48,1,150,45,3.993333333333333,0.0,28.000000000000004,93.33333333333333,0.07512520868113523,0.07512520868113523,0.21901041666666668
mvtec,cable,8,2,31,1152.0,48,48,1,150,45,3.993333333333333,0.0,28.000000000000004,93.33333333333333,0.07512520868113523,0.07512520868113523,0.25026041666666665
mvtec,cable,8,2,33,1152.0,48,48,1,150,45,3.993333333333333,0.0,28.000000000000004,93.33333333333333,0.07512520868113523,0.07512520868113523,0.28359375
mvtec,capsule,1,0,5,1152.0,48,48,46,132,115,13.742424242424242,10.5,5.303030303030303,6.086956521739131,0.9211686879823594,0.9211686879823594,0.2747198547979798
mvtec,capsule,1,0,7,1152.0,48,48,23,132,115,13.742424242424242,10.5,15.151515151515152,17.391304347826086,0.8015435501653804,0.8015435501653804,0.4685264099326599
mvtec,capsule,1,0,9,1152.0,48,48,14,132,115,13.742424242424242,10.5,31.060606060606062,35.65217391304348,0.6521499448732084,0.6521499448732084,0.6301491477272727
mvtec,capsule,1,0,11,1152.0,48,48,9,132,115,13.742424242424242,10.5,52.27272727272727,60.0,0.4906284454244763,0.4906284454244763,0.7081886574074074
mvtec,capsule,1,0,13,1152.0,48,48,6,132,115,13.742424242424242,10.5,67.42424242424242,77.39130434782608,0.3539140022050717,0.3539140022050717,0.7135022095959596
mvtec,capsule,1,0,15,1152.0,48,48,5,132,115,13.742424242424242,10.5,69.6969696969697,80.0,0.3031973539140022,0.3031973539140022,0.8138020833333334
mvtec,capsule,1,0,17,1152.0,48,48,3,132,115,13.742424242424242,10.5,80.3030303030303,92.17391304347827,0.18798235942668137,0.18798235942668137,0.6480758101851852
mvtec,capsule,1,0,19,1152.0,48,48,3,132,115,13.742424242424242,10.5,80.3030303030303,92.17391304347827,0.18798235942668137,0.18798235942668137,0.8095341435185185
mvtec,capsule,1,0,21,1152.0,48,48,2,132,115,13.742424242424242,10.5,84.84848484848484,97.3913043478261,0.12624035281146637,0.12624035281146637,0.6641216856060606
mvtec,capsule,1,0,23,1152.0,48,48,2,132,115,13.742424242424242,10.5,84.84848484848484,97.3913043478261,0.12624035281146637,0.12624035281146637,0.7966448337542088
mvtec,capsule,1,0,25,1152.0,48,48,1,132,115,13.742424242424242,10.5,86.36363636363636,99.1304347826087,0.06339581036383682,0.06339581036383682,0.4726628261784512
mvtec,capsule,1,0,27,1152.0,48,48,1,132,115,13.742424242424242,10.5,86.36363636363636,99.1304347826087,0.06339581036383682,0.06339581036383682,0.5513139204545454
mvtec,capsule,1,0,29,1152.0,48,48,1,132,115,13.742424242424242,10.5,86.36363636363636,99.1304347826087,0.06339581036383682,0.06339581036383682,0.6360150989057239
mvtec,capsule,1,0,31,1152.0,48,48,1,132,115,13.742424242424242,10.5,86.36363636363636,99.1304347826087,0.06339581036383682,0.06339581036383682,0.7267663615319865
mvtec,capsule,1,0,33,1152.0,48,48,1,132,115,13.742424242424242,10.5,86.36363636363636,99.1304347826087,0.06339581036383682,0.06339581036383682,0.8235677083333334
mvtec,capsule,1,1,5,1152.0,48,48,46,132,120,6.015151515151516,5.0,0.0,0.0,1.0,1.0,0.13053714225589225
mvtec,capsule,1,1,7,1152.0,48,48,23,132,120,6.015151515151516,5.0,0.0,0.0,1.0,1.0,0.2558527988215488
mvtec,capsule,1,1,9,1152.0,48,48,14,132,120,6.015151515151516,5.0,6.8181818181818175,7.5,0.9571788413098237,0.9571788413098237,0.40482954545454547
mvtec,capsule,1,1,11,1152.0,48,48,9,132,120,6.015151515151516,5.0,23.484848484848484,25.833333333333336,0.836272040302267,0.836272040302267,0.5283564814814815
mvtec,capsule,1,1,13,1152.0,48,48,6,132,120,6.015151515151516,5.0,36.36363636363637,40.0,0.6750629722921915,0.6750629722921915,0.5956965488215489
mvtec,capsule,1,1,15,1152.0,48,48,5,132,120,6.015151515151516,5.0,43.93939393939394,48.333333333333336,0.6020151133501259,0.6020151133501259,0.7072679924242424
mvtec,capsule,1,1,17,1152.0,48,48,3,132,120,6.015151515151516,5.0,62.121212121212125,68.33333333333333,0.4080604534005038,0.4080604534005038,0.6157670454545454
mvtec,capsule,1,1,19,1152.0,48,48,3,132,120,6.015151515151516,5.0,62.121212121212125,68.33333333333333,0.4080604534005038,0.4080604534005038,0.7691761363636364
mvtec,capsule,1,1,21,1152.0,48,48,2,132,120,6.015151515151516,5.0,72.72727272727273,80.0,0.2871536523929471,0.2871536523929471,0.6612215909090909
mvtec,capsule,1,1,23,1152.0,48,48,2,132,120,6.015151515151516,5.0,72.72727272727273,80.0,0.2871536523929471,0.2871536523929471,0.7931660353535354
mvtec,capsule,1,1,25,1152.0,48,48,1,132,120,6.015151515151516,5.0,81.81818181818183,90.0,0.15113350125944586,0.15113350125944586,0.4932133838383838
mvtec,capsule,1,1,27,1152.0,48,48,1,132,120,6.015151515151516,5.0,81.81818181818183,90.0,0.15113350125944586,0.15113350125944586,0.5752840909090909
mvtec,capsule,1,1,29,1152.0,48,48,1,132,120,6.015151515151516,5.0,81.81818181818183,90.0,0.15113350125944586,0.15113350125944586,0.6636679292929293
mvtec,capsule,1,1,31,1152.0,48,48,1,132,120,6.015151515151516,5.0,81.81818181818183,90.0,0.15113350125944586,0.15113350125944586,0.758364898989899
mvtec,capsule,1,1,33,1152.0,48,48,1,132,120,6.015151515151516,5.0,81.81818181818183,90.0,0.15113350125944586,0.15113350125944586,0.859375
mvtec,capsule,1,2,5,1152.0,48,48,46,132,128,19.583333333333332,17.0,3.787878787878788,3.90625,0.9644100580270794,0.9644100580270794,0.40986032196969696
mvtec,capsule,1,2,7,1152.0,48,48,23,132,128,19.583333333333332,17.0,31.818181818181817,32.8125,0.8201160541586073,0.8201160541586073,0.6831334175084175
mvtec,capsule,1,2,9,1152.0,48,48,14,132,128,19.583333333333332,17.0,62.121212121212125,64.0625,0.6011605415860735,0.6011605415860735,0.8277698863636364
mvtec,capsule,1,2,11,1152.0,48,48,9,132,128,19.583333333333332,17.0,78.78787878787878,81.25,0.4123791102514507,0.4123791102514507,0.8482349537037037
mvtec,capsule,1,2,13,1152.0,48,48,6,132,128,19.583333333333332,17.0,84.84848484848484,87.5,0.28471953578336556,0.28471953578336556,0.8179713804713805
mvtec,capsule,1,2,15,1152.0,48,48,5,132,128,19.583333333333332,17.0,87.87878787878788,90.625,0.23984526112185686,0.23984526112185686,0.9173768939393939
mvtec,capsule,1,2,17,1152.0,48,48,3,132,128,19.583333333333332,17.0,92.42424242424242,95.3125,0.14661508704061896,0.14661508704061896,0.7202954019360269
mvtec,capsule,1,2,19,1152.0,48,48,3,132,128,19.583333333333332,17.0,92.42424242424242,95.3125,0.14661508704061896,0.14661508704061896,0.8997461595117845
mvtec,capsule,1,2,21,1152.0,48,48,2,132,128,19.583333333333332,17.0,93.93939393939394,96.875,0.09864603481624758,0.09864603481624758,0.7395241477272727
mvtec,capsule,1,2,23,1152.0,48,48,2,132,128,19.583333333333332,17.0,93.93939393939394,96.875,0.09864603481624758,0.09864603481624758,0.8870935921717171
mvtec,capsule,1,2,25,1152.0,48,48,1,132,128,19.583333333333332,17.0,96.21212121212122,99.21875,0.04951644100580271,0.04951644100580271,0.5260942760942761
mvtec,capsule,1,2,27,1152.0,48,48,1,132,128,19.583333333333332,17.0,96.21212121212122,99.21875,0.04951644100580271,0.04951644100580271,0.6136363636363636
mvtec,capsule,1,2,29,1152.0,48,48,1,132,128,19.583333333333332,17.0,96.21212121212122,99.21875,0.04951644100580271,0.04951644100580271,0.7079124579124579
mvtec,capsule,1,2,31,1152.0,48,48,1,132,128,19.583333333333332,17.0,96.21212121212122,99.21875,0.04951644100580271,0.04951644100580271,0.8089225589225589
mvtec,capsule,1,2,33,1152.0,48,48,1,132,128,19.583333333333332,17.0,96.21212121212122,99.21875,0.04951644100580271,0.04951644100580271,0.9166666666666666
mvtec,capsule,2,0,5,1152.0,48,48,46,132,36,0.5606060606060606,0.0,0.0,0.0,1.0,1.0,0.012165930134680135
mvtec,capsule,2,0,7,1152.0,48,48,23,132,36,0.5606060606060606,0.0,0.0,0.0,1.0,1.0,0.023845223063973065
mvtec,capsule,2,0,9,1152.0,48,48,14,132,36,0.5606060606060606,0.0,0.0,0.0,1.0,1.0,0.03941761363636364
mvtec,capsule,2,0,11,1152.0,48,48,9,132,36,0.5606060606060606,0.0,0.0,0.0,1.0,1.0,0.05888310185185185
mvtec,capsule,2,0,13,1152.0,48,48,6,132,36,0.5606060606060606,0.0,0.7575757575757576,2.7777777777777777,0.9594594594594594,0.9594594594594594,0.07890756523569023
mvtec,capsule,2,0,15,1152.0,48,48,5,132,36,0.5606060606060606,0.0,2.272727272727273,8.333333333333332,0.918918918918919,0.918918918918919,0.1006155303030303
mvtec,capsule,2,0,17,1152.0,48,48,3,132,36,0.5606060606060606,0.0,3.787878787878788,13.88888888888889,0.7972972972972973,0.7972972972972973,0.11213041877104377
mvtec,capsule,2,0,19,1152.0,48,48,3,132,36,0.5606060606060606,0.0,3.787878787878788,13.88888888888889,0.7972972972972973,0.7972972972972973,0.14006602483164984
mvtec,capsule,2,0,21,1152.0,48,48,2,132,36,0.5606060606060606,0.0,6.0606060606060606,22.22222222222222,0.6891891891891891,0.6891891891891891,0.14790482954545456
mvtec,capsule,2,0,23,1152.0,48,48,2,132,36,0.5606060606060606,0.0,6.0606060606060606,22.22222222222222,0.6891891891891891,0.6891891891891891,0.17741871843434343
mvtec,capsule,2,0,25,1152.0,48,48,1,132,36,0.5606060606060606,0.0,11.363636363636363,41.66666666666667,0.4864864864864865,0.4864864864864865,0.14796401515151514
mvtec,capsule,2,0,27,1152.0,48,48,1,132,36,0.5606060606060606,0.0,11.363636363636363,41.66666666666667,0.4864864864864865,0.4864864864864865,0.17258522727272727
mvtec,capsule,2,0,29,1152.0,48,48,1,132,36,0.5606060606060606,0.0,11.363636363636363,41.66666666666667,0.4864864864864865,0.4864864864864865,0.19910037878787878
mvtec,capsule,2,0,31,1152.0,48,48,1,132,36,0.5606060606060606,0.0,11.363636363636363,41.66666666666667,0.4864864864864865,0.4864864864864865,0.2275094696969697
mvtec,capsule,2,0,33,1152.0,48,48,1,132,36,0.5606060606060606,0.0,11.363636363636363,41.66666666666667,0.4864864864864865,0.4864864864864865,0.2578125
mvtec,capsule,2,1,5,1152.0,48,48,46,132,31,1.5151515151515151,0.0,0.0,0.0,1.0,1.0,0.032880892255892254
mvtec,capsule,2,1,7,1152.0,48,48,23,132,31,1.5151515151515151,0.0,1.5151515151515151,6.451612903225806,0.94,0.94,0.06057975589225589
mvtec,capsule,2,1,9,1152.0,48,48,14,132,31,1.5151515151515151,0.0,2.272727272727273,9.67741935483871,0.83,0.83,0.08842329545454546
mvtec,capsule,2,1,11,1152.0,48,48,9,132,31,1.5151515151515151,0.0,3.787878787878788,16.129032258064516,0.73,0.73,0.11617476851851852
mvtec,capsule,2,1,13,1152.0,48,48,6,132,31,1.5151515151515151,0.0,6.0606060606060606,25.806451612903224,0.62,0.62,0.13781039562289563
mvtec,capsule,2,1,15,1152.0,48,48,5,132,31,1.5151515151515151,0.0,7.575757575757576,32.25806451612903,0.57,0.57,0.16867897727272727
mvtec,capsule,2,1,17,1152.0,48,48,3,132,31,1.5151515151515151,0.0,13.636363636363635,58.06451612903226,0.415,0.415,0.1577427925084175
mvtec,capsule,2,1,19,1152.0,48,48,3,132,31,1.5151515151515151,0.0,13.636363636363635,58.06451612903226,0.415,0.415,0.19704203493265993
mvtec,capsule,2,1,21,1152.0,48,48,2,132,31,1.5151515151515151,0.0,18.939393939393938,80.64516129032258,0.29,0.29,0.16820549242424243
mvtec,capsule,2,1,23,1152.0,48,48,2,132,31,1.5151515151515151,0.0,18.939393939393938,80.64516129032258,0.29,0.29,0.20177030723905723
mvtec,capsule,2,1,25,1152.0,48,48,1,132,31,1.5151515151515151,0.0,20.454545454545457,87.09677419354838,0.155,0.155,0.1274134574915825
mvtec,capsule,2,1,27,1152.0,48,48,1,132,31,1.5151515151515151,0.0,20.454545454545457,87.09677419354838,0.155,0.155,0.14861505681818182
mvtec,capsule,2,1,29,1152.0,48,48,1,132,31,1.5151515151515151,0.0,20.454545454545457,87.09677419354838,0.155,0.155,0.1714475484006734
mvtec,capsule,2,1,31,1152.0,48,48,1,132,31,1.5151515151515151,0.0,20.454545454545457,87.09677419354838,0.155,0.155,0.19591093223905723
mvtec,capsule,2,1,33,1152.0,48,48,1,132,31,1.5151515151515151,0.0,20.454545454545457,87.09677419354838,0.155,0.155,0.22200520833333334
mvtec,capsule,2,2,5,1152.0,48,48,46,132,31,0.5681818181818182,0.0,0.0,0.0,1.0,1.0,0.012330334595959596
mvtec,capsule,2,2,7,1152.0,48,48,23,132,31,0.5681818181818182,0.0,0.0,0.0,1.0,1.0,0.024167455808080808
mvtec,capsule,2,2,9,1152.0,48,48,14,132,31,0.5681818181818182,0.0,0.0,0.0,1.0,1.0,0.03995028409090909
mvtec,capsule,2,2,11,1152.0,48,48,9,132,31,0.5681818181818182,0.0,0.7575757575757576,3.225806451612903,0.9866666666666667,0.9866666666666667,0.05888310185185185
mvtec,capsule,2,2,13,1152.0,48,48,6,132,31,0.5681818181818182,0.0,0.7575757575757576,3.225806451612903,0.9466666666666667,0.9466666666666667,0.07890756523569023
mvtec,capsule,2,2,15,1152.0,48,48,5,132,31,0.5681818181818182,0.0,2.272727272727273,9.67741935483871,0.9066666666666666,0.9066666666666666,0.1006155303030303
mvtec,capsule,2,2,17,1152.0,48,48,3,132,31,0.5681818181818182,0.0,5.303030303030303,22.58064516129032,0.7466666666666667,0.7466666666666667,0.10642887205387205
mvtec,capsule,2,2,19,1152.0,48,48,3,132,31,0.5681818181818182,0.0,5.303030303030303,22.58064516129032,0.7466666666666667,0.7466666666666667,0.13294402356902357
mvtec,capsule,2,2,21,1152.0,48,48,2,132,31,0.5681818181818182,0.0,6.8181818181818175,29.03225806451613,0.6266666666666667,0.6266666666666667,0.13630445075757575
mvtec,capsule,2,2,23,1152.0,48,48,2,132,31,0.5681818181818182,0.0,6.8181818181818175,29.03225806451613,0.6266666666666667,0.6266666666666667,0.16350352483164984
mvtec,capsule,2,2,25,1152.0,48,48,1,132,31,0.5681818181818182,0.0,12.121212121212121,51.61290322580645,0.41333333333333333,0.41333333333333333,0.1274134574915825
mvtec,capsule,2,2,27,1152.0,48,48,1,132,31,0.5681818181818182,0.0,12.121212121212121,51.61290322580645,0.41333333333333333,0.41333333333333333,0.14861505681818182
mvtec,capsule,2,2,29,1152.0,48,48,1,132,31,0.5681818181818182,0.0,12.121212121212121,51.61290322580645,0.41333333333333333,0.41333333333333333,0.1714475484006734
mvtec,capsule,2,2,31,1152.0,48,48,1,132,31,0.5681818181818182,0.0,12.121212121212121,51.61290322580645,0.41333333333333333,0.41333333333333333,0.19591093223905723
mvtec,capsule,2,2,33,1152.0,48,48,1,132,31,0.5681818181818182,0.0,12.121212121212121,51.61290322580645,0.41333333333333333,0.41333333333333333,0.22200520833333334
mvtec,capsule,4,0,5,1152.0,48,48,46,132,35,0.6666666666666666,0.0,0.0,0.0,1.0,1.0,0.014467592592592593
mvtec,capsule,4,0,7,1152.0,48,48,23,132,35,0.6666666666666666,0.0,0.0,0.0,1.0,1.0,0.028356481481481483
mvtec,capsule,4,0,9,1152.0,48,48,14,132,35,0.6666666666666666,0.0,0.0,0.0,1.0,1.0,0.046875
mvtec,capsule,4,0,11,1152.0,48,48,9,132,35,0.6666666666666666,0.0,0.7575757575757576,2.857142857142857,0.9431818181818182,0.9431818181818182,0.06604456018518519
mvtec,capsule,4,0,13,1152.0,48,48,6,132,35,0.6666666666666666,0.0,2.272727272727273,8.571428571428571,0.8863636363636364,0.8863636363636364,0.08668718434343434
mvtec,capsule,4,0,15,1152.0,48,48,5,132,35,0.6666666666666666,0.0,3.0303030303030303,11.428571428571429,0.8409090909090909,0.8409090909090909,0.10949337121212122
mvtec,capsule,4,0,17,1152.0,48,48,3,132,35,0.6666666666666666,0.0,5.303030303030303,20.0,0.6931818181818182,0.6931818181818182,0.11593144991582492
mvtec,capsule,4,0,19,1152.0,48,48,3,132,35,0.6666666666666666,0.0,5.303030303030303,20.0,0.6931818181818182,0.6931818181818182,0.14481402567340068
mvtec,capsule,4,0,21,1152.0,48,48,2,132,35,0.6666666666666666,0.0,8.333333333333332,31.428571428571427,0.5681818181818182,0.5681818181818182,0.14500473484848486
mvtec,capsule,4,0,23,1152.0,48,48,2,132,35,0.6666666666666666,0.0,8.333333333333332,31.428571428571427,0.5681818181818182,0.5681818181818182,0.17393992003367004
mvtec,capsule,4,0,25,1152.0,48,48,1,132,35,0.6666666666666666,0.0,11.363636363636363,42.857142857142854,0.3977272727272727,0.3977272727272727,0.14385390361952863
mvtec,capsule,4,0,27,1152.0,48,48,1,132,35,0.6666666666666666,0.0,11.363636363636363,42.857142857142854,0.3977272727272727,0.3977272727272727,0.16779119318181818
mvtec,capsule,4,0,29,1152.0,48,48,1,132,35,0.6666666666666666,0.0,11.363636363636363,42.857142857142854,0.3977272727272727,0.3977272727272727,0.19356981271043772
mvtec,capsule,4,0,31,1152.0,48,48,1,132,35,0.6666666666666666,0.0,11.363636363636363,42.857142857142854,0.3977272727272727,0.3977272727272727,0.22118976220538722
mvtec,capsule,4,0,33,1152.0,48,48,1,132,35,0.6666666666666666,0.0,11.363636363636363,42.857142857142854,0.3977272727272727,0.3977272727272727,0.2506510416666667
mvtec,capsule,4,1,5,1152.0,48,48,46,132,44,1.1515151515151516,0.0,0.0,0.0,1.0,1.0,0.024989478114478113
mvtec,capsule,4,1,7,1152.0,48,48,23,132,44,1.1515151515151516,0.0,0.7575757575757576,2.272727272727273,0.9868421052631579,0.9868421052631579,0.048334911616161616
mvtec,capsule,4,1,9,1152.0,48,48,14,132,44,1.1515151515151516,0.0,0.7575757575757576,2.272727272727273,0.9276315789473685,0.9276315789473685,0.07510653409090909
mvtec,capsule,4,1,11,1152.0,48,48,9,132,44,1.1515151515151516,0.0,2.272727272727273,6.8181818181818175,0.8618421052631579,0.8618421052631579,0.10423900462962964
mvtec,capsule,4,1,13,1152.0,48,48,6,132,44,1.1515151515151516,0.0,3.0303030303030303,9.090909090909092,0.7894736842105263,0.7894736842105263,0.13336489898989898
mvtec,capsule,4,1,15,1152.0,48,48,5,132,44,1.1515151515151516,0.0,4.545454545454546,13.636363636363635,0.75,0.75,0.16867897727272727
mvtec,capsule,4,1,17,1152.0,48,48,3,132,44,1.1515151515151516,0.0,9.848484848484848,29.545454545454547,0.6052631578947368,0.6052631578947368,0.17484743265993266
mvtec,capsule,4,1,19,1152.0,48,48,3,132,44,1.1515151515151516,0.0,9.848484848484848,29.545454545454547,0.6052631578947368,0.6052631578947368,0.2184080387205387
mvtec,capsule,4,1,21,1152.0,48,48,2,132,44,1.1515151515151516,0.0,15.151515151515152,45.45454545454545,0.47368421052631576,0.47368421052631576,0.20880681818181818
mvtec,capsule,4,1,23,1152.0,48,48,2,132,44,1.1515151515151516,0.0,15.151515151515152,45.45454545454545,0.47368421052631576,0.47368421052631576,0.25047348484848486
mvtec,capsule,4,1,25,1152.0,48,48,1,132,44,1.1515151515151516,0.0,21.21212121212121,63.63636363636363,0.2894736842105263,0.2894736842105263,0.1808449074074074
mvtec,capsule,4,1,27,1152.0,48,48,1,132,44,1.1515151515151516,0.0,21.21212121212121,63.63636363636363,0.2894736842105263,0.2894736842105263,0.2109375
mvtec,capsule,4,1,29,1152.0,48,48,1,132,44,1.1515151515151516,0.0,21.21212121212121,63.63636363636363,0.2894736842105263,0.2894736842105263,0.2433449074074074
mvtec,capsule,4,1,31,1152.0,48,48,1,132,44,1.1515151515151516,0.0,21.21212121212121,63.63636363636363,0.2894736842105263,0.2894736842105263,0.27806712962962965
mvtec,capsule,4,1,33,1152.0,48,48,1,132,44,1.1515151515151516,0.0,21.21212121212121,63.63636363636363,0.2894736842105263,0.2894736842105263,0.3151041666666667
mvtec,capsule,4,2,5,1152.0,48,48,46,132,102,6.409090909090909,4.0,0.7575757575757576,0.9803921568627451,0.9929078014184397,0.9929078014184397,0.1380997474747475
mvtec,capsule,4,2,7,1152.0,48,48,23,132,102,6.409090909090909,4.0,3.787878787878788,4.901960784313726,0.9208037825059102,0.9208037825059102,0.25101930765993263
mvtec,capsule,4,2,9,1152.0,48,48,14,132,102,6.409090909090909,4.0,9.090909090909092,11.76470588235294,0.8203309692671394,0.8203309692671394,0.36967329545454547
mvtec,capsule,4,2,11,1152.0,48,48,9,132,102,6.409090909090909,4.0,21.21212121212121,27.450980392156865,0.7044917257683215,0.7044917257683215,0.4742476851851852
mvtec,capsule,4,2,13,1152.0,48,48,6,132,102,6.409090909090909,4.0,34.84848484848485,45.09803921568628,0.5591016548463357,0.5591016548463357,0.5256799768518519
mvtec,capsule,4,2,15,1152.0,48,48,5,132,102,6.409090909090909,4.0,40.909090909090914,52.94117647058824,0.49527186761229314,0.49527186761229314,0.6199692234848485
mvtec,capsule,4,2,17,1152.0,48,48,3,132,102,6.409090909090909,4.0,54.54545454545454,70.58823529411765,0.33687943262411346,0.33687943262411346,0.5416469381313131
mvtec,capsule,4,2,19,1152.0,48,48,3,132,102,6.409090909090909,4.0,54.54545454545454,70.58823529411765,0.33687943262411346,0.33687943262411346,0.6765901199494949
mvtec,capsule,4,2,21,1152.0,48,48,2,132,102,6.409090909090909,4.0,65.15151515151516,84.31372549019608,0.23522458628841608,0.23522458628841608,0.5771188446969697
mvtec,capsule,4,2,23,1152.0,48,48,2,132,102,6.409090909090909,4.0,65.15151515151516,84.31372549019608,0.23522458628841608,0.23522458628841608,0.6922808817340067
mvtec,capsule,4,2,25,1152.0,48,48,1,132,102,6.409090909090909,4.0,73.48484848484848,95.09803921568627,0.12056737588652482,0.12056737588652482,0.41923137626262624
mvtec,capsule,4,2,27,1152.0,48,48,1,132,102,6.409090909090909,4.0,73.48484848484848,95.09803921568627,0.12056737588652482,0.12056737588652482,0.4889914772727273
mvtec,capsule,4,2,29,1152.0,48,48,1,132,102,6.409090909090909,4.0,73.48484848484848,95.09803921568627,0.12056737588652482,0.12056737588652482,0.56411773989899
mvtec,capsule,4,2,31,1152.0,48,48,1,132,102,6.409090909090909,4.0,73.48484848484848,95.09803921568627,0.12056737588652482,0.12056737588652482,0.6446101641414141
mvtec,capsule,4,2,33,1152.0,48,48,1,132,102,6.409090909090909,4.0,73.48484848484848,95.09803921568627,0.12056737588652482,0.12056737588652482,0.73046875
mvtec,capsule,8,0,5,1152.0,48,48,46,132,87,2.909090909090909,1.0,0.0,0.0,1.0,1.0,0.06313131313131314
mvtec,capsule,8,0,7,1152.0,48,48,23,132,87,2.909090909090909,1.0,0.7575757575757576,1.1494252873563218,0.9973958333333334,0.9973958333333334,0.12341514099326599
mvtec,capsule,8,0,9,1152.0,48,48,14,132,87,2.909090909090909,1.0,3.0303030303030303,4.597701149425287,0.9296875,0.9296875,0.19016335227272727
mvtec,capsule,8,0,11,1152.0,48,48,9,132,87,2.909090909090909,1.0,4.545454545454546,6.896551724137931,0.8541666666666666,0.8541666666666666,0.26099537037037035
mvtec,capsule,8,0,13,1152.0,48,48,6,132,87,2.909090909090909,1.0,12.121212121212121,18.39080459770115,0.7578125,0.7578125,0.323409880050505
mvtec,capsule,8,0,15,1152.0,48,48,5,132,87,2.909090909090909,1.0,16.666666666666664,25.287356321839084,0.7005208333333334,0.7005208333333334,0.39802320075757575
mvtec,capsule,8,0,17,1152.0,48,48,3,132,87,2.909090909090909,1.0,27.27272727272727,41.37931034482759,0.5338541666666666,0.5338541666666666,0.38960569234006737
mvtec,capsule,8,0,19,1152.0,48,48,3,132,87,2.909090909090909,1.0,27.27272727272727,41.37931034482759,0.5338541666666666,0.5338541666666666,0.4866700862794613
mvtec,capsule,8,0,21,1152.0,48,48,2,132,87,2.909090909090909,1.0,41.66666666666667,63.2183908045977,0.390625,0.390625,0.43501420454545453
mvtec,capsule,8,0,23,1152.0,48,48,2,132,87,2.909090909090909,1.0,41.66666666666667,63.2183908045977,0.390625,0.390625,0.52181976010101
mvtec,capsule,8,0,25,1152.0,48,48,1,132,87,2.909090909090909,1.0,47.72727272727273,72.41379310344827,0.2265625,0.2265625,0.3575797032828283
mvtec,capsule,8,0,27,1152.0,48,48,1,132,87,2.909090909090909,1.0,47.72727272727273,72.41379310344827,0.2265625,0.2265625,0.4170809659090909
mvtec,capsule,8,0,29,1152.0,48,48,1,132,87,2.909090909090909,1.0,47.72727272727273,72.41379310344827,0.2265625,0.2265625,0.48115924873737376
mvtec,capsule,8,0,31,1152.0,48,48,1,132,87,2.909090909090909,1.0,47.72727272727273,72.41379310344827,0.2265625,0.2265625,0.5498145517676768
mvtec,capsule,8,0,33,1152.0,48,48,1,132,87,2.909090909090909,1.0,47.72727272727273,72.41379310344827,0.2265625,0.2265625,0.623046875
mvtec,capsule,8,1,5,1152.0,48,48,46,132,85,5.015151515151516,2.5,0.7575757575757576,1.1764705882352942,0.9788519637462235,0.9788519637462235,0.10653409090909091
mvtec,capsule,8,1,7,1152.0,48,48,23,132,85,5.015151515151516,2.5,4.545454545454546,7.0588235294117645,0.8821752265861027,0.8821752265861027,0.18818392255892255
mvtec,capsule,8,1,9,1152.0,48,48,14,132,85,5.015151515151516,2.5,6.8181818181818175,10.588235294117647,0.783987915407855,0.783987915407855,0.2764559659090909
mvtec,capsule,8,1,11,1152.0,48,48,9,132,85,5.015151515151516,2.5,13.636363636363635,21.176470588235293,0.6782477341389728,0.6782477341389728,0.35727719907407407
mvtec,capsule,8,1,13,1152.0,48,48,6,132,85,5.015151515151516,2.5,25.757575757575758,40.0,0.5468277945619335,0.5468277945619335,0.4023174452861953
mvtec,capsule,8,1,15,1152.0,48,48,5,132,85,5.015151515151516,2.5,28.78787878787879,44.70588235294118,0.48942598187311176,0.48942598187311176,0.4794034090909091
mvtec,capsule,8,1,17,1152.0,48,48,3,132,85,5.015151515151516,2.5,41.66666666666667,64.70588235294117,0.3368580060422961,0.3368580060422961,0.42381497264309764
mvtec,capsule,8,1,19,1152.0,48,48,3,132,85,5.015151515151516,2.5,41.66666666666667,64.70588235294117,0.3368580060422961,0.3368580060422961,0.5294020938552189
mvtec,capsule,8,1,21,1152.0,48,48,2,132,85,5.015151515151516,2.5,50.0,77.64705882352942,0.23716012084592145,0.23716012084592145,0.45531486742424243
mvtec,capsule,8,1,23,1152.0,48,48,2,132,85,5.015151515151516,2.5,50.0,77.64705882352942,0.23716012084592145,0.23716012084592145,0.5461713489057239
mvtec,capsule,8,1,25,1152.0,48,48,1,132,85,5.015151515151516,2.5,54.54545454545454,84.70588235294117,0.1283987915407855,0.1283987915407855,0.3493594802188552
mvtec,capsule,8,1,27,1152.0,48,48,1,132,85,5.015151515151516,2.5,54.54545454545454,84.70588235294117,0.1283987915407855,0.1283987915407855,0.4074928977272727
mvtec,capsule,8,1,29,1152.0,48,48,1,132,85,5.015151515151516,2.5,54.54545454545454,84.70588235294117,0.1283987915407855,0.1283987915407855,0.47009811658249157
mvtec,capsule,8,1,31,1152.0,48,48,1,132,85,5.015151515151516,2.5,54.54545454545454,84.70588235294117,0.1283987915407855,0.1283987915407855,0.5371751367845118
mvtec,capsule,8,1,33,1152.0,48,48,1,132,85,5.015151515151516,2.5,54.54545454545454,84.70588235294117,0.1283987915407855,0.1283987915407855,0.6087239583333334
mvtec,capsule,8,2,5,1152.0,48,48,46,132,78,2.757575757575758,1.0,0.0,0.0,1.0,1.0,0.05984322390572391
mvtec,capsule,8,2,7,1152.0,48,48,23,132,78,2.757575757575758,1.0,0.7575757575757576,1.282051282051282,0.9862637362637363,0.9862637362637363,0.11568155513468013
mvtec,capsule,8,2,9,1152.0,48,48,14,132,78,2.757575757575758,1.0,3.0303030303030303,5.128205128205128,0.9093406593406593,0.9093406593406593,0.17631392045454544
mvtec,capsule,8,2,11,1152.0,48,48,9,132,78,2.757575757575758,1.0,7.575757575757576,12.82051282051282,0.8351648351648352,0.8351648351648352,0.24189814814814814
mvtec,capsule,8,2,13,1152.0,48,48,6,132,78,2.757575757575758,1.0,9.848484848484848,16.666666666666664,0.7307692307692307,0.7307692307692307,0.2956255260942761
mvtec,capsule,8,2,15,1152.0,48,48,5,132,78,2.757575757575758,1.0,13.636363636363635,23.076923076923077,0.6813186813186813,0.6813186813186813,0.36695075757575757
mvtec,capsule,8,2,17,1152.0,48,48,3,132,78,2.757575757575758,1.0,25.757575757575758,43.58974358974359,0.521978021978022,0.521978021978022,0.36109795875420875
mvtec,capsule,8,2,19,1152.0,48,48,3,132,78,2.757575757575758,1.0,25.757575757575758,43.58974358974359,0.521978021978022,0.521978021978022,0.45106007996632996
mvtec,capsule,8,2,21,1152.0,48,48,2,132,78,2.757575757575758,1.0,37.878787878787875,64.1025641025641,0.38461538461538464,0.38461538461538464,0.40601325757575757
mvtec,capsule,8,2,23,1152.0,48,48,2,132,78,2.757575757575758,1.0,37.878787878787875,64.1025641025641,0.38461538461538464,0.38461538461538464,0.4870317760942761
mvtec,capsule,8,2,25,1152.0,48,48,1,132,78,2.757575757575758,1.0,46.96969696969697,79.48717948717949,0.21428571428571427,0.21428571428571427,0.3205886994949495
mvtec,capsule,8,2,27,1152.0,48,48,1,132,78,2.757575757575758,1.0,46.96969696969697,79.48717948717949,0.21428571428571427,0.21428571428571427,0.3739346590909091
mvtec,capsule,8,2,29,1152.0,48,48,1,132,78,2.757575757575758,1.0,46.96969696969697,79.48717948717949,0.21428571428571427,0.21428571428571427,0.43138415404040403
mvtec,capsule,8,2,31,1152.0,48,48,1,132,78,2.757575757575758,1.0,46.96969696969697,79.48717948717949,0.21428571428571427,0.21428571428571427,0.49293718434343436
mvtec,capsule,8,2,33,1152.0,48,48,1,132,78,2.757575757575758,1.0,46.96969696969697,79.48717948717949,0.21428571428571427,0.21428571428571427,0.55859375
mvtec,carpet,1,0,5,1152.0,48,48,46,117,42,1.2735042735042734,0.0,0.0,0.0,1.0,1.0,0.027636811490978158
mvtec,carpet,1,0,7,1152.0,48,48,23,117,42,1.2735042735042734,0.0,0.0,0.0,1.0,1.0,0.05416815052231719
mvtec,carpet,1,0,9,1152.0,48,48,14,117,42,1.2735042735042734,0.0,0.0,0.0,1.0,1.0,0.08954326923076923
mvtec,carpet,1,0,11,1152.0,48,48,9,117,42,1.2735042735042734,0.0,0.8547008547008548,2.380952380952381,0.9798657718120806,0.9798657718120806,0.13106896961063627
mvtec,carpet,1,0,13,1152.0,48,48,6,117,42,1.2735042735042734,0.0,5.128205128205128,14.285714285714285,0.8859060402684564,0.8859060402684564,0.16550925925925927
mvtec,carpet,1,0,15,1152.0,48,48,5,117,42,1.2735042735042734,0.0,9.401709401709402,26.190476190476193,0.8120805369127517,0.8120805369127517,0.20198985042735043
mvtec,carpet,1,0,17,1152.0,48,48,3,117,42,1.2735042735042734,0.0,14.529914529914532,40.476190476190474,0.6174496644295302,0.6174496644295302,0.19726377018043684
mvtec,carpet,1,0,19,1152.0,48,48,3,117,42,1.2735042735042734,0.0,14.529914529914532,40.476190476190474,0.6174496644295302,0.6174496644295302,0.246409069325736
mvtec,carpet,1,0,21,1152.0,48,48,2,117,42,1.2735042735042734,0.0,17.094017094017094,47.61904761904761,0.48322147651006714,0.48322147651006714,0.23557692307692307
mvtec,carpet,1,0,23,1152.0,48,48,2,117,42,1.2735042735042734,0.0,17.094017094017094,47.61904761904761,0.48322147651006714,0.48322147651006714,0.2825854700854701
mvtec,carpet,1,0,25,1152.0,48,48,1,117,42,1.2735042735042734,0.0,25.64102564102564,71.42857142857143,0.28187919463087246,0.28187919463087246,0.19475605413105412
mvtec,carpet,1,0,27,1152.0,48,48,1,117,42,1.2735042735042734,0.0,25.64102564102564,71.42857142857143,0.28187919463087246,0.28187919463087246,0.22716346153846154
mvtec,carpet,1,0,29,1152.0,48,48,1,117,42,1.2735042735042734,0.0,25.64102564102564,71.42857142857143,0.28187919463087246,0.28187919463087246,0.2620637464387464
mvtec,carpet,1,0,31,1152.0,48,48,1,117,42,1.2735042735042734,0.0,25.64102564102564,71.42857142857143,0.28187919463087246,0.28187919463087246,0.29945690883190884
mvtec,carpet,1,0,33,1152.0,48,48,1,117,42,1.2735042735042734,0.0,25.64102564102564,71.42857142857143,0.28187919463087246,0.28187919463087246,0.33934294871794873
mvtec,carpet,1,1,5,1152.0,48,48,46,117,96,8.11965811965812,6.0,0.0,0.0,1.0,1.0,0.17620785849952517
mvtec,carpet,1,1,7,1152.0,48,48,23,117,96,8.11965811965812,6.0,5.982905982905983,7.291666666666667,0.9557894736842105,0.9557894736842105,0.3300985280151947
mvtec,carpet,1,1,9,1152.0,48,48,14,117,96,8.11965811965812,6.0,17.94871794871795,21.875,0.8263157894736842,0.8263157894736842,0.4717548076923077
mvtec,carpet,1,1,11,1152.0,48,48,9,117,96,8.11965811965812,6.0,30.76923076923077,37.5,0.6726315789473685,0.6726315789473685,0.5736511752136753
mvtec,carpet,1,1,13,1152.0,48,48,6,117,96,8.11965811965812,6.0,45.2991452991453,55.208333333333336,0.5221052631578947,0.5221052631578947,0.6219135802469136
mvtec,carpet,1,1,15,1152.0,48,48,5,117,96,8.11965811965812,6.0,52.991452991452995,64.58333333333334,0.4568421052631579,0.4568421052631579,0.7244925213675214
mvtec,carpet,1,1,17,1152.0,48,48,3,117,96,8.11965811965812,6.0,69.23076923076923,84.375,0.2968421052631579,0.2968421052631579,0.6046563390313391
mvtec,carpet,1,1,19,1152.0,48,48,3,117,96,8.11965811965812,6.0,69.23076923076923,84.375,0.2968421052631579,0.2968421052631579,0.7552973646723646
mvtec,carpet,1,1,21,1152.0,48,48,2,117,96,8.11965811965812,6.0,78.63247863247864,95.83333333333334,0.2,0.2,0.6216613247863247
mvtec,carpet,1,1,23,1152.0,48,48,2,117,96,8.11965811965812,6.0,78.63247863247864,95.83333333333334,0.2,0.2,0.7457116571699905
mvtec,carpet,1,1,25,1152.0,48,48,1,117,96,8.11965811965812,6.0,80.34188034188034,97.91666666666666,0.10105263157894737,0.10105263157894737,0.44515669515669515
mvtec,carpet,1,1,27,1152.0,48,48,1,117,96,8.11965811965812,6.0,80.34188034188034,97.91666666666666,0.10105263157894737,0.10105263157894737,0.5192307692307693
mvtec,carpet,1,1,29,1152.0,48,48,1,117,96,8.11965811965812,6.0,80.34188034188034,97.91666666666666,0.10105263157894737,0.10105263157894737,0.5990028490028491
mvtec,carpet,1,1,31,1152.0,48,48,1,117,96,8.11965811965812,6.0,80.34188034188034,97.91666666666666,0.10105263157894737,0.10105263157894737,0.6844729344729344
mvtec,carpet,1,1,33,1152.0,48,48,1,117,96,8.11965811965812,6.0,80.34188034188034,97.91666666666666,0.10105263157894737,0.10105263157894737,0.7756410256410257
mvtec,carpet,1,2,5,1152.0,48,48,46,117,57,1.982905982905983,0.0,0.0,0.0,1.0,1.0,0.0430318138651472
mvtec,carpet,1,2,7,1152.0,48,48,23,117,57,1.982905982905983,0.0,0.0,0.0,1.0,1.0,0.08434235517568851
mvtec,carpet,1,2,9,1152.0,48,48,14,117,57,1.982905982905983,0.0,0.0,0.0,1.0,1.0,0.13942307692307693
mvtec,carpet,1,2,11,1152.0,48,48,9,117,57,1.982905982905983,0.0,5.128205128205128,10.526315789473683,0.9525862068965517,0.9525862068965517,0.19839891975308643
mvtec,carpet,1,2,13,1152.0,48,48,6,117,57,1.982905982905983,0.0,9.401709401709402,19.298245614035086,0.8232758620689655,0.8232758620689655,0.23948688271604937
mvtec,carpet,1,2,15,1152.0,48,48,5,117,57,1.982905982905983,0.0,13.675213675213676,28.07017543859649,0.7543103448275862,0.7543103448275862,0.2921340811965812
mvtec,carpet,1,2,17,1152.0,48,48,3,117,57,1.982905982905983,0.0,20.51282051282051,42.10526315789473,0.5689655172413793,0.5689655172413793,0.2830306267806268
mvtec,carpet,1,2,19,1152.0,48,48,3,117,57,1.982905982905983,0.0,20.51282051282051,42.10526315789473,0.5689655172413793,0.5689655172413793,0.3535434472934473
mvtec,carpet,1,2,21,1152.0,48,48,2,117,57,1.982905982905983,0.0,27.350427350427353,56.14035087719298,0.43103448275862066,0.43103448275862066,0.32719017094017094
mvtec,carpet,1,2,23,1152.0,48,48,2,117,57,1.982905982905983,0.0,27.350427350427353,56.14035087719298,0.43103448275862066,0.43103448275862066,0.3924798195631529
mvtec,carpet,1,2,25,1152.0,48,48,1,117,57,1.982905982905983,0.0,36.75213675213676,75.43859649122807,0.24568965517241378,0.24568965517241378,0.26431178774928776
mvtec,carpet,1,2,27,1152.0,48,48,1,117,57,1.982905982905983,0.0,36.75213675213676,75.43859649122807,0.24568965517241378,0.24568965517241378,0.3082932692307692
mvtec,carpet,1,2,29,1152.0,48,48,1,117,57,1.982905982905983,0.0,36.75213675213676,75.43859649122807,0.24568965517241378,0.24568965517241378,0.3556579415954416
mvtec,carpet,1,2,31,1152.0,48,48,1,117,57,1.982905982905983,0.0,36.75213675213676,75.43859649122807,0.24568965517241378,0.24568965517241378,0.40640580484330485
mvtec,carpet,1,2,33,1152.0,48,48,1,117,57,1.982905982905983,0.0,36.75213675213676,75.43859649122807,0.24568965517241378,0.24568965517241378,0.460536858974359
mvtec,carpet,2,0,5,1152.0,48,48,46,117,86,5.786324786324786,4.0,0.0,0.0,1.0,1.0,0.1255712844254511
mvtec,carpet,2,0,7,1152.0,48,48,23,117,86,5.786324786324786,4.0,3.418803418803419,4.651162790697675,0.9645494830132939,0.9645494830132939,0.2373946462488129
mvtec,carpet,2,0,9,1152.0,48,48,14,117,86,5.786324786324786,4.0,11.965811965811966,16.27906976744186,0.8522895125553914,0.8522895125553914,0.3467548076923077
mvtec,carpet,2,0,11,1152.0,48,48,9,117,86,5.786324786324786,4.0,21.367521367521366,29.069767441860467,0.7045790251107829,0.7045790251107829,0.4282184829059829
mvtec,carpet,2,0,13,1152.0,48,48,6,117,86,5.786324786324786,4.0,28.205128205128204,38.372093023255815,0.568685376661743,0.568685376661743,0.48273533950617287
mvtec,carpet,2,0,15,1152.0,48,48,5,117,86,5.786324786324786,4.0,36.75213675213676,50.0,0.5051698670605613,0.5051698670605613,0.5709134615384616
mvtec,carpet,2,0,17,1152.0,48,48,3,117,86,5.786324786324786,4.0,51.28205128205128,69.76744186046511,0.3412112259970458,0.3412112259970458,0.4953035968660969
mvtec,carpet,2,0,19,1152.0,48,48,3,117,86,5.786324786324786,4.0,51.28205128205128,69.76744186046511,0.3412112259970458,0.3412112259970458,0.6187010327635327
mvtec,carpet,2,0,21,1152.0,48,48,2,117,86,5.786324786324786,4.0,58.97435897435898,80.23255813953489,0.23929098966026588,0.23929098966026588,0.5300480769230769
mvtec,carpet,2,0,23,1152.0,48,48,2,117,86,5.786324786324786,4.0,58.97435897435898,80.23255813953489,0.23929098966026588,0.23929098966026588,0.6358173076923077
mvtec,carpet,2,0,25,1152.0,48,48,1,117,86,5.786324786324786,4.0,64.95726495726495,88.37209302325581,0.12703101920236337,0.12703101920236337,0.39878620607787274
mvtec,carpet,2,0,27,1152.0,48,48,1,117,86,5.786324786324786,4.0,64.95726495726495,88.37209302325581,0.12703101920236337,0.12703101920236337,0.4651442307692308
mvtec,carpet,2,0,29,1152.0,48,48,1,117,86,5.786324786324786,4.0,64.95726495726495,88.37209302325581,0.12703101920236337,0.12703101920236337,0.5366067188983855
mvtec,carpet,2,0,31,1152.0,48,48,1,117,86,5.786324786324786,4.0,64.95726495726495,88.37209302325581,0.12703101920236337,0.12703101920236337,0.6131736704653371
mvtec,carpet,2,0,33,1152.0,48,48,1,117,86,5.786324786324786,4.0,64.95726495726495,88.37209302325581,0.12703101920236337,0.12703101920236337,0.6948450854700855
mvtec,carpet,2,1,5,1152.0,48,48,46,117,68,2.6666666666666665,1.0,0.0,0.0,1.0,1.0,0.05787037037037037
mvtec,carpet,2,1,7,1152.0,48,48,23,117,68,2.6666666666666665,1.0,0.0,0.0,1.0,1.0,0.11342592592592593
mvtec,carpet,2,1,9,1152.0,48,48,14,117,68,2.6666666666666665,1.0,2.564102564102564,4.411764705882353,0.9807692307692307,0.9807692307692307,0.18389423076923078
mvtec,carpet,2,1,11,1152.0,48,48,9,117,68,2.6666666666666665,1.0,8.547008547008547,14.705882352941178,0.8685897435897436,0.8685897435897436,0.2432855531813865
mvtec,carpet,2,1,13,1152.0,48,48,6,117,68,2.6666666666666665,1.0,11.965811965811966,20.588235294117645,0.75,0.75,0.2934027777777778
mvtec,carpet,2,1,15,1152.0,48,48,5,117,68,2.6666666666666665,1.0,17.94871794871795,30.88235294117647,0.6826923076923077,0.6826923076923077,0.35556891025641024
mvtec,carpet,2,1,17,1152.0,48,48,3,117,68,2.6666666666666665,1.0,28.205128205128204,48.529411764705884,0.4967948717948718,0.4967948717948718,0.332346569325736
mvtec,carpet,2,1,19,1152.0,48,48,3,117,68,2.6666666666666665,1.0,28.205128205128204,48.529411764705884,0.4967948717948718,0.4967948717948718,0.4151457146248813
mvtec,carpet,2,1,21,1152.0,48,48,2,117,68,2.6666666666666665,1.0,31.62393162393162,54.41176470588235,0.3782051282051282,0.3782051282051282,0.3860844017094017
mvtec,carpet,2,1,23,1152.0,48,48,2,117,68,2.6666666666666665,1.0,31.62393162393162,54.41176470588235,0.3782051282051282,0.3782051282051282,0.4631261870845204
mvtec,carpet,2,1,25,1152.0,48,48,1,117,68,2.6666666666666665,1.0,42.73504273504273,73.52941176470588,0.21794871794871795,0.21794871794871795,0.3153193257359924
mvtec,carpet,2,1,27,1152.0,48,48,1,117,68,2.6666666666666665,1.0,42.73504273504273,73.52941176470588,0.21794871794871795,0.21794871794871795,0.36778846153846156
mvtec,carpet,2,1,29,1152.0,48,48,1,117,68,2.6666666666666665,1.0,42.73504273504273,73.52941176470588,0.21794871794871795,0.21794871794871795,0.4242936847103514
mvtec,carpet,2,1,31,1152.0,48,48,1,117,68,2.6666666666666665,1.0,42.73504273504273,73.52941176470588,0.21794871794871795,0.21794871794871795,0.4848349952516619
mvtec,carpet,2,1,33,1152.0,48,48,1,117,68,2.6666666666666665,1.0,42.73504273504273,73.52941176470588,0.21794871794871795,0.21794871794871795,0.5494123931623932
mvtec,carpet,2,2,5,1152.0,48,48,46,117,52,1.4273504273504274,0.0,0.0,0.0,1.0,1.0,0.03097548670465337
mvtec,carpet,2,2,7,1152.0,48,48,23,117,52,1.4273504273504274,0.0,0.0,0.0,1.0,1.0,0.06071195394112061
mvtec,carpet,2,2,9,1152.0,48,48,14,117,52,1.4273504273504274,0.0,0.0,0.0,1.0,1.0,0.10036057692307693
mvtec,carpet,2,2,11,1152.0,48,48,9,117,52,1.4273504273504274,0.0,2.564102564102564,5.769230769230769,0.9760479041916168,0.9760479041916168,0.1463304249762583
mvtec,carpet,2,2,13,1152.0,48,48,6,117,52,1.4273504273504274,0.0,7.6923076923076925,17.307692307692307,0.8562874251497006,0.8562874251497006,0.1793016975308642
mvtec,carpet,2,2,15,1152.0,48,48,5,117,52,1.4273504273504274,0.0,8.547008547008547,19.230769230769234,0.7964071856287425,0.7964071856287425,0.2220219017094017
mvtec,carpet,2,2,17,1152.0,48,48,3,117,52,1.4273504273504274,0.0,14.529914529914532,32.69230769230769,0.6227544910179641,0.6227544910179641,0.22299382716049382
mvtec,carpet,2,2,19,1152.0,48,48,3,117,52,1.4273504273504274,0.0,14.529914529914532,32.69230769230769,0.6227544910179641,0.6227544910179641,0.2785493827160494
mvtec,carpet,2,2,21,1152.0,48,48,2,117,52,1.4273504273504274,0.0,17.94871794871795,40.38461538461539,0.49700598802395207,0.49700598802395207,0.2715678418803419
mvtec,carpet,2,2,23,1152.0,48,48,2,117,52,1.4273504273504274,0.0,17.94871794871795,40.38461538461539,0.49700598802395207,0.49700598802395207,0.3257582502374169
mvtec,carpet,2,2,25,1152.0,48,48,1,117,52,1.4273504273504274,0.0,26.495726495726498,59.61538461538461,0.31137724550898205,0.31137724550898205,0.24112654320987653
mvtec,carpet,2,2,27,1152.0,48,48,1,117,52,1.4273504273504274,0.0,26.495726495726498,59.61538461538461,0.31137724550898205,0.31137724550898205,0.28125
mvtec,carpet,2,2,29,1152.0,48,48,1,117,52,1.4273504273504274,0.0,26.495726495726498,59.61538461538461,0.31137724550898205,0.31137724550898205,0.3244598765432099
mvtec,carpet,2,2,31,1152.0,48,48,1,117,52,1.4273504273504274,0.0,26.495726495726498,59.61538461538461,0.31137724550898205,0.31137724550898205,0.3707561728395062
mvtec,carpet,2,2,33,1152.0,48,48,1,117,52,1.4273504273504274,0.0,26.495726495726498,59.61538461538461,0.31137724550898205,0.31137724550898205,0.4201388888888889
mvtec,carpet,4,0,5,1152.0,48,48,46,117,66,2.8974358974358974,1.0,0.0,0.0,1.0,1.0,0.0628783831908832
mvtec,carpet,4,0,7,1152.0,48,48,23,117,66,2.8974358974358974,1.0,0.0,0.0,1.0,1.0,0.12324163105413105
mvtec,carpet,4,0,9,1152.0,48,48,14,117,66,2.8974358974358974,1.0,1.7094017094017095,3.0303030303030303,0.9823008849557522,0.9823008849557522,0.20012019230769232
mvtec,carpet,4,0,11,1152.0,48,48,9,117,66,2.8974358974358974,1.0,9.401709401709402,16.666666666666664,0.8761061946902655,0.8761061946902655,0.2666266025641026
mvtec,carpet,4,0,13,1152.0,48,48,6,117,66,2.8974358974358974,1.0,15.384615384615385,27.27272727272727,0.7404129793510325,0.7404129793510325,0.31471836419753085
mvtec,carpet,4,0,15,1152.0,48,48,5,117,66,2.8974358974358974,1.0,21.367521367521366,37.878787878787875,0.6666666666666666,0.6666666666666666,0.37727029914529914
mvtec,carpet,4,0,17,1152.0,48,48,3,117,66,2.8974358974358974,1.0,29.914529914529915,53.03030303030303,0.4690265486725664,0.4690265486725664,0.340923254985755
mvtec,carpet,4,0,19,1152.0,48,48,3,117,66,2.8974358974358974,1.0,29.914529914529915,53.03030303030303,0.4690265486725664,0.4690265486725664,0.4258591524216524
mvtec,carpet,4,0,21,1152.0,48,48,2,117,66,2.8974358974358974,1.0,35.8974358974359,63.63636363636363,0.34513274336283184,0.34513274336283184,0.3828125
mvtec,carpet,4,0,23,1152.0,48,48,2,117,66,2.8974358974358974,1.0,35.8974358974359,63.63636363636363,0.34513274336283184,0.34513274336283184,0.4592013888888889
mvtec,carpet,4,0,25,1152.0,48,48,1,117,66,2.8974358974358974,1.0,43.58974358974359,77.27272727272727,0.19469026548672566,0.19469026548672566,0.3060452279202279
mvtec,carpet,4,0,27,1152.0,48,48,1,117,66,2.8974358974358974,1.0,43.58974358974359,77.27272727272727,0.19469026548672566,0.19469026548672566,0.35697115384615385
mvtec,carpet,4,0,29,1152.0,48,48,1,117,66,2.8974358974358974,1.0,43.58974358974359,77.27272727272727,0.19469026548672566,0.19469026548672566,0.4118144586894587
mvtec,carpet,4,0,31,1152.0,48,48,1,117,66,2.8974358974358974,1.0,43.58974358974359,77.27272727272727,0.19469026548672566,0.19469026548672566,0.4705751424501424
mvtec,carpet,4,0,33,1152.0,48,48,1,117,66,2.8974358974358974,1.0,43.58974358974359,77.27272727272727,0.19469026548672566,0.19469026548672566,0.5332532051282052
mvtec,carpet,4,1,5,1152.0,48,48,46,117,32,0.8803418803418803,0.0,0.0,0.0,1.0,1.0,0.019104641500474834
mvtec,carpet,4,1,7,1152.0,48,48,23,117,32,0.8803418803418803,0.0,0.0,0.0,1.0,1.0,0.037445097340930676
mvtec,carpet,4,1,9,1152.0,48,48,14,117,32,0.8803418803418803,0.0,0.0,0.0,1.0,1.0,0.061899038461538464
mvtec,carpet,4,1,11,1152.0,48,48,9,117,32,0.8803418803418803,0.0,0.0,0.0,1.0,1.0,0.09246646486229819
mvtec,carpet,4,1,13,1152.0,48,48,6,117,32,0.8803418803418803,0.0,3.418803418803419,12.5,0.9223300970873787,0.9223300970873787,0.11911651234567901
mvtec,carpet,4,1,15,1152.0,48,48,5,117,32,0.8803418803418803,0.0,4.273504273504273,15.625,0.8737864077669902,0.8737864077669902,0.1502403846153846
mvtec,carpet,4,1,17,1152.0,48,48,3,117,32,0.8803418803418803,0.0,11.11111111111111,40.625,0.6699029126213593,0.6699029126213593,0.14794782763532763
mvtec,carpet,4,1,19,1152.0,48,48,3,117,32,0.8803418803418803,0.0,11.11111111111111,40.625,0.6699029126213593,0.6699029126213593,0.184806801994302
mvtec,carpet,4,1,21,1152.0,48,48,2,117,32,0.8803418803418803,0.0,14.529914529914532,53.125,0.5048543689320388,0.5048543689320388,0.1701388888888889
mvtec,carpet,4,1,23,1152.0,48,48,2,117,32,0.8803418803418803,0.0,14.529914529914532,53.125,0.5048543689320388,0.5048543689320388,0.2040895061728395
mvtec,carpet,4,1,25,1152.0,48,48,1,117,32,0.8803418803418803,0.0,17.094017094017094,62.5,0.3106796116504854,0.3106796116504854,0.14838556505223172
mvtec,carpet,4,1,27,1152.0,48,48,1,117,32,0.8803418803418803,0.0,17.094017094017094,62.5,0.3106796116504854,0.3106796116504854,0.17307692307692307
mvtec,carpet,4,1,29,1152.0,48,48,1,117,32,0.8803418803418803,0.0,17.094017094017094,62.5,0.3106796116504854,0.3106796116504854,0.199667616334283
mvtec,carpet,4,1,31,1152.0,48,48,1,117,32,0.8803418803418803,0.0,17.094017094017094,62.5,0.3106796116504854,0.3106796116504854,0.2281576448243115
mvtec,carpet,4,1,33,1152.0,48,48,1,117,32,0.8803418803418803,0.0,17.094017094017094,62.5,0.3106796116504854,0.3106796116504854,0.25854700854700857
mvtec,carpet,4,2,5,1152.0,48,48,46,117,75,3.5042735042735043,1.0,0.0,0.0,1.0,1.0,0.07604760208926875
mvtec,carpet,4,2,7,1152.0,48,48,23,117,75,3.5042735042735043,1.0,0.0,0.0,1.0,1.0,0.14905330009496676
mvtec,carpet,4,2,9,1152.0,48,48,14,117,75,3.5042735042735043,1.0,5.128205128205128,8.0,0.9317073170731708,0.9317073170731708,0.22956730769230768
mvtec,carpet,4,2,11,1152.0,48,48,9,117,75,3.5042735042735043,1.0,11.965811965811966,18.666666666666668,0.7829268292682927,0.7829268292682927,0.28817218660968663
mvtec,carpet,4,2,13,1152.0,48,48,6,117,75,3.5042735042735043,1.0,16.23931623931624,25.333333333333336,0.6609756097560976,0.6609756097560976,0.33979552469135804
mvtec,carpet,4,2,15,1152.0,48,48,5,117,75,3.5042735042735043,1.0,21.367521367521366,33.33333333333333,0.6,0.6,0.41065705128205127
mvtec,carpet,4,2,17,1152.0,48,48,3,117,75,3.5042735042735043,1.0,32.47863247863248,50.66666666666667,0.424390243902439,0.424390243902439,0.3730858262108262
mvtec,carpet,4,2,19,1152.0,48,48,3,117,75,3.5042735042735043,1.0,32.47863247863248,50.66666666666667,0.424390243902439,0.424390243902439,0.46603454415954415
mvtec,carpet,4,2,21,1152.0,48,48,2,117,75,3.5042735042735043,1.0,38.46153846153847,60.0,0.3146341463414634,0.3146341463414634,0.42207532051282054
mvtec,carpet,4,2,23,1152.0,48,48,2,117,75,3.5042735042735043,1.0,38.46153846153847,60.0,0.3146341463414634,0.3146341463414634,0.5062989672364673
mvtec,carpet,4,2,25,1152.0,48,48,1,117,75,3.5042735042735043,1.0,46.15384615384615,72.0,0.18292682926829268,0.18292682926829268,0.3477786680911681
mvtec,carpet,4,2,27,1152.0,48,48,1,117,75,3.5042735042735043,1.0,46.15384615384615,72.0,0.18292682926829268,0.18292682926829268,0.40564903846153844
mvtec,carpet,4,2,29,1152.0,48,48,1,117,75,3.5042735042735043,1.0,46.15384615384615,72.0,0.18292682926829268,0.18292682926829268,0.4679709757834758
mvtec,carpet,4,2,31,1152.0,48,48,1,117,75,3.5042735042735043,1.0,46.15384615384615,72.0,0.18292682926829268,0.18292682926829268,0.53474448005698
mvtec,carpet,4,2,33,1152.0,48,48,1,117,75,3.5042735042735043,1.0,46.15384615384615,72.0,0.18292682926829268,0.18292682926829268,0.6059695512820513
mvtec,carpet,8,0,5,1152.0,48,48,46,117,80,4.213675213675214,2.0,0.0,0.0,1.0,1.0,0.0914426044634378
mvtec,carpet,8,0,7,1152.0,48,48,23,117,80,4.213675213675214,2.0,2.564102564102564,3.75,0.9898580121703854,0.9898580121703854,0.17740978157644824
mvtec,carpet,8,0,9,1152.0,48,48,14,117,80,4.213675213675214,2.0,6.837606837606838,10.0,0.9066937119675457,0.9066937119675457,0.2686298076923077
mvtec,carpet,8,0,11,1152.0,48,48,9,117,80,4.213675213675214,2.0,14.529914529914532,21.25,0.7748478701825557,0.7748478701825557,0.3429338793922127
mvtec,carpet,8,0,13,1152.0,48,48,6,117,80,4.213675213675214,2.0,23.076923076923077,33.75,0.6389452332657201,0.6389452332657201,0.3949652777777778
mvtec,carpet,8,0,15,1152.0,48,48,5,117,80,4.213675213675214,2.0,27.350427350427353,40.0,0.5740365111561866,0.5740365111561866,0.47242254273504275
mvtec,carpet,8,0,17,1152.0,48,48,3,117,80,4.213675213675214,2.0,38.46153846153847,56.25,0.4077079107505071,0.4077079107505071,0.4309784544159544
mvtec,carpet,8,0,19,1152.0,48,48,3,117,80,4.213675213675214,2.0,38.46153846153847,56.25,0.4077079107505071,0.4077079107505071,0.5383502492877493
mvtec,carpet,8,0,21,1152.0,48,48,2,117,80,4.213675213675214,2.0,47.863247863247864,70.0,0.29411764705882354,0.29411764705882354,0.47442574786324787
mvtec,carpet,8,0,23,1152.0,48,48,2,117,80,4.213675213675214,2.0,47.863247863247864,70.0,0.29411764705882354,0.29411764705882354,0.5690957383665717
mvtec,carpet,8,0,25,1152.0,48,48,1,117,80,4.213675213675214,2.0,55.55555555555556,81.25,0.16227180527383367,0.16227180527383367,0.3709639126305793
mvtec,carpet,8,0,27,1152.0,48,48,1,117,80,4.213675213675214,2.0,55.55555555555556,81.25,0.16227180527383367,0.16227180527383367,0.4326923076923077
mvtec,carpet,8,0,29,1152.0,48,48,1,117,80,4.213675213675214,2.0,55.55555555555556,81.25,0.16227180527383367,0.16227180527383367,0.4991690408357075
mvtec,carpet,8,0,31,1152.0,48,48,1,117,80,4.213675213675214,2.0,55.55555555555556,81.25,0.16227180527383367,0.16227180527383367,0.5703941120607787
mvtec,carpet,8,0,33,1152.0,48,48,1,117,80,4.213675213675214,2.0,55.55555555555556,81.25,0.16227180527383367,0.16227180527383367,0.6463675213675214
mvtec,carpet,8,1,5,1152.0,48,48,46,117,42,1.1538461538461537,0.0,0.0,0.0,1.0,1.0,0.025040064102564104
mvtec,carpet,8,1,7,1152.0,48,48,23,117,42,1.1538461538461537,0.0,0.0,0.0,1.0,1.0,0.04907852564102564
mvtec,carpet,8,1,9,1152.0,48,48,14,117,42,1.1538461538461537,0.0,0.0,0.0,1.0,1.0,0.0811298076923077
mvtec,carpet,8,1,11,1152.0,48,48,9,117,42,1.1538461538461537,0.0,1.7094017094017095,4.761904761904762,0.9555555555555556,0.9555555555555556,0.11580751424501425
mvtec,carpet,8,1,13,1152.0,48,48,6,117,42,1.1538461538461537,0.0,4.273504273504273,11.904761904761903,0.8814814814814815,0.8814814814814815,0.1492091049382716
mvtec,carpet,8,1,15,1152.0,48,48,5,117,42,1.1538461538461537,0.0,7.6923076923076925,21.428571428571427,0.8148148148148148,0.8148148148148148,0.18362713675213677
mvtec,carpet,8,1,17,1152.0,48,48,3,117,42,1.1538461538461537,0.0,11.11111111111111,30.952380952380953,0.6296296296296297,0.6296296296296297,0.18225457027540362
mvtec,carpet,8,1,19,1152.0,48,48,3,117,42,1.1538461538461537,0.0,11.11111111111111,30.952380952380953,0.6296296296296297,0.6296296296296297,0.2276605531813865
mvtec,carpet,8,1,21,1152.0,48,48,2,117,42,1.1538461538461537,0.0,15.384615384615385,42.857142857142854,0.4962962962962963,0.4962962962962963,0.21921741452991453
mvtec,carpet,8,1,23,1152.0,48,48,2,117,42,1.1538461538461537,0.0,15.384615384615385,42.857142857142854,0.4962962962962963,0.4962962962962963,0.26296147910731243
mvtec,carpet,8,1,25,1152.0,48,48,1,117,42,1.1538461538461537,0.0,21.367521367521366,59.523809523809526,0.3111111111111111,0.3111111111111111,0.19475605413105412
mvtec,carpet,8,1,27,1152.0,48,48,1,117,42,1.1538461538461537,0.0,21.367521367521366,59.523809523809526,0.3111111111111111,0.3111111111111111,0.22716346153846154
mvtec,carpet,8,1,29,1152.0,48,48,1,117,42,1.1538461538461537,0.0,21.367521367521366,59.523809523809526,0.3111111111111111,0.3111111111111111,0.2620637464387464
mvtec,carpet,8,1,31,1152.0,48,48,1,117,42,1.1538461538461537,0.0,21.367521367521366,59.523809523809526,0.3111111111111111,0.3111111111111111,0.29945690883190884
mvtec,carpet,8,1,33,1152.0,48,48,1,117,42,1.1538461538461537,0.0,21.367521367521366,59.523809523809526,0.3111111111111111,0.3111111111111111,0.33934294871794873
mvtec,carpet,8,2,5,1152.0,48,48,46,117,66,2.111111111111111,1.0,0.0,0.0,1.0,1.0,0.045814043209876545
mvtec,carpet,8,2,7,1152.0,48,48,23,117,66,2.111111111111111,1.0,0.0,0.0,1.0,1.0,0.08979552469135803
mvtec,carpet,8,2,9,1152.0,48,48,14,117,66,2.111111111111111,1.0,0.0,0.0,1.0,1.0,0.1484375
mvtec,carpet,8,2,11,1152.0,48,48,9,117,66,2.111111111111111,1.0,4.273504273504273,7.575757575757576,0.9392712550607287,0.9392712550607287,0.20827397910731243
mvtec,carpet,8,2,13,1152.0,48,48,6,117,66,2.111111111111111,1.0,10.256410256410255,18.181818181818183,0.8299595141700404,0.8299595141700404,0.2570408950617284
mvtec,carpet,8,2,15,1152.0,48,48,5,117,66,2.111111111111111,1.0,10.256410256410255,18.181818181818183,0.7813765182186235,0.7813765182186235,0.3221821581196581
mvtec,carpet,8,2,17,1152.0,48,48,3,117,66,2.111111111111111,1.0,24.786324786324787,43.93939393939394,0.5951417004048583,0.5951417004048583,0.315193198005698
mvtec,carpet,8,2,19,1152.0,48,48,3,117,66,2.111111111111111,1.0,24.786324786324787,43.93939393939394,0.5951417004048583,0.5951417004048583,0.39371883903133903
mvtec,carpet,8,2,21,1152.0,48,48,2,117,66,2.111111111111111,1.0,28.205128205128204,50.0,0.46153846153846156,0.46153846153846156,0.3729967948717949
mvtec,carpet,8,2,23,1152.0,48,48,2,117,66,2.111111111111111,1.0,28.205128205128204,50.0,0.46153846153846156,0.46153846153846156,0.4474269943019943
mvtec,carpet,8,2,25,1152.0,48,48,1,117,66,2.111111111111111,1.0,41.02564102564102,72.72727272727273,0.26720647773279355,0.26720647773279355,0.3060452279202279
mvtec,carpet,8,2,27,1152.0,48,48,1,117,66,2.111111111111111,1.0,41.02564102564102,72.72727272727273,0.26720647773279355,0.26720647773279355,0.35697115384615385
mvtec,carpet,8,2,29,1152.0,48,48,1,117,66,2.111111111111111,1.0,41.02564102564102,72.72727272727273,0.26720647773279355,0.26720647773279355,0.4118144586894587
mvtec,carpet,8,2,31,1152.0,48,48,1,117,66,2.111111111111111,1.0,41.02564102564102,72.72727272727273,0.26720647773279355,0.26720647773279355,0.4705751424501424
mvtec,carpet,8,2,33,1152.0,48,48,1,117,66,2.111111111111111,1.0,41.02564102564102,72.72727272727273,0.26720647773279355,0.26720647773279355,0.5332532051282052
mvtec,grid,1,0,5,1152.0,48,48,46,78,0,0.0,0.0,0.0,0.0,0.0,0.0,0.0
mvtec,grid,1,0,7,1152.0,48,48,23,78,0,0.0,0.0,0.0,0.0,0.0,0.0,0.0
mvtec,grid,1,0,9,1152.0,48,48,14,78,0,0.0,0.0,0.0,0.0,0.0,0.0,0.0
mvtec,grid,1,0,11,1152.0,48,48,9,78,0,0.0,0.0,0.0,0.0,0.0,0.0,0.0
mvtec,grid,1,0,13,1152.0,48,48,6,78,0,0.0,0.0,0.0,0.0,0.0,0.0,0.0
mvtec,grid,1,0,15,1152.0,48,48,5,78,0,0.0,0.0,0.0,0.0,0.0,0.0,0.0
mvtec,grid,1,0,17,1152.0,48,48,3,78,0,0.0,0.0,0.0,0.0,0.0,0.0,0.0
mvtec,grid,1,0,19,1152.0,48,48,3,78,0,0.0,0.0,0.0,0.0,0.0,0.0,0.0
mvtec,grid,1,0,21,1152.0,48,48,2,78,0,0.0,0.0,0.0,0.0,0.0,0.0,0.0
mvtec,grid,1,0,23,1152.0,48,48,2,78,0,0.0,0.0,0.0,0.0,0.0,0.0,0.0
mvtec,grid,1,0,25,1152.0,48,48,1,78,0,0.0,0.0,0.0,0.0,0.0,0.0,0.0
mvtec,grid,1,0,27,1152.0,48,48,1,78,0,0.0,0.0,0.0,0.0,0.0,0.0,0.0
mvtec,grid,1,0,29,1152.0,48,48,1,78,0,0.0,0.0,0.0,0.0,0.0,0.0,0.0
mvtec,grid,1,0,31,1152.0,48,48,1,78,0,0.0,0.0,0.0,0.0,0.0,0.0,0.0
mvtec,grid,1,0,33,1152.0,48,48,1,78,0,0.0,0.0,0.0,0.0,0.0,0.0,0.0
mvtec,grid,1,1,5,1152.0,48,48,46,78,4,0.10256410256410256,0.0,0.0,0.0,1.0,1.0,0.002225783475783476
mvtec,grid,1,1,7,1152.0,48,48,23,78,4,0.10256410256410256,0.0,0.0,0.0,1.0,1.0,0.004362535612535612
mvtec,grid,1,1,9,1152.0,48,48,14,78,4,0.10256410256410256,0.0,0.0,0.0,1.0,1.0,0.007211538461538462
mvtec,grid,1,1,11,1152.0,48,48,9,78,4,0.10256410256410256,0.0,0.0,0.0,1.0,1.0,0.010772792022792023
mvtec,grid,1,1,13,1152.0,48,48,6,78,4,0.10256410256410256,0.0,0.0,0.0,1.0,1.0,0.015046296296296295
mvtec,grid,1,1,15,1152.0,48,48,5,78,4,0.10256410256410256,0.0,0.0,0.0,1.0,1.0,0.020032051282051284
mvtec,grid,1,1,17,1152.0,48,48,3,78,4,0.10256410256410256,0.0,0.0,0.0,1.0,1.0,0.02573005698005698
mvtec,grid,1,1,19,1152.0,48,48,3,78,4,0.10256410256410256,0.0,0.0,0.0,1.0,1.0,0.03214031339031339
mvtec,grid,1,1,21,1152.0,48,48,2,78,4,0.10256410256410256,0.0,2.564102564102564,50.0,0.75,0.75,0.029447115384615384
mvtec,grid,1,1,23,1152.0,48,48,2,78,4,0.10256410256410256,0.0,2.564102564102564,50.0,0.75,0.75,0.03532318376068376
mvtec,grid,1,1,25,1152.0,48,48,1,78,4,0.10256410256410256,0.0,2.564102564102564,50.0,0.5,0.5,0.027822293447293447
mvtec,grid,1,1,27,1152.0,48,48,1,78,4,0.10256410256410256,0.0,2.564102564102564,50.0,0.5,0.5,0.03245192307692308
mvtec,grid,1,1,29,1152.0,48,48,1,78,4,0.10256410256410256,0.0,2.564102564102564,50.0,0.5,0.5,0.037437678062678066
mvtec,grid,1,1,31,1152.0,48,48,1,78,4,0.10256410256410256,0.0,2.564102564102564,50.0,0.5,0.5,0.0427795584045584
mvtec,grid,1,1,33,1152.0,48,48,1,78,4,0.10256410256410256,0.0,2.564102564102564,50.0,0.5,0.5,0.048477564102564104
mvtec,grid,1,2,5,1152.0,48,48,46,78,0,0.0,0.0,0.0,0.0,0.0,0.0,0.0
mvtec,grid,1,2,7,1152.0,48,48,23,78,0,0.0,0.0,0.0,0.0,0.0,0.0,0.0
mvtec,grid,1,2,9,1152.0,48,48,14,78,0,0.0,0.0,0.0,0.0,0.0,0.0,0.0
mvtec,grid,1,2,11,1152.0,48,48,9,78,0,0.0,0.0,0.0,0.0,0.0,0.0,0.0
mvtec,grid,1,2,13,1152.0,48,48,6,78,0,0.0,0.0,0.0,0.0,0.0,0.0,0.0
mvtec,grid,1,2,15,1152.0,48,48,5,78,0,0.0,0.0,0.0,0.0,0.0,0.0,0.0
mvtec,grid,1,2,17,1152.0,48,48,3,78,0,0.0,0.0,0.0,0.0,0.0,0.0,0.0
mvtec,grid,1,2,19,1152.0,48,48,3,78,0,0.0,0.0,0.0,0.0,0.0,0.0,0.0
mvtec,grid,1,2,21,1152.0,48,48,2,78,0,0.0,0.0,0.0,0.0,0.0,0.0,0.0
mvtec,grid,1,2,23,1152.0,48,48,2,78,0,0.0,0.0,0.0,0.0,0.0,0.0,0.0
mvtec,grid,1,2,25,1152.0,48,48,1,78,0,0.0,0.0,0.0,0.0,0.0,0.0,0.0
mvtec,grid,1,2,27,1152.0,48,48,1,78,0,0.0,0.0,0.0,0.0,0.0,0.0,0.0
mvtec,grid,1,2,29,1152.0,48,48,1,78,0,0.0,0.0,0.0,0.0,0.0,0.0,0.0
mvtec,grid,1,2,31,1152.0,48,48,1,78,0,0.0,0.0,0.0,0.0,0.0,0.0,0.0
mvtec,grid,1,2,33,1152.0,48,48,1,78,0,0.0,0.0,0.0,0.0,0.0,0.0,0.0
mvtec,grid,2,0,5,1152.0,48,48,46,78,49,3.08974358974359,2.0,0.0,0.0,1.0,1.0,0.06705172720797721
mvtec,grid,2,0,7,1152.0,48,48,23,78,49,3.08974358974359,2.0,0.0,0.0,1.0,1.0,0.13142138532763534
mvtec,grid,2,0,9,1152.0,48,48,14,78,49,3.08974358974359,2.0,2.564102564102564,4.081632653061225,0.970954356846473,0.970954356846473,0.2109375
mvtec,grid,2,0,11,1152.0,48,48,9,78,49,3.08974358974359,2.0,6.41025641025641,10.204081632653061,0.9087136929460581,0.9087136929460581,0.29490518162393164
mvtec,grid,2,0,13,1152.0,48,48,6,78,49,3.08974358974359,2.0,20.51282051282051,32.6530612244898,0.7510373443983402,0.7510373443983402,0.3404224537037037
mvtec,grid,2,0,15,1152.0,48,48,5,78,49,3.08974358974359,2.0,23.076923076923077,36.734693877551024,0.6763485477178424,0.6763485477178424,0.4081530448717949
mvtec,grid,2,0,17,1152.0,48,48,3,78,49,3.08974358974359,2.0,30.76923076923077,48.97959183673469,0.4896265560165975,0.4896265560165975,0.37951834045584043
mvtec,grid,2,0,19,1152.0,48,48,3,78,49,3.08974358974359,2.0,30.76923076923077,48.97959183673469,0.4896265560165975,0.4896265560165975,0.47406962250712253
mvtec,grid,2,0,21,1152.0,48,48,2,78,49,3.08974358974359,2.0,37.17948717948718,59.183673469387756,0.36929460580912865,0.36929460580912865,0.4367988782051282
mvtec,grid,2,0,23,1152.0,48,48,2,78,49,3.08974358974359,2.0,37.17948717948718,59.183673469387756,0.36929460580912865,0.36929460580912865,0.5239605591168092
mvtec,grid,2,0,25,1152.0,48,48,1,78,49,3.08974358974359,2.0,51.28205128205128,81.63265306122449,0.2033195020746888,0.2033195020746888,0.34082309472934474
mvtec,grid,2,0,27,1152.0,48,48,1,78,49,3.08974358974359,2.0,51.28205128205128,81.63265306122449,0.2033195020746888,0.2033195020746888,0.3975360576923077
mvtec,grid,2,0,29,1152.0,48,48,1,78,49,3.08974358974359,2.0,51.28205128205128,81.63265306122449,0.2033195020746888,0.2033195020746888,0.45861155626780625
mvtec,grid,2,0,31,1152.0,48,48,1,78,49,3.08974358974359,2.0,51.28205128205128,81.63265306122449,0.2033195020746888,0.2033195020746888,0.5240495904558404
mvtec,grid,2,0,33,1152.0,48,48,1,78,49,3.08974358974359,2.0,51.28205128205128,81.63265306122449,0.2033195020746888,0.2033195020746888,0.5938501602564102
mvtec,grid,2,1,5,1152.0,48,48,46,78,23,0.5641025641025641,0.0,0.0,0.0,1.0,1.0,0.012241809116809117
mvtec,grid,2,1,7,1152.0,48,48,23,78,23,0.5641025641025641,0.0,0.0,0.0,1.0,1.0,0.02399394586894587
mvtec,grid,2,1,9,1152.0,48,48,14,78,23,0.5641025641025641,0.0,0.0,0.0,1.0,1.0,0.039663461538461536
mvtec,grid,2,1,11,1152.0,48,48,9,78,23,0.5641025641025641,0.0,0.0,0.0,1.0,1.0,0.059250356125356125
mvtec,grid,2,1,13,1152.0,48,48,6,78,23,0.5641025641025641,0.0,0.0,0.0,1.0,1.0,0.08275462962962964
mvtec,grid,2,1,15,1152.0,48,48,5,78,23,0.5641025641025641,0.0,0.0,0.0,1.0,1.0,0.11017628205128205
mvtec,grid,2,1,17,1152.0,48,48,3,78,23,0.5641025641025641,0.0,2.564102564102564,8.695652173913043,0.9318181818181818,0.9318181818181818,0.13186654202279202
mvtec,grid,2,1,19,1152.0,48,48,3,78,23,0.5641025641025641,0.0,2.564102564102564,8.695652173913043,0.9318181818181818,0.9318181818181818,0.16471910612535612
mvtec,grid,2,1,21,1152.0,48,48,2,78,23,0.5641025641025641,0.0,7.6923076923076925,26.08695652173913,0.7954545454545454,0.7954545454545454,0.17177483974358973
mvtec,grid,2,1,23,1152.0,48,48,2,78,23,0.5641025641025641,0.0,7.6923076923076925,26.08695652173913,0.7954545454545454,0.7954545454545454,0.20605190527065528
mvtec,grid,2,1,25,1152.0,48,48,1,78,23,0.5641025641025641,0.0,15.384615384615385,52.17391304347826,0.5227272727272727,0.5227272727272727,0.15997818732193733
mvtec,grid,2,1,27,1152.0,48,48,1,78,23,0.5641025641025641,0.0,15.384615384615385,52.17391304347826,0.5227272727272727,0.5227272727272727,0.18659855769230768
mvtec,grid,2,1,29,1152.0,48,48,1,78,23,0.5641025641025641,0.0,15.384615384615385,52.17391304347826,0.5227272727272727,0.5227272727272727,0.21526664886039887
mvtec,grid,2,1,31,1152.0,48,48,1,78,23,0.5641025641025641,0.0,15.384615384615385,52.17391304347826,0.5227272727272727,0.5227272727272727,0.24598246082621084
mvtec,grid,2,1,33,1152.0,48,48,1,78,23,0.5641025641025641,0.0,15.384615384615385,52.17391304347826,0.5227272727272727,0.5227272727272727,0.2787459935897436
mvtec,grid,2,2,5,1152.0,48,48,46,78,53,4.333333333333333,3.0,0.0,0.0,1.0,1.0,0.09403935185185185
mvtec,grid,2,2,7,1152.0,48,48,23,78,53,4.333333333333333,3.0,0.0,0.0,1.0,1.0,0.18431712962962962
mvtec,grid,2,2,9,1152.0,48,48,14,78,53,4.333333333333333,3.0,3.8461538461538463,5.660377358490567,0.9556213017751479,0.9556213017751479,0.29116586538461536
mvtec,grid,2,2,11,1152.0,48,48,9,78,53,4.333333333333333,3.0,14.102564102564102,20.754716981132077,0.8402366863905325,0.8402366863905325,0.3824341168091168
mvtec,grid,2,2,13,1152.0,48,48,6,78,53,4.333333333333333,3.0,25.64102564102564,37.735849056603776,0.6863905325443787,0.6863905325443787,0.4363425925925926
mvtec,grid,2,2,15,1152.0,48,48,5,78,53,4.333333333333333,3.0,30.76923076923077,45.28301886792453,0.6153846153846154,0.6153846153846154,0.5208333333333334
mvtec,grid,2,2,17,1152.0,48,48,3,78,53,4.333333333333333,3.0,44.871794871794876,66.0377358490566,0.4349112426035503,0.4349112426035503,0.472789797008547
mvtec,grid,2,2,19,1152.0,48,48,3,78,53,4.333333333333333,3.0,44.871794871794876,66.0377358490566,0.4349112426035503,0.4349112426035503,0.5905782585470085
mvtec,grid,2,2,21,1152.0,48,48,2,78,53,4.333333333333333,3.0,56.41025641025641,83.01886792452831,0.3047337278106509,0.3047337278106509,0.5055088141025641
mvtec,grid,2,2,23,1152.0,48,48,2,78,53,4.333333333333333,3.0,56.41025641025641,83.01886792452831,0.3047337278106509,0.3047337278106509,0.6063813212250713
mvtec,grid,2,2,25,1152.0,48,48,1,78,53,4.333333333333333,3.0,64.1025641025641,94.33962264150944,0.15680473372781065,0.15680473372781065,0.36864538817663817
mvtec,grid,2,2,27,1152.0,48,48,1,78,53,4.333333333333333,3.0,64.1025641025641,94.33962264150944,0.15680473372781065,0.15680473372781065,0.4299879807692308
mvtec,grid,2,2,29,1152.0,48,48,1,78,53,4.333333333333333,3.0,64.1025641025641,94.33962264150944,0.15680473372781065,0.15680473372781065,0.4960492343304843
mvtec,grid,2,2,31,1152.0,48,48,1,78,53,4.333333333333333,3.0,64.1025641025641,94.33962264150944,0.15680473372781065,0.15680473372781065,0.5668291488603988
mvtec,grid,2,2,33,1152.0,48,48,1,78,53,4.333333333333333,3.0,64.1025641025641,94.33962264150944,0.15680473372781065,0.15680473372781065,0.6423277243589743
mvtec,grid,4,0,5,1152.0,48,48,46,78,20,0.47435897435897434,0.0,0.0,0.0,1.0,1.0,0.010294248575498575
mvtec,grid,4,0,7,1152.0,48,48,23,78,20,0.47435897435897434,0.0,0.0,0.0,1.0,1.0,0.020176727207977207
mvtec,grid,4,0,9,1152.0,48,48,14,78,20,0.47435897435897434,0.0,0.0,0.0,1.0,1.0,0.033353365384615384
mvtec,grid,4,0,11,1152.0,48,48,9,78,20,0.47435897435897434,0.0,0.0,0.0,1.0,1.0,0.049824163105413107
mvtec,grid,4,0,13,1152.0,48,48,6,78,20,0.47435897435897434,0.0,0.0,0.0,1.0,1.0,0.06958912037037036
mvtec,grid,4,0,15,1152.0,48,48,5,78,20,0.47435897435897434,0.0,0.0,0.0,1.0,1.0,0.09264823717948718
mvtec,grid,4,0,17,1152.0,48,48,3,78,20,0.47435897435897434,0.0,2.564102564102564,10.0,0.918918918918919,0.918918918918919,0.10935274216524217
mvtec,grid,4,0,19,1152.0,48,48,3,78,20,0.47435897435897434,0.0,2.564102564102564,10.0,0.918918918918919,0.918918918918919,0.13659633190883191
mvtec,grid,4,0,21,1152.0,48,48,2,78,20,0.47435897435897434,0.0,6.41025641025641,25.0,0.7837837837837838,0.7837837837837838,0.14232772435897437
mvtec,grid,4,0,23,1152.0,48,48,2,78,20,0.47435897435897434,0.0,6.41025641025641,25.0,0.7837837837837838,0.7837837837837838,0.1707287215099715
mvtec,grid,4,0,25,1152.0,48,48,1,78,20,0.47435897435897434,0.0,11.538461538461538,45.0,0.5405405405405406,0.5405405405405406,0.13911146723646722
mvtec,grid,4,0,27,1152.0,48,48,1,78,20,0.47435897435897434,0.0,11.538461538461538,45.0,0.5405405405405406,0.5405405405405406,0.1622596153846154
mvtec,grid,4,0,29,1152.0,48,48,1,78,20,0.47435897435897434,0.0,11.538461538461538,45.0,0.5405405405405406,0.5405405405405406,0.18718839031339032
mvtec,grid,4,0,31,1152.0,48,48,1,78,20,0.47435897435897434,0.0,11.538461538461538,45.0,0.5405405405405406,0.5405405405405406,0.21389779202279202
mvtec,grid,4,0,33,1152.0,48,48,1,78,20,0.47435897435897434,0.0,11.538461538461538,45.0,0.5405405405405406,0.5405405405405406,0.2423878205128205
mvtec,grid,4,1,5,1152.0,48,48,46,78,7,0.20512820512820512,0.0,0.0,0.0,1.0,1.0,0.004451566951566952
mvtec,grid,4,1,7,1152.0,48,48,23,78,7,0.20512820512820512,0.0,0.0,0.0,1.0,1.0,0.008725071225071225
mvtec,grid,4,1,9,1152.0,48,48,14,78,7,0.20512820512820512,0.0,0.0,0.0,1.0,1.0,0.014423076923076924
mvtec,grid,4,1,11,1152.0,48,48,9,78,7,0.20512820512820512,0.0,0.0,0.0,1.0,1.0,0.021545584045584047
mvtec,grid,4,1,13,1152.0,48,48,6,78,7,0.20512820512820512,0.0,0.0,0.0,1.0,1.0,0.03009259259259259
mvtec,grid,4,1,15,1152.0,48,48,5,78,7,0.20512820512820512,0.0,1.282051282051282,14.285714285714285,0.9375,0.9375,0.03756009615384615
mvtec,grid,4,1,17,1152.0,48,48,3,78,7,0.20512820512820512,0.0,1.282051282051282,14.285714285714285,0.8125,0.8125,0.041811342592592594
mvtec,grid,4,1,19,1152.0,48,48,3,78,7,0.20512820512820512,0.0,1.282051282051282,14.285714285714285,0.8125,0.8125,0.05222800925925926
mvtec,grid,4,1,21,1152.0,48,48,2,78,7,0.20512820512820512,0.0,2.564102564102564,28.57142857142857,0.6875,0.6875,0.05398637820512821
mvtec,grid,4,1,23,1152.0,48,48,2,78,7,0.20512820512820512,0.0,2.564102564102564,28.57142857142857,0.6875,0.6875,0.06475917022792023
mvtec,grid,4,1,25,1152.0,48,48,1,78,7,0.20512820512820512,0.0,5.128205128205128,57.14285714285714,0.4375,0.4375,0.04868901353276353
mvtec,grid,4,1,27,1152.0,48,48,1,78,7,0.20512820512820512,0.0,5.128205128205128,57.14285714285714,0.4375,0.4375,0.056790865384615384
mvtec,grid,4,1,29,1152.0,48,48,1,78,7,0.20512820512820512,0.0,5.128205128205128,57.14285714285714,0.4375,0.4375,0.0655159366096866
mvtec,grid,4,1,31,1152.0,48,48,1,78,7,0.20512820512820512,0.0,5.128205128205128,57.14285714285714,0.4375,0.4375,0.07486422720797721
mvtec,grid,4,1,33,1152.0,48,48,1,78,7,0.20512820512820512,0.0,5.128205128205128,57.14285714285714,0.4375,0.4375,0.08483573717948718
mvtec,grid,4,2,5,1152.0,48,48,46,78,12,0.32051282051282054,0.0,0.0,0.0,1.0,1.0,0.006955573361823362
mvtec,grid,4,2,7,1152.0,48,48,23,78,12,0.32051282051282054,0.0,0.0,0.0,1.0,1.0,0.013632923789173789
mvtec,grid,4,2,9,1152.0,48,48,14,78,12,0.32051282051282054,0.0,0.0,0.0,1.0,1.0,0.022536057692307692
mvtec,grid,4,2,11,1152.0,48,48,9,78,12,0.32051282051282054,0.0,0.0,0.0,1.0,1.0,0.033664975071225074
mvtec,grid,4,2,13,1152.0,48,48,6,78,12,0.32051282051282054,0.0,0.0,0.0,1.0,1.0,0.04701967592592592
mvtec,grid,4,2,15,1152.0,48,48,5,78,12,0.32051282051282054,0.0,1.282051282051282,8.333333333333332,0.96,0.96,0.06009615384615385
mvtec,grid,4,2,17,1152.0,48,48,3,78,12,0.32051282051282054,0.0,2.564102564102564,16.666666666666664,0.84,0.84,0.06754139957264957
mvtec,grid,4,2,19,1152.0,48,48,3,78,12,0.32051282051282054,0.0,2.564102564102564,16.666666666666664,0.84,0.84,0.08436832264957266
mvtec,grid,4,2,21,1152.0,48,48,2,78,12,0.32051282051282054,0.0,3.8461538461538463,25.0,0.72,0.72,0.08834134615384616
mvtec,grid,4,2,23,1152.0,48,48,2,78,12,0.32051282051282054,0.0,3.8461538461538463,25.0,0.72,0.72,0.10596955128205128
mvtec,grid,4,2,25,1152.0,48,48,1,78,12,0.32051282051282054,0.0,7.6923076923076925,50.0,0.48,0.48,0.08346688034188034
mvtec,grid,4,2,27,1152.0,48,48,1,78,12,0.32051282051282054,0.0,7.6923076923076925,50.0,0.48,0.48,0.09735576923076923
mvtec,grid,4,2,29,1152.0,48,48,1,78,12,0.32051282051282054,0.0,7.6923076923076925,50.0,0.48,0.48,0.11231303418803419
mvtec,grid,4,2,31,1152.0,48,48,1,78,12,0.32051282051282054,0.0,7.6923076923076925,50.0,0.48,0.48,0.1283386752136752
mvtec,grid,4,2,33,1152.0,48,48,1,78,12,0.32051282051282054,0.0,7.6923076923076925,50.0,0.48,0.48,0.14543269230769232
mvtec,grid,8,0,5,1152.0,48,48,46,78,36,1.3076923076923077,0.0,0.0,0.0,1.0,1.0,0.028378739316239316
mvtec,grid,8,0,7,1152.0,48,48,23,78,36,1.3076923076923077,0.0,0.0,0.0,1.0,1.0,0.055622329059829057
mvtec,grid,8,0,9,1152.0,48,48,14,78,36,1.3076923076923077,0.0,0.0,0.0,1.0,1.0,0.09194711538461539
mvtec,grid,8,0,11,1152.0,48,48,9,78,36,1.3076923076923077,0.0,0.0,0.0,1.0,1.0,0.1373530982905983
mvtec,grid,8,0,13,1152.0,48,48,6,78,36,1.3076923076923077,0.0,5.128205128205128,11.11111111111111,0.9313725490196079,0.9313725490196079,0.17867476851851852
mvtec,grid,8,0,15,1152.0,48,48,5,78,36,1.3076923076923077,0.0,5.128205128205128,11.11111111111111,0.8921568627450981,0.8921568627450981,0.22786458333333334
mvtec,grid,8,0,17,1152.0,48,48,3,78,36,1.3076923076923077,0.0,15.384615384615385,33.33333333333333,0.696078431372549,0.696078431372549,0.2283542556980057
mvtec,grid,8,0,19,1152.0,48,48,3,78,36,1.3076923076923077,0.0,15.384615384615385,33.33333333333333,0.696078431372549,0.696078431372549,0.2852452813390313
mvtec,grid,8,0,21,1152.0,48,48,2,78,36,1.3076923076923077,0.0,19.230769230769234,41.66666666666667,0.5490196078431373,0.5490196078431373,0.2748397435897436
mvtec,grid,8,0,23,1152.0,48,48,2,78,36,1.3076923076923077,0.0,19.230769230769234,41.66666666666667,0.5490196078431373,0.5490196078431373,0.3296830484330484
mvtec,grid,8,0,25,1152.0,48,48,1,78,36,1.3076923076923077,0.0,25.64102564102564,55.55555555555556,0.35294117647058826,0.35294117647058826,0.250400641025641
mvtec,grid,8,0,27,1152.0,48,48,1,78,36,1.3076923076923077,0.0,25.64102564102564,55.55555555555556,0.35294117647058826,0.35294117647058826,0.2920673076923077
mvtec,grid,8,0,29,1152.0,48,48,1,78,36,1.3076923076923077,0.0,25.64102564102564,55.55555555555556,0.35294117647058826,0.35294117647058826,0.3369391025641026
mvtec,grid,8,0,31,1152.0,48,48,1,78,36,1.3076923076923077,0.0,25.64102564102564,55.55555555555556,0.35294117647058826,0.35294117647058826,0.38501602564102566
mvtec,grid,8,0,33,1152.0,48,48,1,78,36,1.3076923076923077,0.0,25.64102564102564,55.55555555555556,0.35294117647058826,0.35294117647058826,0.4362980769230769
mvtec,grid,8,1,5,1152.0,48,48,46,78,24,0.6410256410256411,0.0,0.0,0.0,1.0,1.0,0.013911146723646723
mvtec,grid,8,1,7,1152.0,48,48,23,78,24,0.6410256410256411,0.0,0.0,0.0,1.0,1.0,0.027265847578347577
mvtec,grid,8,1,9,1152.0,48,48,14,78,24,0.6410256410256411,0.0,0.0,0.0,1.0,1.0,0.045072115384615384
mvtec,grid,8,1,11,1152.0,48,48,9,78,24,0.6410256410256411,0.0,0.0,0.0,1.0,1.0,0.06732995014245015
mvtec,grid,8,1,13,1152.0,48,48,6,78,24,0.6410256410256411,0.0,1.282051282051282,4.166666666666666,0.98,0.98,0.09215856481481481
mvtec,grid,8,1,15,1152.0,48,48,5,78,24,0.6410256410256411,0.0,3.8461538461538463,12.5,0.92,0.92,0.11518429487179487
mvtec,grid,8,1,17,1152.0,48,48,3,78,24,0.6410256410256411,0.0,5.128205128205128,16.666666666666664,0.76,0.76,0.12221777065527066
mvtec,grid,8,1,19,1152.0,48,48,3,78,24,0.6410256410256411,0.0,5.128205128205128,16.666666666666664,0.76,0.76,0.1526664886039886
mvtec,grid,8,1,21,1152.0,48,48,2,78,24,0.6410256410256411,0.0,6.41025641025641,20.833333333333336,0.66,0.66,0.1619591346153846
mvtec,grid,8,1,23,1152.0,48,48,2,78,24,0.6410256410256411,0.0,6.41025641025641,20.833333333333336,0.66,0.66,0.19427751068376067
mvtec,grid,8,1,25,1152.0,48,48,1,78,24,0.6410256410256411,0.0,11.538461538461538,37.5,0.48,0.48,0.16693376068376067
mvtec,grid,8,1,27,1152.0,48,48,1,78,24,0.6410256410256411,0.0,11.538461538461538,37.5,0.48,0.48,0.19471153846153846
mvtec,grid,8,1,29,1152.0,48,48,1,78,24,0.6410256410256411,0.0,11.538461538461538,37.5,0.48,0.48,0.22462606837606838
mvtec,grid,8,1,31,1152.0,48,48,1,78,24,0.6410256410256411,0.0,11.538461538461538,37.5,0.48,0.48,0.2566773504273504
mvtec,grid,8,1,33,1152.0,48,48,1,78,24,0.6410256410256411,0.0,11.538461538461538,37.5,0.48,0.48,0.29086538461538464
mvtec,grid,8,2,5,1152.0,48,48,46,78,19,0.6153846153846154,0.0,0.0,0.0,1.0,1.0,0.013354700854700854
mvtec,grid,8,2,7,1152.0,48,48,23,78,19,0.6153846153846154,0.0,0.0,0.0,1.0,1.0,0.026175213675213676
mvtec,grid,8,2,9,1152.0,48,48,14,78,19,0.6153846153846154,0.0,0.0,0.0,1.0,1.0,0.04326923076923077
mvtec,grid,8,2,11,1152.0,48,48,9,78,19,0.6153846153846154,0.0,0.0,0.0,1.0,1.0,0.06463675213675214
mvtec,grid,8,2,13,1152.0,48,48,6,78,19,0.6153846153846154,0.0,1.282051282051282,5.263157894736842,0.9791666666666666,0.9791666666666666,0.08839699074074074
mvtec,grid,8,2,15,1152.0,48,48,5,78,19,0.6153846153846154,0.0,1.282051282051282,5.263157894736842,0.9583333333333334,0.9583333333333334,0.11518429487179487
mvtec,grid,8,2,17,1152.0,48,48,3,78,19,0.6153846153846154,0.0,6.41025641025641,26.31578947368421,0.8125,0.8125,0.1254340277777778
mvtec,grid,8,2,19,1152.0,48,48,3,78,19,0.6153846153846154,0.0,6.41025641025641,26.31578947368421,0.8125,0.8125,0.1566840277777778
mvtec,grid,8,2,21,1152.0,48,48,2,78,19,0.6153846153846154,0.0,8.974358974358974,36.84210526315789,0.6666666666666666,0.6666666666666666,0.15705128205128205
mvtec,grid,8,2,23,1152.0,48,48,2,78,19,0.6153846153846154,0.0,8.974358974358974,36.84210526315789,0.6666666666666666,0.6666666666666666,0.1883903133903134
mvtec,grid,8,2,25,1152.0,48,48,1,78,19,0.6153846153846154,0.0,16.666666666666664,68.42105263157895,0.3958333333333333,0.3958333333333333,0.13215589387464388
mvtec,grid,8,2,27,1152.0,48,48,1,78,19,0.6153846153846154,0.0,16.666666666666664,68.42105263157895,0.3958333333333333,0.3958333333333333,0.1541466346153846
mvtec,grid,8,2,29,1152.0,48,48,1,78,19,0.6153846153846154,0.0,16.666666666666664,68.42105263157895,0.3958333333333333,0.3958333333333333,0.1778289707977208
mvtec,grid,8,2,31,1152.0,48,48,1,78,19,0.6153846153846154,0.0,16.666666666666664,68.42105263157895,0.3958333333333333,0.3958333333333333,0.20320290242165243
mvtec,grid,8,2,33,1152.0,48,48,1,78,19,0.6153846153846154,0.0,16.666666666666664,68.42105263157895,0.3958333333333333,0.3958333333333333,0.2302684294871795
mvtec,hazelnut,1,0,5,1152.0,48,48,46,110,1,0.07272727272727272,0.0,0.0,0.0,1.0,1.0,0.0015782828282828283
mvtec,hazelnut,1,0,7,1152.0,48,48,23,110,1,0.07272727272727272,0.0,0.0,0.0,1.0,1.0,0.0030934343434343434
mvtec,hazelnut,1,0,9,1152.0,48,48,14,110,1,0.07272727272727272,0.0,0.0,0.0,1.0,1.0,0.005113636363636364
mvtec,hazelnut,1,0,11,1152.0,48,48,9,110,1,0.07272727272727272,0.0,0.0,0.0,1.0,1.0,0.007638888888888889
mvtec,hazelnut,1,0,13,1152.0,48,48,6,110,1,0.07272727272727272,0.0,0.9090909090909091,100.0,0.75,0.75,0.008001893939393939
mvtec,hazelnut,1,0,15,1152.0,48,48,5,110,1,0.07272727272727272,0.0,0.9090909090909091,100.0,0.625,0.625,0.00887784090909091
mvtec,hazelnut,1,0,17,1152.0,48,48,3,110,1,0.07272727272727272,0.0,0.9090909090909091,100.0,0.375,0.375,0.00684185606060606
mvtec,hazelnut,1,0,19,1152.0,48,48,3,110,1,0.07272727272727272,0.0,0.9090909090909091,100.0,0.375,0.375,0.008546401515151516
mvtec,hazelnut,1,0,21,1152.0,48,48,2,110,1,0.07272727272727272,0.0,0.9090909090909091,100.0,0.25,0.25,0.0069602272727272724
mvtec,hazelnut,1,0,23,1152.0,48,48,2,110,1,0.07272727272727272,0.0,0.9090909090909091,100.0,0.25,0.25,0.008349116161616162
mvtec,hazelnut,1,0,25,1152.0,48,48,1,110,1,0.07272727272727272,0.0,0.9090909090909091,100.0,0.125,0.125,0.004932133838383838
mvtec,hazelnut,1,0,27,1152.0,48,48,1,110,1,0.07272727272727272,0.0,0.9090909090909091,100.0,0.125,0.125,0.005752840909090909
mvtec,hazelnut,1,0,29,1152.0,48,48,1,110,1,0.07272727272727272,0.0,0.9090909090909091,100.0,0.125,0.125,0.006636679292929293
mvtec,hazelnut,1,0,31,1152.0,48,48,1,110,1,0.07272727272727272,0.0,0.9090909090909091,100.0,0.125,0.125,0.00758364898989899
mvtec,hazelnut,1,0,33,1152.0,48,48,1,110,1,0.07272727272727272,0.0,0.9090909090909091,100.0,0.125,0.125,0.00859375
mvtec,hazelnut,1,1,5,1152.0,48,48,46,110,0,0.0,0.0,0.0,0.0,0.0,0.0,0.0
mvtec,hazelnut,1,1,7,1152.0,48,48,23,110,0,0.0,0.0,0.0,0.0,0.0,0.0,0.0
mvtec,hazelnut,1,1,9,1152.0,48,48,14,110,0,0.0,0.0,0.0,0.0,0.0,0.0,0.0
mvtec,hazelnut,1,1,11,1152.0,48,48,9,110,0,0.0,0.0,0.0,0.0,0.0,0.0,0.0
mvtec,hazelnut,1,1,13,1152.0,48,48,6,110,0,0.0,0.0,0.0,0.0,0.0,0.0,0.0
mvtec,hazelnut,1,1,15,1152.0,48,48,5,110,0,0.0,0.0,0.0,0.0,0.0,0.0,0.0
mvtec,hazelnut,1,1,17,1152.0,48,48,3,110,0,0.0,0.0,0.0,0.0,0.0,0.0,0.0
mvtec,hazelnut,1,1,19,1152.0,48,48,3,110,0,0.0,0.0,0.0,0.0,0.0,0.0,0.0
mvtec,hazelnut,1,1,21,1152.0,48,48,2,110,0,0.0,0.0,0.0,0.0,0.0,0.0,0.0
mvtec,hazelnut,1,1,23,1152.0,48,48,2,110,0,0.0,0.0,0.0,0.0,0.0,0.0,0.0
mvtec,hazelnut,1,1,25,1152.0,48,48,1,110,0,0.0,0.0,0.0,0.0,0.0,0.0,0.0
mvtec,hazelnut,1,1,27,1152.0,48,48,1,110,0,0.0,0.0,0.0,0.0,0.0,0.0,0.0
mvtec,hazelnut,1,1,29,1152.0,48,48,1,110,0,0.0,0.0,0.0,0.0,0.0,0.0,0.0
mvtec,hazelnut,1,1,31,1152.0,48,48,1,110,0,0.0,0.0,0.0,0.0,0.0,0.0,0.0
mvtec,hazelnut,1,1,33,1152.0,48,48,1,110,0,0.0,0.0,0.0,0.0,0.0,0.0,0.0
mvtec,hazelnut,1,2,5,1152.0,48,48,46,110,3,0.2909090909090909,0.0,0.0,0.0,1.0,1.0,0.006313131313131313
mvtec,hazelnut,1,2,7,1152.0,48,48,23,110,3,0.2909090909090909,0.0,0.0,0.0,1.0,1.0,0.012373737373737374
mvtec,hazelnut,1,2,9,1152.0,48,48,14,110,3,0.2909090909090909,0.0,0.9090909090909091,33.33333333333333,0.8125,0.8125,0.016619318181818183
mvtec,hazelnut,1,2,11,1152.0,48,48,9,110,3,0.2909090909090909,0.0,0.9090909090909091,33.33333333333333,0.65625,0.65625,0.020052083333333335
mvtec,hazelnut,1,2,13,1152.0,48,48,6,110,3,0.2909090909090909,0.0,0.9090909090909091,33.33333333333333,0.5625,0.5625,0.02400568181818182
mvtec,hazelnut,1,2,15,1152.0,48,48,5,110,3,0.2909090909090909,0.0,2.727272727272727,100.0,0.46875,0.46875,0.026633522727272728
mvtec,hazelnut,1,2,17,1152.0,48,48,3,110,3,0.2909090909090909,0.0,2.727272727272727,100.0,0.28125,0.28125,0.020525568181818183
mvtec,hazelnut,1,2,19,1152.0,48,48,3,110,3,0.2909090909090909,0.0,2.727272727272727,100.0,0.28125,0.28125,0.025639204545454545
mvtec,hazelnut,1,2,21,1152.0,48,48,2,110,3,0.2909090909090909,0.0,2.727272727272727,100.0,0.1875,0.1875,0.02088068181818182
mvtec,hazelnut,1,2,23,1152.0,48,48,2,110,3,0.2909090909090909,0.0,2.727272727272727,100.0,0.1875,0.1875,0.025047348484848485
mvtec,hazelnut,1,2,25,1152.0,48,48,1,110,3,0.2909090909090909,0.0,2.727272727272727,100.0,0.09375,0.09375,0.014796401515151516
mvtec,hazelnut,1,2,27,1152.0,48,48,1,110,3,0.2909090909090909,0.0,2.727272727272727,100.0,0.09375,0.09375,0.017258522727272727
mvtec,hazelnut,1,2,29,1152.0,48,48,1,110,3,0.2909090909090909,0.0,2.727272727272727,100.0,0.09375,0.09375,0.019910037878787878
mvtec,hazelnut,1,2,31,1152.0,48,48,1,110,3,0.2909090909090909,0.0,2.727272727272727,100.0,0.09375,0.09375,0.02275094696969697
mvtec,hazelnut,1,2,33,1152.0,48,48,1,110,3,0.2909090909090909,0.0,2.727272727272727,100.0,0.09375,0.09375,0.02578125
mvtec,hazelnut,2,0,5,1152.0,48,48,46,110,5,0.21818181818181817,0.0,0.0,0.0,1.0,1.0,0.004734848484848485
mvtec,hazelnut,2,0,7,1152.0,48,48,23,110,5,0.21818181818181817,0.0,0.0,0.0,1.0,1.0,0.009280303030303031
mvtec,hazelnut,2,0,9,1152.0,48,48,14,110,5,0.21818181818181817,0.0,0.0,0.0,1.0,1.0,0.01534090909090909
mvtec,hazelnut,2,0,11,1152.0,48,48,9,110,5,0.21818181818181817,0.0,0.0,0.0,1.0,1.0,0.022916666666666665
mvtec,hazelnut,2,0,13,1152.0,48,48,6,110,5,0.21818181818181817,0.0,0.9090909090909091,20.0,0.9583333333333334,0.9583333333333334,0.030673926767676767
mvtec,hazelnut,2,0,15,1152.0,48,48,5,110,5,0.21818181818181817,0.0,0.9090909090909091,20.0,0.9166666666666666,0.9166666666666666,0.0390625
mvtec,hazelnut,2,0,17,1152.0,48,48,3,110,5,0.21818181818181817,0.0,3.6363636363636362,80.0,0.625,0.625,0.034209280303030304
mvtec,hazelnut,2,0,19,1152.0,48,48,3,110,5,0.21818181818181817,0.0,3.6363636363636362,80.0,0.625,0.625,0.042732007575757576
mvtec,hazelnut,2,0,21,1152.0,48,48,2,110,5,0.21818181818181817,0.0,4.545454545454546,100.0,0.4166666666666667,0.4166666666666667,0.03480113636363636
mvtec,hazelnut,2,0,23,1152.0,48,48,2,110,5,0.21818181818181817,0.0,4.545454545454546,100.0,0.4166666666666667,0.4166666666666667,0.04174558080808081
mvtec,hazelnut,2,0,25,1152.0,48,48,1,110,5,0.21818181818181817,0.0,4.545454545454546,100.0,0.20833333333333334,0.20833333333333334,0.024660669191919192
mvtec,hazelnut,2,0,27,1152.0,48,48,1,110,5,0.21818181818181817,0.0,4.545454545454546,100.0,0.20833333333333334,0.20833333333333334,0.028764204545454544
mvtec,hazelnut,2,0,29,1152.0,48,48,1,110,5,0.21818181818181817,0.0,4.545454545454546,100.0,0.20833333333333334,0.20833333333333334,0.033183396464646464
mvtec,hazelnut,2,0,31,1152.0,48,48,1,110,5,0.21818181818181817,0.0,4.545454545454546,100.0,0.20833333333333334,0.20833333333333334,0.03791824494949495
mvtec,hazelnut,2,0,33,1152.0,48,48,1,110,5,0.21818181818181817,0.0,4.545454545454546,100.0,0.20833333333333334,0.20833333333333334,0.04296875
mvtec,hazelnut,2,1,5,1152.0,48,48,46,110,28,4.736363636363636,0.0,0.9090909090909091,3.571428571428571,0.9884836852207294,0.9884836852207294,0.10160195707070707
mvtec,hazelnut,2,1,7,1152.0,48,48,23,110,28,4.736363636363636,0.0,7.2727272727272725,28.57142857142857,0.8598848368522073,0.8598848368522073,0.17323232323232324
mvtec,hazelnut,2,1,9,1152.0,48,48,14,110,28,4.736363636363636,0.0,15.454545454545453,60.71428571428571,0.6525911708253359,0.6525911708253359,0.21732954545454544
mvtec,hazelnut,2,1,11,1152.0,48,48,9,110,28,4.736363636363636,0.0,17.272727272727273,67.85714285714286,0.4798464491362764,0.4798464491362764,0.2387152777777778
mvtec,hazelnut,2,1,13,1152.0,48,48,6,110,28,4.736363636363636,0.0,25.454545454545453,100.0,0.32245681381957775,0.32245681381957775,0.2240530303030303
mvtec,hazelnut,2,1,15,1152.0,48,48,5,110,28,4.736363636363636,0.0,25.454545454545453,100.0,0.2687140115163148,0.2687140115163148,0.24857954545454544
mvtec,hazelnut,2,1,17,1152.0,48,48,3,110,28,4.736363636363636,0.0,25.454545454545453,100.0,0.16122840690978887,0.16122840690978887,0.19157196969696969
mvtec,hazelnut,2,1,19,1152.0,48,48,3,110,28,4.736363636363636,0.0,25.454545454545453,100.0,0.16122840690978887,0.16122840690978887,0.23929924242424241
mvtec,hazelnut,2,1,21,1152.0,48,48,2,110,28,4.736363636363636,0.0,25.454545454545453,100.0,0.10748560460652591,0.10748560460652591,0.19488636363636364
mvtec,hazelnut,2,1,23,1152.0,48,48,2,110,28,4.736363636363636,0.0,25.454545454545453,100.0,0.10748560460652591,0.10748560460652591,0.23377525252525252
mvtec,hazelnut,2,1,25,1152.0,48,48,1,110,28,4.736363636363636,0.0,25.454545454545453,100.0,0.053742802303262956,0.053742802303262956,0.1380997474747475
mvtec,hazelnut,2,1,27,1152.0,48,48,1,110,28,4.736363636363636,0.0,25.454545454545453,100.0,0.053742802303262956,0.053742802303262956,0.16107954545454545
mvtec,hazelnut,2,1,29,1152.0,48,48,1,110,28,4.736363636363636,0.0,25.454545454545453,100.0,0.053742802303262956,0.053742802303262956,0.18582702020202022
mvtec,hazelnut,2,1,31,1152.0,48,48,1,110,28,4.736363636363636,0.0,25.454545454545453,100.0,0.053742802303262956,0.053742802303262956,0.2123421717171717
mvtec,hazelnut,2,1,33,1152.0,48,48,1,110,28,4.736363636363636,0.0,25.454545454545453,100.0,0.053742802303262956,0.053742802303262956,0.240625
mvtec,hazelnut,2,2,5,1152.0,48,48,46,110,1,0.1,0.0,0.0,0.0,1.0,1.0,0.002170138888888889
mvtec,hazelnut,2,2,7,1152.0,48,48,23,110,1,0.1,0.0,0.0,0.0,1.0,1.0,0.004253472222222222
mvtec,hazelnut,2,2,9,1152.0,48,48,14,110,1,0.1,0.0,0.0,0.0,1.0,1.0,0.00703125
mvtec,hazelnut,2,2,11,1152.0,48,48,9,110,1,0.1,0.0,0.9090909090909091,100.0,0.8181818181818182,0.8181818181818182,0.00859375
mvtec,hazelnut,2,2,13,1152.0,48,48,6,110,1,0.1,0.0,0.9090909090909091,100.0,0.5454545454545454,0.5454545454545454,0.008001893939393939
mvtec,hazelnut,2,2,15,1152.0,48,48,5,110,1,0.1,0.0,0.9090909090909091,100.0,0.45454545454545453,0.45454545454545453,0.00887784090909091
mvtec,hazelnut,2,2,17,1152.0,48,48,3,110,1,0.1,0.0,0.9090909090909091,100.0,0.2727272727272727,0.2727272727272727,0.00684185606060606
mvtec,hazelnut,2,2,19,1152.0,48,48,3,110,1,0.1,0.0,0.9090909090909091,100.0,0.2727272727272727,0.2727272727272727,0.008546401515151516
mvtec,hazelnut,2,2,21,1152.0,48,48,2,110,1,0.1,0.0,0.9090909090909091,100.0,0.18181818181818182,0.18181818181818182,0.0069602272727272724
mvtec,hazelnut,2,2,23,1152.0,48,48,2,110,1,0.1,0.0,0.9090909090909091,100.0,0.18181818181818182,0.18181818181818182,0.008349116161616162
mvtec,hazelnut,2,2,25,1152.0,48,48,1,110,1,0.1,0.0,0.9090909090909091,100.0,0.09090909090909091,0.09090909090909091,0.004932133838383838
mvtec,hazelnut,2,2,27,1152.0,48,48,1,110,1,0.1,0.0,0.9090909090909091,100.0,0.09090909090909091,0.09090909090909091,0.005752840909090909
mvtec,hazelnut,2,2,29,1152.0,48,48,1,110,1,0.1,0.0,0.9090909090909091,100.0,0.09090909090909091,0.09090909090909091,0.006636679292929293
mvtec,hazelnut,2,2,31,1152.0,48,48,1,110,1,0.1,0.0,0.9090909090909091,100.0,0.09090909090909091,0.09090909090909091,0.00758364898989899
mvtec,hazelnut,2,2,33,1152.0,48,48,1,110,1,0.1,0.0,0.9090909090909091,100.0,0.09090909090909091,0.09090909090909091,0.00859375
mvtec,hazelnut,4,0,5,1152.0,48,48,46,110,16,2.227272727272727,0.0,0.9090909090909091,6.25,0.9836734693877551,0.9836734693877551,0.0475457702020202
mvtec,hazelnut,4,0,7,1152.0,48,48,23,110,16,2.227272727272727,0.0,1.8181818181818181,12.5,0.8448979591836735,0.8448979591836735,0.08004261363636364
mvtec,hazelnut,4,0,9,1152.0,48,48,14,110,16,2.227272727272727,0.0,5.454545454545454,37.5,0.6816326530612244,0.6816326530612244,0.1067471590909091
mvtec,hazelnut,4,0,11,1152.0,48,48,9,110,16,2.227272727272727,0.0,8.181818181818182,56.25,0.5020408163265306,0.5020408163265306,0.11744791666666667
mvtec,hazelnut,4,0,13,1152.0,48,48,6,110,16,2.227272727272727,0.0,10.909090909090908,75.0,0.37142857142857144,0.37142857142857144,0.12136205808080808
mvtec,hazelnut,4,0,15,1152.0,48,48,5,110,16,2.227272727272727,0.0,12.727272727272727,87.5,0.3142857142857143,0.3142857142857143,0.13671875
mvtec,hazelnut,4,0,17,1152.0,48,48,3,110,16,2.227272727272727,0.0,13.636363636363635,93.75,0.19591836734693877,0.19591836734693877,0.10946969696969697
mvtec,hazelnut,4,0,19,1152.0,48,48,3,110,16,2.227272727272727,0.0,13.636363636363635,93.75,0.19591836734693877,0.19591836734693877,0.13674242424242425
mvtec,hazelnut,4,0,21,1152.0,48,48,2,110,16,2.227272727272727,0.0,14.545454545454545,100.0,0.1306122448979592,0.1306122448979592,0.11136363636363636
mvtec,hazelnut,4,0,23,1152.0,48,48,2,110,16,2.227272727272727,0.0,14.545454545454545,100.0,0.1306122448979592,0.1306122448979592,0.13358585858585859
mvtec,hazelnut,4,0,25,1152.0,48,48,1,110,16,2.227272727272727,0.0,14.545454545454545,100.0,0.0653061224489796,0.0653061224489796,0.07891414141414141
mvtec,hazelnut,4,0,27,1152.0,48,48,1,110,16,2.227272727272727,0.0,14.545454545454545,100.0,0.0653061224489796,0.0653061224489796,0.09204545454545454
mvtec,hazelnut,4,0,29,1152.0,48,48,1,110,16,2.227272727272727,0.0,14.545454545454545,100.0,0.0653061224489796,0.0653061224489796,0.10618686868686869
mvtec,hazelnut,4,0,31,1152.0,48,48,1,110,16,2.227272727272727,0.0,14.545454545454545,100.0,0.0653061224489796,0.0653061224489796,0.12133838383838384
mvtec,hazelnut,4,0,33,1152.0,48,48,1,110,16,2.227272727272727,0.0,14.545454545454545,100.0,0.0653061224489796,0.0653061224489796,0.1375
mvtec,hazelnut,4,1,5,1152.0,48,48,46,110,29,2.7818181818181817,0.0,0.9090909090909091,3.4482758620689653,0.954248366013072,0.954248366013072,0.05760732323232323
mvtec,hazelnut,4,1,7,1152.0,48,48,23,110,29,2.7818181818181817,0.0,1.8181818181818181,6.896551724137931,0.8594771241830066,0.8594771241830066,0.10169665404040404
mvtec,hazelnut,4,1,9,1152.0,48,48,14,110,29,2.7818181818181817,0.0,5.454545454545454,20.689655172413794,0.738562091503268,0.738562091503268,0.14446022727272728
mvtec,hazelnut,4,1,11,1152.0,48,48,9,110,29,2.7818181818181817,0.0,8.181818181818182,31.03448275862069,0.6143790849673203,0.6143790849673203,0.1795138888888889
mvtec,hazelnut,4,1,13,1152.0,48,48,6,110,29,2.7818181818181817,0.0,16.363636363636363,62.06896551724138,0.4738562091503268,0.4738562091503268,0.19337910353535354
mvtec,hazelnut,4,1,15,1152.0,48,48,5,110,29,2.7818181818181817,0.0,19.090909090909093,72.41379310344827,0.40522875816993464,0.40522875816993464,0.22017045454545456
mvtec,hazelnut,4,1,17,1152.0,48,48,3,110,29,2.7818181818181817,0.0,20.909090909090907,79.3103448275862,0.2581699346405229,0.2581699346405229,0.18016887626262626
mvtec,hazelnut,4,1,19,1152.0,48,48,3,110,29,2.7818181818181817,0.0,20.909090909090907,79.3103448275862,0.2581699346405229,0.2581699346405229,0.2250552398989899
mvtec,hazelnut,4,1,21,1152.0,48,48,2,110,29,2.7818181818181817,0.0,21.818181818181817,82.75862068965517,0.17973856209150327,0.17973856209150327,0.19140625
mvtec,hazelnut,4,1,23,1152.0,48,48,2,110,29,2.7818181818181817,0.0,21.818181818181817,82.75862068965517,0.17973856209150327,0.17973856209150327,0.22960069444444445
mvtec,hazelnut,4,1,25,1152.0,48,48,1,110,29,2.7818181818181817,0.0,23.636363636363637,89.65517241379311,0.09477124183006536,0.09477124183006536,0.14303188131313133
mvtec,hazelnut,4,1,27,1152.0,48,48,1,110,29,2.7818181818181817,0.0,23.636363636363637,89.65517241379311,0.09477124183006536,0.09477124183006536,0.16683238636363637
mvtec,hazelnut,4,1,29,1152.0,48,48,1,110,29,2.7818181818181817,0.0,23.636363636363637,89.65517241379311,0.09477124183006536,0.09477124183006536,0.1924636994949495
mvtec,hazelnut,4,1,31,1152.0,48,48,1,110,29,2.7818181818181817,0.0,23.636363636363637,89.65517241379311,0.09477124183006536,0.09477124183006536,0.2199258207070707
mvtec,hazelnut,4,1,33,1152.0,48,48,1,110,29,2.7818181818181817,0.0,23.636363636363637,89.65517241379311,0.09477124183006536,0.09477124183006536,0.24921875
mvtec,hazelnut,4,2,5,1152.0,48,48,46,110,30,3.6545454545454548,0.0,0.9090909090909091,3.3333333333333335,0.9552238805970149,0.9552238805970149,0.07575757575757576
mvtec,hazelnut,4,2,7,1152.0,48,48,23,110,30,3.6545454545454548,0.0,3.6363636363636362,13.333333333333334,0.8233830845771144,0.8233830845771144,0.12799084595959595
mvtec,hazelnut,4,2,9,1152.0,48,48,14,110,30,3.6545454545454548,0.0,6.363636363636363,23.333333333333332,0.7089552238805971,0.7089552238805971,0.18217329545454544
mvtec,hazelnut,4,2,11,1152.0,48,48,9,110,30,3.6545454545454548,0.0,15.454545454545453,56.666666666666664,0.5348258706467661,0.5348258706467661,0.2052951388888889
mvtec,hazelnut,4,2,13,1152.0,48,48,6,110,30,3.6545454545454548,0.0,20.0,73.33333333333333,0.3805970149253731,0.3805970149253731,0.20404829545454545
mvtec,hazelnut,4,2,15,1152.0,48,48,5,110,30,3.6545454545454548,0.0,20.0,73.33333333333333,0.32587064676616917,0.32587064676616917,0.23259943181818182
mvtec,hazelnut,4,2,17,1152.0,48,48,3,110,30,3.6545454545454548,0.0,21.818181818181817,80.0,0.21144278606965175,0.21144278606965175,0.19385258838383837
mvtec,hazelnut,4,2,19,1152.0,48,48,3,110,30,3.6545454545454548,0.0,21.818181818181817,80.0,0.21144278606965175,0.21144278606965175,0.24214804292929293
mvtec,hazelnut,4,2,21,1152.0,48,48,2,110,30,3.6545454545454548,0.0,24.545454545454547,90.0,0.14427860696517414,0.14427860696517414,0.2018465909090909
mvtec,hazelnut,4,2,23,1152.0,48,48,2,110,30,3.6545454545454548,0.0,24.545454545454547,90.0,0.14427860696517414,0.14427860696517414,0.24212436868686868
mvtec,hazelnut,4,2,25,1152.0,48,48,1,110,30,3.6545454545454548,0.0,25.454545454545453,93.33333333333333,0.07462686567164178,0.07462686567164178,0.14796401515151514
mvtec,hazelnut,4,2,27,1152.0,48,48,1,110,30,3.6545454545454548,0.0,25.454545454545453,93.33333333333333,0.07462686567164178,0.07462686567164178,0.17258522727272727
mvtec,hazelnut,4,2,29,1152.0,48,48,1,110,30,3.6545454545454548,0.0,25.454545454545453,93.33333333333333,0.07462686567164178,0.07462686567164178,0.19910037878787878
mvtec,hazelnut,4,2,31,1152.0,48,48,1,110,30,3.6545454545454548,0.0,25.454545454545453,93.33333333333333,0.07462686567164178,0.07462686567164178,0.2275094696969697
mvtec,hazelnut,4,2,33,1152.0,48,48,1,110,30,3.6545454545454548,0.0,25.454545454545453,93.33333333333333,0.07462686567164178,0.07462686567164178,0.2578125
mvtec,hazelnut,8,0,5,1152.0,48,48,46,110,33,3.1454545454545455,0.0,0.9090909090909091,3.0303030303030303,0.9421965317919075,0.9421965317919075,0.06431502525252525
mvtec,hazelnut,8,0,7,1152.0,48,48,23,110,33,3.1454545454545455,0.0,1.8181818181818181,6.0606060606060606,0.869942196531792,0.869942196531792,0.11639046717171717
mvtec,hazelnut,8,0,9,1152.0,48,48,14,110,33,3.1454545454545455,0.0,6.363636363636363,21.21212121212121,0.7456647398843931,0.7456647398843931,0.16491477272727273
mvtec,hazelnut,8,0,11,1152.0,48,48,9,110,33,3.1454545454545455,0.0,10.909090909090908,36.36363636363637,0.5982658959537572,0.5982658959537572,0.19765625
mvtec,hazelnut,8,0,13,1152.0,48,48,6,110,33,3.1454545454545455,0.0,16.363636363636363,54.54545454545454,0.4682080924855491,0.4682080924855491,0.21605113636363638
mvtec,hazelnut,8,0,15,1152.0,48,48,5,110,33,3.1454545454545455,0.0,19.090909090909093,63.63636363636363,0.407514450867052,0.407514450867052,0.25035511363636365
mvtec,hazelnut,8,0,17,1152.0,48,48,3,110,33,3.1454545454545455,0.0,22.727272727272727,75.75757575757575,0.26878612716763006,0.26878612716763006,0.21209753787878788
mvtec,hazelnut,8,0,19,1152.0,48,48,3,110,33,3.1454545454545455,0.0,22.727272727272727,75.75757575757575,0.26878612716763006,0.26878612716763006,0.264938446969697
mvtec,hazelnut,8,0,21,1152.0,48,48,2,110,33,3.1454545454545455,0.0,26.36363636363636,87.87878787878788,0.18497109826589594,0.18497109826589594,0.22272727272727272
mvtec,hazelnut,8,0,23,1152.0,48,48,2,110,33,3.1454545454545455,0.0,26.36363636363636,87.87878787878788,0.18497109826589594,0.18497109826589594,0.26717171717171717
mvtec,hazelnut,8,0,25,1152.0,48,48,1,110,33,3.1454545454545455,0.0,28.18181818181818,93.93939393939394,0.0953757225433526,0.0953757225433526,0.16276041666666666
mvtec,hazelnut,8,0,27,1152.0,48,48,1,110,33,3.1454545454545455,0.0,28.18181818181818,93.93939393939394,0.0953757225433526,0.0953757225433526,0.18984375
mvtec,hazelnut,8,0,29,1152.0,48,48,1,110,33,3.1454545454545455,0.0,28.18181818181818,93.93939393939394,0.0953757225433526,0.0953757225433526,0.21901041666666668
mvtec,hazelnut,8,0,31,1152.0,48,48,1,110,33,3.1454545454545455,0.0,28.18181818181818,93.93939393939394,0.0953757225433526,0.0953757225433526,0.25026041666666665
mvtec,hazelnut,8,0,33,1152.0,48,48,1,110,33,3.1454545454545455,0.0,28.18181818181818,93.93939393939394,0.0953757225433526,0.0953757225433526,0.28359375
mvtec,hazelnut,8,1,5,1152.0,48,48,46,110,44,5.9363636363636365,0.0,2.727272727272727,6.8181818181818175,0.8361408882082695,0.8361408882082695,0.10771780303030302
mvtec,hazelnut,8,1,7,1152.0,48,48,23,110,44,5.9363636363636365,0.0,7.2727272727272725,18.181818181818183,0.6477794793261868,0.6477794793261868,0.16356534090909092
mvtec,hazelnut,8,1,9,1152.0,48,48,14,110,44,5.9363636363636365,0.0,10.0,25.0,0.5206738131699847,0.5206738131699847,0.21732954545454544
mvtec,hazelnut,8,1,11,1152.0,48,48,9,110,44,5.9363636363636365,0.0,13.636363636363635,34.090909090909086,0.42572741194486985,0.42572741194486985,0.26545138888888886
mvtec,hazelnut,8,1,13,1152.0,48,48,6,110,44,5.9363636363636365,0.0,20.909090909090907,52.27272727272727,0.332312404287902,0.332312404287902,0.2894018308080808
mvtec,hazelnut,8,1,15,1152.0,48,48,5,110,44,5.9363636363636365,0.0,28.18181818181818,70.45454545454545,0.28483920367534454,0.28483920367534454,0.3302556818181818
mvtec,hazelnut,8,1,17,1152.0,48,48,3,110,44,5.9363636363636365,0.0,30.909090909090907,77.27272727272727,0.18223583460949463,0.18223583460949463,0.27139362373737375
mvtec,hazelnut,8,1,19,1152.0,48,48,3,110,44,5.9363636363636365,0.0,30.909090909090907,77.27272727272727,0.18223583460949463,0.18223583460949463,0.3390072601010101
mvtec,hazelnut,8,1,21,1152.0,48,48,2,110,44,5.9363636363636365,0.0,32.72727272727273,81.81818181818183,0.12710566615620214,0.12710566615620214,0.28884943181818185
mvtec,hazelnut,8,1,23,1152.0,48,48,2,110,44,5.9363636363636365,0.0,32.72727272727273,81.81818181818183,0.12710566615620214,0.12710566615620214,0.3464883207070707
mvtec,hazelnut,8,1,25,1152.0,48,48,1,110,44,5.9363636363636365,0.0,35.45454545454545,88.63636363636364,0.06738131699846861,0.06738131699846861,0.2170138888888889
mvtec,hazelnut,8,1,27,1152.0,48,48,1,110,44,5.9363636363636365,0.0,35.45454545454545,88.63636363636364,0.06738131699846861,0.06738131699846861,0.253125
mvtec,hazelnut,8,1,29,1152.0,48,48,1,110,44,5.9363636363636365,0.0,35.45454545454545,88.63636363636364,0.06738131699846861,0.06738131699846861,0.2920138888888889
mvtec,hazelnut,8,1,31,1152.0,48,48,1,110,44,5.9363636363636365,0.0,35.45454545454545,88.63636363636364,0.06738131699846861,0.06738131699846861,0.33368055555555554
mvtec,hazelnut,8,1,33,1152.0,48,48,1,110,44,5.9363636363636365,0.0,35.45454545454545,88.63636363636364,0.06738131699846861,0.06738131699846861,0.378125
mvtec,hazelnut,8,2,5,1152.0,48,48,46,110,28,2.9,0.0,0.0,0.0,1.0,1.0,0.06293402777777778
mvtec,hazelnut,8,2,7,1152.0,48,48,23,110,28,2.9,0.0,2.727272727272727,10.714285714285714,0.9028213166144201,0.9028213166144201,0.11136363636363636
mvtec,hazelnut,8,2,9,1152.0,48,48,14,110,28,2.9,0.0,8.181818181818182,32.142857142857146,0.768025078369906,0.768025078369906,0.15660511363636365
mvtec,hazelnut,8,2,11,1152.0,48,48,9,110,28,2.9,0.0,10.909090909090908,42.857142857142854,0.6018808777429467,0.6018808777429467,0.18333333333333332
mvtec,hazelnut,8,2,13,1152.0,48,48,6,110,28,2.9,0.0,16.363636363636363,64.28571428571429,0.4482758620689655,0.4482758620689655,0.19071180555555556
mvtec,hazelnut,8,2,15,1152.0,48,48,5,110,28,2.9,0.0,19.090909090909093,75.0,0.3824451410658307,0.3824451410658307,0.21661931818181818
mvtec,hazelnut,8,2,17,1152.0,48,48,3,110,28,2.9,0.0,20.0,78.57142857142857,0.2476489028213166,0.2476489028213166,0.18016887626262626
mvtec,hazelnut,8,2,19,1152.0,48,48,3,110,28,2.9,0.0,20.0,78.57142857142857,0.2476489028213166,0.2476489028213166,0.2250552398989899
mvtec,hazelnut,8,2,21,1152.0,48,48,2,110,28,2.9,0.0,20.909090909090907,82.14285714285714,0.1755485893416928,0.1755485893416928,0.19488636363636364
mvtec,hazelnut,8,2,23,1152.0,48,48,2,110,28,2.9,0.0,20.909090909090907,82.14285714285714,0.1755485893416928,0.1755485893416928,0.23377525252525252
mvtec,hazelnut,8,2,25,1152.0,48,48,1,110,28,2.9,0.0,25.454545454545453,100.0,0.0877742946708464,0.0877742946708464,0.1380997474747475
mvtec,hazelnut,8,2,27,1152.0,48,48,1,110,28,2.9,0.0,25.454545454545453,100.0,0.0877742946708464,0.0877742946708464,0.16107954545454545
mvtec,hazelnut,8,2,29,1152.0,48,48,1,110,28,2.9,0.0,25.454545454545453,100.0,0.0877742946708464,0.0877742946708464,0.18582702020202022
mvtec,hazelnut,8,2,31,1152.0,48,48,1,110,28,2.9,0.0,25.454545454545453,100.0,0.0877742946708464,0.0877742946708464,0.2123421717171717
mvtec,hazelnut,8,2,33,1152.0,48,48,1,110,28,2.9,0.0,25.454545454545453,100.0,0.0877742946708464,0.0877742946708464,0.240625
mvtec,leather,1,0,5,1152.0,48,48,46,124,68,2.088709677419355,1.0,0.0,0.0,1.0,1.0,0.04532790098566308
mvtec,leather,1,0,7,1152.0,48,48,23,124,68,2.088709677419355,1.0,0.8064516129032258,1.4705882352941175,0.9961389961389961,0.9961389961389961,0.08849966397849462
mvtec,leather,1,0,9,1152.0,48,48,14,124,68,2.088709677419355,1.0,1.6129032258064515,2.941176470588235,0.9498069498069498,0.9498069498069498,0.13949092741935484
mvtec,leather,1,0,11,1152.0,48,48,9,124,68,2.088709677419355,1.0,4.032258064516129,7.352941176470589,0.8957528957528957,0.8957528957528957,0.1965165770609319
mvtec,leather,1,0,13,1152.0,48,48,6,124,68,2.088709677419355,1.0,9.67741935483871,17.647058823529413,0.7683397683397684,0.7683397683397684,0.23543206765232974
mvtec,leather,1,0,15,1152.0,48,48,5,124,68,2.088709677419355,1.0,11.29032258064516,20.588235294117645,0.7142857142857143,0.7142857142857143,0.2913936491935484
mvtec,leather,1,0,17,1152.0,48,48,3,124,68,2.088709677419355,1.0,20.161290322580644,36.76470588235294,0.5521235521235521,0.5521235521235521,0.2893075156810036
mvtec,leather,1,0,19,1152.0,48,48,3,124,68,2.088709677419355,1.0,20.161290322580644,36.76470588235294,0.5521235521235521,0.5521235521235521,0.3613841285842294
mvtec,leather,1,0,21,1152.0,48,48,2,124,68,2.088709677419355,1.0,25.0,45.588235294117645,0.43243243243243246,0.43243243243243246,0.34576612903225806
mvtec,leather,1,0,23,1152.0,48,48,2,124,68,2.088709677419355,1.0,25.0,45.588235294117645,0.43243243243243246,0.43243243243243246,0.4147625448028674
mvtec,leather,1,0,25,1152.0,48,48,1,124,68,2.088709677419355,1.0,35.483870967741936,64.70588235294117,0.2625482625482625,0.2625482625482625,0.297519041218638
mvtec,leather,1,0,27,1152.0,48,48,1,124,68,2.088709677419355,1.0,35.483870967741936,64.70588235294117,0.2625482625482625,0.2625482625482625,0.3470262096774194
mvtec,leather,1,0,29,1152.0,48,48,1,124,68,2.088709677419355,1.0,35.483870967741936,64.70588235294117,0.2625482625482625,0.2625482625482625,0.4003416218637993
mvtec,leather,1,0,31,1152.0,48,48,1,124,68,2.088709677419355,1.0,35.483870967741936,64.70588235294117,0.2625482625482625,0.2625482625482625,0.4574652777777778
mvtec,leather,1,0,33,1152.0,48,48,1,124,68,2.088709677419355,1.0,35.483870967741936,64.70588235294117,0.2625482625482625,0.2625482625482625,0.5183971774193549
mvtec,leather,1,1,5,1152.0,48,48,46,124,50,1.7016129032258065,0.0,0.0,0.0,1.0,1.0,0.03692736335125448
mvtec,leather,1,1,7,1152.0,48,48,23,124,50,1.7016129032258065,0.0,0.0,0.0,1.0,1.0,0.07237763216845879
mvtec,leather,1,1,9,1152.0,48,48,14,124,50,1.7016129032258065,0.0,1.6129032258064515,4.0,0.9383886255924171,0.9383886255924171,0.11227318548387097
mvtec,leather,1,1,11,1152.0,48,48,9,124,50,1.7016129032258065,0.0,4.032258064516129,10.0,0.8625592417061612,0.8625592417061612,0.1541638664874552
mvtec,leather,1,1,13,1152.0,48,48,6,124,50,1.7016129032258065,0.0,9.67741935483871,24.0,0.7109004739336493,0.7109004739336493,0.17746135752688172
mvtec,leather,1,1,15,1152.0,48,48,5,124,50,1.7016129032258065,0.0,10.483870967741936,26.0,0.6492890995260664,0.6492890995260664,0.21578881048387097
mvtec,leather,1,1,17,1152.0,48,48,3,124,50,1.7016129032258065,0.0,12.903225806451612,32.0,0.5118483412322274,0.5118483412322274,0.21849798387096775
mvtec,leather,1,1,19,1152.0,48,48,3,124,50,1.7016129032258065,0.0,12.903225806451612,32.0,0.5118483412322274,0.5118483412322274,0.2729334677419355
mvtec,leather,1,1,21,1152.0,48,48,2,124,50,1.7016129032258065,0.0,20.161290322580644,50.0,0.3933649289099526,0.3933649289099526,0.2562373991935484
mvtec,leather,1,1,23,1152.0,48,48,2,124,50,1.7016129032258065,0.0,20.161290322580644,50.0,0.3933649289099526,0.3933649289099526,0.3073686715949821
mvtec,leather,1,1,25,1152.0,48,48,1,124,50,1.7016129032258065,0.0,26.61290322580645,66.0,0.23696682464454977,0.23696682464454977,0.21876400089605735
mvtec,leather,1,1,27,1152.0,48,48,1,124,50,1.7016129032258065,0.0,26.61290322580645,66.0,0.23696682464454977,0.23696682464454977,0.2551663306451613
mvtec,leather,1,1,29,1152.0,48,48,1,124,50,1.7016129032258065,0.0,26.61290322580645,66.0,0.23696682464454977,0.23696682464454977,0.2943688396057348
mvtec,leather,1,1,31,1152.0,48,48,1,124,50,1.7016129032258065,0.0,26.61290322580645,66.0,0.23696682464454977,0.23696682464454977,0.3363715277777778
mvtec,leather,1,1,33,1152.0,48,48,1,124,50,1.7016129032258065,0.0,26.61290322580645,66.0,0.23696682464454977,0.23696682464454977,0.3811743951612903
mvtec,leather,1,2,5,1152.0,48,48,46,124,98,6.403225806451613,4.0,0.0,0.0,1.0,1.0,0.13895889336917563
mvtec,leather,1,2,7,1152.0,48,48,23,124,98,6.403225806451613,4.0,4.032258064516129,5.1020408163265305,0.9735516372795969,0.9735516372795969,0.26515596998207885
mvtec,leather,1,2,9,1152.0,48,48,14,124,98,6.403225806451613,4.0,11.29032258064516,14.285714285714285,0.8753148614609572,0.8753148614609572,0.39409022177419356
mvtec,leather,1,2,11,1152.0,48,48,9,124,98,6.403225806451613,4.0,25.0,31.63265306122449,0.7380352644836272,0.7380352644836272,0.49637376792114696
mvtec,leather,1,2,13,1152.0,48,48,6,124,98,6.403225806451613,4.0,39.516129032258064,50.0,0.5642317380352645,0.5642317380352645,0.5300179211469535
mvtec,leather,1,2,15,1152.0,48,48,5,124,98,6.403225806451613,4.0,45.96774193548387,58.16326530612245,0.4924433249370277,0.4924433249370277,0.6158644153225806
mvtec,leather,1,2,17,1152.0,48,48,3,124,98,6.403225806451613,4.0,53.2258064516129,67.3469387755102,0.33249370277078083,0.33249370277078083,0.5341061827956989
mvtec,leather,1,2,19,1152.0,48,48,3,124,98,6.403225806451613,4.0,53.2258064516129,67.3469387755102,0.33249370277078083,0.33249370277078083,0.6671706989247311
mvtec,leather,1,2,21,1152.0,48,48,2,124,98,6.403225806451613,4.0,63.70967741935484,80.61224489795919,0.23299748110831234,0.23299748110831234,0.5711315524193549
mvtec,leather,1,2,23,1152.0,48,48,2,124,98,6.403225806451613,4.0,63.70967741935484,80.61224489795919,0.23299748110831234,0.23299748110831234,0.6850988463261649
mvtec,leather,1,2,25,1152.0,48,48,1,124,98,6.403225806451613,4.0,70.16129032258065,88.77551020408163,0.12342569269521411,0.12342569269521411,0.4287774417562724
mvtec,leather,1,2,27,1152.0,48,48,1,124,98,6.403225806451613,4.0,70.16129032258065,88.77551020408163,0.12342569269521411,0.12342569269521411,0.5001260080645161
mvtec,leather,1,2,29,1152.0,48,48,1,124,98,6.403225806451613,4.0,70.16129032258065,88.77551020408163,0.12342569269521411,0.12342569269521411,0.5769629256272402
mvtec,leather,1,2,31,1152.0,48,48,1,124,98,6.403225806451613,4.0,70.16129032258065,88.77551020408163,0.12342569269521411,0.12342569269521411,0.6592881944444444
mvtec,leather,1,2,33,1152.0,48,48,1,124,98,6.403225806451613,4.0,70.16129032258065,88.77551020408163,0.12342569269521411,0.12342569269521411,0.747101814516129
mvtec,leather,2,0,5,1152.0,48,48,46,124,14,0.13709677419354838,0.0,0.0,0.0,1.0,1.0,0.00297519041218638
mvtec,leather,2,0,7,1152.0,48,48,23,124,14,0.13709677419354838,0.0,0.0,0.0,1.0,1.0,0.005831373207885304
mvtec,leather,2,0,9,1152.0,48,48,14,124,14,0.13709677419354838,0.0,0.0,0.0,1.0,1.0,0.009639616935483871
mvtec,leather,2,0,11,1152.0,48,48,9,124,14,0.13709677419354838,0.0,0.0,0.0,1.0,1.0,0.014399921594982079
mvtec,leather,2,0,13,1152.0,48,48,6,124,14,0.13709677419354838,0.0,0.0,0.0,1.0,1.0,0.02011228718637993
mvtec,leather,2,0,15,1152.0,48,48,5,124,14,0.13709677419354838,0.0,0.0,0.0,1.0,1.0,0.026776713709677418
mvtec,leather,2,0,17,1152.0,48,48,3,124,14,0.13709677419354838,0.0,0.0,0.0,1.0,1.0,0.03439320116487455
mvtec,leather,2,0,19,1152.0,48,48,3,124,14,0.13709677419354838,0.0,0.0,0.0,1.0,1.0,0.04296174955197132
mvtec,leather,2,0,21,1152.0,48,48,2,124,14,0.13709677419354838,0.0,0.0,0.0,1.0,1.0,0.05248235887096774
mvtec,leather,2,0,23,1152.0,48,48,2,124,14,0.13709677419354838,0.0,0.0,0.0,1.0,1.0,0.06295502912186379
mvtec,leather,2,0,25,1152.0,48,48,1,124,14,0.13709677419354838,0.0,2.4193548387096775,21.428571428571427,0.8235294117647058,0.8235294117647058,0.06125392025089606
mvtec,leather,2,0,27,1152.0,48,48,1,124,14,0.13709677419354838,0.0,2.4193548387096775,21.428571428571427,0.8235294117647058,0.8235294117647058,0.07144657258064516
mvtec,leather,2,0,29,1152.0,48,48,1,124,14,0.13709677419354838,0.0,2.4193548387096775,21.428571428571427,0.8235294117647058,0.8235294117647058,0.08242327508960573
mvtec,leather,2,0,31,1152.0,48,48,1,124,14,0.13709677419354838,0.0,2.4193548387096775,21.428571428571427,0.8235294117647058,0.8235294117647058,0.09418402777777778
mvtec,leather,2,0,33,1152.0,48,48,1,124,14,0.13709677419354838,0.0,2.4193548387096775,21.428571428571427,0.8235294117647058,0.8235294117647058,0.1067288306451613
mvtec,leather,2,1,5,1152.0,48,48,46,124,46,1.0887096774193548,0.0,0.0,0.0,1.0,1.0,0.023626512096774195
mvtec,leather,2,1,7,1152.0,48,48,23,124,46,1.0887096774193548,0.0,0.0,0.0,1.0,1.0,0.04630796370967742
mvtec,leather,2,1,9,1152.0,48,48,14,124,46,1.0887096774193548,0.0,1.6129032258064515,4.3478260869565215,0.9851851851851852,0.9851851851851852,0.07541582661290322
mvtec,leather,2,1,11,1152.0,48,48,9,124,46,1.0887096774193548,0.0,1.6129032258064515,4.3478260869565215,0.9111111111111111,0.9111111111111111,0.10418766801075269
mvtec,leather,2,1,13,1152.0,48,48,6,124,46,1.0887096774193548,0.0,3.225806451612903,8.695652173913043,0.8444444444444444,0.8444444444444444,0.1348706317204301
mvtec,leather,2,1,15,1152.0,48,48,5,124,46,1.0887096774193548,0.0,3.225806451612903,8.695652173913043,0.8148148148148148,0.8148148148148148,0.1732610887096774
mvtec,leather,2,1,17,1152.0,48,48,3,124,46,1.0887096774193548,0.0,10.483870967741936,28.26086956521739,0.6666666666666666,0.6666666666666666,0.18208165322580644
mvtec,leather,2,1,19,1152.0,48,48,3,124,46,1.0887096774193548,0.0,10.483870967741936,28.26086956521739,0.6666666666666666,0.6666666666666666,0.2274445564516129
mvtec,leather,2,1,21,1152.0,48,48,2,124,46,1.0887096774193548,0.0,14.516129032258066,39.130434782608695,0.5333333333333333,0.5333333333333333,0.22227822580645162
mvtec,leather,2,1,23,1152.0,48,48,2,124,46,1.0887096774193548,0.0,14.516129032258066,39.130434782608695,0.5333333333333333,0.5333333333333333,0.26663306451612906
mvtec,leather,2,1,25,1152.0,48,48,1,124,46,1.0887096774193548,0.0,20.967741935483872,56.52173913043478,0.34074074074074073,0.34074074074074073,0.20126288082437277
mvtec,leather,2,1,27,1152.0,48,48,1,124,46,1.0887096774193548,0.0,20.967741935483872,56.52173913043478,0.34074074074074073,0.34074074074074073,0.23475302419354838
mvtec,leather,2,1,29,1152.0,48,48,1,124,46,1.0887096774193548,0.0,20.967741935483872,56.52173913043478,0.34074074074074073,0.34074074074074073,0.27081933243727596
mvtec,leather,2,1,31,1152.0,48,48,1,124,46,1.0887096774193548,0.0,20.967741935483872,56.52173913043478,0.34074074074074073,0.34074074074074073,0.3094618055555556
mvtec,leather,2,1,33,1152.0,48,48,1,124,46,1.0887096774193548,0.0,20.967741935483872,56.52173913043478,0.34074074074074073,0.34074074074074073,0.3506804435483871
mvtec,leather,2,2,5,1152.0,48,48,46,124,96,6.306451612903226,4.0,0.0,0.0,1.0,1.0,0.13685875896057348
mvtec,leather,2,2,7,1152.0,48,48,23,124,96,6.306451612903226,4.0,3.225806451612903,4.166666666666666,0.969309462915601,0.969309462915601,0.2600106406810036
mvtec,leather,2,2,9,1152.0,48,48,14,124,96,6.306451612903226,4.0,9.67741935483871,12.5,0.8785166240409207,0.8785166240409207,0.3895539314516129
mvtec,leather,2,2,11,1152.0,48,48,9,124,96,6.306451612903226,4.0,23.387096774193548,30.208333333333332,0.7416879795396419,0.7416879795396419,0.49129144265232977
mvtec,leather,2,2,13,1152.0,48,48,6,124,96,6.306451612903226,4.0,37.903225806451616,48.95833333333333,0.5741687979539642,0.5741687979539642,0.5312009968637993
mvtec,leather,2,2,15,1152.0,48,48,5,124,96,6.306451612903226,4.0,45.16129032258064,58.333333333333336,0.5025575447570333,0.5025575447570333,0.6190146169354839
mvtec,leather,2,2,17,1152.0,48,48,3,124,96,6.306451612903226,4.0,55.64516129032258,71.875,0.33631713554987214,0.33631713554987214,0.5320830533154122
mvtec,leather,2,2,19,1152.0,48,48,3,124,96,6.306451612903226,4.0,55.64516129032258,71.875,0.33631713554987214,0.33631713554987214,0.6646435371863799
mvtec,leather,2,2,21,1152.0,48,48,2,124,96,6.306451612903226,4.0,64.51612903225806,83.33333333333334,0.2340153452685422,0.2340153452685422,0.5649571572580645
mvtec,leather,2,2,23,1152.0,48,48,2,124,96,6.306451612903226,4.0,64.51612903225806,83.33333333333334,0.2340153452685422,0.2340153452685422,0.677692372311828
mvtec,leather,2,2,25,1152.0,48,48,1,124,96,6.306451612903226,4.0,70.16129032258065,90.625,0.12276214833759591,0.12276214833759591,0.4200268817204301
mvtec,leather,2,2,27,1152.0,48,48,1,124,96,6.306451612903226,4.0,70.16129032258065,90.625,0.12276214833759591,0.12276214833759591,0.4899193548387097
mvtec,leather,2,2,29,1152.0,48,48,1,124,96,6.306451612903226,4.0,70.16129032258065,90.625,0.12276214833759591,0.12276214833759591,0.5651881720430108
mvtec,leather,2,2,31,1152.0,48,48,1,124,96,6.306451612903226,4.0,70.16129032258065,90.625,0.12276214833759591,0.12276214833759591,0.6458333333333334
mvtec,leather,2,2,33,1152.0,48,48,1,124,96,6.306451612903226,4.0,70.16129032258065,90.625,0.12276214833759591,0.12276214833759591,0.7318548387096774
mvtec,leather,4,0,5,1152.0,48,48,46,124,65,1.7096774193548387,1.0,0.0,0.0,1.0,1.0,0.03710237455197132
mvtec,leather,4,0,7,1152.0,48,48,23,124,65,1.7096774193548387,1.0,0.0,0.0,1.0,1.0,0.07272065412186379
mvtec,leather,4,0,9,1152.0,48,48,14,124,65,1.7096774193548387,1.0,0.8064516129032258,1.5384615384615385,0.9811320754716981,0.9811320754716981,0.11794354838709678
mvtec,leather,4,0,11,1152.0,48,48,9,124,65,1.7096774193548387,1.0,3.225806451612903,6.153846153846154,0.9198113207547169,0.9198113207547169,0.16517557123655913
mvtec,leather,4,0,13,1152.0,48,48,6,124,65,1.7096774193548387,1.0,6.451612903225806,12.307692307692308,0.8301886792452831,0.8301886792452831,0.20822132616487454
mvtec,leather,4,0,15,1152.0,48,48,5,124,65,1.7096774193548387,1.0,8.064516129032258,15.384615384615385,0.7830188679245284,0.7830188679245284,0.26146673387096775
mvtec,leather,4,0,17,1152.0,48,48,3,124,65,1.7096774193548387,1.0,12.903225806451612,24.615384615384617,0.6509433962264151,0.6509433962264151,0.2791918682795699
mvtec,leather,4,0,19,1152.0,48,48,3,124,65,1.7096774193548387,1.0,12.903225806451612,24.615384615384617,0.6509433962264151,0.6509433962264151,0.3487483198924731
mvtec,leather,4,0,21,1152.0,48,48,2,124,65,1.7096774193548387,1.0,24.193548387096776,46.15384615384615,0.5094339622641509,0.5094339622641509,0.33341733870967744
mvtec,leather,4,0,23,1152.0,48,48,2,124,65,1.7096774193548387,1.0,24.193548387096776,46.15384615384615,0.5094339622641509,0.5094339622641509,0.39994959677419356
mvtec,leather,4,0,25,1152.0,48,48,1,124,65,1.7096774193548387,1.0,34.67741935483871,66.15384615384615,0.30660377358490565,0.30660377358490565,0.28439320116487454
mvtec,leather,4,0,27,1152.0,48,48,1,124,65,1.7096774193548387,1.0,34.67741935483871,66.15384615384615,0.30660377358490565,0.30660377358490565,0.3317162298387097
mvtec,leather,4,0,29,1152.0,48,48,1,124,65,1.7096774193548387,1.0,34.67741935483871,66.15384615384615,0.30660377358490565,0.30660377358490565,0.38267949148745517
mvtec,leather,4,0,31,1152.0,48,48,1,124,65,1.7096774193548387,1.0,34.67741935483871,66.15384615384615,0.30660377358490565,0.30660377358490565,0.4372829861111111
mvtec,leather,4,0,33,1152.0,48,48,1,124,65,1.7096774193548387,1.0,34.67741935483871,66.15384615384615,0.30660377358490565,0.30660377358490565,0.49552671370967744
mvtec,leather,4,1,5,1152.0,48,48,46,124,50,1.3064516129032258,0.0,0.0,0.0,1.0,1.0,0.02835181451612903
mvtec,leather,4,1,7,1152.0,48,48,23,124,50,1.3064516129032258,0.0,0.0,0.0,1.0,1.0,0.055569556451612906
mvtec,leather,4,1,9,1152.0,48,48,14,124,50,1.3064516129032258,0.0,0.8064516129032258,2.0,0.9691358024691358,0.9691358024691358,0.08902469758064516
mvtec,leather,4,1,11,1152.0,48,48,9,124,50,1.3064516129032258,0.0,1.6129032258064515,4.0,0.9135802469135802,0.9135802469135802,0.12536402329749105
mvtec,leather,4,1,13,1152.0,48,48,6,124,50,1.3064516129032258,0.0,3.225806451612903,8.0,0.8641975308641975,0.8641975308641975,0.16563060035842295
mvtec,leather,4,1,15,1152.0,48,48,5,124,50,1.3064516129032258,0.0,4.838709677419355,12.0,0.8271604938271605,0.8271604938271605,0.21106350806451613
mvtec,leather,4,1,17,1152.0,48,48,3,124,50,1.3064516129032258,0.0,12.903225806451612,32.0,0.6728395061728395,0.6728395061728395,0.2205211133512545
mvtec,leather,4,1,19,1152.0,48,48,3,124,50,1.3064516129032258,0.0,12.903225806451612,32.0,0.6728395061728395,0.6728395061728395,0.2754606294802867
mvtec,leather,4,1,21,1152.0,48,48,2,124,50,1.3064516129032258,0.0,18.548387096774192,46.0,0.5308641975308642,0.5308641975308642,0.2654989919354839
mvtec,leather,4,1,23,1152.0,48,48,2,124,50,1.3064516129032258,0.0,18.548387096774192,46.0,0.5308641975308642,0.5308641975308642,0.3184783826164875
mvtec,leather,4,1,25,1152.0,48,48,1,124,50,1.3064516129032258,0.0,29.03225806451613,72.0,0.30864197530864196,0.30864197530864196,0.21876400089605735
mvtec,leather,4,1,27,1152.0,48,48,1,124,50,1.3064516129032258,0.0,29.03225806451613,72.0,0.30864197530864196,0.30864197530864196,0.2551663306451613
mvtec,leather,4,1,29,1152.0,48,48,1,124,50,1.3064516129032258,0.0,29.03225806451613,72.0,0.30864197530864196,0.30864197530864196,0.2943688396057348
mvtec,leather,4,1,31,1152.0,48,48,1,124,50,1.3064516129032258,0.0,29.03225806451613,72.0,0.30864197530864196,0.30864197530864196,0.3363715277777778
mvtec,leather,4,1,33,1152.0,48,48,1,124,50,1.3064516129032258,0.0,29.03225806451613,72.0,0.30864197530864196,0.30864197530864196,0.3811743951612903
mvtec,leather,4,2,5,1152.0,48,48,46,124,52,1.1209677419354838,0.0,0.0,0.0,1.0,1.0,0.024326556899641576
mvtec,leather,4,2,7,1152.0,48,48,23,124,52,1.1209677419354838,0.0,0.0,0.0,1.0,1.0,0.04768005152329749
mvtec,leather,4,2,9,1152.0,48,48,14,124,52,1.1209677419354838,0.0,0.8064516129032258,1.9230769230769231,0.9784172661870504,0.9784172661870504,0.07711693548387097
mvtec,leather,4,2,11,1152.0,48,48,9,124,52,1.1209677419354838,0.0,2.4193548387096775,5.769230769230769,0.8992805755395683,0.8992805755395683,0.10588177643369176
mvtec,leather,4,2,13,1152.0,48,48,6,124,52,1.1209677419354838,0.0,2.4193548387096775,5.769230769230769,0.8345323741007195,0.8345323741007195,0.13723678315412186
mvtec,leather,4,2,15,1152.0,48,48,5,124,52,1.1209677419354838,0.0,2.4193548387096775,5.769230769230769,0.8129496402877698,0.8129496402877698,0.17798639112903225
mvtec,leather,4,2,17,1152.0,48,48,3,124,52,1.1209677419354838,0.0,6.451612903225806,15.384615384615385,0.7122302158273381,0.7122302158273381,0.2002898185483871
mvtec,leather,4,2,19,1152.0,48,48,3,124,52,1.1209677419354838,0.0,6.451612903225806,15.384615384615385,0.7122302158273381,0.7122302158273381,0.2501890120967742
mvtec,leather,4,2,21,1152.0,48,48,2,124,52,1.1209677419354838,0.0,12.903225806451612,30.76923076923077,0.5971223021582733,0.5971223021582733,0.2562373991935484
mvtec,leather,4,2,23,1152.0,48,48,2,124,52,1.1209677419354838,0.0,12.903225806451612,30.76923076923077,0.5971223021582733,0.5971223021582733,0.3073686715949821
mvtec,leather,4,2,25,1152.0,48,48,1,124,52,1.1209677419354838,0.0,25.0,59.61538461538461,0.37410071942446044,0.37410071942446044,0.22751456093189965
mvtec,leather,4,2,27,1152.0,48,48,1,124,52,1.1209677419354838,0.0,25.0,59.61538461538461,0.37410071942446044,0.37410071942446044,0.26537298387096775
mvtec,leather,4,2,29,1152.0,48,48,1,124,52,1.1209677419354838,0.0,25.0,59.61538461538461,0.37410071942446044,0.37410071942446044,0.30614359318996415
mvtec,leather,4,2,31,1152.0,48,48,1,124,52,1.1209677419354838,0.0,25.0,59.61538461538461,0.37410071942446044,0.37410071942446044,0.3498263888888889
mvtec,leather,4,2,33,1152.0,48,48,1,124,52,1.1209677419354838,0.0,25.0,59.61538461538461,0.37410071942446044,0.37410071942446044,0.39642137096774194
mvtec,leather,8,0,5,1152.0,48,48,46,124,43,1.1290322580645162,0.0,0.0,0.0,1.0,1.0,0.024501568100358424
mvtec,leather,8,0,7,1152.0,48,48,23,124,43,1.1290322580645162,0.0,0.0,0.0,1.0,1.0,0.04802307347670251
mvtec,leather,8,0,9,1152.0,48,48,14,124,43,1.1290322580645162,0.0,0.0,0.0,1.0,1.0,0.0793850806451613
mvtec,leather,8,0,11,1152.0,48,48,9,124,43,1.1290322580645162,0.0,2.4193548387096775,6.976744186046512,0.9285714285714286,0.9285714285714286,0.11011704749103943
mvtec,leather,8,0,13,1152.0,48,48,6,124,43,1.1290322580645162,0.0,4.032258064516129,11.627906976744185,0.8428571428571429,0.8428571428571429,0.13960293458781362
mvtec,leather,8,0,15,1152.0,48,48,5,124,43,1.1290322580645162,0.0,4.032258064516129,11.627906976744185,0.8071428571428572,0.8071428571428572,0.17798639112903225
mvtec,leather,8,0,17,1152.0,48,48,3,124,43,1.1290322580645162,0.0,8.064516129032258,23.25581395348837,0.6928571428571428,0.6928571428571428,0.19624355958781362
mvtec,leather,8,0,19,1152.0,48,48,3,124,43,1.1290322580645162,0.0,8.064516129032258,23.25581395348837,0.6928571428571428,0.6928571428571428,0.24513468862007168
mvtec,leather,8,0,21,1152.0,48,48,2,124,43,1.1290322580645162,0.0,16.93548387096774,48.837209302325576,0.5428571428571428,0.5428571428571428,0.23462701612903225
mvtec,leather,8,0,23,1152.0,48,48,2,124,43,1.1290322580645162,0.0,16.93548387096774,48.837209302325576,0.5428571428571428,0.5428571428571428,0.2814460125448029
mvtec,leather,8,0,25,1152.0,48,48,1,124,43,1.1290322580645162,0.0,26.61290322580645,76.74418604651163,0.30714285714285716,0.30714285714285716,0.18813704077060933
mvtec,leather,8,0,27,1152.0,48,48,1,124,43,1.1290322580645162,0.0,26.61290322580645,76.74418604651163,0.30714285714285716,0.30714285714285716,0.21944304435483872
mvtec,leather,8,0,29,1152.0,48,48,1,124,43,1.1290322580645162,0.0,26.61290322580645,76.74418604651163,0.30714285714285716,0.30714285714285716,0.2531572020609319
mvtec,leather,8,0,31,1152.0,48,48,1,124,43,1.1290322580645162,0.0,26.61290322580645,76.74418604651163,0.30714285714285716,0.30714285714285716,0.2892795138888889
mvtec,leather,8,0,33,1152.0,48,48,1,124,43,1.1290322580645162,0.0,26.61290322580645,76.74418604651163,0.30714285714285716,0.30714285714285716,0.3278099798387097
mvtec,leather,8,1,5,1152.0,48,48,46,124,50,1.0080645161290323,0.0,0.0,0.0,1.0,1.0,0.021876400089605733
mvtec,leather,8,1,7,1152.0,48,48,23,124,50,1.0080645161290323,0.0,0.0,0.0,1.0,1.0,0.04287774417562724
mvtec,leather,8,1,9,1152.0,48,48,14,124,50,1.0080645161290323,0.0,0.8064516129032258,2.0,0.976,0.976,0.06917842741935484
mvtec,leather,8,1,11,1152.0,48,48,9,124,50,1.0080645161290323,0.0,1.6129032258064515,4.0,0.896,0.896,0.09487007168458782
mvtec,leather,8,1,13,1152.0,48,48,6,124,50,1.0080645161290323,0.0,1.6129032258064515,4.0,0.848,0.848,0.12540602598566308
mvtec,leather,8,1,15,1152.0,48,48,5,124,50,1.0080645161290323,0.0,2.4193548387096775,6.0,0.824,0.824,0.16223538306451613
mvtec,leather,8,1,17,1152.0,48,48,3,124,50,1.0080645161290323,0.0,7.258064516129033,18.0,0.712,0.712,0.1800585237455197
mvtec,leather,8,1,19,1152.0,48,48,3,124,50,1.0080645161290323,0.0,7.258064516129033,18.0,0.712,0.712,0.22491739471326164
mvtec,leather,8,1,21,1152.0,48,48,2,124,50,1.0080645161290323,0.0,11.29032258064516,28.000000000000004,0.6,0.6,0.2315398185483871
mvtec,leather,8,1,23,1152.0,48,48,2,124,50,1.0080645161290323,0.0,11.29032258064516,28.000000000000004,0.6,0.6,0.27774277553763443
mvtec,leather,8,1,25,1152.0,48,48,1,124,50,1.0080645161290323,0.0,20.161290322580644,50.0,0.4,0.4,0.21876400089605735
mvtec,leather,8,1,27,1152.0,48,48,1,124,50,1.0080645161290323,0.0,20.161290322580644,50.0,0.4,0.4,0.2551663306451613
mvtec,leather,8,1,29,1152.0,48,48,1,124,50,1.0080645161290323,0.0,20.161290322580644,50.0,0.4,0.4,0.2943688396057348
mvtec,leather,8,1,31,1152.0,48,48,1,124,50,1.0080645161290323,0.0,20.161290322580644,50.0,0.4,0.4,0.3363715277777778
mvtec,leather,8,1,33,1152.0,48,48,1,124,50,1.0080645161290323,0.0,20.161290322580644,50.0,0.4,0.4,0.3811743951612903
mvtec,leather,8,2,5,1152.0,48,48,46,124,78,3.1048387096774195,1.0,0.0,0.0,1.0,1.0,0.06737931227598566
mvtec,leather,8,2,7,1152.0,48,48,23,124,78,3.1048387096774195,1.0,0.8064516129032258,1.282051282051282,0.987012987012987,0.987012987012987,0.13034834229390682
mvtec,leather,8,2,9,1152.0,48,48,14,124,78,3.1048387096774195,1.0,2.4193548387096775,3.8461538461538463,0.9558441558441558,0.9558441558441558,0.2086693548387097
mvtec,leather,8,2,11,1152.0,48,48,9,124,78,3.1048387096774195,1.0,8.064516129032258,12.82051282051282,0.8779220779220779,0.8779220779220779,0.2863043234767025
mvtec,leather,8,2,13,1152.0,48,48,6,124,78,3.1048387096774195,1.0,16.129032258064516,25.64102564102564,0.7454545454545455,0.7454545454545455,0.33954273073476704
mvtec,leather,8,2,15,1152.0,48,48,5,124,78,3.1048387096774195,1.0,20.161290322580644,32.05128205128205,0.6805194805194805,0.6805194805194805,0.41267641129032256
mvtec,leather,8,2,17,1152.0,48,48,3,124,78,3.1048387096774195,1.0,33.064516129032256,52.56410256410257,0.4935064935064935,0.4935064935064935,0.3843946012544803
mvtec,leather,8,2,19,1152.0,48,48,3,124,78,3.1048387096774195,1.0,33.064516129032256,52.56410256410257,0.4935064935064935,0.4935064935064935,0.48016073028673834
mvtec,leather,8,2,21,1152.0,48,48,2,124,78,3.1048387096774195,1.0,41.935483870967744,66.66666666666666,0.35844155844155845,0.35844155844155845,0.42603326612903225
mvtec,leather,8,2,23,1152.0,48,48,2,124,78,3.1048387096774195,1.0,41.935483870967744,66.66666666666666,0.35844155844155845,0.35844155844155845,0.5110467069892473
mvtec,leather,8,2,25,1152.0,48,48,1,124,78,3.1048387096774195,1.0,48.38709677419355,76.92307692307693,0.2025974025974026,0.2025974025974026,0.34127184139784944
mvtec,leather,8,2,27,1152.0,48,48,1,124,78,3.1048387096774195,1.0,48.38709677419355,76.92307692307693,0.2025974025974026,0.2025974025974026,0.3980594758064516
mvtec,leather,8,2,29,1152.0,48,48,1,124,78,3.1048387096774195,1.0,48.38709677419355,76.92307692307693,0.2025974025974026,0.2025974025974026,0.45921538978494625
mvtec,leather,8,2,31,1152.0,48,48,1,124,78,3.1048387096774195,1.0,48.38709677419355,76.92307692307693,0.2025974025974026,0.2025974025974026,0.5247395833333334
mvtec,leather,8,2,33,1152.0,48,48,1,124,78,3.1048387096774195,1.0,48.38709677419355,76.92307692307693,0.2025974025974026,0.2025974025974026,0.5946320564516129
mvtec,metal_nut,1,0,5,1152.0,48,48,46,115,11,0.7565217391304347,0.0,0.0,0.0,1.0,1.0,0.016417572463768116
mvtec,metal_nut,1,0,7,1152.0,48,48,23,115,11,0.7565217391304347,0.0,0.0,0.0,1.0,1.0,0.03217844202898551
mvtec,metal_nut,1,0,9,1152.0,48,48,14,115,11,0.7565217391304347,0.0,1.7391304347826086,18.181818181818183,0.8735632183908046,0.8735632183908046,0.04646739130434783
mvtec,metal_nut,1,0,11,1152.0,48,48,9,115,11,0.7565217391304347,0.0,1.7391304347826086,18.181818181818183,0.7586206896551724,0.7586206896551724,0.06028079710144928
mvtec,metal_nut,1,0,13,1152.0,48,48,6,115,11,0.7565217391304347,0.0,4.3478260869565215,45.45454545454545,0.6091954022988506,0.6091954022988506,0.06761020531400966
mvtec,metal_nut,1,0,15,1152.0,48,48,5,115,11,0.7565217391304347,0.0,5.217391304347826,54.54545454545454,0.5402298850574713,0.5402298850574713,0.07982336956521739
mvtec,metal_nut,1,0,17,1152.0,48,48,3,115,11,0.7565217391304347,0.0,7.82608695652174,81.81818181818183,0.3448275862068966,0.3448275862068966,0.06544384057971014
mvtec,metal_nut,1,0,19,1152.0,48,48,3,115,11,0.7565217391304347,0.0,7.82608695652174,81.81818181818183,0.3448275862068966,0.3448275862068966,0.0817481884057971
mvtec,metal_nut,1,0,21,1152.0,48,48,2,115,11,0.7565217391304347,0.0,7.82608695652174,81.81818181818183,0.2413793103448276,0.2413793103448276,0.06990489130434782
mvtec,metal_nut,1,0,23,1152.0,48,48,2,115,11,0.7565217391304347,0.0,7.82608695652174,81.81818181818183,0.2413793103448276,0.2413793103448276,0.08385416666666666
mvtec,metal_nut,1,0,25,1152.0,48,48,1,115,11,0.7565217391304347,0.0,8.695652173913043,90.9090909090909,0.12643678160919541,0.12643678160919541,0.051894625603864736
mvtec,metal_nut,1,0,27,1152.0,48,48,1,115,11,0.7565217391304347,0.0,8.695652173913043,90.9090909090909,0.12643678160919541,0.12643678160919541,0.06052989130434783
mvtec,metal_nut,1,0,29,1152.0,48,48,1,115,11,0.7565217391304347,0.0,8.695652173913043,90.9090909090909,0.12643678160919541,0.12643678160919541,0.06982940821256038
mvtec,metal_nut,1,0,31,1152.0,48,48,1,115,11,0.7565217391304347,0.0,8.695652173913043,90.9090909090909,0.12643678160919541,0.12643678160919541,0.07979317632850241
mvtec,metal_nut,1,0,33,1152.0,48,48,1,115,11,0.7565217391304347,0.0,8.695652173913043,90.9090909090909,0.12643678160919541,0.12643678160919541,0.09042119565217391
mvtec,metal_nut,1,1,5,1152.0,48,48,46,115,16,0.391304347826087,0.0,0.0,0.0,1.0,1.0,0.008491847826086956
mvtec,metal_nut,1,1,7,1152.0,48,48,23,115,16,0.391304347826087,0.0,0.0,0.0,1.0,1.0,0.016644021739130436
mvtec,metal_nut,1,1,9,1152.0,48,48,14,115,16,0.391304347826087,0.0,0.0,0.0,1.0,1.0,0.02751358695652174
mvtec,metal_nut,1,1,11,1152.0,48,48,9,115,16,0.391304347826087,0.0,0.0,0.0,1.0,1.0,0.04110054347826087
mvtec,metal_nut,1,1,13,1152.0,48,48,6,115,16,0.391304347826087,0.0,0.8695652173913043,6.25,0.9555555555555556,0.9555555555555556,0.05485356280193237
mvtec,metal_nut,1,1,15,1152.0,48,48,5,115,16,0.391304347826087,0.0,1.7391304347826086,12.5,0.9111111111111111,0.9111111111111111,0.06963315217391304
mvtec,metal_nut,1,1,17,1152.0,48,48,3,115,16,0.391304347826087,0.0,4.3478260869565215,31.25,0.7111111111111111,0.7111111111111111,0.06980676328502415
mvtec,metal_nut,1,1,19,1152.0,48,48,3,115,16,0.391304347826087,0.0,4.3478260869565215,31.25,0.7111111111111111,0.7111111111111111,0.08719806763285023
mvtec,metal_nut,1,1,21,1152.0,48,48,2,115,16,0.391304347826087,0.0,6.086956521739131,43.75,0.5555555555555556,0.5555555555555556,0.08322010869565218
mvtec,metal_nut,1,1,23,1152.0,48,48,2,115,16,0.391304347826087,0.0,6.086956521739131,43.75,0.5555555555555556,0.5555555555555556,0.0998263888888889
mvtec,metal_nut,1,1,25,1152.0,48,48,1,115,16,0.391304347826087,0.0,7.82608695652174,56.25,0.35555555555555557,0.35555555555555557,0.07548309178743962
mvtec,metal_nut,1,1,27,1152.0,48,48,1,115,16,0.391304347826087,0.0,7.82608695652174,56.25,0.35555555555555557,0.35555555555555557,0.08804347826086957
mvtec,metal_nut,1,1,29,1152.0,48,48,1,115,16,0.391304347826087,0.0,7.82608695652174,56.25,0.35555555555555557,0.35555555555555557,0.10157004830917875
mvtec,metal_nut,1,1,31,1152.0,48,48,1,115,16,0.391304347826087,0.0,7.82608695652174,56.25,0.35555555555555557,0.35555555555555557,0.11606280193236715
mvtec,metal_nut,1,1,33,1152.0,48,48,1,115,16,0.391304347826087,0.0,7.82608695652174,56.25,0.35555555555555557,0.35555555555555557,0.13152173913043477
mvtec,metal_nut,1,2,5,1152.0,48,48,46,115,62,5.547826086956522,2.0,0.0,0.0,1.0,1.0,0.12039553140096618
mvtec,metal_nut,1,2,7,1152.0,48,48,23,115,62,5.547826086956522,2.0,4.3478260869565215,8.064516129032258,0.9498432601880877,0.9498432601880877,0.2241394927536232
mvtec,metal_nut,1,2,9,1152.0,48,48,14,115,62,5.547826086956522,2.0,12.173913043478262,22.58064516129032,0.8369905956112853,0.8369905956112853,0.3264945652173913
mvtec,metal_nut,1,2,11,1152.0,48,48,9,115,62,5.547826086956522,2.0,24.347826086956523,45.16129032258064,0.658307210031348,0.658307210031348,0.3836050724637681
mvtec,metal_nut,1,2,13,1152.0,48,48,6,115,62,5.547826086956522,2.0,33.04347826086956,61.29032258064516,0.49059561128526646,0.49059561128526646,0.39928291062801935
mvtec,metal_nut,1,2,15,1152.0,48,48,5,115,62,5.547826086956522,2.0,36.52173913043478,67.74193548387096,0.42476489028213166,0.42476489028213166,0.460258152173913
mvtec,metal_nut,1,2,17,1152.0,48,48,3,115,62,5.547826086956522,2.0,44.34782608695652,82.25806451612904,0.27586206896551724,0.27586206896551724,0.3839371980676328
mvtec,metal_nut,1,2,19,1152.0,48,48,3,115,62,5.547826086956522,2.0,44.34782608695652,82.25806451612904,0.27586206896551724,0.27586206896551724,0.4795893719806763
mvtec,metal_nut,1,2,21,1152.0,48,48,2,115,62,5.547826086956522,2.0,46.95652173913044,87.09677419354838,0.19122257053291536,0.19122257053291536,0.4061141304347826
mvtec,metal_nut,1,2,23,1152.0,48,48,2,115,62,5.547826086956522,2.0,46.95652173913044,87.09677419354838,0.19122257053291536,0.19122257053291536,0.48715277777777777
mvtec,metal_nut,1,2,25,1152.0,48,48,1,115,62,5.547826086956522,2.0,52.17391304347826,96.7741935483871,0.09717868338557993,0.09717868338557993,0.2924969806763285
mvtec,metal_nut,1,2,27,1152.0,48,48,1,115,62,5.547826086956522,2.0,52.17391304347826,96.7741935483871,0.09717868338557993,0.09717868338557993,0.34116847826086955
mvtec,metal_nut,1,2,29,1152.0,48,48,1,115,62,5.547826086956522,2.0,52.17391304347826,96.7741935483871,0.09717868338557993,0.09717868338557993,0.3935839371980676
mvtec,metal_nut,1,2,31,1152.0,48,48,1,115,62,5.547826086956522,2.0,52.17391304347826,96.7741935483871,0.09717868338557993,0.09717868338557993,0.4497433574879227
mvtec,metal_nut,1,2,33,1152.0,48,48,1,115,62,5.547826086956522,2.0,52.17391304347826,96.7741935483871,0.09717868338557993,0.09717868338557993,0.5096467391304348
mvtec,metal_nut,2,0,5,1152.0,48,48,46,115,67,2.8434782608695652,1.0,0.0,0.0,1.0,1.0,0.06170742753623189
mvtec,metal_nut,2,0,7,1152.0,48,48,23,115,67,2.8434782608695652,1.0,0.0,0.0,1.0,1.0,0.12094655797101449
mvtec,metal_nut,2,0,9,1152.0,48,48,14,115,67,2.8434782608695652,1.0,1.7391304347826086,2.9850746268656714,0.9847094801223242,0.9847094801223242,0.196875
mvtec,metal_nut,2,0,11,1152.0,48,48,9,115,67,2.8434782608695652,1.0,8.695652173913043,14.925373134328357,0.8960244648318043,0.8960244648318043,0.26761020531400964
mvtec,metal_nut,2,0,13,1152.0,48,48,6,115,67,2.8434782608695652,1.0,15.65217391304348,26.865671641791046,0.7675840978593272,0.7675840978593272,0.3201917270531401
mvtec,metal_nut,2,0,15,1152.0,48,48,5,115,67,2.8434782608695652,1.0,18.26086956521739,31.343283582089555,0.7033639143730887,0.7033639143730887,0.390625
mvtec,metal_nut,2,0,17,1152.0,48,48,3,115,67,2.8434782608695652,1.0,29.565217391304348,50.74626865671642,0.5168195718654435,0.5168195718654435,0.3686669685990338
mvtec,metal_nut,2,0,19,1152.0,48,48,3,115,67,2.8434782608695652,1.0,29.565217391304348,50.74626865671642,0.5168195718654435,0.5168195718654435,0.4605147946859903
mvtec,metal_nut,2,0,21,1152.0,48,48,2,115,67,2.8434782608695652,1.0,40.869565217391305,70.1492537313433,0.3730886850152905,0.3730886850152905,0.4061141304347826
mvtec,metal_nut,2,0,23,1152.0,48,48,2,115,67,2.8434782608695652,1.0,40.869565217391305,70.1492537313433,0.3730886850152905,0.3730886850152905,0.48715277777777777
mvtec,metal_nut,2,0,25,1152.0,48,48,1,115,67,2.8434782608695652,1.0,47.82608695652174,82.08955223880598,0.20489296636085627,0.20489296636085627,0.31608544685990336
mvtec,metal_nut,2,0,27,1152.0,48,48,1,115,67,2.8434782608695652,1.0,47.82608695652174,82.08955223880598,0.20489296636085627,0.20489296636085627,0.36868206521739133
mvtec,metal_nut,2,0,29,1152.0,48,48,1,115,67,2.8434782608695652,1.0,47.82608695652174,82.08955223880598,0.20489296636085627,0.20489296636085627,0.425324577294686
mvtec,metal_nut,2,0,31,1152.0,48,48,1,115,67,2.8434782608695652,1.0,47.82608695652174,82.08955223880598,0.20489296636085627,0.20489296636085627,0.4860129830917874
mvtec,metal_nut,2,0,33,1152.0,48,48,1,115,67,2.8434782608695652,1.0,47.82608695652174,82.08955223880598,0.20489296636085627,0.20489296636085627,0.5507472826086957
mvtec,metal_nut,2,1,5,1152.0,48,48,46,115,32,2.6608695652173915,0.0,0.0,0.0,1.0,1.0,0.057744565217391304
mvtec,metal_nut,2,1,7,1152.0,48,48,23,115,32,2.6608695652173915,0.0,1.7391304347826086,6.25,0.9509803921568627,0.9509803921568627,0.10763134057971015
mvtec,metal_nut,2,1,9,1152.0,48,48,14,115,32,2.6608695652173915,0.0,6.086956521739131,21.875,0.8300653594771242,0.8300653594771242,0.15529891304347826
mvtec,metal_nut,2,1,11,1152.0,48,48,9,115,32,2.6608695652173915,0.0,12.173913043478262,43.75,0.6535947712418301,0.6535947712418301,0.18266908212560387
mvtec,metal_nut,2,1,13,1152.0,48,48,6,115,32,2.6608695652173915,0.0,13.91304347826087,50.0,0.5032679738562091,0.5032679738562091,0.19645229468599035
mvtec,metal_nut,2,1,15,1152.0,48,48,5,115,32,2.6608695652173915,0.0,15.65217391304348,56.25,0.4444444444444444,0.4444444444444444,0.23097826086956522
mvtec,metal_nut,2,1,17,1152.0,48,48,3,115,32,2.6608695652173915,0.0,20.869565217391305,75.0,0.2973856209150327,0.2973856209150327,0.19851298309178744
mvtec,metal_nut,2,1,19,1152.0,48,48,3,115,32,2.6608695652173915,0.0,20.869565217391305,75.0,0.2973856209150327,0.2973856209150327,0.24796950483091787
mvtec,metal_nut,2,1,21,1152.0,48,48,2,115,32,2.6608695652173915,0.0,25.217391304347824,90.625,0.20261437908496732,0.20261437908496732,0.2063858695652174
mvtec,metal_nut,2,1,23,1152.0,48,48,2,115,32,2.6608695652173915,0.0,25.217391304347824,90.625,0.20261437908496732,0.20261437908496732,0.24756944444444445
mvtec,metal_nut,2,1,25,1152.0,48,48,1,115,32,2.6608695652173915,0.0,26.08695652173913,93.75,0.10457516339869281,0.10457516339869281,0.15096618357487923
mvtec,metal_nut,2,1,27,1152.0,48,48,1,115,32,2.6608695652173915,0.0,26.08695652173913,93.75,0.10457516339869281,0.10457516339869281,0.17608695652173914
mvtec,metal_nut,2,1,29,1152.0,48,48,1,115,32,2.6608695652173915,0.0,26.08695652173913,93.75,0.10457516339869281,0.10457516339869281,0.2031400966183575
mvtec,metal_nut,2,1,31,1152.0,48,48,1,115,32,2.6608695652173915,0.0,26.08695652173913,93.75,0.10457516339869281,0.10457516339869281,0.2321256038647343
mvtec,metal_nut,2,1,33,1152.0,48,48,1,115,32,2.6608695652173915,0.0,26.08695652173913,93.75,0.10457516339869281,0.10457516339869281,0.26304347826086955
mvtec,metal_nut,2,2,5,1152.0,48,48,46,115,85,6.043478260869565,5.0,0.0,0.0,1.0,1.0,0.13115187198067632
mvtec,metal_nut,2,2,7,1152.0,48,48,23,115,85,6.043478260869565,5.0,1.7391304347826086,2.3529411764705883,0.9913669064748202,0.9913669064748202,0.25483846618357486
mvtec,metal_nut,2,2,9,1152.0,48,48,14,115,85,6.043478260869565,5.0,10.434782608695652,14.117647058823529,0.8935251798561151,0.8935251798561151,0.3796875
mvtec,metal_nut,2,2,11,1152.0,48,48,9,115,85,6.043478260869565,5.0,22.608695652173914,30.58823529411765,0.758273381294964,0.758273381294964,0.48133303140096617
mvtec,metal_nut,2,2,13,1152.0,48,48,6,115,85,6.043478260869565,5.0,39.130434782608695,52.94117647058824,0.5913669064748202,0.5913669064748202,0.5242980072463768
mvtec,metal_nut,2,2,15,1152.0,48,48,5,115,85,6.043478260869565,5.0,43.47826086956522,58.82352941176471,0.5194244604316547,0.5194244604316547,0.6131114130434783
mvtec,metal_nut,2,2,17,1152.0,48,48,3,115,85,6.043478260869565,5.0,58.26086956521739,78.82352941176471,0.3381294964028777,0.3381294964028777,0.5126434178743962
mvtec,metal_nut,2,2,19,1152.0,48,48,3,115,85,6.043478260869565,5.0,58.26086956521739,78.82352941176471,0.3381294964028777,0.3381294964028777,0.6403608091787439
mvtec,metal_nut,2,2,21,1152.0,48,48,2,115,85,6.043478260869565,5.0,62.60869565217392,84.70588235294117,0.23453237410071942,0.23453237410071942,0.5425951086956522
mvtec,metal_nut,2,2,23,1152.0,48,48,2,115,85,6.043478260869565,5.0,62.60869565217392,84.70588235294117,0.23453237410071942,0.23453237410071942,0.6508680555555556
mvtec,metal_nut,2,2,25,1152.0,48,48,1,115,85,6.043478260869565,5.0,67.82608695652173,91.76470588235294,0.1223021582733813,0.1223021582733813,0.40100392512077293
mvtec,metal_nut,2,2,27,1152.0,48,48,1,115,85,6.043478260869565,5.0,67.82608695652173,91.76470588235294,0.1223021582733813,0.1223021582733813,0.46773097826086957
mvtec,metal_nut,2,2,29,1152.0,48,48,1,115,85,6.043478260869565,5.0,67.82608695652173,91.76470588235294,0.1223021582733813,0.1223021582733813,0.5395908816425121
mvtec,metal_nut,2,2,31,1152.0,48,48,1,115,85,6.043478260869565,5.0,67.82608695652173,91.76470588235294,0.1223021582733813,0.1223021582733813,0.6165836352657005
mvtec,metal_nut,2,2,33,1152.0,48,48,1,115,85,6.043478260869565,5.0,67.82608695652173,91.76470588235294,0.1223021582733813,0.1223021582733813,0.6987092391304348
mvtec,metal_nut,4,0,5,1152.0,48,48,46,115,92,9.939130434782609,9.0,0.0,0.0,1.0,1.0,0.2156929347826087
mvtec,metal_nut,4,0,7,1152.0,48,48,23,115,92,9.939130434782609,9.0,9.565217391304348,11.956521739130435,0.9676290463692039,0.9676290463692039,0.40907306763285023
mvtec,metal_nut,4,0,9,1152.0,48,48,14,115,92,9.939130434782609,9.0,30.434782608695656,38.04347826086957,0.8022747156605424,0.8022747156605424,0.5606657608695652
mvtec,metal_nut,4,0,11,1152.0,48,48,9,115,92,9.939130434782609,9.0,48.69565217391305,60.86956521739131,0.6010498687664042,0.6010498687664042,0.6274682971014492
mvtec,metal_nut,4,0,13,1152.0,48,48,6,115,92,9.939130434782609,9.0,58.26086956521739,72.82608695652173,0.4330708661417323,0.4330708661417323,0.631453804347826
mvtec,metal_nut,4,0,15,1152.0,48,48,5,115,92,9.939130434782609,9.0,62.60869565217392,78.26086956521739,0.3700787401574803,0.3700787401574803,0.7184103260869565
mvtec,metal_nut,4,0,17,1152.0,48,48,3,115,92,9.939130434782609,9.0,69.56521739130434,86.95652173913044,0.23184601924759404,0.23184601924759404,0.5780872584541062
mvtec,metal_nut,4,0,19,1152.0,48,48,3,115,92,9.939130434782609,9.0,69.56521739130434,86.95652173913044,0.23184601924759404,0.23184601924759404,0.7221089975845411
mvtec,metal_nut,4,0,21,1152.0,48,48,2,115,92,9.939130434782609,9.0,73.04347826086956,91.30434782608695,0.15835520559930008,0.15835520559930008,0.6025135869565217
mvtec,metal_nut,4,0,23,1152.0,48,48,2,115,92,9.939130434782609,9.0,73.04347826086956,91.30434782608695,0.15835520559930008,0.15835520559930008,0.7227430555555555
mvtec,metal_nut,4,0,25,1152.0,48,48,1,115,92,9.939130434782609,9.0,77.39130434782608,96.73913043478261,0.0804899387576553,0.0804899387576553,0.4340277777777778
mvtec,metal_nut,4,0,27,1152.0,48,48,1,115,92,9.939130434782609,9.0,77.39130434782608,96.73913043478261,0.0804899387576553,0.0804899387576553,0.50625
mvtec,metal_nut,4,0,29,1152.0,48,48,1,115,92,9.939130434782609,9.0,77.39130434782608,96.73913043478261,0.0804899387576553,0.0804899387576553,0.5840277777777778
mvtec,metal_nut,4,0,31,1152.0,48,48,1,115,92,9.939130434782609,9.0,77.39130434782608,96.73913043478261,0.0804899387576553,0.0804899387576553,0.6673611111111111
mvtec,metal_nut,4,0,33,1152.0,48,48,1,115,92,9.939130434782609,9.0,77.39130434782608,96.73913043478261,0.0804899387576553,0.0804899387576553,0.75625
mvtec,metal_nut,4,1,5,1152.0,48,48,46,115,41,2.4869565217391303,0.0,0.0,0.0,1.0,1.0,0.05397041062801932
mvtec,metal_nut,4,1,7,1152.0,48,48,23,115,41,2.4869565217391303,0.0,0.0,0.0,1.0,1.0,0.10578200483091788
mvtec,metal_nut,4,1,9,1152.0,48,48,14,115,41,2.4869565217391303,0.0,5.217391304347826,14.634146341463413,0.9055944055944056,0.9055944055944056,0.15835597826086956
mvtec,metal_nut,4,1,11,1152.0,48,48,9,115,41,2.4869565217391303,0.0,7.82608695652174,21.951219512195124,0.7902097902097902,0.7902097902097902,0.20641606280193237
mvtec,metal_nut,4,1,13,1152.0,48,48,6,115,41,2.4869565217391303,0.0,15.65217391304348,43.90243902439025,0.6398601398601399,0.6398601398601399,0.2334465579710145
mvtec,metal_nut,4,1,15,1152.0,48,48,5,115,41,2.4869565217391303,0.0,18.26086956521739,51.21951219512195,0.5664335664335665,0.5664335664335665,0.2751358695652174
mvtec,metal_nut,4,1,17,1152.0,48,48,3,115,41,2.4869565217391303,0.0,24.347826086956523,68.29268292682927,0.3881118881118881,0.3881118881118881,0.24214221014492754
mvtec,metal_nut,4,1,19,1152.0,48,48,3,115,41,2.4869565217391303,0.0,24.347826086956523,68.29268292682927,0.3881118881118881,0.3881118881118881,0.3024682971014493
mvtec,metal_nut,4,1,21,1152.0,48,48,2,115,41,2.4869565217391303,0.0,29.565217391304348,82.92682926829268,0.2692307692307692,0.2692307692307692,0.25631793478260867
mvtec,metal_nut,4,1,23,1152.0,48,48,2,115,41,2.4869565217391303,0.0,29.565217391304348,82.92682926829268,0.2692307692307692,0.2692307692307692,0.30746527777777777
mvtec,metal_nut,4,1,25,1152.0,48,48,1,115,41,2.4869565217391303,0.0,31.30434782608696,87.8048780487805,0.14335664335664336,0.14335664335664336,0.19342542270531402
mvtec,metal_nut,4,1,27,1152.0,48,48,1,115,41,2.4869565217391303,0.0,31.30434782608696,87.8048780487805,0.14335664335664336,0.14335664335664336,0.22561141304347826
mvtec,metal_nut,4,1,29,1152.0,48,48,1,115,41,2.4869565217391303,0.0,31.30434782608696,87.8048780487805,0.14335664335664336,0.14335664335664336,0.26027324879227054
mvtec,metal_nut,4,1,31,1152.0,48,48,1,115,41,2.4869565217391303,0.0,31.30434782608696,87.8048780487805,0.14335664335664336,0.14335664335664336,0.29741092995169083
mvtec,metal_nut,4,1,33,1152.0,48,48,1,115,41,2.4869565217391303,0.0,31.30434782608696,87.8048780487805,0.14335664335664336,0.14335664335664336,0.3370244565217391
mvtec,metal_nut,4,2,5,1152.0,48,48,46,115,30,2.026086956521739,0.0,0.0,0.0,1.0,1.0,0.043968900966183576
mvtec,metal_nut,4,2,7,1152.0,48,48,23,115,30,2.026086956521739,0.0,0.0,0.0,1.0,1.0,0.0861790458937198
mvtec,metal_nut,4,2,9,1152.0,48,48,14,115,30,2.026086956521739,0.0,3.4782608695652173,13.333333333333334,0.9012875536480687,0.9012875536480687,0.12839673913043478
mvtec,metal_nut,4,2,11,1152.0,48,48,9,115,30,2.026086956521739,0.0,6.086956521739131,23.333333333333332,0.7682403433476395,0.7682403433476395,0.16348882850241545
mvtec,metal_nut,4,2,13,1152.0,48,48,6,115,30,2.026086956521739,0.0,13.043478260869565,50.0,0.630901287553648,0.630901287553648,0.18752264492753623
mvtec,metal_nut,4,2,15,1152.0,48,48,5,115,30,2.026086956521739,0.0,14.782608695652174,56.666666666666664,0.5579399141630901,0.5579399141630901,0.22078804347826086
mvtec,metal_nut,4,2,17,1152.0,48,48,3,115,30,2.026086956521739,0.0,20.0,76.66666666666667,0.38197424892703863,0.38197424892703863,0.19415006038647342
mvtec,metal_nut,4,2,19,1152.0,48,48,3,115,30,2.026086956521739,0.0,20.0,76.66666666666667,0.38197424892703863,0.38197424892703863,0.24251962560386472
mvtec,metal_nut,4,2,21,1152.0,48,48,2,115,30,2.026086956521739,0.0,25.217391304347824,96.66666666666667,0.2575107296137339,0.2575107296137339,0.19972826086956522
mvtec,metal_nut,4,2,23,1152.0,48,48,2,115,30,2.026086956521739,0.0,25.217391304347824,96.66666666666667,0.2575107296137339,0.2575107296137339,0.23958333333333334
mvtec,metal_nut,4,2,25,1152.0,48,48,1,115,30,2.026086956521739,0.0,26.08695652173913,100.0,0.12875536480686695,0.12875536480686695,0.14153079710144928
mvtec,metal_nut,4,2,27,1152.0,48,48,1,115,30,2.026086956521739,0.0,26.08695652173913,100.0,0.12875536480686695,0.12875536480686695,0.16508152173913043
mvtec,metal_nut,4,2,29,1152.0,48,48,1,115,30,2.026086956521739,0.0,26.08695652173913,100.0,0.12875536480686695,0.12875536480686695,0.19044384057971014
mvtec,metal_nut,4,2,31,1152.0,48,48,1,115,30,2.026086956521739,0.0,26.08695652173913,100.0,0.12875536480686695,0.12875536480686695,0.21761775362318841
mvtec,metal_nut,4,2,33,1152.0,48,48,1,115,30,2.026086956521739,0.0,26.08695652173913,100.0,0.12875536480686695,0.12875536480686695,0.24660326086956522
mvtec,metal_nut,8,0,5,1152.0,48,48,46,115,65,3.652173913043478,2.0,0.0,0.0,1.0,1.0,0.0792572463768116
mvtec,metal_nut,8,0,7,1152.0,48,48,23,115,65,3.652173913043478,2.0,0.8695652173913043,1.5384615384615385,0.9976190476190476,0.9976190476190476,0.15497433574879227
mvtec,metal_nut,8,0,9,1152.0,48,48,14,115,65,3.652173913043478,2.0,5.217391304347826,9.230769230769232,0.9357142857142857,0.9357142857142857,0.24028532608695652
mvtec,metal_nut,8,0,11,1152.0,48,48,9,115,65,3.652173913043478,2.0,10.434782608695652,18.461538461538463,0.8261904761904761,0.8261904761904761,0.3169308574879227
mvtec,metal_nut,8,0,13,1152.0,48,48,6,115,65,3.652173913043478,2.0,21.73913043478261,38.46153846153847,0.6928571428571428,0.6928571428571428,0.37121829710144927
mvtec,metal_nut,8,0,15,1152.0,48,48,5,115,65,3.652173913043478,2.0,25.217391304347824,44.61538461538462,0.6238095238095238,0.6238095238095238,0.44497282608695654
mvtec,metal_nut,8,0,17,1152.0,48,48,3,115,65,3.652173913043478,2.0,39.130434782608695,69.23076923076923,0.42857142857142855,0.42857142857142855,0.39266304347826086
mvtec,metal_nut,8,0,19,1152.0,48,48,3,115,65,3.652173913043478,2.0,39.130434782608695,69.23076923076923,0.42857142857142855,0.42857142857142855,0.4904891304347826
mvtec,metal_nut,8,0,21,1152.0,48,48,2,115,65,3.652173913043478,2.0,46.95652173913044,83.07692307692308,0.3,0.3,0.41942934782608693
mvtec,metal_nut,8,0,23,1152.0,48,48,2,115,65,3.652173913043478,2.0,46.95652173913044,83.07692307692308,0.3,0.3,0.503125
mvtec,metal_nut,8,0,25,1152.0,48,48,1,115,65,3.652173913043478,2.0,53.04347826086957,93.84615384615384,0.15476190476190477,0.15476190476190477,0.3066500603864734
mvtec,metal_nut,8,0,27,1152.0,48,48,1,115,65,3.652173913043478,2.0,53.04347826086957,93.84615384615384,0.15476190476190477,0.15476190476190477,0.3576766304347826
mvtec,metal_nut,8,0,29,1152.0,48,48,1,115,65,3.652173913043478,2.0,53.04347826086957,93.84615384615384,0.15476190476190477,0.15476190476190477,0.41262832125603865
mvtec,metal_nut,8,0,31,1152.0,48,48,1,115,65,3.652173913043478,2.0,53.04347826086957,93.84615384615384,0.15476190476190477,0.15476190476190477,0.47150513285024154
mvtec,metal_nut,8,0,33,1152.0,48,48,1,115,65,3.652173913043478,2.0,53.04347826086957,93.84615384615384,0.15476190476190477,0.15476190476190477,0.5343070652173914
mvtec,metal_nut,8,1,5,1152.0,48,48,46,115,55,4.939130434782609,0.0,0.0,0.0,1.0,1.0,0.10718599033816426
mvtec,metal_nut,8,1,7,1152.0,48,48,23,115,55,4.939130434782609,0.0,4.3478260869565215,9.090909090909092,0.9366197183098591,0.9366197183098591,0.19676932367149758
mvtec,metal_nut,8,1,9,1152.0,48,48,14,115,55,4.939130434782609,0.0,9.565217391304348,20.0,0.8204225352112676,0.8204225352112676,0.2849184782608696
mvtec,metal_nut,8,1,11,1152.0,48,48,9,115,55,4.939130434782609,0.0,20.0,41.81818181818181,0.6619718309859155,0.6619718309859155,0.34341787439613525
mvtec,metal_nut,8,1,13,1152.0,48,48,6,115,55,4.939130434782609,0.0,29.565217391304348,61.81818181818181,0.5035211267605634,0.5035211267605634,0.3648399758454106
mvtec,metal_nut,8,1,15,1152.0,48,48,5,115,55,4.939130434782609,0.0,33.91304347826087,70.9090909090909,0.43485915492957744,0.43485915492957744,0.4194972826086957
mvtec,metal_nut,8,1,17,1152.0,48,48,3,115,55,4.939130434782609,0.0,40.0,83.63636363636363,0.2764084507042254,0.2764084507042254,0.34248943236714974
mvtec,metal_nut,8,1,19,1152.0,48,48,3,115,55,4.939130434782609,0.0,40.0,83.63636363636363,0.2764084507042254,0.2764084507042254,0.4278155193236715
mvtec,metal_nut,8,1,21,1152.0,48,48,2,115,55,4.939130434782609,0.0,43.47826086956522,90.9090909090909,0.18838028169014084,0.18838028169014084,0.3561820652173913
mvtec,metal_nut,8,1,23,1152.0,48,48,2,115,55,4.939130434782609,0.0,43.47826086956522,90.9090909090909,0.18838028169014084,0.18838028169014084,0.42725694444444445
mvtec,metal_nut,8,1,25,1152.0,48,48,1,115,55,4.939130434782609,0.0,45.21739130434783,94.54545454545455,0.09683098591549295,0.09683098591549295,0.25947312801932365
mvtec,metal_nut,8,1,27,1152.0,48,48,1,115,55,4.939130434782609,0.0,45.21739130434783,94.54545454545455,0.09683098591549295,0.09683098591549295,0.30264945652173914
mvtec,metal_nut,8,1,29,1152.0,48,48,1,115,55,4.939130434782609,0.0,45.21739130434783,94.54545454545455,0.09683098591549295,0.09683098591549295,0.3491470410628019
mvtec,metal_nut,8,1,31,1152.0,48,48,1,115,55,4.939130434782609,0.0,45.21739130434783,94.54545454545455,0.09683098591549295,0.09683098591549295,0.39896588164251207
mvtec,metal_nut,8,1,33,1152.0,48,48,1,115,55,4.939130434782609,0.0,45.21739130434783,94.54545454545455,0.09683098591549295,0.09683098591549295,0.45210597826086957
mvtec,metal_nut,8,2,5,1152.0,48,48,46,115,78,5.547826086956522,5.0,0.0,0.0,1.0,1.0,0.12039553140096618
mvtec,metal_nut,8,2,7,1152.0,48,48,23,115,78,5.547826086956522,5.0,1.7391304347826086,2.564102564102564,0.987460815047022,0.987460815047022,0.23301630434782608
mvtec,metal_nut,8,2,9,1152.0,48,48,14,115,78,5.547826086956522,5.0,8.695652173913043,12.82051282051282,0.9090909090909091,0.9090909090909091,0.3546195652173913
mvtec,metal_nut,8,2,11,1152.0,48,48,9,115,78,5.547826086956522,5.0,20.869565217391305,30.76923076923077,0.7711598746081505,0.7711598746081505,0.4493659420289855
mvtec,metal_nut,8,2,13,1152.0,48,48,6,115,78,5.547826086956522,5.0,34.78260869565217,51.28205128205128,0.6112852664576802,0.6112852664576802,0.49750905797101447
mvtec,metal_nut,8,2,15,1152.0,48,48,5,115,78,5.547826086956522,5.0,42.608695652173914,62.82051282051282,0.5344827586206896,0.5344827586206896,0.5791440217391305
mvtec,metal_nut,8,2,17,1152.0,48,48,3,115,78,5.547826086956522,5.0,53.91304347826087,79.48717948717949,0.3463949843260188,0.3463949843260188,0.48210295893719807
mvtec,metal_nut,8,2,19,1152.0,48,48,3,115,78,5.547826086956522,5.0,53.91304347826087,79.48717948717949,0.3463949843260188,0.3463949843260188,0.602211654589372
mvtec,metal_nut,8,2,21,1152.0,48,48,2,115,78,5.547826086956522,5.0,60.86956521739131,89.74358974358975,0.23667711598746083,0.23667711598746083,0.5026494565217391
mvtec,metal_nut,8,2,23,1152.0,48,48,2,115,78,5.547826086956522,5.0,60.86956521739131,89.74358974358975,0.23667711598746083,0.23667711598746083,0.6029513888888889
mvtec,metal_nut,8,2,25,1152.0,48,48,1,115,78,5.547826086956522,5.0,63.47826086956522,93.58974358974359,0.12225705329153605,0.12225705329153605,0.3679800724637681
mvtec,metal_nut,8,2,27,1152.0,48,48,1,115,78,5.547826086956522,5.0,63.47826086956522,93.58974358974359,0.12225705329153605,0.12225705329153605,0.42921195652173916
mvtec,metal_nut,8,2,29,1152.0,48,48,1,115,78,5.547826086956522,5.0,63.47826086956522,93.58974358974359,0.12225705329153605,0.12225705329153605,0.4951539855072464
mvtec,metal_nut,8,2,31,1152.0,48,48,1,115,78,5.547826086956522,5.0,63.47826086956522,93.58974358974359,0.12225705329153605,0.12225705329153605,0.5658061594202899
mvtec,metal_nut,8,2,33,1152.0,48,48,1,115,78,5.547826086956522,5.0,63.47826086956522,93.58974358974359,0.12225705329153605,0.12225705329153605,0.6411684782608695
mvtec,pill,1,0,5,1152.0,48,48,46,167,147,14.970059880239521,9.0,2.3952095808383236,2.7210884353741496,0.7536,0.7536,0.24482285429141717
mvtec,pill,1,0,7,1152.0,48,48,23,167,147,14.970059880239521,9.0,10.778443113772456,12.244897959183673,0.6816,0.6816,0.43400698602794413
mvtec,pill,1,0,9,1152.0,48,48,14,167,147,14.970059880239521,9.0,31.137724550898206,35.374149659863946,0.5596,0.5596,0.5890250748502994
mvtec,pill,1,0,11,1152.0,48,48,9,167,147,14.970059880239521,9.0,47.90419161676647,54.421768707483,0.4224,0.4224,0.6641716566866267
mvtec,pill,1,0,13,1152.0,48,48,6,167,147,14.970059880239521,9.0,61.07784431137725,69.38775510204081,0.3104,0.3104,0.6816783100465735
mvtec,pill,1,0,15,1152.0,48,48,5,167,147,14.970059880239521,9.0,65.86826347305389,74.82993197278913,0.2664,0.2664,0.7789109281437125
mvtec,pill,1,0,17,1152.0,48,48,3,167,147,14.970059880239521,9.0,76.64670658682635,87.07482993197279,0.168,0.168,0.6309256487025948
mvtec,pill,1,0,19,1152.0,48,48,3,167,147,14.970059880239521,9.0,76.64670658682635,87.07482993197279,0.168,0.168,0.7881112774451098
mvtec,pill,1,0,21,1152.0,48,48,2,167,147,14.970059880239521,9.0,79.64071856287424,90.47619047619048,0.1148,0.1148,0.6578873502994012
mvtec,pill,1,0,23,1152.0,48,48,2,167,147,14.970059880239521,9.0,79.64071856287424,90.47619047619048,0.1148,0.1148,0.7891664587491684
mvtec,pill,1,0,25,1152.0,48,48,1,167,147,14.970059880239521,9.0,83.8323353293413,95.23809523809523,0.0588,0.0588,0.477560503992016
mvtec,pill,1,0,27,1152.0,48,48,1,167,147,14.970059880239521,9.0,83.8323353293413,95.23809523809523,0.0588,0.0588,0.5570265718562875
mvtec,pill,1,0,29,1152.0,48,48,1,167,147,14.970059880239521,9.0,83.8323353293413,95.23809523809523,0.0588,0.0588,0.6426054141716567
mvtec,pill,1,0,31,1152.0,48,48,1,167,147,14.970059880239521,9.0,83.8323353293413,95.23809523809523,0.0588,0.0588,0.7342970309381237
mvtec,pill,1,0,33,1152.0,48,48,1,167,147,14.970059880239521,9.0,83.8323353293413,95.23809523809523,0.0588,0.0588,0.8321014221556886
mvtec,pill,1,1,5,1152.0,48,48,46,167,107,9.119760479041917,5.0,0.5988023952095809,0.9345794392523363,0.9980302035456337,0.9980302035456337,0.197521623419827
mvtec,pill,1,1,7,1152.0,48,48,23,167,107,9.119760479041917,5.0,10.179640718562874,15.887850467289718,0.8778726198292843,0.8778726198292843,0.34053247671324016
mvtec,pill,1,1,9,1152.0,48,48,14,167,107,9.119760479041917,5.0,26.94610778443114,42.05607476635514,0.6992777413000657,0.6992777413000657,0.4484000748502994
mvtec,pill,1,1,11,1152.0,48,48,9,167,107,9.119760479041917,5.0,36.52694610778443,57.009345794392516,0.5219960604070912,0.5219960604070912,0.5000155938123753
mvtec,pill,1,1,13,1152.0,48,48,6,167,107,9.119760479041917,5.0,44.91017964071856,70.09345794392523,0.38476690741956665,0.38476690741956665,0.5147725382568197
mvtec,pill,1,1,15,1152.0,48,48,5,167,107,9.119760479041917,5.0,49.700598802395206,77.57009345794393,0.3302692055154301,0.3302692055154301,0.5882765718562875
mvtec,pill,1,1,17,1152.0,48,48,3,167,107,9.119760479041917,5.0,58.68263473053892,91.58878504672897,0.20682862770847013,0.20682862770847013,0.4731942365269461
mvtec,pill,1,1,19,1152.0,48,48,3,167,107,9.119760479041917,5.0,58.68263473053892,91.58878504672897,0.20682862770847013,0.20682862770847013,0.5910834580838323
mvtec,pill,1,1,21,1152.0,48,48,2,167,107,9.119760479041917,5.0,61.67664670658682,96.26168224299066,0.139198949441891,0.139198949441891,0.48596556886227543
mvtec,pill,1,1,23,1152.0,48,48,2,167,107,9.119760479041917,5.0,61.67664670658682,96.26168224299066,0.139198949441891,0.139198949441891,0.5829382900864937
mvtec,pill,1,1,25,1152.0,48,48,1,167,107,9.119760479041917,5.0,62.874251497005986,98.13084112149532,0.07025607353906763,0.07025607353906763,0.34761206753160345
mvtec,pill,1,1,27,1152.0,48,48,1,167,107,9.119760479041917,5.0,62.874251497005986,98.13084112149532,0.07025607353906763,0.07025607353906763,0.40545471556886226
mvtec,pill,1,1,29,1152.0,48,48,1,167,107,9.119760479041917,5.0,62.874251497005986,98.13084112149532,0.07025607353906763,0.07025607353906763,0.4677467980705256
mvtec,pill,1,1,31,1152.0,48,48,1,167,107,9.119760479041917,5.0,62.874251497005986,98.13084112149532,0.07025607353906763,0.07025607353906763,0.5344883150365934
mvtec,pill,1,1,33,1152.0,48,48,1,167,107,9.119760479041917,5.0,62.874251497005986,98.13084112149532,0.07025607353906763,0.07025607353906763,0.6056792664670658
mvtec,pill,1,2,5,1152.0,48,48,46,167,132,11.077844311377245,6.0,2.3952095808383236,3.0303030303030303,0.8097297297297297,0.8097297297297297,0.19466275781769793
mvtec,pill,1,2,7,1152.0,48,48,23,167,132,11.077844311377245,6.0,10.179640718562874,12.878787878787879,0.7156756756756757,0.7156756756756757,0.3372213905522289
mvtec,pill,1,2,9,1152.0,48,48,14,167,132,11.077844311377245,6.0,21.55688622754491,27.27272727272727,0.5924324324324325,0.5924324324324325,0.46145209580838326
mvtec,pill,1,2,11,1152.0,48,48,9,167,132,11.077844311377245,6.0,33.532934131736525,42.42424242424242,0.4664864864864865,0.4664864864864865,0.5427842232202262
mvtec,pill,1,2,13,1152.0,48,48,6,167,132,11.077844311377245,6.0,47.30538922155689,59.84848484848485,0.35081081081081084,0.35081081081081084,0.5701149783765802
mvtec,pill,1,2,15,1152.0,48,48,5,167,132,11.077844311377245,6.0,50.29940119760479,63.63636363636363,0.3054054054054054,0.3054054054054054,0.6607877994011976
mvtec,pill,1,2,17,1152.0,48,48,3,167,132,11.077844311377245,6.0,61.67664670658682,78.03030303030303,0.1989189189189189,0.1989189189189189,0.5528110445775116
mvtec,pill,1,2,19,1152.0,48,48,3,167,132,11.077844311377245,6.0,61.67664670658682,78.03030303030303,0.1989189189189189,0.1989189189189189,0.6905355954757152
mvtec,pill,1,2,21,1152.0,48,48,2,167,132,11.077844311377245,6.0,67.06586826347305,84.84848484848484,0.13837837837837838,0.13837837837837838,0.5868263473053892
mvtec,pill,1,2,23,1152.0,48,48,2,167,132,11.077844311377245,6.0,67.06586826347305,84.84848484848484,0.13837837837837838,0.13837837837837838,0.7039254823685961
mvtec,pill,1,2,25,1152.0,48,48,1,167,132,11.077844311377245,6.0,74.25149700598801,93.93939393939394,0.07135135135135136,0.07135135135135136,0.4288298403193613
mvtec,pill,1,2,27,1152.0,48,48,1,167,132,11.077844311377245,6.0,74.25149700598801,93.93939393939394,0.07135135135135136,0.07135135135135136,0.500187125748503
mvtec,pill,1,2,29,1152.0,48,48,1,167,132,11.077844311377245,6.0,74.25149700598801,93.93939393939394,0.07135135135135136,0.07135135135135136,0.5770334331337326
mvtec,pill,1,2,31,1152.0,48,48,1,167,132,11.077844311377245,6.0,74.25149700598801,93.93939393939394,0.07135135135135136,0.07135135135135136,0.6593687624750499
mvtec,pill,1,2,33,1152.0,48,48,1,167,132,11.077844311377245,6.0,74.25149700598801,93.93939393939394,0.07135135135135136,0.07135135135135136,0.7471931137724551
mvtec,pill,2,0,5,1152.0,48,48,46,167,60,2.0179640718562872,0.0,0.0,0.0,1.0,1.0,0.04379262308715901
mvtec,pill,2,0,7,1152.0,48,48,23,167,60,2.0179640718562872,0.0,0.5988023952095809,1.6666666666666667,0.9614243323442137,0.9614243323442137,0.08252245508982035
mvtec,pill,2,0,9,1152.0,48,48,14,167,60,2.0179640718562872,0.0,1.1976047904191618,3.3333333333333335,0.9169139465875371,0.9169139465875371,0.1300991766467066
mvtec,pill,2,0,11,1152.0,48,48,9,167,60,2.0179640718562872,0.0,7.18562874251497,20.0,0.8100890207715133,0.8100890207715133,0.17170346806387227
mvtec,pill,2,0,13,1152.0,48,48,6,167,60,2.0179640718562872,0.0,12.574850299401197,35.0,0.6617210682492581,0.6617210682492581,0.19589466899534264
mvtec,pill,2,0,15,1152.0,48,48,5,167,60,2.0179640718562872,0.0,14.37125748502994,40.0,0.5905044510385756,0.5905044510385756,0.2327376497005988
mvtec,pill,2,0,17,1152.0,48,48,3,167,60,2.0179640718562872,0.0,17.365269461077844,48.333333333333336,0.42729970326409494,0.42729970326409494,0.21631736526946108
mvtec,pill,2,0,19,1152.0,48,48,3,167,60,2.0179640718562872,0.0,17.365269461077844,48.333333333333336,0.42729970326409494,0.42729970326409494,0.27020958083832336
mvtec,pill,2,0,21,1152.0,48,48,2,167,60,2.0179640718562872,0.0,21.55688622754491,60.0,0.32047477744807124,0.32047477744807124,0.24756736526946108
mvtec,pill,2,0,23,1152.0,48,48,2,167,60,2.0179640718562872,0.0,21.55688622754491,60.0,0.32047477744807124,0.32047477744807124,0.2969685628742515
mvtec,pill,2,0,25,1152.0,48,48,1,167,60,2.0179640718562872,0.0,28.74251497005988,80.0,0.17804154302670624,0.17804154302670624,0.19492265469061876
mvtec,pill,2,0,27,1152.0,48,48,1,167,60,2.0179640718562872,0.0,28.74251497005988,80.0,0.17804154302670624,0.17804154302670624,0.22735778443113772
mvtec,pill,2,0,29,1152.0,48,48,1,167,60,2.0179640718562872,0.0,28.74251497005988,80.0,0.17804154302670624,0.17804154302670624,0.2622879241516966
mvtec,pill,2,0,31,1152.0,48,48,1,167,60,2.0179640718562872,0.0,28.74251497005988,80.0,0.17804154302670624,0.17804154302670624,0.2997130738522954
mvtec,pill,2,0,33,1152.0,48,48,1,167,60,2.0179640718562872,0.0,28.74251497005988,80.0,0.17804154302670624,0.17804154302670624,0.3396332335329341
mvtec,pill,2,1,5,1152.0,48,48,46,167,121,7.431137724550898,4.0,1.7964071856287425,2.479338842975207,0.7856567284448026,0.7856567284448026,0.1266997255489022
mvtec,pill,2,1,7,1152.0,48,48,23,167,121,7.431137724550898,4.0,3.592814371257485,4.958677685950414,0.7147461724415793,0.7147461724415793,0.22591795575515636
mvtec,pill,2,1,9,1152.0,48,48,14,167,121,7.431137724550898,4.0,10.778443113772456,14.87603305785124,0.6349717969379532,0.6349717969379532,0.3317739520958084
mvtec,pill,2,1,11,1152.0,48,48,9,167,121,7.431137724550898,4.0,18.562874251497004,25.6198347107438,0.5358581788879936,0.5358581788879936,0.4182520375914837
mvtec,pill,2,1,13,1152.0,48,48,6,167,121,7.431137724550898,4.0,31.736526946107784,43.80165289256198,0.43271555197421435,0.43271555197421435,0.47172841816367267
mvtec,pill,2,1,15,1152.0,48,48,5,167,121,7.431137724550898,4.0,34.73053892215569,47.93388429752066,0.3859790491539081,0.3859790491539081,0.5602077095808383
mvtec,pill,2,1,17,1152.0,48,48,3,167,121,7.431137724550898,4.0,50.898203592814376,70.24793388429752,0.2594681708299758,0.2594681708299758,0.48370966400532267
mvtec,pill,2,1,19,1152.0,48,48,3,167,121,7.431137724550898,4.0,50.898203592814376,70.24793388429752,0.2594681708299758,0.2594681708299758,0.6042186460412509
mvtec,pill,2,1,21,1152.0,48,48,2,167,121,7.431137724550898,4.0,58.08383233532935,80.16528925619835,0.18130539887187752,0.18130539887187752,0.5157653443113772
mvtec,pill,2,1,23,1152.0,48,48,2,167,121,7.431137724550898,4.0,58.08383233532935,80.16528925619835,0.18130539887187752,0.18130539887187752,0.6186845059880239
mvtec,pill,2,1,25,1152.0,48,48,1,167,121,7.431137724550898,4.0,62.27544910179641,85.9504132231405,0.09750201450443191,0.09750201450443191,0.3930940202927478
mvtec,pill,2,1,27,1152.0,48,48,1,167,121,7.431137724550898,4.0,62.27544910179641,85.9504132231405,0.09750201450443191,0.09750201450443191,0.4585048652694611
mvtec,pill,2,1,29,1152.0,48,48,1,167,121,7.431137724550898,4.0,62.27544910179641,85.9504132231405,0.09750201450443191,0.09750201450443191,0.5289473137059215
mvtec,pill,2,1,31,1152.0,48,48,1,167,121,7.431137724550898,4.0,62.27544910179641,85.9504132231405,0.09750201450443191,0.09750201450443191,0.6044213656021291
mvtec,pill,2,1,33,1152.0,48,48,1,167,121,7.431137724550898,4.0,62.27544910179641,85.9504132231405,0.09750201450443191,0.09750201450443191,0.6849270209580839
mvtec,pill,2,2,5,1152.0,48,48,46,167,126,12.682634730538922,7.0,3.592814371257485,4.761904761904762,0.8621340887629839,0.8621340887629839,0.23728584497671323
mvtec,pill,2,2,7,1152.0,48,48,23,167,126,12.682634730538922,7.0,14.97005988023952,19.841269841269842,0.7360717658168083,0.7360717658168083,0.3970756403858949
mvtec,pill,2,2,9,1152.0,48,48,14,167,126,12.682634730538922,7.0,25.748502994011975,34.12698412698413,0.5915958451369216,0.5915958451369216,0.5275542664670658
mvtec,pill,2,2,11,1152.0,48,48,9,167,126,12.682634730538922,7.0,42.51497005988024,56.34920634920635,0.4452313503305005,0.4452313503305005,0.5931002578176979
mvtec,pill,2,2,13,1152.0,48,48,6,167,126,12.682634730538922,7.0,55.688622754491014,73.80952380952381,0.3262511803588291,0.3262511803588291,0.6070099384564205
mvtec,pill,2,2,15,1152.0,48,48,5,167,126,12.682634730538922,7.0,61.67664670658682,81.74603174603175,0.2776203966005666,0.2776203966005666,0.687687125748503
mvtec,pill,2,2,17,1152.0,48,48,3,167,126,12.682634730538922,7.0,67.66467065868264,89.68253968253968,0.17374881964117092,0.17374881964117092,0.5528110445775116
mvtec,pill,2,2,19,1152.0,48,48,3,167,126,12.682634730538922,7.0,67.66467065868264,89.68253968253968,0.17374881964117092,0.17374881964117092,0.6905355954757152
mvtec,pill,2,2,21,1152.0,48,48,2,167,126,12.682634730538922,7.0,71.25748502994011,94.44444444444444,0.11756373937677053,0.11756373937677053,0.5707803143712575
mvtec,pill,2,2,23,1152.0,48,48,2,167,126,12.682634730538922,7.0,71.25748502994011,94.44444444444444,0.11756373937677053,0.11756373937677053,0.6846775199600799
mvtec,pill,2,2,25,1152.0,48,48,1,167,126,12.682634730538922,7.0,73.65269461077844,97.61904761904762,0.059490084985835696,0.059490084985835696,0.4093375748502994
mvtec,pill,2,2,27,1152.0,48,48,1,167,126,12.682634730538922,7.0,73.65269461077844,97.61904761904762,0.059490084985835696,0.059490084985835696,0.47745134730538924
mvtec,pill,2,2,29,1152.0,48,48,1,167,126,12.682634730538922,7.0,73.65269461077844,97.61904761904762,0.059490084985835696,0.059490084985835696,0.5508046407185628
mvtec,pill,2,2,31,1152.0,48,48,1,167,126,12.682634730538922,7.0,73.65269461077844,97.61904761904762,0.059490084985835696,0.059490084985835696,0.6293974550898204
mvtec,pill,2,2,33,1152.0,48,48,1,167,126,12.682634730538922,7.0,73.65269461077844,97.61904761904762,0.059490084985835696,0.059490084985835696,0.7132297904191617
mvtec,pill,4,0,5,1152.0,48,48,46,167,117,9.047904191616766,4.0,1.7964071856287425,2.564102564102564,0.8232958305757776,0.8232958305757776,0.16165585495675316
mvtec,pill,4,0,7,1152.0,48,48,23,167,117,9.047904191616766,4.0,6.58682634730539,9.401709401709402,0.7412309728656519,0.7412309728656519,0.2852628077178975
mvtec,pill,4,0,9,1152.0,48,48,14,167,117,9.047904191616766,4.0,16.16766467065868,23.076923076923077,0.6247518199867638,0.6247518199867638,0.39745508982035926
mvtec,pill,4,0,11,1152.0,48,48,9,167,117,9.047904191616766,4.0,26.34730538922156,37.60683760683761,0.4990072799470549,0.4990072799470549,0.474228626081171
mvtec,pill,4,0,13,1152.0,48,48,6,167,117,9.047904191616766,4.0,37.72455089820359,53.84615384615385,0.38517538054268696,0.38517538054268696,0.5112587325349301
mvtec,pill,4,0,15,1152.0,48,48,5,167,117,9.047904191616766,4.0,45.50898203592814,64.95726495726495,0.33487756452680345,0.33487756452680345,0.5917851796407185
mvtec,pill,4,0,17,1152.0,48,48,3,167,117,9.047904191616766,4.0,56.886227544910184,81.19658119658119,0.2183984116479153,0.2183984116479153,0.49572729540918165
mvtec,pill,4,0,19,1152.0,48,48,3,167,117,9.047904191616766,4.0,56.886227544910184,81.19658119658119,0.2183984116479153,0.2183984116479153,0.6192302894211577
mvtec,pill,4,0,21,1152.0,48,48,2,167,117,9.047904191616766,4.0,62.874251497005986,89.74358974358975,0.14890800794176043,0.14890800794176043,0.5157653443113772
mvtec,pill,4,0,23,1152.0,48,48,2,167,117,9.047904191616766,4.0,62.874251497005986,89.74358974358975,0.14890800794176043,0.14890800794176043,0.6186845059880239
mvtec,pill,4,0,25,1152.0,48,48,1,167,117,9.047904191616766,4.0,64.67065868263472,92.3076923076923,0.07743216412971542,0.07743216412971542,0.38009917664670656
mvtec,pill,4,0,27,1152.0,48,48,1,167,117,9.047904191616766,4.0,64.67065868263472,92.3076923076923,0.07743216412971542,0.07743216412971542,0.4433476796407186
mvtec,pill,4,0,29,1152.0,48,48,1,167,117,9.047904191616766,4.0,64.67065868263472,92.3076923076923,0.07743216412971542,0.07743216412971542,0.5114614520958084
mvtec,pill,4,0,31,1152.0,48,48,1,167,117,9.047904191616766,4.0,64.67065868263472,92.3076923076923,0.07743216412971542,0.07743216412971542,0.5844404940119761
mvtec,pill,4,0,33,1152.0,48,48,1,167,117,9.047904191616766,4.0,64.67065868263472,92.3076923076923,0.07743216412971542,0.07743216412971542,0.6622848053892215
mvtec,pill,4,1,5,1152.0,48,48,46,167,97,6.077844311377246,2.0,1.7964071856287425,3.0927835051546393,0.8,0.8,0.10551813040585496
mvtec,pill,4,1,7,1152.0,48,48,23,167,97,6.077844311377246,2.0,3.592814371257485,6.185567010309279,0.7083743842364532,0.7083743842364532,0.18312853459747172
mvtec,pill,4,1,9,1152.0,48,48,14,167,97,6.077844311377246,2.0,8.982035928143713,15.463917525773196,0.6177339901477833,0.6177339901477833,0.2639876497005988
mvtec,pill,4,1,11,1152.0,48,48,9,167,97,6.077844311377246,2.0,15.568862275449103,26.804123711340207,0.5182266009852217,0.5182266009852217,0.3308279274783766
mvtec,pill,4,1,13,1152.0,48,48,6,167,97,6.077844311377246,2.0,25.149700598802394,43.29896907216495,0.41674876847290643,0.41674876847290643,0.37158495508982037
mvtec,pill,4,1,15,1152.0,48,48,5,167,97,6.077844311377246,2.0,28.143712574850298,48.45360824742268,0.3704433497536946,0.3704433497536946,0.4397455089820359
mvtec,pill,4,1,17,1152.0,48,48,3,167,97,6.077844311377246,2.0,40.119760479041915,69.0721649484536,0.25024630541871923,0.25024630541871923,0.38155979707252163
mvtec,pill,4,1,19,1152.0,48,48,3,167,97,6.077844311377246,2.0,40.119760479041915,69.0721649484536,0.25024630541871923,0.25024630541871923,0.4766196773120426
mvtec,pill,4,1,21,1152.0,48,48,2,167,97,6.077844311377246,2.0,43.712574850299404,75.25773195876289,0.17832512315270935,0.17832512315270935,0.41490456586826346
mvtec,pill,4,1,23,1152.0,48,48,2,167,97,6.077844311377246,2.0,43.712574850299404,75.25773195876289,0.17832512315270935,0.17832512315270935,0.4976973137059215
mvtec,pill,4,1,25,1152.0,48,48,1,167,97,6.077844311377246,2.0,50.29940119760479,86.5979381443299,0.09556650246305419,0.09556650246305419,0.31512495841650034
mvtec,pill,4,1,27,1152.0,48,48,1,167,97,6.077844311377246,2.0,50.29940119760479,86.5979381443299,0.09556650246305419,0.09556650246305419,0.367561751497006
mvtec,pill,4,1,29,1152.0,48,48,1,167,97,6.077844311377246,2.0,50.29940119760479,86.5979381443299,0.09556650246305419,0.09556650246305419,0.42403214404524286
mvtec,pill,4,1,31,1152.0,48,48,1,167,97,6.077844311377246,2.0,50.29940119760479,86.5979381443299,0.09556650246305419,0.09556650246305419,0.48453613606121093
mvtec,pill,4,1,33,1152.0,48,48,1,167,97,6.077844311377246,2.0,50.29940119760479,86.5979381443299,0.09556650246305419,0.09556650246305419,0.5490737275449101
mvtec,pill,4,2,5,1152.0,48,48,46,167,121,7.88622754491018,3.0,1.7964071856287425,2.479338842975207,0.7334851936218679,0.7334851936218679,0.1255301896207585
mvtec,pill,4,2,7,1152.0,48,48,23,167,121,7.88622754491018,3.0,4.191616766467066,5.785123966942149,0.6560364464692483,0.6560364464692483,0.22005988023952097
mvtec,pill,4,2,9,1152.0,48,48,14,167,121,7.88622754491018,3.0,10.778443113772456,14.87603305785124,0.5725132877752468,0.5725132877752468,0.31745883233532934
mvtec,pill,4,2,11,1152.0,48,48,9,167,121,7.88622754491018,3.0,19.16167664670659,26.446280991735538,0.4760820045558087,0.4760820045558087,0.39435192115768464
mvtec,pill,4,2,13,1152.0,48,48,6,167,121,7.88622754491018,3.0,28.143712574850298,38.84297520661157,0.38344722854973423,0.38344722854973423,0.4436179723885562
mvtec,pill,4,2,15,1152.0,48,48,5,167,121,7.88622754491018,3.0,32.93413173652694,45.45454545454545,0.3416856492027335,0.3416856492027335,0.5262911676646707
mvtec,pill,4,2,17,1152.0,48,48,3,167,121,7.88622754491018,3.0,43.11377245508982,59.50413223140496,0.2384206529992407,0.2384206529992407,0.47169203260146375
mvtec,pill,4,2,19,1152.0,48,48,3,167,121,7.88622754491018,3.0,43.11377245508982,59.50413223140496,0.2384206529992407,0.2384206529992407,0.589207002661344
mvtec,pill,4,2,21,1152.0,48,48,2,167,121,7.88622754491018,3.0,54.49101796407185,75.20661157024794,0.16932422171602127,0.16932422171602127,0.5111807634730539
mvtec,pill,4,2,23,1152.0,48,48,2,167,121,7.88622754491018,3.0,54.49101796407185,75.20661157024794,0.16932422171602127,0.16932422171602127,0.6131850881570193
mvtec,pill,4,2,25,1152.0,48,48,1,167,121,7.88622754491018,3.0,61.07784431137725,84.29752066115702,0.09187547456340167,0.09187547456340167,0.3930940202927478
mvtec,pill,4,2,27,1152.0,48,48,1,167,121,7.88622754491018,3.0,61.07784431137725,84.29752066115702,0.09187547456340167,0.09187547456340167,0.4585048652694611
mvtec,pill,4,2,29,1152.0,48,48,1,167,121,7.88622754491018,3.0,61.07784431137725,84.29752066115702,0.09187547456340167,0.09187547456340167,0.5289473137059215
mvtec,pill,4,2,31,1152.0,48,48,1,167,121,7.88622754491018,3.0,61.07784431137725,84.29752066115702,0.09187547456340167,0.09187547456340167,0.6044213656021291
mvtec,pill,4,2,33,1152.0,48,48,1,167,121,7.88622754491018,3.0,61.07784431137725,84.29752066115702,0.09187547456340167,0.09187547456340167,0.6849270209580839
mvtec,pill,8,0,5,1152.0,48,48,46,167,112,9.844311377245509,4.0,2.3952095808383236,3.571428571428571,0.7183698296836983,0.7183698296836983,0.15346910345974718
mvtec,pill,8,0,7,1152.0,48,48,23,167,112,9.844311377245509,4.0,6.58682634730539,9.821428571428571,0.6411192214111923,0.6411192214111923,0.2684526779773786
mvtec,pill,8,0,9,1152.0,48,48,14,167,112,9.844311377245509,4.0,13.77245508982036,20.535714285714285,0.5517031630170316,0.5517031630170316,0.38187687125748504
mvtec,pill,8,0,11,1152.0,48,48,9,167,112,9.844311377245509,4.0,25.748502994011975,38.392857142857146,0.4422141119221411,0.4422141119221411,0.4572469644045243
mvtec,pill,8,0,13,1152.0,48,48,6,167,112,9.844311377245509,4.0,39.52095808383233,58.92857142857143,0.3381995133819951,0.3381995133819951,0.48841899534264804
mvtec,pill,8,0,15,1152.0,48,48,5,167,112,9.844311377245509,4.0,43.11377245508982,64.28571428571429,0.2944038929440389,0.2944038929440389,0.5660553892215568
mvtec,pill,8,0,17,1152.0,48,48,3,167,112,9.844311377245509,4.0,52.69461077844312,78.57142857142857,0.19343065693430658,0.19343065693430658,0.4777008483033932
mvtec,pill,8,0,19,1152.0,48,48,3,167,112,9.844311377245509,4.0,52.69461077844312,78.57142857142857,0.19343065693430658,0.19343065693430658,0.5967128243512974
mvtec,pill,8,0,21,1152.0,48,48,2,167,112,9.844311377245509,4.0,60.47904191616767,90.17857142857143,0.13199513381995134,0.13199513381995134,0.49742702095808383
mvtec,pill,8,0,23,1152.0,48,48,2,167,112,9.844311377245509,4.0,60.47904191616767,90.17857142857143,0.13199513381995134,0.13199513381995134,0.5966868346640053
mvtec,pill,8,0,25,1152.0,48,48,1,167,112,9.844311377245509,4.0,62.874251497005986,93.75,0.0681265206812652,0.0681265206812652,0.363855622089155
mvtec,pill,8,0,27,1152.0,48,48,1,167,112,9.844311377245509,4.0,62.874251497005986,93.75,0.0681265206812652,0.0681265206812652,0.4244011976047904
mvtec,pill,8,0,29,1152.0,48,48,1,167,112,9.844311377245509,4.0,62.874251497005986,93.75,0.0681265206812652,0.0681265206812652,0.489604125083167
mvtec,pill,8,0,31,1152.0,48,48,1,167,112,9.844311377245509,4.0,62.874251497005986,93.75,0.0681265206812652,0.0681265206812652,0.5594644045242848
mvtec,pill,8,0,33,1152.0,48,48,1,167,112,9.844311377245509,4.0,62.874251497005986,93.75,0.0681265206812652,0.0681265206812652,0.6339820359281437
mvtec,pill,8,1,5,1152.0,48,48,46,167,66,4.029940119760479,0.0,0.0,0.0,1.0,1.0,0.08745529773785762
mvtec,pill,8,1,7,1152.0,48,48,23,167,66,4.029940119760479,0.0,2.3952095808383236,6.0606060606060606,0.9346210995542348,0.9346210995542348,0.16020563040585495
mvtec,pill,8,1,9,1152.0,48,48,14,167,66,4.029940119760479,0.0,8.982035928143713,22.727272727272727,0.8202080237741456,0.8202080237741456,0.23241017964071856
mvtec,pill,8,1,11,1152.0,48,48,9,167,66,4.029940119760479,0.0,15.568862275449103,39.39393939393939,0.6537890044576523,0.6537890044576523,0.2767381902860945
mvtec,pill,8,1,13,1152.0,48,48,6,167,66,4.029940119760479,0.0,21.55688622754491,54.54545454545454,0.5007429420505201,0.5007429420505201,0.29603813206919494
mvtec,pill,8,1,15,1152.0,48,48,5,167,66,4.029940119760479,0.0,26.94610778443114,68.18181818181817,0.4338781575037147,0.4338781575037147,0.3415044910179641
mvtec,pill,8,1,17,1152.0,48,48,3,167,66,4.029940119760479,0.0,32.93413173652694,83.33333333333334,0.27786032689450224,0.27786032689450224,0.28091213406520293
mvtec,pill,8,1,19,1152.0,48,48,3,167,66,4.029940119760479,0.0,32.93413173652694,83.33333333333334,0.27786032689450224,0.27786032689450224,0.35089716400532267
mvtec,pill,8,1,21,1152.0,48,48,2,167,66,4.029940119760479,0.0,35.32934131736527,89.39393939393939,0.1901931649331352,0.1901931649331352,0.2934131736526946
mvtec,pill,8,1,23,1152.0,48,48,2,167,66,4.029940119760479,0.0,35.32934131736527,89.39393939393939,0.1901931649331352,0.1901931649331352,0.35196274118429804
mvtec,pill,8,1,25,1152.0,48,48,1,167,66,4.029940119760479,0.0,37.12574850299401,93.93939393939394,0.09806835066864784,0.09806835066864784,0.21441492015968064
mvtec,pill,8,1,27,1152.0,48,48,1,167,66,4.029940119760479,0.0,37.12574850299401,93.93939393939394,0.09806835066864784,0.09806835066864784,0.2500935628742515
mvtec,pill,8,1,29,1152.0,48,48,1,167,66,4.029940119760479,0.0,37.12574850299401,93.93939393939394,0.09806835066864784,0.09806835066864784,0.2885167165668663
mvtec,pill,8,1,31,1152.0,48,48,1,167,66,4.029940119760479,0.0,37.12574850299401,93.93939393939394,0.09806835066864784,0.09806835066864784,0.32968438123752497
mvtec,pill,8,1,33,1152.0,48,48,1,167,66,4.029940119760479,0.0,37.12574850299401,93.93939393939394,0.09806835066864784,0.09806835066864784,0.37359655688622756
mvtec,pill,8,2,5,1152.0,48,48,46,167,83,3.874251497005988,0.0,0.5988023952095809,1.2048192771084338,0.964451313755796,0.964451313755796,0.08108782435129741
mvtec,pill,8,2,7,1152.0,48,48,23,167,83,3.874251497005988,0.0,1.7964071856287425,3.614457831325301,0.9041731066460588,0.9041731066460588,0.14899887724550898
mvtec,pill,8,2,9,1152.0,48,48,14,167,83,3.874251497005988,0.0,6.58682634730539,13.253012048192772,0.80370942812983,0.80370942812983,0.218937125748503
mvtec,pill,8,2,11,1152.0,48,48,9,167,83,3.874251497005988,0.0,11.377245508982035,22.89156626506024,0.6816074188562596,0.6816074188562596,0.2773671407185629
mvtec,pill,8,2,13,1152.0,48,48,6,167,83,3.874251497005988,0.0,20.958083832335326,42.168674698795186,0.5378670788253478,0.5378670788253478,0.3057010978043912
mvtec,pill,8,2,15,1152.0,48,48,5,167,83,3.874251497005988,0.0,22.75449101796407,45.78313253012048,0.47913446676970634,0.47913446676970634,0.3625561377245509
mvtec,pill,8,2,17,1152.0,48,48,3,167,83,3.874251497005988,0.0,30.538922155688624,61.44578313253012,0.33075734157650694,0.33075734157650694,0.32147164005322687
mvtec,pill,8,2,19,1152.0,48,48,3,167,83,3.874251497005988,0.0,30.538922155688624,61.44578313253012,0.33075734157650694,0.33075734157650694,0.40156146041250834
mvtec,pill,8,2,21,1152.0,48,48,2,167,83,3.874251497005988,0.0,37.72455089820359,75.90361445783132,0.23338485316846985,0.23338485316846985,0.3461358532934132
mvtec,pill,8,2,23,1152.0,48,48,2,167,83,3.874251497005988,0.0,37.72455089820359,75.90361445783132,0.23338485316846985,0.23338485316846985,0.4152060462408516
mvtec,pill,8,2,25,1152.0,48,48,1,167,83,3.874251497005988,0.0,40.7185628742515,81.92771084337349,0.12828438948995363,0.12828438948995363,0.2696430056553559
mvtec,pill,8,2,27,1152.0,48,48,1,167,83,3.874251497005988,0.0,40.7185628742515,81.92771084337349,0.12828438948995363,0.12828438948995363,0.3145116017964072
mvtec,pill,8,2,29,1152.0,48,48,1,167,83,3.874251497005988,0.0,40.7185628742515,81.92771084337349,0.12828438948995363,0.12828438948995363,0.36283162840984695
mvtec,pill,8,2,31,1152.0,48,48,1,167,83,3.874251497005988,0.0,40.7185628742515,81.92771084337349,0.12828438948995363,0.12828438948995363,0.4146030854956753
mvtec,pill,8,2,33,1152.0,48,48,1,167,83,3.874251497005988,0.0,40.7185628742515,81.92771084337349,0.12828438948995363,0.12828438948995363,0.46982597305389223
mvtec,screw,1,0,5,1152.0,48,48,46,160,0,0.0,0.0,0.0,0.0,0.0,0.0,0.0
mvtec,screw,1,0,7,1152.0,48,48,23,160,0,0.0,0.0,0.0,0.0,0.0,0.0,0.0
mvtec,screw,1,0,9,1152.0,48,48,14,160,0,0.0,0.0,0.0,0.0,0.0,0.0,0.0
mvtec,screw,1,0,11,1152.0,48,48,9,160,0,0.0,0.0,0.0,0.0,0.0,0.0,0.0
mvtec,screw,1,0,13,1152.0,48,48,6,160,0,0.0,0.0,0.0,0.0,0.0,0.0,0.0
mvtec,screw,1,0,15,1152.0,48,48,5,160,0,0.0,0.0,0.0,0.0,0.0,0.0,0.0
mvtec,screw,1,0,17,1152.0,48,48,3,160,0,0.0,0.0,0.0,0.0,0.0,0.0,0.0
mvtec,screw,1,0,19,1152.0,48,48,3,160,0,0.0,0.0,0.0,0.0,0.0,0.0,0.0
mvtec,screw,1,0,21,1152.0,48,48,2,160,0,0.0,0.0,0.0,0.0,0.0,0.0,0.0
mvtec,screw,1,0,23,1152.0,48,48,2,160,0,0.0,0.0,0.0,0.0,0.0,0.0,0.0
mvtec,screw,1,0,25,1152.0,48,48,1,160,0,0.0,0.0,0.0,0.0,0.0,0.0,0.0
mvtec,screw,1,0,27,1152.0,48,48,1,160,0,0.0,0.0,0.0,0.0,0.0,0.0,0.0
mvtec,screw,1,0,29,1152.0,48,48,1,160,0,0.0,0.0,0.0,0.0,0.0,0.0,0.0
mvtec,screw,1,0,31,1152.0,48,48,1,160,0,0.0,0.0,0.0,0.0,0.0,0.0,0.0
mvtec,screw,1,0,33,1152.0,48,48,1,160,0,0.0,0.0,0.0,0.0,0.0,0.0,0.0
mvtec,screw,1,1,5,1152.0,48,48,46,160,40,2.81875,0.0,0.0,0.0,1.0,1.0,0.06117078993055555
mvtec,screw,1,1,7,1152.0,48,48,23,160,40,2.81875,0.0,1.25,5.0,0.9600886917960089,0.9600886917960089,0.11510959201388889
mvtec,screw,1,1,9,1152.0,48,48,14,160,40,2.81875,0.0,7.5,30.0,0.8536585365853658,0.8536585365853658,0.169189453125
mvtec,screw,1,1,11,1152.0,48,48,9,160,40,2.81875,0.0,9.375,37.5,0.7028824833702882,0.7028824833702882,0.20810004340277777
mvtec,screw,1,1,13,1152.0,48,48,6,160,40,2.81875,0.0,21.25,85.0,0.5055432372505543,0.5055432372505543,0.20904947916666666
mvtec,screw,1,1,15,1152.0,48,48,5,160,40,2.81875,0.0,22.5,90.0,0.42572062084257206,0.42572062084257206,0.234375
mvtec,screw,1,1,17,1152.0,48,48,3,160,40,2.81875,0.0,23.125,92.5,0.2638580931263858,0.2638580931263858,0.18658311631944444
mvtec,screw,1,1,19,1152.0,48,48,3,160,40,2.81875,0.0,23.125,92.5,0.2638580931263858,0.2638580931263858,0.23306749131944443
mvtec,screw,1,1,21,1152.0,48,48,2,160,40,2.81875,0.0,24.375,97.5,0.17738359201773837,0.17738359201773837,0.19140625
mvtec,screw,1,1,23,1152.0,48,48,2,160,40,2.81875,0.0,24.375,97.5,0.17738359201773837,0.17738359201773837,0.22960069444444445
mvtec,screw,1,1,25,1152.0,48,48,1,160,40,2.81875,0.0,25.0,100.0,0.08869179600886919,0.08869179600886919,0.13563368055555555
mvtec,screw,1,1,27,1152.0,48,48,1,160,40,2.81875,0.0,25.0,100.0,0.08869179600886919,0.08869179600886919,0.158203125
mvtec,screw,1,1,29,1152.0,48,48,1,160,40,2.81875,0.0,25.0,100.0,0.08869179600886919,0.08869179600886919,0.18250868055555555
mvtec,screw,1,1,31,1152.0,48,48,1,160,40,2.81875,0.0,25.0,100.0,0.08869179600886919,0.08869179600886919,0.2085503472222222
mvtec,screw,1,1,33,1152.0,48,48,1,160,40,2.81875,0.0,25.0,100.0,0.08869179600886919,0.08869179600886919,0.236328125
mvtec,screw,1,2,5,1152.0,48,48,46,160,1,0.01875,0.0,0.0,0.0,1.0,1.0,0.0004069010416666667
mvtec,screw,1,2,7,1152.0,48,48,23,160,1,0.01875,0.0,0.0,0.0,1.0,1.0,0.0007975260416666667
mvtec,screw,1,2,9,1152.0,48,48,14,160,1,0.01875,0.0,0.0,0.0,1.0,1.0,0.001318359375
mvtec,screw,1,2,11,1152.0,48,48,9,160,1,0.01875,0.0,0.0,0.0,1.0,1.0,0.0019694010416666666
mvtec,screw,1,2,13,1152.0,48,48,6,160,1,0.01875,0.0,0.0,0.0,1.0,1.0,0.002750651041666667
mvtec,screw,1,2,15,1152.0,48,48,5,160,1,0.01875,0.0,0.0,0.0,1.0,1.0,0.003662109375
mvtec,screw,1,2,17,1152.0,48,48,3,160,1,0.01875,0.0,0.0,0.0,1.0,1.0,0.0047037760416666664
mvtec,screw,1,2,19,1152.0,48,48,3,160,1,0.01875,0.0,0.0,0.0,1.0,1.0,0.005875651041666667
mvtec,screw,1,2,21,1152.0,48,48,2,160,1,0.01875,0.0,0.625,100.0,0.6666666666666666,0.6666666666666666,0.00478515625
mvtec,screw,1,2,23,1152.0,48,48,2,160,1,0.01875,0.0,0.625,100.0,0.6666666666666666,0.6666666666666666,0.0057400173611111115
mvtec,screw,1,2,25,1152.0,48,48,1,160,1,0.01875,0.0,0.625,100.0,0.3333333333333333,0.3333333333333333,0.003390842013888889
mvtec,screw,1,2,27,1152.0,48,48,1,160,1,0.01875,0.0,0.625,100.0,0.3333333333333333,0.3333333333333333,0.003955078125
mvtec,screw,1,2,29,1152.0,48,48,1,160,1,0.01875,0.0,0.625,100.0,0.3333333333333333,0.3333333333333333,0.004562717013888889
mvtec,screw,1,2,31,1152.0,48,48,1,160,1,0.01875,0.0,0.625,100.0,0.3333333333333333,0.3333333333333333,0.005213758680555555
mvtec,screw,1,2,33,1152.0,48,48,1,160,1,0.01875,0.0,0.625,100.0,0.3333333333333333,0.3333333333333333,0.005908203125
mvtec,screw,2,0,5,1152.0,48,48,46,160,29,0.79375,0.0,0.0,0.0,1.0,1.0,0.017225477430555556
mvtec,screw,2,0,7,1152.0,48,48,23,160,29,0.79375,0.0,0.0,0.0,1.0,1.0,0.03376193576388889
mvtec,screw,2,0,9,1152.0,48,48,14,160,29,0.79375,0.0,0.0,0.0,1.0,1.0,0.055810546875
mvtec,screw,2,0,11,1152.0,48,48,9,160,29,0.79375,0.0,1.25,6.896551724137931,0.9606299212598425,0.9606299212598425,0.08008897569444444
mvtec,screw,2,0,13,1152.0,48,48,6,160,29,0.79375,0.0,3.75,20.689655172413794,0.8267716535433071,0.8267716535433071,0.09627278645833333
mvtec,screw,2,0,15,1152.0,48,48,5,160,29,0.79375,0.0,6.25,34.48275862068966,0.7480314960629921,0.7480314960629921,0.115966796875
mvtec,screw,2,0,17,1152.0,48,48,3,160,29,0.79375,0.0,8.125,44.827586206896555,0.5590551181102362,0.5590551181102362,0.11132269965277777
mvtec,screw,2,0,19,1152.0,48,48,3,160,29,0.79375,0.0,8.125,44.827586206896555,0.5590551181102362,0.5590551181102362,0.13905707465277778
mvtec,screw,2,0,21,1152.0,48,48,2,160,29,0.79375,0.0,11.875,65.51724137931035,0.4094488188976378,0.4094488188976378,0.1244140625
mvtec,screw,2,0,23,1152.0,48,48,2,160,29,0.79375,0.0,11.875,65.51724137931035,0.4094488188976378,0.4094488188976378,0.1492404513888889
mvtec,screw,2,0,25,1152.0,48,48,1,160,29,0.79375,0.0,14.374999999999998,79.3103448275862,0.2283464566929134,0.2283464566929134,0.09833441840277778
mvtec,screw,2,0,27,1152.0,48,48,1,160,29,0.79375,0.0,14.374999999999998,79.3103448275862,0.2283464566929134,0.2283464566929134,0.114697265625
mvtec,screw,2,0,29,1152.0,48,48,1,160,29,0.79375,0.0,14.374999999999998,79.3103448275862,0.2283464566929134,0.2283464566929134,0.13231879340277777
mvtec,screw,2,0,31,1152.0,48,48,1,160,29,0.79375,0.0,14.374999999999998,79.3103448275862,0.2283464566929134,0.2283464566929134,0.15119900173611112
mvtec,screw,2,0,33,1152.0,48,48,1,160,29,0.79375,0.0,14.374999999999998,79.3103448275862,0.2283464566929134,0.2283464566929134,0.171337890625
mvtec,screw,2,1,5,1152.0,48,48,46,160,17,0.61875,0.0,0.0,0.0,1.0,1.0,0.013427734375
mvtec,screw,2,1,7,1152.0,48,48,23,160,17,0.61875,0.0,0.0,0.0,1.0,1.0,0.026318359375
mvtec,screw,2,1,9,1152.0,48,48,14,160,17,0.61875,0.0,0.625,5.88235294117647,0.98989898989899,0.98989898989899,0.04306640625
mvtec,screw,2,1,11,1152.0,48,48,9,160,17,0.61875,0.0,1.875,17.647058823529413,0.9090909090909091,0.9090909090909091,0.05908203125
mvtec,screw,2,1,13,1152.0,48,48,6,160,17,0.61875,0.0,4.375,41.17647058823529,0.7171717171717171,0.7171717171717171,0.06509874131944444
mvtec,screw,2,1,15,1152.0,48,48,5,160,17,0.61875,0.0,5.0,47.05882352941176,0.6363636363636364,0.6363636363636364,0.076904296875
mvtec,screw,2,1,17,1152.0,48,48,3,160,17,0.61875,0.0,6.25,58.82352941176471,0.4444444444444444,0.4444444444444444,0.06898871527777778
mvtec,screw,2,1,19,1152.0,48,48,3,160,17,0.61875,0.0,6.25,58.82352941176471,0.4444444444444444,0.4444444444444444,0.08617621527777777
mvtec,screw,2,1,21,1152.0,48,48,2,160,17,0.61875,0.0,8.125,76.47058823529412,0.31313131313131315,0.31313131313131315,0.074169921875
mvtec,screw,2,1,23,1152.0,48,48,2,160,17,0.61875,0.0,8.125,76.47058823529412,0.31313131313131315,0.31313131313131315,0.08897026909722222
mvtec,screw,2,1,25,1152.0,48,48,1,160,17,0.61875,0.0,8.75,82.35294117647058,0.1717171717171717,0.1717171717171717,0.05764431423611111
mvtec,screw,2,1,27,1152.0,48,48,1,160,17,0.61875,0.0,8.75,82.35294117647058,0.1717171717171717,0.1717171717171717,0.067236328125
mvtec,screw,2,1,29,1152.0,48,48,1,160,17,0.61875,0.0,8.75,82.35294117647058,0.1717171717171717,0.1717171717171717,0.07756618923611111
mvtec,screw,2,1,31,1152.0,48,48,1,160,17,0.61875,0.0,8.75,82.35294117647058,0.1717171717171717,0.1717171717171717,0.08863389756944444
mvtec,screw,2,1,33,1152.0,48,48,1,160,17,0.61875,0.0,8.75,82.35294117647058,0.1717171717171717,0.1717171717171717,0.100439453125
mvtec,screw,2,2,5,1152.0,48,48,46,160,15,0.3625,0.0,0.0,0.0,1.0,1.0,0.007866753472222222
mvtec,screw,2,2,7,1152.0,48,48,23,160,15,0.3625,0.0,0.0,0.0,1.0,1.0,0.015418836805555556
mvtec,screw,2,2,9,1152.0,48,48,14,160,15,0.3625,0.0,0.0,0.0,1.0,1.0,0.02548828125
mvtec,screw,2,2,11,1152.0,48,48,9,160,15,0.3625,0.0,0.625,6.666666666666667,0.9827586206896551,0.9827586206896551,0.03741861979166667
mvtec,screw,2,2,13,1152.0,48,48,6,160,15,0.3625,0.0,1.25,13.333333333333334,0.9137931034482759,0.9137931034482759,0.048594835069444446
mvtec,screw,2,2,15,1152.0,48,48,5,160,15,0.3625,0.0,1.25,13.333333333333334,0.8793103448275862,0.8793103448275862,0.062255859375
mvtec,screw,2,2,17,1152.0,48,48,3,160,15,0.3625,0.0,3.75,40.0,0.7241379310344828,0.7241379310344828,0.06585286458333334
mvtec,screw,2,2,19,1152.0,48,48,3,160,15,0.3625,0.0,3.75,40.0,0.7241379310344828,0.7241379310344828,0.08225911458333333
mvtec,screw,2,2,21,1152.0,48,48,2,160,15,0.3625,0.0,8.125,86.66666666666667,0.5,0.5,0.069384765625
mvtec,screw,2,2,23,1152.0,48,48,2,160,15,0.3625,0.0,8.125,86.66666666666667,0.5,0.5,0.08323025173611111
mvtec,screw,2,2,25,1152.0,48,48,1,160,15,0.3625,0.0,8.75,93.33333333333333,0.25862068965517243,0.25862068965517243,0.050862630208333336
mvtec,screw,2,2,27,1152.0,48,48,1,160,15,0.3625,0.0,8.75,93.33333333333333,0.25862068965517243,0.25862068965517243,0.059326171875
mvtec,screw,2,2,29,1152.0,48,48,1,160,15,0.3625,0.0,8.75,93.33333333333333,0.25862068965517243,0.25862068965517243,0.06844075520833333
mvtec,screw,2,2,31,1152.0,48,48,1,160,15,0.3625,0.0,8.75,93.33333333333333,0.25862068965517243,0.25862068965517243,0.07820638020833333
mvtec,screw,2,2,33,1152.0,48,48,1,160,15,0.3625,0.0,8.75,93.33333333333333,0.25862068965517243,0.25862068965517243,0.088623046875
mvtec,screw,4,0,5,1152.0,48,48,46,160,2,0.03125,0.0,0.0,0.0,1.0,1.0,0.0006781684027777778
mvtec,screw,4,0,7,1152.0,48,48,23,160,2,0.03125,0.0,0.0,0.0,1.0,1.0,0.0013292100694444445
mvtec,screw,4,0,9,1152.0,48,48,14,160,2,0.03125,0.0,0.0,0.0,1.0,1.0,0.002197265625
mvtec,screw,4,0,11,1152.0,48,48,9,160,2,0.03125,0.0,0.0,0.0,1.0,1.0,0.0032823350694444445
mvtec,screw,4,0,13,1152.0,48,48,6,160,2,0.03125,0.0,0.0,0.0,1.0,1.0,0.004584418402777778
mvtec,screw,4,0,15,1152.0,48,48,5,160,2,0.03125,0.0,0.0,0.0,1.0,1.0,0.006103515625
mvtec,screw,4,0,17,1152.0,48,48,3,160,2,0.03125,0.0,0.625,50.0,0.8,0.8,0.006271701388888889
mvtec,screw,4,0,19,1152.0,48,48,3,160,2,0.03125,0.0,0.625,50.0,0.8,0.8,0.007834201388888889
mvtec,screw,4,0,21,1152.0,48,48,2,160,2,0.03125,0.0,0.625,50.0,0.6,0.6,0.007177734375
mvtec,screw,4,0,23,1152.0,48,48,2,160,2,0.03125,0.0,0.625,50.0,0.6,0.6,0.008610026041666666
mvtec,screw,4,0,25,1152.0,48,48,1,160,2,0.03125,0.0,0.625,50.0,0.4,0.4,0.006781684027777778
mvtec,screw,4,0,27,1152.0,48,48,1,160,2,0.03125,0.0,0.625,50.0,0.4,0.4,0.00791015625
mvtec,screw,4,0,29,1152.0,48,48,1,160,2,0.03125,0.0,0.625,50.0,0.4,0.4,0.009125434027777778
mvtec,screw,4,0,31,1152.0,48,48,1,160,2,0.03125,0.0,0.625,50.0,0.4,0.4,0.01042751736111111
mvtec,screw,4,0,33,1152.0,48,48,1,160,2,0.03125,0.0,0.625,50.0,0.4,0.4,0.01181640625
mvtec,screw,4,1,5,1152.0,48,48,46,160,25,0.825,0.0,0.0,0.0,1.0,1.0,0.017903645833333332
mvtec,screw,4,1,7,1152.0,48,48,23,160,25,0.825,0.0,0.0,0.0,1.0,1.0,0.03509114583333333
mvtec,screw,4,1,9,1152.0,48,48,14,160,25,0.825,0.0,0.0,0.0,1.0,1.0,0.0580078125
mvtec,screw,4,1,11,1152.0,48,48,9,160,25,0.825,0.0,0.0,0.0,1.0,1.0,0.08665364583333333
mvtec,screw,4,1,13,1152.0,48,48,6,160,25,0.825,0.0,5.625,36.0,0.8409090909090909,0.8409090909090909,0.10177408854166667
mvtec,screw,4,1,15,1152.0,48,48,5,160,25,0.825,0.0,6.25,40.0,0.7651515151515151,0.7651515151515151,0.123291015625
mvtec,screw,4,1,17,1152.0,48,48,3,160,25,0.825,0.0,10.625,68.0,0.5303030303030303,0.5303030303030303,0.10975477430555555
mvtec,screw,4,1,19,1152.0,48,48,3,160,25,0.825,0.0,10.625,68.0,0.5303030303030303,0.5303030303030303,0.13709852430555555
mvtec,screw,4,1,21,1152.0,48,48,2,160,25,0.825,0.0,13.125,84.0,0.3712121212121212,0.3712121212121212,0.117236328125
mvtec,screw,4,1,23,1152.0,48,48,2,160,25,0.825,0.0,13.125,84.0,0.3712121212121212,0.3712121212121212,0.14063042534722223
mvtec,screw,4,1,25,1152.0,48,48,1,160,25,0.825,0.0,15.0,96.0,0.1893939393939394,0.1893939393939394,0.08477105034722222
mvtec,screw,4,1,27,1152.0,48,48,1,160,25,0.825,0.0,15.0,96.0,0.1893939393939394,0.1893939393939394,0.098876953125
mvtec,screw,4,1,29,1152.0,48,48,1,160,25,0.825,0.0,15.0,96.0,0.1893939393939394,0.1893939393939394,0.11406792534722222
mvtec,screw,4,1,31,1152.0,48,48,1,160,25,0.825,0.0,15.0,96.0,0.1893939393939394,0.1893939393939394,0.1303439670138889
mvtec,screw,4,1,33,1152.0,48,48,1,160,25,0.825,0.0,15.0,96.0,0.1893939393939394,0.1893939393939394,0.147705078125
mvtec,screw,4,2,5,1152.0,48,48,46,160,52,1.6375,0.0,0.0,0.0,1.0,1.0,0.03553602430555555
mvtec,screw,4,2,7,1152.0,48,48,23,160,52,1.6375,0.0,0.0,0.0,1.0,1.0,0.06965060763888889
mvtec,screw,4,2,9,1152.0,48,48,14,160,52,1.6375,0.0,1.25,3.8461538461538463,0.9732824427480916,0.9732824427480916,0.112060546875
mvtec,screw,4,2,11,1152.0,48,48,9,160,52,1.6375,0.0,3.125,9.615384615384617,0.8969465648854962,0.8969465648854962,0.1542697482638889
mvtec,screw,4,2,13,1152.0,48,48,6,160,52,1.6375,0.0,7.5,23.076923076923077,0.7900763358778626,0.7900763358778626,0.189794921875
mvtec,screw,4,2,15,1152.0,48,48,5,160,52,1.6375,0.0,12.5,38.46153846153847,0.7137404580152672,0.7137404580152672,0.228271484375
mvtec,screw,4,2,17,1152.0,48,48,3,160,52,1.6375,0.0,18.125,55.769230769230774,0.5038167938931297,0.5038167938931297,0.20696614583333334
mvtec,screw,4,2,19,1152.0,48,48,3,160,52,1.6375,0.0,18.125,55.769230769230774,0.5038167938931297,0.5038167938931297,0.25852864583333335
mvtec,screw,4,2,21,1152.0,48,48,2,160,52,1.6375,0.0,23.75,73.07692307692307,0.35877862595419846,0.35877862595419846,0.22490234375
mvtec,screw,4,2,23,1152.0,48,48,2,160,52,1.6375,0.0,23.75,73.07692307692307,0.35877862595419846,0.35877862595419846,0.2697808159722222
mvtec,screw,4,2,25,1152.0,48,48,1,160,52,1.6375,0.0,26.25,80.76923076923077,0.1984732824427481,0.1984732824427481,0.1763237847222222
mvtec,screw,4,2,27,1152.0,48,48,1,160,52,1.6375,0.0,26.25,80.76923076923077,0.1984732824427481,0.1984732824427481,0.2056640625
mvtec,screw,4,2,29,1152.0,48,48,1,160,52,1.6375,0.0,26.25,80.76923076923077,0.1984732824427481,0.1984732824427481,0.23726128472222222
mvtec,screw,4,2,31,1152.0,48,48,1,160,52,1.6375,0.0,26.25,80.76923076923077,0.1984732824427481,0.1984732824427481,0.2711154513888889
mvtec,screw,4,2,33,1152.0,48,48,1,160,52,1.6375,0.0,26.25,80.76923076923077,0.1984732824427481,0.1984732824427481,0.3072265625
mvtec,screw,8,0,5,1152.0,48,48,46,160,23,1.15,0.0,0.0,0.0,1.0,1.0,0.024956597222222224
mvtec,screw,8,0,7,1152.0,48,48,23,160,23,1.15,0.0,0.0,0.0,1.0,1.0,0.048914930555555555
mvtec,screw,8,0,9,1152.0,48,48,14,160,23,1.15,0.0,3.75,26.08695652173913,0.9130434782608695,0.9130434782608695,0.073828125
mvtec,screw,8,0,11,1152.0,48,48,9,160,23,1.15,0.0,5.0,34.78260869565217,0.717391304347826,0.717391304347826,0.08665364583333333
mvtec,screw,8,0,13,1152.0,48,48,6,160,23,1.15,0.0,7.5,52.17391304347826,0.5380434782608695,0.5380434782608695,0.090771484375
mvtec,screw,8,0,15,1152.0,48,48,5,160,23,1.15,0.0,7.5,52.17391304347826,0.47282608695652173,0.47282608695652173,0.106201171875
mvtec,screw,8,0,17,1152.0,48,48,3,160,23,1.15,0.0,10.0,69.56521739130434,0.30978260869565216,0.30978260869565216,0.08937174479166667
mvtec,screw,8,0,19,1152.0,48,48,3,160,23,1.15,0.0,10.0,69.56521739130434,0.30978260869565216,0.30978260869565216,0.11163736979166666
mvtec,screw,8,0,21,1152.0,48,48,2,160,23,1.15,0.0,10.625,73.91304347826086,0.21739130434782608,0.21739130434782608,0.095703125
mvtec,screw,8,0,23,1152.0,48,48,2,160,23,1.15,0.0,10.625,73.91304347826086,0.21739130434782608,0.21739130434782608,0.11480034722222222
mvtec,screw,8,0,25,1152.0,48,48,1,160,23,1.15,0.0,10.625,73.91304347826086,0.125,0.125,0.07798936631944445
mvtec,screw,8,0,27,1152.0,48,48,1,160,23,1.15,0.0,10.625,73.91304347826086,0.125,0.125,0.090966796875
mvtec,screw,8,0,29,1152.0,48,48,1,160,23,1.15,0.0,10.625,73.91304347826086,0.125,0.125,0.10494249131944444
mvtec,screw,8,0,31,1152.0,48,48,1,160,23,1.15,0.0,10.625,73.91304347826086,0.125,0.125,0.11991644965277778
mvtec,screw,8,0,33,1152.0,48,48,1,160,23,1.15,0.0,10.625,73.91304347826086,0.125,0.125,0.135888671875
mvtec,screw,8,1,5,1152.0,48,48,46,160,60,3.45,0.0,0.0,0.0,1.0,1.0,0.07486979166666667
mvtec,screw,8,1,7,1152.0,48,48,23,160,60,3.45,0.0,3.125,8.333333333333332,0.9528985507246377,0.9528985507246377,0.13983289930555556
mvtec,screw,8,1,9,1152.0,48,48,14,160,60,3.45,0.0,7.5,20.0,0.8170289855072463,0.8170289855072463,0.198193359375
mvtec,screw,8,1,11,1152.0,48,48,9,160,60,3.45,0.0,13.125,35.0,0.6557971014492754,0.6557971014492754,0.23764105902777777
mvtec,screw,8,1,13,1152.0,48,48,6,160,60,3.45,0.0,18.75,50.0,0.5072463768115942,0.5072463768115942,0.2567274305555556
mvtec,screw,8,1,15,1152.0,48,48,5,160,60,3.45,0.0,21.25,56.666666666666664,0.44565217391304346,0.44565217391304346,0.30029296875
mvtec,screw,8,1,17,1152.0,48,48,3,160,60,3.45,0.0,26.875,71.66666666666667,0.29528985507246375,0.29528985507246375,0.25557183159722224
mvtec,screw,8,1,19,1152.0,48,48,3,160,60,3.45,0.0,26.875,71.66666666666667,0.29528985507246375,0.29528985507246375,0.31924370659722223
mvtec,screw,8,1,21,1152.0,48,48,2,160,60,3.45,0.0,30.625000000000004,81.66666666666667,0.20652173913043478,0.20652173913043478,0.27275390625
mvtec,screw,8,1,23,1152.0,48,48,2,160,60,3.45,0.0,30.625000000000004,81.66666666666667,0.20652173913043478,0.20652173913043478,0.32718098958333336
mvtec,screw,8,1,25,1152.0,48,48,1,160,60,3.45,0.0,33.75,90.0,0.10869565217391304,0.10869565217391304,0.20345052083333334
mvtec,screw,8,1,27,1152.0,48,48,1,160,60,3.45,0.0,33.75,90.0,0.10869565217391304,0.10869565217391304,0.2373046875
mvtec,screw,8,1,29,1152.0,48,48,1,160,60,3.45,0.0,33.75,90.0,0.10869565217391304,0.10869565217391304,0.2737630208333333
mvtec,screw,8,1,31,1152.0,48,48,1,160,60,3.45,0.0,33.75,90.0,0.10869565217391304,0.10869565217391304,0.3128255208333333
mvtec,screw,8,1,33,1152.0,48,48,1,160,60,3.45,0.0,33.75,90.0,0.10869565217391304,0.10869565217391304,0.3544921875
mvtec,screw,8,2,5,1152.0,48,48,46,160,87,4.31875,2.0,0.0,0.0,1.0,1.0,0.0937228732638889
mvtec,screw,8,2,7,1152.0,48,48,23,160,87,4.31875,2.0,1.25,2.2988505747126435,0.9913169319826338,0.9913169319826338,0.1821017795138889
mvtec,screw,8,2,9,1152.0,48,48,14,160,87,4.31875,2.0,8.125,14.942528735632186,0.9160636758321273,0.9160636758321273,0.278173828125
mvtec,screw,8,2,11,1152.0,48,48,9,160,87,4.31875,2.0,13.750000000000002,25.287356321839084,0.7742402315484804,0.7742402315484804,0.3512098524305556
mvtec,screw,8,2,13,1152.0,48,48,6,160,87,4.31875,2.0,28.125,51.724137931034484,0.6063675832127352,0.6063675832127352,0.3841742621527778
mvtec,screw,8,2,15,1152.0,48,48,5,160,87,4.31875,2.0,33.125,60.91954022988506,0.5296671490593343,0.5296671490593343,0.44677734375
mvtec,screw,8,2,17,1152.0,48,48,3,160,87,4.31875,2.0,38.75,71.26436781609196,0.35600578871201155,0.35600578871201155,0.38570963541666664
mvtec,screw,8,2,19,1152.0,48,48,3,160,87,4.31875,2.0,38.75,71.26436781609196,0.35600578871201155,0.35600578871201155,0.4818033854166667
mvtec,screw,8,2,21,1152.0,48,48,2,160,87,4.31875,2.0,48.125,88.50574712643679,0.24457308248914617,0.24457308248914617,0.404345703125
mvtec,screw,8,2,23,1152.0,48,48,2,160,87,4.31875,2.0,48.125,88.50574712643679,0.24457308248914617,0.24457308248914617,0.4850314670138889
mvtec,screw,8,2,25,1152.0,48,48,1,160,87,4.31875,2.0,51.24999999999999,94.25287356321839,0.12590448625180897,0.12590448625180897,0.2950032552083333
mvtec,screw,8,2,27,1152.0,48,48,1,160,87,4.31875,2.0,51.24999999999999,94.25287356321839,0.12590448625180897,0.12590448625180897,0.344091796875
mvtec,screw,8,2,29,1152.0,48,48,1,160,87,4.31875,2.0,51.24999999999999,94.25287356321839,0.12590448625180897,0.12590448625180897,0.39695638020833335
mvtec,screw,8,2,31,1152.0,48,48,1,160,87,4.31875,2.0,51.24999999999999,94.25287356321839,0.12590448625180897,0.12590448625180897,0.45359700520833335
mvtec,screw,8,2,33,1152.0,48,48,1,160,87,4.31875,2.0,51.24999999999999,94.25287356321839,0.12590448625180897,0.12590448625180897,0.514013671875
mvtec,tile,1,0,5,1152.0,48,48,46,117,55,16.256410256410255,0.0,11.965811965811966,25.454545454545453,0.843322818086225,0.843322818086225,0.2975130579297246
mvtec,tile,1,0,7,1152.0,48,48,23,117,55,16.256410256410255,0.0,27.350427350427353,58.18181818181818,0.5615141955835962,0.5615141955835962,0.38826566951566954
mvtec,tile,1,0,9,1152.0,48,48,14,117,55,16.256410256410255,0.0,37.60683760683761,80.0,0.3801261829652997,0.3801261829652997,0.4344951923076923
mvtec,tile,1,0,11,1152.0,48,48,9,117,55,16.256410256410255,0.0,41.88034188034188,89.0909090909091,0.2539432176656151,0.2539432176656151,0.4336048789173789
mvtec,tile,1,0,13,1152.0,48,48,6,117,55,16.256410256410255,0.0,44.44444444444444,94.54545454545455,0.1719242902208202,0.1719242902208202,0.41001157407407407
mvtec,tile,1,0,15,1152.0,48,48,5,117,55,16.256410256410255,0.0,46.15384615384615,98.18181818181819,0.14353312302839116,0.14353312302839116,0.4557291666666667
mvtec,tile,1,0,17,1152.0,48,48,3,117,55,16.256410256410255,0.0,46.15384615384615,98.18181818181819,0.08675078864353312,0.08675078864353312,0.35378828347578345
mvtec,tile,1,0,19,1152.0,48,48,3,117,55,16.256410256410255,0.0,46.15384615384615,98.18181818181819,0.08675078864353312,0.08675078864353312,0.4419293091168091
mvtec,tile,1,0,21,1152.0,48,48,2,117,55,16.256410256410255,0.0,47.008547008547005,100.0,0.05783385909568875,0.05783385909568875,0.35990918803418803
mvtec,tile,1,0,23,1152.0,48,48,2,117,55,16.256410256410255,0.0,47.008547008547005,100.0,0.05783385909568875,0.05783385909568875,0.4317278015194682
mvtec,tile,1,0,25,1152.0,48,48,1,117,55,16.256410256410255,0.0,47.008547008547005,100.0,0.028916929547844375,0.028916929547844375,0.25503768993352327
mvtec,tile,1,0,27,1152.0,48,48,1,117,55,16.256410256410255,0.0,47.008547008547005,100.0,0.028916929547844375,0.028916929547844375,0.29747596153846156
mvtec,tile,1,0,29,1152.0,48,48,1,117,55,16.256410256410255,0.0,47.008547008547005,100.0,0.028916929547844375,0.028916929547844375,0.34317871557454893
mvtec,tile,1,0,31,1152.0,48,48,1,117,55,16.256410256410255,0.0,47.008547008547005,100.0,0.028916929547844375,0.028916929547844375,0.3921459520417854
mvtec,tile,1,0,33,1152.0,48,48,1,117,55,16.256410256410255,0.0,47.008547008547005,100.0,0.028916929547844375,0.028916929547844375,0.44437767094017094
mvtec,tile,1,1,5,1152.0,48,48,46,117,53,9.58974358974359,0.0,4.273504273504273,9.433962264150944,0.9055258467023173,0.9055258467023173,0.18844966761633428
mvtec,tile,1,1,7,1152.0,48,48,23,117,53,9.58974358974359,0.0,12.82051282051282,28.30188679245283,0.7165775401069518,0.7165775401069518,0.29228988603988604
mvtec,tile,1,1,9,1152.0,48,48,14,117,53,9.58974358974359,0.0,26.495726495726498,58.490566037735846,0.533868092691622,0.533868092691622,0.35997596153846156
mvtec,tile,1,1,11,1152.0,48,48,9,117,53,9.58974358974359,0.0,32.47863247863248,71.69811320754717,0.38146167557932265,0.38146167557932265,0.3842295821462488
mvtec,tile,1,1,13,1152.0,48,48,6,117,53,9.58974358974359,0.0,37.60683760683761,83.01886792452831,0.26916221033868093,0.26916221033868093,0.3786651234567901
mvtec,tile,1,1,15,1152.0,48,48,5,117,53,9.58974358974359,0.0,39.31623931623932,86.79245283018868,0.2281639928698752,0.2281639928698752,0.42735042735042733
mvtec,tile,1,1,17,1152.0,48,48,3,117,53,9.58974358974359,0.0,43.58974358974359,96.22641509433963,0.1408199643493761,0.1408199643493761,0.33877908357075026
mvtec,tile,1,1,19,1152.0,48,48,3,117,53,9.58974358974359,0.0,43.58974358974359,96.22641509433963,0.1408199643493761,0.1408199643493761,0.42318079297245964
mvtec,tile,1,1,21,1152.0,48,48,2,117,53,9.58974358974359,0.0,44.44444444444444,98.11320754716981,0.0944741532976827,0.0944741532976827,0.3468215811965812
mvtec,tile,1,1,23,1152.0,48,48,2,117,53,9.58974358974359,0.0,44.44444444444444,98.11320754716981,0.0944741532976827,0.0944741532976827,0.4160286087369421
mvtec,tile,1,1,25,1152.0,48,48,1,117,53,9.58974358974359,0.0,45.2991452991453,100.0,0.04723707664884135,0.04723707664884135,0.24576359211775878
mvtec,tile,1,1,27,1152.0,48,48,1,117,53,9.58974358974359,0.0,45.2991452991453,100.0,0.04723707664884135,0.04723707664884135,0.28665865384615385
mvtec,tile,1,1,29,1152.0,48,48,1,117,53,9.58974358974359,0.0,45.2991452991453,100.0,0.04723707664884135,0.04723707664884135,0.33069948955365625
mvtec,tile,1,1,31,1152.0,48,48,1,117,53,9.58974358974359,0.0,45.2991452991453,100.0,0.04723707664884135,0.04723707664884135,0.3778860992402659
mvtec,tile,1,1,33,1152.0,48,48,1,117,53,9.58974358974359,0.0,45.2991452991453,100.0,0.04723707664884135,0.04723707664884135,0.4282184829059829
mvtec,tile,1,2,5,1152.0,48,48,46,117,55,6.136752136752137,0.0,0.8547008547008548,1.8181818181818181,0.9944289693593314,0.9944289693593314,0.13243411680911682
mvtec,tile,1,2,7,1152.0,48,48,23,117,55,6.136752136752137,0.0,8.547008547008547,18.181818181818183,0.8997214484679665,0.8997214484679665,0.23484983380816715
mvtec,tile,1,2,9,1152.0,48,48,14,117,55,6.136752136752137,0.0,17.094017094017094,36.36363636363637,0.7005571030640668,0.7005571030640668,0.30228365384615385
mvtec,tile,1,2,11,1152.0,48,48,9,117,55,6.136752136752137,0.0,24.786324786324787,52.72727272727272,0.5278551532033426,0.5278551532033426,0.3402406813865147
mvtec,tile,1,2,13,1152.0,48,48,6,117,55,6.136752136752137,0.0,31.62393162393162,67.27272727272727,0.38857938718662954,0.38857938718662954,0.3498263888888889
mvtec,tile,1,2,15,1152.0,48,48,5,117,55,6.136752136752137,0.0,33.33333333333333,70.9090909090909,0.3342618384401114,0.3342618384401114,0.40064102564102566
mvtec,tile,1,2,17,1152.0,48,48,3,117,55,6.136752136752137,0.0,38.46153846153847,81.81818181818183,0.21309192200557103,0.21309192200557103,0.32805822649572647
mvtec,tile,1,2,19,1152.0,48,48,3,117,55,6.136752136752137,0.0,38.46153846153847,81.81818181818183,0.21309192200557103,0.21309192200557103,0.40978899572649574
mvtec,tile,1,2,21,1152.0,48,48,2,117,55,6.136752136752137,0.0,41.02564102564102,87.27272727272727,0.14623955431754876,0.14623955431754876,0.34354967948717946
mvtec,tile,1,2,23,1152.0,48,48,2,117,55,6.136752136752137,0.0,41.02564102564102,87.27272727272727,0.14623955431754876,0.14623955431754876,0.41210381054131057
mvtec,tile,1,2,25,1152.0,48,48,1,117,55,6.136752136752137,0.0,42.73504273504273,90.9090909090909,0.0766016713091922,0.0766016713091922,0.25503768993352327
mvtec,tile,1,2,27,1152.0,48,48,1,117,55,6.136752136752137,0.0,42.73504273504273,90.9090909090909,0.0766016713091922,0.0766016713091922,0.29747596153846156
mvtec,tile,1,2,29,1152.0,48,48,1,117,55,6.136752136752137,0.0,42.73504273504273,90.9090909090909,0.0766016713091922,0.0766016713091922,0.34317871557454893
mvtec,tile,1,2,31,1152.0,48,48,1,117,55,6.136752136752137,0.0,42.73504273504273,90.9090909090909,0.0766016713091922,0.0766016713091922,0.3921459520417854
mvtec,tile,1,2,33,1152.0,48,48,1,117,55,6.136752136752137,0.0,42.73504273504273,90.9090909090909,0.0766016713091922,0.0766016713091922,0.44437767094017094
mvtec,tile,2,0,5,1152.0,48,48,46,117,54,11.435897435897436,0.0,4.273504273504273,9.25925925925926,0.922272047832586,0.922272047832586,0.22888473409306742
mvtec,tile,2,0,7,1152.0,48,48,23,117,54,11.435897435897436,0.0,18.803418803418804,40.74074074074074,0.7257100149476831,0.7257100149476831,0.35300183998100665
mvtec,tile,2,0,9,1152.0,48,48,14,117,54,11.435897435897436,0.0,34.18803418803419,74.07407407407408,0.5224215246636771,0.5224215246636771,0.42007211538461536
mvtec,tile,2,0,11,1152.0,48,48,9,117,54,11.435897435897436,0.0,40.17094017094017,87.03703703703704,0.3542600896860987,0.3542600896860987,0.4255252849002849
mvtec,tile,2,0,13,1152.0,48,48,6,117,54,11.435897435897436,0.0,44.44444444444444,96.29629629629629,0.2406576980568012,0.2406576980568012,0.4037422839506173
mvtec,tile,2,0,15,1152.0,48,48,5,117,54,11.435897435897436,0.0,45.2991452991453,98.14814814814815,0.20104633781763825,0.20104633781763825,0.4490518162393162
mvtec,tile,2,0,17,1152.0,48,48,3,117,54,11.435897435897436,0.0,46.15384615384615,100.0,0.1210762331838565,0.1210762331838565,0.3473557692307692
mvtec,tile,2,0,19,1152.0,48,48,3,117,54,11.435897435897436,0.0,46.15384615384615,100.0,0.1210762331838565,0.1210762331838565,0.4338942307692308
mvtec,tile,2,0,21,1152.0,48,48,2,117,54,11.435897435897436,0.0,46.15384615384615,100.0,0.08071748878923767,0.08071748878923767,0.35336538461538464
mvtec,tile,2,0,23,1152.0,48,48,2,117,54,11.435897435897436,0.0,46.15384615384615,100.0,0.08071748878923767,0.08071748878923767,0.4238782051282051
mvtec,tile,2,0,25,1152.0,48,48,1,117,54,11.435897435897436,0.0,46.15384615384615,100.0,0.04035874439461883,0.04035874439461883,0.250400641025641
mvtec,tile,2,0,27,1152.0,48,48,1,117,54,11.435897435897436,0.0,46.15384615384615,100.0,0.04035874439461883,0.04035874439461883,0.2920673076923077
mvtec,tile,2,0,29,1152.0,48,48,1,117,54,11.435897435897436,0.0,46.15384615384615,100.0,0.04035874439461883,0.04035874439461883,0.3369391025641026
mvtec,tile,2,0,31,1152.0,48,48,1,117,54,11.435897435897436,0.0,46.15384615384615,100.0,0.04035874439461883,0.04035874439461883,0.38501602564102566
mvtec,tile,2,0,33,1152.0,48,48,1,117,54,11.435897435897436,0.0,46.15384615384615,100.0,0.04035874439461883,0.04035874439461883,0.4362980769230769
mvtec,tile,2,1,5,1152.0,48,48,46,117,54,13.0,0.0,7.6923076923076925,16.666666666666664,0.8678500986193294,0.8678500986193294,0.24483618233618235
mvtec,tile,2,1,7,1152.0,48,48,23,117,54,13.0,0.0,20.51282051282051,44.44444444444444,0.6298487836949376,0.6298487836949376,0.3482757597340931
mvtec,tile,2,1,9,1152.0,48,48,14,117,54,13.0,0.0,33.33333333333333,72.22222222222221,0.44115713346482577,0.44115713346482577,0.4032451923076923
mvtec,tile,2,1,11,1152.0,48,48,9,117,54,13.0,0.0,37.60683760683761,81.48148148148148,0.3037475345167653,0.3037475345167653,0.4147524928774929
mvtec,tile,2,1,13,1152.0,48,48,6,117,54,13.0,0.0,42.73504273504273,92.5925925925926,0.20973044049967127,0.20973044049967127,0.3999807098765432
mvtec,tile,2,1,15,1152.0,48,48,5,117,54,13.0,0.0,44.44444444444444,96.29629629629629,0.1755424063116371,0.1755424063116371,0.445713141025641
mvtec,tile,2,1,17,1152.0,48,48,3,117,54,13.0,0.0,45.2991452991453,98.14814814814815,0.10585141354372124,0.10585141354372124,0.3452115978157645
mvtec,tile,2,1,19,1152.0,48,48,3,117,54,13.0,0.0,45.2991452991453,98.14814814814815,0.10585141354372124,0.10585141354372124,0.43121587132003797
mvtec,tile,2,1,21,1152.0,48,48,2,117,54,13.0,0.0,45.2991452991453,98.14814814814815,0.07100591715976332,0.07100591715976332,0.35336538461538464
mvtec,tile,2,1,23,1152.0,48,48,2,117,54,13.0,0.0,45.2991452991453,98.14814814814815,0.07100591715976332,0.07100591715976332,0.4238782051282051
mvtec,tile,2,1,25,1152.0,48,48,1,117,54,13.0,0.0,46.15384615384615,100.0,0.03550295857988166,0.03550295857988166,0.250400641025641
mvtec,tile,2,1,27,1152.0,48,48,1,117,54,13.0,0.0,46.15384615384615,100.0,0.03550295857988166,0.03550295857988166,0.2920673076923077
mvtec,tile,2,1,29,1152.0,48,48,1,117,54,13.0,0.0,46.15384615384615,100.0,0.03550295857988166,0.03550295857988166,0.3369391025641026
mvtec,tile,2,1,31,1152.0,48,48,1,117,54,13.0,0.0,46.15384615384615,100.0,0.03550295857988166,0.03550295857988166,0.38501602564102566
mvtec,tile,2,1,33,1152.0,48,48,1,117,54,13.0,0.0,46.15384615384615,100.0,0.03550295857988166,0.03550295857988166,0.4362980769230769
mvtec,tile,2,2,5,1152.0,48,48,46,117,51,6.769230769230769,0.0,1.7094017094017095,3.9215686274509802,0.9570707070707071,0.9570707070707071,0.14059532288698956
mvtec,tile,2,2,7,1152.0,48,48,23,117,51,6.769230769230769,0.0,7.6923076923076925,17.647058823529413,0.8345959595959596,0.8345959595959596,0.24030300332383667
mvtec,tile,2,2,9,1152.0,48,48,14,117,51,6.769230769230769,0.0,17.94871794871795,41.17647058823529,0.6666666666666666,0.6666666666666666,0.3173076923076923
mvtec,tile,2,2,11,1152.0,48,48,9,117,51,6.769230769230769,0.0,26.495726495726498,60.78431372549019,0.494949494949495,0.494949494949495,0.35191120607787274
mvtec,tile,2,2,13,1152.0,48,48,6,117,51,6.769230769230769,0.0,32.47863247863248,74.50980392156863,0.36363636363636365,0.36363636363636365,0.3611111111111111
mvtec,tile,2,2,15,1152.0,48,48,5,117,51,6.769230769230769,0.0,35.8974358974359,82.35294117647058,0.3106060606060606,0.3106060606060606,0.41065705128205127
mvtec,tile,2,2,17,1152.0,48,48,3,117,51,6.769230769230769,0.0,41.88034188034188,96.07843137254902,0.1919191919191919,0.1919191919191919,0.32591405508072174
mvtec,tile,2,2,19,1152.0,48,48,3,117,51,6.769230769230769,0.0,41.88034188034188,96.07843137254902,0.1919191919191919,0.1919191919191919,0.40711063627730293
mvtec,tile,2,2,21,1152.0,48,48,2,117,51,6.769230769230769,0.0,42.73504273504273,98.0392156862745,0.12878787878787878,0.12878787878787878,0.33373397435897434
mvtec,tile,2,2,23,1152.0,48,48,2,117,51,6.769230769230769,0.0,42.73504273504273,98.0392156862745,0.12878787878787878,0.12878787878787878,0.40032941595441596
mvtec,tile,2,2,25,1152.0,48,48,1,117,51,6.769230769230769,0.0,43.58974358974359,100.0,0.06439393939393939,0.06439393939393939,0.2364894943019943
mvtec,tile,2,2,27,1152.0,48,48,1,117,51,6.769230769230769,0.0,43.58974358974359,100.0,0.06439393939393939,0.06439393939393939,0.27584134615384615
mvtec,tile,2,2,29,1152.0,48,48,1,117,51,6.769230769230769,0.0,43.58974358974359,100.0,0.06439393939393939,0.06439393939393939,0.31822026353276356
mvtec,tile,2,2,31,1152.0,48,48,1,117,51,6.769230769230769,0.0,43.58974358974359,100.0,0.06439393939393939,0.06439393939393939,0.3636262464387464
mvtec,tile,2,2,33,1152.0,48,48,1,117,51,6.769230769230769,0.0,43.58974358974359,100.0,0.06439393939393939,0.06439393939393939,0.4120592948717949
mvtec,tile,4,0,5,1152.0,48,48,46,117,25,0.8632478632478633,0.0,0.0,0.0,1.0,1.0,0.018733677587844253
mvtec,tile,4,0,7,1152.0,48,48,23,117,25,0.8632478632478633,0.0,0.0,0.0,1.0,1.0,0.03671800807217474
mvtec,tile,4,0,9,1152.0,48,48,14,117,25,0.8632478632478633,0.0,0.8547008547008548,4.0,0.9108910891089109,0.9108910891089109,0.055288461538461536
mvtec,tile,4,0,11,1152.0,48,48,9,117,25,0.8632478632478633,0.0,2.564102564102564,12.0,0.8217821782178217,0.8217821782178217,0.07451181149097816
mvtec,tile,4,0,13,1152.0,48,48,6,117,25,0.8632478632478633,0.0,4.273504273504273,20.0,0.7029702970297029,0.7029702970297029,0.08902391975308642
mvtec,tile,4,0,15,1152.0,48,48,5,117,25,0.8632478632478633,0.0,5.128205128205128,24.0,0.6435643564356436,0.6435643564356436,0.10850694444444445
mvtec,tile,4,0,17,1152.0,48,48,3,117,25,0.8632478632478633,0.0,5.982905982905983,28.000000000000004,0.5148514851485149,0.5148514851485149,0.11149691358024691
mvtec,tile,4,0,19,1152.0,48,48,3,117,25,0.8632478632478633,0.0,5.982905982905983,28.000000000000004,0.5148514851485149,0.5148514851485149,0.1392746913580247
mvtec,tile,4,0,21,1152.0,48,48,2,117,25,0.8632478632478633,0.0,9.401709401709402,44.0,0.40594059405940597,0.40594059405940597,0.13414797008547008
mvtec,tile,4,0,23,1152.0,48,48,2,117,25,0.8632478632478633,0.0,9.401709401709402,44.0,0.40594059405940597,0.40594059405940597,0.1609167260208927
mvtec,tile,4,0,25,1152.0,48,48,1,117,25,0.8632478632478633,0.0,13.675213675213676,64.0,0.24752475247524752,0.24752475247524752,0.11592622269705603
mvtec,tile,4,0,27,1152.0,48,48,1,117,25,0.8632478632478633,0.0,13.675213675213676,64.0,0.24752475247524752,0.24752475247524752,0.13521634615384615
mvtec,tile,4,0,29,1152.0,48,48,1,117,25,0.8632478632478633,0.0,13.675213675213676,64.0,0.24752475247524752,0.24752475247524752,0.1559903252611586
mvtec,tile,4,0,31,1152.0,48,48,1,117,25,0.8632478632478633,0.0,13.675213675213676,64.0,0.24752475247524752,0.24752475247524752,0.17824816001899335
mvtec,tile,4,0,33,1152.0,48,48,1,117,25,0.8632478632478633,0.0,13.675213675213676,64.0,0.24752475247524752,0.24752475247524752,0.20198985042735043
mvtec,tile,4,1,5,1152.0,48,48,46,117,57,5.982905982905983,0.0,0.8547008547008548,1.7543859649122806,0.9957142857142857,0.9957142857142857,0.12928092355175688
mvtec,tile,4,1,7,1152.0,48,48,23,117,57,5.982905982905983,0.0,6.837606837606838,14.035087719298245,0.8871428571428571,0.8871428571428571,0.22576121794871795
mvtec,tile,4,1,9,1152.0,48,48,14,117,57,5.982905982905983,0.0,15.384615384615385,31.57894736842105,0.7171428571428572,0.7171428571428572,0.3016826923076923
mvtec,tile,4,1,11,1152.0,48,48,9,117,57,5.982905982905983,0.0,23.931623931623932,49.122807017543856,0.5442857142857143,0.5442857142857143,0.34203614672364674
mvtec,tile,4,1,13,1152.0,48,48,6,117,57,5.982905982905983,0.0,33.33333333333333,68.42105263157895,0.39571428571428574,0.39571428571428574,0.3473186728395062
mvtec,tile,4,1,15,1152.0,48,48,5,117,57,5.982905982905983,0.0,33.33333333333333,68.42105263157895,0.34,0.34,0.3973023504273504
mvtec,tile,4,1,17,1152.0,48,48,3,117,57,5.982905982905983,0.0,36.75213675213676,75.43859649122807,0.22,0.22,0.33020239791073125
mvtec,tile,4,1,19,1152.0,48,48,3,117,57,5.982905982905983,0.0,36.75213675213676,75.43859649122807,0.22,0.22,0.4124673551756885
mvtec,tile,4,1,21,1152.0,48,48,2,117,57,5.982905982905983,0.0,41.02564102564102,84.21052631578947,0.15142857142857144,0.15142857142857144,0.3468215811965812
mvtec,tile,4,1,23,1152.0,48,48,2,117,57,5.982905982905983,0.0,41.02564102564102,84.21052631578947,0.15142857142857144,0.15142857142857144,0.4160286087369421
mvtec,tile,4,1,25,1152.0,48,48,1,117,57,5.982905982905983,0.0,41.88034188034188,85.96491228070175,0.08142857142857143,0.08142857142857143,0.26431178774928776
mvtec,tile,4,1,27,1152.0,48,48,1,117,57,5.982905982905983,0.0,41.88034188034188,85.96491228070175,0.08142857142857143,0.08142857142857143,0.3082932692307692
mvtec,tile,4,1,29,1152.0,48,48,1,117,57,5.982905982905983,0.0,41.88034188034188,85.96491228070175,0.08142857142857143,0.08142857142857143,0.3556579415954416
mvtec,tile,4,1,31,1152.0,48,48,1,117,57,5.982905982905983,0.0,41.88034188034188,85.96491228070175,0.08142857142857143,0.08142857142857143,0.40640580484330485
mvtec,tile,4,1,33,1152.0,48,48,1,117,57,5.982905982905983,0.0,41.88034188034188,85.96491228070175,0.08142857142857143,0.08142857142857143,0.460536858974359
mvtec,tile,4,2,5,1152.0,48,48,46,117,56,12.17094017094017,0.0,6.837606837606838,14.285714285714285,0.9058988764044944,0.9058988764044944,0.23927172364672364
mvtec,tile,4,2,7,1152.0,48,48,23,117,56,12.17094017094017,0.0,20.51282051282051,42.857142857142854,0.6341292134831461,0.6341292134831461,0.32828080484330485
mvtec,tile,4,2,9,1152.0,48,48,14,117,56,12.17094017094017,0.0,29.059829059829063,60.71428571428571,0.4529494382022472,0.4529494382022472,0.3876201923076923
mvtec,tile,4,2,11,1152.0,48,48,9,117,56,12.17094017094017,0.0,36.75213675213676,76.78571428571429,0.3146067415730337,0.3146067415730337,0.4021842355175689
mvtec,tile,4,2,13,1152.0,48,48,6,117,56,12.17094017094017,0.0,36.75213675213676,76.78571428571429,0.22401685393258428,0.22401685393258428,0.3999807098765432
mvtec,tile,4,2,15,1152.0,48,48,5,117,56,12.17094017094017,0.0,41.88034188034188,87.5,0.1896067415730337,0.1896067415730337,0.45072115384615385
mvtec,tile,4,2,17,1152.0,48,48,3,117,56,12.17094017094017,0.0,44.44444444444444,92.85714285714286,0.11657303370786516,0.11657303370786516,0.35593245489078823
mvtec,tile,4,2,19,1152.0,48,48,3,117,56,12.17094017094017,0.0,44.44444444444444,92.85714285714286,0.11657303370786516,0.11657303370786516,0.4446076685660019
mvtec,tile,4,2,21,1152.0,48,48,2,117,56,12.17094017094017,0.0,46.15384615384615,96.42857142857143,0.07865168539325842,0.07865168539325842,0.36645299145299143
mvtec,tile,4,2,23,1152.0,48,48,2,117,56,12.17094017094017,0.0,46.15384615384615,96.42857142857143,0.07865168539325842,0.07865168539325842,0.43957739791073125
mvtec,tile,4,2,25,1152.0,48,48,1,117,56,12.17094017094017,0.0,47.863247863247864,100.0,0.03932584269662921,0.03932584269662921,0.2596747388414055
mvtec,tile,4,2,27,1152.0,48,48,1,117,56,12.17094017094017,0.0,47.863247863247864,100.0,0.03932584269662921,0.03932584269662921,0.30288461538461536
mvtec,tile,4,2,29,1152.0,48,48,1,117,56,12.17094017094017,0.0,47.863247863247864,100.0,0.03932584269662921,0.03932584269662921,0.3494183285849953
mvtec,tile,4,2,31,1152.0,48,48,1,117,56,12.17094017094017,0.0,47.863247863247864,100.0,0.03932584269662921,0.03932584269662921,0.3992758784425451
mvtec,tile,4,2,33,1152.0,48,48,1,117,56,12.17094017094017,0.0,47.863247863247864,100.0,0.03932584269662921,0.03932584269662921,0.45245726495726496
mvtec,tile,8,0,5,1152.0,48,48,46,117,52,8.581196581196581,0.0,3.418803418803419,7.6923076923076925,0.9322709163346613,0.9322709163346613,0.1736111111111111
mvtec,tile,8,0,7,1152.0,48,48,23,117,52,8.581196581196581,0.0,11.965811965811966,26.923076923076923,0.7729083665338645,0.7729083665338645,0.28211063627730293
mvtec,tile,8,0,9,1152.0,48,48,14,117,52,8.581196581196581,0.0,21.367521367521366,48.07692307692308,0.599601593625498,0.599601593625498,0.36177884615384615
mvtec,tile,8,0,11,1152.0,48,48,9,117,52,8.581196581196581,0.0,34.18803418803419,76.92307692307693,0.4312749003984064,0.4312749003984064,0.3887182454890788
mvtec,tile,8,0,13,1152.0,48,48,6,117,52,8.581196581196581,0.0,38.46153846153847,86.53846153846155,0.30378486055776893,0.30378486055776893,0.3824266975308642
mvtec,tile,8,0,15,1152.0,48,48,5,117,52,8.581196581196581,0.0,40.17094017094017,90.38461538461539,0.25697211155378485,0.25697211155378485,0.4306891025641026
mvtec,tile,8,0,17,1152.0,48,48,3,117,52,8.581196581196581,0.0,44.44444444444444,100.0,0.1553784860557769,0.1553784860557769,0.33449074074074076
mvtec,tile,8,0,19,1152.0,48,48,3,117,52,8.581196581196581,0.0,44.44444444444444,100.0,0.1553784860557769,0.1553784860557769,0.41782407407407407
mvtec,tile,8,0,21,1152.0,48,48,2,117,52,8.581196581196581,0.0,44.44444444444444,100.0,0.10358565737051793,0.10358565737051793,0.3402777777777778
mvtec,tile,8,0,23,1152.0,48,48,2,117,52,8.581196581196581,0.0,44.44444444444444,100.0,0.10358565737051793,0.10358565737051793,0.408179012345679
mvtec,tile,8,0,25,1152.0,48,48,1,117,52,8.581196581196581,0.0,44.44444444444444,100.0,0.05179282868525897,0.05179282868525897,0.24112654320987653
mvtec,tile,8,0,27,1152.0,48,48,1,117,52,8.581196581196581,0.0,44.44444444444444,100.0,0.05179282868525897,0.05179282868525897,0.28125
mvtec,tile,8,0,29,1152.0,48,48,1,117,52,8.581196581196581,0.0,44.44444444444444,100.0,0.05179282868525897,0.05179282868525897,0.3244598765432099
mvtec,tile,8,0,31,1152.0,48,48,1,117,52,8.581196581196581,0.0,44.44444444444444,100.0,0.05179282868525897,0.05179282868525897,0.3707561728395062
mvtec,tile,8,0,33,1152.0,48,48,1,117,52,8.581196581196581,0.0,44.44444444444444,100.0,0.05179282868525897,0.05179282868525897,0.4201388888888889
mvtec,tile,8,1,5,1152.0,48,48,46,117,49,5.982905982905983,0.0,2.564102564102564,6.122448979591836,0.9428571428571428,0.9428571428571428,0.12241809116809117
mvtec,tile,8,1,7,1152.0,48,48,23,117,49,5.982905982905983,0.0,5.982905982905983,14.285714285714285,0.8028571428571428,0.8028571428571428,0.20431208452041785
mvtec,tile,8,1,9,1152.0,48,48,14,117,49,5.982905982905983,0.0,11.11111111111111,26.53061224489796,0.6771428571428572,0.6771428571428572,0.2848557692307692
mvtec,tile,8,1,11,1152.0,48,48,9,117,49,5.982905982905983,0.0,23.076923076923077,55.10204081632652,0.5242857142857142,0.5242857142857142,0.3294678893637227
mvtec,tile,8,1,13,1152.0,48,48,6,117,49,5.982905982905983,0.0,29.914529914529915,71.42857142857143,0.3842857142857143,0.3842857142857143,0.33728780864197533
mvtec,tile,8,1,15,1152.0,48,48,5,117,49,5.982905982905983,0.0,34.18803418803419,81.63265306122449,0.3271428571428571,0.3271428571428571,0.38227831196581197
mvtec,tile,8,1,17,1152.0,48,48,3,117,49,5.982905982905983,0.0,36.75213675213676,87.75510204081633,0.20714285714285716,0.20714285714285716,0.3109048551756885
mvtec,tile,8,1,19,1152.0,48,48,3,117,49,5.982905982905983,0.0,36.75213675213676,87.75510204081633,0.20714285714285716,0.20714285714285716,0.38836212013295346
mvtec,tile,8,1,21,1152.0,48,48,2,117,49,5.982905982905983,0.0,41.02564102564102,97.95918367346938,0.13857142857142857,0.13857142857142857,0.3173744658119658
mvtec,tile,8,1,23,1152.0,48,48,2,117,49,5.982905982905983,0.0,41.02564102564102,97.95918367346938,0.13857142857142857,0.13857142857142857,0.3807054249762583
mvtec,tile,8,1,25,1152.0,48,48,1,117,49,5.982905982905983,0.0,41.02564102564102,97.95918367346938,0.07,0.07,0.22721539648622982
mvtec,tile,8,1,27,1152.0,48,48,1,117,49,5.982905982905983,0.0,41.02564102564102,97.95918367346938,0.07,0.07,0.26502403846153844
mvtec,tile,8,1,29,1152.0,48,48,1,117,49,5.982905982905983,0.0,41.02564102564102,97.95918367346938,0.07,0.07,0.3057410375118709
mvtec,tile,8,1,31,1152.0,48,48,1,117,49,5.982905982905983,0.0,41.02564102564102,97.95918367346938,0.07,0.07,0.349366393637227
mvtec,tile,8,1,33,1152.0,48,48,1,117,49,5.982905982905983,0.0,41.02564102564102,97.95918367346938,0.07,0.07,0.39590010683760685
mvtec,tile,8,2,5,1152.0,48,48,46,117,60,16.307692307692307,1.0,14.529914529914532,28.333333333333332,0.8380503144654088,0.8380503144654088,0.29658564814814814
mvtec,tile,8,2,7,1152.0,48,48,23,117,60,16.307692307692307,1.0,23.076923076923077,45.0,0.5534591194968553,0.5534591194968553,0.3839031339031339
mvtec,tile,8,2,9,1152.0,48,48,14,117,60,16.307692307692307,1.0,38.46153846153847,75.0,0.38522012578616355,0.38522012578616355,0.4417067307692308
mvtec,tile,8,2,11,1152.0,48,48,9,117,60,16.307692307692307,1.0,41.88034188034188,81.66666666666667,0.25943396226415094,0.25943396226415094,0.44437767094017094
mvtec,tile,8,2,13,1152.0,48,48,6,117,60,16.307692307692307,1.0,45.2991452991453,88.33333333333333,0.17819706498951782,0.17819706498951782,0.4263117283950617
mvtec,tile,8,2,15,1152.0,48,48,5,117,60,16.307692307692307,1.0,45.2991452991453,88.33333333333333,0.15041928721174005,0.15041928721174005,0.47909989316239315
mvtec,tile,8,2,17,1152.0,48,48,3,117,60,16.307692307692307,1.0,47.863247863247864,93.33333333333333,0.09224318658280922,0.09224318658280922,0.3773741690408357
mvtec,tile,8,2,19,1152.0,48,48,3,117,60,16.307692307692307,1.0,47.863247863247864,93.33333333333333,0.09224318658280922,0.09224318658280922,0.4713912630579297
mvtec,tile,8,2,21,1152.0,48,48,2,117,60,16.307692307692307,1.0,49.572649572649574,96.66666666666667,0.06184486373165619,0.06184486373165619,0.3860844017094017
mvtec,tile,8,2,23,1152.0,48,48,2,117,60,16.307692307692307,1.0,49.572649572649574,96.66666666666667,0.06184486373165619,0.06184486373165619,0.4631261870845204
mvtec,tile,8,2,25,1152.0,48,48,1,117,60,16.307692307692307,1.0,49.572649572649574,96.66666666666667,0.031446540880503145,0.031446540880503145,0.27822293447293445
mvtec,tile,8,2,27,1152.0,48,48,1,117,60,16.307692307692307,1.0,49.572649572649574,96.66666666666667,0.031446540880503145,0.031446540880503145,0.3245192307692308
mvtec,tile,8,2,29,1152.0,48,48,1,117,60,16.307692307692307,1.0,49.572649572649574,96.66666666666667,0.031446540880503145,0.031446540880503145,0.37437678062678065
mvtec,tile,8,2,31,1152.0,48,48,1,117,60,16.307692307692307,1.0,49.572649572649574,96.66666666666667,0.031446540880503145,0.031446540880503145,0.42779558404558404
mvtec,tile,8,2,33,1152.0,48,48,1,117,60,16.307692307692307,1.0,49.572649572649574,96.66666666666667,0.031446540880503145,0.031446540880503145,0.484775641025641
mvtec,toothbrush,1,0,5,1152.0,48,48,46,42,38,25.642857142857142,18.5,11.904761904761903,13.157894736842104,0.8050139275766016,0.8050139275766016,0.44797867063492064
mvtec,toothbrush,1,0,7,1152.0,48,48,23,42,38,25.642857142857142,18.5,35.714285714285715,39.473684210526315,0.585886722376973,0.585886722376973,0.6390335648148148
mvtec,toothbrush,1,0,9,1152.0,48,48,14,42,38,25.642857142857142,18.5,52.38095238095239,57.89473684210527,0.415041782729805,0.415041782729805,0.7483258928571429
mvtec,toothbrush,1,0,11,1152.0,48,48,9,42,38,25.642857142857142,18.5,64.28571428571429,71.05263157894737,0.29619312906220985,0.29619312906220985,0.7977637235449735
mvtec,toothbrush,1,0,13,1152.0,48,48,6,42,38,25.642857142857142,18.5,83.33333333333334,92.10526315789474,0.20705663881151345,0.20705663881151345,0.7789145171957672
mvtec,toothbrush,1,0,15,1152.0,48,48,5,42,38,25.642857142857142,18.5,85.71428571428571,94.73684210526315,0.17363045496750232,0.17363045496750232,0.8696056547619048
mvtec,toothbrush,1,0,17,1152.0,48,48,3,42,38,25.642857142857142,18.5,88.09523809523809,97.36842105263158,0.10584958217270195,0.10584958217270195,0.6809275793650794
mvtec,toothbrush,1,0,19,1152.0,48,48,3,42,38,25.642857142857142,18.5,88.09523809523809,97.36842105263158,0.10584958217270195,0.10584958217270195,0.8505704365079365
mvtec,toothbrush,1,0,21,1152.0,48,48,2,42,38,25.642857142857142,18.5,90.47619047619048,100.0,0.07056638811513463,0.07056638811513463,0.6927083333333334
mvtec,toothbrush,1,0,23,1152.0,48,48,2,42,38,25.642857142857142,18.5,90.47619047619048,100.0,0.07056638811513463,0.07056638811513463,0.8309358465608465
mvtec,toothbrush,1,0,25,1152.0,48,48,1,42,38,25.642857142857142,18.5,90.47619047619048,100.0,0.035283194057567316,0.035283194057567316,0.49086474867724866
mvtec,toothbrush,1,0,27,1152.0,48,48,1,42,38,25.642857142857142,18.5,90.47619047619048,100.0,0.035283194057567316,0.035283194057567316,0.5725446428571429
mvtec,toothbrush,1,0,29,1152.0,48,48,1,42,38,25.642857142857142,18.5,90.47619047619048,100.0,0.035283194057567316,0.035283194057567316,0.6605076058201058
mvtec,toothbrush,1,0,31,1152.0,48,48,1,42,38,25.642857142857142,18.5,90.47619047619048,100.0,0.035283194057567316,0.035283194057567316,0.7547536375661376
mvtec,toothbrush,1,0,33,1152.0,48,48,1,42,38,25.642857142857142,18.5,90.47619047619048,100.0,0.035283194057567316,0.035283194057567316,0.8552827380952381
mvtec,toothbrush,1,1,5,1152.0,48,48,46,42,19,4.0476190476190474,0.0,0.0,0.0,1.0,1.0,0.08783895502645503
mvtec,toothbrush,1,1,7,1152.0,48,48,23,42,19,4.0476190476190474,0.0,2.380952380952381,5.263157894736842,0.9294117647058824,0.9294117647058824,0.16001157407407407
mvtec,toothbrush,1,1,9,1152.0,48,48,14,42,19,4.0476190476190474,0.0,11.904761904761903,26.31578947368421,0.8,0.8,0.22767857142857142
mvtec,toothbrush,1,1,11,1152.0,48,48,9,42,19,4.0476190476190474,0.0,16.666666666666664,36.84210526315789,0.6352941176470588,0.6352941176470588,0.2700892857142857
mvtec,toothbrush,1,1,13,1152.0,48,48,6,42,19,4.0476190476190474,0.0,16.666666666666664,36.84210526315789,0.5117647058823529,0.5117647058823529,0.30388144841269843
mvtec,toothbrush,1,1,15,1152.0,48,48,5,42,19,4.0476190476190474,0.0,19.047619047619047,42.10526315789473,0.4647058823529412,0.4647058823529412,0.3673735119047619
mvtec,toothbrush,1,1,17,1152.0,48,48,3,42,19,4.0476190476190474,0.0,35.714285714285715,78.94736842105263,0.3235294117647059,0.3235294117647059,0.3285176917989418
mvtec,toothbrush,1,1,19,1152.0,48,48,3,42,19,4.0476190476190474,0.0,35.714285714285715,78.94736842105263,0.3235294117647059,0.3235294117647059,0.4103629298941799
mvtec,toothbrush,1,1,21,1152.0,48,48,2,42,19,4.0476190476190474,0.0,40.476190476190474,89.47368421052632,0.2235294117647059,0.2235294117647059,0.3463541666666667
mvtec,toothbrush,1,1,23,1152.0,48,48,2,42,19,4.0476190476190474,0.0,40.476190476190474,89.47368421052632,0.2235294117647059,0.2235294117647059,0.41546792328042326
mvtec,toothbrush,1,1,25,1152.0,48,48,1,42,19,4.0476190476190474,0.0,45.23809523809524,100.0,0.11176470588235295,0.11176470588235295,0.24543237433862433
mvtec,toothbrush,1,1,27,1152.0,48,48,1,42,19,4.0476190476190474,0.0,45.23809523809524,100.0,0.11176470588235295,0.11176470588235295,0.28627232142857145
mvtec,toothbrush,1,1,29,1152.0,48,48,1,42,19,4.0476190476190474,0.0,45.23809523809524,100.0,0.11176470588235295,0.11176470588235295,0.3302538029100529
mvtec,toothbrush,1,1,31,1152.0,48,48,1,42,19,4.0476190476190474,0.0,45.23809523809524,100.0,0.11176470588235295,0.11176470588235295,0.3773768187830688
mvtec,toothbrush,1,1,33,1152.0,48,48,1,42,19,4.0476190476190474,0.0,45.23809523809524,100.0,0.11176470588235295,0.11176470588235295,0.42764136904761907
mvtec,toothbrush,1,2,5,1152.0,48,48,46,42,33,18.285714285714285,11.5,11.904761904761903,15.151515151515152,0.9348958333333334,0.9348958333333334,0.37099041005291006
mvtec,toothbrush,1,2,7,1152.0,48,48,23,42,33,18.285714285714285,11.5,33.33333333333333,42.42424242424242,0.66015625,0.66015625,0.5134548611111112
mvtec,toothbrush,1,2,9,1152.0,48,48,14,42,33,18.285714285714285,11.5,40.476190476190474,51.515151515151516,0.48828125,0.48828125,0.6277901785714286
mvtec,toothbrush,1,2,11,1152.0,48,48,9,42,33,18.285714285714285,11.5,52.38095238095239,66.66666666666666,0.3541666666666667,0.3541666666666667,0.6802248677248677
mvtec,toothbrush,1,2,13,1152.0,48,48,6,42,33,18.285714285714285,11.5,69.04761904761905,87.87878787878788,0.25,0.25,0.6706349206349206
mvtec,toothbrush,1,2,15,1152.0,48,48,5,42,33,18.285714285714285,11.5,71.42857142857143,90.9090909090909,0.2109375,0.2109375,0.7533482142857143
mvtec,toothbrush,1,2,17,1152.0,48,48,3,42,33,18.285714285714285,11.5,76.19047619047619,96.96969696969697,0.12890625,0.12890625,0.5913318452380952
mvtec,toothbrush,1,2,19,1152.0,48,48,3,42,33,18.285714285714285,11.5,76.19047619047619,96.96969696969697,0.12890625,0.12890625,0.7386532738095238
mvtec,toothbrush,1,2,21,1152.0,48,48,2,42,33,18.285714285714285,11.5,78.57142857142857,100.0,0.0859375,0.0859375,0.6015625
mvtec,toothbrush,1,2,23,1152.0,48,48,2,42,33,18.285714285714285,11.5,78.57142857142857,100.0,0.0859375,0.0859375,0.7216021825396826
mvtec,toothbrush,1,2,25,1152.0,48,48,1,42,33,18.285714285714285,11.5,78.57142857142857,100.0,0.04296875,0.04296875,0.42627728174603174
mvtec,toothbrush,1,2,27,1152.0,48,48,1,42,33,18.285714285714285,11.5,78.57142857142857,100.0,0.04296875,0.04296875,0.49720982142857145
mvtec,toothbrush,1,2,29,1152.0,48,48,1,42,33,18.285714285714285,11.5,78.57142857142857,100.0,0.04296875,0.04296875,0.5735987103174603
mvtec,toothbrush,1,2,31,1152.0,48,48,1,42,33,18.285714285714285,11.5,78.57142857142857,100.0,0.04296875,0.04296875,0.6554439484126984
mvtec,toothbrush,1,2,33,1152.0,48,48,1,42,33,18.285714285714285,11.5,78.57142857142857,100.0,0.04296875,0.04296875,0.7427455357142857
mvtec,toothbrush,2,0,5,1152.0,48,48,46,42,25,10.047619047619047,3.0,4.761904761904762,8.0,0.9715639810426541,0.9715639810426541,0.21184689153439154
mvtec,toothbrush,2,0,7,1152.0,48,48,23,42,25,10.047619047619047,3.0,11.904761904761903,20.0,0.7369668246445498,0.7369668246445498,0.31495949074074076
mvtec,toothbrush,2,0,9,1152.0,48,48,14,42,25,10.047619047619047,3.0,26.190476190476193,44.0,0.5687203791469194,0.5687203791469194,0.4017857142857143
mvtec,toothbrush,2,0,11,1152.0,48,48,9,42,25,10.047619047619047,3.0,30.952380952380953,52.0,0.4194312796208531,0.4194312796208531,0.44264632936507936
mvtec,toothbrush,2,0,13,1152.0,48,48,6,42,25,10.047619047619047,3.0,42.857142857142854,72.0,0.3033175355450237,0.3033175355450237,0.4470899470899471
mvtec,toothbrush,2,0,15,1152.0,48,48,5,42,25,10.047619047619047,3.0,45.23809523809524,76.0,0.25829383886255924,0.25829383886255924,0.5068824404761905
mvtec,toothbrush,2,0,17,1152.0,48,48,3,42,25,10.047619047619047,3.0,45.23809523809524,76.0,0.16824644549763032,0.16824644549763032,0.4240864748677249
mvtec,toothbrush,2,0,19,1152.0,48,48,3,42,25,10.047619047619047,3.0,45.23809523809524,76.0,0.16824644549763032,0.16824644549763032,0.5297412367724867
mvtec,toothbrush,2,0,21,1152.0,48,48,2,42,25,10.047619047619047,3.0,52.38095238095239,88.0,0.11611374407582939,0.11611374407582939,0.4466145833333333
mvtec,toothbrush,2,0,23,1152.0,48,48,2,42,25,10.047619047619047,3.0,52.38095238095239,88.0,0.11611374407582939,0.11611374407582939,0.5357349537037037
mvtec,toothbrush,2,0,25,1152.0,48,48,1,42,25,10.047619047619047,3.0,57.14285714285714,96.0,0.05924170616113744,0.05924170616113744,0.32293733465608465
mvtec,toothbrush,2,0,27,1152.0,48,48,1,42,25,10.047619047619047,3.0,57.14285714285714,96.0,0.05924170616113744,0.05924170616113744,0.37667410714285715
mvtec,toothbrush,2,0,29,1152.0,48,48,1,42,25,10.047619047619047,3.0,57.14285714285714,96.0,0.05924170616113744,0.05924170616113744,0.4345444775132275
mvtec,toothbrush,2,0,31,1152.0,48,48,1,42,25,10.047619047619047,3.0,57.14285714285714,96.0,0.05924170616113744,0.05924170616113744,0.49654844576719576
mvtec,toothbrush,2,0,33,1152.0,48,48,1,42,25,10.047619047619047,3.0,57.14285714285714,96.0,0.05924170616113744,0.05924170616113744,0.5626860119047619
mvtec,toothbrush,2,1,5,1152.0,48,48,46,42,9,0.9761904761904762,0.0,0.0,0.0,1.0,1.0,0.021184689153439153
mvtec,toothbrush,2,1,7,1152.0,48,48,23,42,9,0.9761904761904762,0.0,0.0,0.0,1.0,1.0,0.04152199074074074
mvtec,toothbrush,2,1,9,1152.0,48,48,14,42,9,0.9761904761904762,0.0,0.0,0.0,1.0,1.0,0.06863839285714286
mvtec,toothbrush,2,1,11,1152.0,48,48,9,42,9,0.9761904761904762,0.0,2.380952380952381,11.11111111111111,0.926829268292683,0.926829268292683,0.09503141534391535
mvtec,toothbrush,2,1,13,1152.0,48,48,6,42,9,0.9761904761904762,0.0,4.761904761904762,22.22222222222222,0.8048780487804879,0.8048780487804879,0.11526537698412699
mvtec,toothbrush,2,1,15,1152.0,48,48,5,42,9,0.9761904761904762,0.0,4.761904761904762,22.22222222222222,0.7560975609756098,0.7560975609756098,0.1441592261904762
mvtec,toothbrush,2,1,17,1152.0,48,48,3,42,9,0.9761904761904762,0.0,9.523809523809524,44.44444444444444,0.5853658536585366,0.5853658536585366,0.1433531746031746
mvtec,toothbrush,2,1,19,1152.0,48,48,3,42,9,0.9761904761904762,0.0,9.523809523809524,44.44444444444444,0.5853658536585366,0.5853658536585366,0.17906746031746032
mvtec,toothbrush,2,1,21,1152.0,48,48,2,42,9,0.9761904761904762,0.0,14.285714285714285,66.66666666666666,0.43902439024390244,0.43902439024390244,0.1640625
mvtec,toothbrush,2,1,23,1152.0,48,48,2,42,9,0.9761904761904762,0.0,14.285714285714285,66.66666666666666,0.43902439024390244,0.43902439024390244,0.19680059523809523
mvtec,toothbrush,2,1,25,1152.0,48,48,1,42,9,0.9761904761904762,0.0,21.428571428571427,100.0,0.21951219512195122,0.21951219512195122,0.11625744047619048
mvtec,toothbrush,2,1,27,1152.0,48,48,1,42,9,0.9761904761904762,0.0,21.428571428571427,100.0,0.21951219512195122,0.21951219512195122,0.13560267857142858
mvtec,toothbrush,2,1,29,1152.0,48,48,1,42,9,0.9761904761904762,0.0,21.428571428571427,100.0,0.21951219512195122,0.21951219512195122,0.15643601190476192
mvtec,toothbrush,2,1,31,1152.0,48,48,1,42,9,0.9761904761904762,0.0,21.428571428571427,100.0,0.21951219512195122,0.21951219512195122,0.17875744047619047
mvtec,toothbrush,2,1,33,1152.0,48,48,1,42,9,0.9761904761904762,0.0,21.428571428571427,100.0,0.21951219512195122,0.21951219512195122,0.20256696428571427
mvtec,toothbrush,2,2,5,1152.0,48,48,46,42,15,1.3571428571428572,0.0,0.0,0.0,1.0,1.0,0.02945188492063492
mvtec,toothbrush,2,2,7,1152.0,48,48,23,42,15,1.3571428571428572,0.0,0.0,0.0,1.0,1.0,0.05772569444444445
mvtec,toothbrush,2,2,9,1152.0,48,48,14,42,15,1.3571428571428572,0.0,0.0,0.0,1.0,1.0,0.09542410714285714
mvtec,toothbrush,2,2,11,1152.0,48,48,9,42,15,1.3571428571428572,0.0,2.380952380952381,6.666666666666667,0.9122807017543859,0.9122807017543859,0.13004298941798942
mvtec,toothbrush,2,2,13,1152.0,48,48,6,42,15,1.3571428571428572,0.0,4.761904761904762,13.333333333333334,0.8421052631578947,0.8421052631578947,0.16765873015873015
mvtec,toothbrush,2,2,15,1152.0,48,48,5,42,15,1.3571428571428572,0.0,7.142857142857142,20.0,0.7894736842105263,0.7894736842105263,0.20926339285714285
mvtec,toothbrush,2,2,17,1152.0,48,48,3,42,15,1.3571428571428572,0.0,11.904761904761903,33.33333333333333,0.631578947368421,0.631578947368421,0.21502976190476192
mvtec,toothbrush,2,2,19,1152.0,48,48,3,42,15,1.3571428571428572,0.0,11.904761904761903,33.33333333333333,0.631578947368421,0.631578947368421,0.26860119047619047
mvtec,toothbrush,2,2,21,1152.0,48,48,2,42,15,1.3571428571428572,0.0,21.428571428571427,60.0,0.47368421052631576,0.47368421052631576,0.24609375
mvtec,toothbrush,2,2,23,1152.0,48,48,2,42,15,1.3571428571428572,0.0,21.428571428571427,60.0,0.47368421052631576,0.47368421052631576,0.29520089285714285
mvtec,toothbrush,2,2,25,1152.0,48,48,1,42,15,1.3571428571428572,0.0,28.57142857142857,80.0,0.2631578947368421,0.2631578947368421,0.19376240079365079
mvtec,toothbrush,2,2,27,1152.0,48,48,1,42,15,1.3571428571428572,0.0,28.57142857142857,80.0,0.2631578947368421,0.2631578947368421,0.22600446428571427
mvtec,toothbrush,2,2,29,1152.0,48,48,1,42,15,1.3571428571428572,0.0,28.57142857142857,80.0,0.2631578947368421,0.2631578947368421,0.2607266865079365
mvtec,toothbrush,2,2,31,1152.0,48,48,1,42,15,1.3571428571428572,0.0,28.57142857142857,80.0,0.2631578947368421,0.2631578947368421,0.29792906746031744
mvtec,toothbrush,2,2,33,1152.0,48,48,1,42,15,1.3571428571428572,0.0,28.57142857142857,80.0,0.2631578947368421,0.2631578947368421,0.33761160714285715
mvtec,toothbrush,4,0,5,1152.0,48,48,46,42,20,2.5714285714285716,0.0,0.0,0.0,1.0,1.0,0.05580357142857143
mvtec,toothbrush,4,0,7,1152.0,48,48,23,42,20,2.5714285714285716,0.0,0.0,0.0,1.0,1.0,0.109375
mvtec,toothbrush,4,0,9,1152.0,48,48,14,42,20,2.5714285714285716,0.0,2.380952380952381,5.0,0.9814814814814815,0.9814814814814815,0.17745535714285715
mvtec,toothbrush,4,0,11,1152.0,48,48,9,42,20,2.5714285714285716,0.0,9.523809523809524,20.0,0.8518518518518519,0.8518518518518519,0.2300760582010582
mvtec,toothbrush,4,0,13,1152.0,48,48,6,42,20,2.5714285714285716,0.0,9.523809523809524,20.0,0.7407407407407407,0.7407407407407407,0.2794312169312169
mvtec,toothbrush,4,0,15,1152.0,48,48,5,42,20,2.5714285714285716,0.0,14.285714285714285,30.0,0.6851851851851852,0.6851851851851852,0.34412202380952384
mvtec,toothbrush,4,0,17,1152.0,48,48,3,42,20,2.5714285714285716,0.0,26.190476190476193,55.00000000000001,0.5092592592592593,0.5092592592592593,0.3285176917989418
mvtec,toothbrush,4,0,19,1152.0,48,48,3,42,20,2.5714285714285716,0.0,26.190476190476193,55.00000000000001,0.5092592592592593,0.5092592592592593,0.4103629298941799
mvtec,toothbrush,4,0,21,1152.0,48,48,2,42,20,2.5714285714285716,0.0,38.095238095238095,80.0,0.3611111111111111,0.3611111111111111,0.35546875
mvtec,toothbrush,4,0,23,1152.0,48,48,2,42,20,2.5714285714285716,0.0,38.095238095238095,80.0,0.3611111111111111,0.3611111111111111,0.4264012896825397
mvtec,toothbrush,4,0,25,1152.0,48,48,1,42,20,2.5714285714285716,0.0,45.23809523809524,95.0,0.18518518518518517,0.18518518518518517,0.25834986772486773
mvtec,toothbrush,4,0,27,1152.0,48,48,1,42,20,2.5714285714285716,0.0,45.23809523809524,95.0,0.18518518518518517,0.18518518518518517,0.3013392857142857
mvtec,toothbrush,4,0,29,1152.0,48,48,1,42,20,2.5714285714285716,0.0,45.23809523809524,95.0,0.18518518518518517,0.18518518518518517,0.34763558201058203
mvtec,toothbrush,4,0,31,1152.0,48,48,1,42,20,2.5714285714285716,0.0,45.23809523809524,95.0,0.18518518518518517,0.18518518518518517,0.3972387566137566
mvtec,toothbrush,4,0,33,1152.0,48,48,1,42,20,2.5714285714285716,0.0,45.23809523809524,95.0,0.18518518518518517,0.18518518518518517,0.45014880952380953
mvtec,toothbrush,4,1,5,1152.0,48,48,46,42,25,4.357142857142857,1.5,0.0,0.0,1.0,1.0,0.09455605158730158
mvtec,toothbrush,4,1,7,1152.0,48,48,23,42,25,4.357142857142857,1.5,4.761904761904762,8.0,0.9508196721311475,0.9508196721311475,0.1762152777777778
mvtec,toothbrush,4,1,9,1152.0,48,48,14,42,25,4.357142857142857,1.5,7.142857142857142,12.0,0.8469945355191257,0.8469945355191257,0.25948660714285715
mvtec,toothbrush,4,1,11,1152.0,48,48,9,42,25,4.357142857142857,1.5,16.666666666666664,28.000000000000004,0.6994535519125683,0.6994535519125683,0.3201058201058201
mvtec,toothbrush,4,1,13,1152.0,48,48,6,42,25,4.357142857142857,1.5,21.428571428571427,36.0,0.5519125683060109,0.5519125683060109,0.3527819113756614
mvtec,toothbrush,4,1,15,1152.0,48,48,5,42,25,4.357142857142857,1.5,26.190476190476193,44.0,0.4918032786885246,0.4918032786885246,0.4185267857142857
mvtec,toothbrush,4,1,17,1152.0,48,48,3,42,25,4.357142857142857,1.5,35.714285714285715,60.0,0.33879781420765026,0.33879781420765026,0.3703290343915344
mvtec,toothbrush,4,1,19,1152.0,48,48,3,42,25,4.357142857142857,1.5,35.714285714285715,60.0,0.33879781420765026,0.33879781420765026,0.46259093915343913
mvtec,toothbrush,4,1,21,1152.0,48,48,2,42,25,4.357142857142857,1.5,38.095238095238095,64.0,0.25136612021857924,0.25136612021857924,0.4192708333333333
mvtec,toothbrush,4,1,23,1152.0,48,48,2,42,25,4.357142857142857,1.5,38.095238095238095,64.0,0.25136612021857924,0.25136612021857924,0.5029348544973545
mvtec,toothbrush,4,1,25,1152.0,48,48,1,42,25,4.357142857142857,1.5,50.0,84.0,0.1366120218579235,0.1366120218579235,0.32293733465608465
mvtec,toothbrush,4,1,27,1152.0,48,48,1,42,25,4.357142857142857,1.5,50.0,84.0,0.1366120218579235,0.1366120218579235,0.37667410714285715
mvtec,toothbrush,4,1,29,1152.0,48,48,1,42,25,4.357142857142857,1.5,50.0,84.0,0.1366120218579235,0.1366120218579235,0.4345444775132275
mvtec,toothbrush,4,1,31,1152.0,48,48,1,42,25,4.357142857142857,1.5,50.0,84.0,0.1366120218579235,0.1366120218579235,0.49654844576719576
mvtec,toothbrush,4,1,33,1152.0,48,48,1,42,25,4.357142857142857,1.5,50.0,84.0,0.1366120218579235,0.1366120218579235,0.5626860119047619
mvtec,toothbrush,4,2,5,1152.0,48,48,46,42,28,7.357142857142857,3.0,0.0,0.0,1.0,1.0,0.15966021825396826
mvtec,toothbrush,4,2,7,1152.0,48,48,23,42,28,7.357142857142857,3.0,9.523809523809524,14.285714285714285,0.8187702265372169,0.8187702265372169,0.2562210648148148
mvtec,toothbrush,4,2,9,1152.0,48,48,14,42,28,7.357142857142857,3.0,14.285714285714285,21.428571428571427,0.6699029126213593,0.6699029126213593,0.34654017857142855
mvtec,toothbrush,4,2,11,1152.0,48,48,9,42,28,7.357142857142857,3.0,21.428571428571427,32.142857142857146,0.540453074433657,0.540453074433657,0.41763806216931215
mvtec,toothbrush,4,2,13,1152.0,48,48,6,42,28,7.357142857142857,3.0,33.33333333333333,50.0,0.43042071197411,0.43042071197411,0.46455439814814814
mvtec,toothbrush,4,2,15,1152.0,48,48,5,42,28,7.357142857142857,3.0,40.476190476190474,60.71428571428571,0.37540453074433655,0.37540453074433655,0.5394345238095238
mvtec,toothbrush,4,2,17,1152.0,48,48,3,42,28,7.357142857142857,3.0,47.61904761904761,71.42857142857143,0.24919093851132687,0.24919093851132687,0.45992476851851855
mvtec,toothbrush,4,2,19,1152.0,48,48,3,42,28,7.357142857142857,3.0,47.61904761904761,71.42857142857143,0.24919093851132687,0.24919093851132687,0.5745081018518519
mvtec,toothbrush,4,2,21,1152.0,48,48,2,42,28,7.357142857142857,3.0,54.761904761904766,82.14285714285714,0.17475728155339806,0.17475728155339806,0.4921875
mvtec,toothbrush,4,2,23,1152.0,48,48,2,42,28,7.357142857142857,3.0,54.761904761904766,82.14285714285714,0.17475728155339806,0.17475728155339806,0.5904017857142857
mvtec,toothbrush,4,2,25,1152.0,48,48,1,42,28,7.357142857142857,3.0,61.904761904761905,92.85714285714286,0.09061488673139159,0.09061488673139159,0.3616898148148148
mvtec,toothbrush,4,2,27,1152.0,48,48,1,42,28,7.357142857142857,3.0,61.904761904761905,92.85714285714286,0.09061488673139159,0.09061488673139159,0.421875
mvtec,toothbrush,4,2,29,1152.0,48,48,1,42,28,7.357142857142857,3.0,61.904761904761905,92.85714285714286,0.09061488673139159,0.09061488673139159,0.4866898148148148
mvtec,toothbrush,4,2,31,1152.0,48,48,1,42,28,7.357142857142857,3.0,61.904761904761905,92.85714285714286,0.09061488673139159,0.09061488673139159,0.5561342592592593
mvtec,toothbrush,4,2,33,1152.0,48,48,1,42,28,7.357142857142857,3.0,61.904761904761905,92.85714285714286,0.09061488673139159,0.09061488673139159,0.6302083333333334
mvtec,toothbrush,8,0,5,1152.0,48,48,46,42,9,1.0238095238095237,0.0,0.0,0.0,1.0,1.0,0.022218088624338623
mvtec,toothbrush,8,0,7,1152.0,48,48,23,42,9,1.0238095238095237,0.0,0.0,0.0,1.0,1.0,0.043547453703703706
mvtec,toothbrush,8,0,9,1152.0,48,48,14,42,9,1.0238095238095237,0.0,2.380952380952381,11.11111111111111,0.9069767441860465,0.9069767441860465,0.06529017857142858
mvtec,toothbrush,8,0,11,1152.0,48,48,9,42,9,1.0238095238095237,0.0,2.380952380952381,11.11111111111111,0.7906976744186046,0.7906976744186046,0.08502810846560846
mvtec,toothbrush,8,0,13,1152.0,48,48,6,42,9,1.0238095238095237,0.0,2.380952380952381,11.11111111111111,0.7209302325581395,0.7209302325581395,0.10827959656084656
mvtec,toothbrush,8,0,15,1152.0,48,48,5,42,9,1.0238095238095237,0.0,2.380952380952381,11.11111111111111,0.6976744186046512,0.6976744186046512,0.13950892857142858
mvtec,toothbrush,8,0,17,1152.0,48,48,3,42,9,1.0238095238095237,0.0,9.523809523809524,44.44444444444444,0.5581395348837209,0.5581395348837209,0.1433531746031746
mvtec,toothbrush,8,0,19,1152.0,48,48,3,42,9,1.0238095238095237,0.0,9.523809523809524,44.44444444444444,0.5581395348837209,0.5581395348837209,0.17906746031746032
mvtec,toothbrush,8,0,21,1152.0,48,48,2,42,9,1.0238095238095237,0.0,14.285714285714285,66.66666666666666,0.4186046511627907,0.4186046511627907,0.1640625
mvtec,toothbrush,8,0,23,1152.0,48,48,2,42,9,1.0238095238095237,0.0,14.285714285714285,66.66666666666666,0.4186046511627907,0.4186046511627907,0.19680059523809523
mvtec,toothbrush,8,0,25,1152.0,48,48,1,42,9,1.0238095238095237,0.0,21.428571428571427,100.0,0.20930232558139536,0.20930232558139536,0.11625744047619048
mvtec,toothbrush,8,0,27,1152.0,48,48,1,42,9,1.0238095238095237,0.0,21.428571428571427,100.0,0.20930232558139536,0.20930232558139536,0.13560267857142858
mvtec,toothbrush,8,0,29,1152.0,48,48,1,42,9,1.0238095238095237,0.0,21.428571428571427,100.0,0.20930232558139536,0.20930232558139536,0.15643601190476192
mvtec,toothbrush,8,0,31,1152.0,48,48,1,42,9,1.0238095238095237,0.0,21.428571428571427,100.0,0.20930232558139536,0.20930232558139536,0.17875744047619047
mvtec,toothbrush,8,0,33,1152.0,48,48,1,42,9,1.0238095238095237,0.0,21.428571428571427,100.0,0.20930232558139536,0.20930232558139536,0.20256696428571427
mvtec,toothbrush,8,1,5,1152.0,48,48,46,42,21,4.642857142857143,0.5,0.0,0.0,1.0,1.0,0.10075644841269842
mvtec,toothbrush,8,1,7,1152.0,48,48,23,42,21,4.642857142857143,0.5,7.142857142857142,14.285714285714285,0.9333333333333333,0.9333333333333333,0.18431712962962962
mvtec,toothbrush,8,1,9,1152.0,48,48,14,42,21,4.642857142857143,0.5,14.285714285714285,28.57142857142857,0.7743589743589744,0.7743589743589744,0.25279017857142855
mvtec,toothbrush,8,1,11,1152.0,48,48,9,42,21,4.642857142857143,0.5,16.666666666666664,33.33333333333333,0.6153846153846154,0.6153846153846154,0.30009920634920634
mvtec,toothbrush,8,1,13,1152.0,48,48,6,42,21,4.642857142857143,0.5,23.809523809523807,47.61904761904761,0.48717948717948717,0.48717948717948717,0.3318245701058201
mvtec,toothbrush,8,1,15,1152.0,48,48,5,42,21,4.642857142857143,0.5,26.190476190476193,52.38095238095239,0.4307692307692308,0.4307692307692308,0.390625
mvtec,toothbrush,8,1,17,1152.0,48,48,3,42,21,4.642857142857143,0.5,35.714285714285715,71.42857142857143,0.28205128205128205,0.28205128205128205,0.3285176917989418
mvtec,toothbrush,8,1,19,1152.0,48,48,3,42,21,4.642857142857143,0.5,35.714285714285715,71.42857142857143,0.28205128205128205,0.28205128205128205,0.4103629298941799
mvtec,toothbrush,8,1,21,1152.0,48,48,2,42,21,4.642857142857143,0.5,40.476190476190474,80.95238095238095,0.19487179487179487,0.19487179487179487,0.3463541666666667
mvtec,toothbrush,8,1,23,1152.0,48,48,2,42,21,4.642857142857143,0.5,40.476190476190474,80.95238095238095,0.19487179487179487,0.19487179487179487,0.41546792328042326
mvtec,toothbrush,8,1,25,1152.0,48,48,1,42,21,4.642857142857143,0.5,40.476190476190474,80.95238095238095,0.1076923076923077,0.1076923076923077,0.2712673611111111
mvtec,toothbrush,8,1,27,1152.0,48,48,1,42,21,4.642857142857143,0.5,40.476190476190474,80.95238095238095,0.1076923076923077,0.1076923076923077,0.31640625
mvtec,toothbrush,8,1,29,1152.0,48,48,1,42,21,4.642857142857143,0.5,40.476190476190474,80.95238095238095,0.1076923076923077,0.1076923076923077,0.3650173611111111
mvtec,toothbrush,8,1,31,1152.0,48,48,1,42,21,4.642857142857143,0.5,40.476190476190474,80.95238095238095,0.1076923076923077,0.1076923076923077,0.4171006944444444
mvtec,toothbrush,8,1,33,1152.0,48,48,1,42,21,4.642857142857143,0.5,40.476190476190474,80.95238095238095,0.1076923076923077,0.1076923076923077,0.47265625
mvtec,toothbrush,8,2,5,1152.0,48,48,46,42,25,5.428571428571429,1.0,0.0,0.0,1.0,1.0,0.11780753968253968
mvtec,toothbrush,8,2,7,1152.0,48,48,23,42,25,5.428571428571429,1.0,4.761904761904762,8.0,0.956140350877193,0.956140350877193,0.22077546296296297
mvtec,toothbrush,8,2,9,1152.0,48,48,14,42,25,5.428571428571429,1.0,14.285714285714285,24.0,0.7587719298245614,0.7587719298245614,0.2896205357142857
mvtec,toothbrush,8,2,11,1152.0,48,48,9,42,25,5.428571428571429,1.0,21.428571428571427,36.0,0.6052631578947368,0.6052631578947368,0.3451140873015873
mvtec,toothbrush,8,2,13,1152.0,48,48,6,42,25,5.428571428571429,1.0,30.952380952380953,52.0,0.45614035087719296,0.45614035087719296,0.36326058201058203
mvtec,toothbrush,8,2,15,1152.0,48,48,5,42,25,5.428571428571429,1.0,30.952380952380953,52.0,0.3991228070175439,0.3991228070175439,0.4231770833333333
mvtec,toothbrush,8,2,17,1152.0,48,48,3,42,25,5.428571428571429,1.0,35.714285714285715,60.0,0.2719298245614035,0.2719298245614035,0.3703290343915344
mvtec,toothbrush,8,2,19,1152.0,48,48,3,42,25,5.428571428571429,1.0,35.714285714285715,60.0,0.2719298245614035,0.2719298245614035,0.46259093915343913
mvtec,toothbrush,8,2,21,1152.0,48,48,2,42,25,5.428571428571429,1.0,42.857142857142854,72.0,0.19298245614035087,0.19298245614035087,0.4010416666666667
mvtec,toothbrush,8,2,23,1152.0,48,48,2,42,25,5.428571428571429,1.0,42.857142857142854,72.0,0.19298245614035087,0.19298245614035087,0.4810681216931217
mvtec,toothbrush,8,2,25,1152.0,48,48,1,42,25,5.428571428571429,1.0,45.23809523809524,76.0,0.10964912280701754,0.10964912280701754,0.32293733465608465
mvtec,toothbrush,8,2,27,1152.0,48,48,1,42,25,5.428571428571429,1.0,45.23809523809524,76.0,0.10964912280701754,0.10964912280701754,0.37667410714285715
mvtec,toothbrush,8,2,29,1152.0,48,48,1,42,25,5.428571428571429,1.0,45.23809523809524,76.0,0.10964912280701754,0.10964912280701754,0.4345444775132275
mvtec,toothbrush,8,2,31,1152.0,48,48,1,42,25,5.428571428571429,1.0,45.23809523809524,76.0,0.10964912280701754,0.10964912280701754,0.49654844576719576
mvtec,toothbrush,8,2,33,1152.0,48,48,1,42,25,5.428571428571429,1.0,45.23809523809524,76.0,0.10964912280701754,0.10964912280701754,0.5626860119047619
mvtec,transistor,1,0,5,1152.0,48,48,46,100,53,11.07,1.0,7.000000000000001,13.20754716981132,0.5149051490514905,0.5149051490514905,0.12369791666666667
mvtec,transistor,1,0,7,1152.0,48,48,23,100,53,11.07,1.0,7.000000000000001,13.20754716981132,0.36946702800361336,0.36946702800361336,0.17396701388888888
mvtec,transistor,1,0,9,1152.0,48,48,14,100,53,11.07,1.0,12.0,22.641509433962266,0.2917795844625113,0.2917795844625113,0.227109375
mvtec,transistor,1,0,11,1152.0,48,48,9,100,53,11.07,1.0,15.0,28.30188679245283,0.22493224932249323,0.22493224932249323,0.26153645833333333
mvtec,transistor,1,0,13,1152.0,48,48,6,100,53,11.07,1.0,20.0,37.735849056603776,0.17524841915085818,0.17524841915085818,0.28460069444444447
mvtec,transistor,1,0,15,1152.0,48,48,5,100,53,11.07,1.0,21.0,39.62264150943396,0.15627822944896116,0.15627822944896116,0.337890625
mvtec,transistor,1,0,17,1152.0,48,48,3,100,53,11.07,1.0,27.0,50.943396226415096,0.1111111111111111,0.1111111111111111,0.30856770833333336
mvtec,transistor,1,0,19,1152.0,48,48,3,100,53,11.07,1.0,27.0,50.943396226415096,0.1111111111111111,0.1111111111111111,0.38544270833333333
mvtec,transistor,1,0,21,1152.0,48,48,2,100,53,11.07,1.0,31.0,58.490566037735846,0.08310749774164408,0.08310749774164408,0.3521875
mvtec,transistor,1,0,23,1152.0,48,48,2,100,53,11.07,1.0,31.0,58.490566037735846,0.08310749774164408,0.08310749774164408,0.42246527777777776
mvtec,transistor,1,0,25,1152.0,48,48,1,100,53,11.07,1.0,39.0,73.58490566037736,0.04787714543812105,0.04787714543812105,0.2875434027777778
mvtec,transistor,1,0,27,1152.0,48,48,1,100,53,11.07,1.0,39.0,73.58490566037736,0.04787714543812105,0.04787714543812105,0.335390625
mvtec,transistor,1,0,29,1152.0,48,48,1,100,53,11.07,1.0,39.0,73.58490566037736,0.04787714543812105,0.04787714543812105,0.3869184027777778
mvtec,transistor,1,0,31,1152.0,48,48,1,100,53,11.07,1.0,39.0,73.58490566037736,0.04787714543812105,0.04787714543812105,0.4421267361111111
mvtec,transistor,1,0,33,1152.0,48,48,1,100,53,11.07,1.0,39.0,73.58490566037736,0.04787714543812105,0.04787714543812105,0.501015625
mvtec,transistor,1,1,5,1152.0,48,48,46,100,32,3.94,0.0,2.0,6.25,0.8908629441624365,0.8908629441624365,0.076171875
mvtec,transistor,1,1,7,1152.0,48,48,23,100,32,3.94,0.0,6.0,18.75,0.6218274111675127,0.6218274111675127,0.10421006944444444
mvtec,transistor,1,1,9,1152.0,48,48,14,100,32,3.94,0.0,8.0,25.0,0.4720812182741117,0.4720812182741117,0.13078125
mvtec,transistor,1,1,11,1152.0,48,48,9,100,32,3.94,0.0,8.0,25.0,0.37055837563451777,0.37055837563451777,0.15335069444444444
mvtec,transistor,1,1,13,1152.0,48,48,6,100,32,3.94,0.0,11.0,34.375,0.29949238578680204,0.29949238578680204,0.1731076388888889
mvtec,transistor,1,1,15,1152.0,48,48,5,100,32,3.94,0.0,11.0,34.375,0.2715736040609137,0.2715736040609137,0.208984375
mvtec,transistor,1,1,17,1152.0,48,48,3,100,32,3.94,0.0,15.0,46.875,0.20050761421319796,0.20050761421319796,0.1981857638888889
mvtec,transistor,1,1,19,1152.0,48,48,3,100,32,3.94,0.0,15.0,46.875,0.20050761421319796,0.20050761421319796,0.2475607638888889
mvtec,transistor,1,1,21,1152.0,48,48,2,100,32,3.94,0.0,20.0,62.5,0.14974619289340102,0.14974619289340102,0.225859375
mvtec,transistor,1,1,23,1152.0,48,48,2,100,32,3.94,0.0,20.0,62.5,0.14974619289340102,0.14974619289340102,0.27092881944444447
mvtec,transistor,1,1,25,1152.0,48,48,1,100,32,3.94,0.0,27.0,84.375,0.08121827411167512,0.08121827411167512,0.1736111111111111
mvtec,transistor,1,1,27,1152.0,48,48,1,100,32,3.94,0.0,27.0,84.375,0.08121827411167512,0.08121827411167512,0.2025
mvtec,transistor,1,1,29,1152.0,48,48,1,100,32,3.94,0.0,27.0,84.375,0.08121827411167512,0.08121827411167512,0.2336111111111111
mvtec,transistor,1,1,31,1152.0,48,48,1,100,32,3.94,0.0,27.0,84.375,0.08121827411167512,0.08121827411167512,0.26694444444444443
mvtec,transistor,1,1,33,1152.0,48,48,1,100,32,3.94,0.0,27.0,84.375,0.08121827411167512,0.08121827411167512,0.3025
mvtec,transistor,1,2,5,1152.0,48,48,46,100,76,23.19,7.0,9.0,11.842105263157894,0.4795170332039672,0.4795170332039672,0.24131944444444445
mvtec,transistor,1,2,7,1152.0,48,48,23,100,76,23.19,7.0,16.0,21.052631578947366,0.37645536869340235,0.37645536869340235,0.371328125
mvtec,transistor,1,2,9,1152.0,48,48,14,100,76,23.19,7.0,24.0,31.57894736842105,0.30228546787408367,0.30228546787408367,0.492890625
mvtec,transistor,1,2,11,1152.0,48,48,9,100,76,23.19,7.0,38.0,50.0,0.23846485554118155,0.23846485554118155,0.5808420138888889
mvtec,transistor,1,2,13,1152.0,48,48,6,100,76,23.19,7.0,52.0,68.42105263157895,0.17680034497628289,0.17680034497628289,0.6014756944444445
mvtec,transistor,1,2,15,1152.0,48,48,5,100,76,23.19,7.0,56.99999999999999,75.0,0.15222078482104356,0.15222078482104356,0.689453125
mvtec,transistor,1,2,17,1152.0,48,48,3,100,76,23.19,7.0,67.0,88.1578947368421,0.09659335920655455,0.09659335920655455,0.5619444444444445
mvtec,transistor,1,2,19,1152.0,48,48,3,100,76,23.19,7.0,67.0,88.1578947368421,0.09659335920655455,0.09659335920655455,0.7019444444444445
mvtec,transistor,1,2,21,1152.0,48,48,2,100,76,23.19,7.0,73.0,96.05263157894737,0.06511427339370418,0.06511427339370418,0.578046875
mvtec,transistor,1,2,23,1152.0,48,48,2,100,76,23.19,7.0,73.0,96.05263157894737,0.06511427339370418,0.06511427339370418,0.6933940972222222
mvtec,transistor,1,2,25,1152.0,48,48,1,100,76,23.19,7.0,75.0,98.68421052631578,0.032772746873652434,0.032772746873652434,0.4123263888888889
mvtec,transistor,1,2,27,1152.0,48,48,1,100,76,23.19,7.0,75.0,98.68421052631578,0.032772746873652434,0.032772746873652434,0.4809375
mvtec,transistor,1,2,29,1152.0,48,48,1,100,76,23.19,7.0,75.0,98.68421052631578,0.032772746873652434,0.032772746873652434,0.5548263888888889
mvtec,transistor,1,2,31,1152.0,48,48,1,100,76,23.19,7.0,75.0,98.68421052631578,0.032772746873652434,0.032772746873652434,0.6339930555555555
mvtec,transistor,1,2,33,1152.0,48,48,1,100,76,23.19,7.0,75.0,98.68421052631578,0.032772746873652434,0.032772746873652434,0.7184375
mvtec,transistor,2,0,5,1152.0,48,48,46,100,58,20.14,2.0,8.0,13.793103448275861,0.4195630585898709,0.4195630585898709,0.1833767361111111
mvtec,transistor,2,0,7,1152.0,48,48,23,100,58,20.14,2.0,12.0,20.689655172413794,0.29940417080436943,0.29940417080436943,0.256484375
mvtec,transistor,2,0,9,1152.0,48,48,14,100,58,20.14,2.0,18.0,31.03448275862069,0.23187686196623636,0.23187686196623636,0.328359375
mvtec,transistor,2,0,11,1152.0,48,48,9,100,58,20.14,2.0,26.0,44.827586206896555,0.17576961271102284,0.17576961271102284,0.37182291666666667
mvtec,transistor,2,0,13,1152.0,48,48,6,100,58,20.14,2.0,31.0,53.44827586206896,0.13306852035749753,0.13306852035749753,0.39315972222222223
mvtec,transistor,2,0,15,1152.0,48,48,5,100,58,20.14,2.0,32.0,55.172413793103445,0.11717974180734857,0.11717974180734857,0.4609375
mvtec,transistor,2,0,17,1152.0,48,48,3,100,58,20.14,2.0,40.0,68.96551724137932,0.07944389275074479,0.07944389275074479,0.4013888888888889
mvtec,transistor,2,0,19,1152.0,48,48,3,100,58,20.14,2.0,40.0,68.96551724137932,0.07944389275074479,0.07944389275074479,0.5013888888888889
mvtec,transistor,2,0,21,1152.0,48,48,2,100,58,20.14,2.0,48.0,82.75862068965517,0.05561072492552135,0.05561072492552135,0.42875
mvtec,transistor,2,0,23,1152.0,48,48,2,100,58,20.14,2.0,48.0,82.75862068965517,0.05561072492552135,0.05561072492552135,0.5143055555555556
mvtec,transistor,2,0,25,1152.0,48,48,1,100,58,20.14,2.0,54.0,93.10344827586206,0.028798411122144985,0.028798411122144985,0.3146701388888889
mvtec,transistor,2,0,27,1152.0,48,48,1,100,58,20.14,2.0,54.0,93.10344827586206,0.028798411122144985,0.028798411122144985,0.36703125
mvtec,transistor,2,0,29,1152.0,48,48,1,100,58,20.14,2.0,54.0,93.10344827586206,0.028798411122144985,0.028798411122144985,0.4234201388888889
mvtec,transistor,2,0,31,1152.0,48,48,1,100,58,20.14,2.0,54.0,93.10344827586206,0.028798411122144985,0.028798411122144985,0.4838368055555556
mvtec,transistor,2,0,33,1152.0,48,48,1,100,58,20.14,2.0,54.0,93.10344827586206,0.028798411122144985,0.028798411122144985,0.54828125
mvtec,transistor,2,1,5,1152.0,48,48,46,100,22,6.18,0.0,6.0,27.27272727272727,0.6310679611650486,0.6310679611650486,0.08463541666666667
mvtec,transistor,2,1,7,1152.0,48,48,23,100,22,6.18,0.0,6.0,27.27272727272727,0.4077669902912621,0.4077669902912621,0.1071875
mvtec,transistor,2,1,9,1152.0,48,48,14,100,22,6.18,0.0,9.0,40.909090909090914,0.29449838187702265,0.29449838187702265,0.12796875
mvtec,transistor,2,1,11,1152.0,48,48,9,100,22,6.18,0.0,10.0,45.45454545454545,0.21359223300970873,0.21359223300970873,0.13864583333333333
mvtec,transistor,2,1,13,1152.0,48,48,6,100,22,6.18,0.0,12.0,54.54545454545454,0.15857605177993528,0.15857605177993528,0.1437673611111111
mvtec,transistor,2,1,15,1152.0,48,48,5,100,22,6.18,0.0,12.0,54.54545454545454,0.13915857605177995,0.13915857605177995,0.16796875
mvtec,transistor,2,1,17,1152.0,48,48,3,100,22,6.18,0.0,14.000000000000002,63.63636363636363,0.09385113268608414,0.09385113268608414,0.14550347222222224
mvtec,transistor,2,1,19,1152.0,48,48,3,100,22,6.18,0.0,14.000000000000002,63.63636363636363,0.09385113268608414,0.09385113268608414,0.1817534722222222
mvtec,transistor,2,1,21,1152.0,48,48,2,100,22,6.18,0.0,16.0,72.72727272727273,0.06796116504854369,0.06796116504854369,0.16078125
mvtec,transistor,2,1,23,1152.0,48,48,2,100,22,6.18,0.0,16.0,72.72727272727273,0.06796116504854369,0.06796116504854369,0.19286458333333334
mvtec,transistor,2,1,25,1152.0,48,48,1,100,22,6.18,0.0,20.0,90.9090909090909,0.03559870550161812,0.03559870550161812,0.1193576388888889
mvtec,transistor,2,1,27,1152.0,48,48,1,100,22,6.18,0.0,20.0,90.9090909090909,0.03559870550161812,0.03559870550161812,0.13921875
mvtec,transistor,2,1,29,1152.0,48,48,1,100,22,6.18,0.0,20.0,90.9090909090909,0.03559870550161812,0.03559870550161812,0.16060763888888888
mvtec,transistor,2,1,31,1152.0,48,48,1,100,22,6.18,0.0,20.0,90.9090909090909,0.03559870550161812,0.03559870550161812,0.18352430555555554
mvtec,transistor,2,1,33,1152.0,48,48,1,100,22,6.18,0.0,20.0,90.9090909090909,0.03559870550161812,0.03559870550161812,0.20796875
mvtec,transistor,2,2,5,1152.0,48,48,46,100,63,25.23,5.0,10.0,15.873015873015872,0.41934205311137535,0.41934205311137535,0.22960069444444445
mvtec,transistor,2,2,7,1152.0,48,48,23,100,63,25.23,5.0,16.0,25.396825396825395,0.3032104637336504,0.3032104637336504,0.325390625
mvtec,transistor,2,2,9,1152.0,48,48,14,100,63,25.23,5.0,23.0,36.507936507936506,0.23464130003963535,0.23464130003963535,0.41625
mvtec,transistor,2,2,11,1152.0,48,48,9,100,63,25.23,5.0,30.0,47.61904761904761,0.1807372175980975,0.1807372175980975,0.4789583333333333
mvtec,transistor,2,2,13,1152.0,48,48,6,100,63,25.23,5.0,46.0,73.01587301587301,0.1304003170828379,0.1304003170828379,0.4826475694444444
mvtec,transistor,2,2,15,1152.0,48,48,5,100,63,25.23,5.0,48.0,76.19047619047619,0.11137534680935395,0.11137534680935395,0.548828125
mvtec,transistor,2,2,17,1152.0,48,48,3,100,63,25.23,5.0,51.0,80.95238095238095,0.07094728497820056,0.07094728497820056,0.44905381944444445
mvtec,transistor,2,2,19,1152.0,48,48,3,100,63,25.23,5.0,51.0,80.95238095238095,0.07094728497820056,0.07094728497820056,0.5609288194444444
mvtec,transistor,2,2,21,1152.0,48,48,2,100,63,25.23,5.0,56.99999999999999,90.47619047619048,0.048355132778438364,0.048355132778438364,0.46703125
mvtec,transistor,2,2,23,1152.0,48,48,2,100,63,25.23,5.0,56.99999999999999,90.47619047619048,0.048355132778438364,0.048355132778438364,0.5602256944444445
mvtec,transistor,2,2,25,1152.0,48,48,1,100,63,25.23,5.0,59.0,93.65079365079364,0.02497027348394768,0.02497027348394768,0.341796875
mvtec,transistor,2,2,27,1152.0,48,48,1,100,63,25.23,5.0,59.0,93.65079365079364,0.02497027348394768,0.02497027348394768,0.398671875
mvtec,transistor,2,2,29,1152.0,48,48,1,100,63,25.23,5.0,59.0,93.65079365079364,0.02497027348394768,0.02497027348394768,0.459921875
mvtec,transistor,2,2,31,1152.0,48,48,1,100,63,25.23,5.0,59.0,93.65079365079364,0.02497027348394768,0.02497027348394768,0.525546875
mvtec,transistor,2,2,33,1152.0,48,48,1,100,63,25.23,5.0,59.0,93.65079365079364,0.02497027348394768,0.02497027348394768,0.595546875
mvtec,transistor,4,0,5,1152.0,48,48,46,100,34,12.51,0.0,6.0,17.647058823529413,0.41566746602717825,0.41566746602717825,0.11284722222222222
mvtec,transistor,4,0,7,1152.0,48,48,23,100,34,12.51,0.0,10.0,29.411764705882355,0.28457234212629895,0.28457234212629895,0.1514236111111111
mvtec,transistor,4,0,9,1152.0,48,48,14,100,34,12.51,0.0,11.0,32.35294117647059,0.21183053557154277,0.21183053557154277,0.186328125
mvtec,transistor,4,0,11,1152.0,48,48,9,100,34,12.51,0.0,14.000000000000002,41.17647058823529,0.16466826538768986,0.16466826538768986,0.21637152777777777
mvtec,transistor,4,0,13,1152.0,48,48,6,100,34,12.51,0.0,18.0,52.94117647058824,0.12709832134292565,0.12709832134292565,0.23325520833333332
mvtec,transistor,4,0,15,1152.0,48,48,5,100,34,12.51,0.0,20.0,58.82352941176471,0.1111111111111111,0.1111111111111111,0.271484375
mvtec,transistor,4,0,17,1152.0,48,48,3,100,34,12.51,0.0,24.0,70.58823529411765,0.0759392486011191,0.0759392486011191,0.23832465277777778
mvtec,transistor,4,0,19,1152.0,48,48,3,100,34,12.51,0.0,24.0,70.58823529411765,0.0759392486011191,0.0759392486011191,0.29769965277777777
mvtec,transistor,4,0,21,1152.0,48,48,2,100,34,12.51,0.0,28.999999999999996,85.29411764705883,0.05275779376498801,0.05275779376498801,0.25265625
mvtec,transistor,4,0,23,1152.0,48,48,2,100,34,12.51,0.0,28.999999999999996,85.29411764705883,0.05275779376498801,0.05275779376498801,0.3030729166666667
mvtec,transistor,4,0,25,1152.0,48,48,1,100,34,12.51,0.0,32.0,94.11764705882352,0.02717825739408473,0.02717825739408473,0.18446180555555555
mvtec,transistor,4,0,27,1152.0,48,48,1,100,34,12.51,0.0,32.0,94.11764705882352,0.02717825739408473,0.02717825739408473,0.21515625
mvtec,transistor,4,0,29,1152.0,48,48,1,100,34,12.51,0.0,32.0,94.11764705882352,0.02717825739408473,0.02717825739408473,0.24821180555555555
mvtec,transistor,4,0,31,1152.0,48,48,1,100,34,12.51,0.0,32.0,94.11764705882352,0.02717825739408473,0.02717825739408473,0.2836284722222222
mvtec,transistor,4,0,33,1152.0,48,48,1,100,34,12.51,0.0,32.0,94.11764705882352,0.02717825739408473,0.02717825739408473,0.32140625
mvtec,transistor,4,1,5,1152.0,48,48,46,100,33,8.18,0.0,6.0,18.181818181818183,0.530562347188264,0.530562347188264,0.09418402777777778
mvtec,transistor,4,1,7,1152.0,48,48,23,100,33,8.18,0.0,7.000000000000001,21.21212121212121,0.35574572127139364,0.35574572127139364,0.12377604166666667
mvtec,transistor,4,1,9,1152.0,48,48,14,100,33,8.18,0.0,10.0,30.303030303030305,0.2628361858190709,0.2628361858190709,0.151171875
mvtec,transistor,4,1,11,1152.0,48,48,9,100,33,8.18,0.0,10.0,30.303030303030305,0.2017114914425428,0.2017114914425428,0.17330729166666667
mvtec,transistor,4,1,13,1152.0,48,48,6,100,33,8.18,0.0,13.0,39.39393939393939,0.15892420537897312,0.15892420537897312,0.19071180555555556
mvtec,transistor,4,1,15,1152.0,48,48,5,100,33,8.18,0.0,14.000000000000002,42.42424242424242,0.14180929095354522,0.14180929095354522,0.2265625
mvtec,transistor,4,1,17,1152.0,48,48,3,100,33,8.18,0.0,19.0,57.57575757575758,0.097799511002445,0.097799511002445,0.20069444444444445
mvtec,transistor,4,1,19,1152.0,48,48,3,100,33,8.18,0.0,19.0,57.57575757575758,0.097799511002445,0.097799511002445,0.25069444444444444
mvtec,transistor,4,1,21,1152.0,48,48,2,100,33,8.18,0.0,21.0,63.63636363636363,0.07212713936430318,0.07212713936430318,0.225859375
mvtec,transistor,4,1,23,1152.0,48,48,2,100,33,8.18,0.0,21.0,63.63636363636363,0.07212713936430318,0.07212713936430318,0.27092881944444447
mvtec,transistor,4,1,25,1152.0,48,48,1,100,33,8.18,0.0,26.0,78.78787878787878,0.040342298288508556,0.040342298288508556,0.17903645833333334
mvtec,transistor,4,1,27,1152.0,48,48,1,100,33,8.18,0.0,26.0,78.78787878787878,0.040342298288508556,0.040342298288508556,0.208828125
mvtec,transistor,4,1,29,1152.0,48,48,1,100,33,8.18,0.0,26.0,78.78787878787878,0.040342298288508556,0.040342298288508556,0.24091145833333333
mvtec,transistor,4,1,31,1152.0,48,48,1,100,33,8.18,0.0,26.0,78.78787878787878,0.040342298288508556,0.040342298288508556,0.2752864583333333
mvtec,transistor,4,1,33,1152.0,48,48,1,100,33,8.18,0.0,26.0,78.78787878787878,0.040342298288508556,0.040342298288508556,0.311953125
mvtec,transistor,4,2,5,1152.0,48,48,46,100,20,7.14,0.0,5.0,25.0,0.6204481792717087,0.6204481792717087,0.09613715277777778
mvtec,transistor,4,2,7,1152.0,48,48,23,100,20,7.14,0.0,10.0,50.0,0.40896358543417366,0.40896358543417366,0.12420138888888889
mvtec,transistor,4,2,9,1152.0,48,48,14,100,20,7.14,0.0,10.0,50.0,0.28291316526610644,0.28291316526610644,0.14203125
mvtec,transistor,4,2,11,1152.0,48,48,9,100,20,7.14,0.0,11.0,55.00000000000001,0.211484593837535,0.211484593837535,0.15860243055555556
mvtec,transistor,4,2,13,1152.0,48,48,6,100,20,7.14,0.0,15.0,75.0,0.15266106442577032,0.15266106442577032,0.15990451388888888
mvtec,transistor,4,2,15,1152.0,48,48,5,100,20,7.14,0.0,15.0,75.0,0.13165266106442577,0.13165266106442577,0.18359375
mvtec,transistor,4,2,17,1152.0,48,48,3,100,20,7.14,0.0,19.0,95.0,0.08263305322128851,0.08263305322128851,0.14801215277777777
mvtec,transistor,4,2,19,1152.0,48,48,3,100,20,7.14,0.0,19.0,95.0,0.08263305322128851,0.08263305322128851,0.18488715277777779
mvtec,transistor,4,2,21,1152.0,48,48,2,100,20,7.14,0.0,19.0,95.0,0.056022408963585436,0.056022408963585436,0.153125
mvtec,transistor,4,2,23,1152.0,48,48,2,100,20,7.14,0.0,19.0,95.0,0.056022408963585436,0.056022408963585436,0.18368055555555557
mvtec,transistor,4,2,25,1152.0,48,48,1,100,20,7.14,0.0,20.0,100.0,0.028011204481792718,0.028011204481792718,0.10850694444444445
mvtec,transistor,4,2,27,1152.0,48,48,1,100,20,7.14,0.0,20.0,100.0,0.028011204481792718,0.028011204481792718,0.1265625
mvtec,transistor,4,2,29,1152.0,48,48,1,100,20,7.14,0.0,20.0,100.0,0.028011204481792718,0.028011204481792718,0.14600694444444445
mvtec,transistor,4,2,31,1152.0,48,48,1,100,20,7.14,0.0,20.0,100.0,0.028011204481792718,0.028011204481792718,0.16684027777777777
mvtec,transistor,4,2,33,1152.0,48,48,1,100,20,7.14,0.0,20.0,100.0,0.028011204481792718,0.028011204481792718,0.1890625
mvtec,transistor,8,0,5,1152.0,48,48,46,100,30,8.76,0.0,6.0,20.0,0.5136986301369864,0.5136986301369864,0.09765625
mvtec,transistor,8,0,7,1152.0,48,48,23,100,30,8.76,0.0,7.000000000000001,23.333333333333332,0.3515981735159817,0.3515981735159817,0.13100694444444444
mvtec,transistor,8,0,9,1152.0,48,48,14,100,30,8.76,0.0,10.0,33.33333333333333,0.2625570776255708,0.2625570776255708,0.16171875
mvtec,transistor,8,0,11,1152.0,48,48,9,100,30,8.76,0.0,12.0,40.0,0.2009132420091324,0.2009132420091324,0.18486111111111111
mvtec,transistor,8,0,13,1152.0,48,48,6,100,30,8.76,0.0,13.0,43.333333333333336,0.15753424657534246,0.15753424657534246,0.20244791666666667
mvtec,transistor,8,0,15,1152.0,48,48,5,100,30,8.76,0.0,14.000000000000002,46.666666666666664,0.1415525114155251,0.1415525114155251,0.2421875
mvtec,transistor,8,0,17,1152.0,48,48,3,100,30,8.76,0.0,22.0,73.33333333333333,0.0958904109589041,0.0958904109589041,0.21072916666666666
mvtec,transistor,8,0,19,1152.0,48,48,3,100,30,8.76,0.0,22.0,73.33333333333333,0.0958904109589041,0.0958904109589041,0.2632291666666667
mvtec,transistor,8,0,21,1152.0,48,48,2,100,30,8.76,0.0,25.0,83.33333333333334,0.06735159817351598,0.06735159817351598,0.225859375
mvtec,transistor,8,0,23,1152.0,48,48,2,100,30,8.76,0.0,25.0,83.33333333333334,0.06735159817351598,0.06735159817351598,0.27092881944444447
mvtec,transistor,8,0,25,1152.0,48,48,1,100,30,8.76,0.0,28.999999999999996,96.66666666666667,0.03424657534246575,0.03424657534246575,0.16276041666666666
mvtec,transistor,8,0,27,1152.0,48,48,1,100,30,8.76,0.0,28.999999999999996,96.66666666666667,0.03424657534246575,0.03424657534246575,0.18984375
mvtec,transistor,8,0,29,1152.0,48,48,1,100,30,8.76,0.0,28.999999999999996,96.66666666666667,0.03424657534246575,0.03424657534246575,0.21901041666666668
mvtec,transistor,8,0,31,1152.0,48,48,1,100,30,8.76,0.0,28.999999999999996,96.66666666666667,0.03424657534246575,0.03424657534246575,0.25026041666666665
mvtec,transistor,8,0,33,1152.0,48,48,1,100,30,8.76,0.0,28.999999999999996,96.66666666666667,0.03424657534246575,0.03424657534246575,0.28359375
mvtec,transistor,8,1,5,1152.0,48,48,46,100,30,12.24,0.0,6.0,20.0,0.43300653594771243,0.43300653594771243,0.1150173611111111
mvtec,transistor,8,1,7,1152.0,48,48,23,100,30,12.24,0.0,10.0,33.33333333333333,0.2834967320261438,0.2834967320261438,0.14759548611111112
mvtec,transistor,8,1,9,1152.0,48,48,14,100,30,12.24,0.0,11.0,36.666666666666664,0.20915032679738563,0.20915032679738563,0.18
mvtec,transistor,8,1,11,1152.0,48,48,9,100,30,12.24,0.0,13.0,43.333333333333336,0.16176470588235295,0.16176470588235295,0.20796875
mvtec,transistor,8,1,13,1152.0,48,48,6,100,30,12.24,0.0,18.0,60.0,0.12336601307189543,0.12336601307189543,0.2215190972222222
mvtec,transistor,8,1,15,1152.0,48,48,5,100,30,12.24,0.0,20.0,66.66666666666666,0.10702614379084967,0.10702614379084967,0.255859375
mvtec,transistor,8,1,17,1152.0,48,48,3,100,30,12.24,0.0,25.0,83.33333333333334,0.06944444444444445,0.06944444444444445,0.21323784722222222
mvtec,transistor,8,1,19,1152.0,48,48,3,100,30,12.24,0.0,25.0,83.33333333333334,0.06944444444444445,0.06944444444444445,0.2663628472222222
mvtec,transistor,8,1,21,1152.0,48,48,2,100,30,12.24,0.0,27.0,90.0,0.04738562091503268,0.04738562091503268,0.22203125
mvtec,transistor,8,1,23,1152.0,48,48,2,100,30,12.24,0.0,27.0,90.0,0.04738562091503268,0.04738562091503268,0.26633680555555556
mvtec,transistor,8,1,25,1152.0,48,48,1,100,30,12.24,0.0,28.000000000000004,93.33333333333333,0.024509803921568627,0.024509803921568627,0.16276041666666666
mvtec,transistor,8,1,27,1152.0,48,48,1,100,30,12.24,0.0,28.000000000000004,93.33333333333333,0.024509803921568627,0.024509803921568627,0.18984375
mvtec,transistor,8,1,29,1152.0,48,48,1,100,30,12.24,0.0,28.000000000000004,93.33333333333333,0.024509803921568627,0.024509803921568627,0.21901041666666668
mvtec,transistor,8,1,31,1152.0,48,48,1,100,30,12.24,0.0,28.000000000000004,93.33333333333333,0.024509803921568627,0.024509803921568627,0.25026041666666665
mvtec,transistor,8,1,33,1152.0,48,48,1,100,30,12.24,0.0,28.000000000000004,93.33333333333333,0.024509803921568627,0.024509803921568627,0.28359375
mvtec,transistor,8,2,5,1152.0,48,48,46,100,23,4.54,0.0,3.0,13.043478260869565,0.6806167400881057,0.6806167400881057,0.06705729166666667
mvtec,transistor,8,2,7,1152.0,48,48,23,100,23,4.54,0.0,5.0,21.73913043478261,0.4647577092511013,0.4647577092511013,0.08974826388888889
mvtec,transistor,8,2,9,1152.0,48,48,14,100,23,4.54,0.0,7.000000000000001,30.434782608695656,0.34801762114537443,0.34801762114537443,0.11109375
mvtec,transistor,8,2,11,1152.0,48,48,9,100,23,4.54,0.0,8.0,34.78260869565217,0.2665198237885463,0.2665198237885463,0.12709201388888888
mvtec,transistor,8,2,13,1152.0,48,48,6,100,23,4.54,0.0,10.0,43.47826086956522,0.20044052863436124,0.20044052863436124,0.13349826388888889
mvtec,transistor,8,2,15,1152.0,48,48,5,100,23,4.54,0.0,10.0,43.47826086956522,0.17841409691629956,0.17841409691629956,0.158203125
mvtec,transistor,8,2,17,1152.0,48,48,3,100,23,4.54,0.0,14.000000000000002,60.86956521739131,0.1211453744493392,0.1211453744493392,0.13797743055555556
mvtec,transistor,8,2,19,1152.0,48,48,3,100,23,4.54,0.0,14.000000000000002,60.86956521739131,0.1211453744493392,0.1211453744493392,0.17235243055555555
mvtec,transistor,8,2,21,1152.0,48,48,2,100,23,4.54,0.0,14.000000000000002,60.86956521739131,0.09030837004405286,0.09030837004405286,0.156953125
mvtec,transistor,8,2,23,1152.0,48,48,2,100,23,4.54,0.0,14.000000000000002,60.86956521739131,0.09030837004405286,0.09030837004405286,0.18827256944444445
mvtec,transistor,8,2,25,1152.0,48,48,1,100,23,4.54,0.0,18.0,78.26086956521739,0.05066079295154185,0.05066079295154185,0.1247829861111111
mvtec,transistor,8,2,27,1152.0,48,48,1,100,23,4.54,0.0,18.0,78.26086956521739,0.05066079295154185,0.05066079295154185,0.145546875
mvtec,transistor,8,2,29,1152.0,48,48,1,100,23,4.54,0.0,18.0,78.26086956521739,0.05066079295154185,0.05066079295154185,0.1679079861111111
mvtec,transistor,8,2,31,1152.0,48,48,1,100,23,4.54,0.0,18.0,78.26086956521739,0.05066079295154185,0.05066079295154185,0.19186631944444443
mvtec,transistor,8,2,33,1152.0,48,48,1,100,23,4.54,0.0,18.0,78.26086956521739,0.05066079295154185,0.05066079295154185,0.217421875
mvtec,wood,1,0,5,1152.0,48,48,46,79,0,0.0,0.0,0.0,0.0,0.0,0.0,0.0
mvtec,wood,1,0,7,1152.0,48,48,23,79,0,0.0,0.0,0.0,0.0,0.0,0.0,0.0
mvtec,wood,1,0,9,1152.0,48,48,14,79,0,0.0,0.0,0.0,0.0,0.0,0.0,0.0
mvtec,wood,1,0,11,1152.0,48,48,9,79,0,0.0,0.0,0.0,0.0,0.0,0.0,0.0
mvtec,wood,1,0,13,1152.0,48,48,6,79,0,0.0,0.0,0.0,0.0,0.0,0.0,0.0
mvtec,wood,1,0,15,1152.0,48,48,5,79,0,0.0,0.0,0.0,0.0,0.0,0.0,0.0
mvtec,wood,1,0,17,1152.0,48,48,3,79,0,0.0,0.0,0.0,0.0,0.0,0.0,0.0
mvtec,wood,1,0,19,1152.0,48,48,3,79,0,0.0,0.0,0.0,0.0,0.0,0.0,0.0
mvtec,wood,1,0,21,1152.0,48,48,2,79,0,0.0,0.0,0.0,0.0,0.0,0.0,0.0
mvtec,wood,1,0,23,1152.0,48,48,2,79,0,0.0,0.0,0.0,0.0,0.0,0.0,0.0
mvtec,wood,1,0,25,1152.0,48,48,1,79,0,0.0,0.0,0.0,0.0,0.0,0.0,0.0
mvtec,wood,1,0,27,1152.0,48,48,1,79,0,0.0,0.0,0.0,0.0,0.0,0.0,0.0
mvtec,wood,1,0,29,1152.0,48,48,1,79,0,0.0,0.0,0.0,0.0,0.0,0.0,0.0
mvtec,wood,1,0,31,1152.0,48,48,1,79,0,0.0,0.0,0.0,0.0,0.0,0.0,0.0
mvtec,wood,1,0,33,1152.0,48,48,1,79,0,0.0,0.0,0.0,0.0,0.0,0.0,0.0
mvtec,wood,1,1,5,1152.0,48,48,46,79,45,4.6835443037974684,1.0,1.2658227848101267,2.2222222222222223,0.9972972972972973,0.9972972972972973,0.10136471518987342
mvtec,wood,1,1,7,1152.0,48,48,23,79,45,4.6835443037974684,1.0,3.79746835443038,6.666666666666667,0.8864864864864865,0.8864864864864865,0.1765998593530239
mvtec,wood,1,1,9,1152.0,48,48,14,79,45,4.6835443037974684,1.0,7.59493670886076,13.333333333333334,0.7837837837837838,0.7837837837837838,0.2581091772151899
mvtec,wood,1,1,11,1152.0,48,48,9,79,45,4.6835443037974684,1.0,13.924050632911392,24.444444444444443,0.654054054054054,0.654054054054054,0.3217519338959212
mvtec,wood,1,1,13,1152.0,48,48,6,79,45,4.6835443037974684,1.0,26.582278481012654,46.666666666666664,0.4972972972972973,0.4972972972972973,0.34168424753867793
mvtec,wood,1,1,15,1152.0,48,48,5,79,45,4.6835443037974684,1.0,26.582278481012654,46.666666666666664,0.44054054054054054,0.44054054054054054,0.4029865506329114
mvtec,wood,1,1,17,1152.0,48,48,3,79,45,4.6835443037974684,1.0,32.91139240506329,57.77777777777777,0.3054054054054054,0.3054054054054054,0.35883658579465544
mvtec,wood,1,1,19,1152.0,48,48,3,79,45,4.6835443037974684,1.0,32.91139240506329,57.77777777777777,0.3054054054054054,0.3054054054054054,0.4482353199718706
mvtec,wood,1,1,21,1152.0,48,48,2,79,45,4.6835443037974684,1.0,39.24050632911392,68.88888888888889,0.22162162162162163,0.22162162162162163,0.3973496835443038
mvtec,wood,1,1,23,1152.0,48,48,2,79,45,4.6835443037974684,1.0,39.24050632911392,68.88888888888889,0.22162162162162163,0.22162162162162163,0.47663941631504925
mvtec,wood,1,1,25,1152.0,48,48,1,79,45,4.6835443037974684,1.0,46.835443037974684,82.22222222222221,0.12162162162162163,0.12162162162162163,0.30903876582278483
mvtec,wood,1,1,27,1152.0,48,48,1,79,45,4.6835443037974684,1.0,46.835443037974684,82.22222222222221,0.12162162162162163,0.12162162162162163,0.3604628164556962
mvtec,wood,1,1,29,1152.0,48,48,1,79,45,4.6835443037974684,1.0,46.835443037974684,82.22222222222221,0.12162162162162163,0.12162162162162163,0.4158425632911392
mvtec,wood,1,1,31,1152.0,48,48,1,79,45,4.6835443037974684,1.0,46.835443037974684,82.22222222222221,0.12162162162162163,0.12162162162162163,0.47517800632911394
mvtec,wood,1,1,33,1152.0,48,48,1,79,45,4.6835443037974684,1.0,46.835443037974684,82.22222222222221,0.12162162162162163,0.12162162162162163,0.5384691455696202
mvtec,wood,1,2,5,1152.0,48,48,46,79,38,2.3797468354430378,0.0,0.0,0.0,1.0,1.0,0.05164381153305204
mvtec,wood,1,2,7,1152.0,48,48,23,79,38,2.3797468354430378,0.0,0.0,0.0,1.0,1.0,0.101221870604782
mvtec,wood,1,2,9,1152.0,48,48,14,79,38,2.3797468354430378,0.0,1.2658227848101267,2.631578947368421,0.9627659574468085,0.9627659574468085,0.16109572784810128
mvtec,wood,1,2,11,1152.0,48,48,9,79,38,2.3797468354430378,0.0,8.860759493670885,18.421052631578945,0.8882978723404256,0.8882978723404256,0.22203542545710267
mvtec,wood,1,2,13,1152.0,48,48,6,79,38,2.3797468354430378,0.0,16.455696202531644,34.21052631578947,0.7180851063829787,0.7180851063829787,0.25069224683544306
mvtec,wood,1,2,15,1152.0,48,48,5,79,38,2.3797468354430378,0.0,18.9873417721519,39.473684210526315,0.6382978723404256,0.6382978723404256,0.29667721518987344
mvtec,wood,1,2,17,1152.0,48,48,3,79,38,2.3797468354430378,0.0,21.518987341772153,44.73684210526316,0.4627659574468085,0.4627659574468085,0.27627241561181437
mvtec,wood,1,2,19,1152.0,48,48,3,79,38,2.3797468354430378,0.0,21.518987341772153,44.73684210526316,0.4627659574468085,0.4627659574468085,0.345101529535865
mvtec,wood,1,2,21,1152.0,48,48,2,79,38,2.3797468354430378,0.0,25.31645569620253,52.63157894736842,0.35638297872340424,0.35638297872340424,0.32466376582278483
mvtec,wood,1,2,23,1152.0,48,48,2,79,38,2.3797468354430378,0.0,25.31645569620253,52.63157894736842,0.35638297872340424,0.35638297872340424,0.38944927918424754
mvtec,wood,1,2,25,1152.0,48,48,1,79,38,2.3797468354430378,0.0,36.708860759493675,76.31578947368422,0.20212765957446807,0.20212765957446807,0.2609660689170183
mvtec,wood,1,2,27,1152.0,48,48,1,79,38,2.3797468354430378,0.0,36.708860759493675,76.31578947368422,0.20212765957446807,0.20212765957446807,0.3043908227848101
mvtec,wood,1,2,29,1152.0,48,48,1,79,38,2.3797468354430378,0.0,36.708860759493675,76.31578947368422,0.20212765957446807,0.20212765957446807,0.3511559423347398
mvtec,wood,1,2,31,1152.0,48,48,1,79,38,2.3797468354430378,0.0,36.708860759493675,76.31578947368422,0.20212765957446807,0.20212765957446807,0.4012614275668073
mvtec,wood,1,2,33,1152.0,48,48,1,79,38,2.3797468354430378,0.0,36.708860759493675,76.31578947368422,0.20212765957446807,0.20212765957446807,0.45470727848101267
mvtec,wood,2,0,5,1152.0,48,48,46,79,46,8.278481012658228,2.0,3.79746835443038,6.521739130434782,0.9587155963302753,0.9587155963302753,0.17223760548523206
mvtec,wood,2,0,7,1152.0,48,48,23,79,46,8.278481012658228,2.0,12.658227848101266,21.73913043478261,0.7599388379204893,0.7599388379204893,0.2675918600562588
mvtec,wood,2,0,9,1152.0,48,48,14,79,46,8.278481012658228,2.0,20.253164556962027,34.78260869565217,0.573394495412844,0.573394495412844,0.3337618670886076
mvtec,wood,2,0,11,1152.0,48,48,9,79,46,8.278481012658228,2.0,25.31645569620253,43.47826086956522,0.4327217125382263,0.4327217125382263,0.37626362517580875
mvtec,wood,2,0,13,1152.0,48,48,6,79,46,8.278481012658228,2.0,29.11392405063291,50.0,0.3333333333333333,0.3333333333333333,0.40482155414908577
mvtec,wood,2,0,15,1152.0,48,48,5,79,46,8.278481012658228,2.0,32.91139240506329,56.52173913043478,0.29357798165137616,0.29357798165137616,0.47468354430379744
mvtec,wood,2,0,17,1152.0,48,48,3,79,46,8.278481012658228,2.0,43.037974683544306,73.91304347826086,0.19724770642201836,0.19724770642201836,0.409645305907173
mvtec,wood,2,0,19,1152.0,48,48,3,79,46,8.278481012658228,2.0,43.037974683544306,73.91304347826086,0.19724770642201836,0.19724770642201836,0.5117022679324894
mvtec,wood,2,0,21,1152.0,48,48,2,79,46,8.278481012658228,2.0,49.36708860759494,84.78260869565217,0.13761467889908258,0.13761467889908258,0.43611550632911394
mvtec,wood,2,0,23,1152.0,48,48,2,79,46,8.278481012658228,2.0,49.36708860759494,84.78260869565217,0.13761467889908258,0.13761467889908258,0.5231408227848101
mvtec,wood,2,0,25,1152.0,48,48,1,79,46,8.278481012658228,2.0,55.69620253164557,95.65217391304348,0.07033639143730887,0.07033639143730887,0.31590629395218
mvtec,wood,2,0,27,1152.0,48,48,1,79,46,8.278481012658228,2.0,55.69620253164557,95.65217391304348,0.07033639143730887,0.07033639143730887,0.3684731012658228
mvtec,wood,2,0,29,1152.0,48,48,1,79,46,8.278481012658228,2.0,55.69620253164557,95.65217391304348,0.07033639143730887,0.07033639143730887,0.42508350914205345
mvtec,wood,2,0,31,1152.0,48,48,1,79,46,8.278481012658228,2.0,55.69620253164557,95.65217391304348,0.07033639143730887,0.07033639143730887,0.485737517580872
mvtec,wood,2,0,33,1152.0,48,48,1,79,46,8.278481012658228,2.0,55.69620253164557,95.65217391304348,0.07033639143730887,0.07033639143730887,0.5504351265822784
mvtec,wood,2,1,5,1152.0,48,48,46,79,40,2.4430379746835444,1.0,0.0,0.0,1.0,1.0,0.053017317158931085
mvtec,wood,2,1,7,1152.0,48,48,23,79,40,2.4430379746835444,1.0,1.2658227848101267,2.5,0.9326424870466321,0.9326424870466321,0.09691455696202532
mvtec,wood,2,1,9,1152.0,48,48,14,79,40,2.4430379746835444,1.0,1.2658227848101267,2.5,0.8860103626943006,0.8860103626943006,0.15219541139240506
mvtec,wood,2,1,11,1152.0,48,48,9,79,40,2.4430379746835444,1.0,5.063291139240507,10.0,0.8186528497409327,0.8186528497409327,0.21006944444444445
mvtec,wood,2,1,13,1152.0,48,48,6,79,40,2.4430379746835444,1.0,13.924050632911392,27.500000000000004,0.6787564766839378,0.6787564766839378,0.24326432841068918
mvtec,wood,2,1,15,1152.0,48,48,5,79,40,2.4430379746835444,1.0,13.924050632911392,27.500000000000004,0.6217616580310881,0.6217616580310881,0.29667721518987344
mvtec,wood,2,1,17,1152.0,48,48,3,79,40,2.4430379746835444,1.0,21.518987341772153,42.5,0.46632124352331605,0.46632124352331605,0.2857990506329114
mvtec,wood,2,1,19,1152.0,48,48,3,79,40,2.4430379746835444,1.0,21.518987341772153,42.5,0.46632124352331605,0.46632124352331605,0.357001582278481
mvtec,wood,2,1,21,1152.0,48,48,2,79,40,2.4430379746835444,1.0,26.582278481012654,52.5,0.35751295336787564,0.35751295336787564,0.33435522151898733
mvtec,wood,2,1,23,1152.0,48,48,2,79,40,2.4430379746835444,1.0,26.582278481012654,52.5,0.35751295336787564,0.35751295336787564,0.40107463080168776
mvtec,wood,2,1,25,1152.0,48,48,1,79,40,2.4430379746835444,1.0,36.708860759493675,72.5,0.20725388601036268,0.20725388601036268,0.27470112517580875
mvtec,wood,2,1,27,1152.0,48,48,1,79,40,2.4430379746835444,1.0,36.708860759493675,72.5,0.20725388601036268,0.20725388601036268,0.3204113924050633
mvtec,wood,2,1,29,1152.0,48,48,1,79,40,2.4430379746835444,1.0,36.708860759493675,72.5,0.20725388601036268,0.20725388601036268,0.3696378340365682
mvtec,wood,2,1,31,1152.0,48,48,1,79,40,2.4430379746835444,1.0,36.708860759493675,72.5,0.20725388601036268,0.20725388601036268,0.4223804500703235
mvtec,wood,2,1,33,1152.0,48,48,1,79,40,2.4430379746835444,1.0,36.708860759493675,72.5,0.20725388601036268,0.20725388601036268,0.4786392405063291
mvtec,wood,2,2,5,1152.0,48,48,46,79,36,3.1645569620253164,0.0,0.0,0.0,1.0,1.0,0.06867528129395219
mvtec,wood,2,2,7,1152.0,48,48,23,79,36,3.1645569620253164,0.0,1.2658227848101267,2.7777777777777777,0.96,0.96,0.12921940928270043
mvtec,wood,2,2,9,1152.0,48,48,14,79,36,3.1645569620253164,0.0,3.79746835443038,8.333333333333332,0.884,0.884,0.19669699367088608
mvtec,wood,2,2,11,1152.0,48,48,9,79,36,3.1645569620253164,0.0,15.18987341772152,33.33333333333333,0.752,0.752,0.24995604781997188
mvtec,wood,2,2,13,1152.0,48,48,6,79,36,3.1645569620253164,0.0,17.72151898734177,38.88888888888889,0.584,0.584,0.27111902250351616
mvtec,wood,2,2,15,1152.0,48,48,5,79,36,3.1645569620253164,0.0,20.253164556962027,44.44444444444444,0.52,0.52,0.3214003164556962
mvtec,wood,2,2,17,1152.0,48,48,3,79,36,3.1645569620253164,0.0,25.31645569620253,55.55555555555556,0.368,0.368,0.2921501406469761
mvtec,wood,2,2,19,1152.0,48,48,3,79,36,3.1645569620253164,0.0,25.31645569620253,55.55555555555556,0.368,0.368,0.36493495077355836
mvtec,wood,2,2,21,1152.0,48,48,2,79,36,3.1645569620253164,0.0,32.91139240506329,72.22222222222221,0.264,0.264,0.31981803797468356
mvtec,wood,2,2,23,1152.0,48,48,2,79,36,3.1645569620253164,0.0,32.91139240506329,72.22222222222221,0.264,0.264,0.3836366033755274
mvtec,wood,2,2,25,1152.0,48,48,1,79,36,3.1645569620253164,0.0,37.9746835443038,83.33333333333334,0.144,0.144,0.24723101265822786
mvtec,wood,2,2,27,1152.0,48,48,1,79,36,3.1645569620253164,0.0,37.9746835443038,83.33333333333334,0.144,0.144,0.28837025316455694
mvtec,wood,2,2,29,1152.0,48,48,1,79,36,3.1645569620253164,0.0,37.9746835443038,83.33333333333334,0.144,0.144,0.3326740506329114
mvtec,wood,2,2,31,1152.0,48,48,1,79,36,3.1645569620253164,0.0,37.9746835443038,83.33333333333334,0.144,0.144,0.38014240506329117
mvtec,wood,2,2,33,1152.0,48,48,1,79,36,3.1645569620253164,0.0,37.9746835443038,83.33333333333334,0.144,0.144,0.4307753164556962
mvtec,wood,4,0,5,1152.0,48,48,46,79,42,13.417721518987342,4.0,8.860759493670885,16.666666666666664,0.8716981132075472,0.8716981132075472,0.25382383966244726
mvtec,wood,4,0,7,1152.0,48,48,23,79,42,13.417721518987342,4.0,20.253164556962027,38.095238095238095,0.6358490566037736,0.6358490566037736,0.3628911744022503
mvtec,wood,4,0,9,1152.0,48,48,14,79,42,13.417721518987342,4.0,31.645569620253166,59.523809523809526,0.46037735849056605,0.46037735849056605,0.43433544303797467
mvtec,wood,4,0,11,1152.0,48,48,9,79,42,13.417721518987342,4.0,39.24050632911392,73.80952380952381,0.32452830188679244,0.32452830188679244,0.4573663853727145
mvtec,wood,4,0,13,1152.0,48,48,6,79,42,13.417721518987342,4.0,45.56962025316456,85.71428571428571,0.22924528301886793,0.22924528301886793,0.45124604430379744
mvtec,wood,4,0,15,1152.0,48,48,5,79,42,13.417721518987342,4.0,48.10126582278481,90.47619047619048,0.19339622641509435,0.19339622641509435,0.5068235759493671
mvtec,wood,4,0,17,1152.0,48,48,3,79,42,13.417721518987342,4.0,51.89873417721519,97.61904761904762,0.1179245283018868,0.1179245283018868,0.3969431258790436
mvtec,wood,4,0,19,1152.0,48,48,3,79,42,13.417721518987342,4.0,51.89873417721519,97.61904761904762,0.1179245283018868,0.1179245283018868,0.49583553094233473
mvtec,wood,4,0,21,1152.0,48,48,2,79,42,13.417721518987342,4.0,51.89873417721519,97.61904761904762,0.07924528301886792,0.07924528301886792,0.40704113924050633
mvtec,wood,4,0,23,1152.0,48,48,2,79,42,13.417721518987342,4.0,51.89873417721519,97.61904761904762,0.07924528301886792,0.07924528301886792,0.48826476793248946
mvtec,wood,4,0,25,1152.0,48,48,1,79,42,13.417721518987342,4.0,53.16455696202531,100.0,0.03962264150943396,0.03962264150943396,0.28843618143459915
mvtec,wood,4,0,27,1152.0,48,48,1,79,42,13.417721518987342,4.0,53.16455696202531,100.0,0.03962264150943396,0.03962264150943396,0.33643196202531644
mvtec,wood,4,0,29,1152.0,48,48,1,79,42,13.417721518987342,4.0,53.16455696202531,100.0,0.03962264150943396,0.03962264150943396,0.38811972573839665
mvtec,wood,4,0,31,1152.0,48,48,1,79,42,13.417721518987342,4.0,53.16455696202531,100.0,0.03962264150943396,0.03962264150943396,0.44349947257383965
mvtec,wood,4,0,33,1152.0,48,48,1,79,42,13.417721518987342,4.0,53.16455696202531,100.0,0.03962264150943396,0.03962264150943396,0.5025712025316456
mvtec,wood,4,1,5,1152.0,48,48,46,79,38,4.443037974683544,0.0,0.0,0.0,1.0,1.0,0.09642009493670886
mvtec,wood,4,1,7,1152.0,48,48,23,79,38,4.443037974683544,0.0,3.79746835443038,7.894736842105263,0.9259259259259259,0.9259259259259259,0.17498461673699015
mvtec,wood,4,1,9,1152.0,48,48,14,79,38,4.443037974683544,0.0,10.126582278481013,21.052631578947366,0.7891737891737892,0.7891737891737892,0.2465387658227848
mvtec,wood,4,1,11,1152.0,48,48,9,79,38,4.443037974683544,0.0,16.455696202531644,34.21052631578947,0.6410256410256411,0.6410256410256411,0.2991495253164557
mvtec,wood,4,1,13,1152.0,48,48,6,79,38,4.443037974683544,0.0,24.050632911392405,50.0,0.49572649572649574,0.49572649572649574,0.32311445147679324
mvtec,wood,4,1,15,1152.0,48,48,5,79,38,4.443037974683544,0.0,25.31645569620253,52.63157894736842,0.43874643874643876,0.43874643874643876,0.3807357594936709
mvtec,wood,4,1,17,1152.0,48,48,3,79,38,4.443037974683544,0.0,35.44303797468354,73.68421052631578,0.2905982905982906,0.2905982905982906,0.3239055907172996
mvtec,wood,4,1,19,1152.0,48,48,3,79,38,4.443037974683544,0.0,35.44303797468354,73.68421052631578,0.2905982905982906,0.2905982905982906,0.40460179324894513
mvtec,wood,4,1,21,1152.0,48,48,2,79,38,4.443037974683544,0.0,39.24050632911392,81.57894736842105,0.2022792022792023,0.2022792022792023,0.3440466772151899
mvtec,wood,4,1,23,1152.0,48,48,2,79,38,4.443037974683544,0.0,39.24050632911392,81.57894736842105,0.2022792022792023,0.2022792022792023,0.412699982419128
mvtec,wood,4,1,25,1152.0,48,48,1,79,38,4.443037974683544,0.0,41.77215189873418,86.8421052631579,0.10826210826210826,0.10826210826210826,0.2609660689170183
mvtec,wood,4,1,27,1152.0,48,48,1,79,38,4.443037974683544,0.0,41.77215189873418,86.8421052631579,0.10826210826210826,0.10826210826210826,0.3043908227848101
mvtec,wood,4,1,29,1152.0,48,48,1,79,38,4.443037974683544,0.0,41.77215189873418,86.8421052631579,0.10826210826210826,0.10826210826210826,0.3511559423347398
mvtec,wood,4,1,31,1152.0,48,48,1,79,38,4.443037974683544,0.0,41.77215189873418,86.8421052631579,0.10826210826210826,0.10826210826210826,0.4012614275668073
mvtec,wood,4,1,33,1152.0,48,48,1,79,38,4.443037974683544,0.0,41.77215189873418,86.8421052631579,0.10826210826210826,0.10826210826210826,0.45470727848101267
mvtec,wood,4,2,5,1152.0,48,48,46,79,57,15.708860759493671,7.0,5.063291139240507,7.017543859649122,0.8694601128122482,0.8694601128122482,0.2964025140646976
mvtec,wood,4,2,7,1152.0,48,48,23,79,57,15.708860759493671,7.0,29.11392405063291,40.35087719298245,0.6583400483481063,0.6583400483481063,0.43988440576652604
mvtec,wood,4,2,9,1152.0,48,48,14,79,57,15.708860759493671,7.0,37.9746835443038,52.63157894736842,0.4665592264302981,0.4665592264302981,0.5153283227848101
mvtec,wood,4,2,11,1152.0,48,48,9,79,57,15.708860759493671,7.0,46.835443037974684,64.91228070175438,0.33601933924254634,0.33601933924254634,0.5544237869198312
mvtec,wood,4,2,13,1152.0,48,48,6,79,57,15.708860759493671,7.0,54.43037974683544,75.43859649122807,0.23851732473811443,0.23851732473811443,0.5496659634317862
mvtec,wood,4,2,15,1152.0,48,48,5,79,57,15.708860759493671,7.0,54.43037974683544,75.43859649122807,0.20386784850926673,0.20386784850926673,0.6254944620253164
mvtec,wood,4,2,17,1152.0,48,48,3,79,57,15.708860759493671,7.0,59.49367088607595,82.45614035087719,0.1297340854149879,0.1297340854149879,0.5112627461322081
mvtec,wood,4,2,19,1152.0,48,48,3,79,57,15.708860759493671,7.0,59.49367088607595,82.45614035087719,0.1297340854149879,0.1297340854149879,0.6386361638537271
mvtec,wood,4,2,21,1152.0,48,48,2,79,57,15.708860759493671,7.0,62.0253164556962,85.96491228070175,0.09024979854955681,0.09024979854955681,0.5427215189873418
mvtec,wood,4,2,23,1152.0,48,48,2,79,57,15.708860759493671,7.0,62.0253164556962,85.96491228070175,0.09024979854955681,0.09024979854955681,0.6510196905766527
mvtec,wood,4,2,25,1152.0,48,48,1,79,57,15.708860759493671,7.0,69.62025316455697,96.49122807017544,0.04593070104754231,0.04593070104754231,0.3914491033755274
mvtec,wood,4,2,27,1152.0,48,48,1,79,57,15.708860759493671,7.0,69.62025316455697,96.49122807017544,0.04593070104754231,0.04593070104754231,0.45658623417721517
mvtec,wood,4,2,29,1152.0,48,48,1,79,57,15.708860759493671,7.0,69.62025316455697,96.49122807017544,0.04593070104754231,0.04593070104754231,0.5267339135021097
mvtec,wood,4,2,31,1152.0,48,48,1,79,57,15.708860759493671,7.0,69.62025316455697,96.49122807017544,0.04593070104754231,0.04593070104754231,0.601892141350211
mvtec,wood,4,2,33,1152.0,48,48,1,79,57,15.708860759493671,7.0,69.62025316455697,96.49122807017544,0.04593070104754231,0.04593070104754231,0.682060917721519
mvtec,wood,8,0,5,1152.0,48,48,46,79,40,4.620253164556962,1.0,0.0,0.0,1.0,1.0,0.10026591068917018
mvtec,wood,8,0,7,1152.0,48,48,23,79,40,4.620253164556962,1.0,3.79746835443038,7.5,0.9260273972602739,0.9260273972602739,0.18198400140646975
mvtec,wood,8,0,9,1152.0,48,48,14,79,40,4.620253164556962,1.0,11.39240506329114,22.5,0.8027397260273973,0.8027397260273973,0.2607792721518987
mvtec,wood,8,0,11,1152.0,48,48,9,79,40,4.620253164556962,1.0,17.72151898734177,35.0,0.6465753424657534,0.6465753424657534,0.31377461322081573
mvtec,wood,8,0,13,1152.0,48,48,6,79,40,4.620253164556962,1.0,26.582278481012654,52.5,0.4931506849315068,0.4931506849315068,0.33425632911392406
mvtec,wood,8,0,15,1152.0,48,48,5,79,40,4.620253164556962,1.0,27.848101265822784,55.00000000000001,0.4328767123287671,0.4328767123287671,0.390625
mvtec,wood,8,0,17,1152.0,48,48,3,79,40,4.620253164556962,1.0,35.44303797468354,70.0,0.2876712328767123,0.2876712328767123,0.33343222573839665
mvtec,wood,8,0,19,1152.0,48,48,3,79,40,4.620253164556962,1.0,35.44303797468354,70.0,0.2876712328767123,0.2876712328767123,0.4165018459915612
mvtec,wood,8,0,21,1152.0,48,48,2,79,40,4.620253164556962,1.0,37.9746835443038,75.0,0.2054794520547945,0.2054794520547945,0.36342958860759494
mvtec,wood,8,0,23,1152.0,48,48,2,79,40,4.620253164556962,1.0,37.9746835443038,75.0,0.2054794520547945,0.2054794520547945,0.43595068565400846
mvtec,wood,8,0,25,1152.0,48,48,1,79,40,4.620253164556962,1.0,44.303797468354425,87.5,0.1095890410958904,0.1095890410958904,0.27470112517580875
mvtec,wood,8,0,27,1152.0,48,48,1,79,40,4.620253164556962,1.0,44.303797468354425,87.5,0.1095890410958904,0.1095890410958904,0.3204113924050633
mvtec,wood,8,0,29,1152.0,48,48,1,79,40,4.620253164556962,1.0,44.303797468354425,87.5,0.1095890410958904,0.1095890410958904,0.3696378340365682
mvtec,wood,8,0,31,1152.0,48,48,1,79,40,4.620253164556962,1.0,44.303797468354425,87.5,0.1095890410958904,0.1095890410958904,0.4223804500703235
mvtec,wood,8,0,33,1152.0,48,48,1,79,40,4.620253164556962,1.0,44.303797468354425,87.5,0.1095890410958904,0.1095890410958904,0.4786392405063291
mvtec,wood,8,1,5,1152.0,48,48,46,79,51,15.60759493670886,8.0,8.860759493670885,13.725490196078432,0.8799675587996756,0.8799675587996756,0.29805072081575246
mvtec,wood,8,1,7,1152.0,48,48,23,79,51,15.60759493670886,8.0,26.582278481012654,41.17647058823529,0.6220600162206001,0.6220600162206001,0.4129636954992968
mvtec,wood,8,1,9,1152.0,48,48,14,79,51,15.60759493670886,8.0,35.44303797468354,54.90196078431373,0.45255474452554745,0.45255474452554745,0.4966376582278481
mvtec,wood,8,1,11,1152.0,48,48,9,79,51,15.60759493670886,8.0,41.77215189873418,64.70588235294117,0.32684509326845096,0.32684509326845096,0.5358100386779184
mvtec,wood,8,1,13,1152.0,48,48,6,79,51,15.60759493670886,8.0,51.89873417721519,80.3921568627451,0.23195458231954583,0.23195458231954583,0.5310961673699015
mvtec,wood,8,1,15,1152.0,48,48,5,79,51,15.60759493670886,8.0,53.16455696202531,82.35294117647058,0.1978913219789132,0.1978913219789132,0.603243670886076
mvtec,wood,8,1,17,1152.0,48,48,3,79,51,15.60759493670886,8.0,60.75949367088608,94.11764705882352,0.12246553122465531,0.12246553122465531,0.4795072960618847
mvtec,wood,8,1,19,1152.0,48,48,3,79,51,15.60759493670886,8.0,60.75949367088608,94.11764705882352,0.12246553122465531,0.12246553122465531,0.5989693213783404
mvtec,wood,8,1,21,1152.0,48,48,2,79,51,15.60759493670886,8.0,62.0253164556962,96.07843137254902,0.0827250608272506,0.0827250608272506,0.4942642405063291
mvtec,wood,8,1,23,1152.0,48,48,2,79,51,15.60759493670886,8.0,62.0253164556962,96.07843137254902,0.0827250608272506,0.0827250608272506,0.5928929324894515
mvtec,wood,8,1,25,1152.0,48,48,1,79,51,15.60759493670886,8.0,64.55696202531645,100.0,0.0413625304136253,0.0413625304136253,0.3502439345991561
mvtec,wood,8,1,27,1152.0,48,48,1,79,51,15.60759493670886,8.0,64.55696202531645,100.0,0.0413625304136253,0.0413625304136253,0.4085245253164557
mvtec,wood,8,1,29,1152.0,48,48,1,79,51,15.60759493670886,8.0,64.55696202531645,100.0,0.0413625304136253,0.0413625304136253,0.4712882383966245
mvtec,wood,8,1,31,1152.0,48,48,1,79,51,15.60759493670886,8.0,64.55696202531645,100.0,0.0413625304136253,0.0413625304136253,0.5385350738396625
mvtec,wood,8,1,33,1152.0,48,48,1,79,51,15.60759493670886,8.0,64.55696202531645,100.0,0.0413625304136253,0.0413625304136253,0.6102650316455697
mvtec,wood,8,2,5,1152.0,48,48,46,79,54,13.075949367088608,5.0,5.063291139240507,7.4074074074074066,0.882865440464666,0.882865440464666,0.2505274261603376
mvtec,wood,8,2,7,1152.0,48,48,23,79,54,13.075949367088608,5.0,21.518987341772153,31.48148148148148,0.6844143272023233,0.6844143272023233,0.38065884317862164
mvtec,wood,8,2,9,1152.0,48,48,14,79,54,13.075949367088608,5.0,32.91139240506329,48.148148148148145,0.5033881897386253,0.5033881897386253,0.46281645569620256
mvtec,wood,8,2,11,1152.0,48,48,9,79,54,13.075949367088608,5.0,39.24050632911392,57.407407407407405,0.3688286544046467,0.3688286544046467,0.5065598628691983
mvtec,wood,8,2,13,1152.0,48,48,6,79,54,13.075949367088608,5.0,48.10126582278481,70.37037037037037,0.26524685382381413,0.26524685382381413,0.50881241209564
mvtec,wood,8,2,15,1152.0,48,48,5,79,54,13.075949367088608,5.0,48.10126582278481,70.37037037037037,0.22846079380445306,0.22846079380445306,0.5834651898734177
mvtec,wood,8,2,17,1152.0,48,48,3,79,54,13.075949367088608,5.0,53.16455696202531,77.77777777777779,0.14908034849951599,0.14908034849951599,0.4890339310829817
mvtec,wood,8,2,19,1152.0,48,48,3,79,54,13.075949367088608,5.0,53.16455696202531,77.77777777777779,0.14908034849951599,0.14908034849951599,0.6108693741209564
mvtec,wood,8,2,21,1152.0,48,48,2,79,54,13.075949367088608,5.0,60.75949367088608,88.88888888888889,0.10261374636979671,0.10261374636979671,0.5136471518987342
mvtec,wood,8,2,23,1152.0,48,48,2,79,54,13.075949367088608,5.0,60.75949367088608,88.88888888888889,0.10261374636979671,0.10261374636979671,0.616143635724332
mvtec,wood,8,2,25,1152.0,48,48,1,79,54,13.075949367088608,5.0,65.82278481012658,96.29629629629629,0.05227492739593417,0.05227492739593417,0.3708465189873418
mvtec,wood,8,2,27,1152.0,48,48,1,79,54,13.075949367088608,5.0,65.82278481012658,96.29629629629629,0.05227492739593417,0.05227492739593417,0.43255537974683544
mvtec,wood,8,2,29,1152.0,48,48,1,79,54,13.075949367088608,5.0,65.82278481012658,96.29629629629629,0.05227492739593417,0.05227492739593417,0.4990110759493671
mvtec,wood,8,2,31,1152.0,48,48,1,79,54,13.075949367088608,5.0,65.82278481012658,96.29629629629629,0.05227492739593417,0.05227492739593417,0.5702136075949367
mvtec,wood,8,2,33,1152.0,48,48,1,79,54,13.075949367088608,5.0,65.82278481012658,96.29629629629629,0.05227492739593417,0.05227492739593417,0.6461629746835443
mvtec,zipper,1,0,5,1152.0,48,48,46,151,105,5.437086092715232,4.0,0.0,0.0,1.0,1.0,0.11799231972038264
mvtec,zipper,1,0,7,1152.0,48,48,23,151,105,5.437086092715232,4.0,0.6622516556291391,0.9523809523809524,0.9866017052375152,0.9866017052375152,0.22816639072847683
mvtec,zipper,1,0,9,1152.0,48,48,14,151,105,5.437086092715232,4.0,7.9470198675496695,11.428571428571429,0.9317904993909866,0.9317904993909866,0.35621895695364236
mvtec,zipper,1,0,11,1152.0,48,48,9,151,105,5.437086092715232,4.0,21.85430463576159,31.428571428571427,0.7929354445797807,0.7929354445797807,0.4528318156732892
mvtec,zipper,1,0,13,1152.0,48,48,6,151,105,5.437086092715232,4.0,34.437086092715234,49.523809523809526,0.6248477466504263,0.6248477466504263,0.49839610927152317
mvtec,zipper,1,0,15,1152.0,48,48,5,151,105,5.437086092715232,4.0,39.0728476821192,56.19047619047619,0.5529841656516443,0.5529841656516443,0.5872309602649006
mvtec,zipper,1,0,17,1152.0,48,48,3,151,105,5.437086092715232,4.0,54.966887417218544,79.04761904761905,0.36662606577344703,0.36662606577344703,0.5000747332597498
mvtec,zipper,1,0,19,1152.0,48,48,3,151,105,5.437086092715232,4.0,54.966887417218544,79.04761904761905,0.36662606577344703,0.36662606577344703,0.6246608259749816
mvtec,zipper,1,0,21,1152.0,48,48,2,151,105,5.437086092715232,4.0,63.576158940397356,91.42857142857143,0.2496954933008526,0.2496954933008526,0.5197123344370861
mvtec,zipper,1,0,23,1152.0,48,48,2,151,105,5.437086092715232,4.0,63.576158940397356,91.42857142857143,0.2496954933008526,0.2496954933008526,0.6234191041206769
mvtec,zipper,1,0,25,1152.0,48,48,1,151,105,5.437086092715232,4.0,66.22516556291392,95.23809523809523,0.1278928136419001,0.1278928136419001,0.37725924392935983
mvtec,zipper,1,0,27,1152.0,48,48,1,151,105,5.437086092715232,4.0,66.22516556291392,95.23809523809523,0.1278928136419001,0.1278928136419001,0.4400351821192053
mvtec,zipper,1,0,29,1152.0,48,48,1,151,105,5.437086092715232,4.0,66.22516556291392,95.23809523809523,0.1278928136419001,0.1278928136419001,0.5076400386313465
mvtec,zipper,1,0,31,1152.0,48,48,1,151,105,5.437086092715232,4.0,66.22516556291392,95.23809523809523,0.1278928136419001,0.1278928136419001,0.5800738134657837
mvtec,zipper,1,0,33,1152.0,48,48,1,151,105,5.437086092715232,4.0,66.22516556291392,95.23809523809523,0.1278928136419001,0.1278928136419001,0.6573365066225165
mvtec,zipper,1,1,5,1152.0,48,48,46,151,38,1.1589403973509933,0.0,0.0,0.0,1.0,1.0,0.02515061626195732
mvtec,zipper,1,1,7,1152.0,48,48,23,151,38,1.1589403973509933,0.0,0.0,0.0,1.0,1.0,0.04929520787343635
mvtec,zipper,1,1,9,1152.0,48,48,14,151,38,1.1589403973509933,0.0,1.3245033112582782,5.263157894736842,0.96,0.96,0.07822847682119205
mvtec,zipper,1,1,11,1152.0,48,48,9,151,38,1.1589403973509933,0.0,2.6490066225165565,10.526315789473683,0.8457142857142858,0.8457142857142858,0.10294793966151582
mvtec,zipper,1,1,13,1152.0,48,48,6,151,38,1.1589403973509933,0.0,6.622516556291391,26.31578947368421,0.7142857142857143,0.7142857142857143,0.12144154709345106
mvtec,zipper,1,1,15,1152.0,48,48,5,151,38,1.1589403973509933,0.0,7.28476821192053,28.947368421052634,0.6514285714285715,0.6514285714285715,0.1474544701986755
mvtec,zipper,1,1,17,1152.0,48,48,3,151,38,1.1589403973509933,0.0,9.933774834437086,39.473684210526315,0.4857142857142857,0.4857142857142857,0.14121711736571008
mvtec,zipper,1,1,19,1152.0,48,48,3,151,38,1.1589403973509933,0.0,9.933774834437086,39.473684210526315,0.4857142857142857,0.4857142857142857,0.1763992365710081
mvtec,zipper,1,1,21,1152.0,48,48,2,151,38,1.1589403973509933,0.0,14.56953642384106,57.89473684210527,0.36,0.36,0.1597164735099338
mvtec,zipper,1,1,23,1152.0,48,48,2,151,38,1.1589403973509933,0.0,14.56953642384106,57.89473684210527,0.36,0.36,0.1915873344370861
mvtec,zipper,1,1,25,1152.0,48,48,1,151,38,1.1589403973509933,0.0,16.55629139072848,65.78947368421053,0.21714285714285714,0.21714285714285714,0.13653191685062546
mvtec,zipper,1,1,27,1152.0,48,48,1,151,38,1.1589403973509933,0.0,16.55629139072848,65.78947368421053,0.21714285714285714,0.21714285714285714,0.15925082781456953
mvtec,zipper,1,1,29,1152.0,48,48,1,151,38,1.1589403973509933,0.0,16.55629139072848,65.78947368421053,0.21714285714285714,0.21714285714285714,0.1837173473142016
mvtec,zipper,1,1,31,1152.0,48,48,1,151,38,1.1589403973509933,0.0,16.55629139072848,65.78947368421053,0.21714285714285714,0.21714285714285714,0.2099314753495217
mvtec,zipper,1,1,33,1152.0,48,48,1,151,38,1.1589403973509933,0.0,16.55629139072848,65.78947368421053,0.21714285714285714,0.21714285714285714,0.2378932119205298
mvtec,zipper,1,2,5,1152.0,48,48,46,151,31,3.185430463576159,0.0,0.0,0.0,1.0,1.0,0.06912826526857983
mvtec,zipper,1,2,7,1152.0,48,48,23,151,31,3.185430463576159,0.0,3.3112582781456954,16.129032258064516,0.9334719334719335,0.9334719334719335,0.12647741905813098
mvtec,zipper,1,2,9,1152.0,48,48,14,151,31,3.185430463576159,0.0,9.933774834437086,48.38709677419355,0.7588357588357588,0.7588357588357588,0.16996067880794702
mvtec,zipper,1,2,11,1152.0,48,48,9,151,31,3.185430463576159,0.0,14.56953642384106,70.96774193548387,0.5571725571725572,0.5571725571725572,0.1864192420897719
mvtec,zipper,1,2,13,1152.0,48,48,6,151,31,3.185430463576159,0.0,19.867549668874172,96.7741935483871,0.3762993762993763,0.3762993762993763,0.17584736019131714
mvtec,zipper,1,2,15,1152.0,48,48,5,151,31,3.185430463576159,0.0,19.867549668874172,96.7741935483871,0.31392931392931395,0.31392931392931395,0.1953125
mvtec,zipper,1,2,17,1152.0,48,48,3,151,31,3.185430463576159,0.0,19.867549668874172,96.7741935483871,0.1891891891891892,0.1891891891891892,0.15118538447387786
mvtec,zipper,1,2,19,1152.0,48,48,3,151,31,3.185430463576159,0.0,19.867549668874172,96.7741935483871,0.1891891891891892,0.1891891891891892,0.18885094738778513
mvtec,zipper,1,2,21,1152.0,48,48,2,151,31,3.185430463576159,0.0,19.867549668874172,96.7741935483871,0.12681912681912683,0.12681912681912683,0.15464610927152317
mvtec,zipper,1,2,23,1152.0,48,48,2,151,31,3.185430463576159,0.0,19.867549668874172,96.7741935483871,0.12681912681912683,0.12681912681912683,0.18550519683590877
mvtec,zipper,1,2,25,1152.0,48,48,1,151,31,3.185430463576159,0.0,19.867549668874172,96.7741935483871,0.06444906444906445,0.06444906444906445,0.11138130058866814
mvtec,zipper,1,2,27,1152.0,48,48,1,151,31,3.185430463576159,0.0,19.867549668874172,96.7741935483871,0.06444906444906445,0.06444906444906445,0.12991514900662252
mvtec,zipper,1,2,29,1152.0,48,48,1,151,31,3.185430463576159,0.0,19.867549668874172,96.7741935483871,0.06444906444906445,0.06444906444906445,0.14987467807211186
mvtec,zipper,1,2,31,1152.0,48,48,1,151,31,3.185430463576159,0.0,19.867549668874172,96.7741935483871,0.06444906444906445,0.06444906444906445,0.17125988778513612
mvtec,zipper,1,2,33,1152.0,48,48,1,151,31,3.185430463576159,0.0,19.867549668874172,96.7741935483871,0.06444906444906445,0.06444906444906445,0.19407077814569537
mvtec,zipper,2,0,5,1152.0,48,48,46,151,43,0.45695364238410596,0.0,0.0,0.0,1.0,1.0,0.009916528697571744
mvtec,zipper,2,0,7,1152.0,48,48,23,151,43,0.45695364238410596,0.0,0.0,0.0,1.0,1.0,0.01943639624724062
mvtec,zipper,2,0,9,1152.0,48,48,14,151,43,0.45695364238410596,0.0,0.0,0.0,1.0,1.0,0.03212955298013245
mvtec,zipper,2,0,11,1152.0,48,48,9,151,43,0.45695364238410596,0.0,0.0,0.0,1.0,1.0,0.04799599889624724
mvtec,zipper,2,0,13,1152.0,48,48,6,151,43,0.45695364238410596,0.0,0.0,0.0,1.0,1.0,0.06703573399558499
mvtec,zipper,2,0,15,1152.0,48,48,5,151,43,0.45695364238410596,0.0,0.6622516556291391,2.3255813953488373,0.9855072463768116,0.9855072463768116,0.08795529801324503
mvtec,zipper,2,0,17,1152.0,48,48,3,151,43,0.45695364238410596,0.0,1.3245033112582782,4.651162790697675,0.927536231884058,0.927536231884058,0.10632818248712289
mvtec,zipper,2,0,19,1152.0,48,48,3,151,43,0.45695364238410596,0.0,1.3245033112582782,4.651162790697675,0.927536231884058,0.927536231884058,0.13281824871228845
mvtec,zipper,2,0,21,1152.0,48,48,2,151,43,0.45695364238410596,0.0,3.3112582781456954,11.627906976744185,0.855072463768116,0.855072463768116,0.14957574503311258
mvtec,zipper,2,0,23,1152.0,48,48,2,151,43,0.45695364238410596,0.0,3.3112582781456954,11.627906976744185,0.855072463768116,0.855072463768116,0.17942305923473142
mvtec,zipper,2,0,25,1152.0,48,48,1,151,43,0.45695364238410596,0.0,10.596026490066226,37.2093023255814,0.6231884057971014,0.6231884057971014,0.15449664275202354
mvtec,zipper,2,0,27,1152.0,48,48,1,151,43,0.45695364238410596,0.0,10.596026490066226,37.2093023255814,0.6231884057971014,0.6231884057971014,0.18020488410596028
mvtec,zipper,2,0,29,1152.0,48,48,1,151,43,0.45695364238410596,0.0,10.596026490066226,37.2093023255814,0.6231884057971014,0.6231884057971014,0.2078906824871229
mvtec,zipper,2,0,31,1152.0,48,48,1,151,43,0.45695364238410596,0.0,10.596026490066226,37.2093023255814,0.6231884057971014,0.6231884057971014,0.2375540378955114
mvtec,zipper,2,0,33,1152.0,48,48,1,151,43,0.45695364238410596,0.0,10.596026490066226,37.2093023255814,0.6231884057971014,0.6231884057971014,0.26919495033112584
mvtec,zipper,2,1,5,1152.0,48,48,46,151,87,2.1589403973509933,1.0,0.0,0.0,1.0,1.0,0.04685200515084621
mvtec,zipper,2,1,7,1152.0,48,48,23,151,87,2.1589403973509933,1.0,0.0,0.0,1.0,1.0,0.09182993009565857
mvtec,zipper,2,1,9,1152.0,48,48,14,151,87,2.1589403973509933,1.0,0.0,0.0,1.0,1.0,0.1518004966887417
mvtec,zipper,2,1,11,1152.0,48,48,9,151,87,2.1589403973509933,1.0,3.3112582781456954,5.747126436781609,0.9631901840490797,0.9631901840490797,0.21841657468727005
mvtec,zipper,2,1,13,1152.0,48,48,6,151,87,2.1589403973509933,1.0,7.9470198675496695,13.793103448275861,0.8803680981595092,0.8803680981595092,0.27882979212656367
mvtec,zipper,2,1,15,1152.0,48,48,5,151,87,2.1589403973509933,1.0,13.245033112582782,22.988505747126435,0.8190184049079755,0.8190184049079755,0.34535389072847683
mvtec,zipper,2,1,17,1152.0,48,48,3,151,87,2.1589403973509933,1.0,23.841059602649008,41.37931034482759,0.6349693251533742,0.6349693251533742,0.3439052152317881
mvtec,zipper,2,1,19,1152.0,48,48,3,151,87,2.1589403973509933,1.0,23.841059602649008,41.37931034482759,0.6349693251533742,0.6349693251533742,0.42958402317880795
mvtec,zipper,2,1,21,1152.0,48,48,2,151,87,2.1589403973509933,1.0,33.77483443708609,58.620689655172406,0.4785276073619632,0.4785276073619632,0.39548841059602646
mvtec,zipper,2,1,23,1152.0,48,48,2,151,87,2.1589403973509933,1.0,33.77483443708609,58.620689655172406,0.4785276073619632,0.4785276073619632,0.4744067328918322
mvtec,zipper,2,1,25,1152.0,48,48,1,151,87,2.1589403973509933,1.0,45.6953642384106,79.3103448275862,0.2668711656441718,0.2668711656441718,0.3125862306843267
mvtec,zipper,2,1,27,1152.0,48,48,1,151,87,2.1589403973509933,1.0,45.6953642384106,79.3103448275862,0.2668711656441718,0.2668711656441718,0.3646005794701987
mvtec,zipper,2,1,29,1152.0,48,48,1,151,87,2.1589403973509933,1.0,45.6953642384106,79.3103448275862,0.2668711656441718,0.2668711656441718,0.42061603200883
mvtec,zipper,2,1,31,1152.0,48,48,1,151,87,2.1589403973509933,1.0,45.6953642384106,79.3103448275862,0.2668711656441718,0.2668711656441718,0.48063258830022076
mvtec,zipper,2,1,33,1152.0,48,48,1,151,87,2.1589403973509933,1.0,45.6953642384106,79.3103448275862,0.2668711656441718,0.2668711656441718,0.5446502483443708
mvtec,zipper,2,2,5,1152.0,48,48,46,151,50,0.6357615894039735,0.0,0.0,0.0,1.0,1.0,0.01379690949227373
mvtec,zipper,2,2,7,1152.0,48,48,23,151,50,0.6357615894039735,0.0,0.0,0.0,1.0,1.0,0.02704194260485651
mvtec,zipper,2,2,9,1152.0,48,48,14,151,50,0.6357615894039735,0.0,0.0,0.0,1.0,1.0,0.04470198675496689
mvtec,zipper,2,2,11,1152.0,48,48,9,151,50,0.6357615894039735,0.0,0.0,0.0,1.0,1.0,0.06677704194260485
mvtec,zipper,2,2,13,1152.0,48,48,6,151,50,0.6357615894039735,0.0,0.6622516556291391,2.0,0.96875,0.96875,0.09035251103752759
mvtec,zipper,2,2,15,1152.0,48,48,5,151,50,0.6357615894039735,0.0,1.3245033112582782,4.0,0.9479166666666666,0.9479166666666666,0.11770488410596026
mvtec,zipper,2,2,17,1152.0,48,48,3,151,50,0.6357615894039735,0.0,3.3112582781456954,10.0,0.8541666666666666,0.8541666666666666,0.13623298381162618
mvtec,zipper,2,2,19,1152.0,48,48,3,151,50,0.6357615894039735,0.0,3.3112582781456954,10.0,0.8541666666666666,0.8541666666666666,0.17017338116261957
mvtec,zipper,2,2,21,1152.0,48,48,2,151,50,0.6357615894039735,0.0,6.622516556291391,20.0,0.75,0.75,0.18253311258278146
mvtec,zipper,2,2,23,1152.0,48,48,2,151,50,0.6357615894039735,0.0,6.622516556291391,20.0,0.75,0.75,0.2189569536423841
mvtec,zipper,2,2,25,1152.0,48,48,1,151,50,0.6357615894039735,0.0,14.56953642384106,44.0,0.5208333333333334,0.5208333333333334,0.17964725901398088
mvtec,zipper,2,2,27,1152.0,48,48,1,151,50,0.6357615894039735,0.0,14.56953642384106,44.0,0.5208333333333334,0.5208333333333334,0.2095405629139073
mvtec,zipper,2,2,29,1152.0,48,48,1,151,50,0.6357615894039735,0.0,14.56953642384106,44.0,0.5208333333333334,0.5208333333333334,0.24173335172921265
mvtec,zipper,2,2,31,1152.0,48,48,1,151,50,0.6357615894039735,0.0,14.56953642384106,44.0,0.5208333333333334,0.5208333333333334,0.276225625459897
mvtec,zipper,2,2,33,1152.0,48,48,1,151,50,0.6357615894039735,0.0,14.56953642384106,44.0,0.5208333333333334,0.5208333333333334,0.31301738410596025
mvtec,zipper,4,0,5,1152.0,48,48,46,151,100,3.2317880794701987,2.0,0.0,0.0,1.0,1.0,0.07013428991905814
mvtec,zipper,4,0,7,1152.0,48,48,23,151,100,3.2317880794701987,2.0,0.0,0.0,1.0,1.0,0.13746320824135394
mvtec,zipper,4,0,9,1152.0,48,48,14,151,100,3.2317880794701987,2.0,3.3112582781456954,5.0,0.9733606557377049,0.9733606557377049,0.22118170529801323
mvtec,zipper,4,0,11,1152.0,48,48,9,151,100,3.2317880794701987,2.0,9.271523178807946,14.000000000000002,0.8790983606557377,0.8790983606557377,0.2984099061810154
mvtec,zipper,4,0,13,1152.0,48,48,6,151,100,3.2317880794701987,2.0,20.52980132450331,31.0,0.7172131147540983,0.7172131147540983,0.340036331861663
mvtec,zipper,4,0,15,1152.0,48,48,5,151,100,3.2317880794701987,2.0,21.85430463576159,33.0,0.6495901639344263,0.6495901639344263,0.41002690397350994
mvtec,zipper,4,0,17,1152.0,48,48,3,151,100,3.2317880794701987,2.0,29.13907284768212,44.0,0.47950819672131145,0.47950819672131145,0.38876241721854304
mvtec,zipper,4,0,19,1152.0,48,48,3,151,100,3.2317880794701987,2.0,29.13907284768212,44.0,0.47950819672131145,0.47950819672131145,0.48561672185430466
mvtec,zipper,4,0,21,1152.0,48,48,2,151,100,3.2317880794701987,2.0,37.74834437086093,56.99999999999999,0.36270491803278687,0.36270491803278687,0.44872723509933776
mvtec,zipper,4,0,23,1152.0,48,48,2,151,100,3.2317880794701987,2.0,37.74834437086093,56.99999999999999,0.36270491803278687,0.36270491803278687,0.5382691777041942
mvtec,zipper,4,0,25,1152.0,48,48,1,151,100,3.2317880794701987,2.0,50.993377483443716,77.0,0.20491803278688525,0.20491803278688525,0.35929451802796175
mvtec,zipper,4,0,27,1152.0,48,48,1,151,100,3.2317880794701987,2.0,50.993377483443716,77.0,0.20491803278688525,0.20491803278688525,0.4190811258278146
mvtec,zipper,4,0,29,1152.0,48,48,1,151,100,3.2317880794701987,2.0,50.993377483443716,77.0,0.20491803278688525,0.20491803278688525,0.4834667034584253
mvtec,zipper,4,0,31,1152.0,48,48,1,151,100,3.2317880794701987,2.0,50.993377483443716,77.0,0.20491803278688525,0.20491803278688525,0.552451250919794
mvtec,zipper,4,0,33,1152.0,48,48,1,151,100,3.2317880794701987,2.0,50.993377483443716,77.0,0.20491803278688525,0.20491803278688525,0.6260347682119205
mvtec,zipper,4,1,5,1152.0,48,48,46,151,87,1.7549668874172186,1.0,0.0,0.0,1.0,1.0,0.03808521891096395
mvtec,zipper,4,1,7,1152.0,48,48,23,151,87,1.7549668874172186,1.0,0.0,0.0,1.0,1.0,0.07464702906548933
mvtec,zipper,4,1,9,1152.0,48,48,14,151,87,1.7549668874172186,1.0,0.0,0.0,1.0,1.0,0.12339610927152318
mvtec,zipper,4,1,11,1152.0,48,48,9,151,87,1.7549668874172186,1.0,0.6622516556291391,1.1494252873563218,0.9962264150943396,0.9962264150943396,0.18363686534216336
mvtec,zipper,4,1,13,1152.0,48,48,6,151,87,1.7549668874172186,1.0,4.635761589403973,8.045977011494253,0.939622641509434,0.939622641509434,0.24191156181015452
mvtec,zipper,4,1,15,1152.0,48,48,5,151,87,1.7549668874172186,1.0,9.271523178807946,16.091954022988507,0.8867924528301887,0.8867924528301887,0.30396316225165565
mvtec,zipper,4,1,17,1152.0,48,48,3,151,87,1.7549668874172186,1.0,17.218543046357617,29.88505747126437,0.7169811320754716,0.7169811320754716,0.31566179175864606
mvtec,zipper,4,1,19,1152.0,48,48,3,151,87,1.7549668874172186,1.0,17.218543046357617,29.88505747126437,0.7169811320754716,0.7169811320754716,0.3943041758646063
mvtec,zipper,4,1,21,1152.0,48,48,2,151,87,1.7549668874172186,1.0,27.1523178807947,47.12643678160919,0.5622641509433962,0.5622641509433962,0.3777421357615894
mvtec,zipper,4,1,23,1152.0,48,48,2,151,87,1.7549668874172186,1.0,27.1523178807947,47.12643678160919,0.5622641509433962,0.5622641509433962,0.4531192512877116
mvtec,zipper,4,1,25,1152.0,48,48,1,151,87,1.7549668874172186,1.0,41.05960264900662,71.26436781609196,0.3283018867924528,0.3283018867924528,0.3125862306843267
mvtec,zipper,4,1,27,1152.0,48,48,1,151,87,1.7549668874172186,1.0,41.05960264900662,71.26436781609196,0.3283018867924528,0.3283018867924528,0.3646005794701987
mvtec,zipper,4,1,29,1152.0,48,48,1,151,87,1.7549668874172186,1.0,41.05960264900662,71.26436781609196,0.3283018867924528,0.3283018867924528,0.42061603200883
mvtec,zipper,4,1,31,1152.0,48,48,1,151,87,1.7549668874172186,1.0,41.05960264900662,71.26436781609196,0.3283018867924528,0.3283018867924528,0.48063258830022076
mvtec,zipper,4,1,33,1152.0,48,48,1,151,87,1.7549668874172186,1.0,41.05960264900662,71.26436781609196,0.3283018867924528,0.3283018867924528,0.5446502483443708
mvtec,zipper,4,2,5,1152.0,48,48,46,151,68,1.5496688741721854,0.0,0.0,0.0,1.0,1.0,0.03362996688741722
mvtec,zipper,4,2,7,1152.0,48,48,23,151,68,1.5496688741721854,0.0,0.0,0.0,1.0,1.0,0.06591473509933775
mvtec,zipper,4,2,9,1152.0,48,48,14,151,68,1.5496688741721854,0.0,0.0,0.0,1.0,1.0,0.10896109271523179
mvtec,zipper,4,2,11,1152.0,48,48,9,151,68,1.5496688741721854,0.0,2.6490066225165565,5.88235294117647,0.9444444444444444,0.9444444444444444,0.1537263153053716
mvtec,zipper,4,2,13,1152.0,48,48,6,151,68,1.5496688741721854,0.0,5.960264900662252,13.23529411764706,0.8589743589743589,0.8589743589743589,0.19527800772626933
mvtec,zipper,4,2,15,1152.0,48,48,5,151,68,1.5496688741721854,0.0,8.609271523178808,19.11764705882353,0.8034188034188035,0.8034188034188035,0.2431705298013245
mvtec,zipper,4,2,17,1152.0,48,48,3,151,68,1.5496688741721854,0.0,14.56953642384106,32.35294117647059,0.6239316239316239,0.6239316239316239,0.24256116629874908
mvtec,zipper,4,2,19,1152.0,48,48,3,151,68,1.5496688741721854,0.0,14.56953642384106,32.35294117647059,0.6239316239316239,0.6239316239316239,0.302991629874908
mvtec,zipper,4,2,21,1152.0,48,48,2,151,68,1.5496688741721854,0.0,23.178807947019866,51.470588235294116,0.47435897435897434,0.47435897435897434,0.2814052152317881
mvtec,zipper,4,2,23,1152.0,48,48,2,151,68,1.5496688741721854,0.0,23.178807947019866,51.470588235294116,0.47435897435897434,0.47435897435897434,0.33755863686534215
mvtec,zipper,4,2,25,1152.0,48,48,1,151,68,1.5496688741721854,0.0,28.47682119205298,63.23529411764706,0.2905982905982906,0.2905982905982906,0.24432027225901398
mvtec,zipper,4,2,27,1152.0,48,48,1,151,68,1.5496688741721854,0.0,28.47682119205298,63.23529411764706,0.2905982905982906,0.2905982905982906,0.2849751655629139
mvtec,zipper,4,2,29,1152.0,48,48,1,151,68,1.5496688741721854,0.0,28.47682119205298,63.23529411764706,0.2905982905982906,0.2905982905982906,0.3287573583517292
mvtec,zipper,4,2,31,1152.0,48,48,1,151,68,1.5496688741721854,0.0,28.47682119205298,63.23529411764706,0.2905982905982906,0.2905982905982906,0.3756668506254599
mvtec,zipper,4,2,33,1152.0,48,48,1,151,68,1.5496688741721854,0.0,28.47682119205298,63.23529411764706,0.2905982905982906,0.2905982905982906,0.42570364238410596
mvtec,zipper,8,0,5,1152.0,48,48,46,151,100,3.2317880794701987,2.0,0.0,0.0,1.0,1.0,0.07013428991905814
mvtec,zipper,8,0,7,1152.0,48,48,23,151,100,3.2317880794701987,2.0,0.0,0.0,1.0,1.0,0.13746320824135394
mvtec,zipper,8,0,9,1152.0,48,48,14,151,100,3.2317880794701987,2.0,2.6490066225165565,4.0,0.9631147540983607,0.9631147540983607,0.21885347682119205
mvtec,zipper,8,0,11,1152.0,48,48,9,151,100,3.2317880794701987,2.0,6.622516556291391,10.0,0.8831967213114754,0.8831967213114754,0.29980109455481974
mvtec,zipper,8,0,13,1152.0,48,48,6,151,100,3.2317880794701987,2.0,15.894039735099339,24.0,0.7725409836065574,0.7725409836065574,0.3662677060338484
mvtec,zipper,8,0,15,1152.0,48,48,5,151,100,3.2317880794701987,2.0,18.543046357615893,28.000000000000004,0.7151639344262295,0.7151639344262295,0.4514176324503311
mvtec,zipper,8,0,17,1152.0,48,48,3,151,100,3.2317880794701987,2.0,35.099337748344375,53.0,0.5327868852459017,0.5327868852459017,0.43195824135393673
mvtec,zipper,8,0,19,1152.0,48,48,3,151,100,3.2317880794701987,2.0,35.099337748344375,53.0,0.5327868852459017,0.5327868852459017,0.5395741353936718
mvtec,zipper,8,0,21,1152.0,48,48,2,151,100,3.2317880794701987,2.0,47.019867549668874,71.0,0.38729508196721313,0.38729508196721313,0.4791494205298013
mvtec,zipper,8,0,23,1152.0,48,48,2,151,100,3.2317880794701987,2.0,47.019867549668874,71.0,0.38729508196721313,0.38729508196721313,0.5747620033112583
mvtec,zipper,8,0,25,1152.0,48,48,1,151,100,3.2317880794701987,2.0,58.94039735099338,89.0,0.20491803278688525,0.20491803278688525,0.35929451802796175
mvtec,zipper,8,0,27,1152.0,48,48,1,151,100,3.2317880794701987,2.0,58.94039735099338,89.0,0.20491803278688525,0.20491803278688525,0.4190811258278146
mvtec,zipper,8,0,29,1152.0,48,48,1,151,100,3.2317880794701987,2.0,58.94039735099338,89.0,0.20491803278688525,0.20491803278688525,0.4834667034584253
mvtec,zipper,8,0,31,1152.0,48,48,1,151,100,3.2317880794701987,2.0,58.94039735099338,89.0,0.20491803278688525,0.20491803278688525,0.552451250919794
mvtec,zipper,8,0,33,1152.0,48,48,1,151,100,3.2317880794701987,2.0,58.94039735099338,89.0,0.20491803278688525,0.20491803278688525,0.6260347682119205
mvtec,zipper,8,1,5,1152.0,48,48,46,151,66,1.1324503311258278,0.0,0.0,0.0,1.0,1.0,0.02457574503311258
mvtec,zipper,8,1,7,1152.0,48,48,23,151,66,1.1324503311258278,0.0,0.0,0.0,1.0,1.0,0.04816846026490066
mvtec,zipper,8,1,9,1152.0,48,48,14,151,66,1.1324503311258278,0.0,0.6622516556291391,1.5151515151515151,0.9824561403508771,0.9824561403508771,0.07822847682119205
mvtec,zipper,8,1,11,1152.0,48,48,9,151,66,1.1324503311258278,0.0,0.6622516556291391,1.5151515151515151,0.9532163742690059,0.9532163742690059,0.11338185246504782
mvtec,zipper,8,1,13,1152.0,48,48,6,151,66,1.1324503311258278,0.0,1.9867549668874174,4.545454545454546,0.9181286549707602,0.9181286549707602,0.15253058314937454
mvtec,zipper,8,1,15,1152.0,48,48,5,151,66,1.1324503311258278,0.0,3.3112582781456954,7.575757575757576,0.8888888888888888,0.8888888888888888,0.19660596026490065
mvtec,zipper,8,1,17,1152.0,48,48,3,151,66,1.1324503311258278,0.0,9.933774834437086,22.727272727272727,0.7426900584795322,0.7426900584795322,0.21099498712288448
mvtec,zipper,8,1,19,1152.0,48,48,3,151,66,1.1324503311258278,0.0,9.933774834437086,22.727272727272727,0.7426900584795322,0.7426900584795322,0.26356121228844737
mvtec,zipper,8,1,21,1152.0,48,48,2,151,66,1.1324503311258278,0.0,15.2317880794702,34.84848484848485,0.6081871345029239,0.6081871345029239,0.263658940397351
mvtec,zipper,8,1,23,1152.0,48,48,2,151,66,1.1324503311258278,0.0,15.2317880794702,34.84848484848485,0.6081871345029239,0.6081871345029239,0.31627115526122146
mvtec,zipper,8,1,25,1152.0,48,48,1,151,66,1.1324503311258278,0.0,25.165562913907287,57.57575757575758,0.38596491228070173,0.38596491228070173,0.23713438189845473
mvtec,zipper,8,1,27,1152.0,48,48,1,151,66,1.1324503311258278,0.0,25.165562913907287,57.57575757575758,0.38596491228070173,0.38596491228070173,0.27659354304635764
mvtec,zipper,8,1,29,1152.0,48,48,1,151,66,1.1324503311258278,0.0,25.165562913907287,57.57575757575758,0.38596491228070173,0.38596491228070173,0.3190880242825607
mvtec,zipper,8,1,31,1152.0,48,48,1,151,66,1.1324503311258278,0.0,25.165562913907287,57.57575757575758,0.38596491228070173,0.38596491228070173,0.364617825607064
mvtec,zipper,8,1,33,1152.0,48,48,1,151,66,1.1324503311258278,0.0,25.165562913907287,57.57575757575758,0.38596491228070173,0.38596491228070173,0.4131829470198676
mvtec,zipper,8,2,5,1152.0,48,48,46,151,56,0.6754966887417219,0.0,0.0,0.0,1.0,1.0,0.014659216335540839
mvtec,zipper,8,2,7,1152.0,48,48,23,151,56,0.6754966887417219,0.0,0.0,0.0,1.0,1.0,0.028732064017660045
mvtec,zipper,8,2,9,1152.0,48,48,14,151,56,0.6754966887417219,0.0,0.0,0.0,1.0,1.0,0.04749586092715232
mvtec,zipper,8,2,11,1152.0,48,48,9,151,56,0.6754966887417219,0.0,0.0,0.0,1.0,1.0,0.07095060706401767
mvtec,zipper,8,2,13,1152.0,48,48,6,151,56,0.6754966887417219,0.0,0.0,0.0,1.0,1.0,0.09909630242825607
mvtec,zipper,8,2,15,1152.0,48,48,5,151,56,0.6754966887417219,0.0,0.6622516556291391,1.7857142857142856,0.9901960784313726,0.9901960784313726,0.1306394867549669
mvtec,zipper,8,2,17,1152.0,48,48,3,151,56,0.6754966887417219,0.0,4.635761589403973,12.5,0.8921568627450981,0.8921568627450981,0.15118538447387786
mvtec,zipper,8,2,19,1152.0,48,48,3,151,56,0.6754966887417219,0.0,4.635761589403973,12.5,0.8921568627450981,0.8921568627450981,0.18885094738778513
mvtec,zipper,8,2,21,1152.0,48,48,2,151,56,0.6754966887417219,0.0,7.28476821192053,19.642857142857142,0.7843137254901961,0.7843137254901961,0.20281456953642385
mvtec,zipper,8,2,23,1152.0,48,48,2,151,56,0.6754966887417219,0.0,7.28476821192053,19.642857142857142,0.7843137254901961,0.7843137254901961,0.24328550404709345
mvtec,zipper,8,2,25,1152.0,48,48,1,151,56,0.6754966887417219,0.0,15.894039735099339,42.857142857142854,0.5490196078431373,0.5490196078431373,0.20120493009565857
mvtec,zipper,8,2,27,1152.0,48,48,1,151,56,0.6754966887417219,0.0,15.894039735099339,42.857142857142854,0.5490196078431373,0.5490196078431373,0.23468543046357615
mvtec,zipper,8,2,29,1152.0,48,48,1,151,56,0.6754966887417219,0.0,15.894039735099339,42.857142857142854,0.5490196078431373,0.5490196078431373,0.27074135393671817
mvtec,zipper,8,2,31,1152.0,48,48,1,151,56,0.6754966887417219,0.0,15.894039735099339,42.857142857142854,0.5490196078431373,0.5490196078431373,0.30937270051508464
mvtec,zipper,8,2,33,1152.0,48,48,1,151,56,0.6754966887417219,0.0,15.894039735099339,42.857142857142854,0.5490196078431373,0.5490196078431373,0.35057947019867547
visa,candle,1,0,5,1248.0,48,52,49,200,168,9.005,8.0,0.0,0.0,1.0,1.0,0.1803886217948718
visa,candle,1,0,7,1248.0,48,52,25,200,168,9.005,8.0,3.0,3.571428571428571,0.9838978345363687,0.9838978345363687,0.34786858974358975
visa,candle,1,0,9,1248.0,48,52,15,200,168,9.005,8.0,18.0,21.428571428571427,0.8717379233759023,0.8717379233759023,0.5094951923076924
visa,candle,1,0,11,1248.0,48,52,10,200,168,9.005,8.0,39.5,47.023809523809526,0.7118267629094948,0.7118267629094948,0.6214823717948718
visa,candle,1,0,13,1248.0,48,52,7,200,168,9.005,8.0,52.0,61.904761904761905,0.5541365907828983,0.5541365907828983,0.6757291666666667
visa,candle,1,0,15,1248.0,48,52,5,200,168,9.005,8.0,60.5,72.02380952380952,0.42420877290394227,0.42420877290394227,0.6887019230769231
visa,candle,1,0,17,1248.0,48,52,4,200,168,9.005,8.0,68.0,80.95238095238095,0.34869516935036093,0.34869516935036093,0.7271314102564103
visa,candle,1,0,19,1248.0,48,52,3,200,168,9.005,8.0,73.5,87.5,0.2670738478622987,0.2670738478622987,0.6956770833333333
visa,candle,1,0,21,1248.0,48,52,2,200,168,9.005,8.0,77.0,91.66666666666666,0.1815657967795669,0.1815657967795669,0.5777524038461539
visa,candle,1,0,23,1248.0,48,52,2,200,168,9.005,8.0,77.0,91.66666666666666,0.1815657967795669,0.1815657967795669,0.6930408653846154
visa,candle,1,0,25,1248.0,48,52,1,200,168,9.005,8.0,79.5,94.64285714285714,0.09328151027207107,0.09328151027207107,0.4206730769230769
visa,candle,1,0,27,1248.0,48,52,1,200,168,9.005,8.0,79.5,94.64285714285714,0.09328151027207107,0.09328151027207107,0.49067307692307693
visa,candle,1,0,29,1248.0,48,52,1,200,168,9.005,8.0,79.5,94.64285714285714,0.09328151027207107,0.09328151027207107,0.5660576923076923
visa,candle,1,0,31,1248.0,48,52,1,200,168,9.005,8.0,79.5,94.64285714285714,0.09328151027207107,0.09328151027207107,0.646826923076923
visa,candle,1,0,33,1248.0,48,52,1,200,168,9.005,8.0,79.5,94.64285714285714,0.09328151027207107,0.09328151027207107,0.7329807692307693
visa,candle,1,1,5,1248.0,48,52,49,200,162,9.81,8.0,0.0,0.0,1.0,1.0,0.19651442307692307
visa,candle,1,1,7,1248.0,48,52,25,200,162,9.81,8.0,6.0,7.4074074074074066,0.9627930682976554,0.9627930682976554,0.37083733974358973
visa,candle,1,1,9,1248.0,48,52,15,200,162,9.81,8.0,25.5,31.48148148148148,0.8134556574923547,0.8134556574923547,0.5179326923076923
visa,candle,1,1,11,1248.0,48,52,10,200,162,9.81,8.0,41.0,50.617283950617285,0.6371049949031601,0.6371049949031601,0.6059695512820513
visa,candle,1,1,13,1248.0,48,52,7,200,162,9.81,8.0,52.5,64.81481481481481,0.48980632008154945,0.48980632008154945,0.6506770833333333
visa,candle,1,1,15,1248.0,48,52,5,200,162,9.81,8.0,61.0,75.30864197530865,0.36952089704383284,0.36952089704383284,0.6535456730769231
visa,candle,1,1,17,1248.0,48,52,4,200,162,9.81,8.0,64.5,79.62962962962963,0.3037716615698267,0.3037716615698267,0.6900801282051282
visa,candle,1,1,19,1248.0,48,52,3,200,162,9.81,8.0,68.0,83.9506172839506,0.2344546381243629,0.2344546381243629,0.6653044871794872
visa,candle,1,1,21,1248.0,48,52,2,200,162,9.81,8.0,72.5,89.50617283950618,0.16055045871559634,0.16055045871559634,0.5565504807692307
visa,candle,1,1,23,1248.0,48,52,2,200,162,9.81,8.0,72.5,89.50617283950618,0.16055045871559634,0.16055045871559634,0.6676081730769231
visa,candle,1,1,25,1248.0,48,52,1,200,162,9.81,8.0,76.5,94.44444444444444,0.08256880733944955,0.08256880733944955,0.40564903846153844
visa,candle,1,1,27,1248.0,48,52,1,200,162,9.81,8.0,76.5,94.44444444444444,0.08256880733944955,0.08256880733944955,0.47314903846153844
visa,candle,1,1,29,1248.0,48,52,1,200,162,9.81,8.0,76.5,94.44444444444444,0.08256880733944955,0.08256880733944955,0.5458413461538462
visa,candle,1,1,31,1248.0,48,52,1,200,162,9.81,8.0,76.5,94.44444444444444,0.08256880733944955,0.08256880733944955,0.6237259615384615
visa,candle,1,1,33,1248.0,48,52,1,200,162,9.81,8.0,76.5,94.44444444444444,0.08256880733944955,0.08256880733944955,0.7068028846153847
visa,candle,1,2,5,1248.0,48,52,49,200,194,15.16,14.0,0.5,0.5154639175257731,0.9983509234828496,0.9983509234828496,0.30318509615384615
visa,candle,1,2,7,1248.0,48,52,25,200,194,15.16,14.0,13.5,13.917525773195877,0.9254617414248021,0.9254617414248021,0.5508573717948718
visa,candle,1,2,9,1248.0,48,52,15,200,194,15.16,14.0,45.0,46.391752577319586,0.7348284960422163,0.7348284960422163,0.7230288461538461
visa,candle,1,2,11,1248.0,48,52,10,200,194,15.16,14.0,62.0,63.91752577319587,0.5534300791556728,0.5534300791556728,0.8134535256410257
visa,candle,1,2,13,1248.0,48,52,7,200,194,15.16,14.0,76.5,78.8659793814433,0.41226912928759896,0.41226912928759896,0.8463541666666666
visa,candle,1,2,15,1248.0,48,52,5,200,194,15.16,14.0,83.0,85.56701030927834,0.3054089709762533,0.3054089709762533,0.8347355769230769
visa,candle,1,2,17,1248.0,48,52,4,200,194,15.16,14.0,85.5,88.14432989690721,0.24901055408970976,0.24901055408970976,0.8741786858974359
visa,candle,1,2,19,1248.0,48,52,3,200,194,15.16,14.0,90.5,93.29896907216495,0.18931398416886544,0.18931398416886544,0.8301842948717949
visa,candle,1,2,21,1248.0,48,52,2,200,194,15.16,14.0,94.5,97.42268041237114,0.12697889182058048,0.12697889182058048,0.6802283653846154
visa,candle,1,2,23,1248.0,48,52,2,200,194,15.16,14.0,94.5,97.42268041237114,0.12697889182058048,0.12697889182058048,0.8159655448717948
visa,candle,1,2,25,1248.0,48,52,1,200,194,15.16,14.0,95.5,98.4536082474227,0.06398416886543536,0.06398416886543536,0.4857772435897436
visa,candle,1,2,27,1248.0,48,52,1,200,194,15.16,14.0,95.5,98.4536082474227,0.06398416886543536,0.06398416886543536,0.5666105769230769
visa,candle,1,2,29,1248.0,48,52,1,200,194,15.16,14.0,95.5,98.4536082474227,0.06398416886543536,0.06398416886543536,0.653661858974359
visa,candle,1,2,31,1248.0,48,52,1,200,194,15.16,14.0,95.5,98.4536082474227,0.06398416886543536,0.06398416886543536,0.7469310897435898
visa,candle,1,2,33,1248.0,48,52,1,200,194,15.16,14.0,95.5,98.4536082474227,0.06398416886543536,0.06398416886543536,0.8464182692307692
visa,candle,2,0,5,1248.0,48,52,49,200,75,0.89,0.0,0.0,0.0,1.0,1.0,0.01782852564102564
visa,candle,2,0,7,1248.0,48,52,25,200,75,0.89,0.0,0.0,0.0,1.0,1.0,0.034943910256410256
visa,candle,2,0,9,1248.0,48,52,15,200,75,0.89,0.0,0.0,0.0,1.0,1.0,0.057764423076923074
visa,candle,2,0,11,1248.0,48,52,10,200,75,0.89,0.0,0.0,0.0,1.0,1.0,0.0862900641025641
visa,candle,2,0,13,1248.0,48,52,7,200,75,0.89,0.0,1.0,2.666666666666667,0.9831460674157303,0.9831460674157303,0.11848958333333333
visa,candle,2,0,15,1248.0,48,52,5,200,75,0.89,0.0,3.0,8.0,0.9269662921348315,0.9269662921348315,0.14873798076923078
visa,candle,2,0,17,1248.0,48,52,4,200,75,0.89,0.0,6.5,17.333333333333336,0.8539325842696629,0.8539325842696629,0.17599358974358975
visa,candle,2,0,19,1248.0,48,52,3,200,75,0.89,0.0,8.0,21.333333333333336,0.7640449438202247,0.7640449438202247,0.19669871794871796
visa,candle,2,0,21,1248.0,48,52,2,200,75,0.89,0.0,12.5,33.33333333333333,0.6235955056179775,0.6235955056179775,0.19611778846153846
visa,candle,2,0,23,1248.0,48,52,2,200,75,0.89,0.0,12.5,33.33333333333333,0.6235955056179775,0.6235955056179775,0.23525240384615384
visa,candle,2,0,25,1248.0,48,52,1,200,75,0.89,0.0,18.0,48.0,0.42134831460674155,0.42134831460674155,0.18780048076923078
visa,candle,2,0,27,1248.0,48,52,1,200,75,0.89,0.0,18.0,48.0,0.42134831460674155,0.42134831460674155,0.21905048076923078
visa,candle,2,0,29,1248.0,48,52,1,200,75,0.89,0.0,18.0,48.0,0.42134831460674155,0.42134831460674155,0.2527043269230769
visa,candle,2,0,31,1248.0,48,52,1,200,75,0.89,0.0,18.0,48.0,0.42134831460674155,0.42134831460674155,0.2887620192307692
visa,candle,2,0,33,1248.0,48,52,1,200,75,0.89,0.0,18.0,48.0,0.42134831460674155,0.42134831460674155,0.3272235576923077
visa,candle,2,1,5,1248.0,48,52,49,200,146,5.215,3.0,0.0,0.0,1.0,1.0,0.10446714743589744
visa,candle,2,1,7,1248.0,48,52,25,200,146,5.215,3.0,1.0,1.36986301369863,0.9846596356663471,0.9846596356663471,0.20161458333333335
visa,candle,2,1,9,1248.0,48,52,15,200,146,5.215,3.0,4.5,6.164383561643835,0.9463087248322147,0.9463087248322147,0.3203004807692308
visa,candle,2,1,11,1248.0,48,52,10,200,146,5.215,3.0,17.5,23.972602739726025,0.8274209012464045,0.8274209012464045,0.4183613782051282
visa,candle,2,1,13,1248.0,48,52,7,200,146,5.215,3.0,28.499999999999996,39.04109589041096,0.6912751677852349,0.6912751677852349,0.4881770833333333
visa,candle,2,1,15,1248.0,48,52,5,200,146,5.215,3.0,39.0,53.42465753424658,0.5493767976989453,0.5493767976989453,0.5165264423076923
visa,candle,2,1,17,1248.0,48,52,4,200,146,5.215,3.0,44.0,60.273972602739725,0.4650047938638543,0.4650047938638543,0.5615584935897436
visa,candle,2,1,19,1248.0,48,52,3,200,146,5.215,3.0,47.5,65.06849315068493,0.37392138063279,0.37392138063279,0.5640625
visa,candle,2,1,21,1248.0,48,52,2,200,146,5.215,3.0,58.5,80.13698630136986,0.26174496644295303,0.26174496644295303,0.48234375
visa,candle,2,1,23,1248.0,48,52,2,200,146,5.215,3.0,58.5,80.13698630136986,0.26174496644295303,0.26174496644295303,0.57859375
visa,candle,2,1,25,1248.0,48,52,1,200,146,5.215,3.0,63.5,86.98630136986301,0.13998082454458294,0.13998082454458294,0.3655849358974359
visa,candle,2,1,27,1248.0,48,52,1,200,146,5.215,3.0,63.5,86.98630136986301,0.13998082454458294,0.13998082454458294,0.42641826923076925
visa,candle,2,1,29,1248.0,48,52,1,200,146,5.215,3.0,63.5,86.98630136986301,0.13998082454458294,0.13998082454458294,0.49193108974358973
visa,candle,2,1,31,1248.0,48,52,1,200,146,5.215,3.0,63.5,86.98630136986301,0.13998082454458294,0.13998082454458294,0.5621233974358975
visa,candle,2,1,33,1248.0,48,52,1,200,146,5.215,3.0,63.5,86.98630136986301,0.13998082454458294,0.13998082454458294,0.6369951923076923
visa,candle,2,2,5,1248.0,48,52,49,200,138,2.865,2.0,0.0,0.0,1.0,1.0,0.05739182692307692
visa,candle,2,2,7,1248.0,48,52,25,200,138,2.865,2.0,0.0,0.0,1.0,1.0,0.11248798076923076
visa,candle,2,2,9,1248.0,48,52,15,200,138,2.865,2.0,0.0,0.0,1.0,1.0,0.18594951923076924
visa,candle,2,2,11,1248.0,48,52,10,200,138,2.865,2.0,4.5,6.521739130434782,0.9633507853403142,0.9633507853403142,0.2675961538461539
visa,candle,2,2,13,1248.0,48,52,7,200,138,2.865,2.0,9.5,13.768115942028986,0.8726003490401396,0.8726003490401396,0.3385416666666667
visa,candle,2,2,15,1248.0,48,52,5,200,138,2.865,2.0,18.5,26.811594202898554,0.7626527050610821,0.7626527050610821,0.39393028846153844
visa,candle,2,2,17,1248.0,48,52,4,200,138,2.865,2.0,25.5,36.95652173913043,0.6736474694589878,0.6736474694589878,0.44693108974358975
visa,candle,2,2,19,1248.0,48,52,3,200,138,2.865,2.0,32.0,46.3768115942029,0.5619546247818499,0.5619546247818499,0.46571314102564104
visa,candle,2,2,21,1248.0,48,52,2,200,138,2.865,2.0,41.5,60.14492753623188,0.41710296684118675,0.41710296684118675,0.42227163461538464
visa,candle,2,2,23,1248.0,48,52,2,200,138,2.865,2.0,41.5,60.14492753623188,0.41710296684118675,0.41710296684118675,0.5065344551282052
visa,candle,2,2,25,1248.0,48,52,1,200,138,2.865,2.0,50.5,73.18840579710145,0.24083769633507854,0.24083769633507854,0.34555288461538464
visa,candle,2,2,27,1248.0,48,52,1,200,138,2.865,2.0,50.5,73.18840579710145,0.24083769633507854,0.24083769633507854,0.40305288461538463
visa,candle,2,2,29,1248.0,48,52,1,200,138,2.865,2.0,50.5,73.18840579710145,0.24083769633507854,0.24083769633507854,0.46497596153846155
visa,candle,2,2,31,1248.0,48,52,1,200,138,2.865,2.0,50.5,73.18840579710145,0.24083769633507854,0.24083769633507854,0.5313221153846154
visa,candle,2,2,33,1248.0,48,52,1,200,138,2.865,2.0,50.5,73.18840579710145,0.24083769633507854,0.24083769633507854,0.6020913461538462
visa,candle,4,0,5,1248.0,48,52,49,200,109,2.905,1.0,0.0,0.0,1.0,1.0,0.058193108974358976
visa,candle,4,0,7,1248.0,48,52,25,200,109,2.905,1.0,0.0,0.0,1.0,1.0,0.11405849358974358
visa,candle,4,0,9,1248.0,48,52,15,200,109,2.905,1.0,2.0,3.669724770642202,0.9827882960413081,0.9827882960413081,0.18530048076923078
visa,candle,4,0,11,1248.0,48,52,10,200,109,2.905,1.0,6.5,11.926605504587156,0.9104991394148021,0.9104991394148021,0.2564463141025641
visa,candle,4,0,13,1248.0,48,52,7,200,109,2.905,1.0,15.0,27.522935779816514,0.7865748709122203,0.7865748709122203,0.30942708333333335
visa,candle,4,0,15,1248.0,48,52,5,200,109,2.905,1.0,20.5,37.61467889908257,0.6592082616179001,0.6592082616179001,0.34525240384615385
visa,candle,4,0,17,1248.0,48,52,4,200,109,2.905,1.0,23.0,42.201834862385326,0.5800344234079173,0.5800344234079173,0.3901963141025641
visa,candle,4,0,19,1248.0,48,52,3,200,109,2.905,1.0,29.5,54.12844036697248,0.4784853700516351,0.4784853700516351,0.4020753205128205
visa,candle,4,0,21,1248.0,48,52,2,200,109,2.905,1.0,39.0,71.55963302752293,0.3442340791738382,0.3442340791738382,0.35336538461538464
visa,candle,4,0,23,1248.0,48,52,2,200,109,2.905,1.0,39.0,71.55963302752293,0.3442340791738382,0.3442340791738382,0.4238782051282051
visa,candle,4,0,25,1248.0,48,52,1,200,109,2.905,1.0,45.5,83.4862385321101,0.18760757314974183,0.18760757314974183,0.27293669871794873
visa,candle,4,0,27,1248.0,48,52,1,200,109,2.905,1.0,45.5,83.4862385321101,0.18760757314974183,0.18760757314974183,0.3183533653846154
visa,candle,4,0,29,1248.0,48,52,1,200,109,2.905,1.0,45.5,83.4862385321101,0.18760757314974183,0.18760757314974183,0.3672636217948718
visa,candle,4,0,31,1248.0,48,52,1,200,109,2.905,1.0,45.5,83.4862385321101,0.18760757314974183,0.18760757314974183,0.41966746794871795
visa,candle,4,0,33,1248.0,48,52,1,200,109,2.905,1.0,45.5,83.4862385321101,0.18760757314974183,0.18760757314974183,0.47556490384615385
visa,candle,4,1,5,1248.0,48,52,49,200,109,3.795,1.0,0.0,0.0,1.0,1.0,0.07602163461538461
visa,candle,4,1,7,1248.0,48,52,25,200,109,3.795,1.0,0.0,0.0,1.0,1.0,0.14900240384615385
visa,candle,4,1,9,1248.0,48,52,15,200,109,3.795,1.0,4.0,7.339449541284404,0.9604743083003953,0.9604743083003953,0.23657451923076922
visa,candle,4,1,11,1248.0,48,52,10,200,109,3.795,1.0,12.0,22.018348623853214,0.8458498023715415,0.8458498023715415,0.31122596153846155
visa,candle,4,1,13,1248.0,48,52,7,200,109,3.795,1.0,22.5,41.284403669724774,0.7061923583662714,0.7061923583662714,0.36291666666666667
visa,candle,4,1,15,1248.0,48,52,5,200,109,3.795,1.0,30.5,55.96330275229357,0.5573122529644269,0.5573122529644269,0.38131009615384615
visa,candle,4,1,17,1248.0,48,52,4,200,109,3.795,1.0,33.5,61.46788990825688,0.46903820816864294,0.46903820816864294,0.4121955128205128
visa,candle,4,1,19,1248.0,48,52,3,200,109,3.795,1.0,36.0,66.05504587155964,0.37417654808959155,0.37417654808959155,0.4107532051282051
visa,candle,4,1,21,1248.0,48,52,2,200,109,3.795,1.0,42.5,77.98165137614679,0.2621870882740448,0.2621870882740448,0.3515985576923077
visa,candle,4,1,23,1248.0,48,52,2,200,109,3.795,1.0,42.5,77.98165137614679,0.2621870882740448,0.2621870882740448,0.4217588141025641
visa,candle,4,1,25,1248.0,48,52,1,200,109,3.795,1.0,45.0,82.56880733944955,0.14361001317523056,0.14361001317523056,0.27293669871794873
visa,candle,4,1,27,1248.0,48,52,1,200,109,3.795,1.0,45.0,82.56880733944955,0.14361001317523056,0.14361001317523056,0.3183533653846154
visa,candle,4,1,29,1248.0,48,52,1,200,109,3.795,1.0,45.0,82.56880733944955,0.14361001317523056,0.14361001317523056,0.3672636217948718
visa,candle,4,1,31,1248.0,48,52,1,200,109,3.795,1.0,45.0,82.56880733944955,0.14361001317523056,0.14361001317523056,0.41966746794871795
visa,candle,4,1,33,1248.0,48,52,1,200,109,3.795,1.0,45.0,82.56880733944955,0.14361001317523056,0.14361001317523056,0.47556490384615385
visa,candle,4,2,5,1248.0,48,52,49,200,82,1.585,0.0,0.0,0.0,1.0,1.0,0.03175080128205128
visa,candle,4,2,7,1248.0,48,52,25,200,82,1.585,0.0,0.0,0.0,1.0,1.0,0.062231570512820515
visa,candle,4,2,9,1248.0,48,52,15,200,82,1.585,0.0,0.0,0.0,1.0,1.0,0.10287259615384615
visa,candle,4,2,11,1248.0,48,52,10,200,82,1.585,0.0,1.0,2.4390243902439024,0.9842271293375394,0.9842271293375394,0.15125
visa,candle,4,2,13,1248.0,48,52,7,200,82,1.585,0.0,6.0,14.634146341463413,0.9116719242902208,0.9116719242902208,0.19567708333333333
visa,candle,4,2,15,1248.0,48,52,5,200,82,1.585,0.0,9.0,21.951219512195124,0.8107255520504731,0.8107255520504731,0.23167067307692307
visa,candle,4,2,17,1248.0,48,52,4,200,82,1.585,0.0,14.499999999999998,35.36585365853659,0.7192429022082019,0.7192429022082019,0.2639903846153846
visa,candle,4,2,19,1248.0,48,52,3,200,82,1.585,0.0,19.0,46.34146341463415,0.5993690851735016,0.5993690851735016,0.2747996794871795
visa,candle,4,2,21,1248.0,48,52,2,200,82,1.585,0.0,24.5,59.756097560975604,0.444794952681388,0.444794952681388,0.24912259615384616
visa,candle,4,2,23,1248.0,48,52,2,200,82,1.585,0.0,24.5,59.756097560975604,0.444794952681388,0.444794952681388,0.2988341346153846
visa,candle,4,2,25,1248.0,48,52,1,200,82,1.585,0.0,29.5,71.95121951219512,0.2586750788643533,0.2586750788643533,0.20532852564102563
visa,candle,4,2,27,1248.0,48,52,1,200,82,1.585,0.0,29.5,71.95121951219512,0.2586750788643533,0.2586750788643533,0.2394951923076923
visa,candle,4,2,29,1248.0,48,52,1,200,82,1.585,0.0,29.5,71.95121951219512,0.2586750788643533,0.2586750788643533,0.2762900641025641
visa,candle,4,2,31,1248.0,48,52,1,200,82,1.585,0.0,29.5,71.95121951219512,0.2586750788643533,0.2586750788643533,0.315713141025641
visa,candle,4,2,33,1248.0,48,52,1,200,82,1.585,0.0,29.5,71.95121951219512,0.2586750788643533,0.2586750788643533,0.3577644230769231
visa,candle,8,0,5,1248.0,48,52,49,200,111,2.71,1.0,0.0,0.0,1.0,1.0,0.054286858974358976
visa,candle,8,0,7,1248.0,48,52,25,200,111,2.71,1.0,0.0,0.0,1.0,1.0,0.1064022435897436
visa,candle,8,0,9,1248.0,48,52,15,200,111,2.71,1.0,1.0,1.8018018018018018,0.9833948339483395,0.9833948339483395,0.17296875
visa,candle,8,0,11,1248.0,48,52,10,200,111,2.71,1.0,4.5,8.108108108108109,0.933579335793358,0.933579335793358,0.24529647435897436
visa,candle,8,0,13,1248.0,48,52,7,200,111,2.71,1.0,9.5,17.117117117117118,0.8505535055350554,0.8505535055350554,0.31213541666666667
visa,candle,8,0,15,1248.0,48,52,5,200,111,2.71,1.0,19.0,34.234234234234236,0.7250922509225092,0.7250922509225092,0.3542668269230769
visa,candle,8,0,17,1248.0,48,52,4,200,111,2.71,1.0,22.0,39.63963963963964,0.6439114391143912,0.6439114391143912,0.40409054487179485
visa,candle,8,0,19,1248.0,48,52,3,200,111,2.71,1.0,31.0,55.85585585585585,0.5295202952029521,0.5295202952029521,0.41509214743589745
visa,candle,8,0,21,1248.0,48,52,2,200,111,2.71,1.0,41.0,73.87387387387388,0.37822878228782286,0.37822878228782286,0.3621995192307692
visa,candle,8,0,23,1248.0,48,52,2,200,111,2.71,1.0,41.0,73.87387387387388,0.37822878228782286,0.37822878228782286,0.43447516025641025
visa,candle,8,0,25,1248.0,48,52,1,200,111,2.71,1.0,47.0,84.68468468468468,0.2047970479704797,0.2047970479704797,0.27794471153846156
visa,candle,8,0,27,1248.0,48,52,1,200,111,2.71,1.0,47.0,84.68468468468468,0.2047970479704797,0.2047970479704797,0.3241947115384615
visa,candle,8,0,29,1248.0,48,52,1,200,111,2.71,1.0,47.0,84.68468468468468,0.2047970479704797,0.2047970479704797,0.37400240384615385
visa,candle,8,0,31,1248.0,48,52,1,200,111,2.71,1.0,47.0,84.68468468468468,0.2047970479704797,0.2047970479704797,0.42736778846153844
visa,candle,8,0,33,1248.0,48,52,1,200,111,2.71,1.0,47.0,84.68468468468468,0.2047970479704797,0.2047970479704797,0.4842908653846154
visa,candle,8,1,5,1248.0,48,52,49,200,137,5.21,3.0,0.0,0.0,1.0,1.0,0.10436698717948718
visa,candle,8,1,7,1248.0,48,52,25,200,137,5.21,3.0,2.0,2.9197080291970803,0.9788867562380038,0.9788867562380038,0.20024038461538463
visa,candle,8,1,9,1248.0,48,52,15,200,137,5.21,3.0,7.5,10.948905109489052,0.9040307101727447,0.9040307101727447,0.30569711538461536
visa,candle,8,1,11,1248.0,48,52,10,200,137,5.21,3.0,15.0,21.897810218978105,0.7946257197696737,0.7946257197696737,0.40139423076923075
visa,candle,8,1,13,1248.0,48,52,7,200,137,5.21,3.0,27.0,39.416058394160586,0.6593090211132437,0.6593090211132437,0.46515625
visa,candle,8,1,15,1248.0,48,52,5,200,137,5.21,3.0,36.5,53.284671532846716,0.5287907869481766,0.5287907869481766,0.49669471153846156
visa,candle,8,1,17,1248.0,48,52,4,200,137,5.21,3.0,44.0,64.23357664233576,0.44433781190019195,0.44433781190019195,0.5360857371794872
visa,candle,8,1,19,1248.0,48,52,3,200,137,5.21,3.0,47.0,68.61313868613139,0.354126679462572,0.354126679462572,0.5336899038461539
visa,candle,8,1,21,1248.0,48,52,2,200,137,5.21,3.0,56.49999999999999,82.48175182481752,0.2456813819577735,0.2456813819577735,0.4523076923076923
visa,candle,8,1,23,1248.0,48,52,2,200,137,5.21,3.0,56.49999999999999,82.48175182481752,0.2456813819577735,0.2456813819577735,0.5425641025641026
visa,candle,8,1,25,1248.0,48,52,1,200,137,5.21,3.0,59.5,86.86131386861314,0.13147792706333974,0.13147792706333974,0.3430488782051282
visa,candle,8,1,27,1248.0,48,52,1,200,137,5.21,3.0,59.5,86.86131386861314,0.13147792706333974,0.13147792706333974,0.4001322115384615
visa,candle,8,1,29,1248.0,48,52,1,200,137,5.21,3.0,59.5,86.86131386861314,0.13147792706333974,0.13147792706333974,0.4616065705128205
visa,candle,8,1,31,1248.0,48,52,1,200,137,5.21,3.0,59.5,86.86131386861314,0.13147792706333974,0.13147792706333974,0.5274719551282051
visa,candle,8,1,33,1248.0,48,52,1,200,137,5.21,3.0,59.5,86.86131386861314,0.13147792706333974,0.13147792706333974,0.5977283653846154
visa,candle,8,2,5,1248.0,48,52,49,200,116,4.545,2.0,0.0,0.0,1.0,1.0,0.09104567307692307
visa,candle,8,2,7,1248.0,48,52,25,200,116,4.545,2.0,0.0,0.0,1.0,1.0,0.17844951923076924
visa,candle,8,2,9,1248.0,48,52,15,200,116,4.545,2.0,7.5,12.931034482758621,0.9328932893289329,0.9328932893289329,0.2751923076923077
visa,candle,8,2,11,1248.0,48,52,10,200,116,4.545,2.0,15.0,25.862068965517242,0.801980198019802,0.801980198019802,0.3534014423076923
visa,candle,8,2,13,1248.0,48,52,7,200,116,4.545,2.0,23.0,39.6551724137931,0.6655665566556656,0.6655665566556656,0.40963541666666664
visa,candle,8,2,15,1248.0,48,52,5,200,116,4.545,2.0,34.5,59.48275862068966,0.5269526952695269,0.5269526952695269,0.43179086538461536
visa,candle,8,2,17,1248.0,48,52,4,200,116,4.545,2.0,39.0,67.24137931034483,0.44114411441144114,0.44114411441144114,0.4642988782051282
visa,candle,8,2,19,1248.0,48,52,3,200,116,4.545,2.0,42.5,73.27586206896551,0.34763476347634764,0.34763476347634764,0.4570352564102564
visa,candle,8,2,21,1248.0,48,52,2,200,116,4.545,2.0,47.5,81.89655172413794,0.24312431243124313,0.24312431243124313,0.39046875
visa,candle,8,2,23,1248.0,48,52,2,200,116,4.545,2.0,47.5,81.89655172413794,0.24312431243124313,0.24312431243124313,0.46838541666666667
visa,candle,8,2,25,1248.0,48,52,1,200,116,4.545,2.0,52.5,90.51724137931035,0.1276127612761276,0.1276127612761276,0.2904647435897436
visa,candle,8,2,27,1248.0,48,52,1,200,116,4.545,2.0,52.5,90.51724137931035,0.1276127612761276,0.1276127612761276,0.3387980769230769
visa,candle,8,2,29,1248.0,48,52,1,200,116,4.545,2.0,52.5,90.51724137931035,0.1276127612761276,0.1276127612761276,0.39084935897435896
visa,candle,8,2,31,1248.0,48,52,1,200,116,4.545,2.0,52.5,90.51724137931035,0.1276127612761276,0.1276127612761276,0.44661858974358976
visa,candle,8,2,33,1248.0,48,52,1,200,116,4.545,2.0,52.5,90.51724137931035,0.1276127612761276,0.1276127612761276,0.5061057692307692
visa,capsules,1,0,5,1728.0,48,72,69,160,136,9.96875,8.0,0.0,0.0,1.0,1.0,0.1442238136574074
visa,capsules,1,0,7,1728.0,48,72,35,160,136,9.96875,8.0,2.5,2.941176470588235,0.9736677115987461,0.9736677115987461,0.2752350983796296
visa,capsules,1,0,9,1728.0,48,72,21,160,136,9.96875,8.0,13.125,15.441176470588236,0.8840125391849529,0.8840125391849529,0.4130859375
visa,capsules,1,0,11,1728.0,48,72,14,160,136,9.96875,8.0,22.5,26.47058823529412,0.7592476489028214,0.7592476489028214,0.5299877025462963
visa,capsules,1,0,13,1728.0,48,72,10,160,136,9.96875,8.0,36.875,43.38235294117647,0.6363636363636364,0.6363636363636364,0.6204246238425926
visa,capsules,1,0,15,1728.0,48,72,7,160,136,9.96875,8.0,51.87500000000001,61.029411764705884,0.4927899686520376,0.4927899686520376,0.6396484375
visa,capsules,1,0,17,1728.0,48,72,5,160,136,9.96875,8.0,58.12500000000001,68.38235294117648,0.3774294670846395,0.3774294670846395,0.6292607060185185
visa,capsules,1,0,19,1728.0,48,72,4,160,136,9.96875,8.0,63.125,74.26470588235294,0.3141065830721003,0.3141065830721003,0.6541558159722223
visa,capsules,1,0,21,1728.0,48,72,3,160,136,9.96875,8.0,68.75,80.88235294117648,0.245141065830721,0.245141065830721,0.6236653645833333
visa,capsules,1,0,23,1728.0,48,72,3,160,136,9.96875,8.0,68.75,80.88235294117648,0.245141065830721,0.245141065830721,0.7481155960648148
visa,capsules,1,0,25,1728.0,48,72,2,160,136,9.96875,8.0,76.875,90.44117647058823,0.16802507836990596,0.16802507836990596,0.6058304398148148
visa,capsules,1,0,27,1728.0,48,72,2,160,136,9.96875,8.0,76.875,90.44117647058823,0.16802507836990596,0.16802507836990596,0.706640625
visa,capsules,1,0,29,1728.0,48,72,2,160,136,9.96875,8.0,76.875,90.44117647058823,0.16802507836990596,0.16802507836990596,0.8152054398148149
visa,capsules,1,0,31,1728.0,48,72,1,160,136,9.96875,8.0,82.5,97.05882352941177,0.08526645768025079,0.08526645768025079,0.47271412037037036
visa,capsules,1,0,33,1728.0,48,72,1,160,136,9.96875,8.0,82.5,97.05882352941177,0.08526645768025079,0.08526645768025079,0.5356770833333333
visa,capsules,1,1,5,1728.0,48,72,69,160,70,1.925,0.0,0.0,0.0,1.0,1.0,0.02785011574074074
visa,capsules,1,1,7,1728.0,48,72,35,160,70,1.925,0.0,0.0,0.0,1.0,1.0,0.054586226851851855
visa,capsules,1,1,9,1728.0,48,72,21,160,70,1.925,0.0,0.625,1.4285714285714286,0.974025974025974,0.974025974025974,0.087890625
visa,capsules,1,1,11,1728.0,48,72,14,160,70,1.925,0.0,1.875,4.285714285714286,0.9090909090909091,0.9090909090909091,0.12254050925925926
visa,capsules,1,1,13,1728.0,48,72,10,160,70,1.925,0.0,1.875,4.285714285714286,0.8701298701298701,0.8701298701298701,0.16381655092592592
visa,capsules,1,1,15,1728.0,48,72,7,160,70,1.925,0.0,5.625,12.857142857142856,0.8051948051948052,0.8051948051948052,0.20182291666666666
visa,capsules,1,1,17,1728.0,48,72,5,160,70,1.925,0.0,10.0,22.857142857142858,0.711038961038961,0.711038961038961,0.22891710069444443
visa,capsules,1,1,19,1728.0,48,72,4,160,70,1.925,0.0,15.0,34.285714285714285,0.6331168831168831,0.6331168831168831,0.2546115451388889
visa,capsules,1,1,21,1728.0,48,72,3,160,70,1.925,0.0,18.125,41.42857142857143,0.538961038961039,0.538961038961039,0.2647786458333333
visa,capsules,1,1,23,1728.0,48,72,3,160,70,1.925,0.0,18.125,41.42857142857143,0.538961038961039,0.538961038961039,0.3176142939814815
visa,capsules,1,1,25,1728.0,48,72,2,160,70,1.925,0.0,25.0,57.14285714285714,0.4090909090909091,0.4090909090909091,0.2848307291666667
visa,capsules,1,1,27,1728.0,48,72,2,160,70,1.925,0.0,25.0,57.14285714285714,0.4090909090909091,0.4090909090909091,0.3322265625
visa,capsules,1,1,29,1728.0,48,72,2,160,70,1.925,0.0,25.0,57.14285714285714,0.4090909090909091,0.4090909090909091,0.38326822916666664
visa,capsules,1,1,31,1728.0,48,72,1,160,70,1.925,0.0,35.0,80.0,0.22727272727272727,0.22727272727272727,0.24330873842592593
visa,capsules,1,1,33,1728.0,48,72,1,160,70,1.925,0.0,35.0,80.0,0.22727272727272727,0.22727272727272727,0.2757161458333333
visa,capsules,1,2,5,1728.0,48,72,69,160,104,11.95625,5.0,1.875,2.8846153846153846,0.9675901725039205,0.9675901725039205,0.16737196180555555
visa,capsules,1,2,7,1728.0,48,72,35,160,104,11.95625,5.0,9.375,14.423076923076922,0.8186095138525875,0.8186095138525875,0.2775390625
visa,capsules,1,2,9,1728.0,48,72,21,160,104,11.95625,5.0,16.875,25.961538461538463,0.6732880292733926,0.6732880292733926,0.37734375
visa,capsules,1,2,11,1728.0,48,72,14,160,104,11.95625,5.0,27.500000000000004,42.30769230769231,0.5410350235232619,0.5410350235232619,0.4529622395833333
visa,capsules,1,2,13,1728.0,48,72,10,160,104,11.95625,5.0,36.25,55.769230769230774,0.43073706220595925,0.43073706220595925,0.5036747685185186
visa,capsules,1,2,15,1728.0,48,72,7,160,104,11.95625,5.0,45.0,69.23076923076923,0.32618923157344487,0.32618923157344487,0.5078125
visa,capsules,1,2,17,1728.0,48,72,5,160,104,11.95625,5.0,48.75,75.0,0.24673288029273394,0.24673288029273394,0.4933738425925926
visa,capsules,1,2,19,1728.0,48,72,4,160,104,11.95625,5.0,51.87500000000001,79.8076923076923,0.20334553058024046,0.20334553058024046,0.5079173900462963
visa,capsules,1,2,21,1728.0,48,72,3,160,104,11.95625,5.0,56.25,86.53846153846155,0.15629900679560899,0.15629900679560899,0.4769205729166667
visa,capsules,1,2,23,1728.0,48,72,3,160,104,11.95625,5.0,56.25,86.53846153846155,0.15629900679560899,0.15629900679560899,0.5720883969907408
visa,capsules,1,2,25,1728.0,48,72,2,160,104,11.95625,5.0,59.375,91.34615384615384,0.10663878724516467,0.10663878724516467,0.4611545138888889
visa,capsules,1,2,27,1728.0,48,72,2,160,104,11.95625,5.0,59.375,91.34615384615384,0.10663878724516467,0.10663878724516467,0.537890625
visa,capsules,1,2,29,1728.0,48,72,2,160,104,11.95625,5.0,59.375,91.34615384615384,0.10663878724516467,0.10663878724516467,0.6205295138888889
visa,capsules,1,2,31,1728.0,48,72,1,160,104,11.95625,5.0,62.5,96.15384615384616,0.054364871928907474,0.054364871928907474,0.36148726851851853
visa,capsules,1,2,33,1728.0,48,72,1,160,104,11.95625,5.0,62.5,96.15384615384616,0.054364871928907474,0.054364871928907474,0.40963541666666664
visa,capsules,2,0,5,1728.0,48,72,69,160,146,21.625,16.0,3.125,3.4246575342465753,0.9546242774566474,0.9546242774566474,0.2986653645833333
visa,capsules,2,0,7,1728.0,48,72,35,160,146,21.625,16.0,16.875,18.493150684931507,0.8271676300578035,0.8271676300578035,0.5072265625
visa,capsules,2,0,9,1728.0,48,72,21,160,146,21.625,16.0,36.25,39.726027397260275,0.6485549132947976,0.6485549132947976,0.657421875
visa,capsules,2,0,11,1728.0,48,72,14,160,146,21.625,16.0,55.625,60.95890410958904,0.4997109826589595,0.4997109826589595,0.756687644675926
visa,capsules,2,0,13,1728.0,48,72,10,160,146,21.625,16.0,67.5,73.97260273972603,0.38439306358381503,0.38439306358381503,0.8129701967592593
visa,capsules,2,0,15,1728.0,48,72,7,160,146,21.625,16.0,78.125,85.61643835616438,0.2794797687861272,0.2794797687861272,0.7869466145833334
visa,capsules,2,0,17,1728.0,48,72,5,160,146,21.625,16.0,84.375,92.46575342465754,0.20289017341040463,0.20289017341040463,0.7337890625
visa,capsules,2,0,19,1728.0,48,72,4,160,146,21.625,16.0,84.375,92.46575342465754,0.16387283236994218,0.16387283236994218,0.74033203125
visa,capsules,2,0,21,1728.0,48,72,3,160,146,21.625,16.0,85.0,93.15068493150685,0.1245664739884393,0.1245664739884393,0.6874674479166667
visa,capsules,2,0,23,1728.0,48,72,3,160,146,21.625,16.0,85.0,93.15068493150685,0.1245664739884393,0.1245664739884393,0.8246491608796296
visa,capsules,2,0,25,1728.0,48,72,2,160,146,21.625,16.0,88.125,96.57534246575342,0.0838150289017341,0.0838150289017341,0.6555627893518519
visa,capsules,2,0,27,1728.0,48,72,2,160,146,21.625,16.0,88.125,96.57534246575342,0.0838150289017341,0.0838150289017341,0.7646484375
visa,capsules,2,0,29,1728.0,48,72,2,160,146,21.625,16.0,88.125,96.57534246575342,0.0838150289017341,0.0838150289017341,0.8821252893518519
visa,capsules,2,0,31,1728.0,48,72,1,160,146,21.625,16.0,90.0,98.63013698630137,0.042196531791907514,0.042196531791907514,0.507472511574074
visa,capsules,2,0,33,1728.0,48,72,1,160,146,21.625,16.0,90.0,98.63013698630137,0.042196531791907514,0.042196531791907514,0.5750651041666667
visa,capsules,2,1,5,1728.0,48,72,69,160,92,6.14375,2.0,0.0,0.0,1.0,1.0,0.08888527199074074
visa,capsules,2,1,7,1728.0,48,72,35,160,92,6.14375,2.0,3.75,6.521739130434782,0.9348931841302136,0.9348931841302136,0.16287254050925926
visa,capsules,2,1,9,1728.0,48,72,21,160,92,6.14375,2.0,8.125,14.130434782608695,0.8087487283825026,0.8087487283825026,0.23291015625
visa,capsules,2,1,11,1728.0,48,72,14,160,92,6.14375,2.0,13.750000000000002,23.91304347826087,0.6897253306205493,0.6897253306205493,0.29672309027777777
visa,capsules,2,1,13,1728.0,48,72,10,160,92,6.14375,2.0,15.625,27.173913043478258,0.5910478128179044,0.5910478128179044,0.35513961226851853
visa,capsules,2,1,15,1728.0,48,72,7,160,92,6.14375,2.0,23.75,41.30434782608695,0.4862665310274669,0.4862665310274669,0.3889973958333333
visa,capsules,2,1,17,1728.0,48,72,5,160,92,6.14375,2.0,33.75,58.69565217391305,0.38555442522889116,0.38555442522889116,0.39616247106481484
visa,capsules,2,1,19,1728.0,48,72,4,160,92,6.14375,2.0,36.875,64.13043478260869,0.32553407934893186,0.32553407934893186,0.41782407407407407
visa,capsules,2,1,21,1728.0,48,72,3,160,92,6.14375,2.0,42.5,73.91304347826086,0.25635808748728384,0.25635808748728384,0.401953125
visa,capsules,2,1,23,1728.0,48,72,3,160,92,6.14375,2.0,42.5,73.91304347826086,0.25635808748728384,0.25635808748728384,0.48216145833333335
visa,capsules,2,1,25,1728.0,48,72,2,160,92,6.14375,2.0,47.5,82.6086956521739,0.1790437436419125,0.1790437436419125,0.3978587962962963
visa,capsules,2,1,27,1728.0,48,72,2,160,92,6.14375,2.0,47.5,82.6086956521739,0.1790437436419125,0.1790437436419125,0.4640625
visa,capsules,2,1,29,1728.0,48,72,2,160,92,6.14375,2.0,47.5,82.6086956521739,0.1790437436419125,0.1790437436419125,0.5353587962962963
visa,capsules,2,1,31,1728.0,48,72,1,160,92,6.14375,2.0,52.5,91.30434782608695,0.0935910478128179,0.0935910478128179,0.3197771990740741
visa,capsules,2,1,33,1728.0,48,72,1,160,92,6.14375,2.0,52.5,91.30434782608695,0.0935910478128179,0.0935910478128179,0.36236979166666666
visa,capsules,2,2,5,1728.0,48,72,69,160,107,7.84375,3.0,1.25,1.8691588785046727,0.9848605577689243,0.9848605577689243,0.11176215277777778
visa,capsules,2,2,7,1728.0,48,72,35,160,107,7.84375,3.0,5.625,8.411214953271028,0.8852589641434263,0.8852589641434263,0.19690031828703702
visa,capsules,2,2,9,1728.0,48,72,21,160,107,7.84375,3.0,9.375,14.018691588785046,0.7673306772908367,0.7673306772908367,0.28212890625
visa,capsules,2,2,11,1728.0,48,72,14,160,107,7.84375,3.0,16.25,24.299065420560748,0.6589641434262948,0.6589641434262948,0.3619321469907407
visa,capsules,2,2,13,1728.0,48,72,10,160,107,7.84375,3.0,23.125,34.57943925233645,0.5545816733067729,0.5545816733067729,0.4254340277777778
visa,capsules,2,2,15,1728.0,48,72,7,160,107,7.84375,3.0,33.75,50.467289719626166,0.44302788844621516,0.44302788844621516,0.4524739583333333
visa,capsules,2,2,17,1728.0,48,72,5,160,107,7.84375,3.0,37.5,56.074766355140184,0.349800796812749,0.349800796812749,0.45887948495370373
visa,capsules,2,2,19,1728.0,48,72,4,160,107,7.84375,3.0,41.25,61.6822429906542,0.2972111553784861,0.2972111553784861,0.4870261863425926
visa,capsules,2,2,21,1728.0,48,72,3,160,107,7.84375,3.0,48.125,71.96261682242991,0.2358565737051793,0.2358565737051793,0.47213541666666664
visa,capsules,2,2,23,1728.0,48,72,3,160,107,7.84375,3.0,48.125,71.96261682242991,0.2358565737051793,0.2358565737051793,0.5663483796296296
visa,capsules,2,2,25,1728.0,48,72,2,160,107,7.84375,3.0,55.00000000000001,82.2429906542056,0.1657370517928287,0.1657370517928287,0.47019675925925924
visa,capsules,2,2,27,1728.0,48,72,2,160,107,7.84375,3.0,55.00000000000001,82.2429906542056,0.1657370517928287,0.1657370517928287,0.5484375
visa,capsules,2,2,29,1728.0,48,72,2,160,107,7.84375,3.0,55.00000000000001,82.2429906542056,0.1657370517928287,0.1657370517928287,0.6326967592592593
visa,capsules,2,2,31,1728.0,48,72,1,160,107,7.84375,3.0,63.125,94.39252336448598,0.08525896414342629,0.08525896414342629,0.3719147858796296
visa,capsules,2,2,33,1728.0,48,72,1,160,107,7.84375,3.0,63.125,94.39252336448598,0.08525896414342629,0.08525896414342629,0.42145182291666666
visa,capsules,4,0,5,1728.0,48,72,69,160,130,9.55,7.0,0.0,0.0,1.0,1.0,0.13816550925925927
visa,capsules,4,0,7,1728.0,48,72,35,160,130,9.55,7.0,3.125,3.8461538461538463,0.9535340314136126,0.9535340314136126,0.25822120949074073
visa,capsules,4,0,9,1728.0,48,72,21,160,130,9.55,7.0,8.75,10.76923076923077,0.8704188481675392,0.8704188481675392,0.3896484375
visa,capsules,4,0,11,1728.0,48,72,14,160,130,9.55,7.0,21.25,26.153846153846157,0.75,0.75,0.5015407986111111
visa,capsules,4,0,13,1728.0,48,72,10,160,130,9.55,7.0,31.874999999999996,39.23076923076923,0.6380890052356021,0.6380890052356021,0.5959743923611112
visa,capsules,4,0,15,1728.0,48,72,7,160,130,9.55,7.0,48.75,60.0,0.5013089005235603,0.5013089005235603,0.6233723958333334
visa,capsules,4,0,17,1728.0,48,72,5,160,130,9.55,7.0,61.875,76.15384615384615,0.38089005235602097,0.38089005235602097,0.6083550347222222
visa,capsules,4,0,19,1728.0,48,72,4,160,130,9.55,7.0,64.375,79.23076923076923,0.31348167539267013,0.31348167539267013,0.6254304108796296
visa,capsules,4,0,21,1728.0,48,72,3,160,130,9.55,7.0,67.5,83.07692307692308,0.24280104712041886,0.24280104712041886,0.5917643229166667
visa,capsules,4,0,23,1728.0,48,72,3,160,130,9.55,7.0,67.5,83.07692307692308,0.24280104712041886,0.24280104712041886,0.7098488136574074
visa,capsules,4,0,25,1728.0,48,72,2,160,130,9.55,7.0,72.5,89.23076923076924,0.1668848167539267,0.1668848167539267,0.5764431423611112
visa,capsules,4,0,27,1728.0,48,72,2,160,130,9.55,7.0,72.5,89.23076923076924,0.1668848167539267,0.1668848167539267,0.67236328125
visa,capsules,4,0,29,1728.0,48,72,2,160,130,9.55,7.0,72.5,89.23076923076924,0.1668848167539267,0.1668848167539267,0.7756618923611112
visa,capsules,4,0,31,1728.0,48,72,1,160,130,9.55,7.0,78.125,96.15384615384616,0.08507853403141362,0.08507853403141362,0.45185908564814814
visa,capsules,4,0,33,1728.0,48,72,1,160,130,9.55,7.0,78.125,96.15384615384616,0.08507853403141362,0.08507853403141362,0.5120442708333334
visa,capsules,4,1,5,1728.0,48,72,69,160,79,2.7625,0.0,0.0,0.0,1.0,1.0,0.039966724537037035
visa,capsules,4,1,7,1728.0,48,72,35,160,79,2.7625,0.0,1.25,2.5316455696202533,0.9886877828054299,0.9886877828054299,0.0774486400462963
visa,capsules,4,1,9,1728.0,48,72,21,160,79,2.7625,0.0,1.25,2.5316455696202533,0.9253393665158371,0.9253393665158371,0.11982421875
visa,capsules,4,1,11,1728.0,48,72,14,160,79,2.7625,0.0,4.375,8.860759493670885,0.8506787330316742,0.8506787330316742,0.16455439814814815
visa,capsules,4,1,13,1728.0,48,72,10,160,79,2.7625,0.0,5.625,11.39240506329114,0.7737556561085973,0.7737556561085973,0.20904947916666666
visa,capsules,4,1,15,1728.0,48,72,7,160,79,2.7625,0.0,10.0,20.253164556962027,0.6809954751131222,0.6809954751131222,0.24495442708333334
visa,capsules,4,1,17,1728.0,48,72,5,160,79,2.7625,0.0,16.875,34.177215189873415,0.5746606334841629,0.5746606334841629,0.265502025462963
visa,capsules,4,1,19,1728.0,48,72,4,160,79,2.7625,0.0,20.625,41.77215189873418,0.5,0.5,0.2885597511574074
visa,capsules,4,1,21,1728.0,48,72,3,160,79,2.7625,0.0,25.0,50.63291139240506,0.4095022624434389,0.4095022624434389,0.2887044270833333
visa,capsules,4,1,23,1728.0,48,72,3,160,79,2.7625,0.0,25.0,50.63291139240506,0.4095022624434389,0.4095022624434389,0.346314380787037
visa,capsules,4,1,25,1728.0,48,72,2,160,79,2.7625,0.0,26.875,54.43037974683544,0.31221719457013575,0.31221719457013575,0.3119574652777778
visa,capsules,4,1,27,1728.0,48,72,2,160,79,2.7625,0.0,26.875,54.43037974683544,0.31221719457013575,0.31221719457013575,0.3638671875
visa,capsules,4,1,29,1728.0,48,72,2,160,79,2.7625,0.0,26.875,54.43037974683544,0.31221719457013575,0.31221719457013575,0.41976996527777777
visa,capsules,4,1,31,1728.0,48,72,1,160,79,2.7625,0.0,36.875,74.68354430379746,0.17873303167420815,0.17873303167420815,0.27459129050925923
visa,capsules,4,1,33,1728.0,48,72,1,160,79,2.7625,0.0,36.875,74.68354430379746,0.17873303167420815,0.17873303167420815,0.3111653645833333
visa,capsules,4,2,5,1728.0,48,72,69,160,109,7.5125,3.0,0.0,0.0,1.0,1.0,0.10868778935185185
visa,capsules,4,2,7,1728.0,48,72,35,160,109,7.5125,3.0,3.125,4.587155963302752,0.9351081530782029,0.9351081530782029,0.1992042824074074
visa,capsules,4,2,9,1728.0,48,72,21,160,109,7.5125,3.0,11.25,16.51376146788991,0.7911813643926788,0.7911813643926788,0.27861328125
visa,capsules,4,2,11,1728.0,48,72,14,160,109,7.5125,3.0,15.0,22.018348623853214,0.670549084858569,0.670549084858569,0.3527416087962963
visa,capsules,4,2,13,1728.0,48,72,10,160,109,7.5125,3.0,22.5,33.02752293577982,0.5740432612312812,0.5740432612312812,0.4217664930555556
visa,capsules,4,2,15,1728.0,48,72,7,160,109,7.5125,3.0,28.125,41.284403669724774,0.4700499168053245,0.4700499168053245,0.4597981770833333
visa,capsules,4,2,17,1728.0,48,72,5,160,109,7.5125,3.0,38.125,55.96330275229357,0.37437603993344426,0.37437603993344426,0.4703776041666667
visa,capsules,4,2,19,1728.0,48,72,4,160,109,7.5125,3.0,42.5,62.38532110091744,0.3178036605657238,0.3178036605657238,0.49877748842592595
visa,capsules,4,2,21,1728.0,48,72,3,160,109,7.5125,3.0,49.375,72.47706422018348,0.25207986688851913,0.25207986688851913,0.48330078125
visa,capsules,4,2,23,1728.0,48,72,3,160,109,7.5125,3.0,49.375,72.47706422018348,0.25207986688851913,0.25207986688851913,0.5797417534722222
visa,capsules,4,2,25,1728.0,48,72,2,160,109,7.5125,3.0,57.49999999999999,84.40366972477065,0.17554076539101499,0.17554076539101499,0.47697844328703703
visa,capsules,4,2,27,1728.0,48,72,2,160,109,7.5125,3.0,57.49999999999999,84.40366972477065,0.17554076539101499,0.17554076539101499,0.55634765625
visa,capsules,4,2,29,1728.0,48,72,2,160,109,7.5125,3.0,57.49999999999999,84.40366972477065,0.17554076539101499,0.17554076539101499,0.641822193287037
visa,capsules,4,2,31,1728.0,48,72,1,160,109,7.5125,3.0,63.74999999999999,93.57798165137615,0.09068219633943428,0.09068219633943428,0.3788664641203704
visa,capsules,4,2,33,1728.0,48,72,1,160,109,7.5125,3.0,63.74999999999999,93.57798165137615,0.09068219633943428,0.09068219633943428,0.4293294270833333
visa,capsules,8,0,5,1728.0,48,72,69,160,104,3.39375,2.0,0.0,0.0,1.0,1.0,0.04909939236111111
visa,capsules,8,0,7,1728.0,48,72,35,160,104,3.39375,2.0,0.0,0.0,1.0,1.0,0.09623480902777778
visa,capsules,8,0,9,1728.0,48,72,21,160,104,3.39375,2.0,0.0,0.0,1.0,1.0,0.15908203125
visa,capsules,8,0,11,1728.0,48,72,14,160,104,3.39375,2.0,2.5,3.8461538461538463,0.9686924493554327,0.9686924493554327,0.23020109953703705
visa,capsules,8,0,13,1728.0,48,72,10,160,104,3.39375,2.0,6.875000000000001,10.576923076923077,0.9079189686924494,0.9079189686924494,0.30134910300925927
visa,capsules,8,0,15,1728.0,48,72,7,160,104,3.39375,2.0,14.374999999999998,22.115384615384613,0.8047882136279927,0.8047882136279927,0.3556315104166667
visa,capsules,8,0,17,1728.0,48,72,5,160,104,3.39375,2.0,26.875,41.34615384615385,0.6666666666666666,0.6666666666666666,0.37839265046296294
visa,capsules,8,0,19,1728.0,48,72,4,160,104,3.39375,2.0,30.625000000000004,47.11538461538461,0.576427255985267,0.576427255985267,0.4086841724537037
visa,capsules,8,0,21,1728.0,48,72,3,160,104,3.39375,2.0,33.75,51.92307692307693,0.47697974217311234,0.47697974217311234,0.41311848958333336
visa,capsules,8,0,23,1728.0,48,72,3,160,104,3.39375,2.0,33.75,51.92307692307693,0.47697974217311234,0.47697974217311234,0.49555483217592594
visa,capsules,8,0,25,1728.0,48,72,2,160,104,3.39375,2.0,44.375,68.26923076923077,0.3462246777163904,0.3462246777163904,0.4249855324074074
visa,capsules,8,0,27,1728.0,48,72,2,160,104,3.39375,2.0,44.375,68.26923076923077,0.3462246777163904,0.3462246777163904,0.495703125
visa,capsules,8,0,29,1728.0,48,72,2,160,104,3.39375,2.0,44.375,68.26923076923077,0.3462246777163904,0.3462246777163904,0.5718605324074074
visa,capsules,8,0,31,1728.0,48,72,1,160,104,3.39375,2.0,52.5,80.76923076923077,0.19152854511970535,0.19152854511970535,0.36148726851851853
visa,capsules,8,0,33,1728.0,48,72,1,160,104,3.39375,2.0,52.5,80.76923076923077,0.19152854511970535,0.19152854511970535,0.40963541666666664
visa,capsules,8,1,5,1728.0,48,72,69,160,99,4.125,2.0,0.0,0.0,1.0,1.0,0.05967881944444445
visa,capsules,8,1,7,1728.0,48,72,35,160,99,4.125,2.0,1.25,2.0202020202020203,0.9621212121212122,0.9621212121212122,0.11253978587962964
visa,capsules,8,1,9,1728.0,48,72,21,160,99,4.125,2.0,4.375,7.07070707070707,0.8772727272727273,0.8772727272727273,0.16962890625
visa,capsules,8,1,11,1728.0,48,72,14,160,99,4.125,2.0,6.875000000000001,11.11111111111111,0.7833333333333333,0.7833333333333333,0.22626229745370371
visa,capsules,8,1,13,1728.0,48,72,10,160,99,4.125,2.0,8.125,13.131313131313133,0.7106060606060606,0.7106060606060606,0.28667896412037036
visa,capsules,8,1,15,1728.0,48,72,7,160,99,4.125,2.0,12.5,20.2020202020202,0.6287878787878788,0.6287878787878788,0.3377278645833333
visa,capsules,8,1,17,1728.0,48,72,5,160,99,4.125,2.0,20.0,32.323232323232325,0.543939393939394,0.543939393939394,0.3752567997685185
visa,capsules,8,1,19,1728.0,48,72,4,160,99,4.125,2.0,25.0,40.4040404040404,0.48333333333333334,0.48333333333333334,0.4165183738425926
visa,capsules,8,1,21,1728.0,48,72,3,160,99,4.125,2.0,35.625,57.57575757575758,0.396969696969697,0.396969696969697,0.41790364583333334
visa,capsules,8,1,23,1728.0,48,72,3,160,99,4.125,2.0,35.625,57.57575757575758,0.396969696969697,0.396969696969697,0.5012948495370371
visa,capsules,8,1,25,1728.0,48,72,2,160,99,4.125,2.0,48.125,77.77777777777779,0.2803030303030303,0.2803030303030303,0.41820384837962965
visa,capsules,8,1,27,1728.0,48,72,2,160,99,4.125,2.0,48.125,77.77777777777779,0.2803030303030303,0.2803030303030303,0.48779296875
visa,capsules,8,1,29,1728.0,48,72,2,160,99,4.125,2.0,48.125,77.77777777777779,0.2803030303030303,0.2803030303030303,0.5627350983796297
visa,capsules,8,1,31,1728.0,48,72,1,160,99,4.125,2.0,53.75,86.86868686868688,0.15,0.15,0.3441080729166667
visa,capsules,8,1,33,1728.0,48,72,1,160,99,4.125,2.0,53.75,86.86868686868688,0.15,0.15,0.38994140625
visa,capsules,8,2,5,1728.0,48,72,69,160,120,9.38125,6.0,1.25,1.6666666666666667,0.9966688874083944,0.9966688874083944,0.13527199074074073
visa,capsules,8,2,7,1728.0,48,72,35,160,120,9.38125,6.0,5.0,6.666666666666667,0.9007328447701533,0.9007328447701533,0.23961226851851852
visa,capsules,8,2,9,1728.0,48,72,21,160,120,9.38125,6.0,10.625,14.166666666666666,0.7894736842105263,0.7894736842105263,0.34716796875
visa,capsules,8,2,11,1728.0,48,72,14,160,120,9.38125,6.0,18.125,24.166666666666668,0.6868754163890739,0.6868754163890739,0.4512116608796296
visa,capsules,8,2,13,1728.0,48,72,10,160,120,9.38125,6.0,28.749999999999996,38.333333333333336,0.5796135909393737,0.5796135909393737,0.5317925347222222
visa,capsules,8,2,15,1728.0,48,72,7,160,120,9.38125,6.0,43.125,57.49999999999999,0.4603597601598934,0.4603597601598934,0.5623372395833334
visa,capsules,8,2,17,1728.0,48,72,5,160,120,9.38125,6.0,53.125,70.83333333333334,0.35376415722851434,0.35376415722851434,0.5550455729166667
visa,capsules,8,2,19,1728.0,48,72,4,160,120,9.38125,6.0,56.875,75.83333333333333,0.2931379080612925,0.2931379080612925,0.5745081018518519
visa,capsules,8,2,21,1728.0,48,72,3,160,120,9.38125,6.0,60.62499999999999,80.83333333333333,0.2285143237841439,0.2285143237841439,0.5471028645833333
visa,capsules,8,2,23,1728.0,48,72,3,160,120,9.38125,6.0,60.62499999999999,80.83333333333333,0.2285143237841439,0.2285143237841439,0.656275318287037
visa,capsules,8,2,25,1728.0,48,72,2,160,120,9.38125,6.0,68.125,90.83333333333333,0.1558960692871419,0.1558960692871419,0.5289713541666666
visa,capsules,8,2,27,1728.0,48,72,2,160,120,9.38125,6.0,68.125,90.83333333333333,0.1558960692871419,0.1558960692871419,0.6169921875
visa,capsules,8,2,29,1728.0,48,72,2,160,120,9.38125,6.0,68.125,90.83333333333333,0.1558960692871419,0.1558960692871419,0.7117838541666667
visa,capsules,8,2,31,1728.0,48,72,1,160,120,9.38125,6.0,71.25,95.0,0.07994670219853431,0.07994670219853431,0.4171006944444444
visa,capsules,8,2,33,1728.0,48,72,1,160,120,9.38125,6.0,71.25,95.0,0.07994670219853431,0.07994670219853431,0.47265625
visa,cashew,1,0,5,1248.0,48,52,49,150,115,5.706666666666667,3.0,1.3333333333333335,1.7391304347826086,0.9754672897196262,0.9754672897196262,0.11151175213675214
visa,cashew,1,0,7,1248.0,48,52,25,150,115,5.706666666666667,3.0,2.666666666666667,3.4782608695652173,0.8855140186915887,0.8855140186915887,0.19840811965811966
visa,cashew,1,0,9,1248.0,48,52,15,150,115,5.706666666666667,3.0,6.666666666666667,8.695652173913043,0.8072429906542056,0.8072429906542056,0.29899038461538463
visa,cashew,1,0,11,1248.0,48,52,10,150,115,5.706666666666667,3.0,12.0,15.65217391304348,0.7231308411214953,0.7231308411214953,0.4001014957264957
visa,cashew,1,0,13,1248.0,48,52,7,150,115,5.706666666666667,3.0,26.0,33.91304347826087,0.6156542056074766,0.6156542056074766,0.4757638888888889
visa,cashew,1,0,15,1248.0,48,52,5,150,115,5.706666666666667,3.0,35.333333333333336,46.08695652173913,0.4976635514018692,0.4976635514018692,0.5120192307692307
visa,cashew,1,0,17,1248.0,48,52,4,150,115,5.706666666666667,3.0,40.666666666666664,53.04347826086957,0.4264018691588785,0.4264018691588785,0.5634882478632479
visa,cashew,1,0,19,1248.0,48,52,3,150,115,5.706666666666667,3.0,47.333333333333336,61.73913043478261,0.34345794392523366,0.34345794392523366,0.5669551282051282
visa,cashew,1,0,21,1248.0,48,52,2,150,115,5.706666666666667,3.0,54.0,70.43478260869566,0.2488317757009346,0.2488317757009346,0.5017788461538462
visa,cashew,1,0,23,1248.0,48,52,2,150,115,5.706666666666667,3.0,54.0,70.43478260869566,0.2488317757009346,0.2488317757009346,0.6019070512820512
visa,cashew,1,0,25,1248.0,48,52,1,150,115,5.706666666666667,3.0,65.33333333333333,85.21739130434783,0.13434579439252337,0.13434579439252337,0.3839476495726496
visa,cashew,1,0,27,1248.0,48,52,1,150,115,5.706666666666667,3.0,65.33333333333333,85.21739130434783,0.13434579439252337,0.13434579439252337,0.4478365384615385
visa,cashew,1,0,29,1248.0,48,52,1,150,115,5.706666666666667,3.0,65.33333333333333,85.21739130434783,0.13434579439252337,0.13434579439252337,0.5166399572649573
visa,cashew,1,0,31,1248.0,48,52,1,150,115,5.706666666666667,3.0,65.33333333333333,85.21739130434783,0.13434579439252337,0.13434579439252337,0.5903579059829059
visa,cashew,1,0,33,1248.0,48,52,1,150,115,5.706666666666667,3.0,65.33333333333333,85.21739130434783,0.13434579439252337,0.13434579439252337,0.6689903846153846
visa,cashew,1,1,5,1248.0,48,52,49,150,75,3.18,0.5,1.3333333333333335,2.666666666666667,0.859538784067086,0.859538784067086,0.054754273504273504
visa,cashew,1,1,7,1248.0,48,52,25,150,75,3.18,0.5,1.3333333333333335,2.666666666666667,0.7589098532494759,0.7589098532494759,0.0947542735042735
visa,cashew,1,1,9,1248.0,48,52,15,150,75,3.18,0.5,3.3333333333333335,6.666666666666667,0.6771488469601677,0.6771488469601677,0.13975961538461537
visa,cashew,1,1,11,1248.0,48,52,10,150,75,3.18,0.5,6.666666666666667,13.333333333333334,0.5974842767295597,0.5974842767295597,0.1842147435897436
visa,cashew,1,1,13,1248.0,48,52,7,150,75,3.18,0.5,8.0,16.0,0.5262054507337526,0.5262054507337526,0.22659722222222223
visa,cashew,1,1,15,1248.0,48,52,5,150,75,3.18,0.5,10.666666666666668,21.333333333333336,0.46540880503144655,0.46540880503144655,0.2668269230769231
visa,cashew,1,1,17,1248.0,48,52,4,150,75,3.18,0.5,13.333333333333334,26.666666666666668,0.42348008385744235,0.42348008385744235,0.3118482905982906
visa,cashew,1,1,19,1248.0,48,52,3,150,75,3.18,0.5,18.666666666666668,37.333333333333336,0.36477987421383645,0.36477987421383645,0.3355448717948718
visa,cashew,1,1,21,1248.0,48,52,2,150,75,3.18,0.5,26.666666666666668,53.333333333333336,0.2809224318658281,0.2809224318658281,0.31567307692307695
visa,cashew,1,1,23,1248.0,48,52,2,150,75,3.18,0.5,26.666666666666668,53.333333333333336,0.2809224318658281,0.2809224318658281,0.3786645299145299
visa,cashew,1,1,25,1248.0,48,52,1,150,75,3.18,0.5,39.33333333333333,78.66666666666666,0.15723270440251572,0.15723270440251572,0.250400641025641
visa,cashew,1,1,27,1248.0,48,52,1,150,75,3.18,0.5,39.33333333333333,78.66666666666666,0.15723270440251572,0.15723270440251572,0.2920673076923077
visa,cashew,1,1,29,1248.0,48,52,1,150,75,3.18,0.5,39.33333333333333,78.66666666666666,0.15723270440251572,0.15723270440251572,0.3369391025641026
visa,cashew,1,1,31,1248.0,48,52,1,150,75,3.18,0.5,39.33333333333333,78.66666666666666,0.15723270440251572,0.15723270440251572,0.38501602564102566
visa,cashew,1,1,33,1248.0,48,52,1,150,75,3.18,0.5,39.33333333333333,78.66666666666666,0.15723270440251572,0.15723270440251572,0.4362980769230769
visa,cashew,1,2,5,1248.0,48,52,49,150,46,2.046666666666667,0.0,1.3333333333333335,4.3478260869565215,0.8990228013029316,0.8990228013029316,0.03685897435897436
visa,cashew,1,2,7,1248.0,48,52,25,150,46,2.046666666666667,0.0,1.3333333333333335,4.3478260869565215,0.742671009771987,0.742671009771987,0.05967948717948718
visa,cashew,1,2,9,1248.0,48,52,15,150,46,2.046666666666667,0.0,2.666666666666667,8.695652173913043,0.6482084690553745,0.6482084690553745,0.08610576923076924
visa,cashew,1,2,11,1248.0,48,52,10,150,46,2.046666666666667,0.0,3.3333333333333335,10.869565217391305,0.5667752442996743,0.5667752442996743,0.11246794871794871
visa,cashew,1,2,13,1248.0,48,52,7,150,46,2.046666666666667,0.0,5.333333333333334,17.391304347826086,0.498371335504886,0.498371335504886,0.138125
visa,cashew,1,2,15,1248.0,48,52,5,150,46,2.046666666666667,0.0,7.333333333333333,23.91304347826087,0.42996742671009774,0.42996742671009774,0.15865384615384615
visa,cashew,1,2,17,1248.0,48,52,4,150,46,2.046666666666667,0.0,8.666666666666668,28.26086956521739,0.38762214983713356,0.38762214983713356,0.18371260683760685
visa,cashew,1,2,19,1248.0,48,52,3,150,46,2.046666666666667,0.0,11.333333333333332,36.95652173913043,0.3322475570032573,0.3322475570032573,0.19669871794871796
visa,cashew,1,2,21,1248.0,48,52,2,150,46,2.046666666666667,0.0,16.0,52.17391304347826,0.254071661237785,0.254071661237785,0.18375
visa,cashew,1,2,23,1248.0,48,52,2,150,46,2.046666666666667,0.0,16.0,52.17391304347826,0.254071661237785,0.254071661237785,0.22041666666666668
visa,cashew,1,2,25,1248.0,48,52,1,150,46,2.046666666666667,0.0,21.333333333333336,69.56521739130434,0.1498371335504886,0.1498371335504886,0.15357905982905984
visa,cashew,1,2,27,1248.0,48,52,1,150,46,2.046666666666667,0.0,21.333333333333336,69.56521739130434,0.1498371335504886,0.1498371335504886,0.1791346153846154
visa,cashew,1,2,29,1248.0,48,52,1,150,46,2.046666666666667,0.0,21.333333333333336,69.56521739130434,0.1498371335504886,0.1498371335504886,0.20665598290598292
visa,cashew,1,2,31,1248.0,48,52,1,150,46,2.046666666666667,0.0,21.333333333333336,69.56521739130434,0.1498371335504886,0.1498371335504886,0.23614316239316238
visa,cashew,1,2,33,1248.0,48,52,1,150,46,2.046666666666667,0.0,21.333333333333336,69.56521739130434,0.1498371335504886,0.1498371335504886,0.2675961538461539
visa,cashew,2,0,5,1248.0,48,52,49,150,85,7.806666666666667,2.0,4.0,7.0588235294117645,0.7318531169940222,0.7318531169940222,0.11444978632478632
visa,cashew,2,0,7,1248.0,48,52,25,150,85,7.806666666666667,2.0,4.666666666666667,8.235294117647058,0.605465414175918,0.605465414175918,0.18558226495726496
visa,cashew,2,0,9,1248.0,48,52,15,150,85,7.806666666666667,2.0,8.0,14.117647058823529,0.5286080273270709,0.5286080273270709,0.2678365384615385
visa,cashew,2,0,11,1248.0,48,52,10,150,85,7.806666666666667,2.0,13.333333333333334,23.52941176470588,0.46114432109308284,0.46114432109308284,0.3490384615384615
visa,cashew,2,0,13,1248.0,48,52,7,150,85,7.806666666666667,2.0,25.333333333333336,44.70588235294118,0.37233134073441504,0.37233134073441504,0.39361111111111113
visa,cashew,2,0,15,1248.0,48,52,5,150,85,7.806666666666667,2.0,32.0,56.470588235294116,0.2971818958155423,0.2971818958155423,0.4182692307692308
visa,cashew,2,0,17,1248.0,48,52,4,150,85,7.806666666666667,2.0,34.66666666666667,61.1764705882353,0.2527754056362084,0.2527754056362084,0.456965811965812
visa,cashew,2,0,19,1248.0,48,52,3,150,85,7.806666666666667,2.0,38.0,67.05882352941175,0.2040990606319385,0.2040990606319385,0.460892094017094
visa,cashew,2,0,21,1248.0,48,52,2,150,85,7.806666666666667,2.0,48.0,84.70588235294117,0.1426131511528608,0.1426131511528608,0.3934134615384615
visa,cashew,2,0,23,1248.0,48,52,2,150,85,7.806666666666667,2.0,48.0,84.70588235294117,0.1426131511528608,0.1426131511528608,0.47191773504273504
visa,cashew,2,0,25,1248.0,48,52,1,150,85,7.806666666666667,2.0,54.666666666666664,96.47058823529412,0.07258753202391119,0.07258753202391119,0.28378739316239315
visa,cashew,2,0,27,1248.0,48,52,1,150,85,7.806666666666667,2.0,54.666666666666664,96.47058823529412,0.07258753202391119,0.07258753202391119,0.3310096153846154
visa,cashew,2,0,29,1248.0,48,52,1,150,85,7.806666666666667,2.0,54.666666666666664,96.47058823529412,0.07258753202391119,0.07258753202391119,0.3818643162393162
visa,cashew,2,0,31,1248.0,48,52,1,150,85,7.806666666666667,2.0,54.666666666666664,96.47058823529412,0.07258753202391119,0.07258753202391119,0.43635149572649573
visa,cashew,2,0,33,1248.0,48,52,1,150,85,7.806666666666667,2.0,54.666666666666664,96.47058823529412,0.07258753202391119,0.07258753202391119,0.49447115384615387
visa,cashew,2,1,5,1248.0,48,52,49,150,35,1.06,0.0,0.0,0.0,1.0,1.0,0.02123397435897436
visa,cashew,2,1,7,1248.0,48,52,25,150,35,1.06,0.0,1.3333333333333335,5.714285714285714,0.9182389937106918,0.9182389937106918,0.03821581196581197
visa,cashew,2,1,9,1248.0,48,52,15,150,35,1.06,0.0,2.0,8.571428571428571,0.7735849056603774,0.7735849056603774,0.05322115384615385
visa,cashew,2,1,11,1248.0,48,52,10,150,35,1.06,0.0,2.0,8.571428571428571,0.6792452830188679,0.6792452830188679,0.0698076923076923
visa,cashew,2,1,13,1248.0,48,52,7,150,35,1.06,0.0,4.0,17.142857142857142,0.5974842767295597,0.5974842767295597,0.08576388888888889
visa,cashew,2,1,15,1248.0,48,52,5,150,35,1.06,0.0,4.666666666666667,20.0,0.5094339622641509,0.5094339622641509,0.09735576923076923
visa,cashew,2,1,17,1248.0,48,52,4,150,35,1.06,0.0,4.666666666666667,20.0,0.46540880503144655,0.46540880503144655,0.114241452991453
visa,cashew,2,1,19,1248.0,48,52,3,150,35,1.06,0.0,6.0,25.71428571428571,0.4088050314465409,0.4088050314465409,0.12534722222222222
visa,cashew,2,1,21,1248.0,48,52,2,150,35,1.06,0.0,7.333333333333333,31.428571428571427,0.33962264150943394,0.33962264150943394,0.12721153846153846
visa,cashew,2,1,23,1248.0,48,52,2,150,35,1.06,0.0,7.333333333333333,31.428571428571427,0.33962264150943394,0.33962264150943394,0.15259615384615385
visa,cashew,2,1,25,1248.0,48,52,1,150,35,1.06,0.0,12.666666666666668,54.285714285714285,0.22012578616352202,0.22012578616352202,0.11685363247863248
visa,cashew,2,1,27,1248.0,48,52,1,150,35,1.06,0.0,12.666666666666668,54.285714285714285,0.22012578616352202,0.22012578616352202,0.1362980769230769
visa,cashew,2,1,29,1248.0,48,52,1,150,35,1.06,0.0,12.666666666666668,54.285714285714285,0.22012578616352202,0.22012578616352202,0.15723824786324786
visa,cashew,2,1,31,1248.0,48,52,1,150,35,1.06,0.0,12.666666666666668,54.285714285714285,0.22012578616352202,0.22012578616352202,0.1796741452991453
visa,cashew,2,1,33,1248.0,48,52,1,150,35,1.06,0.0,12.666666666666668,54.285714285714285,0.22012578616352202,0.22012578616352202,0.20360576923076923
visa,cashew,2,2,5,1248.0,48,52,49,150,78,2.1933333333333334,1.0,0.0,0.0,1.0,1.0,0.04393696581196581
visa,cashew,2,2,7,1248.0,48,52,25,150,78,2.1933333333333334,1.0,0.6666666666666667,1.282051282051282,0.9848024316109423,0.9848024316109423,0.0848076923076923
visa,cashew,2,2,9,1248.0,48,52,15,150,78,2.1933333333333334,1.0,2.0,3.8461538461538463,0.9270516717325228,0.9270516717325228,0.13197115384615385
visa,cashew,2,2,11,1248.0,48,52,10,150,78,2.1933333333333334,1.0,2.666666666666667,5.128205128205128,0.8693009118541033,0.8693009118541033,0.18486111111111111
visa,cashew,2,2,13,1248.0,48,52,7,150,78,2.1933333333333334,1.0,5.333333333333334,10.256410256410255,0.8145896656534954,0.8145896656534954,0.24194444444444443
visa,cashew,2,2,15,1248.0,48,52,5,150,78,2.1933333333333334,1.0,14.000000000000002,26.923076923076923,0.7142857142857143,0.7142857142857143,0.2824519230769231
visa,cashew,2,2,17,1248.0,48,52,4,150,78,2.1933333333333334,1.0,18.0,34.61538461538461,0.6322188449848024,0.6322188449848024,0.3211111111111111
visa,cashew,2,2,19,1248.0,48,52,3,150,78,2.1933333333333334,1.0,21.333333333333336,41.02564102564102,0.5349544072948328,0.5349544072948328,0.3394017094017094
visa,cashew,2,2,21,1248.0,48,52,2,150,78,2.1933333333333334,1.0,28.000000000000004,53.84615384615385,0.4072948328267477,0.4072948328267477,0.31567307692307695
visa,cashew,2,2,23,1248.0,48,52,2,150,78,2.1933333333333334,1.0,28.000000000000004,53.84615384615385,0.4072948328267477,0.4072948328267477,0.3786645299145299
visa,cashew,2,2,25,1248.0,48,52,1,150,78,2.1933333333333334,1.0,37.333333333333336,71.7948717948718,0.23708206686930092,0.23708206686930092,0.2604166666666667
visa,cashew,2,2,27,1248.0,48,52,1,150,78,2.1933333333333334,1.0,37.333333333333336,71.7948717948718,0.23708206686930092,0.23708206686930092,0.30375
visa,cashew,2,2,29,1248.0,48,52,1,150,78,2.1933333333333334,1.0,37.333333333333336,71.7948717948718,0.23708206686930092,0.23708206686930092,0.35041666666666665
visa,cashew,2,2,31,1248.0,48,52,1,150,78,2.1933333333333334,1.0,37.333333333333336,71.7948717948718,0.23708206686930092,0.23708206686930092,0.40041666666666664
visa,cashew,2,2,33,1248.0,48,52,1,150,78,2.1933333333333334,1.0,37.333333333333336,71.7948717948718,0.23708206686930092,0.23708206686930092,0.45375
visa,cashew,4,0,5,1248.0,48,52,49,150,101,3.3866666666666667,2.0,0.6666666666666667,0.9900990099009901,0.9803149606299213,0.9803149606299213,0.06650641025641026
visa,cashew,4,0,7,1248.0,48,52,25,150,101,3.3866666666666667,2.0,1.3333333333333335,1.9801980198019802,0.9114173228346457,0.9114173228346457,0.12119123931623932
visa,cashew,4,0,9,1248.0,48,52,15,150,101,3.3866666666666667,2.0,2.666666666666667,3.9603960396039604,0.8562992125984252,0.8562992125984252,0.18822115384615384
visa,cashew,4,0,11,1248.0,48,52,10,150,101,3.3866666666666667,2.0,6.0,8.91089108910891,0.797244094488189,0.797244094488189,0.26177884615384617
visa,cashew,4,0,13,1248.0,48,52,7,150,101,3.3866666666666667,2.0,10.0,14.85148514851485,0.7224409448818898,0.7224409448818898,0.33131944444444444
visa,cashew,4,0,15,1248.0,48,52,5,150,101,3.3866666666666667,2.0,18.666666666666668,27.722772277227726,0.6259842519685039,0.6259842519685039,0.38221153846153844
visa,cashew,4,0,17,1248.0,48,52,4,150,101,3.3866666666666667,2.0,23.333333333333332,34.65346534653465,0.5570866141732284,0.5570866141732284,0.4368963675213675
visa,cashew,4,0,19,1248.0,48,52,3,150,101,3.3866666666666667,2.0,28.000000000000004,41.584158415841586,0.4744094488188976,0.4744094488188976,0.4647489316239316
visa,cashew,4,0,21,1248.0,48,52,2,150,101,3.3866666666666667,2.0,40.666666666666664,60.396039603960396,0.3543307086614173,0.3543307086614173,0.42403846153846153
visa,cashew,4,0,23,1248.0,48,52,2,150,101,3.3866666666666667,2.0,40.666666666666664,60.396039603960396,0.3543307086614173,0.3543307086614173,0.5086538461538461
visa,cashew,4,0,25,1248.0,48,52,1,150,101,3.3866666666666667,2.0,52.666666666666664,78.21782178217822,0.19881889763779528,0.19881889763779528,0.3372061965811966
visa,cashew,4,0,27,1248.0,48,52,1,150,101,3.3866666666666667,2.0,52.666666666666664,78.21782178217822,0.19881889763779528,0.19881889763779528,0.3933173076923077
visa,cashew,4,0,29,1248.0,48,52,1,150,101,3.3866666666666667,2.0,52.666666666666664,78.21782178217822,0.19881889763779528,0.19881889763779528,0.45374465811965814
visa,cashew,4,0,31,1248.0,48,52,1,150,101,3.3866666666666667,2.0,52.666666666666664,78.21782178217822,0.19881889763779528,0.19881889763779528,0.5184882478632479
visa,cashew,4,0,33,1248.0,48,52,1,150,101,3.3866666666666667,2.0,52.666666666666664,78.21782178217822,0.19881889763779528,0.19881889763779528,0.587548076923077
visa,cashew,4,1,5,1248.0,48,52,49,150,99,6.113333333333333,3.0,2.0,3.0303030303030303,0.8375136314067612,0.8375136314067612,0.10256410256410256
visa,cashew,4,1,7,1248.0,48,52,25,150,99,6.113333333333333,3.0,4.0,6.0606060606060606,0.7251908396946565,0.7251908396946565,0.17406517094017093
visa,cashew,4,1,9,1248.0,48,52,15,150,99,6.113333333333333,3.0,4.666666666666667,7.07070707070707,0.658669574700109,0.658669574700109,0.26134615384615384
visa,cashew,4,1,11,1248.0,48,52,10,150,99,6.113333333333333,3.0,10.0,15.151515151515152,0.6030534351145038,0.6030534351145038,0.35744123931623933
visa,cashew,4,1,13,1248.0,48,52,7,150,99,6.113333333333333,3.0,22.0,33.33333333333333,0.5190839694656488,0.5190839694656488,0.4297222222222222
visa,cashew,4,1,15,1248.0,48,52,5,150,99,6.113333333333333,3.0,31.333333333333336,47.474747474747474,0.42748091603053434,0.42748091603053434,0.47115384615384615
visa,cashew,4,1,17,1248.0,48,52,4,150,99,6.113333333333333,3.0,39.33333333333333,59.59595959595959,0.36314067611777534,0.36314067611777534,0.5140865384615385
visa,cashew,4,1,19,1248.0,48,52,3,150,99,6.113333333333333,3.0,46.0,69.6969696969697,0.28789531079607417,0.28789531079607417,0.509102564102564
visa,cashew,4,1,21,1248.0,48,52,2,150,99,6.113333333333333,3.0,51.33333333333333,77.77777777777779,0.2039258451472192,0.2039258451472192,0.44052884615384613
visa,cashew,4,1,23,1248.0,48,52,2,150,99,6.113333333333333,3.0,51.33333333333333,77.77777777777779,0.2039258451472192,0.2039258451472192,0.5284348290598291
visa,cashew,4,1,25,1248.0,48,52,1,150,99,6.113333333333333,3.0,58.666666666666664,88.88888888888889,0.1079607415485278,0.1079607415485278,0.33052884615384615
visa,cashew,4,1,27,1248.0,48,52,1,150,99,6.113333333333333,3.0,58.666666666666664,88.88888888888889,0.1079607415485278,0.1079607415485278,0.38552884615384614
visa,cashew,4,1,29,1248.0,48,52,1,150,99,6.113333333333333,3.0,58.666666666666664,88.88888888888889,0.1079607415485278,0.1079607415485278,0.4447596153846154
visa,cashew,4,1,31,1248.0,48,52,1,150,99,6.113333333333333,3.0,58.666666666666664,88.88888888888889,0.1079607415485278,0.1079607415485278,0.5082211538461539
visa,cashew,4,1,33,1248.0,48,52,1,150,99,6.113333333333333,3.0,58.666666666666664,88.88888888888889,0.1079607415485278,0.1079607415485278,0.5759134615384616
visa,cashew,4,2,5,1248.0,48,52,49,150,60,3.3466666666666667,0.0,1.3333333333333335,3.3333333333333335,0.8346613545816733,0.8346613545816733,0.055956196581196584
visa,cashew,4,2,7,1248.0,48,52,25,150,60,3.3466666666666667,0.0,3.3333333333333335,8.333333333333332,0.6733067729083665,0.6733067729083665,0.08847222222222222
visa,cashew,4,2,9,1248.0,48,52,15,150,60,3.3466666666666667,0.0,4.0,10.0,0.5537848605577689,0.5537848605577689,0.12028846153846154
visa,cashew,4,2,11,1248.0,48,52,10,150,60,3.3466666666666667,0.0,4.0,10.0,0.4940239043824701,0.4940239043824701,0.1602991452991453
visa,cashew,4,2,13,1248.0,48,52,7,150,60,3.3466666666666667,0.0,9.333333333333334,23.333333333333332,0.42828685258964144,0.42828685258964144,0.19409722222222223
visa,cashew,4,2,15,1248.0,48,52,5,150,60,3.3466666666666667,0.0,10.666666666666668,26.666666666666668,0.3665338645418327,0.3665338645418327,0.22115384615384615
visa,cashew,4,2,17,1248.0,48,52,4,150,60,3.3466666666666667,0.0,14.000000000000002,35.0,0.3247011952191235,0.3247011952191235,0.25163995726495725
visa,cashew,4,2,19,1248.0,48,52,3,150,60,3.3466666666666667,0.0,18.0,45.0,0.27091633466135456,0.27091633466135456,0.26226495726495724
visa,cashew,4,2,21,1248.0,48,52,2,150,60,3.3466666666666667,0.0,22.666666666666664,56.666666666666664,0.20318725099601595,0.20318725099601595,0.24028846153846153
visa,cashew,4,2,23,1248.0,48,52,2,150,60,3.3466666666666667,0.0,22.666666666666664,56.666666666666664,0.20318725099601595,0.20318725099601595,0.2882371794871795
visa,cashew,4,2,25,1248.0,48,52,1,150,60,3.3466666666666667,0.0,28.000000000000004,70.0,0.11952191235059761,0.11952191235059761,0.20032051282051283
visa,cashew,4,2,27,1248.0,48,52,1,150,60,3.3466666666666667,0.0,28.000000000000004,70.0,0.11952191235059761,0.11952191235059761,0.23365384615384616
visa,cashew,4,2,29,1248.0,48,52,1,150,60,3.3466666666666667,0.0,28.000000000000004,70.0,0.11952191235059761,0.11952191235059761,0.26955128205128204
visa,cashew,4,2,31,1248.0,48,52,1,150,60,3.3466666666666667,0.0,28.000000000000004,70.0,0.11952191235059761,0.11952191235059761,0.30801282051282053
visa,cashew,4,2,33,1248.0,48,52,1,150,60,3.3466666666666667,0.0,28.000000000000004,70.0,0.11952191235059761,0.11952191235059761,0.3490384615384615
visa,cashew,8,0,5,1248.0,48,52,49,150,91,3.2066666666666666,1.0,0.6666666666666667,1.098901098901099,0.9916839916839917,0.9916839916839917,0.06370192307692307
visa,cashew,8,0,7,1248.0,48,52,25,150,91,3.2066666666666666,1.0,2.0,3.296703296703297,0.9126819126819127,0.9126819126819127,0.11490918803418804
visa,cashew,8,0,9,1248.0,48,52,15,150,91,3.2066666666666666,1.0,3.3333333333333335,5.4945054945054945,0.8295218295218295,0.8295218295218295,0.17264423076923077
visa,cashew,8,0,11,1248.0,48,52,10,150,91,3.2066666666666666,1.0,3.3333333333333335,5.4945054945054945,0.7775467775467776,0.7775467775467776,0.241741452991453
visa,cashew,8,0,13,1248.0,48,52,7,150,91,3.2066666666666666,1.0,10.0,16.483516483516482,0.7151767151767152,0.7151767151767152,0.31055555555555553
visa,cashew,8,0,15,1248.0,48,52,5,150,91,3.2066666666666666,1.0,17.333333333333336,28.57142857142857,0.6195426195426196,0.6195426195426196,0.3581730769230769
visa,cashew,8,0,17,1248.0,48,52,4,150,91,3.2066666666666666,1.0,22.666666666666664,37.362637362637365,0.5488565488565489,0.5488565488565489,0.4075641025641026
visa,cashew,8,0,19,1248.0,48,52,3,150,91,3.2066666666666666,1.0,29.333333333333332,48.35164835164835,0.4573804573804574,0.4573804573804574,0.42425213675213674
visa,cashew,8,0,21,1248.0,48,52,2,150,91,3.2066666666666666,1.0,39.33333333333333,64.83516483516483,0.33471933471933474,0.33471933471933474,0.37927884615384616
visa,cashew,8,0,23,1248.0,48,52,2,150,91,3.2066666666666666,1.0,39.33333333333333,64.83516483516483,0.33471933471933474,0.33471933471933474,0.45496260683760686
visa,cashew,8,0,25,1248.0,48,52,1,150,91,3.2066666666666666,1.0,46.666666666666664,76.92307692307693,0.1891891891891892,0.1891891891891892,0.3038194444444444
visa,cashew,8,0,27,1248.0,48,52,1,150,91,3.2066666666666666,1.0,46.666666666666664,76.92307692307693,0.1891891891891892,0.1891891891891892,0.354375
visa,cashew,8,0,29,1248.0,48,52,1,150,91,3.2066666666666666,1.0,46.666666666666664,76.92307692307693,0.1891891891891892,0.1891891891891892,0.40881944444444446
visa,cashew,8,0,31,1248.0,48,52,1,150,91,3.2066666666666666,1.0,46.666666666666664,76.92307692307693,0.1891891891891892,0.1891891891891892,0.46715277777777775
visa,cashew,8,0,33,1248.0,48,52,1,150,91,3.2066666666666666,1.0,46.666666666666664,76.92307692307693,0.1891891891891892,0.1891891891891892,0.529375
visa,cashew,8,1,5,1248.0,48,52,49,150,65,4.766666666666667,0.0,2.666666666666667,6.153846153846154,0.7398601398601399,0.7398601398601399,0.07064636752136752
visa,cashew,8,1,7,1248.0,48,52,25,150,65,4.766666666666667,0.0,4.0,9.230769230769232,0.5664335664335665,0.5664335664335665,0.10600961538461538
visa,cashew,8,1,9,1248.0,48,52,15,150,65,4.766666666666667,0.0,4.666666666666667,10.76923076923077,0.4811188811188811,0.4811188811188811,0.14884615384615385
visa,cashew,8,1,11,1248.0,48,52,10,150,65,4.766666666666667,0.0,7.333333333333333,16.923076923076923,0.413986013986014,0.413986013986014,0.19132478632478633
visa,cashew,8,1,13,1248.0,48,52,7,150,65,4.766666666666667,0.0,9.333333333333334,21.53846153846154,0.3594405594405594,0.3594405594405594,0.23201388888888888
visa,cashew,8,1,15,1248.0,48,52,5,150,65,4.766666666666667,0.0,14.000000000000002,32.30769230769231,0.3076923076923077,0.3076923076923077,0.2644230769230769
visa,cashew,8,1,17,1248.0,48,52,4,150,65,4.766666666666667,0.0,16.666666666666664,38.46153846153847,0.2727272727272727,0.2727272727272727,0.30104166666666665
visa,cashew,8,1,19,1248.0,48,52,3,150,65,4.766666666666667,0.0,21.333333333333336,49.23076923076923,0.22797202797202798,0.22797202797202798,0.31433226495726496
visa,cashew,8,1,21,1248.0,48,52,2,150,65,4.766666666666667,0.0,28.666666666666668,66.15384615384615,0.16783216783216784,0.16783216783216784,0.2826923076923077
visa,cashew,8,1,23,1248.0,48,52,2,150,65,4.766666666666667,0.0,28.666666666666668,66.15384615384615,0.16783216783216784,0.16783216783216784,0.3391025641025641
visa,cashew,8,1,25,1248.0,48,52,1,150,65,4.766666666666667,0.0,36.666666666666664,84.61538461538461,0.09090909090909091,0.09090909090909091,0.2170138888888889
visa,cashew,8,1,27,1248.0,48,52,1,150,65,4.766666666666667,0.0,36.666666666666664,84.61538461538461,0.09090909090909091,0.09090909090909091,0.253125
visa,cashew,8,1,29,1248.0,48,52,1,150,65,4.766666666666667,0.0,36.666666666666664,84.61538461538461,0.09090909090909091,0.09090909090909091,0.2920138888888889
visa,cashew,8,1,31,1248.0,48,52,1,150,65,4.766666666666667,0.0,36.666666666666664,84.61538461538461,0.09090909090909091,0.09090909090909091,0.33368055555555554
visa,cashew,8,1,33,1248.0,48,52,1,150,65,4.766666666666667,0.0,36.666666666666664,84.61538461538461,0.09090909090909091,0.09090909090909091,0.378125
visa,cashew,8,2,5,1248.0,48,52,49,150,65,1.9333333333333333,0.0,0.6666666666666667,1.5384615384615385,0.9689655172413794,0.9689655172413794,0.0375267094017094
visa,cashew,8,2,7,1248.0,48,52,25,150,65,1.9333333333333333,0.0,1.3333333333333335,3.076923076923077,0.8655172413793103,0.8655172413793103,0.06569978632478632
visa,cashew,8,2,9,1248.0,48,52,15,150,65,1.9333333333333333,0.0,1.3333333333333335,3.076923076923077,0.7965517241379311,0.7965517241379311,0.09995192307692308
visa,cashew,8,2,11,1248.0,48,52,10,150,65,1.9333333333333333,0.0,2.0,4.615384615384616,0.7517241379310344,0.7517241379310344,0.14090811965811967
visa,cashew,8,2,13,1248.0,48,52,7,150,65,1.9333333333333333,0.0,6.0,13.846153846153847,0.6862068965517242,0.6862068965517242,0.17965277777777777
visa,cashew,8,2,15,1248.0,48,52,5,150,65,1.9333333333333333,0.0,8.666666666666668,20.0,0.6068965517241379,0.6068965517241379,0.21153846153846154
visa,cashew,8,2,17,1248.0,48,52,4,150,65,1.9333333333333333,0.0,9.333333333333334,21.53846153846154,0.5586206896551724,0.5586206896551724,0.25009615384615386
visa,cashew,8,2,19,1248.0,48,52,3,150,65,1.9333333333333333,0.0,13.333333333333334,30.76923076923077,0.4896551724137931,0.4896551724137931,0.2738354700854701
visa,cashew,8,2,21,1248.0,48,52,2,150,65,1.9333333333333333,0.0,22.0,50.76923076923077,0.3758620689655172,0.3758620689655172,0.25677884615384616
visa,cashew,8,2,23,1248.0,48,52,2,150,65,1.9333333333333333,0.0,22.0,50.76923076923077,0.3758620689655172,0.3758620689655172,0.3080181623931624
visa,cashew,8,2,25,1248.0,48,52,1,150,65,1.9333333333333333,0.0,29.333333333333332,67.6923076923077,0.22413793103448276,0.22413793103448276,0.2170138888888889
visa,cashew,8,2,27,1248.0,48,52,1,150,65,1.9333333333333333,0.0,29.333333333333332,67.6923076923077,0.22413793103448276,0.22413793103448276,0.253125
visa,cashew,8,2,29,1248.0,48,52,1,150,65,1.9333333333333333,0.0,29.333333333333332,67.6923076923077,0.22413793103448276,0.22413793103448276,0.2920138888888889
visa,cashew,8,2,31,1248.0,48,52,1,150,65,1.9333333333333333,0.0,29.333333333333332,67.6923076923077,0.22413793103448276,0.22413793103448276,0.33368055555555554
visa,cashew,8,2,33,1248.0,48,52,1,150,65,1.9333333333333333,0.0,29.333333333333332,67.6923076923077,0.22413793103448276,0.22413793103448276,0.378125
visa,chewinggum,1,0,5,1368.0,48,57,54,150,99,6.753333333333333,3.0,0.6666666666666667,1.0101010101010102,0.9990128331688055,0.9990128331688055,0.1232943469785575
visa,chewinggum,1,0,7,1368.0,48,57,27,150,99,6.753333333333333,3.0,4.666666666666667,7.07070707070707,0.930898321816387,0.930898321816387,0.2251803118908382
visa,chewinggum,1,0,9,1368.0,48,57,16,150,99,6.753333333333333,3.0,14.666666666666666,22.22222222222222,0.7828232971372162,0.7828232971372162,0.3130263157894737
visa,chewinggum,1,0,11,1368.0,48,57,11,150,99,6.753333333333333,3.0,20.666666666666668,31.313131313131315,0.6416584402764067,0.6416584402764067,0.38328460038986356
visa,chewinggum,1,0,13,1368.0,48,57,8,150,99,6.753333333333333,3.0,27.333333333333332,41.41414141414141,0.5350444225074038,0.5350444225074038,0.4463840155945419
visa,chewinggum,1,0,15,1368.0,48,57,6,150,99,6.753333333333333,3.0,31.333333333333336,47.474747474747474,0.4422507403751234,0.4422507403751234,0.49122807017543857
visa,chewinggum,1,0,17,1368.0,48,57,4,150,99,6.753333333333333,3.0,40.0,60.60606060606061,0.3336623889437315,0.3336623889437315,0.4760331384015595
visa,chewinggum,1,0,19,1368.0,48,57,3,150,99,6.753333333333333,3.0,44.666666666666664,67.67676767676768,0.2675222112537019,0.2675222112537019,0.47675925925925927
visa,chewinggum,1,0,21,1368.0,48,57,3,150,99,6.753333333333333,3.0,44.666666666666664,67.67676767676768,0.2675222112537019,0.2675222112537019,0.5824122807017544
visa,chewinggum,1,0,23,1368.0,48,57,2,150,99,6.753333333333333,3.0,54.0,81.81818181818183,0.18756169792694966,0.18756169792694966,0.4898148148148148
visa,chewinggum,1,0,25,1368.0,48,57,2,150,99,6.753333333333333,3.0,54.0,81.81818181818183,0.18756169792694966,0.18756169792694966,0.5787037037037037
visa,chewinggum,1,0,27,1368.0,48,57,1,150,99,6.753333333333333,3.0,60.66666666666667,91.91919191919192,0.09772951628825272,0.09772951628825272,0.3517105263157895
visa,chewinggum,1,0,29,1368.0,48,57,1,150,99,6.753333333333333,3.0,60.66666666666667,91.91919191919192,0.09772951628825272,0.09772951628825272,0.40574561403508774
visa,chewinggum,1,0,31,1368.0,48,57,1,150,99,6.753333333333333,3.0,60.66666666666667,91.91919191919192,0.09772951628825272,0.09772951628825272,0.46364035087719296
visa,chewinggum,1,0,33,1368.0,48,57,1,150,99,6.753333333333333,3.0,60.66666666666667,91.91919191919192,0.09772951628825272,0.09772951628825272,0.5253947368421052
visa,chewinggum,1,1,5,1368.0,48,57,54,150,113,13.986666666666666,9.0,3.3333333333333335,4.424778761061947,0.9399428026692088,0.9399428026692088,0.24025341130604289
visa,chewinggum,1,1,7,1368.0,48,57,27,150,113,13.986666666666666,9.0,15.333333333333332,20.353982300884958,0.8036224976167778,0.8036224976167778,0.4026023391812866
visa,chewinggum,1,1,9,1368.0,48,57,16,150,113,13.986666666666666,9.0,32.0,42.47787610619469,0.6215443279313632,0.6215443279313632,0.5147368421052632
visa,chewinggum,1,1,11,1368.0,48,57,11,150,113,13.986666666666666,9.0,40.666666666666664,53.98230088495575,0.49571020019065776,0.49571020019065776,0.6132553606237817
visa,chewinggum,1,1,13,1368.0,48,57,8,150,113,13.986666666666666,9.0,56.00000000000001,74.33628318584071,0.392278360343184,0.392278360343184,0.6778118908382066
visa,chewinggum,1,1,15,1368.0,48,57,6,150,113,13.986666666666666,9.0,63.33333333333333,84.070796460177,0.30457578646329836,0.30457578646329836,0.7006578947368421
visa,chewinggum,1,1,17,1368.0,48,57,4,150,113,13.986666666666666,9.0,68.66666666666667,91.1504424778761,0.20877025738798857,0.20877025738798857,0.6168713450292398
visa,chewinggum,1,1,19,1368.0,48,57,3,150,113,13.986666666666666,9.0,70.66666666666667,93.80530973451327,0.15824594852240229,0.15824594852240229,0.5840740740740741
visa,chewinggum,1,1,21,1368.0,48,57,3,150,113,13.986666666666666,9.0,70.66666666666667,93.80530973451327,0.15824594852240229,0.15824594852240229,0.7135087719298245
visa,chewinggum,1,1,23,1368.0,48,57,2,150,113,13.986666666666666,9.0,72.0,95.57522123893806,0.10676835081029552,0.10676835081029552,0.5774658869395711
visa,chewinggum,1,1,25,1368.0,48,57,2,150,113,13.986666666666666,9.0,72.0,95.57522123893806,0.10676835081029552,0.10676835081029552,0.682261208576998
visa,chewinggum,1,1,27,1368.0,48,57,1,150,113,13.986666666666666,9.0,74.0,98.23008849557522,0.053860819828408006,0.053860819828408006,0.4014473684210526
visa,chewinggum,1,1,29,1368.0,48,57,1,150,113,13.986666666666666,9.0,74.0,98.23008849557522,0.053860819828408006,0.053860819828408006,0.46312378167641327
visa,chewinggum,1,1,31,1368.0,48,57,1,150,113,13.986666666666666,9.0,74.0,98.23008849557522,0.053860819828408006,0.053860819828408006,0.5292056530214425
visa,chewinggum,1,1,33,1368.0,48,57,1,150,113,13.986666666666666,9.0,74.0,98.23008849557522,0.053860819828408006,0.053860819828408006,0.5996929824561403
visa,chewinggum,1,2,5,1368.0,48,57,54,150,120,13.06,9.0,1.3333333333333335,1.6666666666666667,0.9913221031138336,0.9913221031138336,0.23659844054580897
visa,chewinggum,1,2,7,1368.0,48,57,27,150,120,13.06,9.0,12.0,15.0,0.8989280245022971,0.8989280245022971,0.4205116959064327
visa,chewinggum,1,2,9,1368.0,48,57,16,150,120,13.06,9.0,34.66666666666667,43.333333333333336,0.7120980091883614,0.7120980091883614,0.5506578947368421
visa,chewinggum,1,2,11,1368.0,48,57,11,150,120,13.06,9.0,44.666666666666664,55.833333333333336,0.5584481878509444,0.5584481878509444,0.6450974658869396
visa,chewinggum,1,2,13,1368.0,48,57,8,150,120,13.06,9.0,58.666666666666664,73.33333333333333,0.4400204185809086,0.4400204185809086,0.7099317738791423
visa,chewinggum,1,2,15,1368.0,48,57,6,150,120,13.06,9.0,65.33333333333333,81.66666666666667,0.34252169474221544,0.34252169474221544,0.7357456140350878
visa,chewinggum,1,2,17,1368.0,48,57,4,150,120,13.06,9.0,69.33333333333334,86.66666666666667,0.23685553854007146,0.23685553854007146,0.6534892787524367
visa,chewinggum,1,2,19,1368.0,48,57,3,150,120,13.06,9.0,73.33333333333333,91.66666666666666,0.1807044410413476,0.1807044410413476,0.6227777777777778
visa,chewinggum,1,2,21,1368.0,48,57,3,150,120,13.06,9.0,73.33333333333333,91.66666666666666,0.1807044410413476,0.1807044410413476,0.7607894736842106
visa,chewinggum,1,2,23,1368.0,48,57,2,150,120,13.06,9.0,77.33333333333333,96.66666666666667,0.12149055640632976,0.12149055640632976,0.6135575048732943
visa,chewinggum,1,2,25,1368.0,48,57,2,150,120,13.06,9.0,77.33333333333333,96.66666666666667,0.12149055640632976,0.12149055640632976,0.7249025341130604
visa,chewinggum,1,2,27,1368.0,48,57,1,150,120,13.06,9.0,78.66666666666666,98.33333333333333,0.06125574272588055,0.06125574272588055,0.4263157894736842
visa,chewinggum,1,2,29,1368.0,48,57,1,150,120,13.06,9.0,78.66666666666666,98.33333333333333,0.06125574272588055,0.06125574272588055,0.49181286549707603
visa,chewinggum,1,2,31,1368.0,48,57,1,150,120,13.06,9.0,78.66666666666666,98.33333333333333,0.06125574272588055,0.06125574272588055,0.5619883040935673
visa,chewinggum,1,2,33,1368.0,48,57,1,150,120,13.06,9.0,78.66666666666666,98.33333333333333,0.06125574272588055,0.06125574272588055,0.6368421052631579
visa,chewinggum,2,0,5,1368.0,48,57,54,150,71,2.3666666666666667,0.0,0.0,0.0,1.0,1.0,0.0432504873294347
visa,chewinggum,2,0,7,1368.0,48,57,27,150,71,2.3666666666666667,0.0,0.0,0.0,1.0,1.0,0.08477095516569201
visa,chewinggum,2,0,9,1368.0,48,57,16,150,71,2.3666666666666667,0.0,1.3333333333333335,2.8169014084507045,0.9661971830985916,0.9661971830985916,0.13539473684210526
visa,chewinggum,2,0,11,1368.0,48,57,11,150,71,2.3666666666666667,0.0,4.0,8.450704225352112,0.9154929577464789,0.9154929577464789,0.19164230019493178
visa,chewinggum,2,0,13,1368.0,48,57,8,150,71,2.3666666666666667,0.0,8.0,16.901408450704224,0.8366197183098592,0.8366197183098592,0.24460526315789474
visa,chewinggum,2,0,15,1368.0,48,57,6,150,71,2.3666666666666667,0.0,12.0,25.352112676056336,0.7436619718309859,0.7436619718309859,0.2894736842105263
visa,chewinggum,2,0,17,1368.0,48,57,4,150,71,2.3666666666666667,0.0,19.333333333333332,40.845070422535215,0.5943661971830986,0.5943661971830986,0.29716861598440547
visa,chewinggum,2,0,19,1368.0,48,57,3,150,71,2.3666666666666667,0.0,25.333333333333336,53.52112676056338,0.48732394366197185,0.48732394366197185,0.3043518518518519
visa,chewinggum,2,0,21,1368.0,48,57,3,150,71,2.3666666666666667,0.0,25.333333333333336,53.52112676056338,0.48732394366197185,0.48732394366197185,0.37179824561403507
visa,chewinggum,2,0,23,1368.0,48,57,2,150,71,2.3666666666666667,0.0,31.333333333333336,66.19718309859155,0.35492957746478876,0.35492957746478876,0.3248245614035088
visa,chewinggum,2,0,25,1368.0,48,57,2,150,71,2.3666666666666667,0.0,31.333333333333336,66.19718309859155,0.35492957746478876,0.35492957746478876,0.38377192982456143
visa,chewinggum,2,0,27,1368.0,48,57,1,150,71,2.3666666666666667,0.0,36.666666666666664,77.46478873239437,0.2,0.2,0.25223684210526315
visa,chewinggum,2,0,29,1368.0,48,57,1,150,71,2.3666666666666667,0.0,36.666666666666664,77.46478873239437,0.2,0.2,0.29098927875243663
visa,chewinggum,2,0,31,1368.0,48,57,1,150,71,2.3666666666666667,0.0,36.666666666666664,77.46478873239437,0.2,0.2,0.332509746588694
visa,chewinggum,2,0,33,1368.0,48,57,1,150,71,2.3666666666666667,0.0,36.666666666666664,77.46478873239437,0.2,0.2,0.3767982456140351
visa,chewinggum,2,1,5,1368.0,48,57,54,150,98,9.32,4.0,2.666666666666667,4.081632653061225,0.9477825464949928,0.9477825464949928,0.16142787524366473
visa,chewinggum,2,1,7,1368.0,48,57,27,150,98,9.32,4.0,8.666666666666668,13.26530612244898,0.8082975679542204,0.8082975679542204,0.2698343079922027
visa,chewinggum,2,1,9,1368.0,48,57,16,150,98,9.32,4.0,19.333333333333332,29.591836734693878,0.6587982832618026,0.6587982832618026,0.36355263157894735
visa,chewinggum,2,1,11,1368.0,48,57,11,150,98,9.32,4.0,27.333333333333332,41.83673469387755,0.5286123032904149,0.5286123032904149,0.43576510721247563
visa,chewinggum,2,1,13,1368.0,48,57,8,150,98,9.32,4.0,32.0,48.97959183673469,0.4313304721030043,0.4313304721030043,0.49662280701754385
visa,chewinggum,2,1,15,1368.0,48,57,6,150,98,9.32,4.0,36.666666666666664,56.12244897959183,0.3547925608011445,0.3547925608011445,0.543859649122807
visa,chewinggum,2,1,17,1368.0,48,57,4,150,98,9.32,4.0,47.333333333333336,72.44897959183673,0.2582260371959943,0.2582260371959943,0.508425925925926
visa,chewinggum,2,1,19,1368.0,48,57,3,150,98,9.32,4.0,51.33333333333333,78.57142857142857,0.20314735336194564,0.20314735336194564,0.49962962962962965
visa,chewinggum,2,1,21,1368.0,48,57,3,150,98,9.32,4.0,51.33333333333333,78.57142857142857,0.20314735336194564,0.20314735336194564,0.6103508771929824
visa,chewinggum,2,1,23,1368.0,48,57,2,150,98,9.32,4.0,60.0,91.83673469387756,0.13876967095851217,0.13876967095851217,0.5001267056530214
visa,chewinggum,2,1,25,1368.0,48,57,2,150,98,9.32,4.0,60.0,91.83673469387756,0.13876967095851217,0.13876967095851217,0.5908869395711501
visa,chewinggum,2,1,27,1368.0,48,57,1,150,98,9.32,4.0,64.0,97.95918367346938,0.07010014306151645,0.07010014306151645,0.3481578947368421
visa,chewinggum,2,1,29,1368.0,48,57,1,150,98,9.32,4.0,64.0,97.95918367346938,0.07010014306151645,0.07010014306151645,0.40164717348927875
visa,chewinggum,2,1,31,1368.0,48,57,1,150,98,9.32,4.0,64.0,97.95918367346938,0.07010014306151645,0.07010014306151645,0.45895711500974656
visa,chewinggum,2,1,33,1368.0,48,57,1,150,98,9.32,4.0,64.0,97.95918367346938,0.07010014306151645,0.07010014306151645,0.5200877192982456
visa,chewinggum,2,2,5,1368.0,48,57,54,150,100,9.646666666666667,5.0,1.3333333333333335,2.0,0.9861782999308915,0.9861782999308915,0.17385477582846004
visa,chewinggum,2,2,7,1368.0,48,57,27,150,100,9.646666666666667,5.0,8.666666666666668,13.0,0.8845888044229441,0.8845888044229441,0.3056530214424951
visa,chewinggum,2,2,9,1368.0,48,57,16,150,100,9.646666666666667,5.0,22.0,33.0,0.7055977885279889,0.7055977885279889,0.4030263157894737
visa,chewinggum,2,2,11,1368.0,48,57,11,150,100,9.646666666666667,5.0,31.333333333333336,47.0,0.5666897028334485,0.5666897028334485,0.4835282651072125
visa,chewinggum,2,2,13,1368.0,48,57,8,150,100,9.646666666666667,5.0,42.0,63.0,0.44782308223911543,0.44782308223911543,0.5336842105263158
visa,chewinggum,2,2,15,1368.0,48,57,6,150,100,9.646666666666667,5.0,45.33333333333333,68.0,0.3552176917760885,0.3552176917760885,0.5635964912280702
visa,chewinggum,2,2,17,1368.0,48,57,4,150,100,9.646666666666667,5.0,51.33333333333333,77.0,0.2515549412577747,0.2515549412577747,0.5126510721247564
visa,chewinggum,2,2,19,1368.0,48,57,3,150,100,9.646666666666667,5.0,54.0,81.0,0.19557705597788527,0.19557705597788527,0.49787037037037035
visa,chewinggum,2,2,21,1368.0,48,57,3,150,100,9.646666666666667,5.0,54.0,81.0,0.19557705597788527,0.19557705597788527,0.6082017543859649
visa,chewinggum,2,2,23,1368.0,48,57,2,150,100,9.646666666666667,5.0,59.333333333333336,89.0,0.13407049067035245,0.13407049067035245,0.5001267056530214
visa,chewinggum,2,2,25,1368.0,48,57,2,150,100,9.646666666666667,5.0,59.333333333333336,89.0,0.13407049067035245,0.13407049067035245,0.5908869395711501
visa,chewinggum,2,2,27,1368.0,48,57,1,150,100,9.646666666666667,5.0,62.66666666666667,94.0,0.0691085003455425,0.0691085003455425,0.35526315789473684
visa,chewinggum,2,2,29,1368.0,48,57,1,150,100,9.646666666666667,5.0,62.66666666666667,94.0,0.0691085003455425,0.0691085003455425,0.4098440545808967
visa,chewinggum,2,2,31,1368.0,48,57,1,150,100,9.646666666666667,5.0,62.66666666666667,94.0,0.0691085003455425,0.0691085003455425,0.46832358674463936
visa,chewinggum,2,2,33,1368.0,48,57,1,150,100,9.646666666666667,5.0,62.66666666666667,94.0,0.0691085003455425,0.0691085003455425,0.5307017543859649
visa,chewinggum,4,0,5,1368.0,48,57,54,150,87,3.6666666666666665,1.5,0.0,0.0,1.0,1.0,0.06700779727095517
visa,chewinggum,4,0,7,1368.0,48,57,27,150,87,3.6666666666666665,1.5,0.0,0.0,1.0,1.0,0.13133528265107214
visa,chewinggum,4,0,9,1368.0,48,57,16,150,87,3.6666666666666665,1.5,5.333333333333334,9.195402298850574,0.9490909090909091,0.9490909090909091,0.20605263157894738
visa,chewinggum,4,0,11,1368.0,48,57,11,150,87,3.6666666666666665,1.5,10.0,17.24137931034483,0.84,0.84,0.2724269005847953
visa,chewinggum,4,0,13,1368.0,48,57,8,150,87,3.6666666666666665,1.5,15.333333333333332,26.436781609195403,0.7327272727272728,0.7327272727272728,0.3319054580896686
visa,chewinggum,4,0,15,1368.0,48,57,6,150,87,3.6666666666666665,1.5,20.0,34.48275862068966,0.6327272727272727,0.6327272727272727,0.3815789473684211
visa,chewinggum,4,0,17,1368.0,48,57,4,150,87,3.6666666666666665,1.5,27.333333333333332,47.12643678160919,0.49272727272727274,0.49272727272727274,0.38167153996101366
visa,chewinggum,4,0,19,1368.0,48,57,3,150,87,3.6666666666666665,1.5,33.33333333333333,57.47126436781609,0.4018181818181818,0.4018181818181818,0.3887962962962963
visa,chewinggum,4,0,21,1368.0,48,57,3,150,87,3.6666666666666665,1.5,33.33333333333333,57.47126436781609,0.4018181818181818,0.4018181818181818,0.4749561403508772
visa,chewinggum,4,0,23,1368.0,48,57,2,150,87,3.6666666666666665,1.5,39.33333333333333,67.81609195402298,0.29454545454545455,0.29454545454545455,0.4176315789473684
visa,chewinggum,4,0,25,1368.0,48,57,2,150,87,3.6666666666666665,1.5,39.33333333333333,67.81609195402298,0.29454545454545455,0.29454545454545455,0.4934210526315789
visa,chewinggum,4,0,27,1368.0,48,57,1,150,87,3.6666666666666665,1.5,50.0,86.20689655172413,0.15818181818181817,0.15818181818181817,0.30907894736842106
visa,chewinggum,4,0,29,1368.0,48,57,1,150,87,3.6666666666666665,1.5,50.0,86.20689655172413,0.15818181818181817,0.15818181818181817,0.35656432748538014
visa,chewinggum,4,0,31,1368.0,48,57,1,150,87,3.6666666666666665,1.5,50.0,86.20689655172413,0.15818181818181817,0.15818181818181817,0.40744152046783627
visa,chewinggum,4,0,33,1368.0,48,57,1,150,87,3.6666666666666665,1.5,50.0,86.20689655172413,0.15818181818181817,0.15818181818181817,0.46171052631578946
visa,chewinggum,4,1,5,1368.0,48,57,54,150,74,2.92,0.0,0.0,0.0,1.0,1.0,0.0533625730994152
visa,chewinggum,4,1,7,1368.0,48,57,27,150,74,2.92,0.0,0.0,0.0,1.0,1.0,0.1045906432748538
visa,chewinggum,4,1,9,1368.0,48,57,16,150,74,2.92,0.0,3.3333333333333335,6.756756756756757,0.9680365296803652,0.9680365296803652,0.16736842105263158
visa,chewinggum,4,1,11,1368.0,48,57,11,150,74,2.92,0.0,8.0,16.216216216216218,0.8721461187214612,0.8721461187214612,0.22525341130604287
visa,chewinggum,4,1,13,1368.0,48,57,8,150,74,2.92,0.0,12.0,24.324324324324326,0.7602739726027398,0.7602739726027398,0.2742543859649123
visa,chewinggum,4,1,15,1368.0,48,57,6,150,74,2.92,0.0,14.000000000000002,28.37837837837838,0.6643835616438356,0.6643835616438356,0.3190789473684211
visa,chewinggum,4,1,17,1368.0,48,57,4,150,74,2.92,0.0,20.666666666666668,41.891891891891895,0.5388127853881278,0.5388127853881278,0.33237816764132555
visa,chewinggum,4,1,19,1368.0,48,57,3,150,74,2.92,0.0,27.333333333333332,55.4054054054054,0.4452054794520548,0.4452054794520548,0.34305555555555556
visa,chewinggum,4,1,21,1368.0,48,57,3,150,74,2.92,0.0,27.333333333333332,55.4054054054054,0.4452054794520548,0.4452054794520548,0.41907894736842105
visa,chewinggum,4,1,23,1368.0,48,57,2,150,74,2.92,0.0,36.0,72.97297297297297,0.3219178082191781,0.3219178082191781,0.36349415204678365
visa,chewinggum,4,1,25,1368.0,48,57,2,150,74,2.92,0.0,36.0,72.97297297297297,0.3219178082191781,0.3219178082191781,0.4294590643274854
visa,chewinggum,4,1,27,1368.0,48,57,1,150,74,2.92,0.0,44.666666666666664,90.54054054054053,0.1689497716894977,0.1689497716894977,0.26289473684210524
visa,chewinggum,4,1,29,1368.0,48,57,1,150,74,2.92,0.0,44.666666666666664,90.54054054054053,0.1689497716894977,0.1689497716894977,0.30328460038986355
visa,chewinggum,4,1,31,1368.0,48,57,1,150,74,2.92,0.0,44.666666666666664,90.54054054054053,0.1689497716894977,0.1689497716894977,0.3465594541910331
visa,chewinggum,4,1,33,1368.0,48,57,1,150,74,2.92,0.0,44.666666666666664,90.54054054054053,0.1689497716894977,0.1689497716894977,0.392719298245614
visa,chewinggum,4,2,5,1368.0,48,57,54,150,76,3.62,1.0,0.0,0.0,1.0,1.0,0.06615497076023392
visa,chewinggum,4,2,7,1368.0,48,57,27,150,76,3.62,1.0,0.6666666666666667,1.3157894736842104,0.994475138121547,0.994475138121547,0.12894736842105264
visa,chewinggum,4,2,9,1368.0,48,57,16,150,76,3.62,1.0,4.666666666666667,9.210526315789473,0.9355432780847146,0.9355432780847146,0.2005263157894737
visa,chewinggum,4,2,11,1368.0,48,57,11,150,76,3.62,1.0,10.0,19.736842105263158,0.8250460405156538,0.8250460405156538,0.26417153996101367
visa,chewinggum,4,2,13,1368.0,48,57,8,150,76,3.62,1.0,16.666666666666664,32.89473684210527,0.7108655616942909,0.7108655616942909,0.31790448343079925
visa,chewinggum,4,2,15,1368.0,48,57,6,150,76,3.62,1.0,22.0,43.42105263157895,0.5948434622467772,0.5948434622467772,0.3541666666666667
visa,chewinggum,4,2,17,1368.0,48,57,4,150,76,3.62,1.0,27.333333333333332,53.94736842105263,0.4530386740331492,0.4530386740331492,0.3464619883040936
visa,chewinggum,4,2,19,1368.0,48,57,3,150,76,3.62,1.0,31.333333333333336,61.8421052631579,0.3664825046040516,0.3664825046040516,0.35009259259259257
visa,chewinggum,4,2,21,1368.0,48,57,3,150,76,3.62,1.0,31.333333333333336,61.8421052631579,0.3664825046040516,0.3664825046040516,0.4276754385964912
visa,chewinggum,4,2,23,1368.0,48,57,2,150,76,3.62,1.0,36.666666666666664,72.36842105263158,0.26519337016574585,0.26519337016574585,0.3712280701754386
visa,chewinggum,4,2,25,1368.0,48,57,2,150,76,3.62,1.0,36.666666666666664,72.36842105263158,0.26519337016574585,0.26519337016574585,0.43859649122807015
visa,chewinggum,4,2,27,1368.0,48,57,1,150,76,3.62,1.0,45.33333333333333,89.47368421052632,0.13996316758747698,0.13996316758747698,0.27
visa,chewinggum,4,2,29,1368.0,48,57,1,150,76,3.62,1.0,45.33333333333333,89.47368421052632,0.13996316758747698,0.13996316758747698,0.31148148148148147
visa,chewinggum,4,2,31,1368.0,48,57,1,150,76,3.62,1.0,45.33333333333333,89.47368421052632,0.13996316758747698,0.13996316758747698,0.3559259259259259
visa,chewinggum,4,2,33,1368.0,48,57,1,150,76,3.62,1.0,45.33333333333333,89.47368421052632,0.13996316758747698,0.13996316758747698,0.4033333333333333
visa,chewinggum,8,0,5,1368.0,48,57,54,150,95,5.886666666666667,2.5,0.0,0.0,1.0,1.0,0.10757797270955166
visa,chewinggum,8,0,7,1368.0,48,57,27,150,95,5.886666666666667,2.5,2.666666666666667,4.2105263157894735,0.942242355605889,0.942242355605889,0.19867446393762184
visa,chewinggum,8,0,9,1368.0,48,57,16,150,95,5.886666666666667,2.5,12.0,18.947368421052634,0.8199320498301246,0.8199320498301246,0.28578947368421054
visa,chewinggum,8,0,11,1368.0,48,57,11,150,95,5.886666666666667,2.5,18.666666666666668,29.47368421052631,0.695356738391846,0.695356738391846,0.36205653021442497
visa,chewinggum,8,0,13,1368.0,48,57,8,150,95,5.886666666666667,2.5,24.0,37.89473684210527,0.5889014722536806,0.5889014722536806,0.4282651072124756
visa,chewinggum,8,0,15,1368.0,48,57,6,150,95,5.886666666666667,2.5,31.333333333333336,49.473684210526315,0.4881087202718007,0.4881087202718007,0.4725877192982456
visa,chewinggum,8,0,17,1368.0,48,57,4,150,95,5.886666666666667,2.5,39.33333333333333,62.10526315789474,0.3635334088335221,0.3635334088335221,0.4520906432748538
visa,chewinggum,8,0,19,1368.0,48,57,3,150,95,5.886666666666667,2.5,43.333333333333336,68.42105263157895,0.289920724801812,0.289920724801812,0.45037037037037037
visa,chewinggum,8,0,21,1368.0,48,57,3,150,95,5.886666666666667,2.5,43.333333333333336,68.42105263157895,0.289920724801812,0.289920724801812,0.5501754385964912
visa,chewinggum,8,0,23,1368.0,48,57,2,150,95,5.886666666666667,2.5,50.0,78.94736842105263,0.20498301245753114,0.20498301245753114,0.4666130604288499
visa,chewinggum,8,0,25,1368.0,48,57,2,150,95,5.886666666666667,2.5,50.0,78.94736842105263,0.20498301245753114,0.20498301245753114,0.5512914230019493
visa,chewinggum,8,0,27,1368.0,48,57,1,150,95,5.886666666666667,2.5,57.333333333333336,90.52631578947368,0.10758776896942242,0.10758776896942242,0.3375
visa,chewinggum,8,0,29,1368.0,48,57,1,150,95,5.886666666666667,2.5,57.333333333333336,90.52631578947368,0.10758776896942242,0.10758776896942242,0.38935185185185184
visa,chewinggum,8,0,31,1368.0,48,57,1,150,95,5.886666666666667,2.5,57.333333333333336,90.52631578947368,0.10758776896942242,0.10758776896942242,0.4449074074074074
visa,chewinggum,8,0,33,1368.0,48,57,1,150,95,5.886666666666667,2.5,57.333333333333336,90.52631578947368,0.10758776896942242,0.10758776896942242,0.5041666666666667
visa,chewinggum,8,1,5,1368.0,48,57,54,150,91,5.733333333333333,2.0,0.0,0.0,1.0,1.0,0.10477582846003898
visa,chewinggum,8,1,7,1368.0,48,57,27,150,91,5.733333333333333,2.0,2.666666666666667,4.395604395604396,0.9279069767441861,0.9279069767441861,0.19055555555555556
visa,chewinggum,8,1,9,1368.0,48,57,16,150,91,5.733333333333333,2.0,9.333333333333334,15.384615384615385,0.8244186046511628,0.8244186046511628,0.2798684210526316
visa,chewinggum,8,1,11,1368.0,48,57,11,150,91,5.733333333333333,2.0,16.0,26.373626373626376,0.7104651162790697,0.7104651162790697,0.3602875243664717
visa,chewinggum,8,1,13,1368.0,48,57,8,150,91,5.733333333333333,2.0,25.333333333333336,41.75824175824176,0.5965116279069768,0.5965116279069768,0.4225
visa,chewinggum,8,1,15,1368.0,48,57,6,150,91,5.733333333333333,2.0,31.333333333333336,51.64835164835166,0.4930232558139535,0.4930232558139535,0.4649122807017544
visa,chewinggum,8,1,17,1368.0,48,57,4,150,91,5.733333333333333,2.0,41.333333333333336,68.13186813186813,0.3616279069767442,0.3616279069767442,0.4380068226120858
visa,chewinggum,8,1,19,1368.0,48,57,3,150,91,5.733333333333333,2.0,43.333333333333336,71.42857142857143,0.28604651162790695,0.28604651162790695,0.43277777777777776
visa,chewinggum,8,1,21,1368.0,48,57,3,150,91,5.733333333333333,2.0,43.333333333333336,71.42857142857143,0.28604651162790695,0.28604651162790695,0.5286842105263158
visa,chewinggum,8,1,23,1368.0,48,57,2,150,91,5.733333333333333,2.0,48.0,79.12087912087912,0.20232558139534884,0.20232558139534884,0.4485672514619883
visa,chewinggum,8,1,25,1368.0,48,57,2,150,91,5.733333333333333,2.0,48.0,79.12087912087912,0.20232558139534884,0.20232558139534884,0.5299707602339181
visa,chewinggum,8,1,27,1368.0,48,57,1,150,91,5.733333333333333,2.0,55.333333333333336,91.20879120879121,0.1058139534883721,0.1058139534883721,0.3232894736842105
visa,chewinggum,8,1,29,1368.0,48,57,1,150,91,5.733333333333333,2.0,55.333333333333336,91.20879120879121,0.1058139534883721,0.1058139534883721,0.372958089668616
visa,chewinggum,8,1,31,1368.0,48,57,1,150,91,5.733333333333333,2.0,55.333333333333336,91.20879120879121,0.1058139534883721,0.1058139534883721,0.4261744639376218
visa,chewinggum,8,1,33,1368.0,48,57,1,150,91,5.733333333333333,2.0,55.333333333333336,91.20879120879121,0.1058139534883721,0.1058139534883721,0.48293859649122806
visa,chewinggum,8,2,5,1368.0,48,57,54,150,92,6.96,3.0,0.6666666666666667,1.0869565217391304,0.9875478927203065,0.9875478927203065,0.1256091617933723
visa,chewinggum,8,2,7,1368.0,48,57,27,150,92,6.96,3.0,4.666666666666667,7.608695652173914,0.9022988505747126,0.9022988505747126,0.22494152046783625
visa,chewinggum,8,2,9,1368.0,48,57,16,150,92,6.96,3.0,13.333333333333334,21.73913043478261,0.7634099616858238,0.7634099616858238,0.3146052631578947
visa,chewinggum,8,2,11,1368.0,48,57,11,150,92,6.96,3.0,20.666666666666668,33.69565217391305,0.6340996168582376,0.6340996168582376,0.3903606237816764
visa,chewinggum,8,2,13,1368.0,48,57,8,150,92,6.96,3.0,29.333333333333332,47.82608695652174,0.5191570881226054,0.5191570881226054,0.4463840155945419
visa,chewinggum,8,2,15,1368.0,48,57,6,150,92,6.96,3.0,34.0,55.434782608695656,0.42432950191570884,0.42432950191570884,0.4857456140350877
visa,chewinggum,8,2,17,1368.0,48,57,4,150,92,6.96,3.0,41.333333333333336,67.3913043478261,0.3113026819923372,0.3113026819923372,0.45772417153996103
visa,chewinggum,8,2,19,1368.0,48,57,3,150,92,6.96,3.0,46.0,75.0,0.24521072796934865,0.24521072796934865,0.45037037037037037
visa,chewinggum,8,2,21,1368.0,48,57,3,150,92,6.96,3.0,46.0,75.0,0.24521072796934865,0.24521072796934865,0.5501754385964912
visa,chewinggum,8,2,23,1368.0,48,57,2,150,92,6.96,3.0,51.33333333333333,83.69565217391305,0.171455938697318,0.171455938697318,0.46145711500974657
visa,chewinggum,8,2,25,1368.0,48,57,2,150,92,6.96,3.0,51.33333333333333,83.69565217391305,0.171455938697318,0.171455938697318,0.5451998050682261
visa,chewinggum,8,2,27,1368.0,48,57,1,150,92,6.96,3.0,57.99999999999999,94.56521739130434,0.08812260536398467,0.08812260536398467,0.3268421052631579
visa,chewinggum,8,2,29,1368.0,48,57,1,150,92,6.96,3.0,57.99999999999999,94.56521739130434,0.08812260536398467,0.08812260536398467,0.377056530214425
visa,chewinggum,8,2,31,1368.0,48,57,1,150,92,6.96,3.0,57.99999999999999,94.56521739130434,0.08812260536398467,0.08812260536398467,0.4308576998050682
visa,chewinggum,8,2,33,1368.0,48,57,1,150,92,6.96,3.0,57.99999999999999,94.56521739130434,0.08812260536398467,0.08812260536398467,0.4882456140350877
visa,fryum,1,0,5,1728.0,48,72,69,150,119,10.506666666666666,7.5,0.6666666666666667,0.8403361344537815,0.9638324873096447,0.9638324873096447,0.14650848765432098
visa,fryum,1,0,7,1728.0,48,72,35,150,119,10.506666666666666,7.5,2.0,2.5210084033613445,0.9200507614213198,0.9200507614213198,0.27411265432098764
visa,fryum,1,0,9,1728.0,48,72,21,150,119,10.506666666666666,7.5,13.333333333333334,16.80672268907563,0.824238578680203,0.824238578680203,0.4059375
visa,fryum,1,0,11,1728.0,48,72,14,150,119,10.506666666666666,7.5,21.333333333333336,26.89075630252101,0.7074873096446701,0.7074873096446701,0.5205054012345679
visa,fryum,1,0,13,1728.0,48,72,10,150,119,10.506666666666666,7.5,39.33333333333333,49.57983193277311,0.5850253807106599,0.5850253807106599,0.6011496913580247
visa,fryum,1,0,15,1728.0,48,72,7,150,119,10.506666666666666,7.5,50.0,63.02521008403361,0.4543147208121827,0.4543147208121827,0.6215277777777778
visa,fryum,1,0,17,1728.0,48,72,5,150,119,10.506666666666666,7.5,58.666666666666664,73.94957983193278,0.3464467005076142,0.3464467005076142,0.6087731481481482
visa,fryum,1,0,19,1728.0,48,72,4,150,119,10.506666666666666,7.5,61.33333333333333,77.31092436974791,0.2880710659898477,0.2880710659898477,0.6323070987654321
visa,fryum,1,0,21,1728.0,48,72,3,150,119,10.506666666666666,7.5,70.66666666666667,89.07563025210085,0.22081218274111675,0.22081218274111675,0.5920833333333333
visa,fryum,1,0,23,1728.0,48,72,3,150,119,10.506666666666666,7.5,70.66666666666667,89.07563025210085,0.22081218274111675,0.22081218274111675,0.7102314814814815
visa,fryum,1,0,25,1728.0,48,72,2,150,119,10.506666666666666,7.5,76.0,95.7983193277311,0.1484771573604061,0.1484771573604061,0.5642361111111112
visa,fryum,1,0,27,1728.0,48,72,2,150,119,10.506666666666666,7.5,76.0,95.7983193277311,0.1484771573604061,0.1484771573604061,0.658125
visa,fryum,1,0,29,1728.0,48,72,2,150,119,10.506666666666666,7.5,76.0,95.7983193277311,0.1484771573604061,0.1484771573604061,0.7592361111111111
visa,fryum,1,0,31,1728.0,48,72,1,150,119,10.506666666666666,7.5,76.66666666666667,96.63865546218487,0.07550761421319797,0.07550761421319797,0.4411998456790123
visa,fryum,1,0,33,1728.0,48,72,1,150,119,10.506666666666666,7.5,76.66666666666667,96.63865546218487,0.07550761421319797,0.07550761421319797,0.4999652777777778
visa,fryum,1,1,5,1728.0,48,72,69,150,115,10.053333333333333,7.5,0.6666666666666667,0.8695652173913043,0.9515915119363395,0.9515915119363395,0.13840663580246915
visa,fryum,1,1,7,1728.0,48,72,35,150,115,10.053333333333333,7.5,2.666666666666667,3.4782608695652173,0.9111405835543767,0.9111405835543767,0.2597453703703704
visa,fryum,1,1,9,1728.0,48,72,21,150,115,10.053333333333333,7.5,10.666666666666668,13.91304347826087,0.8368700265251989,0.8368700265251989,0.394375
visa,fryum,1,1,11,1728.0,48,72,14,150,115,10.053333333333333,7.5,22.666666666666664,29.565217391304348,0.713527851458886,0.713527851458886,0.5022993827160493
visa,fryum,1,1,13,1728.0,48,72,10,150,115,10.053333333333333,7.5,36.666666666666664,47.82608695652174,0.5875331564986738,0.5875331564986738,0.5776774691358024
visa,fryum,1,1,15,1728.0,48,72,7,150,115,10.053333333333333,7.5,50.0,65.21739130434783,0.4542440318302387,0.4542440318302387,0.5946180555555556
visa,fryum,1,1,17,1728.0,48,72,5,150,115,10.053333333333333,7.5,57.333333333333336,74.78260869565217,0.34283819628647216,0.34283819628647216,0.5764390432098765
visa,fryum,1,1,19,1728.0,48,72,4,150,115,10.053333333333333,7.5,62.66666666666667,81.73913043478261,0.28050397877984085,0.28050397877984085,0.5891319444444445
visa,fryum,1,1,21,1728.0,48,72,3,150,115,10.053333333333333,7.5,64.66666666666666,84.34782608695653,0.21618037135278514,0.21618037135278514,0.5546527777777778
visa,fryum,1,1,23,1728.0,48,72,3,150,115,10.053333333333333,7.5,64.66666666666666,84.34782608695653,0.21618037135278514,0.21618037135278514,0.6653317901234568
visa,fryum,1,1,25,1728.0,48,72,2,150,115,10.053333333333333,7.5,68.66666666666667,89.56521739130436,0.14787798408488065,0.14787798408488065,0.5377121913580247
visa,fryum,1,1,27,1728.0,48,72,2,150,115,10.053333333333333,7.5,68.66666666666667,89.56521739130436,0.14787798408488065,0.14787798408488065,0.6271875
visa,fryum,1,1,29,1728.0,48,72,2,150,115,10.053333333333333,7.5,68.66666666666667,89.56521739130436,0.14787798408488065,0.14787798408488065,0.723545524691358
visa,fryum,1,1,31,1728.0,48,72,1,150,115,10.053333333333333,7.5,72.0,93.91304347826087,0.07625994694960213,0.07625994694960213,0.4263695987654321
visa,fryum,1,1,33,1728.0,48,72,1,150,115,10.053333333333333,7.5,72.0,93.91304347826087,0.07625994694960213,0.07625994694960213,0.4831597222222222
visa,fryum,1,2,5,1728.0,48,72,69,150,107,5.333333333333333,4.0,0.0,0.0,1.0,1.0,0.07716049382716049
visa,fryum,1,2,7,1728.0,48,72,35,150,107,5.333333333333333,4.0,0.6666666666666667,0.9345794392523363,0.98,0.98,0.14820987654320988
visa,fryum,1,2,9,1728.0,48,72,21,150,107,5.333333333333333,4.0,2.666666666666667,3.7383177570093453,0.94125,0.94125,0.2353125
visa,fryum,1,2,11,1728.0,48,72,14,150,107,5.333333333333333,4.0,8.666666666666668,12.149532710280374,0.8725,0.8725,0.3258410493827161
visa,fryum,1,2,13,1728.0,48,72,10,150,107,5.333333333333333,4.0,14.666666666666666,20.5607476635514,0.785,0.785,0.40945987654320987
visa,fryum,1,2,15,1728.0,48,72,7,150,107,5.333333333333333,4.0,23.333333333333332,32.71028037383177,0.6675,0.6675,0.4635416666666667
visa,fryum,1,2,17,1728.0,48,72,5,150,107,5.333333333333333,4.0,36.0,50.467289719626166,0.54375,0.54375,0.4850115740740741
visa,fryum,1,2,19,1728.0,48,72,4,150,107,5.333333333333333,4.0,44.0,61.6822429906542,0.46125,0.46125,0.5139236111111111
visa,fryum,1,2,21,1728.0,48,72,3,150,107,5.333333333333333,4.0,50.66666666666667,71.02803738317756,0.36625,0.36625,0.49850694444444443
visa,fryum,1,2,23,1728.0,48,72,3,150,107,5.333333333333333,4.0,50.66666666666667,71.02803738317756,0.36625,0.36625,0.5979822530864197
visa,fryum,1,2,25,1728.0,48,72,2,150,107,5.333333333333333,4.0,59.333333333333336,83.17757009345794,0.255,0.255,0.49189814814814814
visa,fryum,1,2,27,1728.0,48,72,2,150,107,5.333333333333333,4.0,59.333333333333336,83.17757009345794,0.255,0.255,0.57375
visa,fryum,1,2,29,1728.0,48,72,2,150,107,5.333333333333333,4.0,59.333333333333336,83.17757009345794,0.255,0.255,0.6618981481481482
visa,fryum,1,2,31,1728.0,48,72,1,150,107,5.333333333333333,4.0,64.66666666666666,90.65420560747664,0.13375,0.13375,0.3967091049382716
visa,fryum,1,2,33,1728.0,48,72,1,150,107,5.333333333333333,4.0,64.66666666666666,90.65420560747664,0.13375,0.13375,0.4495486111111111
visa,fryum,2,0,5,1728.0,48,72,69,150,61,1.8066666666666666,0.0,0.0,0.0,1.0,1.0,0.02613811728395062
visa,fryum,2,0,7,1728.0,48,72,35,150,61,1.8066666666666666,0.0,0.6666666666666667,1.639344262295082,0.933579335793358,0.933579335793358,0.04782793209876543
visa,fryum,2,0,9,1728.0,48,72,21,150,61,1.8066666666666666,0.0,0.6666666666666667,1.639344262295082,0.8819188191881919,0.8819188191881919,0.0746875
visa,fryum,2,0,11,1728.0,48,72,14,150,61,1.8066666666666666,0.0,0.6666666666666667,1.639344262295082,0.8560885608856088,0.8560885608856088,0.10830246913580246
visa,fryum,2,0,13,1728.0,48,72,10,150,61,1.8066666666666666,0.0,2.0,4.918032786885246,0.8339483394833949,0.8339483394833949,0.1473533950617284
visa,fryum,2,0,15,1728.0,48,72,7,150,61,1.8066666666666666,0.0,4.666666666666667,11.475409836065573,0.7675276752767528,0.7675276752767528,0.18055555555555555
visa,fryum,2,0,17,1728.0,48,72,5,150,61,1.8066666666666666,0.0,8.666666666666668,21.311475409836063,0.6900369003690037,0.6900369003690037,0.20849922839506174
visa,fryum,2,0,19,1728.0,48,72,4,150,61,1.8066666666666666,0.0,10.666666666666668,26.229508196721312,0.6309963099630996,0.6309963099630996,0.23815972222222223
visa,fryum,2,0,21,1728.0,48,72,3,150,61,1.8066666666666666,0.0,17.333333333333336,42.62295081967213,0.5350553505535055,0.5350553505535055,0.2467013888888889
visa,fryum,2,0,23,1728.0,48,72,3,150,61,1.8066666666666666,0.0,17.333333333333336,42.62295081967213,0.5350553505535055,0.5350553505535055,0.2959297839506173
visa,fryum,2,0,25,1728.0,48,72,2,150,61,1.8066666666666666,0.0,24.666666666666668,60.65573770491803,0.3985239852398524,0.3985239852398524,0.2604166666666667
visa,fryum,2,0,27,1728.0,48,72,2,150,61,1.8066666666666666,0.0,24.666666666666668,60.65573770491803,0.3985239852398524,0.3985239852398524,0.30375
visa,fryum,2,0,29,1728.0,48,72,2,150,61,1.8066666666666666,0.0,24.666666666666668,60.65573770491803,0.3985239852398524,0.3985239852398524,0.35041666666666665
visa,fryum,2,0,31,1728.0,48,72,1,150,61,1.8066666666666666,0.0,31.333333333333336,77.04918032786885,0.22509225092250923,0.22509225092250923,0.22616126543209877
visa,fryum,2,0,33,1728.0,48,72,1,150,61,1.8066666666666666,0.0,31.333333333333336,77.04918032786885,0.22509225092250923,0.22509225092250923,0.2562847222222222
visa,fryum,2,1,5,1728.0,48,72,69,150,104,7.78,5.0,0.6666666666666667,0.9615384615384616,0.9665809768637532,0.9665809768637532,0.1087962962962963
visa,fryum,2,1,7,1728.0,48,72,35,150,104,7.78,5.0,2.666666666666667,3.8461538461538463,0.9117395029991431,0.9117395029991431,0.20114197530864197
visa,fryum,2,1,9,1728.0,48,72,21,150,104,7.78,5.0,5.333333333333334,7.6923076923076925,0.8431876606683805,0.8431876606683805,0.3075
visa,fryum,2,1,11,1728.0,48,72,14,150,104,7.78,5.0,15.333333333333332,22.115384615384613,0.7557840616966581,0.7557840616966581,0.41173611111111114
visa,fryum,2,1,13,1728.0,48,72,10,150,104,7.78,5.0,23.333333333333332,33.65384615384615,0.6503856041131105,0.6503856041131105,0.4948726851851852
visa,fryum,2,1,15,1728.0,48,72,7,150,104,7.78,5.0,39.33333333333333,56.730769230769226,0.5184233076263924,0.5184233076263924,0.5251736111111112
visa,fryum,2,1,17,1728.0,48,72,5,150,104,7.78,5.0,47.333333333333336,68.26923076923077,0.401885175664096,0.401885175664096,0.5229205246913581
visa,fryum,2,1,19,1728.0,48,72,4,150,104,7.78,5.0,54.0,77.88461538461539,0.3324764353041988,0.3324764353041988,0.5403858024691358
visa,fryum,2,1,21,1728.0,48,72,3,150,104,7.78,5.0,58.666666666666664,84.61538461538461,0.2570694087403599,0.2570694087403599,0.5104166666666666
visa,fryum,2,1,23,1728.0,48,72,3,150,104,7.78,5.0,58.666666666666664,84.61538461538461,0.2570694087403599,0.2570694087403599,0.6122685185185185
visa,fryum,2,1,25,1728.0,48,72,2,150,104,7.78,5.0,64.0,92.3076923076923,0.17480719794344474,0.17480719794344474,0.49189814814814814
visa,fryum,2,1,27,1728.0,48,72,2,150,104,7.78,5.0,64.0,92.3076923076923,0.17480719794344474,0.17480719794344474,0.57375
visa,fryum,2,1,29,1728.0,48,72,2,150,104,7.78,5.0,64.0,92.3076923076923,0.17480719794344474,0.17480719794344474,0.6618981481481482
visa,fryum,2,1,31,1728.0,48,72,1,150,104,7.78,5.0,66.66666666666666,96.15384615384616,0.08911739502999143,0.08911739502999143,0.38558641975308644
visa,fryum,2,1,33,1728.0,48,72,1,150,104,7.78,5.0,66.66666666666666,96.15384615384616,0.08911739502999143,0.08911739502999143,0.43694444444444447
visa,fryum,2,2,5,1728.0,48,72,69,150,96,4.466666666666667,3.0,0.0,0.0,1.0,1.0,0.06462191358024691
visa,fryum,2,2,7,1728.0,48,72,35,150,96,4.466666666666667,3.0,0.6666666666666667,1.0416666666666665,0.9552238805970149,0.9552238805970149,0.12098765432098765
visa,fryum,2,2,9,1728.0,48,72,21,150,96,4.466666666666667,3.0,0.6666666666666667,1.0416666666666665,0.9343283582089552,0.9343283582089552,0.195625
visa,fryum,2,2,11,1728.0,48,72,14,150,96,4.466666666666667,3.0,4.666666666666667,7.291666666666667,0.8865671641791045,0.8865671641791045,0.27729166666666666
visa,fryum,2,2,13,1728.0,48,72,10,150,96,4.466666666666667,3.0,11.333333333333332,17.708333333333336,0.8029850746268656,0.8029850746268656,0.3507793209876543
visa,fryum,2,2,15,1728.0,48,72,7,150,96,4.466666666666667,3.0,19.333333333333332,30.208333333333332,0.6940298507462687,0.6940298507462687,0.4036458333333333
visa,fryum,2,2,17,1728.0,48,72,5,150,96,4.466666666666667,3.0,30.666666666666664,47.91666666666667,0.564179104477612,0.564179104477612,0.4214583333333333
visa,fryum,2,2,19,1728.0,48,72,4,150,96,4.466666666666667,3.0,37.333333333333336,58.333333333333336,0.48059701492537316,0.48059701492537316,0.4484645061728395
visa,fryum,2,2,21,1728.0,48,72,3,150,96,4.466666666666667,3.0,44.666666666666664,69.79166666666666,0.3805970149253731,0.3805970149253731,0.43385416666666665
visa,fryum,2,2,23,1728.0,48,72,3,150,96,4.466666666666667,3.0,44.666666666666664,69.79166666666666,0.3805970149253731,0.3805970149253731,0.5204282407407408
visa,fryum,2,2,25,1728.0,48,72,2,150,96,4.466666666666667,3.0,50.66666666666667,79.16666666666666,0.2671641791044776,0.2671641791044776,0.431616512345679
visa,fryum,2,2,27,1728.0,48,72,2,150,96,4.466666666666667,3.0,50.66666666666667,79.16666666666666,0.2671641791044776,0.2671641791044776,0.5034375
visa,fryum,2,2,29,1728.0,48,72,2,150,96,4.466666666666667,3.0,50.66666666666667,79.16666666666666,0.2671641791044776,0.2671641791044776,0.5807831790123457
visa,fryum,2,2,31,1728.0,48,72,1,150,96,4.466666666666667,3.0,55.333333333333336,86.45833333333334,0.14328358208955225,0.14328358208955225,0.3559259259259259
visa,fryum,2,2,33,1728.0,48,72,1,150,96,4.466666666666667,3.0,55.333333333333336,86.45833333333334,0.14328358208955225,0.14328358208955225,0.4033333333333333
visa,fryum,4,0,5,1728.0,48,72,69,150,91,4.22,2.0,0.6666666666666667,1.098901098901099,0.9873617693522907,0.9873617693522907,0.06028163580246913
visa,fryum,4,0,7,1728.0,48,72,35,150,91,4.22,2.0,0.6666666666666667,1.098901098901099,0.933649289099526,0.933649289099526,0.11172453703703704
visa,fryum,4,0,9,1728.0,48,72,21,150,91,4.22,2.0,0.6666666666666667,1.098901098901099,0.9115323854660348,0.9115323854660348,0.1803125
visa,fryum,4,0,11,1728.0,48,72,14,150,91,4.22,2.0,4.666666666666667,7.6923076923076925,0.8767772511848341,0.8767772511848341,0.25908564814814816
visa,fryum,4,0,13,1728.0,48,72,10,150,91,4.22,2.0,12.666666666666668,20.87912087912088,0.7883096366508688,0.7883096366508688,0.32535108024691356
visa,fryum,4,0,15,1728.0,48,72,7,150,91,4.22,2.0,20.0,32.967032967032964,0.6635071090047393,0.6635071090047393,0.3645833333333333
visa,fryum,4,0,17,1728.0,48,72,5,150,91,4.22,2.0,28.000000000000004,46.15384615384615,0.5387045813586098,0.5387045813586098,0.380204475308642
visa,fryum,4,0,19,1728.0,48,72,4,150,91,4.22,2.0,31.333333333333336,51.64835164835166,0.46445497630331756,0.46445497630331756,0.4094675925925926
visa,fryum,4,0,21,1728.0,48,72,3,150,91,4.22,2.0,37.333333333333336,61.53846153846154,0.37598736176935227,0.37598736176935227,0.40493055555555557
visa,fryum,4,0,23,1728.0,48,72,3,150,91,4.22,2.0,37.333333333333336,61.53846153846154,0.37598736176935227,0.37598736176935227,0.48573302469135804
visa,fryum,4,0,25,1728.0,48,72,2,150,91,4.22,2.0,47.333333333333336,78.02197802197803,0.2638230647709321,0.2638230647709321,0.4026813271604938
visa,fryum,4,0,27,1728.0,48,72,2,150,91,4.22,2.0,47.333333333333336,78.02197802197803,0.2638230647709321,0.2638230647709321,0.4696875
visa,fryum,4,0,29,1728.0,48,72,2,150,91,4.22,2.0,47.333333333333336,78.02197802197803,0.2638230647709321,0.2638230647709321,0.5418479938271605
visa,fryum,4,0,31,1728.0,48,72,1,150,91,4.22,2.0,50.66666666666667,83.51648351648352,0.14375987361769352,0.14375987361769352,0.33738811728395063
visa,fryum,4,0,33,1728.0,48,72,1,150,91,4.22,2.0,50.66666666666667,83.51648351648352,0.14375987361769352,0.14375987361769352,0.38232638888888887
visa,fryum,4,1,5,1728.0,48,72,69,150,76,3.533333333333333,1.0,0.6666666666666667,1.3157894736842104,0.9433962264150944,0.9433962264150944,0.04822530864197531
visa,fryum,4,1,7,1728.0,48,72,35,150,76,3.533333333333333,1.0,0.6666666666666667,1.3157894736842104,0.879245283018868,0.879245283018868,0.08809413580246914
visa,fryum,4,1,9,1728.0,48,72,21,150,76,3.533333333333333,1.0,2.666666666666667,5.263157894736842,0.8415094339622642,0.8415094339622642,0.139375
visa,fryum,4,1,11,1728.0,48,72,14,150,76,3.533333333333333,1.0,3.3333333333333335,6.578947368421052,0.7811320754716982,0.7811320754716982,0.1932638888888889
visa,fryum,4,1,13,1728.0,48,72,10,150,76,3.533333333333333,1.0,5.333333333333334,10.526315789473683,0.7339622641509433,0.7339622641509433,0.2536304012345679
visa,fryum,4,1,15,1728.0,48,72,7,150,76,3.533333333333333,1.0,12.0,23.684210526315788,0.6509433962264151,0.6509433962264151,0.2994791666666667
visa,fryum,4,1,17,1728.0,48,72,5,150,76,3.533333333333333,1.0,21.333333333333336,42.10526315789473,0.5377358490566038,0.5377358490566038,0.31776620370370373
visa,fryum,4,1,19,1728.0,48,72,4,150,76,3.533333333333333,1.0,25.333333333333336,50.0,0.4660377358490566,0.4660377358490566,0.34400848765432096
visa,fryum,4,1,21,1728.0,48,72,3,150,76,3.533333333333333,1.0,32.666666666666664,64.47368421052632,0.37358490566037733,0.37358490566037733,0.336875
visa,fryum,4,1,23,1728.0,48,72,3,150,76,3.533333333333333,1.0,32.666666666666664,64.47368421052632,0.37358490566037733,0.37358490566037733,0.4040972222222222
visa,fryum,4,1,25,1728.0,48,72,2,150,76,3.533333333333333,1.0,38.0,75.0,0.2660377358490566,0.2660377358490566,0.33998842592592593
visa,fryum,4,1,27,1728.0,48,72,2,150,76,3.533333333333333,1.0,38.0,75.0,0.2660377358490566,0.2660377358490566,0.3965625
visa,fryum,4,1,29,1728.0,48,72,2,150,76,3.533333333333333,1.0,38.0,75.0,0.2660377358490566,0.2660377358490566,0.4574884259259259
visa,fryum,4,1,31,1728.0,48,72,1,150,76,3.533333333333333,1.0,43.333333333333336,85.52631578947368,0.14339622641509434,0.14339622641509434,0.2817746913580247
visa,fryum,4,1,33,1728.0,48,72,1,150,76,3.533333333333333,1.0,43.333333333333336,85.52631578947368,0.14339622641509434,0.14339622641509434,0.31930555555555556
visa,fryum,4,2,5,1728.0,48,72,69,150,114,9.713333333333333,8.0,0.6666666666666667,0.8771929824561403,0.9698009608785175,0.9698009608785175,0.1362847222222222
visa,fryum,4,2,7,1728.0,48,72,35,150,114,9.713333333333333,8.0,2.666666666666667,3.508771929824561,0.9306794783802333,0.9306794783802333,0.25634259259259257
visa,fryum,4,2,9,1728.0,48,72,21,150,114,9.713333333333333,8.0,10.666666666666668,14.035087719298245,0.8558682223747426,0.8558682223747426,0.3896875
visa,fryum,4,2,11,1728.0,48,72,14,150,114,9.713333333333333,8.0,22.666666666666664,29.82456140350877,0.7316403568977351,0.7316403568977351,0.4976311728395062
visa,fryum,4,2,13,1728.0,48,72,10,150,114,9.713333333333333,8.0,33.33333333333333,43.859649122807014,0.6115305422100206,0.6115305422100206,0.5809375
visa,fryum,4,2,15,1728.0,48,72,7,150,114,9.713333333333333,8.0,50.66666666666667,66.66666666666666,0.4708304735758408,0.4708304735758408,0.5954861111111112
visa,fryum,4,2,17,1728.0,48,72,5,150,114,9.713333333333333,8.0,57.99999999999999,76.31578947368422,0.3575840768702814,0.3575840768702814,0.5808989197530864
visa,fryum,4,2,19,1728.0,48,72,4,150,114,9.713333333333333,8.0,62.0,81.57894736842105,0.29375428963623884,0.29375428963623884,0.5960956790123457
visa,fryum,4,2,21,1728.0,48,72,3,150,114,9.713333333333333,8.0,65.33333333333333,85.96491228070175,0.22649279341111875,0.22649279341111875,0.5614583333333333
visa,fryum,4,2,23,1728.0,48,72,3,150,114,9.713333333333333,8.0,65.33333333333333,85.96491228070175,0.22649279341111875,0.22649279341111875,0.6734953703703703
visa,fryum,4,2,25,1728.0,48,72,2,150,114,9.713333333333333,8.0,71.33333333333334,93.85964912280701,0.15305422100205904,0.15305422100205904,0.5377121913580247
visa,fryum,4,2,27,1728.0,48,72,2,150,114,9.713333333333333,8.0,71.33333333333334,93.85964912280701,0.15305422100205904,0.15305422100205904,0.6271875
visa,fryum,4,2,29,1728.0,48,72,2,150,114,9.713333333333333,8.0,71.33333333333334,93.85964912280701,0.15305422100205904,0.15305422100205904,0.723545524691358
visa,fryum,4,2,31,1728.0,48,72,1,150,114,9.713333333333333,8.0,72.66666666666667,95.6140350877193,0.07824296499656828,0.07824296499656828,0.42266203703703703
visa,fryum,4,2,33,1728.0,48,72,1,150,114,9.713333333333333,8.0,72.66666666666667,95.6140350877193,0.07824296499656828,0.07824296499656828,0.4789583333333333
visa,fryum,8,0,5,1728.0,48,72,69,150,95,4.713333333333333,2.5,0.0,0.0,1.0,1.0,0.06819058641975309
visa,fryum,8,0,7,1728.0,48,72,35,150,95,4.713333333333333,2.5,0.6666666666666667,1.0526315789473684,0.9547383309759547,0.9547383309759547,0.12760416666666666
visa,fryum,8,0,9,1728.0,48,72,21,150,95,4.713333333333333,2.5,2.666666666666667,4.2105263157894735,0.9236209335219236,0.9236209335219236,0.2040625
visa,fryum,8,0,11,1728.0,48,72,14,150,95,4.713333333333333,2.5,4.666666666666667,7.368421052631578,0.8613861386138614,0.8613861386138614,0.2842939814814815
visa,fryum,8,0,13,1728.0,48,72,10,150,95,4.713333333333333,2.5,11.333333333333332,17.894736842105264,0.7892503536067893,0.7892503536067893,0.3638194444444444
visa,fryum,8,0,15,1728.0,48,72,7,150,95,4.713333333333333,2.5,24.666666666666668,38.94736842105263,0.6619519094766619,0.6619519094766619,0.40625
visa,fryum,8,0,17,1728.0,48,72,5,150,95,4.713333333333333,2.5,33.33333333333333,52.63157894736842,0.5304101838755304,0.5304101838755304,0.41811342592592593
visa,fryum,8,0,19,1728.0,48,72,4,150,95,4.713333333333333,2.5,38.0,60.0,0.4497878359264498,0.4497878359264498,0.4428935185185185
visa,fryum,8,0,21,1728.0,48,72,3,150,95,4.713333333333333,2.5,44.0,69.47368421052632,0.3564356435643564,0.3564356435643564,0.42875
visa,fryum,8,0,23,1728.0,48,72,3,150,95,4.713333333333333,2.5,44.0,69.47368421052632,0.3564356435643564,0.3564356435643564,0.5143055555555556
visa,fryum,8,0,25,1728.0,48,72,2,150,95,4.713333333333333,2.5,50.0,78.94736842105263,0.25035360678925034,0.25035360678925034,0.42679398148148145
visa,fryum,8,0,27,1728.0,48,72,2,150,95,4.713333333333333,2.5,50.0,78.94736842105263,0.25035360678925034,0.25035360678925034,0.4978125
visa,fryum,8,0,29,1728.0,48,72,2,150,95,4.713333333333333,2.5,50.0,78.94736842105263,0.25035360678925034,0.25035360678925034,0.5742939814814815
visa,fryum,8,0,31,1728.0,48,72,1,150,95,4.713333333333333,2.5,54.666666666666664,86.31578947368422,0.13437057991513437,0.13437057991513437,0.3522183641975309
visa,fryum,8,0,33,1728.0,48,72,1,150,95,4.713333333333333,2.5,54.666666666666664,86.31578947368422,0.13437057991513437,0.13437057991513437,0.39913194444444444
visa,fryum,8,1,5,1728.0,48,72,69,150,94,6.6066666666666665,4.0,0.6666666666666667,1.0638297872340425,0.9556004036326943,0.9556004036326943,0.09133873456790123
visa,fryum,8,1,7,1728.0,48,72,35,150,94,6.6066666666666665,4.0,2.0,3.1914893617021276,0.8970736629667003,0.8970736629667003,0.16805941358024692
visa,fryum,8,1,9,1728.0,48,72,21,150,94,6.6066666666666665,4.0,4.666666666666667,7.446808510638298,0.8365287588294652,0.8365287588294652,0.2590625
visa,fryum,8,1,11,1728.0,48,72,14,150,94,6.6066666666666665,4.0,10.0,15.957446808510639,0.7608476286579213,0.7608476286579213,0.351983024691358
visa,fryum,8,1,13,1728.0,48,72,10,150,94,6.6066666666666665,4.0,18.666666666666668,29.78723404255319,0.6639757820383451,0.6639757820383451,0.4290200617283951
visa,fryum,8,1,15,1728.0,48,72,7,150,94,6.6066666666666665,4.0,32.0,51.06382978723404,0.5317860746720484,0.5317860746720484,0.4574652777777778
visa,fryum,8,1,17,1728.0,48,72,5,150,94,6.6066666666666665,4.0,41.333333333333336,65.95744680851064,0.4157416750756811,0.4157416750756811,0.45936728395061727
visa,fryum,8,1,19,1728.0,48,72,4,150,94,6.6066666666666665,4.0,46.666666666666664,74.46808510638297,0.34510595358224017,0.34510595358224017,0.47631944444444446
visa,fryum,8,1,21,1728.0,48,72,3,150,94,6.6066666666666665,4.0,50.66666666666667,80.85106382978722,0.2684157416750757,0.2684157416750757,0.45256944444444447
visa,fryum,8,1,23,1728.0,48,72,3,150,94,6.6066666666666665,4.0,50.66666666666667,80.85106382978722,0.2684157416750757,0.2684157416750757,0.5428780864197531
visa,fryum,8,1,25,1728.0,48,72,2,150,94,6.6066666666666665,4.0,56.00000000000001,89.36170212765957,0.18365287588294651,0.18365287588294651,0.43885030864197533
visa,fryum,8,1,27,1728.0,48,72,2,150,94,6.6066666666666665,4.0,56.00000000000001,89.36170212765957,0.18365287588294651,0.18365287588294651,0.511875
visa,fryum,8,1,29,1728.0,48,72,2,150,94,6.6066666666666665,4.0,56.00000000000001,89.36170212765957,0.18365287588294651,0.18365287588294651,0.590516975308642
visa,fryum,8,1,31,1728.0,48,72,1,150,94,6.6066666666666665,4.0,58.666666666666664,93.61702127659575,0.09485368314833502,0.09485368314833502,0.3485108024691358
visa,fryum,8,1,33,1728.0,48,72,1,150,94,6.6066666666666665,4.0,58.666666666666664,93.61702127659575,0.09485368314833502,0.09485368314833502,0.39493055555555556
visa,fryum,8,2,5,1728.0,48,72,69,150,104,4.92,3.0,0.0,0.0,1.0,1.0,0.07118055555555555
visa,fryum,8,2,7,1728.0,48,72,35,150,104,4.92,3.0,0.6666666666666667,0.9615384615384616,0.9539295392953929,0.9539295392953929,0.1330864197530864
visa,fryum,8,2,9,1728.0,48,72,21,150,104,4.92,3.0,2.666666666666667,3.8461538461538463,0.9200542005420054,0.9200542005420054,0.2121875
visa,fryum,8,2,11,1728.0,48,72,14,150,104,4.92,3.0,8.0,11.538461538461538,0.8495934959349594,0.8495934959349594,0.29269675925925925
visa,fryum,8,2,13,1728.0,48,72,10,150,104,4.92,3.0,10.0,14.423076923076922,0.7723577235772358,0.7723577235772358,0.3716435185185185
visa,fryum,8,2,15,1728.0,48,72,7,150,104,4.92,3.0,20.666666666666668,29.807692307692307,0.6775067750677507,0.6775067750677507,0.4340277777777778
visa,fryum,8,2,17,1728.0,48,72,5,150,104,4.92,3.0,32.666666666666664,47.11538461538461,0.5555555555555556,0.5555555555555556,0.4571373456790123
visa,fryum,8,2,19,1728.0,48,72,4,150,104,4.92,3.0,38.0,54.807692307692314,0.47831978319783197,0.47831978319783197,0.4916396604938272
visa,fryum,8,2,21,1728.0,48,72,3,150,104,4.92,3.0,47.333333333333336,68.26923076923077,0.3821138211382114,0.3821138211382114,0.47979166666666667
visa,fryum,8,2,23,1728.0,48,72,3,150,104,4.92,3.0,47.333333333333336,68.26923076923077,0.3821138211382114,0.3821138211382114,0.5755324074074074
visa,fryum,8,2,25,1728.0,48,72,2,150,104,4.92,3.0,56.666666666666664,81.73076923076923,0.2669376693766938,0.2669376693766938,0.4750192901234568
visa,fryum,8,2,27,1728.0,48,72,2,150,104,4.92,3.0,56.666666666666664,81.73076923076923,0.2669376693766938,0.2669376693766938,0.5540625
visa,fryum,8,2,29,1728.0,48,72,2,150,104,4.92,3.0,56.666666666666664,81.73076923076923,0.2669376693766938,0.2669376693766938,0.6391859567901235
visa,fryum,8,2,31,1728.0,48,72,1,150,104,4.92,3.0,62.0,89.42307692307693,0.14092140921409213,0.14092140921409213,0.38558641975308644
visa,fryum,8,2,33,1728.0,48,72,1,150,104,4.92,3.0,62.0,89.42307692307693,0.14092140921409213,0.14092140921409213,0.43694444444444447
visa,macaroni1,1,0,5,1728.0,48,72,69,200,178,6.74,6.0,0.0,0.0,1.0,1.0,0.09751157407407407
visa,macaroni1,1,0,7,1728.0,48,72,35,200,178,6.74,6.0,0.0,0.0,1.0,1.0,0.1911226851851852
visa,macaroni1,1,0,9,1728.0,48,72,21,200,178,6.74,6.0,3.0,3.3707865168539324,0.9881305637982196,0.9881305637982196,0.3121875
visa,macaroni1,1,0,11,1728.0,48,72,14,200,178,6.74,6.0,13.0,14.606741573033707,0.9109792284866469,0.9109792284866469,0.42994212962962963
visa,macaroni1,1,0,13,1728.0,48,72,10,200,178,6.74,6.0,21.5,24.15730337078652,0.8078635014836796,0.8078635014836796,0.5325260416666666
visa,macaroni1,1,0,15,1728.0,48,72,7,200,178,6.74,6.0,34.0,38.20224719101123,0.68026706231454,0.68026706231454,0.5970052083333334
visa,macaroni1,1,0,17,1728.0,48,72,5,200,178,6.74,6.0,52.0,58.42696629213483,0.5408011869436202,0.5408011869436202,0.609609375
visa,macaroni1,1,0,19,1728.0,48,72,4,200,178,6.74,6.0,56.99999999999999,64.04494382022472,0.45623145400593473,0.45623145400593473,0.6424045138888889
visa,macaroni1,1,0,21,1728.0,48,72,3,200,178,6.74,6.0,63.5,71.34831460674157,0.3620178041543027,0.3620178041543027,0.6227083333333333
visa,macaroni1,1,0,23,1728.0,48,72,3,200,178,6.74,6.0,63.5,71.34831460674157,0.3620178041543027,0.3620178041543027,0.7469675925925926
visa,macaroni1,1,0,25,1728.0,48,72,2,200,178,6.74,6.0,73.0,82.02247191011236,0.25370919881305637,0.25370919881305637,0.6184895833333334
visa,macaroni1,1,0,27,1728.0,48,72,2,200,178,6.74,6.0,73.0,82.02247191011236,0.25370919881305637,0.25370919881305637,0.72140625
visa,macaroni1,1,0,29,1728.0,48,72,2,200,178,6.74,6.0,73.0,82.02247191011236,0.25370919881305637,0.25370919881305637,0.8322395833333334
visa,macaroni1,1,0,31,1728.0,48,72,1,200,178,6.74,6.0,82.0,92.13483146067416,0.13204747774480713,0.13204747774480713,0.49495949074074075
visa,macaroni1,1,0,33,1728.0,48,72,1,200,178,6.74,6.0,82.0,92.13483146067416,0.13204747774480713,0.13204747774480713,0.5608854166666667
visa,macaroni1,1,1,5,1728.0,48,72,69,200,189,10.605,10.0,0.0,0.0,1.0,1.0,0.15342881944444445
visa,macaroni1,1,1,7,1728.0,48,72,35,200,189,10.605,10.0,0.0,0.0,1.0,1.0,0.30072048611111113
visa,macaroni1,1,1,9,1728.0,48,72,21,200,189,10.605,10.0,8.0,8.465608465608465,0.9580386610089581,0.9580386610089581,0.47625
visa,macaroni1,1,1,11,1728.0,48,72,14,200,189,10.605,10.0,26.5,28.04232804232804,0.8345120226308345,0.8345120226308345,0.6197048611111111
visa,macaroni1,1,1,13,1728.0,48,72,10,200,189,10.605,10.0,47.0,49.735449735449734,0.6845827439886846,0.6845827439886846,0.7100347222222222
visa,macaroni1,1,1,15,1728.0,48,72,7,200,189,10.605,10.0,58.5,61.904761904761905,0.5294672324375295,0.5294672324375295,0.7311197916666666
visa,macaroni1,1,1,17,1728.0,48,72,5,200,189,10.605,10.0,71.5,75.66137566137566,0.40075436115040075,0.40075436115040075,0.7107928240740741
visa,macaroni1,1,1,19,1728.0,48,72,4,200,189,10.605,10.0,74.0,78.3068783068783,0.33097595473833097,0.33097595473833097,0.73328125
visa,macaroni1,1,1,21,1728.0,48,72,3,200,189,10.605,10.0,80.0,84.65608465608466,0.25553983969825556,0.25553983969825556,0.6916145833333334
visa,macaroni1,1,1,23,1728.0,48,72,3,200,189,10.605,10.0,80.0,84.65608465608466,0.25553983969825556,0.25553983969825556,0.8296238425925926
visa,macaroni1,1,1,25,1728.0,48,72,2,200,189,10.605,10.0,85.5,90.47619047619048,0.17491749174917492,0.17491749174917492,0.6709346064814815
visa,macaroni1,1,1,27,1728.0,48,72,2,200,189,10.605,10.0,85.5,90.47619047619048,0.17491749174917492,0.17491749174917492,0.782578125
visa,macaroni1,1,1,29,1728.0,48,72,2,200,189,10.605,10.0,85.5,90.47619047619048,0.17491749174917492,0.17491749174917492,0.9028096064814815
visa,macaroni1,1,1,31,1728.0,48,72,1,200,189,10.605,10.0,91.0,96.29629629629629,0.0891089108910891,0.0891089108910891,0.525546875
visa,macaroni1,1,1,33,1728.0,48,72,1,200,189,10.605,10.0,91.0,96.29629629629629,0.0891089108910891,0.0891089108910891,0.595546875
visa,macaroni1,1,2,5,1728.0,48,72,69,200,166,4.175,3.0,0.0,0.0,1.0,1.0,0.06040219907407408
visa,macaroni1,1,2,7,1728.0,48,72,35,200,166,4.175,3.0,0.0,0.0,1.0,1.0,0.11838831018518518
visa,macaroni1,1,2,9,1728.0,48,72,21,200,166,4.175,3.0,0.5,0.6024096385542169,0.9904191616766467,0.9904191616766467,0.193828125
visa,macaroni1,1,2,11,1728.0,48,72,14,200,166,4.175,3.0,2.5,3.0120481927710845,0.9688622754491018,0.9688622754491018,0.28324363425925925
visa,macaroni1,1,2,13,1728.0,48,72,10,200,166,4.175,3.0,8.5,10.240963855421686,0.9125748502994012,0.9125748502994012,0.3726215277777778
visa,macaroni1,1,2,15,1728.0,48,72,7,200,166,4.175,3.0,17.5,21.084337349397593,0.8119760479041916,0.8119760479041916,0.44140625
visa,macaroni1,1,2,17,1728.0,48,72,5,200,166,4.175,3.0,28.499999999999996,34.33734939759036,0.6862275449101797,0.6862275449101797,0.4791579861111111
visa,macaroni1,1,2,19,1728.0,48,72,4,200,166,4.175,3.0,37.0,44.57831325301205,0.5976047904191617,0.5976047904191617,0.5212355324074074
visa,macaroni1,1,2,21,1728.0,48,72,3,200,166,4.175,3.0,45.0,54.21686746987952,0.48982035928143713,0.48982035928143713,0.5219010416666666
visa,macaroni1,1,2,23,1728.0,48,72,3,200,166,4.175,3.0,45.0,54.21686746987952,0.48982035928143713,0.48982035928143713,0.6260445601851852
visa,macaroni1,1,2,25,1728.0,48,72,2,200,166,4.175,3.0,54.0,65.06024096385542,0.36047904191616764,0.36047904191616764,0.5443431712962963
visa,macaroni1,1,2,27,1728.0,48,72,2,200,166,4.175,3.0,54.0,65.06024096385542,0.36047904191616764,0.36047904191616764,0.634921875
visa,macaroni1,1,2,29,1728.0,48,72,2,200,166,4.175,3.0,54.0,65.06024096385542,0.36047904191616764,0.36047904191616764,0.7324681712962963
visa,macaroni1,1,2,31,1728.0,48,72,1,200,166,4.175,3.0,67.5,81.32530120481928,0.19880239520958085,0.19880239520958085,0.4615914351851852
visa,macaroni1,1,2,33,1728.0,48,72,1,200,166,4.175,3.0,67.5,81.32530120481928,0.19880239520958085,0.19880239520958085,0.5230729166666667
visa,macaroni1,2,0,5,1728.0,48,72,69,200,122,3.85,2.0,0.0,0.0,1.0,1.0,0.05570023148148148
visa,macaroni1,2,0,7,1728.0,48,72,35,200,122,3.85,2.0,0.5,0.819672131147541,0.9974025974025974,0.9974025974025974,0.10888888888888888
visa,macaroni1,2,0,9,1728.0,48,72,21,200,122,3.85,2.0,1.5,2.459016393442623,0.961038961038961,0.961038961038961,0.1734375
visa,macaroni1,2,0,11,1728.0,48,72,14,200,122,3.85,2.0,3.5000000000000004,5.737704918032787,0.9194805194805195,0.9194805194805195,0.24788194444444445
visa,macaroni1,2,0,13,1728.0,48,72,10,200,122,3.85,2.0,12.0,19.672131147540984,0.8337662337662337,0.8337662337662337,0.3139409722222222
visa,macaroni1,2,0,15,1728.0,48,72,7,200,122,3.85,2.0,21.5,35.24590163934426,0.6987012987012987,0.6987012987012987,0.3502604166666667
visa,macaroni1,2,0,17,1728.0,48,72,5,200,122,3.85,2.0,26.5,43.44262295081967,0.5727272727272728,0.5727272727272728,0.36877604166666667
visa,macaroni1,2,0,19,1728.0,48,72,4,200,122,3.85,2.0,29.5,48.36065573770492,0.4961038961038961,0.4961038961038961,0.39902199074074074
visa,macaroni1,2,0,21,1728.0,48,72,3,200,122,3.85,2.0,36.0,59.01639344262295,0.4025974025974026,0.4025974025974026,0.39557291666666666
visa,macaroni1,2,0,23,1728.0,48,72,3,200,122,3.85,2.0,36.0,59.01639344262295,0.4025974025974026,0.4025974025974026,0.4745081018518518
visa,macaroni1,2,0,25,1728.0,48,72,2,200,122,3.85,2.0,43.0,70.49180327868852,0.2909090909090909,0.2909090909090909,0.4050925925925926
visa,macaroni1,2,0,27,1728.0,48,72,2,200,122,3.85,2.0,43.0,70.49180327868852,0.2909090909090909,0.2909090909090909,0.4725
visa,macaroni1,2,0,29,1728.0,48,72,2,200,122,3.85,2.0,43.0,70.49180327868852,0.2909090909090909,0.2909090909090909,0.5450925925925926
visa,macaroni1,2,0,31,1728.0,48,72,1,200,122,3.85,2.0,51.0,83.60655737704919,0.15844155844155844,0.15844155844155844,0.33924189814814815
visa,macaroni1,2,0,33,1728.0,48,72,1,200,122,3.85,2.0,51.0,83.60655737704919,0.15844155844155844,0.15844155844155844,0.3844270833333333
visa,macaroni1,2,1,5,1728.0,48,72,69,200,92,1.305,0.0,0.0,0.0,1.0,1.0,0.018880208333333332
visa,macaroni1,2,1,7,1728.0,48,72,35,200,92,1.305,0.0,0.0,0.0,1.0,1.0,0.03700520833333333
visa,macaroni1,2,1,9,1728.0,48,72,21,200,92,1.305,0.0,0.0,0.0,1.0,1.0,0.061171875
visa,macaroni1,2,1,11,1728.0,48,72,14,200,92,1.305,0.0,0.0,0.0,1.0,1.0,0.09138020833333334
visa,macaroni1,2,1,13,1728.0,48,72,10,200,92,1.305,0.0,0.0,0.0,1.0,1.0,0.12763020833333333
visa,macaroni1,2,1,15,1728.0,48,72,7,200,92,1.305,0.0,2.0,4.3478260869565215,0.9731800766283525,0.9731800766283525,0.16536458333333334
visa,macaroni1,2,1,17,1728.0,48,72,5,200,92,1.305,0.0,6.5,14.130434782608695,0.9080459770114943,0.9080459770114943,0.1981857638888889
visa,macaroni1,2,1,19,1728.0,48,72,4,200,92,1.305,0.0,8.0,17.391304347826086,0.8467432950191571,0.8467432950191571,0.23084780092592594
visa,macaroni1,2,1,21,1728.0,48,72,3,200,92,1.305,0.0,14.000000000000002,30.434782608695656,0.7394636015325671,0.7394636015325671,0.24627604166666667
visa,macaroni1,2,1,23,1728.0,48,72,3,200,92,1.305,0.0,14.000000000000002,30.434782608695656,0.7394636015325671,0.7394636015325671,0.29541956018518517
visa,macaroni1,2,1,25,1728.0,48,72,2,200,92,1.305,0.0,21.5,46.73913043478261,0.5747126436781609,0.5747126436781609,0.2712673611111111
visa,macaroni1,2,1,27,1728.0,48,72,2,200,92,1.305,0.0,21.5,46.73913043478261,0.5747126436781609,0.5747126436781609,0.31640625
visa,macaroni1,2,1,29,1728.0,48,72,2,200,92,1.305,0.0,21.5,46.73913043478261,0.5747126436781609,0.5747126436781609,0.3650173611111111
visa,macaroni1,2,1,31,1728.0,48,72,1,200,92,1.305,0.0,28.999999999999996,63.04347826086957,0.3524904214559387,0.3524904214559387,0.25582175925925926
visa,macaroni1,2,1,33,1728.0,48,72,1,200,92,1.305,0.0,28.999999999999996,63.04347826086957,0.3524904214559387,0.3524904214559387,0.28989583333333335
visa,macaroni1,2,2,5,1728.0,48,72,69,200,172,8.46,7.0,0.0,0.0,1.0,1.0,0.12239583333333333
visa,macaroni1,2,2,7,1728.0,48,72,35,200,172,8.46,7.0,0.5,0.5813953488372093,0.9964539007092199,0.9964539007092199,0.2390451388888889
visa,macaroni1,2,2,9,1728.0,48,72,21,200,172,8.46,7.0,5.5,6.395348837209303,0.9539007092198581,0.9539007092198581,0.37828125
visa,macaroni1,2,2,11,1728.0,48,72,14,200,172,8.46,7.0,20.0,23.25581395348837,0.8498817966903073,0.8498817966903073,0.5034664351851852
visa,macaroni1,2,2,13,1728.0,48,72,10,200,172,8.46,7.0,31.5,36.627906976744185,0.7257683215130024,0.7257683215130024,0.6004976851851852
visa,macaroni1,2,2,15,1728.0,48,72,7,200,172,8.46,7.0,47.0,54.65116279069767,0.5774231678486997,0.5774231678486997,0.6360677083333334
visa,macaroni1,2,2,17,1728.0,48,72,5,200,172,8.46,7.0,57.99999999999999,67.44186046511628,0.44739952718676124,0.44739952718676124,0.6330237268518518
visa,macaroni1,2,2,19,1728.0,48,72,4,200,172,8.46,7.0,64.0,74.4186046511628,0.37174940898345155,0.37174940898345155,0.6570283564814815
visa,macaroni1,2,2,21,1728.0,48,72,3,200,172,8.46,7.0,67.5,78.48837209302324,0.2919621749408983,0.2919621749408983,0.6303645833333333
visa,macaroni1,2,2,23,1728.0,48,72,3,200,172,8.46,7.0,67.5,78.48837209302324,0.2919621749408983,0.2919621749408983,0.7561516203703704
visa,macaroni1,2,2,25,1728.0,48,72,2,200,172,8.46,7.0,77.5,90.11627906976744,0.20035460992907803,0.20035460992907803,0.6130642361111112
visa,macaroni1,2,2,27,1728.0,48,72,2,200,172,8.46,7.0,77.5,90.11627906976744,0.20035460992907803,0.20035460992907803,0.715078125
visa,macaroni1,2,2,29,1728.0,48,72,2,200,172,8.46,7.0,77.5,90.11627906976744,0.20035460992907803,0.20035460992907803,0.8249392361111111
visa,macaroni1,2,2,31,1728.0,48,72,1,200,172,8.46,7.0,83.5,97.09302325581395,0.1016548463356974,0.1016548463356974,0.47827546296296297
visa,macaroni1,2,2,33,1728.0,48,72,1,200,172,8.46,7.0,83.5,97.09302325581395,0.1016548463356974,0.1016548463356974,0.5419791666666667
visa,macaroni1,4,0,5,1728.0,48,72,69,200,118,2.915,1.0,0.0,0.0,1.0,1.0,0.042173032407407406
visa,macaroni1,4,0,7,1728.0,48,72,35,200,118,2.915,1.0,0.0,0.0,1.0,1.0,0.08265914351851852
visa,macaroni1,4,0,9,1728.0,48,72,21,200,118,2.915,1.0,0.0,0.0,1.0,1.0,0.136640625
visa,macaroni1,4,0,11,1728.0,48,72,14,200,118,2.915,1.0,1.0,1.694915254237288,0.9811320754716981,0.9811320754716981,0.2002662037037037
visa,macaroni1,4,0,13,1728.0,48,72,10,200,118,2.915,1.0,5.5,9.322033898305085,0.9313893653516295,0.9313893653516295,0.2655295138888889
visa,macaroni1,4,0,15,1728.0,48,72,7,200,118,2.915,1.0,14.000000000000002,23.728813559322035,0.823327615780446,0.823327615780446,0.3125
visa,macaroni1,4,0,17,1728.0,48,72,5,200,118,2.915,1.0,21.0,35.59322033898305,0.6912521440823327,0.6912521440823327,0.3369994212962963
visa,macaroni1,4,0,19,1728.0,48,72,4,200,118,2.915,1.0,25.0,42.3728813559322,0.6054888507718696,0.6054888507718696,0.36872974537037034
visa,macaroni1,4,0,21,1728.0,48,72,3,200,118,2.915,1.0,29.5,50.0,0.5042881646655232,0.5042881646655232,0.37515625
visa,macaroni1,4,0,23,1728.0,48,72,3,200,118,2.915,1.0,29.5,50.0,0.5042881646655232,0.5042881646655232,0.4500173611111111
visa,macaroni1,4,0,25,1728.0,48,72,2,200,118,2.915,1.0,40.0,67.79661016949152,0.3670668953687822,0.3670668953687822,0.38700810185185186
visa,macaroni1,4,0,27,1728.0,48,72,2,200,118,2.915,1.0,40.0,67.79661016949152,0.3670668953687822,0.3670668953687822,0.45140625
visa,macaroni1,4,0,29,1728.0,48,72,2,200,118,2.915,1.0,40.0,67.79661016949152,0.3670668953687822,0.3670668953687822,0.5207581018518519
visa,macaroni1,4,0,31,1728.0,48,72,1,200,118,2.915,1.0,48.0,81.35593220338984,0.20240137221269297,0.20240137221269297,0.328119212962963
visa,macaroni1,4,0,33,1728.0,48,72,1,200,118,2.915,1.0,48.0,81.35593220338984,0.20240137221269297,0.20240137221269297,0.37182291666666667
visa,macaroni1,4,1,5,1728.0,48,72,69,200,153,3.985,3.0,0.0,0.0,1.0,1.0,0.05765335648148148
visa,macaroni1,4,1,7,1728.0,48,72,35,200,153,3.985,3.0,0.0,0.0,1.0,1.0,0.1130005787037037
visa,macaroni1,4,1,9,1728.0,48,72,21,200,153,3.985,3.0,0.5,0.6535947712418301,0.9962358845671268,0.9962358845671268,0.18609375
visa,macaroni1,4,1,11,1728.0,48,72,14,200,153,3.985,3.0,4.0,5.228758169934641,0.9623588456712673,0.9623588456712673,0.26853877314814817
visa,macaroni1,4,1,13,1728.0,48,72,10,200,153,3.985,3.0,7.5,9.803921568627452,0.9021329987452948,0.9021329987452948,0.3515943287037037
visa,macaroni1,4,1,15,1728.0,48,72,7,200,153,3.985,3.0,15.5,20.26143790849673,0.8105395232120451,0.8105395232120451,0.4205729166666667
visa,macaroni1,4,1,17,1728.0,48,72,5,200,153,3.985,3.0,27.500000000000004,35.947712418300654,0.6875784190715182,0.6875784190715182,0.4582523148148148
visa,macaroni1,4,1,19,1728.0,48,72,4,200,153,3.985,3.0,35.0,45.751633986928105,0.5997490589711418,0.5997490589711418,0.49929976851851854
visa,macaroni1,4,1,21,1728.0,48,72,3,200,153,3.985,3.0,44.5,58.16993464052288,0.4880803011292346,0.4880803011292346,0.49638020833333335
visa,macaroni1,4,1,23,1728.0,48,72,3,200,153,3.985,3.0,44.5,58.16993464052288,0.4880803011292346,0.4880803011292346,0.5954311342592593
visa,macaroni1,4,1,25,1728.0,48,72,2,200,153,3.985,3.0,54.50000000000001,71.24183006535948,0.35131744040150564,0.35131744040150564,0.5063657407407407
visa,macaroni1,4,1,27,1728.0,48,72,2,200,153,3.985,3.0,54.50000000000001,71.24183006535948,0.35131744040150564,0.35131744040150564,0.590625
visa,macaroni1,4,1,29,1728.0,48,72,2,200,153,3.985,3.0,54.50000000000001,71.24183006535948,0.35131744040150564,0.35131744040150564,0.6813657407407407
visa,macaroni1,4,1,31,1728.0,48,72,1,200,153,3.985,3.0,63.5,83.00653594771242,0.191969887076537,0.191969887076537,0.4254427083333333
visa,macaroni1,4,1,33,1728.0,48,72,1,200,153,3.985,3.0,63.5,83.00653594771242,0.191969887076537,0.191969887076537,0.482109375
visa,macaroni1,4,2,5,1728.0,48,72,69,200,96,1.85,0.0,0.0,0.0,1.0,1.0,0.026765046296296297
visa,macaroni1,4,2,7,1728.0,48,72,35,200,96,1.85,0.0,0.0,0.0,1.0,1.0,0.052459490740740744
visa,macaroni1,4,2,9,1728.0,48,72,21,200,96,1.85,0.0,0.0,0.0,1.0,1.0,0.08671875
visa,macaroni1,4,2,11,1728.0,48,72,14,200,96,1.85,0.0,1.0,2.083333333333333,0.9945945945945946,0.9945945945945946,0.1288425925925926
visa,macaroni1,4,2,13,1728.0,48,72,10,200,96,1.85,0.0,1.5,3.125,0.9675675675675676,0.9675675675675676,0.1750636574074074
visa,macaroni1,4,2,15,1728.0,48,72,7,200,96,1.85,0.0,6.5,13.541666666666666,0.8837837837837837,0.8837837837837837,0.212890625
visa,macaroni1,4,2,17,1728.0,48,72,5,200,96,1.85,0.0,9.5,19.791666666666664,0.7918918918918919,0.7918918918918919,0.2450144675925926
visa,macaroni1,4,2,19,1728.0,48,72,4,200,96,1.85,0.0,12.5,26.041666666666668,0.7243243243243244,0.7243243243243244,0.2799421296296296
visa,macaroni1,4,2,21,1728.0,48,72,3,200,96,1.85,0.0,20.5,42.70833333333333,0.6135135135135135,0.6135135135135135,0.28966145833333334
visa,macaroni1,4,2,23,1728.0,48,72,3,200,96,1.85,0.0,20.5,42.70833333333333,0.6135135135135135,0.6135135135135135,0.34746238425925924
visa,macaroni1,4,2,25,1728.0,48,72,2,200,96,1.85,0.0,28.499999999999996,59.375,0.4594594594594595,0.4594594594594595,0.3074363425925926
visa,macaroni1,4,2,27,1728.0,48,72,2,200,96,1.85,0.0,28.499999999999996,59.375,0.4594594594594595,0.4594594594594595,0.35859375
visa,macaroni1,4,2,29,1728.0,48,72,2,200,96,1.85,0.0,28.499999999999996,59.375,0.4594594594594595,0.4594594594594595,0.41368634259259257
visa,macaroni1,4,2,31,1728.0,48,72,1,200,96,1.85,0.0,37.0,77.08333333333334,0.2594594594594595,0.2594594594594595,0.26694444444444443
visa,macaroni1,4,2,33,1728.0,48,72,1,200,96,1.85,0.0,37.0,77.08333333333334,0.2594594594594595,0.2594594594594595,0.3025
visa,macaroni1,8,0,5,1728.0,48,72,69,200,112,2.91,1.0,0.0,0.0,1.0,1.0,0.04210069444444445
visa,macaroni1,8,0,7,1728.0,48,72,35,200,112,2.91,1.0,0.0,0.0,1.0,1.0,0.08251736111111112
visa,macaroni1,8,0,9,1728.0,48,72,21,200,112,2.91,1.0,0.0,0.0,1.0,1.0,0.13640625
visa,macaroni1,8,0,11,1728.0,48,72,14,200,112,2.91,1.0,1.5,2.6785714285714284,0.979381443298969,0.979381443298969,0.19956597222222222
visa,macaroni1,8,0,13,1728.0,48,72,10,200,112,2.91,1.0,8.5,15.178571428571427,0.9020618556701031,0.9020618556701031,0.2567274305555556
visa,macaroni1,8,0,15,1728.0,48,72,7,200,112,2.91,1.0,14.499999999999998,25.892857142857146,0.7749140893470791,0.7749140893470791,0.2936197916666667
visa,macaroni1,8,0,17,1728.0,48,72,5,200,112,2.91,1.0,18.0,32.142857142857146,0.6615120274914089,0.6615120274914089,0.321947337962963
visa,macaroni1,8,0,19,1728.0,48,72,4,200,112,2.91,1.0,22.0,39.285714285714285,0.5859106529209622,0.5859106529209622,0.35619502314814816
visa,macaroni1,8,0,21,1728.0,48,72,3,200,112,2.91,1.0,29.5,52.67857142857143,0.4845360824742268,0.4845360824742268,0.35984375
visa,macaroni1,8,0,23,1728.0,48,72,3,200,112,2.91,1.0,29.5,52.67857142857143,0.4845360824742268,0.4845360824742268,0.43164930555555553
visa,macaroni1,8,0,25,1728.0,48,72,2,200,112,2.91,1.0,39.0,69.64285714285714,0.35051546391752575,0.35051546391752575,0.3689236111111111
visa,macaroni1,8,0,27,1728.0,48,72,2,200,112,2.91,1.0,39.0,69.64285714285714,0.35051546391752575,0.35051546391752575,0.4303125
visa,macaroni1,8,0,29,1728.0,48,72,2,200,112,2.91,1.0,39.0,69.64285714285714,0.35051546391752575,0.35051546391752575,0.4964236111111111
visa,macaroni1,8,0,31,1728.0,48,72,1,200,112,2.91,1.0,46.0,82.14285714285714,0.19243986254295534,0.19243986254295534,0.3114351851851852
visa,macaroni1,8,0,33,1728.0,48,72,1,200,112,2.91,1.0,46.0,82.14285714285714,0.19243986254295534,0.19243986254295534,0.35291666666666666
visa,macaroni1,8,1,5,1728.0,48,72,69,200,103,2.085,1.0,0.0,0.0,1.0,1.0,0.030164930555555556
visa,macaroni1,8,1,7,1728.0,48,72,35,200,103,2.085,1.0,0.0,0.0,1.0,1.0,0.05912326388888889
visa,macaroni1,8,1,9,1728.0,48,72,21,200,103,2.085,1.0,0.0,0.0,1.0,1.0,0.097734375
visa,macaroni1,8,1,11,1728.0,48,72,14,200,103,2.085,1.0,1.0,1.9417475728155338,0.9904076738609112,0.9904076738609112,0.14459780092592592
visa,macaroni1,8,1,13,1728.0,48,72,10,200,103,2.085,1.0,3.0,5.825242718446602,0.9520383693045563,0.9520383693045563,0.19413483796296296
visa,macaroni1,8,1,15,1728.0,48,72,7,200,103,2.085,1.0,8.0,15.53398058252427,0.8657074340527577,0.8657074340527577,0.23502604166666666
visa,macaroni1,8,1,17,1728.0,48,72,5,200,103,2.085,1.0,14.000000000000002,27.184466019417474,0.7458033573141487,0.7458033573141487,0.2600665509259259
visa,macaroni1,8,1,19,1728.0,48,72,4,200,103,2.085,1.0,17.0,33.00970873786408,0.6642685851318945,0.6642685851318945,0.2893431712962963
visa,macaroni1,8,1,21,1728.0,48,72,3,200,103,2.085,1.0,21.0,40.77669902912621,0.5635491606714629,0.5635491606714629,0.29986979166666666
visa,macaroni1,8,1,23,1728.0,48,72,3,200,103,2.085,1.0,21.0,40.77669902912621,0.5635491606714629,0.5635491606714629,0.3597077546296296
visa,macaroni1,8,1,25,1728.0,48,72,2,200,103,2.085,1.0,29.5,57.28155339805825,0.42206235011990406,0.42206235011990406,0.31828703703703703
visa,macaroni1,8,1,27,1728.0,48,72,2,200,103,2.085,1.0,29.5,57.28155339805825,0.42206235011990406,0.42206235011990406,0.37125
visa,macaroni1,8,1,29,1728.0,48,72,2,200,103,2.085,1.0,29.5,57.28155339805825,0.42206235011990406,0.42206235011990406,0.428287037037037
visa,macaroni1,8,1,31,1728.0,48,72,1,200,103,2.085,1.0,36.5,70.87378640776699,0.24700239808153476,0.24700239808153476,0.28640914351851854
visa,macaroni1,8,1,33,1728.0,48,72,1,200,103,2.085,1.0,36.5,70.87378640776699,0.24700239808153476,0.24700239808153476,0.3245572916666667
visa,macaroni1,8,2,5,1728.0,48,72,69,200,124,3.645,2.0,0.0,0.0,1.0,1.0,0.052734375
visa,macaroni1,8,2,7,1728.0,48,72,35,200,124,3.645,2.0,0.0,0.0,1.0,1.0,0.103359375
visa,macaroni1,8,2,9,1728.0,48,72,21,200,124,3.645,2.0,0.5,0.8064516129032258,0.9917695473251029,0.9917695473251029,0.169453125
visa,macaroni1,8,2,11,1728.0,48,72,14,200,124,3.645,2.0,3.0,4.838709677419355,0.9643347050754458,0.9643347050754458,0.24613136574074074
visa,macaroni1,8,2,13,1728.0,48,72,10,200,124,3.645,2.0,7.000000000000001,11.29032258064516,0.9039780521262003,0.9039780521262003,0.3222540509259259
visa,macaroni1,8,2,15,1728.0,48,72,7,200,124,3.645,2.0,20.0,32.25806451612903,0.7818930041152263,0.7818930041152263,0.37109375
visa,macaroni1,8,2,17,1728.0,48,72,5,200,124,3.645,2.0,28.999999999999996,46.774193548387096,0.6378600823045267,0.6378600823045267,0.38884548611111114
visa,macaroni1,8,2,19,1728.0,48,72,4,200,124,3.645,2.0,32.0,51.61290322580645,0.5500685871056241,0.5500685871056241,0.41886863425925924
visa,macaroni1,8,2,21,1728.0,48,72,3,200,124,3.645,2.0,37.0,59.67741935483871,0.448559670781893,0.448559670781893,0.417265625
visa,macaroni1,8,2,23,1728.0,48,72,3,200,124,3.645,2.0,37.0,59.67741935483871,0.448559670781893,0.448559670781893,0.5005295138888889
visa,macaroni1,8,2,25,1728.0,48,72,2,200,124,3.645,2.0,47.5,76.61290322580645,0.31824417009602196,0.31824417009602196,0.4195601851851852
visa,macaroni1,8,2,27,1728.0,48,72,2,200,124,3.645,2.0,47.5,76.61290322580645,0.31824417009602196,0.31824417009602196,0.489375
visa,macaroni1,8,2,29,1728.0,48,72,2,200,124,3.645,2.0,47.5,76.61290322580645,0.31824417009602196,0.31824417009602196,0.5645601851851851
visa,macaroni1,8,2,31,1728.0,48,72,1,200,124,3.645,2.0,54.0,87.09677419354838,0.1700960219478738,0.1700960219478738,0.34480324074074076
visa,macaroni1,8,2,33,1728.0,48,72,1,200,124,3.645,2.0,54.0,87.09677419354838,0.1700960219478738,0.1700960219478738,0.3907291666666667
visa,macaroni2,1,0,5,1728.0,48,72,69,200,162,6.11,4.0,0.0,0.0,1.0,1.0,0.08839699074074074
visa,macaroni2,1,0,7,1728.0,48,72,35,200,162,6.11,4.0,0.5,0.6172839506172839,0.9991816693944353,0.9991816693944353,0.17311631944444444
visa,macaroni2,1,0,9,1728.0,48,72,21,200,162,6.11,4.0,4.0,4.938271604938271,0.9476268412438625,0.9476268412438625,0.27140625
visa,macaroni2,1,0,11,1728.0,48,72,14,200,162,6.11,4.0,10.0,12.345679012345679,0.8617021276595744,0.8617021276595744,0.368671875
visa,macaroni2,1,0,13,1728.0,48,72,10,200,162,6.11,4.0,16.5,20.37037037037037,0.7716857610474632,0.7716857610474632,0.46113136574074076
visa,macaroni2,1,0,15,1728.0,48,72,7,200,162,6.11,4.0,28.999999999999996,35.80246913580247,0.6497545008183306,0.6497545008183306,0.5169270833333334
visa,macaroni2,1,0,17,1728.0,48,72,5,200,162,6.11,4.0,42.0,51.85185185185185,0.5237315875613748,0.5237315875613748,0.5351851851851852
visa,macaroni2,1,0,19,1728.0,48,72,4,200,162,6.11,4.0,47.0,58.0246913580247,0.44680851063829785,0.44680851063829785,0.5703298611111111
visa,macaroni2,1,0,21,1728.0,48,72,3,200,162,6.11,4.0,57.49999999999999,70.98765432098766,0.3527004909983633,0.3527004909983633,0.5499739583333333
visa,macaroni2,1,0,23,1728.0,48,72,3,200,162,6.11,4.0,57.49999999999999,70.98765432098766,0.3527004909983633,0.3527004909983633,0.6597193287037038
visa,macaroni2,1,0,25,1728.0,48,72,2,200,162,6.11,4.0,62.5,77.1604938271605,0.25040916530278234,0.25040916530278234,0.5533854166666666
visa,macaroni2,1,0,27,1728.0,48,72,2,200,162,6.11,4.0,62.5,77.1604938271605,0.25040916530278234,0.25040916530278234,0.64546875
visa,macaroni2,1,0,29,1728.0,48,72,2,200,162,6.11,4.0,62.5,77.1604938271605,0.25040916530278234,0.25040916530278234,0.7446354166666667
visa,macaroni2,1,0,31,1728.0,48,72,1,200,162,6.11,4.0,72.0,88.88888888888889,0.132569558101473,0.132569558101473,0.45046875
visa,macaroni2,1,0,33,1728.0,48,72,1,200,162,6.11,4.0,72.0,88.88888888888889,0.132569558101473,0.132569558101473,0.51046875
visa,macaroni2,1,1,5,1728.0,48,72,69,200,89,1.725,0.0,0.0,0.0,1.0,1.0,0.024956597222222224
visa,macaroni2,1,1,7,1728.0,48,72,35,200,89,1.725,0.0,0.0,0.0,1.0,1.0,0.048914930555555555
visa,macaroni2,1,1,9,1728.0,48,72,21,200,89,1.725,0.0,0.0,0.0,1.0,1.0,0.080859375
visa,macaroni2,1,1,11,1728.0,48,72,14,200,89,1.725,0.0,1.0,2.247191011235955,0.9884057971014493,0.9884057971014493,0.1193894675925926
visa,macaroni2,1,1,13,1728.0,48,72,10,200,89,1.725,0.0,3.0,6.741573033707865,0.9420289855072463,0.9420289855072463,0.15892650462962962
visa,macaroni2,1,1,15,1728.0,48,72,7,200,89,1.725,0.0,5.5,12.359550561797752,0.8608695652173913,0.8608695652173913,0.193359375
visa,macaroni2,1,1,17,1728.0,48,72,5,200,89,1.725,0.0,10.0,22.47191011235955,0.7594202898550725,0.7594202898550725,0.21909143518518517
visa,macaroni2,1,1,19,1728.0,48,72,4,200,89,1.725,0.0,13.0,29.213483146067414,0.6840579710144927,0.6840579710144927,0.2465162037037037
visa,macaroni2,1,1,21,1728.0,48,72,3,200,89,1.725,0.0,17.5,39.325842696629216,0.5826086956521739,0.5826086956521739,0.256484375
visa,macaroni2,1,1,23,1728.0,48,72,3,200,89,1.725,0.0,17.5,39.325842696629216,0.5826086956521739,0.5826086956521739,0.30766493055555555
visa,macaroni2,1,1,25,1728.0,48,72,2,200,89,1.725,0.0,24.0,53.93258426966292,0.4434782608695652,0.4434782608695652,0.2766927083333333
visa,macaroni2,1,1,27,1728.0,48,72,2,200,89,1.725,0.0,24.0,53.93258426966292,0.4434782608695652,0.4434782608695652,0.322734375
visa,macaroni2,1,1,29,1728.0,48,72,2,200,89,1.725,0.0,24.0,53.93258426966292,0.4434782608695652,0.4434782608695652,0.37231770833333333
visa,macaroni2,1,1,31,1728.0,48,72,1,200,89,1.725,0.0,32.0,71.91011235955057,0.2579710144927536,0.2579710144927536,0.24747974537037037
visa,macaroni2,1,1,33,1728.0,48,72,1,200,89,1.725,0.0,32.0,71.91011235955057,0.2579710144927536,0.2579710144927536,0.28044270833333335
visa,macaroni2,1,2,5,1728.0,48,72,69,200,19,0.21,0.0,0.0,0.0,1.0,1.0,0.0030381944444444445
visa,macaroni2,1,2,7,1728.0,48,72,35,200,19,0.21,0.0,0.0,0.0,1.0,1.0,0.005954861111111111
visa,macaroni2,1,2,9,1728.0,48,72,21,200,19,0.21,0.0,0.0,0.0,1.0,1.0,0.00984375
visa,macaroni2,1,2,11,1728.0,48,72,14,200,19,0.21,0.0,0.0,0.0,1.0,1.0,0.014704861111111111
visa,macaroni2,1,2,13,1728.0,48,72,10,200,19,0.21,0.0,0.0,0.0,1.0,1.0,0.020538194444444446
visa,macaroni2,1,2,15,1728.0,48,72,7,200,19,0.21,0.0,0.5,5.263157894736842,0.9523809523809523,0.9523809523809523,0.026041666666666668
visa,macaroni2,1,2,17,1728.0,48,72,5,200,19,0.21,0.0,0.5,5.263157894736842,0.9047619047619048,0.9047619047619048,0.03177662037037037
visa,macaroni2,1,2,19,1728.0,48,72,4,200,19,0.21,0.0,0.5,5.263157894736842,0.8809523809523809,0.8809523809523809,0.038648726851851854
visa,macaroni2,1,2,21,1728.0,48,72,3,200,19,0.21,0.0,1.0,10.526315789473683,0.8333333333333334,0.8333333333333334,0.044661458333333334
visa,macaroni2,1,2,23,1728.0,48,72,3,200,19,0.21,0.0,1.0,10.526315789473683,0.8333333333333334,0.8333333333333334,0.05357349537037037
visa,macaroni2,1,2,25,1728.0,48,72,2,200,19,0.21,0.0,3.0,31.57894736842105,0.6904761904761905,0.6904761904761905,0.05244502314814815
visa,macaroni2,1,2,27,1728.0,48,72,2,200,19,0.21,0.0,3.0,31.57894736842105,0.6904761904761905,0.6904761904761905,0.061171875
visa,macaroni2,1,2,29,1728.0,48,72,2,200,19,0.21,0.0,3.0,31.57894736842105,0.6904761904761905,0.6904761904761905,0.07057002314814814
visa,macaroni2,1,2,31,1728.0,48,72,1,200,19,0.21,0.0,5.0,52.63157894736842,0.4523809523809524,0.4523809523809524,0.05283275462962963
visa,macaroni2,1,2,33,1728.0,48,72,1,200,19,0.21,0.0,5.0,52.63157894736842,0.4523809523809524,0.4523809523809524,0.059869791666666665
visa,macaroni2,2,0,5,1728.0,48,72,69,200,59,1.235,0.0,0.0,0.0,1.0,1.0,0.017867476851851853
visa,macaroni2,2,0,7,1728.0,48,72,35,200,59,1.235,0.0,0.0,0.0,1.0,1.0,0.03502025462962963
visa,macaroni2,2,0,9,1728.0,48,72,21,200,59,1.235,0.0,0.0,0.0,1.0,1.0,0.057890625
visa,macaroni2,2,0,11,1728.0,48,72,14,200,59,1.235,0.0,0.0,0.0,1.0,1.0,0.08647858796296297
visa,macaroni2,2,0,13,1728.0,48,72,10,200,59,1.235,0.0,0.0,0.0,1.0,1.0,0.12078414351851852
visa,macaroni2,2,0,15,1728.0,48,72,7,200,59,1.235,0.0,3.0,10.16949152542373,0.951417004048583,0.951417004048583,0.15299479166666666
visa,macaroni2,2,0,17,1728.0,48,72,5,200,59,1.235,0.0,8.5,28.8135593220339,0.8340080971659919,0.8340080971659919,0.17226273148148147
visa,macaroni2,2,0,19,1728.0,48,72,4,200,59,1.235,0.0,11.0,37.28813559322034,0.7449392712550608,0.7449392712550608,0.19219907407407408
visa,macaroni2,2,0,21,1728.0,48,72,3,200,59,1.235,0.0,15.0,50.847457627118644,0.6234817813765182,0.6234817813765182,0.19651041666666666
visa,macaroni2,2,0,23,1728.0,48,72,3,200,59,1.235,0.0,15.0,50.847457627118644,0.6234817813765182,0.6234817813765182,0.23572337962962964
visa,macaroni2,2,0,25,1728.0,48,72,2,200,59,1.235,0.0,23.0,77.96610169491525,0.43724696356275305,0.43724696356275305,0.1953125
visa,macaroni2,2,0,27,1728.0,48,72,2,200,59,1.235,0.0,23.0,77.96610169491525,0.43724696356275305,0.43724696356275305,0.2278125
visa,macaroni2,2,0,29,1728.0,48,72,2,200,59,1.235,0.0,23.0,77.96610169491525,0.43724696356275305,0.43724696356275305,0.2628125
visa,macaroni2,2,0,31,1728.0,48,72,1,200,59,1.235,0.0,24.5,83.05084745762711,0.2388663967611336,0.2388663967611336,0.1640596064814815
visa,macaroni2,2,0,33,1728.0,48,72,1,200,59,1.235,0.0,24.5,83.05084745762711,0.2388663967611336,0.2388663967611336,0.18591145833333333
visa,macaroni2,2,1,5,1728.0,48,72,69,200,80,2.195,0.0,0.0,0.0,1.0,1.0,0.03175636574074074
visa,macaroni2,2,1,7,1728.0,48,72,35,200,80,2.195,0.0,0.0,0.0,1.0,1.0,0.06224247685185185
visa,macaroni2,2,1,9,1728.0,48,72,21,200,80,2.195,0.0,0.5,1.25,0.9908883826879271,0.9908883826879271,0.101953125
visa,macaroni2,2,1,11,1728.0,48,72,14,200,80,2.195,0.0,2.0,5.0,0.9476082004555809,0.9476082004555809,0.14564814814814814
visa,macaroni2,2,1,13,1728.0,48,72,10,200,80,2.195,0.0,5.0,12.5,0.8861047835990888,0.8861047835990888,0.19022280092592592
visa,macaroni2,2,1,15,1728.0,48,72,7,200,80,2.195,0.0,8.5,21.25,0.7835990888382688,0.7835990888382688,0.22395833333333334
visa,macaroni2,2,1,17,1728.0,48,72,5,200,80,2.195,0.0,15.5,38.75,0.6560364464692483,0.6560364464692483,0.24083333333333334
visa,macaroni2,2,1,19,1728.0,48,72,4,200,80,2.195,0.0,20.5,51.24999999999999,0.5626423690205011,0.5626423690205011,0.25800636574074076
visa,macaroni2,2,1,21,1728.0,48,72,3,200,80,2.195,0.0,22.5,56.25,0.4601366742596811,0.4601366742596811,0.25776041666666666
visa,macaroni2,2,1,23,1728.0,48,72,3,200,80,2.195,0.0,22.5,56.25,0.4601366742596811,0.4601366742596811,0.30919560185185185
visa,macaroni2,2,1,25,1728.0,48,72,2,200,80,2.195,0.0,27.0,67.5,0.33712984054669703,0.33712984054669703,0.26765046296296297
visa,macaroni2,2,1,27,1728.0,48,72,2,200,80,2.195,0.0,27.0,67.5,0.33712984054669703,0.33712984054669703,0.3121875
visa,macaroni2,2,1,29,1728.0,48,72,2,200,80,2.195,0.0,27.0,67.5,0.33712984054669703,0.33712984054669703,0.36015046296296294
visa,macaroni2,2,1,31,1728.0,48,72,1,200,80,2.195,0.0,34.0,85.0,0.18223234624145787,0.18223234624145787,0.2224537037037037
visa,macaroni2,2,1,33,1728.0,48,72,1,200,80,2.195,0.0,34.0,85.0,0.18223234624145787,0.18223234624145787,0.2520833333333333
visa,macaroni2,2,2,5,1728.0,48,72,69,200,110,4.715,1.0,0.0,0.0,1.0,1.0,0.06821469907407407
visa,macaroni2,2,2,7,1728.0,48,72,35,200,110,4.715,1.0,0.0,0.0,1.0,1.0,0.13370081018518518
visa,macaroni2,2,2,9,1728.0,48,72,21,200,110,4.715,1.0,1.5,2.727272727272727,0.9957582184517497,0.9957582184517497,0.220078125
visa,macaroni2,2,2,11,1728.0,48,72,14,200,110,4.715,1.0,11.0,20.0,0.9098621420996819,0.9098621420996819,0.30039930555555555
visa,macaroni2,2,2,13,1728.0,48,72,10,200,110,4.715,1.0,18.5,33.63636363636363,0.7762460233297985,0.7762460233297985,0.3579513888888889
visa,macaroni2,2,2,15,1728.0,48,72,7,200,110,4.715,1.0,28.999999999999996,52.72727272727272,0.623541887592789,0.623541887592789,0.3828125
visa,macaroni2,2,2,17,1728.0,48,72,5,200,110,4.715,1.0,35.5,64.54545454545455,0.4814422057264051,0.4814422057264051,0.37964699074074076
visa,macaroni2,2,2,19,1728.0,48,72,4,200,110,4.715,1.0,37.0,67.27272727272727,0.4029692470837752,0.4029692470837752,0.3969328703703704
visa,macaroni2,2,2,21,1728.0,48,72,3,200,110,4.715,1.0,41.0,74.54545454545455,0.31601272534464475,0.31601272534464475,0.38026041666666666
visa,macaroni2,2,2,23,1728.0,48,72,3,200,110,4.715,1.0,41.0,74.54545454545455,0.31601272534464475,0.31601272534464475,0.4561400462962963
visa,macaroni2,2,2,25,1728.0,48,72,2,200,110,4.715,1.0,44.5,80.9090909090909,0.22163308589607636,0.22163308589607636,0.37796585648148145
visa,macaroni2,2,2,27,1728.0,48,72,2,200,110,4.715,1.0,44.5,80.9090909090909,0.22163308589607636,0.22163308589607636,0.440859375
visa,macaroni2,2,2,29,1728.0,48,72,2,200,110,4.715,1.0,44.5,80.9090909090909,0.22163308589607636,0.22163308589607636,0.5085908564814815
visa,macaroni2,2,2,31,1728.0,48,72,1,200,110,4.715,1.0,49.5,90.0,0.11664899257688228,0.11664899257688228,0.3058738425925926
visa,macaroni2,2,2,33,1728.0,48,72,1,200,110,4.715,1.0,49.5,90.0,0.11664899257688228,0.11664899257688228,0.34661458333333334
visa,macaroni2,4,0,5,1728.0,48,72,69,200,153,6.615,5.0,0.0,0.0,1.0,1.0,0.095703125
visa,macaroni2,4,0,7,1728.0,48,72,35,200,153,6.615,5.0,0.5,0.6535947712418301,0.999244142101285,0.999244142101285,0.1874363425925926
visa,macaroni2,4,0,9,1728.0,48,72,21,200,153,6.615,5.0,4.0,5.228758169934641,0.9644746787603931,0.9644746787603931,0.2990625
visa,macaroni2,4,0,11,1728.0,48,72,14,200,153,6.615,5.0,12.0,15.686274509803921,0.873771730914588,0.873771730914588,0.4047337962962963
visa,macaroni2,4,0,13,1728.0,48,72,10,200,153,6.615,5.0,20.0,26.143790849673206,0.7755102040816326,0.7755102040816326,0.50171875
visa,macaroni2,4,0,15,1728.0,48,72,7,200,153,6.615,5.0,37.5,49.01960784313725,0.6341647770219199,0.6341647770219199,0.5462239583333334
visa,macaroni2,4,0,17,1728.0,48,72,5,200,153,6.615,5.0,45.0,58.82352941176471,0.5056689342403629,0.5056689342403629,0.5594357638888889
visa,macaroni2,4,0,19,1728.0,48,72,4,200,153,6.615,5.0,53.0,69.28104575163398,0.4255479969765684,0.4255479969765684,0.5880873842592592
visa,macaroni2,4,0,21,1728.0,48,72,3,200,153,6.615,5.0,61.0,79.73856209150327,0.3333333333333333,0.3333333333333333,0.562734375
visa,macaroni2,4,0,23,1728.0,48,72,3,200,153,6.615,5.0,61.0,79.73856209150327,0.3333333333333333,0.3333333333333333,0.6750260416666667
visa,macaroni2,4,0,25,1728.0,48,72,2,200,153,6.615,5.0,69.5,90.84967320261438,0.22826908541194255,0.22826908541194255,0.5461516203703703
visa,macaroni2,4,0,27,1728.0,48,72,2,200,153,6.615,5.0,69.5,90.84967320261438,0.22826908541194255,0.22826908541194255,0.63703125
visa,macaroni2,4,0,29,1728.0,48,72,2,200,153,6.615,5.0,69.5,90.84967320261438,0.22826908541194255,0.22826908541194255,0.7349016203703703
visa,macaroni2,4,0,31,1728.0,48,72,1,200,153,6.615,5.0,74.5,97.38562091503267,0.11564625850340136,0.11564625850340136,0.4254427083333333
visa,macaroni2,4,0,33,1728.0,48,72,1,200,153,6.615,5.0,74.5,97.38562091503267,0.11564625850340136,0.11564625850340136,0.482109375
visa,macaroni2,4,1,5,1728.0,48,72,69,200,100,2.935,0.5,0.0,0.0,1.0,1.0,0.04246238425925926
visa,macaroni2,4,1,7,1728.0,48,72,35,200,100,2.935,0.5,0.0,0.0,1.0,1.0,0.08322627314814815
visa,macaroni2,4,1,9,1728.0,48,72,21,200,100,2.935,0.5,0.0,0.0,1.0,1.0,0.137578125
visa,macaroni2,4,1,11,1728.0,48,72,14,200,100,2.935,0.5,3.5000000000000004,7.000000000000001,0.9642248722316865,0.9642248722316865,0.19816550925925927
visa,macaroni2,4,1,13,1728.0,48,72,10,200,100,2.935,0.5,7.000000000000001,14.000000000000002,0.8960817717206133,0.8960817717206133,0.25721643518518517
visa,macaroni2,4,1,15,1728.0,48,72,7,200,100,2.935,0.5,12.0,24.0,0.7904599659284497,0.7904599659284497,0.3020833333333333
visa,macaroni2,4,1,17,1728.0,48,72,5,200,100,2.935,0.5,21.5,43.0,0.6626916524701874,0.6626916524701874,0.3252922453703704
visa,macaroni2,4,1,19,1728.0,48,72,4,200,100,2.935,0.5,26.0,52.0,0.5741056218057922,0.5741056218057922,0.3520167824074074
visa,macaroni2,4,1,21,1728.0,48,72,3,200,100,2.935,0.5,33.5,67.0,0.4599659284497445,0.4599659284497445,0.34453125
visa,macaroni2,4,1,23,1728.0,48,72,3,200,100,2.935,0.5,33.5,67.0,0.4599659284497445,0.4599659284497445,0.41328125
visa,macaroni2,4,1,25,1728.0,48,72,2,200,100,2.935,0.5,39.5,79.0,0.32538330494037476,0.32538330494037476,0.34541377314814814
visa,macaroni2,4,1,27,1728.0,48,72,2,200,100,2.935,0.5,39.5,79.0,0.32538330494037476,0.32538330494037476,0.402890625
visa,macaroni2,4,1,29,1728.0,48,72,2,200,100,2.935,0.5,39.5,79.0,0.32538330494037476,0.32538330494037476,0.46478877314814815
visa,macaroni2,4,1,31,1728.0,48,72,1,200,100,2.935,0.5,45.5,91.0,0.17035775127768313,0.17035775127768313,0.27806712962962965
visa,macaroni2,4,1,33,1728.0,48,72,1,200,100,2.935,0.5,45.5,91.0,0.17035775127768313,0.17035775127768313,0.3151041666666667
visa,macaroni2,4,2,5,1728.0,48,72,69,200,82,1.57,0.0,0.0,0.0,1.0,1.0,0.02271412037037037
visa,macaroni2,4,2,7,1728.0,48,72,35,200,82,1.57,0.0,0.0,0.0,1.0,1.0,0.04451967592592593
visa,macaroni2,4,2,9,1728.0,48,72,21,200,82,1.57,0.0,0.0,0.0,1.0,1.0,0.07359375
visa,macaroni2,4,2,11,1728.0,48,72,14,200,82,1.57,0.0,0.0,0.0,1.0,1.0,0.10993634259259259
visa,macaroni2,4,2,13,1728.0,48,72,10,200,82,1.57,0.0,1.0,2.4390243902439024,0.9840764331210191,0.9840764331210191,0.15110243055555556
visa,macaroni2,4,2,15,1728.0,48,72,7,200,82,1.57,0.0,5.0,12.195121951219512,0.9267515923566879,0.9267515923566879,0.189453125
visa,macaroni2,4,2,17,1728.0,48,72,5,200,82,1.57,0.0,8.5,20.73170731707317,0.8312101910828026,0.8312101910828026,0.21825520833333334
visa,macaroni2,4,2,19,1728.0,48,72,4,200,82,1.57,0.0,12.5,30.48780487804878,0.7515923566878981,0.7515923566878981,0.2465162037037037
visa,macaroni2,4,2,21,1728.0,48,72,3,200,82,1.57,0.0,16.5,40.243902439024396,0.6464968152866242,0.6464968152866242,0.25903645833333333
visa,macaroni2,4,2,23,1728.0,48,72,3,200,82,1.57,0.0,16.5,40.243902439024396,0.6464968152866242,0.6464968152866242,0.31072627314814816
visa,macaroni2,4,2,25,1728.0,48,72,2,200,82,1.57,0.0,26.0,63.41463414634146,0.48089171974522293,0.48089171974522293,0.2730758101851852
visa,macaroni2,4,2,27,1728.0,48,72,2,200,82,1.57,0.0,26.0,63.41463414634146,0.48089171974522293,0.48089171974522293,0.318515625
visa,macaroni2,4,2,29,1728.0,48,72,2,200,82,1.57,0.0,26.0,63.41463414634146,0.48089171974522293,0.48089171974522293,0.36745081018518516
visa,macaroni2,4,2,31,1728.0,48,72,1,200,82,1.57,0.0,34.5,84.14634146341463,0.2611464968152866,0.2611464968152866,0.2280150462962963
visa,macaroni2,4,2,33,1728.0,48,72,1,200,82,1.57,0.0,34.5,84.14634146341463,0.2611464968152866,0.2611464968152866,0.25838541666666665
visa,macaroni2,8,0,5,1728.0,48,72,69,200,117,5.025,2.0,0.0,0.0,1.0,1.0,0.07269965277777778
visa,macaroni2,8,0,7,1728.0,48,72,35,200,117,5.025,2.0,1.5,2.564102564102564,0.9830845771144279,0.9830845771144279,0.1400810185185185
visa,macaroni2,8,0,9,1728.0,48,72,21,200,117,5.025,2.0,4.0,6.837606837606838,0.9164179104477612,0.9164179104477612,0.215859375
visa,macaroni2,8,0,11,1728.0,48,72,14,200,117,5.025,2.0,9.0,15.384615384615385,0.8199004975124378,0.8199004975124378,0.2884953703703704
visa,macaroni2,8,0,13,1728.0,48,72,10,200,117,5.025,2.0,16.5,28.205128205128204,0.7213930348258707,0.7213930348258707,0.35452835648148145
visa,macaroni2,8,0,15,1728.0,48,72,7,200,117,5.025,2.0,24.0,41.02564102564102,0.5970149253731343,0.5970149253731343,0.390625
visa,macaroni2,8,0,17,1728.0,48,72,5,200,117,5.025,2.0,33.0,56.41025641025641,0.4766169154228856,0.4766169154228856,0.40055266203703704
visa,macaroni2,8,0,19,1728.0,48,72,4,200,117,5.025,2.0,37.5,64.1025641025641,0.4019900497512438,0.4019900497512438,0.4220023148148148
visa,macaroni2,8,0,21,1728.0,48,72,3,200,117,5.025,2.0,42.5,72.64957264957265,0.3174129353233831,0.3174129353233831,0.40705729166666665
visa,macaroni2,8,0,23,1728.0,48,72,3,200,117,5.025,2.0,42.5,72.64957264957265,0.3174129353233831,0.3174129353233831,0.4882841435185185
visa,macaroni2,8,0,25,1728.0,48,72,2,200,117,5.025,2.0,48.5,82.90598290598291,0.2208955223880597,0.2208955223880597,0.4014756944444444
visa,macaroni2,8,0,27,1728.0,48,72,2,200,117,5.025,2.0,48.5,82.90598290598291,0.2208955223880597,0.2208955223880597,0.46828125
visa,macaroni2,8,0,29,1728.0,48,72,2,200,117,5.025,2.0,48.5,82.90598290598291,0.2208955223880597,0.2208955223880597,0.5402256944444445
visa,macaroni2,8,0,31,1728.0,48,72,1,200,117,5.025,2.0,52.5,89.74358974358975,0.11641791044776119,0.11641791044776119,0.32533854166666665
visa,macaroni2,8,0,33,1728.0,48,72,1,200,117,5.025,2.0,52.5,89.74358974358975,0.11641791044776119,0.11641791044776119,0.368671875
visa,macaroni2,8,1,5,1728.0,48,72,69,200,105,2.795,1.0,0.0,0.0,1.0,1.0,0.040436921296296294
visa,macaroni2,8,1,7,1728.0,48,72,35,200,105,2.795,1.0,0.0,0.0,1.0,1.0,0.07925636574074074
visa,macaroni2,8,1,9,1728.0,48,72,21,200,105,2.795,1.0,1.5,2.857142857142857,0.9713774597495528,0.9713774597495528,0.127265625
visa,macaroni2,8,1,11,1728.0,48,72,14,200,105,2.795,1.0,3.0,5.714285714285714,0.924865831842576,0.924865831842576,0.18100983796296297
visa,macaroni2,8,1,13,1728.0,48,72,10,200,105,2.795,1.0,5.5,10.476190476190476,0.855098389982111,0.855098389982111,0.23374421296296297
visa,macaroni2,8,1,15,1728.0,48,72,7,200,105,2.795,1.0,10.0,19.047619047619047,0.7656529516994633,0.7656529516994633,0.2786458333333333
visa,macaroni2,8,1,17,1728.0,48,72,5,200,105,2.795,1.0,17.0,32.38095238095238,0.6601073345259392,0.6601073345259392,0.30856770833333336
visa,macaroni2,8,1,19,1728.0,48,72,4,200,105,2.795,1.0,22.0,41.904761904761905,0.5813953488372093,0.5813953488372093,0.3394820601851852
visa,macaroni2,8,1,21,1728.0,48,72,3,200,105,2.795,1.0,27.500000000000004,52.38095238095239,0.48300536672629696,0.48300536672629696,0.34453125
visa,macaroni2,8,1,23,1728.0,48,72,3,200,105,2.795,1.0,27.500000000000004,52.38095238095239,0.48300536672629696,0.48300536672629696,0.41328125
visa,macaroni2,8,1,25,1728.0,48,72,2,200,105,2.795,1.0,37.5,71.42857142857143,0.3488372093023256,0.3488372093023256,0.3526475694444444
visa,macaroni2,8,1,27,1728.0,48,72,2,200,105,2.795,1.0,37.5,71.42857142857143,0.3488372093023256,0.3488372093023256,0.411328125
visa,macaroni2,8,1,29,1728.0,48,72,2,200,105,2.795,1.0,37.5,71.42857142857143,0.3488372093023256,0.3488372093023256,0.47452256944444443
visa,macaroni2,8,1,31,1728.0,48,72,1,200,105,2.795,1.0,45.0,85.71428571428571,0.18783542039355994,0.18783542039355994,0.2919704861111111
visa,macaroni2,8,1,33,1728.0,48,72,1,200,105,2.795,1.0,45.0,85.71428571428571,0.18783542039355994,0.18783542039355994,0.330859375
visa,macaroni2,8,2,5,1728.0,48,72,69,200,117,3.995,1.0,0.0,0.0,1.0,1.0,0.057798032407407406
visa,macaroni2,8,2,7,1728.0,48,72,35,200,117,3.995,1.0,1.0,1.7094017094017095,0.9749687108886108,0.9749687108886108,0.11044849537037037
visa,macaroni2,8,2,9,1728.0,48,72,21,200,117,3.995,1.0,3.0,5.128205128205128,0.9211514392991239,0.9211514392991239,0.1725
visa,macaroni2,8,2,11,1728.0,48,72,14,200,117,3.995,1.0,7.000000000000001,11.965811965811966,0.8498122653316645,0.8498122653316645,0.23772858796296295
visa,macaroni2,8,2,13,1728.0,48,72,10,200,117,3.995,1.0,12.0,20.51282051282051,0.7484355444305382,0.7484355444305382,0.2924247685185185
visa,macaroni2,8,2,15,1728.0,48,72,7,200,117,3.995,1.0,17.0,29.059829059829063,0.6345431789737171,0.6345431789737171,0.330078125
visa,macaroni2,8,2,17,1728.0,48,72,5,200,117,3.995,1.0,23.5,40.17094017094017,0.5244055068836045,0.5244055068836045,0.3503790509259259
visa,macaroni2,8,2,19,1728.0,48,72,4,200,117,3.995,1.0,26.5,45.2991452991453,0.45807259073842305,0.45807259073842305,0.38230902777777775
visa,macaroni2,8,2,21,1728.0,48,72,3,200,117,3.995,1.0,33.5,57.26495726495726,0.3742177722152691,0.3742177722152691,0.38153645833333333
visa,macaroni2,8,2,23,1728.0,48,72,3,200,117,3.995,1.0,33.5,57.26495726495726,0.3742177722152691,0.3742177722152691,0.4576707175925926
visa,macaroni2,8,2,25,1728.0,48,72,2,200,117,3.995,1.0,42.0,71.7948717948718,0.2690863579474343,0.2690863579474343,0.38881655092592593
visa,macaroni2,8,2,27,1728.0,48,72,2,200,117,3.995,1.0,42.0,71.7948717948718,0.2690863579474343,0.2690863579474343,0.453515625
visa,macaroni2,8,2,29,1728.0,48,72,2,200,117,3.995,1.0,42.0,71.7948717948718,0.2690863579474343,0.2690863579474343,0.523191550925926
visa,macaroni2,8,2,31,1728.0,48,72,1,200,117,3.995,1.0,49.0,83.76068376068376,0.14643304130162704,0.14643304130162704,0.32533854166666665
visa,macaroni2,8,2,33,1728.0,48,72,1,200,117,3.995,1.0,49.0,83.76068376068376,0.14643304130162704,0.14643304130162704,0.368671875
visa,pcb1,1,0,5,1488.0,48,62,59,200,41,1.05,0.0,0.0,0.0,1.0,1.0,0.017641129032258066
visa,pcb1,1,0,7,1488.0,48,62,30,200,41,1.05,0.0,0.0,0.0,1.0,1.0,0.034576612903225806
visa,pcb1,1,0,9,1488.0,48,62,18,200,41,1.05,0.0,0.0,0.0,1.0,1.0,0.05715725806451613
visa,pcb1,1,0,11,1488.0,48,62,12,200,41,1.05,0.0,0.5,2.4390243902439024,0.9952380952380953,0.9952380952380953,0.08497647849462366
visa,pcb1,1,0,13,1488.0,48,62,8,200,41,1.05,0.0,2.0,9.75609756097561,0.9523809523809523,0.9523809523809523,0.1135752688172043
visa,pcb1,1,0,15,1488.0,48,62,6,200,41,1.05,0.0,7.5,36.58536585365854,0.8428571428571429,0.8428571428571429,0.13382056451612903
visa,pcb1,1,0,17,1488.0,48,62,5,200,41,1.05,0.0,8.5,41.46341463414634,0.7619047619047619,0.7619047619047619,0.1553763440860215
visa,pcb1,1,0,19,1488.0,48,62,4,200,41,1.05,0.0,11.5,56.09756097560976,0.6523809523809524,0.6523809523809524,0.1661861559139785
visa,pcb1,1,0,21,1488.0,48,62,3,200,41,1.05,0.0,13.5,65.85365853658537,0.5238095238095238,0.5238095238095238,0.1630040322580645
visa,pcb1,1,0,23,1488.0,48,62,2,200,41,1.05,0.0,16.5,80.48780487804879,0.36666666666666664,0.36666666666666664,0.13687163978494624
visa,pcb1,1,0,25,1488.0,48,62,2,200,41,1.05,0.0,16.5,80.48780487804879,0.36666666666666664,0.36666666666666664,0.1617103494623656
visa,pcb1,1,0,27,1488.0,48,62,2,200,41,1.05,0.0,16.5,80.48780487804879,0.36666666666666664,0.36666666666666664,0.18861895161290324
visa,pcb1,1,0,29,1488.0,48,62,1,200,41,1.05,0.0,18.0,87.8048780487805,0.19523809523809524,0.19523809523809524,0.1158635752688172
visa,pcb1,1,0,31,1488.0,48,62,1,200,41,1.05,0.0,18.0,87.8048780487805,0.19523809523809524,0.19523809523809524,0.13239583333333332
visa,pcb1,1,0,33,1488.0,48,62,1,200,41,1.05,0.0,18.0,87.8048780487805,0.19523809523809524,0.19523809523809524,0.15003024193548387
visa,pcb1,1,1,5,1488.0,48,62,59,200,61,2.41,0.0,0.5,1.639344262295082,0.9854771784232366,0.9854771784232366,0.03990255376344086
visa,pcb1,1,1,7,1488.0,48,62,30,200,61,2.41,0.0,0.5,1.639344262295082,0.9253112033195021,0.9253112033195021,0.07343413978494624
visa,pcb1,1,1,9,1488.0,48,62,18,200,61,2.41,0.0,2.5,8.19672131147541,0.8734439834024896,0.8734439834024896,0.1145866935483871
visa,pcb1,1,1,11,1488.0,48,62,12,200,61,2.41,0.0,3.5000000000000004,11.475409836065573,0.8029045643153527,0.8029045643153527,0.15734879032258065
visa,pcb1,1,1,13,1488.0,48,62,8,200,61,2.41,0.0,9.0,29.508196721311474,0.6950207468879668,0.6950207468879668,0.1902385752688172
visa,pcb1,1,1,15,1488.0,48,62,6,200,61,2.41,0.0,14.000000000000002,45.90163934426229,0.5912863070539419,0.5912863070539419,0.21547379032258066
visa,pcb1,1,1,17,1488.0,48,62,5,200,61,2.41,0.0,16.0,52.459016393442624,0.524896265560166,0.524896265560166,0.2456888440860215
visa,pcb1,1,1,19,1488.0,48,62,4,200,61,2.41,0.0,19.5,63.934426229508205,0.44398340248962653,0.44398340248962653,0.25959005376344085
visa,pcb1,1,1,21,1488.0,48,62,3,200,61,2.41,0.0,22.0,72.1311475409836,0.35269709543568467,0.35269709543568467,0.25191532258064514
visa,pcb1,1,1,23,1488.0,48,62,2,200,61,2.41,0.0,26.5,86.88524590163934,0.24273858921161826,0.24273858921161826,0.20797379032258065
visa,pcb1,1,1,25,1488.0,48,62,2,200,61,2.41,0.0,26.5,86.88524590163934,0.24273858921161826,0.24273858921161826,0.24571572580645162
visa,pcb1,1,1,27,1488.0,48,62,2,200,61,2.41,0.0,26.5,86.88524590163934,0.24273858921161826,0.24273858921161826,0.2866028225806452
visa,pcb1,1,1,29,1488.0,48,62,1,200,61,2.41,0.0,28.000000000000004,91.80327868852459,0.12655601659751037,0.12655601659751037,0.1723823924731183
visa,pcb1,1,1,31,1488.0,48,62,1,200,61,2.41,0.0,28.000000000000004,91.80327868852459,0.12655601659751037,0.12655601659751037,0.19697916666666668
visa,pcb1,1,1,33,1488.0,48,62,1,200,61,2.41,0.0,28.000000000000004,91.80327868852459,0.12655601659751037,0.12655601659751037,0.2232157258064516
visa,pcb1,1,2,5,1488.0,48,62,59,200,44,1.34,0.0,0.0,0.0,1.0,1.0,0.022513440860215055
visa,pcb1,1,2,7,1488.0,48,62,30,200,44,1.34,0.0,0.5,2.272727272727273,0.9850746268656716,0.9850746268656716,0.04346774193548387
visa,pcb1,1,2,9,1488.0,48,62,18,200,44,1.34,0.0,0.5,2.272727272727273,0.9402985074626866,0.9402985074626866,0.06858870967741935
visa,pcb1,1,2,11,1488.0,48,62,12,200,44,1.34,0.0,2.5,11.363636363636363,0.8507462686567164,0.8507462686567164,0.0927016129032258
visa,pcb1,1,2,13,1488.0,48,62,8,200,44,1.34,0.0,4.0,18.181818181818183,0.753731343283582,0.753731343283582,0.11471102150537635
visa,pcb1,1,2,15,1488.0,48,62,6,200,44,1.34,0.0,6.5,29.545454545454547,0.6716417910447762,0.6716417910447762,0.13608870967741934
visa,pcb1,1,2,17,1488.0,48,62,5,200,44,1.34,0.0,8.0,36.36363636363637,0.6119402985074627,0.6119402985074627,0.15926075268817205
visa,pcb1,1,2,19,1488.0,48,62,4,200,44,1.34,0.0,10.0,45.45454545454545,0.5373134328358209,0.5373134328358209,0.17467741935483871
visa,pcb1,1,2,21,1488.0,48,62,3,200,44,1.34,0.0,14.000000000000002,63.63636363636363,0.43283582089552236,0.43283582089552236,0.1718951612903226
visa,pcb1,1,2,23,1488.0,48,62,2,200,44,1.34,0.0,16.5,75.0,0.30970149253731344,0.30970149253731344,0.14753696236559138
visa,pcb1,1,2,25,1488.0,48,62,2,200,44,1.34,0.0,16.5,75.0,0.30970149253731344,0.30970149253731344,0.1743111559139785
visa,pcb1,1,2,27,1488.0,48,62,2,200,44,1.34,0.0,16.5,75.0,0.30970149253731344,0.30970149253731344,0.2033165322580645
visa,pcb1,1,2,29,1488.0,48,62,1,200,44,1.34,0.0,19.5,88.63636363636364,0.16417910447761194,0.16417910447761194,0.12434139784946237
visa,pcb1,1,2,31,1488.0,48,62,1,200,44,1.34,0.0,19.5,88.63636363636364,0.16417910447761194,0.16417910447761194,0.14208333333333334
visa,pcb1,1,2,33,1488.0,48,62,1,200,44,1.34,0.0,19.5,88.63636363636364,0.16417910447761194,0.16417910447761194,0.16100806451612903
visa,pcb1,2,0,5,1488.0,48,62,59,200,148,5.47,3.0,0.5,0.6756756756756757,0.9972577696526508,0.9972577696526508,0.09164986559139784
visa,pcb1,2,0,7,1488.0,48,62,30,200,148,5.47,3.0,1.5,2.027027027027027,0.9414990859232175,0.9414990859232175,0.16959005376344086
visa,pcb1,2,0,9,1488.0,48,62,18,200,148,5.47,3.0,3.0,4.054054054054054,0.8912248628884827,0.8912248628884827,0.26537298387096775
visa,pcb1,2,0,11,1488.0,48,62,12,200,148,5.47,3.0,10.0,13.513513513513514,0.8162705667276051,0.8162705667276051,0.3630813172043011
visa,pcb1,2,0,13,1488.0,48,62,8,200,148,5.47,3.0,22.0,29.72972972972973,0.6846435100548446,0.6846435100548446,0.4253393817204301
visa,pcb1,2,0,15,1488.0,48,62,6,200,148,5.47,3.0,31.0,41.891891891891895,0.5804387568555759,0.5804387568555759,0.4800907258064516
visa,pcb1,2,0,17,1488.0,48,62,5,200,148,5.47,3.0,37.0,50.0,0.5127970749542962,0.5127970749542962,0.5447883064516129
visa,pcb1,2,0,19,1488.0,48,62,4,200,148,5.47,3.0,43.0,58.108108108108105,0.43418647166361973,0.43418647166361973,0.576192876344086
visa,pcb1,2,0,21,1488.0,48,62,3,200,148,5.47,3.0,47.5,64.1891891891892,0.3473491773308958,0.3473491773308958,0.5631048387096774
visa,pcb1,2,0,23,1488.0,48,62,2,200,148,5.47,3.0,53.5,72.2972972972973,0.24954296160877515,0.24954296160877515,0.48527217741935486
visa,pcb1,2,0,25,1488.0,48,62,2,200,148,5.47,3.0,53.5,72.2972972972973,0.24954296160877515,0.24954296160877515,0.5733366935483871
visa,pcb1,2,0,27,1488.0,48,62,2,200,148,5.47,3.0,53.5,72.2972972972973,0.24954296160877515,0.24954296160877515,0.6687399193548387
visa,pcb1,2,0,29,1488.0,48,62,1,200,148,5.47,3.0,62.5,84.45945945945947,0.13528336380255943,0.13528336380255943,0.41823924731182793
visa,pcb1,2,0,31,1488.0,48,62,1,200,148,5.47,3.0,62.5,84.45945945945947,0.13528336380255943,0.13528336380255943,0.47791666666666666
visa,pcb1,2,0,33,1488.0,48,62,1,200,148,5.47,3.0,62.5,84.45945945945947,0.13528336380255943,0.13528336380255943,0.5415725806451613
visa,pcb1,2,1,5,1488.0,48,62,59,200,10,0.195,0.0,0.0,0.0,1.0,1.0,0.003276209677419355
visa,pcb1,2,1,7,1488.0,48,62,30,200,10,0.195,0.0,0.0,0.0,1.0,1.0,0.006421370967741935
visa,pcb1,2,1,9,1488.0,48,62,18,200,10,0.195,0.0,0.0,0.0,1.0,1.0,0.01061491935483871
visa,pcb1,2,1,11,1488.0,48,62,12,200,10,0.195,0.0,0.0,0.0,1.0,1.0,0.015856854838709678
visa,pcb1,2,1,13,1488.0,48,62,8,200,10,0.195,0.0,0.0,0.0,1.0,1.0,0.02214717741935484
visa,pcb1,2,1,15,1488.0,48,62,6,200,10,0.195,0.0,1.5,30.0,0.8974358974358975,0.8974358974358975,0.026461693548387098
visa,pcb1,2,1,17,1488.0,48,62,5,200,10,0.195,0.0,1.5,30.0,0.8205128205128205,0.8205128205128205,0.0310752688172043
visa,pcb1,2,1,19,1488.0,48,62,4,200,10,0.195,0.0,1.5,30.0,0.7435897435897436,0.7435897435897436,0.03517809139784946
visa,pcb1,2,1,21,1488.0,48,62,3,200,10,0.195,0.0,2.0,40.0,0.6410256410256411,0.6410256410256411,0.03704637096774194
visa,pcb1,2,1,23,1488.0,48,62,2,200,10,0.195,0.0,3.0,60.0,0.48717948717948717,0.48717948717948717,0.033773521505376346
visa,pcb1,2,1,25,1488.0,48,62,2,200,10,0.195,0.0,3.0,60.0,0.48717948717948717,0.48717948717948717,0.03990255376344086
visa,pcb1,2,1,27,1488.0,48,62,2,200,10,0.195,0.0,3.0,60.0,0.48717948717948717,0.48717948717948717,0.04654233870967742
visa,pcb1,2,1,29,1488.0,48,62,1,200,10,0.195,0.0,4.5,90.0,0.2564102564102564,0.2564102564102564,0.028259408602150538
visa,pcb1,2,1,31,1488.0,48,62,1,200,10,0.195,0.0,4.5,90.0,0.2564102564102564,0.2564102564102564,0.03229166666666667
visa,pcb1,2,1,33,1488.0,48,62,1,200,10,0.195,0.0,4.5,90.0,0.2564102564102564,0.2564102564102564,0.03659274193548387
visa,pcb1,2,2,5,1488.0,48,62,59,200,2,0.015,0.0,0.0,0.0,1.0,1.0,0.00025201612903225806
visa,pcb1,2,2,7,1488.0,48,62,30,200,2,0.015,0.0,0.0,0.0,1.0,1.0,0.0004939516129032259
visa,pcb1,2,2,9,1488.0,48,62,18,200,2,0.015,0.0,0.0,0.0,1.0,1.0,0.0008165322580645162
visa,pcb1,2,2,11,1488.0,48,62,12,200,2,0.015,0.0,0.0,0.0,1.0,1.0,0.001219758064516129
visa,pcb1,2,2,13,1488.0,48,62,8,200,2,0.015,0.0,0.0,0.0,1.0,1.0,0.0017036290322580646
visa,pcb1,2,2,15,1488.0,48,62,6,200,2,0.015,0.0,0.0,0.0,1.0,1.0,0.0022681451612903227
visa,pcb1,2,2,17,1488.0,48,62,5,200,2,0.015,0.0,0.0,0.0,1.0,1.0,0.0029133064516129034
visa,pcb1,2,2,19,1488.0,48,62,4,200,2,0.015,0.0,0.0,0.0,1.0,1.0,0.0036391129032258066
visa,pcb1,2,2,21,1488.0,48,62,3,200,2,0.015,0.0,0.0,0.0,1.0,1.0,0.004445564516129033
visa,pcb1,2,2,23,1488.0,48,62,2,200,2,0.015,0.0,0.0,0.0,1.0,1.0,0.005332661290322581
visa,pcb1,2,2,25,1488.0,48,62,2,200,2,0.015,0.0,0.0,0.0,1.0,1.0,0.006300403225806451
visa,pcb1,2,2,27,1488.0,48,62,2,200,2,0.015,0.0,0.0,0.0,1.0,1.0,0.007348790322580645
visa,pcb1,2,2,29,1488.0,48,62,1,200,2,0.015,0.0,0.5,50.0,0.6666666666666666,0.6666666666666666,0.005651881720430107
visa,pcb1,2,2,31,1488.0,48,62,1,200,2,0.015,0.0,0.5,50.0,0.6666666666666666,0.6666666666666666,0.006458333333333333
visa,pcb1,2,2,33,1488.0,48,62,1,200,2,0.015,0.0,0.5,50.0,0.6666666666666666,0.6666666666666666,0.007318548387096774
visa,pcb1,4,0,5,1488.0,48,62,59,200,0,0.0,0.0,0.0,0.0,0.0,0.0,0.0
visa,pcb1,4,0,7,1488.0,48,62,30,200,0,0.0,0.0,0.0,0.0,0.0,0.0,0.0
visa,pcb1,4,0,9,1488.0,48,62,18,200,0,0.0,0.0,0.0,0.0,0.0,0.0,0.0
visa,pcb1,4,0,11,1488.0,48,62,12,200,0,0.0,0.0,0.0,0.0,0.0,0.0,0.0
visa,pcb1,4,0,13,1488.0,48,62,8,200,0,0.0,0.0,0.0,0.0,0.0,0.0,0.0
visa,pcb1,4,0,15,1488.0,48,62,6,200,0,0.0,0.0,0.0,0.0,0.0,0.0,0.0
visa,pcb1,4,0,17,1488.0,48,62,5,200,0,0.0,0.0,0.0,0.0,0.0,0.0,0.0
visa,pcb1,4,0,19,1488.0,48,62,4,200,0,0.0,0.0,0.0,0.0,0.0,0.0,0.0
visa,pcb1,4,0,21,1488.0,48,62,3,200,0,0.0,0.0,0.0,0.0,0.0,0.0,0.0
visa,pcb1,4,0,23,1488.0,48,62,2,200,0,0.0,0.0,0.0,0.0,0.0,0.0,0.0
visa,pcb1,4,0,25,1488.0,48,62,2,200,0,0.0,0.0,0.0,0.0,0.0,0.0,0.0
visa,pcb1,4,0,27,1488.0,48,62,2,200,0,0.0,0.0,0.0,0.0,0.0,0.0,0.0
visa,pcb1,4,0,29,1488.0,48,62,1,200,0,0.0,0.0,0.0,0.0,0.0,0.0,0.0
visa,pcb1,4,0,31,1488.0,48,62,1,200,0,0.0,0.0,0.0,0.0,0.0,0.0,0.0
visa,pcb1,4,0,33,1488.0,48,62,1,200,0,0.0,0.0,0.0,0.0,0.0,0.0,0.0
visa,pcb1,4,1,5,1488.0,48,62,59,200,111,3.235,1.0,0.0,0.0,1.0,1.0,0.054351478494623656
visa,pcb1,4,1,7,1488.0,48,62,30,200,111,3.235,1.0,1.0,1.8018018018018018,0.9319938176197836,0.9319938176197836,0.09928427419354839
visa,pcb1,4,1,9,1488.0,48,62,18,200,111,3.235,1.0,2.0,3.6036036036036037,0.8686244204018547,0.8686244204018547,0.15296370967741935
visa,pcb1,4,1,11,1488.0,48,62,12,200,111,3.235,1.0,3.5000000000000004,6.306306306306306,0.8238021638330757,0.8238021638330757,0.2167103494623656
visa,pcb1,4,1,13,1488.0,48,62,8,200,111,3.235,1.0,9.0,16.216216216216218,0.740340030911901,0.740340030911901,0.2720127688172043
visa,pcb1,4,1,15,1488.0,48,62,6,200,111,3.235,1.0,16.5,29.72972972972973,0.652241112828439,0.652241112828439,0.3190524193548387
visa,pcb1,4,1,17,1488.0,48,62,5,200,111,3.235,1.0,20.0,36.03603603603604,0.5904173106646059,0.5904173106646059,0.37096102150537635
visa,pcb1,4,1,19,1488.0,48,62,4,200,111,3.235,1.0,23.0,41.44144144144144,0.5193199381761978,0.5193199381761978,0.40758064516129033
visa,pcb1,4,1,21,1488.0,48,62,3,200,111,3.235,1.0,30.0,54.054054054054056,0.4265842349304482,0.4265842349304482,0.40899193548387097
visa,pcb1,4,1,23,1488.0,48,62,2,200,111,3.235,1.0,37.5,67.56756756756756,0.3106646058732612,0.3106646058732612,0.3572883064516129
visa,pcb1,4,1,25,1488.0,48,62,2,200,111,3.235,1.0,37.5,67.56756756756756,0.3106646058732612,0.3106646058732612,0.42212701612903225
visa,pcb1,4,1,27,1488.0,48,62,2,200,111,3.235,1.0,37.5,67.56756756756756,0.3106646058732612,0.3106646058732612,0.4923689516129032
visa,pcb1,4,1,29,1488.0,48,62,1,200,111,3.235,1.0,45.0,81.08108108108108,0.17156105100463678,0.17156105100463678,0.31367943548387095
visa,pcb1,4,1,31,1488.0,48,62,1,200,111,3.235,1.0,45.0,81.08108108108108,0.17156105100463678,0.17156105100463678,0.3584375
visa,pcb1,4,1,33,1488.0,48,62,1,200,111,3.235,1.0,45.0,81.08108108108108,0.17156105100463678,0.17156105100463678,0.406179435483871
visa,pcb1,4,2,5,1488.0,48,62,59,200,7,0.12,0.0,0.0,0.0,1.0,1.0,0.0020161290322580645
visa,pcb1,4,2,7,1488.0,48,62,30,200,7,0.12,0.0,0.0,0.0,1.0,1.0,0.003951612903225807
visa,pcb1,4,2,9,1488.0,48,62,18,200,7,0.12,0.0,0.0,0.0,1.0,1.0,0.006532258064516129
visa,pcb1,4,2,11,1488.0,48,62,12,200,7,0.12,0.0,0.0,0.0,1.0,1.0,0.009758064516129032
visa,pcb1,4,2,13,1488.0,48,62,8,200,7,0.12,0.0,0.5,14.285714285714285,0.9583333333333334,0.9583333333333334,0.013061155913978495
visa,pcb1,4,2,15,1488.0,48,62,6,200,7,0.12,0.0,0.5,14.285714285714285,0.875,0.875,0.015877016129032258
visa,pcb1,4,2,17,1488.0,48,62,5,200,7,0.12,0.0,1.0,28.57142857142857,0.7916666666666666,0.7916666666666666,0.018450940860215054
visa,pcb1,4,2,19,1488.0,48,62,4,200,7,0.12,0.0,1.0,28.57142857142857,0.7083333333333334,0.7083333333333334,0.020621639784946237
visa,pcb1,4,2,21,1488.0,48,62,3,200,7,0.12,0.0,1.0,28.57142857142857,0.625,0.625,0.02222782258064516
visa,pcb1,4,2,23,1488.0,48,62,2,200,7,0.12,0.0,1.5,42.857142857142854,0.5,0.5,0.021330645161290324
visa,pcb1,4,2,25,1488.0,48,62,2,200,7,0.12,0.0,1.5,42.857142857142854,0.5,0.5,0.025201612903225805
visa,pcb1,4,2,27,1488.0,48,62,2,200,7,0.12,0.0,1.5,42.857142857142854,0.5,0.5,0.02939516129032258
visa,pcb1,4,2,29,1488.0,48,62,1,200,7,0.12,0.0,2.5,71.42857142857143,0.2916666666666667,0.2916666666666667,0.019781586021505378
visa,pcb1,4,2,31,1488.0,48,62,1,200,7,0.12,0.0,2.5,71.42857142857143,0.2916666666666667,0.2916666666666667,0.022604166666666668
visa,pcb1,4,2,33,1488.0,48,62,1,200,7,0.12,0.0,2.5,71.42857142857143,0.2916666666666667,0.2916666666666667,0.02561491935483871
visa,pcb1,8,0,5,1488.0,48,62,59,200,68,2.9,0.0,0.5,1.4705882352941175,0.9758620689655172,0.9758620689655172,0.04754704301075269
visa,pcb1,8,0,7,1488.0,48,62,30,200,68,2.9,0.0,2.5,7.352941176470589,0.85,0.85,0.08117271505376344
visa,pcb1,8,0,9,1488.0,48,62,18,200,68,2.9,0.0,5.0,14.705882352941178,0.6948275862068966,0.6948275862068966,0.1096875
visa,pcb1,8,0,11,1488.0,48,62,12,200,68,2.9,0.0,5.5,16.176470588235293,0.5896551724137931,0.5896551724137931,0.1390524193548387
visa,pcb1,8,0,13,1488.0,48,62,8,200,68,2.9,0.0,7.5,22.058823529411764,0.503448275862069,0.503448275862069,0.1658198924731183
visa,pcb1,8,0,15,1488.0,48,62,6,200,68,2.9,0.0,10.0,29.411764705882355,0.44310344827586207,0.44310344827586207,0.19430443548387097
visa,pcb1,8,0,17,1488.0,48,62,5,200,68,2.9,0.0,11.0,32.35294117647059,0.4051724137931034,0.4051724137931034,0.2282090053763441
visa,pcb1,8,0,19,1488.0,48,62,4,200,68,2.9,0.0,13.5,39.705882352941174,0.3586206896551724,0.3586206896551724,0.25231182795698925
visa,pcb1,8,0,21,1488.0,48,62,3,200,68,2.9,0.0,18.0,52.94117647058824,0.296551724137931,0.296551724137931,0.2548790322580645
visa,pcb1,8,0,23,1488.0,48,62,2,200,68,2.9,0.0,23.0,67.64705882352942,0.21724137931034482,0.21724137931034482,0.22397177419354838
visa,pcb1,8,0,25,1488.0,48,62,2,200,68,2.9,0.0,23.0,67.64705882352942,0.21724137931034482,0.21724137931034482,0.26461693548387094
visa,pcb1,8,0,27,1488.0,48,62,2,200,68,2.9,0.0,23.0,67.64705882352942,0.21724137931034482,0.21724137931034482,0.3086491935483871
visa,pcb1,8,0,29,1488.0,48,62,1,200,68,2.9,0.0,28.999999999999996,85.29411764705883,0.11724137931034483,0.11724137931034483,0.19216397849462366
visa,pcb1,8,0,31,1488.0,48,62,1,200,68,2.9,0.0,28.999999999999996,85.29411764705883,0.11724137931034483,0.11724137931034483,0.21958333333333332
visa,pcb1,8,0,33,1488.0,48,62,1,200,68,2.9,0.0,28.999999999999996,85.29411764705883,0.11724137931034483,0.11724137931034483,0.24883064516129033
visa,pcb1,8,1,5,1488.0,48,62,59,200,79,2.97,0.0,0.5,1.2658227848101267,0.9814814814814815,0.9814814814814815,0.04897513440860215
visa,pcb1,8,1,7,1488.0,48,62,30,200,79,2.97,0.0,1.5,3.79746835443038,0.8922558922558923,0.8922558922558923,0.08726478494623656
visa,pcb1,8,1,9,1488.0,48,62,18,200,79,2.97,0.0,2.5,6.329113924050633,0.8013468013468014,0.8013468013468014,0.12955645161290322
visa,pcb1,8,1,11,1488.0,48,62,12,200,79,2.97,0.0,5.5,13.924050632911392,0.7154882154882155,0.7154882154882155,0.17279905913978494
visa,pcb1,8,1,13,1488.0,48,62,8,200,79,2.97,0.0,10.0,25.31645569620253,0.6245791245791246,0.6245791245791246,0.210682123655914
visa,pcb1,8,1,15,1488.0,48,62,6,200,79,2.97,0.0,14.499999999999998,36.708860759493675,0.531986531986532,0.531986531986532,0.23891129032258066
visa,pcb1,8,1,17,1488.0,48,62,5,200,79,2.97,0.0,16.5,41.77215189873418,0.4764309764309764,0.4764309764309764,0.27482190860215056
visa,pcb1,8,1,19,1488.0,48,62,4,200,79,2.97,0.0,18.5,46.835443037974684,0.41414141414141414,0.41414141414141414,0.2984072580645161
visa,pcb1,8,1,21,1488.0,48,62,3,200,79,2.97,0.0,22.5,56.9620253164557,0.3383838383838384,0.3383838383838384,0.29785282258064516
visa,pcb1,8,1,23,1488.0,48,62,2,200,79,2.97,0.0,28.499999999999996,72.15189873417721,0.24242424242424243,0.24242424242424243,0.2559677419354839
visa,pcb1,8,1,25,1488.0,48,62,2,200,79,2.97,0.0,28.499999999999996,72.15189873417721,0.24242424242424243,0.24242424242424243,0.3024193548387097
visa,pcb1,8,1,27,1488.0,48,62,2,200,79,2.97,0.0,28.499999999999996,72.15189873417721,0.24242424242424243,0.24242424242424243,0.35274193548387095
visa,pcb1,8,1,29,1488.0,48,62,1,200,79,2.97,0.0,32.5,82.27848101265823,0.132996632996633,0.132996632996633,0.22324932795698924
visa,pcb1,8,1,31,1488.0,48,62,1,200,79,2.97,0.0,32.5,82.27848101265823,0.132996632996633,0.132996632996633,0.2551041666666667
visa,pcb1,8,1,33,1488.0,48,62,1,200,79,2.97,0.0,32.5,82.27848101265823,0.132996632996633,0.132996632996633,0.28908266129032256
visa,pcb1,8,2,5,1488.0,48,62,59,200,80,3.505,0.0,1.0,2.5,0.9543509272467903,0.9543509272467903,0.05619959677419355
visa,pcb1,8,2,7,1488.0,48,62,30,200,80,3.505,0.0,3.0,7.5,0.8388017118402282,0.8388017118402282,0.09681451612903226
visa,pcb1,8,2,9,1488.0,48,62,18,200,80,3.505,0.0,4.0,10.0,0.7161198288159771,0.7161198288159771,0.13663306451612903
visa,pcb1,8,2,11,1488.0,48,62,12,200,80,3.505,0.0,6.0,15.0,0.6319543509272468,0.6319543509272468,0.18011760752688172
visa,pcb1,8,2,13,1488.0,48,62,8,200,80,3.505,0.0,11.0,27.500000000000004,0.5392296718972895,0.5392296718972895,0.21465725806451613
visa,pcb1,8,2,15,1488.0,48,62,6,200,80,3.505,0.0,13.5,33.75,0.46504992867332384,0.46504992867332384,0.24647177419354838
visa,pcb1,8,2,17,1488.0,48,62,5,200,80,3.505,0.0,18.0,45.0,0.4136947218259629,0.4136947218259629,0.281619623655914
visa,pcb1,8,2,19,1488.0,48,62,4,200,80,3.505,0.0,19.5,48.75,0.35805991440798857,0.35805991440798857,0.3044724462365591
visa,pcb1,8,2,21,1488.0,48,62,3,200,80,3.505,0.0,23.0,57.49999999999999,0.29243937232524964,0.29243937232524964,0.30378024193548386
visa,pcb1,8,2,23,1488.0,48,62,2,200,80,3.505,0.0,28.499999999999996,71.25,0.21112696148359486,0.21112696148359486,0.2630779569892473
visa,pcb1,8,2,25,1488.0,48,62,2,200,80,3.505,0.0,28.499999999999996,71.25,0.21112696148359486,0.21112696148359486,0.31081989247311825
visa,pcb1,8,2,27,1488.0,48,62,2,200,80,3.505,0.0,28.499999999999996,71.25,0.21112696148359486,0.21112696148359486,0.36254032258064517
visa,pcb1,8,2,29,1488.0,48,62,1,200,80,3.505,0.0,34.0,85.0,0.11412268188302425,0.11412268188302425,0.2260752688172043
visa,pcb1,8,2,31,1488.0,48,62,1,200,80,3.505,0.0,34.0,85.0,0.11412268188302425,0.11412268188302425,0.25833333333333336
visa,pcb1,8,2,33,1488.0,48,62,1,200,80,3.505,0.0,34.0,85.0,0.11412268188302425,0.11412268188302425,0.29274193548387095
visa,pcb2,1,0,5,1488.0,48,62,59,200,175,10.07,7.0,2.0,2.2857142857142856,0.9687189672293942,0.9687189672293942,0.16389448924731181
visa,pcb2,1,0,7,1488.0,48,62,30,200,175,10.07,7.0,4.5,5.142857142857142,0.897219463753724,0.897219463753724,0.29752352150537636
visa,pcb2,1,0,9,1488.0,48,62,18,200,175,10.07,7.0,11.5,13.142857142857142,0.8182720953326713,0.8182720953326713,0.4485483870967742
visa,pcb2,1,0,11,1488.0,48,62,12,200,175,10.07,7.0,26.5,30.28571428571429,0.7000993048659384,0.7000993048659384,0.5732862903225806
visa,pcb2,1,0,13,1488.0,48,62,8,200,175,10.07,7.0,45.5,52.0,0.548162859980139,0.548162859980139,0.6269354838709678
visa,pcb2,1,0,15,1488.0,48,62,6,200,175,10.07,7.0,54.0,61.71428571428571,0.4458788480635551,0.4458788480635551,0.6789314516129032
visa,pcb2,1,0,17,1488.0,48,62,5,200,175,10.07,7.0,61.0,69.71428571428572,0.3853028798411122,0.3853028798411122,0.7535752688172043
visa,pcb2,1,0,19,1488.0,48,62,4,200,175,10.07,7.0,66.5,76.0,0.31926514399205563,0.31926514399205563,0.7799831989247312
visa,pcb2,1,0,21,1488.0,48,62,3,200,175,10.07,7.0,72.5,82.85714285714286,0.24726911618669314,0.24726911618669314,0.7379637096774193
visa,pcb2,1,0,23,1488.0,48,62,2,200,175,10.07,7.0,78.5,89.71428571428571,0.16931479642502484,0.16931479642502484,0.6061458333333334
visa,pcb2,1,0,25,1488.0,48,62,2,200,175,10.07,7.0,78.5,89.71428571428571,0.16931479642502484,0.16931479642502484,0.7161458333333334
visa,pcb2,1,0,27,1488.0,48,62,2,200,175,10.07,7.0,78.5,89.71428571428571,0.16931479642502484,0.16931479642502484,0.8353125
visa,pcb2,1,0,29,1488.0,48,62,1,200,175,10.07,7.0,83.0,94.85714285714286,0.08689175769612711,0.08689175769612711,0.49453965053763443
visa,pcb2,1,0,31,1488.0,48,62,1,200,175,10.07,7.0,83.0,94.85714285714286,0.08689175769612711,0.08689175769612711,0.5651041666666666
visa,pcb2,1,0,33,1488.0,48,62,1,200,175,10.07,7.0,83.0,94.85714285714286,0.08689175769612711,0.08689175769612711,0.6403729838709677
visa,pcb2,1,1,5,1488.0,48,62,59,200,177,7.37,5.0,0.0,0.0,1.0,1.0,0.1238239247311828
visa,pcb2,1,1,7,1488.0,48,62,30,200,177,7.37,5.0,2.0,2.2598870056497176,0.9545454545454546,0.9545454545454546,0.2316633064516129
visa,pcb2,1,1,9,1488.0,48,62,18,200,177,7.37,5.0,6.0,6.779661016949152,0.8900949796472184,0.8900949796472184,0.3570967741935484
visa,pcb2,1,1,11,1488.0,48,62,12,200,177,7.37,5.0,18.0,20.33898305084746,0.7917232021709634,0.7917232021709634,0.4744858870967742
visa,pcb2,1,1,13,1488.0,48,62,8,200,177,7.37,5.0,28.499999999999996,32.20338983050847,0.66078697421981,0.66078697421981,0.5531115591397849
visa,pcb2,1,1,15,1488.0,48,62,6,200,177,7.37,5.0,40.5,45.76271186440678,0.5610583446404342,0.5610583446404342,0.6252520161290323
visa,pcb2,1,1,17,1488.0,48,62,5,200,177,7.37,5.0,46.5,52.54237288135594,0.49796472184531887,0.49796472184531887,0.7127889784946236
visa,pcb2,1,1,19,1488.0,48,62,4,200,177,7.37,5.0,55.50000000000001,62.71186440677966,0.4226594301221167,0.4226594301221167,0.7557224462365592
visa,pcb2,1,1,21,1488.0,48,62,3,200,177,7.37,5.0,66.0,74.57627118644068,0.3331071913161465,0.3331071913161465,0.7275907258064516
visa,pcb2,1,1,23,1488.0,48,62,2,200,177,7.37,5.0,74.5,84.18079096045197,0.23202170963364993,0.23202170963364993,0.6079233870967742
visa,pcb2,1,1,25,1488.0,48,62,2,200,177,7.37,5.0,74.5,84.18079096045197,0.23202170963364993,0.23202170963364993,0.7182459677419355
visa,pcb2,1,1,27,1488.0,48,62,2,200,177,7.37,5.0,74.5,84.18079096045197,0.23202170963364993,0.23202170963364993,0.8377620967741936
visa,pcb2,1,1,29,1488.0,48,62,1,200,177,7.37,5.0,82.5,93.22033898305084,0.12008141112618724,0.12008141112618724,0.5001915322580646
visa,pcb2,1,1,31,1488.0,48,62,1,200,177,7.37,5.0,82.5,93.22033898305084,0.12008141112618724,0.12008141112618724,0.5715625
visa,pcb2,1,1,33,1488.0,48,62,1,200,177,7.37,5.0,82.5,93.22033898305084,0.12008141112618724,0.12008141112618724,0.6476915322580645
visa,pcb2,1,2,5,1488.0,48,62,59,200,166,15.91,12.0,2.5,3.0120481927710845,0.9079195474544312,0.9079195474544312,0.24269153225806453
visa,pcb2,1,2,7,1488.0,48,62,30,200,166,15.91,12.0,11.5,13.855421686746988,0.8211816467630421,0.8211816467630421,0.4302318548387097
visa,pcb2,1,2,9,1488.0,48,62,18,200,166,15.91,12.0,27.500000000000004,33.13253012048193,0.6759899434318039,0.6759899434318039,0.5854536290322581
visa,pcb2,1,2,11,1488.0,48,62,12,200,166,15.91,12.0,45.5,54.81927710843374,0.5364550597108737,0.5364550597108737,0.6940423387096775
visa,pcb2,1,2,13,1488.0,48,62,8,200,166,15.91,12.0,67.5,81.32530120481928,0.39566310496543056,0.39566310496543056,0.7149563172043011
visa,pcb2,1,2,15,1488.0,48,62,6,200,166,15.91,12.0,73.5,88.55421686746988,0.30546825895663104,0.30546825895663104,0.7348790322580645
visa,pcb2,1,2,17,1488.0,48,62,5,200,166,15.91,12.0,78.0,93.97590361445783,0.25644248900062855,0.25644248900062855,0.7924193548387096
visa,pcb2,1,2,19,1488.0,48,62,4,200,166,15.91,12.0,79.5,95.78313253012048,0.20647391577624136,0.20647391577624136,0.7969657258064516
visa,pcb2,1,2,21,1488.0,48,62,3,200,166,15.91,12.0,80.5,96.98795180722891,0.15587680703959775,0.15587680703959775,0.735
visa,pcb2,1,2,23,1488.0,48,62,2,200,166,15.91,12.0,82.5,99.3975903614458,0.10402262727844123,0.10402262727844123,0.5883702956989247
visa,pcb2,1,2,25,1488.0,48,62,2,200,166,15.91,12.0,82.5,99.3975903614458,0.10402262727844123,0.10402262727844123,0.6951444892473119
visa,pcb2,1,2,27,1488.0,48,62,2,200,166,15.91,12.0,82.5,99.3975903614458,0.10402262727844123,0.10402262727844123,0.8108165322580645
visa,pcb2,1,2,29,1488.0,48,62,1,200,166,15.91,12.0,82.5,99.3975903614458,0.05216844751728473,0.05216844751728473,0.46910618279569893
visa,pcb2,1,2,31,1488.0,48,62,1,200,166,15.91,12.0,82.5,99.3975903614458,0.05216844751728473,0.05216844751728473,0.5360416666666666
visa,pcb2,1,2,33,1488.0,48,62,1,200,166,15.91,12.0,82.5,99.3975903614458,0.05216844751728473,0.05216844751728473,0.6074395161290322
visa,pcb2,2,0,5,1488.0,48,62,59,200,141,5.185,3.0,0.0,0.0,1.0,1.0,0.0871135752688172
visa,pcb2,2,0,7,1488.0,48,62,30,200,141,5.185,3.0,0.5,0.7092198581560284,0.9903567984570878,0.9903567984570878,0.16909610215053764
visa,pcb2,2,0,9,1488.0,48,62,18,200,141,5.185,3.0,6.0,8.51063829787234,0.9247830279652844,0.9247830279652844,0.26101814516129035
visa,pcb2,2,0,11,1488.0,48,62,12,200,141,5.185,3.0,10.5,14.893617021276595,0.8254580520732884,0.8254580520732884,0.34803763440860214
visa,pcb2,2,0,13,1488.0,48,62,8,200,141,5.185,3.0,21.5,30.49645390070922,0.6972034715525555,0.6972034715525555,0.41057459677419356
visa,pcb2,2,0,15,1488.0,48,62,6,200,141,5.185,3.0,28.999999999999996,41.13475177304964,0.5940212150433944,0.5940212150433944,0.4657258064516129
visa,pcb2,2,0,17,1488.0,48,62,5,200,141,5.185,3.0,35.5,50.35460992907801,0.5255544840887174,0.5255544840887174,0.5292506720430108
visa,pcb2,2,0,19,1488.0,48,62,4,200,141,5.185,3.0,41.0,58.156028368794324,0.446480231436837,0.446480231436837,0.5616364247311828
visa,pcb2,2,0,21,1488.0,48,62,3,200,141,5.185,3.0,43.5,61.702127659574465,0.36258437801350046,0.36258437801350046,0.5571774193548387
visa,pcb2,2,0,23,1488.0,48,62,2,200,141,5.185,3.0,52.5,74.46808510638297,0.26133076181292186,0.26133076181292186,0.4817170698924731
visa,pcb2,2,0,25,1488.0,48,62,2,200,141,5.185,3.0,52.5,74.46808510638297,0.26133076181292186,0.26133076181292186,0.5691364247311828
visa,pcb2,2,0,27,1488.0,48,62,2,200,141,5.185,3.0,52.5,74.46808510638297,0.26133076181292186,0.26133076181292186,0.6638407258064516
visa,pcb2,2,0,29,1488.0,48,62,1,200,141,5.185,3.0,65.0,92.19858156028369,0.1359691417550627,0.1359691417550627,0.39845766129032256
visa,pcb2,2,0,31,1488.0,48,62,1,200,141,5.185,3.0,65.0,92.19858156028369,0.1359691417550627,0.1359691417550627,0.4553125
visa,pcb2,2,0,33,1488.0,48,62,1,200,141,5.185,3.0,65.0,92.19858156028369,0.1359691417550627,0.1359691417550627,0.5159576612903226
visa,pcb2,2,1,5,1488.0,48,62,59,200,150,3.945,3.0,0.0,0.0,1.0,1.0,0.06628024193548387
visa,pcb2,2,1,7,1488.0,48,62,30,200,150,3.945,3.0,0.5,0.6666666666666667,0.9961977186311787,0.9961977186311787,0.12941532258064517
visa,pcb2,2,1,9,1488.0,48,62,18,200,150,3.945,3.0,1.5,2.0,0.9670468948035488,0.9670468948035488,0.20767137096774194
visa,pcb2,2,1,11,1488.0,48,62,12,200,150,3.945,3.0,4.0,5.333333333333334,0.9239543726235742,0.9239543726235742,0.29640120967741934
visa,pcb2,2,1,13,1488.0,48,62,8,200,150,3.945,3.0,13.0,17.333333333333336,0.8377693282636248,0.8377693282636248,0.3753662634408602
visa,pcb2,2,1,15,1488.0,48,62,6,200,150,3.945,3.0,22.5,30.0,0.7338403041825095,0.7338403041825095,0.43775201612903225
visa,pcb2,2,1,17,1488.0,48,62,5,200,150,3.945,3.0,26.5,35.333333333333336,0.6666666666666666,0.6666666666666666,0.5107997311827956
visa,pcb2,2,1,19,1488.0,48,62,4,200,150,3.945,3.0,33.0,44.0,0.5830164765525983,0.5830164765525983,0.557997311827957
visa,pcb2,2,1,21,1488.0,48,62,3,200,150,3.945,3.0,40.5,54.0,0.4803548795944233,0.4803548795944233,0.5616229838709678
visa,pcb2,2,1,23,1488.0,48,62,2,200,150,3.945,3.0,54.50000000000001,72.66666666666667,0.34220532319391633,0.34220532319391633,0.47993951612903224
visa,pcb2,2,1,25,1488.0,48,62,2,200,150,3.945,3.0,54.50000000000001,72.66666666666667,0.34220532319391633,0.34220532319391633,0.5670362903225806
visa,pcb2,2,1,27,1488.0,48,62,2,200,150,3.945,3.0,54.50000000000001,72.66666666666667,0.34220532319391633,0.34220532319391633,0.661391129032258
visa,pcb2,2,1,29,1488.0,48,62,1,200,150,3.945,3.0,60.0,80.0,0.19011406844106463,0.19011406844106463,0.42389112903225806
visa,pcb2,2,1,31,1488.0,48,62,1,200,150,3.945,3.0,60.0,80.0,0.19011406844106463,0.19011406844106463,0.484375
visa,pcb2,2,1,33,1488.0,48,62,1,200,150,3.945,3.0,60.0,80.0,0.19011406844106463,0.19011406844106463,0.5488911290322581
visa,pcb2,2,2,5,1488.0,48,62,59,200,146,3.99,3.0,0.0,0.0,1.0,1.0,0.06703629032258064
visa,pcb2,2,2,7,1488.0,48,62,30,200,146,3.99,3.0,0.0,0.0,1.0,1.0,0.13139112903225805
visa,pcb2,2,2,9,1488.0,48,62,18,200,146,3.99,3.0,1.5,2.054794520547945,0.981203007518797,0.981203007518797,0.2131149193548387
visa,pcb2,2,2,11,1488.0,48,62,12,200,146,3.99,3.0,4.5,6.164383561643835,0.9448621553884712,0.9448621553884712,0.3065658602150538
visa,pcb2,2,2,13,1488.0,48,62,8,200,146,3.99,3.0,16.5,22.602739726027394,0.843358395989975,0.843358395989975,0.3821807795698925
visa,pcb2,2,2,15,1488.0,48,62,6,200,146,3.99,3.0,23.5,32.19178082191781,0.7355889724310777,0.7355889724310777,0.44380040322580644
visa,pcb2,2,2,17,1488.0,48,62,5,200,146,3.99,3.0,27.500000000000004,37.67123287671233,0.6666666666666666,0.6666666666666666,0.5166263440860215
visa,pcb2,2,2,19,1488.0,48,62,4,200,146,3.99,3.0,34.0,46.57534246575342,0.581453634085213,0.581453634085213,0.5628494623655914
visa,pcb2,2,2,21,1488.0,48,62,3,200,146,3.99,3.0,42.5,58.21917808219178,0.474937343358396,0.474937343358396,0.5616229838709678
visa,pcb2,2,2,23,1488.0,48,62,2,200,146,3.99,3.0,53.0,72.6027397260274,0.34210526315789475,0.34210526315789475,0.48527217741935486
visa,pcb2,2,2,25,1488.0,48,62,2,200,146,3.99,3.0,53.0,72.6027397260274,0.34210526315789475,0.34210526315789475,0.5733366935483871
visa,pcb2,2,2,27,1488.0,48,62,2,200,146,3.99,3.0,53.0,72.6027397260274,0.34210526315789475,0.34210526315789475,0.6687399193548387
visa,pcb2,2,2,29,1488.0,48,62,1,200,146,3.99,3.0,63.5,86.98630136986301,0.18295739348370926,0.18295739348370926,0.41258736559139786
visa,pcb2,2,2,31,1488.0,48,62,1,200,146,3.99,3.0,63.5,86.98630136986301,0.18295739348370926,0.18295739348370926,0.4714583333333333
visa,pcb2,2,2,33,1488.0,48,62,1,200,146,3.99,3.0,63.5,86.98630136986301,0.18295739348370926,0.18295739348370926,0.5342540322580646
visa,pcb2,4,0,5,1488.0,48,62,59,200,156,4.63,3.0,0.0,0.0,1.0,1.0,0.07778897849462366
visa,pcb2,4,0,7,1488.0,48,62,30,200,156,4.63,3.0,0.0,0.0,1.0,1.0,0.15246639784946237
visa,pcb2,4,0,9,1488.0,48,62,18,200,156,4.63,3.0,2.0,2.564102564102564,0.9838012958963283,0.9838012958963283,0.24795362903225807
visa,pcb2,4,0,11,1488.0,48,62,12,200,156,4.63,3.0,9.0,11.538461538461538,0.9190064794816415,0.9190064794816415,0.34600470430107527
visa,pcb2,4,0,13,1488.0,48,62,8,200,156,4.63,3.0,19.5,25.0,0.796976241900648,0.796976241900648,0.41909274193548385
visa,pcb2,4,0,15,1488.0,48,62,6,200,156,4.63,3.0,30.0,38.46153846153847,0.6825053995680346,0.6825053995680346,0.4778225806451613
visa,pcb2,4,0,17,1488.0,48,62,5,200,156,4.63,3.0,34.5,44.230769230769226,0.6079913606911447,0.6079913606911447,0.5467305107526882
visa,pcb2,4,0,19,1488.0,48,62,4,200,156,4.63,3.0,39.0,50.0,0.5237580993520519,0.5237580993520519,0.5883232526881721
visa,pcb2,4,0,21,1488.0,48,62,3,200,156,4.63,3.0,45.5,58.333333333333336,0.42548596112311016,0.42548596112311016,0.5838508064516129
visa,pcb2,4,0,23,1488.0,48,62,2,200,156,4.63,3.0,56.49999999999999,72.43589743589743,0.30345572354211664,0.30345572354211664,0.49949260752688174
visa,pcb2,4,0,25,1488.0,48,62,2,200,156,4.63,3.0,56.49999999999999,72.43589743589743,0.30345572354211664,0.30345572354211664,0.5901377688172043
visa,pcb2,4,0,27,1488.0,48,62,2,200,156,4.63,3.0,56.49999999999999,72.43589743589743,0.30345572354211664,0.30345572354211664,0.6883366935483871
visa,pcb2,4,0,29,1488.0,48,62,1,200,156,4.63,3.0,62.5,80.12820512820514,0.16846652267818574,0.16846652267818574,0.4408467741935484
visa,pcb2,4,0,31,1488.0,48,62,1,200,156,4.63,3.0,62.5,80.12820512820514,0.16846652267818574,0.16846652267818574,0.50375
visa,pcb2,4,0,33,1488.0,48,62,1,200,156,4.63,3.0,62.5,80.12820512820514,0.16846652267818574,0.16846652267818574,0.5708467741935483
visa,pcb2,4,1,5,1488.0,48,62,59,200,66,2.01,0.0,0.0,0.0,1.0,1.0,0.03377016129032258
visa,pcb2,4,1,7,1488.0,48,62,30,200,66,2.01,0.0,1.5,4.545454545454546,0.9577114427860697,0.9577114427860697,0.0633904569892473
visa,pcb2,4,1,9,1488.0,48,62,18,200,66,2.01,0.0,2.5,7.575757575757576,0.845771144278607,0.845771144278607,0.09254032258064517
visa,pcb2,4,1,11,1488.0,48,62,12,200,66,2.01,0.0,3.0,9.090909090909092,0.7661691542288557,0.7661691542288557,0.1252284946236559
visa,pcb2,4,1,13,1488.0,48,62,8,200,66,2.01,0.0,4.5,13.636363636363635,0.681592039800995,0.681592039800995,0.1555981182795699
visa,pcb2,4,1,15,1488.0,48,62,6,200,66,2.01,0.0,9.0,27.27272727272727,0.6044776119402985,0.6044776119402985,0.18371975806451613
visa,pcb2,4,1,17,1488.0,48,62,5,200,66,2.01,0.0,10.0,30.303030303030305,0.554726368159204,0.554726368159204,0.21655577956989247
visa,pcb2,4,1,19,1488.0,48,62,4,200,66,2.01,0.0,11.5,34.84848484848485,0.4975124378109453,0.4975124378109453,0.24260752688172044
visa,pcb2,4,1,21,1488.0,48,62,3,200,66,2.01,0.0,14.499999999999998,43.93939393939394,0.4253731343283582,0.4253731343283582,0.25339717741935486
visa,pcb2,4,1,23,1488.0,48,62,2,200,66,2.01,0.0,24.0,72.72727272727273,0.30597014925373134,0.30597014925373134,0.2186391129032258
visa,pcb2,4,1,25,1488.0,48,62,2,200,66,2.01,0.0,24.0,72.72727272727273,0.30597014925373134,0.30597014925373134,0.2583165322580645
visa,pcb2,4,1,27,1488.0,48,62,2,200,66,2.01,0.0,24.0,72.72727272727273,0.30597014925373134,0.30597014925373134,0.3013004032258065
visa,pcb2,4,1,29,1488.0,48,62,1,200,66,2.01,0.0,28.499999999999996,86.36363636363636,0.16417910447761194,0.16417910447761194,0.18651209677419356
visa,pcb2,4,1,31,1488.0,48,62,1,200,66,2.01,0.0,28.499999999999996,86.36363636363636,0.16417910447761194,0.16417910447761194,0.213125
visa,pcb2,4,1,33,1488.0,48,62,1,200,66,2.01,0.0,28.499999999999996,86.36363636363636,0.16417910447761194,0.16417910447761194,0.24151209677419355
visa,pcb2,4,2,5,1488.0,48,62,59,200,108,4.15,1.0,0.0,0.0,1.0,1.0,0.06972446236559139
visa,pcb2,4,2,7,1488.0,48,62,30,200,108,4.15,1.0,2.0,3.7037037037037033,0.944578313253012,0.944578313253012,0.12908602150537635
visa,pcb2,4,2,9,1488.0,48,62,18,200,108,4.15,1.0,3.5000000000000004,6.481481481481481,0.863855421686747,0.863855421686747,0.19515120967741936
visa,pcb2,4,2,11,1488.0,48,62,12,200,108,4.15,1.0,7.000000000000001,12.962962962962962,0.7855421686746988,0.7855421686746988,0.26509408602150536
visa,pcb2,4,2,13,1488.0,48,62,8,200,108,4.15,1.0,15.5,28.703703703703702,0.6710843373493975,0.6710843373493975,0.31630712365591396
visa,pcb2,4,2,15,1488.0,48,62,6,200,108,4.15,1.0,22.0,40.74074074074074,0.5759036144578313,0.5759036144578313,0.36139112903225806
visa,pcb2,4,2,17,1488.0,48,62,5,200,108,4.15,1.0,27.0,50.0,0.5108433734939759,0.5108433734939759,0.411747311827957
visa,pcb2,4,2,19,1488.0,48,62,4,200,108,4.15,1.0,30.0,55.55555555555556,0.43855421686746987,0.43855421686746987,0.44154569892473117
visa,pcb2,4,2,21,1488.0,48,62,3,200,108,4.15,1.0,36.0,66.66666666666666,0.35180722891566263,0.35180722891566263,0.4327016129032258
visa,pcb2,4,2,23,1488.0,48,62,2,200,108,4.15,1.0,43.5,80.55555555555556,0.2469879518072289,0.2469879518072289,0.3643985215053763
visa,pcb2,4,2,25,1488.0,48,62,2,200,108,4.15,1.0,43.5,80.55555555555556,0.2469879518072289,0.2469879518072289,0.4305275537634409
visa,pcb2,4,2,27,1488.0,48,62,2,200,108,4.15,1.0,43.5,80.55555555555556,0.2469879518072289,0.2469879518072289,0.5021673387096774
visa,pcb2,4,2,29,1488.0,48,62,1,200,108,4.15,1.0,48.5,89.81481481481481,0.13012048192771083,0.13012048192771083,0.3052016129032258
visa,pcb2,4,2,31,1488.0,48,62,1,200,108,4.15,1.0,48.5,89.81481481481481,0.13012048192771083,0.13012048192771083,0.34875
visa,pcb2,4,2,33,1488.0,48,62,1,200,108,4.15,1.0,48.5,89.81481481481481,0.13012048192771083,0.13012048192771083,0.3952016129032258
visa,pcb2,8,0,5,1488.0,48,62,59,200,96,2.475,0.0,0.0,0.0,1.0,1.0,0.04158266129032258
visa,pcb2,8,0,7,1488.0,48,62,30,200,96,2.475,0.0,0.0,0.0,1.0,1.0,0.08150201612903225
visa,pcb2,8,0,9,1488.0,48,62,18,200,96,2.475,0.0,2.0,4.166666666666666,0.9676767676767677,0.9676767676767677,0.13037298387096774
visa,pcb2,8,0,11,1488.0,48,62,12,200,96,2.475,0.0,3.0,6.25,0.9111111111111111,0.9111111111111111,0.18337029569892474
visa,pcb2,8,0,13,1488.0,48,62,8,200,96,2.475,0.0,10.0,20.833333333333336,0.8080808080808081,0.8080808080808081,0.2271505376344086
visa,pcb2,8,0,15,1488.0,48,62,6,200,96,2.475,0.0,13.0,27.083333333333332,0.7090909090909091,0.7090909090909091,0.26537298387096775
visa,pcb2,8,0,17,1488.0,48,62,5,200,96,2.475,0.0,16.0,33.33333333333333,0.6444444444444445,0.6444444444444445,0.30978158602150535
visa,pcb2,8,0,19,1488.0,48,62,4,200,96,2.475,0.0,19.0,39.58333333333333,0.5676767676767677,0.5676767676767677,0.3408635752688172
visa,pcb2,8,0,21,1488.0,48,62,3,200,96,2.475,0.0,21.5,44.79166666666667,0.4808080808080808,0.4808080808080808,0.3526814516129032
visa,pcb2,8,0,23,1488.0,48,62,2,200,96,2.475,0.0,32.0,66.66666666666666,0.3515151515151515,0.3515151515151515,0.30929435483870965
visa,pcb2,8,0,25,1488.0,48,62,2,200,96,2.475,0.0,32.0,66.66666666666666,0.3515151515151515,0.3515151515151515,0.3654233870967742
visa,pcb2,8,0,27,1488.0,48,62,2,200,96,2.475,0.0,32.0,66.66666666666666,0.3515151515151515,0.3515151515151515,0.4262298387096774
visa,pcb2,8,0,29,1488.0,48,62,1,200,96,2.475,0.0,39.0,81.25,0.19393939393939394,0.19393939393939394,0.27129032258064517
visa,pcb2,8,0,31,1488.0,48,62,1,200,96,2.475,0.0,39.0,81.25,0.19393939393939394,0.19393939393939394,0.31
visa,pcb2,8,0,33,1488.0,48,62,1,200,96,2.475,0.0,39.0,81.25,0.19393939393939394,0.19393939393939394,0.3512903225806452
visa,pcb2,8,1,5,1488.0,48,62,59,200,108,3.88,1.0,0.0,0.0,1.0,1.0,0.06518817204301075
visa,pcb2,8,1,7,1488.0,48,62,30,200,108,3.88,1.0,2.5,4.62962962962963,0.9329896907216495,0.9329896907216495,0.11920698924731182
visa,pcb2,8,1,9,1488.0,48,62,18,200,108,3.88,1.0,3.5000000000000004,6.481481481481481,0.8466494845360825,0.8466494845360825,0.17882056451612904
visa,pcb2,8,1,11,1488.0,48,62,12,200,108,3.88,1.0,6.0,11.11111111111111,0.7744845360824743,0.7744845360824743,0.24435819892473118
visa,pcb2,8,1,13,1488.0,48,62,8,200,108,3.88,1.0,14.000000000000002,25.925925925925924,0.6688144329896907,0.6688144329896907,0.29472782258064517
visa,pcb2,8,1,15,1488.0,48,62,6,200,108,3.88,1.0,18.5,34.25925925925926,0.5811855670103093,0.5811855670103093,0.3409778225806452
visa,pcb2,8,1,17,1488.0,48,62,5,200,108,3.88,1.0,22.0,40.74074074074074,0.5244845360824743,0.5244845360824743,0.3952385752688172
visa,pcb2,8,1,19,1488.0,48,62,4,200,108,3.88,1.0,25.5,47.22222222222222,0.4587628865979381,0.4587628865979381,0.43184139784946235
visa,pcb2,8,1,21,1488.0,48,62,3,200,108,3.88,1.0,33.5,62.03703703703704,0.37242268041237114,0.37242268041237114,0.4282560483870968
visa,pcb2,8,1,23,1488.0,48,62,2,200,108,3.88,1.0,43.5,80.55555555555556,0.2603092783505155,0.2603092783505155,0.35906586021505377
visa,pcb2,8,1,25,1488.0,48,62,2,200,108,3.88,1.0,43.5,80.55555555555556,0.2603092783505155,0.2603092783505155,0.42422715053763443
visa,pcb2,8,1,27,1488.0,48,62,2,200,108,3.88,1.0,43.5,80.55555555555556,0.2603092783505155,0.2603092783505155,0.49481854838709677
visa,pcb2,8,1,29,1488.0,48,62,1,200,108,3.88,1.0,47.0,87.03703703703704,0.13917525773195877,0.13917525773195877,0.3052016129032258
visa,pcb2,8,1,31,1488.0,48,62,1,200,108,3.88,1.0,47.0,87.03703703703704,0.13917525773195877,0.13917525773195877,0.34875
visa,pcb2,8,1,33,1488.0,48,62,1,200,108,3.88,1.0,47.0,87.03703703703704,0.13917525773195877,0.13917525773195877,0.3952016129032258
visa,pcb2,8,2,5,1488.0,48,62,59,200,106,3.29,1.0,0.0,0.0,1.0,1.0,0.0552755376344086
visa,pcb2,8,2,7,1488.0,48,62,30,200,106,3.29,1.0,1.0,1.8867924528301887,0.9696048632218845,0.9696048632218845,0.10504704301075268
visa,pcb2,8,2,9,1488.0,48,62,18,200,106,3.29,1.0,2.5,4.716981132075472,0.8951367781155015,0.8951367781155015,0.1603125
visa,pcb2,8,2,11,1488.0,48,62,12,200,106,3.29,1.0,4.5,8.49056603773585,0.8282674772036475,0.8282674772036475,0.2215893817204301
visa,pcb2,8,2,13,1488.0,48,62,8,200,106,3.29,1.0,11.5,21.69811320754717,0.7340425531914894,0.7340425531914894,0.2742842741935484
visa,pcb2,8,2,15,1488.0,48,62,6,200,106,3.29,1.0,15.0,28.30188679245283,0.6443768996960486,0.6443768996960486,0.32056451612903225
visa,pcb2,8,2,17,1488.0,48,62,5,200,106,3.29,1.0,18.5,34.90566037735849,0.5881458966565349,0.5881458966565349,0.3758165322580645
visa,pcb2,8,2,19,1488.0,48,62,4,200,106,3.29,1.0,22.5,42.45283018867924,0.5197568389057751,0.5197568389057751,0.41485887096774193
visa,pcb2,8,2,21,1488.0,48,62,3,200,106,3.29,1.0,29.5,55.660377358490564,0.43009118541033436,0.43009118541033436,0.4193649193548387
visa,pcb2,8,2,23,1488.0,48,62,2,200,106,3.29,1.0,42.0,79.24528301886792,0.30243161094224924,0.30243161094224924,0.3537331989247312
visa,pcb2,8,2,25,1488.0,48,62,2,200,106,3.29,1.0,42.0,79.24528301886792,0.30243161094224924,0.30243161094224924,0.41792674731182794
visa,pcb2,8,2,27,1488.0,48,62,2,200,106,3.29,1.0,42.0,79.24528301886792,0.30243161094224924,0.30243161094224924,0.48746975806451615
visa,pcb2,8,2,29,1488.0,48,62,1,200,106,3.29,1.0,46.5,87.73584905660378,0.16109422492401215,0.16109422492401215,0.2995497311827957
visa,pcb2,8,2,31,1488.0,48,62,1,200,106,3.29,1.0,46.5,87.73584905660378,0.16109422492401215,0.16109422492401215,0.34229166666666666
visa,pcb2,8,2,33,1488.0,48,62,1,200,106,3.29,1.0,46.5,87.73584905660378,0.16109422492401215,0.16109422492401215,0.38788306451612903
visa,pcb3,1,0,5,1872.0,48,78,74,201,45,1.3383084577114428,0.0,0.0,0.0,1.0,1.0,0.01787270910405239
visa,pcb3,1,0,7,1872.0,48,78,38,201,45,1.3383084577114428,0.0,0.0,0.0,1.0,1.0,0.03503050984394268
visa,pcb3,1,0,9,1872.0,48,78,23,201,45,1.3383084577114428,0.0,0.9950248756218906,4.444444444444445,0.9553903345724907,0.9553903345724907,0.05532433983926521
visa,pcb3,1,0,11,1872.0,48,78,15,201,45,1.3383084577114428,0.0,2.4875621890547266,11.11111111111111,0.8401486988847584,0.8401486988847584,0.07267614916868648
visa,pcb3,1,0,13,1872.0,48,78,11,201,45,1.3383084577114428,0.0,2.9850746268656714,13.333333333333334,0.7509293680297398,0.7509293680297398,0.09072692095080155
visa,pcb3,1,0,15,1872.0,48,78,8,201,45,1.3383084577114428,0.0,4.975124378109453,22.22222222222222,0.6617100371747212,0.6617100371747212,0.10643895905089935
visa,pcb3,1,0,17,1872.0,48,78,6,201,45,1.3383084577114428,0.0,5.472636815920398,24.444444444444443,0.5836431226765799,0.5836431226765799,0.12058564017519241
visa,pcb3,1,0,19,1872.0,48,78,5,201,45,1.3383084577114428,0.0,6.965174129353234,31.11111111111111,0.5315985130111525,0.5315985130111525,0.13719596462133776
visa,pcb3,1,0,21,1872.0,48,78,4,201,45,1.3383084577114428,0.0,8.45771144278607,37.77777777777778,0.4684014869888476,0.4684014869888476,0.14767508610792193
visa,pcb3,1,0,23,1872.0,48,78,3,201,45,1.3383084577114428,0.0,10.945273631840797,48.888888888888886,0.38661710037174724,0.38661710037174724,0.14621337755666114
visa,pcb3,1,0,25,1872.0,48,78,2,201,45,1.3383084577114428,0.0,13.432835820895523,60.0,0.2862453531598513,0.2862453531598513,0.12789949823531913
visa,pcb3,1,0,27,1872.0,48,78,2,201,45,1.3383084577114428,0.0,13.432835820895523,60.0,0.2862453531598513,0.2862453531598513,0.14918197474167624
visa,pcb3,1,0,29,1872.0,48,78,2,201,45,1.3383084577114428,0.0,13.432835820895523,60.0,0.2862453531598513,0.2862453531598513,0.17210156482544542
visa,pcb3,1,0,31,1872.0,48,78,1,201,45,1.3383084577114428,0.0,15.92039800995025,71.11111111111111,0.16728624535315986,0.16728624535315986,0.11493015690776885
visa,pcb3,1,0,33,1872.0,48,78,1,201,45,1.3383084577114428,0.0,15.92039800995025,71.11111111111111,0.16728624535315986,0.16728624535315986,0.13023823191733638
visa,pcb3,1,1,5,1872.0,48,78,74,201,69,3.2388059701492535,0.0,0.0,0.0,1.0,1.0,0.04325328485776247
visa,pcb3,1,1,7,1872.0,48,78,38,201,69,3.2388059701492535,0.0,0.9950248756218906,2.898550724637681,0.9585253456221198,0.9585253456221198,0.0812603648424544
visa,pcb3,1,1,9,1872.0,48,78,23,201,69,3.2388059701492535,0.0,2.9850746268656714,8.695652173913043,0.8663594470046083,0.8663594470046083,0.1214121699196326
visa,pcb3,1,1,11,1872.0,48,78,15,201,69,3.2388059701492535,0.0,3.9800995024875623,11.594202898550725,0.7711213517665131,0.7711213517665131,0.16143109240124165
visa,pcb3,1,1,13,1872.0,48,78,11,201,69,3.2388059701492535,0.0,7.462686567164178,21.73913043478261,0.695852534562212,0.695852534562212,0.20346185737976782
visa,pcb3,1,1,15,1872.0,48,78,8,201,69,3.2388059701492535,0.0,12.935323383084576,37.68115942028986,0.5990783410138248,0.5990783410138248,0.2332089552238806
visa,pcb3,1,1,17,1872.0,48,78,6,201,69,3.2388059701492535,0.0,18.407960199004975,53.62318840579711,0.500768049155146,0.500768049155146,0.25038801717906195
visa,pcb3,1,1,19,1872.0,48,78,5,201,69,3.2388059701492535,0.0,18.90547263681592,55.072463768115945,0.4423963133640553,0.4423963133640553,0.2763107539226942
visa,pcb3,1,1,21,1872.0,48,78,4,201,69,3.2388059701492535,0.0,23.383084577114428,68.11594202898551,0.37019969278033793,0.37019969278033793,0.2824579027937237
visa,pcb3,1,1,23,1872.0,48,78,3,201,69,3.2388059701492535,0.0,25.37313432835821,73.91304347826086,0.29185867895545314,0.29185867895545314,0.26712059361313095
visa,pcb3,1,1,25,1872.0,48,78,2,201,69,3.2388059701492535,0.0,29.850746268656714,86.95652173913044,0.19969278033794163,0.19969278033794163,0.21593421779988944
visa,pcb3,1,1,27,1872.0,48,78,2,201,69,3.2388059701492535,0.0,29.850746268656714,86.95652173913044,0.19969278033794163,0.19969278033794163,0.251865671641791
visa,pcb3,1,1,29,1872.0,48,78,2,201,69,3.2388059701492535,0.0,29.850746268656714,86.95652173913044,0.19969278033794163,0.19969278033794163,0.29056108347153126
visa,pcb3,1,1,31,1872.0,48,78,1,201,69,3.2388059701492535,0.0,30.34825870646766,88.40579710144928,0.10599078341013825,0.10599078341013825,0.17622624059191222
visa,pcb3,1,1,33,1872.0,48,78,1,201,69,3.2388059701492535,0.0,30.34825870646766,88.40579710144928,0.10599078341013825,0.10599078341013825,0.19969862227324914
visa,pcb3,1,2,5,1872.0,48,78,74,201,71,1.7114427860696517,0.0,0.0,0.0,1.0,1.0,0.02285580643789599
visa,pcb3,1,2,7,1872.0,48,78,38,201,71,1.7114427860696517,0.0,0.0,0.0,1.0,1.0,0.04479738061827614
visa,pcb3,1,2,9,1872.0,48,78,23,201,71,1.7114427860696517,0.0,1.9900497512437811,5.633802816901409,0.9069767441860465,0.9069767441860465,0.06716417910447761
visa,pcb3,1,2,11,1872.0,48,78,15,201,71,1.7114427860696517,0.0,1.9900497512437811,5.633802816901409,0.813953488372093,0.813953488372093,0.09004124675766467
visa,pcb3,1,2,13,1872.0,48,78,11,201,71,1.7114427860696517,0.0,3.482587064676617,9.859154929577464,0.752906976744186,0.752906976744186,0.11632808181315644
visa,pcb3,1,2,15,1872.0,48,78,8,201,71,1.7114427860696517,0.0,4.975124378109453,14.084507042253522,0.6715116279069767,0.6715116279069767,0.13813145809414465
visa,pcb3,1,2,17,1872.0,48,78,6,201,71,1.7114427860696517,0.0,4.975124378109453,14.084507042253522,0.6133720930232558,0.6133720930232558,0.1620609559042395
visa,pcb3,1,2,19,1872.0,48,78,5,201,71,1.7114427860696517,0.0,6.965174129353234,19.718309859154928,0.5726744186046512,0.5726744186046512,0.18900423098184294
visa,pcb3,1,2,21,1872.0,48,78,4,201,71,1.7114427860696517,0.0,7.960199004975125,22.535211267605636,0.5261627906976745,0.5261627906976745,0.21213643321852277
visa,pcb3,1,2,23,1872.0,48,78,3,201,71,1.7114427860696517,0.0,11.940298507462686,33.80281690140845,0.4563953488372093,0.4563953488372093,0.22072596419611346
visa,pcb3,1,2,25,1872.0,48,78,2,201,71,1.7114427860696517,0.0,17.91044776119403,50.70422535211267,0.35174418604651164,0.35174418604651164,0.20098492579835864
visa,pcb3,1,2,27,1872.0,48,78,2,201,71,1.7114427860696517,0.0,17.91044776119403,50.70422535211267,0.35174418604651164,0.35174418604651164,0.2344288174512055
visa,pcb3,1,2,29,1872.0,48,78,2,201,71,1.7114427860696517,0.0,17.91044776119403,50.70422535211267,0.35174418604651164,0.35174418604651164,0.27044531615427136
visa,pcb3,1,2,31,1872.0,48,78,1,201,71,1.7114427860696517,0.0,24.875621890547265,70.4225352112676,0.2063953488372093,0.2063953488372093,0.18133424756559086
visa,pcb3,1,2,33,1872.0,48,78,1,201,71,1.7114427860696517,0.0,24.875621890547265,70.4225352112676,0.2063953488372093,0.2063953488372093,0.20548698813624186
visa,pcb3,2,0,5,1872.0,48,78,74,201,135,6.014925373134329,3.0,1.4925373134328357,2.2222222222222223,0.9660876757650951,0.9660876757650951,0.07760343581239104
visa,pcb3,2,0,7,1872.0,48,78,38,201,135,6.014925373134329,3.0,2.4875621890547266,3.7037037037037033,0.8643507030603805,0.8643507030603805,0.13608506612237956
visa,pcb3,2,0,9,1872.0,48,78,23,201,135,6.014925373134329,3.0,6.467661691542288,9.62962962962963,0.7766749379652605,0.7766749379652605,0.20213834672789896
visa,pcb3,2,0,11,1872.0,48,78,15,201,135,6.014925373134329,3.0,7.462686567164178,11.11111111111111,0.6799007444168734,0.6799007444168734,0.26433537441000127
visa,pcb3,2,0,13,1872.0,48,78,11,201,135,6.014925373134329,3.0,10.44776119402985,15.555555555555555,0.6170388751033913,0.6170388751033913,0.33506080707573244
visa,pcb3,2,0,15,1872.0,48,78,8,201,135,6.014925373134329,3.0,18.90547263681592,28.14814814814815,0.5401157981803143,0.5401157981803143,0.3904755070799847
visa,pcb3,2,0,17,1872.0,48,78,6,201,135,6.014925373134329,3.0,25.37313432835821,37.77777777777778,0.46319272125723737,0.46319272125723737,0.43011438533826596
visa,pcb3,2,0,19,1872.0,48,78,5,201,135,6.014925373134329,3.0,28.35820895522388,42.22222222222222,0.4160463192721257,0.4160463192721257,0.4825844070247055
visa,pcb3,2,0,21,1872.0,48,78,4,201,135,6.014925373134329,3.0,33.83084577114428,50.37037037037037,0.3598014888337469,0.3598014888337469,0.5098306544202067
visa,pcb3,2,0,23,1872.0,48,78,3,201,135,6.014925373134329,3.0,41.7910447761194,62.22222222222222,0.2903225806451613,0.2903225806451613,0.49347014925373134
visa,pcb3,2,0,25,1872.0,48,78,2,201,135,6.014925373134329,3.0,50.24875621890548,74.81481481481481,0.20678246484698098,0.20678246484698098,0.41525811115363354
visa,pcb3,2,0,27,1872.0,48,78,2,201,135,6.014925373134329,3.0,50.24875621890548,74.81481481481481,0.20678246484698098,0.20678246484698098,0.4843570608495982
visa,pcb3,2,0,29,1872.0,48,78,2,201,135,6.014925373134329,3.0,50.24875621890548,74.81481481481481,0.20678246484698098,0.20678246484698098,0.5587713143683293
visa,pcb3,2,0,31,1872.0,48,78,1,201,135,6.014925373134329,3.0,57.2139303482587,85.18518518518519,0.11166253101736973,0.11166253101736973,0.34479047072330654
visa,pcb3,2,0,33,1872.0,48,78,1,201,135,6.014925373134329,3.0,57.2139303482587,85.18518518518519,0.11166253101736973,0.11166253101736973,0.3907146957520092
visa,pcb3,2,1,5,1872.0,48,78,74,201,119,5.562189054726368,2.0,1.4925373134328357,2.5210084033613445,0.9803220035778175,0.9803220035778175,0.07281966237190118
visa,pcb3,2,1,7,1872.0,48,78,38,201,119,5.562189054726368,2.0,2.4875621890547266,4.201680672268908,0.8747763864042933,0.8747763864042933,0.12735999489730834
visa,pcb3,2,1,9,1872.0,48,78,23,201,119,5.562189054726368,2.0,4.975124378109453,8.403361344537815,0.7719141323792487,0.7719141323792487,0.18577784156142366
visa,pcb3,2,1,11,1872.0,48,78,15,201,119,5.562189054726368,2.0,6.965174129353234,11.76470588235294,0.6878354203935599,0.6878354203935599,0.24729185270230047
visa,pcb3,2,1,13,1872.0,48,78,11,201,119,5.562189054726368,2.0,9.950248756218906,16.80672268907563,0.6225402504472272,0.6225402504472272,0.31260364842454397
visa,pcb3,2,1,15,1872.0,48,78,8,201,119,5.562189054726368,2.0,17.91044776119403,30.252100840336134,0.5411449016100179,0.5411449016100179,0.36177286643704554
visa,pcb3,2,1,17,1872.0,48,78,6,201,119,5.562189054726368,2.0,23.383084577114428,39.49579831932773,0.462432915921288,0.462432915921288,0.39708774503550626
visa,pcb3,2,1,19,1872.0,48,78,5,201,119,5.562189054726368,2.0,29.35323383084577,49.57983193277311,0.40966010733452596,0.40966010733452596,0.43941085172428457
visa,pcb3,2,1,21,1872.0,48,78,4,201,119,5.562189054726368,2.0,33.83084577114428,57.14285714285714,0.3488372093023256,0.3488372093023256,0.457089552238806
visa,pcb3,2,1,23,1872.0,48,78,3,201,119,5.562189054726368,2.0,36.81592039800995,62.18487394957983,0.2826475849731664,0.2826475849731664,0.4442637241144704
visa,pcb3,2,1,25,1872.0,48,78,2,201,119,5.562189054726368,2.0,45.27363184079602,76.47058823529412,0.20125223613595708,0.20125223613595708,0.3737323000382702
visa,pcb3,2,1,27,1872.0,48,78,2,201,119,5.562189054726368,2.0,45.27363184079602,76.47058823529412,0.20125223613595708,0.20125223613595708,0.43592135476463834
visa,pcb3,2,1,29,1872.0,48,78,2,201,119,5.562189054726368,2.0,45.27363184079602,76.47058823529412,0.20125223613595708,0.20125223613595708,0.5028941829314963
visa,pcb3,2,1,31,1872.0,48,78,1,201,119,5.562189054726368,2.0,52.736318407960205,89.07563025210085,0.10644007155635063,0.10644007155635063,0.3039264149338776
visa,pcb3,2,1,33,1872.0,48,78,1,201,119,5.562189054726368,2.0,52.736318407960205,89.07563025210085,0.10644007155635063,0.10644007155635063,0.34440776884806734
visa,pcb3,2,2,5,1872.0,48,78,74,201,134,4.203980099502488,2.0,0.0,0.0,1.0,1.0,0.056142896627971256
visa,pcb3,2,2,7,1872.0,48,78,38,201,134,4.203980099502488,2.0,1.4925373134328357,2.2388059701492535,0.9621301775147929,0.9621301775147929,0.10587287919377472
visa,pcb3,2,2,9,1872.0,48,78,23,201,134,4.203980099502488,2.0,3.9800995024875623,5.970149253731343,0.8863905325443787,0.8863905325443787,0.16123708381171067
visa,pcb3,2,2,11,1872.0,48,78,15,201,134,4.203980099502488,2.0,4.975124378109453,7.462686567164178,0.8035502958579882,0.8035502958579882,0.21835002338733683
visa,pcb3,2,2,13,1872.0,48,78,11,201,134,4.203980099502488,2.0,6.965174129353234,10.44776119402985,0.749112426035503,0.749112426035503,0.28430762852404645
visa,pcb3,2,2,15,1872.0,48,78,8,201,134,4.203980099502488,2.0,10.945273631840797,16.417910447761194,0.6828402366863905,0.6828402366863905,0.34502965939533103
visa,pcb3,2,2,17,1872.0,48,78,6,201,134,4.203980099502488,2.0,16.91542288557214,25.37313432835821,0.6106508875739645,0.6106508875739645,0.3963196836331165
visa,pcb3,2,2,19,1872.0,48,78,5,201,134,4.203980099502488,2.0,22.885572139303484,34.32835820895522,0.5562130177514792,0.5562130177514792,0.45092379980439684
visa,pcb3,2,2,21,1872.0,48,78,4,201,134,4.203980099502488,2.0,27.860696517412936,41.7910447761194,0.48994082840236686,0.48994082840236686,0.48521814006888636
visa,pcb3,2,2,23,1872.0,48,78,3,201,134,4.203980099502488,2.0,37.81094527363184,56.71641791044776,0.4,0.4,0.4751934770591487
visa,pcb3,2,2,25,1872.0,48,78,2,201,134,4.203980099502488,2.0,45.77114427860697,68.65671641791045,0.2911242603550296,0.2911242603550296,0.4086139813751754
visa,pcb3,2,2,27,1872.0,48,78,2,201,134,4.203980099502488,2.0,45.77114427860697,68.65671641791045,0.2911242603550296,0.2911242603550296,0.4766073478760046
visa,pcb3,2,2,29,1872.0,48,78,2,201,134,4.203980099502488,2.0,45.77114427860697,68.65671641791045,0.2911242603550296,0.2911242603550296,0.549830973338436
visa,pcb3,2,2,31,1872.0,48,78,1,201,134,4.203980099502488,2.0,55.72139303482587,83.5820895522388,0.15857988165680473,0.15857988165680473,0.3422364672364672
visa,pcb3,2,2,33,1872.0,48,78,1,201,134,4.203980099502488,2.0,55.72139303482587,83.5820895522388,0.15857988165680473,0.15857988165680473,0.38782051282051283
visa,pcb3,4,0,5,1872.0,48,78,74,201,126,4.487562189054726,2.0,0.4975124378109453,0.7936507936507936,0.9955654101995566,0.9955654101995566,0.05966428541055407
visa,pcb3,4,0,7,1872.0,48,78,38,201,126,4.487562189054726,2.0,1.4925373134328357,2.380952380952381,0.9124168514412417,0.9124168514412417,0.10717512863035251
visa,pcb3,4,0,9,1872.0,48,78,23,201,126,4.487562189054726,2.0,4.477611940298507,7.142857142857142,0.8259423503325942,0.8259423503325942,0.16037600459242252
visa,pcb3,4,0,11,1872.0,48,78,15,201,126,4.487562189054726,2.0,6.965174129353234,11.11111111111111,0.7317073170731707,0.7317073170731707,0.2122400816430667
visa,pcb3,4,0,13,1872.0,48,78,11,201,126,4.487562189054726,2.0,8.45771144278607,13.492063492063492,0.6651884700665188,0.6651884700665188,0.269485903814262
visa,pcb3,4,0,15,1872.0,48,78,8,201,126,4.487562189054726,2.0,12.935323383084576,20.634920634920633,0.5942350332594235,0.5942350332594235,0.32051282051282054
visa,pcb3,4,0,17,1872.0,48,78,6,201,126,4.487562189054726,2.0,17.412935323383085,27.77777777777778,0.5232815964523282,0.5232815964523282,0.362524981927967
visa,pcb3,4,0,19,1872.0,48,78,5,201,126,4.487562189054726,2.0,20.8955223880597,33.33333333333333,0.47671840354767187,0.47671840354767187,0.41254730620402263
visa,pcb3,4,0,21,1872.0,48,78,4,201,126,4.487562189054726,2.0,25.870646766169152,41.269841269841265,0.4190687361419069,0.4190687361419069,0.44302525832376577
visa,pcb3,4,0,23,1872.0,48,78,3,201,126,4.487562189054726,2.0,30.845771144278604,49.2063492063492,0.35033259423503327,0.35033259423503327,0.4442637241144704
visa,pcb3,4,0,25,1872.0,48,78,2,201,126,4.487562189054726,2.0,42.28855721393035,67.46031746031747,0.25609756097560976,0.25609756097560976,0.3836984947059574
visa,pcb3,4,0,27,1872.0,48,78,2,201,126,4.487562189054726,2.0,42.28855721393035,67.46031746031747,0.25609756097560976,0.25609756097560976,0.4475459242250287
visa,pcb3,4,0,29,1872.0,48,78,2,201,126,4.487562189054726,2.0,42.28855721393035,67.46031746031747,0.25609756097560976,0.25609756097560976,0.5163046944763363
visa,pcb3,4,0,31,1872.0,48,78,1,201,126,4.487562189054726,2.0,52.23880597014925,83.33333333333334,0.13968957871396895,0.13968957871396895,0.3218044393417528
visa,pcb3,4,0,33,1872.0,48,78,1,201,126,4.487562189054726,2.0,52.23880597014925,83.33333333333334,0.13968957871396895,0.13968957871396895,0.3646670493685419
visa,pcb3,4,1,5,1872.0,48,78,74,201,160,11.885572139303482,6.0,1.9900497512437811,2.5,0.8388447048974467,0.8388447048974467,0.13314836076030107
visa,pcb3,4,1,7,1872.0,48,78,38,201,160,11.885572139303482,6.0,4.975124378109453,6.25,0.7358727501046463,0.7358727501046463,0.22893545095037632
visa,pcb3,4,1,9,1872.0,48,78,23,201,160,11.885572139303482,6.0,8.955223880597014,11.25,0.6555043951444118,0.6555043951444118,0.33711251435132034
visa,pcb3,4,1,11,1872.0,48,78,15,201,160,11.885572139303482,6.0,16.91542288557214,21.25,0.5722059439095856,0.5722059439095856,0.43959422970617
visa,pcb3,4,1,13,1872.0,48,78,11,201,160,11.885572139303482,6.0,25.37313432835821,31.874999999999996,0.49769778149853494,0.49769778149853494,0.5340312327252625
visa,pcb3,4,1,15,1872.0,48,78,8,201,160,11.885572139303482,6.0,37.3134328358209,46.875,0.416910841356216,0.416910841356216,0.5955797933409873
visa,pcb3,4,1,17,1872.0,48,78,6,201,160,11.885572139303482,6.0,46.766169154228855,58.75,0.3411469233989117,0.3411469233989117,0.6259700429476549
visa,pcb3,4,1,19,1872.0,48,78,5,201,160,11.885572139303482,6.0,53.73134328358209,67.5,0.2959397237337798,0.2959397237337798,0.6783045243866139
visa,pcb3,4,1,21,1872.0,48,78,4,201,160,11.885572139303482,6.0,60.19900497512438,75.625,0.24529091670154876,0.24529091670154876,0.686806352851129
visa,pcb3,4,1,23,1872.0,48,78,3,201,160,11.885572139303482,6.0,66.16915422885572,83.125,0.18961908748430306,0.18961908748430306,0.636871731088149
visa,pcb3,4,1,25,1872.0,48,78,2,201,160,11.885572139303482,6.0,70.1492537313433,88.125,0.13059857681038092,0.13059857681038092,0.5182421227197347
visa,pcb3,4,1,27,1872.0,48,78,2,201,160,11.885572139303482,6.0,70.1492537313433,88.125,0.13059857681038092,0.13059857681038092,0.6044776119402985
visa,pcb3,4,1,29,1872.0,48,78,2,201,160,11.885572139303482,6.0,70.1492537313433,88.125,0.13059857681038092,0.13059857681038092,0.697346600331675
visa,pcb3,4,1,31,1872.0,48,78,1,201,160,11.885572139303482,6.0,75.62189054726367,95.0,0.06697362913352867,0.06697362913352867,0.4086405578942892
visa,pcb3,4,1,33,1872.0,48,78,1,201,160,11.885572139303482,6.0,75.62189054726367,95.0,0.06697362913352867,0.06697362913352867,0.4630692690394183
visa,pcb3,4,2,5,1872.0,48,78,74,201,170,13.293532338308458,7.0,1.9900497512437811,2.3529411764705883,0.8188622754491018,0.8188622754491018,0.14537355955266404
visa,pcb3,4,2,7,1872.0,48,78,38,201,170,13.293532338308458,7.0,5.970149253731343,7.0588235294117645,0.7327844311377245,0.7327844311377245,0.25498043968193224
visa,pcb3,4,2,9,1872.0,48,78,23,201,170,13.293532338308458,7.0,8.955223880597014,10.588235294117647,0.6504491017964071,0.6504491017964071,0.3741389207807118
visa,pcb3,4,2,11,1872.0,48,78,15,201,170,13.293532338308458,7.0,18.90547263681592,22.35294117647059,0.5729790419161677,0.5729790419161677,0.4923326742356593
visa,pcb3,4,2,13,1872.0,48,78,11,201,170,13.293532338308458,7.0,30.845771144278604,36.470588235294116,0.4962574850299401,0.4962574850299401,0.5955638474295191
visa,pcb3,4,2,15,1872.0,48,78,8,201,170,13.293532338308458,7.0,45.27363184079602,53.529411764705884,0.406062874251497,0.406062874251497,0.648799272866437
visa,pcb3,4,2,17,1872.0,48,78,6,201,170,13.293532338308458,7.0,54.72636815920397,64.70588235294117,0.32747005988023953,0.32747005988023953,0.6720537270910405
visa,pcb3,4,2,19,1872.0,48,78,5,201,170,13.293532338308458,7.0,60.19900497512438,71.17647058823529,0.28218562874251496,0.28218562874251496,0.7233969043670536
visa,pcb3,4,2,21,1872.0,48,78,4,201,170,13.293532338308458,7.0,64.6766169154229,76.47058823529412,0.23353293413173654,0.23353293413173654,0.7313432835820896
visa,pcb3,4,2,23,1872.0,48,78,3,201,170,13.293532338308458,7.0,70.64676616915423,83.52941176470588,0.18038922155688622,0.18038922155688622,0.6776427690606796
visa,pcb3,4,2,25,1872.0,48,78,2,201,170,13.293532338308458,7.0,74.12935323383084,87.6470588235294,0.12462574850299402,0.12462574850299402,0.5531238040566399
visa,pcb3,4,2,27,1872.0,48,78,2,201,170,13.293532338308458,7.0,74.12935323383084,87.6470588235294,0.12462574850299402,0.12462574850299402,0.6451636050516647
visa,pcb3,4,2,29,1872.0,48,78,2,201,170,13.293532338308458,7.0,74.12935323383084,87.6470588235294,0.12462574850299402,0.12462574850299402,0.7442833907386146
visa,pcb3,4,2,31,1872.0,48,78,1,201,170,13.293532338308458,7.0,81.09452736318407,95.88235294117648,0.06362275449101797,0.06362275449101797,0.43418059276268234
visa,pcb3,4,2,33,1872.0,48,78,1,201,170,13.293532338308458,7.0,81.09452736318407,95.88235294117648,0.06362275449101797,0.06362275449101797,0.49201109835438195
visa,pcb3,8,0,5,1872.0,48,78,74,201,111,5.641791044776119,2.0,1.4925373134328357,2.7027027027027026,0.9611992945326279,0.9611992945326279,0.07242101458519369
visa,pcb3,8,0,7,1872.0,48,78,38,201,111,5.641791044776119,2.0,2.4875621890547266,4.504504504504505,0.8518518518518519,0.8518518518518519,0.12579729557341499
visa,pcb3,8,0,9,1872.0,48,78,23,201,111,5.641791044776119,2.0,5.472636815920398,9.90990990990991,0.7416225749559083,0.7416225749559083,0.1810419058553387
visa,pcb3,8,0,11,1872.0,48,78,15,201,111,5.641791044776119,2.0,7.462686567164178,13.513513513513514,0.6455026455026455,0.6455026455026455,0.23539354509503763
visa,pcb3,8,0,13,1872.0,48,78,11,201,111,5.641791044776119,2.0,10.44776119402985,18.91891891891892,0.5767195767195767,0.5767195767195767,0.2937396351575456
visa,pcb3,8,0,15,1872.0,48,78,8,201,111,5.641791044776119,2.0,15.92039800995025,28.82882882882883,0.5070546737213404,0.5070546737213404,0.34383371603520857
visa,pcb3,8,0,17,1872.0,48,78,6,201,111,5.641791044776119,2.0,21.393034825870647,38.73873873873874,0.43738977072310403,0.43738977072310403,0.38095845558532127
visa,pcb3,8,0,19,1872.0,48,78,5,201,111,5.641791044776119,2.0,28.855721393034827,52.25225225225225,0.3862433862433862,0.3862433862433862,0.42022260492409746
visa,pcb3,8,0,21,1872.0,48,78,4,201,111,5.641791044776119,2.0,31.343283582089555,56.75675675675676,0.3306878306878307,0.3306878306878307,0.43950918484500573
visa,pcb3,8,0,23,1872.0,48,78,3,201,111,5.641791044776119,2.0,36.318407960199,65.76576576576578,0.26631393298059963,0.26631393298059963,0.424581154058766
visa,pcb3,8,0,25,1872.0,48,78,2,201,111,5.641791044776119,2.0,43.78109452736319,79.27927927927928,0.18871252204585537,0.18871252204585537,0.3554609431475103
visa,pcb3,8,0,27,1872.0,48,78,2,201,111,5.641791044776119,2.0,43.78109452736319,79.27927927927928,0.18871252204585537,0.18871252204585537,0.41460964408725604
visa,pcb3,8,0,29,1872.0,48,78,2,201,111,5.641791044776119,2.0,43.78109452736319,79.27927927927928,0.18871252204585537,0.18871252204585537,0.4783082450992899
visa,pcb3,8,0,31,1872.0,48,78,1,201,111,5.641791044776119,2.0,51.243781094527364,92.7927927927928,0.09788359788359788,0.09788359788359788,0.28349438703916313
visa,pcb3,8,0,33,1872.0,48,78,1,201,111,5.641791044776119,2.0,51.243781094527364,92.7927927927928,0.09788359788359788,0.09788359788359788,0.32125430539609645
visa,pcb3,8,1,5,1872.0,48,78,74,201,105,4.676616915422885,1.0,1.4925373134328357,2.857142857142857,0.9563829787234043,0.9563829787234043,0.05973072670833865
visa,pcb3,8,1,7,1872.0,48,78,38,201,105,4.676616915422885,1.0,2.9850746268656714,5.714285714285714,0.8223404255319149,0.8223404255319149,0.10066388144746354
visa,pcb3,8,1,9,1872.0,48,78,23,201,105,4.676616915422885,1.0,4.477611940298507,8.571428571428571,0.7021276595744681,0.7021276595744681,0.14207807118254878
visa,pcb3,8,1,11,1872.0,48,78,15,201,105,4.676616915422885,1.0,5.472636815920398,10.476190476190476,0.6127659574468085,0.6127659574468085,0.18522770761576732
visa,pcb3,8,1,13,1872.0,48,78,11,201,105,4.676616915422885,1.0,7.462686567164178,14.285714285714285,0.5553191489361702,0.5553191489361702,0.23445273631840796
visa,pcb3,8,1,15,1872.0,48,78,8,201,105,4.676616915422885,1.0,9.950248756218906,19.047619047619047,0.4978723404255319,0.4978723404255319,0.2798507462686567
visa,pcb3,8,1,17,1872.0,48,78,6,201,105,4.676616915422885,1.0,15.422885572139302,29.523809523809526,0.43936170212765957,0.43936170212765957,0.31720935918697113
visa,pcb3,8,1,19,1872.0,48,78,5,201,105,4.676616915422885,1.0,20.398009950248756,39.04761904761905,0.39574468085106385,0.39574468085106385,0.35690139048348
visa,pcb3,8,1,21,1872.0,48,78,4,201,105,4.676616915422885,1.0,23.88059701492537,45.714285714285715,0.3446808510638298,0.3446808510638298,0.37973593570608494
visa,pcb3,8,1,23,1872.0,48,78,3,201,105,4.676616915422885,1.0,26.865671641791046,51.42857142857142,0.2872340425531915,0.2872340425531915,0.3795924225028703
visa,pcb3,8,1,25,1872.0,48,78,2,201,105,4.676616915422885,1.0,35.82089552238806,68.57142857142857,0.21063829787234042,0.21063829787234042,0.3288844240336778
visa,pcb3,8,1,27,1872.0,48,78,2,201,105,4.676616915422885,1.0,35.82089552238806,68.57142857142857,0.21063829787234042,0.21063829787234042,0.38361079219288174
visa,pcb3,8,1,29,1872.0,48,78,2,201,105,4.676616915422885,1.0,35.82089552238806,68.57142857142857,0.21063829787234042,0.21063829787234042,0.4425468809797168
visa,pcb3,8,1,31,1872.0,48,78,1,201,105,4.676616915422885,1.0,46.26865671641791,88.57142857142857,0.11170212765957446,0.11170212765957446,0.26817036611812733
visa,pcb3,8,1,33,1872.0,48,78,1,201,105,4.676616915422885,1.0,46.26865671641791,88.57142857142857,0.11170212765957446,0.11170212765957446,0.30388920780711826
visa,pcb3,8,2,5,1872.0,48,78,74,201,100,3.7412935323383083,0.0,0.9950248756218906,2.0,0.9747340425531915,0.9747340425531915,0.04870147127609814
visa,pcb3,8,2,7,1872.0,48,78,38,201,100,3.7412935323383083,0.0,1.9900497512437811,4.0,0.8430851063829787,0.8430851063829787,0.08256261427903219
visa,pcb3,8,2,9,1872.0,48,78,23,201,100,3.7412935323383083,0.0,3.482587064676617,7.000000000000001,0.726063829787234,0.726063829787234,0.11753731343283583
visa,pcb3,8,2,11,1872.0,48,78,15,201,100,3.7412935323383083,0.0,4.477611940298507,9.0,0.6356382978723404,0.6356382978723404,0.15371327125058468
visa,pcb3,8,2,13,1872.0,48,78,11,201,100,3.7412935323383083,0.0,5.970149253731343,12.0,0.5797872340425532,0.5797872340425532,0.19582642343836373
visa,pcb3,8,2,15,1872.0,48,78,8,201,100,3.7412935323383083,0.0,9.950248756218906,20.0,0.5093085106382979,0.5093085106382979,0.22902315346345198
visa,pcb3,8,2,17,1872.0,48,78,6,201,100,3.7412935323383083,0.0,13.432835820895523,27.0,0.44148936170212766,0.44148936170212766,0.25499638559340054
visa,pcb3,8,2,19,1872.0,48,78,5,201,100,3.7412935323383083,0.0,13.432835820895523,27.0,0.40558510638297873,0.40558510638297873,0.2926207637028533
visa,pcb3,8,2,21,1872.0,48,78,4,201,100,3.7412935323383083,0.0,15.422885572139302,31.0,0.36436170212765956,0.36436170212765956,0.3211347110600842
visa,pcb3,8,2,23,1872.0,48,78,3,201,100,3.7412935323383083,0.0,18.90547263681592,38.0,0.31382978723404253,0.31382978723404253,0.33179189522473107
visa,pcb3,8,2,25,1872.0,48,78,2,201,100,3.7412935323383083,0.0,29.850746268656714,60.0,0.23404255319148937,0.23404255319148937,0.292341710252158
visa,pcb3,8,2,27,1872.0,48,78,2,201,100,3.7412935323383083,0.0,29.850746268656714,60.0,0.23404255319148937,0.23404255319148937,0.3409873708381171
visa,pcb3,8,2,29,1872.0,48,78,2,201,100,3.7412935323383083,0.0,29.850746268656714,60.0,0.23404255319148937,0.23404255319148937,0.39337500531530384
visa,pcb3,8,2,31,1872.0,48,78,1,201,100,3.7412935323383083,0.0,37.81094527363184,76.0,0.13297872340425532,0.13297872340425532,0.2554003486839308
visa,pcb3,8,2,33,1872.0,48,78,1,201,100,3.7412935323383083,0.0,37.81094527363184,76.0,0.13297872340425532,0.13297872340425532,0.2894182931496364
visa,pcb4,1,0,5,1416.0,48,59,56,201,189,6.845771144278607,6.0,0.0,0.0,1.0,1.0,0.12086460353599235
visa,pcb4,1,0,7,1416.0,48,59,28,201,189,6.845771144278607,6.0,0.4975124378109453,0.5291005291005291,0.9992732558139535,0.9992732558139535,0.23672246114062456
visa,pcb4,1,0,9,1416.0,48,59,17,201,189,6.845771144278607,6.0,5.472636815920398,5.82010582010582,0.9593023255813954,0.9593023255813954,0.37566405261826463
visa,pcb4,1,0,11,1416.0,48,59,11,201,189,6.845771144278607,6.0,18.90547263681592,20.105820105820104,0.8619186046511628,0.8619186046511628,0.5042091800882593
visa,pcb4,1,0,13,1416.0,48,59,8,201,189,6.845771144278607,6.0,33.33333333333333,35.44973544973545,0.7405523255813954,0.7405523255813954,0.6050643674283948
visa,pcb4,1,0,15,1416.0,48,59,6,201,189,6.845771144278607,6.0,42.78606965174129,45.5026455026455,0.625,0.625,0.679863394889957
visa,pcb4,1,0,17,1416.0,48,59,4,201,189,6.845771144278607,6.0,57.2139303482587,60.84656084656085,0.46584302325581395,0.46584302325581395,0.6508734575709025
visa,pcb4,1,0,19,1416.0,48,59,3,201,189,6.845771144278607,6.0,65.67164179104478,69.84126984126983,0.3699127906976744,0.3699127906976744,0.6456031986957866
visa,pcb4,1,0,21,1416.0,48,59,3,201,189,6.845771144278607,6.0,65.67164179104478,69.84126984126983,0.3699127906976744,0.3699127906976744,0.7886731596256008
visa,pcb4,1,0,23,1416.0,48,59,2,201,189,6.845771144278607,6.0,75.12437810945273,79.8941798941799,0.2601744186046512,0.2601744186046512,0.6653947775248054
visa,pcb4,1,0,25,1416.0,48,59,2,201,189,6.845771144278607,6.0,75.12437810945273,79.8941798941799,0.2601744186046512,0.2601744186046512,0.7861469488714619
visa,pcb4,1,0,27,1416.0,48,59,1,201,189,6.845771144278607,6.0,84.07960199004975,89.41798941798942,0.1373546511627907,0.1373546511627907,0.4840943587149001
visa,pcb4,1,0,29,1416.0,48,59,1,201,189,6.845771144278607,6.0,84.07960199004975,89.41798941798942,0.1373546511627907,0.1373546511627907,0.5584682519605363
visa,pcb4,1,0,31,1416.0,48,59,1,201,189,6.845771144278607,6.0,84.07960199004975,89.41798941798942,0.1373546511627907,0.1373546511627907,0.6381545661522894
visa,pcb4,1,0,33,1416.0,48,59,1,201,189,6.845771144278607,6.0,84.07960199004975,89.41798941798942,0.1373546511627907,0.1373546511627907,0.7231533012901594
visa,pcb4,1,1,5,1416.0,48,59,56,201,172,25.54228855721393,21.0,8.45771144278607,9.883720930232558,0.9602649006622517,0.9602649006622517,0.43303960423869353
visa,pcb4,1,1,7,1416.0,48,59,28,201,172,25.54228855721393,21.0,42.78606965174129,50.0,0.6973120373977405,0.6973120373977405,0.6163392079152261
visa,pcb4,1,1,9,1416.0,48,59,17,201,172,25.54228855721393,21.0,58.2089552238806,68.02325581395348,0.481495909622127,0.481495909622127,0.7035163167214774
visa,pcb4,1,1,11,1416.0,48,59,11,201,172,25.54228855721393,21.0,63.18407960199005,73.83720930232558,0.33852746396571876,0.33852746396571876,0.7388832672794221
visa,pcb4,1,1,13,1416.0,48,59,8,201,172,25.54228855721393,21.0,76.61691542288557,89.53488372093024,0.2561355668095053,0.2561355668095053,0.7808239874075948
visa,pcb4,1,1,15,1416.0,48,59,6,201,172,25.54228855721393,21.0,77.61194029850746,90.69767441860465,0.19555901830931047,0.19555901830931047,0.7937009865924615
visa,pcb4,1,1,17,1416.0,48,59,4,201,172,25.54228855721393,21.0,81.09452736318407,94.76744186046511,0.13225555122711335,0.13225555122711335,0.6894587795485848
visa,pcb4,1,1,19,1416.0,48,59,3,201,172,25.54228855721393,21.0,81.59203980099502,95.34883720930233,0.10031164783794312,0.10031164783794312,0.653213452511454
visa,pcb4,1,1,21,1416.0,48,59,3,201,172,25.54228855721393,21.0,81.59203980099502,95.34883720930233,0.10031164783794312,0.10031164783794312,0.7979698962813053
visa,pcb4,1,1,23,1416.0,48,59,2,201,172,25.54228855721393,21.0,85.07462686567165,99.4186046511628,0.06700428515777172,0.06700428515777172,0.6393737527053995
visa,pcb4,1,1,25,1416.0,48,59,2,201,172,25.54228855721393,21.0,85.07462686567165,99.4186046511628,0.06700428515777172,0.06700428515777172,0.7554037720999522
visa,pcb4,1,1,27,1416.0,48,59,1,201,172,25.54228855721393,21.0,85.57213930348259,100.0,0.03350214257888586,0.03350214257888586,0.44055147988869214
visa,pcb4,1,1,29,1416.0,48,59,1,201,172,25.54228855721393,21.0,85.57213930348259,100.0,0.03350214257888586,0.03350214257888586,0.5082356578688478
visa,pcb4,1,1,31,1416.0,48,59,1,201,172,25.54228855721393,21.0,85.57213930348259,100.0,0.03350214257888586,0.03350214257888586,0.5807544199904433
visa,pcb4,1,1,33,1416.0,48,59,1,201,172,25.54228855721393,21.0,85.57213930348259,100.0,0.03350214257888586,0.03350214257888586,0.6581077662534783
visa,pcb4,1,2,5,1416.0,48,59,56,201,151,14.7363184079602,10.0,1.4925373134328357,1.9867549668874174,0.9929101958136395,0.9929101958136395,0.25833052252859995
visa,pcb4,1,2,7,1416.0,48,59,28,201,151,14.7363184079602,10.0,18.407960199004975,24.503311258278146,0.8568534773801485,0.8568534773801485,0.4369466228181128
visa,pcb4,1,2,9,1416.0,48,59,17,201,151,14.7363184079602,10.0,35.32338308457712,47.019867549668874,0.6465226198514518,0.6465226198514518,0.54499747027574
visa,pcb4,1,2,11,1416.0,48,59,11,201,151,14.7363184079602,10.0,46.766169154228855,62.251655629139066,0.4824442943956786,0.4824442943956786,0.607516794558282
visa,pcb4,1,2,13,1416.0,48,59,8,201,151,14.7363184079602,10.0,59.70149253731343,79.47019867549669,0.37339635381498987,0.37339635381498987,0.6567234449222813
visa,pcb4,1,2,15,1416.0,48,59,6,201,151,14.7363184079602,10.0,63.681592039801,84.76821192052981,0.287981093855503,0.287981093855503,0.6743296230710852
visa,pcb4,1,2,17,1416.0,48,59,4,201,151,14.7363184079602,10.0,67.16417910447761,89.40397350993378,0.1975016880486158,0.1975016880486158,0.5940108778143183
visa,pcb4,1,2,19,1416.0,48,59,3,201,151,14.7363184079602,10.0,69.15422885572139,92.05298013245033,0.15057393652937204,0.15057393652937204,0.5656955336312787
visa,pcb4,1,2,21,1416.0,48,59,3,201,151,14.7363184079602,10.0,69.15422885572139,92.05298013245033,0.15057393652937204,0.15057393652937204,0.6910574247407033
visa,pcb4,1,2,23,1416.0,48,59,2,201,151,14.7363184079602,10.0,73.13432835820896,97.35099337748345,0.10094530722484807,0.10094530722484807,0.5557347443573095
visa,pcb4,1,2,25,1416.0,48,59,2,201,151,14.7363184079602,10.0,73.13432835820896,97.35099337748345,0.10094530722484807,0.10094530722484807,0.6565864181915282
visa,pcb4,1,2,27,1416.0,48,59,1,201,151,14.7363184079602,10.0,73.6318407960199,98.01324503311258,0.05097906819716408,0.05097906819716408,0.38676321780925876
visa,pcb4,1,2,29,1416.0,48,59,1,201,151,14.7363184079602,10.0,73.6318407960199,98.01324503311258,0.05097906819716408,0.05097906819716408,0.4461836298732327
visa,pcb4,1,2,31,1416.0,48,59,1,201,151,14.7363184079602,10.0,73.6318407960199,98.01324503311258,0.05097906819716408,0.05097906819716408,0.5098483570846334
visa,pcb4,1,2,33,1416.0,48,59,1,201,151,14.7363184079602,10.0,73.6318407960199,98.01324503311258,0.05097906819716408,0.05097906819716408,0.5777573994434607
visa,pcb4,2,0,5,1416.0,48,59,56,201,22,0.2537313432835821,0.0,0.0,0.0,1.0,1.0,0.004479720043848554
visa,pcb4,2,0,7,1416.0,48,59,28,201,22,0.2537313432835821,0.0,0.0,0.0,1.0,1.0,0.008780251285943166
visa,pcb4,2,0,9,1416.0,48,59,17,201,22,0.2537313432835821,0.0,0.0,0.0,1.0,1.0,0.014514292942069315
visa,pcb4,2,0,11,1416.0,48,59,11,201,22,0.2537313432835821,0.0,0.0,0.0,1.0,1.0,0.021681845012227
visa,pcb4,2,0,13,1416.0,48,59,8,201,22,0.2537313432835821,0.0,0.4975124378109453,4.545454545454546,0.9803921568627451,0.9803921568627451,0.029689124996486495
visa,pcb4,2,0,15,1416.0,48,59,6,201,22,0.2537313432835821,0.0,0.4975124378109453,4.545454545454546,0.9411764705882353,0.9411764705882353,0.037945863900834806
visa,pcb4,2,0,17,1416.0,48,59,4,201,22,0.2537313432835821,0.0,0.9950248756218906,9.090909090909092,0.8627450980392157,0.8627450980392157,0.04467774123731624
visa,pcb4,2,0,19,1416.0,48,59,3,201,22,0.2537313432835821,0.0,0.9950248756218906,9.090909090909092,0.8235294117647058,0.8235294117647058,0.05327177670967198
visa,pcb4,2,0,21,1416.0,48,59,3,201,22,0.2537313432835821,0.0,0.9950248756218906,9.090909090909092,0.8235294117647058,0.8235294117647058,0.0650771565899317
visa,pcb4,2,0,23,1416.0,48,59,2,201,22,0.2537313432835821,0.0,2.9850746268656714,27.27272727272727,0.7058823529411765,0.7058823529411765,0.06691120667847204
visa,pcb4,2,0,25,1416.0,48,59,2,201,22,0.2537313432835821,0.0,2.9850746268656714,27.27272727272727,0.7058823529411765,0.7058823529411765,0.07905388312673918
visa,pcb4,2,0,27,1416.0,48,59,1,201,22,0.2537313432835821,0.0,6.965174129353234,63.63636363636363,0.43137254901960786,0.43137254901960786,0.05634960789273969
visa,pcb4,2,0,29,1416.0,48,59,1,201,22,0.2537313432835821,0.0,6.965174129353234,63.63636363636363,0.43137254901960786,0.43137254901960786,0.06500688647159682
visa,pcb4,2,0,31,1416.0,48,59,1,201,22,0.2537313432835821,0.0,6.965174129353234,63.63636363636363,0.43137254901960786,0.43137254901960786,0.07428254209180088
visa,pcb4,2,0,33,1416.0,48,59,1,201,22,0.2537313432835821,0.0,6.965174129353234,63.63636363636363,0.43137254901960786,0.43137254901960786,0.08417657475335188
visa,pcb4,2,1,5,1416.0,48,59,56,201,72,0.8258706467661692,0.0,0.0,0.0,1.0,1.0,0.01458104955448745
visa,pcb4,2,1,7,1416.0,48,59,28,201,72,0.8258706467661692,0.0,0.0,0.0,1.0,1.0,0.028578857126795403
visa,pcb4,2,1,9,1416.0,48,59,17,201,72,0.8258706467661692,0.0,0.0,0.0,1.0,1.0,0.04724260055653934
visa,pcb4,2,1,11,1416.0,48,59,11,201,72,0.8258706467661692,0.0,0.4975124378109453,1.3888888888888888,0.9879518072289156,0.9879518072289156,0.06972201141186722
visa,pcb4,2,1,13,1416.0,48,59,8,201,72,0.8258706467661692,0.0,0.4975124378109453,1.3888888888888888,0.9698795180722891,0.9698795180722891,0.09559898248868651
visa,pcb4,2,1,15,1416.0,48,59,6,201,72,0.8258706467661692,0.0,1.4925373134328357,4.166666666666666,0.9397590361445783,0.9397590361445783,0.12332405767771312
visa,pcb4,2,1,17,1416.0,48,59,4,201,72,0.8258706467661692,0.0,4.477611940298507,12.5,0.8554216867469879,0.8554216867469879,0.1441872558113388
visa,pcb4,2,1,19,1416.0,48,59,3,201,72,0.8258706467661692,0.0,5.472636815920398,15.277777777777779,0.7891566265060241,0.7891566265060241,0.16615720830873879
visa,pcb4,2,1,21,1416.0,48,59,3,201,72,0.8258706467661692,0.0,5.472636815920398,15.277777777777779,0.7891566265060241,0.7891566265060241,0.20297875031621554
visa,pcb4,2,1,23,1416.0,48,59,2,201,72,0.8258706467661692,0.0,9.45273631840796,26.38888888888889,0.6746987951807228,0.6746987951807228,0.20816819855524638
visa,pcb4,2,1,25,1416.0,48,59,2,201,72,0.8258706467661692,0.0,9.45273631840796,26.38888888888889,0.6746987951807228,0.6746987951807228,0.24594541417207746
visa,pcb4,2,1,27,1416.0,48,59,1,201,72,0.8258706467661692,0.0,19.900497512437813,55.55555555555556,0.43373493975903615,0.43373493975903615,0.18441689855805718
visa,pcb4,2,1,29,1416.0,48,59,1,201,72,0.8258706467661692,0.0,19.900497512437813,55.55555555555556,0.43373493975903615,0.43373493975903615,0.2127498102706805
visa,pcb4,2,1,31,1416.0,48,59,1,201,72,0.8258706467661692,0.0,19.900497512437813,55.55555555555556,0.43373493975903615,0.43373493975903615,0.24310650139134835
visa,pcb4,2,1,33,1416.0,48,59,1,201,72,0.8258706467661692,0.0,19.900497512437813,55.55555555555556,0.43373493975903615,0.43373493975903615,0.2754869719200607
visa,pcb4,2,2,5,1416.0,48,59,56,201,135,7.243781094527363,4.0,0.0,0.0,1.0,1.0,0.1278916153694803
visa,pcb4,2,2,7,1416.0,48,59,28,201,135,7.243781094527363,4.0,2.4875621890547266,3.7037037037037033,0.978021978021978,0.978021978021978,0.2451583888467268
visa,pcb4,2,2,9,1416.0,48,59,17,201,135,7.243781094527363,4.0,11.442786069651742,17.037037037037038,0.8887362637362637,0.8887362637362637,0.36826460915760184
visa,pcb4,2,2,11,1416.0,48,59,11,201,135,7.243781094527363,4.0,26.865671641791046,40.0,0.7259615384615384,0.7259615384615384,0.44936686623380273
visa,pcb4,2,2,13,1416.0,48,59,8,201,135,7.243781094527363,4.0,37.3134328358209,55.55555555555556,0.5879120879120879,0.5879120879120879,0.5082778199398488
visa,pcb4,2,2,15,1416.0,48,59,6,201,135,7.243781094527363,4.0,43.78109452736319,65.18518518518519,0.4697802197802198,0.4697802197802198,0.540728560586896
visa,pcb4,2,2,17,1416.0,48,59,4,201,135,7.243781094527363,4.0,48.756218905472636,72.5925925925926,0.33791208791208793,0.33791208791208793,0.4995783792899907
visa,pcb4,2,2,19,1416.0,48,59,3,201,135,7.243781094527363,4.0,54.22885572139303,80.74074074074075,0.26304945054945056,0.26304945054945056,0.48578786856677064
visa,pcb4,2,2,21,1416.0,48,59,3,201,135,7.243781094527363,4.0,54.22885572139303,80.74074074074075,0.26304945054945056,0.26304945054945056,0.5934416898558057
visa,pcb4,2,2,23,1416.0,48,59,2,201,135,7.243781094527363,4.0,60.19900497512438,89.62962962962962,0.17994505494505494,0.17994505494505494,0.4869648930488799
visa,pcb4,2,2,25,1416.0,48,59,2,201,135,7.243781094527363,4.0,60.19900497512438,89.62962962962962,0.17994505494505494,0.17994505494505494,0.5753365938668241
visa,pcb4,2,2,27,1416.0,48,59,1,201,135,7.243781094527363,4.0,63.18407960199005,94.07407407407408,0.09271978021978022,0.09271978021978022,0.3457816847963572
visa,pcb4,2,2,29,1416.0,48,59,1,201,135,7.243781094527363,4.0,63.18407960199005,94.07407407407408,0.09271978021978022,0.09271978021978022,0.39890589425752593
visa,pcb4,2,2,31,1416.0,48,59,1,201,135,7.243781094527363,4.0,63.18407960199005,94.07407407407408,0.09271978021978022,0.09271978021978022,0.45582469010877813
visa,pcb4,2,2,33,1416.0,48,59,1,201,135,7.243781094527363,4.0,63.18407960199005,94.07407407407408,0.09271978021978022,0.09271978021978022,0.5165380723501138
visa,pcb4,4,0,5,1416.0,48,59,56,201,155,14.502487562189055,12.0,0.9950248756218906,1.2903225806451613,0.9938250428816466,0.9938250428816466,0.25446566602018156
visa,pcb4,4,0,7,1416.0,48,59,28,201,155,14.502487562189055,12.0,13.432835820895523,17.419354838709676,0.8981132075471698,0.8981132075471698,0.4507195660117492
visa,pcb4,4,0,9,1416.0,48,59,17,201,155,14.502487562189055,12.0,36.81592039800995,47.74193548387097,0.7018867924528301,0.7018867924528301,0.5822792815583101
visa,pcb4,4,0,11,1416.0,48,59,11,201,155,14.502487562189055,12.0,50.24875621890548,65.16129032258064,0.513893653516295,0.513893653516295,0.6368510554571774
visa,pcb4,4,0,13,1416.0,48,59,8,201,155,14.502487562189055,12.0,62.68656716417911,81.29032258064515,0.3965694682675815,0.3965694682675815,0.6864125699187678
visa,pcb4,4,0,15,1416.0,48,59,6,201,155,14.502487562189055,12.0,66.16915422885572,85.80645161290322,0.307032590051458,0.307032590051458,0.7075322539843157
visa,pcb4,4,0,17,1416.0,48,59,4,201,155,14.502487562189055,12.0,72.13930348258707,93.54838709677419,0.20994854202401372,0.20994854202401372,0.6214267644826714
visa,pcb4,4,0,19,1416.0,48,59,3,201,155,14.502487562189055,12.0,73.6318407960199,95.48387096774194,0.15917667238421956,0.15917667238421956,0.5885262950782809
visa,pcb4,4,0,21,1416.0,48,59,3,201,155,14.502487562189055,12.0,73.6318407960199,95.48387096774194,0.15917667238421956,0.15917667238421956,0.7189476347078169
visa,pcb4,4,0,23,1416.0,48,59,2,201,155,14.502487562189055,12.0,76.61691542288557,99.35483870967742,0.10634648370497427,0.10634648370497427,0.5761798352868426
visa,pcb4,4,0,25,1416.0,48,59,2,201,155,14.502487562189055,12.0,76.61691542288557,99.35483870967742,0.10634648370497427,0.10634648370497427,0.6807417713691429
visa,pcb4,4,0,27,1416.0,48,59,1,201,155,14.502487562189055,12.0,77.11442786069652,100.0,0.05317324185248713,0.05317324185248713,0.3970086010624842
visa,pcb4,4,0,29,1416.0,48,59,1,201,155,14.502487562189055,12.0,77.11442786069652,100.0,0.05317324185248713,0.05317324185248713,0.4580030637771594
visa,pcb4,4,0,31,1416.0,48,59,1,201,155,14.502487562189055,12.0,77.11442786069652,100.0,0.05317324185248713,0.05317324185248713,0.5233542738285971
visa,pcb4,4,0,33,1416.0,48,59,1,201,155,14.502487562189055,12.0,77.11442786069652,100.0,0.05317324185248713,0.05317324185248713,0.5930622312167974
visa,pcb4,4,1,5,1416.0,48,59,56,201,130,4.965174129353234,3.0,0.0,0.0,1.0,1.0,0.0876619726227619
visa,pcb4,4,1,7,1416.0,48,59,28,201,130,4.965174129353234,3.0,0.0,0.0,1.0,1.0,0.17181746634061332
visa,pcb4,4,1,9,1416.0,48,59,17,201,130,4.965174129353234,3.0,4.477611940298507,6.923076923076923,0.966933867735471,0.966933867735471,0.2746331899822919
visa,pcb4,4,1,11,1416.0,48,59,11,201,130,4.965174129353234,3.0,13.432835820895523,20.76923076923077,0.8627254509018036,0.8627254509018036,0.3660405599123029
visa,pcb4,4,1,13,1416.0,48,59,8,201,130,4.965174129353234,3.0,23.383084577114428,36.15384615384615,0.7414829659318637,0.7414829659318637,0.4393990499480001
visa,pcb4,4,1,15,1416.0,48,59,6,201,130,4.965174129353234,3.0,34.32835820895522,53.07692307692308,0.6132264529058116,0.6132264529058116,0.4838097647356438
visa,pcb4,4,1,17,1416.0,48,59,4,201,130,4.965174129353234,3.0,41.7910447761194,64.61538461538461,0.45490981963927857,0.45490981963927857,0.4609930573123085
visa,pcb4,4,1,19,1416.0,48,59,3,201,130,4.965174129353234,3.0,45.77114427860697,70.76923076923077,0.3627254509018036,0.3627254509018036,0.45915198021193465
visa,pcb4,4,1,21,1416.0,48,59,3,201,130,4.965174129353234,3.0,45.77114427860697,70.76923076923077,0.3627254509018036,0.3627254509018036,0.5609031115608398
visa,pcb4,4,1,23,1416.0,48,59,2,201,130,4.965174129353234,3.0,54.72636815920397,84.61538461538461,0.25250501002004005,0.25250501002004005,0.46837844674930434
visa,pcb4,4,1,25,1416.0,48,59,2,201,130,4.965174129353234,3.0,54.72636815920397,84.61538461538461,0.25250501002004005,0.25250501002004005,0.5533771818871743
visa,pcb4,4,1,27,1416.0,48,59,1,201,130,4.965174129353234,3.0,60.69651741293532,93.84615384615384,0.13026052104208416,0.13026052104208416,0.33297495572982544
visa,pcb4,4,1,29,1416.0,48,59,1,201,130,4.965174129353234,3.0,60.69651741293532,93.84615384615384,0.13026052104208416,0.13026052104208416,0.3841316018776176
visa,pcb4,4,1,31,1416.0,48,59,1,201,130,4.965174129353234,3.0,60.69651741293532,93.84615384615384,0.13026052104208416,0.13026052104208416,0.4389422941788234
visa,pcb4,4,1,33,1416.0,48,59,1,201,130,4.965174129353234,3.0,60.69651741293532,93.84615384615384,0.13026052104208416,0.13026052104208416,0.49740703263344294
visa,pcb4,4,2,5,1416.0,48,59,56,201,56,0.9651741293532339,0.0,0.0,0.0,1.0,1.0,0.017040503696208225
visa,pcb4,4,2,7,1416.0,48,59,28,201,56,0.9651741293532339,0.0,0.0,0.0,1.0,1.0,0.03339938724456812
visa,pcb4,4,2,9,1416.0,48,59,17,201,56,0.9651741293532339,0.0,0.0,0.0,1.0,1.0,0.05521123197571465
visa,pcb4,4,2,11,1416.0,48,59,11,201,56,0.9651741293532339,0.0,0.9950248756218906,3.571428571428571,0.9845360824742269,0.9845360824742269,0.08120063524186975
visa,pcb4,4,2,13,1416.0,48,59,8,201,56,0.9651741293532339,0.0,3.482587064676617,12.5,0.9175257731958762,0.9175257731958762,0.10569328498749192
visa,pcb4,4,2,15,1416.0,48,59,6,201,56,0.9651741293532339,0.0,4.477611940298507,16.071428571428573,0.8350515463917526,0.8350515463917526,0.12806729066531747
visa,pcb4,4,2,17,1416.0,48,59,4,201,56,0.9651741293532339,0.0,7.960199004975125,28.57142857142857,0.7061855670103093,0.7061855670103093,0.13911023976164377
visa,pcb4,4,2,19,1416.0,48,59,3,201,56,0.9651741293532339,0.0,8.955223880597014,32.142857142857146,0.6134020618556701,0.6134020618556701,0.15093670067740395
visa,pcb4,4,2,21,1416.0,48,59,3,201,56,0.9651741293532339,0.0,8.955223880597014,32.142857142857146,0.6134020618556701,0.6134020618556701,0.18438527700480647
visa,pcb4,4,2,23,1416.0,48,59,2,201,56,0.9651741293532339,0.0,13.930348258706468,50.0,0.4690721649484536,0.4690721649484536,0.16913666132613767
visa,pcb4,4,2,25,1416.0,48,59,2,201,56,0.9651741293532339,0.0,13.930348258706468,50.0,0.4690721649484536,0.4690721649484536,0.19983064901481293
visa,pcb4,4,2,27,1416.0,48,59,1,201,56,0.9651741293532339,0.0,17.412935323383085,62.5,0.28865979381443296,0.28865979381443296,0.14343536554515557
visa,pcb4,4,2,29,1416.0,48,59,1,201,56,0.9651741293532339,0.0,17.412935323383085,62.5,0.28865979381443296,0.28865979381443296,0.1654720746549737
visa,pcb4,4,2,31,1416.0,48,59,1,201,56,0.9651741293532339,0.0,17.412935323383085,62.5,0.28865979381443296,0.28865979381443296,0.18908283441549315
visa,pcb4,4,2,33,1416.0,48,59,1,201,56,0.9651741293532339,0.0,17.412935323383085,62.5,0.28865979381443296,0.28865979381443296,0.2142676448267139
visa,pcb4,8,0,5,1416.0,48,59,56,201,107,2.557213930348259,1.0,0.0,0.0,1.0,1.0,0.04514855103015993
visa,pcb4,8,0,7,1416.0,48,59,28,201,107,2.557213930348259,1.0,0.0,0.0,1.0,1.0,0.08849116001911347
visa,pcb4,8,0,9,1416.0,48,59,17,201,107,2.557213930348259,1.0,0.0,0.0,1.0,1.0,0.1462813053377182
visa,pcb4,8,0,11,1416.0,48,59,11,201,107,2.557213930348259,1.0,1.9900497512437811,3.7383177570093453,0.9747081712062257,0.9747081712062257,0.21299224217893584
visa,pcb4,8,0,13,1416.0,48,59,8,201,107,2.557213930348259,1.0,6.965174129353234,13.084112149532709,0.9241245136186771,0.9241245136186771,0.2820466874666217
visa,pcb4,8,0,15,1416.0,48,59,6,201,107,2.557213930348259,1.0,16.417910447761194,30.8411214953271,0.8151750972762646,0.8151750972762646,0.3312357703010372
visa,pcb4,8,0,17,1416.0,48,59,4,201,107,2.557213930348259,1.0,23.383084577114428,43.925233644859816,0.6478599221789884,0.6478599221789884,0.33812926890968886
visa,pcb4,8,0,19,1416.0,48,59,3,201,107,2.557213930348259,1.0,28.855721393034827,54.20560747663551,0.5350194552529183,0.5350194552529183,0.348803299884757
visa,pcb4,8,0,21,1416.0,48,59,3,201,107,2.557213930348259,1.0,28.855721393034827,54.20560747663551,0.5350194552529183,0.5350194552529183,0.4261004300531242
visa,pcb4,8,0,23,1416.0,48,59,2,201,107,2.557213930348259,1.0,37.3134328358209,70.09345794392523,0.38910505836575876,0.38910505836575876,0.37172892599151136
visa,pcb4,8,0,25,1416.0,48,59,2,201,107,2.557213930348259,1.0,37.3134328358209,70.09345794392523,0.38910505836575876,0.38910505836575876,0.43918823959299547
visa,pcb4,8,0,27,1416.0,48,59,1,201,107,2.557213930348259,1.0,46.26865671641791,86.91588785046729,0.20817120622568094,0.20817120622568094,0.2740640020237794
visa,pcb4,8,0,29,1416.0,48,59,1,201,107,2.557213930348259,1.0,46.26865671641791,86.91588785046729,0.20817120622568094,0.20817120622568094,0.3161698569300391
visa,pcb4,8,0,31,1416.0,48,59,1,201,107,2.557213930348259,1.0,46.26865671641791,86.91588785046729,0.20817120622568094,0.20817120622568094,0.36128327290103157
visa,pcb4,8,0,33,1416.0,48,59,1,201,107,2.557213930348259,1.0,46.26865671641791,86.91588785046729,0.20817120622568094,0.20817120622568094,0.4094042499367569
visa,pcb4,8,1,5,1416.0,48,59,56,201,108,2.8308457711442787,1.0,0.0,0.0,1.0,1.0,0.049979621665682886
visa,pcb4,8,1,7,1416.0,48,59,28,201,108,2.8308457711442787,1.0,0.0,0.0,1.0,1.0,0.09796005846473846
visa,pcb4,8,1,9,1416.0,48,59,17,201,108,2.8308457711442787,1.0,0.4975124378109453,0.9259259259259258,0.984182776801406,0.984182776801406,0.1593726283835062
visa,pcb4,8,1,11,1416.0,48,59,11,201,108,2.8308457711442787,1.0,2.4875621890547266,4.62962962962963,0.9595782073813708,0.9595782073813708,0.23212328189560671
visa,pcb4,8,1,13,1416.0,48,59,8,201,108,2.8308457711442787,1.0,9.950248756218906,18.51851851851852,0.8910369068541301,0.8910369068541301,0.301047727464373
visa,pcb4,8,1,15,1416.0,48,59,6,201,108,2.8308457711442787,1.0,16.417910447761194,30.555555555555557,0.789103690685413,0.789103690685413,0.35495193523905894
visa,pcb4,8,1,17,1416.0,48,59,4,201,108,2.8308457711442787,1.0,29.35323383084577,54.629629629629626,0.6080843585237259,0.6080843585237259,0.3513295106388959
visa,pcb4,8,1,19,1416.0,48,59,3,201,108,2.8308457711442787,1.0,33.83084577114428,62.96296296296296,0.48857644991212656,0.48857644991212656,0.35260842679259075
visa,pcb4,8,1,21,1416.0,48,59,3,201,108,2.8308457711442787,1.0,33.83084577114428,62.96296296296296,0.48857644991212656,0.48857644991212656,0.43074879838097646
visa,pcb4,8,1,23,1416.0,48,59,2,201,108,2.8308457711442787,1.0,39.800995024875625,74.07407407407408,0.34797891036906853,0.34797891036906853,0.36801163673159626
visa,pcb4,8,1,25,1416.0,48,59,2,201,108,2.8308457711442787,1.0,39.800995024875625,74.07407407407408,0.34797891036906853,0.34797891036906853,0.4347963571970655
visa,pcb4,8,1,27,1416.0,48,59,1,201,108,2.8308457711442787,1.0,44.776119402985074,83.33333333333334,0.18980667838312829,0.18980667838312829,0.27662534783708576
visa,pcb4,8,1,29,1416.0,48,59,1,201,108,2.8308457711442787,1.0,44.776119402985074,83.33333333333334,0.18980667838312829,0.18980667838312829,0.3191247154060207
visa,pcb4,8,1,31,1416.0,48,59,1,201,108,2.8308457711442787,1.0,44.776119402985074,83.33333333333334,0.18980667838312829,0.18980667838312829,0.3646597520870225
visa,pcb4,8,1,33,1416.0,48,59,1,201,108,2.8308457711442787,1.0,44.776119402985074,83.33333333333334,0.18980667838312829,0.18980667838312829,0.41323045788009105
visa,pcb4,8,2,5,1416.0,48,59,56,201,34,0.263681592039801,0.0,0.0,0.0,1.0,1.0,0.004655395339685752
visa,pcb4,8,2,7,1416.0,48,59,28,201,34,0.263681592039801,0.0,0.0,0.0,1.0,1.0,0.009124574865784075
visa,pcb4,8,2,9,1416.0,48,59,17,201,34,0.263681592039801,0.0,0.0,0.0,1.0,1.0,0.015083480900581836
visa,pcb4,8,2,11,1416.0,48,59,11,201,34,0.263681592039801,0.0,0.0,0.0,1.0,1.0,0.02253211344407904
visa,pcb4,8,2,13,1416.0,48,59,8,201,34,0.263681592039801,0.0,0.0,0.0,1.0,1.0,0.03147047249627569
visa,pcb4,8,2,15,1416.0,48,59,6,201,34,0.263681592039801,0.0,0.0,0.0,1.0,1.0,0.04189855805717177
visa,pcb4,8,2,17,1416.0,48,59,4,201,34,0.263681592039801,0.0,0.0,0.0,1.0,1.0,0.05381637012676729
visa,pcb4,8,2,19,1416.0,48,59,3,201,34,0.263681592039801,0.0,0.9950248756218906,5.88235294117647,0.9622641509433962,0.9622641509433962,0.06468715743317312
visa,pcb4,8,2,21,1416.0,48,59,3,201,34,0.263681592039801,0.0,0.9950248756218906,5.88235294117647,0.9622641509433962,0.9622641509433962,0.07902226157348849
visa,pcb4,8,2,23,1416.0,48,59,2,201,34,0.263681592039801,0.0,1.9900497512437811,11.76470588235294,0.8867924528301887,0.8867924528301887,0.08735629760800517
visa,pcb4,8,2,25,1416.0,48,59,2,201,34,0.263681592039801,0.0,1.9900497512437811,11.76470588235294,0.8867924528301887,0.8867924528301887,0.10320923630435394
visa,pcb4,8,2,27,1416.0,48,59,1,201,34,0.263681592039801,0.0,6.467661691542288,38.23529411764706,0.6415094339622641,0.6415094339622641,0.08708575765241588
visa,pcb4,8,2,29,1416.0,48,59,1,201,34,0.263681592039801,0.0,6.467661691542288,38.23529411764706,0.6415094339622641,0.6415094339622641,0.1004651881833769
visa,pcb4,8,2,31,1416.0,48,59,1,201,34,0.263681592039801,0.0,6.467661691542288,38.23529411764706,0.6415094339622641,0.6415094339622641,0.11480029232369228
visa,pcb4,8,2,33,1416.0,48,59,1,201,34,0.263681592039801,0.0,6.467661691542288,38.23529411764706,0.6415094339622641,0.6415094339622641,0.13009107007336201
visa,pipe_fryum,1,0,5,1296.0,48,54,51,150,18,0.43333333333333335,0.0,0.0,0.0,1.0,1.0,0.008359053497942387
visa,pipe_fryum,1,0,7,1296.0,48,54,26,150,18,0.43333333333333335,0.0,0.0,0.0,1.0,1.0,0.016383744855967077
visa,pipe_fryum,1,0,9,1296.0,48,54,16,150,18,0.43333333333333335,0.0,0.0,0.0,1.0,1.0,0.027083333333333334
visa,pipe_fryum,1,0,11,1296.0,48,54,10,150,18,0.43333333333333335,0.0,0.6666666666666667,5.555555555555555,0.9076923076923077,0.9076923076923077,0.03672325102880659
visa,pipe_fryum,1,0,13,1296.0,48,54,7,150,18,0.43333333333333335,0.0,1.3333333333333335,11.11111111111111,0.8307692307692308,0.8307692307692308,0.04694444444444444
visa,pipe_fryum,1,0,15,1296.0,48,54,5,150,18,0.43333333333333335,0.0,2.666666666666667,22.22222222222222,0.7230769230769231,0.7230769230769231,0.05439814814814815
visa,pipe_fryum,1,0,17,1296.0,48,54,4,150,18,0.43333333333333335,0.0,3.3333333333333335,27.77777777777778,0.6461538461538462,0.6461538461538462,0.06243827160493827
visa,pipe_fryum,1,0,19,1296.0,48,54,3,150,18,0.43333333333333335,0.0,3.3333333333333335,27.77777777777778,0.5692307692307692,0.5692307692307692,0.06870884773662551
visa,pipe_fryum,1,0,21,1296.0,48,54,2,150,18,0.43333333333333335,0.0,5.333333333333334,44.44444444444444,0.4461538461538462,0.4461538461538462,0.06578703703703703
visa,pipe_fryum,1,0,23,1296.0,48,54,2,150,18,0.43333333333333335,0.0,5.333333333333334,44.44444444444444,0.4461538461538462,0.4461538461538462,0.07891460905349794
visa,pipe_fryum,1,0,25,1296.0,48,54,2,150,18,0.43333333333333335,0.0,5.333333333333334,44.44444444444444,0.4461538461538462,0.4461538461538462,0.09323559670781893
visa,pipe_fryum,1,0,27,1296.0,48,54,1,150,18,0.43333333333333335,0.0,7.333333333333333,61.111111111111114,0.27692307692307694,0.27692307692307694,0.0675
visa,pipe_fryum,1,0,29,1296.0,48,54,1,150,18,0.43333333333333335,0.0,7.333333333333333,61.111111111111114,0.27692307692307694,0.27692307692307694,0.07787037037037037
visa,pipe_fryum,1,0,31,1296.0,48,54,1,150,18,0.43333333333333335,0.0,7.333333333333333,61.111111111111114,0.27692307692307694,0.27692307692307694,0.08898148148148148
visa,pipe_fryum,1,0,33,1296.0,48,54,1,150,18,0.43333333333333335,0.0,7.333333333333333,61.111111111111114,0.27692307692307694,0.27692307692307694,0.10083333333333333
visa,pipe_fryum,1,1,5,1296.0,48,54,51,150,114,8.566666666666666,4.0,2.0,2.631578947368421,0.7852140077821012,0.7852140077821012,0.1297582304526749
visa,pipe_fryum,1,1,7,1296.0,48,54,26,150,114,8.566666666666666,4.0,5.333333333333334,7.017543859649122,0.6949416342412451,0.6949416342412451,0.22508744855967078
visa,pipe_fryum,1,1,9,1296.0,48,54,16,150,114,8.566666666666666,4.0,8.666666666666668,11.403508771929824,0.6202334630350195,0.6202334630350195,0.33208333333333334
visa,pipe_fryum,1,1,11,1296.0,48,54,10,150,114,8.566666666666666,4.0,15.333333333333332,20.175438596491226,0.533852140077821,0.533852140077821,0.42698559670781894
visa,pipe_fryum,1,1,13,1296.0,48,54,7,150,114,8.566666666666666,4.0,28.000000000000004,36.84210526315789,0.4490272373540856,0.4490272373540856,0.5016100823045267
visa,pipe_fryum,1,1,15,1296.0,48,54,5,150,114,8.566666666666666,4.0,40.0,52.63157894736842,0.36264591439688715,0.36264591439688715,0.5393518518518519
visa,pipe_fryum,1,1,17,1296.0,48,54,4,150,114,8.566666666666666,4.0,48.0,63.1578947368421,0.3066147859922179,0.3066147859922179,0.5857304526748971
visa,pipe_fryum,1,1,19,1296.0,48,54,3,150,114,8.566666666666666,4.0,54.0,71.05263157894737,0.24357976653696498,0.24357976653696498,0.5812397119341564
visa,pipe_fryum,1,1,21,1296.0,48,54,2,150,114,8.566666666666666,4.0,62.0,81.57894736842105,0.17120622568093385,0.17120622568093385,0.49907407407407406
visa,pipe_fryum,1,1,23,1296.0,48,54,2,150,114,8.566666666666666,4.0,62.0,81.57894736842105,0.17120622568093385,0.17120622568093385,0.5986625514403292
visa,pipe_fryum,1,1,25,1296.0,48,54,2,150,114,8.566666666666666,4.0,62.0,81.57894736842105,0.17120622568093385,0.17120622568093385,0.7073045267489712
visa,pipe_fryum,1,1,27,1296.0,48,54,1,150,114,8.566666666666666,4.0,70.66666666666667,92.98245614035088,0.088715953307393,0.088715953307393,0.4275
visa,pipe_fryum,1,1,29,1296.0,48,54,1,150,114,8.566666666666666,4.0,70.66666666666667,92.98245614035088,0.088715953307393,0.088715953307393,0.493179012345679
visa,pipe_fryum,1,1,31,1296.0,48,54,1,150,114,8.566666666666666,4.0,70.66666666666667,92.98245614035088,0.088715953307393,0.088715953307393,0.5635493827160494
visa,pipe_fryum,1,1,33,1296.0,48,54,1,150,114,8.566666666666666,4.0,70.66666666666667,92.98245614035088,0.088715953307393,0.088715953307393,0.6386111111111111
visa,pipe_fryum,1,2,5,1296.0,48,54,51,150,115,7.22,4.0,2.0,2.608695652173913,0.889196675900277,0.889196675900277,0.12384259259259259
visa,pipe_fryum,1,2,7,1296.0,48,54,26,150,115,7.22,4.0,2.0,2.608695652173913,0.8199445983379502,0.8199445983379502,0.22382716049382717
visa,pipe_fryum,1,2,9,1296.0,48,54,16,150,115,7.22,4.0,5.333333333333334,6.956521739130435,0.775623268698061,0.775623268698061,0.35
visa,pipe_fryum,1,2,11,1296.0,48,54,10,150,115,7.22,4.0,18.0,23.47826086956522,0.6759002770083102,0.6759002770083102,0.4556172839506173
visa,pipe_fryum,1,2,13,1296.0,48,54,7,150,115,7.22,4.0,32.666666666666664,42.608695652173914,0.5549399815327793,0.5549399815327793,0.522474279835391
visa,pipe_fryum,1,2,15,1296.0,48,54,5,150,115,7.22,4.0,42.0,54.78260869565217,0.44783010156971376,0.44783010156971376,0.5613425925925926
visa,pipe_fryum,1,2,17,1296.0,48,54,4,150,115,7.22,4.0,48.66666666666667,63.47826086956522,0.3804247460757156,0.3804247460757156,0.6124897119341564
visa,pipe_fryum,1,2,19,1296.0,48,54,3,150,115,7.22,4.0,57.99999999999999,75.65217391304347,0.30009233610341646,0.30009233610341646,0.6035236625514403
visa,pipe_fryum,1,2,21,1296.0,48,54,2,150,115,7.22,4.0,66.66666666666666,86.95652173913044,0.2077562326869806,0.2077562326869806,0.5104166666666666
visa,pipe_fryum,1,2,23,1296.0,48,54,2,150,115,7.22,4.0,66.66666666666666,86.95652173913044,0.2077562326869806,0.2077562326869806,0.6122685185185185
visa,pipe_fryum,1,2,25,1296.0,48,54,2,150,115,7.22,4.0,66.66666666666666,86.95652173913044,0.2077562326869806,0.2077562326869806,0.7233796296296297
visa,pipe_fryum,1,2,27,1296.0,48,54,1,150,115,7.22,4.0,73.33333333333333,95.65217391304348,0.1061865189289012,0.1061865189289012,0.43125
visa,pipe_fryum,1,2,29,1296.0,48,54,1,150,115,7.22,4.0,73.33333333333333,95.65217391304348,0.1061865189289012,0.1061865189289012,0.4975051440329218
visa,pipe_fryum,1,2,31,1296.0,48,54,1,150,115,7.22,4.0,73.33333333333333,95.65217391304348,0.1061865189289012,0.1061865189289012,0.5684927983539094
visa,pipe_fryum,1,2,33,1296.0,48,54,1,150,115,7.22,4.0,73.33333333333333,95.65217391304348,0.1061865189289012,0.1061865189289012,0.6442129629629629
visa,pipe_fryum,2,0,5,1296.0,48,54,51,150,78,2.2533333333333334,1.0,0.0,0.0,1.0,1.0,0.043467078189300415
visa,pipe_fryum,2,0,7,1296.0,48,54,26,150,78,2.2533333333333334,1.0,1.3333333333333335,2.564102564102564,0.9171597633136095,0.9171597633136095,0.07813786008230453
visa,pipe_fryum,2,0,9,1296.0,48,54,16,150,78,2.2533333333333334,1.0,2.666666666666667,5.128205128205128,0.8224852071005917,0.8224852071005917,0.11583333333333333
visa,pipe_fryum,2,0,11,1296.0,48,54,10,150,78,2.2533333333333334,1.0,3.3333333333333335,6.41025641025641,0.7485207100591716,0.7485207100591716,0.15747427983539095
visa,pipe_fryum,2,0,13,1296.0,48,54,7,150,78,2.2533333333333334,1.0,4.0,7.6923076923076925,0.6982248520710059,0.6982248520710059,0.20516460905349795
visa,pipe_fryum,2,0,15,1296.0,48,54,5,150,78,2.2533333333333334,1.0,8.0,15.384615384615385,0.636094674556213,0.636094674556213,0.2488425925925926
visa,pipe_fryum,2,0,17,1296.0,48,54,4,150,78,2.2533333333333334,1.0,10.666666666666668,20.51282051282051,0.5887573964497042,0.5887573964497042,0.2958384773662551
visa,pipe_fryum,2,0,19,1296.0,48,54,3,150,78,2.2533333333333334,1.0,17.333333333333336,33.33333333333333,0.5118343195266272,0.5118343195266272,0.3212602880658436
visa,pipe_fryum,2,0,21,1296.0,48,54,2,150,78,2.2533333333333334,1.0,26.666666666666668,51.28205128205128,0.39349112426035504,0.39349112426035504,0.30171296296296296
visa,pipe_fryum,2,0,23,1296.0,48,54,2,150,78,2.2533333333333334,1.0,26.666666666666668,51.28205128205128,0.39349112426035504,0.39349112426035504,0.3619187242798354
visa,pipe_fryum,2,0,25,1296.0,48,54,2,150,78,2.2533333333333334,1.0,26.666666666666668,51.28205128205128,0.39349112426035504,0.39349112426035504,0.4275977366255144
visa,pipe_fryum,2,0,27,1296.0,48,54,1,150,78,2.2533333333333334,1.0,36.666666666666664,70.51282051282051,0.23076923076923078,0.23076923076923078,0.2925
visa,pipe_fryum,2,0,29,1296.0,48,54,1,150,78,2.2533333333333334,1.0,36.666666666666664,70.51282051282051,0.23076923076923078,0.23076923076923078,0.3374382716049383
visa,pipe_fryum,2,0,31,1296.0,48,54,1,150,78,2.2533333333333334,1.0,36.666666666666664,70.51282051282051,0.23076923076923078,0.23076923076923078,0.38558641975308644
visa,pipe_fryum,2,0,33,1296.0,48,54,1,150,78,2.2533333333333334,1.0,36.666666666666664,70.51282051282051,0.23076923076923078,0.23076923076923078,0.43694444444444447
visa,pipe_fryum,2,1,5,1296.0,48,54,51,150,123,7.933333333333334,5.0,2.666666666666667,3.2520325203252036,0.8361344537815126,0.8361344537815126,0.12795781893004116
visa,pipe_fryum,2,1,7,1296.0,48,54,26,150,123,7.933333333333334,5.0,3.3333333333333335,4.0650406504065035,0.7495798319327731,0.7495798319327731,0.22483539094650207
visa,pipe_fryum,2,1,9,1296.0,48,54,16,150,123,7.933333333333334,5.0,5.333333333333334,6.504065040650407,0.6983193277310924,0.6983193277310924,0.34625
visa,pipe_fryum,2,1,11,1296.0,48,54,10,150,123,7.933333333333334,5.0,16.666666666666664,20.32520325203252,0.611764705882353,0.611764705882353,0.4531275720164609
visa,pipe_fryum,2,1,13,1296.0,48,54,7,150,123,7.933333333333334,5.0,28.000000000000004,34.146341463414636,0.519327731092437,0.519327731092437,0.5372530864197531
visa,pipe_fryum,2,1,15,1296.0,48,54,5,150,123,7.933333333333334,5.0,42.66666666666667,52.03252032520326,0.42016806722689076,0.42016806722689076,0.5787037037037037
visa,pipe_fryum,2,1,17,1296.0,48,54,4,150,123,7.933333333333334,5.0,53.333333333333336,65.04065040650406,0.35294117647058826,0.35294117647058826,0.6243827160493827
visa,pipe_fryum,2,1,19,1296.0,48,54,3,150,123,7.933333333333334,5.0,59.333333333333336,72.35772357723577,0.2781512605042017,0.2781512605042017,0.6146656378600823
visa,pipe_fryum,2,1,21,1296.0,48,54,2,150,123,7.933333333333334,5.0,64.66666666666666,78.86178861788618,0.19663865546218487,0.19663865546218487,0.5308333333333334
visa,pipe_fryum,2,1,23,1296.0,48,54,2,150,123,7.933333333333334,5.0,64.66666666666666,78.86178861788618,0.19663865546218487,0.19663865546218487,0.6367592592592592
visa,pipe_fryum,2,1,25,1296.0,48,54,2,150,123,7.933333333333334,5.0,64.66666666666666,78.86178861788618,0.19663865546218487,0.19663865546218487,0.7523148148148148
visa,pipe_fryum,2,1,27,1296.0,48,54,1,150,123,7.933333333333334,5.0,74.0,90.2439024390244,0.10336134453781512,0.10336134453781512,0.46125
visa,pipe_fryum,2,1,29,1296.0,48,54,1,150,123,7.933333333333334,5.0,74.0,90.2439024390244,0.10336134453781512,0.10336134453781512,0.5321141975308642
visa,pipe_fryum,2,1,31,1296.0,48,54,1,150,123,7.933333333333334,5.0,74.0,90.2439024390244,0.10336134453781512,0.10336134453781512,0.6080401234567901
visa,pipe_fryum,2,1,33,1296.0,48,54,1,150,123,7.933333333333334,5.0,74.0,90.2439024390244,0.10336134453781512,0.10336134453781512,0.6890277777777778
visa,pipe_fryum,2,2,5,1296.0,48,54,51,150,92,6.56,2.0,2.0,3.260869565217391,0.8607723577235772,0.8607723577235772,0.10892489711934156
visa,pipe_fryum,2,2,7,1296.0,48,54,26,150,92,6.56,2.0,4.666666666666667,7.608695652173914,0.7774390243902439,0.7774390243902439,0.19282407407407406
visa,pipe_fryum,2,2,9,1296.0,48,54,16,150,92,6.56,2.0,8.666666666666668,14.130434782608695,0.6778455284552846,0.6778455284552846,0.27791666666666665
visa,pipe_fryum,2,2,11,1296.0,48,54,10,150,92,6.56,2.0,16.666666666666664,27.173913043478258,0.5691056910569106,0.5691056910569106,0.348559670781893
visa,pipe_fryum,2,2,13,1296.0,48,54,7,150,92,6.56,2.0,26.666666666666668,43.47826086956522,0.46239837398373984,0.46239837398373984,0.39555041152263376
visa,pipe_fryum,2,2,15,1296.0,48,54,5,150,92,6.56,2.0,32.666666666666664,53.2608695652174,0.366869918699187,0.366869918699187,0.41782407407407407
visa,pipe_fryum,2,2,17,1296.0,48,54,4,150,92,6.56,2.0,36.666666666666664,59.78260869565217,0.31097560975609756,0.31097560975609756,0.4549074074074074
visa,pipe_fryum,2,2,19,1296.0,48,54,3,150,92,6.56,2.0,40.666666666666664,66.30434782608695,0.24898373983739838,0.24898373983739838,0.4549639917695473
visa,pipe_fryum,2,2,21,1296.0,48,54,2,150,92,6.56,2.0,47.333333333333336,77.17391304347827,0.17682926829268292,0.17682926829268292,0.3947222222222222
visa,pipe_fryum,2,2,23,1296.0,48,54,2,150,92,6.56,2.0,47.333333333333336,77.17391304347827,0.17682926829268292,0.17682926829268292,0.47348765432098766
visa,pipe_fryum,2,2,25,1296.0,48,54,2,150,92,6.56,2.0,47.333333333333336,77.17391304347827,0.17682926829268292,0.17682926829268292,0.5594135802469136
visa,pipe_fryum,2,2,27,1296.0,48,54,1,150,92,6.56,2.0,54.666666666666664,89.13043478260869,0.09349593495934959,0.09349593495934959,0.345
visa,pipe_fryum,2,2,29,1296.0,48,54,1,150,92,6.56,2.0,54.666666666666664,89.13043478260869,0.09349593495934959,0.09349593495934959,0.39800411522633744
visa,pipe_fryum,2,2,31,1296.0,48,54,1,150,92,6.56,2.0,54.666666666666664,89.13043478260869,0.09349593495934959,0.09349593495934959,0.45479423868312757
visa,pipe_fryum,2,2,33,1296.0,48,54,1,150,92,6.56,2.0,54.666666666666664,89.13043478260869,0.09349593495934959,0.09349593495934959,0.5153703703703704
visa,pipe_fryum,4,0,5,1296.0,48,54,51,150,57,1.5866666666666667,0.0,0.0,0.0,1.0,1.0,0.030606995884773662
visa,pipe_fryum,4,0,7,1296.0,48,54,26,150,57,1.5866666666666667,0.0,2.0,5.263157894736842,0.9201680672268907,0.9201680672268907,0.05520061728395062
visa,pipe_fryum,4,0,9,1296.0,48,54,16,150,57,1.5866666666666667,0.0,2.0,5.263157894736842,0.7941176470588235,0.7941176470588235,0.07875
visa,pipe_fryum,4,0,11,1296.0,48,54,10,150,57,1.5866666666666667,0.0,2.0,5.263157894736842,0.7184873949579832,0.7184873949579832,0.10643518518518519
visa,pipe_fryum,4,0,13,1296.0,48,54,7,150,57,1.5866666666666667,0.0,3.3333333333333335,8.771929824561402,0.6680672268907563,0.6680672268907563,0.1382253086419753
visa,pipe_fryum,4,0,15,1296.0,48,54,5,150,57,1.5866666666666667,0.0,4.666666666666667,12.280701754385964,0.6176470588235294,0.6176470588235294,0.1701388888888889
visa,pipe_fryum,4,0,17,1296.0,48,54,4,150,57,1.5866666666666667,0.0,6.666666666666667,17.543859649122805,0.5756302521008403,0.5756302521008403,0.20366769547325103
visa,pipe_fryum,4,0,19,1296.0,48,54,3,150,57,1.5866666666666667,0.0,8.666666666666668,22.807017543859647,0.5210084033613446,0.5210084033613446,0.23026748971193417
visa,pipe_fryum,4,0,21,1296.0,48,54,2,150,57,1.5866666666666667,0.0,18.0,47.368421052631575,0.40756302521008403,0.40756302521008403,0.2200462962962963
visa,pipe_fryum,4,0,23,1296.0,48,54,2,150,57,1.5866666666666667,0.0,18.0,47.368421052631575,0.40756302521008403,0.40756302521008403,0.26395576131687243
visa,pipe_fryum,4,0,25,1296.0,48,54,2,150,57,1.5866666666666667,0.0,18.0,47.368421052631575,0.40756302521008403,0.40756302521008403,0.31185699588477367
visa,pipe_fryum,4,0,27,1296.0,48,54,1,150,57,1.5866666666666667,0.0,26.666666666666668,70.17543859649122,0.23949579831932774,0.23949579831932774,0.21375
visa,pipe_fryum,4,0,29,1296.0,48,54,1,150,57,1.5866666666666667,0.0,26.666666666666668,70.17543859649122,0.23949579831932774,0.23949579831932774,0.2465895061728395
visa,pipe_fryum,4,0,31,1296.0,48,54,1,150,57,1.5866666666666667,0.0,26.666666666666668,70.17543859649122,0.23949579831932774,0.23949579831932774,0.2817746913580247
visa,pipe_fryum,4,0,33,1296.0,48,54,1,150,57,1.5866666666666667,0.0,26.666666666666668,70.17543859649122,0.23949579831932774,0.23949579831932774,0.31930555555555556
visa,pipe_fryum,4,1,5,1296.0,48,54,51,150,63,1.8,0.0,0.0,0.0,1.0,1.0,0.034722222222222224
visa,pipe_fryum,4,1,7,1296.0,48,54,26,150,63,1.8,0.0,2.0,4.761904761904762,0.8740740740740741,0.8740740740740741,0.05948559670781893
visa,pipe_fryum,4,1,9,1296.0,48,54,16,150,63,1.8,0.0,2.0,4.761904761904762,0.762962962962963,0.762962962962963,0.08583333333333333
visa,pipe_fryum,4,1,11,1296.0,48,54,10,150,63,1.8,0.0,2.0,4.761904761904762,0.6962962962962963,0.6962962962962963,0.1170164609053498
visa,pipe_fryum,4,1,13,1296.0,48,54,7,150,63,1.8,0.0,3.3333333333333335,7.936507936507936,0.6481481481481481,0.6481481481481481,0.15213477366255143
visa,pipe_fryum,4,1,15,1296.0,48,54,5,150,63,1.8,0.0,4.666666666666667,11.11111111111111,0.6037037037037037,0.6037037037037037,0.1886574074074074
visa,pipe_fryum,4,1,17,1296.0,48,54,4,150,63,1.8,0.0,6.0,14.285714285714285,0.5703703703703704,0.5703703703703704,0.228940329218107
visa,pipe_fryum,4,1,19,1296.0,48,54,3,150,63,1.8,0.0,12.0,28.57142857142857,0.5037037037037037,0.5037037037037037,0.2525514403292181
visa,pipe_fryum,4,1,21,1296.0,48,54,2,150,63,1.8,0.0,21.333333333333336,50.79365079365079,0.3851851851851852,0.3851851851851852,0.23592592592592593
visa,pipe_fryum,4,1,23,1296.0,48,54,2,150,63,1.8,0.0,21.333333333333336,50.79365079365079,0.3851851851851852,0.3851851851851852,0.28300411522633745
visa,pipe_fryum,4,1,25,1296.0,48,54,2,150,63,1.8,0.0,21.333333333333336,50.79365079365079,0.3851851851851852,0.3851851851851852,0.3343621399176955
visa,pipe_fryum,4,1,27,1296.0,48,54,1,150,63,1.8,0.0,27.333333333333332,65.07936507936508,0.23333333333333334,0.23333333333333334,0.23625
visa,pipe_fryum,4,1,29,1296.0,48,54,1,150,63,1.8,0.0,27.333333333333332,65.07936507936508,0.23333333333333334,0.23333333333333334,0.2725462962962963
visa,pipe_fryum,4,1,31,1296.0,48,54,1,150,63,1.8,0.0,27.333333333333332,65.07936507936508,0.23333333333333334,0.23333333333333334,0.3114351851851852
visa,pipe_fryum,4,1,33,1296.0,48,54,1,150,63,1.8,0.0,27.333333333333332,65.07936507936508,0.23333333333333334,0.23333333333333334,0.35291666666666666
visa,pipe_fryum,4,2,5,1296.0,48,54,51,150,97,4.32,2.0,2.0,3.0927835051546393,0.8518518518518519,0.8518518518518519,0.07098765432098765
visa,pipe_fryum,4,2,7,1296.0,48,54,26,150,97,4.32,2.0,2.0,3.0927835051546393,0.7361111111111112,0.7361111111111112,0.12023148148148148
visa,pipe_fryum,4,2,9,1296.0,48,54,16,150,97,4.32,2.0,2.666666666666667,4.123711340206185,0.6851851851851852,0.6851851851851852,0.185
visa,pipe_fryum,4,2,11,1296.0,48,54,10,150,97,4.32,2.0,4.666666666666667,7.216494845360824,0.6388888888888888,0.6388888888888888,0.2576851851851852
visa,pipe_fryum,4,2,13,1296.0,48,54,7,150,97,4.32,2.0,8.666666666666668,13.402061855670103,0.5864197530864198,0.5864197530864198,0.3303497942386831
visa,pipe_fryum,4,2,15,1296.0,48,54,5,150,97,4.32,2.0,18.666666666666668,28.865979381443296,0.5154320987654321,0.5154320987654321,0.38657407407407407
visa,pipe_fryum,4,2,17,1296.0,48,54,4,150,97,4.32,2.0,26.0,40.20618556701031,0.45524691358024694,0.45524691358024694,0.4385545267489712
visa,pipe_fryum,4,2,19,1296.0,48,54,3,150,97,4.32,2.0,34.66666666666667,53.608247422680414,0.375,0.375,0.45125
visa,pipe_fryum,4,2,21,1296.0,48,54,2,150,97,4.32,2.0,44.666666666666664,69.0721649484536,0.2716049382716049,0.2716049382716049,0.39925925925925926
visa,pipe_fryum,4,2,23,1296.0,48,54,2,150,97,4.32,2.0,44.666666666666664,69.0721649484536,0.2716049382716049,0.2716049382716049,0.4789300411522634
visa,pipe_fryum,4,2,25,1296.0,48,54,2,150,97,4.32,2.0,44.666666666666664,69.0721649484536,0.2716049382716049,0.2716049382716049,0.565843621399177
visa,pipe_fryum,4,2,27,1296.0,48,54,1,150,97,4.32,2.0,52.666666666666664,81.44329896907216,0.14969135802469136,0.14969135802469136,0.36375
visa,pipe_fryum,4,2,29,1296.0,48,54,1,150,97,4.32,2.0,52.666666666666664,81.44329896907216,0.14969135802469136,0.14969135802469136,0.4196347736625514
visa,pipe_fryum,4,2,31,1296.0,48,54,1,150,97,4.32,2.0,52.666666666666664,81.44329896907216,0.14969135802469136,0.14969135802469136,0.479511316872428
visa,pipe_fryum,4,2,33,1296.0,48,54,1,150,97,4.32,2.0,52.666666666666664,81.44329896907216,0.14969135802469136,0.14969135802469136,0.5433796296296296
visa,pipe_fryum,8,0,5,1296.0,48,54,51,150,101,6.16,4.0,2.0,2.9702970297029703,0.829004329004329,0.829004329004329,0.0985082304526749
visa,pipe_fryum,8,0,7,1296.0,48,54,26,150,101,6.16,4.0,2.666666666666667,3.9603960396039604,0.7456709956709957,0.7456709956709957,0.17366769547325103
visa,pipe_fryum,8,0,9,1296.0,48,54,16,150,101,6.16,4.0,4.666666666666667,6.9306930693069315,0.6883116883116883,0.6883116883116883,0.265
visa,pipe_fryum,8,0,11,1296.0,48,54,10,150,101,6.16,4.0,12.0,17.82178217821782,0.6158008658008658,0.6158008658008658,0.35416152263374484
visa,pipe_fryum,8,0,13,1296.0,48,54,7,150,101,6.16,4.0,20.0,29.7029702970297,0.5324675324675324,0.5324675324675324,0.42771604938271607
visa,pipe_fryum,8,0,15,1296.0,48,54,5,150,101,6.16,4.0,30.0,44.554455445544555,0.44264069264069267,0.44264069264069267,0.47337962962962965
visa,pipe_fryum,8,0,17,1296.0,48,54,4,150,101,6.16,4.0,38.0,56.43564356435643,0.38095238095238093,0.38095238095238093,0.5232921810699589
visa,pipe_fryum,8,0,19,1296.0,48,54,3,150,101,6.16,4.0,50.66666666666667,75.24752475247524,0.2987012987012987,0.2987012987012987,0.5125308641975309
visa,pipe_fryum,8,0,21,1296.0,48,54,2,150,101,6.16,4.0,55.333333333333336,82.17821782178217,0.20887445887445888,0.20887445887445888,0.4378240740740741
visa,pipe_fryum,8,0,23,1296.0,48,54,2,150,101,6.16,4.0,55.333333333333336,82.17821782178217,0.20887445887445888,0.20887445887445888,0.525190329218107
visa,pipe_fryum,8,0,25,1296.0,48,54,2,150,101,6.16,4.0,55.333333333333336,82.17821782178217,0.20887445887445888,0.20887445887445888,0.6204989711934157
visa,pipe_fryum,8,0,27,1296.0,48,54,1,150,101,6.16,4.0,61.33333333333333,91.0891089108911,0.10930735930735931,0.10930735930735931,0.37875
visa,pipe_fryum,8,0,29,1296.0,48,54,1,150,101,6.16,4.0,61.33333333333333,91.0891089108911,0.10930735930735931,0.10930735930735931,0.4369393004115226
visa,pipe_fryum,8,0,31,1296.0,48,54,1,150,101,6.16,4.0,61.33333333333333,91.0891089108911,0.10930735930735931,0.10930735930735931,0.4992849794238683
visa,pipe_fryum,8,0,33,1296.0,48,54,1,150,101,6.16,4.0,61.33333333333333,91.0891089108911,0.10930735930735931,0.10930735930735931,0.565787037037037
visa,pipe_fryum,8,1,5,1296.0,48,54,51,150,89,5.34,2.0,2.0,3.3707865168539324,0.7777777777777778,0.7777777777777778,0.08011831275720165
visa,pipe_fryum,8,1,7,1296.0,48,54,26,150,89,5.34,2.0,2.0,3.3707865168539324,0.6841448189762797,0.6841448189762797,0.1381275720164609
visa,pipe_fryum,8,1,9,1296.0,48,54,16,150,89,5.34,2.0,4.666666666666667,7.865168539325842,0.6192259675405742,0.6192259675405742,0.20666666666666667
visa,pipe_fryum,8,1,11,1296.0,48,54,10,150,89,5.34,2.0,8.666666666666668,14.606741573033707,0.5468164794007491,0.5468164794007491,0.27262345679012345
visa,pipe_fryum,8,1,13,1296.0,48,54,7,150,89,5.34,2.0,14.000000000000002,23.595505617977526,0.4794007490636704,0.4794007490636704,0.33382716049382716
visa,pipe_fryum,8,1,15,1296.0,48,54,5,150,89,5.34,2.0,19.333333333333332,32.58426966292135,0.4132334581772784,0.4132334581772784,0.38310185185185186
visa,pipe_fryum,8,1,17,1296.0,48,54,4,150,89,5.34,2.0,28.000000000000004,47.19101123595505,0.36079900124843944,0.36079900124843944,0.42963477366255143
visa,pipe_fryum,8,1,19,1296.0,48,54,3,150,89,5.34,2.0,38.0,64.04494382022472,0.28963795255930086,0.28963795255930086,0.4308230452674897
visa,pipe_fryum,8,1,21,1296.0,48,54,2,150,89,5.34,2.0,44.666666666666664,75.28089887640449,0.20599250936329588,0.20599250936329588,0.37430555555555556
visa,pipe_fryum,8,1,23,1296.0,48,54,2,150,89,5.34,2.0,44.666666666666664,75.28089887640449,0.20599250936329588,0.20599250936329588,0.4489969135802469
visa,pipe_fryum,8,1,25,1296.0,48,54,2,150,89,5.34,2.0,44.666666666666664,75.28089887640449,0.20599250936329588,0.20599250936329588,0.5304783950617284
visa,pipe_fryum,8,1,27,1296.0,48,54,1,150,89,5.34,2.0,50.66666666666667,85.39325842696628,0.1111111111111111,0.1111111111111111,0.33375
visa,pipe_fryum,8,1,29,1296.0,48,54,1,150,89,5.34,2.0,50.66666666666667,85.39325842696628,0.1111111111111111,0.1111111111111111,0.38502572016460906
visa,pipe_fryum,8,1,31,1296.0,48,54,1,150,89,5.34,2.0,50.66666666666667,85.39325842696628,0.1111111111111111,0.1111111111111111,0.4399639917695473
visa,pipe_fryum,8,1,33,1296.0,48,54,1,150,89,5.34,2.0,50.66666666666667,85.39325842696628,0.1111111111111111,0.1111111111111111,0.4985648148148148
visa,pipe_fryum,8,2,5,1296.0,48,54,51,150,102,5.033333333333333,2.0,2.0,2.941176470588235,0.7986754966887417,0.7986754966887417,0.0775462962962963
visa,pipe_fryum,8,2,7,1296.0,48,54,26,150,102,5.033333333333333,2.0,2.666666666666667,3.9215686274509802,0.6900662251655629,0.6900662251655629,0.13132201646090536
visa,pipe_fryum,8,2,9,1296.0,48,54,16,150,102,5.033333333333333,2.0,2.666666666666667,3.9215686274509802,0.6370860927152318,0.6370860927152318,0.20041666666666666
visa,pipe_fryum,8,2,11,1296.0,48,54,10,150,102,5.033333333333333,2.0,6.666666666666667,9.803921568627452,0.5867549668874172,0.5867549668874172,0.27573559670781894
visa,pipe_fryum,8,2,13,1296.0,48,54,7,150,102,5.033333333333333,2.0,14.000000000000002,20.588235294117645,0.5231788079470199,0.5231788079470199,0.3433899176954732
visa,pipe_fryum,8,2,15,1296.0,48,54,5,150,102,5.033333333333333,2.0,18.666666666666668,27.450980392156865,0.4556291390728477,0.4556291390728477,0.39814814814814814
visa,pipe_fryum,8,2,17,1296.0,48,54,4,150,102,5.033333333333333,2.0,26.0,38.23529411764706,0.40397350993377484,0.40397350993377484,0.4534207818930041
visa,pipe_fryum,8,2,19,1296.0,48,54,3,150,102,5.033333333333333,2.0,34.0,50.0,0.33642384105960266,0.33642384105960266,0.4716769547325103
visa,pipe_fryum,8,2,21,1296.0,48,54,2,150,102,5.033333333333333,2.0,45.33333333333333,66.66666666666666,0.24635761589403973,0.24635761589403973,0.42194444444444446
visa,pipe_fryum,8,2,23,1296.0,48,54,2,150,102,5.033333333333333,2.0,45.33333333333333,66.66666666666666,0.24635761589403973,0.24635761589403973,0.506141975308642
visa,pipe_fryum,8,2,25,1296.0,48,54,2,150,102,5.033333333333333,2.0,45.33333333333333,66.66666666666666,0.24635761589403973,0.24635761589403973,0.5979938271604939
visa,pipe_fryum,8,2,27,1296.0,48,54,1,150,102,5.033333333333333,2.0,56.00000000000001,82.35294117647058,0.13509933774834437,0.13509933774834437,0.3825
visa,pipe_fryum,8,2,29,1296.0,48,54,1,150,102,5.033333333333333,2.0,56.00000000000001,82.35294117647058,0.13509933774834437,0.13509933774834437,0.44126543209876545
visa,pipe_fryum,8,2,31,1296.0,48,54,1,150,102,5.033333333333333,2.0,56.00000000000001,82.35294117647058,0.13509933774834437,0.13509933774834437,0.5042283950617283
visa,pipe_fryum,8,2,33,1296.0,48,54,1,150,102,5.033333333333333,2.0,56.00000000000001,82.35294117647058,0.13509933774834437,0.13509933774834437,0.5713888888888888
