dataset,object,shot,split,n_ctx,trigger_mass_retained_triggered
mvtec,bottle,1,0,5,1.0
mvtec,bottle,1,0,7,1.0
mvtec,bottle,1,0,9,0.7777777777777778
mvtec,bottle,1,0,11,0.5925925925925926
mvtec,bottle,1,0,13,0.4444444444444444
mvtec,bottle,1,0,15,0.3703703703703703
mvtec,bottle,1,0,17,0.2222222222222222
mvtec,bottle,1,0,19,0.2222222222222222
mvtec,bottle,1,0,21,0.1481481481481481
mvtec,bottle,1,0,23,0.1481481481481481
mvtec,bottle,1,0,25,0.074074074074074
mvtec,bottle,1,0,27,0.074074074074074
mvtec,bottle,1,0,29,0.074074074074074
mvtec,bottle,1,0,31,0.074074074074074
mvtec,bottle,1,0,33,0.074074074074074
mvtec,bottle,1,1,5,0.9690721649484536
mvtec,bottle,1,1,7,0.711340206185567
mvtec,bottle,1,1,9,0.4639175257731959
mvtec,bottle,1,1,11,0.3092783505154639
mvtec,bottle,1,1,13,0.2164948453608247
mvtec,bottle,1,1,15,0.1855670103092783
mvtec,bottle,1,1,17,0.1237113402061855
mvtec,bottle,1,1,19,0.1237113402061855
mvtec,bottle,1,1,21,0.0824742268041237
mvtec,bottle,1,1,23,0.0824742268041237
mvtec,bottle,1,1,25,0.0412371134020618
mvtec,bottle,1,1,27,0.0412371134020618
mvtec,bottle,1,1,29,0.0412371134020618
mvtec,bottle,1,1,31,0.0412371134020618
mvtec,bottle,1,1,33,0.0412371134020618
mvtec,bottle,1,2,5,0.0
mvtec,bottle,1,2,7,0.0
mvtec,bottle,1,2,9,0.0
mvtec,bottle,1,2,11,0.0
mvtec,bottle,1,2,13,0.0
mvtec,bottle,1,2,15,0.0
mvtec,bottle,1,2,17,0.0
mvtec,bottle,1,2,19,0.0
mvtec,bottle,1,2,21,0.0
mvtec,bottle,1,2,23,0.0
mvtec,bottle,1,2,25,0.0
mvtec,bottle,1,2,27,0.0
mvtec,bottle,1,2,29,0.0
mvtec,bottle,1,2,31,0.0
mvtec,bottle,1,2,33,0.0
mvtec,bottle,2,0,5,0.0
mvtec,bottle,2,0,7,0.0
mvtec,bottle,2,0,9,0.0
mvtec,bottle,2,0,11,0.0
mvtec,bottle,2,0,13,0.0
mvtec,bottle,2,0,15,0.0
mvtec,bottle,2,0,17,0.0
mvtec,bottle,2,0,19,0.0
mvtec,bottle,2,0,21,0.0
mvtec,bottle,2,0,23,0.0
mvtec,bottle,2,0,25,0.0
mvtec,bottle,2,0,27,0.0
mvtec,bottle,2,0,29,0.0
mvtec,bottle,2,0,31,0.0
mvtec,bottle,2,0,33,0.0
mvtec,bottle,2,1,5,1.0
mvtec,bottle,2,1,7,1.0
mvtec,bottle,2,1,9,0.9555555555555556
mvtec,bottle,2,1,11,0.7777777777777778
mvtec,bottle,2,1,13,0.5777777777777777
mvtec,bottle,2,1,15,0.4888888888888889
mvtec,bottle,2,1,17,0.3111111111111111
mvtec,bottle,2,1,19,0.3111111111111111
mvtec,bottle,2,1,21,0.2222222222222222
mvtec,bottle,2,1,23,0.2222222222222222
mvtec,bottle,2,1,25,0.1111111111111111
mvtec,bottle,2,1,27,0.1111111111111111
mvtec,bottle,2,1,29,0.1111111111111111
mvtec,bottle,2,1,31,0.1111111111111111
mvtec,bottle,2,1,33,0.1111111111111111
mvtec,bottle,2,2,5,0.8398576512455516
mvtec,bottle,2,2,7,0.5409252669039146
mvtec,bottle,2,2,9,0.4021352313167259
mvtec,bottle,2,2,11,0.3131672597864768
mvtec,bottle,2,2,13,0.2206405693950178
mvtec,bottle,2,2,15,0.1886120996441281
mvtec,bottle,2,2,17,0.1174377224199288
mvtec,bottle,2,2,19,0.1174377224199288
mvtec,bottle,2,2,21,0.0782918149466192
mvtec,bottle,2,2,23,0.0782918149466192
mvtec,bottle,2,2,25,0.0391459074733096
mvtec,bottle,2,2,27,0.0391459074733096
mvtec,bottle,2,2,29,0.0391459074733096
mvtec,bottle,2,2,31,0.0391459074733096
mvtec,bottle,2,2,33,0.0391459074733096
mvtec,bottle,4,0,5,1.0
mvtec,bottle,4,0,7,0.8870967741935484
mvtec,bottle,4,0,9,0.7258064516129032
mvtec,bottle,4,0,11,0.5645161290322581
mvtec,bottle,4,0,13,0.4032258064516129
mvtec,bottle,4,0,15,0.3387096774193548
mvtec,bottle,4,0,17,0.2096774193548387
mvtec,bottle,4,0,19,0.2096774193548387
mvtec,bottle,4,0,21,0.1451612903225806
mvtec,bottle,4,0,23,0.1451612903225806
mvtec,bottle,4,0,25,0.0806451612903225
mvtec,bottle,4,0,27,0.0806451612903225
mvtec,bottle,4,0,29,0.0806451612903225
mvtec,bottle,4,0,31,0.0806451612903225
mvtec,bottle,4,0,33,0.0806451612903225
mvtec,bottle,4,1,5,1.0
mvtec,bottle,4,1,7,0.8307692307692308
mvtec,bottle,4,1,9,0.5846153846153846
mvtec,bottle,4,1,11,0.4153846153846154
mvtec,bottle,4,1,13,0.2769230769230769
mvtec,bottle,4,1,15,0.2307692307692307
mvtec,bottle,4,1,17,0.1384615384615384
mvtec,bottle,4,1,19,0.1384615384615384
mvtec,bottle,4,1,21,0.0923076923076923
mvtec,bottle,4,1,23,0.0923076923076923
mvtec,bottle,4,1,25,0.0461538461538461
mvtec,bottle,4,1,27,0.0461538461538461
mvtec,bottle,4,1,29,0.0461538461538461
mvtec,bottle,4,1,31,0.0461538461538461
mvtec,bottle,4,1,33,0.0461538461538461
mvtec,bottle,4,2,5,0.7902350813743219
mvtec,bottle,4,2,7,0.5533453887884268
mvtec,bottle,4,2,9,0.4213381555153707
mvtec,bottle,4,2,11,0.3236889692585895
mvtec,bottle,4,2,13,0.2278481012658227
mvtec,bottle,4,2,15,0.1916817359855334
mvtec,bottle,4,2,17,0.1193490054249547
mvtec,bottle,4,2,19,0.1193490054249547
mvtec,bottle,4,2,21,0.0795660036166365
mvtec,bottle,4,2,23,0.0795660036166365
mvtec,bottle,4,2,25,0.0397830018083182
mvtec,bottle,4,2,27,0.0397830018083182
mvtec,bottle,4,2,29,0.0397830018083182
mvtec,bottle,4,2,31,0.0397830018083182
mvtec,bottle,4,2,33,0.0397830018083182
mvtec,bottle,8,0,5,0.9635036496350364
mvtec,bottle,8,0,7,0.7445255474452555
mvtec,bottle,8,0,9,0.5109489051094891
mvtec,bottle,8,0,11,0.364963503649635
mvtec,bottle,8,0,13,0.2627737226277372
mvtec,bottle,8,0,15,0.218978102189781
mvtec,bottle,8,0,17,0.1313868613138686
mvtec,bottle,8,0,19,0.1313868613138686
mvtec,bottle,8,0,21,0.0875912408759124
mvtec,bottle,8,0,23,0.0875912408759124
mvtec,bottle,8,0,25,0.0437956204379562
mvtec,bottle,8,0,27,0.0437956204379562
mvtec,bottle,8,0,29,0.0437956204379562
mvtec,bottle,8,0,31,0.0437956204379562
mvtec,bottle,8,0,33,0.0437956204379562
mvtec,bottle,8,1,5,0.0
mvtec,bottle,8,1,7,0.0
mvtec,bottle,8,1,9,0.0
mvtec,bottle,8,1,11,0.0
mvtec,bottle,8,1,13,0.0
mvtec,bottle,8,1,15,0.0
mvtec,bottle,8,1,17,0.0
mvtec,bottle,8,1,19,0.0
mvtec,bottle,8,1,21,0.0
mvtec,bottle,8,1,23,0.0
mvtec,bottle,8,1,25,0.0
mvtec,bottle,8,1,27,0.0
mvtec,bottle,8,1,29,0.0
mvtec,bottle,8,1,31,0.0
mvtec,bottle,8,1,33,0.0
mvtec,bottle,8,2,5,0.0
mvtec,bottle,8,2,7,0.0
mvtec,bottle,8,2,9,0.0
mvtec,bottle,8,2,11,0.0
mvtec,bottle,8,2,13,0.0
mvtec,bottle,8,2,15,0.0
mvtec,bottle,8,2,17,0.0
mvtec,bottle,8,2,19,0.0
mvtec,bottle,8,2,21,0.0
mvtec,bottle,8,2,23,0.0
mvtec,bottle,8,2,25,0.0
mvtec,bottle,8,2,27,0.0
mvtec,bottle,8,2,29,0.0
mvtec,bottle,8,2,31,0.0
mvtec,bottle,8,2,33,0.0
mvtec,cable,1,0,5,0.7768924302788844
mvtec,cable,1,0,7,0.603585657370518
mvtec,cable,1,0,9,0.449203187250996
mvtec,cable,1,0,11,0.3416334661354581
mvtec,cable,1,0,13,0.2539840637450199
mvtec,cable,1,0,15,0.2211155378486055
mvtec,cable,1,0,17,0.1414342629482071
mvtec,cable,1,0,19,0.1414342629482071
mvtec,cable,1,0,21,0.095617529880478
mvtec,cable,1,0,23,0.095617529880478
mvtec,cable,1,0,25,0.048804780876494
mvtec,cable,1,0,27,0.048804780876494
mvtec,cable,1,0,29,0.048804780876494
mvtec,cable,1,0,31,0.048804780876494
mvtec,cable,1,0,33,0.048804780876494
mvtec,cable,1,1,5,1.0
mvtec,cable,1,1,7,0.896551724137931
mvtec,cable,1,1,9,0.7413793103448276
mvtec,cable,1,1,11,0.6206896551724138
mvtec,cable,1,1,13,0.5172413793103449
mvtec,cable,1,1,15,0.4655172413793103
mvtec,cable,1,1,17,0.3448275862068966
mvtec,cable,1,1,19,0.3448275862068966
mvtec,cable,1,1,21,0.2586206896551724
mvtec,cable,1,1,23,0.2586206896551724
mvtec,cable,1,1,25,0.1379310344827586
mvtec,cable,1,1,27,0.1379310344827586
mvtec,cable,1,1,29,0.1379310344827586
mvtec,cable,1,1,31,0.1379310344827586
mvtec,cable,1,1,33,0.1379310344827586
mvtec,cable,1,2,5,0.8666666666666667
mvtec,cable,1,2,7,0.7477477477477478
mvtec,cable,1,2,9,0.6216216216216216
mvtec,cable,1,2,11,0.4900900900900901
mvtec,cable,1,2,13,0.3783783783783784
mvtec,cable,1,2,15,0.3351351351351351
mvtec,cable,1,2,17,0.2396396396396396
mvtec,cable,1,2,19,0.2396396396396396
mvtec,cable,1,2,21,0.1729729729729729
mvtec,cable,1,2,23,0.1729729729729729
mvtec,cable,1,2,25,0.0972972972972973
mvtec,cable,1,2,27,0.0972972972972973
mvtec,cable,1,2,29,0.0972972972972973
mvtec,cable,1,2,31,0.0972972972972973
mvtec,cable,1,2,33,0.0972972972972973
mvtec,cable,2,0,5,0.816923076923077
mvtec,cable,2,0,7,0.6692307692307692
mvtec,cable,2,0,9,0.5123076923076924
mvtec,cable,2,0,11,0.3815384615384615
mvtec,cable,2,0,13,0.2846153846153846
mvtec,cable,2,0,15,0.2446153846153846
mvtec,cable,2,0,17,0.1584615384615384
mvtec,cable,2,0,19,0.1584615384615384
mvtec,cable,2,0,21,0.1092307692307692
mvtec,cable,2,0,23,0.1092307692307692
mvtec,cable,2,0,25,0.0569230769230769
mvtec,cable,2,0,27,0.0569230769230769
mvtec,cable,2,0,29,0.0569230769230769
mvtec,cable,2,0,31,0.0569230769230769
mvtec,cable,2,0,33,0.0569230769230769
mvtec,cable,2,1,5,0.8375
mvtec,cable,2,1,7,0.7160714285714286
mvtec,cable,2,1,9,0.5732142857142857
mvtec,cable,2,1,11,0.4357142857142857
mvtec,cable,2,1,13,0.325
mvtec,cable,2,1,15,0.2803571428571428
mvtec,cable,2,1,17,0.1839285714285714
mvtec,cable,2,1,19,0.1839285714285714
mvtec,cable,2,1,21,0.125
mvtec,cable,2,1,23,0.125
mvtec,cable,2,1,25,0.0642857142857142
mvtec,cable,2,1,27,0.0642857142857142
mvtec,cable,2,1,29,0.0642857142857142
mvtec,cable,2,1,31,0.0642857142857142
mvtec,cable,2,1,33,0.0642857142857142
mvtec,cable,2,2,5,0.940928270042194
mvtec,cable,2,2,7,0.8312236286919831
mvtec,cable,2,2,9,0.6835443037974683
mvtec,cable,2,2,11,0.569620253164557
mvtec,cable,2,2,13,0.4388185654008439
mvtec,cable,2,2,15,0.3839662447257383
mvtec,cable,2,2,17,0.2447257383966244
mvtec,cable,2,2,19,0.2447257383966244
mvtec,cable,2,2,21,0.1645569620253164
mvtec,cable,2,2,23,0.1645569620253164
mvtec,cable,2,2,25,0.0843881856540084
mvtec,cable,2,2,27,0.0843881856540084
mvtec,cable,2,2,29,0.0843881856540084
mvtec,cable,2,2,31,0.0843881856540084
mvtec,cable,2,2,33,0.0843881856540084
mvtec,cable,4,0,5,0.7884872824631861
mvtec,cable,4,0,7,0.6532797858099063
mvtec,cable,4,0,9,0.5461847389558233
mvtec,cable,4,0,11,0.4243641231593039
mvtec,cable,4,0,13,0.323962516733601
mvtec,cable,4,0,15,0.2811244979919678
mvtec,cable,4,0,17,0.1874163319946452
mvtec,cable,4,0,19,0.1874163319946452
mvtec,cable,4,0,21,0.1298527443105756
mvtec,cable,4,0,23,0.1298527443105756
mvtec,cable,4,0,25,0.0669344042838018
mvtec,cable,4,0,27,0.0669344042838018
mvtec,cable,4,0,29,0.0669344042838018
mvtec,cable,4,0,31,0.0669344042838018
mvtec,cable,4,0,33,0.0669344042838018
mvtec,cable,4,1,5,0.8282828282828283
mvtec,cable,4,1,7,0.6936026936026936
mvtec,cable,4,1,9,0.5465768799102132
mvtec,cable,4,1,11,0.4085297418630751
mvtec,cable,4,1,13,0.2996632996632997
mvtec,cable,4,1,15,0.260381593714927
mvtec,cable,4,1,17,0.1694725028058361
mvtec,cable,4,1,19,0.1694725028058361
mvtec,cable,4,1,21,0.1200897867564534
mvtec,cable,4,1,23,0.1200897867564534
mvtec,cable,4,1,25,0.0650953984287317
mvtec,cable,4,1,27,0.0650953984287317
mvtec,cable,4,1,29,0.0650953984287317
mvtec,cable,4,1,31,0.0650953984287317
mvtec,cable,4,1,33,0.0650953984287317
mvtec,cable,4,2,5,0.8211267605633803
mvtec,cable,4,2,7,0.6704225352112676
mvtec,cable,4,2,9,0.5591549295774648
mvtec,cable,4,2,11,0.4253521126760563
mvtec,cable,4,2,13,0.3154929577464789
mvtec,cable,4,2,15,0.2746478873239437
mvtec,cable,4,2,17,0.1845070422535211
mvtec,cable,4,2,19,0.1845070422535211
mvtec,cable,4,2,21,0.128169014084507
mvtec,cable,4,2,23,0.128169014084507
mvtec,cable,4,2,25,0.0704225352112676
mvtec,cable,4,2,27,0.0704225352112676
mvtec,cable,4,2,29,0.0704225352112676
mvtec,cable,4,2,31,0.0704225352112676
mvtec,cable,4,2,33,0.0704225352112676
mvtec,cable,8,0,5,0.8027522935779816
mvtec,cable,8,0,7,0.6708715596330275
mvtec,cable,8,0,9,0.555045871559633
mvtec,cable,8,0,11,0.4231651376146789
mvtec,cable,8,0,13,0.3199541284403669
mvtec,cable,8,0,15,0.2798165137614679
mvtec,cable,8,0,17,0.1869266055045871
mvtec,cable,8,0,19,0.1869266055045871
mvtec,cable,8,0,21,0.1318807339449541
mvtec,cable,8,0,23,0.1318807339449541
mvtec,cable,8,0,25,0.0722477064220183
mvtec,cable,8,0,27,0.0722477064220183
mvtec,cable,8,0,29,0.0722477064220183
mvtec,cable,8,0,31,0.0722477064220183
mvtec,cable,8,0,33,0.0722477064220183
mvtec,cable,8,1,5,0.8873994638069705
mvtec,cable,8,1,7,0.806970509383378
mvtec,cable,8,1,9,0.6890080428954424
mvtec,cable,8,1,11,0.5576407506702413
mvtec,cable,8,1,13,0.4262734584450402
mvtec,cable,8,1,15,0.3672922252010724
mvtec,cable,8,1,17,0.2412868632707774
mvtec,cable,8,1,19,0.2412868632707774
mvtec,cable,8,1,21,0.1742627345844504
mvtec,cable,8,1,23,0.1742627345844504
mvtec,cable,8,1,25,0.0938337801608579
mvtec,cable,8,1,27,0.0938337801608579
mvtec,cable,8,1,29,0.0938337801608579
mvtec,cable,8,1,31,0.0938337801608579
mvtec,cable,8,1,33,0.0938337801608579
mvtec,cable,8,2,5,0.8430717863105175
mvtec,cable,8,2,7,0.7228714524207012
mvtec,cable,8,2,9,0.5943238731218697
mvtec,cable,8,2,11,0.4674457429048414
mvtec,cable,8,2,13,0.3606010016694491
mvtec,cable,8,2,15,0.3205342237061769
mvtec,cable,8,2,17,0.2120200333889816
mvtec,cable,8,2,19,0.2120200333889816
mvtec,cable,8,2,21,0.1452420701168614
mvtec,cable,8,2,23,0.1452420701168614
mvtec,cable,8,2,25,0.0751252086811352
mvtec,cable,8,2,27,0.0751252086811352
mvtec,cable,8,2,29,0.0751252086811352
mvtec,cable,8,2,31,0.0751252086811352
mvtec,cable,8,2,33,0.0751252086811352
mvtec,capsule,1,0,5,0.9211686879823594
mvtec,capsule,1,0,7,0.8015435501653804
mvtec,capsule,1,0,9,0.6521499448732084
mvtec,capsule,1,0,11,0.4906284454244763
mvtec,capsule,1,0,13,0.3539140022050717
mvtec,capsule,1,0,15,0.3031973539140022
mvtec,capsule,1,0,17,0.1879823594266813
mvtec,capsule,1,0,19,0.1879823594266813
mvtec,capsule,1,0,21,0.1262403528114663
mvtec,capsule,1,0,23,0.1262403528114663
mvtec,capsule,1,0,25,0.0633958103638368
mvtec,capsule,1,0,27,0.0633958103638368
mvtec,capsule,1,0,29,0.0633958103638368
mvtec,capsule,1,0,31,0.0633958103638368
mvtec,capsule,1,0,33,0.0633958103638368
mvtec,capsule,1,1,5,1.0
mvtec,capsule,1,1,7,1.0
mvtec,capsule,1,1,9,0.9571788413098236
mvtec,capsule,1,1,11,0.836272040302267
mvtec,capsule,1,1,13,0.6750629722921915
mvtec,capsule,1,1,15,0.6020151133501259
mvtec,capsule,1,1,17,0.4080604534005038
mvtec,capsule,1,1,19,0.4080604534005038
mvtec,capsule,1,1,21,0.2871536523929471
mvtec,capsule,1,1,23,0.2871536523929471
mvtec,capsule,1,1,25,0.1511335012594458
mvtec,capsule,1,1,27,0.1511335012594458
mvtec,capsule,1,1,29,0.1511335012594458
mvtec,capsule,1,1,31,0.1511335012594458
mvtec,capsule,1,1,33,0.1511335012594458
mvtec,capsule,1,2,5,0.9644100580270794
mvtec,capsule,1,2,7,0.8201160541586073
mvtec,capsule,1,2,9,0.6011605415860735
mvtec,capsule,1,2,11,0.4123791102514507
mvtec,capsule,1,2,13,0.2847195357833655
mvtec,capsule,1,2,15,0.2398452611218568
mvtec,capsule,1,2,17,0.1466150870406189
mvtec,capsule,1,2,19,0.1466150870406189
mvtec,capsule,1,2,21,0.0986460348162475
mvtec,capsule,1,2,23,0.0986460348162475
mvtec,capsule,1,2,25,0.0495164410058027
mvtec,capsule,1,2,27,0.0495164410058027
mvtec,capsule,1,2,29,0.0495164410058027
mvtec,capsule,1,2,31,0.0495164410058027
mvtec,capsule,1,2,33,0.0495164410058027
mvtec,capsule,2,0,5,1.0
mvtec,capsule,2,0,7,1.0
mvtec,capsule,2,0,9,1.0
mvtec,capsule,2,0,11,1.0
mvtec,capsule,2,0,13,0.9594594594594594
mvtec,capsule,2,0,15,0.918918918918919
mvtec,capsule,2,0,17,0.7972972972972973
mvtec,capsule,2,0,19,0.7972972972972973
mvtec,capsule,2,0,21,0.6891891891891891
mvtec,capsule,2,0,23,0.6891891891891891
mvtec,capsule,2,0,25,0.4864864864864865
mvtec,capsule,2,0,27,0.4864864864864865
mvtec,capsule,2,0,29,0.4864864864864865
mvtec,capsule,2,0,31,0.4864864864864865
mvtec,capsule,2,0,33,0.4864864864864865
mvtec,capsule,2,1,5,1.0
mvtec,capsule,2,1,7,0.94
mvtec,capsule,2,1,9,0.83
mvtec,capsule,2,1,11,0.73
mvtec,capsule,2,1,13,0.62
mvtec,capsule,2,1,15,0.57
mvtec,capsule,2,1,17,0.415
mvtec,capsule,2,1,19,0.415
mvtec,capsule,2,1,21,0.29
mvtec,capsule,2,1,23,0.29
mvtec,capsule,2,1,25,0.155
mvtec,capsule,2,1,27,0.155
mvtec,capsule,2,1,29,0.155
mvtec,capsule,2,1,31,0.155
mvtec,capsule,2,1,33,0.155
mvtec,capsule,2,2,5,1.0
mvtec,capsule,2,2,7,1.0
mvtec,capsule,2,2,9,1.0
mvtec,capsule,2,2,11,0.9866666666666668
mvtec,capsule,2,2,13,0.9466666666666668
mvtec,capsule,2,2,15,0.9066666666666666
mvtec,capsule,2,2,17,0.7466666666666667
mvtec,capsule,2,2,19,0.7466666666666667
mvtec,capsule,2,2,21,0.6266666666666667
mvtec,capsule,2,2,23,0.6266666666666667
mvtec,capsule,2,2,25,0.4133333333333333
mvtec,capsule,2,2,27,0.4133333333333333
mvtec,capsule,2,2,29,0.4133333333333333
mvtec,capsule,2,2,31,0.4133333333333333
mvtec,capsule,2,2,33,0.4133333333333333
mvtec,capsule,4,0,5,1.0
mvtec,capsule,4,0,7,1.0
mvtec,capsule,4,0,9,1.0
mvtec,capsule,4,0,11,0.9431818181818182
mvtec,capsule,4,0,13,0.8863636363636364
mvtec,capsule,4,0,15,0.8409090909090909
mvtec,capsule,4,0,17,0.6931818181818182
mvtec,capsule,4,0,19,0.6931818181818182
mvtec,capsule,4,0,21,0.5681818181818182
mvtec,capsule,4,0,23,0.5681818181818182
mvtec,capsule,4,0,25,0.3977272727272727
mvtec,capsule,4,0,27,0.3977272727272727
mvtec,capsule,4,0,29,0.3977272727272727
mvtec,capsule,4,0,31,0.3977272727272727
mvtec,capsule,4,0,33,0.3977272727272727
mvtec,capsule,4,1,5,1.0
mvtec,capsule,4,1,7,0.986842105263158
mvtec,capsule,4,1,9,0.9276315789473684
mvtec,capsule,4,1,11,0.8618421052631579
mvtec,capsule,4,1,13,0.7894736842105263
mvtec,capsule,4,1,15,0.75
mvtec,capsule,4,1,17,0.6052631578947368
mvtec,capsule,4,1,19,0.6052631578947368
mvtec,capsule,4,1,21,0.4736842105263157
mvtec,capsule,4,1,23,0.4736842105263157
mvtec,capsule,4,1,25,0.2894736842105263
mvtec,capsule,4,1,27,0.2894736842105263
mvtec,capsule,4,1,29,0.2894736842105263
mvtec,capsule,4,1,31,0.2894736842105263
mvtec,capsule,4,1,33,0.2894736842105263
mvtec,capsule,4,2,5,0.9929078014184396
mvtec,capsule,4,2,7,0.9208037825059102
mvtec,capsule,4,2,9,0.8203309692671394
mvtec,capsule,4,2,11,0.7044917257683215
mvtec,capsule,4,2,13,0.5591016548463357
mvtec,capsule,4,2,15,0.4952718676122931
mvtec,capsule,4,2,17,0.3368794326241134
mvtec,capsule,4,2,19,0.3368794326241134
mvtec,capsule,4,2,21,0.235224586288416
mvtec,capsule,4,2,23,0.235224586288416
mvtec,capsule,4,2,25,0.1205673758865248
mvtec,capsule,4,2,27,0.1205673758865248
mvtec,capsule,4,2,29,0.1205673758865248
mvtec,capsule,4,2,31,0.1205673758865248
mvtec,capsule,4,2,33,0.1205673758865248
mvtec,capsule,8,0,5,1.0
mvtec,capsule,8,0,7,0.9973958333333334
mvtec,capsule,8,0,9,0.9296875
mvtec,capsule,8,0,11,0.8541666666666666
mvtec,capsule,8,0,13,0.7578125
mvtec,capsule,8,0,15,0.7005208333333334
mvtec,capsule,8,0,17,0.5338541666666666
mvtec,capsule,8,0,19,0.5338541666666666
mvtec,capsule,8,0,21,0.390625
mvtec,capsule,8,0,23,0.390625
mvtec,capsule,8,0,25,0.2265625
mvtec,capsule,8,0,27,0.2265625
mvtec,capsule,8,0,29,0.2265625
mvtec,capsule,8,0,31,0.2265625
mvtec,capsule,8,0,33,0.2265625
mvtec,capsule,8,1,5,0.9788519637462236
mvtec,capsule,8,1,7,0.8821752265861027
mvtec,capsule,8,1,9,0.783987915407855
mvtec,capsule,8,1,11,0.6782477341389728
mvtec,capsule,8,1,13,0.5468277945619335
mvtec,capsule,8,1,15,0.4894259818731117
mvtec,capsule,8,1,17,0.3368580060422961
mvtec,capsule,8,1,19,0.3368580060422961
mvtec,capsule,8,1,21,0.2371601208459214
mvtec,capsule,8,1,23,0.2371601208459214
mvtec,capsule,8,1,25,0.1283987915407855
mvtec,capsule,8,1,27,0.1283987915407855
mvtec,capsule,8,1,29,0.1283987915407855
mvtec,capsule,8,1,31,0.1283987915407855
mvtec,capsule,8,1,33,0.1283987915407855
mvtec,capsule,8,2,5,1.0
mvtec,capsule,8,2,7,0.9862637362637364
mvtec,capsule,8,2,9,0.9093406593406592
mvtec,capsule,8,2,11,0.8351648351648352
mvtec,capsule,8,2,13,0.7307692307692307
mvtec,capsule,8,2,15,0.6813186813186813
mvtec,capsule,8,2,17,0.521978021978022
mvtec,capsule,8,2,19,0.521978021978022
mvtec,capsule,8,2,21,0.3846153846153846
mvtec,capsule,8,2,23,0.3846153846153846
mvtec,capsule,8,2,25,0.2142857142857142
mvtec,capsule,8,2,27,0.2142857142857142
mvtec,capsule,8,2,29,0.2142857142857142
mvtec,capsule,8,2,31,0.2142857142857142
mvtec,capsule,8,2,33,0.2142857142857142
mvtec,carpet,1,0,5,1.0
mvtec,carpet,1,0,7,1.0
mvtec,carpet,1,0,9,1.0
mvtec,carpet,1,0,11,0.9798657718120806
mvtec,carpet,1,0,13,0.8859060402684564
mvtec,carpet,1,0,15,0.8120805369127517
mvtec,carpet,1,0,17,0.6174496644295302
mvtec,carpet,1,0,19,0.6174496644295302
mvtec,carpet,1,0,21,0.4832214765100671
mvtec,carpet,1,0,23,0.4832214765100671
mvtec,carpet,1,0,25,0.2818791946308724
mvtec,carpet,1,0,27,0.2818791946308724
mvtec,carpet,1,0,29,0.2818791946308724
mvtec,carpet,1,0,31,0.2818791946308724
mvtec,carpet,1,0,33,0.2818791946308724
mvtec,carpet,1,1,5,1.0
mvtec,carpet,1,1,7,0.9557894736842104
mvtec,carpet,1,1,9,0.8263157894736842
mvtec,carpet,1,1,11,0.6726315789473685
mvtec,carpet,1,1,13,0.5221052631578947
mvtec,carpet,1,1,15,0.4568421052631579
mvtec,carpet,1,1,17,0.2968421052631579
mvtec,carpet,1,1,19,0.2968421052631579
mvtec,carpet,1,1,21,0.2
mvtec,carpet,1,1,23,0.2
mvtec,carpet,1,1,25,0.1010526315789473
mvtec,carpet,1,1,27,0.1010526315789473
mvtec,carpet,1,1,29,0.1010526315789473
mvtec,carpet,1,1,31,0.1010526315789473
mvtec,carpet,1,1,33,0.1010526315789473
mvtec,carpet,1,2,5,1.0
mvtec,carpet,1,2,7,1.0
mvtec,carpet,1,2,9,1.0
mvtec,carpet,1,2,11,0.9525862068965516
mvtec,carpet,1,2,13,0.8232758620689655
mvtec,carpet,1,2,15,0.7543103448275862
mvtec,carpet,1,2,17,0.5689655172413793
mvtec,carpet,1,2,19,0.5689655172413793
mvtec,carpet,1,2,21,0.4310344827586206
mvtec,carpet,1,2,23,0.4310344827586206
mvtec,carpet,1,2,25,0.2456896551724137
mvtec,carpet,1,2,27,0.2456896551724137
mvtec,carpet,1,2,29,0.2456896551724137
mvtec,carpet,1,2,31,0.2456896551724137
mvtec,carpet,1,2,33,0.2456896551724137
mvtec,carpet,2,0,5,1.0
mvtec,carpet,2,0,7,0.964549483013294
mvtec,carpet,2,0,9,0.8522895125553914
mvtec,carpet,2,0,11,0.7045790251107829
mvtec,carpet,2,0,13,0.568685376661743
mvtec,carpet,2,0,15,0.5051698670605613
mvtec,carpet,2,0,17,0.3412112259970458
mvtec,carpet,2,0,19,0.3412112259970458
mvtec,carpet,2,0,21,0.2392909896602658
mvtec,carpet,2,0,23,0.2392909896602658
mvtec,carpet,2,0,25,0.1270310192023633
mvtec,carpet,2,0,27,0.1270310192023633
mvtec,carpet,2,0,29,0.1270310192023633
mvtec,carpet,2,0,31,0.1270310192023633
mvtec,carpet,2,0,33,0.1270310192023633
mvtec,carpet,2,1,5,1.0
mvtec,carpet,2,1,7,1.0
mvtec,carpet,2,1,9,0.9807692307692308
mvtec,carpet,2,1,11,0.8685897435897436
mvtec,carpet,2,1,13,0.75
mvtec,carpet,2,1,15,0.6826923076923077
mvtec,carpet,2,1,17,0.4967948717948718
mvtec,carpet,2,1,19,0.4967948717948718
mvtec,carpet,2,1,21,0.3782051282051282
mvtec,carpet,2,1,23,0.3782051282051282
mvtec,carpet,2,1,25,0.2179487179487179
mvtec,carpet,2,1,27,0.2179487179487179
mvtec,carpet,2,1,29,0.2179487179487179
mvtec,carpet,2,1,31,0.2179487179487179
mvtec,carpet,2,1,33,0.2179487179487179
mvtec,carpet,2,2,5,1.0
mvtec,carpet,2,2,7,1.0
mvtec,carpet,2,2,9,1.0
mvtec,carpet,2,2,11,0.9760479041916168
mvtec,carpet,2,2,13,0.8562874251497006
mvtec,carpet,2,2,15,0.7964071856287425
mvtec,carpet,2,2,17,0.6227544910179641
mvtec,carpet,2,2,19,0.6227544910179641
mvtec,carpet,2,2,21,0.497005988023952
mvtec,carpet,2,2,23,0.497005988023952
mvtec,carpet,2,2,25,0.311377245508982
mvtec,carpet,2,2,27,0.311377245508982
mvtec,carpet,2,2,29,0.311377245508982
mvtec,carpet,2,2,31,0.311377245508982
mvtec,carpet,2,2,33,0.311377245508982
mvtec,carpet,4,0,5,1.0
mvtec,carpet,4,0,7,1.0
mvtec,carpet,4,0,9,0.9823008849557522
mvtec,carpet,4,0,11,0.8761061946902655
mvtec,carpet,4,0,13,0.7404129793510325
mvtec,carpet,4,0,15,0.6666666666666666
mvtec,carpet,4,0,17,0.4690265486725664
mvtec,carpet,4,0,19,0.4690265486725664
mvtec,carpet,4,0,21,0.3451327433628318
mvtec,carpet,4,0,23,0.3451327433628318
mvtec,carpet,4,0,25,0.1946902654867256
mvtec,carpet,4,0,27,0.1946902654867256
mvtec,carpet,4,0,29,0.1946902654867256
mvtec,carpet,4,0,31,0.1946902654867256
mvtec,carpet,4,0,33,0.1946902654867256
mvtec,carpet,4,1,5,1.0
mvtec,carpet,4,1,7,1.0
mvtec,carpet,4,1,9,1.0
mvtec,carpet,4,1,11,1.0
mvtec,carpet,4,1,13,0.9223300970873788
mvtec,carpet,4,1,15,0.8737864077669902
mvtec,carpet,4,1,17,0.6699029126213593
mvtec,carpet,4,1,19,0.6699029126213593
mvtec,carpet,4,1,21,0.5048543689320388
mvtec,carpet,4,1,23,0.5048543689320388
mvtec,carpet,4,1,25,0.3106796116504854
mvtec,carpet,4,1,27,0.3106796116504854
mvtec,carpet,4,1,29,0.3106796116504854
mvtec,carpet,4,1,31,0.3106796116504854
mvtec,carpet,4,1,33,0.3106796116504854
mvtec,carpet,4,2,5,1.0
mvtec,carpet,4,2,7,1.0
mvtec,carpet,4,2,9,0.9317073170731708
mvtec,carpet,4,2,11,0.7829268292682927
mvtec,carpet,4,2,13,0.6609756097560976
mvtec,carpet,4,2,15,0.6
mvtec,carpet,4,2,17,0.424390243902439
mvtec,carpet,4,2,19,0.424390243902439
mvtec,carpet,4,2,21,0.3146341463414634
mvtec,carpet,4,2,23,0.3146341463414634
mvtec,carpet,4,2,25,0.1829268292682926
mvtec,carpet,4,2,27,0.1829268292682926
mvtec,carpet,4,2,29,0.1829268292682926
mvtec,carpet,4,2,31,0.1829268292682926
mvtec,carpet,4,2,33,0.1829268292682926
mvtec,carpet,8,0,5,1.0
mvtec,carpet,8,0,7,0.9898580121703854
mvtec,carpet,8,0,9,0.9066937119675456
mvtec,carpet,8,0,11,0.7748478701825557
mvtec,carpet,8,0,13,0.6389452332657201
mvtec,carpet,8,0,15,0.5740365111561866
mvtec,carpet,8,0,17,0.4077079107505071
mvtec,carpet,8,0,19,0.4077079107505071
mvtec,carpet,8,0,21,0.2941176470588235
mvtec,carpet,8,0,23,0.2941176470588235
mvtec,carpet,8,0,25,0.1622718052738336
mvtec,carpet,8,0,27,0.1622718052738336
mvtec,carpet,8,0,29,0.1622718052738336
mvtec,carpet,8,0,31,0.1622718052738336
mvtec,carpet,8,0,33,0.1622718052738336
mvtec,carpet,8,1,5,1.0
mvtec,carpet,8,1,7,1.0
mvtec,carpet,8,1,9,1.0
mvtec,carpet,8,1,11,0.9555555555555556
mvtec,carpet,8,1,13,0.8814814814814815
mvtec,carpet,8,1,15,0.8148148148148148
mvtec,carpet,8,1,17,0.6296296296296297
mvtec,carpet,8,1,19,0.6296296296296297
mvtec,carpet,8,1,21,0.4962962962962963
mvtec,carpet,8,1,23,0.4962962962962963
mvtec,carpet,8,1,25,0.3111111111111111
mvtec,carpet,8,1,27,0.3111111111111111
mvtec,carpet,8,1,29,0.3111111111111111
mvtec,carpet,8,1,31,0.3111111111111111
mvtec,carpet,8,1,33,0.3111111111111111
mvtec,carpet,8,2,5,1.0
mvtec,carpet,8,2,7,1.0
mvtec,carpet,8,2,9,1.0
mvtec,carpet,8,2,11,0.9392712550607288
mvtec,carpet,8,2,13,0.8299595141700404
mvtec,carpet,8,2,15,0.7813765182186235
mvtec,carpet,8,2,17,0.5951417004048583
mvtec,carpet,8,2,19,0.5951417004048583
mvtec,carpet,8,2,21,0.4615384615384615
mvtec,carpet,8,2,23,0.4615384615384615
mvtec,carpet,8,2,25,0.2672064777327935
mvtec,carpet,8,2,27,0.2672064777327935
mvtec,carpet,8,2,29,0.2672064777327935
mvtec,carpet,8,2,31,0.2672064777327935
mvtec,carpet,8,2,33,0.2672064777327935
mvtec,grid,1,0,5,0.0
mvtec,grid,1,0,7,0.0
mvtec,grid,1,0,9,0.0
mvtec,grid,1,0,11,0.0
mvtec,grid,1,0,13,0.0
mvtec,grid,1,0,15,0.0
mvtec,grid,1,0,17,0.0
mvtec,grid,1,0,19,0.0
mvtec,grid,1,0,21,0.0
mvtec,grid,1,0,23,0.0
mvtec,grid,1,0,25,0.0
mvtec,grid,1,0,27,0.0
mvtec,grid,1,0,29,0.0
mvtec,grid,1,0,31,0.0
mvtec,grid,1,0,33,0.0
mvtec,grid,1,1,5,1.0
mvtec,grid,1,1,7,1.0
mvtec,grid,1,1,9,1.0
mvtec,grid,1,1,11,1.0
mvtec,grid,1,1,13,1.0
mvtec,grid,1,1,15,1.0
mvtec,grid,1,1,17,1.0
mvtec,grid,1,1,19,1.0
mvtec,grid,1,1,21,0.75
mvtec,grid,1,1,23,0.75
mvtec,grid,1,1,25,0.5
mvtec,grid,1,1,27,0.5
mvtec,grid,1,1,29,0.5
mvtec,grid,1,1,31,0.5
mvtec,grid,1,1,33,0.5
mvtec,grid,1,2,5,0.0
mvtec,grid,1,2,7,0.0
mvtec,grid,1,2,9,0.0
mvtec,grid,1,2,11,0.0
mvtec,grid,1,2,13,0.0
mvtec,grid,1,2,15,0.0
mvtec,grid,1,2,17,0.0
mvtec,grid,1,2,19,0.0
mvtec,grid,1,2,21,0.0
mvtec,grid,1,2,23,0.0
mvtec,grid,1,2,25,0.0
mvtec,grid,1,2,27,0.0
mvtec,grid,1,2,29,0.0
mvtec,grid,1,2,31,0.0
mvtec,grid,1,2,33,0.0
mvtec,grid,2,0,5,1.0
mvtec,grid,2,0,7,1.0
mvtec,grid,2,0,9,0.970954356846473
mvtec,grid,2,0,11,0.908713692946058
mvtec,grid,2,0,13,0.7510373443983402
mvtec,grid,2,0,15,0.6763485477178424
mvtec,grid,2,0,17,0.4896265560165975
mvtec,grid,2,0,19,0.4896265560165975
mvtec,grid,2,0,21,0.3692946058091286
mvtec,grid,2,0,23,0.3692946058091286
mvtec,grid,2,0,25,0.2033195020746888
mvtec,grid,2,0,27,0.2033195020746888
mvtec,grid,2,0,29,0.2033195020746888
mvtec,grid,2,0,31,0.2033195020746888
mvtec,grid,2,0,33,0.2033195020746888
mvtec,grid,2,1,5,1.0
mvtec,grid,2,1,7,1.0
mvtec,grid,2,1,9,1.0
mvtec,grid,2,1,11,1.0
mvtec,grid,2,1,13,1.0
mvtec,grid,2,1,15,1.0
mvtec,grid,2,1,17,0.9318181818181818
mvtec,grid,2,1,19,0.9318181818181818
mvtec,grid,2,1,21,0.7954545454545454
mvtec,grid,2,1,23,0.7954545454545454
mvtec,grid,2,1,25,0.5227272727272727
mvtec,grid,2,1,27,0.5227272727272727
mvtec,grid,2,1,29,0.5227272727272727
mvtec,grid,2,1,31,0.5227272727272727
mvtec,grid,2,1,33,0.5227272727272727
mvtec,grid,2,2,5,1.0
mvtec,grid,2,2,7,1.0
mvtec,grid,2,2,9,0.955621301775148
mvtec,grid,2,2,11,0.8402366863905325
mvtec,grid,2,2,13,0.6863905325443787
mvtec,grid,2,2,15,0.6153846153846154
mvtec,grid,2,2,17,0.4349112426035503
mvtec,grid,2,2,19,0.4349112426035503
mvtec,grid,2,2,21,0.3047337278106509
mvtec,grid,2,2,23,0.3047337278106509
mvtec,grid,2,2,25,0.1568047337278106
mvtec,grid,2,2,27,0.1568047337278106
mvtec,grid,2,2,29,0.1568047337278106
mvtec,grid,2,2,31,0.1568047337278106
mvtec,grid,2,2,33,0.1568047337278106
mvtec,grid,4,0,5,1.0
mvtec,grid,4,0,7,1.0
mvtec,grid,4,0,9,1.0
mvtec,grid,4,0,11,1.0
mvtec,grid,4,0,13,1.0
mvtec,grid,4,0,15,1.0
mvtec,grid,4,0,17,0.918918918918919
mvtec,grid,4,0,19,0.918918918918919
mvtec,grid,4,0,21,0.7837837837837838
mvtec,grid,4,0,23,0.7837837837837838
mvtec,grid,4,0,25,0.5405405405405406
mvtec,grid,4,0,27,0.5405405405405406
mvtec,grid,4,0,29,0.5405405405405406
mvtec,grid,4,0,31,0.5405405405405406
mvtec,grid,4,0,33,0.5405405405405406
mvtec,grid,4,1,5,1.0
mvtec,grid,4,1,7,1.0
mvtec,grid,4,1,9,1.0
mvtec,grid,4,1,11,1.0
mvtec,grid,4,1,13,1.0
mvtec,grid,4,1,15,0.9375
mvtec,grid,4,1,17,0.8125
mvtec,grid,4,1,19,0.8125
mvtec,grid,4,1,21,0.6875
mvtec,grid,4,1,23,0.6875
mvtec,grid,4,1,25,0.4375
mvtec,grid,4,1,27,0.4375
mvtec,grid,4,1,29,0.4375
mvtec,grid,4,1,31,0.4375
mvtec,grid,4,1,33,0.4375
mvtec,grid,4,2,5,1.0
mvtec,grid,4,2,7,1.0
mvtec,grid,4,2,9,1.0
mvtec,grid,4,2,11,1.0
mvtec,grid,4,2,13,1.0
mvtec,grid,4,2,15,0.96
mvtec,grid,4,2,17,0.84
mvtec,grid,4,2,19,0.84
mvtec,grid,4,2,21,0.72
mvtec,grid,4,2,23,0.72
mvtec,grid,4,2,25,0.48
mvtec,grid,4,2,27,0.48
mvtec,grid,4,2,29,0.48
mvtec,grid,4,2,31,0.48
mvtec,grid,4,2,33,0.48
mvtec,grid,8,0,5,1.0
mvtec,grid,8,0,7,1.0
mvtec,grid,8,0,9,1.0
mvtec,grid,8,0,11,1.0
mvtec,grid,8,0,13,0.931372549019608
mvtec,grid,8,0,15,0.8921568627450981
mvtec,grid,8,0,17,0.696078431372549
mvtec,grid,8,0,19,0.696078431372549
mvtec,grid,8,0,21,0.5490196078431373
mvtec,grid,8,0,23,0.5490196078431373
mvtec,grid,8,0,25,0.3529411764705882
mvtec,grid,8,0,27,0.3529411764705882
mvtec,grid,8,0,29,0.3529411764705882
mvtec,grid,8,0,31,0.3529411764705882
mvtec,grid,8,0,33,0.3529411764705882
mvtec,grid,8,1,5,1.0
mvtec,grid,8,1,7,1.0
mvtec,grid,8,1,9,1.0
mvtec,grid,8,1,11,1.0
mvtec,grid,8,1,13,0.98
mvtec,grid,8,1,15,0.92
mvtec,grid,8,1,17,0.76
mvtec,grid,8,1,19,0.76
mvtec,grid,8,1,21,0.66
mvtec,grid,8,1,23,0.66
mvtec,grid,8,1,25,0.48
mvtec,grid,8,1,27,0.48
mvtec,grid,8,1,29,0.48
mvtec,grid,8,1,31,0.48
mvtec,grid,8,1,33,0.48
mvtec,grid,8,2,5,1.0
mvtec,grid,8,2,7,1.0
mvtec,grid,8,2,9,1.0
mvtec,grid,8,2,11,1.0
mvtec,grid,8,2,13,0.9791666666666666
mvtec,grid,8,2,15,0.9583333333333334
mvtec,grid,8,2,17,0.8125
mvtec,grid,8,2,19,0.8125
mvtec,grid,8,2,21,0.6666666666666666
mvtec,grid,8,2,23,0.6666666666666666
mvtec,grid,8,2,25,0.3958333333333333
mvtec,grid,8,2,27,0.3958333333333333
mvtec,grid,8,2,29,0.3958333333333333
mvtec,grid,8,2,31,0.3958333333333333
mvtec,grid,8,2,33,0.3958333333333333
mvtec,hazelnut,1,0,5,1.0
mvtec,hazelnut,1,0,7,1.0
mvtec,hazelnut,1,0,9,1.0
mvtec,hazelnut,1,0,11,1.0
mvtec,hazelnut,1,0,13,0.75
mvtec,hazelnut,1,0,15,0.625
mvtec,hazelnut,1,0,17,0.375
mvtec,hazelnut,1,0,19,0.375
mvtec,hazelnut,1,0,21,0.25
mvtec,hazelnut,1,0,23,0.25
mvtec,hazelnut,1,0,25,0.125
mvtec,hazelnut,1,0,27,0.125
mvtec,hazelnut,1,0,29,0.125
mvtec,hazelnut,1,0,31,0.125
mvtec,hazelnut,1,0,33,0.125
mvtec,hazelnut,1,1,5,0.0
mvtec,hazelnut,1,1,7,0.0
mvtec,hazelnut,1,1,9,0.0
mvtec,hazelnut,1,1,11,0.0
mvtec,hazelnut,1,1,13,0.0
mvtec,hazelnut,1,1,15,0.0
mvtec,hazelnut,1,1,17,0.0
mvtec,hazelnut,1,1,19,0.0
mvtec,hazelnut,1,1,21,0.0
mvtec,hazelnut,1,1,23,0.0
mvtec,hazelnut,1,1,25,0.0
mvtec,hazelnut,1,1,27,0.0
mvtec,hazelnut,1,1,29,0.0
mvtec,hazelnut,1,1,31,0.0
mvtec,hazelnut,1,1,33,0.0
mvtec,hazelnut,1,2,5,1.0
mvtec,hazelnut,1,2,7,1.0
mvtec,hazelnut,1,2,9,0.8125
mvtec,hazelnut,1,2,11,0.65625
mvtec,hazelnut,1,2,13,0.5625
mvtec,hazelnut,1,2,15,0.46875
mvtec,hazelnut,1,2,17,0.28125
mvtec,hazelnut,1,2,19,0.28125
mvtec,hazelnut,1,2,21,0.1875
mvtec,hazelnut,1,2,23,0.1875
mvtec,hazelnut,1,2,25,0.09375
mvtec,hazelnut,1,2,27,0.09375
mvtec,hazelnut,1,2,29,0.09375
mvtec,hazelnut,1,2,31,0.09375
mvtec,hazelnut,1,2,33,0.09375
mvtec,hazelnut,2,0,5,1.0
mvtec,hazelnut,2,0,7,1.0
mvtec,hazelnut,2,0,9,1.0
mvtec,hazelnut,2,0,11,1.0
mvtec,hazelnut,2,0,13,0.9583333333333334
mvtec,hazelnut,2,0,15,0.9166666666666666
mvtec,hazelnut,2,0,17,0.625
mvtec,hazelnut,2,0,19,0.625
mvtec,hazelnut,2,0,21,0.4166666666666667
mvtec,hazelnut,2,0,23,0.4166666666666667
mvtec,hazelnut,2,0,25,0.2083333333333333
mvtec,hazelnut,2,0,27,0.2083333333333333
mvtec,hazelnut,2,0,29,0.2083333333333333
mvtec,hazelnut,2,0,31,0.2083333333333333
mvtec,hazelnut,2,0,33,0.2083333333333333
mvtec,hazelnut,2,1,5,0.9884836852207294
mvtec,hazelnut,2,1,7,0.8598848368522073
mvtec,hazelnut,2,1,9,0.6525911708253359
mvtec,hazelnut,2,1,11,0.4798464491362764
mvtec,hazelnut,2,1,13,0.3224568138195777
mvtec,hazelnut,2,1,15,0.2687140115163148
mvtec,hazelnut,2,1,17,0.1612284069097888
mvtec,hazelnut,2,1,19,0.1612284069097888
mvtec,hazelnut,2,1,21,0.1074856046065259
mvtec,hazelnut,2,1,23,0.1074856046065259
mvtec,hazelnut,2,1,25,0.0537428023032629
mvtec,hazelnut,2,1,27,0.0537428023032629
mvtec,hazelnut,2,1,29,0.0537428023032629
mvtec,hazelnut,2,1,31,0.0537428023032629
mvtec,hazelnut,2,1,33,0.0537428023032629
mvtec,hazelnut,2,2,5,1.0
mvtec,hazelnut,2,2,7,1.0
mvtec,hazelnut,2,2,9,1.0
mvtec,hazelnut,2,2,11,0.8181818181818182
mvtec,hazelnut,2,2,13,0.5454545454545454
mvtec,hazelnut,2,2,15,0.4545454545454545
mvtec,hazelnut,2,2,17,0.2727272727272727
mvtec,hazelnut,2,2,19,0.2727272727272727
mvtec,hazelnut,2,2,21,0.1818181818181818
mvtec,hazelnut,2,2,23,0.1818181818181818
mvtec,hazelnut,2,2,25,0.0909090909090909
mvtec,hazelnut,2,2,27,0.0909090909090909
mvtec,hazelnut,2,2,29,0.0909090909090909
mvtec,hazelnut,2,2,31,0.0909090909090909
mvtec,hazelnut,2,2,33,0.0909090909090909
mvtec,hazelnut,4,0,5,0.9836734693877552
mvtec,hazelnut,4,0,7,0.8448979591836735
mvtec,hazelnut,4,0,9,0.6816326530612244
mvtec,hazelnut,4,0,11,0.5020408163265306
mvtec,hazelnut,4,0,13,0.3714285714285714
mvtec,hazelnut,4,0,15,0.3142857142857143
mvtec,hazelnut,4,0,17,0.1959183673469387
mvtec,hazelnut,4,0,19,0.1959183673469387
mvtec,hazelnut,4,0,21,0.1306122448979592
mvtec,hazelnut,4,0,23,0.1306122448979592
mvtec,hazelnut,4,0,25,0.0653061224489796
mvtec,hazelnut,4,0,27,0.0653061224489796
mvtec,hazelnut,4,0,29,0.0653061224489796
mvtec,hazelnut,4,0,31,0.0653061224489796
mvtec,hazelnut,4,0,33,0.0653061224489796
mvtec,hazelnut,4,1,5,0.954248366013072
mvtec,hazelnut,4,1,7,0.8594771241830066
mvtec,hazelnut,4,1,9,0.738562091503268
mvtec,hazelnut,4,1,11,0.6143790849673203
mvtec,hazelnut,4,1,13,0.4738562091503268
mvtec,hazelnut,4,1,15,0.4052287581699346
mvtec,hazelnut,4,1,17,0.2581699346405229
mvtec,hazelnut,4,1,19,0.2581699346405229
mvtec,hazelnut,4,1,21,0.1797385620915032
mvtec,hazelnut,4,1,23,0.1797385620915032
mvtec,hazelnut,4,1,25,0.0947712418300653
mvtec,hazelnut,4,1,27,0.0947712418300653
mvtec,hazelnut,4,1,29,0.0947712418300653
mvtec,hazelnut,4,1,31,0.0947712418300653
mvtec,hazelnut,4,1,33,0.0947712418300653
mvtec,hazelnut,4,2,5,0.9552238805970148
mvtec,hazelnut,4,2,7,0.8233830845771144
mvtec,hazelnut,4,2,9,0.7089552238805971
mvtec,hazelnut,4,2,11,0.5348258706467661
mvtec,hazelnut,4,2,13,0.3805970149253731
mvtec,hazelnut,4,2,15,0.3258706467661691
mvtec,hazelnut,4,2,17,0.2114427860696517
mvtec,hazelnut,4,2,19,0.2114427860696517
mvtec,hazelnut,4,2,21,0.1442786069651741
mvtec,hazelnut,4,2,23,0.1442786069651741
mvtec,hazelnut,4,2,25,0.0746268656716417
mvtec,hazelnut,4,2,27,0.0746268656716417
mvtec,hazelnut,4,2,29,0.0746268656716417
mvtec,hazelnut,4,2,31,0.0746268656716417
mvtec,hazelnut,4,2,33,0.0746268656716417
mvtec,hazelnut,8,0,5,0.9421965317919077
mvtec,hazelnut,8,0,7,0.869942196531792
mvtec,hazelnut,8,0,9,0.7456647398843931
mvtec,hazelnut,8,0,11,0.5982658959537572
mvtec,hazelnut,8,0,13,0.4682080924855491
mvtec,hazelnut,8,0,15,0.407514450867052
mvtec,hazelnut,8,0,17,0.26878612716763
mvtec,hazelnut,8,0,19,0.26878612716763
mvtec,hazelnut,8,0,21,0.1849710982658959
mvtec,hazelnut,8,0,23,0.1849710982658959
mvtec,hazelnut,8,0,25,0.0953757225433526
mvtec,hazelnut,8,0,27,0.0953757225433526
mvtec,hazelnut,8,0,29,0.0953757225433526
mvtec,hazelnut,8,0,31,0.0953757225433526
mvtec,hazelnut,8,0,33,0.0953757225433526
mvtec,hazelnut,8,1,5,0.8361408882082695
mvtec,hazelnut,8,1,7,0.6477794793261868
mvtec,hazelnut,8,1,9,0.5206738131699847
mvtec,hazelnut,8,1,11,0.4257274119448698
mvtec,hazelnut,8,1,13,0.332312404287902
mvtec,hazelnut,8,1,15,0.2848392036753445
mvtec,hazelnut,8,1,17,0.1822358346094946
mvtec,hazelnut,8,1,19,0.1822358346094946
mvtec,hazelnut,8,1,21,0.1271056661562021
mvtec,hazelnut,8,1,23,0.1271056661562021
mvtec,hazelnut,8,1,25,0.0673813169984686
mvtec,hazelnut,8,1,27,0.0673813169984686
mvtec,hazelnut,8,1,29,0.0673813169984686
mvtec,hazelnut,8,1,31,0.0673813169984686
mvtec,hazelnut,8,1,33,0.0673813169984686
mvtec,hazelnut,8,2,5,1.0
mvtec,hazelnut,8,2,7,0.90282131661442
mvtec,hazelnut,8,2,9,0.768025078369906
mvtec,hazelnut,8,2,11,0.6018808777429467
mvtec,hazelnut,8,2,13,0.4482758620689655
mvtec,hazelnut,8,2,15,0.3824451410658307
mvtec,hazelnut,8,2,17,0.2476489028213166
mvtec,hazelnut,8,2,19,0.2476489028213166
mvtec,hazelnut,8,2,21,0.1755485893416928
mvtec,hazelnut,8,2,23,0.1755485893416928
mvtec,hazelnut,8,2,25,0.0877742946708464
mvtec,hazelnut,8,2,27,0.0877742946708464
mvtec,hazelnut,8,2,29,0.0877742946708464
mvtec,hazelnut,8,2,31,0.0877742946708464
mvtec,hazelnut,8,2,33,0.0877742946708464
mvtec,leather,1,0,5,1.0
mvtec,leather,1,0,7,0.996138996138996
mvtec,leather,1,0,9,0.9498069498069498
mvtec,leather,1,0,11,0.8957528957528957
mvtec,leather,1,0,13,0.7683397683397684
mvtec,leather,1,0,15,0.7142857142857143
mvtec,leather,1,0,17,0.5521235521235521
mvtec,leather,1,0,19,0.5521235521235521
mvtec,leather,1,0,21,0.4324324324324324
mvtec,leather,1,0,23,0.4324324324324324
mvtec,leather,1,0,25,0.2625482625482625
mvtec,leather,1,0,27,0.2625482625482625
mvtec,leather,1,0,29,0.2625482625482625
mvtec,leather,1,0,31,0.2625482625482625
mvtec,leather,1,0,33,0.2625482625482625
mvtec,leather,1,1,5,1.0
mvtec,leather,1,1,7,1.0
mvtec,leather,1,1,9,0.9383886255924172
mvtec,leather,1,1,11,0.8625592417061612
mvtec,leather,1,1,13,0.7109004739336493
mvtec,leather,1,1,15,0.6492890995260664
mvtec,leather,1,1,17,0.5118483412322274
mvtec,leather,1,1,19,0.5118483412322274
mvtec,leather,1,1,21,0.3933649289099526
mvtec,leather,1,1,23,0.3933649289099526
mvtec,leather,1,1,25,0.2369668246445497
mvtec,leather,1,1,27,0.2369668246445497
mvtec,leather,1,1,29,0.2369668246445497
mvtec,leather,1,1,31,0.2369668246445497
mvtec,leather,1,1,33,0.2369668246445497
mvtec,leather,1,2,5,1.0
mvtec,leather,1,2,7,0.9735516372795968
mvtec,leather,1,2,9,0.8753148614609572
mvtec,leather,1,2,11,0.7380352644836272
mvtec,leather,1,2,13,0.5642317380352645
mvtec,leather,1,2,15,0.4924433249370277
mvtec,leather,1,2,17,0.3324937027707808
mvtec,leather,1,2,19,0.3324937027707808
mvtec,leather,1,2,21,0.2329974811083123
mvtec,leather,1,2,23,0.2329974811083123
mvtec,leather,1,2,25,0.1234256926952141
mvtec,leather,1,2,27,0.1234256926952141
mvtec,leather,1,2,29,0.1234256926952141
mvtec,leather,1,2,31,0.1234256926952141
mvtec,leather,1,2,33,0.1234256926952141
mvtec,leather,2,0,5,1.0
mvtec,leather,2,0,7,1.0
mvtec,leather,2,0,9,1.0
mvtec,leather,2,0,11,1.0
mvtec,leather,2,0,13,1.0
mvtec,leather,2,0,15,1.0
mvtec,leather,2,0,17,1.0
mvtec,leather,2,0,19,1.0
mvtec,leather,2,0,21,1.0
mvtec,leather,2,0,23,1.0
mvtec,leather,2,0,25,0.8235294117647058
mvtec,leather,2,0,27,0.8235294117647058
mvtec,leather,2,0,29,0.8235294117647058
mvtec,leather,2,0,31,0.8235294117647058
mvtec,leather,2,0,33,0.8235294117647058
mvtec,leather,2,1,5,1.0
mvtec,leather,2,1,7,1.0
mvtec,leather,2,1,9,0.9851851851851852
mvtec,leather,2,1,11,0.9111111111111112
mvtec,leather,2,1,13,0.8444444444444444
mvtec,leather,2,1,15,0.8148148148148148
mvtec,leather,2,1,17,0.6666666666666666
mvtec,leather,2,1,19,0.6666666666666666
mvtec,leather,2,1,21,0.5333333333333333
mvtec,leather,2,1,23,0.5333333333333333
mvtec,leather,2,1,25,0.3407407407407407
mvtec,leather,2,1,27,0.3407407407407407
mvtec,leather,2,1,29,0.3407407407407407
mvtec,leather,2,1,31,0.3407407407407407
mvtec,leather,2,1,33,0.3407407407407407
mvtec,leather,2,2,5,1.0
mvtec,leather,2,2,7,0.969309462915601
mvtec,leather,2,2,9,0.8785166240409207
mvtec,leather,2,2,11,0.7416879795396419
mvtec,leather,2,2,13,0.5741687979539642
mvtec,leather,2,2,15,0.5025575447570333
mvtec,leather,2,2,17,0.3363171355498721
mvtec,leather,2,2,19,0.3363171355498721
mvtec,leather,2,2,21,0.2340153452685422
mvtec,leather,2,2,23,0.2340153452685422
mvtec,leather,2,2,25,0.1227621483375959
mvtec,leather,2,2,27,0.1227621483375959
mvtec,leather,2,2,29,0.1227621483375959
mvtec,leather,2,2,31,0.1227621483375959
mvtec,leather,2,2,33,0.1227621483375959
mvtec,leather,4,0,5,1.0
mvtec,leather,4,0,7,1.0
mvtec,leather,4,0,9,0.981132075471698
mvtec,leather,4,0,11,0.9198113207547168
mvtec,leather,4,0,13,0.8301886792452831
mvtec,leather,4,0,15,0.7830188679245284
mvtec,leather,4,0,17,0.6509433962264151
mvtec,leather,4,0,19,0.6509433962264151
mvtec,leather,4,0,21,0.5094339622641509
mvtec,leather,4,0,23,0.5094339622641509
mvtec,leather,4,0,25,0.3066037735849056
mvtec,leather,4,0,27,0.3066037735849056
mvtec,leather,4,0,29,0.3066037735849056
mvtec,leather,4,0,31,0.3066037735849056
mvtec,leather,4,0,33,0.3066037735849056
mvtec,leather,4,1,5,1.0
mvtec,leather,4,1,7,1.0
mvtec,leather,4,1,9,0.9691358024691358
mvtec,leather,4,1,11,0.9135802469135802
mvtec,leather,4,1,13,0.8641975308641975
mvtec,leather,4,1,15,0.8271604938271605
mvtec,leather,4,1,17,0.6728395061728395
mvtec,leather,4,1,19,0.6728395061728395
mvtec,leather,4,1,21,0.5308641975308642
mvtec,leather,4,1,23,0.5308641975308642
mvtec,leather,4,1,25,0.3086419753086419
mvtec,leather,4,1,27,0.3086419753086419
mvtec,leather,4,1,29,0.3086419753086419
mvtec,leather,4,1,31,0.3086419753086419
mvtec,leather,4,1,33,0.3086419753086419
mvtec,leather,4,2,5,1.0
mvtec,leather,4,2,7,1.0
mvtec,leather,4,2,9,0.9784172661870504
mvtec,leather,4,2,11,0.8992805755395683
mvtec,leather,4,2,13,0.8345323741007195
mvtec,leather,4,2,15,0.8129496402877698
mvtec,leather,4,2,17,0.7122302158273381
mvtec,leather,4,2,19,0.7122302158273381
mvtec,leather,4,2,21,0.5971223021582733
mvtec,leather,4,2,23,0.5971223021582733
mvtec,leather,4,2,25,0.3741007194244604
mvtec,leather,4,2,27,0.3741007194244604
mvtec,leather,4,2,29,0.3741007194244604
mvtec,leather,4,2,31,0.3741007194244604
mvtec,leather,4,2,33,0.3741007194244604
mvtec,leather,8,0,5,1.0
mvtec,leather,8,0,7,1.0
mvtec,leather,8,0,9,1.0
mvtec,leather,8,0,11,0.9285714285714286
mvtec,leather,8,0,13,0.8428571428571429
mvtec,leather,8,0,15,0.8071428571428572
mvtec,leather,8,0,17,0.6928571428571428
mvtec,leather,8,0,19,0.6928571428571428
mvtec,leather,8,0,21,0.5428571428571428
mvtec,leather,8,0,23,0.5428571428571428
mvtec,leather,8,0,25,0.3071428571428571
mvtec,leather,8,0,27,0.3071428571428571
mvtec,leather,8,0,29,0.3071428571428571
mvtec,leather,8,0,31,0.3071428571428571
mvtec,leather,8,0,33,0.3071428571428571
mvtec,leather,8,1,5,1.0
mvtec,leather,8,1,7,1.0
mvtec,leather,8,1,9,0.976
mvtec,leather,8,1,11,0.896
mvtec,leather,8,1,13,0.848
mvtec,leather,8,1,15,0.824
mvtec,leather,8,1,17,0.712
mvtec,leather,8,1,19,0.712
mvtec,leather,8,1,21,0.6
mvtec,leather,8,1,23,0.6
mvtec,leather,8,1,25,0.4
mvtec,leather,8,1,27,0.4
mvtec,leather,8,1,29,0.4
mvtec,leather,8,1,31,0.4
mvtec,leather,8,1,33,0.4
mvtec,leather,8,2,5,1.0
mvtec,leather,8,2,7,0.987012987012987
mvtec,leather,8,2,9,0.9558441558441558
mvtec,leather,8,2,11,0.8779220779220779
mvtec,leather,8,2,13,0.7454545454545455
mvtec,leather,8,2,15,0.6805194805194805
mvtec,leather,8,2,17,0.4935064935064935
mvtec,leather,8,2,19,0.4935064935064935
mvtec,leather,8,2,21,0.3584415584415584
mvtec,leather,8,2,23,0.3584415584415584
mvtec,leather,8,2,25,0.2025974025974026
mvtec,leather,8,2,27,0.2025974025974026
mvtec,leather,8,2,29,0.2025974025974026
mvtec,leather,8,2,31,0.2025974025974026
mvtec,leather,8,2,33,0.2025974025974026
mvtec,metal_nut,1,0,5,1.0
mvtec,metal_nut,1,0,7,1.0
mvtec,metal_nut,1,0,9,0.8735632183908046
mvtec,metal_nut,1,0,11,0.7586206896551724
mvtec,metal_nut,1,0,13,0.6091954022988506
mvtec,metal_nut,1,0,15,0.5402298850574713
mvtec,metal_nut,1,0,17,0.3448275862068966
mvtec,metal_nut,1,0,19,0.3448275862068966
mvtec,metal_nut,1,0,21,0.2413793103448276
mvtec,metal_nut,1,0,23,0.2413793103448276
mvtec,metal_nut,1,0,25,0.1264367816091954
mvtec,metal_nut,1,0,27,0.1264367816091954
mvtec,metal_nut,1,0,29,0.1264367816091954
mvtec,metal_nut,1,0,31,0.1264367816091954
mvtec,metal_nut,1,0,33,0.1264367816091954
mvtec,metal_nut,1,1,5,1.0
mvtec,metal_nut,1,1,7,1.0
mvtec,metal_nut,1,1,9,1.0
mvtec,metal_nut,1,1,11,1.0
mvtec,metal_nut,1,1,13,0.9555555555555556
mvtec,metal_nut,1,1,15,0.9111111111111112
mvtec,metal_nut,1,1,17,0.7111111111111111
mvtec,metal_nut,1,1,19,0.7111111111111111
mvtec,metal_nut,1,1,21,0.5555555555555556
mvtec,metal_nut,1,1,23,0.5555555555555556
mvtec,metal_nut,1,1,25,0.3555555555555555
mvtec,metal_nut,1,1,27,0.3555555555555555
mvtec,metal_nut,1,1,29,0.3555555555555555
mvtec,metal_nut,1,1,31,0.3555555555555555
mvtec,metal_nut,1,1,33,0.3555555555555555
mvtec,metal_nut,1,2,5,1.0
mvtec,metal_nut,1,2,7,0.9498432601880876
mvtec,metal_nut,1,2,9,0.8369905956112853
mvtec,metal_nut,1,2,11,0.658307210031348
mvtec,metal_nut,1,2,13,0.4905956112852664
mvtec,metal_nut,1,2,15,0.4247648902821316
mvtec,metal_nut,1,2,17,0.2758620689655172
mvtec,metal_nut,1,2,19,0.2758620689655172
mvtec,metal_nut,1,2,21,0.1912225705329153
mvtec,metal_nut,1,2,23,0.1912225705329153
mvtec,metal_nut,1,2,25,0.0971786833855799
mvtec,metal_nut,1,2,27,0.0971786833855799
mvtec,metal_nut,1,2,29,0.0971786833855799
mvtec,metal_nut,1,2,31,0.0971786833855799
mvtec,metal_nut,1,2,33,0.0971786833855799
mvtec,metal_nut,2,0,5,1.0
mvtec,metal_nut,2,0,7,1.0
mvtec,metal_nut,2,0,9,0.9847094801223242
mvtec,metal_nut,2,0,11,0.8960244648318043
mvtec,metal_nut,2,0,13,0.7675840978593272
mvtec,metal_nut,2,0,15,0.7033639143730887
mvtec,metal_nut,2,0,17,0.5168195718654435
mvtec,metal_nut,2,0,19,0.5168195718654435
mvtec,metal_nut,2,0,21,0.3730886850152905
mvtec,metal_nut,2,0,23,0.3730886850152905
mvtec,metal_nut,2,0,25,0.2048929663608562
mvtec,metal_nut,2,0,27,0.2048929663608562
mvtec,metal_nut,2,0,29,0.2048929663608562
mvtec,metal_nut,2,0,31,0.2048929663608562
mvtec,metal_nut,2,0,33,0.2048929663608562
mvtec,metal_nut,2,1,5,1.0
mvtec,metal_nut,2,1,7,0.9509803921568628
mvtec,metal_nut,2,1,9,0.8300653594771242
mvtec,metal_nut,2,1,11,0.6535947712418301
mvtec,metal_nut,2,1,13,0.5032679738562091
mvtec,metal_nut,2,1,15,0.4444444444444444
mvtec,metal_nut,2,1,17,0.2973856209150327
mvtec,metal_nut,2,1,19,0.2973856209150327
mvtec,metal_nut,2,1,21,0.2026143790849673
mvtec,metal_nut,2,1,23,0.2026143790849673
mvtec,metal_nut,2,1,25,0.1045751633986928
mvtec,metal_nut,2,1,27,0.1045751633986928
mvtec,metal_nut,2,1,29,0.1045751633986928
mvtec,metal_nut,2,1,31,0.1045751633986928
mvtec,metal_nut,2,1,33,0.1045751633986928
mvtec,metal_nut,2,2,5,1.0
mvtec,metal_nut,2,2,7,0.9913669064748202
mvtec,metal_nut,2,2,9,0.8935251798561151
mvtec,metal_nut,2,2,11,0.758273381294964
mvtec,metal_nut,2,2,13,0.5913669064748202
mvtec,metal_nut,2,2,15,0.5194244604316547
mvtec,metal_nut,2,2,17,0.3381294964028777
mvtec,metal_nut,2,2,19,0.3381294964028777
mvtec,metal_nut,2,2,21,0.2345323741007194
mvtec,metal_nut,2,2,23,0.2345323741007194
mvtec,metal_nut,2,2,25,0.1223021582733813
mvtec,metal_nut,2,2,27,0.1223021582733813
mvtec,metal_nut,2,2,29,0.1223021582733813
mvtec,metal_nut,2,2,31,0.1223021582733813
mvtec,metal_nut,2,2,33,0.1223021582733813
mvtec,metal_nut,4,0,5,1.0
mvtec,metal_nut,4,0,7,0.967629046369204
mvtec,metal_nut,4,0,9,0.8022747156605424
mvtec,metal_nut,4,0,11,0.6010498687664042
mvtec,metal_nut,4,0,13,0.4330708661417323
mvtec,metal_nut,4,0,15,0.3700787401574803
mvtec,metal_nut,4,0,17,0.231846019247594
mvtec,metal_nut,4,0,19,0.231846019247594
mvtec,metal_nut,4,0,21,0.1583552055993
mvtec,metal_nut,4,0,23,0.1583552055993
mvtec,metal_nut,4,0,25,0.0804899387576553
mvtec,metal_nut,4,0,27,0.0804899387576553
mvtec,metal_nut,4,0,29,0.0804899387576553
mvtec,metal_nut,4,0,31,0.0804899387576553
mvtec,metal_nut,4,0,33,0.0804899387576553
mvtec,metal_nut,4,1,5,1.0
mvtec,metal_nut,4,1,7,1.0
mvtec,metal_nut,4,1,9,0.9055944055944056
mvtec,metal_nut,4,1,11,0.7902097902097902
mvtec,metal_nut,4,1,13,0.6398601398601399
mvtec,metal_nut,4,1,15,0.5664335664335665
mvtec,metal_nut,4,1,17,0.3881118881118881
mvtec,metal_nut,4,1,19,0.3881118881118881
mvtec,metal_nut,4,1,21,0.2692307692307692
mvtec,metal_nut,4,1,23,0.2692307692307692
mvtec,metal_nut,4,1,25,0.1433566433566433
mvtec,metal_nut,4,1,27,0.1433566433566433
mvtec,metal_nut,4,1,29,0.1433566433566433
mvtec,metal_nut,4,1,31,0.1433566433566433
mvtec,metal_nut,4,1,33,0.1433566433566433
mvtec,metal_nut,4,2,5,1.0
mvtec,metal_nut,4,2,7,1.0
mvtec,metal_nut,4,2,9,0.9012875536480688
mvtec,metal_nut,4,2,11,0.7682403433476395
mvtec,metal_nut,4,2,13,0.630901287553648
mvtec,metal_nut,4,2,15,0.5579399141630901
mvtec,metal_nut,4,2,17,0.3819742489270386
mvtec,metal_nut,4,2,19,0.3819742489270386
mvtec,metal_nut,4,2,21,0.2575107296137339
mvtec,metal_nut,4,2,23,0.2575107296137339
mvtec,metal_nut,4,2,25,0.1287553648068669
mvtec,metal_nut,4,2,27,0.1287553648068669
mvtec,metal_nut,4,2,29,0.1287553648068669
mvtec,metal_nut,4,2,31,0.1287553648068669
mvtec,metal_nut,4,2,33,0.1287553648068669
mvtec,metal_nut,8,0,5,1.0
mvtec,metal_nut,8,0,7,0.9976190476190476
mvtec,metal_nut,8,0,9,0.9357142857142856
mvtec,metal_nut,8,0,11,0.8261904761904761
mvtec,metal_nut,8,0,13,0.6928571428571428
mvtec,metal_nut,8,0,15,0.6238095238095238
mvtec,metal_nut,8,0,17,0.4285714285714285
mvtec,metal_nut,8,0,19,0.4285714285714285
mvtec,metal_nut,8,0,21,0.3
mvtec,metal_nut,8,0,23,0.3
mvtec,metal_nut,8,0,25,0.1547619047619047
mvtec,metal_nut,8,0,27,0.1547619047619047
mvtec,metal_nut,8,0,29,0.1547619047619047
mvtec,metal_nut,8,0,31,0.1547619047619047
mvtec,metal_nut,8,0,33,0.1547619047619047
mvtec,metal_nut,8,1,5,1.0
mvtec,metal_nut,8,1,7,0.9366197183098592
mvtec,metal_nut,8,1,9,0.8204225352112676
mvtec,metal_nut,8,1,11,0.6619718309859155
mvtec,metal_nut,8,1,13,0.5035211267605634
mvtec,metal_nut,8,1,15,0.4348591549295774
mvtec,metal_nut,8,1,17,0.2764084507042254
mvtec,metal_nut,8,1,19,0.2764084507042254
mvtec,metal_nut,8,1,21,0.1883802816901408
mvtec,metal_nut,8,1,23,0.1883802816901408
mvtec,metal_nut,8,1,25,0.0968309859154929
mvtec,metal_nut,8,1,27,0.0968309859154929
mvtec,metal_nut,8,1,29,0.0968309859154929
mvtec,metal_nut,8,1,31,0.0968309859154929
mvtec,metal_nut,8,1,33,0.0968309859154929
mvtec,metal_nut,8,2,5,1.0
mvtec,metal_nut,8,2,7,0.987460815047022
mvtec,metal_nut,8,2,9,0.9090909090909092
mvtec,metal_nut,8,2,11,0.7711598746081505
mvtec,metal_nut,8,2,13,0.6112852664576802
mvtec,metal_nut,8,2,15,0.5344827586206896
mvtec,metal_nut,8,2,17,0.3463949843260188
mvtec,metal_nut,8,2,19,0.3463949843260188
mvtec,metal_nut,8,2,21,0.2366771159874608
mvtec,metal_nut,8,2,23,0.2366771159874608
mvtec,metal_nut,8,2,25,0.122257053291536
mvtec,metal_nut,8,2,27,0.122257053291536
mvtec,metal_nut,8,2,29,0.122257053291536
mvtec,metal_nut,8,2,31,0.122257053291536
mvtec,metal_nut,8,2,33,0.122257053291536
mvtec,pill,1,0,5,0.7536
mvtec,pill,1,0,7,0.6816
mvtec,pill,1,0,9,0.5596
mvtec,pill,1,0,11,0.4224
mvtec,pill,1,0,13,0.3104
mvtec,pill,1,0,15,0.2664
mvtec,pill,1,0,17,0.168
mvtec,pill,1,0,19,0.168
mvtec,pill,1,0,21,0.1148
mvtec,pill,1,0,23,0.1148
mvtec,pill,1,0,25,0.0588
mvtec,pill,1,0,27,0.0588
mvtec,pill,1,0,29,0.0588
mvtec,pill,1,0,31,0.0588
mvtec,pill,1,0,33,0.0588
mvtec,pill,1,1,5,0.9980302035456337
mvtec,pill,1,1,7,0.8778726198292843
mvtec,pill,1,1,9,0.6992777413000657
mvtec,pill,1,1,11,0.5219960604070912
mvtec,pill,1,1,13,0.3847669074195666
mvtec,pill,1,1,15,0.3302692055154301
mvtec,pill,1,1,17,0.2068286277084701
mvtec,pill,1,1,19,0.2068286277084701
mvtec,pill,1,1,21,0.139198949441891
mvtec,pill,1,1,23,0.139198949441891
mvtec,pill,1,1,25,0.0702560735390676
mvtec,pill,1,1,27,0.0702560735390676
mvtec,pill,1,1,29,0.0702560735390676
mvtec,pill,1,1,31,0.0702560735390676
mvtec,pill,1,1,33,0.0702560735390676
mvtec,pill,1,2,5,0.8097297297297297
mvtec,pill,1,2,7,0.7156756756756757
mvtec,pill,1,2,9,0.5924324324324325
mvtec,pill,1,2,11,0.4664864864864865
mvtec,pill,1,2,13,0.3508108108108108
mvtec,pill,1,2,15,0.3054054054054054
mvtec,pill,1,2,17,0.1989189189189189
mvtec,pill,1,2,19,0.1989189189189189
mvtec,pill,1,2,21,0.1383783783783783
mvtec,pill,1,2,23,0.1383783783783783
mvtec,pill,1,2,25,0.0713513513513513
mvtec,pill,1,2,27,0.0713513513513513
mvtec,pill,1,2,29,0.0713513513513513
mvtec,pill,1,2,31,0.0713513513513513
mvtec,pill,1,2,33,0.0713513513513513
mvtec,pill,2,0,5,1.0
mvtec,pill,2,0,7,0.9614243323442137
mvtec,pill,2,0,9,0.9169139465875372
mvtec,pill,2,0,11,0.8100890207715133
mvtec,pill,2,0,13,0.6617210682492581
mvtec,pill,2,0,15,0.5905044510385756
mvtec,pill,2,0,17,0.4272997032640949
mvtec,pill,2,0,19,0.4272997032640949
mvtec,pill,2,0,21,0.3204747774480712
mvtec,pill,2,0,23,0.3204747774480712
mvtec,pill,2,0,25,0.1780415430267062
mvtec,pill,2,0,27,0.1780415430267062
mvtec,pill,2,0,29,0.1780415430267062
mvtec,pill,2,0,31,0.1780415430267062
mvtec,pill,2,0,33,0.1780415430267062
mvtec,pill,2,1,5,0.7856567284448026
mvtec,pill,2,1,7,0.7147461724415793
mvtec,pill,2,1,9,0.6349717969379532
mvtec,pill,2,1,11,0.5358581788879936
mvtec,pill,2,1,13,0.4327155519742143
mvtec,pill,2,1,15,0.3859790491539081
mvtec,pill,2,1,17,0.2594681708299758
mvtec,pill,2,1,19,0.2594681708299758
mvtec,pill,2,1,21,0.1813053988718775
mvtec,pill,2,1,23,0.1813053988718775
mvtec,pill,2,1,25,0.0975020145044319
mvtec,pill,2,1,27,0.0975020145044319
mvtec,pill,2,1,29,0.0975020145044319
mvtec,pill,2,1,31,0.0975020145044319
mvtec,pill,2,1,33,0.0975020145044319
mvtec,pill,2,2,5,0.8621340887629839
mvtec,pill,2,2,7,0.7360717658168083
mvtec,pill,2,2,9,0.5915958451369216
mvtec,pill,2,2,11,0.4452313503305005
mvtec,pill,2,2,13,0.3262511803588291
mvtec,pill,2,2,15,0.2776203966005666
mvtec,pill,2,2,17,0.1737488196411709
mvtec,pill,2,2,19,0.1737488196411709
mvtec,pill,2,2,21,0.1175637393767705
mvtec,pill,2,2,23,0.1175637393767705
mvtec,pill,2,2,25,0.0594900849858356
mvtec,pill,2,2,27,0.0594900849858356
mvtec,pill,2,2,29,0.0594900849858356
mvtec,pill,2,2,31,0.0594900849858356
mvtec,pill,2,2,33,0.0594900849858356
mvtec,pill,4,0,5,0.8232958305757776
mvtec,pill,4,0,7,0.7412309728656519
mvtec,pill,4,0,9,0.6247518199867638
mvtec,pill,4,0,11,0.4990072799470549
mvtec,pill,4,0,13,0.3851753805426869
mvtec,pill,4,0,15,0.3348775645268034
mvtec,pill,4,0,17,0.2183984116479153
mvtec,pill,4,0,19,0.2183984116479153
mvtec,pill,4,0,21,0.1489080079417604
mvtec,pill,4,0,23,0.1489080079417604
mvtec,pill,4,0,25,0.0774321641297154
mvtec,pill,4,0,27,0.0774321641297154
mvtec,pill,4,0,29,0.0774321641297154
mvtec,pill,4,0,31,0.0774321641297154
mvtec,pill,4,0,33,0.0774321641297154
mvtec,pill,4,1,5,0.8
mvtec,pill,4,1,7,0.7083743842364532
mvtec,pill,4,1,9,0.6177339901477833
mvtec,pill,4,1,11,0.5182266009852217
mvtec,pill,4,1,13,0.4167487684729064
mvtec,pill,4,1,15,0.3704433497536946
mvtec,pill,4,1,17,0.2502463054187192
mvtec,pill,4,1,19,0.2502463054187192
mvtec,pill,4,1,21,0.1783251231527093
mvtec,pill,4,1,23,0.1783251231527093
mvtec,pill,4,1,25,0.0955665024630541
mvtec,pill,4,1,27,0.0955665024630541
mvtec,pill,4,1,29,0.0955665024630541
mvtec,pill,4,1,31,0.0955665024630541
mvtec,pill,4,1,33,0.0955665024630541
mvtec,pill,4,2,5,0.7334851936218679
mvtec,pill,4,2,7,0.6560364464692483
mvtec,pill,4,2,9,0.5725132877752468
mvtec,pill,4,2,11,0.4760820045558087
mvtec,pill,4,2,13,0.3834472285497342
mvtec,pill,4,2,15,0.3416856492027335
mvtec,pill,4,2,17,0.2384206529992407
mvtec,pill,4,2,19,0.2384206529992407
mvtec,pill,4,2,21,0.1693242217160212
mvtec,pill,4,2,23,0.1693242217160212
mvtec,pill,4,2,25,0.0918754745634016
mvtec,pill,4,2,27,0.0918754745634016
mvtec,pill,4,2,29,0.0918754745634016
mvtec,pill,4,2,31,0.0918754745634016
mvtec,pill,4,2,33,0.0918754745634016
mvtec,pill,8,0,5,0.7183698296836983
mvtec,pill,8,0,7,0.6411192214111923
mvtec,pill,8,0,9,0.5517031630170316
mvtec,pill,8,0,11,0.4422141119221411
mvtec,pill,8,0,13,0.3381995133819951
mvtec,pill,8,0,15,0.2944038929440389
mvtec,pill,8,0,17,0.1934306569343065
mvtec,pill,8,0,19,0.1934306569343065
mvtec,pill,8,0,21,0.1319951338199513
mvtec,pill,8,0,23,0.1319951338199513
mvtec,pill,8,0,25,0.0681265206812652
mvtec,pill,8,0,27,0.0681265206812652
mvtec,pill,8,0,29,0.0681265206812652
mvtec,pill,8,0,31,0.0681265206812652
mvtec,pill,8,0,33,0.0681265206812652
mvtec,pill,8,1,5,1.0
mvtec,pill,8,1,7,0.9346210995542348
mvtec,pill,8,1,9,0.8202080237741456
mvtec,pill,8,1,11,0.6537890044576523
mvtec,pill,8,1,13,0.5007429420505201
mvtec,pill,8,1,15,0.4338781575037147
mvtec,pill,8,1,17,0.2778603268945022
mvtec,pill,8,1,19,0.2778603268945022
mvtec,pill,8,1,21,0.1901931649331352
mvtec,pill,8,1,23,0.1901931649331352
mvtec,pill,8,1,25,0.0980683506686478
mvtec,pill,8,1,27,0.0980683506686478
mvtec,pill,8,1,29,0.0980683506686478
mvtec,pill,8,1,31,0.0980683506686478
mvtec,pill,8,1,33,0.0980683506686478
mvtec,pill,8,2,5,0.964451313755796
mvtec,pill,8,2,7,0.9041731066460588
mvtec,pill,8,2,9,0.80370942812983
mvtec,pill,8,2,11,0.6816074188562596
mvtec,pill,8,2,13,0.5378670788253478
mvtec,pill,8,2,15,0.4791344667697063
mvtec,pill,8,2,17,0.3307573415765069
mvtec,pill,8,2,19,0.3307573415765069
mvtec,pill,8,2,21,0.2333848531684698
mvtec,pill,8,2,23,0.2333848531684698
mvtec,pill,8,2,25,0.1282843894899536
mvtec,pill,8,2,27,0.1282843894899536
mvtec,pill,8,2,29,0.1282843894899536
mvtec,pill,8,2,31,0.1282843894899536
mvtec,pill,8,2,33,0.1282843894899536
mvtec,screw,1,0,5,0.0
mvtec,screw,1,0,7,0.0
mvtec,screw,1,0,9,0.0
mvtec,screw,1,0,11,0.0
mvtec,screw,1,0,13,0.0
mvtec,screw,1,0,15,0.0
mvtec,screw,1,0,17,0.0
mvtec,screw,1,0,19,0.0
mvtec,screw,1,0,21,0.0
mvtec,screw,1,0,23,0.0
mvtec,screw,1,0,25,0.0
mvtec,screw,1,0,27,0.0
mvtec,screw,1,0,29,0.0
mvtec,screw,1,0,31,0.0
mvtec,screw,1,0,33,0.0
mvtec,screw,1,1,5,1.0
mvtec,screw,1,1,7,0.9600886917960088
mvtec,screw,1,1,9,0.8536585365853658
mvtec,screw,1,1,11,0.7028824833702882
mvtec,screw,1,1,13,0.5055432372505543
mvtec,screw,1,1,15,0.425720620842572
mvtec,screw,1,1,17,0.2638580931263858
mvtec,screw,1,1,19,0.2638580931263858
mvtec,screw,1,1,21,0.1773835920177383
mvtec,screw,1,1,23,0.1773835920177383
mvtec,screw,1,1,25,0.0886917960088691
mvtec,screw,1,1,27,0.0886917960088691
mvtec,screw,1,1,29,0.0886917960088691
mvtec,screw,1,1,31,0.0886917960088691
mvtec,screw,1,1,33,0.0886917960088691
mvtec,screw,1,2,5,1.0
mvtec,screw,1,2,7,1.0
mvtec,screw,1,2,9,1.0
mvtec,screw,1,2,11,1.0
mvtec,screw,1,2,13,1.0
mvtec,screw,1,2,15,1.0
mvtec,screw,1,2,17,1.0
mvtec,screw,1,2,19,1.0
mvtec,screw,1,2,21,0.6666666666666666
mvtec,screw,1,2,23,0.6666666666666666
mvtec,screw,1,2,25,0.3333333333333333
mvtec,screw,1,2,27,0.3333333333333333
mvtec,screw,1,2,29,0.3333333333333333
mvtec,screw,1,2,31,0.3333333333333333
mvtec,screw,1,2,33,0.3333333333333333
mvtec,screw,2,0,5,1.0
mvtec,screw,2,0,7,1.0
mvtec,screw,2,0,9,1.0
mvtec,screw,2,0,11,0.9606299212598424
mvtec,screw,2,0,13,0.8267716535433071
mvtec,screw,2,0,15,0.7480314960629921
mvtec,screw,2,0,17,0.5590551181102362
mvtec,screw,2,0,19,0.5590551181102362
mvtec,screw,2,0,21,0.4094488188976378
mvtec,screw,2,0,23,0.4094488188976378
mvtec,screw,2,0,25,0.2283464566929134
mvtec,screw,2,0,27,0.2283464566929134
mvtec,screw,2,0,29,0.2283464566929134
mvtec,screw,2,0,31,0.2283464566929134
mvtec,screw,2,0,33,0.2283464566929134
mvtec,screw,2,1,5,1.0
mvtec,screw,2,1,7,1.0
mvtec,screw,2,1,9,0.98989898989899
mvtec,screw,2,1,11,0.9090909090909092
mvtec,screw,2,1,13,0.7171717171717171
mvtec,screw,2,1,15,0.6363636363636364
mvtec,screw,2,1,17,0.4444444444444444
mvtec,screw,2,1,19,0.4444444444444444
mvtec,screw,2,1,21,0.3131313131313131
mvtec,screw,2,1,23,0.3131313131313131
mvtec,screw,2,1,25,0.1717171717171717
mvtec,screw,2,1,27,0.1717171717171717
mvtec,screw,2,1,29,0.1717171717171717
mvtec,screw,2,1,31,0.1717171717171717
mvtec,screw,2,1,33,0.1717171717171717
mvtec,screw,2,2,5,1.0
mvtec,screw,2,2,7,1.0
mvtec,screw,2,2,9,1.0
mvtec,screw,2,2,11,0.9827586206896552
mvtec,screw,2,2,13,0.913793103448276
mvtec,screw,2,2,15,0.8793103448275862
mvtec,screw,2,2,17,0.7241379310344828
mvtec,screw,2,2,19,0.7241379310344828
mvtec,screw,2,2,21,0.5
mvtec,screw,2,2,23,0.5
mvtec,screw,2,2,25,0.2586206896551724
mvtec,screw,2,2,27,0.2586206896551724
mvtec,screw,2,2,29,0.2586206896551724
mvtec,screw,2,2,31,0.2586206896551724
mvtec,screw,2,2,33,0.2586206896551724
mvtec,screw,4,0,5,1.0
mvtec,screw,4,0,7,1.0
mvtec,screw,4,0,9,1.0
mvtec,screw,4,0,11,1.0
mvtec,screw,4,0,13,1.0
mvtec,screw,4,0,15,1.0
mvtec,screw,4,0,17,0.8
mvtec,screw,4,0,19,0.8
mvtec,screw,4,0,21,0.6
mvtec,screw,4,0,23,0.6
mvtec,screw,4,0,25,0.4
mvtec,screw,4,0,27,0.4
mvtec,screw,4,0,29,0.4
mvtec,screw,4,0,31,0.4
mvtec,screw,4,0,33,0.4
mvtec,screw,4,1,5,1.0
mvtec,screw,4,1,7,1.0
mvtec,screw,4,1,9,1.0
mvtec,screw,4,1,11,1.0
mvtec,screw,4,1,13,0.8409090909090909
mvtec,screw,4,1,15,0.7651515151515151
mvtec,screw,4,1,17,0.5303030303030303
mvtec,screw,4,1,19,0.5303030303030303
mvtec,screw,4,1,21,0.3712121212121212
mvtec,screw,4,1,23,0.3712121212121212
mvtec,screw,4,1,25,0.1893939393939394
mvtec,screw,4,1,27,0.1893939393939394
mvtec,screw,4,1,29,0.1893939393939394
mvtec,screw,4,1,31,0.1893939393939394
mvtec,screw,4,1,33,0.1893939393939394
mvtec,screw,4,2,5,1.0
mvtec,screw,4,2,7,1.0
mvtec,screw,4,2,9,0.9732824427480916
mvtec,screw,4,2,11,0.8969465648854962
mvtec,screw,4,2,13,0.7900763358778626
mvtec,screw,4,2,15,0.7137404580152672
mvtec,screw,4,2,17,0.5038167938931297
mvtec,screw,4,2,19,0.5038167938931297
mvtec,screw,4,2,21,0.3587786259541984
mvtec,screw,4,2,23,0.3587786259541984
mvtec,screw,4,2,25,0.1984732824427481
mvtec,screw,4,2,27,0.1984732824427481
mvtec,screw,4,2,29,0.1984732824427481
mvtec,screw,4,2,31,0.1984732824427481
mvtec,screw,4,2,33,0.1984732824427481
mvtec,screw,8,0,5,1.0
mvtec,screw,8,0,7,1.0
mvtec,screw,8,0,9,0.9130434782608696
mvtec,screw,8,0,11,0.717391304347826
mvtec,screw,8,0,13,0.5380434782608695
mvtec,screw,8,0,15,0.4728260869565217
mvtec,screw,8,0,17,0.3097826086956521
mvtec,screw,8,0,19,0.3097826086956521
mvtec,screw,8,0,21,0.217391304347826
mvtec,screw,8,0,23,0.217391304347826
mvtec,screw,8,0,25,0.125
mvtec,screw,8,0,27,0.125
mvtec,screw,8,0,29,0.125
mvtec,screw,8,0,31,0.125
mvtec,screw,8,0,33,0.125
mvtec,screw,8,1,5,1.0
mvtec,screw,8,1,7,0.9528985507246376
mvtec,screw,8,1,9,0.8170289855072463
mvtec,screw,8,1,11,0.6557971014492754
mvtec,screw,8,1,13,0.5072463768115942
mvtec,screw,8,1,15,0.4456521739130434
mvtec,screw,8,1,17,0.2952898550724637
mvtec,screw,8,1,19,0.2952898550724637
mvtec,screw,8,1,21,0.2065217391304347
mvtec,screw,8,1,23,0.2065217391304347
mvtec,screw,8,1,25,0.108695652173913
mvtec,screw,8,1,27,0.108695652173913
mvtec,screw,8,1,29,0.108695652173913
mvtec,screw,8,1,31,0.108695652173913
mvtec,screw,8,1,33,0.108695652173913
mvtec,screw,8,2,5,1.0
mvtec,screw,8,2,7,0.9913169319826338
mvtec,screw,8,2,9,0.9160636758321272
mvtec,screw,8,2,11,0.7742402315484804
mvtec,screw,8,2,13,0.6063675832127352
mvtec,screw,8,2,15,0.5296671490593343
mvtec,screw,8,2,17,0.3560057887120115
mvtec,screw,8,2,19,0.3560057887120115
mvtec,screw,8,2,21,0.2445730824891461
mvtec,screw,8,2,23,0.2445730824891461
mvtec,screw,8,2,25,0.1259044862518089
mvtec,screw,8,2,27,0.1259044862518089
mvtec,screw,8,2,29,0.1259044862518089
mvtec,screw,8,2,31,0.1259044862518089
mvtec,screw,8,2,33,0.1259044862518089
mvtec,tile,1,0,5,0.843322818086225
mvtec,tile,1,0,7,0.5615141955835962
mvtec,tile,1,0,9,0.3801261829652997
mvtec,tile,1,0,11,0.2539432176656151
mvtec,tile,1,0,13,0.1719242902208202
mvtec,tile,1,0,15,0.1435331230283911
mvtec,tile,1,0,17,0.0867507886435331
mvtec,tile,1,0,19,0.0867507886435331
mvtec,tile,1,0,21,0.0578338590956887
mvtec,tile,1,0,23,0.0578338590956887
mvtec,tile,1,0,25,0.0289169295478443
mvtec,tile,1,0,27,0.0289169295478443
mvtec,tile,1,0,29,0.0289169295478443
mvtec,tile,1,0,31,0.0289169295478443
mvtec,tile,1,0,33,0.0289169295478443
mvtec,tile,1,1,5,0.9055258467023172
mvtec,tile,1,1,7,0.7165775401069518
mvtec,tile,1,1,9,0.533868092691622
mvtec,tile,1,1,11,0.3814616755793226
mvtec,tile,1,1,13,0.2691622103386809
mvtec,tile,1,1,15,0.2281639928698752
mvtec,tile,1,1,17,0.1408199643493761
mvtec,tile,1,1,19,0.1408199643493761
mvtec,tile,1,1,21,0.0944741532976827
mvtec,tile,1,1,23,0.0944741532976827
mvtec,tile,1,1,25,0.0472370766488413
mvtec,tile,1,1,27,0.0472370766488413
mvtec,tile,1,1,29,0.0472370766488413
mvtec,tile,1,1,31,0.0472370766488413
mvtec,tile,1,1,33,0.0472370766488413
mvtec,tile,1,2,5,0.9944289693593314
mvtec,tile,1,2,7,0.8997214484679665
mvtec,tile,1,2,9,0.7005571030640668
mvtec,tile,1,2,11,0.5278551532033426
mvtec,tile,1,2,13,0.3885793871866295
mvtec,tile,1,2,15,0.3342618384401114
mvtec,tile,1,2,17,0.213091922005571
mvtec,tile,1,2,19,0.213091922005571
mvtec,tile,1,2,21,0.1462395543175487
mvtec,tile,1,2,23,0.1462395543175487
mvtec,tile,1,2,25,0.0766016713091922
mvtec,tile,1,2,27,0.0766016713091922
mvtec,tile,1,2,29,0.0766016713091922
mvtec,tile,1,2,31,0.0766016713091922
mvtec,tile,1,2,33,0.0766016713091922
mvtec,tile,2,0,5,0.922272047832586
mvtec,tile,2,0,7,0.7257100149476831
mvtec,tile,2,0,9,0.5224215246636771
mvtec,tile,2,0,11,0.3542600896860987
mvtec,tile,2,0,13,0.2406576980568012
mvtec,tile,2,0,15,0.2010463378176382
mvtec,tile,2,0,17,0.1210762331838565
mvtec,tile,2,0,19,0.1210762331838565
mvtec,tile,2,0,21,0.0807174887892376
mvtec,tile,2,0,23,0.0807174887892376
mvtec,tile,2,0,25,0.0403587443946188
mvtec,tile,2,0,27,0.0403587443946188
mvtec,tile,2,0,29,0.0403587443946188
mvtec,tile,2,0,31,0.0403587443946188
mvtec,tile,2,0,33,0.0403587443946188
mvtec,tile,2,1,5,0.8678500986193294
mvtec,tile,2,1,7,0.6298487836949376
mvtec,tile,2,1,9,0.4411571334648257
mvtec,tile,2,1,11,0.3037475345167653
mvtec,tile,2,1,13,0.2097304404996712
mvtec,tile,2,1,15,0.1755424063116371
mvtec,tile,2,1,17,0.1058514135437212
mvtec,tile,2,1,19,0.1058514135437212
mvtec,tile,2,1,21,0.0710059171597633
mvtec,tile,2,1,23,0.0710059171597633
mvtec,tile,2,1,25,0.0355029585798816
mvtec,tile,2,1,27,0.0355029585798816
mvtec,tile,2,1,29,0.0355029585798816
mvtec,tile,2,1,31,0.0355029585798816
mvtec,tile,2,1,33,0.0355029585798816
mvtec,tile,2,2,5,0.9570707070707072
mvtec,tile,2,2,7,0.8345959595959596
mvtec,tile,2,2,9,0.6666666666666666
mvtec,tile,2,2,11,0.494949494949495
mvtec,tile,2,2,13,0.3636363636363636
mvtec,tile,2,2,15,0.3106060606060606
mvtec,tile,2,2,17,0.1919191919191919
mvtec,tile,2,2,19,0.1919191919191919
mvtec,tile,2,2,21,0.1287878787878787
mvtec,tile,2,2,23,0.1287878787878787
mvtec,tile,2,2,25,0.0643939393939393
mvtec,tile,2,2,27,0.0643939393939393
mvtec,tile,2,2,29,0.0643939393939393
mvtec,tile,2,2,31,0.0643939393939393
mvtec,tile,2,2,33,0.0643939393939393
mvtec,tile,4,0,5,1.0
mvtec,tile,4,0,7,1.0
mvtec,tile,4,0,9,0.9108910891089108
mvtec,tile,4,0,11,0.8217821782178217
mvtec,tile,4,0,13,0.7029702970297029
mvtec,tile,4,0,15,0.6435643564356436
mvtec,tile,4,0,17,0.5148514851485149
mvtec,tile,4,0,19,0.5148514851485149
mvtec,tile,4,0,21,0.4059405940594059
mvtec,tile,4,0,23,0.4059405940594059
mvtec,tile,4,0,25,0.2475247524752475
mvtec,tile,4,0,27,0.2475247524752475
mvtec,tile,4,0,29,0.2475247524752475
mvtec,tile,4,0,31,0.2475247524752475
mvtec,tile,4,0,33,0.2475247524752475
mvtec,tile,4,1,5,0.9957142857142856
mvtec,tile,4,1,7,0.8871428571428571
mvtec,tile,4,1,9,0.7171428571428572
mvtec,tile,4,1,11,0.5442857142857143
mvtec,tile,4,1,13,0.3957142857142857
mvtec,tile,4,1,15,0.34
mvtec,tile,4,1,17,0.22
mvtec,tile,4,1,19,0.22
mvtec,tile,4,1,21,0.1514285714285714
mvtec,tile,4,1,23,0.1514285714285714
mvtec,tile,4,1,25,0.0814285714285714
mvtec,tile,4,1,27,0.0814285714285714
mvtec,tile,4,1,29,0.0814285714285714
mvtec,tile,4,1,31,0.0814285714285714
mvtec,tile,4,1,33,0.0814285714285714
mvtec,tile,4,2,5,0.9058988764044944
mvtec,tile,4,2,7,0.6341292134831461
mvtec,tile,4,2,9,0.4529494382022472
mvtec,tile,4,2,11,0.3146067415730337
mvtec,tile,4,2,13,0.2240168539325842
mvtec,tile,4,2,15,0.1896067415730337
mvtec,tile,4,2,17,0.1165730337078651
mvtec,tile,4,2,19,0.1165730337078651
mvtec,tile,4,2,21,0.0786516853932584
mvtec,tile,4,2,23,0.0786516853932584
mvtec,tile,4,2,25,0.0393258426966292
mvtec,tile,4,2,27,0.0393258426966292
mvtec,tile,4,2,29,0.0393258426966292
mvtec,tile,4,2,31,0.0393258426966292
mvtec,tile,4,2,33,0.0393258426966292
mvtec,tile,8,0,5,0.9322709163346612
mvtec,tile,8,0,7,0.7729083665338645
mvtec,tile,8,0,9,0.599601593625498
mvtec,tile,8,0,11,0.4312749003984064
mvtec,tile,8,0,13,0.3037848605577689
mvtec,tile,8,0,15,0.2569721115537848
mvtec,tile,8,0,17,0.1553784860557769
mvtec,tile,8,0,19,0.1553784860557769
mvtec,tile,8,0,21,0.1035856573705179
mvtec,tile,8,0,23,0.1035856573705179
mvtec,tile,8,0,25,0.0517928286852589
mvtec,tile,8,0,27,0.0517928286852589
mvtec,tile,8,0,29,0.0517928286852589
mvtec,tile,8,0,31,0.0517928286852589
mvtec,tile,8,0,33,0.0517928286852589
mvtec,tile,8,1,5,0.9428571428571428
mvtec,tile,8,1,7,0.8028571428571428
mvtec,tile,8,1,9,0.6771428571428572
mvtec,tile,8,1,11,0.5242857142857142
mvtec,tile,8,1,13,0.3842857142857143
mvtec,tile,8,1,15,0.3271428571428571
mvtec,tile,8,1,17,0.2071428571428571
mvtec,tile,8,1,19,0.2071428571428571
mvtec,tile,8,1,21,0.1385714285714285
mvtec,tile,8,1,23,0.1385714285714285
mvtec,tile,8,1,25,0.07
mvtec,tile,8,1,27,0.07
mvtec,tile,8,1,29,0.07
mvtec,tile,8,1,31,0.07
mvtec,tile,8,1,33,0.07
mvtec,tile,8,2,5,0.8380503144654088
mvtec,tile,8,2,7,0.5534591194968553
mvtec,tile,8,2,9,0.3852201257861635
mvtec,tile,8,2,11,0.2594339622641509
mvtec,tile,8,2,13,0.1781970649895178
mvtec,tile,8,2,15,0.15041928721174
mvtec,tile,8,2,17,0.0922431865828092
mvtec,tile,8,2,19,0.0922431865828092
mvtec,tile,8,2,21,0.0618448637316561
mvtec,tile,8,2,23,0.0618448637316561
mvtec,tile,8,2,25,0.0314465408805031
mvtec,tile,8,2,27,0.0314465408805031
mvtec,tile,8,2,29,0.0314465408805031
mvtec,tile,8,2,31,0.0314465408805031
mvtec,tile,8,2,33,0.0314465408805031
mvtec,toothbrush,1,0,5,0.8050139275766016
mvtec,toothbrush,1,0,7,0.585886722376973
mvtec,toothbrush,1,0,9,0.415041782729805
mvtec,toothbrush,1,0,11,0.2961931290622098
mvtec,toothbrush,1,0,13,0.2070566388115134
mvtec,toothbrush,1,0,15,0.1736304549675023
mvtec,toothbrush,1,0,17,0.1058495821727019
mvtec,toothbrush,1,0,19,0.1058495821727019
mvtec,toothbrush,1,0,21,0.0705663881151346
mvtec,toothbrush,1,0,23,0.0705663881151346
mvtec,toothbrush,1,0,25,0.0352831940575673
mvtec,toothbrush,1,0,27,0.0352831940575673
mvtec,toothbrush,1,0,29,0.0352831940575673
mvtec,toothbrush,1,0,31,0.0352831940575673
mvtec,toothbrush,1,0,33,0.0352831940575673
mvtec,toothbrush,1,1,5,1.0
mvtec,toothbrush,1,1,7,0.9294117647058824
mvtec,toothbrush,1,1,9,0.8
mvtec,toothbrush,1,1,11,0.6352941176470588
mvtec,toothbrush,1,1,13,0.5117647058823529
mvtec,toothbrush,1,1,15,0.4647058823529412
mvtec,toothbrush,1,1,17,0.3235294117647059
mvtec,toothbrush,1,1,19,0.3235294117647059
mvtec,toothbrush,1,1,21,0.2235294117647059
mvtec,toothbrush,1,1,23,0.2235294117647059
mvtec,toothbrush,1,1,25,0.1117647058823529
mvtec,toothbrush,1,1,27,0.1117647058823529
mvtec,toothbrush,1,1,29,0.1117647058823529
mvtec,toothbrush,1,1,31,0.1117647058823529
mvtec,toothbrush,1,1,33,0.1117647058823529
mvtec,toothbrush,1,2,5,0.9348958333333334
mvtec,toothbrush,1,2,7,0.66015625
mvtec,toothbrush,1,2,9,0.48828125
mvtec,toothbrush,1,2,11,0.3541666666666667
mvtec,toothbrush,1,2,13,0.25
mvtec,toothbrush,1,2,15,0.2109375
mvtec,toothbrush,1,2,17,0.12890625
mvtec,toothbrush,1,2,19,0.12890625
mvtec,toothbrush,1,2,21,0.0859375
mvtec,toothbrush,1,2,23,0.0859375
mvtec,toothbrush,1,2,25,0.04296875
mvtec,toothbrush,1,2,27,0.04296875
mvtec,toothbrush,1,2,29,0.04296875
mvtec,toothbrush,1,2,31,0.04296875
mvtec,toothbrush,1,2,33,0.04296875
mvtec,toothbrush,2,0,5,0.971563981042654
mvtec,toothbrush,2,0,7,0.7369668246445498
mvtec,toothbrush,2,0,9,0.5687203791469194
mvtec,toothbrush,2,0,11,0.4194312796208531
mvtec,toothbrush,2,0,13,0.3033175355450237
mvtec,toothbrush,2,0,15,0.2582938388625592
mvtec,toothbrush,2,0,17,0.1682464454976303
mvtec,toothbrush,2,0,19,0.1682464454976303
mvtec,toothbrush,2,0,21,0.1161137440758293
mvtec,toothbrush,2,0,23,0.1161137440758293
mvtec,toothbrush,2,0,25,0.0592417061611374
mvtec,toothbrush,2,0,27,0.0592417061611374
mvtec,toothbrush,2,0,29,0.0592417061611374
mvtec,toothbrush,2,0,31,0.0592417061611374
mvtec,toothbrush,2,0,33,0.0592417061611374
mvtec,toothbrush,2,1,5,1.0
mvtec,toothbrush,2,1,7,1.0
mvtec,toothbrush,2,1,9,1.0
mvtec,toothbrush,2,1,11,0.926829268292683
mvtec,toothbrush,2,1,13,0.8048780487804879
mvtec,toothbrush,2,1,15,0.7560975609756098
mvtec,toothbrush,2,1,17,0.5853658536585366
mvtec,toothbrush,2,1,19,0.5853658536585366
mvtec,toothbrush,2,1,21,0.4390243902439024
mvtec,toothbrush,2,1,23,0.4390243902439024
mvtec,toothbrush,2,1,25,0.2195121951219512
mvtec,toothbrush,2,1,27,0.2195121951219512
mvtec,toothbrush,2,1,29,0.2195121951219512
mvtec,toothbrush,2,1,31,0.2195121951219512
mvtec,toothbrush,2,1,33,0.2195121951219512
mvtec,toothbrush,2,2,5,1.0
mvtec,toothbrush,2,2,7,1.0
mvtec,toothbrush,2,2,9,1.0
mvtec,toothbrush,2,2,11,0.912280701754386
mvtec,toothbrush,2,2,13,0.8421052631578947
mvtec,toothbrush,2,2,15,0.7894736842105263
mvtec,toothbrush,2,2,17,0.631578947368421
mvtec,toothbrush,2,2,19,0.631578947368421
mvtec,toothbrush,2,2,21,0.4736842105263157
mvtec,toothbrush,2,2,23,0.4736842105263157
mvtec,toothbrush,2,2,25,0.2631578947368421
mvtec,toothbrush,2,2,27,0.2631578947368421
mvtec,toothbrush,2,2,29,0.2631578947368421
mvtec,toothbrush,2,2,31,0.2631578947368421
mvtec,toothbrush,2,2,33,0.2631578947368421
mvtec,toothbrush,4,0,5,1.0
mvtec,toothbrush,4,0,7,1.0
mvtec,toothbrush,4,0,9,0.9814814814814816
mvtec,toothbrush,4,0,11,0.8518518518518519
mvtec,toothbrush,4,0,13,0.7407407407407407
mvtec,toothbrush,4,0,15,0.6851851851851852
mvtec,toothbrush,4,0,17,0.5092592592592593
mvtec,toothbrush,4,0,19,0.5092592592592593
mvtec,toothbrush,4,0,21,0.3611111111111111
mvtec,toothbrush,4,0,23,0.3611111111111111
mvtec,toothbrush,4,0,25,0.1851851851851851
mvtec,toothbrush,4,0,27,0.1851851851851851
mvtec,toothbrush,4,0,29,0.1851851851851851
mvtec,toothbrush,4,0,31,0.1851851851851851
mvtec,toothbrush,4,0,33,0.1851851851851851
mvtec,toothbrush,4,1,5,1.0
mvtec,toothbrush,4,1,7,0.9508196721311476
mvtec,toothbrush,4,1,9,0.8469945355191257
mvtec,toothbrush,4,1,11,0.6994535519125683
mvtec,toothbrush,4,1,13,0.5519125683060109
mvtec,toothbrush,4,1,15,0.4918032786885246
mvtec,toothbrush,4,1,17,0.3387978142076502
mvtec,toothbrush,4,1,19,0.3387978142076502
mvtec,toothbrush,4,1,21,0.2513661202185792
mvtec,toothbrush,4,1,23,0.2513661202185792
mvtec,toothbrush,4,1,25,0.1366120218579235
mvtec,toothbrush,4,1,27,0.1366120218579235
mvtec,toothbrush,4,1,29,0.1366120218579235
mvtec,toothbrush,4,1,31,0.1366120218579235
mvtec,toothbrush,4,1,33,0.1366120218579235
mvtec,toothbrush,4,2,5,1.0
mvtec,toothbrush,4,2,7,0.8187702265372169
mvtec,toothbrush,4,2,9,0.6699029126213593
mvtec,toothbrush,4,2,11,0.540453074433657
mvtec,toothbrush,4,2,13,0.43042071197411
mvtec,toothbrush,4,2,15,0.3754045307443365
mvtec,toothbrush,4,2,17,0.2491909385113268
mvtec,toothbrush,4,2,19,0.2491909385113268
mvtec,toothbrush,4,2,21,0.174757281553398
mvtec,toothbrush,4,2,23,0.174757281553398
mvtec,toothbrush,4,2,25,0.0906148867313915
mvtec,toothbrush,4,2,27,0.0906148867313915
mvtec,toothbrush,4,2,29,0.0906148867313915
mvtec,toothbrush,4,2,31,0.0906148867313915
mvtec,toothbrush,4,2,33,0.0906148867313915
mvtec,toothbrush,8,0,5,1.0
mvtec,toothbrush,8,0,7,1.0
mvtec,toothbrush,8,0,9,0.9069767441860463
mvtec,toothbrush,8,0,11,0.7906976744186046
mvtec,toothbrush,8,0,13,0.7209302325581395
mvtec,toothbrush,8,0,15,0.6976744186046512
mvtec,toothbrush,8,0,17,0.5581395348837209
mvtec,toothbrush,8,0,19,0.5581395348837209
mvtec,toothbrush,8,0,21,0.4186046511627907
mvtec,toothbrush,8,0,23,0.4186046511627907
mvtec,toothbrush,8,0,25,0.2093023255813953
mvtec,toothbrush,8,0,27,0.2093023255813953
mvtec,toothbrush,8,0,29,0.2093023255813953
mvtec,toothbrush,8,0,31,0.2093023255813953
mvtec,toothbrush,8,0,33,0.2093023255813953
mvtec,toothbrush,8,1,5,1.0
mvtec,toothbrush,8,1,7,0.9333333333333332
mvtec,toothbrush,8,1,9,0.7743589743589744
mvtec,toothbrush,8,1,11,0.6153846153846154
mvtec,toothbrush,8,1,13,0.4871794871794871
mvtec,toothbrush,8,1,15,0.4307692307692308
mvtec,toothbrush,8,1,17,0.282051282051282
mvtec,toothbrush,8,1,19,0.282051282051282
mvtec,toothbrush,8,1,21,0.1948717948717948
mvtec,toothbrush,8,1,23,0.1948717948717948
mvtec,toothbrush,8,1,25,0.1076923076923077
mvtec,toothbrush,8,1,27,0.1076923076923077
mvtec,toothbrush,8,1,29,0.1076923076923077
mvtec,toothbrush,8,1,31,0.1076923076923077
mvtec,toothbrush,8,1,33,0.1076923076923077
mvtec,toothbrush,8,2,5,1.0
mvtec,toothbrush,8,2,7,0.956140350877193
mvtec,toothbrush,8,2,9,0.7587719298245614
mvtec,toothbrush,8,2,11,0.6052631578947368
mvtec,toothbrush,8,2,13,0.4561403508771929
mvtec,toothbrush,8,2,15,0.3991228070175439
mvtec,toothbrush,8,2,17,0.2719298245614035
mvtec,toothbrush,8,2,19,0.2719298245614035
mvtec,toothbrush,8,2,21,0.1929824561403508
mvtec,toothbrush,8,2,23,0.1929824561403508
mvtec,toothbrush,8,2,25,0.1096491228070175
mvtec,toothbrush,8,2,27,0.1096491228070175
mvtec,toothbrush,8,2,29,0.1096491228070175
mvtec,toothbrush,8,2,31,0.1096491228070175
mvtec,toothbrush,8,2,33,0.1096491228070175
mvtec,transistor,1,0,5,0.5149051490514905
mvtec,transistor,1,0,7,0.3694670280036133
mvtec,transistor,1,0,9,0.2917795844625113
mvtec,transistor,1,0,11,0.2249322493224932
mvtec,transistor,1,0,13,0.1752484191508581
mvtec,transistor,1,0,15,0.1562782294489611
mvtec,transistor,1,0,17,0.1111111111111111
mvtec,transistor,1,0,19,0.1111111111111111
mvtec,transistor,1,0,21,0.083107497741644
mvtec,transistor,1,0,23,0.083107497741644
mvtec,transistor,1,0,25,0.047877145438121
mvtec,transistor,1,0,27,0.047877145438121
mvtec,transistor,1,0,29,0.047877145438121
mvtec,transistor,1,0,31,0.047877145438121
mvtec,transistor,1,0,33,0.047877145438121
mvtec,transistor,1,1,5,0.8908629441624365
mvtec,transistor,1,1,7,0.6218274111675127
mvtec,transistor,1,1,9,0.4720812182741117
mvtec,transistor,1,1,11,0.3705583756345177
mvtec,transistor,1,1,13,0.299492385786802
mvtec,transistor,1,1,15,0.2715736040609137
mvtec,transistor,1,1,17,0.2005076142131979
mvtec,transistor,1,1,19,0.2005076142131979
mvtec,transistor,1,1,21,0.149746192893401
mvtec,transistor,1,1,23,0.149746192893401
mvtec,transistor,1,1,25,0.0812182741116751
mvtec,transistor,1,1,27,0.0812182741116751
mvtec,transistor,1,1,29,0.0812182741116751
mvtec,transistor,1,1,31,0.0812182741116751
mvtec,transistor,1,1,33,0.0812182741116751
mvtec,transistor,1,2,5,0.4795170332039672
mvtec,transistor,1,2,7,0.3764553686934023
mvtec,transistor,1,2,9,0.3022854678740836
mvtec,transistor,1,2,11,0.2384648555411815
mvtec,transistor,1,2,13,0.1768003449762828
mvtec,transistor,1,2,15,0.1522207848210435
mvtec,transistor,1,2,17,0.0965933592065545
mvtec,transistor,1,2,19,0.0965933592065545
mvtec,transistor,1,2,21,0.0651142733937041
mvtec,transistor,1,2,23,0.0651142733937041
mvtec,transistor,1,2,25,0.0327727468736524
mvtec,transistor,1,2,27,0.0327727468736524
mvtec,transistor,1,2,29,0.0327727468736524
mvtec,transistor,1,2,31,0.0327727468736524
mvtec,transistor,1,2,33,0.0327727468736524
mvtec,transistor,2,0,5,0.4195630585898709
mvtec,transistor,2,0,7,0.2994041708043694
mvtec,transistor,2,0,9,0.2318768619662363
mvtec,transistor,2,0,11,0.1757696127110228
mvtec,transistor,2,0,13,0.1330685203574975
mvtec,transistor,2,0,15,0.1171797418073485
mvtec,transistor,2,0,17,0.0794438927507447
mvtec,transistor,2,0,19,0.0794438927507447
mvtec,transistor,2,0,21,0.0556107249255213
mvtec,transistor,2,0,23,0.0556107249255213
mvtec,transistor,2,0,25,0.0287984111221449
mvtec,transistor,2,0,27,0.0287984111221449
mvtec,transistor,2,0,29,0.0287984111221449
mvtec,transistor,2,0,31,0.0287984111221449
mvtec,transistor,2,0,33,0.0287984111221449
mvtec,transistor,2,1,5,0.6310679611650486
mvtec,transistor,2,1,7,0.4077669902912621
mvtec,transistor,2,1,9,0.2944983818770226
mvtec,transistor,2,1,11,0.2135922330097087
mvtec,transistor,2,1,13,0.1585760517799352
mvtec,transistor,2,1,15,0.1391585760517799
mvtec,transistor,2,1,17,0.0938511326860841
mvtec,transistor,2,1,19,0.0938511326860841
mvtec,transistor,2,1,21,0.0679611650485436
mvtec,transistor,2,1,23,0.0679611650485436
mvtec,transistor,2,1,25,0.0355987055016181
mvtec,transistor,2,1,27,0.0355987055016181
mvtec,transistor,2,1,29,0.0355987055016181
mvtec,transistor,2,1,31,0.0355987055016181
mvtec,transistor,2,1,33,0.0355987055016181
mvtec,transistor,2,2,5,0.4193420531113753
mvtec,transistor,2,2,7,0.3032104637336504
mvtec,transistor,2,2,9,0.2346413000396353
mvtec,transistor,2,2,11,0.1807372175980975
mvtec,transistor,2,2,13,0.1304003170828379
mvtec,transistor,2,2,15,0.1113753468093539
mvtec,transistor,2,2,17,0.0709472849782005
mvtec,transistor,2,2,19,0.0709472849782005
mvtec,transistor,2,2,21,0.0483551327784383
mvtec,transistor,2,2,23,0.0483551327784383
mvtec,transistor,2,2,25,0.0249702734839476
mvtec,transistor,2,2,27,0.0249702734839476
mvtec,transistor,2,2,29,0.0249702734839476
mvtec,transistor,2,2,31,0.0249702734839476
mvtec,transistor,2,2,33,0.0249702734839476
mvtec,transistor,4,0,5,0.4156674660271782
mvtec,transistor,4,0,7,0.2845723421262989
mvtec,transistor,4,0,9,0.2118305355715427
mvtec,transistor,4,0,11,0.1646682653876898
mvtec,transistor,4,0,13,0.1270983213429256
mvtec,transistor,4,0,15,0.1111111111111111
mvtec,transistor,4,0,17,0.0759392486011191
mvtec,transistor,4,0,19,0.0759392486011191
mvtec,transistor,4,0,21,0.052757793764988
mvtec,transistor,4,0,23,0.052757793764988
mvtec,transistor,4,0,25,0.0271782573940847
mvtec,transistor,4,0,27,0.0271782573940847
mvtec,transistor,4,0,29,0.0271782573940847
mvtec,transistor,4,0,31,0.0271782573940847
mvtec,transistor,4,0,33,0.0271782573940847
mvtec,transistor,4,1,5,0.530562347188264
mvtec,transistor,4,1,7,0.3557457212713936
mvtec,transistor,4,1,9,0.2628361858190709
mvtec,transistor,4,1,11,0.2017114914425428
mvtec,transistor,4,1,13,0.1589242053789731
mvtec,transistor,4,1,15,0.1418092909535452
mvtec,transistor,4,1,17,0.097799511002445
mvtec,transistor,4,1,19,0.097799511002445
mvtec,transistor,4,1,21,0.0721271393643031
mvtec,transistor,4,1,23,0.0721271393643031
mvtec,transistor,4,1,25,0.0403422982885085
mvtec,transistor,4,1,27,0.0403422982885085
mvtec,transistor,4,1,29,0.0403422982885085
mvtec,transistor,4,1,31,0.0403422982885085
mvtec,transistor,4,1,33,0.0403422982885085
mvtec,transistor,4,2,5,0.6204481792717087
mvtec,transistor,4,2,7,0.4089635854341736
mvtec,transistor,4,2,9,0.2829131652661064
mvtec,transistor,4,2,11,0.211484593837535
mvtec,transistor,4,2,13,0.1526610644257703
mvtec,transistor,4,2,15,0.1316526610644257
mvtec,transistor,4,2,17,0.0826330532212885
mvtec,transistor,4,2,19,0.0826330532212885
mvtec,transistor,4,2,21,0.0560224089635854
mvtec,transistor,4,2,23,0.0560224089635854
mvtec,transistor,4,2,25,0.0280112044817927
mvtec,transistor,4,2,27,0.0280112044817927
mvtec,transistor,4,2,29,0.0280112044817927
mvtec,transistor,4,2,31,0.0280112044817927
mvtec,transistor,4,2,33,0.0280112044817927
mvtec,transistor,8,0,5,0.5136986301369864
mvtec,transistor,8,0,7,0.3515981735159817
mvtec,transistor,8,0,9,0.2625570776255708
mvtec,transistor,8,0,11,0.2009132420091324
mvtec,transistor,8,0,13,0.1575342465753424
mvtec,transistor,8,0,15,0.1415525114155251
mvtec,transistor,8,0,17,0.0958904109589041
mvtec,transistor,8,0,19,0.0958904109589041
mvtec,transistor,8,0,21,0.0673515981735159
mvtec,transistor,8,0,23,0.0673515981735159
mvtec,transistor,8,0,25,0.0342465753424657
mvtec,transistor,8,0,27,0.0342465753424657
mvtec,transistor,8,0,29,0.0342465753424657
mvtec,transistor,8,0,31,0.0342465753424657
mvtec,transistor,8,0,33,0.0342465753424657
mvtec,transistor,8,1,5,0.4330065359477124
mvtec,transistor,8,1,7,0.2834967320261438
mvtec,transistor,8,1,9,0.2091503267973856
mvtec,transistor,8,1,11,0.1617647058823529
mvtec,transistor,8,1,13,0.1233660130718954
mvtec,transistor,8,1,15,0.1070261437908496
mvtec,transistor,8,1,17,0.0694444444444444
mvtec,transistor,8,1,19,0.0694444444444444
mvtec,transistor,8,1,21,0.0473856209150326
mvtec,transistor,8,1,23,0.0473856209150326
mvtec,transistor,8,1,25,0.0245098039215686
mvtec,transistor,8,1,27,0.0245098039215686
mvtec,transistor,8,1,29,0.0245098039215686
mvtec,transistor,8,1,31,0.0245098039215686
mvtec,transistor,8,1,33,0.0245098039215686
mvtec,transistor,8,2,5,0.6806167400881057
mvtec,transistor,8,2,7,0.4647577092511013
mvtec,transistor,8,2,9,0.3480176211453744
mvtec,transistor,8,2,11,0.2665198237885463
mvtec,transistor,8,2,13,0.2004405286343612
mvtec,transistor,8,2,15,0.1784140969162995
mvtec,transistor,8,2,17,0.1211453744493392
mvtec,transistor,8,2,19,0.1211453744493392
mvtec,transistor,8,2,21,0.0903083700440528
mvtec,transistor,8,2,23,0.0903083700440528
mvtec,transistor,8,2,25,0.0506607929515418
mvtec,transistor,8,2,27,0.0506607929515418
mvtec,transistor,8,2,29,0.0506607929515418
mvtec,transistor,8,2,31,0.0506607929515418
mvtec,transistor,8,2,33,0.0506607929515418
mvtec,wood,1,0,5,0.0
mvtec,wood,1,0,7,0.0
mvtec,wood,1,0,9,0.0
mvtec,wood,1,0,11,0.0
mvtec,wood,1,0,13,0.0
mvtec,wood,1,0,15,0.0
mvtec,wood,1,0,17,0.0
mvtec,wood,1,0,19,0.0
mvtec,wood,1,0,21,0.0
mvtec,wood,1,0,23,0.0
mvtec,wood,1,0,25,0.0
mvtec,wood,1,0,27,0.0
mvtec,wood,1,0,29,0.0
mvtec,wood,1,0,31,0.0
mvtec,wood,1,0,33,0.0
mvtec,wood,1,1,5,0.9972972972972972
mvtec,wood,1,1,7,0.8864864864864865
mvtec,wood,1,1,9,0.7837837837837838
mvtec,wood,1,1,11,0.654054054054054
mvtec,wood,1,1,13,0.4972972972972973
mvtec,wood,1,1,15,0.4405405405405405
mvtec,wood,1,1,17,0.3054054054054054
mvtec,wood,1,1,19,0.3054054054054054
mvtec,wood,1,1,21,0.2216216216216216
mvtec,wood,1,1,23,0.2216216216216216
mvtec,wood,1,1,25,0.1216216216216216
mvtec,wood,1,1,27,0.1216216216216216
mvtec,wood,1,1,29,0.1216216216216216
mvtec,wood,1,1,31,0.1216216216216216
mvtec,wood,1,1,33,0.1216216216216216
mvtec,wood,1,2,5,1.0
mvtec,wood,1,2,7,1.0
mvtec,wood,1,2,9,0.9627659574468084
mvtec,wood,1,2,11,0.8882978723404256
mvtec,wood,1,2,13,0.7180851063829787
mvtec,wood,1,2,15,0.6382978723404256
mvtec,wood,1,2,17,0.4627659574468085
mvtec,wood,1,2,19,0.4627659574468085
mvtec,wood,1,2,21,0.3563829787234042
mvtec,wood,1,2,23,0.3563829787234042
mvtec,wood,1,2,25,0.202127659574468
mvtec,wood,1,2,27,0.202127659574468
mvtec,wood,1,2,29,0.202127659574468
mvtec,wood,1,2,31,0.202127659574468
mvtec,wood,1,2,33,0.202127659574468
mvtec,wood,2,0,5,0.9587155963302753
mvtec,wood,2,0,7,0.7599388379204893
mvtec,wood,2,0,9,0.573394495412844
mvtec,wood,2,0,11,0.4327217125382263
mvtec,wood,2,0,13,0.3333333333333333
mvtec,wood,2,0,15,0.2935779816513761
mvtec,wood,2,0,17,0.1972477064220183
mvtec,wood,2,0,19,0.1972477064220183
mvtec,wood,2,0,21,0.1376146788990825
mvtec,wood,2,0,23,0.1376146788990825
mvtec,wood,2,0,25,0.0703363914373088
mvtec,wood,2,0,27,0.0703363914373088
mvtec,wood,2,0,29,0.0703363914373088
mvtec,wood,2,0,31,0.0703363914373088
mvtec,wood,2,0,33,0.0703363914373088
mvtec,wood,2,1,5,1.0
mvtec,wood,2,1,7,0.932642487046632
mvtec,wood,2,1,9,0.8860103626943006
mvtec,wood,2,1,11,0.8186528497409327
mvtec,wood,2,1,13,0.6787564766839378
mvtec,wood,2,1,15,0.6217616580310881
mvtec,wood,2,1,17,0.466321243523316
mvtec,wood,2,1,19,0.466321243523316
mvtec,wood,2,1,21,0.3575129533678756
mvtec,wood,2,1,23,0.3575129533678756
mvtec,wood,2,1,25,0.2072538860103626
mvtec,wood,2,1,27,0.2072538860103626
mvtec,wood,2,1,29,0.2072538860103626
mvtec,wood,2,1,31,0.2072538860103626
mvtec,wood,2,1,33,0.2072538860103626
mvtec,wood,2,2,5,1.0
mvtec,wood,2,2,7,0.96
mvtec,wood,2,2,9,0.884
mvtec,wood,2,2,11,0.752
mvtec,wood,2,2,13,0.584
mvtec,wood,2,2,15,0.52
mvtec,wood,2,2,17,0.368
mvtec,wood,2,2,19,0.368
mvtec,wood,2,2,21,0.264
mvtec,wood,2,2,23,0.264
mvtec,wood,2,2,25,0.144
mvtec,wood,2,2,27,0.144
mvtec,wood,2,2,29,0.144
mvtec,wood,2,2,31,0.144
mvtec,wood,2,2,33,0.144
mvtec,wood,4,0,5,0.8716981132075472
mvtec,wood,4,0,7,0.6358490566037736
mvtec,wood,4,0,9,0.460377358490566
mvtec,wood,4,0,11,0.3245283018867924
mvtec,wood,4,0,13,0.2292452830188679
mvtec,wood,4,0,15,0.1933962264150943
mvtec,wood,4,0,17,0.1179245283018868
mvtec,wood,4,0,19,0.1179245283018868
mvtec,wood,4,0,21,0.0792452830188679
mvtec,wood,4,0,23,0.0792452830188679
mvtec,wood,4,0,25,0.0396226415094339
mvtec,wood,4,0,27,0.0396226415094339
mvtec,wood,4,0,29,0.0396226415094339
mvtec,wood,4,0,31,0.0396226415094339
mvtec,wood,4,0,33,0.0396226415094339
mvtec,wood,4,1,5,1.0
mvtec,wood,4,1,7,0.925925925925926
mvtec,wood,4,1,9,0.7891737891737892
mvtec,wood,4,1,11,0.6410256410256411
mvtec,wood,4,1,13,0.4957264957264957
mvtec,wood,4,1,15,0.4387464387464387
mvtec,wood,4,1,17,0.2905982905982906
mvtec,wood,4,1,19,0.2905982905982906
mvtec,wood,4,1,21,0.2022792022792023
mvtec,wood,4,1,23,0.2022792022792023
mvtec,wood,4,1,25,0.1082621082621082
mvtec,wood,4,1,27,0.1082621082621082
mvtec,wood,4,1,29,0.1082621082621082
mvtec,wood,4,1,31,0.1082621082621082
mvtec,wood,4,1,33,0.1082621082621082
mvtec,wood,4,2,5,0.8694601128122482
mvtec,wood,4,2,7,0.6583400483481063
mvtec,wood,4,2,9,0.4665592264302981
mvtec,wood,4,2,11,0.3360193392425463
mvtec,wood,4,2,13,0.2385173247381144
mvtec,wood,4,2,15,0.2038678485092667
mvtec,wood,4,2,17,0.1297340854149879
mvtec,wood,4,2,19,0.1297340854149879
mvtec,wood,4,2,21,0.0902497985495568
mvtec,wood,4,2,23,0.0902497985495568
mvtec,wood,4,2,25,0.0459307010475423
mvtec,wood,4,2,27,0.0459307010475423
mvtec,wood,4,2,29,0.0459307010475423
mvtec,wood,4,2,31,0.0459307010475423
mvtec,wood,4,2,33,0.0459307010475423
mvtec,wood,8,0,5,1.0
mvtec,wood,8,0,7,0.926027397260274
mvtec,wood,8,0,9,0.8027397260273973
mvtec,wood,8,0,11,0.6465753424657534
mvtec,wood,8,0,13,0.4931506849315068
mvtec,wood,8,0,15,0.4328767123287671
mvtec,wood,8,0,17,0.2876712328767123
mvtec,wood,8,0,19,0.2876712328767123
mvtec,wood,8,0,21,0.2054794520547945
mvtec,wood,8,0,23,0.2054794520547945
mvtec,wood,8,0,25,0.1095890410958904
mvtec,wood,8,0,27,0.1095890410958904
mvtec,wood,8,0,29,0.1095890410958904
mvtec,wood,8,0,31,0.1095890410958904
mvtec,wood,8,0,33,0.1095890410958904
mvtec,wood,8,1,5,0.8799675587996756
mvtec,wood,8,1,7,0.6220600162206001
mvtec,wood,8,1,9,0.4525547445255474
mvtec,wood,8,1,11,0.3268450932684509
mvtec,wood,8,1,13,0.2319545823195458
mvtec,wood,8,1,15,0.1978913219789132
mvtec,wood,8,1,17,0.1224655312246553
mvtec,wood,8,1,19,0.1224655312246553
mvtec,wood,8,1,21,0.0827250608272506
mvtec,wood,8,1,23,0.0827250608272506
mvtec,wood,8,1,25,0.0413625304136253
mvtec,wood,8,1,27,0.0413625304136253
mvtec,wood,8,1,29,0.0413625304136253
mvtec,wood,8,1,31,0.0413625304136253
mvtec,wood,8,1,33,0.0413625304136253
mvtec,wood,8,2,5,0.882865440464666
mvtec,wood,8,2,7,0.6844143272023233
mvtec,wood,8,2,9,0.5033881897386253
mvtec,wood,8,2,11,0.3688286544046467
mvtec,wood,8,2,13,0.2652468538238141
mvtec,wood,8,2,15,0.228460793804453
mvtec,wood,8,2,17,0.1490803484995159
mvtec,wood,8,2,19,0.1490803484995159
mvtec,wood,8,2,21,0.1026137463697967
mvtec,wood,8,2,23,0.1026137463697967
mvtec,wood,8,2,25,0.0522749273959341
mvtec,wood,8,2,27,0.0522749273959341
mvtec,wood,8,2,29,0.0522749273959341
mvtec,wood,8,2,31,0.0522749273959341
mvtec,wood,8,2,33,0.0522749273959341
mvtec,zipper,1,0,5,1.0
mvtec,zipper,1,0,7,0.9866017052375152
mvtec,zipper,1,0,9,0.9317904993909866
mvtec,zipper,1,0,11,0.7929354445797807
mvtec,zipper,1,0,13,0.6248477466504263
mvtec,zipper,1,0,15,0.5529841656516443
mvtec,zipper,1,0,17,0.366626065773447
mvtec,zipper,1,0,19,0.366626065773447
mvtec,zipper,1,0,21,0.2496954933008526
mvtec,zipper,1,0,23,0.2496954933008526
mvtec,zipper,1,0,25,0.1278928136419001
mvtec,zipper,1,0,27,0.1278928136419001
mvtec,zipper,1,0,29,0.1278928136419001
mvtec,zipper,1,0,31,0.1278928136419001
mvtec,zipper,1,0,33,0.1278928136419001
mvtec,zipper,1,1,5,1.0
mvtec,zipper,1,1,7,1.0
mvtec,zipper,1,1,9,0.96
mvtec,zipper,1,1,11,0.8457142857142858
mvtec,zipper,1,1,13,0.7142857142857143
mvtec,zipper,1,1,15,0.6514285714285715
mvtec,zipper,1,1,17,0.4857142857142857
mvtec,zipper,1,1,19,0.4857142857142857
mvtec,zipper,1,1,21,0.36
mvtec,zipper,1,1,23,0.36
mvtec,zipper,1,1,25,0.2171428571428571
mvtec,zipper,1,1,27,0.2171428571428571
mvtec,zipper,1,1,29,0.2171428571428571
mvtec,zipper,1,1,31,0.2171428571428571
mvtec,zipper,1,1,33,0.2171428571428571
mvtec,zipper,1,2,5,1.0
mvtec,zipper,1,2,7,0.9334719334719336
mvtec,zipper,1,2,9,0.7588357588357588
mvtec,zipper,1,2,11,0.5571725571725572
mvtec,zipper,1,2,13,0.3762993762993763
mvtec,zipper,1,2,15,0.3139293139293139
mvtec,zipper,1,2,17,0.1891891891891892
mvtec,zipper,1,2,19,0.1891891891891892
mvtec,zipper,1,2,21,0.1268191268191268
mvtec,zipper,1,2,23,0.1268191268191268
mvtec,zipper,1,2,25,0.0644490644490644
mvtec,zipper,1,2,27,0.0644490644490644
mvtec,zipper,1,2,29,0.0644490644490644
mvtec,zipper,1,2,31,0.0644490644490644
mvtec,zipper,1,2,33,0.0644490644490644
mvtec,zipper,2,0,5,1.0
mvtec,zipper,2,0,7,1.0
mvtec,zipper,2,0,9,1.0
mvtec,zipper,2,0,11,1.0
mvtec,zipper,2,0,13,1.0
mvtec,zipper,2,0,15,0.9855072463768116
mvtec,zipper,2,0,17,0.927536231884058
mvtec,zipper,2,0,19,0.927536231884058
mvtec,zipper,2,0,21,0.855072463768116
mvtec,zipper,2,0,23,0.855072463768116
mvtec,zipper,2,0,25,0.6231884057971014
mvtec,zipper,2,0,27,0.6231884057971014
mvtec,zipper,2,0,29,0.6231884057971014
mvtec,zipper,2,0,31,0.6231884057971014
mvtec,zipper,2,0,33,0.6231884057971014
mvtec,zipper,2,1,5,1.0
mvtec,zipper,2,1,7,1.0
mvtec,zipper,2,1,9,1.0
mvtec,zipper,2,1,11,0.9631901840490796
mvtec,zipper,2,1,13,0.8803680981595092
mvtec,zipper,2,1,15,0.8190184049079755
mvtec,zipper,2,1,17,0.6349693251533742
mvtec,zipper,2,1,19,0.6349693251533742
mvtec,zipper,2,1,21,0.4785276073619632
mvtec,zipper,2,1,23,0.4785276073619632
mvtec,zipper,2,1,25,0.2668711656441718
mvtec,zipper,2,1,27,0.2668711656441718
mvtec,zipper,2,1,29,0.2668711656441718
mvtec,zipper,2,1,31,0.2668711656441718
mvtec,zipper,2,1,33,0.2668711656441718
mvtec,zipper,2,2,5,1.0
mvtec,zipper,2,2,7,1.0
mvtec,zipper,2,2,9,1.0
mvtec,zipper,2,2,11,1.0
mvtec,zipper,2,2,13,0.96875
mvtec,zipper,2,2,15,0.9479166666666666
mvtec,zipper,2,2,17,0.8541666666666666
mvtec,zipper,2,2,19,0.8541666666666666
mvtec,zipper,2,2,21,0.75
mvtec,zipper,2,2,23,0.75
mvtec,zipper,2,2,25,0.5208333333333334
mvtec,zipper,2,2,27,0.5208333333333334
mvtec,zipper,2,2,29,0.5208333333333334
mvtec,zipper,2,2,31,0.5208333333333334
mvtec,zipper,2,2,33,0.5208333333333334
mvtec,zipper,4,0,5,1.0
mvtec,zipper,4,0,7,1.0
mvtec,zipper,4,0,9,0.9733606557377048
mvtec,zipper,4,0,11,0.8790983606557377
mvtec,zipper,4,0,13,0.7172131147540983
mvtec,zipper,4,0,15,0.6495901639344263
mvtec,zipper,4,0,17,0.4795081967213114
mvtec,zipper,4,0,19,0.4795081967213114
mvtec,zipper,4,0,21,0.3627049180327868
mvtec,zipper,4,0,23,0.3627049180327868
mvtec,zipper,4,0,25,0.2049180327868852
mvtec,zipper,4,0,27,0.2049180327868852
mvtec,zipper,4,0,29,0.2049180327868852
mvtec,zipper,4,0,31,0.2049180327868852
mvtec,zipper,4,0,33,0.2049180327868852
mvtec,zipper,4,1,5,1.0
mvtec,zipper,4,1,7,1.0
mvtec,zipper,4,1,9,1.0
mvtec,zipper,4,1,11,0.9962264150943396
mvtec,zipper,4,1,13,0.939622641509434
mvtec,zipper,4,1,15,0.8867924528301887
mvtec,zipper,4,1,17,0.7169811320754716
mvtec,zipper,4,1,19,0.7169811320754716
mvtec,zipper,4,1,21,0.5622641509433962
mvtec,zipper,4,1,23,0.5622641509433962
mvtec,zipper,4,1,25,0.3283018867924528
mvtec,zipper,4,1,27,0.3283018867924528
mvtec,zipper,4,1,29,0.3283018867924528
mvtec,zipper,4,1,31,0.3283018867924528
mvtec,zipper,4,1,33,0.3283018867924528
mvtec,zipper,4,2,5,1.0
mvtec,zipper,4,2,7,1.0
mvtec,zipper,4,2,9,1.0
mvtec,zipper,4,2,11,0.9444444444444444
mvtec,zipper,4,2,13,0.8589743589743589
mvtec,zipper,4,2,15,0.8034188034188035
mvtec,zipper,4,2,17,0.6239316239316239
mvtec,zipper,4,2,19,0.6239316239316239
mvtec,zipper,4,2,21,0.4743589743589743
mvtec,zipper,4,2,23,0.4743589743589743
mvtec,zipper,4,2,25,0.2905982905982906
mvtec,zipper,4,2,27,0.2905982905982906
mvtec,zipper,4,2,29,0.2905982905982906
mvtec,zipper,4,2,31,0.2905982905982906
mvtec,zipper,4,2,33,0.2905982905982906
mvtec,zipper,8,0,5,1.0
mvtec,zipper,8,0,7,1.0
mvtec,zipper,8,0,9,0.9631147540983608
mvtec,zipper,8,0,11,0.8831967213114754
mvtec,zipper,8,0,13,0.7725409836065574
mvtec,zipper,8,0,15,0.7151639344262295
mvtec,zipper,8,0,17,0.5327868852459017
mvtec,zipper,8,0,19,0.5327868852459017
mvtec,zipper,8,0,21,0.3872950819672131
mvtec,zipper,8,0,23,0.3872950819672131
mvtec,zipper,8,0,25,0.2049180327868852
mvtec,zipper,8,0,27,0.2049180327868852
mvtec,zipper,8,0,29,0.2049180327868852
mvtec,zipper,8,0,31,0.2049180327868852
mvtec,zipper,8,0,33,0.2049180327868852
mvtec,zipper,8,1,5,1.0
mvtec,zipper,8,1,7,1.0
mvtec,zipper,8,1,9,0.9824561403508772
mvtec,zipper,8,1,11,0.953216374269006
mvtec,zipper,8,1,13,0.9181286549707602
mvtec,zipper,8,1,15,0.8888888888888888
mvtec,zipper,8,1,17,0.7426900584795322
mvtec,zipper,8,1,19,0.7426900584795322
mvtec,zipper,8,1,21,0.6081871345029239
mvtec,zipper,8,1,23,0.6081871345029239
mvtec,zipper,8,1,25,0.3859649122807017
mvtec,zipper,8,1,27,0.3859649122807017
mvtec,zipper,8,1,29,0.3859649122807017
mvtec,zipper,8,1,31,0.3859649122807017
mvtec,zipper,8,1,33,0.3859649122807017
mvtec,zipper,8,2,5,1.0
mvtec,zipper,8,2,7,1.0
mvtec,zipper,8,2,9,1.0
mvtec,zipper,8,2,11,1.0
mvtec,zipper,8,2,13,1.0
mvtec,zipper,8,2,15,0.9901960784313726
mvtec,zipper,8,2,17,0.8921568627450981
mvtec,zipper,8,2,19,0.8921568627450981
mvtec,zipper,8,2,21,0.7843137254901961
mvtec,zipper,8,2,23,0.7843137254901961
mvtec,zipper,8,2,25,0.5490196078431373
mvtec,zipper,8,2,27,0.5490196078431373
mvtec,zipper,8,2,29,0.5490196078431373
mvtec,zipper,8,2,31,0.5490196078431373
mvtec,zipper,8,2,33,0.5490196078431373
visa,candle,1,0,5,1.0
visa,candle,1,0,7,0.9838978345363688
visa,candle,1,0,9,0.8717379233759023
visa,candle,1,0,11,0.7118267629094948
visa,candle,1,0,13,0.5541365907828983
visa,candle,1,0,15,0.4242087729039422
visa,candle,1,0,17,0.3486951693503609
visa,candle,1,0,19,0.2670738478622987
visa,candle,1,0,21,0.1815657967795669
visa,candle,1,0,23,0.1815657967795669
visa,candle,1,0,25,0.093281510272071
visa,candle,1,0,27,0.093281510272071
visa,candle,1,0,29,0.093281510272071
visa,candle,1,0,31,0.093281510272071
visa,candle,1,0,33,0.093281510272071
visa,candle,1,1,5,1.0
visa,candle,1,1,7,0.9627930682976554
visa,candle,1,1,9,0.8134556574923547
visa,candle,1,1,11,0.6371049949031601
visa,candle,1,1,13,0.4898063200815494
visa,candle,1,1,15,0.3695208970438328
visa,candle,1,1,17,0.3037716615698267
visa,candle,1,1,19,0.2344546381243629
visa,candle,1,1,21,0.1605504587155963
visa,candle,1,1,23,0.1605504587155963
visa,candle,1,1,25,0.0825688073394495
visa,candle,1,1,27,0.0825688073394495
visa,candle,1,1,29,0.0825688073394495
visa,candle,1,1,31,0.0825688073394495
visa,candle,1,1,33,0.0825688073394495
visa,candle,1,2,5,0.9983509234828496
visa,candle,1,2,7,0.925461741424802
visa,candle,1,2,9,0.7348284960422163
visa,candle,1,2,11,0.5534300791556728
visa,candle,1,2,13,0.4122691292875989
visa,candle,1,2,15,0.3054089709762533
visa,candle,1,2,17,0.2490105540897097
visa,candle,1,2,19,0.1893139841688654
visa,candle,1,2,21,0.1269788918205804
visa,candle,1,2,23,0.1269788918205804
visa,candle,1,2,25,0.0639841688654353
visa,candle,1,2,27,0.0639841688654353
visa,candle,1,2,29,0.0639841688654353
visa,candle,1,2,31,0.0639841688654353
visa,candle,1,2,33,0.0639841688654353
visa,candle,2,0,5,1.0
visa,candle,2,0,7,1.0
visa,candle,2,0,9,1.0
visa,candle,2,0,11,1.0
visa,candle,2,0,13,0.9831460674157304
visa,candle,2,0,15,0.9269662921348316
visa,candle,2,0,17,0.8539325842696629
visa,candle,2,0,19,0.7640449438202247
visa,candle,2,0,21,0.6235955056179775
visa,candle,2,0,23,0.6235955056179775
visa,candle,2,0,25,0.4213483146067415
visa,candle,2,0,27,0.4213483146067415
visa,candle,2,0,29,0.4213483146067415
visa,candle,2,0,31,0.4213483146067415
visa,candle,2,0,33,0.4213483146067415
visa,candle,2,1,5,1.0
visa,candle,2,1,7,0.9846596356663472
visa,candle,2,1,9,0.9463087248322148
visa,candle,2,1,11,0.8274209012464045
visa,candle,2,1,13,0.6912751677852349
visa,candle,2,1,15,0.5493767976989453
visa,candle,2,1,17,0.4650047938638543
visa,candle,2,1,19,0.37392138063279
visa,candle,2,1,21,0.261744966442953
visa,candle,2,1,23,0.261744966442953
visa,candle,2,1,25,0.1399808245445829
visa,candle,2,1,27,0.1399808245445829
visa,candle,2,1,29,0.1399808245445829
visa,candle,2,1,31,0.1399808245445829
visa,candle,2,1,33,0.1399808245445829
visa,candle,2,2,5,1.0
visa,candle,2,2,7,1.0
visa,candle,2,2,9,1.0
visa,candle,2,2,11,0.9633507853403142
visa,candle,2,2,13,0.8726003490401396
visa,candle,2,2,15,0.7626527050610821
visa,candle,2,2,17,0.6736474694589878
visa,candle,2,2,19,0.5619546247818499
visa,candle,2,2,21,0.4171029668411867
visa,candle,2,2,23,0.4171029668411867
visa,candle,2,2,25,0.2408376963350785
visa,candle,2,2,27,0.2408376963350785
visa,candle,2,2,29,0.2408376963350785
visa,candle,2,2,31,0.2408376963350785
visa,candle,2,2,33,0.2408376963350785
visa,candle,4,0,5,1.0
visa,candle,4,0,7,1.0
visa,candle,4,0,9,0.982788296041308
visa,candle,4,0,11,0.910499139414802
visa,candle,4,0,13,0.7865748709122203
visa,candle,4,0,15,0.6592082616179001
visa,candle,4,0,17,0.5800344234079173
visa,candle,4,0,19,0.4784853700516351
visa,candle,4,0,21,0.3442340791738382
visa,candle,4,0,23,0.3442340791738382
visa,candle,4,0,25,0.1876075731497418
visa,candle,4,0,27,0.1876075731497418
visa,candle,4,0,29,0.1876075731497418
visa,candle,4,0,31,0.1876075731497418
visa,candle,4,0,33,0.1876075731497418
visa,candle,4,1,5,1.0
visa,candle,4,1,7,1.0
visa,candle,4,1,9,0.9604743083003952
visa,candle,4,1,11,0.8458498023715415
visa,candle,4,1,13,0.7061923583662714
visa,candle,4,1,15,0.5573122529644269
visa,candle,4,1,17,0.4690382081686429
visa,candle,4,1,19,0.3741765480895915
visa,candle,4,1,21,0.2621870882740448
visa,candle,4,1,23,0.2621870882740448
visa,candle,4,1,25,0.1436100131752305
visa,candle,4,1,27,0.1436100131752305
visa,candle,4,1,29,0.1436100131752305
visa,candle,4,1,31,0.1436100131752305
visa,candle,4,1,33,0.1436100131752305
visa,candle,4,2,5,1.0
visa,candle,4,2,7,1.0
visa,candle,4,2,9,1.0
visa,candle,4,2,11,0.9842271293375394
visa,candle,4,2,13,0.9116719242902208
visa,candle,4,2,15,0.8107255520504731
visa,candle,4,2,17,0.7192429022082019
visa,candle,4,2,19,0.5993690851735016
visa,candle,4,2,21,0.444794952681388
visa,candle,4,2,23,0.444794952681388
visa,candle,4,2,25,0.2586750788643533
visa,candle,4,2,27,0.2586750788643533
visa,candle,4,2,29,0.2586750788643533
visa,candle,4,2,31,0.2586750788643533
visa,candle,4,2,33,0.2586750788643533
visa,candle,8,0,5,1.0
visa,candle,8,0,7,1.0
visa,candle,8,0,9,0.9833948339483396
visa,candle,8,0,11,0.933579335793358
visa,candle,8,0,13,0.8505535055350554
visa,candle,8,0,15,0.7250922509225092
visa,candle,8,0,17,0.6439114391143912
visa,candle,8,0,19,0.5295202952029521
visa,candle,8,0,21,0.3782287822878228
visa,candle,8,0,23,0.3782287822878228
visa,candle,8,0,25,0.2047970479704797
visa,candle,8,0,27,0.2047970479704797
visa,candle,8,0,29,0.2047970479704797
visa,candle,8,0,31,0.2047970479704797
visa,candle,8,0,33,0.2047970479704797
visa,candle,8,1,5,1.0
visa,candle,8,1,7,0.9788867562380038
visa,candle,8,1,9,0.9040307101727448
visa,candle,8,1,11,0.7946257197696737
visa,candle,8,1,13,0.6593090211132437
visa,candle,8,1,15,0.5287907869481766
visa,candle,8,1,17,0.4443378119001919
visa,candle,8,1,19,0.354126679462572
visa,candle,8,1,21,0.2456813819577735
visa,candle,8,1,23,0.2456813819577735
visa,candle,8,1,25,0.1314779270633397
visa,candle,8,1,27,0.1314779270633397
visa,candle,8,1,29,0.1314779270633397
visa,candle,8,1,31,0.1314779270633397
visa,candle,8,1,33,0.1314779270633397
visa,candle,8,2,5,1.0
visa,candle,8,2,7,1.0
visa,candle,8,2,9,0.9328932893289328
visa,candle,8,2,11,0.801980198019802
visa,candle,8,2,13,0.6655665566556656
visa,candle,8,2,15,0.5269526952695269
visa,candle,8,2,17,0.4411441144114411
visa,candle,8,2,19,0.3476347634763476
visa,candle,8,2,21,0.2431243124312431
visa,candle,8,2,23,0.2431243124312431
visa,candle,8,2,25,0.1276127612761276
visa,candle,8,2,27,0.1276127612761276
visa,candle,8,2,29,0.1276127612761276
visa,candle,8,2,31,0.1276127612761276
visa,candle,8,2,33,0.1276127612761276
visa,capsules,1,0,5,1.0
visa,capsules,1,0,7,0.973667711598746
visa,capsules,1,0,9,0.8840125391849529
visa,capsules,1,0,11,0.7592476489028214
visa,capsules,1,0,13,0.6363636363636364
visa,capsules,1,0,15,0.4927899686520376
visa,capsules,1,0,17,0.3774294670846395
visa,capsules,1,0,19,0.3141065830721003
visa,capsules,1,0,21,0.245141065830721
visa,capsules,1,0,23,0.245141065830721
visa,capsules,1,0,25,0.1680250783699059
visa,capsules,1,0,27,0.1680250783699059
visa,capsules,1,0,29,0.1680250783699059
visa,capsules,1,0,31,0.0852664576802507
visa,capsules,1,0,33,0.0852664576802507
visa,capsules,1,1,5,1.0
visa,capsules,1,1,7,1.0
visa,capsules,1,1,9,0.974025974025974
visa,capsules,1,1,11,0.9090909090909092
visa,capsules,1,1,13,0.8701298701298701
visa,capsules,1,1,15,0.8051948051948052
visa,capsules,1,1,17,0.711038961038961
visa,capsules,1,1,19,0.6331168831168831
visa,capsules,1,1,21,0.538961038961039
visa,capsules,1,1,23,0.538961038961039
visa,capsules,1,1,25,0.4090909090909091
visa,capsules,1,1,27,0.4090909090909091
visa,capsules,1,1,29,0.4090909090909091
visa,capsules,1,1,31,0.2272727272727272
visa,capsules,1,1,33,0.2272727272727272
visa,capsules,1,2,5,0.9675901725039204
visa,capsules,1,2,7,0.8186095138525875
visa,capsules,1,2,9,0.6732880292733926
visa,capsules,1,2,11,0.5410350235232619
visa,capsules,1,2,13,0.4307370622059592
visa,capsules,1,2,15,0.3261892315734448
visa,capsules,1,2,17,0.2467328802927339
visa,capsules,1,2,19,0.2033455305802404
visa,capsules,1,2,21,0.1562990067956089
visa,capsules,1,2,23,0.1562990067956089
visa,capsules,1,2,25,0.1066387872451646
visa,capsules,1,2,27,0.1066387872451646
visa,capsules,1,2,29,0.1066387872451646
visa,capsules,1,2,31,0.0543648719289074
visa,capsules,1,2,33,0.0543648719289074
visa,capsules,2,0,5,0.9546242774566474
visa,capsules,2,0,7,0.8271676300578035
visa,capsules,2,0,9,0.6485549132947976
visa,capsules,2,0,11,0.4997109826589595
visa,capsules,2,0,13,0.384393063583815
visa,capsules,2,0,15,0.2794797687861272
visa,capsules,2,0,17,0.2028901734104046
visa,capsules,2,0,19,0.1638728323699421
visa,capsules,2,0,21,0.1245664739884393
visa,capsules,2,0,23,0.1245664739884393
visa,capsules,2,0,25,0.0838150289017341
visa,capsules,2,0,27,0.0838150289017341
visa,capsules,2,0,29,0.0838150289017341
visa,capsules,2,0,31,0.0421965317919075
visa,capsules,2,0,33,0.0421965317919075
visa,capsules,2,1,5,1.0
visa,capsules,2,1,7,0.9348931841302136
visa,capsules,2,1,9,0.8087487283825026
visa,capsules,2,1,11,0.6897253306205493
visa,capsules,2,1,13,0.5910478128179044
visa,capsules,2,1,15,0.4862665310274669
visa,capsules,2,1,17,0.3855544252288911
visa,capsules,2,1,19,0.3255340793489318
visa,capsules,2,1,21,0.2563580874872838
visa,capsules,2,1,23,0.2563580874872838
visa,capsules,2,1,25,0.1790437436419125
visa,capsules,2,1,27,0.1790437436419125
visa,capsules,2,1,29,0.1790437436419125
visa,capsules,2,1,31,0.0935910478128179
visa,capsules,2,1,33,0.0935910478128179
visa,capsules,2,2,5,0.9848605577689244
visa,capsules,2,2,7,0.8852589641434263
visa,capsules,2,2,9,0.7673306772908367
visa,capsules,2,2,11,0.6589641434262948
visa,capsules,2,2,13,0.5545816733067729
visa,capsules,2,2,15,0.4430278884462151
visa,capsules,2,2,17,0.349800796812749
visa,capsules,2,2,19,0.2972111553784861
visa,capsules,2,2,21,0.2358565737051793
visa,capsules,2,2,23,0.2358565737051793
visa,capsules,2,2,25,0.1657370517928287
visa,capsules,2,2,27,0.1657370517928287
visa,capsules,2,2,29,0.1657370517928287
visa,capsules,2,2,31,0.0852589641434262
visa,capsules,2,2,33,0.0852589641434262
visa,capsules,4,0,5,1.0
visa,capsules,4,0,7,0.9535340314136126
visa,capsules,4,0,9,0.8704188481675392
visa,capsules,4,0,11,0.75
visa,capsules,4,0,13,0.6380890052356021
visa,capsules,4,0,15,0.5013089005235603
visa,capsules,4,0,17,0.3808900523560209
visa,capsules,4,0,19,0.3134816753926701
visa,capsules,4,0,21,0.2428010471204188
visa,capsules,4,0,23,0.2428010471204188
visa,capsules,4,0,25,0.1668848167539267
visa,capsules,4,0,27,0.1668848167539267
visa,capsules,4,0,29,0.1668848167539267
visa,capsules,4,0,31,0.0850785340314136
visa,capsules,4,0,33,0.0850785340314136
visa,capsules,4,1,5,1.0
visa,capsules,4,1,7,0.98868778280543
visa,capsules,4,1,9,0.9253393665158371
visa,capsules,4,1,11,0.8506787330316742
visa,capsules,4,1,13,0.7737556561085973
visa,capsules,4,1,15,0.6809954751131222
visa,capsules,4,1,17,0.5746606334841629
visa,capsules,4,1,19,0.5
visa,capsules,4,1,21,0.4095022624434389
visa,capsules,4,1,23,0.4095022624434389
visa,capsules,4,1,25,0.3122171945701357
visa,capsules,4,1,27,0.3122171945701357
visa,capsules,4,1,29,0.3122171945701357
visa,capsules,4,1,31,0.1787330316742081
visa,capsules,4,1,33,0.1787330316742081
visa,capsules,4,2,5,1.0
visa,capsules,4,2,7,0.9351081530782028
visa,capsules,4,2,9,0.7911813643926788
visa,capsules,4,2,11,0.670549084858569
visa,capsules,4,2,13,0.5740432612312812
visa,capsules,4,2,15,0.4700499168053245
visa,capsules,4,2,17,0.3743760399334442
visa,capsules,4,2,19,0.3178036605657238
visa,capsules,4,2,21,0.2520798668885191
visa,capsules,4,2,23,0.2520798668885191
visa,capsules,4,2,25,0.1755407653910149
visa,capsules,4,2,27,0.1755407653910149
visa,capsules,4,2,29,0.1755407653910149
visa,capsules,4,2,31,0.0906821963394342
visa,capsules,4,2,33,0.0906821963394342
visa,capsules,8,0,5,1.0
visa,capsules,8,0,7,1.0
visa,capsules,8,0,9,1.0
visa,capsules,8,0,11,0.9686924493554327
visa,capsules,8,0,13,0.9079189686924494
visa,capsules,8,0,15,0.8047882136279927
visa,capsules,8,0,17,0.6666666666666666
visa,capsules,8,0,19,0.576427255985267
visa,capsules,8,0,21,0.4769797421731123
visa,capsules,8,0,23,0.4769797421731123
visa,capsules,8,0,25,0.3462246777163904
visa,capsules,8,0,27,0.3462246777163904
visa,capsules,8,0,29,0.3462246777163904
visa,capsules,8,0,31,0.1915285451197053
visa,capsules,8,0,33,0.1915285451197053
visa,capsules,8,1,5,1.0
visa,capsules,8,1,7,0.9621212121212122
visa,capsules,8,1,9,0.8772727272727273
visa,capsules,8,1,11,0.7833333333333333
visa,capsules,8,1,13,0.7106060606060606
visa,capsules,8,1,15,0.6287878787878788
visa,capsules,8,1,17,0.543939393939394
visa,capsules,8,1,19,0.4833333333333333
visa,capsules,8,1,21,0.396969696969697
visa,capsules,8,1,23,0.396969696969697
visa,capsules,8,1,25,0.2803030303030303
visa,capsules,8,1,27,0.2803030303030303
visa,capsules,8,1,29,0.2803030303030303
visa,capsules,8,1,31,0.15
visa,capsules,8,1,33,0.15
visa,capsules,8,2,5,0.9966688874083944
visa,capsules,8,2,7,0.9007328447701533
visa,capsules,8,2,9,0.7894736842105263
visa,capsules,8,2,11,0.6868754163890739
visa,capsules,8,2,13,0.5796135909393737
visa,capsules,8,2,15,0.4603597601598934
visa,capsules,8,2,17,0.3537641572285143
visa,capsules,8,2,19,0.2931379080612925
visa,capsules,8,2,21,0.2285143237841439
visa,capsules,8,2,23,0.2285143237841439
visa,capsules,8,2,25,0.1558960692871419
visa,capsules,8,2,27,0.1558960692871419
visa,capsules,8,2,29,0.1558960692871419
visa,capsules,8,2,31,0.0799467021985343
visa,capsules,8,2,33,0.0799467021985343
visa,cashew,1,0,5,0.9754672897196262
visa,cashew,1,0,7,0.8855140186915887
visa,cashew,1,0,9,0.8072429906542056
visa,cashew,1,0,11,0.7231308411214953
visa,cashew,1,0,13,0.6156542056074766
visa,cashew,1,0,15,0.4976635514018692
visa,cashew,1,0,17,0.4264018691588785
visa,cashew,1,0,19,0.3434579439252336
visa,cashew,1,0,21,0.2488317757009346
visa,cashew,1,0,23,0.2488317757009346
visa,cashew,1,0,25,0.1343457943925233
visa,cashew,1,0,27,0.1343457943925233
visa,cashew,1,0,29,0.1343457943925233
visa,cashew,1,0,31,0.1343457943925233
visa,cashew,1,0,33,0.1343457943925233
visa,cashew,1,1,5,0.859538784067086
visa,cashew,1,1,7,0.7589098532494759
visa,cashew,1,1,9,0.6771488469601677
visa,cashew,1,1,11,0.5974842767295597
visa,cashew,1,1,13,0.5262054507337526
visa,cashew,1,1,15,0.4654088050314465
visa,cashew,1,1,17,0.4234800838574423
visa,cashew,1,1,19,0.3647798742138364
visa,cashew,1,1,21,0.2809224318658281
visa,cashew,1,1,23,0.2809224318658281
visa,cashew,1,1,25,0.1572327044025157
visa,cashew,1,1,27,0.1572327044025157
visa,cashew,1,1,29,0.1572327044025157
visa,cashew,1,1,31,0.1572327044025157
visa,cashew,1,1,33,0.1572327044025157
visa,cashew,1,2,5,0.8990228013029316
visa,cashew,1,2,7,0.742671009771987
visa,cashew,1,2,9,0.6482084690553745
visa,cashew,1,2,11,0.5667752442996743
visa,cashew,1,2,13,0.498371335504886
visa,cashew,1,2,15,0.4299674267100977
visa,cashew,1,2,17,0.3876221498371335
visa,cashew,1,2,19,0.3322475570032573
visa,cashew,1,2,21,0.254071661237785
visa,cashew,1,2,23,0.254071661237785
visa,cashew,1,2,25,0.1498371335504886
visa,cashew,1,2,27,0.1498371335504886
visa,cashew,1,2,29,0.1498371335504886
visa,cashew,1,2,31,0.1498371335504886
visa,cashew,1,2,33,0.1498371335504886
visa,cashew,2,0,5,0.7318531169940222
visa,cashew,2,0,7,0.605465414175918
visa,cashew,2,0,9,0.5286080273270709
visa,cashew,2,0,11,0.4611443210930828
visa,cashew,2,0,13,0.372331340734415
visa,cashew,2,0,15,0.2971818958155423
visa,cashew,2,0,17,0.2527754056362084
visa,cashew,2,0,19,0.2040990606319385
visa,cashew,2,0,21,0.1426131511528608
visa,cashew,2,0,23,0.1426131511528608
visa,cashew,2,0,25,0.0725875320239111
visa,cashew,2,0,27,0.0725875320239111
visa,cashew,2,0,29,0.0725875320239111
visa,cashew,2,0,31,0.0725875320239111
visa,cashew,2,0,33,0.0725875320239111
visa,cashew,2,1,5,1.0
visa,cashew,2,1,7,0.9182389937106918
visa,cashew,2,1,9,0.7735849056603774
visa,cashew,2,1,11,0.6792452830188679
visa,cashew,2,1,13,0.5974842767295597
visa,cashew,2,1,15,0.5094339622641509
visa,cashew,2,1,17,0.4654088050314465
visa,cashew,2,1,19,0.4088050314465409
visa,cashew,2,1,21,0.3396226415094339
visa,cashew,2,1,23,0.3396226415094339
visa,cashew,2,1,25,0.220125786163522
visa,cashew,2,1,27,0.220125786163522
visa,cashew,2,1,29,0.220125786163522
visa,cashew,2,1,31,0.220125786163522
visa,cashew,2,1,33,0.220125786163522
visa,cashew,2,2,5,1.0
visa,cashew,2,2,7,0.9848024316109424
visa,cashew,2,2,9,0.9270516717325228
visa,cashew,2,2,11,0.8693009118541033
visa,cashew,2,2,13,0.8145896656534954
visa,cashew,2,2,15,0.7142857142857143
visa,cashew,2,2,17,0.6322188449848024
visa,cashew,2,2,19,0.5349544072948328
visa,cashew,2,2,21,0.4072948328267477
visa,cashew,2,2,23,0.4072948328267477
visa,cashew,2,2,25,0.2370820668693009
visa,cashew,2,2,27,0.2370820668693009
visa,cashew,2,2,29,0.2370820668693009
visa,cashew,2,2,31,0.2370820668693009
visa,cashew,2,2,33,0.2370820668693009
visa,cashew,4,0,5,0.9803149606299212
visa,cashew,4,0,7,0.9114173228346456
visa,cashew,4,0,9,0.8562992125984252
visa,cashew,4,0,11,0.797244094488189
visa,cashew,4,0,13,0.7224409448818898
visa,cashew,4,0,15,0.6259842519685039
visa,cashew,4,0,17,0.5570866141732284
visa,cashew,4,0,19,0.4744094488188976
visa,cashew,4,0,21,0.3543307086614173
visa,cashew,4,0,23,0.3543307086614173
visa,cashew,4,0,25,0.1988188976377952
visa,cashew,4,0,27,0.1988188976377952
visa,cashew,4,0,29,0.1988188976377952
visa,cashew,4,0,31,0.1988188976377952
visa,cashew,4,0,33,0.1988188976377952
visa,cashew,4,1,5,0.8375136314067612
visa,cashew,4,1,7,0.7251908396946565
visa,cashew,4,1,9,0.658669574700109
visa,cashew,4,1,11,0.6030534351145038
visa,cashew,4,1,13,0.5190839694656488
visa,cashew,4,1,15,0.4274809160305343
visa,cashew,4,1,17,0.3631406761177753
visa,cashew,4,1,19,0.2878953107960741
visa,cashew,4,1,21,0.2039258451472192
visa,cashew,4,1,23,0.2039258451472192
visa,cashew,4,1,25,0.1079607415485278
visa,cashew,4,1,27,0.1079607415485278
visa,cashew,4,1,29,0.1079607415485278
visa,cashew,4,1,31,0.1079607415485278
visa,cashew,4,1,33,0.1079607415485278
visa,cashew,4,2,5,0.8346613545816733
visa,cashew,4,2,7,0.6733067729083665
visa,cashew,4,2,9,0.5537848605577689
visa,cashew,4,2,11,0.4940239043824701
visa,cashew,4,2,13,0.4282868525896414
visa,cashew,4,2,15,0.3665338645418327
visa,cashew,4,2,17,0.3247011952191235
visa,cashew,4,2,19,0.2709163346613545
visa,cashew,4,2,21,0.2031872509960159
visa,cashew,4,2,23,0.2031872509960159
visa,cashew,4,2,25,0.1195219123505976
visa,cashew,4,2,27,0.1195219123505976
visa,cashew,4,2,29,0.1195219123505976
visa,cashew,4,2,31,0.1195219123505976
visa,cashew,4,2,33,0.1195219123505976
visa,cashew,8,0,5,0.9916839916839916
visa,cashew,8,0,7,0.9126819126819128
visa,cashew,8,0,9,0.8295218295218295
visa,cashew,8,0,11,0.7775467775467776
visa,cashew,8,0,13,0.7151767151767152
visa,cashew,8,0,15,0.6195426195426196
visa,cashew,8,0,17,0.5488565488565489
visa,cashew,8,0,19,0.4573804573804574
visa,cashew,8,0,21,0.3347193347193347
visa,cashew,8,0,23,0.3347193347193347
visa,cashew,8,0,25,0.1891891891891892
visa,cashew,8,0,27,0.1891891891891892
visa,cashew,8,0,29,0.1891891891891892
visa,cashew,8,0,31,0.1891891891891892
visa,cashew,8,0,33,0.1891891891891892
visa,cashew,8,1,5,0.7398601398601399
visa,cashew,8,1,7,0.5664335664335665
visa,cashew,8,1,9,0.4811188811188811
visa,cashew,8,1,11,0.413986013986014
visa,cashew,8,1,13,0.3594405594405594
visa,cashew,8,1,15,0.3076923076923077
visa,cashew,8,1,17,0.2727272727272727
visa,cashew,8,1,19,0.2279720279720279
visa,cashew,8,1,21,0.1678321678321678
visa,cashew,8,1,23,0.1678321678321678
visa,cashew,8,1,25,0.0909090909090909
visa,cashew,8,1,27,0.0909090909090909
visa,cashew,8,1,29,0.0909090909090909
visa,cashew,8,1,31,0.0909090909090909
visa,cashew,8,1,33,0.0909090909090909
visa,cashew,8,2,5,0.9689655172413794
visa,cashew,8,2,7,0.8655172413793103
visa,cashew,8,2,9,0.7965517241379311
visa,cashew,8,2,11,0.7517241379310344
visa,cashew,8,2,13,0.6862068965517242
visa,cashew,8,2,15,0.6068965517241379
visa,cashew,8,2,17,0.5586206896551724
visa,cashew,8,2,19,0.4896551724137931
visa,cashew,8,2,21,0.3758620689655172
visa,cashew,8,2,23,0.3758620689655172
visa,cashew,8,2,25,0.2241379310344827
visa,cashew,8,2,27,0.2241379310344827
visa,cashew,8,2,29,0.2241379310344827
visa,cashew,8,2,31,0.2241379310344827
visa,cashew,8,2,33,0.2241379310344827
visa,chewinggum,1,0,5,0.9990128331688056
visa,chewinggum,1,0,7,0.930898321816387
visa,chewinggum,1,0,9,0.7828232971372162
visa,chewinggum,1,0,11,0.6416584402764067
visa,chewinggum,1,0,13,0.5350444225074038
visa,chewinggum,1,0,15,0.4422507403751234
visa,chewinggum,1,0,17,0.3336623889437315
visa,chewinggum,1,0,19,0.2675222112537019
visa,chewinggum,1,0,21,0.2675222112537019
visa,chewinggum,1,0,23,0.1875616979269496
visa,chewinggum,1,0,25,0.1875616979269496
visa,chewinggum,1,0,27,0.0977295162882527
visa,chewinggum,1,0,29,0.0977295162882527
visa,chewinggum,1,0,31,0.0977295162882527
visa,chewinggum,1,0,33,0.0977295162882527
visa,chewinggum,1,1,5,0.9399428026692088
visa,chewinggum,1,1,7,0.8036224976167778
visa,chewinggum,1,1,9,0.6215443279313632
visa,chewinggum,1,1,11,0.4957102001906577
visa,chewinggum,1,1,13,0.392278360343184
visa,chewinggum,1,1,15,0.3045757864632983
visa,chewinggum,1,1,17,0.2087702573879885
visa,chewinggum,1,1,19,0.1582459485224022
visa,chewinggum,1,1,21,0.1582459485224022
visa,chewinggum,1,1,23,0.1067683508102955
visa,chewinggum,1,1,25,0.1067683508102955
visa,chewinggum,1,1,27,0.053860819828408
visa,chewinggum,1,1,29,0.053860819828408
visa,chewinggum,1,1,31,0.053860819828408
visa,chewinggum,1,1,33,0.053860819828408
visa,chewinggum,1,2,5,0.9913221031138336
visa,chewinggum,1,2,7,0.8989280245022971
visa,chewinggum,1,2,9,0.7120980091883614
visa,chewinggum,1,2,11,0.5584481878509444
visa,chewinggum,1,2,13,0.4400204185809086
visa,chewinggum,1,2,15,0.3425216947422154
visa,chewinggum,1,2,17,0.2368555385400714
visa,chewinggum,1,2,19,0.1807044410413476
visa,chewinggum,1,2,21,0.1807044410413476
visa,chewinggum,1,2,23,0.1214905564063297
visa,chewinggum,1,2,25,0.1214905564063297
visa,chewinggum,1,2,27,0.0612557427258805
visa,chewinggum,1,2,29,0.0612557427258805
visa,chewinggum,1,2,31,0.0612557427258805
visa,chewinggum,1,2,33,0.0612557427258805
visa,chewinggum,2,0,5,1.0
visa,chewinggum,2,0,7,1.0
visa,chewinggum,2,0,9,0.9661971830985916
visa,chewinggum,2,0,11,0.9154929577464788
visa,chewinggum,2,0,13,0.8366197183098592
visa,chewinggum,2,0,15,0.7436619718309859
visa,chewinggum,2,0,17,0.5943661971830986
visa,chewinggum,2,0,19,0.4873239436619718
visa,chewinggum,2,0,21,0.4873239436619718
visa,chewinggum,2,0,23,0.3549295774647887
visa,chewinggum,2,0,25,0.3549295774647887
visa,chewinggum,2,0,27,0.2
visa,chewinggum,2,0,29,0.2
visa,chewinggum,2,0,31,0.2
visa,chewinggum,2,0,33,0.2
visa,chewinggum,2,1,5,0.9477825464949928
visa,chewinggum,2,1,7,0.8082975679542204
visa,chewinggum,2,1,9,0.6587982832618026
visa,chewinggum,2,1,11,0.5286123032904149
visa,chewinggum,2,1,13,0.4313304721030043
visa,chewinggum,2,1,15,0.3547925608011445
visa,chewinggum,2,1,17,0.2582260371959943
visa,chewinggum,2,1,19,0.2031473533619456
visa,chewinggum,2,1,21,0.2031473533619456
visa,chewinggum,2,1,23,0.1387696709585121
visa,chewinggum,2,1,25,0.1387696709585121
visa,chewinggum,2,1,27,0.0701001430615164
visa,chewinggum,2,1,29,0.0701001430615164
visa,chewinggum,2,1,31,0.0701001430615164
visa,chewinggum,2,1,33,0.0701001430615164
visa,chewinggum,2,2,5,0.9861782999308916
visa,chewinggum,2,2,7,0.8845888044229441
visa,chewinggum,2,2,9,0.7055977885279889
visa,chewinggum,2,2,11,0.5666897028334485
visa,chewinggum,2,2,13,0.4478230822391154
visa,chewinggum,2,2,15,0.3552176917760885
visa,chewinggum,2,2,17,0.2515549412577747
visa,chewinggum,2,2,19,0.1955770559778852
visa,chewinggum,2,2,21,0.1955770559778852
visa,chewinggum,2,2,23,0.1340704906703524
visa,chewinggum,2,2,25,0.1340704906703524
visa,chewinggum,2,2,27,0.0691085003455425
visa,chewinggum,2,2,29,0.0691085003455425
visa,chewinggum,2,2,31,0.0691085003455425
visa,chewinggum,2,2,33,0.0691085003455425
visa,chewinggum,4,0,5,1.0
visa,chewinggum,4,0,7,1.0
visa,chewinggum,4,0,9,0.9490909090909092
visa,chewinggum,4,0,11,0.84
visa,chewinggum,4,0,13,0.7327272727272728
visa,chewinggum,4,0,15,0.6327272727272727
visa,chewinggum,4,0,17,0.4927272727272727
visa,chewinggum,4,0,19,0.4018181818181818
visa,chewinggum,4,0,21,0.4018181818181818
visa,chewinggum,4,0,23,0.2945454545454545
visa,chewinggum,4,0,25,0.2945454545454545
visa,chewinggum,4,0,27,0.1581818181818181
visa,chewinggum,4,0,29,0.1581818181818181
visa,chewinggum,4,0,31,0.1581818181818181
visa,chewinggum,4,0,33,0.1581818181818181
visa,chewinggum,4,1,5,1.0
visa,chewinggum,4,1,7,1.0
visa,chewinggum,4,1,9,0.9680365296803652
visa,chewinggum,4,1,11,0.8721461187214612
visa,chewinggum,4,1,13,0.7602739726027398
visa,chewinggum,4,1,15,0.6643835616438356
visa,chewinggum,4,1,17,0.5388127853881278
visa,chewinggum,4,1,19,0.4452054794520548
visa,chewinggum,4,1,21,0.4452054794520548
visa,chewinggum,4,1,23,0.3219178082191781
visa,chewinggum,4,1,25,0.3219178082191781
visa,chewinggum,4,1,27,0.1689497716894977
visa,chewinggum,4,1,29,0.1689497716894977
visa,chewinggum,4,1,31,0.1689497716894977
visa,chewinggum,4,1,33,0.1689497716894977
visa,chewinggum,4,2,5,1.0
visa,chewinggum,4,2,7,0.994475138121547
visa,chewinggum,4,2,9,0.9355432780847146
visa,chewinggum,4,2,11,0.8250460405156538
visa,chewinggum,4,2,13,0.7108655616942909
visa,chewinggum,4,2,15,0.5948434622467772
visa,chewinggum,4,2,17,0.4530386740331492
visa,chewinggum,4,2,19,0.3664825046040516
visa,chewinggum,4,2,21,0.3664825046040516
visa,chewinggum,4,2,23,0.2651933701657458
visa,chewinggum,4,2,25,0.2651933701657458
visa,chewinggum,4,2,27,0.1399631675874769
visa,chewinggum,4,2,29,0.1399631675874769
visa,chewinggum,4,2,31,0.1399631675874769
visa,chewinggum,4,2,33,0.1399631675874769
visa,chewinggum,8,0,5,1.0
visa,chewinggum,8,0,7,0.942242355605889
visa,chewinggum,8,0,9,0.8199320498301246
visa,chewinggum,8,0,11,0.695356738391846
visa,chewinggum,8,0,13,0.5889014722536806
visa,chewinggum,8,0,15,0.4881087202718007
visa,chewinggum,8,0,17,0.3635334088335221
visa,chewinggum,8,0,19,0.289920724801812
visa,chewinggum,8,0,21,0.289920724801812
visa,chewinggum,8,0,23,0.2049830124575311
visa,chewinggum,8,0,25,0.2049830124575311
visa,chewinggum,8,0,27,0.1075877689694224
visa,chewinggum,8,0,29,0.1075877689694224
visa,chewinggum,8,0,31,0.1075877689694224
visa,chewinggum,8,0,33,0.1075877689694224
visa,chewinggum,8,1,5,1.0
visa,chewinggum,8,1,7,0.927906976744186
visa,chewinggum,8,1,9,0.8244186046511628
visa,chewinggum,8,1,11,0.7104651162790697
visa,chewinggum,8,1,13,0.5965116279069768
visa,chewinggum,8,1,15,0.4930232558139535
visa,chewinggum,8,1,17,0.3616279069767442
visa,chewinggum,8,1,19,0.2860465116279069
visa,chewinggum,8,1,21,0.2860465116279069
visa,chewinggum,8,1,23,0.2023255813953488
visa,chewinggum,8,1,25,0.2023255813953488
visa,chewinggum,8,1,27,0.1058139534883721
visa,chewinggum,8,1,29,0.1058139534883721
visa,chewinggum,8,1,31,0.1058139534883721
visa,chewinggum,8,1,33,0.1058139534883721
visa,chewinggum,8,2,5,0.9875478927203064
visa,chewinggum,8,2,7,0.9022988505747126
visa,chewinggum,8,2,9,0.7634099616858238
visa,chewinggum,8,2,11,0.6340996168582376
visa,chewinggum,8,2,13,0.5191570881226054
visa,chewinggum,8,2,15,0.4243295019157088
visa,chewinggum,8,2,17,0.3113026819923372
visa,chewinggum,8,2,19,0.2452107279693486
visa,chewinggum,8,2,21,0.2452107279693486
visa,chewinggum,8,2,23,0.171455938697318
visa,chewinggum,8,2,25,0.171455938697318
visa,chewinggum,8,2,27,0.0881226053639846
visa,chewinggum,8,2,29,0.0881226053639846
visa,chewinggum,8,2,31,0.0881226053639846
visa,chewinggum,8,2,33,0.0881226053639846
visa,fryum,1,0,5,0.9638324873096448
visa,fryum,1,0,7,0.9200507614213198
visa,fryum,1,0,9,0.824238578680203
visa,fryum,1,0,11,0.7074873096446701
visa,fryum,1,0,13,0.5850253807106599
visa,fryum,1,0,15,0.4543147208121827
visa,fryum,1,0,17,0.3464467005076142
visa,fryum,1,0,19,0.2880710659898477
visa,fryum,1,0,21,0.2208121827411167
visa,fryum,1,0,23,0.2208121827411167
visa,fryum,1,0,25,0.1484771573604061
visa,fryum,1,0,27,0.1484771573604061
visa,fryum,1,0,29,0.1484771573604061
visa,fryum,1,0,31,0.0755076142131979
visa,fryum,1,0,33,0.0755076142131979
visa,fryum,1,1,5,0.9515915119363396
visa,fryum,1,1,7,0.9111405835543768
visa,fryum,1,1,9,0.8368700265251989
visa,fryum,1,1,11,0.713527851458886
visa,fryum,1,1,13,0.5875331564986738
visa,fryum,1,1,15,0.4542440318302387
visa,fryum,1,1,17,0.3428381962864721
visa,fryum,1,1,19,0.2805039787798408
visa,fryum,1,1,21,0.2161803713527851
visa,fryum,1,1,23,0.2161803713527851
visa,fryum,1,1,25,0.1478779840848806
visa,fryum,1,1,27,0.1478779840848806
visa,fryum,1,1,29,0.1478779840848806
visa,fryum,1,1,31,0.0762599469496021
visa,fryum,1,1,33,0.0762599469496021
visa,fryum,1,2,5,1.0
visa,fryum,1,2,7,0.98
visa,fryum,1,2,9,0.94125
visa,fryum,1,2,11,0.8725
visa,fryum,1,2,13,0.785
visa,fryum,1,2,15,0.6675
visa,fryum,1,2,17,0.54375
visa,fryum,1,2,19,0.46125
visa,fryum,1,2,21,0.36625
visa,fryum,1,2,23,0.36625
visa,fryum,1,2,25,0.255
visa,fryum,1,2,27,0.255
visa,fryum,1,2,29,0.255
visa,fryum,1,2,31,0.13375
visa,fryum,1,2,33,0.13375
visa,fryum,2,0,5,1.0
visa,fryum,2,0,7,0.933579335793358
visa,fryum,2,0,9,0.8819188191881919
visa,fryum,2,0,11,0.8560885608856088
visa,fryum,2,0,13,0.8339483394833949
visa,fryum,2,0,15,0.7675276752767528
visa,fryum,2,0,17,0.6900369003690037
visa,fryum,2,0,19,0.6309963099630996
visa,fryum,2,0,21,0.5350553505535055
visa,fryum,2,0,23,0.5350553505535055
visa,fryum,2,0,25,0.3985239852398524
visa,fryum,2,0,27,0.3985239852398524
visa,fryum,2,0,29,0.3985239852398524
visa,fryum,2,0,31,0.2250922509225092
visa,fryum,2,0,33,0.2250922509225092
visa,fryum,2,1,5,0.9665809768637532
visa,fryum,2,1,7,0.9117395029991432
visa,fryum,2,1,9,0.8431876606683805
visa,fryum,2,1,11,0.7557840616966581
visa,fryum,2,1,13,0.6503856041131105
visa,fryum,2,1,15,0.5184233076263924
visa,fryum,2,1,17,0.401885175664096
visa,fryum,2,1,19,0.3324764353041988
visa,fryum,2,1,21,0.2570694087403599
visa,fryum,2,1,23,0.2570694087403599
visa,fryum,2,1,25,0.1748071979434447
visa,fryum,2,1,27,0.1748071979434447
visa,fryum,2,1,29,0.1748071979434447
visa,fryum,2,1,31,0.0891173950299914
visa,fryum,2,1,33,0.0891173950299914
visa,fryum,2,2,5,1.0
visa,fryum,2,2,7,0.9552238805970148
visa,fryum,2,2,9,0.9343283582089552
visa,fryum,2,2,11,0.8865671641791045
visa,fryum,2,2,13,0.8029850746268656
visa,fryum,2,2,15,0.6940298507462687
visa,fryum,2,2,17,0.564179104477612
visa,fryum,2,2,19,0.4805970149253731
visa,fryum,2,2,21,0.3805970149253731
visa,fryum,2,2,23,0.3805970149253731
visa,fryum,2,2,25,0.2671641791044776
visa,fryum,2,2,27,0.2671641791044776
visa,fryum,2,2,29,0.2671641791044776
visa,fryum,2,2,31,0.1432835820895522
visa,fryum,2,2,33,0.1432835820895522
visa,fryum,4,0,5,0.9873617693522908
visa,fryum,4,0,7,0.933649289099526
visa,fryum,4,0,9,0.9115323854660348
visa,fryum,4,0,11,0.8767772511848341
visa,fryum,4,0,13,0.7883096366508688
visa,fryum,4,0,15,0.6635071090047393
visa,fryum,4,0,17,0.5387045813586098
visa,fryum,4,0,19,0.4644549763033175
visa,fryum,4,0,21,0.3759873617693522
visa,fryum,4,0,23,0.3759873617693522
visa,fryum,4,0,25,0.2638230647709321
visa,fryum,4,0,27,0.2638230647709321
visa,fryum,4,0,29,0.2638230647709321
visa,fryum,4,0,31,0.1437598736176935
visa,fryum,4,0,33,0.1437598736176935
visa,fryum,4,1,5,0.9433962264150944
visa,fryum,4,1,7,0.879245283018868
visa,fryum,4,1,9,0.8415094339622642
visa,fryum,4,1,11,0.7811320754716982
visa,fryum,4,1,13,0.7339622641509433
visa,fryum,4,1,15,0.6509433962264151
visa,fryum,4,1,17,0.5377358490566038
visa,fryum,4,1,19,0.4660377358490566
visa,fryum,4,1,21,0.3735849056603773
visa,fryum,4,1,23,0.3735849056603773
visa,fryum,4,1,25,0.2660377358490566
visa,fryum,4,1,27,0.2660377358490566
visa,fryum,4,1,29,0.2660377358490566
visa,fryum,4,1,31,0.1433962264150943
visa,fryum,4,1,33,0.1433962264150943
visa,fryum,4,2,5,0.9698009608785176
visa,fryum,4,2,7,0.9306794783802332
visa,fryum,4,2,9,0.8558682223747426
visa,fryum,4,2,11,0.7316403568977351
visa,fryum,4,2,13,0.6115305422100206
visa,fryum,4,2,15,0.4708304735758408
visa,fryum,4,2,17,0.3575840768702814
visa,fryum,4,2,19,0.2937542896362388
visa,fryum,4,2,21,0.2264927934111187
visa,fryum,4,2,23,0.2264927934111187
visa,fryum,4,2,25,0.153054221002059
visa,fryum,4,2,27,0.153054221002059
visa,fryum,4,2,29,0.153054221002059
visa,fryum,4,2,31,0.0782429649965682
visa,fryum,4,2,33,0.0782429649965682
visa,fryum,8,0,5,1.0
visa,fryum,8,0,7,0.9547383309759548
visa,fryum,8,0,9,0.9236209335219236
visa,fryum,8,0,11,0.8613861386138614
visa,fryum,8,0,13,0.7892503536067893
visa,fryum,8,0,15,0.6619519094766619
visa,fryum,8,0,17,0.5304101838755304
visa,fryum,8,0,19,0.4497878359264498
visa,fryum,8,0,21,0.3564356435643564
visa,fryum,8,0,23,0.3564356435643564
visa,fryum,8,0,25,0.2503536067892503
visa,fryum,8,0,27,0.2503536067892503
visa,fryum,8,0,29,0.2503536067892503
visa,fryum,8,0,31,0.1343705799151343
visa,fryum,8,0,33,0.1343705799151343
visa,fryum,8,1,5,0.9556004036326944
visa,fryum,8,1,7,0.8970736629667003
visa,fryum,8,1,9,0.8365287588294652
visa,fryum,8,1,11,0.7608476286579213
visa,fryum,8,1,13,0.6639757820383451
visa,fryum,8,1,15,0.5317860746720484
visa,fryum,8,1,17,0.4157416750756811
visa,fryum,8,1,19,0.3451059535822401
visa,fryum,8,1,21,0.2684157416750757
visa,fryum,8,1,23,0.2684157416750757
visa,fryum,8,1,25,0.1836528758829465
visa,fryum,8,1,27,0.1836528758829465
visa,fryum,8,1,29,0.1836528758829465
visa,fryum,8,1,31,0.094853683148335
visa,fryum,8,1,33,0.094853683148335
visa,fryum,8,2,5,1.0
visa,fryum,8,2,7,0.9539295392953928
visa,fryum,8,2,9,0.9200542005420054
visa,fryum,8,2,11,0.8495934959349594
visa,fryum,8,2,13,0.7723577235772358
visa,fryum,8,2,15,0.6775067750677507
visa,fryum,8,2,17,0.5555555555555556
visa,fryum,8,2,19,0.4783197831978319
visa,fryum,8,2,21,0.3821138211382114
visa,fryum,8,2,23,0.3821138211382114
visa,fryum,8,2,25,0.2669376693766938
visa,fryum,8,2,27,0.2669376693766938
visa,fryum,8,2,29,0.2669376693766938
visa,fryum,8,2,31,0.1409214092140921
visa,fryum,8,2,33,0.1409214092140921
visa,macaroni1,1,0,5,1.0
visa,macaroni1,1,0,7,1.0
visa,macaroni1,1,0,9,0.9881305637982196
visa,macaroni1,1,0,11,0.9109792284866468
visa,macaroni1,1,0,13,0.8078635014836796
visa,macaroni1,1,0,15,0.68026706231454
visa,macaroni1,1,0,17,0.5408011869436202
visa,macaroni1,1,0,19,0.4562314540059347
visa,macaroni1,1,0,21,0.3620178041543027
visa,macaroni1,1,0,23,0.3620178041543027
visa,macaroni1,1,0,25,0.2537091988130563
visa,macaroni1,1,0,27,0.2537091988130563
visa,macaroni1,1,0,29,0.2537091988130563
visa,macaroni1,1,0,31,0.1320474777448071
visa,macaroni1,1,0,33,0.1320474777448071
visa,macaroni1,1,1,5,1.0
visa,macaroni1,1,1,7,1.0
visa,macaroni1,1,1,9,0.958038661008958
visa,macaroni1,1,1,11,0.8345120226308345
visa,macaroni1,1,1,13,0.6845827439886846
visa,macaroni1,1,1,15,0.5294672324375295
visa,macaroni1,1,1,17,0.4007543611504007
visa,macaroni1,1,1,19,0.3309759547383309
visa,macaroni1,1,1,21,0.2555398396982555
visa,macaroni1,1,1,23,0.2555398396982555
visa,macaroni1,1,1,25,0.1749174917491749
visa,macaroni1,1,1,27,0.1749174917491749
visa,macaroni1,1,1,29,0.1749174917491749
visa,macaroni1,1,1,31,0.0891089108910891
visa,macaroni1,1,1,33,0.0891089108910891
visa,macaroni1,1,2,5,1.0
visa,macaroni1,1,2,7,1.0
visa,macaroni1,1,2,9,0.9904191616766468
visa,macaroni1,1,2,11,0.9688622754491018
visa,macaroni1,1,2,13,0.9125748502994012
visa,macaroni1,1,2,15,0.8119760479041916
visa,macaroni1,1,2,17,0.6862275449101797
visa,macaroni1,1,2,19,0.5976047904191617
visa,macaroni1,1,2,21,0.4898203592814371
visa,macaroni1,1,2,23,0.4898203592814371
visa,macaroni1,1,2,25,0.3604790419161676
visa,macaroni1,1,2,27,0.3604790419161676
visa,macaroni1,1,2,29,0.3604790419161676
visa,macaroni1,1,2,31,0.1988023952095808
visa,macaroni1,1,2,33,0.1988023952095808
visa,macaroni1,2,0,5,1.0
visa,macaroni1,2,0,7,0.9974025974025974
visa,macaroni1,2,0,9,0.961038961038961
visa,macaroni1,2,0,11,0.9194805194805196
visa,macaroni1,2,0,13,0.8337662337662337
visa,macaroni1,2,0,15,0.6987012987012987
visa,macaroni1,2,0,17,0.5727272727272728
visa,macaroni1,2,0,19,0.4961038961038961
visa,macaroni1,2,0,21,0.4025974025974026
visa,macaroni1,2,0,23,0.4025974025974026
visa,macaroni1,2,0,25,0.2909090909090909
visa,macaroni1,2,0,27,0.2909090909090909
visa,macaroni1,2,0,29,0.2909090909090909
visa,macaroni1,2,0,31,0.1584415584415584
visa,macaroni1,2,0,33,0.1584415584415584
visa,macaroni1,2,1,5,1.0
visa,macaroni1,2,1,7,1.0
visa,macaroni1,2,1,9,1.0
visa,macaroni1,2,1,11,1.0
visa,macaroni1,2,1,13,1.0
visa,macaroni1,2,1,15,0.9731800766283524
visa,macaroni1,2,1,17,0.9080459770114944
visa,macaroni1,2,1,19,0.8467432950191571
visa,macaroni1,2,1,21,0.7394636015325671
visa,macaroni1,2,1,23,0.7394636015325671
visa,macaroni1,2,1,25,0.5747126436781609
visa,macaroni1,2,1,27,0.5747126436781609
visa,macaroni1,2,1,29,0.5747126436781609
visa,macaroni1,2,1,31,0.3524904214559387
visa,macaroni1,2,1,33,0.3524904214559387
visa,macaroni1,2,2,5,1.0
visa,macaroni1,2,2,7,0.99645390070922
visa,macaroni1,2,2,9,0.953900709219858
visa,macaroni1,2,2,11,0.8498817966903073
visa,macaroni1,2,2,13,0.7257683215130024
visa,macaroni1,2,2,15,0.5774231678486997
visa,macaroni1,2,2,17,0.4473995271867612
visa,macaroni1,2,2,19,0.3717494089834515
visa,macaroni1,2,2,21,0.2919621749408983
visa,macaroni1,2,2,23,0.2919621749408983
visa,macaroni1,2,2,25,0.200354609929078
visa,macaroni1,2,2,27,0.200354609929078
visa,macaroni1,2,2,29,0.200354609929078
visa,macaroni1,2,2,31,0.1016548463356974
visa,macaroni1,2,2,33,0.1016548463356974
visa,macaroni1,4,0,5,1.0
visa,macaroni1,4,0,7,1.0
visa,macaroni1,4,0,9,1.0
visa,macaroni1,4,0,11,0.981132075471698
visa,macaroni1,4,0,13,0.9313893653516296
visa,macaroni1,4,0,15,0.823327615780446
visa,macaroni1,4,0,17,0.6912521440823327
visa,macaroni1,4,0,19,0.6054888507718696
visa,macaroni1,4,0,21,0.5042881646655232
visa,macaroni1,4,0,23,0.5042881646655232
visa,macaroni1,4,0,25,0.3670668953687822
visa,macaroni1,4,0,27,0.3670668953687822
visa,macaroni1,4,0,29,0.3670668953687822
visa,macaroni1,4,0,31,0.2024013722126929
visa,macaroni1,4,0,33,0.2024013722126929
visa,macaroni1,4,1,5,1.0
visa,macaroni1,4,1,7,1.0
visa,macaroni1,4,1,9,0.9962358845671268
visa,macaroni1,4,1,11,0.9623588456712672
visa,macaroni1,4,1,13,0.9021329987452948
visa,macaroni1,4,1,15,0.8105395232120451
visa,macaroni1,4,1,17,0.6875784190715182
visa,macaroni1,4,1,19,0.5997490589711418
visa,macaroni1,4,1,21,0.4880803011292346
visa,macaroni1,4,1,23,0.4880803011292346
visa,macaroni1,4,1,25,0.3513174404015056
visa,macaroni1,4,1,27,0.3513174404015056
visa,macaroni1,4,1,29,0.3513174404015056
visa,macaroni1,4,1,31,0.191969887076537
visa,macaroni1,4,1,33,0.191969887076537
visa,macaroni1,4,2,5,1.0
visa,macaroni1,4,2,7,1.0
visa,macaroni1,4,2,9,1.0
visa,macaroni1,4,2,11,0.9945945945945946
visa,macaroni1,4,2,13,0.9675675675675676
visa,macaroni1,4,2,15,0.8837837837837837
visa,macaroni1,4,2,17,0.7918918918918919
visa,macaroni1,4,2,19,0.7243243243243244
visa,macaroni1,4,2,21,0.6135135135135135
visa,macaroni1,4,2,23,0.6135135135135135
visa,macaroni1,4,2,25,0.4594594594594595
visa,macaroni1,4,2,27,0.4594594594594595
visa,macaroni1,4,2,29,0.4594594594594595
visa,macaroni1,4,2,31,0.2594594594594595
visa,macaroni1,4,2,33,0.2594594594594595
visa,macaroni1,8,0,5,1.0
visa,macaroni1,8,0,7,1.0
visa,macaroni1,8,0,9,1.0
visa,macaroni1,8,0,11,0.979381443298969
visa,macaroni1,8,0,13,0.9020618556701032
visa,macaroni1,8,0,15,0.7749140893470791
visa,macaroni1,8,0,17,0.6615120274914089
visa,macaroni1,8,0,19,0.5859106529209622
visa,macaroni1,8,0,21,0.4845360824742268
visa,macaroni1,8,0,23,0.4845360824742268
visa,macaroni1,8,0,25,0.3505154639175257
visa,macaroni1,8,0,27,0.3505154639175257
visa,macaroni1,8,0,29,0.3505154639175257
visa,macaroni1,8,0,31,0.1924398625429553
visa,macaroni1,8,0,33,0.1924398625429553
visa,macaroni1,8,1,5,1.0
visa,macaroni1,8,1,7,1.0
visa,macaroni1,8,1,9,1.0
visa,macaroni1,8,1,11,0.9904076738609112
visa,macaroni1,8,1,13,0.9520383693045564
visa,macaroni1,8,1,15,0.8657074340527577
visa,macaroni1,8,1,17,0.7458033573141487
visa,macaroni1,8,1,19,0.6642685851318945
visa,macaroni1,8,1,21,0.5635491606714629
visa,macaroni1,8,1,23,0.5635491606714629
visa,macaroni1,8,1,25,0.422062350119904
visa,macaroni1,8,1,27,0.422062350119904
visa,macaroni1,8,1,29,0.422062350119904
visa,macaroni1,8,1,31,0.2470023980815347
visa,macaroni1,8,1,33,0.2470023980815347
visa,macaroni1,8,2,5,1.0
visa,macaroni1,8,2,7,1.0
visa,macaroni1,8,2,9,0.9917695473251028
visa,macaroni1,8,2,11,0.9643347050754458
visa,macaroni1,8,2,13,0.9039780521262004
visa,macaroni1,8,2,15,0.7818930041152263
visa,macaroni1,8,2,17,0.6378600823045267
visa,macaroni1,8,2,19,0.5500685871056241
visa,macaroni1,8,2,21,0.448559670781893
visa,macaroni1,8,2,23,0.448559670781893
visa,macaroni1,8,2,25,0.3182441700960219
visa,macaroni1,8,2,27,0.3182441700960219
visa,macaroni1,8,2,29,0.3182441700960219
visa,macaroni1,8,2,31,0.1700960219478738
visa,macaroni1,8,2,33,0.1700960219478738
visa,macaroni2,1,0,5,1.0
visa,macaroni2,1,0,7,0.9991816693944352
visa,macaroni2,1,0,9,0.9476268412438624
visa,macaroni2,1,0,11,0.8617021276595744
visa,macaroni2,1,0,13,0.7716857610474632
visa,macaroni2,1,0,15,0.6497545008183306
visa,macaroni2,1,0,17,0.5237315875613748
visa,macaroni2,1,0,19,0.4468085106382978
visa,macaroni2,1,0,21,0.3527004909983633
visa,macaroni2,1,0,23,0.3527004909983633
visa,macaroni2,1,0,25,0.2504091653027823
visa,macaroni2,1,0,27,0.2504091653027823
visa,macaroni2,1,0,29,0.2504091653027823
visa,macaroni2,1,0,31,0.132569558101473
visa,macaroni2,1,0,33,0.132569558101473
visa,macaroni2,1,1,5,1.0
visa,macaroni2,1,1,7,1.0
visa,macaroni2,1,1,9,1.0
visa,macaroni2,1,1,11,0.9884057971014492
visa,macaroni2,1,1,13,0.9420289855072465
visa,macaroni2,1,1,15,0.8608695652173913
visa,macaroni2,1,1,17,0.7594202898550725
visa,macaroni2,1,1,19,0.6840579710144927
visa,macaroni2,1,1,21,0.5826086956521739
visa,macaroni2,1,1,23,0.5826086956521739
visa,macaroni2,1,1,25,0.4434782608695652
visa,macaroni2,1,1,27,0.4434782608695652
visa,macaroni2,1,1,29,0.4434782608695652
visa,macaroni2,1,1,31,0.2579710144927536
visa,macaroni2,1,1,33,0.2579710144927536
visa,macaroni2,1,2,5,1.0
visa,macaroni2,1,2,7,1.0
visa,macaroni2,1,2,9,1.0
visa,macaroni2,1,2,11,1.0
visa,macaroni2,1,2,13,1.0
visa,macaroni2,1,2,15,0.9523809523809524
visa,macaroni2,1,2,17,0.9047619047619048
visa,macaroni2,1,2,19,0.8809523809523809
visa,macaroni2,1,2,21,0.8333333333333334
visa,macaroni2,1,2,23,0.8333333333333334
visa,macaroni2,1,2,25,0.6904761904761905
visa,macaroni2,1,2,27,0.6904761904761905
visa,macaroni2,1,2,29,0.6904761904761905
visa,macaroni2,1,2,31,0.4523809523809524
visa,macaroni2,1,2,33,0.4523809523809524
visa,macaroni2,2,0,5,1.0
visa,macaroni2,2,0,7,1.0
visa,macaroni2,2,0,9,1.0
visa,macaroni2,2,0,11,1.0
visa,macaroni2,2,0,13,1.0
visa,macaroni2,2,0,15,0.951417004048583
visa,macaroni2,2,0,17,0.8340080971659919
visa,macaroni2,2,0,19,0.7449392712550608
visa,macaroni2,2,0,21,0.6234817813765182
visa,macaroni2,2,0,23,0.6234817813765182
visa,macaroni2,2,0,25,0.437246963562753
visa,macaroni2,2,0,27,0.437246963562753
visa,macaroni2,2,0,29,0.437246963562753
visa,macaroni2,2,0,31,0.2388663967611336
visa,macaroni2,2,0,33,0.2388663967611336
visa,macaroni2,2,1,5,1.0
visa,macaroni2,2,1,7,1.0
visa,macaroni2,2,1,9,0.9908883826879272
visa,macaroni2,2,1,11,0.9476082004555808
visa,macaroni2,2,1,13,0.8861047835990888
visa,macaroni2,2,1,15,0.7835990888382688
visa,macaroni2,2,1,17,0.6560364464692483
visa,macaroni2,2,1,19,0.5626423690205011
visa,macaroni2,2,1,21,0.4601366742596811
visa,macaroni2,2,1,23,0.4601366742596811
visa,macaroni2,2,1,25,0.337129840546697
visa,macaroni2,2,1,27,0.337129840546697
visa,macaroni2,2,1,29,0.337129840546697
visa,macaroni2,2,1,31,0.1822323462414578
visa,macaroni2,2,1,33,0.1822323462414578
visa,macaroni2,2,2,5,1.0
visa,macaroni2,2,2,7,1.0
visa,macaroni2,2,2,9,0.9957582184517496
visa,macaroni2,2,2,11,0.909862142099682
visa,macaroni2,2,2,13,0.7762460233297985
visa,macaroni2,2,2,15,0.623541887592789
visa,macaroni2,2,2,17,0.4814422057264051
visa,macaroni2,2,2,19,0.4029692470837752
visa,macaroni2,2,2,21,0.3160127253446447
visa,macaroni2,2,2,23,0.3160127253446447
visa,macaroni2,2,2,25,0.2216330858960763
visa,macaroni2,2,2,27,0.2216330858960763
visa,macaroni2,2,2,29,0.2216330858960763
visa,macaroni2,2,2,31,0.1166489925768822
visa,macaroni2,2,2,33,0.1166489925768822
visa,macaroni2,4,0,5,1.0
visa,macaroni2,4,0,7,0.999244142101285
visa,macaroni2,4,0,9,0.9644746787603932
visa,macaroni2,4,0,11,0.873771730914588
visa,macaroni2,4,0,13,0.7755102040816326
visa,macaroni2,4,0,15,0.6341647770219199
visa,macaroni2,4,0,17,0.5056689342403629
visa,macaroni2,4,0,19,0.4255479969765684
visa,macaroni2,4,0,21,0.3333333333333333
visa,macaroni2,4,0,23,0.3333333333333333
visa,macaroni2,4,0,25,0.2282690854119425
visa,macaroni2,4,0,27,0.2282690854119425
visa,macaroni2,4,0,29,0.2282690854119425
visa,macaroni2,4,0,31,0.1156462585034013
visa,macaroni2,4,0,33,0.1156462585034013
visa,macaroni2,4,1,5,1.0
visa,macaroni2,4,1,7,1.0
visa,macaroni2,4,1,9,1.0
visa,macaroni2,4,1,11,0.9642248722316864
visa,macaroni2,4,1,13,0.8960817717206133
visa,macaroni2,4,1,15,0.7904599659284497
visa,macaroni2,4,1,17,0.6626916524701874
visa,macaroni2,4,1,19,0.5741056218057922
visa,macaroni2,4,1,21,0.4599659284497445
visa,macaroni2,4,1,23,0.4599659284497445
visa,macaroni2,4,1,25,0.3253833049403747
visa,macaroni2,4,1,27,0.3253833049403747
visa,macaroni2,4,1,29,0.3253833049403747
visa,macaroni2,4,1,31,0.1703577512776831
visa,macaroni2,4,1,33,0.1703577512776831
visa,macaroni2,4,2,5,1.0
visa,macaroni2,4,2,7,1.0
visa,macaroni2,4,2,9,1.0
visa,macaroni2,4,2,11,1.0
visa,macaroni2,4,2,13,0.9840764331210192
visa,macaroni2,4,2,15,0.926751592356688
visa,macaroni2,4,2,17,0.8312101910828026
visa,macaroni2,4,2,19,0.7515923566878981
visa,macaroni2,4,2,21,0.6464968152866242
visa,macaroni2,4,2,23,0.6464968152866242
visa,macaroni2,4,2,25,0.4808917197452229
visa,macaroni2,4,2,27,0.4808917197452229
visa,macaroni2,4,2,29,0.4808917197452229
visa,macaroni2,4,2,31,0.2611464968152866
visa,macaroni2,4,2,33,0.2611464968152866
visa,macaroni2,8,0,5,1.0
visa,macaroni2,8,0,7,0.983084577114428
visa,macaroni2,8,0,9,0.9164179104477612
visa,macaroni2,8,0,11,0.8199004975124378
visa,macaroni2,8,0,13,0.7213930348258707
visa,macaroni2,8,0,15,0.5970149253731343
visa,macaroni2,8,0,17,0.4766169154228856
visa,macaroni2,8,0,19,0.4019900497512438
visa,macaroni2,8,0,21,0.3174129353233831
visa,macaroni2,8,0,23,0.3174129353233831
visa,macaroni2,8,0,25,0.2208955223880597
visa,macaroni2,8,0,27,0.2208955223880597
visa,macaroni2,8,0,29,0.2208955223880597
visa,macaroni2,8,0,31,0.1164179104477611
visa,macaroni2,8,0,33,0.1164179104477611
visa,macaroni2,8,1,5,1.0
visa,macaroni2,8,1,7,1.0
visa,macaroni2,8,1,9,0.9713774597495528
visa,macaroni2,8,1,11,0.924865831842576
visa,macaroni2,8,1,13,0.855098389982111
visa,macaroni2,8,1,15,0.7656529516994633
visa,macaroni2,8,1,17,0.6601073345259392
visa,macaroni2,8,1,19,0.5813953488372093
visa,macaroni2,8,1,21,0.4830053667262969
visa,macaroni2,8,1,23,0.4830053667262969
visa,macaroni2,8,1,25,0.3488372093023256
visa,macaroni2,8,1,27,0.3488372093023256
visa,macaroni2,8,1,29,0.3488372093023256
visa,macaroni2,8,1,31,0.1878354203935599
visa,macaroni2,8,1,33,0.1878354203935599
visa,macaroni2,8,2,5,1.0
visa,macaroni2,8,2,7,0.9749687108886108
visa,macaroni2,8,2,9,0.921151439299124
visa,macaroni2,8,2,11,0.8498122653316645
visa,macaroni2,8,2,13,0.7484355444305382
visa,macaroni2,8,2,15,0.6345431789737171
visa,macaroni2,8,2,17,0.5244055068836045
visa,macaroni2,8,2,19,0.458072590738423
visa,macaroni2,8,2,21,0.3742177722152691
visa,macaroni2,8,2,23,0.3742177722152691
visa,macaroni2,8,2,25,0.2690863579474343
visa,macaroni2,8,2,27,0.2690863579474343
visa,macaroni2,8,2,29,0.2690863579474343
visa,macaroni2,8,2,31,0.146433041301627
visa,macaroni2,8,2,33,0.146433041301627
visa,pcb1,1,0,5,1.0
visa,pcb1,1,0,7,1.0
visa,pcb1,1,0,9,1.0
visa,pcb1,1,0,11,0.9952380952380953
visa,pcb1,1,0,13,0.9523809523809524
visa,pcb1,1,0,15,0.8428571428571429
visa,pcb1,1,0,17,0.7619047619047619
visa,pcb1,1,0,19,0.6523809523809524
visa,pcb1,1,0,21,0.5238095238095238
visa,pcb1,1,0,23,0.3666666666666666
visa,pcb1,1,0,25,0.3666666666666666
visa,pcb1,1,0,27,0.3666666666666666
visa,pcb1,1,0,29,0.1952380952380952
visa,pcb1,1,0,31,0.1952380952380952
visa,pcb1,1,0,33,0.1952380952380952
visa,pcb1,1,1,5,0.9854771784232366
visa,pcb1,1,1,7,0.925311203319502
visa,pcb1,1,1,9,0.8734439834024896
visa,pcb1,1,1,11,0.8029045643153527
visa,pcb1,1,1,13,0.6950207468879668
visa,pcb1,1,1,15,0.5912863070539419
visa,pcb1,1,1,17,0.524896265560166
visa,pcb1,1,1,19,0.4439834024896265
visa,pcb1,1,1,21,0.3526970954356846
visa,pcb1,1,1,23,0.2427385892116182
visa,pcb1,1,1,25,0.2427385892116182
visa,pcb1,1,1,27,0.2427385892116182
visa,pcb1,1,1,29,0.1265560165975103
visa,pcb1,1,1,31,0.1265560165975103
visa,pcb1,1,1,33,0.1265560165975103
visa,pcb1,1,2,5,1.0
visa,pcb1,1,2,7,0.9850746268656716
visa,pcb1,1,2,9,0.9402985074626866
visa,pcb1,1,2,11,0.8507462686567164
visa,pcb1,1,2,13,0.753731343283582
visa,pcb1,1,2,15,0.6716417910447762
visa,pcb1,1,2,17,0.6119402985074627
visa,pcb1,1,2,19,0.5373134328358209
visa,pcb1,1,2,21,0.4328358208955223
visa,pcb1,1,2,23,0.3097014925373134
visa,pcb1,1,2,25,0.3097014925373134
visa,pcb1,1,2,27,0.3097014925373134
visa,pcb1,1,2,29,0.1641791044776119
visa,pcb1,1,2,31,0.1641791044776119
visa,pcb1,1,2,33,0.1641791044776119
visa,pcb1,2,0,5,0.9972577696526508
visa,pcb1,2,0,7,0.9414990859232176
visa,pcb1,2,0,9,0.8912248628884827
visa,pcb1,2,0,11,0.8162705667276051
visa,pcb1,2,0,13,0.6846435100548446
visa,pcb1,2,0,15,0.5804387568555759
visa,pcb1,2,0,17,0.5127970749542962
visa,pcb1,2,0,19,0.4341864716636197
visa,pcb1,2,0,21,0.3473491773308958
visa,pcb1,2,0,23,0.2495429616087751
visa,pcb1,2,0,25,0.2495429616087751
visa,pcb1,2,0,27,0.2495429616087751
visa,pcb1,2,0,29,0.1352833638025594
visa,pcb1,2,0,31,0.1352833638025594
visa,pcb1,2,0,33,0.1352833638025594
visa,pcb1,2,1,5,1.0
visa,pcb1,2,1,7,1.0
visa,pcb1,2,1,9,1.0
visa,pcb1,2,1,11,1.0
visa,pcb1,2,1,13,1.0
visa,pcb1,2,1,15,0.8974358974358975
visa,pcb1,2,1,17,0.8205128205128205
visa,pcb1,2,1,19,0.7435897435897436
visa,pcb1,2,1,21,0.6410256410256411
visa,pcb1,2,1,23,0.4871794871794871
visa,pcb1,2,1,25,0.4871794871794871
visa,pcb1,2,1,27,0.4871794871794871
visa,pcb1,2,1,29,0.2564102564102564
visa,pcb1,2,1,31,0.2564102564102564
visa,pcb1,2,1,33,0.2564102564102564
visa,pcb1,2,2,5,1.0
visa,pcb1,2,2,7,1.0
visa,pcb1,2,2,9,1.0
visa,pcb1,2,2,11,1.0
visa,pcb1,2,2,13,1.0
visa,pcb1,2,2,15,1.0
visa,pcb1,2,2,17,1.0
visa,pcb1,2,2,19,1.0
visa,pcb1,2,2,21,1.0
visa,pcb1,2,2,23,1.0
visa,pcb1,2,2,25,1.0
visa,pcb1,2,2,27,1.0
visa,pcb1,2,2,29,0.6666666666666666
visa,pcb1,2,2,31,0.6666666666666666
visa,pcb1,2,2,33,0.6666666666666666
visa,pcb1,4,0,5,0.0
visa,pcb1,4,0,7,0.0
visa,pcb1,4,0,9,0.0
visa,pcb1,4,0,11,0.0
visa,pcb1,4,0,13,0.0
visa,pcb1,4,0,15,0.0
visa,pcb1,4,0,17,0.0
visa,pcb1,4,0,19,0.0
visa,pcb1,4,0,21,0.0
visa,pcb1,4,0,23,0.0
visa,pcb1,4,0,25,0.0
visa,pcb1,4,0,27,0.0
visa,pcb1,4,0,29,0.0
visa,pcb1,4,0,31,0.0
visa,pcb1,4,0,33,0.0
visa,pcb1,4,1,5,1.0
visa,pcb1,4,1,7,0.9319938176197836
visa,pcb1,4,1,9,0.8686244204018547
visa,pcb1,4,1,11,0.8238021638330757
visa,pcb1,4,1,13,0.740340030911901
visa,pcb1,4,1,15,0.652241112828439
visa,pcb1,4,1,17,0.5904173106646059
visa,pcb1,4,1,19,0.5193199381761978
visa,pcb1,4,1,21,0.4265842349304482
visa,pcb1,4,1,23,0.3106646058732612
visa,pcb1,4,1,25,0.3106646058732612
visa,pcb1,4,1,27,0.3106646058732612
visa,pcb1,4,1,29,0.1715610510046367
visa,pcb1,4,1,31,0.1715610510046367
visa,pcb1,4,1,33,0.1715610510046367
visa,pcb1,4,2,5,1.0
visa,pcb1,4,2,7,1.0
visa,pcb1,4,2,9,1.0
visa,pcb1,4,2,11,1.0
visa,pcb1,4,2,13,0.9583333333333334
visa,pcb1,4,2,15,0.875
visa,pcb1,4,2,17,0.7916666666666666
visa,pcb1,4,2,19,0.7083333333333334
visa,pcb1,4,2,21,0.625
visa,pcb1,4,2,23,0.5
visa,pcb1,4,2,25,0.5
visa,pcb1,4,2,27,0.5
visa,pcb1,4,2,29,0.2916666666666667
visa,pcb1,4,2,31,0.2916666666666667
visa,pcb1,4,2,33,0.2916666666666667
visa,pcb1,8,0,5,0.9758620689655172
visa,pcb1,8,0,7,0.85
visa,pcb1,8,0,9,0.6948275862068966
visa,pcb1,8,0,11,0.5896551724137931
visa,pcb1,8,0,13,0.503448275862069
visa,pcb1,8,0,15,0.443103448275862
visa,pcb1,8,0,17,0.4051724137931034
visa,pcb1,8,0,19,0.3586206896551724
visa,pcb1,8,0,21,0.296551724137931
visa,pcb1,8,0,23,0.2172413793103448
visa,pcb1,8,0,25,0.2172413793103448
visa,pcb1,8,0,27,0.2172413793103448
visa,pcb1,8,0,29,0.1172413793103448
visa,pcb1,8,0,31,0.1172413793103448
visa,pcb1,8,0,33,0.1172413793103448
visa,pcb1,8,1,5,0.9814814814814816
visa,pcb1,8,1,7,0.8922558922558923
visa,pcb1,8,1,9,0.8013468013468014
visa,pcb1,8,1,11,0.7154882154882155
visa,pcb1,8,1,13,0.6245791245791246
visa,pcb1,8,1,15,0.531986531986532
visa,pcb1,8,1,17,0.4764309764309764
visa,pcb1,8,1,19,0.4141414141414141
visa,pcb1,8,1,21,0.3383838383838384
visa,pcb1,8,1,23,0.2424242424242424
visa,pcb1,8,1,25,0.2424242424242424
visa,pcb1,8,1,27,0.2424242424242424
visa,pcb1,8,1,29,0.132996632996633
visa,pcb1,8,1,31,0.132996632996633
visa,pcb1,8,1,33,0.132996632996633
visa,pcb1,8,2,5,0.9543509272467904
visa,pcb1,8,2,7,0.8388017118402282
visa,pcb1,8,2,9,0.7161198288159771
visa,pcb1,8,2,11,0.6319543509272468
visa,pcb1,8,2,13,0.5392296718972895
visa,pcb1,8,2,15,0.4650499286733238
visa,pcb1,8,2,17,0.4136947218259629
visa,pcb1,8,2,19,0.3580599144079885
visa,pcb1,8,2,21,0.2924393723252496
visa,pcb1,8,2,23,0.2111269614835948
visa,pcb1,8,2,25,0.2111269614835948
visa,pcb1,8,2,27,0.2111269614835948
visa,pcb1,8,2,29,0.1141226818830242
visa,pcb1,8,2,31,0.1141226818830242
visa,pcb1,8,2,33,0.1141226818830242
visa,pcb2,1,0,5,0.9687189672293942
visa,pcb2,1,0,7,0.897219463753724
visa,pcb2,1,0,9,0.8182720953326713
visa,pcb2,1,0,11,0.7000993048659384
visa,pcb2,1,0,13,0.548162859980139
visa,pcb2,1,0,15,0.4458788480635551
visa,pcb2,1,0,17,0.3853028798411122
visa,pcb2,1,0,19,0.3192651439920556
visa,pcb2,1,0,21,0.2472691161866931
visa,pcb2,1,0,23,0.1693147964250248
visa,pcb2,1,0,25,0.1693147964250248
visa,pcb2,1,0,27,0.1693147964250248
visa,pcb2,1,0,29,0.0868917576961271
visa,pcb2,1,0,31,0.0868917576961271
visa,pcb2,1,0,33,0.0868917576961271
visa,pcb2,1,1,5,1.0
visa,pcb2,1,1,7,0.9545454545454546
visa,pcb2,1,1,9,0.8900949796472184
visa,pcb2,1,1,11,0.7917232021709634
visa,pcb2,1,1,13,0.66078697421981
visa,pcb2,1,1,15,0.5610583446404342
visa,pcb2,1,1,17,0.4979647218453188
visa,pcb2,1,1,19,0.4226594301221167
visa,pcb2,1,1,21,0.3331071913161465
visa,pcb2,1,1,23,0.2320217096336499
visa,pcb2,1,1,25,0.2320217096336499
visa,pcb2,1,1,27,0.2320217096336499
visa,pcb2,1,1,29,0.1200814111261872
visa,pcb2,1,1,31,0.1200814111261872
visa,pcb2,1,1,33,0.1200814111261872
visa,pcb2,1,2,5,0.9079195474544312
visa,pcb2,1,2,7,0.8211816467630421
visa,pcb2,1,2,9,0.6759899434318039
visa,pcb2,1,2,11,0.5364550597108737
visa,pcb2,1,2,13,0.3956631049654305
visa,pcb2,1,2,15,0.305468258956631
visa,pcb2,1,2,17,0.2564424890006285
visa,pcb2,1,2,19,0.2064739157762413
visa,pcb2,1,2,21,0.1558768070395977
visa,pcb2,1,2,23,0.1040226272784412
visa,pcb2,1,2,25,0.1040226272784412
visa,pcb2,1,2,27,0.1040226272784412
visa,pcb2,1,2,29,0.0521684475172847
visa,pcb2,1,2,31,0.0521684475172847
visa,pcb2,1,2,33,0.0521684475172847
visa,pcb2,2,0,5,1.0
visa,pcb2,2,0,7,0.9903567984570878
visa,pcb2,2,0,9,0.9247830279652844
visa,pcb2,2,0,11,0.8254580520732884
visa,pcb2,2,0,13,0.6972034715525555
visa,pcb2,2,0,15,0.5940212150433944
visa,pcb2,2,0,17,0.5255544840887174
visa,pcb2,2,0,19,0.446480231436837
visa,pcb2,2,0,21,0.3625843780135004
visa,pcb2,2,0,23,0.2613307618129218
visa,pcb2,2,0,25,0.2613307618129218
visa,pcb2,2,0,27,0.2613307618129218
visa,pcb2,2,0,29,0.1359691417550627
visa,pcb2,2,0,31,0.1359691417550627
visa,pcb2,2,0,33,0.1359691417550627
visa,pcb2,2,1,5,1.0
visa,pcb2,2,1,7,0.9961977186311788
visa,pcb2,2,1,9,0.9670468948035488
visa,pcb2,2,1,11,0.9239543726235742
visa,pcb2,2,1,13,0.8377693282636248
visa,pcb2,2,1,15,0.7338403041825095
visa,pcb2,2,1,17,0.6666666666666666
visa,pcb2,2,1,19,0.5830164765525983
visa,pcb2,2,1,21,0.4803548795944233
visa,pcb2,2,1,23,0.3422053231939163
visa,pcb2,2,1,25,0.3422053231939163
visa,pcb2,2,1,27,0.3422053231939163
visa,pcb2,2,1,29,0.1901140684410646
visa,pcb2,2,1,31,0.1901140684410646
visa,pcb2,2,1,33,0.1901140684410646
visa,pcb2,2,2,5,1.0
visa,pcb2,2,2,7,1.0
visa,pcb2,2,2,9,0.981203007518797
visa,pcb2,2,2,11,0.9448621553884712
visa,pcb2,2,2,13,0.843358395989975
visa,pcb2,2,2,15,0.7355889724310777
visa,pcb2,2,2,17,0.6666666666666666
visa,pcb2,2,2,19,0.581453634085213
visa,pcb2,2,2,21,0.474937343358396
visa,pcb2,2,2,23,0.3421052631578947
visa,pcb2,2,2,25,0.3421052631578947
visa,pcb2,2,2,27,0.3421052631578947
visa,pcb2,2,2,29,0.1829573934837092
visa,pcb2,2,2,31,0.1829573934837092
visa,pcb2,2,2,33,0.1829573934837092
visa,pcb2,4,0,5,1.0
visa,pcb2,4,0,7,1.0
visa,pcb2,4,0,9,0.9838012958963284
visa,pcb2,4,0,11,0.9190064794816416
visa,pcb2,4,0,13,0.796976241900648
visa,pcb2,4,0,15,0.6825053995680346
visa,pcb2,4,0,17,0.6079913606911447
visa,pcb2,4,0,19,0.5237580993520519
visa,pcb2,4,0,21,0.4254859611231101
visa,pcb2,4,0,23,0.3034557235421166
visa,pcb2,4,0,25,0.3034557235421166
visa,pcb2,4,0,27,0.3034557235421166
visa,pcb2,4,0,29,0.1684665226781857
visa,pcb2,4,0,31,0.1684665226781857
visa,pcb2,4,0,33,0.1684665226781857
visa,pcb2,4,1,5,1.0
visa,pcb2,4,1,7,0.9577114427860696
visa,pcb2,4,1,9,0.845771144278607
visa,pcb2,4,1,11,0.7661691542288557
visa,pcb2,4,1,13,0.681592039800995
visa,pcb2,4,1,15,0.6044776119402985
visa,pcb2,4,1,17,0.554726368159204
visa,pcb2,4,1,19,0.4975124378109453
visa,pcb2,4,1,21,0.4253731343283582
visa,pcb2,4,1,23,0.3059701492537313
visa,pcb2,4,1,25,0.3059701492537313
visa,pcb2,4,1,27,0.3059701492537313
visa,pcb2,4,1,29,0.1641791044776119
visa,pcb2,4,1,31,0.1641791044776119
visa,pcb2,4,1,33,0.1641791044776119
visa,pcb2,4,2,5,1.0
visa,pcb2,4,2,7,0.944578313253012
visa,pcb2,4,2,9,0.863855421686747
visa,pcb2,4,2,11,0.7855421686746988
visa,pcb2,4,2,13,0.6710843373493975
visa,pcb2,4,2,15,0.5759036144578313
visa,pcb2,4,2,17,0.5108433734939759
visa,pcb2,4,2,19,0.4385542168674698
visa,pcb2,4,2,21,0.3518072289156626
visa,pcb2,4,2,23,0.2469879518072289
visa,pcb2,4,2,25,0.2469879518072289
visa,pcb2,4,2,27,0.2469879518072289
visa,pcb2,4,2,29,0.1301204819277108
visa,pcb2,4,2,31,0.1301204819277108
visa,pcb2,4,2,33,0.1301204819277108
visa,pcb2,8,0,5,1.0
visa,pcb2,8,0,7,1.0
visa,pcb2,8,0,9,0.9676767676767676
visa,pcb2,8,0,11,0.9111111111111112
visa,pcb2,8,0,13,0.8080808080808081
visa,pcb2,8,0,15,0.7090909090909091
visa,pcb2,8,0,17,0.6444444444444445
visa,pcb2,8,0,19,0.5676767676767677
visa,pcb2,8,0,21,0.4808080808080808
visa,pcb2,8,0,23,0.3515151515151515
visa,pcb2,8,0,25,0.3515151515151515
visa,pcb2,8,0,27,0.3515151515151515
visa,pcb2,8,0,29,0.1939393939393939
visa,pcb2,8,0,31,0.1939393939393939
visa,pcb2,8,0,33,0.1939393939393939
visa,pcb2,8,1,5,1.0
visa,pcb2,8,1,7,0.9329896907216496
visa,pcb2,8,1,9,0.8466494845360825
visa,pcb2,8,1,11,0.7744845360824743
visa,pcb2,8,1,13,0.6688144329896907
visa,pcb2,8,1,15,0.5811855670103093
visa,pcb2,8,1,17,0.5244845360824743
visa,pcb2,8,1,19,0.4587628865979381
visa,pcb2,8,1,21,0.3724226804123711
visa,pcb2,8,1,23,0.2603092783505155
visa,pcb2,8,1,25,0.2603092783505155
visa,pcb2,8,1,27,0.2603092783505155
visa,pcb2,8,1,29,0.1391752577319587
visa,pcb2,8,1,31,0.1391752577319587
visa,pcb2,8,1,33,0.1391752577319587
visa,pcb2,8,2,5,1.0
visa,pcb2,8,2,7,0.9696048632218844
visa,pcb2,8,2,9,0.8951367781155015
visa,pcb2,8,2,11,0.8282674772036475
visa,pcb2,8,2,13,0.7340425531914894
visa,pcb2,8,2,15,0.6443768996960486
visa,pcb2,8,2,17,0.5881458966565349
visa,pcb2,8,2,19,0.5197568389057751
visa,pcb2,8,2,21,0.4300911854103343
visa,pcb2,8,2,23,0.3024316109422492
visa,pcb2,8,2,25,0.3024316109422492
visa,pcb2,8,2,27,0.3024316109422492
visa,pcb2,8,2,29,0.1610942249240121
visa,pcb2,8,2,31,0.1610942249240121
visa,pcb2,8,2,33,0.1610942249240121
visa,pcb3,1,0,5,1.0
visa,pcb3,1,0,7,1.0
visa,pcb3,1,0,9,0.9553903345724908
visa,pcb3,1,0,11,0.8401486988847584
visa,pcb3,1,0,13,0.7509293680297398
visa,pcb3,1,0,15,0.6617100371747212
visa,pcb3,1,0,17,0.5836431226765799
visa,pcb3,1,0,19,0.5315985130111525
visa,pcb3,1,0,21,0.4684014869888476
visa,pcb3,1,0,23,0.3866171003717472
visa,pcb3,1,0,25,0.2862453531598513
visa,pcb3,1,0,27,0.2862453531598513
visa,pcb3,1,0,29,0.2862453531598513
visa,pcb3,1,0,31,0.1672862453531598
visa,pcb3,1,0,33,0.1672862453531598
visa,pcb3,1,1,5,1.0
visa,pcb3,1,1,7,0.9585253456221198
visa,pcb3,1,1,9,0.8663594470046083
visa,pcb3,1,1,11,0.7711213517665131
visa,pcb3,1,1,13,0.695852534562212
visa,pcb3,1,1,15,0.5990783410138248
visa,pcb3,1,1,17,0.500768049155146
visa,pcb3,1,1,19,0.4423963133640553
visa,pcb3,1,1,21,0.3701996927803379
visa,pcb3,1,1,23,0.2918586789554531
visa,pcb3,1,1,25,0.1996927803379416
visa,pcb3,1,1,27,0.1996927803379416
visa,pcb3,1,1,29,0.1996927803379416
visa,pcb3,1,1,31,0.1059907834101382
visa,pcb3,1,1,33,0.1059907834101382
visa,pcb3,1,2,5,1.0
visa,pcb3,1,2,7,1.0
visa,pcb3,1,2,9,0.9069767441860463
visa,pcb3,1,2,11,0.813953488372093
visa,pcb3,1,2,13,0.752906976744186
visa,pcb3,1,2,15,0.6715116279069767
visa,pcb3,1,2,17,0.6133720930232558
visa,pcb3,1,2,19,0.5726744186046512
visa,pcb3,1,2,21,0.5261627906976745
visa,pcb3,1,2,23,0.4563953488372093
visa,pcb3,1,2,25,0.3517441860465116
visa,pcb3,1,2,27,0.3517441860465116
visa,pcb3,1,2,29,0.3517441860465116
visa,pcb3,1,2,31,0.2063953488372093
visa,pcb3,1,2,33,0.2063953488372093
visa,pcb3,2,0,5,0.9660876757650952
visa,pcb3,2,0,7,0.8643507030603805
visa,pcb3,2,0,9,0.7766749379652605
visa,pcb3,2,0,11,0.6799007444168734
visa,pcb3,2,0,13,0.6170388751033913
visa,pcb3,2,0,15,0.5401157981803143
visa,pcb3,2,0,17,0.4631927212572373
visa,pcb3,2,0,19,0.4160463192721257
visa,pcb3,2,0,21,0.3598014888337469
visa,pcb3,2,0,23,0.2903225806451613
visa,pcb3,2,0,25,0.2067824648469809
visa,pcb3,2,0,27,0.2067824648469809
visa,pcb3,2,0,29,0.2067824648469809
visa,pcb3,2,0,31,0.1116625310173697
visa,pcb3,2,0,33,0.1116625310173697
visa,pcb3,2,1,5,0.9803220035778176
visa,pcb3,2,1,7,0.8747763864042933
visa,pcb3,2,1,9,0.7719141323792487
visa,pcb3,2,1,11,0.6878354203935599
visa,pcb3,2,1,13,0.6225402504472272
visa,pcb3,2,1,15,0.5411449016100179
visa,pcb3,2,1,17,0.462432915921288
visa,pcb3,2,1,19,0.4096601073345259
visa,pcb3,2,1,21,0.3488372093023256
visa,pcb3,2,1,23,0.2826475849731664
visa,pcb3,2,1,25,0.201252236135957
visa,pcb3,2,1,27,0.201252236135957
visa,pcb3,2,1,29,0.201252236135957
visa,pcb3,2,1,31,0.1064400715563506
visa,pcb3,2,1,33,0.1064400715563506
visa,pcb3,2,2,5,1.0
visa,pcb3,2,2,7,0.9621301775147928
visa,pcb3,2,2,9,0.8863905325443787
visa,pcb3,2,2,11,0.8035502958579882
visa,pcb3,2,2,13,0.749112426035503
visa,pcb3,2,2,15,0.6828402366863905
visa,pcb3,2,2,17,0.6106508875739645
visa,pcb3,2,2,19,0.5562130177514792
visa,pcb3,2,2,21,0.4899408284023668
visa,pcb3,2,2,23,0.4
visa,pcb3,2,2,25,0.2911242603550296
visa,pcb3,2,2,27,0.2911242603550296
visa,pcb3,2,2,29,0.2911242603550296
visa,pcb3,2,2,31,0.1585798816568047
visa,pcb3,2,2,33,0.1585798816568047
visa,pcb3,4,0,5,0.9955654101995566
visa,pcb3,4,0,7,0.9124168514412416
visa,pcb3,4,0,9,0.8259423503325942
visa,pcb3,4,0,11,0.7317073170731707
visa,pcb3,4,0,13,0.6651884700665188
visa,pcb3,4,0,15,0.5942350332594235
visa,pcb3,4,0,17,0.5232815964523282
visa,pcb3,4,0,19,0.4767184035476718
visa,pcb3,4,0,21,0.4190687361419069
visa,pcb3,4,0,23,0.3503325942350332
visa,pcb3,4,0,25,0.2560975609756097
visa,pcb3,4,0,27,0.2560975609756097
visa,pcb3,4,0,29,0.2560975609756097
visa,pcb3,4,0,31,0.1396895787139689
visa,pcb3,4,0,33,0.1396895787139689
visa,pcb3,4,1,5,0.8388447048974467
visa,pcb3,4,1,7,0.7358727501046463
visa,pcb3,4,1,9,0.6555043951444118
visa,pcb3,4,1,11,0.5722059439095856
visa,pcb3,4,1,13,0.4976977814985349
visa,pcb3,4,1,15,0.416910841356216
visa,pcb3,4,1,17,0.3411469233989117
visa,pcb3,4,1,19,0.2959397237337798
visa,pcb3,4,1,21,0.2452909167015487
visa,pcb3,4,1,23,0.189619087484303
visa,pcb3,4,1,25,0.1305985768103809
visa,pcb3,4,1,27,0.1305985768103809
visa,pcb3,4,1,29,0.1305985768103809
visa,pcb3,4,1,31,0.0669736291335286
visa,pcb3,4,1,33,0.0669736291335286
visa,pcb3,4,2,5,0.8188622754491018
visa,pcb3,4,2,7,0.7327844311377245
visa,pcb3,4,2,9,0.6504491017964071
visa,pcb3,4,2,11,0.5729790419161677
visa,pcb3,4,2,13,0.4962574850299401
visa,pcb3,4,2,15,0.406062874251497
visa,pcb3,4,2,17,0.3274700598802395
visa,pcb3,4,2,19,0.2821856287425149
visa,pcb3,4,2,21,0.2335329341317365
visa,pcb3,4,2,23,0.1803892215568862
visa,pcb3,4,2,25,0.124625748502994
visa,pcb3,4,2,27,0.124625748502994
visa,pcb3,4,2,29,0.124625748502994
visa,pcb3,4,2,31,0.0636227544910179
visa,pcb3,4,2,33,0.0636227544910179
visa,pcb3,8,0,5,0.961199294532628
visa,pcb3,8,0,7,0.8518518518518519
visa,pcb3,8,0,9,0.7416225749559083
visa,pcb3,8,0,11,0.6455026455026455
visa,pcb3,8,0,13,0.5767195767195767
visa,pcb3,8,0,15,0.5070546737213404
visa,pcb3,8,0,17,0.437389770723104
visa,pcb3,8,0,19,0.3862433862433862
visa,pcb3,8,0,21,0.3306878306878307
visa,pcb3,8,0,23,0.2663139329805996
visa,pcb3,8,0,25,0.1887125220458553
visa,pcb3,8,0,27,0.1887125220458553
visa,pcb3,8,0,29,0.1887125220458553
visa,pcb3,8,0,31,0.0978835978835978
visa,pcb3,8,0,33,0.0978835978835978
visa,pcb3,8,1,5,0.9563829787234044
visa,pcb3,8,1,7,0.8223404255319149
visa,pcb3,8,1,9,0.7021276595744681
visa,pcb3,8,1,11,0.6127659574468085
visa,pcb3,8,1,13,0.5553191489361702
visa,pcb3,8,1,15,0.4978723404255319
visa,pcb3,8,1,17,0.4393617021276595
visa,pcb3,8,1,19,0.3957446808510638
visa,pcb3,8,1,21,0.3446808510638298
visa,pcb3,8,1,23,0.2872340425531915
visa,pcb3,8,1,25,0.2106382978723404
visa,pcb3,8,1,27,0.2106382978723404
visa,pcb3,8,1,29,0.2106382978723404
visa,pcb3,8,1,31,0.1117021276595744
visa,pcb3,8,1,33,0.1117021276595744
visa,pcb3,8,2,5,0.9747340425531916
visa,pcb3,8,2,7,0.8430851063829787
visa,pcb3,8,2,9,0.726063829787234
visa,pcb3,8,2,11,0.6356382978723404
visa,pcb3,8,2,13,0.5797872340425532
visa,pcb3,8,2,15,0.5093085106382979
visa,pcb3,8,2,17,0.4414893617021276
visa,pcb3,8,2,19,0.4055851063829787
visa,pcb3,8,2,21,0.3643617021276595
visa,pcb3,8,2,23,0.3138297872340425
visa,pcb3,8,2,25,0.2340425531914893
visa,pcb3,8,2,27,0.2340425531914893
visa,pcb3,8,2,29,0.2340425531914893
visa,pcb3,8,2,31,0.1329787234042553
visa,pcb3,8,2,33,0.1329787234042553
visa,pcb4,1,0,5,1.0
visa,pcb4,1,0,7,0.9992732558139537
visa,pcb4,1,0,9,0.9593023255813954
visa,pcb4,1,0,11,0.8619186046511628
visa,pcb4,1,0,13,0.7405523255813954
visa,pcb4,1,0,15,0.625
visa,pcb4,1,0,17,0.4658430232558139
visa,pcb4,1,0,19,0.3699127906976744
visa,pcb4,1,0,21,0.3699127906976744
visa,pcb4,1,0,23,0.2601744186046512
visa,pcb4,1,0,25,0.2601744186046512
visa,pcb4,1,0,27,0.1373546511627907
visa,pcb4,1,0,29,0.1373546511627907
visa,pcb4,1,0,31,0.1373546511627907
visa,pcb4,1,0,33,0.1373546511627907
visa,pcb4,1,1,5,0.9602649006622516
visa,pcb4,1,1,7,0.6973120373977405
visa,pcb4,1,1,9,0.481495909622127
visa,pcb4,1,1,11,0.3385274639657187
visa,pcb4,1,1,13,0.2561355668095053
visa,pcb4,1,1,15,0.1955590183093104
visa,pcb4,1,1,17,0.1322555512271133
visa,pcb4,1,1,19,0.1003116478379431
visa,pcb4,1,1,21,0.1003116478379431
visa,pcb4,1,1,23,0.0670042851577717
visa,pcb4,1,1,25,0.0670042851577717
visa,pcb4,1,1,27,0.0335021425788858
visa,pcb4,1,1,29,0.0335021425788858
visa,pcb4,1,1,31,0.0335021425788858
visa,pcb4,1,1,33,0.0335021425788858
visa,pcb4,1,2,5,0.9929101958136396
visa,pcb4,1,2,7,0.8568534773801485
visa,pcb4,1,2,9,0.6465226198514518
visa,pcb4,1,2,11,0.4824442943956786
visa,pcb4,1,2,13,0.3733963538149898
visa,pcb4,1,2,15,0.287981093855503
visa,pcb4,1,2,17,0.1975016880486158
visa,pcb4,1,2,19,0.150573936529372
visa,pcb4,1,2,21,0.150573936529372
visa,pcb4,1,2,23,0.100945307224848
visa,pcb4,1,2,25,0.100945307224848
visa,pcb4,1,2,27,0.050979068197164
visa,pcb4,1,2,29,0.050979068197164
visa,pcb4,1,2,31,0.050979068197164
visa,pcb4,1,2,33,0.050979068197164
visa,pcb4,2,0,5,1.0
visa,pcb4,2,0,7,1.0
visa,pcb4,2,0,9,1.0
visa,pcb4,2,0,11,1.0
visa,pcb4,2,0,13,0.9803921568627452
visa,pcb4,2,0,15,0.9411764705882352
visa,pcb4,2,0,17,0.8627450980392157
visa,pcb4,2,0,19,0.8235294117647058
visa,pcb4,2,0,21,0.8235294117647058
visa,pcb4,2,0,23,0.7058823529411765
visa,pcb4,2,0,25,0.7058823529411765
visa,pcb4,2,0,27,0.4313725490196078
visa,pcb4,2,0,29,0.4313725490196078
visa,pcb4,2,0,31,0.4313725490196078
visa,pcb4,2,0,33,0.4313725490196078
visa,pcb4,2,1,5,1.0
visa,pcb4,2,1,7,1.0
visa,pcb4,2,1,9,1.0
visa,pcb4,2,1,11,0.9879518072289156
visa,pcb4,2,1,13,0.9698795180722892
visa,pcb4,2,1,15,0.9397590361445785
visa,pcb4,2,1,17,0.8554216867469879
visa,pcb4,2,1,19,0.7891566265060241
visa,pcb4,2,1,21,0.7891566265060241
visa,pcb4,2,1,23,0.6746987951807228
visa,pcb4,2,1,25,0.6746987951807228
visa,pcb4,2,1,27,0.4337349397590361
visa,pcb4,2,1,29,0.4337349397590361
visa,pcb4,2,1,31,0.4337349397590361
visa,pcb4,2,1,33,0.4337349397590361
visa,pcb4,2,2,5,1.0
visa,pcb4,2,2,7,0.978021978021978
visa,pcb4,2,2,9,0.8887362637362637
visa,pcb4,2,2,11,0.7259615384615384
visa,pcb4,2,2,13,0.5879120879120879
visa,pcb4,2,2,15,0.4697802197802198
visa,pcb4,2,2,17,0.3379120879120879
visa,pcb4,2,2,19,0.2630494505494505
visa,pcb4,2,2,21,0.2630494505494505
visa,pcb4,2,2,23,0.1799450549450549
visa,pcb4,2,2,25,0.1799450549450549
visa,pcb4,2,2,27,0.0927197802197802
visa,pcb4,2,2,29,0.0927197802197802
visa,pcb4,2,2,31,0.0927197802197802
visa,pcb4,2,2,33,0.0927197802197802
visa,pcb4,4,0,5,0.9938250428816466
visa,pcb4,4,0,7,0.8981132075471698
visa,pcb4,4,0,9,0.7018867924528301
visa,pcb4,4,0,11,0.513893653516295
visa,pcb4,4,0,13,0.3965694682675815
visa,pcb4,4,0,15,0.307032590051458
visa,pcb4,4,0,17,0.2099485420240137
visa,pcb4,4,0,19,0.1591766723842195
visa,pcb4,4,0,21,0.1591766723842195
visa,pcb4,4,0,23,0.1063464837049742
visa,pcb4,4,0,25,0.1063464837049742
visa,pcb4,4,0,27,0.0531732418524871
visa,pcb4,4,0,29,0.0531732418524871
visa,pcb4,4,0,31,0.0531732418524871
visa,pcb4,4,0,33,0.0531732418524871
visa,pcb4,4,1,5,1.0
visa,pcb4,4,1,7,1.0
visa,pcb4,4,1,9,0.966933867735471
visa,pcb4,4,1,11,0.8627254509018036
visa,pcb4,4,1,13,0.7414829659318637
visa,pcb4,4,1,15,0.6132264529058116
visa,pcb4,4,1,17,0.4549098196392785
visa,pcb4,4,1,19,0.3627254509018036
visa,pcb4,4,1,21,0.3627254509018036
visa,pcb4,4,1,23,0.25250501002004
visa,pcb4,4,1,25,0.25250501002004
visa,pcb4,4,1,27,0.1302605210420841
visa,pcb4,4,1,29,0.1302605210420841
visa,pcb4,4,1,31,0.1302605210420841
visa,pcb4,4,1,33,0.1302605210420841
visa,pcb4,4,2,5,1.0
visa,pcb4,4,2,7,1.0
visa,pcb4,4,2,9,1.0
visa,pcb4,4,2,11,0.9845360824742267
visa,pcb4,4,2,13,0.9175257731958762
visa,pcb4,4,2,15,0.8350515463917526
visa,pcb4,4,2,17,0.7061855670103093
visa,pcb4,4,2,19,0.6134020618556701
visa,pcb4,4,2,21,0.6134020618556701
visa,pcb4,4,2,23,0.4690721649484536
visa,pcb4,4,2,25,0.4690721649484536
visa,pcb4,4,2,27,0.2886597938144329
visa,pcb4,4,2,29,0.2886597938144329
visa,pcb4,4,2,31,0.2886597938144329
visa,pcb4,4,2,33,0.2886597938144329
visa,pcb4,8,0,5,1.0
visa,pcb4,8,0,7,1.0
visa,pcb4,8,0,9,1.0
visa,pcb4,8,0,11,0.9747081712062255
visa,pcb4,8,0,13,0.9241245136186772
visa,pcb4,8,0,15,0.8151750972762646
visa,pcb4,8,0,17,0.6478599221789884
visa,pcb4,8,0,19,0.5350194552529183
visa,pcb4,8,0,21,0.5350194552529183
visa,pcb4,8,0,23,0.3891050583657587
visa,pcb4,8,0,25,0.3891050583657587
visa,pcb4,8,0,27,0.2081712062256809
visa,pcb4,8,0,29,0.2081712062256809
visa,pcb4,8,0,31,0.2081712062256809
visa,pcb4,8,0,33,0.2081712062256809
visa,pcb4,8,1,5,1.0
visa,pcb4,8,1,7,1.0
visa,pcb4,8,1,9,0.984182776801406
visa,pcb4,8,1,11,0.9595782073813708
visa,pcb4,8,1,13,0.8910369068541301
visa,pcb4,8,1,15,0.789103690685413
visa,pcb4,8,1,17,0.6080843585237259
visa,pcb4,8,1,19,0.4885764499121265
visa,pcb4,8,1,21,0.4885764499121265
visa,pcb4,8,1,23,0.3479789103690685
visa,pcb4,8,1,25,0.3479789103690685
visa,pcb4,8,1,27,0.1898066783831282
visa,pcb4,8,1,29,0.1898066783831282
visa,pcb4,8,1,31,0.1898066783831282
visa,pcb4,8,1,33,0.1898066783831282
visa,pcb4,8,2,5,1.0
visa,pcb4,8,2,7,1.0
visa,pcb4,8,2,9,1.0
visa,pcb4,8,2,11,1.0
visa,pcb4,8,2,13,1.0
visa,pcb4,8,2,15,1.0
visa,pcb4,8,2,17,1.0
visa,pcb4,8,2,19,0.9622641509433962
visa,pcb4,8,2,21,0.9622641509433962
visa,pcb4,8,2,23,0.8867924528301887
visa,pcb4,8,2,25,0.8867924528301887
visa,pcb4,8,2,27,0.6415094339622641
visa,pcb4,8,2,29,0.6415094339622641
visa,pcb4,8,2,31,0.6415094339622641
visa,pcb4,8,2,33,0.6415094339622641
visa,pipe_fryum,1,0,5,1.0
visa,pipe_fryum,1,0,7,1.0
visa,pipe_fryum,1,0,9,1.0
visa,pipe_fryum,1,0,11,0.9076923076923076
visa,pipe_fryum,1,0,13,0.8307692307692308
visa,pipe_fryum,1,0,15,0.7230769230769231
visa,pipe_fryum,1,0,17,0.6461538461538462
visa,pipe_fryum,1,0,19,0.5692307692307692
visa,pipe_fryum,1,0,21,0.4461538461538462
visa,pipe_fryum,1,0,23,0.4461538461538462
visa,pipe_fryum,1,0,25,0.4461538461538462
visa,pipe_fryum,1,0,27,0.2769230769230769
visa,pipe_fryum,1,0,29,0.2769230769230769
visa,pipe_fryum,1,0,31,0.2769230769230769
visa,pipe_fryum,1,0,33,0.2769230769230769
visa,pipe_fryum,1,1,5,0.7852140077821012
visa,pipe_fryum,1,1,7,0.6949416342412451
visa,pipe_fryum,1,1,9,0.6202334630350195
visa,pipe_fryum,1,1,11,0.533852140077821
visa,pipe_fryum,1,1,13,0.4490272373540856
visa,pipe_fryum,1,1,15,0.3626459143968871
visa,pipe_fryum,1,1,17,0.3066147859922179
visa,pipe_fryum,1,1,19,0.2435797665369649
visa,pipe_fryum,1,1,21,0.1712062256809338
visa,pipe_fryum,1,1,23,0.1712062256809338
visa,pipe_fryum,1,1,25,0.1712062256809338
visa,pipe_fryum,1,1,27,0.088715953307393
visa,pipe_fryum,1,1,29,0.088715953307393
visa,pipe_fryum,1,1,31,0.088715953307393
visa,pipe_fryum,1,1,33,0.088715953307393
visa,pipe_fryum,1,2,5,0.889196675900277
visa,pipe_fryum,1,2,7,0.8199445983379502
visa,pipe_fryum,1,2,9,0.775623268698061
visa,pipe_fryum,1,2,11,0.6759002770083102
visa,pipe_fryum,1,2,13,0.5549399815327793
visa,pipe_fryum,1,2,15,0.4478301015697137
visa,pipe_fryum,1,2,17,0.3804247460757156
visa,pipe_fryum,1,2,19,0.3000923361034164
visa,pipe_fryum,1,2,21,0.2077562326869806
visa,pipe_fryum,1,2,23,0.2077562326869806
visa,pipe_fryum,1,2,25,0.2077562326869806
visa,pipe_fryum,1,2,27,0.1061865189289012
visa,pipe_fryum,1,2,29,0.1061865189289012
visa,pipe_fryum,1,2,31,0.1061865189289012
visa,pipe_fryum,1,2,33,0.1061865189289012
visa,pipe_fryum,2,0,5,1.0
visa,pipe_fryum,2,0,7,0.9171597633136096
visa,pipe_fryum,2,0,9,0.8224852071005917
visa,pipe_fryum,2,0,11,0.7485207100591716
visa,pipe_fryum,2,0,13,0.6982248520710059
visa,pipe_fryum,2,0,15,0.636094674556213
visa,pipe_fryum,2,0,17,0.5887573964497042
visa,pipe_fryum,2,0,19,0.5118343195266272
visa,pipe_fryum,2,0,21,0.393491124260355
visa,pipe_fryum,2,0,23,0.393491124260355
visa,pipe_fryum,2,0,25,0.393491124260355
visa,pipe_fryum,2,0,27,0.2307692307692307
visa,pipe_fryum,2,0,29,0.2307692307692307
visa,pipe_fryum,2,0,31,0.2307692307692307
visa,pipe_fryum,2,0,33,0.2307692307692307
visa,pipe_fryum,2,1,5,0.8361344537815126
visa,pipe_fryum,2,1,7,0.7495798319327731
visa,pipe_fryum,2,1,9,0.6983193277310924
visa,pipe_fryum,2,1,11,0.611764705882353
visa,pipe_fryum,2,1,13,0.519327731092437
visa,pipe_fryum,2,1,15,0.4201680672268907
visa,pipe_fryum,2,1,17,0.3529411764705882
visa,pipe_fryum,2,1,19,0.2781512605042017
visa,pipe_fryum,2,1,21,0.1966386554621848
visa,pipe_fryum,2,1,23,0.1966386554621848
visa,pipe_fryum,2,1,25,0.1966386554621848
visa,pipe_fryum,2,1,27,0.1033613445378151
visa,pipe_fryum,2,1,29,0.1033613445378151
visa,pipe_fryum,2,1,31,0.1033613445378151
visa,pipe_fryum,2,1,33,0.1033613445378151
visa,pipe_fryum,2,2,5,0.8607723577235772
visa,pipe_fryum,2,2,7,0.7774390243902439
visa,pipe_fryum,2,2,9,0.6778455284552846
visa,pipe_fryum,2,2,11,0.5691056910569106
visa,pipe_fryum,2,2,13,0.4623983739837398
visa,pipe_fryum,2,2,15,0.366869918699187
visa,pipe_fryum,2,2,17,0.3109756097560975
visa,pipe_fryum,2,2,19,0.2489837398373983
visa,pipe_fryum,2,2,21,0.1768292682926829
visa,pipe_fryum,2,2,23,0.1768292682926829
visa,pipe_fryum,2,2,25,0.1768292682926829
visa,pipe_fryum,2,2,27,0.0934959349593495
visa,pipe_fryum,2,2,29,0.0934959349593495
visa,pipe_fryum,2,2,31,0.0934959349593495
visa,pipe_fryum,2,2,33,0.0934959349593495
visa,pipe_fryum,4,0,5,1.0
visa,pipe_fryum,4,0,7,0.9201680672268908
visa,pipe_fryum,4,0,9,0.7941176470588235
visa,pipe_fryum,4,0,11,0.7184873949579832
visa,pipe_fryum,4,0,13,0.6680672268907563
visa,pipe_fryum,4,0,15,0.6176470588235294
visa,pipe_fryum,4,0,17,0.5756302521008403
visa,pipe_fryum,4,0,19,0.5210084033613446
visa,pipe_fryum,4,0,21,0.407563025210084
visa,pipe_fryum,4,0,23,0.407563025210084
visa,pipe_fryum,4,0,25,0.407563025210084
visa,pipe_fryum,4,0,27,0.2394957983193277
visa,pipe_fryum,4,0,29,0.2394957983193277
visa,pipe_fryum,4,0,31,0.2394957983193277
visa,pipe_fryum,4,0,33,0.2394957983193277
visa,pipe_fryum,4,1,5,1.0
visa,pipe_fryum,4,1,7,0.8740740740740741
visa,pipe_fryum,4,1,9,0.762962962962963
visa,pipe_fryum,4,1,11,0.6962962962962963
visa,pipe_fryum,4,1,13,0.6481481481481481
visa,pipe_fryum,4,1,15,0.6037037037037037
visa,pipe_fryum,4,1,17,0.5703703703703704
visa,pipe_fryum,4,1,19,0.5037037037037037
visa,pipe_fryum,4,1,21,0.3851851851851852
visa,pipe_fryum,4,1,23,0.3851851851851852
visa,pipe_fryum,4,1,25,0.3851851851851852
visa,pipe_fryum,4,1,27,0.2333333333333333
visa,pipe_fryum,4,1,29,0.2333333333333333
visa,pipe_fryum,4,1,31,0.2333333333333333
visa,pipe_fryum,4,1,33,0.2333333333333333
visa,pipe_fryum,4,2,5,0.8518518518518519
visa,pipe_fryum,4,2,7,0.7361111111111112
visa,pipe_fryum,4,2,9,0.6851851851851852
visa,pipe_fryum,4,2,11,0.6388888888888888
visa,pipe_fryum,4,2,13,0.5864197530864198
visa,pipe_fryum,4,2,15,0.5154320987654321
visa,pipe_fryum,4,2,17,0.4552469135802469
visa,pipe_fryum,4,2,19,0.375
visa,pipe_fryum,4,2,21,0.2716049382716049
visa,pipe_fryum,4,2,23,0.2716049382716049
visa,pipe_fryum,4,2,25,0.2716049382716049
visa,pipe_fryum,4,2,27,0.1496913580246913
visa,pipe_fryum,4,2,29,0.1496913580246913
visa,pipe_fryum,4,2,31,0.1496913580246913
visa,pipe_fryum,4,2,33,0.1496913580246913
visa,pipe_fryum,8,0,5,0.829004329004329
visa,pipe_fryum,8,0,7,0.7456709956709957
visa,pipe_fryum,8,0,9,0.6883116883116883
visa,pipe_fryum,8,0,11,0.6158008658008658
visa,pipe_fryum,8,0,13,0.5324675324675324
visa,pipe_fryum,8,0,15,0.4426406926406926
visa,pipe_fryum,8,0,17,0.3809523809523809
visa,pipe_fryum,8,0,19,0.2987012987012987
visa,pipe_fryum,8,0,21,0.2088744588744588
visa,pipe_fryum,8,0,23,0.2088744588744588
visa,pipe_fryum,8,0,25,0.2088744588744588
visa,pipe_fryum,8,0,27,0.1093073593073593
visa,pipe_fryum,8,0,29,0.1093073593073593
visa,pipe_fryum,8,0,31,0.1093073593073593
visa,pipe_fryum,8,0,33,0.1093073593073593
visa,pipe_fryum,8,1,5,0.7777777777777778
visa,pipe_fryum,8,1,7,0.6841448189762797
visa,pipe_fryum,8,1,9,0.6192259675405742
visa,pipe_fryum,8,1,11,0.5468164794007491
visa,pipe_fryum,8,1,13,0.4794007490636704
visa,pipe_fryum,8,1,15,0.4132334581772784
visa,pipe_fryum,8,1,17,0.3607990012484394
visa,pipe_fryum,8,1,19,0.2896379525593008
visa,pipe_fryum,8,1,21,0.2059925093632958
visa,pipe_fryum,8,1,23,0.2059925093632958
visa,pipe_fryum,8,1,25,0.2059925093632958
visa,pipe_fryum,8,1,27,0.1111111111111111
visa,pipe_fryum,8,1,29,0.1111111111111111
visa,pipe_fryum,8,1,31,0.1111111111111111
visa,pipe_fryum,8,1,33,0.1111111111111111
visa,pipe_fryum,8,2,5,0.7986754966887417
visa,pipe_fryum,8,2,7,0.6900662251655629
visa,pipe_fryum,8,2,9,0.6370860927152318
visa,pipe_fryum,8,2,11,0.5867549668874172
visa,pipe_fryum,8,2,13,0.5231788079470199
visa,pipe_fryum,8,2,15,0.4556291390728477
visa,pipe_fryum,8,2,17,0.4039735099337748
visa,pipe_fryum,8,2,19,0.3364238410596026
visa,pipe_fryum,8,2,21,0.2463576158940397
visa,pipe_fryum,8,2,23,0.2463576158940397
visa,pipe_fryum,8,2,25,0.2463576158940397
visa,pipe_fryum,8,2,27,0.1350993377483443
visa,pipe_fryum,8,2,29,0.1350993377483443
visa,pipe_fryum,8,2,31,0.1350993377483443
visa,pipe_fryum,8,2,33,0.1350993377483443
