object,radius,alpha,rep,random_pairwise_auc
screw,0,0.001,0,79.40151670424267
screw,0,0.0025,0,80.34433285509326
screw,0,0.005,0,80.77474892395983
screw,0,0.01,0,78.31522853043657
screw,0,0.02,0,72.6378356220537
screw,0,0.05,0,67.47284279565484
screw,0,0.001,1,79.42201270752203
screw,0,0.0025,1,80.36482885837262
screw,0,0.005,1,81.06169296987088
screw,0,0.01,1,78.62266857962697
screw,0,0.02,1,73.02725968436155
screw,0,0.05,1,67.65730682516909
screw,0,0.001,2,79.36052469768396
screw,0,0.0025,2,80.36482885837262
screw,0,0.005,2,81.18466898954703
screw,0,0.01,2,78.62266857962697
screw,0,0.02,2,72.96577167452347
screw,0,0.05,2,67.69829883172781
screw,0,0.001,3,79.25804468128715
screw,0,0.0025,3,80.38532486165198
screw,0,0.005,3,81.1026849764296
screw,0,0.01,3,78.58167657306825
screw,0,0.02,3,72.78130764500922
screw,0,0.05,3,67.55482680877229
screw,0,0.001,4,78.88911662225865
screw,0,0.0025,4,80.09838081574092
screw,0,0.005,4,80.89772494363599
screw,0,0.01,4,78.54068456650953
screw,0,0.02,4,73.00676368108219
screw,0,0.05,4,67.73929083828654
screw,0,0.001,5,79.42201270752203
screw,0,0.0025,5,80.38532486165198
screw,0,0.005,5,81.12318097970896
screw,0,0.01,5,78.45870055339209
screw,0,0.02,5,72.65833162533306
screw,0,0.05,5,67.4933387989342
screw,0,0.001,6,79.15556466489035
screw,0,0.0025,6,80.20086083213774
screw,0,0.005,6,80.95921295347408
screw,0,0.01,6,78.37671654027464
screw,0,0.02,6,72.7403156384505
screw,0,0.05,6,67.55482680877229
screw,0,0.001,7,79.31953269112523
screw,0,0.0025,7,80.38532486165198
screw,0,0.005,7,81.14367698298831
screw,0,0.01,7,78.70465259274441
screw,0,0.02,7,73.00676368108219
screw,0,0.05,7,67.57532281205165
screw,0,0.001,8,79.25804468128715
screw,0,0.0025,8,80.20086083213774
screw,0,0.005,8,81.04119696659151
screw,0,0.01,8,78.54068456650953
screw,0,0.02,8,72.92477966796474
screw,0,0.05,8,67.73929083828654
screw,0,0.001,9,79.3400286944046
screw,0,0.0025,9,80.3238368518139
screw,0,0.005,9,81.08218897315024
screw,0,0.01,9,78.56118056978889
screw,0,0.02,9,72.82229965156795
screw,0,0.05,9,67.61631481861038
screw,0,0.001,10,79.3400286944046
screw,0,0.0025,10,80.36482885837262
screw,0,0.005,10,81.16417298626767
screw,0,0.01,10,78.6636605861857
screw,0,0.02,10,72.82229965156795
screw,0,0.05,10,67.57532281205165
screw,0,0.001,11,79.09407665505226
screw,0,0.0025,11,79.9549087927854
screw,0,0.005,11,80.65177290428366
screw,0,0.01,11,78.35622053699528
screw,0,0.02,11,72.90428366468538
screw,0,0.05,11,67.4523467923755
screw,0,0.001,12,78.9711006353761
screw,0,0.0025,12,80.13937282229965
screw,0,0.005,12,80.87722894035663
screw,0,0.01,12,78.56118056978889
screw,0,0.02,12,73.02725968436155
screw,0,0.05,12,67.51383480221357
screw,0,0.001,13,79.38102070096332
screw,0,0.0025,13,80.28284484525517
screw,0,0.005,13,80.93871695019472
screw,0,0.01,13,78.52018856323016
screw,0,0.02,13,72.80180364828858
screw,0,0.05,13,67.57532281205165
screw,0,0.001,14,79.3400286944046
screw,0,0.0025,14,80.38532486165198
screw,0,0.005,14,81.18466898954703
screw,0,0.01,14,78.56118056978889
screw,0,0.02,14,73.00676368108219
screw,0,0.05,14,67.65730682516909
screw,0,0.001,15,79.03258864521419
screw,0,0.0025,15,80.13937282229965
screw,0,0.005,15,80.81574093051854
screw,0,0.01,15,78.23324451731912
screw,0,0.02,15,72.84279565484731
screw,0,0.05,15,67.47284279565484
screw,0,0.001,16,79.38102070096332
screw,0,0.0025,16,80.05738880918221
screw,0,0.005,16,80.8362369337979
screw,0,0.01,16,78.47919655667145
screw,0,0.02,16,72.7403156384505
screw,0,0.05,16,67.61631481861038
screw,0,0.001,17,79.38102070096332
screw,0,0.0025,17,80.38532486165198
screw,0,0.005,17,81.2051649928264
screw,0,0.01,17,78.64316458290634
screw,0,0.02,17,73.06825169092028
screw,0,0.05,17,67.73929083828654
screw,0,0.001,18,79.31953269112523
screw,0,0.0025,18,80.13937282229965
screw,0,0.005,18,81.00020496003279
screw,0,0.01,18,78.54068456650953
screw,0,0.02,18,72.90428366468538
screw,0,0.05,18,67.65730682516909
screw,0,0.001,19,79.25804468128715
screw,0,0.0025,19,80.05738880918221
screw,0,0.005,19,80.65177290428366
screw,0,0.01,19,78.1922525107604
screw,0,0.02,19,72.65833162533306
screw,0,0.05,19,67.43185078909613
screw,0,0.001,20,79.29903668784587
screw,0,0.0025,20,80.36482885837262
screw,0,0.005,20,81.1026849764296
screw,0,0.01,20,78.54068456650953
screw,0,0.02,20,72.80180364828858
screw,0,0.05,20,67.59581881533101
screw,0,0.001,21,79.38102070096332
screw,0,0.0025,21,80.4263168682107
screw,0,0.005,21,81.2051649928264
screw,0,0.01,21,78.6636605861857
screw,0,0.02,21,72.98626767780283
screw,0,0.05,21,67.67780282844845
screw,0,0.001,22,78.99159663865547
screw,0,0.0025,22,80.24185283869646
screw,0,0.005,22,81.00020496003279
screw,0,0.01,22,78.35622053699528
screw,0,0.02,22,72.61733961877434
screw,0,0.05,22,67.55482680877229
screw,0,0.001,23,79.38102070096332
screw,0,0.0025,23,80.44681287149005
screw,0,0.005,23,81.22566099610576
screw,0,0.01,23,78.64316458290634
screw,0,0.02,23,73.06825169092028
screw,0,0.05,23,67.67780282844845
screw,0,0.001,24,79.38102070096332
screw,0,0.0025,24,80.40582086493134
screw,0,0.005,24,81.16417298626767
screw,0,0.01,24,78.72514859602377
screw,0,0.02,24,73.06825169092028
screw,0,0.05,24,67.67780282844845
screw,0,0.001,25,79.40151670424267
screw,0,0.0025,25,80.38532486165198
screw,0,0.005,25,81.14367698298831
screw,0,0.01,25,78.52018856323016
screw,0,0.02,25,72.9452756712441
screw,0,0.05,25,67.65730682516909
screw,0,0.001,26,79.38102070096332
screw,0,0.0025,26,80.38532486165198
screw,0,0.005,26,81.06169296987088
screw,0,0.01,26,78.56118056978889
screw,0,0.02,26,72.9452756712441
screw,0,0.05,26,67.55482680877229
screw,0,0.001,27,79.36052469768396
screw,0,0.0025,27,80.34433285509326
screw,0,0.005,27,81.02070096331215
screw,0,0.01,27,78.54068456650953
screw,0,0.02,27,73.00676368108219
screw,0,0.05,27,67.59581881533101
screw,0,0.001,28,79.27854068456651
screw,0,0.0025,28,80.38532486165198
screw,0,0.005,28,81.12318097970896
screw,0,0.01,28,78.60217257634761
screw,0,0.02,28,72.90428366468538
screw,0,0.05,28,67.61631481861038
screw,0,0.001,29,79.36052469768396
screw,0,0.0025,29,80.3238368518139
screw,0,0.005,29,81.1026849764296
screw,0,0.01,29,78.47919655667145
screw,0,0.02,29,72.96577167452347
screw,0,0.05,29,67.67780282844845
screw,0,0.001,30,79.3400286944046
screw,0,0.0025,30,80.34433285509326
screw,0,0.005,30,81.18466898954703
screw,0,0.01,30,78.72514859602377
screw,0,0.02,30,73.10924369747899
screw,0,0.05,30,67.65730682516909
screw,0,0.001,31,79.40151670424267
screw,0,0.0025,31,80.34433285509326
screw,0,0.005,31,81.14367698298831
screw,0,0.01,31,78.52018856323016
screw,0,0.02,31,72.90428366468538
screw,0,0.05,31,67.67780282844845
screw,0,0.001,32,79.31953269112523
screw,0,0.0025,32,80.38532486165198
screw,0,0.005,32,81.18466898954703
screw,0,0.01,32,78.70465259274441
screw,0,0.02,32,73.00676368108219
screw,0,0.05,32,67.65730682516909
screw,0,0.001,33,79.42201270752203
screw,0,0.0025,33,80.3238368518139
screw,0,0.005,33,81.1026849764296
screw,0,0.01,33,78.47919655667145
screw,0,0.02,33,72.86329165812667
screw,0,0.05,33,67.61631481861038
screw,0,0.001,34,79.3400286944046
screw,0,0.0025,34,80.38532486165198
screw,0,0.005,34,81.18466898954703
screw,0,0.01,34,78.6636605861857
screw,0,0.02,34,73.02725968436155
screw,0,0.05,34,67.67780282844845
screw,0,0.001,35,79.36052469768396
screw,0,0.0025,35,80.38532486165198
screw,0,0.005,35,81.14367698298831
screw,0,0.01,35,78.49969255995082
screw,0,0.02,35,72.80180364828858
screw,0,0.05,35,67.61631481861038
screw,0,0.001,36,79.40151670424267
screw,0,0.0025,36,80.4263168682107
screw,0,0.005,36,81.30764500922321
screw,0,0.01,36,78.64316458290634
screw,0,0.02,36,72.96577167452347
screw,0,0.05,36,67.63681082188972
screw,0,0.001,37,79.25804468128715
screw,0,0.0025,37,80.28284484525517
screw,0,0.005,37,80.95921295347408
screw,0,0.01,37,78.56118056978889
screw,0,0.02,37,72.80180364828858
screw,0,0.05,37,67.61631481861038
screw,0,0.001,38,79.38102070096332
screw,0,0.0025,38,80.3238368518139
screw,0,0.005,38,81.1026849764296
screw,0,0.01,38,78.58167657306825
screw,0,0.02,38,73.02725968436155
screw,0,0.05,38,67.57532281205165
screw,0,0.001,39,79.05308464849354
screw,0,0.0025,39,80.03689280590285
screw,0,0.005,39,80.69276491084239
screw,0,0.01,39,78.06927649108424
screw,0,0.02,39,72.78130764500922
screw,0,0.05,39,67.55482680877229
screw,0,0.001,40,79.38102070096332
screw,0,0.0025,40,80.4263168682107
screw,0,0.005,40,81.18466898954703
screw,0,0.01,40,78.62266857962697
screw,0,0.02,40,73.02725968436155
screw,0,0.05,40,67.57532281205165
screw,0,0.001,41,79.29903668784587
screw,0,0.0025,41,80.30334084853453
screw,0,0.005,41,81.06169296987088
screw,0,0.01,41,78.43820455011273
screw,0,0.02,41,72.78130764500922
screw,0,0.05,41,67.61631481861038
screw,0,0.001,42,79.3400286944046
screw,0,0.0025,42,80.40582086493134
screw,0,0.005,42,81.16417298626767
screw,0,0.01,42,78.68415658946506
screw,0,0.02,42,73.06825169092028
screw,0,0.05,42,67.65730682516909
screw,0,0.001,43,79.38102070096332
screw,0,0.0025,43,80.44681287149005
screw,0,0.005,43,81.22566099610576
screw,0,0.01,43,78.68415658946506
screw,0,0.02,43,73.00676368108219
screw,0,0.05,43,67.69829883172781
screw,0,0.001,44,79.21705267472842
screw,0,0.0025,44,80.26234884197582
screw,0,0.005,44,81.1026849764296
screw,0,0.01,44,78.52018856323016
screw,0,0.02,44,73.00676368108219
screw,0,0.05,44,67.61631481861038
screw,0,0.001,45,79.27854068456651
screw,0,0.0025,45,80.28284484525517
screw,0,0.005,45,81.08218897315024
screw,0,0.01,45,78.58167657306825
screw,0,0.02,45,72.98626767780283
screw,0,0.05,45,67.63681082188972
screw,0,0.001,46,79.40151670424267
screw,0,0.0025,46,80.38532486165198
screw,0,0.005,46,81.14367698298831
screw,0,0.01,46,78.54068456650953
screw,0,0.02,46,72.98626767780283
screw,0,0.05,46,67.61631481861038
screw,0,0.001,47,79.38102070096332
screw,0,0.0025,47,80.30334084853453
screw,0,0.005,47,81.06169296987088
screw,0,0.01,47,78.397212543554
screw,0,0.02,47,72.84279565484731
screw,0,0.05,47,67.57532281205165
screw,0,0.001,48,79.40151670424267
screw,0,0.0025,48,80.38532486165198
screw,0,0.005,48,81.18466898954703
screw,0,0.01,48,78.68415658946506
screw,0,0.02,48,72.98626767780283
screw,0,0.05,48,67.65730682516909
screw,0,0.001,49,79.36052469768396
screw,0,0.0025,49,80.3238368518139
screw,0,0.005,49,81.02070096331215
screw,0,0.01,49,78.56118056978889
screw,0,0.02,49,72.86329165812667
screw,0,0.05,49,67.67780282844845
screw,0,0.001,50,79.17606066816971
screw,0,0.0025,50,80.30334084853453
screw,0,0.005,50,80.89772494363599
screw,0,0.01,50,78.41770854683337
screw,0,0.02,50,72.9452756712441
screw,0,0.05,50,67.63681082188972
screw,0,0.001,51,79.27854068456651
screw,0,0.0025,51,80.28284484525517
screw,0,0.005,51,81.06169296987088
screw,0,0.01,51,78.56118056978889
screw,0,0.02,51,72.69932363189179
screw,0,0.05,51,67.61631481861038
screw,0,0.001,52,79.3400286944046
screw,0,0.0025,52,80.30334084853453
screw,0,0.005,52,81.14367698298831
screw,0,0.01,52,78.62266857962697
screw,0,0.02,52,72.92477966796474
screw,0,0.05,52,67.65730682516909
screw,0,0.001,53,79.38102070096332
screw,0,0.0025,53,80.4263168682107
screw,0,0.005,53,81.16417298626767
screw,0,0.01,53,78.72514859602377
screw,0,0.02,53,72.9452756712441
screw,0,0.05,53,67.65730682516909
screw,0,0.001,54,79.38102070096332
screw,0,0.0025,54,80.38532486165198
screw,0,0.005,54,81.16417298626767
screw,0,0.01,54,78.70465259274441
screw,0,0.02,54,72.98626767780283
screw,0,0.05,54,67.59581881533101
screw,0,0.001,55,79.42201270752203
screw,0,0.0025,55,80.36482885837262
screw,0,0.005,55,81.18466898954703
screw,0,0.01,55,78.64316458290634
screw,0,0.02,55,73.02725968436155
screw,0,0.05,55,67.69829883172781
screw,0,0.001,56,79.3400286944046
screw,0,0.0025,56,80.24185283869646
screw,0,0.005,56,81.16417298626767
screw,0,0.01,56,78.54068456650953
screw,0,0.02,56,72.98626767780283
screw,0,0.05,56,67.69829883172781
screw,0,0.001,57,79.36052469768396
screw,0,0.0025,57,80.15986882557901
screw,0,0.005,57,80.73375691740111
screw,0,0.01,57,78.1922525107604
screw,0,0.02,57,72.71981963517113
screw,0,0.05,57,67.55482680877229
screw,0,0.001,58,79.40151670424267
screw,0,0.0025,58,80.50830088132814
screw,0,0.005,58,81.06169296987088
screw,0,0.01,58,78.52018856323016
screw,0,0.02,58,72.92477966796474
screw,0,0.05,58,67.51383480221357
screw,0,0.001,59,78.82762861242058
screw,0,0.0025,59,79.87292477966797
screw,0,0.005,59,80.85673293707727
screw,0,0.01,59,78.31522853043657
screw,0,0.02,59,72.7403156384505
screw,0,0.05,59,67.61631481861038
screw,0,0.001,60,79.38102070096332
screw,0,0.0025,60,80.40582086493134
screw,0,0.005,60,81.18466898954703
screw,0,0.01,60,78.62266857962697
screw,0,0.02,60,72.84279565484731
screw,0,0.05,60,67.65730682516909
screw,0,0.001,61,79.31953269112523
screw,0,0.0025,61,80.38532486165198
screw,0,0.005,61,81.12318097970896
screw,0,0.01,61,78.60217257634761
screw,0,0.02,61,73.02725968436155
screw,0,0.05,61,67.57532281205165
screw,0,0.001,62,79.3400286944046
screw,0,0.0025,62,80.3238368518139
screw,0,0.005,62,81.1026849764296
screw,0,0.01,62,78.52018856323016
screw,0,0.02,62,72.88378766140603
screw,0,0.05,62,67.63681082188972
screw,0,0.001,63,79.42201270752203
screw,0,0.0025,63,80.13937282229965
screw,0,0.005,63,80.85673293707727
screw,0,0.01,63,78.35622053699528
screw,0,0.02,63,72.69932363189179
screw,0,0.05,63,67.55482680877229
screw,0,0.001,64,79.42201270752203
screw,0,0.0025,64,80.44681287149005
screw,0,0.005,64,81.08218897315024
screw,0,0.01,64,78.54068456650953
screw,0,0.02,64,72.84279565484731
screw,0,0.05,64,67.53433080549293
screw,0,0.001,65,79.21705267472842
screw,0,0.0025,65,80.20086083213774
screw,0,0.005,65,80.93871695019472
screw,0,0.01,65,78.33572453371592
screw,0,0.02,65,72.90428366468538
screw,0,0.05,65,67.53433080549293
screw,0,0.001,66,79.27854068456651
screw,0,0.0025,66,80.2213568354171
screw,0,0.005,66,81.04119696659151
screw,0,0.01,66,78.54068456650953
screw,0,0.02,66,72.7403156384505
screw,0,0.05,66,67.55482680877229
screw,0,0.001,67,79.27854068456651
screw,0,0.0025,67,80.2213568354171
screw,0,0.005,67,80.75425292068047
screw,0,0.01,67,78.397212543554
screw,0,0.02,67,72.82229965156795
screw,0,0.05,67,67.61631481861038
screw,0,0.001,68,79.3400286944046
screw,0,0.0025,68,80.3238368518139
screw,0,0.005,68,81.08218897315024
screw,0,0.01,68,78.52018856323016
screw,0,0.02,68,72.98626767780283
screw,0,0.05,68,67.63681082188972
screw,0,0.001,69,79.36052469768396
screw,0,0.0025,69,80.30334084853453
screw,0,0.005,69,81.1026849764296
screw,0,0.01,69,78.52018856323016
screw,0,0.02,69,73.00676368108219
screw,0,0.05,69,67.65730682516909
screw,0,0.001,70,79.38102070096332
screw,0,0.0025,70,80.38532486165198
screw,0,0.005,70,81.16417298626767
screw,0,0.01,70,78.64316458290634
screw,0,0.02,70,73.00676368108219
screw,0,0.05,70,67.67780282844845
screw,0,0.001,71,79.42201270752203
screw,0,0.0025,71,80.36482885837262
screw,0,0.005,71,81.06169296987088
screw,0,0.01,71,78.52018856323016
screw,0,0.02,71,72.86329165812667
screw,0,0.05,71,67.65730682516909
screw,0,0.001,72,79.31953269112523
screw,0,0.0025,72,80.38532486165198
screw,0,0.005,72,81.18466898954703
screw,0,0.01,72,78.60217257634761
screw,0,0.02,72,73.06825169092028
screw,0,0.05,72,67.73929083828654
screw,0,0.001,73,78.84812461569994
screw,0,0.0025,73,80.03689280590285
screw,0,0.005,73,80.91822094691535
screw,0,0.01,73,78.43820455011273
screw,0,0.02,73,72.9452756712441
screw,0,0.05,73,67.65730682516909
screw,0,0.001,74,79.40151670424267
screw,0,0.0025,74,80.38532486165198
screw,0,0.005,74,81.22566099610576
screw,0,0.01,74,78.72514859602377
screw,0,0.02,74,72.92477966796474
screw,0,0.05,74,67.69829883172781
screw,0,0.001,75,79.38102070096332
screw,0,0.0025,75,80.38532486165198
screw,0,0.005,75,81.24615699938512
screw,0,0.01,75,78.62266857962697
screw,0,0.02,75,72.86329165812667
screw,0,0.05,75,67.63681082188972
screw,0,0.001,76,79.11457265833162
screw,0,0.0025,76,80.24185283869646
screw,0,0.005,76,81.08218897315024
screw,0,0.01,76,78.60217257634761
screw,0,0.02,76,72.82229965156795
screw,0,0.05,76,67.57532281205165
screw,0,0.001,77,79.38102070096332
screw,0,0.0025,77,80.36482885837262
screw,0,0.005,77,81.22566099610576
screw,0,0.01,77,78.78663660586186
screw,0,0.02,77,73.04775568764092
screw,0,0.05,77,67.65730682516909
screw,0,0.001,78,79.25804468128715
screw,0,0.0025,78,80.36482885837262
screw,0,0.005,78,81.04119696659151
screw,0,0.01,78,78.49969255995082
screw,0,0.02,78,73.15023570403771
screw,0,0.05,78,67.67780282844845
screw,0,0.001,79,79.29903668784587
screw,0,0.0025,79,80.34433285509326
screw,0,0.005,79,81.12318097970896
screw,0,0.01,79,78.70465259274441
screw,0,0.02,79,73.00676368108219
screw,0,0.05,79,67.59581881533101
screw,0,0.001,80,79.25804468128715
screw,0,0.0025,80,80.34433285509326
screw,0,0.005,80,80.97970895675343
screw,0,0.01,80,78.56118056978889
screw,0,0.02,80,73.00676368108219
screw,0,0.05,80,67.61631481861038
screw,0,0.001,81,79.29903668784587
screw,0,0.0025,81,80.3238368518139
screw,0,0.005,81,81.08218897315024
screw,0,0.01,81,78.60217257634761
screw,0,0.02,81,72.92477966796474
screw,0,0.05,81,67.63681082188972
screw,0,0.001,82,79.31953269112523
screw,0,0.0025,82,80.36482885837262
screw,0,0.005,82,81.30764500922321
screw,0,0.01,82,78.72514859602377
screw,0,0.02,82,73.04775568764092
screw,0,0.05,82,67.71879483500717
screw,0,0.001,83,79.38102070096332
screw,0,0.0025,83,80.46730887476942
screw,0,0.005,83,81.22566099610576
screw,0,0.01,83,78.70465259274441
screw,0,0.02,83,73.00676368108219
screw,0,0.05,83,67.78028284484526
screw,0,0.001,84,79.31953269112523
screw,0,0.0025,84,80.4263168682107
screw,0,0.005,84,81.16417298626767
screw,0,0.01,84,78.68415658946506
screw,0,0.02,84,73.02725968436155
screw,0,0.05,84,67.71879483500717
screw,0,0.001,85,79.3400286944046
screw,0,0.0025,85,80.3238368518139
screw,0,0.005,85,81.1026849764296
screw,0,0.01,85,78.54068456650953
screw,0,0.02,85,72.90428366468538
screw,0,0.05,85,67.41135478581677
screw,0,0.001,86,79.29903668784587
screw,0,0.0025,86,80.28284484525517
screw,0,0.005,86,81.02070096331215
screw,0,0.01,86,78.60217257634761
screw,0,0.02,86,72.84279565484731
screw,0,0.05,86,67.63681082188972
screw,0,0.001,87,79.3400286944046
screw,0,0.0025,87,80.26234884197582
screw,0,0.005,87,80.93871695019472
screw,0,0.01,87,78.49969255995082
screw,0,0.02,87,73.00676368108219
screw,0,0.05,87,67.63681082188972
screw,0,0.001,88,79.40151670424267
screw,0,0.0025,88,80.38532486165198
screw,0,0.005,88,81.18466898954703
screw,0,0.01,88,78.6636605861857
screw,0,0.02,88,73.10924369747899
screw,0,0.05,88,67.71879483500717
screw,0,0.001,89,79.3400286944046
screw,0,0.0025,89,80.46730887476942
screw,0,0.005,89,81.18466898954703
screw,0,0.01,89,78.62266857962697
screw,0,0.02,89,73.02725968436155
screw,0,0.05,89,67.63681082188972
screw,0,0.001,90,79.36052469768396
screw,0,0.0025,90,80.36482885837262
screw,0,0.005,90,81.12318097970896
screw,0,0.01,90,78.56118056978889
screw,0,0.02,90,72.9452756712441
screw,0,0.05,90,67.65730682516909
screw,0,0.001,91,79.40151670424267
screw,0,0.0025,91,80.36482885837262
screw,0,0.005,91,81.18466898954703
screw,0,0.01,91,78.70465259274441
screw,0,0.02,91,73.02725968436155
screw,0,0.05,91,67.71879483500717
screw,0,0.001,92,79.36052469768396
screw,0,0.0025,92,80.36482885837262
screw,0,0.005,92,81.14367698298831
screw,0,0.01,92,78.72514859602377
screw,0,0.02,92,73.02725968436155
screw,0,0.05,92,67.65730682516909
screw,0,0.001,93,79.19655667144907
screw,0,0.0025,93,80.26234884197582
screw,0,0.005,93,81.02070096331215
screw,0,0.01,93,78.64316458290634
screw,0,0.02,93,73.02725968436155
screw,0,0.05,93,67.63681082188972
screw,0,0.001,94,79.36052469768396
screw,0,0.0025,94,80.40582086493134
screw,0,0.005,94,81.24615699938512
screw,0,0.01,94,78.6636605861857
screw,0,0.02,94,72.98626767780283
screw,0,0.05,94,67.78028284484526
screw,0,0.001,95,79.3400286944046
screw,0,0.0025,95,80.36482885837262
screw,0,0.005,95,81.08218897315024
screw,0,0.01,95,78.49969255995082
screw,0,0.02,95,72.80180364828858
screw,0,0.05,95,67.71879483500717
screw,0,0.001,96,79.3400286944046
screw,0,0.0025,96,80.4263168682107
screw,0,0.005,96,81.14367698298831
screw,0,0.01,96,78.49969255995082
screw,0,0.02,96,72.80180364828858
screw,0,0.05,96,67.67780282844845
screw,0,0.001,97,79.31953269112523
screw,0,0.0025,97,80.40582086493134
screw,0,0.005,97,81.14367698298831
screw,0,0.01,97,78.60217257634761
screw,0,0.02,97,72.92477966796474
screw,0,0.05,97,67.59581881533101
screw,0,0.001,98,79.36052469768396
screw,0,0.0025,98,80.34433285509326
screw,0,0.005,98,81.14367698298831
screw,0,0.01,98,78.60217257634761
screw,0,0.02,98,73.06825169092028
screw,0,0.05,98,67.63681082188972
screw,0,0.001,99,79.36052469768396
screw,0,0.0025,99,80.36482885837262
screw,0,0.005,99,81.06169296987088
screw,0,0.01,99,78.60217257634761
screw,0,0.02,99,73.10924369747899
screw,0,0.05,99,67.71879483500717
screw,2,0.001,0,79.13506866161099
screw,2,0.0025,0,79.81143676982988
screw,2,0.005,0,80.69276491084239
screw,2,0.01,0,78.00778848124615
screw,2,0.02,0,72.76081164172986
screw,2,0.05,0,67.67780282844845
screw,2,0.001,1,79.42201270752203
screw,2,0.0025,1,80.30334084853453
screw,2,0.005,1,80.5287968846075
screw,2,0.01,1,78.33572453371592
screw,2,0.02,1,73.12973970075835
screw,2,0.05,1,67.78028284484526
screw,2,0.001,2,78.95060463209674
screw,2,0.0025,2,79.5449887271982
screw,2,0.005,2,79.5449887271982
screw,2,0.01,2,77.16745234679237
screw,2,0.02,2,71.858987497438
screw,2,0.05,2,67.59581881533101
screw,2,0.001,3,78.23324451731912
screw,2,0.0025,3,79.09407665505226
screw,2,0.005,3,80.15986882557901
screw,2,0.01,3,77.57737241237959
screw,2,0.02,3,72.30989956958393
screw,2,0.05,3,67.41135478581677
screw,2,0.001,4,79.17606066816971
screw,2,0.0025,4,80.18036482885837
screw,2,0.005,4,80.91822094691535
screw,2,0.01,4,78.35622053699528
screw,2,0.02,4,73.02725968436155
screw,2,0.05,4,67.98524287763885
screw,2,0.001,5,79.23754867800778
screw,2,0.0025,5,79.21705267472842
screw,2,0.005,5,79.3400286944046
screw,2,0.01,5,76.42959622873539
screw,2,0.02,5,71.63353146136504
screw,2,0.05,5,67.14490674318508
screw,2,0.001,6,78.31522853043657
screw,2,0.0025,6,79.19655667144907
screw,2,0.005,6,80.07788481246158
screw,2,0.01,6,77.88481246157
screw,2,0.02,6,72.6378356220537
screw,2,0.05,6,67.67780282844845
screw,2,0.001,7,79.27854068456651
screw,2,0.0025,7,79.89342078294733
screw,2,0.005,7,80.28284484525517
screw,2,0.01,7,77.57737241237959
screw,2,0.02,7,72.26890756302521
screw,2,0.05,7,67.47284279565484
screw,2,0.001,8,79.27854068456651
screw,2,0.0025,8,79.99590079934413
screw,2,0.005,8,80.91822094691535
screw,2,0.01,8,78.54068456650953
screw,2,0.02,8,73.27321172371387
screw,2,0.05,8,67.78028284484526
screw,2,0.001,9,78.56118056978889
screw,2,0.0025,9,79.17606066816971
screw,2,0.005,9,79.89342078294733
screw,2,0.01,9,77.26993236318918
screw,2,0.02,9,71.71551547448247
screw,2,0.05,9,67.22689075630252
screw,2,0.001,10,78.74564459930313
screw,2,0.0025,10,79.46300471408075
screw,2,0.005,10,79.99590079934413
screw,2,0.01,10,77.98729247796679
screw,2,0.02,10,73.08874769419963
screw,2,0.05,10,67.65730682516909
screw,2,0.001,11,78.82762861242058
screw,2,0.0025,11,78.99159663865547
screw,2,0.005,11,79.44250871080139
screw,2,0.01,11,76.9419963107194
screw,2,0.02,11,72.49436359909818
screw,2,0.05,11,67.59581881533101
screw,2,0.001,12,78.06927649108424
screw,2,0.0025,12,78.60217257634761
screw,2,0.005,12,79.58598073375691
screw,2,0.01,12,77.4134043861447
screw,2,0.02,12,72.08444353351096
screw,2,0.05,12,67.7597868415659
screw,2,0.001,13,78.33572453371592
screw,2,0.0025,13,78.90961262553802
screw,2,0.005,13,79.66796474687436
screw,2,0.01,13,76.9010043041607
screw,2,0.02,13,72.08444353351096
screw,2,0.05,13,67.4933387989342
screw,2,0.001,14,79.44250871080139
screw,2,0.0025,14,80.2213568354171
screw,2,0.005,14,81.12318097970896
screw,2,0.01,14,78.47919655667145
screw,2,0.02,14,72.65833162533306
screw,2,0.05,14,67.65730682516909
screw,2,0.001,15,79.0735806517729
screw,2,0.0025,15,79.44250871080139
screw,2,0.005,15,79.91391678622668
screw,2,0.01,15,77.08546833367494
screw,2,0.02,15,72.26890756302521
screw,2,0.05,15,67.2883787661406
screw,2,0.001,16,78.90961262553802
screw,2,0.0025,16,79.48350071736012
screw,2,0.005,16,79.93441278950604
screw,2,0.01,16,77.37241237958598
screw,2,0.02,16,71.81799549087928
screw,2,0.05,16,67.71879483500717
screw,2,0.001,17,79.5449887271982
screw,2,0.0025,17,80.09838081574092
screw,2,0.005,17,80.54929288788686
screw,2,0.01,17,78.02828448452551
screw,2,0.02,17,72.69932363189179
screw,2,0.05,17,67.78028284484526
screw,2,0.001,18,78.49969255995082
screw,2,0.0025,18,79.0735806517729
screw,2,0.005,18,80.01639680262349
screw,2,0.01,18,77.53638040582086
screw,2,0.02,18,72.0639475302316
screw,2,0.05,18,67.37036277925804
screw,2,0.001,19,78.86862061897929
screw,2,0.0025,19,79.62697274031564
screw,2,0.005,19,80.73375691740111
screw,2,0.01,19,78.27423652387785
screw,2,0.02,19,72.82229965156795
screw,2,0.05,19,67.80077884812462
screw,2,0.001,20,78.88911662225865
screw,2,0.0025,20,79.56548473047755
screw,2,0.005,20,80.03689280590285
screw,2,0.01,20,77.16745234679237
screw,2,0.02,20,71.92047550727608
screw,2,0.05,20,67.14490674318508
screw,2,0.001,21,79.31953269112523
screw,2,0.0025,21,80.18036482885837
screw,2,0.005,21,80.71326091412175
screw,2,0.01,21,78.02828448452551
screw,2,0.02,21,72.96577167452347
screw,2,0.05,21,67.78028284484526
screw,2,0.001,22,78.37671654027464
screw,2,0.0025,22,79.09407665505226
screw,2,0.005,22,79.60647673703627
screw,2,0.01,22,77.26993236318918
screw,2,0.02,22,72.24841155974585
screw,2,0.05,22,67.30887476941996
screw,2,0.001,23,78.35622053699528
screw,2,0.0025,23,79.13506866161099
screw,2,0.005,23,79.68846075015372
screw,2,0.01,23,77.06497233039558
screw,2,0.02,23,71.69501947120311
screw,2,0.05,23,67.57532281205165
screw,2,0.001,24,79.58598073375691
screw,2,0.0025,24,80.11887681902029
screw,2,0.005,24,80.71326091412175
screw,2,0.01,24,78.29473252715721
screw,2,0.02,24,72.76081164172986
screw,2,0.05,24,67.71879483500717
screw,2,0.001,25,78.02828448452551
screw,2,0.0025,25,78.82762861242058
screw,2,0.005,25,80.38532486165198
screw,2,0.01,25,77.98729247796679
screw,2,0.02,25,72.43287558926009
screw,2,0.05,25,67.65730682516909
screw,2,0.001,26,79.17606066816971
screw,2,0.0025,26,79.83193277310924
screw,2,0.005,26,80.38532486165198
screw,2,0.01,26,77.3109243697479
screw,2,0.02,26,71.9614675138348
screw,2,0.05,26,67.2883787661406
screw,2,0.001,27,78.90961262553802
screw,2,0.0025,27,79.72945275671245
screw,2,0.005,27,80.30334084853453
screw,2,0.01,27,77.80282844845256
screw,2,0.02,27,72.22791555646648
screw,2,0.05,27,67.43185078909613
screw,2,0.001,28,78.9711006353761
screw,2,0.0025,28,79.647468743595
screw,2,0.005,28,80.59028489444559
screw,2,0.01,28,78.0897724943636
screw,2,0.02,28,72.67882762861242
screw,2,0.05,28,67.84177085468333
screw,2,0.001,29,79.23754867800778
screw,2,0.0025,29,79.68846075015372
screw,2,0.005,29,79.72945275671245
screw,2,0.01,29,77.10596433695429
screw,2,0.02,29,72.14593154334905
screw,2,0.05,29,67.55482680877229
screw,2,0.001,30,78.00778848124615
screw,2,0.0025,30,78.86862061897929
screw,2,0.005,30,80.11887681902029
screw,2,0.01,30,77.47489239598278
screw,2,0.02,30,72.30989956958393
screw,2,0.05,30,67.20639475302316
screw,2,0.001,31,79.17606066816971
screw,2,0.0025,31,79.77044476327116
screw,2,0.005,31,80.77474892395983
screw,2,0.01,31,78.27423652387785
screw,2,0.02,31,72.78130764500922
screw,2,0.05,31,67.92375486780078
screw,2,0.001,32,78.52018856323016
screw,2,0.0025,32,78.95060463209674
screw,2,0.005,32,79.31953269112523
screw,2,0.01,32,76.634556261529
screw,2,0.02,32,71.9614675138348
screw,2,0.05,32,67.083418733347
screw,2,0.001,33,79.17606066816971
screw,2,0.0025,33,79.93441278950604
screw,2,0.005,33,80.81574093051854
screw,2,0.01,33,78.56118056978889
screw,2,0.02,33,72.9452756712441
screw,2,0.05,33,67.57532281205165
screw,2,0.001,34,78.54068456650953
screw,2,0.0025,34,79.05308464849354
screw,2,0.005,34,79.72945275671245
screw,2,0.01,34,77.65935642549702
screw,2,0.02,34,72.3303955728633
screw,2,0.05,34,67.3908587825374
screw,2,0.001,35,78.7661406025825
screw,2,0.0025,35,79.23754867800778
screw,2,0.005,35,79.50399672063948
screw,2,0.01,35,77.08546833367494
screw,2,0.02,35,72.30989956958393
screw,2,0.05,35,67.4523467923755
screw,2,0.001,36,78.93010862881738
screw,2,0.0025,36,79.5449887271982
screw,2,0.005,36,80.11887681902029
screw,2,0.01,36,77.37241237958598
screw,2,0.02,36,72.41237958598073
screw,2,0.05,36,67.59581881533101
screw,2,0.001,37,78.49969255995082
screw,2,0.0025,37,78.82762861242058
screw,2,0.005,37,78.86862061897929
screw,2,0.01,37,76.49108423857348
screw,2,0.02,37,71.73601147776183
screw,2,0.05,37,67.30887476941996
screw,2,0.001,38,78.35622053699528
screw,2,0.0025,38,78.84812461569994
screw,2,0.005,38,79.27854068456651
screw,2,0.01,38,77.18794835007174
screw,2,0.02,38,71.94097151055544
screw,2,0.05,38,67.12441073990571
screw,2,0.001,39,78.70465259274441
screw,2,0.0025,39,79.15556466489035
screw,2,0.005,39,79.46300471408075
screw,2,0.01,39,76.73703627792581
screw,2,0.02,39,71.67452346792375
screw,2,0.05,39,67.083418733347
screw,2,0.001,40,77.70034843205575
screw,2,0.0025,40,78.17175650748104
screw,2,0.005,40,79.0735806517729
screw,2,0.01,40,76.42959622873539
screw,2,0.02,40,71.79749948759992
screw,2,0.05,40,67.34986677597868
screw,2,0.001,41,79.19655667144907
screw,2,0.0025,41,79.72945275671245
screw,2,0.005,41,80.11887681902029
screw,2,0.01,41,77.59786841565895
screw,2,0.02,41,72.57634761221561
screw,2,0.05,41,67.90325886452142
screw,2,0.001,42,78.95060463209674
screw,2,0.0025,42,79.42201270752203
screw,2,0.005,42,79.72945275671245
screw,2,0.01,42,77.10596433695429
screw,2,0.02,42,72.43287558926009
screw,2,0.05,42,67.14490674318508
screw,2,0.001,43,78.72514859602377
screw,2,0.0025,43,79.15556466489035
screw,2,0.005,43,79.89342078294733
screw,2,0.01,43,77.76183644189383
screw,2,0.02,43,72.28940356630457
screw,2,0.05,43,67.80077884812462
screw,2,0.001,44,78.49969255995082
screw,2,0.0025,44,79.23754867800778
screw,2,0.005,44,80.28284484525517
screw,2,0.01,44,78.00778848124615
screw,2,0.02,44,72.71981963517113
screw,2,0.05,44,67.47284279565484
screw,2,0.001,45,78.43820455011273
screw,2,0.0025,45,79.05308464849354
screw,2,0.005,45,79.38102070096332
screw,2,0.01,45,77.22894035663046
screw,2,0.02,45,72.16642754662841
screw,2,0.05,45,67.10391473662636
screw,2,0.001,46,79.58598073375691
screw,2,0.0025,46,80.05738880918221
screw,2,0.005,46,80.38532486165198
screw,2,0.01,46,77.94630047140808
screw,2,0.02,46,72.65833162533306
screw,2,0.05,46,67.63681082188972
screw,2,0.001,47,79.7499487599918
screw,2,0.0025,47,80.11887681902029
screw,2,0.005,47,80.46730887476942
screw,2,0.01,47,77.76183644189383
screw,2,0.02,47,72.57634761221561
screw,2,0.05,47,67.98524287763885
screw,2,0.001,48,78.93010862881738
screw,2,0.0025,48,79.19655667144907
screw,2,0.005,48,79.27854068456651
screw,2,0.01,48,76.5320762451322
screw,2,0.02,48,71.22361139577782
screw,2,0.05,48,66.96044271367083
screw,2,0.001,49,78.88911662225865
screw,2,0.0025,49,79.27854068456651
screw,2,0.005,49,80.03689280590285
screw,2,0.01,49,77.45439639270343
screw,2,0.02,49,72.28940356630457
screw,2,0.05,49,67.24738675958189
screw,2,0.001,50,79.19655667144907
screw,2,0.0025,50,79.83193277310924
screw,2,0.005,50,80.2213568354171
screw,2,0.01,50,77.74134043861447
screw,2,0.02,50,72.08444353351096
screw,2,0.05,50,67.41135478581677
screw,2,0.001,51,78.25374052059848
screw,2,0.0025,51,78.86862061897929
screw,2,0.005,51,79.83193277310924
screw,2,0.01,51,77.4134043861447
screw,2,0.02,51,72.26890756302521
screw,2,0.05,51,67.4523467923755
screw,2,0.001,52,79.38102070096332
screw,2,0.0025,52,79.8524287763886
screw,2,0.005,52,80.61078089772495
screw,2,0.01,52,77.84382045501127
screw,2,0.02,52,72.6378356220537
screw,2,0.05,52,67.37036277925804
screw,2,0.001,53,79.21705267472842
screw,2,0.0025,53,79.48350071736012
screw,2,0.005,53,80.01639680262349
screw,2,0.01,53,77.7823324451732
screw,2,0.02,53,72.24841155974585
screw,2,0.05,53,67.4933387989342
screw,2,0.001,54,78.90961262553802
screw,2,0.0025,54,79.83193277310924
screw,2,0.005,54,80.59028489444559
screw,2,0.01,54,77.96679647468744
screw,2,0.02,54,72.71981963517113
screw,2,0.05,54,67.94425087108014
screw,2,0.001,55,79.68846075015372
screw,2,0.0025,55,79.8524287763886
screw,2,0.005,55,80.44681287149005
screw,2,0.01,55,78.00778848124615
screw,2,0.02,55,72.35089157614266
screw,2,0.05,55,67.24738675958189
screw,2,0.001,56,78.1922525107604
screw,2,0.0025,56,79.09407665505226
screw,2,0.005,56,79.05308464849354
screw,2,0.01,56,76.75753228120516
screw,2,0.02,56,71.92047550727608
screw,2,0.05,56,67.10391473662636
screw,2,0.001,57,78.93010862881738
screw,2,0.0025,57,79.56548473047755
screw,2,0.005,57,80.50830088132814
screw,2,0.01,57,78.04878048780488
screw,2,0.02,57,72.7403156384505
screw,2,0.05,57,67.26788276286125
screw,2,0.001,58,77.74134043861447
screw,2,0.0025,58,78.58167657306825
screw,2,0.005,58,79.5449887271982
screw,2,0.01,58,77.47489239598278
screw,2,0.02,58,72.43287558926009
screw,2,0.05,58,67.61631481861038
screw,2,0.001,59,79.31953269112523
screw,2,0.0025,59,79.87292477966797
screw,2,0.005,59,80.20086083213774
screw,2,0.01,59,77.72084443533511
screw,2,0.02,59,72.69932363189179
screw,2,0.05,59,67.78028284484526
screw,2,0.001,60,79.09407665505226
screw,2,0.0025,60,79.72945275671245
screw,2,0.005,60,80.20086083213774
screw,2,0.01,60,77.80282844845256
screw,2,0.02,60,72.22791555646648
screw,2,0.05,60,67.73929083828654
screw,2,0.001,61,78.99159663865547
screw,2,0.0025,61,79.40151670424267
screw,2,0.005,61,80.36482885837262
screw,2,0.01,61,77.96679647468744
screw,2,0.02,61,72.30989956958393
screw,2,0.05,61,67.53433080549293
screw,2,0.001,62,79.62697274031564
screw,2,0.0025,62,80.11887681902029
screw,2,0.005,62,80.65177290428366
screw,2,0.01,62,77.8233244517319
screw,2,0.02,62,72.57634761221561
screw,2,0.05,62,67.82127485140397
screw,2,0.001,63,78.68415658946506
screw,2,0.0025,63,79.58598073375691
screw,2,0.005,63,80.48780487804878
screw,2,0.01,63,77.86431645829063
screw,2,0.02,63,72.71981963517113
screw,2,0.05,63,67.88276286124206
screw,2,0.001,64,79.03258864521419
screw,2,0.0025,64,80.03689280590285
screw,2,0.005,64,80.54929288788686
screw,2,0.01,64,77.8233244517319
screw,2,0.02,64,72.49436359909818
screw,2,0.05,64,67.7597868415659
screw,2,0.001,65,78.54068456650953
screw,2,0.0025,65,79.31953269112523
screw,2,0.005,65,79.647468743595
screw,2,0.01,65,77.39290838286534
screw,2,0.02,65,72.3303955728633
screw,2,0.05,65,67.61631481861038
screw,2,0.001,66,79.44250871080139
screw,2,0.0025,66,79.8524287763886
screw,2,0.005,66,80.03689280590285
screw,2,0.01,66,77.5158844025415
screw,2,0.02,66,72.371387579422
screw,2,0.05,66,67.67780282844845
screw,2,0.001,67,77.86431645829063
screw,2,0.0025,67,78.74564459930313
screw,2,0.005,67,80.13937282229965
screw,2,0.01,67,77.90530846484936
screw,2,0.02,67,72.30989956958393
screw,2,0.05,67,67.65730682516909
screw,2,0.001,68,79.01209264193483
screw,2,0.0025,68,79.68846075015372
screw,2,0.005,68,80.69276491084239
screw,2,0.01,68,77.61836441893831
screw,2,0.02,68,72.14593154334905
screw,2,0.05,68,67.65730682516909
screw,2,0.001,69,79.44250871080139
screw,2,0.0025,69,79.89342078294733
screw,2,0.005,69,80.71326091412175
screw,2,0.01,69,78.33572453371592
screw,2,0.02,69,73.00676368108219
screw,2,0.05,69,67.78028284484526
screw,2,0.001,70,79.15556466489035
screw,2,0.0025,70,79.89342078294733
screw,2,0.005,70,80.75425292068047
screw,2,0.01,70,78.1922525107604
screw,2,0.02,70,72.7403156384505
screw,2,0.05,70,67.88276286124206
screw,2,0.001,71,79.62697274031564
screw,2,0.0025,71,80.15986882557901
screw,2,0.005,71,80.38532486165198
screw,2,0.01,71,78.04878048780488
screw,2,0.02,71,72.78130764500922
screw,2,0.05,71,67.69829883172781
screw,2,0.001,72,79.31953269112523
screw,2,0.0025,72,79.83193277310924
screw,2,0.005,72,80.95921295347408
screw,2,0.01,72,78.27423652387785
screw,2,0.02,72,72.45337159253945
screw,2,0.05,72,67.59581881533101
screw,2,0.001,73,78.74564459930313
screw,2,0.0025,73,79.3400286944046
screw,2,0.005,73,80.20086083213774
screw,2,0.01,73,77.86431645829063
screw,2,0.02,73,72.57634761221561
screw,2,0.05,73,67.41135478581677
screw,2,0.001,74,79.8524287763886
screw,2,0.0025,74,80.34433285509326
screw,2,0.005,74,81.28714900594385
screw,2,0.01,74,78.74564459930313
screw,2,0.02,74,73.10924369747899
screw,2,0.05,74,67.65730682516909
screw,2,0.001,75,78.95060463209674
screw,2,0.0025,75,79.42201270752203
screw,2,0.005,75,80.24185283869646
screw,2,0.01,75,77.7823324451732
screw,2,0.02,75,72.57634761221561
screw,2,0.05,75,67.43185078909613
screw,2,0.001,76,79.58598073375691
screw,2,0.0025,76,80.26234884197582
screw,2,0.005,76,81.16417298626767
screw,2,0.01,76,78.62266857962697
screw,2,0.02,76,73.04775568764092
screw,2,0.05,76,67.69829883172781
screw,2,0.001,77,76.96249231399877
screw,2,0.0025,77,78.06927649108424
screw,2,0.005,77,79.05308464849354
screw,2,0.01,77,76.9419963107194
screw,2,0.02,77,72.00245952039353
screw,2,0.05,77,67.14490674318508
screw,2,0.001,78,79.01209264193483
screw,2,0.0025,78,79.52449272391884
screw,2,0.005,78,80.4263168682107
screw,2,0.01,78,77.72084443533511
screw,2,0.02,78,72.16642754662841
screw,2,0.05,78,67.43185078909613
screw,2,0.001,79,77.8233244517319
screw,2,0.0025,79,78.6636605861857
screw,2,0.005,79,79.62697274031564
screw,2,0.01,79,77.18794835007174
screw,2,0.02,79,72.00245952039353
screw,2,0.05,79,67.59581881533101
screw,2,0.001,80,78.70465259274441
screw,2,0.0025,80,79.13506866161099
screw,2,0.005,80,80.07788481246158
screw,2,0.01,80,77.84382045501127
screw,2,0.02,80,72.47386759581882
screw,2,0.05,80,67.2883787661406
screw,2,0.001,81,79.05308464849354
screw,2,0.0025,81,79.48350071736012
screw,2,0.005,81,80.18036482885837
screw,2,0.01,81,77.70034843205575
screw,2,0.02,81,72.57634761221561
screw,2,0.05,81,67.4523467923755
screw,2,0.001,82,78.68415658946506
screw,2,0.0025,82,79.48350071736012
screw,2,0.005,82,80.28284484525517
screw,2,0.01,82,77.90530846484936
screw,2,0.02,82,72.35089157614266
screw,2,0.05,82,67.26788276286125
screw,2,0.001,83,78.43820455011273
screw,2,0.0025,83,79.25804468128715
screw,2,0.005,83,79.70895675343309
screw,2,0.01,83,77.29042836646853
screw,2,0.02,83,72.22791555646648
screw,2,0.05,83,67.57532281205165
screw,2,0.001,84,79.11457265833162
screw,2,0.0025,84,79.647468743595
screw,2,0.005,84,79.97540479606477
screw,2,0.01,84,77.18794835007174
screw,2,0.02,84,72.00245952039353
screw,2,0.05,84,67.57532281205165
screw,2,0.001,85,78.62266857962697
screw,2,0.0025,85,79.23754867800778
screw,2,0.005,85,79.11457265833162
screw,2,0.01,85,76.98298831727813
screw,2,0.02,85,71.63353146136504
screw,2,0.05,85,67.26788276286125
screw,2,0.001,86,79.46300471408075
screw,2,0.0025,86,80.18036482885837
screw,2,0.005,86,80.48780487804878
screw,2,0.01,86,77.53638040582086
screw,2,0.02,86,72.08444353351096
screw,2,0.05,86,67.26788276286125
screw,2,0.001,87,79.23754867800778
screw,2,0.0025,87,79.77044476327116
screw,2,0.005,87,80.15986882557901
screw,2,0.01,87,77.55687640910023
screw,2,0.02,87,72.30989956958393
screw,2,0.05,87,67.4933387989342
screw,2,0.001,88,79.5449887271982
screw,2,0.0025,88,79.9549087927854
screw,2,0.005,88,80.67226890756302
screw,2,0.01,88,78.02828448452551
screw,2,0.02,88,72.12543554006969
screw,2,0.05,88,67.26788276286125
screw,2,0.001,89,79.19655667144907
screw,2,0.0025,89,79.81143676982988
screw,2,0.005,89,80.75425292068047
screw,2,0.01,89,78.58167657306825
screw,2,0.02,89,73.06825169092028
screw,2,0.05,89,68.0672268907563
screw,2,0.001,90,79.05308464849354
screw,2,0.0025,90,79.87292477966797
screw,2,0.005,90,80.61078089772495
screw,2,0.01,90,77.80282844845256
screw,2,0.02,90,72.39188358270137
screw,2,0.05,90,67.4523467923755
screw,2,0.001,91,79.29903668784587
screw,2,0.0025,91,79.79094076655052
screw,2,0.005,91,80.09838081574092
screw,2,0.01,91,77.74134043861447
screw,2,0.02,91,72.39188358270137
screw,2,0.05,91,67.4523467923755
screw,2,0.001,92,77.8233244517319
screw,2,0.0025,92,78.62266857962697
screw,2,0.005,92,79.27854068456651
screw,2,0.01,92,77.18794835007174
screw,2,0.02,92,71.67452346792375
screw,2,0.05,92,66.85796269727403
screw,2,0.001,93,78.33572453371592
screw,2,0.0025,93,79.11457265833162
screw,2,0.005,93,79.87292477966797
screw,2,0.01,93,77.35191637630662
screw,2,0.02,93,72.371387579422
screw,2,0.05,93,67.34986677597868
screw,2,0.001,94,79.42201270752203
screw,2,0.0025,94,79.66796474687436
screw,2,0.005,94,80.40582086493134
screw,2,0.01,94,77.33142037302726
screw,2,0.02,94,72.08444353351096
screw,2,0.05,94,67.43185078909613
screw,2,0.001,95,78.95060463209674
screw,2,0.0025,95,79.62697274031564
screw,2,0.005,95,80.09838081574092
screw,2,0.01,95,77.5158844025415
screw,2,0.02,95,72.08444353351096
screw,2,0.05,95,67.26788276286125
screw,2,0.001,96,77.57737241237959
screw,2,0.0025,96,78.37671654027464
screw,2,0.005,96,78.78663660586186
screw,2,0.01,96,76.49108423857348
screw,2,0.02,96,71.3875794220127
screw,2,0.05,96,66.83746669399467
screw,2,0.001,97,78.47919655667145
screw,2,0.0025,97,79.19655667144907
screw,2,0.005,97,80.20086083213774
screw,2,0.01,97,77.92580446812872
screw,2,0.02,97,72.49436359909818
screw,2,0.05,97,67.4523467923755
screw,2,0.001,98,78.9711006353761
screw,2,0.0025,98,79.81143676982988
screw,2,0.005,98,80.69276491084239
screw,2,0.01,98,78.1922525107604
screw,2,0.02,98,72.65833162533306
screw,2,0.05,98,67.7597868415659
screw,2,0.001,99,79.48350071736012
screw,2,0.0025,99,80.11887681902029
screw,2,0.005,99,80.34433285509326
screw,2,0.01,99,78.02828448452551
screw,2,0.02,99,72.41237958598073
screw,2,0.05,99,67.3908587825374
screw,4,0.001,0,75.42529206804673
screw,4,0.0025,0,76.24513219922115
screw,4,0.005,0,77.02398032383685
screw,4,0.01,0,75.22033203525312
screw,4,0.02,0,70.48575527772084
screw,4,0.05,0,66.38655462184875
screw,4,0.001,1,77.76183644189383
screw,4,0.0025,1,78.02828448452551
screw,4,0.005,1,78.29473252715721
screw,4,0.01,1,76.14265218282435
screw,4,0.02,1,71.69501947120311
screw,4,0.05,1,67.20639475302316
screw,4,0.001,2,74.66693994671039
screw,4,0.0025,2,75.91719614675138
screw,4,0.005,2,76.47058823529412
screw,4,0.01,2,75.60975609756098
screw,4,0.02,2,70.62922730067636
screw,4,0.05,2,66.5095306415249
screw,4,0.001,3,77.70034843205575
screw,4,0.0025,3,78.68415658946506
screw,4,0.005,3,78.99159663865547
screw,4,0.01,3,77.2084443533511
screw,4,0.02,3,72.02295552367288
screw,4,0.05,3,67.04242672678828
screw,4,0.001,4,75.7532281205165
screw,4,0.0025,4,76.61406025824964
screw,4,0.005,4,77.12646034023365
screw,4,0.01,4,75.48678007788482
screw,4,0.02,4,71.0801393728223
screw,4,0.05,4,66.55052264808363
screw,4,0.001,5,76.92150030744006
screw,4,0.0025,5,77.88481246157
screw,4,0.005,5,77.96679647468744
screw,4,0.01,5,76.36810821889732
screw,4,0.02,5,71.03914736626358
screw,4,0.05,5,66.83746669399467
screw,4,0.001,6,76.45009223201475
screw,4,0.0025,6,76.61406025824964
screw,4,0.005,6,75.69174011067842
screw,4,0.01,6,74.03156384505021
screw,4,0.02,6,69.78889116622258
screw,4,0.05,6,66.28407460545193
screw,4,0.001,7,75.83521213363395
screw,4,0.0025,7,76.65505226480836
screw,4,0.005,7,77.33142037302726
screw,4,0.01,7,75.71223611395777
screw,4,0.02,7,71.0801393728223
screw,4,0.05,7,66.65300266448043
screw,4,0.001,8,76.9419963107194
screw,4,0.0025,8,77.65935642549702
screw,4,0.005,8,77.61836441893831
screw,4,0.01,8,75.42529206804673
screw,4,0.02,8,70.97765935642549
screw,4,0.05,8,66.6120106579217
screw,4,0.001,9,77.3109243697479
screw,4,0.0025,9,77.96679647468744
screw,4,0.005,9,77.84382045501127
screw,4,0.01,9,75.63025210084034
screw,4,0.02,9,71.22361139577782
screw,4,0.05,9,67.02193072350892
screw,4,0.001,10,75.50727608116418
screw,4,0.0025,10,76.3271162123386
screw,4,0.005,10,75.7532281205165
screw,4,0.01,10,73.97007583521213
screw,4,0.02,10,70.54724328755893
screw,4,0.05,10,66.32506661201066
screw,4,0.001,11,76.49108423857348
screw,4,0.0025,11,77.4134043861447
screw,4,0.005,11,77.98729247796679
screw,4,0.01,11,76.20414019266244
screw,4,0.02,11,71.98196351711417
screw,4,0.05,11,67.80077884812462
screw,4,0.001,12,76.38860422217668
screw,4,0.0025,12,77.39290838286534
screw,4,0.005,12,78.00778848124615
screw,4,0.01,12,76.18364418938307
screw,4,0.02,12,71.20311539249846
screw,4,0.05,12,67.26788276286125
screw,4,0.001,13,76.16314818610371
screw,4,0.0025,13,76.77802828448452
screw,4,0.005,13,77.18794835007174
screw,4,0.01,13,75.85570813691331
screw,4,0.02,13,70.83418733346997
screw,4,0.05,13,66.71449067431851
screw,4,0.001,14,77.24943635990982
screw,4,0.0025,14,78.00778848124615
screw,4,0.005,14,78.1922525107604
screw,4,0.01,14,76.57306825169093
screw,4,0.02,14,71.92047550727608
screw,4,0.05,14,67.4523467923755
screw,4,0.001,15,76.96249231399877
screw,4,0.0025,15,77.45439639270343
screw,4,0.005,15,77.61836441893831
screw,4,0.01,15,76.0606681697069
screw,4,0.02,15,71.40807542529207
screw,4,0.05,15,66.73498667759787
screw,4,0.001,16,76.34761221561796
screw,4,0.0025,16,76.67554826808772
screw,4,0.005,16,76.86001229760197
screw,4,0.01,16,75.32281205164993
screw,4,0.02,16,70.52674728427957
screw,4,0.05,16,66.8784587005534
screw,4,0.001,17,76.8395162943226
screw,4,0.0025,17,77.59786841565895
screw,4,0.005,17,77.98729247796679
screw,4,0.01,17,76.55257224841156
screw,4,0.02,17,71.22361139577782
screw,4,0.05,17,67.12441073990571
screw,4,0.001,18,77.59786841565895
screw,4,0.0025,18,78.43820455011273
screw,4,0.005,18,78.7661406025825
screw,4,0.01,18,76.98298831727813
screw,4,0.02,18,72.22791555646648
screw,4,0.05,18,67.37036277925804
screw,4,0.001,19,77.88481246157
screw,4,0.0025,19,78.23324451731912
screw,4,0.005,19,78.58167657306825
screw,4,0.01,19,76.55257224841156
screw,4,0.02,19,71.83849149415865
screw,4,0.05,19,67.26788276286125
screw,4,0.001,20,74.60545193687231
screw,4,0.0025,20,75.11785201885633
screw,4,0.005,20,75.7532281205165
screw,4,0.01,20,74.42098790735807
screw,4,0.02,20,70.79319532691125
screw,4,0.05,20,66.96044271367083
screw,4,0.001,21,77.86431645829063
screw,4,0.0025,21,78.47919655667145
screw,4,0.005,21,78.60217257634761
screw,4,0.01,21,76.30662020905923
screw,4,0.02,21,71.42857142857143
screw,4,0.05,21,66.79647468743595
screw,4,0.001,22,77.5158844025415
screw,4,0.0025,22,77.86431645829063
screw,4,0.005,22,78.88911662225865
screw,4,0.01,22,77.10596433695429
screw,4,0.02,22,71.89997950399672
screw,4,0.05,22,67.41135478581677
screw,4,0.001,23,75.85570813691331
screw,4,0.0025,23,76.42959622873539
screw,4,0.005,23,77.02398032383685
screw,4,0.01,23,75.32281205164993
screw,4,0.02,23,71.3875794220127
screw,4,0.05,23,66.77597868415658
screw,4,0.001,24,76.69604427136709
screw,4,0.0025,24,77.33142037302726
screw,4,0.005,24,77.14695634351301
screw,4,0.01,24,75.42529206804673
screw,4,0.02,24,70.95716335314614
screw,4,0.05,24,66.65300266448043
screw,4,0.001,25,75.46628407460545
screw,4,0.0025,25,75.93769215003074
screw,4,0.005,25,76.01967616314819
screw,4,0.01,25,74.4004919040787
screw,4,0.02,25,70.34228325476532
screw,4,0.05,25,66.73498667759787
screw,4,0.001,26,77.63886042221766
screw,4,0.0025,26,77.94630047140808
screw,4,0.005,26,77.96679647468744
screw,4,0.01,26,76.01967616314819
screw,4,0.02,26,71.22361139577782
screw,4,0.05,26,66.75548268087722
screw,4,0.001,27,77.43390038942407
screw,4,0.0025,27,78.1922525107604
screw,4,0.005,27,78.84812461569994
screw,4,0.01,27,76.92150030744006
screw,4,0.02,27,71.7565074810412
screw,4,0.05,27,66.6120106579217
screw,4,0.001,28,75.71223611395777
screw,4,0.0025,28,76.47058823529412
screw,4,0.005,28,76.20414019266244
screw,4,0.01,28,74.81041196966592
screw,4,0.02,28,70.34228325476532
screw,4,0.05,28,66.09961057593769
screw,4,0.001,29,78.43820455011273
screw,4,0.0025,29,78.88911662225865
screw,4,0.005,29,78.45870055339209
screw,4,0.01,29,76.5320762451322
screw,4,0.02,29,71.42857142857143
screw,4,0.05,29,67.30887476941996
screw,4,0.001,30,76.16314818610371
screw,4,0.0025,30,76.42959622873539
screw,4,0.005,30,76.69604427136709
screw,4,0.01,30,74.31850789096126
screw,4,0.02,30,69.6249231399877
screw,4,0.05,30,65.87415453986473
screw,4,0.001,31,77.22894035663046
screw,4,0.0025,31,77.96679647468744
screw,4,0.005,31,77.90530846484936
screw,4,0.01,31,75.79422012707522
screw,4,0.02,31,70.85468333674933
screw,4,0.05,31,66.26357860217257
screw,4,0.001,32,74.95388399262144
screw,4,0.0025,32,75.50727608116418
screw,4,0.005,32,75.3433080549293
screw,4,0.01,32,74.07255585160894
screw,4,0.02,32,69.64541914326706
screw,4,0.05,32,66.09961057593769
screw,4,0.001,33,76.65505226480836
screw,4,0.0025,33,77.22894035663046
screw,4,0.005,33,77.55687640910023
screw,4,0.01,33,75.89670014347202
screw,4,0.02,33,71.46956343513015
screw,4,0.05,33,66.83746669399467
screw,4,0.001,34,77.43390038942407
screw,4,0.0025,34,77.84382045501127
screw,4,0.005,34,78.21274851403976
screw,4,0.01,34,76.08116417298626
screw,4,0.02,34,71.32609141217462
screw,4,0.05,34,67.02193072350892
screw,4,0.001,35,76.86001229760197
screw,4,0.0025,35,77.74134043861447
screw,4,0.005,35,77.3109243697479
screw,4,0.01,35,76.0606681697069
screw,4,0.02,35,71.28509940561591
screw,4,0.05,35,66.85796269727403
screw,4,0.001,36,75.56876409100225
screw,4,0.0025,36,77.08546833367494
screw,4,0.005,36,78.0897724943636
screw,4,0.01,36,76.55257224841156
screw,4,0.02,36,71.46956343513015
screw,4,0.05,36,67.2883787661406
screw,4,0.001,37,76.59356425497027
screw,4,0.0025,37,77.55687640910023
screw,4,0.005,37,77.29042836646853
screw,4,0.01,37,75.42529206804673
screw,4,0.02,37,71.26460340233655
screw,4,0.05,37,66.75548268087722
screw,4,0.001,38,76.65505226480836
screw,4,0.0025,38,77.08546833367494
screw,4,0.005,38,77.26993236318918
screw,4,0.01,38,75.54826808772289
screw,4,0.02,38,71.05964336954294
screw,4,0.05,38,66.89895470383276
screw,4,0.001,39,76.81902029104324
screw,4,0.0025,39,77.61836441893831
screw,4,0.005,39,77.76183644189383
screw,4,0.01,39,76.3271162123386
screw,4,0.02,39,71.7565074810412
screw,4,0.05,39,66.89895470383276
screw,4,0.001,40,75.50727608116418
screw,4,0.0025,40,76.34761221561796
screw,4,0.005,40,76.88050830088133
screw,4,0.01,40,75.3433080549293
screw,4,0.02,40,70.95716335314614
screw,4,0.05,40,66.73498667759787
screw,4,0.001,41,75.48678007788482
screw,4,0.0025,41,75.63025210084034
screw,4,0.005,41,75.71223611395777
screw,4,0.01,41,73.66263578602172
screw,4,0.02,41,69.50194712031154
screw,4,0.05,41,66.05861856937896
screw,4,0.001,42,77.43390038942407
screw,4,0.0025,42,77.86431645829063
screw,4,0.005,42,78.1922525107604
screw,4,0.01,42,76.08116417298626
screw,4,0.02,42,71.57204345152695
screw,4,0.05,42,67.26788276286125
screw,4,0.001,43,76.40910022545603
screw,4,0.0025,43,77.49538839926214
screw,4,0.005,43,76.57306825169093
screw,4,0.01,43,74.89239598278336
screw,4,0.02,43,70.44476327116212
screw,4,0.05,43,66.18159458905514
screw,4,0.001,44,78.13076450092233
screw,4,0.0025,44,78.80713260914122
screw,4,0.005,44,78.60217257634761
screw,4,0.01,44,75.9581881533101
screw,4,0.02,44,71.53105144496823
screw,4,0.05,44,67.37036277925804
screw,4,0.001,45,76.57306825169093
screw,4,0.0025,45,77.18794835007174
screw,4,0.005,45,77.45439639270343
screw,4,0.01,45,75.67124410739906
screw,4,0.02,45,70.97765935642549
screw,4,0.05,45,67.083418733347
screw,4,0.001,46,77.59786841565895
screw,4,0.0025,46,78.74564459930313
screw,4,0.005,46,78.80713260914122
screw,4,0.01,46,76.92150030744006
screw,4,0.02,46,71.67452346792375
screw,4,0.05,46,66.91945070711212
screw,4,0.001,47,77.3109243697479
screw,4,0.0025,47,77.96679647468744
screw,4,0.005,47,78.04878048780488
screw,4,0.01,47,76.14265218282435
screw,4,0.02,47,70.69071531051445
screw,4,0.05,47,66.55052264808363
screw,4,0.001,48,75.85570813691331
screw,4,0.0025,48,76.59356425497027
screw,4,0.005,48,76.92150030744006
screw,4,0.01,48,74.9743799959008
screw,4,0.02,48,70.44476327116212
screw,4,0.05,48,66.63250666120106
screw,4,0.001,49,76.10166017626563
screw,4,0.0025,49,76.69604427136709
screw,4,0.005,49,76.20414019266244
screw,4,0.01,49,75.26132404181185
screw,4,0.02,49,70.69071531051445
screw,4,0.05,49,66.16109858577578
screw,4,0.001,50,77.18794835007174
screw,4,0.0025,50,77.92580446812872
screw,4,0.005,50,78.35622053699528
screw,4,0.01,50,75.7532281205165
screw,4,0.02,50,70.67021930723509
screw,4,0.05,50,66.26357860217257
screw,4,0.001,51,76.2246361959418
screw,4,0.0025,51,76.47058823529412
screw,4,0.005,51,76.8395162943226
screw,4,0.01,51,75.58926009428161
screw,4,0.02,51,71.10063537610166
screw,4,0.05,51,66.8784587005534
screw,4,0.001,52,76.88050830088133
screw,4,0.0025,52,77.49538839926214
screw,4,0.005,52,78.56118056978889
screw,4,0.01,52,76.24513219922115
screw,4,0.02,52,71.34658741545398
screw,4,0.05,52,67.20639475302316
screw,4,0.001,53,75.26132404181185
screw,4,0.0025,53,76.0606681697069
screw,4,0.005,53,76.38860422217668
screw,4,0.01,53,74.54396392703423
screw,4,0.02,53,70.42426726788277
screw,4,0.05,53,66.6120106579217
screw,4,0.001,54,77.12646034023365
screw,4,0.0025,54,78.00778848124615
screw,4,0.005,54,78.25374052059848
screw,4,0.01,54,76.9010043041607
screw,4,0.02,54,71.92047550727608
screw,4,0.05,54,67.04242672678828
screw,4,0.001,55,76.49108423857348
screw,4,0.0025,55,77.22894035663046
screw,4,0.005,55,76.8395162943226
screw,4,0.01,55,74.9743799959008
screw,4,0.02,55,70.58823529411765
screw,4,0.05,55,66.5095306415249
screw,4,0.001,56,77.29042836646853
screw,4,0.0025,56,78.21274851403976
screw,4,0.005,56,78.90961262553802
screw,4,0.01,56,76.69604427136709
screw,4,0.02,56,71.34658741545398
screw,4,0.05,56,66.79647468743595
screw,4,0.001,57,77.2084443533511
screw,4,0.0025,57,77.5158844025415
screw,4,0.005,57,77.86431645829063
screw,4,0.01,57,76.40910022545603
screw,4,0.02,57,71.7565074810412
screw,4,0.05,57,67.69829883172781
screw,4,0.001,58,76.86001229760197
screw,4,0.0025,58,77.61836441893831
screw,4,0.005,58,77.14695634351301
screw,4,0.01,58,75.7532281205165
screw,4,0.02,58,70.95716335314614
screw,4,0.05,58,66.69399467103915
screw,4,0.001,59,77.12646034023365
screw,4,0.0025,59,77.55687640910023
screw,4,0.005,59,77.8233244517319
screw,4,0.01,59,76.14265218282435
screw,4,0.02,59,71.71551547448247
screw,4,0.05,59,67.34986677597868
screw,4,0.001,60,77.55687640910023
screw,4,0.0025,60,78.02828448452551
screw,4,0.005,60,77.8233244517319
screw,4,0.01,60,75.6507481041197
screw,4,0.02,60,70.83418733346997
screw,4,0.05,60,66.38655462184875
screw,4,0.001,61,76.18364418938307
screw,4,0.0025,61,77.06497233039558
screw,4,0.005,61,76.61406025824964
screw,4,0.01,61,74.99487599918017
screw,4,0.02,61,70.42426726788277
screw,4,0.05,61,66.81697069071531
screw,4,0.001,62,77.12646034023365
screw,4,0.0025,62,76.9419963107194
screw,4,0.005,62,76.92150030744006
screw,4,0.01,62,75.30231604837057
screw,4,0.02,62,70.73170731707317
screw,4,0.05,62,66.79647468743595
screw,4,0.001,63,77.49538839926214
screw,4,0.0025,63,77.86431645829063
screw,4,0.005,63,77.63886042221766
screw,4,0.01,63,75.48678007788482
screw,4,0.02,63,70.56773929083829
screw,4,0.05,63,66.48903463824554
screw,4,0.001,64,75.81471613035458
screw,4,0.0025,64,76.49108423857348
screw,4,0.005,64,76.79852428776388
screw,4,0.01,64,75.15884402541505
screw,4,0.02,64,70.75220332035254
screw,4,0.05,64,66.36605861856938
screw,4,0.001,65,77.59786841565895
screw,4,0.0025,65,78.11026849764296
screw,4,0.005,65,78.45870055339209
screw,4,0.01,65,76.73703627792581
screw,4,0.02,65,71.77700348432056
screw,4,0.05,65,66.8784587005534
screw,4,0.001,66,76.49108423857348
screw,4,0.0025,66,77.08546833367494
screw,4,0.005,66,77.47489239598278
screw,4,0.01,66,75.44578807132609
screw,4,0.02,66,71.12113137938103
screw,4,0.05,66,67.083418733347
screw,4,0.001,67,76.34761221561796
screw,4,0.0025,67,76.96249231399877
screw,4,0.005,67,77.2084443533511
screw,4,0.01,67,75.67124410739906
screw,4,0.02,67,70.97765935642549
screw,4,0.05,67,66.93994671039147
screw,4,0.001,68,75.91719614675138
screw,4,0.0025,68,76.9010043041607
screw,4,0.005,68,77.06497233039558
screw,4,0.01,68,75.6507481041197
screw,4,0.02,68,71.01865136298422
screw,4,0.05,68,66.8784587005534
screw,4,0.001,69,76.24513219922115
screw,4,0.0025,69,77.02398032383685
screw,4,0.005,69,77.10596433695429
screw,4,0.01,69,75.56876409100225
screw,4,0.02,69,71.10063537610166
screw,4,0.05,69,66.69399467103915
screw,4,0.001,70,76.86001229760197
screw,4,0.0025,70,77.43390038942407
screw,4,0.005,70,76.71654027464645
screw,4,0.01,70,74.25701988112318
screw,4,0.02,70,70.1988112318098
screw,4,0.05,70,66.57101865136299
screw,4,0.001,71,75.67124410739906
screw,4,0.0025,71,76.79852428776388
screw,4,0.005,71,76.8395162943226
screw,4,0.01,71,75.03586800573888
screw,4,0.02,71,70.85468333674933
screw,4,0.05,71,67.00143472022955
screw,4,0.001,72,78.29473252715721
screw,4,0.0025,72,78.90961262553802
screw,4,0.005,72,79.05308464849354
screw,4,0.01,72,77.57737241237959
screw,4,0.02,72,72.43287558926009
screw,4,0.05,72,67.51383480221357
screw,4,0.001,73,75.48678007788482
screw,4,0.0025,73,75.9581881533101
screw,4,0.005,73,76.16314818610371
screw,4,0.01,73,74.31850789096126
screw,4,0.02,73,69.78889116622258
screw,4,0.05,73,66.2020905923345
screw,4,0.001,74,74.46197991391679
screw,4,0.0025,74,75.32281205164993
screw,4,0.005,74,75.50727608116418
screw,4,0.01,74,74.42098790735807
screw,4,0.02,74,70.05533920885428
screw,4,0.05,74,66.24308259889321
screw,4,0.001,75,78.84812461569994
screw,4,0.0025,75,79.29903668784587
screw,4,0.005,75,79.38102070096332
screw,4,0.01,75,77.18794835007174
screw,4,0.02,75,72.04345152695224
screw,4,0.05,75,67.65730682516909
screw,4,0.001,76,76.81902029104324
screw,4,0.0025,76,77.24943635990982
screw,4,0.005,76,77.84382045501127
screw,4,0.01,76,75.99918015986883
screw,4,0.02,76,71.51055544168887
screw,4,0.05,76,67.22689075630252
screw,4,0.001,77,76.20414019266244
screw,4,0.0025,77,76.77802828448452
screw,4,0.005,77,76.75753228120516
screw,4,0.01,77,75.0768600122976
screw,4,0.02,77,71.03914736626358
screw,4,0.05,77,66.63250666120106
screw,4,0.001,78,77.08546833367494
screw,4,0.0025,78,77.80282844845256
screw,4,0.005,78,76.79852428776388
screw,4,0.01,78,74.9743799959008
screw,4,0.02,78,70.75220332035254
screw,4,0.05,78,66.46853863496618
screw,4,0.001,79,77.59786841565895
screw,4,0.0025,79,78.15126050420169
screw,4,0.005,79,78.25374052059848
screw,4,0.01,79,76.38860422217668
screw,4,0.02,79,71.61303545808568
screw,4,0.05,79,67.73929083828654
screw,4,0.001,80,77.37241237958598
screw,4,0.0025,80,77.61836441893831
screw,4,0.005,80,77.4134043861447
screw,4,0.01,80,75.60975609756098
screw,4,0.02,80,70.99815535970485
screw,4,0.05,80,66.26357860217257
screw,4,0.001,81,76.20414019266244
screw,4,0.0025,81,77.02398032383685
screw,4,0.005,81,77.29042836646853
screw,4,0.01,81,75.36380405820864
screw,4,0.02,81,70.71121131379381
screw,4,0.05,81,66.89895470383276
screw,4,0.001,82,76.9419963107194
screw,4,0.0025,82,77.18794835007174
screw,4,0.005,82,77.53638040582086
screw,4,0.01,82,76.0606681697069
screw,4,0.02,82,71.92047550727608
screw,4,0.05,82,67.20639475302316
screw,4,0.001,83,76.47058823529412
screw,4,0.0025,83,77.04447632711621
screw,4,0.005,83,78.02828448452551
screw,4,0.01,83,76.36810821889732
screw,4,0.02,83,71.98196351711417
screw,4,0.05,83,67.55482680877229
screw,4,0.001,84,76.98298831727813
screw,4,0.0025,84,77.61836441893831
screw,4,0.005,84,77.49538839926214
screw,4,0.01,84,75.71223611395777
screw,4,0.02,84,70.75220332035254
screw,4,0.05,84,66.38655462184875
screw,4,0.001,85,76.24513219922115
screw,4,0.0025,85,76.61406025824964
screw,4,0.005,85,76.8395162943226
screw,4,0.01,85,74.9743799959008
screw,4,0.02,85,70.95716335314614
screw,4,0.05,85,66.12010657921705
screw,4,0.001,86,75.26132404181185
screw,4,0.0025,86,75.77372412379586
screw,4,0.005,86,76.69604427136709
screw,4,0.01,86,75.22033203525312
screw,4,0.02,86,71.28509940561591
screw,4,0.05,86,67.02193072350892
screw,4,0.001,87,78.93010862881738
screw,4,0.0025,87,79.36052469768396
screw,4,0.005,87,79.62697274031564
screw,4,0.01,87,77.45439639270343
screw,4,0.02,87,72.49436359909818
screw,4,0.05,87,67.47284279565484
screw,4,0.001,88,77.72084443533511
screw,4,0.0025,88,77.98729247796679
screw,4,0.005,88,78.54068456650953
screw,4,0.01,88,76.71654027464645
screw,4,0.02,88,72.02295552367288
screw,4,0.05,88,67.41135478581677
screw,4,0.001,89,77.92580446812872
screw,4,0.0025,89,78.0897724943636
screw,4,0.005,89,78.0897724943636
screw,4,0.01,89,76.12215617954499
screw,4,0.02,89,71.49005943840952
screw,4,0.05,89,67.3908587825374
screw,4,0.001,90,77.76183644189383
screw,4,0.0025,90,78.13076450092233
screw,4,0.005,90,78.9711006353761
screw,4,0.01,90,76.98298831727813
screw,4,0.02,90,71.9614675138348
screw,4,0.05,90,67.47284279565484
screw,4,0.001,91,76.86001229760197
screw,4,0.0025,91,77.92580446812872
screw,4,0.005,91,78.47919655667145
screw,4,0.01,91,76.12215617954499
screw,4,0.02,91,71.40807542529207
screw,4,0.05,91,67.10391473662636
screw,4,0.001,92,76.75753228120516
screw,4,0.0025,92,77.74134043861447
screw,4,0.005,92,77.63886042221766
screw,4,0.01,92,75.6507481041197
screw,4,0.02,92,71.32609141217462
screw,4,0.05,92,67.10391473662636
screw,4,0.001,93,76.24513219922115
screw,4,0.0025,93,76.77802828448452
screw,4,0.005,93,77.49538839926214
screw,4,0.01,93,76.08116417298626
screw,4,0.02,93,71.40807542529207
screw,4,0.05,93,67.12441073990571
screw,4,0.001,94,77.61836441893831
screw,4,0.0025,94,78.43820455011273
screw,4,0.005,94,78.60217257634761
screw,4,0.01,94,76.88050830088133
screw,4,0.02,94,72.39188358270137
screw,4,0.05,94,67.55482680877229
screw,4,0.001,95,77.55687640910023
screw,4,0.0025,95,78.27423652387785
screw,4,0.005,95,78.06927649108424
screw,4,0.01,95,75.85570813691331
screw,4,0.02,95,70.89567534330806
screw,4,0.05,95,66.75548268087722
screw,4,0.001,96,77.39290838286534
screw,4,0.0025,96,78.00778848124615
screw,4,0.005,96,78.35622053699528
screw,4,0.01,96,76.61406025824964
screw,4,0.02,96,72.10493953679033
screw,4,0.05,96,67.43185078909613
screw,4,0.001,97,78.06927649108424
screw,4,0.0025,97,77.96679647468744
screw,4,0.005,97,77.80282844845256
screw,4,0.01,97,76.34761221561796
screw,4,0.02,97,71.46956343513015
screw,4,0.05,97,67.24738675958189
screw,4,0.001,98,75.85570813691331
screw,4,0.0025,98,76.65505226480836
screw,4,0.005,98,77.16745234679237
screw,4,0.01,98,75.67124410739906
screw,4,0.02,98,71.61303545808568
screw,4,0.05,98,67.04242672678828
screw,4,0.001,99,74.95388399262144
screw,4,0.0025,99,76.26562820250051
screw,4,0.005,99,76.86001229760197
screw,4,0.01,99,75.54826808772289
screw,4,0.02,99,71.12113137938103
screw,4,0.05,99,66.85796269727403
screw,8,0.001,0,68.62061897929904
screw,8,0.0025,0,68.82557901209265
screw,8,0.005,0,68.6411149825784
screw,8,0.01,0,67.37036277925804
screw,8,0.02,0,65.83316253330601
screw,8,0.05,0,63.64009018241443
screw,8,0.001,1,69.44045911047345
screw,8,0.0025,1,70.28079524492723
screw,8,0.005,1,69.56343513014961
screw,8,0.01,1,68.35417093666734
screw,8,0.02,1,66.42754662840746
screw,8,0.05,1,64.19348227095716
screw,8,0.001,2,66.05861856937896
screw,8,0.0025,2,66.69399467103915
screw,8,0.005,2,66.55052264808363
screw,8,0.01,2,65.46423447427752
screw,8,0.02,2,64.00901824144292
screw,8,0.05,2,62.6152900184464
screw,8,0.001,3,65.54621848739495
screw,8,0.0025,3,66.3045706087313
screw,8,0.005,3,66.12010657921705
screw,8,0.01,3,65.83316253330601
screw,8,0.02,3,64.45993031358886
screw,8,0.05,3,63.68108218897315
screw,8,0.001,4,69.44045911047345
screw,8,0.0025,4,70.91617134658742
screw,8,0.005,4,70.85468333674933
screw,8,0.01,4,68.96905103504817
screw,8,0.02,4,67.12441073990571
screw,8,0.05,4,64.4394343103095
screw,8,0.001,5,68.21069891371182
screw,8,0.0025,5,69.23549907767985
screw,8,0.005,5,69.3174830907973
screw,8,0.01,5,68.98954703832753
screw,8,0.02,5,66.75548268087722
screw,8,0.05,5,64.1729862676778
screw,8,0.001,6,69.66591514654642
screw,8,0.0025,6,70.62922730067636
screw,8,0.005,6,70.56773929083829
screw,8,0.01,6,68.57962697274031
screw,8,0.02,6,66.44804263168682
screw,8,0.05,6,63.61959417913507
screw,8,0.001,7,69.15351506456241
screw,8,0.0025,7,69.87087517934003
screw,8,0.005,7,69.9323631891781
screw,8,0.01,7,68.78458700553392
screw,8,0.02,7,66.3045706087313
screw,8,0.05,7,64.39844230375077
screw,8,0.001,8,69.44045911047345
screw,8,0.0025,8,70.52674728427957
screw,8,0.005,8,70.62922730067636
screw,8,0.01,8,69.60442713670834
screw,8,0.02,8,67.24738675958189
screw,8,0.05,8,65.0543144086903
screw,8,0.001,9,69.48145111703218
screw,8,0.0025,9,70.17831522853044
screw,8,0.005,9,70.26029924164789
screw,8,0.01,9,68.9485550317688
screw,8,0.02,9,66.36605861856938
screw,8,0.05,9,63.68108218897315
screw,8,0.001,10,68.27218692354991
screw,8,0.0025,10,68.57962697274031
screw,8,0.005,10,68.3746669399467
screw,8,0.01,10,67.32937077269932
screw,8,0.02,10,65.87415453986473
screw,8,0.05,10,63.90653822504611
screw,8,0.001,11,67.8622668579627
screw,8,0.0025,11,68.68210698913713
screw,8,0.005,11,68.82557901209265
screw,8,0.01,11,67.67780282844845
screw,8,0.02,11,66.01762656282025
screw,8,0.05,11,64.21397827423652
screw,8,0.001,12,65.40274646443943
screw,8,0.0025,12,66.18159458905514
screw,8,0.005,12,67.26788276286125
screw,8,0.01,12,67.02193072350892
screw,8,0.02,12,64.7468743594999
screw,8,0.05,12,63.41463414634146
screw,8,0.001,13,68.72309899569584
screw,8,0.0025,13,69.91186718589876
screw,8,0.005,13,69.70690715310515
screw,8,0.01,13,68.39516294322607
screw,8,0.02,13,65.97663455626153
screw,8,0.05,13,63.70157819225251
screw,8,0.001,14,68.55913096946095
screw,8,0.0025,14,69.37897110063538
screw,8,0.005,14,69.29698708751793
screw,8,0.01,14,68.0672268907563
screw,8,0.02,14,65.6282025005124
screw,8,0.05,14,63.74257019881123
screw,8,0.001,15,69.15351506456241
screw,8,0.0025,15,70.38327526132404
screw,8,0.005,15,71.01865136298422
screw,8,0.01,15,69.64541914326706
screw,8,0.02,15,66.55052264808363
screw,8,0.05,15,64.13199426111908
screw,8,0.001,16,68.0672268907563
screw,8,0.0025,16,69.41996310719409
screw,8,0.005,16,69.54293912687027
screw,8,0.01,16,68.9485550317688
screw,8,0.02,16,66.32506661201066
screw,8,0.05,16,64.27546628407461
screw,8,0.001,17,67.24738675958189
screw,8,0.0025,17,67.88276286124206
screw,8,0.005,17,67.80077884812462
screw,8,0.01,17,66.93994671039147
screw,8,0.02,17,65.81266653002665
screw,8,0.05,17,63.64009018241443
screw,8,0.001,18,69.87087517934003
screw,8,0.0025,18,71.32609141217462
screw,8,0.005,18,71.12113137938103
screw,8,0.01,18,70.07583521213364
screw,8,0.02,18,67.94425087108014
screw,8,0.05,18,64.54191432670629
screw,8,0.001,19,69.25599508095921
screw,8,0.0025,19,70.38327526132404
screw,8,0.005,19,70.07583521213364
screw,8,0.01,19,68.88706702193072
screw,8,0.02,19,66.42754662840746
screw,8,0.05,19,64.1729862676778
screw,8,0.001,20,67.20639475302316
screw,8,0.0025,20,68.25169092027055
screw,8,0.005,20,68.33367493338798
screw,8,0.01,20,68.14921090387375
screw,8,0.02,20,65.83316253330601
screw,8,0.05,20,63.209674113547855
screw,8,0.001,21,69.39946710391473
screw,8,0.0025,21,70.38327526132404
screw,8,0.005,21,70.52674728427957
screw,8,0.01,21,69.44045911047345
screw,8,0.02,21,66.93994671039147
screw,8,0.05,21,64.72637835622054
screw,8,0.001,22,68.6411149825784
screw,8,0.0025,22,69.95285919245747
screw,8,0.005,22,70.26029924164789
screw,8,0.01,22,69.82988317278131
screw,8,0.02,22,66.75548268087722
screw,8,0.05,22,64.35745029719205
screw,8,0.001,23,68.27218692354991
screw,8,0.0025,23,68.82557901209265
screw,8,0.005,23,68.88706702193072
screw,8,0.01,23,67.7597868415659
screw,8,0.02,23,65.320762451322
screw,8,0.05,23,63.066202090592334
screw,8,0.001,24,71.49005943840952
screw,8,0.0025,24,72.43287558926009
screw,8,0.005,24,72.02295552367288
screw,8,0.01,24,70.5062512810002
screw,8,0.02,24,67.37036277925804
screw,8,0.05,24,64.21397827423652
screw,8,0.001,25,71.32609141217462
screw,8,0.0025,25,72.61733961877434
screw,8,0.005,25,72.28940356630457
screw,8,0.01,25,70.75220332035254
screw,8,0.02,25,68.10821889731503
screw,8,0.05,25,65.0543144086903
screw,8,0.001,26,69.07153105144496
screw,8,0.0025,26,69.74789915966386
screw,8,0.005,26,69.9323631891781
screw,8,0.01,26,68.02623488419758
screw,8,0.02,26,65.83316253330601
screw,8,0.05,26,63.64009018241443
screw,8,0.001,27,66.59151465464234
screw,8,0.0025,27,67.4523467923755
screw,8,0.005,27,67.69829883172781
screw,8,0.01,27,66.85796269727403
screw,8,0.02,27,65.11580241852839
screw,8,0.05,27,63.23017011682722
screw,8,0.001,28,69.41996310719409
screw,8,0.0025,28,69.82988317278131
screw,8,0.005,28,70.03484320557492
screw,8,0.01,28,68.6411149825784
screw,8,0.02,28,66.73498667759787
screw,8,0.05,28,63.74257019881123
screw,8,0.001,29,68.84607501537201
screw,8,0.0025,29,69.56343513014961
screw,8,0.005,29,69.19450707112114
screw,8,0.01,29,67.4933387989342
screw,8,0.02,29,65.44373847099816
screw,8,0.05,29,63.004714080754255
screw,8,0.001,30,66.69399467103915
screw,8,0.0025,30,67.73929083828654
screw,8,0.005,30,68.27218692354991
screw,8,0.01,30,66.3045706087313
screw,8,0.02,30,64.19348227095716
screw,8,0.05,30,62.717770034843205
screw,8,0.001,31,67.30887476941996
screw,8,0.0025,31,68.21069891371182
screw,8,0.005,31,68.9485550317688
screw,8,0.01,31,68.04673088747694
screw,8,0.02,31,65.95613855298217
screw,8,0.05,31,64.02951424472228
screw,8,0.001,32,66.53002664480427
screw,8,0.0025,32,66.48903463824554
screw,8,0.005,32,66.89895470383276
screw,8,0.01,32,66.26357860217257
screw,8,0.02,32,64.9518343922935
screw,8,0.05,32,63.45562615290019
screw,8,0.001,33,67.51383480221357
screw,8,0.0025,33,68.35417093666734
screw,8,0.005,33,67.9647468743595
screw,8,0.01,33,67.43185078909613
screw,8,0.02,33,65.44373847099816
screw,8,0.05,33,63.04570608731297
screw,8,0.001,34,67.63681082188972
screw,8,0.0025,34,68.39516294322607
screw,8,0.005,34,68.27218692354991
screw,8,0.01,34,67.55482680877229
screw,8,0.02,34,66.01762656282025
screw,8,0.05,34,63.578602172576346
screw,8,0.001,35,70.93666734986678
screw,8,0.0025,35,71.12113137938103
screw,8,0.005,35,71.36708341873334
screw,8,0.01,35,69.64541914326706
screw,8,0.02,35,66.6120106579217
screw,8,0.05,35,64.25497028079525
screw,8,0.001,36,69.66591514654642
screw,8,0.0025,36,70.01434720229555
screw,8,0.005,36,69.80938716950195
screw,8,0.01,36,68.45665095306416
screw,8,0.02,36,66.05861856937896
screw,8,0.05,36,63.84505021520803
screw,8,0.001,37,70.07583521213364
screw,8,0.0025,37,70.81369133019061
screw,8,0.005,37,70.36277925804468
screw,8,0.01,37,68.49764295962288
screw,8,0.02,37,65.85365853658537
screw,8,0.05,37,63.435130149620825
screw,8,0.001,38,69.19450707112114
screw,8,0.0025,38,70.03484320557492
screw,8,0.005,38,70.34228325476532
screw,8,0.01,38,68.39516294322607
screw,8,0.02,38,66.48903463824554
screw,8,0.05,38,63.82455421192867
screw,8,0.001,39,66.09961057593769
screw,8,0.0025,39,66.96044271367083
screw,8,0.005,39,66.8784587005534
screw,8,0.01,39,66.83746669399467
screw,8,0.02,39,64.99282639885223
screw,8,0.05,39,63.435130149620825
screw,8,0.001,40,67.57532281205165
screw,8,0.0025,40,69.0510350481656
screw,8,0.005,40,68.51813896290223
screw,8,0.01,40,67.43185078909613
screw,8,0.02,40,66.07911457265833
screw,8,0.05,40,64.070506251281
cable,0,0.001,0,90.38605697151424
cable,0,0.0025,0,91.34182908545728
cable,0,0.005,0,92.80359820089954
cable,0,0.01,0,93.60944527736132
cable,0,0.02,0,94.26536731634182
cable,0,0.05,0,94.71514242878561
cable,0,0.001,1,89.880059970015
cable,0,0.0025,1,90.94827586206897
cable,0,0.005,1,92.80359820089954
cable,0,0.01,1,93.7968515742129
cable,0,0.02,1,94.37781109445277
cable,0,0.05,1,94.75262368815592
cable,0,0.001,2,90.16116941529235
cable,0,0.0025,2,91.1544227886057
cable,0,0.005,2,92.67241379310344
cable,0,0.01,2,93.75937031484258
cable,0,0.02,2,94.39655172413794
cable,0,0.05,2,94.56521739130434
cable,0,0.001,3,89.86131934032983
cable,0,0.0025,3,91.0232383808096
cable,0,0.005,3,92.74737631184408
cable,0,0.01,3,93.77811094452774
cable,0,0.02,3,94.22788605697151
cable,0,0.05,3,94.30284857571215
cable,0,0.001,4,90.32983508245877
cable,0,0.0025,4,91.21064467766116
cable,0,0.005,4,92.97226386806597
cable,0,0.01,4,93.90929535232384
cable,0,0.02,4,94.67766116941529
cable,0,0.05,4,94.90254872563717
cable,0,0.001,5,90.21739130434783
cable,0,0.0025,5,91.17316341829086
cable,0,0.005,5,92.97226386806597
cable,0,0.01,5,93.98425787106447
cable,0,0.02,5,94.73388305847077
cable,0,0.05,5,94.92128935532234
cable,0,0.001,6,89.65517241379311
cable,0,0.0025,6,91.0232383808096
cable,0,0.005,6,92.87856071964018
cable,0,0.01,6,93.75937031484258
cable,0,0.02,6,94.05922038980509
cable,0,0.05,6,94.35907046476761
cable,0,0.001,7,90.23613193403298
cable,0,0.0025,7,91.21064467766116
cable,0,0.005,7,93.25337331334333
cable,0,0.01,7,94.17166416791605
cable,0,0.02,7,94.75262368815592
cable,0,0.05,7,94.75262368815592
cable,0,0.001,8,90.1424287856072
cable,0,0.0025,8,90.91079460269864
cable,0,0.005,8,92.48500749625187
cable,0,0.01,8,93.77811094452774
cable,0,0.02,8,94.34032983508246
cable,0,0.05,8,94.64017991004498
cable,0,0.001,9,90.21739130434783
cable,0,0.0025,9,91.17316341829086
cable,0,0.005,9,92.89730134932533
cable,0,0.01,9,93.7968515742129
cable,0,0.02,9,94.54647676161919
cable,0,0.05,9,94.77136431784108
cable,0,0.001,10,89.58020989505248
cable,0,0.0025,10,90.70464767616193
cable,0,0.005,10,92.63493253373314
cable,0,0.01,10,93.92803598200899
cable,0,0.02,10,94.67766116941529
cable,0,0.05,10,94.73388305847077
cable,0,0.001,11,90.29235382308846
cable,0,0.0025,11,91.32308845577211
cable,0,0.005,11,93.12218890554723
cable,0,0.01,11,93.85307346326836
cable,0,0.02,11,94.43403298350825
cable,0,0.05,11,94.82758620689656
cable,0,0.001,12,90.0112443778111
cable,0,0.0025,12,91.22938530734633
cable,0,0.005,12,92.61619190404798
cable,0,0.01,12,93.6656671664168
cable,0,0.02,12,94.26536731634182
cable,0,0.05,12,94.5839580209895
cable,0,0.001,13,90.31109445277362
cable,0,0.0025,13,91.47301349325338
cable,0,0.005,13,93.14092953523239
cable,0,0.01,13,94.26536731634182
cable,0,0.02,13,94.77136431784108
cable,0,0.05,13,95.03373313343329
cable,0,0.001,14,90.08620689655173
cable,0,0.0025,14,91.07946026986507
cable,0,0.005,14,92.63493253373314
cable,0,0.01,14,93.72188905547226
cable,0,0.02,14,94.43403298350825
cable,0,0.05,14,94.69640179910046
cable,0,0.001,15,89.91754122938531
cable,0,0.0025,15,90.91079460269864
cable,0,0.005,15,92.99100449775112
cable,0,0.01,15,94.1904047976012
cable,0,0.02,15,94.5839580209895
cable,0,0.05,15,94.5839580209895
cable,0,0.001,16,89.69265367316342
cable,0,0.0025,16,90.70464767616193
cable,0,0.005,16,92.24137931034483
cable,0,0.01,16,93.42203898050974
cable,0,0.02,16,93.92803598200899
cable,0,0.05,16,93.85307346326836
cable,0,0.001,17,90.19865067466267
cable,0,0.0025,17,90.98575712143928
cable,0,0.005,17,92.84107946026987
cable,0,0.01,17,93.90929535232384
cable,0,0.02,17,94.54647676161919
cable,0,0.05,17,94.90254872563717
cable,0,0.001,18,89.95502248875562
cable,0,0.0025,18,90.94827586206897
cable,0,0.005,18,92.31634182908546
cable,0,0.01,18,93.21589205397301
cable,0,0.02,18,93.98425787106447
cable,0,0.05,18,94.37781109445277
cable,0,0.001,19,90.29235382308846
cable,0,0.0025,19,91.36056971514243
cable,0,0.005,19,93.14092953523239
cable,0,0.01,19,94.17166416791605
cable,0,0.02,19,94.9400299850075
cable,0,0.05,19,94.9400299850075
cable,0,0.001,20,90.0487256371814
cable,0,0.0025,20,91.07946026986507
cable,0,0.005,20,92.95352323838081
cable,0,0.01,20,93.92803598200899
cable,0,0.02,20,94.56521739130434
cable,0,0.05,20,94.71514242878561
cable,0,0.001,21,90.25487256371814
cable,0,0.0025,21,91.26686656671664
cable,0,0.005,21,92.99100449775112
cable,0,0.01,21,93.77811094452774
cable,0,0.02,21,94.39655172413794
cable,0,0.05,21,94.39655172413794
cable,0,0.001,22,90.25487256371814
cable,0,0.0025,22,91.09820089955022
cable,0,0.005,22,92.78485757121439
cable,0,0.01,22,93.7031484257871
cable,0,0.02,22,94.41529235382309
cable,0,0.05,22,94.8088455772114
cable,0,0.001,23,90.02998500749625
cable,0,0.0025,23,90.96701649175412
cable,0,0.005,23,92.76611694152923
cable,0,0.01,23,93.68440779610195
cable,0,0.02,23,94.3215892053973
cable,0,0.05,23,94.26536731634182
cable,0,0.001,24,89.73013493253373
cable,0,0.0025,24,90.4985007496252
cable,0,0.005,24,92.67241379310344
cable,0,0.01,24,93.74062968515742
cable,0,0.02,24,94.37781109445277
cable,0,0.05,24,94.71514242878561
cable,0,0.001,25,90.0112443778111
cable,0,0.0025,25,90.72338830584708
cable,0,0.005,25,92.72863568215892
cable,0,0.01,25,93.7968515742129
cable,0,0.02,25,94.35907046476761
cable,0,0.05,25,94.56521739130434
cable,0,0.001,26,90.31109445277362
cable,0,0.0025,26,91.36056971514243
cable,0,0.005,26,92.67241379310344
cable,0,0.01,26,93.60944527736132
cable,0,0.02,26,94.1904047976012
cable,0,0.05,26,94.52773613193403
cable,0,0.001,27,89.97376311844079
cable,0,0.0025,27,90.98575712143928
cable,0,0.005,27,93.0472263868066
cable,0,0.01,27,93.92803598200899
cable,0,0.02,27,94.5839580209895
cable,0,0.05,27,94.67766116941529
cable,0,0.001,28,90.29235382308846
cable,0,0.0025,28,91.2856071964018
cable,0,0.005,28,92.89730134932533
cable,0,0.01,28,93.75937031484258
cable,0,0.02,28,94.41529235382309
cable,0,0.05,28,94.64017991004498
cable,0,0.001,29,89.91754122938531
cable,0,0.0025,29,90.94827586206897
cable,0,0.005,29,92.52248875562219
cable,0,0.01,29,93.7031484257871
cable,0,0.02,29,94.52773613193403
cable,0,0.05,29,94.75262368815592
cable,0,0.001,30,89.86131934032983
cable,0,0.0025,30,91.06071964017991
cable,0,0.005,30,93.06596701649175
cable,0,0.01,30,93.89055472263868
cable,0,0.02,30,94.50899550224888
cable,0,0.05,30,94.71514242878561
cable,0,0.001,31,90.16116941529235
cable,0,0.0025,31,91.11694152923538
cable,0,0.005,31,92.85982008995502
cable,0,0.01,31,93.87181409295353
cable,0,0.02,31,94.62143928035982
cable,0,0.05,31,94.88380809595202
cable,0,0.001,32,90.08620689655173
cable,0,0.0025,32,91.06071964017991
cable,0,0.005,32,92.87856071964018
cable,0,0.01,32,93.85307346326836
cable,0,0.02,32,94.60269865067467
cable,0,0.05,32,94.84632683658171
cable,0,0.001,33,90.1424287856072
cable,0,0.0025,33,91.34182908545728
cable,0,0.005,33,92.89730134932533
cable,0,0.01,33,93.7968515742129
cable,0,0.02,33,94.49025487256372
cable,0,0.05,33,94.77136431784108
cable,0,0.001,34,90.0487256371814
cable,0,0.0025,34,90.81709145427287
cable,0,0.005,34,92.76611694152923
cable,0,0.01,34,93.7968515742129
cable,0,0.02,34,94.64017991004498
cable,0,0.05,34,94.9400299850075
cable,0,0.001,35,89.91754122938531
cable,0,0.0025,35,90.98575712143928
cable,0,0.005,35,92.54122938530735
cable,0,0.01,35,93.51574212893553
cable,0,0.02,35,94.28410794602699
cable,0,0.05,35,94.5839580209895
cable,0,0.001,36,90.16116941529235
cable,0,0.0025,36,91.26686656671664
cable,0,0.005,36,92.9160419790105
cable,0,0.01,36,93.98425787106447
cable,0,0.02,36,94.79010494752623
cable,0,0.05,36,94.97751124437781
cable,0,0.001,37,89.97376311844079
cable,0,0.0025,37,90.94827586206897
cable,0,0.005,37,92.59745127436283
cable,0,0.01,37,93.72188905547226
cable,0,0.02,37,94.62143928035982
cable,0,0.05,37,94.67766116941529
cable,0,0.001,38,89.22413793103448
cable,0,0.0025,38,90.1424287856072
cable,0,0.005,38,92.26011994002998
cable,0,0.01,38,93.57196401799101
cable,0,0.02,38,94.15292353823088
cable,0,0.05,38,94.09670164917542
cable,0,0.001,39,89.86131934032983
cable,0,0.0025,39,90.62968515742129
cable,0,0.005,39,92.57871064467766
cable,0,0.01,39,93.47826086956522
cable,0,0.02,39,94.1904047976012
cable,0,0.05,39,94.64017991004498
cable,0,0.001,40,90.23613193403298
cable,0,0.0025,40,91.30434782608695
cable,0,0.005,40,92.87856071964018
cable,0,0.01,40,93.8343328335832
cable,0,0.02,40,94.4527736131934
cable,0,0.05,40,94.5839580209895
cable,0,0.001,41,90.36731634182908
cable,0,0.0025,41,91.30434782608695
cable,0,0.005,41,93.06596701649175
cable,0,0.01,41,93.90929535232384
cable,0,0.02,41,94.5839580209895
cable,0,0.05,41,94.8088455772114
cable,0,0.001,42,89.91754122938531
cable,0,0.0025,42,90.85457271364318
cable,0,0.005,42,92.46626686656671
cable,0,0.01,42,93.7031484257871
cable,0,0.02,42,94.43403298350825
cable,0,0.05,42,94.52773613193403
cable,0,0.001,43,90.16116941529235
cable,0,0.0025,43,91.11694152923538
cable,0,0.005,43,92.80359820089954
cable,0,0.01,43,93.7968515742129
cable,0,0.02,43,94.50899550224888
cable,0,0.05,43,94.64017991004498
cable,0,0.001,44,90.21739130434783
cable,0,0.0025,44,91.06071964017991
cable,0,0.005,44,92.80359820089954
cable,0,0.01,44,93.8343328335832
cable,0,0.02,44,94.60269865067467
cable,0,0.05,44,94.69640179910046
cable,0,0.001,45,90.34857571214393
cable,0,0.0025,45,91.30434782608695
cable,0,0.005,45,93.0472263868066
cable,0,0.01,45,94.11544227886057
cable,0,0.02,45,94.50899550224888
cable,0,0.05,45,94.67766116941529
cable,0,0.001,46,89.61769115442279
cable,0,0.0025,46,90.47976011994002
cable,0,0.005,46,92.24137931034483
cable,0,0.01,46,93.23463268365818
cable,0,0.02,46,93.92803598200899
cable,0,0.05,46,94.47151424287856
cable,0,0.001,47,90.25487256371814
cable,0,0.0025,47,91.21064467766116
cable,0,0.005,47,93.06596701649175
cable,0,0.01,47,94.09670164917542
cable,0,0.02,47,94.62143928035982
cable,0,0.05,47,94.88380809595202
cable,0,0.001,48,90.12368815592204
cable,0,0.0025,48,91.22938530734633
cable,0,0.005,48,93.06596701649175
cable,0,0.01,48,93.87181409295353
cable,0,0.02,48,94.52773613193403
cable,0,0.05,48,94.69640179910046
cable,0,0.001,49,89.95502248875562
cable,0,0.0025,49,91.00449775112443
cable,0,0.005,49,92.99100449775112
cable,0,0.01,49,93.75937031484258
cable,0,0.02,49,94.43403298350825
cable,0,0.05,49,94.52773613193403
cable,0,0.001,50,90.38605697151424
cable,0,0.0025,50,91.39805097451274
cable,0,0.005,50,92.95352323838081
cable,0,0.01,50,93.92803598200899
cable,0,0.02,50,94.71514242878561
cable,0,0.05,50,94.69640179910046
cable,0,0.001,51,90.46101949025487
cable,0,0.0025,51,91.13568215892055
cable,0,0.005,51,92.9160419790105
cable,0,0.01,51,94.09670164917542
cable,0,0.02,51,94.8088455772114
cable,0,0.05,51,94.95877061469265
cable,0,0.001,52,90.0487256371814
cable,0,0.0025,52,90.91079460269864
cable,0,0.005,52,92.5599700149925
cable,0,0.01,52,93.57196401799101
cable,0,0.02,52,94.30284857571215
cable,0,0.05,52,94.67766116941529
cable,0,0.001,53,90.08620689655173
cable,0,0.0025,53,91.21064467766116
cable,0,0.005,53,92.67241379310344
cable,0,0.01,53,93.6656671664168
cable,0,0.02,53,94.56521739130434
cable,0,0.05,53,94.8088455772114
cable,0,0.001,54,90.02998500749625
cable,0,0.0025,54,91.07946026986507
cable,0,0.005,54,92.93478260869566
cable,0,0.01,54,94.13418290854572
cable,0,0.02,54,94.62143928035982
cable,0,0.05,54,94.77136431784108
cable,0,0.001,55,89.71139430284857
cable,0,0.0025,55,90.70464767616193
cable,0,0.005,55,92.52248875562219
cable,0,0.01,55,93.44077961019491
cable,0,0.02,55,94.07796101949026
cable,0,0.05,55,94.37781109445277
cable,0,0.001,56,89.95502248875562
cable,0,0.0025,56,90.94827586206897
cable,0,0.005,56,92.74737631184408
cable,0,0.01,56,93.72188905547226
cable,0,0.02,56,94.4527736131934
cable,0,0.05,56,94.69640179910046
cable,0,0.001,57,90.16116941529235
cable,0,0.0025,57,91.09820089955022
cable,0,0.005,57,92.87856071964018
cable,0,0.01,57,93.87181409295353
cable,0,0.02,57,94.43403298350825
cable,0,0.05,57,94.50899550224888
cable,0,0.001,58,90.34857571214393
cable,0,0.0025,58,91.36056971514243
cable,0,0.005,58,93.25337331334333
cable,0,0.01,58,94.15292353823088
cable,0,0.02,58,94.97751124437781
cable,0,0.05,58,95.14617691154423
cable,0,0.001,59,90.36731634182908
cable,0,0.0025,59,91.39805097451274
cable,0,0.005,59,93.27211394302849
cable,0,0.01,59,94.05922038980509
cable,0,0.02,59,94.5839580209895
cable,0,0.05,59,94.90254872563717
cable,0,0.001,60,89.76761619190405
cable,0,0.0025,60,90.70464767616193
cable,0,0.005,60,92.48500749625187
cable,0,0.01,60,93.64692653673164
cable,0,0.02,60,94.39655172413794
cable,0,0.05,60,94.5839580209895
cable,0,0.001,61,89.16791604197901
cable,0,0.0025,61,90.19865067466267
cable,0,0.005,61,92.09145427286357
cable,0,0.01,61,93.0472263868066
cable,0,0.02,61,93.74062968515742
cable,0,0.05,61,94.28410794602699
cable,0,0.001,62,89.67391304347827
cable,0,0.0025,62,90.61094452773614
cable,0,0.005,62,92.50374812593704
cable,0,0.01,62,93.44077961019491
cable,0,0.02,62,94.3215892053973
cable,0,0.05,62,94.62143928035982
cable,0,0.001,63,90.32983508245877
cable,0,0.0025,63,91.21064467766116
cable,0,0.005,63,92.99100449775112
cable,0,0.01,63,94.1904047976012
cable,0,0.02,63,94.86506746626686
cable,0,0.05,63,94.92128935532234
cable,0,0.001,64,90.08620689655173
cable,0,0.0025,64,90.94827586206897
cable,0,0.005,64,92.54122938530735
cable,0,0.01,64,93.72188905547226
cable,0,0.02,64,94.64017991004498
cable,0,0.05,64,94.8088455772114
cable,0,0.001,65,90.08620689655173
cable,0,0.0025,65,91.09820089955022
cable,0,0.005,65,92.95352323838081
cable,0,0.01,65,93.89055472263868
cable,0,0.02,65,94.56521739130434
cable,0,0.05,65,94.71514242878561
cable,0,0.001,66,90.10494752623688
cable,0,0.0025,66,91.04197901049476
cable,0,0.005,66,92.74737631184408
cable,0,0.01,66,93.89055472263868
cable,0,0.02,66,94.49025487256372
cable,0,0.05,66,94.71514242878561
cable,0,0.001,67,89.56146926536732
cable,0,0.0025,67,90.46101949025487
cable,0,0.005,67,92.4287856071964
cable,0,0.01,67,93.74062968515742
cable,0,0.02,67,94.24662668665667
cable,0,0.05,67,94.34032983508246
cable,0,0.001,68,89.89880059970015
cable,0,0.0025,68,90.96701649175412
cable,0,0.005,68,92.46626686656671
cable,0,0.01,68,93.68440779610195
cable,0,0.02,68,94.17166416791605
cable,0,0.05,68,94.30284857571215
cable,0,0.001,69,89.07421289355322
cable,0,0.0025,69,90.42353823088456
cable,0,0.005,69,91.97901049475263
cable,0,0.01,69,93.1784107946027
cable,0,0.02,69,93.89055472263868
cable,0,0.05,69,94.17166416791605
cable,0,0.001,70,89.97376311844079
cable,0,0.0025,70,91.06071964017991
cable,0,0.005,70,92.84107946026987
cable,0,0.01,70,93.72188905547226
cable,0,0.02,70,94.50899550224888
cable,0,0.05,70,94.65892053973013
cable,0,0.001,71,89.91754122938531
cable,0,0.0025,71,90.98575712143928
cable,0,0.005,71,92.9160419790105
cable,0,0.01,71,93.8343328335832
cable,0,0.02,71,94.41529235382309
cable,0,0.05,71,94.37781109445277
cable,0,0.001,72,90.27361319340329
cable,0,0.0025,72,91.1544227886057
cable,0,0.005,72,92.84107946026987
cable,0,0.01,72,94.02173913043478
cable,0,0.02,72,94.54647676161919
cable,0,0.05,72,94.88380809595202
cable,0,0.001,73,90.06746626686656
cable,0,0.0025,73,91.09820089955022
cable,0,0.005,73,92.84107946026987
cable,0,0.01,73,93.64692653673164
cable,0,0.02,73,94.17166416791605
cable,0,0.05,73,94.26536731634182
cable,0,0.001,74,89.56146926536732
cable,0,0.0025,74,90.59220389805097
cable,0,0.005,74,92.18515742128936
cable,0,0.01,74,93.51574212893553
cable,0,0.02,74,94.20914542728636
cable,0,0.05,74,94.35907046476761
cable,0,0.001,75,90.27361319340329
cable,0,0.0025,75,91.26686656671664
cable,0,0.005,75,93.02848575712144
cable,0,0.01,75,93.87181409295353
cable,0,0.02,75,94.5839580209895
cable,0,0.05,75,94.82758620689656
cable,0,0.001,76,89.65517241379311
cable,0,0.0025,76,90.64842578710645
cable,0,0.005,76,92.70989505247377
cable,0,0.01,76,93.64692653673164
cable,0,0.02,76,94.13418290854572
cable,0,0.05,76,94.43403298350825
cable,0,0.001,77,90.0112443778111
cable,0,0.0025,77,90.92953523238381
cable,0,0.005,77,92.85982008995502
cable,0,0.01,77,94.09670164917542
cable,0,0.02,77,94.73388305847077
cable,0,0.05,77,94.77136431784108
cable,0,0.001,78,89.95502248875562
cable,0,0.0025,78,90.98575712143928
cable,0,0.005,78,92.95352323838081
cable,0,0.01,78,93.90929535232384
cable,0,0.02,78,94.60269865067467
cable,0,0.05,78,94.79010494752623
cable,0,0.001,79,90.12368815592204
cable,0,0.0025,79,91.17316341829086
cable,0,0.005,79,92.87856071964018
cable,0,0.01,79,93.72188905547226
cable,0,0.02,79,94.39655172413794
cable,0,0.05,79,94.30284857571215
cable,0,0.001,80,90.29235382308846
cable,0,0.0025,80,91.21064467766116
cable,0,0.005,80,92.9160419790105
cable,0,0.01,80,94.07796101949026
cable,0,0.02,80,94.79010494752623
cable,0,0.05,80,94.86506746626686
cable,0,0.001,81,90.12368815592204
cable,0,0.0025,81,90.98575712143928
cable,0,0.005,81,92.6911544227886
cable,0,0.01,81,93.90929535232384
cable,0,0.02,81,94.4527736131934
cable,0,0.05,81,94.64017991004498
cable,0,0.001,82,89.82383808095952
cable,0,0.0025,82,90.92953523238381
cable,0,0.005,82,92.2976011994003
cable,0,0.01,82,93.29085457271364
cable,0,0.02,82,94.11544227886057
cable,0,0.05,82,94.54647676161919
cable,0,0.001,83,89.61769115442279
cable,0,0.0025,83,90.72338830584708
cable,0,0.005,83,92.35382308845577
cable,0,0.01,83,93.27211394302849
cable,0,0.02,83,93.74062968515742
cable,0,0.05,83,94.09670164917542
cable,0,0.001,84,89.11169415292353
cable,0,0.0025,84,90.12368815592204
cable,0,0.005,84,92.4287856071964
cable,0,0.01,84,93.49700149925037
cable,0,0.02,84,94.09670164917542
cable,0,0.05,84,94.24662668665667
cable,0,0.001,85,89.93628185907046
cable,0,0.0025,85,90.87331334332833
cable,0,0.005,85,92.76611694152923
cable,0,0.01,85,93.7968515742129
cable,0,0.02,85,94.17166416791605
cable,0,0.05,85,94.37781109445277
cable,0,0.001,86,89.73013493253373
cable,0,0.0025,86,90.68590704647676
cable,0,0.005,86,92.18515742128936
cable,0,0.01,86,93.32833583208395
cable,0,0.02,86,94.13418290854572
cable,0,0.05,86,94.54647676161919
cable,0,0.001,87,90.29235382308846
cable,0,0.0025,87,91.43553223388305
cable,0,0.005,87,92.72863568215892
cable,0,0.01,87,93.74062968515742
cable,0,0.02,87,94.24662668665667
cable,0,0.05,87,94.35907046476761
cable,0,0.001,88,89.20539730134932
cable,0,0.0025,88,90.46101949025487
cable,0,0.005,88,92.22263868065967
cable,0,0.01,88,93.40329835082458
cable,0,0.02,88,94.07796101949026
cable,0,0.05,88,94.56521739130434
cable,0,0.001,89,90.02998500749625
cable,0,0.0025,89,90.92953523238381
cable,0,0.005,89,92.41004497751125
cable,0,0.01,89,93.44077961019491
cable,0,0.02,89,94.09670164917542
cable,0,0.05,89,94.24662668665667
cable,0,0.001,90,90.34857571214393
cable,0,0.0025,90,91.37931034482759
cable,0,0.005,90,93.06596701649175
cable,0,0.01,90,94.13418290854572
cable,0,0.02,90,94.79010494752623
cable,0,0.05,90,94.77136431784108
cable,0,0.001,91,90.32983508245877
cable,0,0.0025,91,91.24812593703149
cable,0,0.005,91,92.72863568215892
cable,0,0.01,91,93.92803598200899
cable,0,0.02,91,94.60269865067467
cable,0,0.05,91,94.54647676161919
cable,0,0.001,92,90.36731634182908
cable,0,0.0025,92,91.17316341829086
cable,0,0.005,92,92.72863568215892
cable,0,0.01,92,93.77811094452774
cable,0,0.02,92,94.54647676161919
cable,0,0.05,92,94.90254872563717
cable,0,0.001,93,90.1424287856072
cable,0,0.0025,93,90.92953523238381
cable,0,0.005,93,92.4287856071964
cable,0,0.01,93,93.38455772113943
cable,0,0.02,93,93.96551724137932
cable,0,0.05,93,94.15292353823088
cable,0,0.001,94,90.0487256371814
cable,0,0.0025,94,91.07946026986507
cable,0,0.005,94,92.89730134932533
cable,0,0.01,94,93.89055472263868
cable,0,0.02,94,94.5839580209895
cable,0,0.05,94,94.95877061469265
cable,0,0.001,95,89.80509745127436
cable,0,0.0025,95,90.96701649175412
cable,0,0.005,95,92.59745127436283
cable,0,0.01,95,93.7031484257871
cable,0,0.02,95,94.43403298350825
cable,0,0.05,95,94.56521739130434
cable,0,0.001,96,90.16116941529235
cable,0,0.0025,96,91.17316341829086
cable,0,0.005,96,92.97226386806597
cable,0,0.01,96,93.92803598200899
cable,0,0.02,96,94.56521739130434
cable,0,0.05,96,94.79010494752623
cable,0,0.001,97,89.58020989505248
cable,0,0.0025,97,90.64842578710645
cable,0,0.005,97,92.59745127436283
cable,0,0.01,97,93.64692653673164
cable,0,0.02,97,94.26536731634182
cable,0,0.05,97,94.5839580209895
cable,0,0.001,98,90.21739130434783
cable,0,0.0025,98,91.13568215892055
cable,0,0.005,98,92.9160419790105
cable,0,0.01,98,93.90929535232384
cable,0,0.02,98,94.71514242878561
cable,0,0.05,98,94.99625187406296
cable,0,0.001,99,89.67391304347827
cable,0,0.0025,99,90.57346326836581
cable,0,0.005,99,92.80359820089954
cable,0,0.01,99,93.96551724137932
cable,0,0.02,99,94.75262368815592
cable,0,0.05,99,94.9400299850075
cable,2,0.001,0,84.5014992503748
cable,2,0.0025,0,85.06371814092954
cable,2,0.005,0,86.65667166416792
cable,2,0.01,0,87.6311844077961
cable,2,0.02,0,88.39955022488756
cable,2,0.05,0,88.66191904047976
cable,2,0.001,1,88.5119940029985
cable,2,0.0025,1,89.73013493253373
cable,2,0.005,1,91.07946026986507
cable,2,0.01,1,91.92278860569715
cable,2,0.02,1,92.46626686656671
cable,2,0.05,1,92.93478260869566
cable,2,0.001,2,88.17466266866566
cable,2,0.0025,2,88.7368815592204
cable,2,0.005,2,89.24287856071965
cable,2,0.01,2,90.25487256371814
cable,2,0.02,2,91.60419790104947
cable,2,0.05,2,91.99775112443778
cable,2,0.001,3,88.6056971514243
cable,2,0.0025,3,89.78635682158921
cable,2,0.005,3,91.39805097451274
cable,2,0.01,3,92.54122938530735
cable,2,0.02,3,92.6911544227886
cable,2,0.05,3,92.46626686656671
cable,2,0.001,4,88.04347826086956
cable,2,0.0025,4,88.83058470764618
cable,2,0.005,4,90.27361319340329
cable,2,0.01,4,90.98575712143928
cable,2,0.02,4,91.56671664167916
cable,2,0.05,4,91.51049475262369
cable,2,0.001,5,87.25637181409296
cable,2,0.0025,5,88.09970014992504
cable,2,0.005,5,89.16791604197901
cable,2,0.01,5,90.34857571214393
cable,2,0.02,5,90.98575712143928
cable,2,0.05,5,91.36056971514243
cable,2,0.001,6,87.64992503748125
cable,2,0.0025,6,88.75562218890555
cable,2,0.005,6,90.21739130434783
cable,2,0.01,6,91.24812593703149
cable,2,0.02,6,91.99775112443778
cable,2,0.05,6,92.37256371814092
cable,2,0.001,7,88.66191904047976
cable,2,0.0025,7,89.3928035982009
cable,2,0.005,7,90.7983508245877
cable,2,0.01,7,91.66041979010495
cable,2,0.02,7,92.16641679160419
cable,2,0.05,7,92.50374812593704
cable,2,0.001,8,88.1184407796102
cable,2,0.0025,8,89.76761619190405
cable,2,0.005,8,90.81709145427287
cable,2,0.01,8,92.05397301349325
cable,2,0.02,8,92.52248875562219
cable,2,0.05,8,92.70989505247377
cable,2,0.001,9,87.18140929535232
cable,2,0.0025,9,88.36206896551724
cable,2,0.005,9,91.00449775112443
cable,2,0.01,9,92.07271364317842
cable,2,0.02,9,92.93478260869566
cable,2,0.05,9,92.63493253373314
cable,2,0.001,10,86.65667166416792
cable,2,0.0025,10,88.30584707646177
cable,2,0.005,10,89.89880059970015
cable,2,0.01,10,91.26686656671664
cable,2,0.02,10,91.84782608695652
cable,2,0.05,10,91.79160419790105
cable,2,0.001,11,87.96851574212893
cable,2,0.0025,11,88.99925037481259
cable,2,0.005,11,90.83583208395802
cable,2,0.01,11,91.32308845577211
cable,2,0.02,11,91.7728635682159
cable,2,0.05,11,91.32308845577211
cable,2,0.001,12,88.71814092953524
cable,2,0.0025,12,89.18665667166417
cable,2,0.005,12,90.4047976011994
cable,2,0.01,12,91.07946026986507
cable,2,0.02,12,91.64167916041978
cable,2,0.05,12,91.45427286356822
cable,2,0.001,13,86.8815592203898
cable,2,0.0025,13,88.5119940029985
cable,2,0.005,13,90.08620689655173
cable,2,0.01,13,91.36056971514243
cable,2,0.02,13,92.4287856071964
cable,2,0.05,13,92.78485757121439
cable,2,0.001,14,89.18665667166417
cable,2,0.0025,14,90.23613193403298
cable,2,0.005,14,91.36056971514243
cable,2,0.01,14,91.7728635682159
cable,2,0.02,14,91.97901049475263
cable,2,0.05,14,92.11019490254873
cable,2,0.001,15,88.34332833583208
cable,2,0.0025,15,89.74887556221888
cable,2,0.005,15,91.36056971514243
cable,2,0.01,15,92.52248875562219
cable,2,0.02,15,93.19715142428785
cable,2,0.05,15,93.23463268365818
cable,2,0.001,16,87.38755622188906
cable,2,0.0025,16,88.6056971514243
cable,2,0.005,16,90.89205397301349
cable,2,0.01,16,91.66041979010495
cable,2,0.02,16,92.24137931034483
cable,2,0.05,16,92.63493253373314
cable,2,0.001,17,88.5119940029985
cable,2,0.0025,17,89.29910044977511
cable,2,0.005,17,90.7983508245877
cable,2,0.01,17,92.0352323838081
cable,2,0.02,17,92.82233883058471
cable,2,0.05,17,93.21589205397301
cable,2,0.001,18,88.88680659670165
cable,2,0.0025,18,89.73013493253373
cable,2,0.005,18,91.62293853073463
cable,2,0.01,18,92.20389805097452
cable,2,0.02,18,92.6911544227886
cable,2,0.05,18,92.31634182908546
cable,2,0.001,19,87.38755622188906
cable,2,0.0025,19,88.7743628185907
cable,2,0.005,19,90.29235382308846
cable,2,0.01,19,91.26686656671664
cable,2,0.02,19,91.8103448275862
cable,2,0.05,19,91.45427286356822
cable,2,0.001,20,89.43028485757121
cable,2,0.0025,20,90.42353823088456
cable,2,0.005,20,91.96026986506746
cable,2,0.01,20,92.99100449775112
cable,2,0.02,20,93.40329835082458
cable,2,0.05,20,93.06596701649175
cable,2,0.001,21,88.83058470764618
cable,2,0.0025,21,89.24287856071965
cable,2,0.005,21,90.85457271364318
cable,2,0.01,21,91.8103448275862
cable,2,0.02,21,92.3913043478261
cable,2,0.05,21,91.904047976012
cable,2,0.001,22,88.00599700149925
cable,2,0.0025,22,89.41154422788605
cable,2,0.005,22,90.59220389805097
cable,2,0.01,22,91.2856071964018
cable,2,0.02,22,91.60419790104947
cable,2,0.05,22,91.43553223388305
cable,2,0.001,23,89.16791604197901
cable,2,0.0025,23,90.31109445277362
cable,2,0.005,23,91.19190404797601
cable,2,0.01,23,92.09145427286357
cable,2,0.02,23,92.22263868065967
cable,2,0.05,23,91.92278860569715
cable,2,0.001,24,85.94452773613193
cable,2,0.0025,24,87.42503748125937
cable,2,0.005,24,89.05547226386807
cable,2,0.01,24,90.27361319340329
cable,2,0.02,24,90.98575712143928
cable,2,0.05,24,91.07946026986507
cable,2,0.001,25,88.71814092953524
cable,2,0.0025,25,89.99250374812594
cable,2,0.005,25,91.82908545727136
cable,2,0.01,25,93.21589205397301
cable,2,0.02,25,94.28410794602699
cable,2,0.05,25,94.43403298350825
cable,2,0.001,26,87.12518740629685
cable,2,0.0025,26,88.34332833583208
cable,2,0.005,26,89.93628185907046
cable,2,0.01,26,90.85457271364318
cable,2,0.02,26,91.45427286356822
cable,2,0.05,26,91.22938530734633
cable,2,0.001,27,88.96176911544228
cable,2,0.0025,27,90.10494752623688
cable,2,0.005,27,91.0232383808096
cable,2,0.01,27,91.54797601199401
cable,2,0.02,27,91.88530734632684
cable,2,0.05,27,91.75412293853073
cable,2,0.001,28,87.18140929535232
cable,2,0.0025,28,87.87481259370315
cable,2,0.005,28,89.65517241379311
cable,2,0.01,28,90.59220389805097
cable,2,0.02,28,91.39805097451274
cable,2,0.05,28,91.60419790104947
cable,2,0.001,29,88.36206896551724
cable,2,0.0025,29,89.22413793103448
cable,2,0.005,29,90.72338830584708
cable,2,0.01,29,91.62293853073463
cable,2,0.02,29,92.07271364317842
cable,2,0.05,29,91.904047976012
cable,2,0.001,30,89.69265367316342
cable,2,0.0025,30,90.70464767616193
cable,2,0.005,30,92.24137931034483
cable,2,0.01,30,93.25337331334333
cable,2,0.02,30,93.6656671664168
cable,2,0.05,30,93.51574212893553
cable,2,0.001,31,88.13718140929535
cable,2,0.0025,31,89.31784107946027
cable,2,0.005,31,90.98575712143928
cable,2,0.01,31,92.07271364317842
cable,2,0.02,31,92.44752623688156
cable,2,0.05,31,92.4287856071964
cable,2,0.001,32,88.13718140929535
cable,2,0.0025,32,89.33658170914542
cable,2,0.005,32,90.7983508245877
cable,2,0.01,32,91.96026986506746
cable,2,0.02,32,92.50374812593704
cable,2,0.05,32,92.82233883058471
cable,2,0.001,33,89.48650674662669
cable,2,0.0025,33,89.93628185907046
cable,2,0.005,33,92.0352323838081
cable,2,0.01,33,93.14092953523239
cable,2,0.02,33,93.87181409295353
cable,2,0.05,33,94.26536731634182
cable,2,0.001,34,89.07421289355322
cable,2,0.0025,34,90.46101949025487
cable,2,0.005,34,91.45427286356822
cable,2,0.01,34,92.61619190404798
cable,2,0.02,34,92.70989505247377
cable,2,0.05,34,92.57871064467766
cable,2,0.001,35,86.8815592203898
cable,2,0.0025,35,87.6311844077961
cable,2,0.005,35,88.7368815592204
cable,2,0.01,35,90.02998500749625
cable,2,0.02,35,91.11694152923538
cable,2,0.05,35,91.19190404797601
cable,2,0.001,36,86.78785607196401
cable,2,0.0025,36,87.9872563718141
cable,2,0.005,36,89.41154422788605
cable,2,0.01,36,90.31109445277362
cable,2,0.02,36,90.61094452773614
cable,2,0.05,36,90.61094452773614
cable,2,0.001,37,89.54272863568215
cable,2,0.0025,37,90.98575712143928
cable,2,0.005,37,92.57871064467766
cable,2,0.01,37,93.34707646176912
cable,2,0.02,37,94.41529235382309
cable,2,0.05,37,94.50899550224888
cable,2,0.001,38,88.39955022488756
cable,2,0.0025,38,89.46776611694153
cable,2,0.005,38,90.38605697151424
cable,2,0.01,38,91.22938530734633
cable,2,0.02,38,91.34182908545728
cable,2,0.05,38,91.13568215892055
cable,2,0.001,39,84.61394302848576
cable,2,0.0025,39,85.62593703148426
cable,2,0.005,39,86.46926536731634
cable,2,0.01,39,87.3688155922039
cable,2,0.02,39,88.06221889055472
cable,2,0.05,39,88.68065967016491
cable,2,0.001,40,85.55097451274362
cable,2,0.0025,40,87.21889055472263
cable,2,0.005,40,89.18665667166417
cable,2,0.01,40,90.55472263868066
cable,2,0.02,40,91.58545727136432
cable,2,0.05,40,92.01649175412294
cable,2,0.001,41,87.59370314842579
cable,2,0.0025,41,88.43703148425787
cable,2,0.005,41,89.84257871064467
cable,2,0.01,41,90.59220389805097
cable,2,0.02,41,91.00449775112443
cable,2,0.05,41,91.17316341829086
cable,2,0.001,42,88.6056971514243
cable,2,0.0025,42,89.46776611694153
cable,2,0.005,42,91.13568215892055
cable,2,0.01,42,91.84782608695652
cable,2,0.02,42,92.46626686656671
cable,2,0.05,42,92.63493253373314
cable,2,0.001,43,87.83733133433283
cable,2,0.0025,43,88.45577211394303
cable,2,0.005,43,89.48650674662669
cable,2,0.01,43,90.5359820089955
cable,2,0.02,43,91.36056971514243
cable,2,0.05,43,92.14767616191904
cable,2,0.001,44,87.64992503748125
cable,2,0.0025,44,88.49325337331334
cable,2,0.005,44,90.36731634182908
cable,2,0.01,44,91.36056971514243
cable,2,0.02,44,92.48500749625187
cable,2,0.05,44,93.08470764617691
cable,2,0.001,45,88.7368815592204
cable,2,0.0025,45,90.38605697151424
cable,2,0.005,45,91.99775112443778
cable,2,0.01,45,92.72863568215892
cable,2,0.02,45,93.06596701649175
cable,2,0.05,45,92.74737631184408
cable,2,0.001,46,86.50674662668666
cable,2,0.0025,46,87.91229385307346
cable,2,0.005,46,88.62443778110945
cable,2,0.01,46,89.78635682158921
cable,2,0.02,46,90.0487256371814
cable,2,0.05,46,90.19865067466267
cable,2,0.001,47,88.43703148425787
cable,2,0.0025,47,89.05547226386807
cable,2,0.005,47,90.36731634182908
cable,2,0.01,47,91.88530734632684
cable,2,0.02,47,92.50374812593704
cable,2,0.05,47,92.3913043478261
cable,2,0.001,48,87.18140929535232
cable,2,0.0025,48,87.91229385307346
cable,2,0.005,48,89.35532233883059
cable,2,0.01,48,90.72338830584708
cable,2,0.02,48,91.47301349325338
cable,2,0.05,48,91.99775112443778
cable,2,0.001,49,88.66191904047976
cable,2,0.0025,49,90.08620689655173
cable,2,0.005,49,91.07946026986507
cable,2,0.01,49,91.904047976012
cable,2,0.02,49,92.44752623688156
cable,2,0.05,49,92.35382308845577
cable,2,0.001,50,88.00599700149925
cable,2,0.0025,50,88.88680659670165
cable,2,0.005,50,90.19865067466267
cable,2,0.01,50,91.36056971514243
cable,2,0.02,50,91.75412293853073
cable,2,0.05,50,91.62293853073463
cable,2,0.001,51,87.12518740629685
cable,2,0.0025,51,88.41829085457272
cable,2,0.005,51,89.82383808095952
cable,2,0.01,51,91.06071964017991
cable,2,0.02,51,92.4287856071964
cable,2,0.05,51,92.76611694152923
cable,2,0.001,52,90.4047976011994
cable,2,0.0025,52,91.06071964017991
cable,2,0.005,52,92.54122938530735
cable,2,0.01,52,93.34707646176912
cable,2,0.02,52,93.96551724137932
cable,2,0.05,52,94.04047976011994
cable,2,0.001,53,88.9055472263868
cable,2,0.0025,53,89.95502248875562
cable,2,0.005,53,91.73538230884557
cable,2,0.01,53,92.74737631184408
cable,2,0.02,53,93.3095952023988
cable,2,0.05,53,93.21589205397301
cable,2,0.001,54,87.83733133433283
cable,2,0.0025,54,88.98050974512743
cable,2,0.005,54,90.51724137931035
cable,2,0.01,54,91.19190404797601
cable,2,0.02,54,91.82908545727136
cable,2,0.05,54,92.16641679160419
cable,4,0.001,0,80.22863568215892
cable,4,0.0025,0,81.80284857571215
cable,4,0.005,0,83.15217391304348
cable,4,0.01,0,84.97001499250375
cable,4,0.02,0,86.43178410794603
cable,4,0.05,0,87.10644677661169
cable,4,0.001,1,80.32233883058471
cable,4,0.0025,1,81.18440779610195
cable,4,0.005,1,83.2271364317841
cable,4,0.01,1,84.07046476761619
cable,4,0.02,1,84.68890554722638
cable,4,0.05,1,84.25787106446776
cable,4,0.001,2,82.90854572713643
cable,4,0.0025,2,84.18290854572713
cable,4,0.005,2,85.34482758620689
cable,4,0.01,2,85.55097451274362
cable,4,0.02,2,85.71964017991004
cable,4,0.05,2,85.15742128935533
cable,4,0.001,3,81.50299850074963
cable,4,0.0025,3,82.32758620689656
cable,4,0.005,3,83.54572713643178
cable,4,0.01,3,84.74512743628186
cable,4,0.02,3,86.13193403298351
cable,4,0.05,3,87.2376311844078
cable,4,0.001,4,83.17091454272864
cable,4,0.0025,4,84.08920539730136
cable,4,0.005,4,85.85082458770614
cable,4,0.01,4,87.2376311844078
cable,4,0.02,4,87.20014992503748
cable,4,0.05,4,87.3688155922039
cable,4,0.001,5,77.73613193403298
cable,4,0.0025,5,78.93553223388305
cable,4,0.005,5,80.52848575712144
cable,4,0.01,5,81.76536731634182
cable,4,0.02,5,82.62743628185908
cable,4,0.05,5,82.62743628185908
cable,4,0.001,6,78.07346326836581
cable,4,0.0025,6,79.2728635682159
cable,4,0.005,6,81.40929535232384
cable,4,0.01,6,82.98350824587706
cable,4,0.02,6,84.12668665667167
cable,4,0.05,6,85.32608695652173
cable,4,0.001,7,82.04647676161919
cable,4,0.0025,7,83.39580209895053
cable,4,0.005,7,84.91379310344827
cable,4,0.01,7,85.83208395802099
cable,4,0.02,7,87.20014992503748
cable,4,0.05,7,87.59370314842579
cable,4,0.001,8,80.11619190404798
cable,4,0.0025,8,80.15367316341829
cable,4,0.005,8,81.72788605697151
cable,4,0.01,8,82.55247376311844
cable,4,0.02,8,83.07721139430285
cable,4,0.05,8,83.67691154422789
cable,4,0.001,9,79.14167916041978
cable,4,0.0025,9,79.42278860569715
cable,4,0.005,9,80.79085457271364
cable,4,0.01,9,81.74662668665667
cable,4,0.02,9,83.32083958020989
cable,4,0.05,9,84.82008995502248
cable,4,0.001,10,81.18440779610195
cable,4,0.0025,10,81.8215892053973
cable,4,0.005,10,83.00224887556222
cable,4,0.01,10,83.92053973013493
cable,4,0.02,10,85.02623688155921
cable,4,0.05,10,85.77586206896552
cable,4,0.001,11,84.25787106446776
cable,4,0.0025,11,83.92053973013493
cable,4,0.005,11,85.23238380809595
cable,4,0.01,11,86.2631184407796
cable,4,0.02,11,86.82533733133434
cable,4,0.05,11,86.76911544227886
cable,4,0.001,12,81.72788605697151
cable,4,0.0025,12,81.99025487256372
cable,4,0.005,12,83.33958020989505
cable,4,0.01,12,84.14542728635682
cable,4,0.02,12,84.70764617691154
cable,4,0.05,12,85.30734632683658
bottle,0,0.001,0,97.85714285714286
bottle,0,0.0025,0,98.01587301587301
bottle,0,0.005,0,98.57142857142857
bottle,0,0.01,0,98.73015873015873
bottle,0,0.02,0,99.36507936507937
bottle,0,0.05,0,99.52380952380952
bottle,0,0.001,1,99.2063492063492
bottle,0,0.0025,1,99.44444444444444
bottle,0,0.005,1,99.92063492063492
bottle,0,0.01,1,100.0
bottle,0,0.02,1,100.0
bottle,0,0.05,1,99.76190476190476
bottle,0,0.001,2,99.52380952380952
bottle,0,0.0025,2,99.76190476190476
bottle,0,0.005,2,100.0
bottle,0,0.01,2,100.0
bottle,0,0.02,2,100.0
bottle,0,0.05,2,99.76190476190476
bottle,0,0.001,3,99.44444444444444
bottle,0,0.0025,3,99.68253968253968
bottle,0,0.005,3,100.0
bottle,0,0.01,3,100.0
bottle,0,0.02,3,100.0
bottle,0,0.05,3,99.76190476190476
bottle,0,0.001,4,99.12698412698413
bottle,0,0.0025,4,99.52380952380952
bottle,0,0.005,4,99.92063492063492
bottle,0,0.01,4,99.92063492063492
bottle,0,0.02,4,100.0
bottle,0,0.05,4,99.76190476190476
bottle,0,0.001,5,99.28571428571429
bottle,0,0.0025,5,99.44444444444444
bottle,0,0.005,5,99.84126984126983
bottle,0,0.01,5,99.76190476190476
bottle,0,0.02,5,99.52380952380952
bottle,0,0.05,5,99.28571428571429
bottle,0,0.001,6,98.88888888888889
bottle,0,0.0025,6,99.12698412698413
bottle,0,0.005,6,99.44444444444444
bottle,0,0.01,6,99.76190476190476
bottle,0,0.02,6,99.68253968253968
bottle,0,0.05,6,99.52380952380952
bottle,0,0.001,7,99.28571428571429
bottle,0,0.0025,7,99.60317460317461
bottle,0,0.005,7,100.0
bottle,0,0.01,7,100.0
bottle,0,0.02,7,100.0
bottle,0,0.05,7,99.84126984126983
bottle,0,0.001,8,99.28571428571429
bottle,0,0.0025,8,99.52380952380952
bottle,0,0.005,8,99.92063492063492
bottle,0,0.01,8,100.0
bottle,0,0.02,8,100.0
bottle,0,0.05,8,99.84126984126983
bottle,0,0.001,9,99.36507936507937
bottle,0,0.0025,9,99.44444444444444
bottle,0,0.005,9,99.92063492063492
bottle,0,0.01,9,100.0
bottle,0,0.02,9,99.84126984126983
bottle,0,0.05,9,99.60317460317461
bottle,0,0.001,10,99.04761904761905
bottle,0,0.0025,10,99.28571428571429
bottle,0,0.005,10,99.68253968253968
bottle,0,0.01,10,99.68253968253968
bottle,0,0.02,10,99.68253968253968
bottle,0,0.05,10,99.84126984126983
bottle,0,0.001,11,99.28571428571429
bottle,0,0.0025,11,99.52380952380952
bottle,0,0.005,11,99.92063492063492
bottle,0,0.01,11,100.0
bottle,0,0.02,11,100.0
bottle,0,0.05,11,99.84126984126983
bottle,0,0.001,12,99.36507936507937
bottle,0,0.0025,12,99.52380952380952
bottle,0,0.005,12,100.0
bottle,0,0.01,12,100.0
bottle,0,0.02,12,100.0
bottle,0,0.05,12,99.84126984126983
bottle,0,0.001,13,99.2063492063492
bottle,0,0.0025,13,99.52380952380952
bottle,0,0.005,13,100.0
bottle,0,0.01,13,100.0
bottle,0,0.02,13,100.0
bottle,0,0.05,13,99.84126984126983
bottle,0,0.001,14,99.36507936507937
bottle,0,0.0025,14,99.60317460317461
bottle,0,0.005,14,100.0
bottle,0,0.01,14,100.0
bottle,0,0.02,14,100.0
bottle,0,0.05,14,99.84126984126983
bottle,0,0.001,15,99.36507936507937
bottle,0,0.0025,15,99.68253968253968
bottle,0,0.005,15,100.0
bottle,0,0.01,15,100.0
bottle,0,0.02,15,100.0
bottle,0,0.05,15,99.84126984126983
bottle,0,0.001,16,99.44444444444444
bottle,0,0.0025,16,99.68253968253968
bottle,0,0.005,16,100.0
bottle,0,0.01,16,100.0
bottle,0,0.02,16,100.0
bottle,0,0.05,16,99.84126984126983
bottle,0,0.001,17,99.44444444444444
bottle,0,0.0025,17,99.68253968253968
bottle,0,0.005,17,100.0
bottle,0,0.01,17,100.0
bottle,0,0.02,17,100.0
bottle,0,0.05,17,99.84126984126983
bottle,0,0.001,18,99.36507936507937
bottle,0,0.0025,18,99.60317460317461
bottle,0,0.005,18,100.0
bottle,0,0.01,18,100.0
bottle,0,0.02,18,100.0
bottle,0,0.05,18,99.68253968253968
bottle,0,0.001,19,99.44444444444444
bottle,0,0.0025,19,99.68253968253968
bottle,0,0.005,19,100.0
bottle,0,0.01,19,100.0
bottle,0,0.02,19,100.0
bottle,0,0.05,19,99.76190476190476
bottle,0,0.001,20,99.28571428571429
bottle,0,0.0025,20,99.52380952380952
bottle,0,0.005,20,100.0
bottle,0,0.01,20,100.0
bottle,0,0.02,20,100.0
bottle,0,0.05,20,99.76190476190476
bottle,0,0.001,21,99.36507936507937
bottle,0,0.0025,21,99.52380952380952
bottle,0,0.005,21,100.0
bottle,0,0.01,21,100.0
bottle,0,0.02,21,100.0
bottle,0,0.05,21,99.84126984126983
bottle,0,0.001,22,99.28571428571429
bottle,0,0.0025,22,99.60317460317461
bottle,0,0.005,22,100.0
bottle,0,0.01,22,100.0
bottle,0,0.02,22,100.0
bottle,0,0.05,22,99.68253968253968
bottle,0,0.001,23,99.44444444444444
bottle,0,0.0025,23,99.68253968253968
bottle,0,0.005,23,100.0
bottle,0,0.01,23,100.0
bottle,0,0.02,23,100.0
bottle,0,0.05,23,99.84126984126983
bottle,0,0.001,24,99.44444444444444
bottle,0,0.0025,24,99.68253968253968
bottle,0,0.005,24,100.0
bottle,0,0.01,24,100.0
bottle,0,0.02,24,100.0
bottle,0,0.05,24,99.84126984126983
bottle,0,0.001,25,99.28571428571429
bottle,0,0.0025,25,99.60317460317461
bottle,0,0.005,25,100.0
bottle,0,0.01,25,100.0
bottle,0,0.02,25,100.0
bottle,0,0.05,25,99.84126984126983
bottle,2,0.001,0,97.22222222222223
bottle,2,0.0025,0,97.06349206349206
bottle,2,0.005,0,97.61904761904762
bottle,2,0.01,0,97.6984126984127
bottle,2,0.02,0,97.61904761904762
bottle,2,0.05,0,97.77777777777777
bottle,2,0.001,1,97.77777777777777
bottle,2,0.0025,1,98.01587301587301
bottle,2,0.005,1,98.73015873015873
bottle,2,0.01,1,99.36507936507937
bottle,2,0.02,1,99.28571428571429
bottle,2,0.05,1,99.2063492063492
bottle,2,0.001,2,97.38095238095238
bottle,2,0.0025,2,97.38095238095238
bottle,2,0.005,2,98.01587301587301
bottle,2,0.01,2,98.25396825396825
bottle,2,0.02,2,98.41269841269842
bottle,2,0.05,2,99.12698412698413
bottle,2,0.001,3,94.76190476190476
bottle,2,0.0025,3,94.92063492063492
bottle,2,0.005,3,96.11111111111111
bottle,2,0.01,3,96.5079365079365
bottle,2,0.02,3,97.38095238095238
bottle,2,0.05,3,97.77777777777777
bottle,2,0.001,4,98.4920634920635
bottle,2,0.0025,4,98.65079365079364
bottle,2,0.005,4,98.96825396825396
bottle,2,0.01,4,99.28571428571429
bottle,2,0.02,4,99.36507936507937
bottle,2,0.05,4,99.04761904761905
bottle,4,0.001,0,86.9047619047619
bottle,4,0.0025,0,87.14285714285714
bottle,4,0.005,0,89.04761904761905
bottle,4,0.01,0,90.71428571428571
bottle,4,0.02,0,92.06349206349206
bottle,4,0.05,0,93.4920634920635
bottle,4,0.001,1,90.71428571428571
bottle,4,0.0025,1,90.71428571428571
bottle,4,0.005,1,91.82539682539682
bottle,4,0.01,1,92.6984126984127
bottle,4,0.02,1,93.41269841269842
bottle,4,0.05,1,95.23809523809524
bottle,4,0.001,2,86.58730158730158
bottle,4,0.0025,2,87.3015873015873
bottle,4,0.005,2,89.04761904761905
bottle,4,0.01,2,90.0
bottle,4,0.02,2,92.3015873015873
bottle,4,0.05,2,93.57142857142857
macaroni2,0,0.001,0,76.63333333333334
macaroni2,0,0.0025,0,75.94444444444444
macaroni2,0,0.005,0,73.5111111111111
macaroni2,0,0.01,0,71.32222222222222
macaroni2,0,0.02,0,68.4888888888889
macaroni2,0,0.05,0,64.11111111111111
macaroni2,0,0.001,1,76.61111111111111
macaroni2,0,0.0025,1,75.93333333333334
macaroni2,0,0.005,1,73.58888888888889
macaroni2,0,0.01,1,71.35555555555555
macaroni2,0,0.02,1,68.52222222222223
macaroni2,0,0.05,1,64.22222222222223
macaroni2,0,0.001,2,76.65555555555555
macaroni2,0,0.0025,2,76.0111111111111
macaroni2,0,0.005,2,73.6
macaroni2,0,0.01,2,71.37777777777778
macaroni2,0,0.02,2,68.53333333333333
macaroni2,0,0.05,2,64.22222222222223
macaroni2,0,0.001,3,76.63333333333334
macaroni2,0,0.0025,3,75.92222222222222
macaroni2,0,0.005,3,73.52222222222223
macaroni2,0,0.01,3,71.36666666666666
macaroni2,0,0.02,3,68.47777777777777
macaroni2,0,0.05,3,64.16666666666667
macaroni2,0,0.001,4,76.62222222222222
macaroni2,0,0.0025,4,75.93333333333334
macaroni2,0,0.005,4,73.53333333333333
macaroni2,0,0.01,4,71.35555555555555
macaroni2,0,0.02,4,68.57777777777778
macaroni2,0,0.05,4,64.14444444444445
macaroni2,0,0.001,5,76.6
macaroni2,0,0.0025,5,75.94444444444444
macaroni2,0,0.005,5,73.52222222222223
macaroni2,0,0.01,5,71.3
macaroni2,0,0.02,5,68.47777777777777
macaroni2,0,0.05,5,64.08888888888889
macaroni2,0,0.001,6,76.63333333333334
macaroni2,0,0.0025,6,75.96666666666667
macaroni2,0,0.005,6,73.56666666666666
macaroni2,0,0.01,6,71.38888888888889
macaroni2,0,0.02,6,68.56666666666666
macaroni2,0,0.05,6,64.08888888888889
macaroni2,0,0.001,7,76.62222222222222
macaroni2,0,0.0025,7,75.86666666666666
macaroni2,0,0.005,7,73.4888888888889
macaroni2,0,0.01,7,71.3
macaroni2,0,0.02,7,68.52222222222223
macaroni2,0,0.05,7,64.04444444444445
macaroni2,0,0.001,8,76.63333333333334
macaroni2,0,0.0025,8,75.94444444444444
macaroni2,0,0.005,8,73.55555555555556
macaroni2,0,0.01,8,71.36666666666666
macaroni2,0,0.02,8,68.52222222222223
macaroni2,0,0.05,8,64.21111111111111
macaroni2,0,0.001,9,76.64444444444445
macaroni2,0,0.0025,9,75.97777777777777
macaroni2,0,0.005,9,73.6
macaroni2,0,0.01,9,71.37777777777778
macaroni2,0,0.02,9,68.6
macaroni2,0,0.05,9,64.15555555555555
macaroni2,0,0.001,10,76.63333333333334
macaroni2,0,0.0025,10,75.94444444444444
macaroni2,0,0.005,10,73.54444444444445
macaroni2,0,0.01,10,71.36666666666666
macaroni2,0,0.02,10,68.57777777777778
macaroni2,0,0.05,10,64.16666666666667
macaroni2,0,0.001,11,76.58888888888889
macaroni2,0,0.0025,11,75.9
macaroni2,0,0.005,11,73.38888888888889
macaroni2,0,0.01,11,71.12222222222222
macaroni2,0,0.02,11,68.3
macaroni2,0,0.05,11,63.94444444444444
macaroni2,0,0.001,12,76.64444444444445
macaroni2,0,0.0025,12,75.93333333333334
macaroni2,0,0.005,12,73.55555555555556
macaroni2,0,0.01,12,71.44444444444444
macaroni2,0,0.02,12,68.6
macaroni2,0,0.05,12,64.24444444444444
macaroni2,0,0.001,13,76.63333333333334
macaroni2,0,0.0025,13,75.93333333333334
macaroni2,0,0.005,13,73.53333333333333
macaroni2,0,0.01,13,71.32222222222222
macaroni2,0,0.02,13,68.47777777777777
macaroni2,0,0.05,13,64.04444444444445
macaroni2,0,0.001,14,76.62222222222222
macaroni2,0,0.0025,14,75.94444444444444
macaroni2,0,0.005,14,73.62222222222222
macaroni2,0,0.01,14,71.34444444444445
macaroni2,0,0.02,14,68.54444444444445
macaroni2,0,0.05,14,64.16666666666667
macaroni2,0,0.001,15,76.38888888888889
macaroni2,0,0.0025,15,75.58888888888889
macaroni2,0,0.005,15,73.27777777777777
macaroni2,0,0.01,15,71.06666666666666
macaroni2,0,0.02,15,68.4
macaroni2,0,0.05,15,63.94444444444444
macaroni2,0,0.001,16,76.62222222222222
macaroni2,0,0.0025,16,75.95555555555555
macaroni2,0,0.005,16,73.53333333333333
macaroni2,0,0.01,16,71.28888888888889
macaroni2,0,0.02,16,68.4888888888889
macaroni2,0,0.05,16,64.13333333333334
macaroni2,0,0.001,17,76.57777777777778
macaroni2,0,0.0025,17,75.94444444444444
macaroni2,0,0.005,17,73.5111111111111
macaroni2,0,0.01,17,71.34444444444445
macaroni2,0,0.02,17,68.53333333333333
macaroni2,0,0.05,17,64.17777777777778
macaroni2,0,0.001,18,76.65555555555555
macaroni2,0,0.0025,18,75.94444444444444
macaroni2,0,0.005,18,73.54444444444445
macaroni2,0,0.01,18,71.28888888888889
macaroni2,0,0.02,18,68.43333333333334
macaroni2,0,0.05,18,64.17777777777778
macaroni2,0,0.001,19,76.67777777777778
macaroni2,0,0.0025,19,75.9888888888889
macaroni2,0,0.005,19,73.57777777777778
macaroni2,0,0.01,19,71.41111111111111
macaroni2,0,0.02,19,68.63333333333334
macaroni2,0,0.05,19,64.23333333333333
macaroni2,0,0.001,20,76.62222222222222
macaroni2,0,0.0025,20,75.93333333333334
macaroni2,0,0.005,20,73.55555555555556
macaroni2,0,0.01,20,71.33333333333333
macaroni2,0,0.02,20,68.53333333333333
macaroni2,0,0.05,20,64.1
macaroni2,0,0.001,21,76.65555555555555
macaroni2,0,0.0025,21,76.0
macaroni2,0,0.005,21,73.54444444444445
macaroni2,0,0.01,21,71.35555555555555
macaroni2,0,0.02,21,68.5
macaroni2,0,0.05,21,64.05555555555556
macaroni2,0,0.001,22,76.63333333333334
macaroni2,0,0.0025,22,75.95555555555555
macaroni2,0,0.005,22,73.55555555555556
macaroni2,0,0.01,22,71.41111111111111
macaroni2,0,0.02,22,68.57777777777778
macaroni2,0,0.05,22,64.15555555555555
macaroni2,0,0.001,23,76.61111111111111
macaroni2,0,0.0025,23,75.92222222222222
macaroni2,0,0.005,23,73.53333333333333
macaroni2,0,0.01,23,71.32222222222222
macaroni2,0,0.02,23,68.5111111111111
macaroni2,0,0.05,23,64.15555555555555
macaroni2,0,0.001,24,76.36666666666666
macaroni2,0,0.0025,24,75.9
macaroni2,0,0.005,24,73.5
macaroni2,0,0.01,24,71.21111111111111
macaroni2,0,0.02,24,68.34444444444445
macaroni2,0,0.05,24,64.04444444444445
macaroni2,0,0.001,25,76.63333333333334
macaroni2,0,0.0025,25,75.94444444444444
macaroni2,0,0.005,25,73.56666666666666
macaroni2,0,0.01,25,71.37777777777778
macaroni2,0,0.02,25,68.6
macaroni2,0,0.05,25,64.14444444444445
macaroni2,0,0.001,26,76.64444444444445
macaroni2,0,0.0025,26,75.96666666666667
macaroni2,0,0.005,26,73.56666666666666
macaroni2,0,0.01,26,71.41111111111111
macaroni2,0,0.02,26,68.6
macaroni2,0,0.05,26,63.98888888888889
macaroni2,0,0.001,27,76.61111111111111
macaroni2,0,0.0025,27,75.93333333333334
macaroni2,0,0.005,27,73.54444444444445
macaroni2,0,0.01,27,71.33333333333333
macaroni2,0,0.02,27,68.55555555555556
macaroni2,0,0.05,27,64.13333333333334
macaroni2,0,0.001,28,76.67777777777778
macaroni2,0,0.0025,28,75.97777777777777
macaroni2,0,0.005,28,73.57777777777778
macaroni2,0,0.01,28,71.4
macaroni2,0,0.02,28,68.53333333333333
macaroni2,0,0.05,28,64.22222222222223
macaroni2,0,0.001,29,76.62222222222222
macaroni2,0,0.0025,29,75.92222222222222
macaroni2,0,0.005,29,73.47777777777777
macaroni2,0,0.01,29,71.32222222222222
macaroni2,0,0.02,29,68.4888888888889
macaroni2,0,0.05,29,64.13333333333334
macaroni2,0,0.001,30,76.62222222222222
macaroni2,0,0.0025,30,75.94444444444444
macaroni2,0,0.005,30,73.54444444444445
macaroni2,0,0.01,30,71.34444444444445
macaroni2,0,0.02,30,68.53333333333333
macaroni2,0,0.05,30,64.14444444444445
macaroni2,0,0.001,31,76.64444444444445
macaroni2,0,0.0025,31,75.94444444444444
macaroni2,0,0.005,31,73.53333333333333
macaroni2,0,0.01,31,71.31111111111112
macaroni2,0,0.02,31,68.55555555555556
macaroni2,0,0.05,31,64.18888888888888
macaroni2,0,0.001,32,76.66666666666667
macaroni2,0,0.0025,32,75.97777777777777
macaroni2,0,0.005,32,73.54444444444445
macaroni2,0,0.01,32,71.42222222222222
macaroni2,0,0.02,32,68.56666666666666
macaroni2,0,0.05,32,64.2
macaroni2,0,0.001,33,76.46666666666667
macaroni2,0,0.0025,33,75.78888888888889
macaroni2,0,0.005,33,73.4
macaroni2,0,0.01,33,71.24444444444444
macaroni2,0,0.02,33,68.44444444444444
macaroni2,0,0.05,33,64.14444444444445
macaroni2,0,0.001,34,76.66666666666667
macaroni2,0,0.0025,34,75.95555555555555
macaroni2,0,0.005,34,73.57777777777778
macaroni2,0,0.01,34,71.37777777777778
macaroni2,0,0.02,34,68.5
macaroni2,0,0.05,34,64.02222222222223
macaroni2,0,0.001,35,76.62222222222222
macaroni2,0,0.0025,35,75.94444444444444
macaroni2,0,0.005,35,73.5111111111111
macaroni2,0,0.01,35,71.32222222222222
macaroni2,0,0.02,35,68.5111111111111
macaroni2,0,0.05,35,64.13333333333334
macaroni2,0,0.001,36,76.66666666666667
macaroni2,0,0.0025,36,75.93333333333334
macaroni2,0,0.005,36,73.54444444444445
macaroni2,0,0.01,36,71.35555555555555
macaroni2,0,0.02,36,68.47777777777777
macaroni2,0,0.05,36,64.07777777777778
macaroni2,0,0.001,37,76.62222222222222
macaroni2,0,0.0025,37,75.94444444444444
macaroni2,0,0.005,37,73.52222222222223
macaroni2,0,0.01,37,71.34444444444445
macaroni2,0,0.02,37,68.56666666666666
macaroni2,0,0.05,37,64.16666666666667
macaroni2,0,0.001,38,76.62222222222222
macaroni2,0,0.0025,38,75.94444444444444
macaroni2,0,0.005,38,73.55555555555556
macaroni2,0,0.01,38,71.38888888888889
macaroni2,0,0.02,38,68.56666666666666
macaroni2,0,0.05,38,64.25555555555556
macaroni2,0,0.001,39,76.64444444444445
macaroni2,0,0.0025,39,75.96666666666667
macaroni2,0,0.005,39,73.53333333333333
macaroni2,0,0.01,39,71.35555555555555
macaroni2,0,0.02,39,68.55555555555556
macaroni2,0,0.05,39,64.17777777777778
macaroni2,0,0.001,40,76.42222222222222
macaroni2,0,0.0025,40,75.86666666666666
macaroni2,0,0.005,40,73.42222222222222
macaroni2,0,0.01,40,71.27777777777777
macaroni2,0,0.02,40,68.5
macaroni2,0,0.05,40,64.06666666666666
macaroni2,0,0.001,41,76.63333333333334
macaroni2,0,0.0025,41,75.95555555555555
macaroni2,0,0.005,41,73.53333333333333
macaroni2,0,0.01,41,71.36666666666666
macaroni2,0,0.02,41,68.58888888888889
macaroni2,0,0.05,41,64.16666666666667
macaroni2,0,0.001,42,76.64444444444445
macaroni2,0,0.0025,42,75.96666666666667
macaroni2,0,0.005,42,73.55555555555556
macaroni2,0,0.01,42,71.27777777777777
macaroni2,0,0.02,42,68.53333333333333
macaroni2,0,0.05,42,64.11111111111111
macaroni2,0,0.001,43,76.58888888888889
macaroni2,0,0.0025,43,75.88888888888889
macaroni2,0,0.005,43,73.42222222222222
macaroni2,0,0.01,43,71.27777777777777
macaroni2,0,0.02,43,68.5111111111111
macaroni2,0,0.05,43,64.07777777777778
macaroni2,0,0.001,44,76.62222222222222
macaroni2,0,0.0025,44,75.93333333333334
macaroni2,0,0.005,44,73.56666666666666
macaroni2,0,0.01,44,71.36666666666666
macaroni2,0,0.02,44,68.4888888888889
macaroni2,0,0.05,44,64.07777777777778
macaroni2,0,0.001,45,76.64444444444445
macaroni2,0,0.0025,45,75.94444444444444
macaroni2,0,0.005,45,73.52222222222223
macaroni2,0,0.01,45,71.31111111111112
macaroni2,0,0.02,45,68.5
macaroni2,0,0.05,45,64.13333333333334
macaroni2,0,0.001,46,76.62222222222222
macaroni2,0,0.0025,46,75.93333333333334
macaroni2,0,0.005,46,73.53333333333333
macaroni2,0,0.01,46,71.41111111111111
macaroni2,0,0.02,46,68.55555555555556
macaroni2,0,0.05,46,64.14444444444445
macaroni2,0,0.001,47,76.63333333333334
macaroni2,0,0.0025,47,75.94444444444444
macaroni2,0,0.005,47,73.55555555555556
macaroni2,0,0.01,47,71.36666666666666
macaroni2,0,0.02,47,68.52222222222223
macaroni2,0,0.05,47,64.13333333333334
macaroni2,0,0.001,48,76.64444444444445
macaroni2,0,0.0025,48,75.9888888888889
macaroni2,0,0.005,48,73.54444444444445
macaroni2,0,0.01,48,71.44444444444444
macaroni2,0,0.02,48,68.63333333333334
macaroni2,0,0.05,48,64.17777777777778
macaroni2,0,0.001,49,76.64444444444445
macaroni2,0,0.0025,49,75.95555555555555
macaroni2,0,0.005,49,73.56666666666666
macaroni2,0,0.01,49,71.35555555555555
macaroni2,0,0.02,49,68.53333333333333
macaroni2,0,0.05,49,64.16666666666667
macaroni2,0,0.001,50,76.62222222222222
macaroni2,0,0.0025,50,75.95555555555555
macaroni2,0,0.005,50,73.52222222222223
macaroni2,0,0.01,50,71.35555555555555
macaroni2,0,0.02,50,68.52222222222223
macaroni2,0,0.05,50,64.04444444444445
macaroni2,0,0.001,51,76.63333333333334
macaroni2,0,0.0025,51,75.94444444444444
macaroni2,0,0.005,51,73.44444444444444
macaroni2,0,0.01,51,71.25555555555556
macaroni2,0,0.02,51,68.46666666666667
macaroni2,0,0.05,51,64.0111111111111
macaroni2,0,0.001,52,76.63333333333334
macaroni2,0,0.0025,52,75.94444444444444
macaroni2,0,0.005,52,73.56666666666666
macaroni2,0,0.01,52,71.41111111111111
macaroni2,0,0.02,52,68.52222222222223
macaroni2,0,0.05,52,64.14444444444445
macaroni2,0,0.001,53,76.64444444444445
macaroni2,0,0.0025,53,75.93333333333334
macaroni2,0,0.005,53,73.56666666666666
macaroni2,0,0.01,53,71.31111111111112
macaroni2,0,0.02,53,68.4888888888889
macaroni2,0,0.05,53,64.17777777777778
macaroni2,0,0.001,54,76.62222222222222
macaroni2,0,0.0025,54,75.93333333333334
macaroni2,0,0.005,54,73.54444444444445
macaroni2,0,0.01,54,71.32222222222222
macaroni2,0,0.02,54,68.53333333333333
macaroni2,0,0.05,54,64.16666666666667
macaroni2,0,0.001,55,76.61111111111111
macaroni2,0,0.0025,55,75.92222222222222
macaroni2,0,0.005,55,73.55555555555556
macaroni2,0,0.01,55,71.37777777777778
macaroni2,0,0.02,55,68.57777777777778
macaroni2,0,0.05,55,64.13333333333334
macaroni2,0,0.001,56,76.58888888888889
macaroni2,0,0.0025,56,75.9
macaroni2,0,0.005,56,73.5111111111111
macaroni2,0,0.01,56,71.34444444444445
macaroni2,0,0.02,56,68.52222222222223
macaroni2,0,0.05,56,64.08888888888889
macaroni2,0,0.001,57,76.26666666666667
macaroni2,0,0.0025,57,75.72222222222223
macaroni2,0,0.005,57,73.34444444444445
macaroni2,0,0.01,57,71.14444444444445
macaroni2,0,0.02,57,68.43333333333334
macaroni2,0,0.05,57,64.11111111111111
macaroni2,0,0.001,58,76.43333333333334
macaroni2,0,0.0025,58,75.72222222222223
macaroni2,0,0.005,58,73.34444444444445
macaroni2,0,0.01,58,71.27777777777777
macaroni2,0,0.02,58,68.44444444444444
macaroni2,0,0.05,58,64.07777777777778
macaroni2,0,0.001,59,76.62222222222222
macaroni2,0,0.0025,59,75.87777777777778
macaroni2,0,0.005,59,73.5
macaroni2,0,0.01,59,71.32222222222222
macaroni2,0,0.02,59,68.58888888888889
macaroni2,0,0.05,59,64.14444444444445
macaroni2,0,0.001,60,76.64444444444445
macaroni2,0,0.0025,60,75.95555555555555
macaroni2,0,0.005,60,73.55555555555556
macaroni2,0,0.01,60,71.36666666666666
macaroni2,0,0.02,60,68.5
macaroni2,0,0.05,60,64.08888888888889
macaroni2,0,0.001,61,76.61111111111111
macaroni2,0,0.0025,61,75.94444444444444
macaroni2,0,0.005,61,73.54444444444445
macaroni2,0,0.01,61,71.35555555555555
macaroni2,0,0.02,61,68.57777777777778
macaroni2,0,0.05,61,64.2
macaroni2,0,0.001,62,76.62222222222222
macaroni2,0,0.0025,62,75.95555555555555
macaroni2,0,0.005,62,73.56666666666666
macaroni2,0,0.01,62,71.32222222222222
macaroni2,0,0.02,62,68.52222222222223
macaroni2,0,0.05,62,64.17777777777778
macaroni2,0,0.001,63,76.62222222222222
macaroni2,0,0.0025,63,75.92222222222222
macaroni2,0,0.005,63,73.54444444444445
macaroni2,0,0.01,63,71.37777777777778
macaroni2,0,0.02,63,68.56666666666666
macaroni2,0,0.05,63,64.21111111111111
macaroni2,0,0.001,64,76.63333333333334
macaroni2,0,0.0025,64,75.9
macaroni2,0,0.005,64,73.5
macaroni2,0,0.01,64,71.4
macaroni2,0,0.02,64,68.47777777777777
macaroni2,0,0.05,64,64.08888888888889
macaroni2,0,0.001,65,76.57777777777778
macaroni2,0,0.0025,65,75.88888888888889
macaroni2,0,0.005,65,73.53333333333333
macaroni2,0,0.01,65,71.31111111111112
macaroni2,0,0.02,65,68.5
macaroni2,0,0.05,65,64.11111111111111
macaroni2,0,0.001,66,76.3
macaroni2,0,0.0025,66,75.7
macaroni2,0,0.005,66,73.22222222222223
macaroni2,0,0.01,66,71.05555555555556
macaroni2,0,0.02,66,68.3
macaroni2,0,0.05,66,64.13333333333334
macaroni2,0,0.001,67,76.64444444444445
macaroni2,0,0.0025,67,75.95555555555555
macaroni2,0,0.005,67,73.57777777777778
macaroni2,0,0.01,67,71.36666666666666
macaroni2,0,0.02,67,68.5
macaroni2,0,0.05,67,64.08888888888889
macaroni2,0,0.001,68,76.64444444444445
macaroni2,0,0.0025,68,75.95555555555555
macaroni2,0,0.005,68,73.56666666666666
macaroni2,0,0.01,68,71.38888888888889
macaroni2,0,0.02,68,68.57777777777778
macaroni2,0,0.05,68,64.15555555555555
macaroni2,0,0.001,69,76.62222222222222
macaroni2,0,0.0025,69,75.95555555555555
macaroni2,0,0.005,69,73.54444444444445
macaroni2,0,0.01,69,71.36666666666666
macaroni2,0,0.02,69,68.55555555555556
macaroni2,0,0.05,69,64.23333333333333
macaroni2,0,0.001,70,76.65555555555555
macaroni2,0,0.0025,70,75.95555555555555
macaroni2,0,0.005,70,73.52222222222223
macaroni2,0,0.01,70,71.38888888888889
macaroni2,0,0.02,70,68.5111111111111
macaroni2,0,0.05,70,64.08888888888889
macaroni2,0,0.001,71,76.55555555555556
macaroni2,0,0.0025,71,75.88888888888889
macaroni2,0,0.005,71,73.43333333333334
macaroni2,0,0.01,71,71.27777777777777
macaroni2,0,0.02,71,68.45555555555555
macaroni2,0,0.05,71,64.12222222222222
macaroni2,0,0.001,72,76.63333333333334
macaroni2,0,0.0025,72,75.96666666666667
macaroni2,0,0.005,72,73.55555555555556
macaroni2,0,0.01,72,71.4
macaroni2,0,0.02,72,68.56666666666666
macaroni2,0,0.05,72,64.17777777777778
macaroni2,0,0.001,73,76.66666666666667
macaroni2,0,0.0025,73,75.91111111111111
macaroni2,0,0.005,73,73.55555555555556
macaroni2,0,0.01,73,71.28888888888889
macaroni2,0,0.02,73,68.42222222222222
macaroni2,0,0.05,73,64.07777777777778
macaroni2,0,0.001,74,76.63333333333334
macaroni2,0,0.0025,74,75.88888888888889
macaroni2,0,0.005,74,73.45555555555555
macaroni2,0,0.01,74,71.3
macaroni2,0,0.02,74,68.4888888888889
macaroni2,0,0.05,74,64.1
macaroni2,0,0.001,75,76.63333333333334
macaroni2,0,0.0025,75,75.95555555555555
macaroni2,0,0.005,75,73.56666666666666
macaroni2,0,0.01,75,71.25555555555556
macaroni2,0,0.02,75,68.38888888888889
macaroni2,0,0.05,75,63.93333333333333
macaroni2,0,0.001,76,76.62222222222222
macaroni2,0,0.0025,76,75.94444444444444
macaroni2,0,0.005,76,73.55555555555556
macaroni2,0,0.01,76,71.33333333333333
macaroni2,0,0.02,76,68.55555555555556
macaroni2,0,0.05,76,64.22222222222223
macaroni2,0,0.001,77,76.52222222222223
macaroni2,0,0.0025,77,75.9
macaroni2,0,0.005,77,73.5111111111111
macaroni2,0,0.01,77,71.31111111111112
macaroni2,0,0.02,77,68.47777777777777
macaroni2,0,0.05,77,64.13333333333334
macaroni2,0,0.001,78,76.58888888888889
macaroni2,0,0.0025,78,75.9
macaroni2,0,0.005,78,73.5
macaroni2,0,0.01,78,71.33333333333333
macaroni2,0,0.02,78,68.52222222222223
macaroni2,0,0.05,78,64.12222222222222
macaroni2,0,0.001,79,76.64444444444445
macaroni2,0,0.0025,79,75.95555555555555
macaroni2,0,0.005,79,73.55555555555556
macaroni2,0,0.01,79,71.38888888888889
macaroni2,0,0.02,79,68.54444444444445
macaroni2,0,0.05,79,64.13333333333334
macaroni2,0,0.001,80,76.63333333333334
macaroni2,0,0.0025,80,75.97777777777777
macaroni2,0,0.005,80,73.56666666666666
macaroni2,0,0.01,80,71.36666666666666
macaroni2,0,0.02,80,68.5111111111111
macaroni2,0,0.05,80,64.07777777777778
macaroni2,0,0.001,81,76.62222222222222
macaroni2,0,0.0025,81,75.93333333333334
macaroni2,0,0.005,81,73.5111111111111
macaroni2,0,0.01,81,71.31111111111112
macaroni2,0,0.02,81,68.53333333333333
macaroni2,0,0.05,81,64.13333333333334
macaroni2,0,0.001,82,76.66666666666667
macaroni2,0,0.0025,82,75.83333333333333
macaroni2,0,0.005,82,73.47777777777777
macaroni2,0,0.01,82,71.31111111111112
macaroni2,0,0.02,82,68.52222222222223
macaroni2,0,0.05,82,64.11111111111111
macaroni2,0,0.001,83,76.6
macaroni2,0,0.0025,83,75.97777777777777
macaroni2,0,0.005,83,73.52222222222223
macaroni2,0,0.01,83,71.3
macaroni2,0,0.02,83,68.55555555555556
macaroni2,0,0.05,83,64.12222222222222
macaroni2,0,0.001,84,76.63333333333334
macaroni2,0,0.0025,84,75.95555555555555
macaroni2,0,0.005,84,73.54444444444445
macaroni2,0,0.01,84,71.34444444444445
macaroni2,0,0.02,84,68.53333333333333
macaroni2,0,0.05,84,64.14444444444445
macaroni2,0,0.001,85,76.63333333333334
macaroni2,0,0.0025,85,75.94444444444444
macaroni2,0,0.005,85,73.54444444444445
macaroni2,0,0.01,85,71.34444444444445
macaroni2,0,0.02,85,68.56666666666666
macaroni2,0,0.05,85,64.21111111111111
macaroni2,0,0.001,86,76.6
macaroni2,0,0.0025,86,75.88888888888889
macaroni2,0,0.005,86,73.4888888888889
macaroni2,0,0.01,86,71.26666666666667
macaroni2,0,0.02,86,68.57777777777778
macaroni2,0,0.05,86,64.0111111111111
macaroni2,0,0.001,87,76.62222222222222
macaroni2,0,0.0025,87,75.92222222222222
macaroni2,0,0.005,87,73.54444444444445
macaroni2,0,0.01,87,71.28888888888889
macaroni2,0,0.02,87,68.5
macaroni2,0,0.05,87,64.13333333333334
macaroni2,0,0.001,88,76.5111111111111
macaroni2,0,0.0025,88,75.87777777777778
macaroni2,0,0.005,88,73.45555555555555
macaroni2,0,0.01,88,71.31111111111112
macaroni2,0,0.02,88,68.53333333333333
macaroni2,0,0.05,88,64.22222222222223
macaroni2,0,0.001,89,76.63333333333334
macaroni2,0,0.0025,89,75.96666666666667
macaroni2,0,0.005,89,73.53333333333333
macaroni2,0,0.01,89,71.34444444444445
macaroni2,0,0.02,89,68.52222222222223
macaroni2,0,0.05,89,64.08888888888889
macaroni2,0,0.001,90,76.63333333333334
macaroni2,0,0.0025,90,75.96666666666667
macaroni2,0,0.005,90,73.56666666666666
macaroni2,0,0.01,90,71.35555555555555
macaroni2,0,0.02,90,68.53333333333333
macaroni2,0,0.05,90,64.12222222222222
macaroni2,0,0.001,91,76.38888888888889
macaroni2,0,0.0025,91,75.84444444444445
macaroni2,0,0.005,91,73.35555555555555
macaroni2,0,0.01,91,71.07777777777778
macaroni2,0,0.02,91,68.32222222222222
macaroni2,0,0.05,91,63.833333333333336
macaroni2,0,0.001,92,76.6
macaroni2,0,0.0025,92,75.88888888888889
macaroni2,0,0.005,92,73.55555555555556
macaroni2,0,0.01,92,71.33333333333333
macaroni2,0,0.02,92,68.55555555555556
macaroni2,0,0.05,92,64.16666666666667
macaroni2,0,0.001,93,76.63333333333334
macaroni2,0,0.0025,93,75.97777777777777
macaroni2,0,0.005,93,73.55555555555556
macaroni2,0,0.01,93,71.31111111111112
macaroni2,0,0.02,93,68.54444444444445
macaroni2,0,0.05,93,64.18888888888888
macaroni2,0,0.001,94,76.61111111111111
macaroni2,0,0.0025,94,75.93333333333334
macaroni2,0,0.005,94,73.55555555555556
macaroni2,0,0.01,94,71.34444444444445
macaroni2,0,0.02,94,68.57777777777778
macaroni2,0,0.05,94,64.15555555555555
macaroni2,0,0.001,95,76.66666666666667
macaroni2,0,0.0025,95,75.95555555555555
macaroni2,0,0.005,95,73.56666666666666
macaroni2,0,0.01,95,71.28888888888889
macaroni2,0,0.02,95,68.47777777777777
macaroni2,0,0.05,95,64.04444444444445
macaroni2,0,0.001,96,76.62222222222222
macaroni2,0,0.0025,96,75.93333333333334
macaroni2,0,0.005,96,73.56666666666666
macaroni2,0,0.01,96,71.27777777777777
macaroni2,0,0.02,96,68.5
macaroni2,0,0.05,96,64.07777777777778
macaroni2,0,0.001,97,76.61111111111111
macaroni2,0,0.0025,97,75.85555555555555
macaroni2,0,0.005,97,73.46666666666667
macaroni2,0,0.01,97,71.25555555555556
macaroni2,0,0.02,97,68.38888888888889
macaroni2,0,0.05,97,64.06666666666666
macaroni2,0,0.001,98,76.63333333333334
macaroni2,0,0.0025,98,75.94444444444444
macaroni2,0,0.005,98,73.56666666666666
macaroni2,0,0.01,98,71.33333333333333
macaroni2,0,0.02,98,68.53333333333333
macaroni2,0,0.05,98,64.12222222222222
macaroni2,0,0.001,99,76.62222222222222
macaroni2,0,0.0025,99,75.93333333333334
macaroni2,0,0.005,99,73.54444444444445
macaroni2,0,0.01,99,71.36666666666666
macaroni2,0,0.02,99,68.52222222222223
macaroni2,0,0.05,99,64.21111111111111
macaroni2,2,0.001,0,76.02222222222223
macaroni2,2,0.0025,0,75.7
macaroni2,2,0.005,0,73.31111111111112
macaroni2,2,0.01,0,71.0111111111111
macaroni2,2,0.02,0,68.64444444444445
macaroni2,2,0.05,0,63.78888888888889
macaroni2,2,0.001,1,76.34444444444445
macaroni2,2,0.0025,1,76.24444444444444
macaroni2,2,0.005,1,73.81111111111112
macaroni2,2,0.01,1,71.63333333333334
macaroni2,2,0.02,1,68.92222222222222
macaroni2,2,0.05,1,64.53333333333333
macaroni2,2,0.001,2,74.77777777777777
macaroni2,2,0.0025,2,74.28888888888889
macaroni2,2,0.005,2,72.0
macaroni2,2,0.01,2,70.04444444444445
macaroni2,2,0.02,2,67.35555555555555
macaroni2,2,0.05,2,63.22222222222222
macaroni2,2,0.001,3,76.23333333333333
macaroni2,2,0.0025,3,75.94444444444444
macaroni2,2,0.005,3,73.6
macaroni2,2,0.01,3,71.25555555555556
macaroni2,2,0.02,3,68.55555555555556
macaroni2,2,0.05,3,63.888888888888886
macaroni2,2,0.001,4,75.93333333333334
macaroni2,2,0.0025,4,75.75555555555556
macaroni2,2,0.005,4,73.2
macaroni2,2,0.01,4,71.17777777777778
macaroni2,2,0.02,4,68.56666666666666
macaroni2,2,0.05,4,64.61111111111111
macaroni2,2,0.001,5,75.15555555555555
macaroni2,2,0.0025,5,75.17777777777778
macaroni2,2,0.005,5,73.06666666666666
macaroni2,2,0.01,5,70.96666666666667
macaroni2,2,0.02,5,68.43333333333334
macaroni2,2,0.05,5,64.0111111111111
macaroni2,2,0.001,6,76.17777777777778
macaroni2,2,0.0025,6,75.73333333333333
macaroni2,2,0.005,6,73.08888888888889
macaroni2,2,0.01,6,70.96666666666667
macaroni2,2,0.02,6,67.96666666666667
macaroni2,2,0.05,6,63.65555555555556
macaroni2,2,0.001,7,76.04444444444445
macaroni2,2,0.0025,7,75.94444444444444
macaroni2,2,0.005,7,73.16666666666667
macaroni2,2,0.01,7,70.82222222222222
macaroni2,2,0.02,7,68.31111111111112
macaroni2,2,0.05,7,63.77777777777778
macaroni2,2,0.001,8,74.18888888888888
macaroni2,2,0.0025,8,74.33333333333333
macaroni2,2,0.005,8,72.23333333333333
macaroni2,2,0.01,8,70.26666666666667
macaroni2,2,0.02,8,67.87777777777778
macaroni2,2,0.05,8,64.05555555555556
macaroni2,2,0.001,9,75.27777777777777
macaroni2,2,0.0025,9,75.37777777777778
macaroni2,2,0.005,9,72.96666666666667
macaroni2,2,0.01,9,70.63333333333334
macaroni2,2,0.02,9,68.22222222222223
macaroni2,2,0.05,9,63.94444444444444
macaroni2,2,0.001,10,75.31111111111112
macaroni2,2,0.0025,10,75.08888888888889
macaroni2,2,0.005,10,72.82222222222222
macaroni2,2,0.01,10,70.76666666666667
macaroni2,2,0.02,10,68.37777777777778
macaroni2,2,0.05,10,64.24444444444444
macaroni2,2,0.001,11,74.9
macaroni2,2,0.0025,11,75.0
macaroni2,2,0.005,11,73.03333333333333
macaroni2,2,0.01,11,71.04444444444445
macaroni2,2,0.02,11,68.55555555555556
macaroni2,2,0.05,11,64.3
macaroni2,2,0.001,12,76.1
macaroni2,2,0.0025,12,76.1
macaroni2,2,0.005,12,73.75555555555556
macaroni2,2,0.01,12,71.23333333333333
macaroni2,2,0.02,12,68.35555555555555
macaroni2,2,0.05,12,63.977777777777774
macaroni2,2,0.001,13,74.75555555555556
macaroni2,2,0.0025,13,74.94444444444444
macaroni2,2,0.005,13,73.0
macaroni2,2,0.01,13,70.94444444444444
macaroni2,2,0.02,13,68.4
macaroni2,2,0.05,13,63.955555555555556
macaroni2,2,0.001,14,76.11111111111111
macaroni2,2,0.0025,14,76.16666666666667
macaroni2,2,0.005,14,73.66666666666667
macaroni2,2,0.01,14,71.45555555555555
macaroni2,2,0.02,14,68.73333333333333
macaroni2,2,0.05,14,64.32222222222222
macaroni2,2,0.001,15,74.7
macaroni2,2,0.0025,15,74.96666666666667
macaroni2,2,0.005,15,72.66666666666667
macaroni2,2,0.01,15,70.67777777777778
macaroni2,2,0.02,15,68.11111111111111
macaroni2,2,0.05,15,63.67777777777778
macaroni2,2,0.001,16,74.74444444444444
macaroni2,2,0.0025,16,74.82222222222222
macaroni2,2,0.005,16,72.38888888888889
macaroni2,2,0.01,16,70.42222222222222
macaroni2,2,0.02,16,67.85555555555555
macaroni2,2,0.05,16,63.98888888888889
macaroni2,2,0.001,17,75.76666666666667
macaroni2,2,0.0025,17,75.66666666666667
macaroni2,2,0.005,17,73.37777777777778
macaroni2,2,0.01,17,71.28888888888889
macaroni2,2,0.02,17,68.58888888888889
macaroni2,2,0.05,17,64.56666666666666
macaroni2,2,0.001,18,75.08888888888889
macaroni2,2,0.0025,18,75.36666666666666
macaroni2,2,0.005,18,73.16666666666667
macaroni2,2,0.01,18,71.26666666666667
macaroni2,2,0.02,18,68.43333333333334
macaroni2,2,0.05,18,64.14444444444445
macaroni2,2,0.001,19,75.22222222222223
macaroni2,2,0.0025,19,75.44444444444444
macaroni2,2,0.005,19,73.3
macaroni2,2,0.01,19,71.34444444444445
macaroni2,2,0.02,19,68.73333333333333
macaroni2,2,0.05,19,64.3
macaroni2,2,0.001,20,74.52222222222223
macaroni2,2,0.0025,20,74.7
macaroni2,2,0.005,20,72.53333333333333
macaroni2,2,0.01,20,70.77777777777777
macaroni2,2,0.02,20,67.81111111111112
macaroni2,2,0.05,20,63.63333333333333
macaroni2,2,0.001,21,76.34444444444445
macaroni2,2,0.0025,21,76.3
macaroni2,2,0.005,21,73.93333333333334
macaroni2,2,0.01,21,71.67777777777778
macaroni2,2,0.02,21,68.9
macaroni2,2,0.05,21,64.6
macaroni2,2,0.001,22,76.03333333333333
macaroni2,2,0.0025,22,75.82222222222222
macaroni2,2,0.005,22,73.38888888888889
macaroni2,2,0.01,22,71.07777777777778
macaroni2,2,0.02,22,68.55555555555556
macaroni2,2,0.05,22,64.0111111111111
macaroni2,2,0.001,23,76.31111111111112
macaroni2,2,0.0025,23,76.3
macaroni2,2,0.005,23,73.9
macaroni2,2,0.01,23,71.57777777777778
macaroni2,2,0.02,23,68.76666666666667
macaroni2,2,0.05,23,64.38888888888889
macaroni2,2,0.001,24,75.95555555555555
macaroni2,2,0.0025,24,76.02222222222223
macaroni2,2,0.005,24,73.47777777777777
macaroni2,2,0.01,24,71.37777777777778
macaroni2,2,0.02,24,68.74444444444444
macaroni2,2,0.05,24,64.32222222222222
macaroni2,2,0.001,25,75.9
macaroni2,2,0.0025,25,75.84444444444445
macaroni2,2,0.005,25,73.62222222222222
macaroni2,2,0.01,25,71.33333333333333
macaroni2,2,0.02,25,68.6
macaroni2,2,0.05,25,64.44444444444444
macaroni2,2,0.001,26,75.5
macaroni2,2,0.0025,26,75.43333333333334
macaroni2,2,0.005,26,72.96666666666667
macaroni2,2,0.01,26,70.94444444444444
macaroni2,2,0.02,26,68.36666666666666
macaroni2,2,0.05,26,64.22222222222223
macaroni2,2,0.001,27,76.21111111111111
macaroni2,2,0.0025,27,76.13333333333334
macaroni2,2,0.005,27,73.65555555555555
macaroni2,2,0.01,27,71.53333333333333
macaroni2,2,0.02,27,68.77777777777777
macaroni2,2,0.05,27,64.61111111111111
macaroni2,2,0.001,28,74.97777777777777
macaroni2,2,0.0025,28,74.58888888888889
macaroni2,2,0.005,28,72.0111111111111
macaroni2,2,0.01,28,70.0
macaroni2,2,0.02,28,67.54444444444445
macaroni2,2,0.05,28,63.55555555555556
macaroni2,2,0.001,29,74.86666666666666
macaroni2,2,0.0025,29,75.02222222222223
macaroni2,2,0.005,29,72.67777777777778
macaroni2,2,0.01,29,70.46666666666667
macaroni2,2,0.02,29,68.13333333333334
macaroni2,2,0.05,29,64.0
macaroni2,2,0.001,30,75.95555555555555
macaroni2,2,0.0025,30,75.72222222222223
macaroni2,2,0.005,30,73.38888888888889
macaroni2,2,0.01,30,71.23333333333333
macaroni2,2,0.02,30,68.34444444444445
macaroni2,2,0.05,30,64.16666666666667
macaroni2,2,0.001,31,75.61111111111111
macaroni2,2,0.0025,31,75.57777777777778
macaroni2,2,0.005,31,73.24444444444444
macaroni2,2,0.01,31,70.88888888888889
macaroni2,2,0.02,31,68.04444444444445
macaroni2,2,0.05,31,63.94444444444444
macaroni2,2,0.001,32,75.78888888888889
macaroni2,2,0.0025,32,75.86666666666666
macaroni2,2,0.005,32,73.5
macaroni2,2,0.01,32,71.27777777777777
macaroni2,2,0.02,32,68.67777777777778
macaroni2,2,0.05,32,64.05555555555556
macaroni2,2,0.001,33,76.06666666666666
macaroni2,2,0.0025,33,76.12222222222222
macaroni2,2,0.005,33,73.56666666666666
macaroni2,2,0.01,33,71.22222222222223
macaroni2,2,0.02,33,68.86666666666666
macaroni2,2,0.05,33,63.766666666666666
macaroni2,2,0.001,34,76.43333333333334
macaroni2,2,0.0025,34,75.88888888888889
macaroni2,2,0.005,34,73.42222222222222
macaroni2,2,0.01,34,71.5111111111111
macaroni2,2,0.02,34,68.6
macaroni2,2,0.05,34,64.54444444444445
macaroni2,2,0.001,35,75.28888888888889
macaroni2,2,0.0025,35,75.36666666666666
macaroni2,2,0.005,35,72.73333333333333
macaroni2,2,0.01,35,70.53333333333333
macaroni2,2,0.02,35,67.86666666666666
macaroni2,2,0.05,35,63.56666666666667
macaroni2,2,0.001,36,75.53333333333333
macaroni2,2,0.0025,36,75.6
macaroni2,2,0.005,36,73.2
macaroni2,2,0.01,36,71.17777777777778
macaroni2,2,0.02,36,68.54444444444445
macaroni2,2,0.05,36,63.977777777777774
macaroni2,2,0.001,37,76.05555555555556
macaroni2,2,0.0025,37,76.03333333333333
macaroni2,2,0.005,37,73.55555555555556
macaroni2,2,0.01,37,71.28888888888889
macaroni2,2,0.02,37,68.58888888888889
macaroni2,2,0.05,37,63.91111111111111
macaroni2,2,0.001,38,75.67777777777778
macaroni2,2,0.0025,38,75.78888888888889
macaroni2,2,0.005,38,73.38888888888889
macaroni2,2,0.01,38,71.41111111111111
macaroni2,2,0.02,38,68.93333333333334
macaroni2,2,0.05,38,64.64444444444445
macaroni2,2,0.001,39,75.72222222222223
macaroni2,2,0.0025,39,75.83333333333333
macaroni2,2,0.005,39,73.32222222222222
macaroni2,2,0.01,39,71.26666666666667
macaroni2,2,0.02,39,68.62222222222222
macaroni2,2,0.05,39,64.08888888888889
macaroni2,2,0.001,40,75.03333333333333
macaroni2,2,0.0025,40,74.9
macaroni2,2,0.005,40,72.81111111111112
macaroni2,2,0.01,40,70.73333333333333
macaroni2,2,0.02,40,68.34444444444445
macaroni2,2,0.05,40,64.26666666666667
macaroni2,2,0.001,41,76.0
macaroni2,2,0.0025,41,75.94444444444444
macaroni2,2,0.005,41,73.66666666666667
macaroni2,2,0.01,41,71.46666666666667
macaroni2,2,0.02,41,68.58888888888889
macaroni2,2,0.05,41,63.77777777777778
macaroni2,2,0.001,42,76.32222222222222
macaroni2,2,0.0025,42,76.08888888888889
macaroni2,2,0.005,42,73.71111111111111
macaroni2,2,0.01,42,71.72222222222223
macaroni2,2,0.02,42,68.92222222222222
macaroni2,2,0.05,42,64.33333333333333
macaroni2,2,0.001,43,74.82222222222222
macaroni2,2,0.0025,43,74.32222222222222
macaroni2,2,0.005,43,71.83333333333333
macaroni2,2,0.01,43,69.9
macaroni2,2,0.02,43,67.17777777777778
macaroni2,2,0.05,43,63.22222222222222
macaroni2,2,0.001,44,75.88888888888889
macaroni2,2,0.0025,44,75.52222222222223
macaroni2,2,0.005,44,73.08888888888889
macaroni2,2,0.01,44,71.12222222222222
macaroni2,2,0.02,44,68.55555555555556
macaroni2,2,0.05,44,64.24444444444444
macaroni2,2,0.001,45,75.02222222222223
macaroni2,2,0.0025,45,74.95555555555555
macaroni2,2,0.005,45,72.76666666666667
macaroni2,2,0.01,45,70.67777777777778
macaroni2,2,0.02,45,67.82222222222222
macaroni2,2,0.05,45,63.93333333333333
macaroni2,2,0.001,46,76.07777777777778
macaroni2,2,0.0025,46,76.0
macaroni2,2,0.005,46,73.53333333333333
macaroni2,2,0.01,46,71.07777777777778
macaroni2,2,0.02,46,68.47777777777777
macaroni2,2,0.05,46,64.02222222222223
macaroni2,2,0.001,47,75.65555555555555
macaroni2,2,0.0025,47,75.62222222222222
macaroni2,2,0.005,47,73.17777777777778
macaroni2,2,0.01,47,70.95555555555555
macaroni2,2,0.02,47,68.32222222222222
macaroni2,2,0.05,47,63.955555555555556
macaroni2,2,0.001,48,75.92222222222222
macaroni2,2,0.0025,48,75.86666666666666
macaroni2,2,0.005,48,73.24444444444444
macaroni2,2,0.01,48,71.28888888888889
macaroni2,2,0.02,48,68.36666666666666
macaroni2,2,0.05,48,63.81111111111111
macaroni2,2,0.001,49,75.84444444444445
macaroni2,2,0.0025,49,75.3
macaroni2,2,0.005,49,72.73333333333333
macaroni2,2,0.01,49,70.41111111111111
macaroni2,2,0.02,49,67.84444444444445
macaroni2,2,0.05,49,63.977777777777774
macaroni2,2,0.001,50,76.25555555555556
macaroni2,2,0.0025,50,76.25555555555556
macaroni2,2,0.005,50,73.73333333333333
macaroni2,2,0.01,50,71.5111111111111
macaroni2,2,0.02,50,68.73333333333333
macaroni2,2,0.05,50,64.25555555555556
macaroni2,2,0.001,51,75.87777777777778
macaroni2,2,0.0025,51,75.96666666666667
macaroni2,2,0.005,51,73.63333333333334
macaroni2,2,0.01,51,71.41111111111111
macaroni2,2,0.02,51,68.34444444444445
macaroni2,2,0.05,51,63.93333333333333
macaroni2,2,0.001,52,75.46666666666667
macaroni2,2,0.0025,52,75.17777777777778
macaroni2,2,0.005,52,72.82222222222222
macaroni2,2,0.01,52,70.45555555555555
macaroni2,2,0.02,52,67.91111111111111
macaroni2,2,0.05,52,63.577777777777776
macaroni2,2,0.001,53,75.9
macaroni2,2,0.0025,53,75.52222222222223
macaroni2,2,0.005,53,73.05555555555556
macaroni2,2,0.01,53,70.84444444444445
macaroni2,2,0.02,53,68.27777777777777
macaroni2,2,0.05,53,64.13333333333334
macaroni2,2,0.001,54,74.9888888888889
macaroni2,2,0.0025,54,74.64444444444445
macaroni2,2,0.005,54,72.08888888888889
macaroni2,2,0.01,54,70.28888888888889
macaroni2,2,0.02,54,67.87777777777778
macaroni2,2,0.05,54,63.833333333333336
macaroni2,2,0.001,55,75.32222222222222
macaroni2,2,0.0025,55,75.22222222222223
macaroni2,2,0.005,55,72.82222222222222
macaroni2,2,0.01,55,70.73333333333333
macaroni2,2,0.02,55,67.94444444444444
macaroni2,2,0.05,55,63.477777777777774
macaroni2,2,0.001,56,75.04444444444445
macaroni2,2,0.0025,56,74.87777777777778
macaroni2,2,0.005,56,72.5111111111111
macaroni2,2,0.01,56,70.56666666666666
macaroni2,2,0.02,56,68.35555555555555
macaroni2,2,0.05,56,64.25555555555556
macaroni2,2,0.001,57,75.43333333333334
macaroni2,2,0.0025,57,75.31111111111112
macaroni2,2,0.005,57,73.0111111111111
macaroni2,2,0.01,57,70.96666666666667
macaroni2,2,0.02,57,68.06666666666666
macaroni2,2,0.05,57,63.766666666666666
macaroni2,2,0.001,58,75.5
macaroni2,2,0.0025,58,75.42222222222222
macaroni2,2,0.005,58,72.91111111111111
macaroni2,2,0.01,58,70.78888888888889
macaroni2,2,0.02,58,67.9
macaroni2,2,0.05,58,63.87777777777778
macaroni2,2,0.001,59,73.88888888888889
macaroni2,2,0.0025,59,73.84444444444445
macaroni2,2,0.005,59,71.77777777777777
macaroni2,2,0.01,59,70.04444444444445
macaroni2,2,0.02,59,67.67777777777778
macaroni2,2,0.05,59,63.577777777777776
macaroni2,2,0.001,60,74.96666666666667
macaroni2,2,0.0025,60,74.37777777777778
macaroni2,2,0.005,60,71.91111111111111
macaroni2,2,0.01,60,69.91111111111111
macaroni2,2,0.02,60,67.6
macaroni2,2,0.05,60,63.77777777777778
macaroni2,2,0.001,61,76.14444444444445
macaroni2,2,0.0025,61,76.14444444444445
macaroni2,2,0.005,61,73.66666666666667
macaroni2,2,0.01,61,71.35555555555555
macaroni2,2,0.02,61,68.52222222222223
macaroni2,2,0.05,61,64.4888888888889
macaroni2,2,0.001,62,76.41111111111111
macaroni2,2,0.0025,62,76.32222222222222
macaroni2,2,0.005,62,73.83333333333333
macaroni2,2,0.01,62,71.4888888888889
macaroni2,2,0.02,62,68.71111111111111
macaroni2,2,0.05,62,64.42222222222222
macaroni2,2,0.001,63,76.28888888888889
macaroni2,2,0.0025,63,76.16666666666667
macaroni2,2,0.005,63,73.74444444444444
macaroni2,2,0.01,63,71.84444444444445
macaroni2,2,0.02,63,68.95555555555555
macaroni2,2,0.05,63,64.4888888888889
macaroni2,2,0.001,64,76.14444444444445
macaroni2,2,0.0025,64,76.14444444444445
macaroni2,2,0.005,64,73.58888888888889
macaroni2,2,0.01,64,71.37777777777778
macaroni2,2,0.02,64,68.78888888888889
macaroni2,2,0.05,64,64.46666666666667
macaroni2,2,0.001,65,75.96666666666667
macaroni2,2,0.0025,65,75.38888888888889
macaroni2,2,0.005,65,72.78888888888889
macaroni2,2,0.01,65,70.43333333333334
macaroni2,2,0.02,65,67.91111111111111
macaroni2,2,0.05,65,63.74444444444445
macaroni2,2,0.001,66,75.8
macaroni2,2,0.0025,66,75.97777777777777
macaroni2,2,0.005,66,73.65555555555555
macaroni2,2,0.01,66,71.44444444444444
macaroni2,2,0.02,66,68.55555555555556
macaroni2,2,0.05,66,64.14444444444445
macaroni2,2,0.001,67,76.03333333333333
macaroni2,2,0.0025,67,76.12222222222222
macaroni2,2,0.005,67,73.72222222222223
macaroni2,2,0.01,67,71.37777777777778
macaroni2,2,0.02,67,68.55555555555556
macaroni2,2,0.05,67,64.32222222222222
macaroni2,2,0.001,68,76.3
macaroni2,2,0.0025,68,76.21111111111111
macaroni2,2,0.005,68,73.94444444444444
macaroni2,2,0.01,68,71.71111111111111
macaroni2,2,0.02,68,68.82222222222222
macaroni2,2,0.05,68,64.24444444444444
macaroni2,2,0.001,69,74.93333333333334
macaroni2,2,0.0025,69,74.58888888888889
macaroni2,2,0.005,69,71.9888888888889
macaroni2,2,0.01,69,70.04444444444445
macaroni2,2,0.02,69,67.82222222222222
macaroni2,2,0.05,69,63.977777777777774
macaroni2,2,0.001,70,76.32222222222222
macaroni2,2,0.0025,70,76.02222222222223
macaroni2,2,0.005,70,73.47777777777777
macaroni2,2,0.01,70,71.04444444444445
macaroni2,2,0.02,70,68.46666666666667
macaroni2,2,0.05,70,63.74444444444445
macaroni2,2,0.001,71,74.97777777777777
macaroni2,2,0.0025,71,75.11111111111111
macaroni2,2,0.005,71,73.03333333333333
macaroni2,2,0.01,71,70.82222222222222
macaroni2,2,0.02,71,68.36666666666666
macaroni2,2,0.05,71,64.13333333333334
macaroni2,2,0.001,72,75.54444444444445
macaroni2,2,0.0025,72,75.3
macaroni2,2,0.005,72,72.88888888888889
macaroni2,2,0.01,72,70.6
macaroni2,2,0.02,72,68.07777777777778
macaroni2,2,0.05,72,64.12222222222222
macaroni2,2,0.001,73,76.44444444444444
macaroni2,2,0.0025,73,76.3
macaroni2,2,0.005,73,73.64444444444445
macaroni2,2,0.01,73,71.5
macaroni2,2,0.02,73,68.84444444444445
macaroni2,2,0.05,73,64.34444444444445
macaroni2,2,0.001,74,76.14444444444445
macaroni2,2,0.0025,74,76.06666666666666
macaroni2,2,0.005,74,73.68888888888888
macaroni2,2,0.01,74,71.42222222222222
macaroni2,2,0.02,74,68.46666666666667
macaroni2,2,0.05,74,63.94444444444444
macaroni2,2,0.001,75,73.33333333333333
macaroni2,2,0.0025,75,73.11111111111111
macaroni2,2,0.005,75,70.94444444444444
macaroni2,2,0.01,75,68.85555555555555
macaroni2,2,0.02,75,66.8
macaroni2,2,0.05,75,62.766666666666666
macaroni2,2,0.001,76,75.37777777777778
macaroni2,2,0.0025,76,75.38888888888889
macaroni2,2,0.005,76,73.15555555555555
macaroni2,2,0.01,76,71.1
macaroni2,2,0.02,76,68.47777777777777
macaroni2,2,0.05,76,64.18888888888888
macaroni2,2,0.001,77,74.78888888888889
macaroni2,2,0.0025,77,74.92222222222222
macaroni2,2,0.005,77,72.71111111111111
macaroni2,2,0.01,77,70.71111111111111
macaroni2,2,0.02,77,68.32222222222222
macaroni2,2,0.05,77,64.21111111111111
macaroni2,2,0.001,78,75.47777777777777
macaroni2,2,0.0025,78,75.61111111111111
macaroni2,2,0.005,78,73.2
macaroni2,2,0.01,78,71.12222222222222
macaroni2,2,0.02,78,68.38888888888889
macaroni2,2,0.05,78,64.2
macaroni2,2,0.001,79,75.93333333333334
macaroni2,2,0.0025,79,75.76666666666667
macaroni2,2,0.005,79,73.23333333333333
macaroni2,2,0.01,79,71.1
macaroni2,2,0.02,79,68.42222222222222
macaroni2,2,0.05,79,63.977777777777774
macaroni2,2,0.001,80,76.13333333333334
macaroni2,2,0.0025,80,76.27777777777777
macaroni2,2,0.005,80,73.72222222222223
macaroni2,2,0.01,80,71.45555555555555
macaroni2,2,0.02,80,68.93333333333334
macaroni2,2,0.05,80,64.5
macaroni2,2,0.001,81,75.62222222222222
macaroni2,2,0.0025,81,75.36666666666666
macaroni2,2,0.005,81,72.9888888888889
macaroni2,2,0.01,81,71.04444444444445
macaroni2,2,0.02,81,68.33333333333333
macaroni2,2,0.05,81,63.833333333333336
macaroni2,2,0.001,82,75.9
macaroni2,2,0.0025,82,75.8
macaroni2,2,0.005,82,73.41111111111111
macaroni2,2,0.01,82,71.4
macaroni2,2,0.02,82,68.4
macaroni2,2,0.05,82,64.08888888888889
macaroni2,2,0.001,83,76.15555555555555
macaroni2,2,0.0025,83,75.96666666666667
macaroni2,2,0.005,83,73.53333333333333
macaroni2,2,0.01,83,71.3
macaroni2,2,0.02,83,68.52222222222223
macaroni2,2,0.05,83,64.12222222222222
macaroni2,2,0.001,84,75.95555555555555
macaroni2,2,0.0025,84,75.94444444444444
macaroni2,2,0.005,84,73.64444444444445
macaroni2,2,0.01,84,71.42222222222222
macaroni2,2,0.02,84,68.41111111111111
macaroni2,2,0.05,84,64.13333333333334
macaroni2,2,0.001,85,76.05555555555556
macaroni2,2,0.0025,85,75.9888888888889
macaroni2,2,0.005,85,73.5111111111111
macaroni2,2,0.01,85,71.17777777777778
macaroni2,2,0.02,85,68.47777777777777
macaroni2,2,0.05,85,64.21111111111111
macaroni2,2,0.001,86,75.66666666666667
macaroni2,2,0.0025,86,75.76666666666667
macaroni2,2,0.005,86,73.23333333333333
macaroni2,2,0.01,86,71.0111111111111
macaroni2,2,0.02,86,68.6
macaroni2,2,0.05,86,64.24444444444444
macaroni2,2,0.001,87,75.53333333333333
macaroni2,2,0.0025,87,75.35555555555555
macaroni2,2,0.005,87,72.94444444444444
macaroni2,2,0.01,87,70.57777777777778
macaroni2,2,0.02,87,67.84444444444445
macaroni2,2,0.05,87,63.86666666666667
macaroni2,2,0.001,88,76.11111111111111
macaroni2,2,0.0025,88,76.03333333333333
macaroni2,2,0.005,88,73.57777777777778
macaroni2,2,0.01,88,71.56666666666666
macaroni2,2,0.02,88,68.84444444444445
macaroni2,2,0.05,88,64.33333333333333
macaroni2,2,0.001,89,76.02222222222223
macaroni2,2,0.0025,89,76.05555555555556
macaroni2,2,0.005,89,73.57777777777778
macaroni2,2,0.01,89,71.16666666666667
macaroni2,2,0.02,89,68.52222222222223
macaroni2,2,0.05,89,63.766666666666666
macaroni2,2,0.001,90,73.58888888888889
macaroni2,2,0.0025,90,73.74444444444444
macaroni2,2,0.005,90,71.68888888888888
macaroni2,2,0.01,90,69.63333333333334
macaroni2,2,0.02,90,67.17777777777778
macaroni2,2,0.05,90,63.2
macaroni2,2,0.001,91,75.67777777777778
macaroni2,2,0.0025,91,75.57777777777778
macaroni2,2,0.005,91,73.16666666666667
macaroni2,2,0.01,91,70.96666666666667
macaroni2,2,0.02,91,68.28888888888889
macaroni2,2,0.05,91,63.94444444444444
macaroni2,2,0.001,92,76.11111111111111
macaroni2,2,0.0025,92,76.02222222222223
macaroni2,2,0.005,92,73.52222222222223
macaroni2,2,0.01,92,71.43333333333334
macaroni2,2,0.02,92,68.55555555555556
macaroni2,2,0.05,92,64.08888888888889
macaroni2,2,0.001,93,75.27777777777777
macaroni2,2,0.0025,93,75.33333333333333
macaroni2,2,0.005,93,72.92222222222222
macaroni2,2,0.01,93,71.06666666666666
macaroni2,2,0.02,93,68.34444444444445
macaroni2,2,0.05,93,64.37777777777778
macaroni2,2,0.001,94,75.7
macaroni2,2,0.0025,94,75.78888888888889
macaroni2,2,0.005,94,73.21111111111111
macaroni2,2,0.01,94,71.12222222222222
macaroni2,2,0.02,94,68.2
macaroni2,2,0.05,94,63.72222222222222
macaroni2,2,0.001,95,75.12222222222222
macaroni2,2,0.0025,95,75.22222222222223
macaroni2,2,0.005,95,73.0111111111111
macaroni2,2,0.01,95,70.97777777777777
macaroni2,2,0.02,95,68.43333333333334
macaroni2,2,0.05,95,63.93333333333333
macaroni2,2,0.001,96,75.97777777777777
macaroni2,2,0.0025,96,75.8
macaroni2,2,0.005,96,73.27777777777777
macaroni2,2,0.01,96,71.02222222222223
macaroni2,2,0.02,96,68.38888888888889
macaroni2,2,0.05,96,63.977777777777774
macaroni2,2,0.001,97,75.95555555555555
macaroni2,2,0.0025,97,75.87777777777778
macaroni2,2,0.005,97,73.43333333333334
macaroni2,2,0.01,97,71.21111111111111
macaroni2,2,0.02,97,68.5111111111111
macaroni2,2,0.05,97,64.33333333333333
macaroni2,2,0.001,98,75.91111111111111
macaroni2,2,0.0025,98,75.73333333333333
macaroni2,2,0.005,98,73.2
macaroni2,2,0.01,98,71.04444444444445
macaroni2,2,0.02,98,68.6
macaroni2,2,0.05,98,64.08888888888889
macaroni2,2,0.001,99,75.31111111111112
macaroni2,2,0.0025,99,75.2
macaroni2,2,0.005,99,72.84444444444445
macaroni2,2,0.01,99,70.92222222222222
macaroni2,2,0.02,99,68.13333333333334
macaroni2,2,0.05,99,63.455555555555556
macaroni2,4,0.001,0,75.37777777777778
macaroni2,4,0.0025,0,75.2
macaroni2,4,0.005,0,73.1
macaroni2,4,0.01,0,70.88888888888889
macaroni2,4,0.02,0,68.3
macaroni2,4,0.05,0,64.33333333333333
macaroni2,4,0.001,1,74.54444444444445
macaroni2,4,0.0025,1,74.66666666666667
macaroni2,4,0.005,1,72.9888888888889
macaroni2,4,0.01,1,71.0111111111111
macaroni2,4,0.02,1,67.96666666666667
macaroni2,4,0.05,1,63.67777777777778
macaroni2,4,0.001,2,75.18888888888888
macaroni2,4,0.0025,2,74.56666666666666
macaroni2,4,0.005,2,72.83333333333333
macaroni2,4,0.01,2,70.77777777777777
macaroni2,4,0.02,2,68.4888888888889
macaroni2,4,0.05,2,64.54444444444445
macaroni2,4,0.001,3,74.31111111111112
macaroni2,4,0.0025,3,74.42222222222222
macaroni2,4,0.005,3,72.45555555555555
macaroni2,4,0.01,3,70.24444444444444
macaroni2,4,0.02,3,67.9
macaroni2,4,0.05,3,63.48888888888889
macaroni2,4,0.001,4,74.47777777777777
macaroni2,4,0.0025,4,74.62222222222222
macaroni2,4,0.005,4,72.53333333333333
macaroni2,4,0.01,4,70.36666666666666
macaroni2,4,0.02,4,67.93333333333334
macaroni2,4,0.05,4,63.144444444444446
macaroni2,4,0.001,5,71.76666666666667
macaroni2,4,0.0025,5,71.37777777777778
macaroni2,4,0.005,5,69.95555555555555
macaroni2,4,0.01,5,68.15555555555555
macaroni2,4,0.02,5,66.37777777777778
macaroni2,4,0.05,5,62.78888888888889
macaroni2,4,0.001,6,74.97777777777777
macaroni2,4,0.0025,6,74.96666666666667
macaroni2,4,0.005,6,73.1
macaroni2,4,0.01,6,70.83333333333333
macaroni2,4,0.02,6,67.71111111111111
macaroni2,4,0.05,6,63.12222222222222
macaroni2,4,0.001,7,74.07777777777778
macaroni2,4,0.0025,7,74.68888888888888
macaroni2,4,0.005,7,73.05555555555556
macaroni2,4,0.01,7,71.08888888888889
macaroni2,4,0.02,7,68.63333333333334
macaroni2,4,0.05,7,64.61111111111111
macaroni2,4,0.001,8,73.52222222222223
macaroni2,4,0.0025,8,72.97777777777777
macaroni2,4,0.005,8,70.84444444444445
macaroni2,4,0.01,8,68.72222222222223
macaroni2,4,0.02,8,66.61111111111111
macaroni2,4,0.05,8,62.8
macaroni2,4,0.001,9,73.02222222222223
macaroni2,4,0.0025,9,72.47777777777777
macaroni2,4,0.005,9,70.52222222222223
macaroni2,4,0.01,9,68.07777777777778
macaroni2,4,0.02,9,66.27777777777777
macaroni2,4,0.05,9,62.5
macaroni2,4,0.001,10,73.9
macaroni2,4,0.0025,10,74.13333333333334
macaroni2,4,0.005,10,72.27777777777777
macaroni2,4,0.01,10,70.32222222222222
macaroni2,4,0.02,10,67.86666666666666
macaroni2,4,0.05,10,63.5
macaroni2,4,0.001,11,74.26666666666667
macaroni2,4,0.0025,11,74.64444444444445
macaroni2,4,0.005,11,73.13333333333334
macaroni2,4,0.01,11,71.23333333333333
macaroni2,4,0.02,11,68.63333333333334
macaroni2,4,0.05,11,64.11111111111111
macaroni2,4,0.001,12,75.24444444444444
macaroni2,4,0.0025,12,75.76666666666667
macaroni2,4,0.005,12,74.05555555555556
macaroni2,4,0.01,12,71.77777777777777
macaroni2,4,0.02,12,68.47777777777777
macaroni2,4,0.05,12,64.2
macaroni2,4,0.001,13,73.18888888888888
macaroni2,4,0.0025,13,74.17777777777778
macaroni2,4,0.005,13,72.82222222222222
macaroni2,4,0.01,13,70.8
macaroni2,4,0.02,13,68.64444444444445
macaroni2,4,0.05,13,64.25555555555556
macaroni2,4,0.001,14,75.45555555555555
macaroni2,4,0.0025,14,76.3
macaroni2,4,0.005,14,74.3
macaroni2,4,0.01,14,71.63333333333334
macaroni2,4,0.02,14,68.91111111111111
macaroni2,4,0.05,14,64.5111111111111
macaroni2,4,0.001,15,74.86666666666666
macaroni2,4,0.0025,15,75.0
macaroni2,4,0.005,15,73.0111111111111
macaroni2,4,0.01,15,70.33333333333333
macaroni2,4,0.02,15,68.02222222222223
macaroni2,4,0.05,15,64.21111111111111
macaroni2,4,0.001,16,74.16666666666667
macaroni2,4,0.0025,16,74.45555555555555
macaroni2,4,0.005,16,72.83333333333333
macaroni2,4,0.01,16,70.73333333333333
macaroni2,4,0.02,16,68.23333333333333
macaroni2,4,0.05,16,64.1
macaroni2,4,0.001,17,72.58888888888889
macaroni2,4,0.0025,17,72.45555555555555
macaroni2,4,0.005,17,70.93333333333334
macaroni2,4,0.01,17,69.3
macaroni2,4,0.02,17,67.11111111111111
macaroni2,4,0.05,17,63.022222222222226
macaroni2,4,0.001,18,73.31111111111112
macaroni2,4,0.0025,18,72.04444444444445
macaroni2,4,0.005,18,70.42222222222222
macaroni2,4,0.01,18,68.04444444444445
macaroni2,4,0.02,18,66.21111111111111
macaroni2,4,0.05,18,62.87777777777778
macaroni2,4,0.001,19,75.6
macaroni2,4,0.0025,19,74.54444444444445
macaroni2,4,0.005,19,72.2
macaroni2,4,0.01,19,69.7
macaroni2,4,0.02,19,66.78888888888889
macaroni2,4,0.05,19,62.955555555555556
macaroni2,4,0.001,20,73.75555555555556
macaroni2,4,0.0025,20,74.33333333333333
macaroni2,4,0.005,20,72.55555555555556
macaroni2,4,0.01,20,70.5111111111111
macaroni2,4,0.02,20,67.91111111111111
macaroni2,4,0.05,20,63.46666666666667
macaroni2,4,0.001,21,74.23333333333333
macaroni2,4,0.0025,21,75.05555555555556
macaroni2,4,0.005,21,73.53333333333333
macaroni2,4,0.01,21,71.31111111111112
macaroni2,4,0.02,21,68.88888888888889
macaroni2,4,0.05,21,64.65555555555555
macaroni2,4,0.001,22,73.14444444444445
macaroni2,4,0.0025,22,73.85555555555555
macaroni2,4,0.005,22,72.37777777777778
macaroni2,4,0.01,22,70.06666666666666
macaroni2,4,0.02,22,67.74444444444444
macaroni2,4,0.05,22,63.666666666666664
macaroni2,4,0.001,23,74.13333333333334
macaroni2,4,0.0025,23,73.3
macaroni2,4,0.005,23,71.52222222222223
macaroni2,4,0.01,23,69.1
macaroni2,4,0.02,23,67.03333333333333
macaroni2,4,0.05,23,62.955555555555556
macaroni2,4,0.001,24,75.47777777777777
macaroni2,4,0.0025,24,75.31111111111112
macaroni2,4,0.005,24,72.63333333333334
macaroni2,4,0.01,24,69.87777777777778
macaroni2,4,0.02,24,67.35555555555555
macaroni2,4,0.05,24,63.56666666666667
macaroni2,4,0.001,25,72.28888888888889
macaroni2,4,0.0025,25,72.32222222222222
macaroni2,4,0.005,25,70.73333333333333
macaroni2,4,0.01,25,68.87777777777778
macaroni2,4,0.02,25,66.9
macaroni2,4,0.05,25,63.32222222222222
macaroni2,4,0.001,26,73.8
macaroni2,4,0.0025,26,74.03333333333333
macaroni2,4,0.005,26,72.61111111111111
macaroni2,4,0.01,26,70.58888888888889
macaroni2,4,0.02,26,68.04444444444445
macaroni2,4,0.05,26,63.577777777777776
macaroni2,4,0.001,27,74.3
macaroni2,4,0.0025,27,73.75555555555556
macaroni2,4,0.005,27,72.04444444444445
macaroni2,4,0.01,27,69.97777777777777
macaroni2,4,0.02,27,67.14444444444445
macaroni2,4,0.05,27,62.833333333333336
macaroni2,4,0.001,28,74.26666666666667
macaroni2,4,0.0025,28,73.88888888888889
macaroni2,4,0.005,28,72.07777777777778
macaroni2,4,0.01,28,69.4888888888889
macaroni2,4,0.02,28,67.11111111111111
macaroni2,4,0.05,28,63.56666666666667
macaroni2,4,0.001,29,73.3
macaroni2,4,0.0025,29,73.12222222222222
macaroni2,4,0.005,29,71.5111111111111
macaroni2,4,0.01,29,69.22222222222223
macaroni2,4,0.02,29,67.12222222222222
macaroni2,4,0.05,29,62.888888888888886
macaroni2,4,0.001,30,75.42222222222222
macaroni2,4,0.0025,30,75.84444444444445
macaroni2,4,0.005,30,73.97777777777777
macaroni2,4,0.01,30,71.87777777777778
macaroni2,4,0.02,30,69.21111111111111
macaroni2,4,0.05,30,64.58888888888889
macaroni2,4,0.001,31,73.61111111111111
macaroni2,4,0.0025,31,73.55555555555556
macaroni2,4,0.005,31,71.85555555555555
macaroni2,4,0.01,31,69.56666666666666
macaroni2,4,0.02,31,67.28888888888889
macaroni2,4,0.05,31,63.06666666666667
macaroni2,4,0.001,32,73.82222222222222
macaroni2,4,0.0025,32,73.73333333333333
macaroni2,4,0.005,32,72.14444444444445
macaroni2,4,0.01,32,69.84444444444445
macaroni2,4,0.02,32,67.2
macaroni2,4,0.05,32,63.12222222222222
macaroni2,4,0.001,33,75.53333333333333
macaroni2,4,0.0025,33,75.9
macaroni2,4,0.005,33,73.83333333333333
macaroni2,4,0.01,33,71.45555555555555
macaroni2,4,0.02,33,68.5111111111111
macaroni2,4,0.05,33,63.51111111111111
macaroni2,4,0.001,34,74.08888888888889
macaroni2,4,0.0025,34,74.05555555555556
macaroni2,4,0.005,34,72.36666666666666
macaroni2,4,0.01,34,69.8
macaroni2,4,0.02,34,66.77777777777777
macaroni2,4,0.05,34,62.27777777777778
macaroni2,4,0.001,35,73.55555555555556
macaroni2,4,0.0025,35,73.52222222222223
macaroni2,4,0.005,35,72.17777777777778
macaroni2,4,0.01,35,70.18888888888888
macaroni2,4,0.02,35,67.5111111111111
macaroni2,4,0.05,35,63.44444444444444
macaroni2,4,0.001,36,75.57777777777778
macaroni2,4,0.0025,36,75.41111111111111
macaroni2,4,0.005,36,73.64444444444445
macaroni2,4,0.01,36,71.36666666666666
macaroni2,4,0.02,36,68.78888888888889
macaroni2,4,0.05,36,64.7
macaroni2,4,0.001,37,73.82222222222222
macaroni2,4,0.0025,37,74.15555555555555
macaroni2,4,0.005,37,72.02222222222223
macaroni2,4,0.01,37,69.9888888888889
macaroni2,4,0.02,37,68.1
macaroni2,4,0.05,37,64.08888888888889
macaroni2,4,0.001,38,73.92222222222222
macaroni2,4,0.0025,38,74.23333333333333
macaroni2,4,0.005,38,72.28888888888889
macaroni2,4,0.01,38,70.1
macaroni2,4,0.02,38,67.72222222222223
macaroni2,4,0.05,38,63.21111111111111
macaroni2,4,0.001,39,72.67777777777778
macaroni2,4,0.0025,39,73.41111111111111
macaroni2,4,0.005,39,71.64444444444445
macaroni2,4,0.01,39,69.4888888888889
macaroni2,4,0.02,39,67.5111111111111
macaroni2,4,0.05,39,63.56666666666667
macaroni2,4,0.001,40,75.06666666666666
macaroni2,4,0.0025,40,75.0
macaroni2,4,0.005,40,73.0111111111111
macaroni2,4,0.01,40,70.8
macaroni2,4,0.02,40,68.13333333333334
macaroni2,4,0.05,40,63.522222222222226
macaroni2,4,0.001,41,75.88888888888889
macaroni2,4,0.0025,41,76.56666666666666
macaroni2,4,0.005,41,74.6
macaroni2,4,0.01,41,72.0111111111111
macaroni2,4,0.02,41,69.35555555555555
macaroni2,4,0.05,41,64.43333333333334
macaroni2,4,0.001,42,74.22222222222223
macaroni2,4,0.0025,42,73.23333333333333
macaroni2,4,0.005,42,71.41111111111111
macaroni2,4,0.01,42,69.41111111111111
macaroni2,4,0.02,42,66.6
macaroni2,4,0.05,42,62.477777777777774
macaroni2,4,0.001,43,75.85555555555555
macaroni2,4,0.0025,43,75.68888888888888
macaroni2,4,0.005,43,73.82222222222222
macaroni2,4,0.01,43,71.44444444444444
macaroni2,4,0.02,43,68.95555555555555
macaroni2,4,0.05,43,64.66666666666667
macaroni2,4,0.001,44,75.15555555555555
macaroni2,4,0.0025,44,75.34444444444445
macaroni2,4,0.005,44,73.46666666666667
macaroni2,4,0.01,44,71.4
macaroni2,4,0.02,44,68.5
macaroni2,4,0.05,44,64.7
macaroni2,4,0.001,45,75.38888888888889
macaroni2,4,0.0025,45,75.43333333333334
macaroni2,4,0.005,45,73.45555555555555
macaroni2,4,0.01,45,70.84444444444445
macaroni2,4,0.02,45,68.12222222222222
macaroni2,4,0.05,45,63.77777777777778
macaroni2,4,0.001,46,74.13333333333334
macaroni2,4,0.0025,46,74.54444444444445
macaroni2,4,0.005,46,72.67777777777778
macaroni2,4,0.01,46,70.32222222222222
macaroni2,4,0.02,46,67.87777777777778
macaroni2,4,0.05,46,63.48888888888889
macaroni2,4,0.001,47,73.05555555555556
macaroni2,4,0.0025,47,73.81111111111112
macaroni2,4,0.005,47,72.0
macaroni2,4,0.01,47,69.57777777777778
macaroni2,4,0.02,47,67.17777777777778
macaroni2,4,0.05,47,63.67777777777778
macaroni2,4,0.001,48,73.83333333333333
macaroni2,4,0.0025,48,74.17777777777778
macaroni2,4,0.005,48,72.58888888888889
macaroni2,4,0.01,48,70.18888888888888
macaroni2,4,0.02,48,67.4
macaroni2,4,0.05,48,63.833333333333336
macaroni2,4,0.001,49,74.18888888888888
macaroni2,4,0.0025,49,73.74444444444444
macaroni2,4,0.005,49,72.17777777777778
macaroni2,4,0.01,49,69.9888888888889
macaroni2,4,0.02,49,67.8
macaroni2,4,0.05,49,64.3
macaroni2,4,0.001,50,73.6
macaroni2,4,0.0025,50,73.7
macaroni2,4,0.005,50,72.16666666666667
macaroni2,4,0.01,50,69.75555555555556
macaroni2,4,0.02,50,67.66666666666667
macaroni2,4,0.05,50,63.544444444444444
macaroni2,4,0.001,51,73.07777777777778
macaroni2,4,0.0025,51,74.33333333333333
macaroni2,4,0.005,51,72.77777777777777
macaroni2,4,0.01,51,70.57777777777778
macaroni2,4,0.02,51,68.25555555555556
macaroni2,4,0.05,51,64.65555555555555
macaroni2,4,0.001,52,74.55555555555556
macaroni2,4,0.0025,52,73.62222222222222
macaroni2,4,0.005,52,71.82222222222222
macaroni2,4,0.01,52,69.43333333333334
macaroni2,4,0.02,52,66.73333333333333
macaroni2,4,0.05,52,62.68888888888889
macaroni2,4,0.001,53,73.14444444444445
macaroni2,4,0.0025,53,73.56666666666666
macaroni2,4,0.005,53,71.82222222222222
macaroni2,4,0.01,53,69.57777777777778
macaroni2,4,0.02,53,67.32222222222222
macaroni2,4,0.05,53,63.22222222222222
macaroni2,4,0.001,54,74.16666666666667
macaroni2,4,0.0025,54,74.33333333333333
macaroni2,4,0.005,54,72.77777777777777
macaroni2,4,0.01,54,70.55555555555556
macaroni2,4,0.02,54,68.16666666666667
macaroni2,4,0.05,54,64.17777777777778
macaroni2,4,0.001,55,74.45555555555555
macaroni2,4,0.0025,55,74.56666666666666
macaroni2,4,0.005,55,72.84444444444445
macaroni2,4,0.01,55,70.88888888888889
macaroni2,4,0.02,55,68.23333333333333
macaroni2,4,0.05,55,64.23333333333333
macaroni2,4,0.001,56,75.37777777777778
macaroni2,4,0.0025,56,75.16666666666667
macaroni2,4,0.005,56,73.15555555555555
macaroni2,4,0.01,56,70.82222222222222
macaroni2,4,0.02,56,68.26666666666667
macaroni2,4,0.05,56,64.15555555555555
macaroni2,4,0.001,57,74.06666666666666
macaroni2,4,0.0025,57,74.54444444444445
macaroni2,4,0.005,57,72.3
macaroni2,4,0.01,57,70.03333333333333
macaroni2,4,0.02,57,66.95555555555555
macaroni2,4,0.05,57,62.8
macaroni2,4,0.001,58,73.7
macaroni2,4,0.0025,58,73.68888888888888
macaroni2,4,0.005,58,72.21111111111111
macaroni2,4,0.01,58,70.0111111111111
macaroni2,4,0.02,58,66.9888888888889
macaroni2,4,0.05,58,63.06666666666667
macaroni2,4,0.001,59,72.63333333333334
macaroni2,4,0.0025,59,72.28888888888889
macaroni2,4,0.005,59,70.74444444444444
macaroni2,4,0.01,59,68.7
macaroni2,4,0.02,59,66.53333333333333
macaroni2,4,0.05,59,62.577777777777776
macaroni2,4,0.001,60,74.62222222222222
macaroni2,4,0.0025,60,74.72222222222223
macaroni2,4,0.005,60,72.68888888888888
macaroni2,4,0.01,60,70.52222222222223
macaroni2,4,0.02,60,67.75555555555556
macaroni2,4,0.05,60,63.53333333333333
macaroni2,4,0.001,61,74.32222222222222
macaroni2,4,0.0025,61,74.4
macaroni2,4,0.005,61,72.54444444444445
macaroni2,4,0.01,61,70.0111111111111
macaroni2,4,0.02,61,67.7
macaroni2,4,0.05,61,63.355555555555554
macaroni2,4,0.001,62,76.08888888888889
macaroni2,4,0.0025,62,75.68888888888888
macaroni2,4,0.005,62,74.0
macaroni2,4,0.01,62,71.94444444444444
macaroni2,4,0.02,62,69.0
macaroni2,4,0.05,62,64.63333333333334
macaroni2,4,0.001,63,75.03333333333333
macaroni2,4,0.0025,63,75.77777777777777
macaroni2,4,0.005,63,74.16666666666667
macaroni2,4,0.01,63,71.6
macaroni2,4,0.02,63,69.0111111111111
macaroni2,4,0.05,63,65.11111111111111
macaroni2,4,0.001,64,75.06666666666666
macaroni2,4,0.0025,64,74.81111111111112
macaroni2,4,0.005,64,73.11111111111111
macaroni2,4,0.01,64,70.4888888888889
macaroni2,4,0.02,64,67.58888888888889
macaroni2,4,0.05,64,63.31111111111111
macaroni2,4,0.001,65,75.07777777777778
macaroni2,4,0.0025,65,74.18888888888888
macaroni2,4,0.005,65,72.02222222222223
macaroni2,4,0.01,65,69.61111111111111
macaroni2,4,0.02,65,67.1
macaroni2,4,0.05,65,63.577777777777776
macaroni2,4,0.001,66,73.17777777777778
macaroni2,4,0.0025,66,73.81111111111112
macaroni2,4,0.005,66,72.33333333333333
macaroni2,4,0.01,66,70.7
macaroni2,4,0.02,66,68.13333333333334
macaroni2,4,0.05,66,64.26666666666667
macaroni2,4,0.001,67,75.25555555555556
macaroni2,4,0.0025,67,75.47777777777777
macaroni2,4,0.005,67,73.74444444444444
macaroni2,4,0.01,67,71.54444444444445
macaroni2,4,0.02,67,68.32222222222222
macaroni2,4,0.05,67,63.74444444444445
macaroni2,4,0.001,68,74.81111111111112
macaroni2,4,0.0025,68,75.43333333333334
macaroni2,4,0.005,68,73.24444444444444
macaroni2,4,0.01,68,71.1
macaroni2,4,0.02,68,68.82222222222222
macaroni2,4,0.05,68,64.32222222222222
macaroni2,4,0.001,69,73.94444444444444
macaroni2,4,0.0025,69,74.55555555555556
macaroni2,4,0.005,69,72.66666666666667
macaroni2,4,0.01,69,70.4
macaroni2,4,0.02,69,67.94444444444444
macaroni2,4,0.05,69,63.55555555555556
macaroni2,4,0.001,70,74.72222222222223
macaroni2,4,0.0025,70,74.17777777777778
macaroni2,4,0.005,70,72.25555555555556
macaroni2,4,0.01,70,70.46666666666667
macaroni2,4,0.02,70,68.11111111111111
macaroni2,4,0.05,70,64.3
macaroni2,4,0.001,71,73.87777777777778
macaroni2,4,0.0025,71,73.63333333333334
macaroni2,4,0.005,71,71.9888888888889
macaroni2,4,0.01,71,69.54444444444445
macaroni2,4,0.02,71,66.93333333333334
macaroni2,4,0.05,71,62.62222222222222
macaroni2,4,0.001,72,73.84444444444445
macaroni2,4,0.0025,72,74.4888888888889
macaroni2,4,0.005,72,73.06666666666666
macaroni2,4,0.01,72,71.4888888888889
macaroni2,4,0.02,72,69.02222222222223
macaroni2,4,0.05,72,65.05555555555556
macaroni2,4,0.001,73,74.77777777777777
macaroni2,4,0.0025,73,75.34444444444445
macaroni2,4,0.005,73,73.64444444444445
macaroni2,4,0.01,73,70.84444444444445
macaroni2,4,0.02,73,68.12222222222222
macaroni2,4,0.05,73,63.955555555555556
macaroni2,4,0.001,74,75.44444444444444
macaroni2,4,0.0025,74,75.13333333333334
macaroni2,4,0.005,74,72.87777777777778
macaroni2,4,0.01,74,70.55555555555556
macaroni2,4,0.02,74,67.62222222222222
macaroni2,4,0.05,74,63.422222222222224
macaroni2,4,0.001,75,76.0
macaroni2,4,0.0025,75,75.66666666666667
macaroni2,4,0.005,75,73.57777777777778
macaroni2,4,0.01,75,71.16666666666667
macaroni2,4,0.02,75,68.58888888888889
macaroni2,4,0.05,75,64.62222222222222
macaroni2,4,0.001,76,72.35555555555555
macaroni2,4,0.0025,76,72.87777777777778
macaroni2,4,0.005,76,71.72222222222223
macaroni2,4,0.01,76,69.44444444444444
macaroni2,4,0.02,76,67.0
macaroni2,4,0.05,76,63.2
macaroni2,4,0.001,77,74.68888888888888
macaroni2,4,0.0025,77,73.45555555555555
macaroni2,4,0.005,77,71.46666666666667
macaroni2,4,0.01,77,69.4
macaroni2,4,0.02,77,66.56666666666666
macaroni2,4,0.05,77,62.87777777777778
macaroni2,4,0.001,78,75.55555555555556
macaroni2,4,0.0025,78,75.3
macaroni2,4,0.005,78,73.43333333333334
macaroni2,4,0.01,78,71.37777777777778
macaroni2,4,0.02,78,68.5
macaroni2,4,0.05,78,64.1
macaroni2,4,0.001,79,74.27777777777777
macaroni2,4,0.0025,79,74.1
macaroni2,4,0.005,79,72.4888888888889
macaroni2,4,0.01,79,70.55555555555556
macaroni2,4,0.02,79,67.67777777777778
macaroni2,4,0.05,79,63.78888888888889
macaroni2,4,0.001,80,74.78888888888889
macaroni2,4,0.0025,80,74.94444444444444
macaroni2,4,0.005,80,72.83333333333333
macaroni2,4,0.01,80,70.37777777777778
macaroni2,4,0.02,80,67.95555555555555
macaroni2,4,0.05,80,64.15555555555555
macaroni2,4,0.001,81,75.23333333333333
macaroni2,4,0.0025,81,74.96666666666667
macaroni2,4,0.005,81,72.77777777777777
macaroni2,4,0.01,81,70.16666666666667
macaroni2,4,0.02,81,67.11111111111111
macaroni2,4,0.05,81,62.8
macaroni2,4,0.001,82,73.08888888888889
macaroni2,4,0.0025,82,72.88888888888889
macaroni2,4,0.005,82,71.5111111111111
macaroni2,4,0.01,82,70.15555555555555
macaroni2,4,0.02,82,67.73333333333333
macaroni2,4,0.05,82,63.4
macaroni2,4,0.001,83,73.91111111111111
macaroni2,4,0.0025,83,74.15555555555555
macaroni2,4,0.005,83,72.46666666666667
macaroni2,4,0.01,83,70.06666666666666
macaroni2,4,0.02,83,67.5
macaroni2,4,0.05,83,63.43333333333333
macaroni2,4,0.001,84,74.23333333333333
macaroni2,4,0.0025,84,74.07777777777778
macaroni2,4,0.005,84,72.18888888888888
macaroni2,4,0.01,84,70.04444444444445
macaroni2,4,0.02,84,67.63333333333334
macaroni2,4,0.05,84,63.7
macaroni2,4,0.001,85,74.21111111111111
macaroni2,4,0.0025,85,74.07777777777778
macaroni2,4,0.005,85,72.27777777777777
macaroni2,4,0.01,85,69.6
macaroni2,4,0.02,85,66.76666666666667
macaroni2,4,0.05,85,62.43333333333333
macaroni2,4,0.001,86,74.12222222222222
macaroni2,4,0.0025,86,73.9888888888889
macaroni2,4,0.005,86,71.83333333333333
macaroni2,4,0.01,86,69.18888888888888
macaroni2,4,0.02,86,66.83333333333333
macaroni2,4,0.05,86,62.077777777777776
macaroni2,4,0.001,87,76.74444444444444
macaroni2,4,0.0025,87,76.71111111111111
macaroni2,4,0.005,87,75.14444444444445
macaroni2,4,0.01,87,72.77777777777777
macaroni2,4,0.02,87,69.75555555555556
macaroni2,4,0.05,87,64.9
macaroni2,4,0.001,88,74.41111111111111
macaroni2,4,0.0025,88,74.91111111111111
macaroni2,4,0.005,88,73.36666666666666
macaroni2,4,0.01,88,71.15555555555555
macaroni2,4,0.02,88,68.2
macaroni2,4,0.05,88,63.8
macaroni2,4,0.001,89,76.32222222222222
macaroni2,4,0.0025,89,76.33333333333333
macaroni2,4,0.005,89,74.31111111111112
macaroni2,4,0.01,89,71.66666666666667
macaroni2,4,0.02,89,68.87777777777778
macaroni2,4,0.05,89,64.62222222222222
macaroni2,4,0.001,90,74.62222222222222
macaroni2,4,0.0025,90,75.0
macaroni2,4,0.005,90,72.95555555555555
macaroni2,4,0.01,90,70.34444444444445
macaroni2,4,0.02,90,67.63333333333334
macaroni2,4,0.05,90,63.233333333333334
macaroni2,4,0.001,91,73.47777777777777
macaroni2,4,0.0025,91,74.07777777777778
macaroni2,4,0.005,91,72.38888888888889
macaroni2,4,0.01,91,70.03333333333333
macaroni2,4,0.02,91,67.34444444444445
macaroni2,4,0.05,91,63.455555555555556
macaroni2,4,0.001,92,74.61111111111111
macaroni2,4,0.0025,92,74.88888888888889
macaroni2,4,0.005,92,73.08888888888889
macaroni2,4,0.01,92,70.72222222222223
macaroni2,4,0.02,92,68.12222222222222
macaroni2,4,0.05,92,63.733333333333334
macaroni2,4,0.001,93,74.36666666666666
macaroni2,4,0.0025,93,74.42222222222222
macaroni2,4,0.005,93,72.24444444444444
macaroni2,4,0.01,93,69.68888888888888
macaroni2,4,0.02,93,67.36666666666666
macaroni2,4,0.05,93,63.21111111111111
macaroni2,4,0.001,94,72.77777777777777
macaroni2,4,0.0025,94,73.0
macaroni2,4,0.005,94,71.56666666666666
macaroni2,4,0.01,94,69.5111111111111
macaroni2,4,0.02,94,67.35555555555555
macaroni2,4,0.05,94,63.21111111111111
macaroni2,4,0.001,95,72.53333333333333
macaroni2,4,0.0025,95,72.22222222222223
macaroni2,4,0.005,95,70.73333333333333
macaroni2,4,0.01,95,68.85555555555555
macaroni2,4,0.02,95,66.5
macaroni2,4,0.05,95,62.8
macaroni2,4,0.001,96,72.82222222222222
macaroni2,4,0.0025,96,72.96666666666667
macaroni2,4,0.005,96,71.4
macaroni2,4,0.01,96,69.33333333333333
macaroni2,4,0.02,96,66.87777777777778
macaroni2,4,0.05,96,62.82222222222222
macaroni2,4,0.001,97,74.31111111111112
macaroni2,4,0.0025,97,74.61111111111111
macaroni2,4,0.005,97,72.8
macaroni2,4,0.01,97,71.06666666666666
macaroni2,4,0.02,97,68.34444444444445
macaroni2,4,0.05,97,63.8
macaroni2,4,0.001,98,75.77777777777777
macaroni2,4,0.0025,98,75.75555555555556
macaroni2,4,0.005,98,73.75555555555556
macaroni2,4,0.01,98,71.26666666666667
macaroni2,4,0.02,98,68.36666666666666
macaroni2,4,0.05,98,64.23333333333333
macaroni2,4,0.001,99,74.21111111111111
macaroni2,4,0.0025,99,74.61111111111111
macaroni2,4,0.005,99,72.84444444444445
macaroni2,4,0.01,99,70.45555555555555
macaroni2,4,0.02,99,67.64444444444445
macaroni2,4,0.05,99,63.355555555555554
macaroni2,8,0.001,0,67.94444444444444
macaroni2,8,0.0025,0,68.0111111111111
macaroni2,8,0.005,0,66.33333333333333
macaroni2,8,0.01,0,64.65555555555555
macaroni2,8,0.02,0,63.62222222222222
macaroni2,8,0.05,0,60.7
macaroni2,8,0.001,1,67.18888888888888
macaroni2,8,0.0025,1,68.61111111111111
macaroni2,8,0.005,1,68.04444444444445
macaroni2,8,0.01,1,66.76666666666667
macaroni2,8,0.02,1,65.0111111111111
macaroni2,8,0.05,1,61.82222222222222
macaroni2,8,0.001,2,68.26666666666667
macaroni2,8,0.0025,2,69.14444444444445
macaroni2,8,0.005,2,67.86666666666666
macaroni2,8,0.01,2,66.63333333333334
macaroni2,8,0.02,2,64.75555555555556
macaroni2,8,0.05,2,61.5
macaroni2,8,0.001,3,67.25555555555556
macaroni2,8,0.0025,3,68.43333333333334
macaroni2,8,0.005,3,67.73333333333333
macaroni2,8,0.01,3,66.75555555555556
macaroni2,8,0.02,3,65.66666666666667
macaroni2,8,0.05,3,63.13333333333333
macaroni2,8,0.001,4,71.06666666666666
macaroni2,8,0.0025,4,72.41111111111111
macaroni2,8,0.005,4,71.05555555555556
macaroni2,8,0.01,4,68.38888888888889
macaroni2,8,0.02,4,65.45555555555555
macaroni2,8,0.05,4,61.17777777777778
macaroni2,8,0.001,5,69.57777777777778
macaroni2,8,0.0025,5,71.64444444444445
macaroni2,8,0.005,5,70.35555555555555
macaroni2,8,0.01,5,68.78888888888889
macaroni2,8,0.02,5,66.5111111111111
macaroni2,8,0.05,5,62.41111111111111
macaroni2,8,0.001,6,73.05555555555556
macaroni2,8,0.0025,6,73.33333333333333
macaroni2,8,0.005,6,71.41111111111111
macaroni2,8,0.01,6,69.45555555555555
macaroni2,8,0.02,6,67.27777777777777
macaroni2,8,0.05,6,63.98888888888889
macaroni2,8,0.001,7,70.33333333333333
macaroni2,8,0.0025,7,71.2
macaroni2,8,0.005,7,70.45555555555555
macaroni2,8,0.01,7,69.45555555555555
macaroni2,8,0.02,7,67.72222222222223
macaroni2,8,0.05,7,64.34444444444445
macaroni2,8,0.001,8,70.12222222222222
macaroni2,8,0.0025,8,71.02222222222223
macaroni2,8,0.005,8,69.78888888888889
macaroni2,8,0.01,8,67.68888888888888
macaroni2,8,0.02,8,65.64444444444445
macaroni2,8,0.05,8,62.17777777777778
macaroni2,8,0.001,9,66.75555555555556
macaroni2,8,0.0025,9,66.13333333333334
macaroni2,8,0.005,9,65.37777777777778
macaroni2,8,0.01,9,63.82222222222222
macaroni2,8,0.02,9,62.68888888888889
macaroni2,8,0.05,9,59.577777777777776
macaroni2,8,0.001,10,67.73333333333333
macaroni2,8,0.0025,10,68.33333333333333
macaroni2,8,0.005,10,66.64444444444445
macaroni2,8,0.01,10,64.6
macaroni2,8,0.02,10,63.333333333333336
macaroni2,8,0.05,10,60.32222222222222
macaroni2,8,0.001,11,71.7
macaroni2,8,0.0025,11,71.68888888888888
macaroni2,8,0.005,11,69.04444444444445
macaroni2,8,0.01,11,66.87777777777778
macaroni2,8,0.02,11,65.6
macaroni2,8,0.05,11,63.233333333333334
macaroni2,8,0.001,12,74.0
macaroni2,8,0.0025,12,74.16666666666667
macaroni2,8,0.005,12,71.53333333333333
macaroni2,8,0.01,12,68.75555555555556
macaroni2,8,0.02,12,66.24444444444444
macaroni2,8,0.05,12,62.58888888888889
macaroni2,8,0.001,13,71.91111111111111
macaroni2,8,0.0025,13,72.22222222222223
macaroni2,8,0.005,13,70.02222222222223
macaroni2,8,0.01,13,67.61111111111111
macaroni2,8,0.02,13,65.64444444444445
macaroni2,8,0.05,13,62.111111111111114
macaroni2,8,0.001,14,71.5111111111111
macaroni2,8,0.0025,14,71.83333333333333
macaroni2,8,0.005,14,69.91111111111111
macaroni2,8,0.01,14,67.61111111111111
macaroni2,8,0.02,14,65.68888888888888
macaroni2,8,0.05,14,62.24444444444445
macaroni2,8,0.001,15,74.06666666666666
macaroni2,8,0.0025,15,74.97777777777777
macaroni2,8,0.005,15,73.12222222222222
macaroni2,8,0.01,15,70.14444444444445
macaroni2,8,0.02,15,67.55555555555556
macaroni2,8,0.05,15,63.43333333333333
macaroni2,8,0.001,16,68.25555555555556
macaroni2,8,0.0025,16,69.26666666666667
macaroni2,8,0.005,16,68.2
macaroni2,8,0.01,16,66.67777777777778
macaroni2,8,0.02,16,65.1
macaroni2,8,0.05,16,62.15555555555556
macaroni2,8,0.001,17,72.12222222222222
macaroni2,8,0.0025,17,72.72222222222223
macaroni2,8,0.005,17,70.43333333333334
macaroni2,8,0.01,17,67.77777777777777
macaroni2,8,0.02,17,64.94444444444444
macaroni2,8,0.05,17,60.63333333333333
macaroni2,8,0.001,18,71.04444444444445
macaroni2,8,0.0025,18,71.71111111111111
macaroni2,8,0.005,18,69.53333333333333
macaroni2,8,0.01,18,66.95555555555555
macaroni2,8,0.02,18,64.43333333333334
macaroni2,8,0.05,18,61.166666666666664
macaroni2,8,0.001,19,72.5111111111111
macaroni2,8,0.0025,19,71.92222222222222
macaroni2,8,0.005,19,70.12222222222222
macaroni2,8,0.01,19,67.54444444444445
macaroni2,8,0.02,19,65.76666666666667
macaroni2,8,0.05,19,62.422222222222224
macaroni2,8,0.001,20,71.18888888888888
macaroni2,8,0.0025,20,71.71111111111111
macaroni2,8,0.005,20,69.75555555555556
macaroni2,8,0.01,20,67.78888888888889
macaroni2,8,0.02,20,65.52222222222223
macaroni2,8,0.05,20,61.15555555555556
macaroni2,8,0.001,21,64.7
macaroni2,8,0.0025,21,65.73333333333333
macaroni2,8,0.005,21,65.37777777777778
macaroni2,8,0.01,21,64.88888888888889
macaroni2,8,0.02,21,63.82222222222222
macaroni2,8,0.05,21,61.03333333333333
macaroni2,8,0.001,22,68.73333333333333
macaroni2,8,0.0025,22,69.47777777777777
macaroni2,8,0.005,22,68.87777777777778
macaroni2,8,0.01,22,67.18888888888888
macaroni2,8,0.02,22,65.44444444444444
macaroni2,8,0.05,22,62.08888888888889
macaroni2,8,0.001,23,68.62222222222222
macaroni2,8,0.0025,23,70.5111111111111
macaroni2,8,0.005,23,69.25555555555556
macaroni2,8,0.01,23,67.47777777777777
macaroni2,8,0.02,23,65.72222222222223
macaroni2,8,0.05,23,61.544444444444444
macaroni2,8,0.001,24,69.28888888888889
macaroni2,8,0.0025,24,69.57777777777778
macaroni2,8,0.005,24,68.68888888888888
macaroni2,8,0.01,24,67.0111111111111
macaroni2,8,0.02,24,65.78888888888889
macaroni2,8,0.05,24,63.27777777777778
macaroni2,8,0.001,25,73.83333333333333
macaroni2,8,0.0025,25,74.63333333333334
macaroni2,8,0.005,25,72.92222222222222
macaroni2,8,0.01,25,70.23333333333333
macaroni2,8,0.02,25,66.91111111111111
macaroni2,8,0.05,25,61.58888888888889
macaroni2,8,0.001,26,70.57777777777778
macaroni2,8,0.0025,26,70.6
macaroni2,8,0.005,26,68.84444444444445
macaroni2,8,0.01,26,66.7
macaroni2,8,0.02,26,64.9
macaroni2,8,0.05,26,61.75555555555555
macaroni2,8,0.001,27,70.4888888888889
macaroni2,8,0.0025,27,70.9
macaroni2,8,0.005,27,70.04444444444445
macaroni2,8,0.01,27,68.96666666666667
macaroni2,8,0.02,27,67.11111111111111
macaroni2,8,0.05,27,63.644444444444446
macaroni2,8,0.001,28,72.12222222222222
macaroni2,8,0.0025,28,73.45555555555555
macaroni2,8,0.005,28,71.63333333333334
macaroni2,8,0.01,28,68.64444444444445
macaroni2,8,0.02,28,66.44444444444444
macaroni2,8,0.05,28,62.01111111111111
macaroni2,8,0.001,29,73.0111111111111
macaroni2,8,0.0025,29,73.2
macaroni2,8,0.005,29,70.88888888888889
macaroni2,8,0.01,29,68.73333333333333
macaroni2,8,0.02,29,66.76666666666667
macaroni2,8,0.05,29,63.31111111111111
macaroni2,8,0.001,30,71.03333333333333
macaroni2,8,0.0025,30,71.4
macaroni2,8,0.005,30,70.02222222222223
macaroni2,8,0.01,30,67.88888888888889
macaroni2,8,0.02,30,64.82222222222222
macaroni2,8,0.05,30,61.5
macaroni2,8,0.001,31,72.54444444444445
macaroni2,8,0.0025,31,72.46666666666667
macaroni2,8,0.005,31,70.47777777777777
macaroni2,8,0.01,31,68.47777777777777
macaroni2,8,0.02,31,66.21111111111111
macaroni2,8,0.05,31,62.333333333333336
macaroni2,8,0.001,32,71.31111111111112
macaroni2,8,0.0025,32,70.67777777777778
macaroni2,8,0.005,32,68.2
macaroni2,8,0.01,32,66.07777777777778
macaroni2,8,0.02,32,63.82222222222222
macaroni2,8,0.05,32,59.68888888888889
macaroni2,8,0.001,33,73.96666666666667
macaroni2,8,0.0025,33,74.12222222222222
macaroni2,8,0.005,33,72.66666666666667
macaroni2,8,0.01,33,70.33333333333333
macaroni2,8,0.02,33,68.11111111111111
macaroni2,8,0.05,33,63.96666666666667
macaroni2,8,0.001,34,72.54444444444445
macaroni2,8,0.0025,34,73.41111111111111
macaroni2,8,0.005,34,71.45555555555555
macaroni2,8,0.01,34,69.0
macaroni2,8,0.02,34,66.41111111111111
macaroni2,8,0.05,34,62.611111111111114
macaroni2,8,0.001,35,69.16666666666667
macaroni2,8,0.0025,35,70.1
macaroni2,8,0.005,35,68.34444444444445
macaroni2,8,0.01,35,66.8
macaroni2,8,0.02,35,65.08888888888889
macaroni2,8,0.05,35,61.477777777777774
macaroni2,8,0.001,36,73.34444444444445
macaroni2,8,0.0025,36,73.61111111111111
macaroni2,8,0.005,36,72.11111111111111
macaroni2,8,0.01,36,69.78888888888889
macaroni2,8,0.02,36,67.21111111111111
macaroni2,8,0.05,36,63.577777777777776
macaroni2,8,0.001,37,67.38888888888889
macaroni2,8,0.0025,37,68.55555555555556
macaroni2,8,0.005,37,67.68888888888888
macaroni2,8,0.01,37,66.83333333333333
macaroni2,8,0.02,37,65.52222222222223
macaroni2,8,0.05,37,63.24444444444445
macaroni2,8,0.001,38,72.86666666666666
macaroni2,8,0.0025,38,73.34444444444445
macaroni2,8,0.005,38,71.42222222222222
macaroni2,8,0.01,38,69.25555555555556
macaroni2,8,0.02,38,67.27777777777777
macaroni2,8,0.05,38,62.93333333333333
macaroni2,8,0.001,39,71.81111111111112
macaroni2,8,0.0025,39,72.37777777777778
macaroni2,8,0.005,39,70.36666666666666
macaroni2,8,0.01,39,68.57777777777778
macaroni2,8,0.02,39,66.6
macaroni2,8,0.05,39,63.0
macaroni2,8,0.001,40,72.41111111111111
macaroni2,8,0.0025,40,72.25555555555556
macaroni2,8,0.005,40,69.84444444444445
macaroni2,8,0.01,40,67.71111111111111
macaroni2,8,0.02,40,65.91111111111111
macaroni2,8,0.05,40,62.31111111111111
macaroni2,8,0.001,41,68.25555555555556
macaroni2,8,0.0025,41,68.76666666666667
macaroni2,8,0.005,41,66.52222222222223
macaroni2,8,0.01,41,64.26666666666667
macaroni2,8,0.02,41,63.0
macaroni2,8,0.05,41,59.86666666666667
macaroni2,8,0.001,42,74.47777777777777
macaroni2,8,0.0025,42,75.0
macaroni2,8,0.005,42,72.82222222222222
macaroni2,8,0.01,42,70.18888888888888
macaroni2,8,0.02,42,66.9888888888889
macaroni2,8,0.05,42,62.53333333333333
macaroni2,8,0.001,43,71.46666666666667
macaroni2,8,0.0025,43,71.55555555555556
macaroni2,8,0.005,43,69.6
macaroni2,8,0.01,43,67.55555555555556
macaroni2,8,0.02,43,64.97777777777777
macaroni2,8,0.05,43,60.82222222222222
macaroni2,8,0.001,44,70.44444444444444
macaroni2,8,0.0025,44,70.18888888888888
macaroni2,8,0.005,44,68.6
macaroni2,8,0.01,44,66.22222222222223
macaroni2,8,0.02,44,64.73333333333333
macaroni2,8,0.05,44,61.477777777777774
macaroni2,8,0.001,45,69.5111111111111
macaroni2,8,0.0025,45,70.04444444444445
macaroni2,8,0.005,45,68.88888888888889
macaroni2,8,0.01,45,67.42222222222222
macaroni2,8,0.02,45,65.64444444444445
macaroni2,8,0.05,45,62.43333333333333
macaroni2,8,0.001,46,70.43333333333334
macaroni2,8,0.0025,46,70.86666666666666
macaroni2,8,0.005,46,69.11111111111111
macaroni2,8,0.01,46,66.74444444444444
macaroni2,8,0.02,46,65.0111111111111
macaroni2,8,0.05,46,61.65555555555556
macaroni2,8,0.001,47,67.1
macaroni2,8,0.0025,47,68.53333333333333
macaroni2,8,0.005,47,67.53333333333333
macaroni2,8,0.01,47,66.76666666666667
macaroni2,8,0.02,47,65.13333333333334
macaroni2,8,0.05,47,62.17777777777778
macaroni2,8,0.001,48,70.21111111111111
macaroni2,8,0.0025,48,70.74444444444444
macaroni2,8,0.005,48,69.37777777777778
macaroni2,8,0.01,48,67.46666666666667
macaroni2,8,0.02,48,65.54444444444445
macaroni2,8,0.05,48,60.55555555555556
macaroni2,8,0.001,49,67.55555555555556
macaroni2,8,0.0025,49,68.52222222222223
macaroni2,8,0.005,49,66.87777777777778
macaroni2,8,0.01,49,65.0111111111111
macaroni2,8,0.02,49,63.43333333333333
macaroni2,8,0.05,49,60.4
macaroni2,8,0.001,50,68.45555555555555
macaroni2,8,0.0025,50,69.35555555555555
macaroni2,8,0.005,50,68.68888888888888
macaroni2,8,0.01,50,67.53333333333333
macaroni2,8,0.02,50,66.31111111111112
macaroni2,8,0.05,50,63.55555555555556
macaroni2,8,0.001,51,69.34444444444445
macaroni2,8,0.0025,51,70.86666666666666
macaroni2,8,0.005,51,69.4
macaroni2,8,0.01,51,67.11111111111111
macaroni2,8,0.02,51,65.11111111111111
macaroni2,8,0.05,51,60.2
macaroni2,8,0.001,52,67.71111111111111
macaroni2,8,0.0025,52,67.52222222222223
macaroni2,8,0.005,52,65.96666666666667
macaroni2,8,0.01,52,63.65555555555556
macaroni2,8,0.02,52,62.166666666666664
macaroni2,8,0.05,52,59.12222222222222
macaroni2,8,0.001,53,70.71111111111111
macaroni2,8,0.0025,53,71.11111111111111
macaroni2,8,0.005,53,69.33333333333333
macaroni2,8,0.01,53,67.5
macaroni2,8,0.02,53,65.55555555555556
macaroni2,8,0.05,53,62.111111111111114
macaroni2,8,0.001,54,68.97777777777777
macaroni2,8,0.0025,54,69.54444444444445
macaroni2,8,0.005,54,68.06666666666666
macaroni2,8,0.01,54,66.75555555555556
macaroni2,8,0.02,54,65.46666666666667
macaroni2,8,0.05,54,61.94444444444444
macaroni2,8,0.001,55,72.44444444444444
macaroni2,8,0.0025,55,72.32222222222222
macaroni2,8,0.005,55,70.41111111111111
macaroni2,8,0.01,55,68.86666666666666
macaroni2,8,0.02,55,66.68888888888888
macaroni2,8,0.05,55,63.666666666666664
macaroni2,8,0.001,56,72.44444444444444
macaroni2,8,0.0025,56,71.8
macaroni2,8,0.005,56,70.03333333333333
macaroni2,8,0.01,56,68.7
macaroni2,8,0.02,56,67.46666666666667
macaroni2,8,0.05,56,64.21111111111111
macaroni2,8,0.001,57,70.61111111111111
macaroni2,8,0.0025,57,71.56666666666666
macaroni2,8,0.005,57,70.3
macaroni2,8,0.01,57,68.44444444444444
macaroni2,8,0.02,57,66.68888888888888
macaroni2,8,0.05,57,62.888888888888886
macaroni2,8,0.001,58,67.76666666666667
macaroni2,8,0.0025,58,69.1
macaroni2,8,0.005,58,67.25555555555556
macaroni2,8,0.01,58,65.56666666666666
macaroni2,8,0.02,58,63.34444444444444
macaroni2,8,0.05,58,59.43333333333333
macaroni2,8,0.001,59,73.22222222222223
macaroni2,8,0.0025,59,74.15555555555555
macaroni2,8,0.005,59,72.66666666666667
macaroni2,8,0.01,59,70.07777777777778
macaroni2,8,0.02,59,67.91111111111111
macaroni2,8,0.05,59,65.05555555555556
macaroni2,8,0.001,60,70.66666666666667
macaroni2,8,0.0025,60,70.62222222222222
macaroni2,8,0.005,60,69.43333333333334
macaroni2,8,0.01,60,67.93333333333334
macaroni2,8,0.02,60,66.4888888888889
macaroni2,8,0.05,60,64.03333333333333
macaroni2,8,0.001,61,71.03333333333333
macaroni2,8,0.0025,61,72.26666666666667
macaroni2,8,0.005,61,71.27777777777777
macaroni2,8,0.01,61,69.74444444444444
macaroni2,8,0.02,61,67.77777777777777
macaroni2,8,0.05,61,63.44444444444444
macaroni2,8,0.001,62,69.85555555555555
macaroni2,8,0.0025,62,69.2
macaroni2,8,0.005,62,66.9888888888889
macaroni2,8,0.01,62,64.91111111111111
macaroni2,8,0.02,62,63.544444444444444
macaroni2,8,0.05,62,60.28888888888889
macaroni2,8,0.001,63,74.41111111111111
macaroni2,8,0.0025,63,75.44444444444444
macaroni2,8,0.005,63,73.75555555555556
macaroni2,8,0.01,63,70.87777777777778
macaroni2,8,0.02,63,68.43333333333334
macaroni2,8,0.05,63,64.17777777777778
macaroni2,8,0.001,64,71.5
macaroni2,8,0.0025,64,69.9
macaroni2,8,0.005,64,68.07777777777778
macaroni2,8,0.01,64,66.5111111111111
macaroni2,8,0.02,64,65.0
macaroni2,8,0.05,64,61.96666666666667
macaroni2,8,0.001,65,69.92222222222222
macaroni2,8,0.0025,65,70.82222222222222
macaroni2,8,0.005,65,69.53333333333333
macaroni2,8,0.01,65,67.97777777777777
macaroni2,8,0.02,65,65.96666666666667
macaroni2,8,0.05,65,61.611111111111114
macaroni2,8,0.001,66,71.94444444444444
macaroni2,8,0.0025,66,71.32222222222222
macaroni2,8,0.005,66,69.16666666666667
macaroni2,8,0.01,66,67.53333333333333
macaroni2,8,0.02,66,66.23333333333333
macaroni2,8,0.05,66,63.0
macaroni2,8,0.001,67,71.71111111111111
macaroni2,8,0.0025,67,71.8
macaroni2,8,0.005,67,70.61111111111111
macaroni2,8,0.01,67,69.0111111111111
macaroni2,8,0.02,67,67.34444444444445
macaroni2,8,0.05,67,64.71111111111111
macaroni2,8,0.001,68,65.54444444444445
macaroni2,8,0.0025,68,66.5
macaroni2,8,0.005,68,65.91111111111111
macaroni2,8,0.01,68,64.91111111111111
macaroni2,8,0.02,68,64.2
macaroni2,8,0.05,68,62.15555555555556
macaroni2,8,0.001,69,70.77777777777777
macaroni2,8,0.0025,69,71.4
macaroni2,8,0.005,69,70.6
macaroni2,8,0.01,69,69.14444444444445
macaroni2,8,0.02,69,67.41111111111111
macaroni2,8,0.05,69,64.2
macaroni2,8,0.001,70,67.94444444444444
macaroni2,8,0.0025,70,68.75555555555556
macaroni2,8,0.005,70,67.46666666666667
macaroni2,8,0.01,70,66.07777777777778
macaroni2,8,0.02,70,64.3
macaroni2,8,0.05,70,61.855555555555554
macaroni2,8,0.001,71,69.84444444444445
macaroni2,8,0.0025,71,70.31111111111112
macaroni2,8,0.005,71,68.73333333333333
macaroni2,8,0.01,71,67.41111111111111
macaroni2,8,0.02,71,65.74444444444444
macaroni2,8,0.05,71,62.388888888888886
macaroni2,8,0.001,72,69.65555555555555
macaroni2,8,0.0025,72,71.36666666666666
macaroni2,8,0.005,72,70.62222222222222
macaroni2,8,0.01,72,68.85555555555555
macaroni2,8,0.02,72,66.6
macaroni2,8,0.05,72,63.53333333333333
macaroni2,8,0.001,73,70.62222222222222
macaroni2,8,0.0025,73,70.45555555555555
macaroni2,8,0.005,73,67.91111111111111
macaroni2,8,0.01,73,65.68888888888888
macaroni2,8,0.02,73,64.44444444444444
macaroni2,8,0.05,73,61.62222222222222
macaroni2,8,0.001,74,70.53333333333333
macaroni2,8,0.0025,74,70.9
macaroni2,8,0.005,74,69.44444444444444
macaroni2,8,0.01,74,67.61111111111111
macaroni2,8,0.02,74,66.23333333333333
macaroni2,8,0.05,74,63.08888888888889
macaroni2,8,0.001,75,72.21111111111111
macaroni2,8,0.0025,75,72.9
macaroni2,8,0.005,75,70.93333333333334
macaroni2,8,0.01,75,68.38888888888889
macaroni2,8,0.02,75,65.9
macaroni2,8,0.05,75,62.355555555555554
macaroni2,8,0.001,76,70.68888888888888
macaroni2,8,0.0025,76,70.57777777777778
macaroni2,8,0.005,76,69.03333333333333
macaroni2,8,0.01,76,67.41111111111111
macaroni2,8,0.02,76,65.63333333333334
macaroni2,8,0.05,76,62.78888888888889
macaroni2,8,0.001,77,72.54444444444445
macaroni2,8,0.0025,77,72.87777777777778
macaroni2,8,0.005,77,71.08888888888889
macaroni2,8,0.01,77,69.3
macaroni2,8,0.02,77,66.83333333333333
macaroni2,8,0.05,77,62.833333333333336
macaroni2,8,0.001,78,72.23333333333333
macaroni2,8,0.0025,78,73.38888888888889
macaroni2,8,0.005,78,71.56666666666666
macaroni2,8,0.01,78,69.42222222222222
macaroni2,8,0.02,78,67.17777777777778
macaroni2,8,0.05,78,62.9
macaroni2,8,0.001,79,70.8
macaroni2,8,0.0025,79,71.84444444444445
macaroni2,8,0.005,79,70.74444444444444
macaroni2,8,0.01,79,68.91111111111111
macaroni2,8,0.02,79,67.15555555555555
macaroni2,8,0.05,79,63.6
macaroni2,8,0.001,80,67.91111111111111
macaroni2,8,0.0025,80,69.57777777777778
macaroni2,8,0.005,80,68.57777777777778
macaroni2,8,0.01,80,67.17777777777778
macaroni2,8,0.02,80,65.9
macaroni2,8,0.05,80,62.58888888888889
macaroni2,8,0.001,81,73.2
macaroni2,8,0.0025,81,74.12222222222222
macaroni2,8,0.005,81,72.38888888888889
macaroni2,8,0.01,81,69.6
macaroni2,8,0.02,81,67.66666666666667
macaroni2,8,0.05,81,63.63333333333333
macaroni2,8,0.001,82,71.5111111111111
macaroni2,8,0.0025,82,71.36666666666666
macaroni2,8,0.005,82,69.66666666666667
macaroni2,8,0.01,82,67.73333333333333
macaroni2,8,0.02,82,65.74444444444444
macaroni2,8,0.05,82,61.455555555555556
macaroni2,8,0.001,83,70.94444444444444
macaroni2,8,0.0025,83,71.74444444444444
macaroni2,8,0.005,83,69.85555555555555
macaroni2,8,0.01,83,67.33333333333333
macaroni2,8,0.02,83,65.8
macaroni2,8,0.05,83,62.24444444444445
macaroni2,8,0.001,84,65.21111111111111
macaroni2,8,0.0025,84,66.65555555555555
macaroni2,8,0.005,84,66.57777777777778
macaroni2,8,0.01,84,65.7
macaroni2,8,0.02,84,63.93333333333333
macaroni2,8,0.05,84,60.18888888888889
macaroni2,8,0.001,85,68.85555555555555
macaroni2,8,0.0025,85,69.55555555555556
macaroni2,8,0.005,85,68.42222222222222
macaroni2,8,0.01,85,66.65555555555555
macaroni2,8,0.02,85,65.0111111111111
macaroni2,8,0.05,85,61.577777777777776
macaroni2,8,0.001,86,74.88888888888889
macaroni2,8,0.0025,86,74.85555555555555
macaroni2,8,0.005,86,72.81111111111112
macaroni2,8,0.01,86,70.62222222222222
macaroni2,8,0.02,86,68.08888888888889
macaroni2,8,0.05,86,64.06666666666666
macaroni2,8,0.001,87,71.57777777777778
macaroni2,8,0.0025,87,71.83333333333333
macaroni2,8,0.005,87,70.46666666666667
macaroni2,8,0.01,87,68.2
macaroni2,8,0.02,87,65.95555555555555
macaroni2,8,0.05,87,62.1
macaroni2,8,0.001,88,69.85555555555555
macaroni2,8,0.0025,88,71.37777777777778
macaroni2,8,0.005,88,69.67777777777778
macaroni2,8,0.01,88,67.14444444444445
macaroni2,8,0.02,88,64.9888888888889
macaroni2,8,0.05,88,61.8
macaroni2,8,0.001,89,71.14444444444445
macaroni2,8,0.0025,89,72.3
macaroni2,8,0.005,89,70.24444444444444
macaroni2,8,0.01,89,67.55555555555556
macaroni2,8,0.02,89,64.25555555555556
macaroni2,8,0.05,89,60.13333333333333
macaroni2,8,0.001,90,70.0111111111111
macaroni2,8,0.0025,90,70.22222222222223
macaroni2,8,0.005,90,68.77777777777777
macaroni2,8,0.01,90,66.94444444444444
macaroni2,8,0.02,90,65.28888888888889
macaroni2,8,0.05,90,61.24444444444445
macaroni2,8,0.001,91,71.14444444444445
macaroni2,8,0.0025,91,71.92222222222222
macaroni2,8,0.005,91,70.55555555555556
macaroni2,8,0.01,91,68.81111111111112
macaroni2,8,0.02,91,66.33333333333333
macaroni2,8,0.05,91,61.96666666666667
macaroni2,8,0.001,92,68.24444444444444
macaroni2,8,0.0025,92,69.38888888888889
macaroni2,8,0.005,92,67.85555555555555
macaroni2,8,0.01,92,66.06666666666666
macaroni2,8,0.02,92,64.54444444444445
macaroni2,8,0.05,92,62.58888888888889
macaroni2,8,0.001,93,73.42222222222222
macaroni2,8,0.0025,93,73.87777777777778
macaroni2,8,0.005,93,72.22222222222223
macaroni2,8,0.01,93,70.77777777777777
macaroni2,8,0.02,93,68.71111111111111
macaroni2,8,0.05,93,64.4888888888889
macaroni2,8,0.001,94,70.9
macaroni2,8,0.0025,94,70.93333333333334
macaroni2,8,0.005,94,68.7
macaroni2,8,0.01,94,66.77777777777777
macaroni2,8,0.02,94,64.67777777777778
macaroni2,8,0.05,94,61.06666666666667
macaroni2,8,0.001,95,71.7
macaroni2,8,0.0025,95,72.9
macaroni2,8,0.005,95,71.45555555555555
macaroni2,8,0.01,95,68.9
macaroni2,8,0.02,95,66.05555555555556
macaroni2,8,0.05,95,62.28888888888889
macaroni2,8,0.001,96,67.61111111111111
macaroni2,8,0.0025,96,68.35555555555555
macaroni2,8,0.005,96,66.4888888888889
macaroni2,8,0.01,96,65.22222222222223
macaroni2,8,0.02,96,63.833333333333336
macaroni2,8,0.05,96,60.733333333333334
macaroni2,8,0.001,97,71.02222222222223
macaroni2,8,0.0025,97,71.02222222222223
macaroni2,8,0.005,97,70.13333333333334
macaroni2,8,0.01,97,68.27777777777777
macaroni2,8,0.02,97,65.76666666666667
macaroni2,8,0.05,97,61.34444444444444
macaroni2,8,0.001,98,71.55555555555556
macaroni2,8,0.0025,98,73.14444444444445
macaroni2,8,0.005,98,71.52222222222223
macaroni2,8,0.01,98,69.66666666666667
macaroni2,8,0.02,98,66.94444444444444
macaroni2,8,0.05,98,62.833333333333336
macaroni2,8,0.001,99,71.68888888888888
macaroni2,8,0.0025,99,72.12222222222222
macaroni2,8,0.005,99,70.4
macaroni2,8,0.01,99,68.36666666666666
macaroni2,8,0.02,99,66.41111111111111
macaroni2,8,0.05,99,62.06666666666667
macaroni2,16,0.001,0,63.81111111111111
macaroni2,16,0.0025,0,63.7
macaroni2,16,0.005,0,62.855555555555554
macaroni2,16,0.01,0,61.87777777777778
macaroni2,16,0.02,0,60.51111111111111
macaroni2,16,0.05,0,58.32222222222222
macaroni2,16,0.001,1,64.4
macaroni2,16,0.0025,1,63.611111111111114
macaroni2,16,0.005,1,61.77777777777778
macaroni2,16,0.01,1,60.46666666666667
macaroni2,16,0.02,1,59.32222222222222
macaroni2,16,0.05,1,56.96666666666667
macaroni2,16,0.001,2,59.18888888888889
macaroni2,16,0.0025,2,58.9
macaroni2,16,0.005,2,57.9
macaroni2,16,0.01,2,57.111111111111114
macaroni2,16,0.02,2,56.644444444444446
macaroni2,16,0.05,2,54.63333333333333
macaroni2,16,0.001,3,62.93333333333333
macaroni2,16,0.0025,3,63.766666666666666
macaroni2,16,0.005,3,63.577777777777776
macaroni2,16,0.01,3,63.044444444444444
macaroni2,16,0.02,3,62.41111111111111
macaroni2,16,0.05,3,60.05555555555556
macaroni2,16,0.001,4,64.63333333333334
macaroni2,16,0.0025,4,64.16666666666667
macaroni2,16,0.005,4,63.888888888888886
macaroni2,16,0.01,4,63.98888888888889
macaroni2,16,0.02,4,63.48888888888889
macaroni2,16,0.05,4,61.17777777777778
macaroni2,16,0.001,5,65.76666666666667
macaroni2,16,0.0025,5,65.67777777777778
macaroni2,16,0.005,5,65.71111111111111
macaroni2,16,0.01,5,64.88888888888889
macaroni2,16,0.02,5,64.12222222222222
macaroni2,16,0.05,5,61.36666666666667
macaroni2,16,0.001,6,63.41111111111111
macaroni2,16,0.0025,6,63.611111111111114
macaroni2,16,0.005,6,62.63333333333333
macaroni2,16,0.01,6,61.22222222222222
macaroni2,16,0.02,6,59.82222222222222
macaroni2,16,0.05,6,56.58888888888889
macaroni2,16,0.001,7,59.15555555555556
macaroni2,16,0.0025,7,59.78888888888889
macaroni2,16,0.005,7,57.833333333333336
macaroni2,16,0.01,7,56.93333333333333
macaroni2,16,0.02,7,55.93333333333333
macaroni2,16,0.05,7,53.68888888888889
macaroni2,16,0.001,8,65.1
macaroni2,16,0.0025,8,65.5111111111111
macaroni2,16,0.005,8,64.25555555555556
macaroni2,16,0.01,8,63.077777777777776
macaroni2,16,0.02,8,62.25555555555555
macaroni2,16,0.05,8,59.84444444444444
macaroni2,16,0.001,9,61.67777777777778
macaroni2,16,0.0025,9,62.71111111111111
macaroni2,16,0.005,9,62.455555555555556
macaroni2,16,0.01,9,62.37777777777778
macaroni2,16,0.02,9,61.544444444444444
macaroni2,16,0.05,9,58.93333333333333
macaroni2,16,0.001,10,60.31111111111111
macaroni2,16,0.0025,10,59.56666666666667
macaroni2,16,0.005,10,58.28888888888889
macaroni2,16,0.01,10,56.94444444444444
macaroni2,16,0.02,10,55.67777777777778
macaroni2,16,0.05,10,52.955555555555556
macaroni2,16,0.001,11,62.31111111111111
macaroni2,16,0.0025,11,62.63333333333333
macaroni2,16,0.005,11,61.91111111111111
macaroni2,16,0.01,11,61.32222222222222
macaroni2,16,0.02,11,60.044444444444444
macaroni2,16,0.05,11,57.27777777777778
macaroni2,16,0.001,12,63.044444444444444
macaroni2,16,0.0025,12,63.25555555555555
macaroni2,16,0.005,12,63.32222222222222
macaroni2,16,0.01,12,63.27777777777778
macaroni2,16,0.02,12,63.27777777777778
macaroni2,16,0.05,12,61.34444444444444
macaroni2,16,0.001,13,57.51111111111111
macaroni2,16,0.0025,13,57.93333333333333
macaroni2,16,0.005,13,58.08888888888889
macaroni2,16,0.01,13,57.84444444444444
macaroni2,16,0.02,13,57.477777777777774
macaroni2,16,0.05,13,55.477777777777774
macaroni2,16,0.001,14,64.12222222222222
macaroni2,16,0.0025,14,64.24444444444444
macaroni2,16,0.005,14,63.48888888888889
macaroni2,16,0.01,14,62.72222222222222
macaroni2,16,0.02,14,62.55555555555556
macaroni2,16,0.05,14,60.266666666666666
pcb2,0,0.001,0,82.31
pcb2,0,0.0025,0,83.04
pcb2,0,0.005,0,82.17
pcb2,0,0.01,0,80.63
pcb2,0,0.02,0,80.75
pcb2,0,0.05,0,81.37
pcb2,0,0.001,1,82.51
pcb2,0,0.0025,1,83.25
pcb2,0,0.005,1,82.36
pcb2,0,0.01,1,81.0
pcb2,0,0.02,1,80.75
pcb2,0,0.05,1,81.31
pcb2,0,0.001,2,82.29
pcb2,0,0.0025,2,83.21
pcb2,0,0.005,2,82.35
pcb2,0,0.01,2,80.98
pcb2,0,0.02,2,80.82
pcb2,0,0.05,2,81.49
pcb2,0,0.001,3,82.5
pcb2,0,0.0025,3,83.34
pcb2,0,0.005,3,82.48
pcb2,0,0.01,3,81.1
pcb2,0,0.02,3,81.05
pcb2,0,0.05,3,81.54
pcb2,0,0.001,4,82.53
pcb2,0,0.0025,4,83.34
pcb2,0,0.005,4,82.52
pcb2,0,0.01,4,81.11
pcb2,0,0.02,4,81.09
pcb2,0,0.05,4,81.58
pcb2,0,0.001,5,82.11
pcb2,0,0.0025,5,83.09
pcb2,0,0.005,5,82.28
pcb2,0,0.01,5,81.11
pcb2,0,0.02,5,80.97
pcb2,0,0.05,5,81.67
pcb2,0,0.001,6,82.18
pcb2,0,0.0025,6,83.08
pcb2,0,0.005,6,82.35
pcb2,0,0.01,6,81.07
pcb2,0,0.02,6,80.96
pcb2,0,0.05,6,81.46
pcb2,0,0.001,7,82.12
pcb2,0,0.0025,7,83.14
pcb2,0,0.005,7,82.34
pcb2,0,0.01,7,80.89
pcb2,0,0.02,7,80.89
pcb2,0,0.05,7,81.44
pcb2,0,0.001,8,82.41
pcb2,0,0.0025,8,83.35
pcb2,0,0.005,8,82.5
pcb2,0,0.01,8,81.11
pcb2,0,0.02,8,80.96
pcb2,0,0.05,8,81.51
pcb2,0,0.001,9,81.93
pcb2,0,0.0025,9,82.65
pcb2,0,0.005,9,81.88
pcb2,0,0.01,9,80.56
pcb2,0,0.02,9,80.61
pcb2,0,0.05,9,81.16
pcb2,0,0.001,10,82.2
pcb2,0,0.0025,10,82.86
pcb2,0,0.005,10,81.81
pcb2,0,0.01,10,80.56
pcb2,0,0.02,10,80.68
pcb2,0,0.05,10,81.32
pcb2,0,0.001,11,82.58
pcb2,0,0.0025,11,83.32
pcb2,0,0.005,11,82.29
pcb2,0,0.01,11,80.91
pcb2,0,0.02,11,81.04
pcb2,0,0.05,11,81.44
pcb2,0,0.001,12,82.13
pcb2,0,0.0025,12,83.1
pcb2,0,0.005,12,82.32
pcb2,0,0.01,12,80.93
pcb2,0,0.02,12,80.96
pcb2,0,0.05,12,81.49
pcb2,0,0.001,13,82.05
pcb2,0,0.0025,13,83.03
pcb2,0,0.005,13,82.26
pcb2,0,0.01,13,81.0
pcb2,0,0.02,13,80.94
pcb2,0,0.05,13,81.45
pcb2,0,0.001,14,82.46
pcb2,0,0.0025,14,83.26
pcb2,0,0.005,14,82.53
pcb2,0,0.01,14,81.08
pcb2,0,0.02,14,80.97
pcb2,0,0.05,14,81.51
pcb2,0,0.001,15,82.07
pcb2,0,0.0025,15,83.1
pcb2,0,0.005,15,82.36
pcb2,0,0.01,15,80.94
pcb2,0,0.02,15,80.83
pcb2,0,0.05,15,81.5
pcb2,0,0.001,16,82.59
pcb2,0,0.0025,16,83.39
pcb2,0,0.005,16,82.61
pcb2,0,0.01,16,81.08
pcb2,0,0.02,16,81.09
pcb2,0,0.05,16,81.58
pcb2,0,0.001,17,82.45
pcb2,0,0.0025,17,83.23
pcb2,0,0.005,17,82.42
pcb2,0,0.01,17,81.0
pcb2,0,0.02,17,81.0
pcb2,0,0.05,17,81.45
pcb2,0,0.001,18,82.33
pcb2,0,0.0025,18,83.19
pcb2,0,0.005,18,82.41
pcb2,0,0.01,18,81.04
pcb2,0,0.02,18,80.88
pcb2,0,0.05,18,81.51
pcb2,0,0.001,19,82.47
pcb2,0,0.0025,19,83.29
pcb2,0,0.005,19,82.43
pcb2,0,0.01,19,81.01
pcb2,0,0.02,19,81.02
pcb2,0,0.05,19,81.69
pcb2,0,0.001,20,82.3
pcb2,0,0.0025,20,83.17
pcb2,0,0.005,20,82.32
pcb2,0,0.01,20,81.08
pcb2,0,0.02,20,81.05
pcb2,0,0.05,20,81.62
pcb2,0,0.001,21,82.57
pcb2,0,0.0025,21,83.3
pcb2,0,0.005,21,82.36
pcb2,0,0.01,21,81.02
pcb2,0,0.02,21,80.9
pcb2,0,0.05,21,81.46
pcb2,0,0.001,22,82.47
pcb2,0,0.0025,22,83.3
pcb2,0,0.005,22,82.48
pcb2,0,0.01,22,80.99
pcb2,0,0.02,22,80.96
pcb2,0,0.05,22,81.5
pcb2,0,0.001,23,82.07
pcb2,0,0.0025,23,83.05
pcb2,0,0.005,23,82.28
pcb2,0,0.01,23,80.83
pcb2,0,0.02,23,80.69
pcb2,0,0.05,23,81.31
pcb2,0,0.001,24,82.38
pcb2,0,0.0025,24,83.22
pcb2,0,0.005,24,82.36
pcb2,0,0.01,24,80.91
pcb2,0,0.02,24,80.81
pcb2,0,0.05,24,81.31
pcb2,0,0.001,25,81.91
pcb2,0,0.0025,25,82.91
pcb2,0,0.005,25,82.07
pcb2,0,0.01,25,80.76
pcb2,0,0.02,25,80.66
pcb2,0,0.05,25,81.44
pcb2,0,0.001,26,82.27
pcb2,0,0.0025,26,83.21
pcb2,0,0.005,26,82.45
pcb2,0,0.01,26,81.19
pcb2,0,0.02,26,81.21
pcb2,0,0.05,26,81.69
pcb2,0,0.001,27,82.44
pcb2,0,0.0025,27,83.33
pcb2,0,0.005,27,82.43
pcb2,0,0.01,27,81.05
pcb2,0,0.02,27,80.97
pcb2,0,0.05,27,81.53
pcb2,0,0.001,28,82.24
pcb2,0,0.0025,28,83.16
pcb2,0,0.005,28,82.18
pcb2,0,0.01,28,80.9
pcb2,0,0.02,28,80.84
pcb2,0,0.05,28,81.39
pcb2,0,0.001,29,81.79
pcb2,0,0.0025,29,82.8
pcb2,0,0.005,29,82.09
pcb2,0,0.01,29,80.81
pcb2,0,0.02,29,80.85
pcb2,0,0.05,29,81.44
pcb2,0,0.001,30,82.49
pcb2,0,0.0025,30,83.32
pcb2,0,0.005,30,82.39
pcb2,0,0.01,30,80.95
pcb2,0,0.02,30,81.06
pcb2,0,0.05,30,81.4
pcb2,0,0.001,31,82.34
pcb2,0,0.0025,31,83.25
pcb2,0,0.005,31,82.43
pcb2,0,0.01,31,81.03
pcb2,0,0.02,31,80.88
pcb2,0,0.05,31,81.45
pcb2,0,0.001,32,82.41
pcb2,0,0.0025,32,83.27
pcb2,0,0.005,32,82.45
pcb2,0,0.01,32,80.98
pcb2,0,0.02,32,80.93
pcb2,0,0.05,32,81.44
pcb2,0,0.001,33,82.23
pcb2,0,0.0025,33,83.12
pcb2,0,0.005,33,82.16
pcb2,0,0.01,33,80.88
pcb2,0,0.02,33,80.86
pcb2,0,0.05,33,81.4
pcb2,0,0.001,34,82.5
pcb2,0,0.0025,34,83.36
pcb2,0,0.005,34,82.46
pcb2,0,0.01,34,81.05
pcb2,0,0.02,34,80.84
pcb2,0,0.05,34,81.46
pcb2,0,0.001,35,82.51
pcb2,0,0.0025,35,83.3
pcb2,0,0.005,35,82.57
pcb2,0,0.01,35,81.13
pcb2,0,0.02,35,80.96
pcb2,0,0.05,35,81.55
pcb2,0,0.001,36,82.35
pcb2,0,0.0025,36,83.22
pcb2,0,0.005,36,82.38
pcb2,0,0.01,36,80.99
pcb2,0,0.02,36,81.03
pcb2,0,0.05,36,81.49
pcb2,0,0.001,37,82.47
pcb2,0,0.0025,37,83.34
pcb2,0,0.005,37,82.55
pcb2,0,0.01,37,81.13
pcb2,0,0.02,37,81.05
pcb2,0,0.05,37,81.58
pcb2,0,0.001,38,82.55
pcb2,0,0.0025,38,83.23
pcb2,0,0.005,38,82.35
pcb2,0,0.01,38,80.94
pcb2,0,0.02,38,80.99
pcb2,0,0.05,38,81.35
pcb2,0,0.001,39,82.45
pcb2,0,0.0025,39,83.3
pcb2,0,0.005,39,82.39
pcb2,0,0.01,39,81.01
pcb2,0,0.02,39,81.02
pcb2,0,0.05,39,81.45
pcb2,0,0.001,40,82.46
pcb2,0,0.0025,40,83.35
pcb2,0,0.005,40,82.5
pcb2,0,0.01,40,81.04
pcb2,0,0.02,40,80.97
pcb2,0,0.05,40,81.63
pcb2,0,0.001,41,81.57
pcb2,0,0.0025,41,82.68
pcb2,0,0.005,41,81.98
pcb2,0,0.01,41,80.78
pcb2,0,0.02,41,80.77
pcb2,0,0.05,41,81.34
pcb2,0,0.001,42,81.87
pcb2,0,0.0025,42,82.77
pcb2,0,0.005,42,81.95
pcb2,0,0.01,42,80.69
pcb2,0,0.02,42,80.65
pcb2,0,0.05,42,81.11
pcb2,0,0.001,43,82.49
pcb2,0,0.0025,43,83.34
pcb2,0,0.005,43,82.46
pcb2,0,0.01,43,81.13
pcb2,0,0.02,43,81.05
pcb2,0,0.05,43,81.72
pcb2,0,0.001,44,82.41
pcb2,0,0.0025,44,83.29
pcb2,0,0.005,44,82.45
pcb2,0,0.01,44,81.05
pcb2,0,0.02,44,80.91
pcb2,0,0.05,44,81.35
pcb2,0,0.001,45,82.37
pcb2,0,0.0025,45,83.11
pcb2,0,0.005,45,82.3
pcb2,0,0.01,45,80.93
pcb2,0,0.02,45,80.87
pcb2,0,0.05,45,81.38
pcb2,0,0.001,46,82.3
pcb2,0,0.0025,46,83.05
pcb2,0,0.005,46,82.22
pcb2,0,0.01,46,80.98
pcb2,0,0.02,46,80.93
pcb2,0,0.05,46,81.56
pcb2,0,0.001,47,82.56
pcb2,0,0.0025,47,83.39
pcb2,0,0.005,47,82.58
pcb2,0,0.01,47,81.06
pcb2,0,0.02,47,81.04
pcb2,0,0.05,47,81.63
pcb2,0,0.001,48,82.47
pcb2,0,0.0025,48,83.41
pcb2,0,0.005,48,82.56
pcb2,0,0.01,48,81.18
pcb2,0,0.02,48,81.15
pcb2,0,0.05,48,81.6
pcb2,0,0.001,49,82.47
pcb2,0,0.0025,49,83.25
pcb2,0,0.005,49,82.47
pcb2,0,0.01,49,81.05
pcb2,0,0.02,49,80.91
pcb2,0,0.05,49,81.57
pcb2,0,0.001,50,82.44
pcb2,0,0.0025,50,83.29
pcb2,0,0.005,50,82.45
pcb2,0,0.01,50,81.14
pcb2,0,0.02,50,81.13
pcb2,0,0.05,50,81.53
pcb2,0,0.001,51,82.44
pcb2,0,0.0025,51,83.3
pcb2,0,0.005,51,82.54
pcb2,0,0.01,51,81.15
pcb2,0,0.02,51,80.97
pcb2,0,0.05,51,81.51
pcb2,0,0.001,52,82.26
pcb2,0,0.0025,52,82.75
pcb2,0,0.005,52,82.08
pcb2,0,0.01,52,80.69
pcb2,0,0.02,52,80.71
pcb2,0,0.05,52,81.27
pcb2,0,0.001,53,82.45
pcb2,0,0.0025,53,83.2
pcb2,0,0.005,53,82.23
pcb2,0,0.01,53,80.78
pcb2,0,0.02,53,80.54
pcb2,0,0.05,53,81.4
pcb2,0,0.001,54,82.26
pcb2,0,0.0025,54,83.26
pcb2,0,0.005,54,82.51
pcb2,0,0.01,54,81.17
pcb2,0,0.02,54,81.06
pcb2,0,0.05,54,81.63
pcb2,0,0.001,55,81.98
pcb2,0,0.0025,55,82.98
pcb2,0,0.005,55,82.19
pcb2,0,0.01,55,80.89
pcb2,0,0.02,55,80.86
pcb2,0,0.05,55,81.5
pcb2,0,0.001,56,82.12
pcb2,0,0.0025,56,83.04
pcb2,0,0.005,56,82.28
pcb2,0,0.01,56,81.03
pcb2,0,0.02,56,80.99
pcb2,0,0.05,56,81.54
pcb2,0,0.001,57,82.48
pcb2,0,0.0025,57,83.3
pcb2,0,0.005,57,82.49
pcb2,0,0.01,57,81.01
pcb2,0,0.02,57,80.99
pcb2,0,0.05,57,81.38
pcb2,0,0.001,58,82.46
pcb2,0,0.0025,58,83.28
pcb2,0,0.005,58,82.41
pcb2,0,0.01,58,81.08
pcb2,0,0.02,58,80.96
pcb2,0,0.05,58,81.55
pcb2,0,0.001,59,82.57
pcb2,0,0.0025,59,83.3
pcb2,0,0.005,59,82.32
pcb2,0,0.01,59,80.78
pcb2,0,0.02,59,80.62
pcb2,0,0.05,59,81.34
pcb2,0,0.001,60,82.26
pcb2,0,0.0025,60,82.87
pcb2,0,0.005,60,82.23
pcb2,0,0.01,60,80.93
pcb2,0,0.02,60,80.84
pcb2,0,0.05,60,81.43
pcb2,0,0.001,61,82.46
pcb2,0,0.0025,61,83.3
pcb2,0,0.005,61,82.4
pcb2,0,0.01,61,81.0
pcb2,0,0.02,61,80.91
pcb2,0,0.05,61,81.41
pcb2,0,0.001,62,81.91
pcb2,0,0.0025,62,82.92
pcb2,0,0.005,62,82.06
pcb2,0,0.01,62,80.86
pcb2,0,0.02,62,80.86
pcb2,0,0.05,62,81.42
pcb2,0,0.001,63,82.53
pcb2,0,0.0025,63,83.26
pcb2,0,0.005,63,82.37
pcb2,0,0.01,63,81.06
pcb2,0,0.02,63,80.99
pcb2,0,0.05,63,81.5
pcb2,0,0.001,64,81.92
pcb2,0,0.0025,64,82.92
pcb2,0,0.005,64,82.07
pcb2,0,0.01,64,80.72
pcb2,0,0.02,64,80.69
pcb2,0,0.05,64,81.42
pcb2,0,0.001,65,81.99
pcb2,0,0.0025,65,82.98
pcb2,0,0.005,65,82.23
pcb2,0,0.01,65,80.88
pcb2,0,0.02,65,80.79
pcb2,0,0.05,65,81.53
pcb2,0,0.001,66,82.49
pcb2,0,0.0025,66,83.29
pcb2,0,0.005,66,82.49
pcb2,0,0.01,66,81.1
pcb2,0,0.02,66,80.99
pcb2,0,0.05,66,81.49
pcb2,0,0.001,67,82.43
pcb2,0,0.0025,67,83.24
pcb2,0,0.005,67,82.36
pcb2,0,0.01,67,80.99
pcb2,0,0.02,67,80.86
pcb2,0,0.05,67,81.51
pcb2,0,0.001,68,82.26
pcb2,0,0.0025,68,83.11
pcb2,0,0.005,68,82.08
pcb2,0,0.01,68,80.8
pcb2,0,0.02,68,80.82
pcb2,0,0.05,68,81.2
pcb2,0,0.001,69,81.97
pcb2,0,0.0025,69,82.91
pcb2,0,0.005,69,81.99
pcb2,0,0.01,69,80.63
pcb2,0,0.02,69,80.52
pcb2,0,0.05,69,81.03
pcb2,0,0.001,70,82.18
pcb2,0,0.0025,70,82.87
pcb2,0,0.005,70,81.87
pcb2,0,0.01,70,80.31
pcb2,0,0.02,70,80.22
pcb2,0,0.05,70,80.97
pcb2,0,0.001,71,82.49
pcb2,0,0.0025,71,83.36
pcb2,0,0.005,71,82.45
pcb2,0,0.01,71,81.11
pcb2,0,0.02,71,81.06
pcb2,0,0.05,71,81.55
pcb2,0,0.001,72,82.47
pcb2,0,0.0025,72,83.3
pcb2,0,0.005,72,82.43
pcb2,0,0.01,72,80.9
pcb2,0,0.02,72,80.91
pcb2,0,0.05,72,81.33
pcb2,0,0.001,73,82.51
pcb2,0,0.0025,73,83.35
pcb2,0,0.005,73,82.51
pcb2,0,0.01,73,81.11
pcb2,0,0.02,73,81.05
pcb2,0,0.05,73,81.5
pcb2,0,0.001,74,82.0
pcb2,0,0.0025,74,82.99
pcb2,0,0.005,74,82.2
pcb2,0,0.01,74,80.73
pcb2,0,0.02,74,80.54
pcb2,0,0.05,74,81.27
pcb2,0,0.001,75,82.47
pcb2,0,0.0025,75,83.21
pcb2,0,0.005,75,82.27
pcb2,0,0.01,75,80.81
pcb2,0,0.02,75,80.82
pcb2,0,0.05,75,81.32
pcb2,0,0.001,76,82.46
pcb2,0,0.0025,76,83.26
pcb2,0,0.005,76,82.42
pcb2,0,0.01,76,80.96
pcb2,0,0.02,76,80.93
pcb2,0,0.05,76,81.43
pcb2,0,0.001,77,82.49
pcb2,0,0.0025,77,83.31
pcb2,0,0.005,77,82.46
pcb2,0,0.01,77,81.08
pcb2,0,0.02,77,80.92
pcb2,0,0.05,77,81.49
pcb2,0,0.001,78,82.44
pcb2,0,0.0025,78,83.39
pcb2,0,0.005,78,82.56
pcb2,0,0.01,78,81.17
pcb2,0,0.02,78,81.05
pcb2,0,0.05,78,81.69
pcb2,0,0.001,79,82.52
pcb2,0,0.0025,79,83.34
pcb2,0,0.005,79,82.34
pcb2,0,0.01,79,81.0
pcb2,0,0.02,79,81.03
pcb2,0,0.05,79,81.6
pcb2,0,0.001,80,81.87
pcb2,0,0.0025,80,82.41
pcb2,0,0.005,80,81.55
pcb2,0,0.01,80,80.23
pcb2,0,0.02,80,80.38
pcb2,0,0.05,80,81.3
pcb2,0,0.001,81,82.47
pcb2,0,0.0025,81,83.35
pcb2,0,0.005,81,82.47
pcb2,0,0.01,81,81.13
pcb2,0,0.02,81,81.1
pcb2,0,0.05,81,81.49
pcb2,0,0.001,82,82.57
pcb2,0,0.0025,82,83.35
pcb2,0,0.005,82,82.38
pcb2,0,0.01,82,81.03
pcb2,0,0.02,82,80.85
pcb2,0,0.05,82,81.43
pcb2,0,0.001,83,82.21
pcb2,0,0.0025,83,83.18
pcb2,0,0.005,83,82.45
pcb2,0,0.01,83,81.07
pcb2,0,0.02,83,80.94
pcb2,0,0.05,83,81.37
pcb2,0,0.001,84,82.56
pcb2,0,0.0025,84,83.33
pcb2,0,0.005,84,82.46
pcb2,0,0.01,84,81.07
pcb2,0,0.02,84,81.05
pcb2,0,0.05,84,81.52
pcb2,0,0.001,85,82.5
pcb2,0,0.0025,85,83.33
pcb2,0,0.005,85,82.47
pcb2,0,0.01,85,81.09
pcb2,0,0.02,85,80.9
pcb2,0,0.05,85,81.48
pcb2,0,0.001,86,82.52
pcb2,0,0.0025,86,83.38
pcb2,0,0.005,86,82.45
pcb2,0,0.01,86,81.0
pcb2,0,0.02,86,80.85
pcb2,0,0.05,86,81.41
pcb2,0,0.001,87,81.71
pcb2,0,0.0025,87,82.82
pcb2,0,0.005,87,81.81
pcb2,0,0.01,87,80.59
pcb2,0,0.02,87,80.52
pcb2,0,0.05,87,81.15
pcb2,0,0.001,88,82.37
pcb2,0,0.0025,88,83.21
pcb2,0,0.005,88,82.28
pcb2,0,0.01,88,80.8
pcb2,0,0.02,88,80.65
pcb2,0,0.05,88,81.42
pcb2,0,0.001,89,82.57
pcb2,0,0.0025,89,83.37
pcb2,0,0.005,89,82.61
pcb2,0,0.01,89,81.15
pcb2,0,0.02,89,81.0
pcb2,0,0.05,89,81.49
pcb2,0,0.001,90,82.0
pcb2,0,0.0025,90,83.07
pcb2,0,0.005,90,82.32
pcb2,0,0.01,90,80.89
pcb2,0,0.02,90,80.84
pcb2,0,0.05,90,81.41
pcb2,0,0.001,91,81.38
pcb2,0,0.0025,91,82.33
pcb2,0,0.005,91,81.59
pcb2,0,0.01,91,80.24
pcb2,0,0.02,91,80.22
pcb2,0,0.05,91,80.77
pcb2,0,0.001,92,82.47
pcb2,0,0.0025,92,83.25
pcb2,0,0.005,92,82.33
pcb2,0,0.01,92,81.01
pcb2,0,0.02,92,81.08
pcb2,0,0.05,92,81.53
pcb2,0,0.001,93,82.53
pcb2,0,0.0025,93,83.33
pcb2,0,0.005,93,82.47
pcb2,0,0.01,93,81.03
pcb2,0,0.02,93,81.05
pcb2,0,0.05,93,81.46
pcb2,0,0.001,94,82.31
pcb2,0,0.0025,94,83.1
pcb2,0,0.005,94,82.11
pcb2,0,0.01,94,80.85
pcb2,0,0.02,94,80.98
pcb2,0,0.05,94,81.64
pcb2,0,0.001,95,82.42
pcb2,0,0.0025,95,83.22
pcb2,0,0.005,95,82.42
pcb2,0,0.01,95,80.98
pcb2,0,0.02,95,81.03
pcb2,0,0.05,95,81.49
pcb2,0,0.001,96,82.5
pcb2,0,0.0025,96,83.33
pcb2,0,0.005,96,82.36
pcb2,0,0.01,96,80.97
pcb2,0,0.02,96,80.83
pcb2,0,0.05,96,81.22
pcb2,0,0.001,97,82.44
pcb2,0,0.0025,97,83.25
pcb2,0,0.005,97,82.3
pcb2,0,0.01,97,80.76
pcb2,0,0.02,97,80.6
pcb2,0,0.05,97,81.2
pcb2,0,0.001,98,82.23
pcb2,0,0.0025,98,82.99
pcb2,0,0.005,98,81.92
pcb2,0,0.01,98,80.71
pcb2,0,0.02,98,80.54
pcb2,0,0.05,98,81.16
pcb2,0,0.001,99,82.16
pcb2,0,0.0025,99,83.11
pcb2,0,0.005,99,82.42
pcb2,0,0.01,99,81.18
pcb2,0,0.02,99,81.11
pcb2,0,0.05,99,81.52
pcb2,2,0.001,0,82.47
pcb2,2,0.0025,0,82.87
pcb2,2,0.005,0,82.12
pcb2,2,0.01,0,80.81
pcb2,2,0.02,0,80.71
pcb2,2,0.05,0,81.18
pcb2,2,0.001,1,80.3
pcb2,2,0.0025,1,81.02
pcb2,2,0.005,1,80.32
pcb2,2,0.01,1,79.22
pcb2,2,0.02,1,79.1
pcb2,2,0.05,1,80.06
pcb2,2,0.001,2,81.96
pcb2,2,0.0025,2,82.17
pcb2,2,0.005,2,81.5
pcb2,2,0.01,2,79.93
pcb2,2,0.02,2,79.59
pcb2,2,0.05,2,80.4
pcb2,2,0.001,3,81.97
pcb2,2,0.0025,3,82.94
pcb2,2,0.005,3,82.33
pcb2,2,0.01,3,81.08
pcb2,2,0.02,3,80.87
pcb2,2,0.05,3,81.72
pcb2,2,0.001,4,82.38
pcb2,2,0.0025,4,82.98
pcb2,2,0.005,4,82.37
pcb2,2,0.01,4,80.7
pcb2,2,0.02,4,80.72
pcb2,2,0.05,4,81.3
pcb2,2,0.001,5,81.08
pcb2,2,0.0025,5,81.94
pcb2,2,0.005,5,81.16
pcb2,2,0.01,5,79.7
pcb2,2,0.02,5,79.52
pcb2,2,0.05,5,80.01
pcb2,2,0.001,6,82.93
pcb2,2,0.0025,6,83.25
pcb2,2,0.005,6,82.15
pcb2,2,0.01,6,80.31
pcb2,2,0.02,6,80.16
pcb2,2,0.05,6,80.86
pcb2,2,0.001,7,82.63
pcb2,2,0.0025,7,83.17
pcb2,2,0.005,7,82.23
pcb2,2,0.01,7,80.83
pcb2,2,0.02,7,80.54
pcb2,2,0.05,7,80.78
pcb2,2,0.001,8,80.16
pcb2,2,0.0025,8,80.67
pcb2,2,0.005,8,80.18
pcb2,2,0.01,8,78.96
pcb2,2,0.02,8,78.75
pcb2,2,0.05,8,79.53
pcb2,2,0.001,9,82.29
pcb2,2,0.0025,9,83.05
pcb2,2,0.005,9,81.93
pcb2,2,0.01,9,80.28
pcb2,2,0.02,9,80.3
pcb2,2,0.05,9,80.32
pcb2,2,0.001,10,81.56
pcb2,2,0.0025,10,82.34
pcb2,2,0.005,10,82.08
pcb2,2,0.01,10,80.56
pcb2,2,0.02,10,80.3
pcb2,2,0.05,10,80.79
pcb2,2,0.001,11,82.44
pcb2,2,0.0025,11,83.23
pcb2,2,0.005,11,82.47
pcb2,2,0.01,11,80.97
pcb2,2,0.02,11,80.74
pcb2,2,0.05,11,81.29
pcb2,2,0.001,12,80.2
pcb2,2,0.0025,12,80.9
pcb2,2,0.005,12,80.21
pcb2,2,0.01,12,78.99
pcb2,2,0.02,12,78.75
pcb2,2,0.05,12,79.74
pcb2,2,0.001,13,81.79
pcb2,2,0.0025,13,82.52
pcb2,2,0.005,13,81.89
pcb2,2,0.01,13,80.32
pcb2,2,0.02,13,80.49
pcb2,2,0.05,13,81.04
pcb2,2,0.001,14,80.62
pcb2,2,0.0025,14,81.47
pcb2,2,0.005,14,80.43
pcb2,2,0.01,14,78.8
pcb2,2,0.02,14,78.97
pcb2,2,0.05,14,79.91
pcb2,2,0.001,15,81.25
pcb2,2,0.0025,15,81.97
pcb2,2,0.005,15,81.43
pcb2,2,0.01,15,80.26
pcb2,2,0.02,15,80.23
pcb2,2,0.05,15,80.94
pcb2,2,0.001,16,82.36
pcb2,2,0.0025,16,83.26
pcb2,2,0.005,16,82.63
pcb2,2,0.01,16,81.35
pcb2,2,0.02,16,80.77
pcb2,2,0.05,16,81.24
pcb2,2,0.001,17,82.12
pcb2,2,0.0025,17,82.53
pcb2,2,0.005,17,81.72
pcb2,2,0.01,17,80.54
pcb2,2,0.02,17,80.24
pcb2,2,0.05,17,81.16
pcb2,2,0.001,18,81.07
pcb2,2,0.0025,18,82.0
pcb2,2,0.005,18,81.65
pcb2,2,0.01,18,80.77
pcb2,2,0.02,18,80.44
pcb2,2,0.05,18,80.71
pcb2,2,0.001,19,82.34
pcb2,2,0.0025,19,82.7
pcb2,2,0.005,19,81.74
pcb2,2,0.01,19,80.35
pcb2,2,0.02,19,79.91
pcb2,2,0.05,19,80.75
pcb2,2,0.001,20,81.96
pcb2,2,0.0025,20,82.51
pcb2,2,0.005,20,81.37
pcb2,2,0.01,20,79.77
pcb2,2,0.02,20,79.89
pcb2,2,0.05,20,80.63
pcb2,2,0.001,21,81.99
pcb2,2,0.0025,21,83.09
pcb2,2,0.005,21,82.63
pcb2,2,0.01,21,81.4
pcb2,2,0.02,21,81.28
pcb2,2,0.05,21,81.39
pcb2,2,0.001,22,80.85
pcb2,2,0.0025,22,81.94
pcb2,2,0.005,22,81.11
pcb2,2,0.01,22,79.64
pcb2,2,0.02,22,79.64
pcb2,2,0.05,22,80.32
pcb2,2,0.001,23,81.68
pcb2,2,0.0025,23,82.02
pcb2,2,0.005,23,81.28
pcb2,2,0.01,23,79.99
pcb2,2,0.02,23,79.44
pcb2,2,0.05,23,80.42
pcb2,2,0.001,24,81.05
pcb2,2,0.0025,24,81.03
pcb2,2,0.005,24,80.42
pcb2,2,0.01,24,79.05
pcb2,2,0.02,24,78.97
pcb2,2,0.05,24,79.75
pcb2,2,0.001,25,82.63
pcb2,2,0.0025,25,83.35
pcb2,2,0.005,25,82.36
pcb2,2,0.01,25,80.77
pcb2,2,0.02,25,80.43
pcb2,2,0.05,25,80.87
pcb2,2,0.001,26,81.94
pcb2,2,0.0025,26,82.51
pcb2,2,0.005,26,81.52
pcb2,2,0.01,26,80.15
pcb2,2,0.02,26,79.85
pcb2,2,0.05,26,80.81
pcb2,2,0.001,27,81.64
pcb2,2,0.0025,27,82.59
pcb2,2,0.005,27,81.81
pcb2,2,0.01,27,80.74
pcb2,2,0.02,27,80.46
pcb2,2,0.05,27,80.66
pcb2,2,0.001,28,82.56
pcb2,2,0.0025,28,83.41
pcb2,2,0.005,28,82.73
pcb2,2,0.01,28,81.38
pcb2,2,0.02,28,81.27
pcb2,2,0.05,28,81.54
pcb2,2,0.001,29,81.57
pcb2,2,0.0025,29,82.27
pcb2,2,0.005,29,81.47
pcb2,2,0.01,29,80.25
pcb2,2,0.02,29,80.3
pcb2,2,0.05,29,81.12
pcb2,2,0.001,30,80.3
pcb2,2,0.0025,30,80.99
pcb2,2,0.005,30,80.29
pcb2,2,0.01,30,79.37
pcb2,2,0.02,30,79.34
pcb2,2,0.05,30,80.17
pcb2,2,0.001,31,81.39
pcb2,2,0.0025,31,81.65
pcb2,2,0.005,31,80.97
pcb2,2,0.01,31,79.82
pcb2,2,0.02,31,79.96
pcb2,2,0.05,31,80.57
pcb2,2,0.001,32,81.73
pcb2,2,0.0025,32,82.66
pcb2,2,0.005,32,82.14
pcb2,2,0.01,32,80.52
pcb2,2,0.02,32,80.39
pcb2,2,0.05,32,80.52
pcb2,2,0.001,33,80.51
pcb2,2,0.0025,33,80.76
pcb2,2,0.005,33,80.01
pcb2,2,0.01,33,78.86
pcb2,2,0.02,33,78.68
pcb2,2,0.05,33,79.05
pcb2,2,0.001,34,81.54
pcb2,2,0.0025,34,81.91
pcb2,2,0.005,34,81.12
pcb2,2,0.01,34,79.77
pcb2,2,0.02,34,79.89
pcb2,2,0.05,34,79.85
pcb2,2,0.001,35,81.92
pcb2,2,0.0025,35,82.7
pcb2,2,0.005,35,81.96
pcb2,2,0.01,35,80.91
pcb2,2,0.02,35,80.46
pcb2,2,0.05,35,81.28
pcb2,2,0.001,36,82.43
pcb2,2,0.0025,36,82.73
pcb2,2,0.005,36,81.7
pcb2,2,0.01,36,80.3
pcb2,2,0.02,36,79.9
pcb2,2,0.05,36,80.7
pcb2,2,0.001,37,81.65
pcb2,2,0.0025,37,81.83
pcb2,2,0.005,37,80.73
pcb2,2,0.01,37,79.31
pcb2,2,0.02,37,79.27
pcb2,2,0.05,37,80.28
pcb2,2,0.001,38,81.04
pcb2,2,0.0025,38,82.05
pcb2,2,0.005,38,81.4
pcb2,2,0.01,38,80.07
pcb2,2,0.02,38,80.23
pcb2,2,0.05,38,81.03
pcb2,2,0.001,39,81.34
pcb2,2,0.0025,39,81.93
pcb2,2,0.005,39,80.88
pcb2,2,0.01,39,79.93
pcb2,2,0.02,39,80.02
pcb2,2,0.05,39,80.96
pcb2,2,0.001,40,82.33
pcb2,2,0.0025,40,83.14
pcb2,2,0.005,40,82.21
pcb2,2,0.01,40,80.9
pcb2,2,0.02,40,80.74
pcb2,2,0.05,40,81.13
pcb2,2,0.001,41,80.96
pcb2,2,0.0025,41,81.82
pcb2,2,0.005,41,80.67
pcb2,2,0.01,41,79.33
pcb2,2,0.02,41,79.21
pcb2,2,0.05,41,80.04
pcb2,2,0.001,42,82.04
pcb2,2,0.0025,42,82.84
pcb2,2,0.005,42,82.32
pcb2,2,0.01,42,80.82
pcb2,2,0.02,42,80.67
pcb2,2,0.05,42,81.27
pcb2,2,0.001,43,81.83
pcb2,2,0.0025,43,81.74
pcb2,2,0.005,43,80.69
pcb2,2,0.01,43,79.34
pcb2,2,0.02,43,79.2
pcb2,2,0.05,43,79.98
pcb2,2,0.001,44,82.76
pcb2,2,0.0025,44,82.93
pcb2,2,0.005,44,82.09
pcb2,2,0.01,44,80.61
pcb2,2,0.02,44,80.34
pcb2,2,0.05,44,80.95
pcb2,2,0.001,45,81.04
pcb2,2,0.0025,45,81.83
pcb2,2,0.005,45,80.98
pcb2,2,0.01,45,80.05
pcb2,2,0.02,45,80.29
pcb2,2,0.05,45,80.68
pcb2,2,0.001,46,83.32
pcb2,2,0.0025,46,83.57
pcb2,2,0.005,46,82.18
pcb2,2,0.01,46,80.6
pcb2,2,0.02,46,80.58
pcb2,2,0.05,46,81.15
pcb2,2,0.001,47,82.08
pcb2,2,0.0025,47,82.51
pcb2,2,0.005,47,81.25
pcb2,2,0.01,47,79.9
pcb2,2,0.02,47,80.12
pcb2,2,0.05,47,80.48
pcb2,2,0.001,48,82.69
pcb2,2,0.0025,48,83.37
pcb2,2,0.005,48,82.85
pcb2,2,0.01,48,81.12
pcb2,2,0.02,48,80.68
pcb2,2,0.05,48,81.08
pcb2,2,0.001,49,81.19
pcb2,2,0.0025,49,81.62
pcb2,2,0.005,49,80.83
pcb2,2,0.01,49,79.79
pcb2,2,0.02,49,79.68
pcb2,2,0.05,49,80.42
pcb2,2,0.001,50,81.62
pcb2,2,0.0025,50,82.6
pcb2,2,0.005,50,81.56
pcb2,2,0.01,50,80.33
pcb2,2,0.02,50,79.92
pcb2,2,0.05,50,80.7
pcb2,2,0.001,51,81.32
pcb2,2,0.0025,51,82.16
pcb2,2,0.005,51,81.64
pcb2,2,0.01,51,80.11
pcb2,2,0.02,51,79.97
pcb2,2,0.05,51,80.16
pcb2,2,0.001,52,81.6
pcb2,2,0.0025,52,82.43
pcb2,2,0.005,52,81.26
pcb2,2,0.01,52,79.83
pcb2,2,0.02,52,79.66
pcb2,2,0.05,52,80.29
pcb2,2,0.001,53,80.41
pcb2,2,0.0025,53,80.83
pcb2,2,0.005,53,80.6
pcb2,2,0.01,53,79.75
pcb2,2,0.02,53,79.77
pcb2,2,0.05,53,80.49
pcb2,2,0.001,54,81.02
pcb2,2,0.0025,54,81.58
pcb2,2,0.005,54,80.7
pcb2,2,0.01,54,79.46
pcb2,2,0.02,54,79.33
pcb2,2,0.05,54,80.06
pcb2,2,0.001,55,82.91
pcb2,2,0.0025,55,83.5
pcb2,2,0.005,55,82.65
pcb2,2,0.01,55,81.09
pcb2,2,0.02,55,80.62
pcb2,2,0.05,55,81.31
pcb2,2,0.001,56,82.16
pcb2,2,0.0025,56,83.1
pcb2,2,0.005,56,82.52
pcb2,2,0.01,56,81.23
pcb2,2,0.02,56,80.8
pcb2,2,0.05,56,81.47
pcb2,2,0.001,57,80.85
pcb2,2,0.0025,57,80.89
pcb2,2,0.005,57,80.09
pcb2,2,0.01,57,78.66
pcb2,2,0.02,57,78.67
pcb2,2,0.05,57,80.02
pcb2,2,0.001,58,82.34
pcb2,2,0.0025,58,82.96
pcb2,2,0.005,58,82.0
pcb2,2,0.01,58,80.48
pcb2,2,0.02,58,80.3
pcb2,2,0.05,58,80.6
pcb2,2,0.001,59,82.07
pcb2,2,0.0025,59,83.12
pcb2,2,0.005,59,82.68
pcb2,2,0.01,59,81.12
pcb2,2,0.02,59,80.95
pcb2,2,0.05,59,81.46
pcb2,2,0.001,60,81.49
pcb2,2,0.0025,60,81.95
pcb2,2,0.005,60,81.1
pcb2,2,0.01,60,79.94
pcb2,2,0.02,60,79.63
pcb2,2,0.05,60,80.32
pcb2,2,0.001,61,82.26
pcb2,2,0.0025,61,82.84
pcb2,2,0.005,61,82.14
pcb2,2,0.01,61,80.68
pcb2,2,0.02,61,80.61
pcb2,2,0.05,61,81.23
pcb2,2,0.001,62,81.53
pcb2,2,0.0025,62,82.61
pcb2,2,0.005,62,81.8
pcb2,2,0.01,62,80.61
pcb2,2,0.02,62,80.59
pcb2,2,0.05,62,80.79
pcb2,2,0.001,63,81.52
pcb2,2,0.0025,63,81.71
pcb2,2,0.005,63,81.0
pcb2,2,0.01,63,79.31
pcb2,2,0.02,63,79.04
pcb2,2,0.05,63,79.51
pcb2,2,0.001,64,82.18
pcb2,2,0.0025,64,82.75
pcb2,2,0.005,64,81.9
pcb2,2,0.01,64,80.63
pcb2,2,0.02,64,80.58
pcb2,2,0.05,64,80.82
pcb2,2,0.001,65,82.19
pcb2,2,0.0025,65,82.88
pcb2,2,0.005,65,82.13
pcb2,2,0.01,65,80.78
pcb2,2,0.02,65,80.44
pcb2,2,0.05,65,80.93
pcb2,2,0.001,66,82.61
pcb2,2,0.0025,66,83.25
pcb2,2,0.005,66,82.26
pcb2,2,0.01,66,80.71
pcb2,2,0.02,66,80.05
pcb2,2,0.05,66,80.96
pcb2,2,0.001,67,82.37
pcb2,2,0.0025,67,83.05
pcb2,2,0.005,67,82.37
pcb2,2,0.01,67,81.12
pcb2,2,0.02,67,81.09
pcb2,2,0.05,67,81.79
pcb2,2,0.001,68,82.17
pcb2,2,0.0025,68,82.54
pcb2,2,0.005,68,81.68
pcb2,2,0.01,68,80.78
pcb2,2,0.02,68,80.6
pcb2,2,0.05,68,81.19
pcb2,2,0.001,69,81.84
pcb2,2,0.0025,69,82.38
pcb2,2,0.005,69,81.91
pcb2,2,0.01,69,80.47
pcb2,2,0.02,69,80.46
pcb2,2,0.05,69,81.06
pcb2,2,0.001,70,81.96
pcb2,2,0.0025,70,82.78
pcb2,2,0.005,70,81.94
pcb2,2,0.01,70,80.62
pcb2,2,0.02,70,80.24
pcb2,2,0.05,70,80.96
pcb2,2,0.001,71,82.4
pcb2,2,0.0025,71,83.04
pcb2,2,0.005,71,81.95
pcb2,2,0.01,71,80.3
pcb2,2,0.02,71,80.01
pcb2,2,0.05,71,80.82
pcb2,2,0.001,72,80.63
pcb2,2,0.0025,72,81.5
pcb2,2,0.005,72,80.75
pcb2,2,0.01,72,79.27
pcb2,2,0.02,72,78.88
pcb2,2,0.05,72,79.57
pcb2,2,0.001,73,82.31
pcb2,2,0.0025,73,82.73
pcb2,2,0.005,73,81.95
pcb2,2,0.01,73,80.57
pcb2,2,0.02,73,80.41
pcb2,2,0.05,73,81.03
pcb2,2,0.001,74,82.22
pcb2,2,0.0025,74,82.47
pcb2,2,0.005,74,81.54
pcb2,2,0.01,74,80.23
pcb2,2,0.02,74,80.44
pcb2,2,0.05,74,80.73
pcb2,2,0.001,75,82.34
pcb2,2,0.0025,75,82.57
pcb2,2,0.005,75,81.71
pcb2,2,0.01,75,80.2
pcb2,2,0.02,75,79.97
pcb2,2,0.05,75,80.49
pcb2,2,0.001,76,82.06
pcb2,2,0.0025,76,82.62
pcb2,2,0.005,76,82.07
pcb2,2,0.01,76,80.33
pcb2,2,0.02,76,80.25
pcb2,2,0.05,76,80.91
pcb2,2,0.001,77,82.45
pcb2,2,0.0025,77,83.35
pcb2,2,0.005,77,82.35
pcb2,2,0.01,77,80.8
pcb2,2,0.02,77,80.51
pcb2,2,0.05,77,81.17
pcb2,2,0.001,78,81.9
pcb2,2,0.0025,78,82.49
pcb2,2,0.005,78,81.55
pcb2,2,0.01,78,80.29
pcb2,2,0.02,78,80.39
pcb2,2,0.05,78,80.86
pcb2,2,0.001,79,81.65
pcb2,2,0.0025,79,81.88
pcb2,2,0.005,79,80.84
pcb2,2,0.01,79,79.92
pcb2,2,0.02,79,79.62
pcb2,2,0.05,79,80.59
pcb2,2,0.001,80,80.35
pcb2,2,0.0025,80,81.24
pcb2,2,0.005,80,80.82
pcb2,2,0.01,80,79.38
pcb2,2,0.02,80,79.31
pcb2,2,0.05,80,79.87
pcb2,2,0.001,81,81.57
pcb2,2,0.0025,81,81.99
pcb2,2,0.005,81,81.36
pcb2,2,0.01,81,80.03
pcb2,2,0.02,81,80.04
pcb2,2,0.05,81,80.62
pcb2,2,0.001,82,82.67
pcb2,2,0.0025,82,82.83
pcb2,2,0.005,82,82.33
pcb2,2,0.01,82,81.03
pcb2,2,0.02,82,80.88
pcb2,2,0.05,82,81.63
pcb2,2,0.001,83,82.27
pcb2,2,0.0025,83,82.32
pcb2,2,0.005,83,81.16
pcb2,2,0.01,83,79.19
pcb2,2,0.02,83,78.94
pcb2,2,0.05,83,79.69
pcb2,2,0.001,84,80.81
pcb2,2,0.0025,84,81.49
pcb2,2,0.005,84,81.03
pcb2,2,0.01,84,79.87
pcb2,2,0.02,84,79.95
pcb2,2,0.05,84,80.56
pcb2,2,0.001,85,82.05
pcb2,2,0.0025,85,82.56
pcb2,2,0.005,85,82.09
pcb2,2,0.01,85,81.03
pcb2,2,0.02,85,80.55
pcb2,2,0.05,85,80.98
pcb2,2,0.001,86,82.64
pcb2,2,0.0025,86,83.53
pcb2,2,0.005,86,82.79
pcb2,2,0.01,86,81.61
pcb2,2,0.02,86,81.45
pcb2,2,0.05,86,81.75
pcb2,2,0.001,87,81.38
pcb2,2,0.0025,87,82.33
pcb2,2,0.005,87,81.78
pcb2,2,0.01,87,80.25
pcb2,2,0.02,87,80.09
pcb2,2,0.05,87,80.61
pcb2,2,0.001,88,80.83
pcb2,2,0.0025,88,81.67
pcb2,2,0.005,88,80.89
pcb2,2,0.01,88,79.58
pcb2,2,0.02,88,79.51
pcb2,2,0.05,88,80.6
pcb2,2,0.001,89,81.34
pcb2,2,0.0025,89,82.46
pcb2,2,0.005,89,81.58
pcb2,2,0.01,89,80.53
pcb2,2,0.02,89,80.53
pcb2,2,0.05,89,81.07
pcb2,2,0.001,90,82.31
pcb2,2,0.0025,90,82.64
pcb2,2,0.005,90,81.44
pcb2,2,0.01,90,80.31
pcb2,2,0.02,90,80.0
pcb2,2,0.05,90,80.42
pcb2,2,0.001,91,80.53
pcb2,2,0.0025,91,81.42
pcb2,2,0.005,91,80.9
pcb2,2,0.01,91,79.94
pcb2,2,0.02,91,79.91
pcb2,2,0.05,91,80.32
pcb2,2,0.001,92,82.46
pcb2,2,0.0025,92,83.06
pcb2,2,0.005,92,82.16
pcb2,2,0.01,92,80.97
pcb2,2,0.02,92,80.92
pcb2,2,0.05,92,81.39
pcb2,2,0.001,93,81.86
pcb2,2,0.0025,93,82.75
pcb2,2,0.005,93,82.19
pcb2,2,0.01,93,80.64
pcb2,2,0.02,93,80.69
pcb2,2,0.05,93,81.31
pcb2,2,0.001,94,82.08
pcb2,2,0.0025,94,82.62
pcb2,2,0.005,94,81.75
pcb2,2,0.01,94,80.11
pcb2,2,0.02,94,80.05
pcb2,2,0.05,94,80.09
pcb2,2,0.001,95,81.59
pcb2,2,0.0025,95,82.33
pcb2,2,0.005,95,81.68
pcb2,2,0.01,95,80.66
pcb2,2,0.02,95,80.54
pcb2,2,0.05,95,81.2
pcb2,2,0.001,96,82.5
pcb2,2,0.0025,96,83.18
pcb2,2,0.005,96,82.12
pcb2,2,0.01,96,80.57
pcb2,2,0.02,96,80.23
pcb2,2,0.05,96,80.62
pcb2,2,0.001,97,80.29
pcb2,2,0.0025,97,80.23
pcb2,2,0.005,97,79.05
pcb2,2,0.01,97,78.2
pcb2,2,0.02,97,77.97
pcb2,2,0.05,97,78.76
pcb2,2,0.001,98,82.02
pcb2,2,0.0025,98,82.17
pcb2,2,0.005,98,81.13
pcb2,2,0.01,98,79.74
pcb2,2,0.02,98,79.58
pcb2,2,0.05,98,80.19
pcb2,2,0.001,99,81.76
pcb2,2,0.0025,99,82.27
pcb2,2,0.005,99,81.52
pcb2,2,0.01,99,80.0
pcb2,2,0.02,99,79.82
pcb2,2,0.05,99,80.38
pcb2,4,0.001,0,79.16
pcb2,4,0.0025,0,78.88
pcb2,4,0.005,0,77.92
pcb2,4,0.01,0,76.85
pcb2,4,0.02,0,76.76
pcb2,4,0.05,0,77.79
pcb2,4,0.001,1,77.76
pcb2,4,0.0025,1,78.14
pcb2,4,0.005,1,77.3
pcb2,4,0.01,1,76.87
pcb2,4,0.02,1,77.02
pcb2,4,0.05,1,78.34
pcb2,4,0.001,2,79.4
pcb2,4,0.0025,2,79.24
pcb2,4,0.005,2,78.43
pcb2,4,0.01,2,77.03
pcb2,4,0.02,2,77.2
pcb2,4,0.05,2,78.05
pcb2,4,0.001,3,80.14
pcb2,4,0.0025,3,80.2
pcb2,4,0.005,3,78.88
pcb2,4,0.01,3,77.82
pcb2,4,0.02,3,78.05
pcb2,4,0.05,3,79.17
pcb2,4,0.001,4,76.35
pcb2,4,0.0025,4,76.33
pcb2,4,0.005,4,76.23
pcb2,4,0.01,4,75.29
pcb2,4,0.02,4,75.75
pcb2,4,0.05,4,77.12
pcb2,4,0.001,5,80.15
pcb2,4,0.0025,5,79.99
pcb2,4,0.005,5,78.84
pcb2,4,0.01,5,77.97
pcb2,4,0.02,5,77.73
pcb2,4,0.05,5,78.94
pcb2,4,0.001,6,78.77
pcb2,4,0.0025,6,80.2
pcb2,4,0.005,6,79.86
pcb2,4,0.01,6,79.2
pcb2,4,0.02,6,79.17
pcb2,4,0.05,6,80.22
pcb2,4,0.001,7,80.74
pcb2,4,0.0025,7,80.64
pcb2,4,0.005,7,79.37
pcb2,4,0.01,7,78.16
pcb2,4,0.02,7,78.12
pcb2,4,0.05,7,78.74
pcb2,4,0.001,8,80.89
pcb2,4,0.0025,8,81.54
pcb2,4,0.005,8,80.41
pcb2,4,0.01,8,79.41
pcb2,4,0.02,8,79.3
pcb2,4,0.05,8,79.86
pcb2,4,0.001,9,80.94
pcb2,4,0.0025,9,80.44
pcb2,4,0.005,9,79.26
pcb2,4,0.01,9,77.45
pcb2,4,0.02,9,77.24
pcb2,4,0.05,9,78.05
pcb2,4,0.001,10,78.91
pcb2,4,0.0025,10,78.48
pcb2,4,0.005,10,77.18
pcb2,4,0.01,10,75.81
pcb2,4,0.02,10,75.72
pcb2,4,0.05,10,76.98
pcb2,4,0.001,11,80.22
pcb2,4,0.0025,11,80.52
pcb2,4,0.005,11,79.13
pcb2,4,0.01,11,78.13
pcb2,4,0.02,11,78.67
pcb2,4,0.05,11,79.92
pcb2,4,0.001,12,79.54
pcb2,4,0.0025,12,79.87
pcb2,4,0.005,12,78.96
pcb2,4,0.01,12,78.19
pcb2,4,0.02,12,77.9
pcb2,4,0.05,12,78.74
pcb2,4,0.001,13,79.61
pcb2,4,0.0025,13,79.37
pcb2,4,0.005,13,78.32
pcb2,4,0.01,13,77.0
pcb2,4,0.02,13,77.06
pcb2,4,0.05,13,77.86
pcb2,4,0.001,14,80.27
pcb2,4,0.0025,14,80.45
pcb2,4,0.005,14,79.19
pcb2,4,0.01,14,77.75
pcb2,4,0.02,14,78.12
pcb2,4,0.05,14,79.2
pcb2,4,0.001,15,77.86
pcb2,4,0.0025,15,77.95
pcb2,4,0.005,15,76.86
pcb2,4,0.01,15,75.61
pcb2,4,0.02,15,75.53
pcb2,4,0.05,15,76.7
pcb2,4,0.001,16,78.86
pcb2,4,0.0025,16,78.96
pcb2,4,0.005,16,77.49
pcb2,4,0.01,16,76.45
pcb2,4,0.02,16,76.6
pcb2,4,0.05,16,77.13
pcb2,4,0.001,17,77.44
pcb2,4,0.0025,17,77.36
pcb2,4,0.005,17,76.41
pcb2,4,0.01,17,75.61
pcb2,4,0.02,17,75.79
pcb2,4,0.05,17,76.89
pcb2,4,0.001,18,79.39
pcb2,4,0.0025,18,80.83
pcb2,4,0.005,18,80.29
pcb2,4,0.01,18,78.8
pcb2,4,0.02,18,78.29
pcb2,4,0.05,18,78.81
pcb2,4,0.001,19,80.33
pcb2,4,0.0025,19,81.0
pcb2,4,0.005,19,80.82
pcb2,4,0.01,19,80.06
pcb2,4,0.02,19,79.64
pcb2,4,0.05,19,79.63
pcb2,4,0.001,20,80.0
pcb2,4,0.0025,20,80.96
pcb2,4,0.005,20,79.99
pcb2,4,0.01,20,78.75
pcb2,4,0.02,20,78.44
pcb2,4,0.05,20,79.25
pcb2,4,0.001,21,79.67
pcb2,4,0.0025,21,79.85
pcb2,4,0.005,21,79.02
pcb2,4,0.01,21,78.46
pcb2,4,0.02,21,79.14
pcb2,4,0.05,21,79.97
pcb2,4,0.001,22,79.98
pcb2,4,0.0025,22,81.05
pcb2,4,0.005,22,80.42
pcb2,4,0.01,22,79.54
pcb2,4,0.02,22,79.92
pcb2,4,0.05,22,80.61
pcb2,4,0.001,23,79.55
pcb2,4,0.0025,23,79.18
pcb2,4,0.005,23,78.04
pcb2,4,0.01,23,76.85
pcb2,4,0.02,23,76.9
pcb2,4,0.05,23,78.3
pcb2,4,0.001,24,81.04
pcb2,4,0.0025,24,81.26
pcb2,4,0.005,24,80.06
pcb2,4,0.01,24,78.96
pcb2,4,0.02,24,78.86
pcb2,4,0.05,24,79.55
pcb2,4,0.001,25,80.08
pcb2,4,0.0025,25,80.36
pcb2,4,0.005,25,79.58
pcb2,4,0.01,25,78.74
pcb2,4,0.02,25,78.81
pcb2,4,0.05,25,79.69
pcb2,4,0.001,26,72.26
pcb2,4,0.0025,26,73.02
pcb2,4,0.005,26,72.62
pcb2,4,0.01,26,72.15
pcb2,4,0.02,26,72.87
pcb2,4,0.05,26,74.34
pcb2,4,0.001,27,80.28
pcb2,4,0.0025,27,80.46
pcb2,4,0.005,27,79.49
pcb2,4,0.01,27,78.28
pcb2,4,0.02,27,78.51
pcb2,4,0.05,27,79.21
pcb2,4,0.001,28,80.54
pcb2,4,0.0025,28,80.58
pcb2,4,0.005,28,79.46
pcb2,4,0.01,28,78.32
pcb2,4,0.02,28,78.07
pcb2,4,0.05,28,78.74
pcb2,4,0.001,29,78.32
pcb2,4,0.0025,29,77.6
pcb2,4,0.005,29,76.95
pcb2,4,0.01,29,76.49
pcb2,4,0.02,29,76.65
pcb2,4,0.05,29,77.91
pcb2,4,0.001,30,78.26
pcb2,4,0.0025,30,77.96
pcb2,4,0.005,30,77.33
pcb2,4,0.01,30,76.66
pcb2,4,0.02,30,77.22
pcb2,4,0.05,30,78.4
pcb2,4,0.001,31,78.79
pcb2,4,0.0025,31,78.03
pcb2,4,0.005,31,77.39
pcb2,4,0.01,31,76.25
pcb2,4,0.02,31,76.24
pcb2,4,0.05,31,76.97
pcb2,4,0.001,32,81.13
pcb2,4,0.0025,32,81.2
pcb2,4,0.005,32,80.1
pcb2,4,0.01,32,78.33
pcb2,4,0.02,32,78.19
pcb2,4,0.05,32,79.1
pcb2,4,0.001,33,80.53
pcb2,4,0.0025,33,79.72
pcb2,4,0.005,33,78.11
pcb2,4,0.01,33,76.64
pcb2,4,0.02,33,76.61
pcb2,4,0.05,33,77.9
pcb2,4,0.001,34,79.68
pcb2,4,0.0025,34,80.09
pcb2,4,0.005,34,79.01
pcb2,4,0.01,34,78.49
pcb2,4,0.02,34,78.25
pcb2,4,0.05,34,78.98
pcb2,4,0.001,35,80.79
pcb2,4,0.0025,35,80.89
pcb2,4,0.005,35,80.42
pcb2,4,0.01,35,79.28
pcb2,4,0.02,35,78.88
pcb2,4,0.05,35,79.21
pcb2,4,0.001,36,78.5
pcb2,4,0.0025,36,78.56
pcb2,4,0.005,36,78.01
pcb2,4,0.01,36,77.07
pcb2,4,0.02,36,77.02
pcb2,4,0.05,36,77.78
pcb2,4,0.001,37,79.32
pcb2,4,0.0025,37,80.01
pcb2,4,0.005,37,78.78
pcb2,4,0.01,37,77.62
pcb2,4,0.02,37,77.41
pcb2,4,0.05,37,77.86
pcb2,4,0.001,38,79.54
pcb2,4,0.0025,38,79.99
pcb2,4,0.005,38,78.12
pcb2,4,0.01,38,76.77
pcb2,4,0.02,38,77.16
pcb2,4,0.05,38,78.34
pcb2,4,0.001,39,78.66
pcb2,4,0.0025,39,78.92
pcb2,4,0.005,39,78.04
pcb2,4,0.01,39,76.99
pcb2,4,0.02,39,77.0
pcb2,4,0.05,39,77.03
pcb2,4,0.001,40,81.61
pcb2,4,0.0025,40,82.57
pcb2,4,0.005,40,82.01
pcb2,4,0.01,40,80.62
pcb2,4,0.02,40,80.34
pcb2,4,0.05,40,80.79
pcb2,4,0.001,41,78.13
pcb2,4,0.0025,41,78.34
pcb2,4,0.005,41,77.81
pcb2,4,0.01,41,77.25
pcb2,4,0.02,41,77.22
pcb2,4,0.05,41,77.85
pcb2,4,0.001,42,79.83
pcb2,4,0.0025,42,79.45
pcb2,4,0.005,42,78.63
pcb2,4,0.01,42,77.34
pcb2,4,0.02,42,77.56
pcb2,4,0.05,42,78.78
pcb2,4,0.001,43,79.21
pcb2,4,0.0025,43,80.32
pcb2,4,0.005,43,79.76
pcb2,4,0.01,43,78.87
pcb2,4,0.02,43,78.79
pcb2,4,0.05,43,79.36
pcb2,4,0.001,44,79.65
pcb2,4,0.0025,44,80.47
pcb2,4,0.005,44,79.55
pcb2,4,0.01,44,78.4
pcb2,4,0.02,44,78.14
pcb2,4,0.05,44,79.23
pcb2,4,0.001,45,76.54
pcb2,4,0.0025,45,77.72
pcb2,4,0.005,45,77.13
pcb2,4,0.01,45,76.05
pcb2,4,0.02,45,76.03
pcb2,4,0.05,45,76.72
pcb2,4,0.001,46,78.38
pcb2,4,0.0025,46,78.72
pcb2,4,0.005,46,78.1
pcb2,4,0.01,46,77.55
pcb2,4,0.02,46,77.7
pcb2,4,0.05,46,78.19
pcb2,4,0.001,47,78.77
pcb2,4,0.0025,47,78.38
pcb2,4,0.005,47,77.54
pcb2,4,0.01,47,76.75
pcb2,4,0.02,47,76.62
pcb2,4,0.05,47,77.26
pcb2,4,0.001,48,81.8
pcb2,4,0.0025,48,81.84
pcb2,4,0.005,48,81.05
pcb2,4,0.01,48,80.26
pcb2,4,0.02,48,79.94
pcb2,4,0.05,48,80.17
pcb2,4,0.001,49,79.33
pcb2,4,0.0025,49,79.39
pcb2,4,0.005,49,78.8
pcb2,4,0.01,49,77.98
pcb2,4,0.02,49,78.18
pcb2,4,0.05,49,78.96
pcb2,4,0.001,50,80.18
pcb2,4,0.0025,50,80.68
pcb2,4,0.005,50,79.97
pcb2,4,0.01,50,78.97
pcb2,4,0.02,50,79.05
pcb2,4,0.05,50,79.85
pcb2,4,0.001,51,78.62
pcb2,4,0.0025,51,79.94
pcb2,4,0.005,51,78.72
pcb2,4,0.01,51,77.8
pcb2,4,0.02,51,78.19
pcb2,4,0.05,51,79.27
pcb2,4,0.001,52,77.75
pcb2,4,0.0025,52,77.99
pcb2,4,0.005,52,77.54
pcb2,4,0.01,52,76.21
pcb2,4,0.02,52,76.15
pcb2,4,0.05,52,77.29
pcb2,4,0.001,53,78.86
pcb2,4,0.0025,53,78.81
pcb2,4,0.005,53,77.93
pcb2,4,0.01,53,77.08
pcb2,4,0.02,53,77.27
pcb2,4,0.05,53,78.21
pcb2,4,0.001,54,78.18
pcb2,4,0.0025,54,78.27
pcb2,4,0.005,54,77.23
pcb2,4,0.01,54,76.36
pcb2,4,0.02,54,76.57
pcb2,4,0.05,54,77.9
pcb2,4,0.001,55,79.98
pcb2,4,0.0025,55,79.79
pcb2,4,0.005,55,78.8
pcb2,4,0.01,55,78.03
pcb2,4,0.02,55,78.2
pcb2,4,0.05,55,79.31
pcb2,4,0.001,56,82.06
pcb2,4,0.0025,56,82.69
pcb2,4,0.005,56,81.32
pcb2,4,0.01,56,80.08
pcb2,4,0.02,56,79.71
pcb2,4,0.05,56,80.31
pcb2,4,0.001,57,79.42
pcb2,4,0.0025,57,80.0
pcb2,4,0.005,57,79.15
pcb2,4,0.01,57,78.21
pcb2,4,0.02,57,78.41
pcb2,4,0.05,57,79.51
pcb2,4,0.001,58,79.52
pcb2,4,0.0025,58,79.72
pcb2,4,0.005,58,79.27
pcb2,4,0.01,58,78.6
pcb2,4,0.02,58,79.19
pcb2,4,0.05,58,79.97
pcb2,4,0.001,59,78.27
pcb2,4,0.0025,59,78.6
pcb2,4,0.005,59,77.67
pcb2,4,0.01,59,77.15
pcb2,4,0.02,59,77.64
pcb2,4,0.05,59,78.88
pcb2,4,0.001,60,79.6
pcb2,4,0.0025,60,80.56
pcb2,4,0.005,60,79.56
pcb2,4,0.01,60,78.28
pcb2,4,0.02,60,78.89
pcb2,4,0.05,60,79.98
pcb2,4,0.001,61,80.12
pcb2,4,0.0025,61,80.55
pcb2,4,0.005,61,79.99
pcb2,4,0.01,61,79.11
pcb2,4,0.02,61,78.99
pcb2,4,0.05,61,79.13
pcb2,4,0.001,62,79.8
pcb2,4,0.0025,62,80.27
pcb2,4,0.005,62,79.34
pcb2,4,0.01,62,78.31
pcb2,4,0.02,62,77.63
pcb2,4,0.05,62,78.0
pcb2,4,0.001,63,80.3
pcb2,4,0.0025,63,80.59
pcb2,4,0.005,63,79.66
pcb2,4,0.01,63,78.84
pcb2,4,0.02,63,78.53
pcb2,4,0.05,63,79.0
pcb2,4,0.001,64,81.83
pcb2,4,0.0025,64,82.03
pcb2,4,0.005,64,80.74
pcb2,4,0.01,64,79.18
pcb2,4,0.02,64,78.78
pcb2,4,0.05,64,79.15
pcb2,4,0.001,65,80.71
pcb2,4,0.0025,65,80.81
pcb2,4,0.005,65,79.87
pcb2,4,0.01,65,78.53
pcb2,4,0.02,65,78.17
pcb2,4,0.05,65,79.13
pcb2,4,0.001,66,81.27
pcb2,4,0.0025,66,80.76
pcb2,4,0.005,66,79.34
pcb2,4,0.01,66,78.38
pcb2,4,0.02,66,78.26
pcb2,4,0.05,66,78.87
pcb2,4,0.001,67,80.1
pcb2,4,0.0025,67,80.75
pcb2,4,0.005,67,79.69
pcb2,4,0.01,67,78.92
pcb2,4,0.02,67,78.87
pcb2,4,0.05,67,80.03
pcb2,4,0.001,68,78.71
pcb2,4,0.0025,68,79.08
pcb2,4,0.005,68,78.18
pcb2,4,0.01,68,77.69
pcb2,4,0.02,68,77.59
pcb2,4,0.05,68,77.81
pcb2,4,0.001,69,77.48
pcb2,4,0.0025,69,77.13
pcb2,4,0.005,69,76.56
pcb2,4,0.01,69,75.39
pcb2,4,0.02,69,75.65
pcb2,4,0.05,69,76.35
pcb2,4,0.001,70,78.97
pcb2,4,0.0025,70,80.06
pcb2,4,0.005,70,79.54
pcb2,4,0.01,70,78.57
pcb2,4,0.02,70,78.88
pcb2,4,0.05,70,80.04
pcb2,4,0.001,71,79.73
pcb2,4,0.0025,71,79.68
pcb2,4,0.005,71,78.68
pcb2,4,0.01,71,78.05
pcb2,4,0.02,71,77.6
pcb2,4,0.05,71,78.06
pcb2,4,0.001,72,79.78
pcb2,4,0.0025,72,80.04
pcb2,4,0.005,72,79.22
pcb2,4,0.01,72,78.04
pcb2,4,0.02,72,78.4
pcb2,4,0.05,72,79.43
pcb2,4,0.001,73,81.19
pcb2,4,0.0025,73,81.57
pcb2,4,0.005,73,80.58
pcb2,4,0.01,73,79.63
pcb2,4,0.02,73,79.52
pcb2,4,0.05,73,79.97
pcb2,4,0.001,74,81.24
pcb2,4,0.0025,74,81.43
pcb2,4,0.005,74,80.2
pcb2,4,0.01,74,78.94
pcb2,4,0.02,74,78.73
pcb2,4,0.05,74,79.28
pcb2,4,0.001,75,80.5
pcb2,4,0.0025,75,80.01
pcb2,4,0.005,75,78.35
pcb2,4,0.01,75,76.98
pcb2,4,0.02,75,76.87
pcb2,4,0.05,75,77.63
pcb2,4,0.001,76,80.08
pcb2,4,0.0025,76,81.14
pcb2,4,0.005,76,80.56
pcb2,4,0.01,76,79.94
pcb2,4,0.02,76,80.08
pcb2,4,0.05,76,80.59
pcb2,4,0.001,77,79.39
pcb2,4,0.0025,77,79.62
pcb2,4,0.005,77,78.74
pcb2,4,0.01,77,77.49
pcb2,4,0.02,77,77.64
pcb2,4,0.05,77,78.51
pcb2,4,0.001,78,78.74
pcb2,4,0.0025,78,79.26
pcb2,4,0.005,78,79.22
pcb2,4,0.01,78,77.91
pcb2,4,0.02,78,77.65
pcb2,4,0.05,78,79.06
pcb2,4,0.001,79,81.1
pcb2,4,0.0025,79,80.8
pcb2,4,0.005,79,79.75
pcb2,4,0.01,79,78.45
pcb2,4,0.02,79,78.25
pcb2,4,0.05,79,78.87
pcb2,4,0.001,80,81.75
pcb2,4,0.0025,80,81.95
pcb2,4,0.005,80,80.13
pcb2,4,0.01,80,78.59
pcb2,4,0.02,80,78.52
pcb2,4,0.05,80,79.56
pcb2,4,0.001,81,78.54
pcb2,4,0.0025,81,78.87
pcb2,4,0.005,81,78.16
pcb2,4,0.01,81,76.86
pcb2,4,0.02,81,76.5
pcb2,4,0.05,81,77.65
pcb2,4,0.001,82,80.12
pcb2,4,0.0025,82,80.62
pcb2,4,0.005,82,79.73
pcb2,4,0.01,82,78.33
pcb2,4,0.02,82,78.27
pcb2,4,0.05,82,79.12
pcb2,4,0.001,83,77.25
pcb2,4,0.0025,83,77.87
pcb2,4,0.005,83,77.31
pcb2,4,0.01,83,76.19
pcb2,4,0.02,83,76.4
pcb2,4,0.05,83,77.01
pcb2,8,0.001,0,68.04
pcb2,8,0.0025,0,68.22
pcb2,8,0.005,0,68.01
pcb2,8,0.01,0,67.9
pcb2,8,0.02,0,68.5
pcb2,8,0.05,0,70.44
pcb2,8,0.001,1,71.38
pcb2,8,0.0025,1,71.52
pcb2,8,0.005,1,70.69
pcb2,8,0.01,1,70.86
pcb2,8,0.02,1,70.98
pcb2,8,0.05,1,72.44
pcb2,8,0.001,2,69.67
pcb2,8,0.0025,2,69.58
pcb2,8,0.005,2,69.75
pcb2,8,0.01,2,69.89
pcb2,8,0.02,2,70.64
pcb2,8,0.05,2,70.95
pcb2,8,0.001,3,71.03
pcb2,8,0.0025,3,70.35
pcb2,8,0.005,3,69.78
pcb2,8,0.01,3,69.34
pcb2,8,0.02,3,70.25
pcb2,8,0.05,3,72.71
pcb2,8,0.001,4,70.22
pcb2,8,0.0025,4,70.12
pcb2,8,0.005,4,69.49
pcb2,8,0.01,4,69.97
pcb2,8,0.02,4,71.21
pcb2,8,0.05,4,72.69
pcb2,8,0.001,5,67.55
pcb2,8,0.0025,5,67.62
pcb2,8,0.005,5,67.3
pcb2,8,0.01,5,68.15
pcb2,8,0.02,5,69.51
pcb2,8,0.05,5,72.08
pcb2,8,0.001,6,71.26
pcb2,8,0.0025,6,71.65
pcb2,8,0.005,6,70.76
pcb2,8,0.01,6,70.32
pcb2,8,0.02,6,70.55
pcb2,8,0.05,6,71.59
pcb2,8,0.001,7,71.6
pcb2,8,0.0025,7,71.18
pcb2,8,0.005,7,70.52
pcb2,8,0.01,7,70.27
pcb2,8,0.02,7,70.77
pcb2,8,0.05,7,72.75
pcb2,16,0.001,0,61.166666666666664
pcb2,16,0.0025,0,61.166666666666664
pcb2,16,0.005,0,61.229166666666664
pcb2,16,0.01,0,61.125
pcb2,16,0.02,0,62.614583333333336
pcb2,16,0.05,0,64.36458333333333
chewinggum,0,0.001,0,96.9795918367347
chewinggum,0,0.0025,0,97.3265306122449
chewinggum,0,0.005,0,97.51020408163265
chewinggum,0,0.01,0,97.26530612244898
chewinggum,0,0.02,0,97.0204081632653
chewinggum,0,0.05,0,96.87755102040816
chewinggum,0,0.001,1,97.0
chewinggum,0,0.0025,1,97.3265306122449
chewinggum,0,0.005,1,97.51020408163265
chewinggum,0,0.01,1,97.26530612244898
chewinggum,0,0.02,1,97.06122448979592
chewinggum,0,0.05,1,96.87755102040816
chewinggum,0,0.001,2,96.95918367346938
chewinggum,0,0.0025,2,97.3061224489796
chewinggum,0,0.005,2,97.48979591836735
chewinggum,0,0.01,2,97.24489795918367
chewinggum,0,0.02,2,97.0
chewinggum,0,0.05,2,96.83673469387755
chewinggum,0,0.001,3,96.9795918367347
chewinggum,0,0.0025,3,97.28571428571429
chewinggum,0,0.005,3,97.48979591836735
chewinggum,0,0.01,3,97.16326530612245
chewinggum,0,0.02,3,97.04081632653062
chewinggum,0,0.05,3,96.87755102040816
chewinggum,0,0.001,4,96.9795918367347
chewinggum,0,0.0025,4,97.3061224489796
chewinggum,0,0.005,4,97.3061224489796
chewinggum,0,0.01,4,97.12244897959184
chewinggum,0,0.02,4,97.0204081632653
chewinggum,0,0.05,4,96.83673469387755
chewinggum,0,0.001,5,96.95918367346938
chewinggum,0,0.0025,5,97.34693877551021
chewinggum,0,0.005,5,97.51020408163265
chewinggum,0,0.01,5,97.24489795918367
chewinggum,0,0.02,5,97.04081632653062
chewinggum,0,0.05,5,96.89795918367346
chewinggum,0,0.001,6,96.93877551020408
chewinggum,0,0.0025,6,97.3061224489796
chewinggum,0,0.005,6,97.51020408163265
chewinggum,0,0.01,6,97.24489795918367
chewinggum,0,0.02,6,97.0
chewinggum,0,0.05,6,96.87755102040816
chewinggum,0,0.001,7,97.0
chewinggum,0,0.0025,7,97.3265306122449
chewinggum,0,0.005,7,97.53061224489795
chewinggum,0,0.01,7,97.24489795918367
chewinggum,0,0.02,7,97.04081632653062
chewinggum,0,0.05,7,96.89795918367346
chewinggum,0,0.001,8,96.9795918367347
chewinggum,0,0.0025,8,97.34693877551021
chewinggum,0,0.005,8,97.51020408163265
chewinggum,0,0.01,8,97.24489795918367
chewinggum,0,0.02,8,97.0204081632653
chewinggum,0,0.05,8,96.85714285714286
chewinggum,0,0.001,9,96.9795918367347
chewinggum,0,0.0025,9,97.3265306122449
chewinggum,0,0.005,9,97.51020408163265
chewinggum,0,0.01,9,97.26530612244898
chewinggum,0,0.02,9,97.0204081632653
chewinggum,0,0.05,9,96.87755102040816
chewinggum,0,0.001,10,96.9795918367347
chewinggum,0,0.0025,10,97.34693877551021
chewinggum,0,0.005,10,97.51020408163265
chewinggum,0,0.01,10,97.26530612244898
chewinggum,0,0.02,10,97.06122448979592
chewinggum,0,0.05,10,96.89795918367346
chewinggum,0,0.001,11,96.9795918367347
chewinggum,0,0.0025,11,97.3265306122449
chewinggum,0,0.005,11,97.51020408163265
chewinggum,0,0.01,11,97.26530612244898
chewinggum,0,0.02,11,97.04081632653062
chewinggum,0,0.05,11,96.87755102040816
chewinggum,0,0.001,12,97.0
chewinggum,0,0.0025,12,97.3265306122449
chewinggum,0,0.005,12,97.55102040816327
chewinggum,0,0.01,12,97.28571428571429
chewinggum,0,0.02,12,97.04081632653062
chewinggum,0,0.05,12,96.89795918367346
chewinggum,0,0.001,13,96.95918367346938
chewinggum,0,0.0025,13,97.34693877551021
chewinggum,0,0.005,13,97.48979591836735
chewinggum,0,0.01,13,97.22448979591837
chewinggum,0,0.02,13,97.0204081632653
chewinggum,0,0.05,13,96.87755102040816
chewinggum,0,0.001,14,96.93877551020408
chewinggum,0,0.0025,14,97.3061224489796
chewinggum,0,0.005,14,97.48979591836735
chewinggum,0,0.01,14,97.24489795918367
chewinggum,0,0.02,14,97.0204081632653
chewinggum,0,0.05,14,96.85714285714286
chewinggum,0,0.001,15,96.9795918367347
chewinggum,0,0.0025,15,97.3265306122449
chewinggum,0,0.005,15,97.51020408163265
chewinggum,0,0.01,15,97.24489795918367
chewinggum,0,0.02,15,97.04081632653062
chewinggum,0,0.05,15,96.85714285714286
chewinggum,0,0.001,16,96.95918367346938
chewinggum,0,0.0025,16,97.3061224489796
chewinggum,0,0.005,16,97.51020408163265
chewinggum,0,0.01,16,97.24489795918367
chewinggum,0,0.02,16,97.06122448979592
chewinggum,0,0.05,16,96.87755102040816
chewinggum,0,0.001,17,96.9795918367347
chewinggum,0,0.0025,17,97.34693877551021
chewinggum,0,0.005,17,97.51020408163265
chewinggum,0,0.01,17,97.24489795918367
chewinggum,0,0.02,17,97.04081632653062
chewinggum,0,0.05,17,96.89795918367346
chewinggum,0,0.001,18,96.9795918367347
chewinggum,0,0.0025,18,97.3061224489796
chewinggum,0,0.005,18,97.46938775510205
chewinggum,0,0.01,18,97.20408163265306
chewinggum,0,0.02,18,97.0
chewinggum,0,0.05,18,96.87755102040816
chewinggum,0,0.001,19,96.9795918367347
chewinggum,0,0.0025,19,97.34693877551021
chewinggum,0,0.005,19,97.51020408163265
chewinggum,0,0.01,19,97.24489795918367
chewinggum,0,0.02,19,97.0204081632653
chewinggum,0,0.05,19,96.87755102040816
chewinggum,0,0.001,20,96.9795918367347
chewinggum,0,0.0025,20,97.3265306122449
chewinggum,0,0.005,20,97.53061224489795
chewinggum,0,0.01,20,97.24489795918367
chewinggum,0,0.02,20,97.0204081632653
chewinggum,0,0.05,20,96.93877551020408
chewinggum,0,0.001,21,96.95918367346938
chewinggum,0,0.0025,21,97.3265306122449
chewinggum,0,0.005,21,97.55102040816327
chewinggum,0,0.01,21,97.24489795918367
chewinggum,0,0.02,21,97.0204081632653
chewinggum,0,0.05,21,96.87755102040816
chewinggum,0,0.001,22,96.95918367346938
chewinggum,0,0.0025,22,97.3265306122449
chewinggum,0,0.005,22,97.48979591836735
chewinggum,0,0.01,22,97.24489795918367
chewinggum,0,0.02,22,97.0204081632653
chewinggum,0,0.05,22,96.85714285714286
chewinggum,0,0.001,23,96.9795918367347
chewinggum,0,0.0025,23,97.3265306122449
chewinggum,0,0.005,23,97.51020408163265
chewinggum,0,0.01,23,97.24489795918367
chewinggum,0,0.02,23,97.0204081632653
chewinggum,0,0.05,23,96.87755102040816
chewinggum,0,0.001,24,96.9795918367347
chewinggum,0,0.0025,24,97.3265306122449
chewinggum,0,0.005,24,97.51020408163265
chewinggum,0,0.01,24,97.24489795918367
chewinggum,0,0.02,24,97.0204081632653
chewinggum,0,0.05,24,96.87755102040816
chewinggum,0,0.001,25,96.9795918367347
chewinggum,0,0.0025,25,97.3265306122449
chewinggum,0,0.005,25,97.48979591836735
chewinggum,0,0.01,25,97.24489795918367
chewinggum,0,0.02,25,97.0204081632653
chewinggum,0,0.05,25,96.85714285714286
chewinggum,0,0.001,26,96.9795918367347
chewinggum,0,0.0025,26,97.3265306122449
chewinggum,0,0.005,26,97.48979591836735
chewinggum,0,0.01,26,97.22448979591837
chewinggum,0,0.02,26,96.93877551020408
chewinggum,0,0.05,26,96.85714285714286
chewinggum,0,0.001,27,97.0204081632653
chewinggum,0,0.0025,27,97.38775510204081
chewinggum,0,0.005,27,97.53061224489795
chewinggum,0,0.01,27,97.24489795918367
chewinggum,0,0.02,27,97.04081632653062
chewinggum,0,0.05,27,96.87755102040816
chewinggum,0,0.001,28,96.95918367346938
chewinggum,0,0.0025,28,97.28571428571429
chewinggum,0,0.005,28,97.51020408163265
chewinggum,0,0.01,28,97.24489795918367
chewinggum,0,0.02,28,97.06122448979592
chewinggum,0,0.05,28,96.87755102040816
chewinggum,0,0.001,29,97.04081632653062
chewinggum,0,0.0025,29,97.36734693877551
chewinggum,0,0.005,29,97.51020408163265
chewinggum,0,0.01,29,97.24489795918367
chewinggum,0,0.02,29,97.04081632653062
chewinggum,0,0.05,29,96.89795918367346
chewinggum,0,0.001,30,97.0
chewinggum,0,0.0025,30,97.3265306122449
chewinggum,0,0.005,30,97.53061224489795
chewinggum,0,0.01,30,97.26530612244898
chewinggum,0,0.02,30,97.08163265306122
chewinggum,0,0.05,30,96.89795918367346
chewinggum,0,0.001,31,96.93877551020408
chewinggum,0,0.0025,31,97.34693877551021
chewinggum,0,0.005,31,97.48979591836735
chewinggum,0,0.01,31,97.26530612244898
chewinggum,0,0.02,31,97.04081632653062
chewinggum,0,0.05,31,96.87755102040816
chewinggum,0,0.001,32,97.0
chewinggum,0,0.0025,32,97.3265306122449
chewinggum,0,0.005,32,97.51020408163265
chewinggum,0,0.01,32,97.26530612244898
chewinggum,0,0.02,32,97.06122448979592
chewinggum,0,0.05,32,96.87755102040816
chewinggum,0,0.001,33,96.91836734693878
chewinggum,0,0.0025,33,97.3061224489796
chewinggum,0,0.005,33,97.48979591836735
chewinggum,0,0.01,33,97.24489795918367
chewinggum,0,0.02,33,97.04081632653062
chewinggum,0,0.05,33,96.85714285714286
chewinggum,0,0.001,34,96.61224489795919
chewinggum,0,0.0025,34,97.12244897959184
chewinggum,0,0.005,34,97.20408163265306
chewinggum,0,0.01,34,97.04081632653062
chewinggum,0,0.02,34,96.93877551020408
chewinggum,0,0.05,34,96.83673469387755
chewinggum,0,0.001,35,96.93877551020408
chewinggum,0,0.0025,35,97.3061224489796
chewinggum,0,0.005,35,97.51020408163265
chewinggum,0,0.01,35,97.22448979591837
chewinggum,0,0.02,35,97.04081632653062
chewinggum,0,0.05,35,96.89795918367346
chewinggum,0,0.001,36,97.04081632653062
chewinggum,0,0.0025,36,97.34693877551021
chewinggum,0,0.005,36,97.51020408163265
chewinggum,0,0.01,36,97.24489795918367
chewinggum,0,0.02,36,97.0204081632653
chewinggum,0,0.05,36,96.87755102040816
chewinggum,0,0.001,37,96.95918367346938
chewinggum,0,0.0025,37,97.3265306122449
chewinggum,0,0.005,37,97.53061224489795
chewinggum,0,0.01,37,97.26530612244898
chewinggum,0,0.02,37,97.04081632653062
chewinggum,0,0.05,37,96.87755102040816
chewinggum,0,0.001,38,97.0
chewinggum,0,0.0025,38,97.34693877551021
chewinggum,0,0.005,38,97.51020408163265
chewinggum,0,0.01,38,97.26530612244898
chewinggum,0,0.02,38,97.04081632653062
chewinggum,0,0.05,38,96.87755102040816
chewinggum,0,0.001,39,97.0
chewinggum,0,0.0025,39,97.38775510204081
chewinggum,0,0.005,39,97.51020408163265
chewinggum,0,0.01,39,97.26530612244898
chewinggum,0,0.02,39,97.08163265306122
chewinggum,0,0.05,39,96.91836734693878
chewinggum,0,0.001,40,97.0
chewinggum,0,0.0025,40,97.36734693877551
chewinggum,0,0.005,40,97.55102040816327
chewinggum,0,0.01,40,97.24489795918367
chewinggum,0,0.02,40,97.04081632653062
chewinggum,0,0.05,40,96.85714285714286
chewinggum,0,0.001,41,96.9795918367347
chewinggum,0,0.0025,41,97.3265306122449
chewinggum,0,0.005,41,97.48979591836735
chewinggum,0,0.01,41,97.24489795918367
chewinggum,0,0.02,41,97.06122448979592
chewinggum,0,0.05,41,96.89795918367346
chewinggum,0,0.001,42,97.0
chewinggum,0,0.0025,42,97.34693877551021
chewinggum,0,0.005,42,97.51020408163265
chewinggum,0,0.01,42,97.24489795918367
chewinggum,0,0.02,42,97.06122448979592
chewinggum,0,0.05,42,96.89795918367346
chewinggum,0,0.001,43,97.0
chewinggum,0,0.0025,43,97.34693877551021
chewinggum,0,0.005,43,97.53061224489795
chewinggum,0,0.01,43,97.26530612244898
chewinggum,0,0.02,43,97.04081632653062
chewinggum,0,0.05,43,96.87755102040816
chewinggum,0,0.001,44,96.9795918367347
chewinggum,0,0.0025,44,97.3265306122449
chewinggum,0,0.005,44,97.51020408163265
chewinggum,0,0.01,44,97.24489795918367
chewinggum,0,0.02,44,97.0204081632653
chewinggum,0,0.05,44,96.85714285714286
chewinggum,0,0.001,45,96.9795918367347
chewinggum,0,0.0025,45,97.3265306122449
chewinggum,0,0.005,45,97.3061224489796
chewinggum,0,0.01,45,97.12244897959184
chewinggum,0,0.02,45,96.9795918367347
chewinggum,0,0.05,45,96.83673469387755
chewinggum,0,0.001,46,96.93877551020408
chewinggum,0,0.0025,46,97.28571428571429
chewinggum,0,0.005,46,97.26530612244898
chewinggum,0,0.01,46,97.14285714285714
chewinggum,0,0.02,46,97.04081632653062
chewinggum,0,0.05,46,96.83673469387755
chewinggum,0,0.001,47,96.9795918367347
chewinggum,0,0.0025,47,97.3265306122449
chewinggum,0,0.005,47,97.51020408163265
chewinggum,0,0.01,47,97.26530612244898
chewinggum,0,0.02,47,97.04081632653062
chewinggum,0,0.05,47,96.87755102040816
chewinggum,0,0.001,48,96.9795918367347
chewinggum,0,0.0025,48,97.34693877551021
chewinggum,0,0.005,48,97.51020408163265
chewinggum,0,0.01,48,97.24489795918367
chewinggum,0,0.02,48,97.0204081632653
chewinggum,0,0.05,48,96.87755102040816
chewinggum,0,0.001,49,96.93877551020408
chewinggum,0,0.0025,49,97.3061224489796
chewinggum,0,0.005,49,97.36734693877551
chewinggum,0,0.01,49,97.18367346938776
chewinggum,0,0.02,49,96.9795918367347
chewinggum,0,0.05,49,96.83673469387755
chewinggum,0,0.001,50,96.9795918367347
chewinggum,0,0.0025,50,97.26530612244898
chewinggum,0,0.005,50,97.48979591836735
chewinggum,0,0.01,50,97.28571428571429
chewinggum,0,0.02,50,97.06122448979592
chewinggum,0,0.05,50,96.89795918367346
chewinggum,0,0.001,51,96.9795918367347
chewinggum,0,0.0025,51,97.3265306122449
chewinggum,0,0.005,51,97.55102040816327
chewinggum,0,0.01,51,97.20408163265306
chewinggum,0,0.02,51,96.9795918367347
chewinggum,0,0.05,51,96.87755102040816
chewinggum,0,0.001,52,96.9795918367347
chewinggum,0,0.0025,52,97.3265306122449
chewinggum,0,0.005,52,97.51020408163265
chewinggum,0,0.01,52,97.28571428571429
chewinggum,0,0.02,52,97.0204081632653
chewinggum,0,0.05,52,96.89795918367346
chewinggum,0,0.001,53,96.9795918367347
chewinggum,0,0.0025,53,97.3265306122449
chewinggum,0,0.005,53,97.51020408163265
chewinggum,0,0.01,53,97.24489795918367
chewinggum,0,0.02,53,97.0204081632653
chewinggum,0,0.05,53,96.91836734693878
chewinggum,0,0.001,54,96.9795918367347
chewinggum,0,0.0025,54,97.34693877551021
chewinggum,0,0.005,54,97.48979591836735
chewinggum,0,0.01,54,97.24489795918367
chewinggum,0,0.02,54,97.0204081632653
chewinggum,0,0.05,54,96.89795918367346
chewinggum,0,0.001,55,97.0
chewinggum,0,0.0025,55,97.36734693877551
chewinggum,0,0.005,55,97.53061224489795
chewinggum,0,0.01,55,97.26530612244898
chewinggum,0,0.02,55,97.04081632653062
chewinggum,0,0.05,55,96.89795918367346
chewinggum,0,0.001,56,97.0
chewinggum,0,0.0025,56,97.3265306122449
chewinggum,0,0.005,56,97.51020408163265
chewinggum,0,0.01,56,97.26530612244898
chewinggum,0,0.02,56,97.12244897959184
chewinggum,0,0.05,56,96.89795918367346
chewinggum,0,0.001,57,96.9795918367347
chewinggum,0,0.0025,57,97.3265306122449
chewinggum,0,0.005,57,97.48979591836735
chewinggum,0,0.01,57,97.22448979591837
chewinggum,0,0.02,57,97.04081632653062
chewinggum,0,0.05,57,96.85714285714286
chewinggum,0,0.001,58,96.9795918367347
chewinggum,0,0.0025,58,97.34693877551021
chewinggum,0,0.005,58,97.51020408163265
chewinggum,0,0.01,58,97.22448979591837
chewinggum,0,0.02,58,97.0204081632653
chewinggum,0,0.05,58,96.85714285714286
chewinggum,0,0.001,59,96.9795918367347
chewinggum,0,0.0025,59,97.3265306122449
chewinggum,0,0.005,59,97.51020408163265
chewinggum,0,0.01,59,97.24489795918367
chewinggum,0,0.02,59,97.04081632653062
chewinggum,0,0.05,59,96.87755102040816
chewinggum,0,0.001,60,96.9795918367347
chewinggum,0,0.0025,60,97.3265306122449
chewinggum,0,0.005,60,97.51020408163265
chewinggum,0,0.01,60,97.3061224489796
chewinggum,0,0.02,60,97.08163265306122
chewinggum,0,0.05,60,96.87755102040816
chewinggum,0,0.001,61,96.9795918367347
chewinggum,0,0.0025,61,97.36734693877551
chewinggum,0,0.005,61,97.53061224489795
chewinggum,0,0.01,61,97.26530612244898
chewinggum,0,0.02,61,97.04081632653062
chewinggum,0,0.05,61,96.89795918367346
chewinggum,0,0.001,62,96.9795918367347
chewinggum,0,0.0025,62,97.34693877551021
chewinggum,0,0.005,62,97.51020408163265
chewinggum,0,0.01,62,97.3061224489796
chewinggum,0,0.02,62,97.08163265306122
chewinggum,0,0.05,62,96.89795918367346
chewinggum,0,0.001,63,96.93877551020408
chewinggum,0,0.0025,63,97.26530612244898
chewinggum,0,0.005,63,97.14285714285714
chewinggum,0,0.01,63,97.0
chewinggum,0,0.02,63,96.91836734693878
chewinggum,0,0.05,63,96.77551020408163
chewinggum,0,0.001,64,96.93877551020408
chewinggum,0,0.0025,64,97.28571428571429
chewinggum,0,0.005,64,97.48979591836735
chewinggum,0,0.01,64,97.24489795918367
chewinggum,0,0.02,64,97.0204081632653
chewinggum,0,0.05,64,96.87755102040816
chewinggum,0,0.001,65,96.9795918367347
chewinggum,0,0.0025,65,97.3265306122449
chewinggum,0,0.005,65,97.53061224489795
chewinggum,0,0.01,65,97.24489795918367
chewinggum,0,0.02,65,97.06122448979592
chewinggum,0,0.05,65,96.85714285714286
chewinggum,0,0.001,66,97.0
chewinggum,0,0.0025,66,97.3265306122449
chewinggum,0,0.005,66,97.51020408163265
chewinggum,0,0.01,66,97.24489795918367
chewinggum,0,0.02,66,97.0204081632653
chewinggum,0,0.05,66,96.87755102040816
chewinggum,0,0.001,67,96.89795918367346
chewinggum,0,0.0025,67,97.28571428571429
chewinggum,0,0.005,67,97.42857142857143
chewinggum,0,0.01,67,97.14285714285714
chewinggum,0,0.02,67,96.87755102040816
chewinggum,0,0.05,67,96.79591836734694
chewinggum,0,0.001,68,96.9795918367347
chewinggum,0,0.0025,68,97.3265306122449
chewinggum,0,0.005,68,97.57142857142857
chewinggum,0,0.01,68,97.26530612244898
chewinggum,0,0.02,68,97.04081632653062
chewinggum,0,0.05,68,96.91836734693878
chewinggum,0,0.001,69,96.9795918367347
chewinggum,0,0.0025,69,97.3265306122449
chewinggum,0,0.005,69,97.53061224489795
chewinggum,0,0.01,69,97.24489795918367
chewinggum,0,0.02,69,97.0204081632653
chewinggum,0,0.05,69,96.87755102040816
chewinggum,0,0.001,70,96.9795918367347
chewinggum,0,0.0025,70,97.34693877551021
chewinggum,0,0.005,70,97.51020408163265
chewinggum,0,0.01,70,97.22448979591837
chewinggum,0,0.02,70,97.0204081632653
chewinggum,0,0.05,70,96.85714285714286
chewinggum,0,0.001,71,97.0
chewinggum,0,0.0025,71,97.34693877551021
chewinggum,0,0.005,71,97.55102040816327
chewinggum,0,0.01,71,97.28571428571429
chewinggum,0,0.02,71,97.08163265306122
chewinggum,0,0.05,71,96.89795918367346
chewinggum,0,0.001,72,96.95918367346938
chewinggum,0,0.0025,72,97.3265306122449
chewinggum,0,0.005,72,97.51020408163265
chewinggum,0,0.01,72,97.26530612244898
chewinggum,0,0.02,72,97.0204081632653
chewinggum,0,0.05,72,96.85714285714286
chewinggum,0,0.001,73,96.9795918367347
chewinggum,0,0.0025,73,97.3265306122449
chewinggum,0,0.005,73,97.51020408163265
chewinggum,0,0.01,73,97.26530612244898
chewinggum,0,0.02,73,97.0
chewinggum,0,0.05,73,96.87755102040816
chewinggum,0,0.001,74,96.9795918367347
chewinggum,0,0.0025,74,97.3265306122449
chewinggum,0,0.005,74,97.51020408163265
chewinggum,0,0.01,74,97.28571428571429
chewinggum,0,0.02,74,97.04081632653062
chewinggum,0,0.05,74,96.87755102040816
chewinggum,0,0.001,75,96.9795918367347
chewinggum,0,0.0025,75,97.34693877551021
chewinggum,0,0.005,75,97.51020408163265
chewinggum,0,0.01,75,97.26530612244898
chewinggum,0,0.02,75,97.06122448979592
chewinggum,0,0.05,75,96.89795918367346
chewinggum,0,0.001,76,96.9795918367347
chewinggum,0,0.0025,76,97.34693877551021
chewinggum,0,0.005,76,97.53061224489795
chewinggum,0,0.01,76,97.26530612244898
chewinggum,0,0.02,76,97.0204081632653
chewinggum,0,0.05,76,96.87755102040816
chewinggum,0,0.001,77,96.9795918367347
chewinggum,0,0.0025,77,97.3265306122449
chewinggum,0,0.005,77,97.51020408163265
chewinggum,0,0.01,77,97.24489795918367
chewinggum,0,0.02,77,97.04081632653062
chewinggum,0,0.05,77,96.87755102040816
chewinggum,0,0.001,78,96.9795918367347
chewinggum,0,0.0025,78,97.3265306122449
chewinggum,0,0.005,78,97.51020408163265
chewinggum,0,0.01,78,97.24489795918367
chewinggum,0,0.02,78,97.0204081632653
chewinggum,0,0.05,78,96.87755102040816
chewinggum,0,0.001,79,96.9795918367347
chewinggum,0,0.0025,79,97.3265306122449
chewinggum,0,0.005,79,97.51020408163265
chewinggum,0,0.01,79,97.24489795918367
chewinggum,0,0.02,79,97.04081632653062
chewinggum,0,0.05,79,96.87755102040816
chewinggum,0,0.001,80,96.9795918367347
chewinggum,0,0.0025,80,97.34693877551021
chewinggum,0,0.005,80,97.51020408163265
chewinggum,0,0.01,80,97.24489795918367
chewinggum,0,0.02,80,97.08163265306122
chewinggum,0,0.05,80,96.89795918367346
chewinggum,0,0.001,81,96.95918367346938
chewinggum,0,0.0025,81,97.3265306122449
chewinggum,0,0.005,81,97.51020408163265
chewinggum,0,0.01,81,97.26530612244898
chewinggum,0,0.02,81,97.04081632653062
chewinggum,0,0.05,81,96.87755102040816
chewinggum,0,0.001,82,96.9795918367347
chewinggum,0,0.0025,82,97.3265306122449
chewinggum,0,0.005,82,97.51020408163265
chewinggum,0,0.01,82,97.26530612244898
chewinggum,0,0.02,82,97.0
chewinggum,0,0.05,82,96.85714285714286
chewinggum,0,0.001,83,97.0204081632653
chewinggum,0,0.0025,83,97.34693877551021
chewinggum,0,0.005,83,97.51020408163265
chewinggum,0,0.01,83,97.3061224489796
chewinggum,0,0.02,83,97.08163265306122
chewinggum,0,0.05,83,96.89795918367346
chewinggum,0,0.001,84,96.9795918367347
chewinggum,0,0.0025,84,97.3265306122449
chewinggum,0,0.005,84,97.51020408163265
chewinggum,0,0.01,84,97.26530612244898
chewinggum,0,0.02,84,97.0204081632653
chewinggum,0,0.05,84,96.87755102040816
chewinggum,0,0.001,85,96.9795918367347
chewinggum,0,0.0025,85,97.3061224489796
chewinggum,0,0.005,85,97.51020408163265
chewinggum,0,0.01,85,97.22448979591837
chewinggum,0,0.02,85,97.0204081632653
chewinggum,0,0.05,85,96.85714285714286
chewinggum,0,0.001,86,96.9795918367347
chewinggum,0,0.0025,86,97.34693877551021
chewinggum,0,0.005,86,97.51020408163265
chewinggum,0,0.01,86,97.24489795918367
chewinggum,0,0.02,86,97.0204081632653
chewinggum,0,0.05,86,96.87755102040816
chewinggum,0,0.001,87,96.9795918367347
chewinggum,0,0.0025,87,97.3061224489796
chewinggum,0,0.005,87,97.51020408163265
chewinggum,0,0.01,87,97.24489795918367
chewinggum,0,0.02,87,97.0204081632653
chewinggum,0,0.05,87,96.87755102040816
chewinggum,0,0.001,88,96.95918367346938
chewinggum,0,0.0025,88,97.3061224489796
chewinggum,0,0.005,88,97.48979591836735
chewinggum,0,0.01,88,97.24489795918367
chewinggum,0,0.02,88,97.0204081632653
chewinggum,0,0.05,88,96.85714285714286
chewinggum,0,0.001,89,96.9795918367347
chewinggum,0,0.0025,89,97.36734693877551
chewinggum,0,0.005,89,97.57142857142857
chewinggum,0,0.01,89,97.24489795918367
chewinggum,0,0.02,89,97.06122448979592
chewinggum,0,0.05,89,96.87755102040816
chewinggum,0,0.001,90,96.93877551020408
chewinggum,0,0.0025,90,97.36734693877551
chewinggum,0,0.005,90,97.51020408163265
chewinggum,0,0.01,90,97.24489795918367
chewinggum,0,0.02,90,97.06122448979592
chewinggum,0,0.05,90,96.87755102040816
chewinggum,0,0.001,91,96.95918367346938
chewinggum,0,0.0025,91,97.34693877551021
chewinggum,0,0.005,91,97.34693877551021
chewinggum,0,0.01,91,97.18367346938776
chewinggum,0,0.02,91,96.9795918367347
chewinggum,0,0.05,91,96.81632653061224
chewinggum,0,0.001,92,96.9795918367347
chewinggum,0,0.0025,92,97.34693877551021
chewinggum,0,0.005,92,97.51020408163265
chewinggum,0,0.01,92,97.22448979591837
chewinggum,0,0.02,92,97.0204081632653
chewinggum,0,0.05,92,96.91836734693878
chewinggum,0,0.001,93,96.9795918367347
chewinggum,0,0.0025,93,97.34693877551021
chewinggum,0,0.005,93,97.46938775510205
chewinggum,0,0.01,93,97.22448979591837
chewinggum,0,0.02,93,96.91836734693878
chewinggum,0,0.05,93,96.85714285714286
chewinggum,0,0.001,94,96.9795918367347
chewinggum,0,0.0025,94,97.3265306122449
chewinggum,0,0.005,94,97.51020408163265
chewinggum,0,0.01,94,97.24489795918367
chewinggum,0,0.02,94,96.95918367346938
chewinggum,0,0.05,94,96.85714285714286
chewinggum,0,0.001,95,96.9795918367347
chewinggum,0,0.0025,95,97.3265306122449
chewinggum,0,0.005,95,97.51020408163265
chewinggum,0,0.01,95,97.24489795918367
chewinggum,0,0.02,95,97.06122448979592
chewinggum,0,0.05,95,96.87755102040816
chewinggum,0,0.001,96,96.95918367346938
chewinggum,0,0.0025,96,97.3265306122449
chewinggum,0,0.005,96,97.51020408163265
chewinggum,0,0.01,96,97.26530612244898
chewinggum,0,0.02,96,97.04081632653062
chewinggum,0,0.05,96,96.87755102040816
chewinggum,0,0.001,97,96.59183673469387
chewinggum,0,0.0025,97,97.08163265306122
chewinggum,0,0.005,97,97.24489795918367
chewinggum,0,0.01,97,97.04081632653062
chewinggum,0,0.02,97,96.93877551020408
chewinggum,0,0.05,97,96.81632653061224
chewinggum,0,0.001,98,96.95918367346938
chewinggum,0,0.0025,98,97.34693877551021
chewinggum,0,0.005,98,97.51020408163265
chewinggum,0,0.01,98,97.24489795918367
chewinggum,0,0.02,98,97.0
chewinggum,0,0.05,98,96.87755102040816
chewinggum,0,0.001,99,96.9795918367347
chewinggum,0,0.0025,99,97.34693877551021
chewinggum,0,0.005,99,97.51020408163265
chewinggum,0,0.01,99,97.24489795918367
chewinggum,0,0.02,99,97.06122448979592
chewinggum,0,0.05,99,96.89795918367346
chewinggum,2,0.001,0,96.85714285714286
chewinggum,2,0.0025,0,97.38775510204081
chewinggum,2,0.005,0,97.57142857142857
chewinggum,2,0.01,0,97.24489795918367
chewinggum,2,0.02,0,97.12244897959184
chewinggum,2,0.05,0,96.85714285714286
chewinggum,2,0.001,1,96.73469387755102
chewinggum,2,0.0025,1,97.12244897959184
chewinggum,2,0.005,1,97.42857142857143
chewinggum,2,0.01,1,97.18367346938776
chewinggum,2,0.02,1,97.0204081632653
chewinggum,2,0.05,1,96.87755102040816
chewinggum,2,0.001,2,95.83673469387755
chewinggum,2,0.0025,2,96.14285714285714
chewinggum,2,0.005,2,96.48979591836735
chewinggum,2,0.01,2,96.44897959183673
chewinggum,2,0.02,2,96.38775510204081
chewinggum,2,0.05,2,96.51020408163265
chewinggum,2,0.001,3,96.22448979591837
chewinggum,2,0.0025,3,96.6734693877551
chewinggum,2,0.005,3,96.77551020408163
chewinggum,2,0.01,3,96.59183673469387
chewinggum,2,0.02,3,96.46938775510205
chewinggum,2,0.05,3,96.18367346938776
chewinggum,2,0.001,4,96.87755102040816
chewinggum,2,0.0025,4,97.3265306122449
chewinggum,2,0.005,4,97.46938775510205
chewinggum,2,0.01,4,97.28571428571429
chewinggum,2,0.02,4,97.20408163265306
chewinggum,2,0.05,4,97.0204081632653
chewinggum,2,0.001,5,95.71428571428571
chewinggum,2,0.0025,5,96.38775510204081
chewinggum,2,0.005,5,96.81632653061224
chewinggum,2,0.01,5,96.6938775510204
chewinggum,2,0.02,5,96.61224489795919
chewinggum,2,0.05,5,96.38775510204081
chewinggum,2,0.001,6,96.22448979591837
chewinggum,2,0.0025,6,96.59183673469387
chewinggum,2,0.005,6,96.71428571428571
chewinggum,2,0.01,6,96.46938775510205
chewinggum,2,0.02,6,96.44897959183673
chewinggum,2,0.05,6,96.34693877551021
chewinggum,2,0.001,7,96.12244897959184
chewinggum,2,0.0025,7,96.34693877551021
chewinggum,2,0.005,7,96.40816326530613
chewinggum,2,0.01,7,96.26530612244898
chewinggum,2,0.02,7,96.3265306122449
chewinggum,2,0.05,7,96.26530612244898
chewinggum,2,0.001,8,95.6734693877551
chewinggum,2,0.0025,8,96.0
chewinggum,2,0.005,8,96.24489795918367
chewinggum,2,0.01,8,96.16326530612245
chewinggum,2,0.02,8,96.34693877551021
chewinggum,2,0.05,8,96.26530612244898
chewinggum,2,0.001,9,96.16326530612245
chewinggum,2,0.0025,9,96.85714285714286
chewinggum,2,0.005,9,96.91836734693878
chewinggum,2,0.01,9,96.85714285714286
chewinggum,2,0.02,9,96.77551020408163
chewinggum,2,0.05,9,96.38775510204081
chewinggum,2,0.001,10,96.22448979591837
chewinggum,2,0.0025,10,97.0
chewinggum,2,0.005,10,97.06122448979592
chewinggum,2,0.01,10,96.95918367346938
chewinggum,2,0.02,10,96.91836734693878
chewinggum,2,0.05,10,96.79591836734694
chewinggum,2,0.001,11,96.42857142857143
chewinggum,2,0.0025,11,97.0
chewinggum,2,0.005,11,97.10204081632654
chewinggum,2,0.01,11,96.83673469387755
chewinggum,2,0.02,11,96.83673469387755
chewinggum,2,0.05,11,96.65306122448979
chewinggum,2,0.001,12,97.0
chewinggum,2,0.0025,12,97.3265306122449
chewinggum,2,0.005,12,97.48979591836735
chewinggum,2,0.01,12,97.22448979591837
chewinggum,2,0.02,12,96.93877551020408
chewinggum,2,0.05,12,96.87755102040816
chewinggum,2,0.001,13,96.53061224489795
chewinggum,2,0.0025,13,96.93877551020408
chewinggum,2,0.005,13,97.24489795918367
chewinggum,2,0.01,13,97.10204081632654
chewinggum,2,0.02,13,96.93877551020408
chewinggum,2,0.05,13,96.79591836734694
chewinggum,2,0.001,14,96.63265306122449
chewinggum,2,0.0025,14,96.48979591836735
chewinggum,2,0.005,14,96.57142857142857
chewinggum,2,0.01,14,96.6938775510204
chewinggum,2,0.02,14,96.89795918367346
chewinggum,2,0.05,14,96.6734693877551
chewinggum,2,0.001,15,95.89795918367346
chewinggum,2,0.0025,15,96.0
chewinggum,2,0.005,15,96.34693877551021
chewinggum,2,0.01,15,96.3265306122449
chewinggum,2,0.02,15,96.18367346938776
chewinggum,2,0.05,15,96.06122448979592
chewinggum,2,0.001,16,96.87755102040816
chewinggum,2,0.0025,16,97.24489795918367
chewinggum,2,0.005,16,97.53061224489795
chewinggum,2,0.01,16,97.3061224489796
chewinggum,2,0.02,16,97.16326530612245
chewinggum,2,0.05,16,96.89795918367346
chewinggum,2,0.001,17,95.71428571428571
chewinggum,2,0.0025,17,96.44897959183673
chewinggum,2,0.005,17,96.6938775510204
chewinggum,2,0.01,17,96.57142857142857
chewinggum,2,0.02,17,96.81632653061224
chewinggum,2,0.05,17,96.63265306122449
chewinggum,2,0.001,18,96.22448979591837
chewinggum,2,0.0025,18,96.75510204081633
chewinggum,2,0.005,18,96.93877551020408
chewinggum,2,0.01,18,96.93877551020408
chewinggum,2,0.02,18,96.85714285714286
chewinggum,2,0.05,18,96.63265306122449
chewinggum,2,0.001,19,96.83673469387755
chewinggum,2,0.0025,19,97.12244897959184
chewinggum,2,0.005,19,97.12244897959184
chewinggum,2,0.01,19,97.06122448979592
chewinggum,2,0.02,19,96.9795918367347
chewinggum,2,0.05,19,96.71428571428571
chewinggum,2,0.001,20,97.08163265306122
chewinggum,2,0.0025,20,97.34693877551021
chewinggum,2,0.005,20,97.55102040816327
chewinggum,2,0.01,20,97.22448979591837
chewinggum,2,0.02,20,97.12244897959184
chewinggum,2,0.05,20,96.95918367346938
chewinggum,2,0.001,21,96.36734693877551
chewinggum,2,0.0025,21,96.55102040816327
chewinggum,2,0.005,21,96.65306122448979
chewinggum,2,0.01,21,96.53061224489795
chewinggum,2,0.02,21,96.48979591836735
chewinggum,2,0.05,21,96.83673469387755
chewinggum,2,0.001,22,96.73469387755102
chewinggum,2,0.0025,22,97.06122448979592
chewinggum,2,0.005,22,97.28571428571429
chewinggum,2,0.01,22,97.0204081632653
chewinggum,2,0.02,22,96.95918367346938
chewinggum,2,0.05,22,96.75510204081633
chewinggum,2,0.001,23,96.95918367346938
chewinggum,2,0.0025,23,97.06122448979592
chewinggum,2,0.005,23,97.22448979591837
chewinggum,2,0.01,23,97.08163265306122
chewinggum,2,0.02,23,97.08163265306122
chewinggum,2,0.05,23,96.85714285714286
chewinggum,2,0.001,24,96.6938775510204
chewinggum,2,0.0025,24,97.10204081632654
chewinggum,2,0.005,24,97.10204081632654
chewinggum,2,0.01,24,97.0204081632653
chewinggum,2,0.02,24,96.9795918367347
chewinggum,2,0.05,24,96.83673469387755
chewinggum,2,0.001,25,96.48979591836735
chewinggum,2,0.0025,25,97.16326530612245
chewinggum,2,0.005,25,97.12244897959184
chewinggum,2,0.01,25,96.93877551020408
chewinggum,2,0.02,25,96.93877551020408
chewinggum,2,0.05,25,96.75510204081633
chewinggum,2,0.001,26,96.28571428571429
chewinggum,2,0.0025,26,96.93877551020408
chewinggum,2,0.005,26,97.14285714285714
chewinggum,2,0.01,26,97.10204081632654
chewinggum,2,0.02,26,97.10204081632654
chewinggum,2,0.05,26,96.9795918367347
chewinggum,2,0.001,27,96.93877551020408
chewinggum,2,0.0025,27,97.26530612244898
chewinggum,2,0.005,27,97.16326530612245
chewinggum,2,0.01,27,97.04081632653062
chewinggum,2,0.02,27,96.93877551020408
chewinggum,2,0.05,27,96.75510204081633
chewinggum,2,0.001,28,96.65306122448979
chewinggum,2,0.0025,28,97.16326530612245
chewinggum,2,0.005,28,97.18367346938776
chewinggum,2,0.01,28,97.06122448979592
chewinggum,2,0.02,28,96.93877551020408
chewinggum,2,0.05,28,96.87755102040816
chewinggum,2,0.001,29,96.3061224489796
chewinggum,2,0.0025,29,96.75510204081633
chewinggum,2,0.005,29,97.0204081632653
chewinggum,2,0.01,29,96.75510204081633
chewinggum,2,0.02,29,96.61224489795919
chewinggum,2,0.05,29,96.34693877551021
chewinggum,2,0.001,30,96.75510204081633
chewinggum,2,0.0025,30,97.06122448979592
chewinggum,2,0.005,30,97.20408163265306
chewinggum,2,0.01,30,96.91836734693878
chewinggum,2,0.02,30,96.63265306122449
chewinggum,2,0.05,30,96.42857142857143
chewinggum,2,0.001,31,96.91836734693878
chewinggum,2,0.0025,31,97.22448979591837
chewinggum,2,0.005,31,97.3265306122449
chewinggum,2,0.01,31,97.06122448979592
chewinggum,2,0.02,31,96.9795918367347
chewinggum,2,0.05,31,96.87755102040816
chewinggum,2,0.001,32,96.79591836734694
chewinggum,2,0.0025,32,96.87755102040816
chewinggum,2,0.005,32,96.9795918367347
chewinggum,2,0.01,32,96.91836734693878
chewinggum,2,0.02,32,96.91836734693878
chewinggum,2,0.05,32,96.83673469387755
chewinggum,2,0.001,33,96.83673469387755
chewinggum,2,0.0025,33,97.22448979591837
chewinggum,2,0.005,33,97.55102040816327
chewinggum,2,0.01,33,97.20408163265306
chewinggum,2,0.02,33,97.12244897959184
chewinggum,2,0.05,33,96.87755102040816
chewinggum,2,0.001,34,96.65306122448979
chewinggum,2,0.0025,34,96.89795918367346
chewinggum,2,0.005,34,96.87755102040816
chewinggum,2,0.01,34,96.79591836734694
chewinggum,2,0.02,34,96.87755102040816
chewinggum,2,0.05,34,96.63265306122449
chewinggum,2,0.001,35,96.65306122448979
chewinggum,2,0.0025,35,97.22448979591837
chewinggum,2,0.005,35,97.24489795918367
chewinggum,2,0.01,35,97.10204081632654
chewinggum,2,0.02,35,97.04081632653062
chewinggum,2,0.05,35,96.89795918367346
chewinggum,2,0.001,36,97.04081632653062
chewinggum,2,0.0025,36,97.3265306122449
chewinggum,2,0.005,36,97.63265306122449
chewinggum,2,0.01,36,97.34693877551021
chewinggum,2,0.02,36,97.16326530612245
chewinggum,2,0.05,36,97.04081632653062
chewinggum,2,0.001,37,96.63265306122449
chewinggum,2,0.0025,37,97.12244897959184
chewinggum,2,0.005,37,97.08163265306122
chewinggum,2,0.01,37,97.0204081632653
chewinggum,2,0.02,37,96.89795918367346
chewinggum,2,0.05,37,96.77551020408163
chewinggum,2,0.001,38,96.04081632653062
chewinggum,2,0.0025,38,96.65306122448979
chewinggum,2,0.005,38,96.87755102040816
chewinggum,2,0.01,38,96.63265306122449
chewinggum,2,0.02,38,96.59183673469387
chewinggum,2,0.05,38,96.40816326530613
chewinggum,2,0.001,39,96.28571428571429
chewinggum,2,0.0025,39,96.77551020408163
chewinggum,2,0.005,39,97.18367346938776
chewinggum,2,0.01,39,97.04081632653062
chewinggum,2,0.02,39,97.04081632653062
chewinggum,2,0.05,39,97.0
chewinggum,2,0.001,40,96.91836734693878
chewinggum,2,0.0025,40,97.36734693877551
chewinggum,2,0.005,40,97.53061224489795
chewinggum,2,0.01,40,97.36734693877551
chewinggum,2,0.02,40,97.10204081632654
chewinggum,2,0.05,40,97.0204081632653
chewinggum,2,0.001,41,96.59183673469387
chewinggum,2,0.0025,41,97.0
chewinggum,2,0.005,41,97.0
chewinggum,2,0.01,41,97.0204081632653
chewinggum,2,0.02,41,97.04081632653062
chewinggum,2,0.05,41,96.75510204081633
chewinggum,2,0.001,42,96.36734693877551
chewinggum,2,0.0025,42,96.6734693877551
chewinggum,2,0.005,42,97.12244897959184
chewinggum,2,0.01,42,97.0204081632653
chewinggum,2,0.02,42,96.77551020408163
chewinggum,2,0.05,42,96.61224489795919
chewinggum,2,0.001,43,96.48979591836735
chewinggum,2,0.0025,43,97.08163265306122
chewinggum,2,0.005,43,97.08163265306122
chewinggum,2,0.01,43,96.87755102040816
chewinggum,2,0.02,43,96.73469387755102
chewinggum,2,0.05,43,96.55102040816327
chewinggum,2,0.001,44,96.26530612244898
chewinggum,2,0.0025,44,96.55102040816327
chewinggum,2,0.005,44,96.6734693877551
chewinggum,2,0.01,44,96.71428571428571
chewinggum,2,0.02,44,96.77551020408163
chewinggum,2,0.05,44,96.55102040816327
chewinggum,2,0.001,45,96.95918367346938
chewinggum,2,0.0025,45,97.28571428571429
chewinggum,2,0.005,45,97.38775510204081
chewinggum,2,0.01,45,97.22448979591837
chewinggum,2,0.02,45,97.14285714285714
chewinggum,2,0.05,45,96.89795918367346
chewinggum,2,0.001,46,96.63265306122449
chewinggum,2,0.0025,46,96.83673469387755
chewinggum,2,0.005,46,96.93877551020408
chewinggum,2,0.01,46,96.91836734693878
chewinggum,2,0.02,46,96.83673469387755
chewinggum,2,0.05,46,96.6734693877551
chewinggum,2,0.001,47,96.14285714285714
chewinggum,2,0.0025,47,95.65306122448979
chewinggum,2,0.005,47,95.75510204081633
chewinggum,2,0.01,47,96.0204081632653
chewinggum,2,0.02,47,96.22448979591837
chewinggum,2,0.05,47,96.48979591836735
chewinggum,2,0.001,48,96.08163265306122
chewinggum,2,0.0025,48,96.65306122448979
chewinggum,2,0.005,48,96.79591836734694
chewinggum,2,0.01,48,96.77551020408163
chewinggum,2,0.02,48,96.91836734693878
chewinggum,2,0.05,48,96.77551020408163
chewinggum,2,0.001,49,96.77551020408163
chewinggum,2,0.0025,49,97.26530612244898
chewinggum,2,0.005,49,97.40816326530613
chewinggum,2,0.01,49,97.20408163265306
chewinggum,2,0.02,49,97.04081632653062
chewinggum,2,0.05,49,96.93877551020408
chewinggum,2,0.001,50,96.6734693877551
chewinggum,2,0.0025,50,97.04081632653062
chewinggum,2,0.005,50,97.12244897959184
chewinggum,2,0.01,50,96.93877551020408
chewinggum,2,0.02,50,96.85714285714286
chewinggum,2,0.05,50,96.77551020408163
chewinggum,2,0.001,51,96.40816326530613
chewinggum,2,0.0025,51,96.79591836734694
chewinggum,2,0.005,51,97.24489795918367
chewinggum,2,0.01,51,97.14285714285714
chewinggum,2,0.02,51,97.10204081632654
chewinggum,2,0.05,51,96.83673469387755
chewinggum,2,0.001,52,97.0
chewinggum,2,0.0025,52,97.34693877551021
chewinggum,2,0.005,52,97.55102040816327
chewinggum,2,0.01,52,97.20408163265306
chewinggum,2,0.02,52,97.10204081632654
chewinggum,2,0.05,52,96.93877551020408
chewinggum,2,0.001,53,95.83673469387755
chewinggum,2,0.0025,53,96.51020408163265
chewinggum,2,0.005,53,96.71428571428571
chewinggum,2,0.01,53,96.57142857142857
chewinggum,2,0.02,53,96.51020408163265
chewinggum,2,0.05,53,96.44897959183673
chewinggum,2,0.001,54,96.61224489795919
chewinggum,2,0.0025,54,96.95918367346938
chewinggum,2,0.005,54,97.06122448979592
chewinggum,2,0.01,54,97.06122448979592
chewinggum,2,0.02,54,97.10204081632654
chewinggum,2,0.05,54,96.85714285714286
chewinggum,2,0.001,55,96.91836734693878
chewinggum,2,0.0025,55,97.34693877551021
chewinggum,2,0.005,55,97.59183673469387
chewinggum,2,0.01,55,97.42857142857143
chewinggum,2,0.02,55,97.18367346938776
chewinggum,2,0.05,55,96.91836734693878
chewinggum,2,0.001,56,96.63265306122449
chewinggum,2,0.0025,56,96.95918367346938
chewinggum,2,0.005,56,96.95918367346938
chewinggum,2,0.01,56,96.9795918367347
chewinggum,2,0.02,56,96.77551020408163
chewinggum,2,0.05,56,96.6938775510204
chewinggum,2,0.001,57,96.46938775510205
chewinggum,2,0.0025,57,96.77551020408163
chewinggum,2,0.005,57,96.89795918367346
chewinggum,2,0.01,57,96.9795918367347
chewinggum,2,0.02,57,97.08163265306122
chewinggum,2,0.05,57,96.79591836734694
chewinggum,2,0.001,58,95.95918367346938
chewinggum,2,0.0025,58,96.36734693877551
chewinggum,2,0.005,58,96.59183673469387
chewinggum,2,0.01,58,96.3061224489796
chewinggum,2,0.02,58,96.3061224489796
chewinggum,2,0.05,58,96.59183673469387
chewinggum,2,0.001,59,96.6734693877551
chewinggum,2,0.0025,59,96.6938775510204
chewinggum,2,0.005,59,96.91836734693878
chewinggum,2,0.01,59,96.81632653061224
chewinggum,2,0.02,59,96.93877551020408
chewinggum,2,0.05,59,96.79591836734694
chewinggum,2,0.001,60,96.6938775510204
chewinggum,2,0.0025,60,97.3265306122449
chewinggum,2,0.005,60,97.48979591836735
chewinggum,2,0.01,60,97.14285714285714
chewinggum,2,0.02,60,97.06122448979592
chewinggum,2,0.05,60,96.85714285714286
chewinggum,2,0.001,61,96.6938775510204
chewinggum,2,0.0025,61,97.24489795918367
chewinggum,2,0.005,61,97.48979591836735
chewinggum,2,0.01,61,97.26530612244898
chewinggum,2,0.02,61,96.93877551020408
chewinggum,2,0.05,61,96.77551020408163
chewinggum,2,0.001,62,96.85714285714286
chewinggum,2,0.0025,62,97.16326530612245
chewinggum,2,0.005,62,97.20408163265306
chewinggum,2,0.01,62,97.06122448979592
chewinggum,2,0.02,62,97.0204081632653
chewinggum,2,0.05,62,96.71428571428571
chewinggum,2,0.001,63,95.91836734693878
chewinggum,2,0.0025,63,96.28571428571429
chewinggum,2,0.005,63,96.61224489795919
chewinggum,2,0.01,63,96.44897959183673
chewinggum,2,0.02,63,96.38775510204081
chewinggum,2,0.05,63,96.46938775510205
chewinggum,2,0.001,64,96.85714285714286
chewinggum,2,0.0025,64,97.14285714285714
chewinggum,2,0.005,64,97.26530612244898
chewinggum,2,0.01,64,96.79591836734694
chewinggum,2,0.02,64,96.6734693877551
chewinggum,2,0.05,64,96.63265306122449
chewinggum,2,0.001,65,96.57142857142857
chewinggum,2,0.0025,65,97.12244897959184
chewinggum,2,0.005,65,97.10204081632654
chewinggum,2,0.01,65,96.6938775510204
chewinggum,2,0.02,65,96.75510204081633
chewinggum,2,0.05,65,96.53061224489795
chewinggum,2,0.001,66,96.53061224489795
chewinggum,2,0.0025,66,96.77551020408163
chewinggum,2,0.005,66,97.0
chewinggum,2,0.01,66,96.87755102040816
chewinggum,2,0.02,66,96.77551020408163
chewinggum,2,0.05,66,96.46938775510205
chewinggum,2,0.001,67,96.06122448979592
chewinggum,2,0.0025,67,96.42857142857143
chewinggum,2,0.005,67,96.73469387755102
chewinggum,2,0.01,67,96.6734693877551
chewinggum,2,0.02,67,96.6734693877551
chewinggum,2,0.05,67,96.59183673469387
chewinggum,2,0.001,68,96.87755102040816
chewinggum,2,0.0025,68,97.16326530612245
chewinggum,2,0.005,68,97.42857142857143
chewinggum,2,0.01,68,97.24489795918367
chewinggum,2,0.02,68,97.14285714285714
chewinggum,2,0.05,68,96.81632653061224
chewinggum,2,0.001,69,97.08163265306122
chewinggum,2,0.0025,69,97.40816326530613
chewinggum,2,0.005,69,97.44897959183673
chewinggum,2,0.01,69,97.26530612244898
chewinggum,2,0.02,69,97.08163265306122
chewinggum,2,0.05,69,96.83673469387755
chewinggum,2,0.001,70,96.75510204081633
chewinggum,2,0.0025,70,97.04081632653062
chewinggum,2,0.005,70,97.26530612244898
chewinggum,2,0.01,70,97.0
chewinggum,2,0.02,70,96.89795918367346
chewinggum,2,0.05,70,96.75510204081633
chewinggum,2,0.001,71,96.6734693877551
chewinggum,2,0.0025,71,96.9795918367347
chewinggum,2,0.005,71,97.12244897959184
chewinggum,2,0.01,71,97.18367346938776
chewinggum,2,0.02,71,97.18367346938776
chewinggum,2,0.05,71,96.83673469387755
chewinggum,2,0.001,72,95.63265306122449
chewinggum,2,0.0025,72,96.46938775510205
chewinggum,2,0.005,72,96.73469387755102
chewinggum,2,0.01,72,96.65306122448979
chewinggum,2,0.02,72,96.89795918367346
chewinggum,2,0.05,72,96.79591836734694
chewinggum,2,0.001,73,96.79591836734694
chewinggum,2,0.0025,73,97.18367346938776
chewinggum,2,0.005,73,97.34693877551021
chewinggum,2,0.01,73,96.93877551020408
chewinggum,2,0.02,73,96.87755102040816
chewinggum,2,0.05,73,96.57142857142857
chewinggum,2,0.001,74,96.85714285714286
chewinggum,2,0.0025,74,97.18367346938776
chewinggum,2,0.005,74,97.42857142857143
chewinggum,2,0.01,74,97.16326530612245
chewinggum,2,0.02,74,97.12244897959184
chewinggum,2,0.05,74,96.91836734693878
chewinggum,2,0.001,75,96.51020408163265
chewinggum,2,0.0025,75,96.9795918367347
chewinggum,2,0.005,75,97.0
chewinggum,2,0.01,75,96.75510204081633
chewinggum,2,0.02,75,96.73469387755102
chewinggum,2,0.05,75,96.55102040816327
chewinggum,2,0.001,76,96.89795918367346
chewinggum,2,0.0025,76,97.26530612244898
chewinggum,2,0.005,76,97.48979591836735
chewinggum,2,0.01,76,97.24489795918367
chewinggum,2,0.02,76,97.08163265306122
chewinggum,2,0.05,76,96.91836734693878
chewinggum,2,0.001,77,96.42857142857143
chewinggum,2,0.0025,77,96.6938775510204
chewinggum,2,0.005,77,96.73469387755102
chewinggum,2,0.01,77,96.65306122448979
chewinggum,2,0.02,77,96.6734693877551
chewinggum,2,0.05,77,96.48979591836735
chewinggum,2,0.001,78,96.51020408163265
chewinggum,2,0.0025,78,96.81632653061224
chewinggum,2,0.005,78,96.9795918367347
chewinggum,2,0.01,78,96.87755102040816
chewinggum,2,0.02,78,97.0
chewinggum,2,0.05,78,96.73469387755102
chewinggum,2,0.001,79,96.40816326530613
chewinggum,2,0.0025,79,96.57142857142857
chewinggum,2,0.005,79,96.89795918367346
chewinggum,2,0.01,79,96.65306122448979
chewinggum,2,0.02,79,96.71428571428571
chewinggum,2,0.05,79,96.75510204081633
chewinggum,2,0.001,80,95.73469387755102
chewinggum,2,0.0025,80,96.42857142857143
chewinggum,2,0.005,80,96.75510204081633
chewinggum,2,0.01,80,96.73469387755102
chewinggum,2,0.02,80,96.6734693877551
chewinggum,2,0.05,80,96.55102040816327
chewinggum,2,0.001,81,95.40816326530613
chewinggum,2,0.0025,81,95.44897959183673
chewinggum,2,0.005,81,95.51020408163265
chewinggum,2,0.01,81,95.65306122448979
chewinggum,2,0.02,81,95.85714285714286
chewinggum,2,0.05,81,96.0204081632653
chewinggum,2,0.001,82,96.16326530612245
chewinggum,2,0.0025,82,96.65306122448979
chewinggum,2,0.005,82,96.6734693877551
chewinggum,2,0.01,82,96.48979591836735
chewinggum,2,0.02,82,96.44897959183673
chewinggum,2,0.05,82,96.3061224489796
chewinggum,2,0.001,83,96.77551020408163
chewinggum,2,0.0025,83,97.10204081632654
chewinggum,2,0.005,83,97.48979591836735
chewinggum,2,0.01,83,97.14285714285714
chewinggum,2,0.02,83,96.91836734693878
chewinggum,2,0.05,83,96.79591836734694
chewinggum,2,0.001,84,95.87755102040816
chewinggum,2,0.0025,84,96.44897959183673
chewinggum,2,0.005,84,96.57142857142857
chewinggum,2,0.01,84,96.46938775510205
chewinggum,2,0.02,84,96.51020408163265
chewinggum,2,0.05,84,96.48979591836735
chewinggum,2,0.001,85,96.89795918367346
chewinggum,2,0.0025,85,96.93877551020408
chewinggum,2,0.005,85,97.18367346938776
chewinggum,2,0.01,85,97.06122448979592
chewinggum,2,0.02,85,96.85714285714286
chewinggum,2,0.05,85,96.77551020408163
chewinggum,2,0.001,86,97.0204081632653
chewinggum,2,0.0025,86,97.10204081632654
chewinggum,2,0.005,86,97.08163265306122
chewinggum,2,0.01,86,96.85714285714286
chewinggum,2,0.02,86,96.73469387755102
chewinggum,2,0.05,86,96.46938775510205
chewinggum,2,0.001,87,96.61224489795919
chewinggum,2,0.0025,87,97.20408163265306
chewinggum,2,0.005,87,97.26530612244898
chewinggum,2,0.01,87,97.10204081632654
chewinggum,2,0.02,87,96.91836734693878
chewinggum,2,0.05,87,96.79591836734694
chewinggum,2,0.001,88,96.42857142857143
chewinggum,2,0.0025,88,96.89795918367346
chewinggum,2,0.005,88,96.89795918367346
chewinggum,2,0.01,88,96.73469387755102
chewinggum,2,0.02,88,96.75510204081633
chewinggum,2,0.05,88,96.59183673469387
chewinggum,2,0.001,89,96.24489795918367
chewinggum,2,0.0025,89,96.63265306122449
chewinggum,2,0.005,89,96.6734693877551
chewinggum,2,0.01,89,96.3265306122449
chewinggum,2,0.02,89,96.28571428571429
chewinggum,2,0.05,89,96.26530612244898
chewinggum,2,0.001,90,96.48979591836735
chewinggum,2,0.0025,90,97.0204081632653
chewinggum,2,0.005,90,97.04081632653062
chewinggum,2,0.01,90,96.79591836734694
chewinggum,2,0.02,90,96.59183673469387
chewinggum,2,0.05,90,96.42857142857143
chewinggum,2,0.001,91,97.0204081632653
chewinggum,2,0.0025,91,97.3061224489796
chewinggum,2,0.005,91,97.57142857142857
chewinggum,2,0.01,91,97.26530612244898
chewinggum,2,0.02,91,97.16326530612245
chewinggum,2,0.05,91,96.9795918367347
chewinggum,2,0.001,92,95.79591836734694
chewinggum,2,0.0025,92,96.63265306122449
chewinggum,2,0.005,92,96.77551020408163
chewinggum,2,0.01,92,96.6734693877551
chewinggum,2,0.02,92,96.6734693877551
chewinggum,2,0.05,92,96.42857142857143
chewinggum,2,0.001,93,96.83673469387755
chewinggum,2,0.0025,93,97.26530612244898
chewinggum,2,0.005,93,97.46938775510205
chewinggum,2,0.01,93,97.28571428571429
chewinggum,2,0.02,93,97.18367346938776
chewinggum,2,0.05,93,96.9795918367347
chewinggum,2,0.001,94,96.3061224489796
chewinggum,2,0.0025,94,96.71428571428571
chewinggum,2,0.005,94,96.73469387755102
chewinggum,2,0.01,94,96.6734693877551
chewinggum,2,0.02,94,96.73469387755102
chewinggum,2,0.05,94,96.46938775510205
chewinggum,2,0.001,95,96.79591836734694
chewinggum,2,0.0025,95,97.3265306122449
chewinggum,2,0.005,95,97.57142857142857
chewinggum,2,0.01,95,97.3061224489796
chewinggum,2,0.02,95,97.12244897959184
chewinggum,2,0.05,95,96.75510204081633
chewinggum,2,0.001,96,95.3265306122449
chewinggum,2,0.0025,96,95.71428571428571
chewinggum,2,0.005,96,95.89795918367346
chewinggum,2,0.01,96,96.0204081632653
chewinggum,2,0.02,96,96.3061224489796
chewinggum,2,0.05,96,96.26530612244898
chewinggum,2,0.001,97,97.0204081632653
chewinggum,2,0.0025,97,97.3265306122449
chewinggum,2,0.005,97,97.51020408163265
chewinggum,2,0.01,97,97.22448979591837
chewinggum,2,0.02,97,97.18367346938776
chewinggum,2,0.05,97,96.95918367346938
chewinggum,2,0.001,98,95.81632653061224
chewinggum,2,0.0025,98,96.22448979591837
chewinggum,2,0.005,98,96.26530612244898
chewinggum,2,0.01,98,96.26530612244898
chewinggum,2,0.02,98,96.3265306122449
chewinggum,2,0.05,98,95.95918367346938
chewinggum,2,0.001,99,96.34693877551021
chewinggum,2,0.0025,99,96.81632653061224
chewinggum,2,0.005,99,97.10204081632654
chewinggum,2,0.01,99,96.9795918367347
chewinggum,2,0.02,99,96.95918367346938
chewinggum,2,0.05,99,96.6734693877551
chewinggum,4,0.001,0,95.12244897959184
chewinggum,4,0.0025,0,95.83673469387755
chewinggum,4,0.005,0,95.6734693877551
chewinggum,4,0.01,0,95.93877551020408
chewinggum,4,0.02,0,96.04081632653062
chewinggum,4,0.05,0,96.16326530612245
chewinggum,4,0.001,1,91.83673469387755
chewinggum,4,0.0025,1,93.12244897959184
chewinggum,4,0.005,1,93.38775510204081
chewinggum,4,0.01,1,94.0
chewinggum,4,0.02,1,94.59183673469387
chewinggum,4,0.05,1,95.0204081632653
chewinggum,4,0.001,2,93.53061224489795
chewinggum,4,0.0025,2,93.87755102040816
chewinggum,4,0.005,2,94.22448979591837
chewinggum,4,0.01,2,94.55102040816327
chewinggum,4,0.02,2,94.73469387755102
chewinggum,4,0.05,2,94.79591836734694
chewinggum,4,0.001,3,94.79591836734694
chewinggum,4,0.0025,3,94.93877551020408
chewinggum,4,0.005,3,95.18367346938776
chewinggum,4,0.01,3,95.46938775510205
chewinggum,4,0.02,3,95.46938775510205
chewinggum,4,0.05,3,95.55102040816327
chewinggum,4,0.001,4,96.51020408163265
chewinggum,4,0.0025,4,96.6938775510204
chewinggum,4,0.005,4,96.6938775510204
chewinggum,4,0.01,4,96.71428571428571
chewinggum,4,0.02,4,96.73469387755102
chewinggum,4,0.05,4,96.65306122448979
chewinggum,4,0.001,5,93.83673469387755
chewinggum,4,0.0025,5,94.36734693877551
chewinggum,4,0.005,5,94.59183673469387
chewinggum,4,0.01,5,94.9795918367347
chewinggum,4,0.02,5,95.06122448979592
chewinggum,4,0.05,5,95.06122448979592
chewinggum,4,0.001,6,93.77551020408163
chewinggum,4,0.0025,6,93.93877551020408
chewinggum,4,0.005,6,94.18367346938776
chewinggum,4,0.01,6,94.59183673469387
chewinggum,4,0.02,6,94.87755102040816
chewinggum,4,0.05,6,95.0
chewinggum,4,0.001,7,95.04081632653062
chewinggum,4,0.0025,7,95.59183673469387
chewinggum,4,0.005,7,95.73469387755102
chewinggum,4,0.01,7,95.79591836734694
chewinggum,4,0.02,7,95.75510204081633
chewinggum,4,0.05,7,95.6938775510204
chewinggum,4,0.001,8,93.18367346938776
chewinggum,4,0.0025,8,93.34693877551021
chewinggum,4,0.005,8,93.6734693877551
chewinggum,4,0.01,8,94.16326530612245
chewinggum,4,0.02,8,94.6734693877551
chewinggum,4,0.05,8,95.10204081632654
chewinggum,4,0.001,9,93.61224489795919
chewinggum,4,0.0025,9,94.44897959183673
chewinggum,4,0.005,9,94.65306122448979
chewinggum,4,0.01,9,94.59183673469387
chewinggum,4,0.02,9,94.85714285714286
chewinggum,4,0.05,9,95.04081632653062
chewinggum,4,0.001,10,95.14285714285714
chewinggum,4,0.0025,10,95.75510204081633
chewinggum,4,0.005,10,96.0
chewinggum,4,0.01,10,96.0204081632653
chewinggum,4,0.02,10,95.9795918367347
chewinggum,4,0.05,10,95.9795918367347
chewinggum,4,0.001,11,94.91836734693878
chewinggum,4,0.0025,11,95.20408163265306
chewinggum,4,0.005,11,95.3265306122449
chewinggum,4,0.01,11,95.79591836734694
chewinggum,4,0.02,11,96.12244897959184
chewinggum,4,0.05,11,96.18367346938776
chewinggum,4,0.001,12,93.91836734693878
chewinggum,4,0.0025,12,94.44897959183673
chewinggum,4,0.005,12,94.61224489795919
chewinggum,4,0.01,12,95.34693877551021
chewinggum,4,0.02,12,96.12244897959184
chewinggum,4,0.05,12,96.10204081632654
chewinggum,4,0.001,13,95.20408163265306
chewinggum,4,0.0025,13,95.6734693877551
chewinggum,4,0.005,13,95.53061224489795
chewinggum,4,0.01,13,95.46938775510205
chewinggum,4,0.02,13,95.57142857142857
chewinggum,4,0.05,13,95.42857142857143
chewinggum,4,0.001,14,93.53061224489795
chewinggum,4,0.0025,14,93.79591836734694
chewinggum,4,0.005,14,94.28571428571429
chewinggum,4,0.01,14,94.79591836734694
chewinggum,4,0.02,14,95.42857142857143
chewinggum,4,0.05,14,95.51020408163265
chewinggum,4,0.001,15,94.08163265306122
chewinggum,4,0.0025,15,95.12244897959184
chewinggum,4,0.005,15,95.18367346938776
chewinggum,4,0.01,15,95.38775510204081
chewinggum,4,0.02,15,95.65306122448979
chewinggum,4,0.05,15,95.34693877551021
chewinggum,4,0.001,16,92.91836734693878
chewinggum,4,0.0025,16,93.85714285714286
chewinggum,4,0.005,16,94.20408163265306
chewinggum,4,0.01,16,94.75510204081633
chewinggum,4,0.02,16,95.3265306122449
chewinggum,4,0.05,16,95.44897959183673
chewinggum,4,0.001,17,96.16326530612245
chewinggum,4,0.0025,17,96.14285714285714
chewinggum,4,0.005,17,96.0204081632653
chewinggum,4,0.01,17,95.81632653061224
chewinggum,4,0.02,17,96.08163265306122
chewinggum,4,0.05,17,95.9795918367347
chewinggum,4,0.001,18,92.9795918367347
chewinggum,4,0.0025,18,94.18367346938776
chewinggum,4,0.005,18,94.61224489795919
chewinggum,4,0.01,18,94.79591836734694
chewinggum,4,0.02,18,94.9795918367347
chewinggum,4,0.05,18,95.08163265306122
chewinggum,4,0.001,19,91.95918367346938
chewinggum,4,0.0025,19,92.40816326530613
chewinggum,4,0.005,19,92.65306122448979
chewinggum,4,0.01,19,93.38775510204081
chewinggum,4,0.02,19,93.77551020408163
chewinggum,4,0.05,19,94.44897959183673
chewinggum,4,0.001,20,95.59183673469387
chewinggum,4,0.0025,20,95.91836734693878
chewinggum,4,0.005,20,95.87755102040816
chewinggum,4,0.01,20,96.08163265306122
chewinggum,4,0.02,20,95.93877551020408
chewinggum,4,0.05,20,95.61224489795919
chewinggum,4,0.001,21,92.65306122448979
chewinggum,4,0.0025,21,93.95918367346938
chewinggum,4,0.005,21,94.36734693877551
chewinggum,4,0.01,21,94.75510204081633
chewinggum,4,0.02,21,94.9795918367347
chewinggum,4,0.05,21,95.24489795918367
chewinggum,4,0.001,22,92.28571428571429
chewinggum,4,0.0025,22,93.18367346938776
chewinggum,4,0.005,22,93.51020408163265
chewinggum,4,0.01,22,93.79591836734694
chewinggum,4,0.02,22,94.51020408163265
chewinggum,4,0.05,22,95.08163265306122
chewinggum,4,0.001,23,93.18367346938776
chewinggum,4,0.0025,23,93.61224489795919
chewinggum,4,0.005,23,94.22448979591837
chewinggum,4,0.01,23,95.16326530612245
chewinggum,4,0.02,23,95.71428571428571
chewinggum,4,0.05,23,96.14285714285714
chewinggum,4,0.001,24,93.59183673469387
chewinggum,4,0.0025,24,94.04081632653062
chewinggum,4,0.005,24,94.20408163265306
chewinggum,4,0.01,24,94.61224489795919
chewinggum,4,0.02,24,95.0
chewinggum,4,0.05,24,95.38775510204081
chewinggum,4,0.001,25,93.3265306122449
chewinggum,4,0.0025,25,94.04081632653062
chewinggum,4,0.005,25,94.24489795918367
chewinggum,4,0.01,25,94.28571428571429
chewinggum,4,0.02,25,94.81632653061224
chewinggum,4,0.05,25,95.28571428571429
chewinggum,4,0.001,26,94.6938775510204
chewinggum,4,0.0025,26,95.26530612244898
chewinggum,4,0.005,26,95.20408163265306
chewinggum,4,0.01,26,95.46938775510205
chewinggum,4,0.02,26,95.38775510204081
chewinggum,4,0.05,26,95.12244897959184
chewinggum,4,0.001,27,95.48979591836735
chewinggum,4,0.0025,27,95.89795918367346
chewinggum,4,0.005,27,95.9795918367347
chewinggum,4,0.01,27,96.34693877551021
chewinggum,4,0.02,27,96.53061224489795
chewinggum,4,0.05,27,96.51020408163265
chewinggum,4,0.001,28,94.28571428571429
chewinggum,4,0.0025,28,95.06122448979592
chewinggum,4,0.005,28,94.93877551020408
chewinggum,4,0.01,28,94.83673469387755
chewinggum,4,0.02,28,94.93877551020408
chewinggum,4,0.05,28,95.20408163265306
chewinggum,4,0.001,29,93.85714285714286
chewinggum,4,0.0025,29,94.71428571428571
chewinggum,4,0.005,29,94.89795918367346
chewinggum,4,0.01,29,95.08163265306122
chewinggum,4,0.02,29,95.14285714285714
chewinggum,4,0.05,29,95.14285714285714
chewinggum,4,0.001,30,94.24489795918367
chewinggum,4,0.0025,30,94.81632653061224
chewinggum,4,0.005,30,95.36734693877551
chewinggum,4,0.01,30,95.53061224489795
chewinggum,4,0.02,30,95.85714285714286
chewinggum,4,0.05,30,95.73469387755102
chewinggum,4,0.001,31,95.3265306122449
chewinggum,4,0.0025,31,95.38775510204081
chewinggum,4,0.005,31,95.3061224489796
chewinggum,4,0.01,31,95.48979591836735
chewinggum,4,0.02,31,95.6734693877551
chewinggum,4,0.05,31,95.44897959183673
chewinggum,4,0.001,32,95.73469387755102
chewinggum,4,0.0025,32,95.73469387755102
chewinggum,4,0.005,32,95.95918367346938
chewinggum,4,0.01,32,96.14285714285714
chewinggum,4,0.02,32,96.40816326530613
chewinggum,4,0.05,32,96.16326530612245
chewinggum,4,0.001,33,94.38775510204081
chewinggum,4,0.0025,33,94.65306122448979
chewinggum,4,0.005,33,94.91836734693878
chewinggum,4,0.01,33,95.46938775510205
chewinggum,4,0.02,33,95.65306122448979
chewinggum,4,0.05,33,95.9795918367347
chewinggum,4,0.001,34,93.0
chewinggum,4,0.0025,34,93.6938775510204
chewinggum,4,0.005,34,93.89795918367346
chewinggum,4,0.01,34,94.40816326530613
chewinggum,4,0.02,34,94.71428571428571
chewinggum,4,0.05,34,94.93877551020408
chewinggum,4,0.001,35,93.10204081632654
chewinggum,4,0.0025,35,93.77551020408163
chewinggum,4,0.005,35,94.26530612244898
chewinggum,4,0.01,35,94.77551020408163
chewinggum,4,0.02,35,95.51020408163265
chewinggum,4,0.05,35,95.75510204081633
chewinggum,4,0.001,36,94.53061224489795
chewinggum,4,0.0025,36,95.0204081632653
chewinggum,4,0.005,36,95.28571428571429
chewinggum,4,0.01,36,95.63265306122449
chewinggum,4,0.02,36,95.73469387755102
chewinggum,4,0.05,36,95.77551020408163
chewinggum,4,0.001,37,94.63265306122449
chewinggum,4,0.0025,37,94.71428571428571
chewinggum,4,0.005,37,94.77551020408163
chewinggum,4,0.01,37,95.04081632653062
chewinggum,4,0.02,37,95.3061224489796
chewinggum,4,0.05,37,95.20408163265306
chewinggum,4,0.001,38,94.22448979591837
chewinggum,4,0.0025,38,94.36734693877551
chewinggum,4,0.005,38,94.20408163265306
chewinggum,4,0.01,38,94.12244897959184
chewinggum,4,0.02,38,94.22448979591837
chewinggum,4,0.05,38,94.36734693877551
chewinggum,4,0.001,39,94.91836734693878
chewinggum,4,0.0025,39,94.93877551020408
chewinggum,4,0.005,39,95.0
chewinggum,4,0.01,39,95.28571428571429
chewinggum,4,0.02,39,95.38775510204081
chewinggum,4,0.05,39,95.06122448979592
chewinggum,4,0.001,40,94.75510204081633
chewinggum,4,0.0025,40,95.38775510204081
chewinggum,4,0.005,40,95.48979591836735
chewinggum,4,0.01,40,95.40816326530613
chewinggum,4,0.02,40,95.51020408163265
chewinggum,4,0.05,40,95.42857142857143
chewinggum,4,0.001,41,94.65306122448979
chewinggum,4,0.0025,41,94.77551020408163
chewinggum,4,0.005,41,94.73469387755102
chewinggum,4,0.01,41,94.91836734693878
chewinggum,4,0.02,41,95.0
chewinggum,4,0.05,41,95.24489795918367
chewinggum,4,0.001,42,94.28571428571429
chewinggum,4,0.0025,42,94.28571428571429
chewinggum,4,0.005,42,94.12244897959184
chewinggum,4,0.01,42,94.44897959183673
chewinggum,4,0.02,42,94.75510204081633
chewinggum,4,0.05,42,95.22448979591837
chewinggum,4,0.001,43,93.26530612244898
chewinggum,4,0.0025,43,93.28571428571429
chewinggum,4,0.005,43,93.75510204081633
chewinggum,4,0.01,43,94.18367346938776
chewinggum,4,0.02,43,94.75510204081633
chewinggum,4,0.05,43,94.65306122448979
chewinggum,4,0.001,44,94.75510204081633
chewinggum,4,0.0025,44,95.46938775510205
chewinggum,4,0.005,44,95.48979591836735
chewinggum,4,0.01,44,95.75510204081633
chewinggum,4,0.02,44,96.0
chewinggum,4,0.05,44,95.87755102040816
chewinggum,4,0.001,45,93.24489795918367
chewinggum,4,0.0025,45,94.14285714285714
chewinggum,4,0.005,45,94.40816326530613
chewinggum,4,0.01,45,94.83673469387755
chewinggum,4,0.02,45,95.28571428571429
chewinggum,4,0.05,45,95.83673469387755
chewinggum,4,0.001,46,94.20408163265306
chewinggum,4,0.0025,46,94.26530612244898
chewinggum,4,0.005,46,94.53061224489795
chewinggum,4,0.01,46,94.91836734693878
chewinggum,4,0.02,46,95.44897959183673
chewinggum,4,0.05,46,95.71428571428571
chewinggum,4,0.001,47,94.44897959183673
chewinggum,4,0.0025,47,95.08163265306122
chewinggum,4,0.005,47,95.26530612244898
chewinggum,4,0.01,47,95.46938775510205
chewinggum,4,0.02,47,95.36734693877551
chewinggum,4,0.05,47,95.26530612244898
chewinggum,4,0.001,48,92.42857142857143
chewinggum,4,0.0025,48,92.91836734693878
chewinggum,4,0.005,48,93.08163265306122
chewinggum,4,0.01,48,93.46938775510205
chewinggum,4,0.02,48,94.14285714285714
chewinggum,4,0.05,48,94.59183673469387
chewinggum,4,0.001,49,92.0204081632653
chewinggum,4,0.0025,49,92.65306122448979
chewinggum,4,0.005,49,92.81632653061224
chewinggum,4,0.01,49,93.18367346938776
chewinggum,4,0.02,49,93.79591836734694
chewinggum,4,0.05,49,93.77551020408163
chewinggum,4,0.001,50,93.57142857142857
chewinggum,4,0.0025,50,94.0
chewinggum,4,0.005,50,94.10204081632654
chewinggum,4,0.01,50,94.28571428571429
chewinggum,4,0.02,50,94.55102040816327
chewinggum,4,0.05,50,94.79591836734694
chewinggum,4,0.001,51,91.63265306122449
chewinggum,4,0.0025,51,92.51020408163265
chewinggum,4,0.005,51,93.24489795918367
chewinggum,4,0.01,51,93.83673469387755
chewinggum,4,0.02,51,94.42857142857143
chewinggum,4,0.05,51,94.6938775510204
chewinggum,4,0.001,52,94.55102040816327
chewinggum,4,0.0025,52,94.75510204081633
chewinggum,4,0.005,52,94.79591836734694
chewinggum,4,0.01,52,95.28571428571429
chewinggum,4,0.02,52,95.34693877551021
chewinggum,4,0.05,52,95.28571428571429
chewinggum,4,0.001,53,94.10204081632654
chewinggum,4,0.0025,53,94.55102040816327
chewinggum,4,0.005,53,94.59183673469387
chewinggum,4,0.01,53,94.91836734693878
chewinggum,4,0.02,53,95.14285714285714
chewinggum,4,0.05,53,94.85714285714286
chewinggum,4,0.001,54,94.0204081632653
chewinggum,4,0.0025,54,94.79591836734694
chewinggum,4,0.005,54,95.10204081632654
chewinggum,4,0.01,54,95.3265306122449
chewinggum,4,0.02,54,95.26530612244898
chewinggum,4,0.05,54,95.04081632653062
chewinggum,4,0.001,55,94.16326530612245
chewinggum,4,0.0025,55,94.65306122448979
chewinggum,4,0.005,55,94.6938775510204
chewinggum,4,0.01,55,94.9795918367347
chewinggum,4,0.02,55,95.08163265306122
chewinggum,4,0.05,55,94.75510204081633
chewinggum,4,0.001,56,94.40816326530613
chewinggum,4,0.0025,56,94.89795918367346
chewinggum,4,0.005,56,95.44897959183673
chewinggum,4,0.01,56,95.6734693877551
chewinggum,4,0.02,56,95.83673469387755
chewinggum,4,0.05,56,95.81632653061224
chewinggum,4,0.001,57,92.81632653061224
chewinggum,4,0.0025,57,93.89795918367346
chewinggum,4,0.005,57,94.08163265306122
chewinggum,4,0.01,57,94.6734693877551
chewinggum,4,0.02,57,95.18367346938776
chewinggum,4,0.05,57,95.10204081632654
chewinggum,4,0.001,58,94.46938775510205
chewinggum,4,0.0025,58,94.93877551020408
chewinggum,4,0.005,58,95.08163265306122
chewinggum,4,0.01,58,95.24489795918367
chewinggum,4,0.02,58,95.59183673469387
chewinggum,4,0.05,58,95.87755102040816
chewinggum,4,0.001,59,94.40816326530613
chewinggum,4,0.0025,59,94.46938775510205
chewinggum,4,0.005,59,94.61224489795919
chewinggum,4,0.01,59,95.0
chewinggum,4,0.02,59,95.26530612244898
chewinggum,4,0.05,59,95.38775510204081
chewinggum,4,0.001,60,93.57142857142857
chewinggum,4,0.0025,60,94.18367346938776
chewinggum,4,0.005,60,94.55102040816327
chewinggum,4,0.01,60,94.91836734693878
chewinggum,4,0.02,60,94.93877551020408
chewinggum,4,0.05,60,94.65306122448979
chewinggum,4,0.001,61,92.46938775510205
chewinggum,4,0.0025,61,93.34693877551021
chewinggum,4,0.005,61,93.87755102040816
chewinggum,4,0.01,61,94.73469387755102
chewinggum,4,0.02,61,95.16326530612245
chewinggum,4,0.05,61,95.61224489795919
chewinggum,4,0.001,62,94.40816326530613
chewinggum,4,0.0025,62,94.55102040816327
chewinggum,4,0.005,62,94.65306122448979
chewinggum,4,0.01,62,94.75510204081633
chewinggum,4,0.02,62,95.0
chewinggum,4,0.05,62,95.24489795918367
chewinggum,4,0.001,63,94.3265306122449
chewinggum,4,0.0025,63,95.10204081632654
chewinggum,4,0.005,63,95.18367346938776
chewinggum,4,0.01,63,95.63265306122449
chewinggum,4,0.02,63,95.95918367346938
chewinggum,4,0.05,63,96.12244897959184
chewinggum,4,0.001,64,93.53061224489795
chewinggum,4,0.0025,64,94.0
chewinggum,4,0.005,64,94.20408163265306
chewinggum,4,0.01,64,94.38775510204081
chewinggum,4,0.02,64,94.63265306122449
chewinggum,4,0.05,64,94.61224489795919
chewinggum,4,0.001,65,92.36734693877551
chewinggum,4,0.0025,65,93.38775510204081
chewinggum,4,0.005,65,94.06122448979592
chewinggum,4,0.01,65,94.79591836734694
chewinggum,4,0.02,65,94.85714285714286
chewinggum,4,0.05,65,94.59183673469387
chewinggum,4,0.001,66,91.51020408163265
chewinggum,4,0.0025,66,92.42857142857143
chewinggum,4,0.005,66,93.3061224489796
chewinggum,4,0.01,66,94.22448979591837
chewinggum,4,0.02,66,94.83673469387755
chewinggum,4,0.05,66,95.0204081632653
chewinggum,4,0.001,67,93.89795918367346
chewinggum,4,0.0025,67,94.10204081632654
chewinggum,4,0.005,67,94.06122448979592
chewinggum,4,0.01,67,94.12244897959184
chewinggum,4,0.02,67,94.34693877551021
chewinggum,4,0.05,67,94.46938775510205
chewinggum,4,0.001,68,95.36734693877551
chewinggum,4,0.0025,68,95.85714285714286
chewinggum,4,0.005,68,95.89795918367346
chewinggum,4,0.01,68,96.04081632653062
chewinggum,4,0.02,68,96.20408163265306
chewinggum,4,0.05,68,96.0
chewinggum,4,0.001,69,93.36734693877551
chewinggum,4,0.0025,69,94.0204081632653
chewinggum,4,0.005,69,94.18367346938776
chewinggum,4,0.01,69,94.20408163265306
chewinggum,4,0.02,69,94.38775510204081
chewinggum,4,0.05,69,94.55102040816327
chewinggum,4,0.001,70,93.48979591836735
chewinggum,4,0.0025,70,93.83673469387755
chewinggum,4,0.005,70,94.24489795918367
chewinggum,4,0.01,70,94.42857142857143
chewinggum,4,0.02,70,94.77551020408163
chewinggum,4,0.05,70,94.77551020408163
chewinggum,4,0.001,71,91.6734693877551
chewinggum,4,0.0025,71,92.20408163265306
chewinggum,4,0.005,71,93.04081632653062
chewinggum,4,0.01,71,93.73469387755102
chewinggum,4,0.02,71,94.10204081632654
chewinggum,4,0.05,71,94.55102040816327
chewinggum,4,0.001,72,94.0204081632653
chewinggum,4,0.0025,72,94.46938775510205
chewinggum,4,0.005,72,94.89795918367346
chewinggum,4,0.01,72,95.22448979591837
chewinggum,4,0.02,72,95.57142857142857
chewinggum,4,0.05,72,95.6734693877551
chewinggum,4,0.001,73,94.73469387755102
chewinggum,4,0.0025,73,94.91836734693878
chewinggum,4,0.005,73,95.12244897959184
chewinggum,4,0.01,73,95.38775510204081
chewinggum,4,0.02,73,95.40816326530613
chewinggum,4,0.05,73,95.08163265306122
chewinggum,4,0.001,74,93.63265306122449
chewinggum,4,0.0025,74,94.3265306122449
chewinggum,4,0.005,74,94.65306122448979
chewinggum,4,0.01,74,94.95918367346938
chewinggum,4,0.02,74,94.85714285714286
chewinggum,4,0.05,74,94.79591836734694
chewinggum,4,0.001,75,93.75510204081633
chewinggum,4,0.0025,75,94.48979591836735
chewinggum,4,0.005,75,94.87755102040816
chewinggum,4,0.01,75,94.73469387755102
chewinggum,4,0.02,75,94.87755102040816
chewinggum,4,0.05,75,95.12244897959184
chewinggum,4,0.001,76,95.91836734693878
chewinggum,4,0.0025,76,96.26530612244898
chewinggum,4,0.005,76,96.20408163265306
chewinggum,4,0.01,76,96.51020408163265
chewinggum,4,0.02,76,96.51020408163265
chewinggum,4,0.05,76,96.53061224489795
chewinggum,4,0.001,77,92.48979591836735
chewinggum,4,0.0025,77,93.51020408163265
chewinggum,4,0.005,77,93.6734693877551
chewinggum,4,0.01,77,94.06122448979592
chewinggum,4,0.02,77,94.34693877551021
chewinggum,4,0.05,77,94.59183673469387
chewinggum,4,0.001,78,91.85714285714286
chewinggum,4,0.0025,78,92.42857142857143
chewinggum,4,0.005,78,92.75510204081633
chewinggum,4,0.01,78,93.28571428571429
chewinggum,4,0.02,78,93.63265306122449
chewinggum,4,0.05,78,94.04081632653062
chewinggum,4,0.001,79,93.73469387755102
chewinggum,4,0.0025,79,94.40816326530613
chewinggum,4,0.005,79,94.85714285714286
chewinggum,4,0.01,79,95.3265306122449
chewinggum,4,0.02,79,95.71428571428571
chewinggum,4,0.05,79,95.48979591836735
chewinggum,4,0.001,80,93.89795918367346
chewinggum,4,0.0025,80,93.91836734693878
chewinggum,4,0.005,80,93.9795918367347
chewinggum,4,0.01,80,94.40816326530613
chewinggum,4,0.02,80,94.6734693877551
chewinggum,4,0.05,80,95.10204081632654
chewinggum,4,0.001,81,93.26530612244898
chewinggum,4,0.0025,81,93.61224489795919
chewinggum,4,0.005,81,93.81632653061224
chewinggum,4,0.01,81,93.91836734693878
chewinggum,4,0.02,81,94.42857142857143
chewinggum,4,0.05,81,94.6734693877551
chewinggum,4,0.001,82,92.40816326530613
chewinggum,4,0.0025,82,93.22448979591837
chewinggum,4,0.005,82,93.83673469387755
chewinggum,4,0.01,82,94.28571428571429
chewinggum,4,0.02,82,94.61224489795919
chewinggum,4,0.05,82,94.85714285714286
chewinggum,4,0.001,83,93.79591836734694
chewinggum,4,0.0025,83,94.22448979591837
chewinggum,4,0.005,83,94.48979591836735
chewinggum,4,0.01,83,95.14285714285714
chewinggum,4,0.02,83,95.75510204081633
chewinggum,4,0.05,83,95.93877551020408
chewinggum,4,0.001,84,91.08163265306122
chewinggum,4,0.0025,84,91.53061224489795
chewinggum,4,0.005,84,92.48979591836735
chewinggum,4,0.01,84,92.89795918367346
chewinggum,4,0.02,84,93.89795918367346
chewinggum,4,0.05,84,94.20408163265306
chewinggum,4,0.001,85,93.48979591836735
chewinggum,4,0.0025,85,94.12244897959184
chewinggum,4,0.005,85,94.57142857142857
chewinggum,4,0.01,85,95.3061224489796
chewinggum,4,0.02,85,95.87755102040816
chewinggum,4,0.05,85,96.16326530612245
chewinggum,4,0.001,86,93.28571428571429
chewinggum,4,0.0025,86,93.46938775510205
chewinggum,4,0.005,86,94.3061224489796
chewinggum,4,0.01,86,94.73469387755102
chewinggum,4,0.02,86,94.85714285714286
chewinggum,4,0.05,86,94.77551020408163
chewinggum,8,0.001,0,78.14285714285714
chewinggum,8,0.0025,0,79.44897959183673
chewinggum,8,0.005,0,81.6938775510204
chewinggum,8,0.01,0,84.18367346938776
chewinggum,8,0.02,0,86.3265306122449
chewinggum,8,0.05,0,88.77551020408163
chewinggum,8,0.001,1,79.93877551020408
chewinggum,8,0.0025,1,81.18367346938776
chewinggum,8,0.005,1,82.81632653061224
chewinggum,8,0.01,1,85.3265306122449
chewinggum,8,0.02,1,87.53061224489795
chewinggum,8,0.05,1,89.18367346938776
chewinggum,8,0.001,2,84.79591836734694
chewinggum,8,0.0025,2,84.38775510204081
chewinggum,8,0.005,2,85.36734693877551
chewinggum,8,0.01,2,86.34693877551021
chewinggum,8,0.02,2,88.10204081632654
chewinggum,8,0.05,2,89.87755102040816
chewinggum,8,0.001,3,79.91836734693878
chewinggum,8,0.0025,3,80.59183673469387
chewinggum,8,0.005,3,82.65306122448979
chewinggum,8,0.01,3,84.75510204081633
chewinggum,8,0.02,3,86.87755102040816
chewinggum,8,0.05,3,88.79591836734694
