variant,seed,episode,target,shot,size,baseline,learned,random,oracle,picked_bank,oracle_bank,r1
target_only,0,can|-1|0|1000,can,-1,1000,52.26851851851851,50.848766,44.81922149658203,50.8487663269043,fabric,fabric,40.74074172973633
target_only,0,can|-1|0|200,can,-1,200,52.26851851851851,48.919754,46.016319274902344,50.38580322265625,fabric,vial,40.061729431152344
target_only,0,can|-1|0|500,can,-1,500,52.26851851851851,49.5679,45.17636489868164,49.567901611328125,fabric,fabric,38.76543045043945
target_only,0,can|-1|1|1000,can,-1,1000,52.26851851851851,50.97222,45.3262825012207,50.97222137451172,fabric,fabric,40.0
target_only,0,can|-1|1|200,can,-1,200,52.26851851851851,51.635803,43.51852035522461,51.63580322265625,fabric,fabric,40.8487663269043
target_only,0,can|-1|1|500,can,-1,500,52.26851851851851,50.07716,45.244712829589844,50.0771598815918,fabric,fabric,41.820987701416016
target_only,0,can|-1|2|1000,can,-1,1000,52.26851851851851,50.89506,45.17636489868164,50.89506149291992,fabric,fabric,40.061729431152344
target_only,0,can|-1|2|200,can,-1,200,52.26851851851851,47.947533,45.32627487182617,50.13888931274414,fabric,sheet_metal,37.37654495239258
target_only,0,can|-1|2|500,can,-1,500,52.26851851851851,51.99074,46.197086334228516,51.99074172973633,fabric,fabric,40.35493850708008
target_only,0,can|1|0|1000,can,1,1000,44.87654320987654,50.29321,46.809967041015625,50.293209075927734,fabric,fabric,45.4012336730957
target_only,0,can|1|0|200,can,1,200,44.87654320987654,48.82716,46.70634078979492,48.8271598815918,fabric,fabric,45.447532653808594
target_only,0,can|1|0|500,can,1,500,44.87654320987654,49.72222,46.682098388671875,49.72222137451172,fabric,fabric,46.188270568847656
target_only,0,can|1|1|1000,can,1,1000,45.956790123456784,49.197533,46.598323822021484,49.24382781982422,fabric,vial,45.52469253540039
target_only,0,can|1|1|200,can,1,200,45.956790123456784,49.33642,46.77910232543945,49.33641815185547,fabric,fabric,45.26234436035156
target_only,0,can|1|1|500,can,1,500,45.956790123456784,49.62963,47.039241790771484,49.62963104248047,fabric,fabric,45.69444274902344
target_only,0,can|1|2|1000,can,1,1000,36.60493827160494,37.592594,39.678131103515625,42.5771598815918,fabric,fruit_jelly,42.5771598815918
target_only,0,can|1|2|200,can,1,200,36.60493827160494,38.209877,38.47442626953125,41.77469253540039,fabric,fruit_jelly,41.77469253540039
target_only,0,can|1|2|500,can,1,500,36.60493827160494,37.36111,39.42019271850586,42.5,fabric,sheet_metal,42.345680236816406
target_only,0,can|2|0|1000,can,2,1000,34.876543209876544,44.64506,41.64020919799805,45.4783935546875,fabric,sheet_metal,43.91975402832031
target_only,0,can|2|0|200,can,2,200,34.876543209876544,43.040123,42.40520477294922,49.49074172973633,fabric,sheet_metal,44.61419677734375
target_only,0,can|2|0|500,can,2,500,34.876543209876544,43.81173,41.90696334838867,47.08333206176758,fabric,sheet_metal,44.72222137451172
target_only,0,can|2|1|1000,can,2,1000,41.373456790123456,50.632717,43.15696334838867,50.63271713256836,fabric,fabric,40.30864334106445
target_only,0,can|2|1|200,can,2,200,41.373456790123456,50.941357,43.85581588745117,50.94135665893555,fabric,fabric,42.407405853271484
target_only,0,can|2|1|500,can,2,500,41.373456790123456,50.246914,43.62213134765625,50.24691390991211,fabric,fabric,40.49382781982422
target_only,0,can|2|2|1000,can,2,1000,35.84876543209876,39.675926,41.51234817504883,49.459877014160156,fabric,sheet_metal,39.86111068725586
target_only,0,can|2|2|200,can,2,200,35.84876543209876,37.79321,41.31393051147461,47.77777862548828,fabric,sheet_metal,38.950618743896484
target_only,0,can|2|2|500,can,2,500,35.84876543209876,39.583332,40.471778869628906,46.311729431152344,fabric,walnuts,39.61419677734375
target_only,0,can|4|0|1000,can,4,1000,34.5679012345679,42.314816,37.235450744628906,42.561729431152344,fabric,wallplugs,33.05555725097656
target_only,0,can|4|0|200,can,4,200,34.5679012345679,40.27778,38.15917205810547,44.41358184814453,fabric,sheet_metal,35.7716064453125
target_only,0,can|4|0|500,can,4,500,34.5679012345679,41.558643,37.62565994262695,42.80864334106445,fabric,sheet_metal,32.76234436035156
target_only,0,can|4|1|1000,can,4,1000,44.675925925925924,50.23148,46.62036895751953,50.23147964477539,fabric,fabric,40.74074172973633
target_only,0,can|4|1|200,can,4,200,44.675925925925924,51.01852,46.790122985839844,51.01852035522461,fabric,fabric,43.842594146728516
target_only,0,can|4|1|500,can,4,500,44.675925925925924,49.506172,46.53659439086914,50.03086471557617,fabric,wallplugs,41.26543045043945
target_only,0,can|4|2|1000,can,4,1000,47.916666666666664,52.037037,49.005733489990234,52.03703689575195,fabric,fabric,48.62654495239258
target_only,0,can|4|2|200,can,4,200,47.916666666666664,52.391975,49.27028274536133,52.77777862548828,fabric,vial,48.22530746459961
target_only,0,can|4|2|500,can,4,500,47.916666666666664,51.959877,48.913143157958984,51.959877014160156,fabric,fabric,47.453704833984375
target_only,0,fabric|-1|0|1000,fabric,-1,1000,56.313131313131315,53.855217,53.99711990356445,66.68350219726562,can,fruit_jelly,
target_only,0,fabric|-1|0|200,fabric,-1,200,56.313131313131315,53.855217,53.403076171875,66.12794494628906,can,walnuts,
target_only,0,fabric|-1|0|500,fabric,-1,500,56.313131313131315,53.855217,54.02356719970703,66.919189453125,can,fruit_jelly,
target_only,0,fabric|-1|1|1000,fabric,-1,1000,56.313131313131315,53.855217,53.593074798583984,66.07743835449219,can,fruit_jelly,
target_only,0,fabric|-1|1|200,fabric,-1,200,56.313131313131315,53.855217,53.015869140625,67.47474670410156,can,fruit_jelly,
target_only,0,fabric|-1|1|500,fabric,-1,500,56.313131313131315,53.855217,52.0322265625,64.71380615234375,can,fruit_jelly,
target_only,0,fabric|-1|2|1000,fabric,-1,1000,56.313131313131315,53.855217,53.90091323852539,64.94949340820312,can,fruit_jelly,
target_only,0,fabric|-1|2|200,fabric,-1,200,56.313131313131315,53.855217,53.102455139160156,77.03704071044922,can,sheet_metal,
target_only,0,fabric|-1|2|500,fabric,-1,500,56.313131313131315,53.855217,52.22222137451172,67.20539093017578,can,fruit_jelly,
target_only,0,fabric|1|0|1000,fabric,1,1000,30.85858585858585,31.127947,37.97739028930664,48.38383865356445,can,sheet_metal,
target_only,0,fabric|1|0|200,fabric,1,200,30.85858585858585,31.127947,37.79220962524414,51.296295166015625,can,walnuts,
target_only,0,fabric|1|0|500,fabric,1,500,30.85858585858585,31.127947,38.89850997924805,49.91582489013672,can,sheet_metal,
target_only,0,fabric|1|1|1000,fabric,1,1000,64.79797979797979,54.96633,58.18181610107422,72.82828521728516,can,fruit_jelly,
target_only,0,fabric|1|1|200,fabric,1,200,64.79797979797979,54.96633,57.8379020690918,68.98989868164062,can,fruit_jelly,
target_only,0,fabric|1|1|500,fabric,1,500,64.79797979797979,54.96633,57.53006362915039,71.8855209350586,can,fruit_jelly,
target_only,0,fabric|1|2|1000,fabric,1,1000,46.666666666666664,41.919193,49.46127700805664,59.17508316040039,can,fruit_jelly,
target_only,0,fabric|1|2|200,fabric,1,200,46.666666666666664,41.919193,47.522850036621094,57.25589370727539,can,fruit_jelly,
target_only,0,fabric|1|2|500,fabric,1,500,46.666666666666664,41.919193,49.528621673583984,62.3232307434082,can,fruit_jelly,
target_only,0,fabric|2|0|1000,fabric,2,1000,68.70370370370371,62.037037,61.22895431518555,69.86531829833984,can,sheet_metal,
target_only,0,fabric|2|0|200,fabric,2,200,68.70370370370371,62.037037,60.038482666015625,71.63299560546875,can,walnuts,
target_only,0,fabric|2|0|500,fabric,2,500,68.70370370370371,62.037037,60.50745391845703,68.95623016357422,can,walnuts,
target_only,0,fabric|2|1|1000,fabric,2,1000,47.222222222222214,50.016834,47.57094955444336,58.33333206176758,can,fruit_jelly,
target_only,0,fabric|2|1|200,fabric,2,200,47.222222222222214,50.016834,45.45935821533203,54.79798126220703,can,fruit_jelly,
target_only,0,fabric|2|1|500,fabric,2,500,47.222222222222214,50.016834,46.7652702331543,57.306396484375,can,sheet_metal,
target_only,0,fabric|2|2|1000,fabric,2,1000,57.0875420875421,52.878788,56.835018157958984,69.49494934082031,can,fruit_jelly,
target_only,0,fabric|2|2|200,fabric,2,200,57.0875420875421,52.878788,55.182777404785156,68.33333587646484,can,fruit_jelly,
target_only,0,fabric|2|2|500,fabric,2,500,57.0875420875421,52.878788,55.80086898803711,71.02693939208984,can,fruit_jelly,
target_only,0,fabric|4|0|1000,fabric,4,1000,57.71043771043771,54.006733,55.66858673095703,70.90908813476562,can,fruit_jelly,
target_only,0,fabric|4|0|200,fabric,4,200,57.71043771043771,54.006733,55.603660583496094,67.49158477783203,can,walnuts,
target_only,0,fabric|4|0|500,fabric,4,500,57.71043771043771,54.006733,57.00095748901367,70.37036895751953,can,fruit_jelly,
target_only,0,fabric|4|1|1000,fabric,4,1000,49.62962962962963,48.9899,52.467533111572266,66.11111450195312,can,fruit_jelly,
target_only,0,fabric|4|1|200,fabric,4,200,49.62962962962963,48.9899,51.45502471923828,62.84511947631836,can,fruit_jelly,
target_only,0,fabric|4|1|500,fabric,4,500,49.62962962962963,48.9899,51.4911003112793,64.30976104736328,can,fruit_jelly,
target_only,0,fabric|4|2|1000,fabric,4,1000,55.40404040404041,52.05387,54.1462287902832,66.80134582519531,can,fruit_jelly,
target_only,0,fabric|4|2|200,fabric,4,200,55.40404040404041,52.05387,53.2732048034668,69.24242401123047,can,sheet_metal,
target_only,0,fabric|4|2|500,fabric,4,500,55.40404040404041,52.05387,52.602210998535156,67.8787841796875,can,fruit_jelly,
target_only,0,fruit_jelly|-1|0|1000,fruit_jelly,-1,1000,86.58333333333333,67.0,69.6190414428711,80.91666412353516,can,rice,
target_only,0,fruit_jelly|-1|0|200,fruit_jelly,-1,200,86.58333333333333,67.0,67.72618865966797,80.83333587646484,can,rice,
target_only,0,fruit_jelly|-1|0|500,fruit_jelly,-1,500,86.58333333333333,67.0,69.38095092773438,80.91666412353516,can,rice,
target_only,0,fruit_jelly|-1|1|1000,fruit_jelly,-1,1000,86.58333333333333,67.0,69.23809051513672,80.91666412353516,can,rice,
target_only,0,fruit_jelly|-1|1|200,fruit_jelly,-1,200,86.58333333333333,67.0,70.55953216552734,83.58333587646484,can,rice,
target_only,0,fruit_jelly|-1|1|500,fruit_jelly,-1,500,86.58333333333333,67.0,69.57142639160156,80.16666412353516,can,rice,
target_only,0,fruit_jelly|-1|2|1000,fruit_jelly,-1,1000,86.58333333333333,67.0,69.34523010253906,80.91666412353516,can,rice,
target_only,0,fruit_jelly|-1|2|200,fruit_jelly,-1,200,86.58333333333333,67.0,75.73809814453125,83.41666412353516,can,sheet_metal,
target_only,0,fruit_jelly|-1|2|500,fruit_jelly,-1,500,86.58333333333333,67.0,68.25,80.75,can,rice,
target_only,0,fruit_jelly|1|0|1000,fruit_jelly,1,1000,73.16666666666666,52.5,63.36904525756836,69.0,can,wallplugs,
target_only,0,fruit_jelly|1|0|200,fruit_jelly,1,200,73.16666666666666,52.5,62.36904525756836,69.41666412353516,can,wallplugs,
target_only,0,fruit_jelly|1|0|500,fruit_jelly,1,500,73.16666666666666,52.5,63.75,69.33333587646484,can,walnuts,
target_only,0,fruit_jelly|1|1|1000,fruit_jelly,1,1000,85.91666666666666,66.416664,73.73809051513672,79.33333587646484,can,walnuts,
target_only,0,fruit_jelly|1|1|200,fruit_jelly,1,200,85.91666666666666,66.416664,73.96428680419922,81.16666412353516,can,walnuts,
target_only,0,fruit_jelly|1|1|500,fruit_jelly,1,500,85.91666666666666,66.416664,73.91666412353516,80.41666412353516,can,vial,
target_only,0,fruit_jelly|1|2|1000,fruit_jelly,1,1000,84.58333333333331,70.833336,77.8452377319336,84.41666412353516,can,wallplugs,
target_only,0,fruit_jelly|1|2|200,fruit_jelly,1,200,84.58333333333331,70.833336,80.19048309326172,85.33333587646484,can,walnuts,
target_only,0,fruit_jelly|1|2|500,fruit_jelly,1,500,84.58333333333331,70.833336,77.75,84.41666412353516,can,wallplugs,
target_only,0,fruit_jelly|2|0|1000,fruit_jelly,2,1000,81.16666666666667,60.25,65.89286041259766,72.0,can,fabric,
target_only,0,fruit_jelly|2|0|200,fruit_jelly,2,200,81.16666666666667,60.25,64.64286041259766,70.5,can,fabric,
target_only,0,fruit_jelly|2|0|500,fruit_jelly,2,500,81.16666666666667,60.25,65.69047546386719,72.16666412353516,can,fabric,
target_only,0,fruit_jelly|2|1|1000,fruit_jelly,2,1000,81.58333333333333,63.166668,67.03571319580078,75.41666412353516,can,fabric,
target_only,0,fruit_jelly|2|1|200,fruit_jelly,2,200,81.58333333333333,63.166668,66.89286041259766,76.08333587646484,can,fabric,
target_only,0,fruit_jelly|2|1|500,fruit_jelly,2,500,81.58333333333333,63.166668,67.58333587646484,76.66666412353516,can,fabric,
target_only,0,fruit_jelly|2|2|1000,fruit_jelly,2,1000,78.41666666666667,61.333332,67.04762268066406,77.08333587646484,can,fabric,
target_only,0,fruit_jelly|2|2|200,fruit_jelly,2,200,78.41666666666667,61.333332,69.0952377319336,74.16666412353516,can,fabric,
target_only,0,fruit_jelly|2|2|500,fruit_jelly,2,500,78.41666666666667,61.333332,66.72618865966797,75.41666412353516,can,fabric,
target_only,0,fruit_jelly|4|0|1000,fruit_jelly,4,1000,78.83333333333333,59.583332,67.63095092773438,75.75,can,fabric,
target_only,0,fruit_jelly|4|0|200,fruit_jelly,4,200,78.83333333333333,59.583332,64.6547622680664,73.5,can,rice,
target_only,0,fruit_jelly|4|0|500,fruit_jelly,4,500,78.83333333333333,59.583332,67.70237731933594,76.58333587646484,can,fabric,
target_only,0,fruit_jelly|4|1|1000,fruit_jelly,4,1000,86.75,70.0,72.0952377319336,79.83333587646484,can,rice,
target_only,0,fruit_jelly|4|1|200,fruit_jelly,4,200,86.75,70.0,73.57142639160156,82.41666412353516,can,walnuts,
target_only,0,fruit_jelly|4|1|500,fruit_jelly,4,500,86.75,70.0,72.32142639160156,79.41666412353516,can,rice,
target_only,0,fruit_jelly|4|2|1000,fruit_jelly,4,1000,88.08333333333333,65.5,71.92857360839844,77.33333587646484,can,fabric,
target_only,0,fruit_jelly|4|2|200,fruit_jelly,4,200,88.08333333333333,65.5,75.39286041259766,80.83333587646484,can,rice,
target_only,0,fruit_jelly|4|2|500,fruit_jelly,4,500,88.08333333333333,65.5,71.09523010253906,77.25,can,rice,
target_only,0,rice|-1|0|1000,rice,-1,1000,80.74074074074075,67.08995,63.711265563964844,70.661376953125,can,walnuts,
target_only,0,rice|-1|0|200,rice,-1,200,80.74074074074075,67.08995,59.693878173828125,71.08465576171875,can,wallplugs,
target_only,0,rice|-1|0|500,rice,-1,500,80.74074074074075,67.08995,62.248680114746094,68.38624572753906,can,fabric,
target_only,0,rice|-1|1|1000,rice,-1,1000,80.74074074074075,67.08995,63.31443405151367,70.87301635742188,can,walnuts,
target_only,0,rice|-1|1|200,rice,-1,200,80.74074074074075,67.08995,61.60997772216797,67.08995056152344,can,can,
target_only,0,rice|-1|1|500,rice,-1,500,80.74074074074075,67.08995,63.722599029541016,71.9047622680664,can,walnuts,
target_only,0,rice|-1|2|1000,rice,-1,1000,80.74074074074075,67.08995,63.824642181396484,71.48148345947266,can,walnuts,
target_only,0,rice|-1|2|200,rice,-1,200,80.74074074074075,67.08995,67.82312774658203,69.78836059570312,can,sheet_metal,
target_only,0,rice|-1|2|500,rice,-1,500,80.74074074074075,67.08995,62.4527587890625,68.62433624267578,can,walnuts,
target_only,0,rice|1|0|1000,rice,1,1000,86.74603174603175,75.87302,70.18518829345703,78.99470520019531,can,walnuts,
target_only,0,rice|1|0|200,rice,1,200,86.74603174603175,75.87302,68.90022277832031,79.57672119140625,can,walnuts,
target_only,0,rice|1|0|500,rice,1,500,86.74603174603175,75.87302,70.16250610351562,77.1693115234375,can,walnuts,
target_only,0,rice|1|1|1000,rice,1,1000,78.4920634920635,73.227516,68.61678314208984,75.63491821289062,can,wallplugs,
target_only,0,rice|1|1|200,rice,1,200,78.4920634920635,73.227516,68.26152801513672,74.97354125976562,can,wallplugs,
target_only,0,rice|1|1|500,rice,1,500,78.4920634920635,73.227516,69.78079986572266,75.63491821289062,can,wallplugs,
target_only,0,rice|1|2|1000,rice,1,1000,77.93650793650795,79.89418,72.21466064453125,79.89418029785156,can,can,
target_only,0,rice|1|2|200,rice,1,200,77.93650793650795,79.89418,75.31745910644531,79.89418029785156,can,can,
target_only,0,rice|1|2|500,rice,1,500,77.93650793650795,79.89418,70.23809051513672,79.89418029785156,can,can,
target_only,0,rice|2|0|1000,rice,2,1000,78.94179894179894,73.544975,70.10960388183594,76.71957397460938,can,wallplugs,
target_only,0,rice|2|0|200,rice,2,200,78.94179894179894,73.544975,67.03325653076172,77.08995056152344,can,wallplugs,
target_only,0,rice|2|0|500,rice,2,500,78.94179894179894,73.544975,69.24036407470703,76.71957397460938,can,wallplugs,
target_only,0,rice|2|1|1000,rice,2,1000,72.91005291005293,64.25926,64.30082702636719,73.25396728515625,can,fabric,
target_only,0,rice|2|1|200,rice,2,200,72.91005291005293,64.25926,63.85109329223633,77.01058197021484,can,fabric,
target_only,0,rice|2|1|500,rice,2,500,72.91005291005293,64.25926,64.84883117675781,77.01058197021484,can,fabric,
target_only,0,rice|2|2|1000,rice,2,1000,76.79894179894181,71.402115,69.47845458984375,73.86243438720703,can,wallplugs,
target_only,0,rice|2|2|200,rice,2,200,76.79894179894181,71.402115,72.0521469116211,78.4920654296875,can,sheet_metal,
target_only,0,rice|2|2|500,rice,2,500,76.79894179894181,71.402115,68.14058685302734,73.86243438720703,can,wallplugs,
target_only,0,rice|4|0|1000,rice,4,1000,79.62962962962963,74.68254,69.42932891845703,77.08995056152344,can,walnuts,
target_only,0,rice|4|0|200,rice,4,200,79.62962962962963,74.68254,65.69917297363281,74.68254089355469,can,can,
target_only,0,rice|4|0|500,rice,4,500,79.62962962962963,74.68254,67.9062728881836,76.93121337890625,can,fabric,
target_only,0,rice|4|1|1000,rice,4,1000,79.31216931216932,69.94709,66.29630279541016,74.20635223388672,can,walnuts,
target_only,0,rice|4|1|200,rice,4,200,79.31216931216932,69.94709,65.60846710205078,70.02645874023438,can,wallplugs,
target_only,0,rice|4|1|500,rice,4,500,79.31216931216932,69.94709,66.88208770751953,73.65079498291016,can,walnuts,
target_only,0,rice|4|2|1000,rice,4,1000,78.17460317460319,69.94709,65.10581970214844,69.94709014892578,can,can,
target_only,0,rice|4|2|200,rice,4,200,78.17460317460319,69.94709,69.44444274902344,77.96295928955078,can,sheet_metal,
target_only,0,rice|4|2|500,rice,4,500,78.17460317460319,69.94709,64.46712493896484,69.94709014892578,can,can,
target_only,0,sheet_metal|-1|0|1000,sheet_metal,-1,1000,83.47222222222221,79.67593,80.30423736572266,83.98148345947266,can,fruit_jelly,79.12036895751953
target_only,0,sheet_metal|-1|0|200,sheet_metal,-1,200,83.47222222222221,79.67593,79.65608215332031,86.99073791503906,can,fruit_jelly,76.66666412353516
target_only,0,sheet_metal|-1|0|500,sheet_metal,-1,500,83.47222222222221,79.67593,79.70238494873047,84.95370483398438,can,fruit_jelly,79.35185241699219
target_only,0,sheet_metal|-1|1|1000,sheet_metal,-1,1000,83.47222222222221,79.67593,80.33729553222656,83.14814758300781,can,fruit_jelly,81.94444274902344
target_only,0,sheet_metal|-1|1|200,sheet_metal,-1,200,83.47222222222221,79.67593,80.7275161743164,87.91666412353516,can,fruit_jelly,78.00926208496094
target_only,0,sheet_metal|-1|1|500,sheet_metal,-1,500,83.47222222222221,79.67593,80.02645111083984,86.52777862548828,can,fruit_jelly,76.25
target_only,0,sheet_metal|-1|2|1000,sheet_metal,-1,1000,83.47222222222221,79.67593,79.75529479980469,83.93518829345703,can,fruit_jelly,78.33333587646484
target_only,0,sheet_metal|-1|2|200,sheet_metal,-1,200,83.47222222222221,79.67593,78.76322937011719,82.63888549804688,can,fruit_jelly,72.40740966796875
target_only,0,sheet_metal|-1|2|500,sheet_metal,-1,500,83.47222222222221,79.67593,80.41666412353516,82.5,can,fruit_jelly,80.46295928955078
target_only,0,sheet_metal|1|0|1000,sheet_metal,1,1000,85.27777777777777,82.5,82.32804870605469,85.87963104248047,can,fruit_jelly,81.15740966796875
target_only,0,sheet_metal|1|0|200,sheet_metal,1,200,85.27777777777777,82.5,81.5806884765625,87.26851654052734,can,fruit_jelly,79.44444274902344
target_only,0,sheet_metal|1|0|500,sheet_metal,1,500,85.27777777777777,82.5,81.81217193603516,86.43518829345703,can,fruit_jelly,81.20370483398438
target_only,0,sheet_metal|1|1|1000,sheet_metal,1,1000,80.55555555555556,81.57407,78.63094329833984,81.62036895751953,can,wallplugs,80.18518829345703
target_only,0,sheet_metal|1|1|200,sheet_metal,1,200,80.55555555555556,81.57407,79.5502700805664,82.40740966796875,can,fruit_jelly,78.4259262084961
target_only,0,sheet_metal|1|1|500,sheet_metal,1,500,80.55555555555556,81.57407,78.71692657470703,81.62036895751953,can,wallplugs,76.89814758300781
target_only,0,sheet_metal|1|2|1000,sheet_metal,1,1000,82.5462962962963,80.50926,79.338623046875,82.45370483398438,can,fruit_jelly,81.43518829345703
target_only,0,sheet_metal|1|2|200,sheet_metal,1,200,82.5462962962963,80.50926,78.5383529663086,81.38888549804688,can,fruit_jelly,77.59259033203125
target_only,0,sheet_metal|1|2|500,sheet_metal,1,500,82.5462962962963,80.50926,80.27777862548828,83.65740966796875,can,fabric,83.65740966796875
target_only,0,sheet_metal|2|0|1000,sheet_metal,2,1000,85.64814814814817,83.10185,82.2420654296875,84.90740966796875,can,fruit_jelly,80.74073791503906
target_only,0,sheet_metal|2|0|200,sheet_metal,2,200,85.64814814814817,83.10185,81.89813995361328,87.40740966796875,can,fruit_jelly,78.4259262084961
target_only,0,sheet_metal|2|0|500,sheet_metal,2,500,85.64814814814817,83.10185,81.88492584228516,86.29629516601562,can,fruit_jelly,80.3240737915039
target_only,0,sheet_metal|2|1|1000,sheet_metal,2,1000,85.83333333333334,86.01852,82.69841003417969,86.01851654052734,can,can,81.01851654052734
target_only,0,sheet_metal|2|1|200,sheet_metal,2,200,85.83333333333334,86.01852,82.81745910644531,87.36111450195312,can,fruit_jelly,77.68518829345703
target_only,0,sheet_metal|2|1|500,sheet_metal,2,500,85.83333333333334,86.01852,82.14946746826172,86.01851654052734,can,can,76.62036895751953
target_only,0,sheet_metal|2|2|1000,sheet_metal,2,1000,84.16666666666667,83.00926,80.03968048095703,83.24073791503906,can,fruit_jelly,76.85185241699219
target_only,0,sheet_metal|2|2|200,sheet_metal,2,200,84.16666666666667,83.00926,79.31878662109375,83.00926208496094,can,can,75.37036895751953
target_only,0,sheet_metal|2|2|500,sheet_metal,2,500,84.16666666666667,83.00926,81.15740203857422,83.00926208496094,can,can,80.60185241699219
target_only,0,sheet_metal|4|0|1000,sheet_metal,4,1000,83.8888888888889,81.94444,81.1044921875,83.88888549804688,can,fruit_jelly,78.4259262084961
target_only,0,sheet_metal|4|0|200,sheet_metal,4,200,83.8888888888889,81.94444,80.35052490234375,85.83333587646484,can,fruit_jelly,76.89814758300781
target_only,0,sheet_metal|4|0|500,sheet_metal,4,500,83.8888888888889,81.94444,80.81349182128906,85.09259033203125,can,fruit_jelly,78.98148345947266
target_only,0,sheet_metal|4|1|1000,sheet_metal,4,1000,82.03703703703704,78.75,79.10052490234375,81.99073791503906,can,fabric,81.99073791503906
target_only,0,sheet_metal|4|1|200,sheet_metal,4,200,82.03703703703704,78.75,79.51719665527344,84.76851654052734,can,fruit_jelly,78.98148345947266
target_only,0,sheet_metal|4|1|500,sheet_metal,4,500,82.03703703703704,78.75,78.82936096191406,82.87036895751953,can,fruit_jelly,77.91666412353516
target_only,0,sheet_metal|4|2|1000,sheet_metal,4,1000,84.30555555555556,80.37037,80.2645492553711,82.03704071044922,can,fruit_jelly,80.69444274902344
target_only,0,sheet_metal|4|2|200,sheet_metal,4,200,84.30555555555556,80.37037,79.2724838256836,81.11111450195312,can,wallplugs,75.83333587646484
target_only,0,sheet_metal|4|2|500,sheet_metal,4,500,84.30555555555556,80.37037,80.9193115234375,82.26851654052734,can,fabric,82.26851654052734
target_only,0,vial|-1|0|1000,vial,-1,1000,90.50340136054422,84.38095,73.56267547607422,84.38095092773438,can,can,78.61224365234375
target_only,0,vial|-1|0|200,vial,-1,200,90.50340136054422,84.38095,74.22740173339844,84.38095092773438,can,can,77.19728088378906
target_only,0,vial|-1|0|500,vial,-1,500,90.50340136054422,84.38095,72.93682861328125,84.38095092773438,can,can,79.21088409423828
target_only,0,vial|-1|1|1000,vial,-1,1000,90.50340136054422,84.38095,72.54032897949219,84.38095092773438,can,can,77.93197631835938
target_only,0,vial|-1|1|200,vial,-1,200,90.50340136054422,84.38095,74.89213562011719,87.9455795288086,can,fruit_jelly,87.9455795288086
target_only,0,vial|-1|1|500,vial,-1,500,90.50340136054422,84.38095,73.32167053222656,84.38095092773438,can,can,77.55101776123047
target_only,0,vial|-1|2|1000,vial,-1,1000,90.50340136054422,84.38095,73.17784118652344,84.38095092773438,can,can,76.89795684814453
target_only,0,vial|-1|2|200,vial,-1,200,90.50340136054422,84.38095,74.18463897705078,84.38095092773438,can,can,76.89795684814453
target_only,0,vial|-1|2|500,vial,-1,500,90.50340136054422,84.38095,73.47327423095703,84.38095092773438,can,can,80.76190185546875
target_only,0,vial|1|0|1000,vial,1,1000,66.36734693877551,64.190475,60.65305709838867,76.08163452148438,can,rice,61.904762268066406
target_only,0,vial|1|0|200,vial,1,200,66.36734693877551,64.190475,60.56753921508789,76.54421997070312,can,rice,64.16326904296875
target_only,0,vial|1|0|500,vial,1,500,66.36734693877551,64.190475,59.743438720703125,75.91836547851562,can,rice,64.38095092773438
target_only,0,vial|1|1|1000,vial,1,1000,63.78231292517006,59.40136,59.86005401611328,67.45578002929688,can,fruit_jelly,67.45578002929688
target_only,0,vial|1|1|200,vial,1,200,63.78231292517006,59.40136,62.188533782958984,79.26530456542969,can,fruit_jelly,79.26530456542969
target_only,0,vial|1|1|500,vial,1,500,63.78231292517006,59.40136,60.99125289916992,71.9455795288086,can,fruit_jelly,71.9455795288086
target_only,0,vial|1|2|1000,vial,1,1000,74.34013605442176,72.97959,67.45578002929688,84.81632995605469,can,rice,68.38095092773438
target_only,0,vial|1|2|200,vial,1,200,74.34013605442176,72.97959,65.0301284790039,82.47618865966797,can,rice,67.7551040649414
target_only,0,vial|1|2|500,vial,1,500,74.34013605442176,72.97959,66.63557434082031,84.81632995605469,can,rice,68.54421997070312
target_only,0,vial|2|0|1000,vial,2,1000,83.5374149659864,81.71429,68.87852478027344,81.74149322509766,can,rice,69.11564636230469
target_only,0,vial|2|0|200,vial,2,200,83.5374149659864,81.71429,69.9708480834961,81.71428680419922,can,can,71.04762268066406
target_only,0,vial|2|0|500,vial,2,500,83.5374149659864,81.71429,68.66861724853516,81.71428680419922,can,can,72.35374450683594
target_only,0,vial|2|1|1000,vial,2,1000,85.74149659863946,78.666664,72.25267028808594,89.55101776123047,can,rice,69.03401184082031
target_only,0,vial|2|1|200,vial,2,200,85.74149659863946,78.666664,74.66666412353516,90.01360321044922,can,rice,80.19047546386719
target_only,0,vial|2|1|500,vial,2,500,85.74149659863946,78.666664,72.3304214477539,89.14286041259766,can,rice,70.36734771728516
target_only,0,vial|2|2|1000,vial,2,1000,88.68027210884355,80.62585,72.98348236083984,86.149658203125,can,rice,72.40816497802734
target_only,0,vial|2|2|200,vial,2,200,88.68027210884355,80.62585,73.0456771850586,84.2448959350586,can,rice,74.53060913085938
target_only,0,vial|2|2|500,vial,2,500,88.68027210884355,80.62585,72.79689025878906,86.04081726074219,can,rice,75.1292495727539
target_only,0,vial|4|0|1000,vial,4,1000,84.29931972789116,85.93198,76.61029815673828,85.93197631835938,can,can,83.72789001464844
target_only,0,vial|4|0|200,vial,4,200,84.29931972789116,85.93198,76.90184783935547,85.93197631835938,can,can,83.04762268066406
target_only,0,vial|4|0|500,vial,4,500,84.29931972789116,85.93198,75.96501922607422,86.80271911621094,can,fruit_jelly,86.80271911621094
target_only,0,vial|4|1|1000,vial,4,1000,83.61904761904762,80.32653,72.17103576660156,85.44217681884766,can,rice,70.99319458007812
target_only,0,vial|4|1|200,vial,4,200,83.61904761904762,80.32653,76.0194320678711,88.9795913696289,can,fruit_jelly,88.9795913696289
target_only,0,vial|4|1|500,vial,4,500,83.61904761904762,80.32653,72.99125671386719,85.1700668334961,can,rice,75.23809814453125
target_only,0,vial|4|2|1000,vial,4,1000,95.40136054421768,81.605446,75.14091491699219,89.74149322509766,can,rice,73.71428680419922
target_only,0,vial|4|2|200,vial,4,200,95.40136054421768,81.605446,76.57142639160156,86.7755126953125,can,rice,74.28571319580078
target_only,0,vial|4|2|500,vial,4,500,95.40136054421768,81.605446,75.02819061279297,89.55101776123047,can,rice,74.8299331665039
target_only,0,wallplugs|-1|0|1000,wallplugs,-1,1000,42.22222222222222,46.185184,46.79364776611328,62.425926208496094,can,fabric,60.25925827026367
target_only,0,wallplugs|-1|0|200,wallplugs,-1,200,42.22222222222222,46.185184,45.425926208496094,59.25925827026367,can,fabric,49.61111068725586
target_only,0,wallplugs|-1|0|500,wallplugs,-1,500,42.22222222222222,46.185184,47.08465576171875,61.98147964477539,can,fabric,60.74074172973633
target_only,0,wallplugs|-1|1|1000,wallplugs,-1,1000,42.22222222222222,46.185184,46.96825408935547,62.35185241699219,can,fabric,59.27777862548828
target_only,0,wallplugs|-1|1|200,wallplugs,-1,200,42.22222222222222,46.185184,45.873016357421875,64.4259262084961,can,fabric,52.574073791503906
target_only,0,wallplugs|-1|1|500,wallplugs,-1,500,42.22222222222222,46.185184,47.15079116821289,62.75925827026367,can,walnuts,62.75925827026367
target_only,0,wallplugs|-1|2|1000,wallplugs,-1,1000,42.22222222222222,46.185184,46.5555534362793,59.24074172973633,can,walnuts,59.24074172973633
target_only,0,wallplugs|-1|2|200,wallplugs,-1,200,42.22222222222222,46.185184,47.06613540649414,59.98147964477539,can,fabric,48.203704833984375
target_only,0,wallplugs|-1|2|500,wallplugs,-1,500,42.22222222222222,46.185184,47.02116012573242,63.574073791503906,can,walnuts,63.574073791503906
target_only,0,wallplugs|1|0|1000,wallplugs,1,1000,38.00000000000001,39.592594,37.80423355102539,51.61111068725586,can,fabric,30.814815521240234
target_only,0,wallplugs|1|0|200,wallplugs,1,200,38.00000000000001,39.592594,38.912696838378906,51.55555725097656,can,fabric,29.870370864868164
target_only,0,wallplugs|1|0|500,wallplugs,1,500,38.00000000000001,39.592594,38.391536712646484,51.425926208496094,can,fabric,31.88888931274414
target_only,0,wallplugs|1|1|1000,wallplugs,1,1000,44.7037037037037,46.055557,45.53174591064453,60.814815521240234,can,fabric,41.11111068725586
target_only,0,wallplugs|1|1|200,wallplugs,1,200,44.7037037037037,46.055557,47.51322555541992,61.203704833984375,can,fabric,51.72222137451172
target_only,0,wallplugs|1|1|500,wallplugs,1,500,44.7037037037037,46.055557,46.145503997802734,61.62963104248047,can,fabric,42.61111068725586
target_only,0,wallplugs|1|2|1000,wallplugs,1,1000,29.425925925925927,28.907408,27.67195701599121,35.87036895751953,can,fabric,21.203702926635742
target_only,0,wallplugs|1|2|200,wallplugs,1,200,29.425925925925927,28.907408,27.846559524536133,35.77777862548828,can,fabric,21.129629135131836
target_only,0,wallplugs|1|2|500,wallplugs,1,500,29.425925925925927,28.907408,28.396825790405273,34.092594146728516,can,fabric,22.351852416992188
target_only,0,wallplugs|2|0|1000,wallplugs,2,1000,39.092592592592595,44.407406,42.10581588745117,49.88888931274414,can,fabric,46.94444274902344
target_only,0,wallplugs|2|0|200,wallplugs,2,200,39.092592592592595,44.407406,42.30687713623047,48.314815521240234,can,fabric,44.05555725097656
target_only,0,wallplugs|2|0|500,wallplugs,2,500,39.092592592592595,44.407406,42.338626861572266,50.814815521240234,can,fabric,47.685184478759766
target_only,0,wallplugs|2|1|1000,wallplugs,2,1000,40.96296296296296,42.51852,44.53438949584961,55.46296310424805,can,fabric,54.38888931274414
target_only,0,wallplugs|2|1|200,wallplugs,2,200,40.96296296296296,42.51852,44.54762649536133,57.88888931274414,can,fabric,46.12963104248047
target_only,0,wallplugs|2|1|500,wallplugs,2,500,40.96296296296296,42.51852,45.02645492553711,57.87036895751953,can,walnuts,57.87036895751953
target_only,0,wallplugs|2|2|1000,wallplugs,2,1000,41.092592592592595,42.25926,41.354496002197266,54.72222137451172,can,fabric,37.77777862548828
target_only,0,wallplugs|2|2|200,wallplugs,2,200,41.092592592592595,42.25926,41.3783073425293,54.796295166015625,can,fabric,31.203702926635742
target_only,0,wallplugs|2|2|500,wallplugs,2,500,41.092592592592595,42.25926,41.968257904052734,54.24074172973633,can,fabric,39.185184478759766
target_only,0,wallplugs|4|0|1000,wallplugs,4,1000,38.40740740740741,40.27778,38.37566375732422,54.62963104248047,can,fabric,38.62963104248047
target_only,0,wallplugs|4|0|200,wallplugs,4,200,38.40740740740741,40.27778,38.07936477661133,52.16666793823242,can,fabric,34.703704833984375
target_only,0,wallplugs|4|0|500,wallplugs,4,500,38.40740740740741,40.27778,38.843910217285156,53.296295166015625,can,fabric,41.074073791503906
target_only,0,wallplugs|4|1|1000,wallplugs,4,1000,42.50000000000001,47.574074,44.3862419128418,60.24074172973633,can,fabric,49.61111068725586
target_only,0,wallplugs|4|1|200,wallplugs,4,200,42.50000000000001,47.574074,45.02116012573242,62.11111068725586,can,fabric,51.83333206176758
target_only,0,wallplugs|4|1|500,wallplugs,4,500,42.50000000000001,47.574074,44.29629898071289,60.22222137451172,can,fabric,52.203704833984375
target_only,0,wallplugs|4|2|1000,wallplugs,4,1000,40.37037037037037,43.851852,44.1058235168457,55.22222137451172,can,fabric,49.407405853271484
target_only,0,wallplugs|4|2|200,wallplugs,4,200,40.37037037037037,43.851852,44.63756561279297,53.203704833984375,can,fabric,41.96296310424805
target_only,0,wallplugs|4|2|500,wallplugs,4,500,40.37037037037037,43.851852,44.703704833984375,54.703704833984375,can,fabric,54.314815521240234
target_only,0,walnuts|-1|0|1000,walnuts,-1,1000,78.74074074074075,87.48148,63.751319885253906,87.48148345947266,can,can,
target_only,0,walnuts|-1|0|200,walnuts,-1,200,78.74074074074075,87.48148,66.95502471923828,92.29629516601562,can,vial,
target_only,0,walnuts|-1|0|500,walnuts,-1,500,78.74074074074075,87.48148,63.465606689453125,87.48148345947266,can,can,
target_only,0,walnuts|-1|1|1000,walnuts,-1,1000,78.74074074074075,87.48148,63.93386459350586,87.48148345947266,can,can,
target_only,0,walnuts|-1|1|200,walnuts,-1,200,78.74074074074075,87.48148,67.71428680419922,87.48148345947266,can,can,
target_only,0,walnuts|-1|1|500,walnuts,-1,500,78.74074074074075,87.48148,64.84127044677734,87.48148345947266,can,can,
target_only,0,walnuts|-1|2|1000,walnuts,-1,1000,78.74074074074075,87.48148,63.84127426147461,87.48148345947266,can,can,
target_only,0,walnuts|-1|2|200,walnuts,-1,200,78.74074074074075,87.48148,67.29894256591797,87.48148345947266,can,can,
target_only,0,walnuts|-1|2|500,walnuts,-1,500,78.74074074074075,87.48148,65.4338607788086,87.48148345947266,can,can,
target_only,0,walnuts|1|0|1000,walnuts,1,1000,75.90740740740742,85.12963,71.00264739990234,85.12963104248047,can,can,
target_only,0,walnuts|1|0|200,walnuts,1,200,75.90740740740742,85.12963,72.31217193603516,87.51851654052734,can,vial,
target_only,0,walnuts|1|0|500,walnuts,1,500,75.90740740740742,85.12963,70.81745910644531,85.12963104248047,can,can,
target_only,0,walnuts|1|1|1000,walnuts,1,1000,80.81481481481482,89.68519,78.43915557861328,89.68518829345703,can,can,
target_only,0,walnuts|1|1|200,walnuts,1,200,80.81481481481482,89.68519,79.52909851074219,89.68518829345703,can,can,
target_only,0,walnuts|1|1|500,walnuts,1,500,80.81481481481482,89.68519,78.21693420410156,89.68518829345703,can,can,
target_only,0,walnuts|1|2|1000,walnuts,1,1000,76.0925925925926,88.796295,68.45503234863281,88.79629516601562,can,can,
target_only,0,walnuts|1|2|200,walnuts,1,200,76.0925925925926,88.796295,70.46031951904297,88.79629516601562,can,can,
target_only,0,walnuts|1|2|500,walnuts,1,500,76.0925925925926,88.796295,71.0899429321289,88.79629516601562,can,can,
target_only,0,walnuts|2|0|1000,walnuts,2,1000,79.14814814814815,89.31481,79.39683532714844,89.31481170654297,can,can,
target_only,0,walnuts|2|0|200,walnuts,2,200,79.14814814814815,89.31481,79.4920654296875,90.18518829345703,can,vial,
target_only,0,walnuts|2|0|500,walnuts,2,500,79.14814814814815,89.31481,79.06084442138672,89.31481170654297,can,can,
target_only,0,walnuts|2|1|1000,walnuts,2,1000,75.81481481481481,85.666664,69.0873031616211,85.66666412353516,can,can,
target_only,0,walnuts|2|1|200,walnuts,2,200,75.81481481481481,85.666664,71.02910614013672,85.66666412353516,can,can,
target_only,0,walnuts|2|1|500,walnuts,2,500,75.81481481481481,85.666664,69.14286041259766,85.66666412353516,can,can,
target_only,0,walnuts|2|2|1000,walnuts,2,1000,73.74074074074075,86.333336,59.79629898071289,86.33333587646484,can,can,
target_only,0,walnuts|2|2|200,walnuts,2,200,73.74074074074075,86.333336,63.05820083618164,86.33333587646484,can,can,
target_only,0,walnuts|2|2|500,walnuts,2,500,73.74074074074075,86.333336,61.86243438720703,86.33333587646484,can,can,
target_only,0,walnuts|4|0|1000,walnuts,4,1000,75.81481481481481,87.03704,67.13492584228516,87.03704071044922,can,can,
target_only,0,walnuts|4|0|200,walnuts,4,200,75.81481481481481,87.03704,70.50000762939453,88.81481170654297,can,vial,
target_only,0,walnuts|4|0|500,walnuts,4,500,75.81481481481481,87.03704,67.23015594482422,87.03704071044922,can,can,
target_only,0,walnuts|4|1|1000,walnuts,4,1000,76.68518518518518,85.87037,67.74073791503906,85.87036895751953,can,can,
target_only,0,walnuts|4|1|200,walnuts,4,200,76.68518518518518,85.87037,70.87830352783203,85.87036895751953,can,can,
target_only,0,walnuts|4|1|500,walnuts,4,500,76.68518518518518,85.87037,68.46031951904297,85.87036895751953,can,can,
target_only,0,walnuts|4|2|1000,walnuts,4,1000,76.55555555555556,86.85185,70.84127044677734,86.85185241699219,can,can,
target_only,0,walnuts|4|2|200,walnuts,4,200,76.55555555555556,86.85185,73.69576263427734,86.85185241699219,can,can,
target_only,0,walnuts|4|2|500,walnuts,4,500,76.55555555555556,86.85185,71.4047622680664,86.85185241699219,can,can,
target_only,1,can|-1|0|1000,can,-1,1000,52.26851851851851,50.848766,44.81922149658203,50.8487663269043,fabric,fabric,40.74074172973633
target_only,1,can|-1|0|200,can,-1,200,52.26851851851851,48.919754,46.016319274902344,50.38580322265625,fabric,vial,40.061729431152344
target_only,1,can|-1|0|500,can,-1,500,52.26851851851851,49.5679,45.17636489868164,49.567901611328125,fabric,fabric,38.76543045043945
target_only,1,can|-1|1|1000,can,-1,1000,52.26851851851851,50.97222,45.3262825012207,50.97222137451172,fabric,fabric,40.0
target_only,1,can|-1|1|200,can,-1,200,52.26851851851851,51.635803,43.51852035522461,51.63580322265625,fabric,fabric,40.8487663269043
target_only,1,can|-1|1|500,can,-1,500,52.26851851851851,50.07716,45.244712829589844,50.0771598815918,fabric,fabric,41.820987701416016
target_only,1,can|-1|2|1000,can,-1,1000,52.26851851851851,50.89506,45.17636489868164,50.89506149291992,fabric,fabric,40.061729431152344
target_only,1,can|-1|2|200,can,-1,200,52.26851851851851,47.947533,45.32627487182617,50.13888931274414,fabric,sheet_metal,37.37654495239258
target_only,1,can|-1|2|500,can,-1,500,52.26851851851851,51.99074,46.197086334228516,51.99074172973633,fabric,fabric,40.35493850708008
target_only,1,can|1|0|1000,can,1,1000,44.87654320987654,50.29321,46.809967041015625,50.293209075927734,fabric,fabric,45.4012336730957
target_only,1,can|1|0|200,can,1,200,44.87654320987654,48.82716,46.70634078979492,48.8271598815918,fabric,fabric,45.447532653808594
target_only,1,can|1|0|500,can,1,500,44.87654320987654,49.72222,46.682098388671875,49.72222137451172,fabric,fabric,46.188270568847656
target_only,1,can|1|1|1000,can,1,1000,45.956790123456784,49.197533,46.598323822021484,49.24382781982422,fabric,vial,45.52469253540039
target_only,1,can|1|1|200,can,1,200,45.956790123456784,49.33642,46.77910232543945,49.33641815185547,fabric,fabric,45.26234436035156
target_only,1,can|1|1|500,can,1,500,45.956790123456784,49.62963,47.039241790771484,49.62963104248047,fabric,fabric,45.69444274902344
target_only,1,can|1|2|1000,can,1,1000,36.60493827160494,37.592594,39.678131103515625,42.5771598815918,fabric,fruit_jelly,42.5771598815918
target_only,1,can|1|2|200,can,1,200,36.60493827160494,38.209877,38.47442626953125,41.77469253540039,fabric,fruit_jelly,41.77469253540039
target_only,1,can|1|2|500,can,1,500,36.60493827160494,37.36111,39.42019271850586,42.5,fabric,sheet_metal,42.345680236816406
target_only,1,can|2|0|1000,can,2,1000,34.876543209876544,44.64506,41.64020919799805,45.4783935546875,fabric,sheet_metal,43.91975402832031
target_only,1,can|2|0|200,can,2,200,34.876543209876544,43.040123,42.40520477294922,49.49074172973633,fabric,sheet_metal,44.61419677734375
target_only,1,can|2|0|500,can,2,500,34.876543209876544,43.81173,41.90696334838867,47.08333206176758,fabric,sheet_metal,44.72222137451172
target_only,1,can|2|1|1000,can,2,1000,41.373456790123456,50.632717,43.15696334838867,50.63271713256836,fabric,fabric,40.30864334106445
target_only,1,can|2|1|200,can,2,200,41.373456790123456,50.941357,43.85581588745117,50.94135665893555,fabric,fabric,42.407405853271484
target_only,1,can|2|1|500,can,2,500,41.373456790123456,50.246914,43.62213134765625,50.24691390991211,fabric,fabric,40.49382781982422
target_only,1,can|2|2|1000,can,2,1000,35.84876543209876,39.675926,41.51234817504883,49.459877014160156,fabric,sheet_metal,39.86111068725586
target_only,1,can|2|2|200,can,2,200,35.84876543209876,37.79321,41.31393051147461,47.77777862548828,fabric,sheet_metal,38.950618743896484
target_only,1,can|2|2|500,can,2,500,35.84876543209876,39.583332,40.471778869628906,46.311729431152344,fabric,walnuts,39.61419677734375
target_only,1,can|4|0|1000,can,4,1000,34.5679012345679,42.314816,37.235450744628906,42.561729431152344,fabric,wallplugs,33.05555725097656
target_only,1,can|4|0|200,can,4,200,34.5679012345679,40.27778,38.15917205810547,44.41358184814453,fabric,sheet_metal,35.7716064453125
target_only,1,can|4|0|500,can,4,500,34.5679012345679,41.558643,37.62565994262695,42.80864334106445,fabric,sheet_metal,32.76234436035156
target_only,1,can|4|1|1000,can,4,1000,44.675925925925924,50.23148,46.62036895751953,50.23147964477539,fabric,fabric,40.74074172973633
target_only,1,can|4|1|200,can,4,200,44.675925925925924,51.01852,46.790122985839844,51.01852035522461,fabric,fabric,43.842594146728516
target_only,1,can|4|1|500,can,4,500,44.675925925925924,49.506172,46.53659439086914,50.03086471557617,fabric,wallplugs,41.26543045043945
target_only,1,can|4|2|1000,can,4,1000,47.916666666666664,52.037037,49.005733489990234,52.03703689575195,fabric,fabric,48.62654495239258
target_only,1,can|4|2|200,can,4,200,47.916666666666664,52.391975,49.27028274536133,52.77777862548828,fabric,vial,48.22530746459961
target_only,1,can|4|2|500,can,4,500,47.916666666666664,51.959877,48.913143157958984,51.959877014160156,fabric,fabric,47.453704833984375
target_only,1,fabric|-1|0|1000,fabric,-1,1000,56.313131313131315,53.855217,53.99711990356445,66.68350219726562,can,fruit_jelly,
target_only,1,fabric|-1|0|200,fabric,-1,200,56.313131313131315,53.855217,53.403076171875,66.12794494628906,can,walnuts,
target_only,1,fabric|-1|0|500,fabric,-1,500,56.313131313131315,53.855217,54.02356719970703,66.919189453125,can,fruit_jelly,
target_only,1,fabric|-1|1|1000,fabric,-1,1000,56.313131313131315,53.855217,53.593074798583984,66.07743835449219,can,fruit_jelly,
target_only,1,fabric|-1|1|200,fabric,-1,200,56.313131313131315,53.855217,53.015869140625,67.47474670410156,can,fruit_jelly,
target_only,1,fabric|-1|1|500,fabric,-1,500,56.313131313131315,53.855217,52.0322265625,64.71380615234375,can,fruit_jelly,
target_only,1,fabric|-1|2|1000,fabric,-1,1000,56.313131313131315,53.855217,53.90091323852539,64.94949340820312,can,fruit_jelly,
target_only,1,fabric|-1|2|200,fabric,-1,200,56.313131313131315,53.855217,53.102455139160156,77.03704071044922,can,sheet_metal,
target_only,1,fabric|-1|2|500,fabric,-1,500,56.313131313131315,53.855217,52.22222137451172,67.20539093017578,can,fruit_jelly,
target_only,1,fabric|1|0|1000,fabric,1,1000,30.85858585858585,31.127947,37.97739028930664,48.38383865356445,can,sheet_metal,
target_only,1,fabric|1|0|200,fabric,1,200,30.85858585858585,31.127947,37.79220962524414,51.296295166015625,can,walnuts,
target_only,1,fabric|1|0|500,fabric,1,500,30.85858585858585,31.127947,38.89850997924805,49.91582489013672,can,sheet_metal,
target_only,1,fabric|1|1|1000,fabric,1,1000,64.79797979797979,54.96633,58.18181610107422,72.82828521728516,can,fruit_jelly,
target_only,1,fabric|1|1|200,fabric,1,200,64.79797979797979,54.96633,57.8379020690918,68.98989868164062,can,fruit_jelly,
target_only,1,fabric|1|1|500,fabric,1,500,64.79797979797979,54.96633,57.53006362915039,71.8855209350586,can,fruit_jelly,
target_only,1,fabric|1|2|1000,fabric,1,1000,46.666666666666664,41.919193,49.46127700805664,59.17508316040039,can,fruit_jelly,
target_only,1,fabric|1|2|200,fabric,1,200,46.666666666666664,41.919193,47.522850036621094,57.25589370727539,can,fruit_jelly,
target_only,1,fabric|1|2|500,fabric,1,500,46.666666666666664,41.919193,49.528621673583984,62.3232307434082,can,fruit_jelly,
target_only,1,fabric|2|0|1000,fabric,2,1000,68.70370370370371,62.037037,61.22895431518555,69.86531829833984,can,sheet_metal,
target_only,1,fabric|2|0|200,fabric,2,200,68.70370370370371,62.037037,60.038482666015625,71.63299560546875,can,walnuts,
target_only,1,fabric|2|0|500,fabric,2,500,68.70370370370371,62.037037,60.50745391845703,68.95623016357422,can,walnuts,
target_only,1,fabric|2|1|1000,fabric,2,1000,47.222222222222214,50.016834,47.57094955444336,58.33333206176758,can,fruit_jelly,
target_only,1,fabric|2|1|200,fabric,2,200,47.222222222222214,50.016834,45.45935821533203,54.79798126220703,can,fruit_jelly,
target_only,1,fabric|2|1|500,fabric,2,500,47.222222222222214,50.016834,46.7652702331543,57.306396484375,can,sheet_metal,
target_only,1,fabric|2|2|1000,fabric,2,1000,57.0875420875421,52.878788,56.835018157958984,69.49494934082031,can,fruit_jelly,
target_only,1,fabric|2|2|200,fabric,2,200,57.0875420875421,52.878788,55.182777404785156,68.33333587646484,can,fruit_jelly,
target_only,1,fabric|2|2|500,fabric,2,500,57.0875420875421,52.878788,55.80086898803711,71.02693939208984,can,fruit_jelly,
target_only,1,fabric|4|0|1000,fabric,4,1000,57.71043771043771,54.006733,55.66858673095703,70.90908813476562,can,fruit_jelly,
target_only,1,fabric|4|0|200,fabric,4,200,57.71043771043771,54.006733,55.603660583496094,67.49158477783203,can,walnuts,
target_only,1,fabric|4|0|500,fabric,4,500,57.71043771043771,54.006733,57.00095748901367,70.37036895751953,can,fruit_jelly,
target_only,1,fabric|4|1|1000,fabric,4,1000,49.62962962962963,48.9899,52.467533111572266,66.11111450195312,can,fruit_jelly,
target_only,1,fabric|4|1|200,fabric,4,200,49.62962962962963,48.9899,51.45502471923828,62.84511947631836,can,fruit_jelly,
target_only,1,fabric|4|1|500,fabric,4,500,49.62962962962963,48.9899,51.4911003112793,64.30976104736328,can,fruit_jelly,
target_only,1,fabric|4|2|1000,fabric,4,1000,55.40404040404041,52.05387,54.1462287902832,66.80134582519531,can,fruit_jelly,
target_only,1,fabric|4|2|200,fabric,4,200,55.40404040404041,52.05387,53.2732048034668,69.24242401123047,can,sheet_metal,
target_only,1,fabric|4|2|500,fabric,4,500,55.40404040404041,52.05387,52.602210998535156,67.8787841796875,can,fruit_jelly,
target_only,1,fruit_jelly|-1|0|1000,fruit_jelly,-1,1000,86.58333333333333,67.0,69.6190414428711,80.91666412353516,can,rice,
target_only,1,fruit_jelly|-1|0|200,fruit_jelly,-1,200,86.58333333333333,67.0,67.72618865966797,80.83333587646484,can,rice,
target_only,1,fruit_jelly|-1|0|500,fruit_jelly,-1,500,86.58333333333333,67.0,69.38095092773438,80.91666412353516,can,rice,
target_only,1,fruit_jelly|-1|1|1000,fruit_jelly,-1,1000,86.58333333333333,67.0,69.23809051513672,80.91666412353516,can,rice,
target_only,1,fruit_jelly|-1|1|200,fruit_jelly,-1,200,86.58333333333333,67.0,70.55953216552734,83.58333587646484,can,rice,
target_only,1,fruit_jelly|-1|1|500,fruit_jelly,-1,500,86.58333333333333,67.0,69.57142639160156,80.16666412353516,can,rice,
target_only,1,fruit_jelly|-1|2|1000,fruit_jelly,-1,1000,86.58333333333333,67.0,69.34523010253906,80.91666412353516,can,rice,
target_only,1,fruit_jelly|-1|2|200,fruit_jelly,-1,200,86.58333333333333,67.0,75.73809814453125,83.41666412353516,can,sheet_metal,
target_only,1,fruit_jelly|-1|2|500,fruit_jelly,-1,500,86.58333333333333,67.0,68.25,80.75,can,rice,
target_only,1,fruit_jelly|1|0|1000,fruit_jelly,1,1000,73.16666666666666,52.5,63.36904525756836,69.0,can,wallplugs,
target_only,1,fruit_jelly|1|0|200,fruit_jelly,1,200,73.16666666666666,52.5,62.36904525756836,69.41666412353516,can,wallplugs,
target_only,1,fruit_jelly|1|0|500,fruit_jelly,1,500,73.16666666666666,52.5,63.75,69.33333587646484,can,walnuts,
target_only,1,fruit_jelly|1|1|1000,fruit_jelly,1,1000,85.91666666666666,66.416664,73.73809051513672,79.33333587646484,can,walnuts,
target_only,1,fruit_jelly|1|1|200,fruit_jelly,1,200,85.91666666666666,66.416664,73.96428680419922,81.16666412353516,can,walnuts,
target_only,1,fruit_jelly|1|1|500,fruit_jelly,1,500,85.91666666666666,66.416664,73.91666412353516,80.41666412353516,can,vial,
target_only,1,fruit_jelly|1|2|1000,fruit_jelly,1,1000,84.58333333333331,70.833336,77.8452377319336,84.41666412353516,can,wallplugs,
target_only,1,fruit_jelly|1|2|200,fruit_jelly,1,200,84.58333333333331,70.833336,80.19048309326172,85.33333587646484,can,walnuts,
target_only,1,fruit_jelly|1|2|500,fruit_jelly,1,500,84.58333333333331,70.833336,77.75,84.41666412353516,can,wallplugs,
target_only,1,fruit_jelly|2|0|1000,fruit_jelly,2,1000,81.16666666666667,60.25,65.89286041259766,72.0,can,fabric,
target_only,1,fruit_jelly|2|0|200,fruit_jelly,2,200,81.16666666666667,60.25,64.64286041259766,70.5,can,fabric,
target_only,1,fruit_jelly|2|0|500,fruit_jelly,2,500,81.16666666666667,60.25,65.69047546386719,72.16666412353516,can,fabric,
target_only,1,fruit_jelly|2|1|1000,fruit_jelly,2,1000,81.58333333333333,63.166668,67.03571319580078,75.41666412353516,can,fabric,
target_only,1,fruit_jelly|2|1|200,fruit_jelly,2,200,81.58333333333333,63.166668,66.89286041259766,76.08333587646484,can,fabric,
target_only,1,fruit_jelly|2|1|500,fruit_jelly,2,500,81.58333333333333,63.166668,67.58333587646484,76.66666412353516,can,fabric,
target_only,1,fruit_jelly|2|2|1000,fruit_jelly,2,1000,78.41666666666667,61.333332,67.04762268066406,77.08333587646484,can,fabric,
target_only,1,fruit_jelly|2|2|200,fruit_jelly,2,200,78.41666666666667,61.333332,69.0952377319336,74.16666412353516,can,fabric,
target_only,1,fruit_jelly|2|2|500,fruit_jelly,2,500,78.41666666666667,61.333332,66.72618865966797,75.41666412353516,can,fabric,
target_only,1,fruit_jelly|4|0|1000,fruit_jelly,4,1000,78.83333333333333,59.583332,67.63095092773438,75.75,can,fabric,
target_only,1,fruit_jelly|4|0|200,fruit_jelly,4,200,78.83333333333333,59.583332,64.6547622680664,73.5,can,rice,
target_only,1,fruit_jelly|4|0|500,fruit_jelly,4,500,78.83333333333333,59.583332,67.70237731933594,76.58333587646484,can,fabric,
target_only,1,fruit_jelly|4|1|1000,fruit_jelly,4,1000,86.75,70.0,72.0952377319336,79.83333587646484,can,rice,
target_only,1,fruit_jelly|4|1|200,fruit_jelly,4,200,86.75,70.0,73.57142639160156,82.41666412353516,can,walnuts,
target_only,1,fruit_jelly|4|1|500,fruit_jelly,4,500,86.75,70.0,72.32142639160156,79.41666412353516,can,rice,
target_only,1,fruit_jelly|4|2|1000,fruit_jelly,4,1000,88.08333333333333,65.5,71.92857360839844,77.33333587646484,can,fabric,
target_only,1,fruit_jelly|4|2|200,fruit_jelly,4,200,88.08333333333333,65.5,75.39286041259766,80.83333587646484,can,rice,
target_only,1,fruit_jelly|4|2|500,fruit_jelly,4,500,88.08333333333333,65.5,71.09523010253906,77.25,can,rice,
target_only,1,rice|-1|0|1000,rice,-1,1000,80.74074074074075,67.08995,63.711265563964844,70.661376953125,can,walnuts,
target_only,1,rice|-1|0|200,rice,-1,200,80.74074074074075,67.08995,59.693878173828125,71.08465576171875,can,wallplugs,
target_only,1,rice|-1|0|500,rice,-1,500,80.74074074074075,67.08995,62.248680114746094,68.38624572753906,can,fabric,
target_only,1,rice|-1|1|1000,rice,-1,1000,80.74074074074075,67.08995,63.31443405151367,70.87301635742188,can,walnuts,
target_only,1,rice|-1|1|200,rice,-1,200,80.74074074074075,67.08995,61.60997772216797,67.08995056152344,can,can,
target_only,1,rice|-1|1|500,rice,-1,500,80.74074074074075,67.08995,63.722599029541016,71.9047622680664,can,walnuts,
target_only,1,rice|-1|2|1000,rice,-1,1000,80.74074074074075,67.08995,63.824642181396484,71.48148345947266,can,walnuts,
target_only,1,rice|-1|2|200,rice,-1,200,80.74074074074075,67.08995,67.82312774658203,69.78836059570312,can,sheet_metal,
target_only,1,rice|-1|2|500,rice,-1,500,80.74074074074075,67.08995,62.4527587890625,68.62433624267578,can,walnuts,
target_only,1,rice|1|0|1000,rice,1,1000,86.74603174603175,75.87302,70.18518829345703,78.99470520019531,can,walnuts,
target_only,1,rice|1|0|200,rice,1,200,86.74603174603175,75.87302,68.90022277832031,79.57672119140625,can,walnuts,
target_only,1,rice|1|0|500,rice,1,500,86.74603174603175,75.87302,70.16250610351562,77.1693115234375,can,walnuts,
target_only,1,rice|1|1|1000,rice,1,1000,78.4920634920635,73.227516,68.61678314208984,75.63491821289062,can,wallplugs,
target_only,1,rice|1|1|200,rice,1,200,78.4920634920635,73.227516,68.26152801513672,74.97354125976562,can,wallplugs,
target_only,1,rice|1|1|500,rice,1,500,78.4920634920635,73.227516,69.78079986572266,75.63491821289062,can,wallplugs,
target_only,1,rice|1|2|1000,rice,1,1000,77.93650793650795,79.89418,72.21466064453125,79.89418029785156,can,can,
target_only,1,rice|1|2|200,rice,1,200,77.93650793650795,79.89418,75.31745910644531,79.89418029785156,can,can,
target_only,1,rice|1|2|500,rice,1,500,77.93650793650795,79.89418,70.23809051513672,79.89418029785156,can,can,
target_only,1,rice|2|0|1000,rice,2,1000,78.94179894179894,73.544975,70.10960388183594,76.71957397460938,can,wallplugs,
target_only,1,rice|2|0|200,rice,2,200,78.94179894179894,73.544975,67.03325653076172,77.08995056152344,can,wallplugs,
target_only,1,rice|2|0|500,rice,2,500,78.94179894179894,73.544975,69.24036407470703,76.71957397460938,can,wallplugs,
target_only,1,rice|2|1|1000,rice,2,1000,72.91005291005293,64.25926,64.30082702636719,73.25396728515625,can,fabric,
target_only,1,rice|2|1|200,rice,2,200,72.91005291005293,64.25926,63.85109329223633,77.01058197021484,can,fabric,
target_only,1,rice|2|1|500,rice,2,500,72.91005291005293,64.25926,64.84883117675781,77.01058197021484,can,fabric,
target_only,1,rice|2|2|1000,rice,2,1000,76.79894179894181,71.402115,69.47845458984375,73.86243438720703,can,wallplugs,
target_only,1,rice|2|2|200,rice,2,200,76.79894179894181,71.402115,72.0521469116211,78.4920654296875,can,sheet_metal,
target_only,1,rice|2|2|500,rice,2,500,76.79894179894181,71.402115,68.14058685302734,73.86243438720703,can,wallplugs,
target_only,1,rice|4|0|1000,rice,4,1000,79.62962962962963,74.68254,69.42932891845703,77.08995056152344,can,walnuts,
target_only,1,rice|4|0|200,rice,4,200,79.62962962962963,74.68254,65.69917297363281,74.68254089355469,can,can,
target_only,1,rice|4|0|500,rice,4,500,79.62962962962963,74.68254,67.9062728881836,76.93121337890625,can,fabric,
target_only,1,rice|4|1|1000,rice,4,1000,79.31216931216932,69.94709,66.29630279541016,74.20635223388672,can,walnuts,
target_only,1,rice|4|1|200,rice,4,200,79.31216931216932,69.94709,65.60846710205078,70.02645874023438,can,wallplugs,
target_only,1,rice|4|1|500,rice,4,500,79.31216931216932,69.94709,66.88208770751953,73.65079498291016,can,walnuts,
target_only,1,rice|4|2|1000,rice,4,1000,78.17460317460319,69.94709,65.10581970214844,69.94709014892578,can,can,
target_only,1,rice|4|2|200,rice,4,200,78.17460317460319,69.94709,69.44444274902344,77.96295928955078,can,sheet_metal,
target_only,1,rice|4|2|500,rice,4,500,78.17460317460319,69.94709,64.46712493896484,69.94709014892578,can,can,
target_only,1,sheet_metal|-1|0|1000,sheet_metal,-1,1000,83.47222222222221,79.67593,80.30423736572266,83.98148345947266,can,fruit_jelly,79.12036895751953
target_only,1,sheet_metal|-1|0|200,sheet_metal,-1,200,83.47222222222221,79.67593,79.65608215332031,86.99073791503906,can,fruit_jelly,76.66666412353516
target_only,1,sheet_metal|-1|0|500,sheet_metal,-1,500,83.47222222222221,79.67593,79.70238494873047,84.95370483398438,can,fruit_jelly,79.35185241699219
target_only,1,sheet_metal|-1|1|1000,sheet_metal,-1,1000,83.47222222222221,79.67593,80.33729553222656,83.14814758300781,can,fruit_jelly,81.94444274902344
target_only,1,sheet_metal|-1|1|200,sheet_metal,-1,200,83.47222222222221,79.67593,80.7275161743164,87.91666412353516,can,fruit_jelly,78.00926208496094
target_only,1,sheet_metal|-1|1|500,sheet_metal,-1,500,83.47222222222221,79.67593,80.02645111083984,86.52777862548828,can,fruit_jelly,76.25
target_only,1,sheet_metal|-1|2|1000,sheet_metal,-1,1000,83.47222222222221,79.67593,79.75529479980469,83.93518829345703,can,fruit_jelly,78.33333587646484
target_only,1,sheet_metal|-1|2|200,sheet_metal,-1,200,83.47222222222221,79.67593,78.76322937011719,82.63888549804688,can,fruit_jelly,72.40740966796875
target_only,1,sheet_metal|-1|2|500,sheet_metal,-1,500,83.47222222222221,79.67593,80.41666412353516,82.5,can,fruit_jelly,80.46295928955078
target_only,1,sheet_metal|1|0|1000,sheet_metal,1,1000,85.27777777777777,82.5,82.32804870605469,85.87963104248047,can,fruit_jelly,81.15740966796875
target_only,1,sheet_metal|1|0|200,sheet_metal,1,200,85.27777777777777,82.5,81.5806884765625,87.26851654052734,can,fruit_jelly,79.44444274902344
target_only,1,sheet_metal|1|0|500,sheet_metal,1,500,85.27777777777777,82.5,81.81217193603516,86.43518829345703,can,fruit_jelly,81.20370483398438
target_only,1,sheet_metal|1|1|1000,sheet_metal,1,1000,80.55555555555556,81.57407,78.63094329833984,81.62036895751953,can,wallplugs,80.18518829345703
target_only,1,sheet_metal|1|1|200,sheet_metal,1,200,80.55555555555556,81.57407,79.5502700805664,82.40740966796875,can,fruit_jelly,78.4259262084961
target_only,1,sheet_metal|1|1|500,sheet_metal,1,500,80.55555555555556,81.57407,78.71692657470703,81.62036895751953,can,wallplugs,76.89814758300781
target_only,1,sheet_metal|1|2|1000,sheet_metal,1,1000,82.5462962962963,80.50926,79.338623046875,82.45370483398438,can,fruit_jelly,81.43518829345703
target_only,1,sheet_metal|1|2|200,sheet_metal,1,200,82.5462962962963,80.50926,78.5383529663086,81.38888549804688,can,fruit_jelly,77.59259033203125
target_only,1,sheet_metal|1|2|500,sheet_metal,1,500,82.5462962962963,80.50926,80.27777862548828,83.65740966796875,can,fabric,83.65740966796875
target_only,1,sheet_metal|2|0|1000,sheet_metal,2,1000,85.64814814814817,83.10185,82.2420654296875,84.90740966796875,can,fruit_jelly,80.74073791503906
target_only,1,sheet_metal|2|0|200,sheet_metal,2,200,85.64814814814817,83.10185,81.89813995361328,87.40740966796875,can,fruit_jelly,78.4259262084961
target_only,1,sheet_metal|2|0|500,sheet_metal,2,500,85.64814814814817,83.10185,81.88492584228516,86.29629516601562,can,fruit_jelly,80.3240737915039
target_only,1,sheet_metal|2|1|1000,sheet_metal,2,1000,85.83333333333334,86.01852,82.69841003417969,86.01851654052734,can,can,81.01851654052734
target_only,1,sheet_metal|2|1|200,sheet_metal,2,200,85.83333333333334,86.01852,82.81745910644531,87.36111450195312,can,fruit_jelly,77.68518829345703
target_only,1,sheet_metal|2|1|500,sheet_metal,2,500,85.83333333333334,86.01852,82.14946746826172,86.01851654052734,can,can,76.62036895751953
target_only,1,sheet_metal|2|2|1000,sheet_metal,2,1000,84.16666666666667,83.00926,80.03968048095703,83.24073791503906,can,fruit_jelly,76.85185241699219
target_only,1,sheet_metal|2|2|200,sheet_metal,2,200,84.16666666666667,83.00926,79.31878662109375,83.00926208496094,can,can,75.37036895751953
target_only,1,sheet_metal|2|2|500,sheet_metal,2,500,84.16666666666667,83.00926,81.15740203857422,83.00926208496094,can,can,80.60185241699219
target_only,1,sheet_metal|4|0|1000,sheet_metal,4,1000,83.8888888888889,81.94444,81.1044921875,83.88888549804688,can,fruit_jelly,78.4259262084961
target_only,1,sheet_metal|4|0|200,sheet_metal,4,200,83.8888888888889,81.94444,80.35052490234375,85.83333587646484,can,fruit_jelly,76.89814758300781
target_only,1,sheet_metal|4|0|500,sheet_metal,4,500,83.8888888888889,81.94444,80.81349182128906,85.09259033203125,can,fruit_jelly,78.98148345947266
target_only,1,sheet_metal|4|1|1000,sheet_metal,4,1000,82.03703703703704,78.75,79.10052490234375,81.99073791503906,can,fabric,81.99073791503906
target_only,1,sheet_metal|4|1|200,sheet_metal,4,200,82.03703703703704,78.75,79.51719665527344,84.76851654052734,can,fruit_jelly,78.98148345947266
target_only,1,sheet_metal|4|1|500,sheet_metal,4,500,82.03703703703704,78.75,78.82936096191406,82.87036895751953,can,fruit_jelly,77.91666412353516
target_only,1,sheet_metal|4|2|1000,sheet_metal,4,1000,84.30555555555556,80.37037,80.2645492553711,82.03704071044922,can,fruit_jelly,80.69444274902344
target_only,1,sheet_metal|4|2|200,sheet_metal,4,200,84.30555555555556,80.37037,79.2724838256836,81.11111450195312,can,wallplugs,75.83333587646484
target_only,1,sheet_metal|4|2|500,sheet_metal,4,500,84.30555555555556,80.37037,80.9193115234375,82.26851654052734,can,fabric,82.26851654052734
target_only,1,vial|-1|0|1000,vial,-1,1000,90.50340136054422,84.38095,73.56267547607422,84.38095092773438,can,can,78.61224365234375
target_only,1,vial|-1|0|200,vial,-1,200,90.50340136054422,84.38095,74.22740173339844,84.38095092773438,can,can,77.19728088378906
target_only,1,vial|-1|0|500,vial,-1,500,90.50340136054422,84.38095,72.93682861328125,84.38095092773438,can,can,79.21088409423828
target_only,1,vial|-1|1|1000,vial,-1,1000,90.50340136054422,84.38095,72.54032897949219,84.38095092773438,can,can,77.93197631835938
target_only,1,vial|-1|1|200,vial,-1,200,90.50340136054422,84.38095,74.89213562011719,87.9455795288086,can,fruit_jelly,87.9455795288086
target_only,1,vial|-1|1|500,vial,-1,500,90.50340136054422,84.38095,73.32167053222656,84.38095092773438,can,can,77.55101776123047
target_only,1,vial|-1|2|1000,vial,-1,1000,90.50340136054422,84.38095,73.17784118652344,84.38095092773438,can,can,76.89795684814453
target_only,1,vial|-1|2|200,vial,-1,200,90.50340136054422,84.38095,74.18463897705078,84.38095092773438,can,can,76.89795684814453
target_only,1,vial|-1|2|500,vial,-1,500,90.50340136054422,84.38095,73.47327423095703,84.38095092773438,can,can,80.76190185546875
target_only,1,vial|1|0|1000,vial,1,1000,66.36734693877551,64.190475,60.65305709838867,76.08163452148438,can,rice,61.904762268066406
target_only,1,vial|1|0|200,vial,1,200,66.36734693877551,64.190475,60.56753921508789,76.54421997070312,can,rice,64.16326904296875
target_only,1,vial|1|0|500,vial,1,500,66.36734693877551,64.190475,59.743438720703125,75.91836547851562,can,rice,64.38095092773438
target_only,1,vial|1|1|1000,vial,1,1000,63.78231292517006,59.40136,59.86005401611328,67.45578002929688,can,fruit_jelly,67.45578002929688
target_only,1,vial|1|1|200,vial,1,200,63.78231292517006,59.40136,62.188533782958984,79.26530456542969,can,fruit_jelly,79.26530456542969
target_only,1,vial|1|1|500,vial,1,500,63.78231292517006,59.40136,60.99125289916992,71.9455795288086,can,fruit_jelly,71.9455795288086
target_only,1,vial|1|2|1000,vial,1,1000,74.34013605442176,72.97959,67.45578002929688,84.81632995605469,can,rice,68.38095092773438
target_only,1,vial|1|2|200,vial,1,200,74.34013605442176,72.97959,65.0301284790039,82.47618865966797,can,rice,67.7551040649414
target_only,1,vial|1|2|500,vial,1,500,74.34013605442176,72.97959,66.63557434082031,84.81632995605469,can,rice,68.54421997070312
target_only,1,vial|2|0|1000,vial,2,1000,83.5374149659864,81.71429,68.87852478027344,81.74149322509766,can,rice,69.11564636230469
target_only,1,vial|2|0|200,vial,2,200,83.5374149659864,81.71429,69.9708480834961,81.71428680419922,can,can,71.04762268066406
target_only,1,vial|2|0|500,vial,2,500,83.5374149659864,81.71429,68.66861724853516,81.71428680419922,can,can,72.35374450683594
target_only,1,vial|2|1|1000,vial,2,1000,85.74149659863946,78.666664,72.25267028808594,89.55101776123047,can,rice,69.03401184082031
target_only,1,vial|2|1|200,vial,2,200,85.74149659863946,78.666664,74.66666412353516,90.01360321044922,can,rice,80.19047546386719
target_only,1,vial|2|1|500,vial,2,500,85.74149659863946,78.666664,72.3304214477539,89.14286041259766,can,rice,70.36734771728516
target_only,1,vial|2|2|1000,vial,2,1000,88.68027210884355,80.62585,72.98348236083984,86.149658203125,can,rice,72.40816497802734
target_only,1,vial|2|2|200,vial,2,200,88.68027210884355,80.62585,73.0456771850586,84.2448959350586,can,rice,74.53060913085938
target_only,1,vial|2|2|500,vial,2,500,88.68027210884355,80.62585,72.79689025878906,86.04081726074219,can,rice,75.1292495727539
target_only,1,vial|4|0|1000,vial,4,1000,84.29931972789116,85.93198,76.61029815673828,85.93197631835938,can,can,83.72789001464844
target_only,1,vial|4|0|200,vial,4,200,84.29931972789116,85.93198,76.90184783935547,85.93197631835938,can,can,83.04762268066406
target_only,1,vial|4|0|500,vial,4,500,84.29931972789116,85.93198,75.96501922607422,86.80271911621094,can,fruit_jelly,86.80271911621094
target_only,1,vial|4|1|1000,vial,4,1000,83.61904761904762,80.32653,72.17103576660156,85.44217681884766,can,rice,70.99319458007812
target_only,1,vial|4|1|200,vial,4,200,83.61904761904762,80.32653,76.0194320678711,88.9795913696289,can,fruit_jelly,88.9795913696289
target_only,1,vial|4|1|500,vial,4,500,83.61904761904762,80.32653,72.99125671386719,85.1700668334961,can,rice,75.23809814453125
target_only,1,vial|4|2|1000,vial,4,1000,95.40136054421768,81.605446,75.14091491699219,89.74149322509766,can,rice,73.71428680419922
target_only,1,vial|4|2|200,vial,4,200,95.40136054421768,81.605446,76.57142639160156,86.7755126953125,can,rice,74.28571319580078
target_only,1,vial|4|2|500,vial,4,500,95.40136054421768,81.605446,75.02819061279297,89.55101776123047,can,rice,74.8299331665039
target_only,1,wallplugs|-1|0|1000,wallplugs,-1,1000,42.22222222222222,46.185184,46.79364776611328,62.425926208496094,can,fabric,60.25925827026367
target_only,1,wallplugs|-1|0|200,wallplugs,-1,200,42.22222222222222,46.185184,45.425926208496094,59.25925827026367,can,fabric,49.61111068725586
target_only,1,wallplugs|-1|0|500,wallplugs,-1,500,42.22222222222222,46.185184,47.08465576171875,61.98147964477539,can,fabric,60.74074172973633
target_only,1,wallplugs|-1|1|1000,wallplugs,-1,1000,42.22222222222222,46.185184,46.96825408935547,62.35185241699219,can,fabric,59.27777862548828
target_only,1,wallplugs|-1|1|200,wallplugs,-1,200,42.22222222222222,46.185184,45.873016357421875,64.4259262084961,can,fabric,52.574073791503906
target_only,1,wallplugs|-1|1|500,wallplugs,-1,500,42.22222222222222,46.185184,47.15079116821289,62.75925827026367,can,walnuts,62.75925827026367
target_only,1,wallplugs|-1|2|1000,wallplugs,-1,1000,42.22222222222222,46.185184,46.5555534362793,59.24074172973633,can,walnuts,59.24074172973633
target_only,1,wallplugs|-1|2|200,wallplugs,-1,200,42.22222222222222,46.185184,47.06613540649414,59.98147964477539,can,fabric,48.203704833984375
target_only,1,wallplugs|-1|2|500,wallplugs,-1,500,42.22222222222222,46.185184,47.02116012573242,63.574073791503906,can,walnuts,63.574073791503906
target_only,1,wallplugs|1|0|1000,wallplugs,1,1000,38.00000000000001,39.592594,37.80423355102539,51.61111068725586,can,fabric,30.814815521240234
target_only,1,wallplugs|1|0|200,wallplugs,1,200,38.00000000000001,39.592594,38.912696838378906,51.55555725097656,can,fabric,29.870370864868164
target_only,1,wallplugs|1|0|500,wallplugs,1,500,38.00000000000001,39.592594,38.391536712646484,51.425926208496094,can,fabric,31.88888931274414
target_only,1,wallplugs|1|1|1000,wallplugs,1,1000,44.7037037037037,46.055557,45.53174591064453,60.814815521240234,can,fabric,41.11111068725586
target_only,1,wallplugs|1|1|200,wallplugs,1,200,44.7037037037037,46.055557,47.51322555541992,61.203704833984375,can,fabric,51.72222137451172
target_only,1,wallplugs|1|1|500,wallplugs,1,500,44.7037037037037,46.055557,46.145503997802734,61.62963104248047,can,fabric,42.61111068725586
target_only,1,wallplugs|1|2|1000,wallplugs,1,1000,29.425925925925927,28.907408,27.67195701599121,35.87036895751953,can,fabric,21.203702926635742
target_only,1,wallplugs|1|2|200,wallplugs,1,200,29.425925925925927,28.907408,27.846559524536133,35.77777862548828,can,fabric,21.129629135131836
target_only,1,wallplugs|1|2|500,wallplugs,1,500,29.425925925925927,28.907408,28.396825790405273,34.092594146728516,can,fabric,22.351852416992188
target_only,1,wallplugs|2|0|1000,wallplugs,2,1000,39.092592592592595,44.407406,42.10581588745117,49.88888931274414,can,fabric,46.94444274902344
target_only,1,wallplugs|2|0|200,wallplugs,2,200,39.092592592592595,44.407406,42.30687713623047,48.314815521240234,can,fabric,44.05555725097656
target_only,1,wallplugs|2|0|500,wallplugs,2,500,39.092592592592595,44.407406,42.338626861572266,50.814815521240234,can,fabric,47.685184478759766
target_only,1,wallplugs|2|1|1000,wallplugs,2,1000,40.96296296296296,42.51852,44.53438949584961,55.46296310424805,can,fabric,54.38888931274414
target_only,1,wallplugs|2|1|200,wallplugs,2,200,40.96296296296296,42.51852,44.54762649536133,57.88888931274414,can,fabric,46.12963104248047
target_only,1,wallplugs|2|1|500,wallplugs,2,500,40.96296296296296,42.51852,45.02645492553711,57.87036895751953,can,walnuts,57.87036895751953
target_only,1,wallplugs|2|2|1000,wallplugs,2,1000,41.092592592592595,42.25926,41.354496002197266,54.72222137451172,can,fabric,37.77777862548828
target_only,1,wallplugs|2|2|200,wallplugs,2,200,41.092592592592595,42.25926,41.3783073425293,54.796295166015625,can,fabric,31.203702926635742
target_only,1,wallplugs|2|2|500,wallplugs,2,500,41.092592592592595,42.25926,41.968257904052734,54.24074172973633,can,fabric,39.185184478759766
target_only,1,wallplugs|4|0|1000,wallplugs,4,1000,38.40740740740741,40.27778,38.37566375732422,54.62963104248047,can,fabric,38.62963104248047
target_only,1,wallplugs|4|0|200,wallplugs,4,200,38.40740740740741,40.27778,38.07936477661133,52.16666793823242,can,fabric,34.703704833984375
target_only,1,wallplugs|4|0|500,wallplugs,4,500,38.40740740740741,40.27778,38.843910217285156,53.296295166015625,can,fabric,41.074073791503906
target_only,1,wallplugs|4|1|1000,wallplugs,4,1000,42.50000000000001,47.574074,44.3862419128418,60.24074172973633,can,fabric,49.61111068725586
target_only,1,wallplugs|4|1|200,wallplugs,4,200,42.50000000000001,47.574074,45.02116012573242,62.11111068725586,can,fabric,51.83333206176758
target_only,1,wallplugs|4|1|500,wallplugs,4,500,42.50000000000001,47.574074,44.29629898071289,60.22222137451172,can,fabric,52.203704833984375
target_only,1,wallplugs|4|2|1000,wallplugs,4,1000,40.37037037037037,43.851852,44.1058235168457,55.22222137451172,can,fabric,49.407405853271484
target_only,1,wallplugs|4|2|200,wallplugs,4,200,40.37037037037037,43.851852,44.63756561279297,53.203704833984375,can,fabric,41.96296310424805
target_only,1,wallplugs|4|2|500,wallplugs,4,500,40.37037037037037,43.851852,44.703704833984375,54.703704833984375,can,fabric,54.314815521240234
target_only,1,walnuts|-1|0|1000,walnuts,-1,1000,78.74074074074075,87.48148,63.751319885253906,87.48148345947266,can,can,
target_only,1,walnuts|-1|0|200,walnuts,-1,200,78.74074074074075,87.48148,66.95502471923828,92.29629516601562,can,vial,
target_only,1,walnuts|-1|0|500,walnuts,-1,500,78.74074074074075,87.48148,63.465606689453125,87.48148345947266,can,can,
target_only,1,walnuts|-1|1|1000,walnuts,-1,1000,78.74074074074075,87.48148,63.93386459350586,87.48148345947266,can,can,
target_only,1,walnuts|-1|1|200,walnuts,-1,200,78.74074074074075,87.48148,67.71428680419922,87.48148345947266,can,can,
target_only,1,walnuts|-1|1|500,walnuts,-1,500,78.74074074074075,87.48148,64.84127044677734,87.48148345947266,can,can,
target_only,1,walnuts|-1|2|1000,walnuts,-1,1000,78.74074074074075,87.48148,63.84127426147461,87.48148345947266,can,can,
target_only,1,walnuts|-1|2|200,walnuts,-1,200,78.74074074074075,87.48148,67.29894256591797,87.48148345947266,can,can,
target_only,1,walnuts|-1|2|500,walnuts,-1,500,78.74074074074075,87.48148,65.4338607788086,87.48148345947266,can,can,
target_only,1,walnuts|1|0|1000,walnuts,1,1000,75.90740740740742,85.12963,71.00264739990234,85.12963104248047,can,can,
target_only,1,walnuts|1|0|200,walnuts,1,200,75.90740740740742,85.12963,72.31217193603516,87.51851654052734,can,vial,
target_only,1,walnuts|1|0|500,walnuts,1,500,75.90740740740742,85.12963,70.81745910644531,85.12963104248047,can,can,
target_only,1,walnuts|1|1|1000,walnuts,1,1000,80.81481481481482,89.68519,78.43915557861328,89.68518829345703,can,can,
target_only,1,walnuts|1|1|200,walnuts,1,200,80.81481481481482,89.68519,79.52909851074219,89.68518829345703,can,can,
target_only,1,walnuts|1|1|500,walnuts,1,500,80.81481481481482,89.68519,78.21693420410156,89.68518829345703,can,can,
target_only,1,walnuts|1|2|1000,walnuts,1,1000,76.0925925925926,88.796295,68.45503234863281,88.79629516601562,can,can,
target_only,1,walnuts|1|2|200,walnuts,1,200,76.0925925925926,88.796295,70.46031951904297,88.79629516601562,can,can,
target_only,1,walnuts|1|2|500,walnuts,1,500,76.0925925925926,88.796295,71.0899429321289,88.79629516601562,can,can,
target_only,1,walnuts|2|0|1000,walnuts,2,1000,79.14814814814815,89.31481,79.39683532714844,89.31481170654297,can,can,
target_only,1,walnuts|2|0|200,walnuts,2,200,79.14814814814815,89.31481,79.4920654296875,90.18518829345703,can,vial,
target_only,1,walnuts|2|0|500,walnuts,2,500,79.14814814814815,89.31481,79.06084442138672,89.31481170654297,can,can,
target_only,1,walnuts|2|1|1000,walnuts,2,1000,75.81481481481481,85.666664,69.0873031616211,85.66666412353516,can,can,
target_only,1,walnuts|2|1|200,walnuts,2,200,75.81481481481481,85.666664,71.02910614013672,85.66666412353516,can,can,
target_only,1,walnuts|2|1|500,walnuts,2,500,75.81481481481481,85.666664,69.14286041259766,85.66666412353516,can,can,
target_only,1,walnuts|2|2|1000,walnuts,2,1000,73.74074074074075,86.333336,59.79629898071289,86.33333587646484,can,can,
target_only,1,walnuts|2|2|200,walnuts,2,200,73.74074074074075,86.333336,63.05820083618164,86.33333587646484,can,can,
target_only,1,walnuts|2|2|500,walnuts,2,500,73.74074074074075,86.333336,61.86243438720703,86.33333587646484,can,can,
target_only,1,walnuts|4|0|1000,walnuts,4,1000,75.81481481481481,87.03704,67.13492584228516,87.03704071044922,can,can,
target_only,1,walnuts|4|0|200,walnuts,4,200,75.81481481481481,87.03704,70.50000762939453,88.81481170654297,can,vial,
target_only,1,walnuts|4|0|500,walnuts,4,500,75.81481481481481,87.03704,67.23015594482422,87.03704071044922,can,can,
target_only,1,walnuts|4|1|1000,walnuts,4,1000,76.68518518518518,85.87037,67.74073791503906,85.87036895751953,can,can,
target_only,1,walnuts|4|1|200,walnuts,4,200,76.68518518518518,85.87037,70.87830352783203,85.87036895751953,can,can,
target_only,1,walnuts|4|1|500,walnuts,4,500,76.68518518518518,85.87037,68.46031951904297,85.87036895751953,can,can,
target_only,1,walnuts|4|2|1000,walnuts,4,1000,76.55555555555556,86.85185,70.84127044677734,86.85185241699219,can,can,
target_only,1,walnuts|4|2|200,walnuts,4,200,76.55555555555556,86.85185,73.69576263427734,86.85185241699219,can,can,
target_only,1,walnuts|4|2|500,walnuts,4,500,76.55555555555556,86.85185,71.4047622680664,86.85185241699219,can,can,
target_only,2,can|-1|0|1000,can,-1,1000,52.26851851851851,50.848766,44.81922149658203,50.8487663269043,fabric,fabric,40.74074172973633
target_only,2,can|-1|0|200,can,-1,200,52.26851851851851,48.919754,46.016319274902344,50.38580322265625,fabric,vial,40.061729431152344
target_only,2,can|-1|0|500,can,-1,500,52.26851851851851,49.5679,45.17636489868164,49.567901611328125,fabric,fabric,38.76543045043945
target_only,2,can|-1|1|1000,can,-1,1000,52.26851851851851,50.97222,45.3262825012207,50.97222137451172,fabric,fabric,40.0
target_only,2,can|-1|1|200,can,-1,200,52.26851851851851,51.635803,43.51852035522461,51.63580322265625,fabric,fabric,40.8487663269043
target_only,2,can|-1|1|500,can,-1,500,52.26851851851851,50.07716,45.244712829589844,50.0771598815918,fabric,fabric,41.820987701416016
target_only,2,can|-1|2|1000,can,-1,1000,52.26851851851851,50.89506,45.17636489868164,50.89506149291992,fabric,fabric,40.061729431152344
target_only,2,can|-1|2|200,can,-1,200,52.26851851851851,47.947533,45.32627487182617,50.13888931274414,fabric,sheet_metal,37.37654495239258
target_only,2,can|-1|2|500,can,-1,500,52.26851851851851,51.99074,46.197086334228516,51.99074172973633,fabric,fabric,40.35493850708008
target_only,2,can|1|0|1000,can,1,1000,44.87654320987654,50.29321,46.809967041015625,50.293209075927734,fabric,fabric,45.4012336730957
target_only,2,can|1|0|200,can,1,200,44.87654320987654,48.82716,46.70634078979492,48.8271598815918,fabric,fabric,45.447532653808594
target_only,2,can|1|0|500,can,1,500,44.87654320987654,49.72222,46.682098388671875,49.72222137451172,fabric,fabric,46.188270568847656
target_only,2,can|1|1|1000,can,1,1000,45.956790123456784,49.197533,46.598323822021484,49.24382781982422,fabric,vial,45.52469253540039
target_only,2,can|1|1|200,can,1,200,45.956790123456784,49.33642,46.77910232543945,49.33641815185547,fabric,fabric,45.26234436035156
target_only,2,can|1|1|500,can,1,500,45.956790123456784,49.62963,47.039241790771484,49.62963104248047,fabric,fabric,45.69444274902344
target_only,2,can|1|2|1000,can,1,1000,36.60493827160494,37.592594,39.678131103515625,42.5771598815918,fabric,fruit_jelly,42.5771598815918
target_only,2,can|1|2|200,can,1,200,36.60493827160494,38.209877,38.47442626953125,41.77469253540039,fabric,fruit_jelly,41.77469253540039
target_only,2,can|1|2|500,can,1,500,36.60493827160494,37.36111,39.42019271850586,42.5,fabric,sheet_metal,42.345680236816406
target_only,2,can|2|0|1000,can,2,1000,34.876543209876544,44.64506,41.64020919799805,45.4783935546875,fabric,sheet_metal,43.91975402832031
target_only,2,can|2|0|200,can,2,200,34.876543209876544,43.040123,42.40520477294922,49.49074172973633,fabric,sheet_metal,44.61419677734375
target_only,2,can|2|0|500,can,2,500,34.876543209876544,43.81173,41.90696334838867,47.08333206176758,fabric,sheet_metal,44.72222137451172
target_only,2,can|2|1|1000,can,2,1000,41.373456790123456,50.632717,43.15696334838867,50.63271713256836,fabric,fabric,40.30864334106445
target_only,2,can|2|1|200,can,2,200,41.373456790123456,50.941357,43.85581588745117,50.94135665893555,fabric,fabric,42.407405853271484
target_only,2,can|2|1|500,can,2,500,41.373456790123456,50.246914,43.62213134765625,50.24691390991211,fabric,fabric,40.49382781982422
target_only,2,can|2|2|1000,can,2,1000,35.84876543209876,39.675926,41.51234817504883,49.459877014160156,fabric,sheet_metal,39.86111068725586
target_only,2,can|2|2|200,can,2,200,35.84876543209876,37.79321,41.31393051147461,47.77777862548828,fabric,sheet_metal,38.950618743896484
target_only,2,can|2|2|500,can,2,500,35.84876543209876,39.583332,40.471778869628906,46.311729431152344,fabric,walnuts,39.61419677734375
target_only,2,can|4|0|1000,can,4,1000,34.5679012345679,42.314816,37.235450744628906,42.561729431152344,fabric,wallplugs,33.05555725097656
target_only,2,can|4|0|200,can,4,200,34.5679012345679,40.27778,38.15917205810547,44.41358184814453,fabric,sheet_metal,35.7716064453125
target_only,2,can|4|0|500,can,4,500,34.5679012345679,41.558643,37.62565994262695,42.80864334106445,fabric,sheet_metal,32.76234436035156
target_only,2,can|4|1|1000,can,4,1000,44.675925925925924,50.23148,46.62036895751953,50.23147964477539,fabric,fabric,40.74074172973633
target_only,2,can|4|1|200,can,4,200,44.675925925925924,51.01852,46.790122985839844,51.01852035522461,fabric,fabric,43.842594146728516
target_only,2,can|4|1|500,can,4,500,44.675925925925924,49.506172,46.53659439086914,50.03086471557617,fabric,wallplugs,41.26543045043945
target_only,2,can|4|2|1000,can,4,1000,47.916666666666664,52.037037,49.005733489990234,52.03703689575195,fabric,fabric,48.62654495239258
target_only,2,can|4|2|200,can,4,200,47.916666666666664,52.391975,49.27028274536133,52.77777862548828,fabric,vial,48.22530746459961
target_only,2,can|4|2|500,can,4,500,47.916666666666664,51.959877,48.913143157958984,51.959877014160156,fabric,fabric,47.453704833984375
target_only,2,fabric|-1|0|1000,fabric,-1,1000,56.313131313131315,53.855217,53.99711990356445,66.68350219726562,can,fruit_jelly,
target_only,2,fabric|-1|0|200,fabric,-1,200,56.313131313131315,53.855217,53.403076171875,66.12794494628906,can,walnuts,
target_only,2,fabric|-1|0|500,fabric,-1,500,56.313131313131315,53.855217,54.02356719970703,66.919189453125,can,fruit_jelly,
target_only,2,fabric|-1|1|1000,fabric,-1,1000,56.313131313131315,53.855217,53.593074798583984,66.07743835449219,can,fruit_jelly,
target_only,2,fabric|-1|1|200,fabric,-1,200,56.313131313131315,53.855217,53.015869140625,67.47474670410156,can,fruit_jelly,
target_only,2,fabric|-1|1|500,fabric,-1,500,56.313131313131315,53.855217,52.0322265625,64.71380615234375,can,fruit_jelly,
target_only,2,fabric|-1|2|1000,fabric,-1,1000,56.313131313131315,53.855217,53.90091323852539,64.94949340820312,can,fruit_jelly,
target_only,2,fabric|-1|2|200,fabric,-1,200,56.313131313131315,53.855217,53.102455139160156,77.03704071044922,can,sheet_metal,
target_only,2,fabric|-1|2|500,fabric,-1,500,56.313131313131315,53.855217,52.22222137451172,67.20539093017578,can,fruit_jelly,
target_only,2,fabric|1|0|1000,fabric,1,1000,30.85858585858585,31.127947,37.97739028930664,48.38383865356445,can,sheet_metal,
target_only,2,fabric|1|0|200,fabric,1,200,30.85858585858585,31.127947,37.79220962524414,51.296295166015625,can,walnuts,
target_only,2,fabric|1|0|500,fabric,1,500,30.85858585858585,31.127947,38.89850997924805,49.91582489013672,can,sheet_metal,
target_only,2,fabric|1|1|1000,fabric,1,1000,64.79797979797979,54.96633,58.18181610107422,72.82828521728516,can,fruit_jelly,
target_only,2,fabric|1|1|200,fabric,1,200,64.79797979797979,54.96633,57.8379020690918,68.98989868164062,can,fruit_jelly,
target_only,2,fabric|1|1|500,fabric,1,500,64.79797979797979,54.96633,57.53006362915039,71.8855209350586,can,fruit_jelly,
target_only,2,fabric|1|2|1000,fabric,1,1000,46.666666666666664,41.919193,49.46127700805664,59.17508316040039,can,fruit_jelly,
target_only,2,fabric|1|2|200,fabric,1,200,46.666666666666664,41.919193,47.522850036621094,57.25589370727539,can,fruit_jelly,
target_only,2,fabric|1|2|500,fabric,1,500,46.666666666666664,41.919193,49.528621673583984,62.3232307434082,can,fruit_jelly,
target_only,2,fabric|2|0|1000,fabric,2,1000,68.70370370370371,62.037037,61.22895431518555,69.86531829833984,can,sheet_metal,
target_only,2,fabric|2|0|200,fabric,2,200,68.70370370370371,62.037037,60.038482666015625,71.63299560546875,can,walnuts,
target_only,2,fabric|2|0|500,fabric,2,500,68.70370370370371,62.037037,60.50745391845703,68.95623016357422,can,walnuts,
target_only,2,fabric|2|1|1000,fabric,2,1000,47.222222222222214,50.016834,47.57094955444336,58.33333206176758,can,fruit_jelly,
target_only,2,fabric|2|1|200,fabric,2,200,47.222222222222214,50.016834,45.45935821533203,54.79798126220703,can,fruit_jelly,
target_only,2,fabric|2|1|500,fabric,2,500,47.222222222222214,50.016834,46.7652702331543,57.306396484375,can,sheet_metal,
target_only,2,fabric|2|2|1000,fabric,2,1000,57.0875420875421,52.878788,56.835018157958984,69.49494934082031,can,fruit_jelly,
target_only,2,fabric|2|2|200,fabric,2,200,57.0875420875421,52.878788,55.182777404785156,68.33333587646484,can,fruit_jelly,
target_only,2,fabric|2|2|500,fabric,2,500,57.0875420875421,52.878788,55.80086898803711,71.02693939208984,can,fruit_jelly,
target_only,2,fabric|4|0|1000,fabric,4,1000,57.71043771043771,54.006733,55.66858673095703,70.90908813476562,can,fruit_jelly,
target_only,2,fabric|4|0|200,fabric,4,200,57.71043771043771,54.006733,55.603660583496094,67.49158477783203,can,walnuts,
target_only,2,fabric|4|0|500,fabric,4,500,57.71043771043771,54.006733,57.00095748901367,70.37036895751953,can,fruit_jelly,
target_only,2,fabric|4|1|1000,fabric,4,1000,49.62962962962963,48.9899,52.467533111572266,66.11111450195312,can,fruit_jelly,
target_only,2,fabric|4|1|200,fabric,4,200,49.62962962962963,48.9899,51.45502471923828,62.84511947631836,can,fruit_jelly,
target_only,2,fabric|4|1|500,fabric,4,500,49.62962962962963,48.9899,51.4911003112793,64.30976104736328,can,fruit_jelly,
target_only,2,fabric|4|2|1000,fabric,4,1000,55.40404040404041,52.05387,54.1462287902832,66.80134582519531,can,fruit_jelly,
target_only,2,fabric|4|2|200,fabric,4,200,55.40404040404041,52.05387,53.2732048034668,69.24242401123047,can,sheet_metal,
target_only,2,fabric|4|2|500,fabric,4,500,55.40404040404041,52.05387,52.602210998535156,67.8787841796875,can,fruit_jelly,
target_only,2,fruit_jelly|-1|0|1000,fruit_jelly,-1,1000,86.58333333333333,67.0,69.6190414428711,80.91666412353516,can,rice,
target_only,2,fruit_jelly|-1|0|200,fruit_jelly,-1,200,86.58333333333333,67.0,67.72618865966797,80.83333587646484,can,rice,
target_only,2,fruit_jelly|-1|0|500,fruit_jelly,-1,500,86.58333333333333,67.0,69.38095092773438,80.91666412353516,can,rice,
target_only,2,fruit_jelly|-1|1|1000,fruit_jelly,-1,1000,86.58333333333333,67.0,69.23809051513672,80.91666412353516,can,rice,
target_only,2,fruit_jelly|-1|1|200,fruit_jelly,-1,200,86.58333333333333,67.0,70.55953216552734,83.58333587646484,can,rice,
target_only,2,fruit_jelly|-1|1|500,fruit_jelly,-1,500,86.58333333333333,67.0,69.57142639160156,80.16666412353516,can,rice,
target_only,2,fruit_jelly|-1|2|1000,fruit_jelly,-1,1000,86.58333333333333,67.0,69.34523010253906,80.91666412353516,can,rice,
target_only,2,fruit_jelly|-1|2|200,fruit_jelly,-1,200,86.58333333333333,67.0,75.73809814453125,83.41666412353516,can,sheet_metal,
target_only,2,fruit_jelly|-1|2|500,fruit_jelly,-1,500,86.58333333333333,67.0,68.25,80.75,can,rice,
target_only,2,fruit_jelly|1|0|1000,fruit_jelly,1,1000,73.16666666666666,52.5,63.36904525756836,69.0,can,wallplugs,
target_only,2,fruit_jelly|1|0|200,fruit_jelly,1,200,73.16666666666666,52.5,62.36904525756836,69.41666412353516,can,wallplugs,
target_only,2,fruit_jelly|1|0|500,fruit_jelly,1,500,73.16666666666666,52.5,63.75,69.33333587646484,can,walnuts,
target_only,2,fruit_jelly|1|1|1000,fruit_jelly,1,1000,85.91666666666666,66.416664,73.73809051513672,79.33333587646484,can,walnuts,
target_only,2,fruit_jelly|1|1|200,fruit_jelly,1,200,85.91666666666666,66.416664,73.96428680419922,81.16666412353516,can,walnuts,
target_only,2,fruit_jelly|1|1|500,fruit_jelly,1,500,85.91666666666666,66.416664,73.91666412353516,80.41666412353516,can,vial,
target_only,2,fruit_jelly|1|2|1000,fruit_jelly,1,1000,84.58333333333331,70.833336,77.8452377319336,84.41666412353516,can,wallplugs,
target_only,2,fruit_jelly|1|2|200,fruit_jelly,1,200,84.58333333333331,70.833336,80.19048309326172,85.33333587646484,can,walnuts,
target_only,2,fruit_jelly|1|2|500,fruit_jelly,1,500,84.58333333333331,70.833336,77.75,84.41666412353516,can,wallplugs,
target_only,2,fruit_jelly|2|0|1000,fruit_jelly,2,1000,81.16666666666667,60.25,65.89286041259766,72.0,can,fabric,
target_only,2,fruit_jelly|2|0|200,fruit_jelly,2,200,81.16666666666667,60.25,64.64286041259766,70.5,can,fabric,
target_only,2,fruit_jelly|2|0|500,fruit_jelly,2,500,81.16666666666667,60.25,65.69047546386719,72.16666412353516,can,fabric,
target_only,2,fruit_jelly|2|1|1000,fruit_jelly,2,1000,81.58333333333333,63.166668,67.03571319580078,75.41666412353516,can,fabric,
target_only,2,fruit_jelly|2|1|200,fruit_jelly,2,200,81.58333333333333,63.166668,66.89286041259766,76.08333587646484,can,fabric,
target_only,2,fruit_jelly|2|1|500,fruit_jelly,2,500,81.58333333333333,63.166668,67.58333587646484,76.66666412353516,can,fabric,
target_only,2,fruit_jelly|2|2|1000,fruit_jelly,2,1000,78.41666666666667,61.333332,67.04762268066406,77.08333587646484,can,fabric,
target_only,2,fruit_jelly|2|2|200,fruit_jelly,2,200,78.41666666666667,61.333332,69.0952377319336,74.16666412353516,can,fabric,
target_only,2,fruit_jelly|2|2|500,fruit_jelly,2,500,78.41666666666667,61.333332,66.72618865966797,75.41666412353516,can,fabric,
target_only,2,fruit_jelly|4|0|1000,fruit_jelly,4,1000,78.83333333333333,59.583332,67.63095092773438,75.75,can,fabric,
target_only,2,fruit_jelly|4|0|200,fruit_jelly,4,200,78.83333333333333,59.583332,64.6547622680664,73.5,can,rice,
target_only,2,fruit_jelly|4|0|500,fruit_jelly,4,500,78.83333333333333,59.583332,67.70237731933594,76.58333587646484,can,fabric,
target_only,2,fruit_jelly|4|1|1000,fruit_jelly,4,1000,86.75,70.0,72.0952377319336,79.83333587646484,can,rice,
target_only,2,fruit_jelly|4|1|200,fruit_jelly,4,200,86.75,70.0,73.57142639160156,82.41666412353516,can,walnuts,
target_only,2,fruit_jelly|4|1|500,fruit_jelly,4,500,86.75,70.0,72.32142639160156,79.41666412353516,can,rice,
target_only,2,fruit_jelly|4|2|1000,fruit_jelly,4,1000,88.08333333333333,65.5,71.92857360839844,77.33333587646484,can,fabric,
target_only,2,fruit_jelly|4|2|200,fruit_jelly,4,200,88.08333333333333,65.5,75.39286041259766,80.83333587646484,can,rice,
target_only,2,fruit_jelly|4|2|500,fruit_jelly,4,500,88.08333333333333,65.5,71.09523010253906,77.25,can,rice,
target_only,2,rice|-1|0|1000,rice,-1,1000,80.74074074074075,67.08995,63.711265563964844,70.661376953125,can,walnuts,
target_only,2,rice|-1|0|200,rice,-1,200,80.74074074074075,67.08995,59.693878173828125,71.08465576171875,can,wallplugs,
target_only,2,rice|-1|0|500,rice,-1,500,80.74074074074075,67.08995,62.248680114746094,68.38624572753906,can,fabric,
target_only,2,rice|-1|1|1000,rice,-1,1000,80.74074074074075,67.08995,63.31443405151367,70.87301635742188,can,walnuts,
target_only,2,rice|-1|1|200,rice,-1,200,80.74074074074075,67.08995,61.60997772216797,67.08995056152344,can,can,
target_only,2,rice|-1|1|500,rice,-1,500,80.74074074074075,67.08995,63.722599029541016,71.9047622680664,can,walnuts,
target_only,2,rice|-1|2|1000,rice,-1,1000,80.74074074074075,67.08995,63.824642181396484,71.48148345947266,can,walnuts,
target_only,2,rice|-1|2|200,rice,-1,200,80.74074074074075,67.08995,67.82312774658203,69.78836059570312,can,sheet_metal,
target_only,2,rice|-1|2|500,rice,-1,500,80.74074074074075,67.08995,62.4527587890625,68.62433624267578,can,walnuts,
target_only,2,rice|1|0|1000,rice,1,1000,86.74603174603175,75.87302,70.18518829345703,78.99470520019531,can,walnuts,
target_only,2,rice|1|0|200,rice,1,200,86.74603174603175,75.87302,68.90022277832031,79.57672119140625,can,walnuts,
target_only,2,rice|1|0|500,rice,1,500,86.74603174603175,75.87302,70.16250610351562,77.1693115234375,can,walnuts,
target_only,2,rice|1|1|1000,rice,1,1000,78.4920634920635,73.227516,68.61678314208984,75.63491821289062,can,wallplugs,
target_only,2,rice|1|1|200,rice,1,200,78.4920634920635,73.227516,68.26152801513672,74.97354125976562,can,wallplugs,
target_only,2,rice|1|1|500,rice,1,500,78.4920634920635,73.227516,69.78079986572266,75.63491821289062,can,wallplugs,
target_only,2,rice|1|2|1000,rice,1,1000,77.93650793650795,79.89418,72.21466064453125,79.89418029785156,can,can,
target_only,2,rice|1|2|200,rice,1,200,77.93650793650795,79.89418,75.31745910644531,79.89418029785156,can,can,
target_only,2,rice|1|2|500,rice,1,500,77.93650793650795,79.89418,70.23809051513672,79.89418029785156,can,can,
target_only,2,rice|2|0|1000,rice,2,1000,78.94179894179894,73.544975,70.10960388183594,76.71957397460938,can,wallplugs,
target_only,2,rice|2|0|200,rice,2,200,78.94179894179894,73.544975,67.03325653076172,77.08995056152344,can,wallplugs,
target_only,2,rice|2|0|500,rice,2,500,78.94179894179894,73.544975,69.24036407470703,76.71957397460938,can,wallplugs,
target_only,2,rice|2|1|1000,rice,2,1000,72.91005291005293,64.25926,64.30082702636719,73.25396728515625,can,fabric,
target_only,2,rice|2|1|200,rice,2,200,72.91005291005293,64.25926,63.85109329223633,77.01058197021484,can,fabric,
target_only,2,rice|2|1|500,rice,2,500,72.91005291005293,64.25926,64.84883117675781,77.01058197021484,can,fabric,
target_only,2,rice|2|2|1000,rice,2,1000,76.79894179894181,71.402115,69.47845458984375,73.86243438720703,can,wallplugs,
target_only,2,rice|2|2|200,rice,2,200,76.79894179894181,71.402115,72.0521469116211,78.4920654296875,can,sheet_metal,
target_only,2,rice|2|2|500,rice,2,500,76.79894179894181,71.402115,68.14058685302734,73.86243438720703,can,wallplugs,
target_only,2,rice|4|0|1000,rice,4,1000,79.62962962962963,74.68254,69.42932891845703,77.08995056152344,can,walnuts,
target_only,2,rice|4|0|200,rice,4,200,79.62962962962963,74.68254,65.69917297363281,74.68254089355469,can,can,
target_only,2,rice|4|0|500,rice,4,500,79.62962962962963,74.68254,67.9062728881836,76.93121337890625,can,fabric,
target_only,2,rice|4|1|1000,rice,4,1000,79.31216931216932,69.94709,66.29630279541016,74.20635223388672,can,walnuts,
target_only,2,rice|4|1|200,rice,4,200,79.31216931216932,69.94709,65.60846710205078,70.02645874023438,can,wallplugs,
target_only,2,rice|4|1|500,rice,4,500,79.31216931216932,69.94709,66.88208770751953,73.65079498291016,can,walnuts,
target_only,2,rice|4|2|1000,rice,4,1000,78.17460317460319,69.94709,65.10581970214844,69.94709014892578,can,can,
target_only,2,rice|4|2|200,rice,4,200,78.17460317460319,69.94709,69.44444274902344,77.96295928955078,can,sheet_metal,
target_only,2,rice|4|2|500,rice,4,500,78.17460317460319,69.94709,64.46712493896484,69.94709014892578,can,can,
target_only,2,sheet_metal|-1|0|1000,sheet_metal,-1,1000,83.47222222222221,79.67593,80.30423736572266,83.98148345947266,can,fruit_jelly,79.12036895751953
target_only,2,sheet_metal|-1|0|200,sheet_metal,-1,200,83.47222222222221,79.67593,79.65608215332031,86.99073791503906,can,fruit_jelly,76.66666412353516
target_only,2,sheet_metal|-1|0|500,sheet_metal,-1,500,83.47222222222221,79.67593,79.70238494873047,84.95370483398438,can,fruit_jelly,79.35185241699219
target_only,2,sheet_metal|-1|1|1000,sheet_metal,-1,1000,83.47222222222221,79.67593,80.33729553222656,83.14814758300781,can,fruit_jelly,81.94444274902344
target_only,2,sheet_metal|-1|1|200,sheet_metal,-1,200,83.47222222222221,79.67593,80.7275161743164,87.91666412353516,can,fruit_jelly,78.00926208496094
target_only,2,sheet_metal|-1|1|500,sheet_metal,-1,500,83.47222222222221,79.67593,80.02645111083984,86.52777862548828,can,fruit_jelly,76.25
target_only,2,sheet_metal|-1|2|1000,sheet_metal,-1,1000,83.47222222222221,79.67593,79.75529479980469,83.93518829345703,can,fruit_jelly,78.33333587646484
target_only,2,sheet_metal|-1|2|200,sheet_metal,-1,200,83.47222222222221,79.67593,78.76322937011719,82.63888549804688,can,fruit_jelly,72.40740966796875
target_only,2,sheet_metal|-1|2|500,sheet_metal,-1,500,83.47222222222221,79.67593,80.41666412353516,82.5,can,fruit_jelly,80.46295928955078
target_only,2,sheet_metal|1|0|1000,sheet_metal,1,1000,85.27777777777777,82.5,82.32804870605469,85.87963104248047,can,fruit_jelly,81.15740966796875
target_only,2,sheet_metal|1|0|200,sheet_metal,1,200,85.27777777777777,82.5,81.5806884765625,87.26851654052734,can,fruit_jelly,79.44444274902344
target_only,2,sheet_metal|1|0|500,sheet_metal,1,500,85.27777777777777,82.5,81.81217193603516,86.43518829345703,can,fruit_jelly,81.20370483398438
target_only,2,sheet_metal|1|1|1000,sheet_metal,1,1000,80.55555555555556,81.57407,78.63094329833984,81.62036895751953,can,wallplugs,80.18518829345703
target_only,2,sheet_metal|1|1|200,sheet_metal,1,200,80.55555555555556,81.57407,79.5502700805664,82.40740966796875,can,fruit_jelly,78.4259262084961
target_only,2,sheet_metal|1|1|500,sheet_metal,1,500,80.55555555555556,81.57407,78.71692657470703,81.62036895751953,can,wallplugs,76.89814758300781
target_only,2,sheet_metal|1|2|1000,sheet_metal,1,1000,82.5462962962963,80.50926,79.338623046875,82.45370483398438,can,fruit_jelly,81.43518829345703
target_only,2,sheet_metal|1|2|200,sheet_metal,1,200,82.5462962962963,80.50926,78.5383529663086,81.38888549804688,can,fruit_jelly,77.59259033203125
target_only,2,sheet_metal|1|2|500,sheet_metal,1,500,82.5462962962963,80.50926,80.27777862548828,83.65740966796875,can,fabric,83.65740966796875
target_only,2,sheet_metal|2|0|1000,sheet_metal,2,1000,85.64814814814817,83.10185,82.2420654296875,84.90740966796875,can,fruit_jelly,80.74073791503906
target_only,2,sheet_metal|2|0|200,sheet_metal,2,200,85.64814814814817,83.10185,81.89813995361328,87.40740966796875,can,fruit_jelly,78.4259262084961
target_only,2,sheet_metal|2|0|500,sheet_metal,2,500,85.64814814814817,83.10185,81.88492584228516,86.29629516601562,can,fruit_jelly,80.3240737915039
target_only,2,sheet_metal|2|1|1000,sheet_metal,2,1000,85.83333333333334,86.01852,82.69841003417969,86.01851654052734,can,can,81.01851654052734
target_only,2,sheet_metal|2|1|200,sheet_metal,2,200,85.83333333333334,86.01852,82.81745910644531,87.36111450195312,can,fruit_jelly,77.68518829345703
target_only,2,sheet_metal|2|1|500,sheet_metal,2,500,85.83333333333334,86.01852,82.14946746826172,86.01851654052734,can,can,76.62036895751953
target_only,2,sheet_metal|2|2|1000,sheet_metal,2,1000,84.16666666666667,83.00926,80.03968048095703,83.24073791503906,can,fruit_jelly,76.85185241699219
target_only,2,sheet_metal|2|2|200,sheet_metal,2,200,84.16666666666667,83.00926,79.31878662109375,83.00926208496094,can,can,75.37036895751953
target_only,2,sheet_metal|2|2|500,sheet_metal,2,500,84.16666666666667,83.00926,81.15740203857422,83.00926208496094,can,can,80.60185241699219
target_only,2,sheet_metal|4|0|1000,sheet_metal,4,1000,83.8888888888889,81.94444,81.1044921875,83.88888549804688,can,fruit_jelly,78.4259262084961
target_only,2,sheet_metal|4|0|200,sheet_metal,4,200,83.8888888888889,81.94444,80.35052490234375,85.83333587646484,can,fruit_jelly,76.89814758300781
target_only,2,sheet_metal|4|0|500,sheet_metal,4,500,83.8888888888889,81.94444,80.81349182128906,85.09259033203125,can,fruit_jelly,78.98148345947266
target_only,2,sheet_metal|4|1|1000,sheet_metal,4,1000,82.03703703703704,78.75,79.10052490234375,81.99073791503906,can,fabric,81.99073791503906
target_only,2,sheet_metal|4|1|200,sheet_metal,4,200,82.03703703703704,78.75,79.51719665527344,84.76851654052734,can,fruit_jelly,78.98148345947266
target_only,2,sheet_metal|4|1|500,sheet_metal,4,500,82.03703703703704,78.75,78.82936096191406,82.87036895751953,can,fruit_jelly,77.91666412353516
target_only,2,sheet_metal|4|2|1000,sheet_metal,4,1000,84.30555555555556,80.37037,80.2645492553711,82.03704071044922,can,fruit_jelly,80.69444274902344
target_only,2,sheet_metal|4|2|200,sheet_metal,4,200,84.30555555555556,80.37037,79.2724838256836,81.11111450195312,can,wallplugs,75.83333587646484
target_only,2,sheet_metal|4|2|500,sheet_metal,4,500,84.30555555555556,80.37037,80.9193115234375,82.26851654052734,can,fabric,82.26851654052734
target_only,2,vial|-1|0|1000,vial,-1,1000,90.50340136054422,84.38095,73.56267547607422,84.38095092773438,can,can,78.61224365234375
target_only,2,vial|-1|0|200,vial,-1,200,90.50340136054422,84.38095,74.22740173339844,84.38095092773438,can,can,77.19728088378906
target_only,2,vial|-1|0|500,vial,-1,500,90.50340136054422,84.38095,72.93682861328125,84.38095092773438,can,can,79.21088409423828
target_only,2,vial|-1|1|1000,vial,-1,1000,90.50340136054422,84.38095,72.54032897949219,84.38095092773438,can,can,77.93197631835938
target_only,2,vial|-1|1|200,vial,-1,200,90.50340136054422,84.38095,74.89213562011719,87.9455795288086,can,fruit_jelly,87.9455795288086
target_only,2,vial|-1|1|500,vial,-1,500,90.50340136054422,84.38095,73.32167053222656,84.38095092773438,can,can,77.55101776123047
target_only,2,vial|-1|2|1000,vial,-1,1000,90.50340136054422,84.38095,73.17784118652344,84.38095092773438,can,can,76.89795684814453
target_only,2,vial|-1|2|200,vial,-1,200,90.50340136054422,84.38095,74.18463897705078,84.38095092773438,can,can,76.89795684814453
target_only,2,vial|-1|2|500,vial,-1,500,90.50340136054422,84.38095,73.47327423095703,84.38095092773438,can,can,80.76190185546875
target_only,2,vial|1|0|1000,vial,1,1000,66.36734693877551,64.190475,60.65305709838867,76.08163452148438,can,rice,61.904762268066406
target_only,2,vial|1|0|200,vial,1,200,66.36734693877551,64.190475,60.56753921508789,76.54421997070312,can,rice,64.16326904296875
target_only,2,vial|1|0|500,vial,1,500,66.36734693877551,64.190475,59.743438720703125,75.91836547851562,can,rice,64.38095092773438
target_only,2,vial|1|1|1000,vial,1,1000,63.78231292517006,59.40136,59.86005401611328,67.45578002929688,can,fruit_jelly,67.45578002929688
target_only,2,vial|1|1|200,vial,1,200,63.78231292517006,59.40136,62.188533782958984,79.26530456542969,can,fruit_jelly,79.26530456542969
target_only,2,vial|1|1|500,vial,1,500,63.78231292517006,59.40136,60.99125289916992,71.9455795288086,can,fruit_jelly,71.9455795288086
target_only,2,vial|1|2|1000,vial,1,1000,74.34013605442176,72.97959,67.45578002929688,84.81632995605469,can,rice,68.38095092773438
target_only,2,vial|1|2|200,vial,1,200,74.34013605442176,72.97959,65.0301284790039,82.47618865966797,can,rice,67.7551040649414
target_only,2,vial|1|2|500,vial,1,500,74.34013605442176,72.97959,66.63557434082031,84.81632995605469,can,rice,68.54421997070312
target_only,2,vial|2|0|1000,vial,2,1000,83.5374149659864,81.71429,68.87852478027344,81.74149322509766,can,rice,69.11564636230469
target_only,2,vial|2|0|200,vial,2,200,83.5374149659864,81.71429,69.9708480834961,81.71428680419922,can,can,71.04762268066406
target_only,2,vial|2|0|500,vial,2,500,83.5374149659864,81.71429,68.66861724853516,81.71428680419922,can,can,72.35374450683594
target_only,2,vial|2|1|1000,vial,2,1000,85.74149659863946,78.666664,72.25267028808594,89.55101776123047,can,rice,69.03401184082031
target_only,2,vial|2|1|200,vial,2,200,85.74149659863946,78.666664,74.66666412353516,90.01360321044922,can,rice,80.19047546386719
target_only,2,vial|2|1|500,vial,2,500,85.74149659863946,78.666664,72.3304214477539,89.14286041259766,can,rice,70.36734771728516
target_only,2,vial|2|2|1000,vial,2,1000,88.68027210884355,80.62585,72.98348236083984,86.149658203125,can,rice,72.40816497802734
target_only,2,vial|2|2|200,vial,2,200,88.68027210884355,80.62585,73.0456771850586,84.2448959350586,can,rice,74.53060913085938
target_only,2,vial|2|2|500,vial,2,500,88.68027210884355,80.62585,72.79689025878906,86.04081726074219,can,rice,75.1292495727539
target_only,2,vial|4|0|1000,vial,4,1000,84.29931972789116,85.93198,76.61029815673828,85.93197631835938,can,can,83.72789001464844
target_only,2,vial|4|0|200,vial,4,200,84.29931972789116,85.93198,76.90184783935547,85.93197631835938,can,can,83.04762268066406
target_only,2,vial|4|0|500,vial,4,500,84.29931972789116,85.93198,75.96501922607422,86.80271911621094,can,fruit_jelly,86.80271911621094
target_only,2,vial|4|1|1000,vial,4,1000,83.61904761904762,80.32653,72.17103576660156,85.44217681884766,can,rice,70.99319458007812
target_only,2,vial|4|1|200,vial,4,200,83.61904761904762,80.32653,76.0194320678711,88.9795913696289,can,fruit_jelly,88.9795913696289
target_only,2,vial|4|1|500,vial,4,500,83.61904761904762,80.32653,72.99125671386719,85.1700668334961,can,rice,75.23809814453125
target_only,2,vial|4|2|1000,vial,4,1000,95.40136054421768,81.605446,75.14091491699219,89.74149322509766,can,rice,73.71428680419922
target_only,2,vial|4|2|200,vial,4,200,95.40136054421768,81.605446,76.57142639160156,86.7755126953125,can,rice,74.28571319580078
target_only,2,vial|4|2|500,vial,4,500,95.40136054421768,81.605446,75.02819061279297,89.55101776123047,can,rice,74.8299331665039
target_only,2,wallplugs|-1|0|1000,wallplugs,-1,1000,42.22222222222222,46.185184,46.79364776611328,62.425926208496094,can,fabric,60.25925827026367
target_only,2,wallplugs|-1|0|200,wallplugs,-1,200,42.22222222222222,46.185184,45.425926208496094,59.25925827026367,can,fabric,49.61111068725586
target_only,2,wallplugs|-1|0|500,wallplugs,-1,500,42.22222222222222,46.185184,47.08465576171875,61.98147964477539,can,fabric,60.74074172973633
target_only,2,wallplugs|-1|1|1000,wallplugs,-1,1000,42.22222222222222,46.185184,46.96825408935547,62.35185241699219,can,fabric,59.27777862548828
target_only,2,wallplugs|-1|1|200,wallplugs,-1,200,42.22222222222222,46.185184,45.873016357421875,64.4259262084961,can,fabric,52.574073791503906
target_only,2,wallplugs|-1|1|500,wallplugs,-1,500,42.22222222222222,46.185184,47.15079116821289,62.75925827026367,can,walnuts,62.75925827026367
target_only,2,wallplugs|-1|2|1000,wallplugs,-1,1000,42.22222222222222,46.185184,46.5555534362793,59.24074172973633,can,walnuts,59.24074172973633
target_only,2,wallplugs|-1|2|200,wallplugs,-1,200,42.22222222222222,46.185184,47.06613540649414,59.98147964477539,can,fabric,48.203704833984375
target_only,2,wallplugs|-1|2|500,wallplugs,-1,500,42.22222222222222,46.185184,47.02116012573242,63.574073791503906,can,walnuts,63.574073791503906
target_only,2,wallplugs|1|0|1000,wallplugs,1,1000,38.00000000000001,39.592594,37.80423355102539,51.61111068725586,can,fabric,30.814815521240234
target_only,2,wallplugs|1|0|200,wallplugs,1,200,38.00000000000001,39.592594,38.912696838378906,51.55555725097656,can,fabric,29.870370864868164
target_only,2,wallplugs|1|0|500,wallplugs,1,500,38.00000000000001,39.592594,38.391536712646484,51.425926208496094,can,fabric,31.88888931274414
target_only,2,wallplugs|1|1|1000,wallplugs,1,1000,44.7037037037037,46.055557,45.53174591064453,60.814815521240234,can,fabric,41.11111068725586
target_only,2,wallplugs|1|1|200,wallplugs,1,200,44.7037037037037,46.055557,47.51322555541992,61.203704833984375,can,fabric,51.72222137451172
target_only,2,wallplugs|1|1|500,wallplugs,1,500,44.7037037037037,46.055557,46.145503997802734,61.62963104248047,can,fabric,42.61111068725586
target_only,2,wallplugs|1|2|1000,wallplugs,1,1000,29.425925925925927,28.907408,27.67195701599121,35.87036895751953,can,fabric,21.203702926635742
target_only,2,wallplugs|1|2|200,wallplugs,1,200,29.425925925925927,28.907408,27.846559524536133,35.77777862548828,can,fabric,21.129629135131836
target_only,2,wallplugs|1|2|500,wallplugs,1,500,29.425925925925927,28.907408,28.396825790405273,34.092594146728516,can,fabric,22.351852416992188
target_only,2,wallplugs|2|0|1000,wallplugs,2,1000,39.092592592592595,44.407406,42.10581588745117,49.88888931274414,can,fabric,46.94444274902344
target_only,2,wallplugs|2|0|200,wallplugs,2,200,39.092592592592595,44.407406,42.30687713623047,48.314815521240234,can,fabric,44.05555725097656
target_only,2,wallplugs|2|0|500,wallplugs,2,500,39.092592592592595,44.407406,42.338626861572266,50.814815521240234,can,fabric,47.685184478759766
target_only,2,wallplugs|2|1|1000,wallplugs,2,1000,40.96296296296296,42.51852,44.53438949584961,55.46296310424805,can,fabric,54.38888931274414
target_only,2,wallplugs|2|1|200,wallplugs,2,200,40.96296296296296,42.51852,44.54762649536133,57.88888931274414,can,fabric,46.12963104248047
target_only,2,wallplugs|2|1|500,wallplugs,2,500,40.96296296296296,42.51852,45.02645492553711,57.87036895751953,can,walnuts,57.87036895751953
target_only,2,wallplugs|2|2|1000,wallplugs,2,1000,41.092592592592595,42.25926,41.354496002197266,54.72222137451172,can,fabric,37.77777862548828
target_only,2,wallplugs|2|2|200,wallplugs,2,200,41.092592592592595,42.25926,41.3783073425293,54.796295166015625,can,fabric,31.203702926635742
target_only,2,wallplugs|2|2|500,wallplugs,2,500,41.092592592592595,42.25926,41.968257904052734,54.24074172973633,can,fabric,39.185184478759766
target_only,2,wallplugs|4|0|1000,wallplugs,4,1000,38.40740740740741,40.27778,38.37566375732422,54.62963104248047,can,fabric,38.62963104248047
target_only,2,wallplugs|4|0|200,wallplugs,4,200,38.40740740740741,40.27778,38.07936477661133,52.16666793823242,can,fabric,34.703704833984375
target_only,2,wallplugs|4|0|500,wallplugs,4,500,38.40740740740741,40.27778,38.843910217285156,53.296295166015625,can,fabric,41.074073791503906
target_only,2,wallplugs|4|1|1000,wallplugs,4,1000,42.50000000000001,47.574074,44.3862419128418,60.24074172973633,can,fabric,49.61111068725586
target_only,2,wallplugs|4|1|200,wallplugs,4,200,42.50000000000001,47.574074,45.02116012573242,62.11111068725586,can,fabric,51.83333206176758
target_only,2,wallplugs|4|1|500,wallplugs,4,500,42.50000000000001,47.574074,44.29629898071289,60.22222137451172,can,fabric,52.203704833984375
target_only,2,wallplugs|4|2|1000,wallplugs,4,1000,40.37037037037037,43.851852,44.1058235168457,55.22222137451172,can,fabric,49.407405853271484
target_only,2,wallplugs|4|2|200,wallplugs,4,200,40.37037037037037,43.851852,44.63756561279297,53.203704833984375,can,fabric,41.96296310424805
target_only,2,wallplugs|4|2|500,wallplugs,4,500,40.37037037037037,43.851852,44.703704833984375,54.703704833984375,can,fabric,54.314815521240234
target_only,2,walnuts|-1|0|1000,walnuts,-1,1000,78.74074074074075,87.48148,63.751319885253906,87.48148345947266,can,can,
target_only,2,walnuts|-1|0|200,walnuts,-1,200,78.74074074074075,87.48148,66.95502471923828,92.29629516601562,can,vial,
target_only,2,walnuts|-1|0|500,walnuts,-1,500,78.74074074074075,87.48148,63.465606689453125,87.48148345947266,can,can,
target_only,2,walnuts|-1|1|1000,walnuts,-1,1000,78.74074074074075,87.48148,63.93386459350586,87.48148345947266,can,can,
target_only,2,walnuts|-1|1|200,walnuts,-1,200,78.74074074074075,87.48148,67.71428680419922,87.48148345947266,can,can,
target_only,2,walnuts|-1|1|500,walnuts,-1,500,78.74074074074075,87.48148,64.84127044677734,87.48148345947266,can,can,
target_only,2,walnuts|-1|2|1000,walnuts,-1,1000,78.74074074074075,87.48148,63.84127426147461,87.48148345947266,can,can,
target_only,2,walnuts|-1|2|200,walnuts,-1,200,78.74074074074075,87.48148,67.29894256591797,87.48148345947266,can,can,
target_only,2,walnuts|-1|2|500,walnuts,-1,500,78.74074074074075,87.48148,65.4338607788086,87.48148345947266,can,can,
target_only,2,walnuts|1|0|1000,walnuts,1,1000,75.90740740740742,85.12963,71.00264739990234,85.12963104248047,can,can,
target_only,2,walnuts|1|0|200,walnuts,1,200,75.90740740740742,85.12963,72.31217193603516,87.51851654052734,can,vial,
target_only,2,walnuts|1|0|500,walnuts,1,500,75.90740740740742,85.12963,70.81745910644531,85.12963104248047,can,can,
target_only,2,walnuts|1|1|1000,walnuts,1,1000,80.81481481481482,89.68519,78.43915557861328,89.68518829345703,can,can,
target_only,2,walnuts|1|1|200,walnuts,1,200,80.81481481481482,89.68519,79.52909851074219,89.68518829345703,can,can,
target_only,2,walnuts|1|1|500,walnuts,1,500,80.81481481481482,89.68519,78.21693420410156,89.68518829345703,can,can,
target_only,2,walnuts|1|2|1000,walnuts,1,1000,76.0925925925926,88.796295,68.45503234863281,88.79629516601562,can,can,
target_only,2,walnuts|1|2|200,walnuts,1,200,76.0925925925926,88.796295,70.46031951904297,88.79629516601562,can,can,
target_only,2,walnuts|1|2|500,walnuts,1,500,76.0925925925926,88.796295,71.0899429321289,88.79629516601562,can,can,
target_only,2,walnuts|2|0|1000,walnuts,2,1000,79.14814814814815,89.31481,79.39683532714844,89.31481170654297,can,can,
target_only,2,walnuts|2|0|200,walnuts,2,200,79.14814814814815,89.31481,79.4920654296875,90.18518829345703,can,vial,
target_only,2,walnuts|2|0|500,walnuts,2,500,79.14814814814815,89.31481,79.06084442138672,89.31481170654297,can,can,
target_only,2,walnuts|2|1|1000,walnuts,2,1000,75.81481481481481,85.666664,69.0873031616211,85.66666412353516,can,can,
target_only,2,walnuts|2|1|200,walnuts,2,200,75.81481481481481,85.666664,71.02910614013672,85.66666412353516,can,can,
target_only,2,walnuts|2|1|500,walnuts,2,500,75.81481481481481,85.666664,69.14286041259766,85.66666412353516,can,can,
target_only,2,walnuts|2|2|1000,walnuts,2,1000,73.74074074074075,86.333336,59.79629898071289,86.33333587646484,can,can,
target_only,2,walnuts|2|2|200,walnuts,2,200,73.74074074074075,86.333336,63.05820083618164,86.33333587646484,can,can,
target_only,2,walnuts|2|2|500,walnuts,2,500,73.74074074074075,86.333336,61.86243438720703,86.33333587646484,can,can,
target_only,2,walnuts|4|0|1000,walnuts,4,1000,75.81481481481481,87.03704,67.13492584228516,87.03704071044922,can,can,
target_only,2,walnuts|4|0|200,walnuts,4,200,75.81481481481481,87.03704,70.50000762939453,88.81481170654297,can,vial,
target_only,2,walnuts|4|0|500,walnuts,4,500,75.81481481481481,87.03704,67.23015594482422,87.03704071044922,can,can,
target_only,2,walnuts|4|1|1000,walnuts,4,1000,76.68518518518518,85.87037,67.74073791503906,85.87036895751953,can,can,
target_only,2,walnuts|4|1|200,walnuts,4,200,76.68518518518518,85.87037,70.87830352783203,85.87036895751953,can,can,
target_only,2,walnuts|4|1|500,walnuts,4,500,76.68518518518518,85.87037,68.46031951904297,85.87036895751953,can,can,
target_only,2,walnuts|4|2|1000,walnuts,4,1000,76.55555555555556,86.85185,70.84127044677734,86.85185241699219,can,can,
target_only,2,walnuts|4|2|200,walnuts,4,200,76.55555555555556,86.85185,73.69576263427734,86.85185241699219,can,can,
target_only,2,walnuts|4|2|500,walnuts,4,500,76.55555555555556,86.85185,71.4047622680664,86.85185241699219,can,can,
bank_only,0,can|-1|0|1000,can,-1,1000,52.26851851851851,47.762344,44.81922149658203,50.8487663269043,wallplugs,fabric,40.74074172973633
bank_only,0,can|-1|0|200,can,-1,200,52.26851851851851,46.589508,46.016319274902344,50.38580322265625,wallplugs,vial,40.061729431152344
bank_only,0,can|-1|0|500,can,-1,500,52.26851851851851,47.746914,45.17636489868164,49.567901611328125,wallplugs,fabric,38.76543045043945
bank_only,0,can|-1|1|1000,can,-1,1000,52.26851851851851,47.762344,45.3262825012207,50.97222137451172,wallplugs,fabric,40.0
bank_only,0,can|-1|1|200,can,-1,200,52.26851851851851,46.75926,43.51852035522461,51.63580322265625,wallplugs,fabric,40.8487663269043
bank_only,0,can|-1|1|500,can,-1,500,52.26851851851851,47.71605,45.244712829589844,50.0771598815918,wallplugs,fabric,41.820987701416016
bank_only,0,can|-1|2|1000,can,-1,1000,52.26851851851851,47.762344,45.17636489868164,50.89506149291992,wallplugs,fabric,40.061729431152344
bank_only,0,can|-1|2|200,can,-1,200,52.26851851851851,47.5,45.32627487182617,50.13888931274414,wallplugs,sheet_metal,37.37654495239258
bank_only,0,can|-1|2|500,can,-1,500,52.26851851851851,47.669754,46.197086334228516,51.99074172973633,wallplugs,fabric,40.35493850708008
bank_only,0,can|1|0|1000,can,1,1000,44.87654320987654,46.589508,46.809967041015625,50.293209075927734,wallplugs,fabric,45.4012336730957
bank_only,0,can|1|0|200,can,1,200,44.87654320987654,46.512344,46.70634078979492,48.8271598815918,wallplugs,fabric,45.447532653808594
bank_only,0,can|1|0|500,can,1,500,44.87654320987654,46.574074,46.682098388671875,49.72222137451172,wallplugs,fabric,46.188270568847656
bank_only,0,can|1|1|1000,can,1,1000,45.956790123456784,45.570988,46.598323822021484,49.24382781982422,wallplugs,vial,45.52469253540039
bank_only,0,can|1|1|200,can,1,200,45.956790123456784,45.74074,46.77910232543945,49.33641815185547,wallplugs,fabric,45.26234436035156
bank_only,0,can|1|1|500,can,1,500,45.956790123456784,45.570988,47.039241790771484,49.62963104248047,wallplugs,fabric,45.69444274902344
bank_only,0,can|1|2|1000,can,1,1000,36.60493827160494,39.459877,39.678131103515625,42.5771598815918,wallplugs,fruit_jelly,42.5771598815918
bank_only,0,can|1|2|200,can,1,200,36.60493827160494,40.493828,38.47442626953125,41.77469253540039,wallplugs,fruit_jelly,41.77469253540039
bank_only,0,can|1|2|500,can,1,500,36.60493827160494,39.753086,39.42019271850586,42.5,wallplugs,sheet_metal,42.345680236816406
bank_only,0,can|2|0|1000,can,2,1000,34.876543209876544,42.808643,41.64020919799805,45.4783935546875,wallplugs,sheet_metal,43.91975402832031
bank_only,0,can|2|0|200,can,2,200,34.876543209876544,42.175926,42.40520477294922,49.49074172973633,wallplugs,sheet_metal,44.61419677734375
bank_only,0,can|2|0|500,can,2,500,34.876543209876544,42.79321,41.90696334838867,47.08333206176758,wallplugs,sheet_metal,44.72222137451172
bank_only,0,can|2|1|1000,can,2,1000,41.373456790123456,46.419754,43.15696334838867,50.63271713256836,wallplugs,fabric,40.30864334106445
bank_only,0,can|2|1|200,can,2,200,41.373456790123456,46.62037,43.85581588745117,50.94135665893555,wallplugs,fabric,42.407405853271484
bank_only,0,can|2|1|500,can,2,500,41.373456790123456,46.435184,43.62213134765625,50.24691390991211,wallplugs,fabric,40.49382781982422
bank_only,0,can|2|2|1000,can,2,1000,35.84876543209876,38.487656,41.51234817504883,49.459877014160156,wallplugs,sheet_metal,39.86111068725586
bank_only,0,can|2|2|200,can,2,200,35.84876543209876,38.81173,41.31393051147461,47.77777862548828,wallplugs,sheet_metal,38.950618743896484
bank_only,0,can|2|2|500,can,2,500,35.84876543209876,38.441357,40.471778869628906,46.311729431152344,wallplugs,walnuts,39.61419677734375
bank_only,0,can|4|0|1000,can,4,1000,34.5679012345679,42.56173,37.235450744628906,42.561729431152344,wallplugs,wallplugs,33.05555725097656
bank_only,0,can|4|0|200,can,4,200,34.5679012345679,42.28395,38.15917205810547,44.41358184814453,wallplugs,sheet_metal,35.7716064453125
bank_only,0,can|4|0|500,can,4,500,34.5679012345679,42.592594,37.62565994262695,42.80864334106445,wallplugs,sheet_metal,32.76234436035156
bank_only,0,can|4|1|1000,can,4,1000,44.675925925925924,50.13889,46.62036895751953,50.23147964477539,wallplugs,fabric,40.74074172973633
bank_only,0,can|4|1|200,can,4,200,44.675925925925924,49.79938,46.790122985839844,51.01852035522461,wallplugs,fabric,43.842594146728516
bank_only,0,can|4|1|500,can,4,500,44.675925925925924,50.030865,46.53659439086914,50.03086471557617,wallplugs,wallplugs,41.26543045043945
bank_only,0,can|4|2|1000,can,4,1000,47.916666666666664,48.209877,49.005733489990234,52.03703689575195,wallplugs,fabric,48.62654495239258
bank_only,0,can|4|2|200,can,4,200,47.916666666666664,48.132717,49.27028274536133,52.77777862548828,wallplugs,vial,48.22530746459961
bank_only,0,can|4|2|500,can,4,500,47.916666666666664,48.194443,48.913143157958984,51.959877014160156,wallplugs,fabric,47.453704833984375
bank_only,0,fabric|-1|0|1000,fabric,-1,1000,56.313131313131315,47.037037,53.99711990356445,66.68350219726562,wallplugs,fruit_jelly,
bank_only,0,fabric|-1|0|200,fabric,-1,200,56.313131313131315,45.117844,53.403076171875,66.12794494628906,wallplugs,walnuts,
bank_only,0,fabric|-1|0|500,fabric,-1,500,56.313131313131315,47.05387,54.02356719970703,66.919189453125,wallplugs,fruit_jelly,
bank_only,0,fabric|-1|1|1000,fabric,-1,1000,56.313131313131315,47.037037,53.593074798583984,66.07743835449219,wallplugs,fruit_jelly,
bank_only,0,fabric|-1|1|200,fabric,-1,200,56.313131313131315,44.949493,53.015869140625,67.47474670410156,wallplugs,fruit_jelly,
bank_only,0,fabric|-1|1|500,fabric,-1,500,56.313131313131315,47.037037,52.0322265625,64.71380615234375,wallplugs,fruit_jelly,
bank_only,0,fabric|-1|2|1000,fabric,-1,1000,56.313131313131315,47.037037,53.90091323852539,64.94949340820312,wallplugs,fruit_jelly,
bank_only,0,fabric|-1|2|200,fabric,-1,200,56.313131313131315,47.55892,53.102455139160156,77.03704071044922,wallplugs,sheet_metal,
bank_only,0,fabric|-1|2|500,fabric,-1,500,56.313131313131315,47.037037,52.22222137451172,67.20539093017578,wallplugs,fruit_jelly,
bank_only,0,fabric|1|0|1000,fabric,1,1000,30.85858585858585,35.420876,37.97739028930664,48.38383865356445,wallplugs,sheet_metal,
bank_only,0,fabric|1|0|200,fabric,1,200,30.85858585858585,33.01347,37.79220962524414,51.296295166015625,wallplugs,walnuts,
bank_only,0,fabric|1|0|500,fabric,1,500,30.85858585858585,35.50505,38.89850997924805,49.91582489013672,wallplugs,sheet_metal,
bank_only,0,fabric|1|1|1000,fabric,1,1000,64.79797979797979,51.11111,58.18181610107422,72.82828521728516,wallplugs,fruit_jelly,
bank_only,0,fabric|1|1|200,fabric,1,200,64.79797979797979,49.006733,57.8379020690918,68.98989868164062,wallplugs,fruit_jelly,
bank_only,0,fabric|1|1|500,fabric,1,500,64.79797979797979,51.026936,57.53006362915039,71.8855209350586,wallplugs,fruit_jelly,
bank_only,0,fabric|1|2|1000,fabric,1,1000,46.666666666666664,37.962963,49.46127700805664,59.17508316040039,wallplugs,fruit_jelly,
bank_only,0,fabric|1|2|200,fabric,1,200,46.666666666666664,38.535355,47.522850036621094,57.25589370727539,wallplugs,fruit_jelly,
bank_only,0,fabric|1|2|500,fabric,1,500,46.666666666666664,37.962963,49.528621673583984,62.3232307434082,wallplugs,fruit_jelly,
bank_only,0,fabric|2|0|1000,fabric,2,1000,68.70370370370371,54.410774,61.22895431518555,69.86531829833984,wallplugs,sheet_metal,
bank_only,0,fabric|2|0|200,fabric,2,200,68.70370370370371,51.936028,60.038482666015625,71.63299560546875,wallplugs,walnuts,
bank_only,0,fabric|2|0|500,fabric,2,500,68.70370370370371,54.444443,60.50745391845703,68.95623016357422,wallplugs,walnuts,
bank_only,0,fabric|2|1|1000,fabric,2,1000,47.222222222222214,43.333332,47.57094955444336,58.33333206176758,wallplugs,fruit_jelly,
bank_only,0,fabric|2|1|200,fabric,2,200,47.222222222222214,40.723907,45.45935821533203,54.79798126220703,wallplugs,fruit_jelly,
bank_only,0,fabric|2|1|500,fabric,2,500,47.222222222222214,43.198654,46.7652702331543,57.306396484375,wallplugs,sheet_metal,
bank_only,0,fabric|2|2|1000,fabric,2,1000,57.0875420875421,45.925926,56.835018157958984,69.49494934082031,wallplugs,fruit_jelly,
bank_only,0,fabric|2|2|200,fabric,2,200,57.0875420875421,46.767677,55.182777404785156,68.33333587646484,wallplugs,fruit_jelly,
bank_only,0,fabric|2|2|500,fabric,2,500,57.0875420875421,45.925926,55.80086898803711,71.02693939208984,wallplugs,fruit_jelly,
bank_only,0,fabric|4|0|1000,fabric,4,1000,57.71043771043771,47.727272,55.66858673095703,70.90908813476562,wallplugs,fruit_jelly,
bank_only,0,fabric|4|0|200,fabric,4,200,57.71043771043771,46.363636,55.603660583496094,67.49158477783203,wallplugs,walnuts,
bank_only,0,fabric|4|0|500,fabric,4,500,57.71043771043771,47.727272,57.00095748901367,70.37036895751953,wallplugs,fruit_jelly,
bank_only,0,fabric|4|1|1000,fabric,4,1000,49.62962962962963,44.090908,52.467533111572266,66.11111450195312,wallplugs,fruit_jelly,
bank_only,0,fabric|4|1|200,fabric,4,200,49.62962962962963,42.138046,51.45502471923828,62.84511947631836,wallplugs,fruit_jelly,
bank_only,0,fabric|4|1|500,fabric,4,500,49.62962962962963,44.12458,51.4911003112793,64.30976104736328,wallplugs,fruit_jelly,
bank_only,0,fabric|4|2|1000,fabric,4,1000,55.40404040404041,43.72054,54.1462287902832,66.80134582519531,wallplugs,fruit_jelly,
bank_only,0,fabric|4|2|200,fabric,4,200,55.40404040404041,44.6633,53.2732048034668,69.24242401123047,wallplugs,sheet_metal,
bank_only,0,fabric|4|2|500,fabric,4,500,55.40404040404041,43.72054,52.602210998535156,67.8787841796875,wallplugs,fruit_jelly,
bank_only,0,fruit_jelly|-1|0|1000,fruit_jelly,-1,1000,86.58333333333333,66.25,69.6190414428711,80.91666412353516,wallplugs,rice,
bank_only,0,fruit_jelly|-1|0|200,fruit_jelly,-1,200,86.58333333333333,65.75,67.72618865966797,80.83333587646484,wallplugs,rice,
bank_only,0,fruit_jelly|-1|0|500,fruit_jelly,-1,500,86.58333333333333,65.833336,69.38095092773438,80.91666412353516,wallplugs,rice,
bank_only,0,fruit_jelly|-1|1|1000,fruit_jelly,-1,1000,86.58333333333333,66.25,69.23809051513672,80.91666412353516,wallplugs,rice,
bank_only,0,fruit_jelly|-1|1|200,fruit_jelly,-1,200,86.58333333333333,66.583336,70.55953216552734,83.58333587646484,wallplugs,rice,
bank_only,0,fruit_jelly|-1|1|500,fruit_jelly,-1,500,86.58333333333333,66.5,69.57142639160156,80.16666412353516,wallplugs,rice,
bank_only,0,fruit_jelly|-1|2|1000,fruit_jelly,-1,1000,86.58333333333333,66.25,69.34523010253906,80.91666412353516,wallplugs,rice,
bank_only,0,fruit_jelly|-1|2|200,fruit_jelly,-1,200,86.58333333333333,66.333336,75.73809814453125,83.41666412353516,wallplugs,sheet_metal,
bank_only,0,fruit_jelly|-1|2|500,fruit_jelly,-1,500,86.58333333333333,65.833336,68.25,80.75,wallplugs,rice,
bank_only,0,fruit_jelly|1|0|1000,fruit_jelly,1,1000,73.16666666666666,69.0,63.36904525756836,69.0,wallplugs,wallplugs,
bank_only,0,fruit_jelly|1|0|200,fruit_jelly,1,200,73.16666666666666,69.416664,62.36904525756836,69.41666412353516,wallplugs,wallplugs,
bank_only,0,fruit_jelly|1|0|500,fruit_jelly,1,500,73.16666666666666,68.166664,63.75,69.33333587646484,wallplugs,walnuts,
bank_only,0,fruit_jelly|1|1|1000,fruit_jelly,1,1000,85.91666666666666,70.166664,73.73809051513672,79.33333587646484,wallplugs,walnuts,
bank_only,0,fruit_jelly|1|1|200,fruit_jelly,1,200,85.91666666666666,68.083336,73.96428680419922,81.16666412353516,wallplugs,walnuts,
bank_only,0,fruit_jelly|1|1|500,fruit_jelly,1,500,85.91666666666666,70.0,73.91666412353516,80.41666412353516,wallplugs,vial,
bank_only,0,fruit_jelly|1|2|1000,fruit_jelly,1,1000,84.58333333333331,84.416664,77.8452377319336,84.41666412353516,wallplugs,wallplugs,
bank_only,0,fruit_jelly|1|2|200,fruit_jelly,1,200,84.58333333333331,83.583336,80.19048309326172,85.33333587646484,wallplugs,walnuts,
bank_only,0,fruit_jelly|1|2|500,fruit_jelly,1,500,84.58333333333331,84.416664,77.75,84.41666412353516,wallplugs,wallplugs,
bank_only,0,fruit_jelly|2|0|1000,fruit_jelly,2,1000,81.16666666666667,56.166668,65.89286041259766,72.0,wallplugs,fabric,
bank_only,0,fruit_jelly|2|0|200,fruit_jelly,2,200,81.16666666666667,58.583332,64.64286041259766,70.5,wallplugs,fabric,
bank_only,0,fruit_jelly|2|0|500,fruit_jelly,2,500,81.16666666666667,56.083332,65.69047546386719,72.16666412353516,wallplugs,fabric,
bank_only,0,fruit_jelly|2|1|1000,fruit_jelly,2,1000,81.58333333333333,60.583332,67.03571319580078,75.41666412353516,wallplugs,fabric,
bank_only,0,fruit_jelly|2|1|200,fruit_jelly,2,200,81.58333333333333,59.583332,66.89286041259766,76.08333587646484,wallplugs,fabric,
bank_only,0,fruit_jelly|2|1|500,fruit_jelly,2,500,81.58333333333333,62.5,67.58333587646484,76.66666412353516,wallplugs,fabric,
bank_only,0,fruit_jelly|2|2|1000,fruit_jelly,2,1000,78.41666666666667,56.75,67.04762268066406,77.08333587646484,wallplugs,fabric,
bank_only,0,fruit_jelly|2|2|200,fruit_jelly,2,200,78.41666666666667,57.666668,69.0952377319336,74.16666412353516,wallplugs,fabric,
bank_only,0,fruit_jelly|2|2|500,fruit_jelly,2,500,78.41666666666667,57.083332,66.72618865966797,75.41666412353516,wallplugs,fabric,
bank_only,0,fruit_jelly|4|0|1000,fruit_jelly,4,1000,78.83333333333333,64.0,67.63095092773438,75.75,wallplugs,fabric,
bank_only,0,fruit_jelly|4|0|200,fruit_jelly,4,200,78.83333333333333,65.0,64.6547622680664,73.5,wallplugs,rice,
bank_only,0,fruit_jelly|4|0|500,fruit_jelly,4,500,78.83333333333333,63.333332,67.70237731933594,76.58333587646484,wallplugs,fabric,
bank_only,0,fruit_jelly|4|1|1000,fruit_jelly,4,1000,86.75,69.916664,72.0952377319336,79.83333587646484,wallplugs,rice,
bank_only,0,fruit_jelly|4|1|200,fruit_jelly,4,200,86.75,68.666664,73.57142639160156,82.41666412353516,wallplugs,walnuts,
bank_only,0,fruit_jelly|4|1|500,fruit_jelly,4,500,86.75,70.5,72.32142639160156,79.41666412353516,wallplugs,rice,
bank_only,0,fruit_jelly|4|2|1000,fruit_jelly,4,1000,88.08333333333333,68.083336,71.92857360839844,77.33333587646484,wallplugs,fabric,
bank_only,0,fruit_jelly|4|2|200,fruit_jelly,4,200,88.08333333333333,68.166664,75.39286041259766,80.83333587646484,wallplugs,rice,
bank_only,0,fruit_jelly|4|2|500,fruit_jelly,4,500,88.08333333333333,68.416664,71.09523010253906,77.25,wallplugs,rice,
bank_only,0,rice|-1|0|1000,rice,-1,1000,80.74074074074075,66.74603,63.711265563964844,70.661376953125,wallplugs,walnuts,
bank_only,0,rice|-1|0|200,rice,-1,200,80.74074074074075,71.084656,59.693878173828125,71.08465576171875,wallplugs,wallplugs,
bank_only,0,rice|-1|0|500,rice,-1,500,80.74074074074075,66.74603,62.248680114746094,68.38624572753906,wallplugs,fabric,
bank_only,0,rice|-1|1|1000,rice,-1,1000,80.74074074074075,66.74603,63.31443405151367,70.87301635742188,wallplugs,walnuts,
bank_only,0,rice|-1|1|200,rice,-1,200,80.74074074074075,66.772484,61.60997772216797,67.08995056152344,wallplugs,can,
bank_only,0,rice|-1|1|500,rice,-1,500,80.74074074074075,66.74603,63.722599029541016,71.9047622680664,wallplugs,walnuts,
bank_only,0,rice|-1|2|1000,rice,-1,1000,80.74074074074075,66.74603,63.824642181396484,71.48148345947266,wallplugs,walnuts,
bank_only,0,rice|-1|2|200,rice,-1,200,80.74074074074075,64.81481,67.82312774658203,69.78836059570312,wallplugs,sheet_metal,
bank_only,0,rice|-1|2|500,rice,-1,500,80.74074074074075,66.74603,62.4527587890625,68.62433624267578,wallplugs,walnuts,
bank_only,0,rice|1|0|1000,rice,1,1000,86.74603174603175,74.57672,70.18518829345703,78.99470520019531,wallplugs,walnuts,
bank_only,0,rice|1|0|200,rice,1,200,86.74603174603175,77.30159,68.90022277832031,79.57672119140625,wallplugs,walnuts,
bank_only,0,rice|1|0|500,rice,1,500,86.74603174603175,74.49735,70.16250610351562,77.1693115234375,wallplugs,walnuts,
bank_only,0,rice|1|1|1000,rice,1,1000,78.4920634920635,75.63492,68.61678314208984,75.63491821289062,wallplugs,wallplugs,
bank_only,0,rice|1|1|200,rice,1,200,78.4920634920635,74.97354,68.26152801513672,74.97354125976562,wallplugs,wallplugs,
bank_only,0,rice|1|1|500,rice,1,500,78.4920634920635,75.63492,69.78079986572266,75.63491821289062,wallplugs,wallplugs,
bank_only,0,rice|1|2|1000,rice,1,1000,77.93650793650795,77.16931,72.21466064453125,79.89418029785156,wallplugs,can,
bank_only,0,rice|1|2|200,rice,1,200,77.93650793650795,76.455025,75.31745910644531,79.89418029785156,wallplugs,can,
bank_only,0,rice|1|2|500,rice,1,500,77.93650793650795,77.06349,70.23809051513672,79.89418029785156,wallplugs,can,
bank_only,0,rice|2|0|1000,rice,2,1000,78.94179894179894,76.719574,70.10960388183594,76.71957397460938,wallplugs,wallplugs,
bank_only,0,rice|2|0|200,rice,2,200,78.94179894179894,77.08995,67.03325653076172,77.08995056152344,wallplugs,wallplugs,
bank_only,0,rice|2|0|500,rice,2,500,78.94179894179894,76.719574,69.24036407470703,76.71957397460938,wallplugs,wallplugs,
bank_only,0,rice|2|1|1000,rice,2,1000,72.91005291005293,68.783066,64.30082702636719,73.25396728515625,wallplugs,fabric,
bank_only,0,rice|2|1|200,rice,2,200,72.91005291005293,67.59259,63.85109329223633,77.01058197021484,wallplugs,fabric,
bank_only,0,rice|2|1|500,rice,2,500,72.91005291005293,68.783066,64.84883117675781,77.01058197021484,wallplugs,fabric,
bank_only,0,rice|2|2|1000,rice,2,1000,76.79894179894181,73.862434,69.47845458984375,73.86243438720703,wallplugs,wallplugs,
bank_only,0,rice|2|2|200,rice,2,200,76.79894179894181,72.48677,72.0521469116211,78.4920654296875,wallplugs,sheet_metal,
bank_only,0,rice|2|2|500,rice,2,500,76.79894179894181,73.862434,68.14058685302734,73.86243438720703,wallplugs,wallplugs,
bank_only,0,rice|4|0|1000,rice,4,1000,79.62962962962963,70.07937,69.42932891845703,77.08995056152344,wallplugs,walnuts,
bank_only,0,rice|4|0|200,rice,4,200,79.62962962962963,73.888885,65.69917297363281,74.68254089355469,wallplugs,can,
bank_only,0,rice|4|0|500,rice,4,500,79.62962962962963,70.05291,67.9062728881836,76.93121337890625,wallplugs,fabric,
bank_only,0,rice|4|1|1000,rice,4,1000,79.31216931216932,71.137566,66.29630279541016,74.20635223388672,wallplugs,walnuts,
bank_only,0,rice|4|1|200,rice,4,200,79.31216931216932,70.02646,65.60846710205078,70.02645874023438,wallplugs,wallplugs,
bank_only,0,rice|4|1|500,rice,4,500,79.31216931216932,71.164024,66.88208770751953,73.65079498291016,wallplugs,walnuts,
bank_only,0,rice|4|2|1000,rice,4,1000,78.17460317460319,66.90476,65.10581970214844,69.94709014892578,wallplugs,can,
bank_only,0,rice|4|2|200,rice,4,200,78.17460317460319,65.66138,69.44444274902344,77.96295928955078,wallplugs,sheet_metal,
bank_only,0,rice|4|2|500,rice,4,500,78.17460317460319,67.03704,64.46712493896484,69.94709014892578,wallplugs,can,
bank_only,0,sheet_metal|-1|0|1000,sheet_metal,-1,1000,83.47222222222221,80.37037,80.30423736572266,83.98148345947266,wallplugs,fruit_jelly,79.12036895751953
bank_only,0,sheet_metal|-1|0|200,sheet_metal,-1,200,83.47222222222221,79.76852,79.65608215332031,86.99073791503906,wallplugs,fruit_jelly,76.66666412353516
bank_only,0,sheet_metal|-1|0|500,sheet_metal,-1,500,83.47222222222221,80.32407,79.70238494873047,84.95370483398438,wallplugs,fruit_jelly,79.35185241699219
bank_only,0,sheet_metal|-1|1|1000,sheet_metal,-1,1000,83.47222222222221,80.37037,80.33729553222656,83.14814758300781,wallplugs,fruit_jelly,81.94444274902344
bank_only,0,sheet_metal|-1|1|200,sheet_metal,-1,200,83.47222222222221,81.15741,80.7275161743164,87.91666412353516,wallplugs,fruit_jelly,78.00926208496094
bank_only,0,sheet_metal|-1|1|500,sheet_metal,-1,500,83.47222222222221,80.37037,80.02645111083984,86.52777862548828,wallplugs,fruit_jelly,76.25
bank_only,0,sheet_metal|-1|2|1000,sheet_metal,-1,1000,83.47222222222221,80.37037,79.75529479980469,83.93518829345703,wallplugs,fruit_jelly,78.33333587646484
bank_only,0,sheet_metal|-1|2|200,sheet_metal,-1,200,83.47222222222221,81.296295,78.76322937011719,82.63888549804688,wallplugs,fruit_jelly,72.40740966796875
bank_only,0,sheet_metal|-1|2|500,sheet_metal,-1,500,83.47222222222221,80.37037,80.41666412353516,82.5,wallplugs,fruit_jelly,80.46295928955078
bank_only,0,sheet_metal|1|0|1000,sheet_metal,1,1000,85.27777777777777,81.388885,82.32804870605469,85.87963104248047,wallplugs,fruit_jelly,81.15740966796875
bank_only,0,sheet_metal|1|0|200,sheet_metal,1,200,85.27777777777777,80.78704,81.5806884765625,87.26851654052734,wallplugs,fruit_jelly,79.44444274902344
bank_only,0,sheet_metal|1|0|500,sheet_metal,1,500,85.27777777777777,81.296295,81.81217193603516,86.43518829345703,wallplugs,fruit_jelly,81.20370483398438
bank_only,0,sheet_metal|1|1|1000,sheet_metal,1,1000,80.55555555555556,81.62037,78.63094329833984,81.62036895751953,wallplugs,wallplugs,80.18518829345703
bank_only,0,sheet_metal|1|1|200,sheet_metal,1,200,80.55555555555556,81.62037,79.5502700805664,82.40740966796875,wallplugs,fruit_jelly,78.4259262084961
bank_only,0,sheet_metal|1|1|500,sheet_metal,1,500,80.55555555555556,81.62037,78.71692657470703,81.62036895751953,wallplugs,wallplugs,76.89814758300781
bank_only,0,sheet_metal|1|2|1000,sheet_metal,1,1000,82.5462962962963,78.65741,79.338623046875,82.45370483398438,wallplugs,fruit_jelly,81.43518829345703
bank_only,0,sheet_metal|1|2|200,sheet_metal,1,200,82.5462962962963,79.21296,78.5383529663086,81.38888549804688,wallplugs,fruit_jelly,77.59259033203125
bank_only,0,sheet_metal|1|2|500,sheet_metal,1,500,82.5462962962963,78.65741,80.27777862548828,83.65740966796875,wallplugs,fabric,83.65740966796875
bank_only,0,sheet_metal|2|0|1000,sheet_metal,2,1000,85.64814814814817,82.73148,82.2420654296875,84.90740966796875,wallplugs,fruit_jelly,80.74073791503906
bank_only,0,sheet_metal|2|0|200,sheet_metal,2,200,85.64814814814817,82.12963,81.89813995361328,87.40740966796875,wallplugs,fruit_jelly,78.4259262084961
bank_only,0,sheet_metal|2|0|500,sheet_metal,2,500,85.64814814814817,82.68519,81.88492584228516,86.29629516601562,wallplugs,fruit_jelly,80.3240737915039
bank_only,0,sheet_metal|2|1|1000,sheet_metal,2,1000,85.83333333333334,82.87037,82.69841003417969,86.01851654052734,wallplugs,can,81.01851654052734
bank_only,0,sheet_metal|2|1|200,sheet_metal,2,200,85.83333333333334,83.10185,82.81745910644531,87.36111450195312,wallplugs,fruit_jelly,77.68518829345703
bank_only,0,sheet_metal|2|1|500,sheet_metal,2,500,85.83333333333334,82.77778,82.14946746826172,86.01851654052734,wallplugs,can,76.62036895751953
bank_only,0,sheet_metal|2|2|1000,sheet_metal,2,1000,84.16666666666667,81.52778,80.03968048095703,83.24073791503906,wallplugs,fruit_jelly,76.85185241699219
bank_only,0,sheet_metal|2|2|200,sheet_metal,2,200,84.16666666666667,81.71296,79.31878662109375,83.00926208496094,wallplugs,can,75.37036895751953
bank_only,0,sheet_metal|2|2|500,sheet_metal,2,500,84.16666666666667,81.52778,81.15740203857422,83.00926208496094,wallplugs,can,80.60185241699219
bank_only,0,sheet_metal|4|0|1000,sheet_metal,4,1000,83.8888888888889,81.75926,81.1044921875,83.88888549804688,wallplugs,fruit_jelly,78.4259262084961
bank_only,0,sheet_metal|4|0|200,sheet_metal,4,200,83.8888888888889,81.06481,80.35052490234375,85.83333587646484,wallplugs,fruit_jelly,76.89814758300781
bank_only,0,sheet_metal|4|0|500,sheet_metal,4,500,83.8888888888889,81.666664,80.81349182128906,85.09259033203125,wallplugs,fruit_jelly,78.98148345947266
bank_only,0,sheet_metal|4|1|1000,sheet_metal,4,1000,82.03703703703704,79.81481,79.10052490234375,81.99073791503906,wallplugs,fabric,81.99073791503906
bank_only,0,sheet_metal|4|1|200,sheet_metal,4,200,82.03703703703704,79.72222,79.51719665527344,84.76851654052734,wallplugs,fruit_jelly,78.98148345947266
bank_only,0,sheet_metal|4|1|500,sheet_metal,4,500,82.03703703703704,79.76852,78.82936096191406,82.87036895751953,wallplugs,fruit_jelly,77.91666412353516
bank_only,0,sheet_metal|4|2|1000,sheet_metal,4,1000,84.30555555555556,81.25,80.2645492553711,82.03704071044922,wallplugs,fruit_jelly,80.69444274902344
bank_only,0,sheet_metal|4|2|200,sheet_metal,4,200,84.30555555555556,81.111115,79.2724838256836,81.11111450195312,wallplugs,wallplugs,75.83333587646484
bank_only,0,sheet_metal|4|2|500,sheet_metal,4,500,84.30555555555556,81.25,80.9193115234375,82.26851654052734,wallplugs,fabric,82.26851654052734
bank_only,0,vial|-1|0|1000,vial,-1,1000,90.50340136054422,67.18367,73.56267547607422,84.38095092773438,wallplugs,can,78.61224365234375
bank_only,0,vial|-1|0|200,vial,-1,200,90.50340136054422,74.80272,74.22740173339844,84.38095092773438,wallplugs,can,77.19728088378906
bank_only,0,vial|-1|0|500,vial,-1,500,90.50340136054422,67.5102,72.93682861328125,84.38095092773438,wallplugs,can,79.21088409423828
bank_only,0,vial|-1|1|1000,vial,-1,1000,90.50340136054422,67.18367,72.54032897949219,84.38095092773438,wallplugs,can,77.93197631835938
bank_only,0,vial|-1|1|200,vial,-1,200,90.50340136054422,71.72789,74.89213562011719,87.9455795288086,wallplugs,fruit_jelly,87.9455795288086
bank_only,0,vial|-1|1|500,vial,-1,500,90.50340136054422,67.591835,73.32167053222656,84.38095092773438,wallplugs,can,77.55101776123047
bank_only,0,vial|-1|2|1000,vial,-1,1000,90.50340136054422,67.18367,73.17784118652344,84.38095092773438,wallplugs,can,76.89795684814453
bank_only,0,vial|-1|2|200,vial,-1,200,90.50340136054422,66.58504,74.18463897705078,84.38095092773438,wallplugs,can,76.89795684814453
bank_only,0,vial|-1|2|500,vial,-1,500,90.50340136054422,67.94558,73.47327423095703,84.38095092773438,wallplugs,can,80.76190185546875
bank_only,0,vial|1|0|1000,vial,1,1000,66.36734693877551,48.35374,60.65305709838867,76.08163452148438,wallplugs,rice,61.904762268066406
bank_only,0,vial|1|0|200,vial,1,200,66.36734693877551,51.61905,60.56753921508789,76.54421997070312,wallplugs,rice,64.16326904296875
bank_only,0,vial|1|0|500,vial,1,500,66.36734693877551,48.489796,59.743438720703125,75.91836547851562,wallplugs,rice,64.38095092773438
bank_only,0,vial|1|1|1000,vial,1,1000,63.78231292517006,60.544216,59.86005401611328,67.45578002929688,wallplugs,fruit_jelly,67.45578002929688
bank_only,0,vial|1|1|200,vial,1,200,63.78231292517006,59.70068,62.188533782958984,79.26530456542969,wallplugs,fruit_jelly,79.26530456542969
bank_only,0,vial|1|1|500,vial,1,500,63.78231292517006,60.489796,60.99125289916992,71.9455795288086,wallplugs,fruit_jelly,71.9455795288086
bank_only,0,vial|1|2|1000,vial,1,1000,74.34013605442176,59.61905,67.45578002929688,84.81632995605469,wallplugs,rice,68.38095092773438
bank_only,0,vial|1|2|200,vial,1,200,74.34013605442176,61.360546,65.0301284790039,82.47618865966797,wallplugs,rice,67.7551040649414
bank_only,0,vial|1|2|500,vial,1,500,74.34013605442176,59.891155,66.63557434082031,84.81632995605469,wallplugs,rice,68.54421997070312
bank_only,0,vial|2|0|1000,vial,2,1000,83.5374149659864,52.734695,68.87852478027344,81.74149322509766,wallplugs,rice,69.11564636230469
bank_only,0,vial|2|0|200,vial,2,200,83.5374149659864,55.183674,69.9708480834961,81.71428680419922,wallplugs,can,71.04762268066406
bank_only,0,vial|2|0|500,vial,2,500,83.5374149659864,52.734695,68.66861724853516,81.71428680419922,wallplugs,can,72.35374450683594
bank_only,0,vial|2|1|1000,vial,2,1000,85.74149659863946,65.71429,72.25267028808594,89.55101776123047,wallplugs,rice,69.03401184082031
bank_only,0,vial|2|1|200,vial,2,200,85.74149659863946,68.408165,74.66666412353516,90.01360321044922,wallplugs,rice,80.19047546386719
bank_only,0,vial|2|1|500,vial,2,500,85.74149659863946,65.82313,72.3304214477539,89.14286041259766,wallplugs,rice,70.36734771728516
bank_only,0,vial|2|2|1000,vial,2,1000,88.68027210884355,60.870747,72.98348236083984,86.149658203125,wallplugs,rice,72.40816497802734
bank_only,0,vial|2|2|200,vial,2,200,88.68027210884355,59.04762,73.0456771850586,84.2448959350586,wallplugs,rice,74.53060913085938
bank_only,0,vial|2|2|500,vial,2,500,88.68027210884355,60.02721,72.79689025878906,86.04081726074219,wallplugs,rice,75.1292495727539
bank_only,0,vial|4|0|1000,vial,4,1000,84.29931972789116,57.986393,76.61029815673828,85.93197631835938,wallplugs,can,83.72789001464844
bank_only,0,vial|4|0|200,vial,4,200,84.29931972789116,65.30612,76.90184783935547,85.93197631835938,wallplugs,can,83.04762268066406
bank_only,0,vial|4|0|500,vial,4,500,84.29931972789116,58.176872,75.96501922607422,86.80271911621094,wallplugs,fruit_jelly,86.80271911621094
bank_only,0,vial|4|1|1000,vial,4,1000,83.61904761904762,65.90476,72.17103576660156,85.44217681884766,wallplugs,rice,70.99319458007812
bank_only,0,vial|4|1|200,vial,4,200,83.61904761904762,68.87075,76.0194320678711,88.9795913696289,wallplugs,fruit_jelly,88.9795913696289
bank_only,0,vial|4|1|500,vial,4,500,83.61904761904762,65.85034,72.99125671386719,85.1700668334961,wallplugs,rice,75.23809814453125
bank_only,0,vial|4|2|1000,vial,4,1000,95.40136054421768,72.32653,75.14091491699219,89.74149322509766,wallplugs,rice,73.71428680419922
bank_only,0,vial|4|2|200,vial,4,200,95.40136054421768,72.95238,76.57142639160156,86.7755126953125,wallplugs,rice,74.28571319580078
bank_only,0,vial|4|2|500,vial,4,500,95.40136054421768,72.408165,75.02819061279297,89.55101776123047,wallplugs,rice,74.8299331665039
bank_only,0,wallplugs|-1|0|1000,wallplugs,-1,1000,42.22222222222222,62.425926,46.79364776611328,62.425926208496094,fabric,fabric,60.25925827026367
bank_only,0,wallplugs|-1|0|200,wallplugs,-1,200,42.22222222222222,59.25926,45.425926208496094,59.25925827026367,fabric,fabric,49.61111068725586
bank_only,0,wallplugs|-1|0|500,wallplugs,-1,500,42.22222222222222,61.98148,47.08465576171875,61.98147964477539,fabric,fabric,60.74074172973633
bank_only,0,wallplugs|-1|1|1000,wallplugs,-1,1000,42.22222222222222,62.351852,46.96825408935547,62.35185241699219,fabric,fabric,59.27777862548828
bank_only,0,wallplugs|-1|1|200,wallplugs,-1,200,42.22222222222222,64.42593,45.873016357421875,64.4259262084961,fabric,fabric,52.574073791503906
bank_only,0,wallplugs|-1|1|500,wallplugs,-1,500,42.22222222222222,62.351852,47.15079116821289,62.75925827026367,fabric,walnuts,62.75925827026367
bank_only,0,wallplugs|-1|2|1000,wallplugs,-1,1000,42.22222222222222,58.74074,46.5555534362793,59.24074172973633,fabric,walnuts,59.24074172973633
bank_only,0,wallplugs|-1|2|200,wallplugs,-1,200,42.22222222222222,59.98148,47.06613540649414,59.98147964477539,fabric,fabric,48.203704833984375
bank_only,0,wallplugs|-1|2|500,wallplugs,-1,500,42.22222222222222,59.25926,47.02116012573242,63.574073791503906,fabric,walnuts,63.574073791503906
bank_only,0,wallplugs|1|0|1000,wallplugs,1,1000,38.00000000000001,51.61111,37.80423355102539,51.61111068725586,fabric,fabric,30.814815521240234
bank_only,0,wallplugs|1|0|200,wallplugs,1,200,38.00000000000001,51.555557,38.912696838378906,51.55555725097656,fabric,fabric,29.870370864868164
bank_only,0,wallplugs|1|0|500,wallplugs,1,500,38.00000000000001,51.425926,38.391536712646484,51.425926208496094,fabric,fabric,31.88888931274414
bank_only,0,wallplugs|1|1|1000,wallplugs,1,1000,44.7037037037037,60.814816,45.53174591064453,60.814815521240234,fabric,fabric,41.11111068725586
bank_only,0,wallplugs|1|1|200,wallplugs,1,200,44.7037037037037,61.203705,47.51322555541992,61.203704833984375,fabric,fabric,51.72222137451172
bank_only,0,wallplugs|1|1|500,wallplugs,1,500,44.7037037037037,61.62963,46.145503997802734,61.62963104248047,fabric,fabric,42.61111068725586
bank_only,0,wallplugs|1|2|1000,wallplugs,1,1000,29.425925925925927,35.87037,27.67195701599121,35.87036895751953,fabric,fabric,21.203702926635742
bank_only,0,wallplugs|1|2|200,wallplugs,1,200,29.425925925925927,35.77778,27.846559524536133,35.77777862548828,fabric,fabric,21.129629135131836
bank_only,0,wallplugs|1|2|500,wallplugs,1,500,29.425925925925927,34.092594,28.396825790405273,34.092594146728516,fabric,fabric,22.351852416992188
bank_only,0,wallplugs|2|0|1000,wallplugs,2,1000,39.092592592592595,49.88889,42.10581588745117,49.88888931274414,fabric,fabric,46.94444274902344
bank_only,0,wallplugs|2|0|200,wallplugs,2,200,39.092592592592595,48.314816,42.30687713623047,48.314815521240234,fabric,fabric,44.05555725097656
bank_only,0,wallplugs|2|0|500,wallplugs,2,500,39.092592592592595,50.814816,42.338626861572266,50.814815521240234,fabric,fabric,47.685184478759766
bank_only,0,wallplugs|2|1|1000,wallplugs,2,1000,40.96296296296296,55.462963,44.53438949584961,55.46296310424805,fabric,fabric,54.38888931274414
bank_only,0,wallplugs|2|1|200,wallplugs,2,200,40.96296296296296,57.88889,44.54762649536133,57.88888931274414,fabric,fabric,46.12963104248047
bank_only,0,wallplugs|2|1|500,wallplugs,2,500,40.96296296296296,55.38889,45.02645492553711,57.87036895751953,fabric,walnuts,57.87036895751953
bank_only,0,wallplugs|2|2|1000,wallplugs,2,1000,41.092592592592595,54.72222,41.354496002197266,54.72222137451172,fabric,fabric,37.77777862548828
bank_only,0,wallplugs|2|2|200,wallplugs,2,200,41.092592592592595,54.796295,41.3783073425293,54.796295166015625,fabric,fabric,31.203702926635742
bank_only,0,wallplugs|2|2|500,wallplugs,2,500,41.092592592592595,54.24074,41.968257904052734,54.24074172973633,fabric,fabric,39.185184478759766
bank_only,0,wallplugs|4|0|1000,wallplugs,4,1000,38.40740740740741,54.62963,38.37566375732422,54.62963104248047,fabric,fabric,38.62963104248047
bank_only,0,wallplugs|4|0|200,wallplugs,4,200,38.40740740740741,52.166668,38.07936477661133,52.16666793823242,fabric,fabric,34.703704833984375
bank_only,0,wallplugs|4|0|500,wallplugs,4,500,38.40740740740741,53.296295,38.843910217285156,53.296295166015625,fabric,fabric,41.074073791503906
bank_only,0,wallplugs|4|1|1000,wallplugs,4,1000,42.50000000000001,60.24074,44.3862419128418,60.24074172973633,fabric,fabric,49.61111068725586
bank_only,0,wallplugs|4|1|200,wallplugs,4,200,42.50000000000001,62.11111,45.02116012573242,62.11111068725586,fabric,fabric,51.83333206176758
bank_only,0,wallplugs|4|1|500,wallplugs,4,500,42.50000000000001,60.22222,44.29629898071289,60.22222137451172,fabric,fabric,52.203704833984375
bank_only,0,wallplugs|4|2|1000,wallplugs,4,1000,40.37037037037037,55.22222,44.1058235168457,55.22222137451172,fabric,fabric,49.407405853271484
bank_only,0,wallplugs|4|2|200,wallplugs,4,200,40.37037037037037,53.203705,44.63756561279297,53.203704833984375,fabric,fabric,41.96296310424805
bank_only,0,wallplugs|4|2|500,wallplugs,4,500,40.37037037037037,54.703705,44.703704833984375,54.703704833984375,fabric,fabric,54.314815521240234
bank_only,0,walnuts|-1|0|1000,walnuts,-1,1000,78.74074074074075,56.685184,63.751319885253906,87.48148345947266,wallplugs,can,
bank_only,0,walnuts|-1|0|200,walnuts,-1,200,78.74074074074075,54.444443,66.95502471923828,92.29629516601562,wallplugs,vial,
bank_only,0,walnuts|-1|0|500,walnuts,-1,500,78.74074074074075,56.685184,63.465606689453125,87.48148345947266,wallplugs,can,
bank_only,0,walnuts|-1|1|1000,walnuts,-1,1000,78.74074074074075,56.685184,63.93386459350586,87.48148345947266,wallplugs,can,
bank_only,0,walnuts|-1|1|200,walnuts,-1,200,78.74074074074075,71.888885,67.71428680419922,87.48148345947266,wallplugs,can,
bank_only,0,walnuts|-1|1|500,walnuts,-1,500,78.74074074074075,56.666668,64.84127044677734,87.48148345947266,wallplugs,can,
bank_only,0,walnuts|-1|2|1000,walnuts,-1,1000,78.74074074074075,56.685184,63.84127426147461,87.48148345947266,wallplugs,can,
bank_only,0,walnuts|-1|2|200,walnuts,-1,200,78.74074074074075,55.72222,67.29894256591797,87.48148345947266,wallplugs,can,
bank_only,0,walnuts|-1|2|500,walnuts,-1,500,78.74074074074075,56.62963,65.4338607788086,87.48148345947266,wallplugs,can,
bank_only,0,walnuts|1|0|1000,walnuts,1,1000,75.90740740740742,60.74074,71.00264739990234,85.12963104248047,wallplugs,can,
bank_only,0,walnuts|1|0|200,walnuts,1,200,75.90740740740742,62.555557,72.31217193603516,87.51851654052734,wallplugs,vial,
bank_only,0,walnuts|1|0|500,walnuts,1,500,75.90740740740742,60.74074,70.81745910644531,85.12963104248047,wallplugs,can,
bank_only,0,walnuts|1|1|1000,walnuts,1,1000,80.81481481481482,64.388885,78.43915557861328,89.68518829345703,wallplugs,can,
bank_only,0,walnuts|1|1|200,walnuts,1,200,80.81481481481482,80.05556,79.52909851074219,89.68518829345703,wallplugs,can,
bank_only,0,walnuts|1|1|500,walnuts,1,500,80.81481481481482,64.35185,78.21693420410156,89.68518829345703,wallplugs,can,
bank_only,0,walnuts|1|2|1000,walnuts,1,1000,76.0925925925926,68.703705,68.45503234863281,88.79629516601562,wallplugs,can,
bank_only,0,walnuts|1|2|200,walnuts,1,200,76.0925925925926,68.01852,70.46031951904297,88.79629516601562,wallplugs,can,
bank_only,0,walnuts|1|2|500,walnuts,1,500,76.0925925925926,68.51852,71.0899429321289,88.79629516601562,wallplugs,can,
bank_only,0,walnuts|2|0|1000,walnuts,2,1000,79.14814814814815,64.796295,79.39683532714844,89.31481170654297,wallplugs,can,
bank_only,0,walnuts|2|0|200,walnuts,2,200,79.14814814814815,64.48148,79.4920654296875,90.18518829345703,wallplugs,vial,
bank_only,0,walnuts|2|0|500,walnuts,2,500,79.14814814814815,64.796295,79.06084442138672,89.31481170654297,wallplugs,can,
bank_only,0,walnuts|2|1|1000,walnuts,2,1000,75.81481481481481,61.12963,69.0873031616211,85.66666412353516,wallplugs,can,
bank_only,0,walnuts|2|1|200,walnuts,2,200,75.81481481481481,76.203705,71.02910614013672,85.66666412353516,wallplugs,can,
bank_only,0,walnuts|2|1|500,walnuts,2,500,75.81481481481481,61.24074,69.14286041259766,85.66666412353516,wallplugs,can,
bank_only,0,walnuts|2|2|1000,walnuts,2,1000,73.74074074074075,49.537037,59.79629898071289,86.33333587646484,wallplugs,can,
bank_only,0,walnuts|2|2|200,walnuts,2,200,73.74074074074075,49.351852,63.05820083618164,86.33333587646484,wallplugs,can,
bank_only,0,walnuts|2|2|500,walnuts,2,500,73.74074074074075,49.537037,61.86243438720703,86.33333587646484,wallplugs,can,
bank_only,0,walnuts|4|0|1000,walnuts,4,1000,75.81481481481481,61.27778,67.13492584228516,87.03704071044922,wallplugs,can,
bank_only,0,walnuts|4|0|200,walnuts,4,200,75.81481481481481,60.98148,70.50000762939453,88.81481170654297,wallplugs,vial,
bank_only,0,walnuts|4|0|500,walnuts,4,500,75.81481481481481,61.27778,67.23015594482422,87.03704071044922,wallplugs,can,
bank_only,0,walnuts|4|1|1000,walnuts,4,1000,76.68518518518518,58.407406,67.74073791503906,85.87036895751953,wallplugs,can,
bank_only,0,walnuts|4|1|200,walnuts,4,200,76.68518518518518,71.68519,70.87830352783203,85.87036895751953,wallplugs,can,
bank_only,0,walnuts|4|1|500,walnuts,4,500,76.68518518518518,58.407406,68.46031951904297,85.87036895751953,wallplugs,can,
bank_only,0,walnuts|4|2|1000,walnuts,4,1000,76.55555555555556,62.185184,70.84127044677734,86.85185241699219,wallplugs,can,
bank_only,0,walnuts|4|2|200,walnuts,4,200,76.55555555555556,61.87037,73.69576263427734,86.85185241699219,wallplugs,can,
bank_only,0,walnuts|4|2|500,walnuts,4,500,76.55555555555556,62.12963,71.4047622680664,86.85185241699219,wallplugs,can,
bank_only,1,can|-1|0|1000,can,-1,1000,52.26851851851851,47.762344,44.81922149658203,50.8487663269043,wallplugs,fabric,40.74074172973633
bank_only,1,can|-1|0|200,can,-1,200,52.26851851851851,46.589508,46.016319274902344,50.38580322265625,wallplugs,vial,40.061729431152344
bank_only,1,can|-1|0|500,can,-1,500,52.26851851851851,47.746914,45.17636489868164,49.567901611328125,wallplugs,fabric,38.76543045043945
bank_only,1,can|-1|1|1000,can,-1,1000,52.26851851851851,47.762344,45.3262825012207,50.97222137451172,wallplugs,fabric,40.0
bank_only,1,can|-1|1|200,can,-1,200,52.26851851851851,46.75926,43.51852035522461,51.63580322265625,wallplugs,fabric,40.8487663269043
bank_only,1,can|-1|1|500,can,-1,500,52.26851851851851,47.71605,45.244712829589844,50.0771598815918,wallplugs,fabric,41.820987701416016
bank_only,1,can|-1|2|1000,can,-1,1000,52.26851851851851,47.762344,45.17636489868164,50.89506149291992,wallplugs,fabric,40.061729431152344
bank_only,1,can|-1|2|200,can,-1,200,52.26851851851851,47.5,45.32627487182617,50.13888931274414,wallplugs,sheet_metal,37.37654495239258
bank_only,1,can|-1|2|500,can,-1,500,52.26851851851851,47.669754,46.197086334228516,51.99074172973633,wallplugs,fabric,40.35493850708008
bank_only,1,can|1|0|1000,can,1,1000,44.87654320987654,46.589508,46.809967041015625,50.293209075927734,wallplugs,fabric,45.4012336730957
bank_only,1,can|1|0|200,can,1,200,44.87654320987654,46.512344,46.70634078979492,48.8271598815918,wallplugs,fabric,45.447532653808594
bank_only,1,can|1|0|500,can,1,500,44.87654320987654,46.574074,46.682098388671875,49.72222137451172,wallplugs,fabric,46.188270568847656
bank_only,1,can|1|1|1000,can,1,1000,45.956790123456784,45.570988,46.598323822021484,49.24382781982422,wallplugs,vial,45.52469253540039
bank_only,1,can|1|1|200,can,1,200,45.956790123456784,45.74074,46.77910232543945,49.33641815185547,wallplugs,fabric,45.26234436035156
bank_only,1,can|1|1|500,can,1,500,45.956790123456784,45.570988,47.039241790771484,49.62963104248047,wallplugs,fabric,45.69444274902344
bank_only,1,can|1|2|1000,can,1,1000,36.60493827160494,39.459877,39.678131103515625,42.5771598815918,wallplugs,fruit_jelly,42.5771598815918
bank_only,1,can|1|2|200,can,1,200,36.60493827160494,40.493828,38.47442626953125,41.77469253540039,wallplugs,fruit_jelly,41.77469253540039
bank_only,1,can|1|2|500,can,1,500,36.60493827160494,39.753086,39.42019271850586,42.5,wallplugs,sheet_metal,42.345680236816406
bank_only,1,can|2|0|1000,can,2,1000,34.876543209876544,42.808643,41.64020919799805,45.4783935546875,wallplugs,sheet_metal,43.91975402832031
bank_only,1,can|2|0|200,can,2,200,34.876543209876544,42.175926,42.40520477294922,49.49074172973633,wallplugs,sheet_metal,44.61419677734375
bank_only,1,can|2|0|500,can,2,500,34.876543209876544,42.79321,41.90696334838867,47.08333206176758,wallplugs,sheet_metal,44.72222137451172
bank_only,1,can|2|1|1000,can,2,1000,41.373456790123456,46.419754,43.15696334838867,50.63271713256836,wallplugs,fabric,40.30864334106445
bank_only,1,can|2|1|200,can,2,200,41.373456790123456,46.62037,43.85581588745117,50.94135665893555,wallplugs,fabric,42.407405853271484
bank_only,1,can|2|1|500,can,2,500,41.373456790123456,46.435184,43.62213134765625,50.24691390991211,wallplugs,fabric,40.49382781982422
bank_only,1,can|2|2|1000,can,2,1000,35.84876543209876,38.487656,41.51234817504883,49.459877014160156,wallplugs,sheet_metal,39.86111068725586
bank_only,1,can|2|2|200,can,2,200,35.84876543209876,38.81173,41.31393051147461,47.77777862548828,wallplugs,sheet_metal,38.950618743896484
bank_only,1,can|2|2|500,can,2,500,35.84876543209876,38.441357,40.471778869628906,46.311729431152344,wallplugs,walnuts,39.61419677734375
bank_only,1,can|4|0|1000,can,4,1000,34.5679012345679,42.56173,37.235450744628906,42.561729431152344,wallplugs,wallplugs,33.05555725097656
bank_only,1,can|4|0|200,can,4,200,34.5679012345679,42.28395,38.15917205810547,44.41358184814453,wallplugs,sheet_metal,35.7716064453125
bank_only,1,can|4|0|500,can,4,500,34.5679012345679,42.592594,37.62565994262695,42.80864334106445,wallplugs,sheet_metal,32.76234436035156
bank_only,1,can|4|1|1000,can,4,1000,44.675925925925924,50.13889,46.62036895751953,50.23147964477539,wallplugs,fabric,40.74074172973633
bank_only,1,can|4|1|200,can,4,200,44.675925925925924,49.79938,46.790122985839844,51.01852035522461,wallplugs,fabric,43.842594146728516
bank_only,1,can|4|1|500,can,4,500,44.675925925925924,50.030865,46.53659439086914,50.03086471557617,wallplugs,wallplugs,41.26543045043945
bank_only,1,can|4|2|1000,can,4,1000,47.916666666666664,48.209877,49.005733489990234,52.03703689575195,wallplugs,fabric,48.62654495239258
bank_only,1,can|4|2|200,can,4,200,47.916666666666664,48.132717,49.27028274536133,52.77777862548828,wallplugs,vial,48.22530746459961
bank_only,1,can|4|2|500,can,4,500,47.916666666666664,48.194443,48.913143157958984,51.959877014160156,wallplugs,fabric,47.453704833984375
bank_only,1,fabric|-1|0|1000,fabric,-1,1000,56.313131313131315,47.037037,53.99711990356445,66.68350219726562,wallplugs,fruit_jelly,
bank_only,1,fabric|-1|0|200,fabric,-1,200,56.313131313131315,45.117844,53.403076171875,66.12794494628906,wallplugs,walnuts,
bank_only,1,fabric|-1|0|500,fabric,-1,500,56.313131313131315,47.05387,54.02356719970703,66.919189453125,wallplugs,fruit_jelly,
bank_only,1,fabric|-1|1|1000,fabric,-1,1000,56.313131313131315,47.037037,53.593074798583984,66.07743835449219,wallplugs,fruit_jelly,
bank_only,1,fabric|-1|1|200,fabric,-1,200,56.313131313131315,44.949493,53.015869140625,67.47474670410156,wallplugs,fruit_jelly,
bank_only,1,fabric|-1|1|500,fabric,-1,500,56.313131313131315,47.037037,52.0322265625,64.71380615234375,wallplugs,fruit_jelly,
bank_only,1,fabric|-1|2|1000,fabric,-1,1000,56.313131313131315,47.037037,53.90091323852539,64.94949340820312,wallplugs,fruit_jelly,
bank_only,1,fabric|-1|2|200,fabric,-1,200,56.313131313131315,47.55892,53.102455139160156,77.03704071044922,wallplugs,sheet_metal,
bank_only,1,fabric|-1|2|500,fabric,-1,500,56.313131313131315,47.037037,52.22222137451172,67.20539093017578,wallplugs,fruit_jelly,
bank_only,1,fabric|1|0|1000,fabric,1,1000,30.85858585858585,35.420876,37.97739028930664,48.38383865356445,wallplugs,sheet_metal,
bank_only,1,fabric|1|0|200,fabric,1,200,30.85858585858585,33.01347,37.79220962524414,51.296295166015625,wallplugs,walnuts,
bank_only,1,fabric|1|0|500,fabric,1,500,30.85858585858585,35.50505,38.89850997924805,49.91582489013672,wallplugs,sheet_metal,
bank_only,1,fabric|1|1|1000,fabric,1,1000,64.79797979797979,51.11111,58.18181610107422,72.82828521728516,wallplugs,fruit_jelly,
bank_only,1,fabric|1|1|200,fabric,1,200,64.79797979797979,49.006733,57.8379020690918,68.98989868164062,wallplugs,fruit_jelly,
bank_only,1,fabric|1|1|500,fabric,1,500,64.79797979797979,51.026936,57.53006362915039,71.8855209350586,wallplugs,fruit_jelly,
bank_only,1,fabric|1|2|1000,fabric,1,1000,46.666666666666664,37.962963,49.46127700805664,59.17508316040039,wallplugs,fruit_jelly,
bank_only,1,fabric|1|2|200,fabric,1,200,46.666666666666664,38.535355,47.522850036621094,57.25589370727539,wallplugs,fruit_jelly,
bank_only,1,fabric|1|2|500,fabric,1,500,46.666666666666664,37.962963,49.528621673583984,62.3232307434082,wallplugs,fruit_jelly,
bank_only,1,fabric|2|0|1000,fabric,2,1000,68.70370370370371,54.410774,61.22895431518555,69.86531829833984,wallplugs,sheet_metal,
bank_only,1,fabric|2|0|200,fabric,2,200,68.70370370370371,51.936028,60.038482666015625,71.63299560546875,wallplugs,walnuts,
bank_only,1,fabric|2|0|500,fabric,2,500,68.70370370370371,54.444443,60.50745391845703,68.95623016357422,wallplugs,walnuts,
bank_only,1,fabric|2|1|1000,fabric,2,1000,47.222222222222214,43.333332,47.57094955444336,58.33333206176758,wallplugs,fruit_jelly,
bank_only,1,fabric|2|1|200,fabric,2,200,47.222222222222214,40.723907,45.45935821533203,54.79798126220703,wallplugs,fruit_jelly,
bank_only,1,fabric|2|1|500,fabric,2,500,47.222222222222214,43.198654,46.7652702331543,57.306396484375,wallplugs,sheet_metal,
bank_only,1,fabric|2|2|1000,fabric,2,1000,57.0875420875421,45.925926,56.835018157958984,69.49494934082031,wallplugs,fruit_jelly,
bank_only,1,fabric|2|2|200,fabric,2,200,57.0875420875421,46.767677,55.182777404785156,68.33333587646484,wallplugs,fruit_jelly,
bank_only,1,fabric|2|2|500,fabric,2,500,57.0875420875421,45.925926,55.80086898803711,71.02693939208984,wallplugs,fruit_jelly,
bank_only,1,fabric|4|0|1000,fabric,4,1000,57.71043771043771,47.727272,55.66858673095703,70.90908813476562,wallplugs,fruit_jelly,
bank_only,1,fabric|4|0|200,fabric,4,200,57.71043771043771,46.363636,55.603660583496094,67.49158477783203,wallplugs,walnuts,
bank_only,1,fabric|4|0|500,fabric,4,500,57.71043771043771,47.727272,57.00095748901367,70.37036895751953,wallplugs,fruit_jelly,
bank_only,1,fabric|4|1|1000,fabric,4,1000,49.62962962962963,44.090908,52.467533111572266,66.11111450195312,wallplugs,fruit_jelly,
bank_only,1,fabric|4|1|200,fabric,4,200,49.62962962962963,42.138046,51.45502471923828,62.84511947631836,wallplugs,fruit_jelly,
bank_only,1,fabric|4|1|500,fabric,4,500,49.62962962962963,44.12458,51.4911003112793,64.30976104736328,wallplugs,fruit_jelly,
bank_only,1,fabric|4|2|1000,fabric,4,1000,55.40404040404041,43.72054,54.1462287902832,66.80134582519531,wallplugs,fruit_jelly,
bank_only,1,fabric|4|2|200,fabric,4,200,55.40404040404041,44.6633,53.2732048034668,69.24242401123047,wallplugs,sheet_metal,
bank_only,1,fabric|4|2|500,fabric,4,500,55.40404040404041,43.72054,52.602210998535156,67.8787841796875,wallplugs,fruit_jelly,
bank_only,1,fruit_jelly|-1|0|1000,fruit_jelly,-1,1000,86.58333333333333,66.25,69.6190414428711,80.91666412353516,wallplugs,rice,
bank_only,1,fruit_jelly|-1|0|200,fruit_jelly,-1,200,86.58333333333333,65.75,67.72618865966797,80.83333587646484,wallplugs,rice,
bank_only,1,fruit_jelly|-1|0|500,fruit_jelly,-1,500,86.58333333333333,65.833336,69.38095092773438,80.91666412353516,wallplugs,rice,
bank_only,1,fruit_jelly|-1|1|1000,fruit_jelly,-1,1000,86.58333333333333,66.25,69.23809051513672,80.91666412353516,wallplugs,rice,
bank_only,1,fruit_jelly|-1|1|200,fruit_jelly,-1,200,86.58333333333333,66.583336,70.55953216552734,83.58333587646484,wallplugs,rice,
bank_only,1,fruit_jelly|-1|1|500,fruit_jelly,-1,500,86.58333333333333,66.5,69.57142639160156,80.16666412353516,wallplugs,rice,
bank_only,1,fruit_jelly|-1|2|1000,fruit_jelly,-1,1000,86.58333333333333,66.25,69.34523010253906,80.91666412353516,wallplugs,rice,
bank_only,1,fruit_jelly|-1|2|200,fruit_jelly,-1,200,86.58333333333333,66.333336,75.73809814453125,83.41666412353516,wallplugs,sheet_metal,
bank_only,1,fruit_jelly|-1|2|500,fruit_jelly,-1,500,86.58333333333333,65.833336,68.25,80.75,wallplugs,rice,
bank_only,1,fruit_jelly|1|0|1000,fruit_jelly,1,1000,73.16666666666666,69.0,63.36904525756836,69.0,wallplugs,wallplugs,
bank_only,1,fruit_jelly|1|0|200,fruit_jelly,1,200,73.16666666666666,69.416664,62.36904525756836,69.41666412353516,wallplugs,wallplugs,
bank_only,1,fruit_jelly|1|0|500,fruit_jelly,1,500,73.16666666666666,68.166664,63.75,69.33333587646484,wallplugs,walnuts,
bank_only,1,fruit_jelly|1|1|1000,fruit_jelly,1,1000,85.91666666666666,70.166664,73.73809051513672,79.33333587646484,wallplugs,walnuts,
bank_only,1,fruit_jelly|1|1|200,fruit_jelly,1,200,85.91666666666666,68.083336,73.96428680419922,81.16666412353516,wallplugs,walnuts,
bank_only,1,fruit_jelly|1|1|500,fruit_jelly,1,500,85.91666666666666,70.0,73.91666412353516,80.41666412353516,wallplugs,vial,
bank_only,1,fruit_jelly|1|2|1000,fruit_jelly,1,1000,84.58333333333331,84.416664,77.8452377319336,84.41666412353516,wallplugs,wallplugs,
bank_only,1,fruit_jelly|1|2|200,fruit_jelly,1,200,84.58333333333331,83.583336,80.19048309326172,85.33333587646484,wallplugs,walnuts,
bank_only,1,fruit_jelly|1|2|500,fruit_jelly,1,500,84.58333333333331,84.416664,77.75,84.41666412353516,wallplugs,wallplugs,
bank_only,1,fruit_jelly|2|0|1000,fruit_jelly,2,1000,81.16666666666667,56.166668,65.89286041259766,72.0,wallplugs,fabric,
bank_only,1,fruit_jelly|2|0|200,fruit_jelly,2,200,81.16666666666667,58.583332,64.64286041259766,70.5,wallplugs,fabric,
bank_only,1,fruit_jelly|2|0|500,fruit_jelly,2,500,81.16666666666667,56.083332,65.69047546386719,72.16666412353516,wallplugs,fabric,
bank_only,1,fruit_jelly|2|1|1000,fruit_jelly,2,1000,81.58333333333333,60.583332,67.03571319580078,75.41666412353516,wallplugs,fabric,
bank_only,1,fruit_jelly|2|1|200,fruit_jelly,2,200,81.58333333333333,59.583332,66.89286041259766,76.08333587646484,wallplugs,fabric,
bank_only,1,fruit_jelly|2|1|500,fruit_jelly,2,500,81.58333333333333,62.5,67.58333587646484,76.66666412353516,wallplugs,fabric,
bank_only,1,fruit_jelly|2|2|1000,fruit_jelly,2,1000,78.41666666666667,56.75,67.04762268066406,77.08333587646484,wallplugs,fabric,
bank_only,1,fruit_jelly|2|2|200,fruit_jelly,2,200,78.41666666666667,57.666668,69.0952377319336,74.16666412353516,wallplugs,fabric,
bank_only,1,fruit_jelly|2|2|500,fruit_jelly,2,500,78.41666666666667,57.083332,66.72618865966797,75.41666412353516,wallplugs,fabric,
bank_only,1,fruit_jelly|4|0|1000,fruit_jelly,4,1000,78.83333333333333,64.0,67.63095092773438,75.75,wallplugs,fabric,
bank_only,1,fruit_jelly|4|0|200,fruit_jelly,4,200,78.83333333333333,65.0,64.6547622680664,73.5,wallplugs,rice,
bank_only,1,fruit_jelly|4|0|500,fruit_jelly,4,500,78.83333333333333,63.333332,67.70237731933594,76.58333587646484,wallplugs,fabric,
bank_only,1,fruit_jelly|4|1|1000,fruit_jelly,4,1000,86.75,69.916664,72.0952377319336,79.83333587646484,wallplugs,rice,
bank_only,1,fruit_jelly|4|1|200,fruit_jelly,4,200,86.75,68.666664,73.57142639160156,82.41666412353516,wallplugs,walnuts,
bank_only,1,fruit_jelly|4|1|500,fruit_jelly,4,500,86.75,70.5,72.32142639160156,79.41666412353516,wallplugs,rice,
bank_only,1,fruit_jelly|4|2|1000,fruit_jelly,4,1000,88.08333333333333,68.083336,71.92857360839844,77.33333587646484,wallplugs,fabric,
bank_only,1,fruit_jelly|4|2|200,fruit_jelly,4,200,88.08333333333333,68.166664,75.39286041259766,80.83333587646484,wallplugs,rice,
bank_only,1,fruit_jelly|4|2|500,fruit_jelly,4,500,88.08333333333333,68.416664,71.09523010253906,77.25,wallplugs,rice,
bank_only,1,rice|-1|0|1000,rice,-1,1000,80.74074074074075,66.74603,63.711265563964844,70.661376953125,wallplugs,walnuts,
bank_only,1,rice|-1|0|200,rice,-1,200,80.74074074074075,71.084656,59.693878173828125,71.08465576171875,wallplugs,wallplugs,
bank_only,1,rice|-1|0|500,rice,-1,500,80.74074074074075,66.74603,62.248680114746094,68.38624572753906,wallplugs,fabric,
bank_only,1,rice|-1|1|1000,rice,-1,1000,80.74074074074075,66.74603,63.31443405151367,70.87301635742188,wallplugs,walnuts,
bank_only,1,rice|-1|1|200,rice,-1,200,80.74074074074075,66.772484,61.60997772216797,67.08995056152344,wallplugs,can,
bank_only,1,rice|-1|1|500,rice,-1,500,80.74074074074075,66.74603,63.722599029541016,71.9047622680664,wallplugs,walnuts,
bank_only,1,rice|-1|2|1000,rice,-1,1000,80.74074074074075,66.74603,63.824642181396484,71.48148345947266,wallplugs,walnuts,
bank_only,1,rice|-1|2|200,rice,-1,200,80.74074074074075,64.81481,67.82312774658203,69.78836059570312,wallplugs,sheet_metal,
bank_only,1,rice|-1|2|500,rice,-1,500,80.74074074074075,66.74603,62.4527587890625,68.62433624267578,wallplugs,walnuts,
bank_only,1,rice|1|0|1000,rice,1,1000,86.74603174603175,74.57672,70.18518829345703,78.99470520019531,wallplugs,walnuts,
bank_only,1,rice|1|0|200,rice,1,200,86.74603174603175,77.30159,68.90022277832031,79.57672119140625,wallplugs,walnuts,
bank_only,1,rice|1|0|500,rice,1,500,86.74603174603175,74.49735,70.16250610351562,77.1693115234375,wallplugs,walnuts,
bank_only,1,rice|1|1|1000,rice,1,1000,78.4920634920635,75.63492,68.61678314208984,75.63491821289062,wallplugs,wallplugs,
bank_only,1,rice|1|1|200,rice,1,200,78.4920634920635,74.97354,68.26152801513672,74.97354125976562,wallplugs,wallplugs,
bank_only,1,rice|1|1|500,rice,1,500,78.4920634920635,75.63492,69.78079986572266,75.63491821289062,wallplugs,wallplugs,
bank_only,1,rice|1|2|1000,rice,1,1000,77.93650793650795,77.16931,72.21466064453125,79.89418029785156,wallplugs,can,
bank_only,1,rice|1|2|200,rice,1,200,77.93650793650795,76.455025,75.31745910644531,79.89418029785156,wallplugs,can,
bank_only,1,rice|1|2|500,rice,1,500,77.93650793650795,77.06349,70.23809051513672,79.89418029785156,wallplugs,can,
bank_only,1,rice|2|0|1000,rice,2,1000,78.94179894179894,76.719574,70.10960388183594,76.71957397460938,wallplugs,wallplugs,
bank_only,1,rice|2|0|200,rice,2,200,78.94179894179894,77.08995,67.03325653076172,77.08995056152344,wallplugs,wallplugs,
bank_only,1,rice|2|0|500,rice,2,500,78.94179894179894,76.719574,69.24036407470703,76.71957397460938,wallplugs,wallplugs,
bank_only,1,rice|2|1|1000,rice,2,1000,72.91005291005293,68.783066,64.30082702636719,73.25396728515625,wallplugs,fabric,
bank_only,1,rice|2|1|200,rice,2,200,72.91005291005293,67.59259,63.85109329223633,77.01058197021484,wallplugs,fabric,
bank_only,1,rice|2|1|500,rice,2,500,72.91005291005293,68.783066,64.84883117675781,77.01058197021484,wallplugs,fabric,
bank_only,1,rice|2|2|1000,rice,2,1000,76.79894179894181,73.862434,69.47845458984375,73.86243438720703,wallplugs,wallplugs,
bank_only,1,rice|2|2|200,rice,2,200,76.79894179894181,72.48677,72.0521469116211,78.4920654296875,wallplugs,sheet_metal,
bank_only,1,rice|2|2|500,rice,2,500,76.79894179894181,73.862434,68.14058685302734,73.86243438720703,wallplugs,wallplugs,
bank_only,1,rice|4|0|1000,rice,4,1000,79.62962962962963,70.07937,69.42932891845703,77.08995056152344,wallplugs,walnuts,
bank_only,1,rice|4|0|200,rice,4,200,79.62962962962963,73.888885,65.69917297363281,74.68254089355469,wallplugs,can,
bank_only,1,rice|4|0|500,rice,4,500,79.62962962962963,70.05291,67.9062728881836,76.93121337890625,wallplugs,fabric,
bank_only,1,rice|4|1|1000,rice,4,1000,79.31216931216932,71.137566,66.29630279541016,74.20635223388672,wallplugs,walnuts,
bank_only,1,rice|4|1|200,rice,4,200,79.31216931216932,70.02646,65.60846710205078,70.02645874023438,wallplugs,wallplugs,
bank_only,1,rice|4|1|500,rice,4,500,79.31216931216932,71.164024,66.88208770751953,73.65079498291016,wallplugs,walnuts,
bank_only,1,rice|4|2|1000,rice,4,1000,78.17460317460319,66.90476,65.10581970214844,69.94709014892578,wallplugs,can,
bank_only,1,rice|4|2|200,rice,4,200,78.17460317460319,65.66138,69.44444274902344,77.96295928955078,wallplugs,sheet_metal,
bank_only,1,rice|4|2|500,rice,4,500,78.17460317460319,67.03704,64.46712493896484,69.94709014892578,wallplugs,can,
bank_only,1,sheet_metal|-1|0|1000,sheet_metal,-1,1000,83.47222222222221,80.37037,80.30423736572266,83.98148345947266,wallplugs,fruit_jelly,79.12036895751953
bank_only,1,sheet_metal|-1|0|200,sheet_metal,-1,200,83.47222222222221,79.76852,79.65608215332031,86.99073791503906,wallplugs,fruit_jelly,76.66666412353516
bank_only,1,sheet_metal|-1|0|500,sheet_metal,-1,500,83.47222222222221,80.32407,79.70238494873047,84.95370483398438,wallplugs,fruit_jelly,79.35185241699219
bank_only,1,sheet_metal|-1|1|1000,sheet_metal,-1,1000,83.47222222222221,80.37037,80.33729553222656,83.14814758300781,wallplugs,fruit_jelly,81.94444274902344
bank_only,1,sheet_metal|-1|1|200,sheet_metal,-1,200,83.47222222222221,81.15741,80.7275161743164,87.91666412353516,wallplugs,fruit_jelly,78.00926208496094
bank_only,1,sheet_metal|-1|1|500,sheet_metal,-1,500,83.47222222222221,80.37037,80.02645111083984,86.52777862548828,wallplugs,fruit_jelly,76.25
bank_only,1,sheet_metal|-1|2|1000,sheet_metal,-1,1000,83.47222222222221,80.37037,79.75529479980469,83.93518829345703,wallplugs,fruit_jelly,78.33333587646484
bank_only,1,sheet_metal|-1|2|200,sheet_metal,-1,200,83.47222222222221,81.296295,78.76322937011719,82.63888549804688,wallplugs,fruit_jelly,72.40740966796875
bank_only,1,sheet_metal|-1|2|500,sheet_metal,-1,500,83.47222222222221,80.37037,80.41666412353516,82.5,wallplugs,fruit_jelly,80.46295928955078
bank_only,1,sheet_metal|1|0|1000,sheet_metal,1,1000,85.27777777777777,81.388885,82.32804870605469,85.87963104248047,wallplugs,fruit_jelly,81.15740966796875
bank_only,1,sheet_metal|1|0|200,sheet_metal,1,200,85.27777777777777,80.78704,81.5806884765625,87.26851654052734,wallplugs,fruit_jelly,79.44444274902344
bank_only,1,sheet_metal|1|0|500,sheet_metal,1,500,85.27777777777777,81.296295,81.81217193603516,86.43518829345703,wallplugs,fruit_jelly,81.20370483398438
bank_only,1,sheet_metal|1|1|1000,sheet_metal,1,1000,80.55555555555556,81.62037,78.63094329833984,81.62036895751953,wallplugs,wallplugs,80.18518829345703
bank_only,1,sheet_metal|1|1|200,sheet_metal,1,200,80.55555555555556,81.62037,79.5502700805664,82.40740966796875,wallplugs,fruit_jelly,78.4259262084961
bank_only,1,sheet_metal|1|1|500,sheet_metal,1,500,80.55555555555556,81.62037,78.71692657470703,81.62036895751953,wallplugs,wallplugs,76.89814758300781
bank_only,1,sheet_metal|1|2|1000,sheet_metal,1,1000,82.5462962962963,78.65741,79.338623046875,82.45370483398438,wallplugs,fruit_jelly,81.43518829345703
bank_only,1,sheet_metal|1|2|200,sheet_metal,1,200,82.5462962962963,79.21296,78.5383529663086,81.38888549804688,wallplugs,fruit_jelly,77.59259033203125
bank_only,1,sheet_metal|1|2|500,sheet_metal,1,500,82.5462962962963,78.65741,80.27777862548828,83.65740966796875,wallplugs,fabric,83.65740966796875
bank_only,1,sheet_metal|2|0|1000,sheet_metal,2,1000,85.64814814814817,82.73148,82.2420654296875,84.90740966796875,wallplugs,fruit_jelly,80.74073791503906
bank_only,1,sheet_metal|2|0|200,sheet_metal,2,200,85.64814814814817,82.12963,81.89813995361328,87.40740966796875,wallplugs,fruit_jelly,78.4259262084961
bank_only,1,sheet_metal|2|0|500,sheet_metal,2,500,85.64814814814817,82.68519,81.88492584228516,86.29629516601562,wallplugs,fruit_jelly,80.3240737915039
bank_only,1,sheet_metal|2|1|1000,sheet_metal,2,1000,85.83333333333334,82.87037,82.69841003417969,86.01851654052734,wallplugs,can,81.01851654052734
bank_only,1,sheet_metal|2|1|200,sheet_metal,2,200,85.83333333333334,83.10185,82.81745910644531,87.36111450195312,wallplugs,fruit_jelly,77.68518829345703
bank_only,1,sheet_metal|2|1|500,sheet_metal,2,500,85.83333333333334,82.77778,82.14946746826172,86.01851654052734,wallplugs,can,76.62036895751953
bank_only,1,sheet_metal|2|2|1000,sheet_metal,2,1000,84.16666666666667,81.52778,80.03968048095703,83.24073791503906,wallplugs,fruit_jelly,76.85185241699219
bank_only,1,sheet_metal|2|2|200,sheet_metal,2,200,84.16666666666667,81.71296,79.31878662109375,83.00926208496094,wallplugs,can,75.37036895751953
bank_only,1,sheet_metal|2|2|500,sheet_metal,2,500,84.16666666666667,81.52778,81.15740203857422,83.00926208496094,wallplugs,can,80.60185241699219
bank_only,1,sheet_metal|4|0|1000,sheet_metal,4,1000,83.8888888888889,81.75926,81.1044921875,83.88888549804688,wallplugs,fruit_jelly,78.4259262084961
bank_only,1,sheet_metal|4|0|200,sheet_metal,4,200,83.8888888888889,81.06481,80.35052490234375,85.83333587646484,wallplugs,fruit_jelly,76.89814758300781
bank_only,1,sheet_metal|4|0|500,sheet_metal,4,500,83.8888888888889,81.666664,80.81349182128906,85.09259033203125,wallplugs,fruit_jelly,78.98148345947266
bank_only,1,sheet_metal|4|1|1000,sheet_metal,4,1000,82.03703703703704,79.81481,79.10052490234375,81.99073791503906,wallplugs,fabric,81.99073791503906
bank_only,1,sheet_metal|4|1|200,sheet_metal,4,200,82.03703703703704,79.72222,79.51719665527344,84.76851654052734,wallplugs,fruit_jelly,78.98148345947266
bank_only,1,sheet_metal|4|1|500,sheet_metal,4,500,82.03703703703704,79.76852,78.82936096191406,82.87036895751953,wallplugs,fruit_jelly,77.91666412353516
bank_only,1,sheet_metal|4|2|1000,sheet_metal,4,1000,84.30555555555556,81.25,80.2645492553711,82.03704071044922,wallplugs,fruit_jelly,80.69444274902344
bank_only,1,sheet_metal|4|2|200,sheet_metal,4,200,84.30555555555556,81.111115,79.2724838256836,81.11111450195312,wallplugs,wallplugs,75.83333587646484
bank_only,1,sheet_metal|4|2|500,sheet_metal,4,500,84.30555555555556,81.25,80.9193115234375,82.26851654052734,wallplugs,fabric,82.26851654052734
bank_only,1,vial|-1|0|1000,vial,-1,1000,90.50340136054422,67.18367,73.56267547607422,84.38095092773438,wallplugs,can,78.61224365234375
bank_only,1,vial|-1|0|200,vial,-1,200,90.50340136054422,74.80272,74.22740173339844,84.38095092773438,wallplugs,can,77.19728088378906
bank_only,1,vial|-1|0|500,vial,-1,500,90.50340136054422,67.5102,72.93682861328125,84.38095092773438,wallplugs,can,79.21088409423828
bank_only,1,vial|-1|1|1000,vial,-1,1000,90.50340136054422,67.18367,72.54032897949219,84.38095092773438,wallplugs,can,77.93197631835938
bank_only,1,vial|-1|1|200,vial,-1,200,90.50340136054422,71.72789,74.89213562011719,87.9455795288086,wallplugs,fruit_jelly,87.9455795288086
bank_only,1,vial|-1|1|500,vial,-1,500,90.50340136054422,67.591835,73.32167053222656,84.38095092773438,wallplugs,can,77.55101776123047
bank_only,1,vial|-1|2|1000,vial,-1,1000,90.50340136054422,67.18367,73.17784118652344,84.38095092773438,wallplugs,can,76.89795684814453
bank_only,1,vial|-1|2|200,vial,-1,200,90.50340136054422,66.58504,74.18463897705078,84.38095092773438,wallplugs,can,76.89795684814453
bank_only,1,vial|-1|2|500,vial,-1,500,90.50340136054422,67.94558,73.47327423095703,84.38095092773438,wallplugs,can,80.76190185546875
bank_only,1,vial|1|0|1000,vial,1,1000,66.36734693877551,48.35374,60.65305709838867,76.08163452148438,wallplugs,rice,61.904762268066406
bank_only,1,vial|1|0|200,vial,1,200,66.36734693877551,51.61905,60.56753921508789,76.54421997070312,wallplugs,rice,64.16326904296875
bank_only,1,vial|1|0|500,vial,1,500,66.36734693877551,48.489796,59.743438720703125,75.91836547851562,wallplugs,rice,64.38095092773438
bank_only,1,vial|1|1|1000,vial,1,1000,63.78231292517006,60.544216,59.86005401611328,67.45578002929688,wallplugs,fruit_jelly,67.45578002929688
bank_only,1,vial|1|1|200,vial,1,200,63.78231292517006,59.70068,62.188533782958984,79.26530456542969,wallplugs,fruit_jelly,79.26530456542969
bank_only,1,vial|1|1|500,vial,1,500,63.78231292517006,60.489796,60.99125289916992,71.9455795288086,wallplugs,fruit_jelly,71.9455795288086
bank_only,1,vial|1|2|1000,vial,1,1000,74.34013605442176,59.61905,67.45578002929688,84.81632995605469,wallplugs,rice,68.38095092773438
bank_only,1,vial|1|2|200,vial,1,200,74.34013605442176,61.360546,65.0301284790039,82.47618865966797,wallplugs,rice,67.7551040649414
bank_only,1,vial|1|2|500,vial,1,500,74.34013605442176,59.891155,66.63557434082031,84.81632995605469,wallplugs,rice,68.54421997070312
bank_only,1,vial|2|0|1000,vial,2,1000,83.5374149659864,52.734695,68.87852478027344,81.74149322509766,wallplugs,rice,69.11564636230469
bank_only,1,vial|2|0|200,vial,2,200,83.5374149659864,55.183674,69.9708480834961,81.71428680419922,wallplugs,can,71.04762268066406
bank_only,1,vial|2|0|500,vial,2,500,83.5374149659864,52.734695,68.66861724853516,81.71428680419922,wallplugs,can,72.35374450683594
bank_only,1,vial|2|1|1000,vial,2,1000,85.74149659863946,65.71429,72.25267028808594,89.55101776123047,wallplugs,rice,69.03401184082031
bank_only,1,vial|2|1|200,vial,2,200,85.74149659863946,68.408165,74.66666412353516,90.01360321044922,wallplugs,rice,80.19047546386719
bank_only,1,vial|2|1|500,vial,2,500,85.74149659863946,65.82313,72.3304214477539,89.14286041259766,wallplugs,rice,70.36734771728516
bank_only,1,vial|2|2|1000,vial,2,1000,88.68027210884355,60.870747,72.98348236083984,86.149658203125,wallplugs,rice,72.40816497802734
bank_only,1,vial|2|2|200,vial,2,200,88.68027210884355,59.04762,73.0456771850586,84.2448959350586,wallplugs,rice,74.53060913085938
bank_only,1,vial|2|2|500,vial,2,500,88.68027210884355,60.02721,72.79689025878906,86.04081726074219,wallplugs,rice,75.1292495727539
bank_only,1,vial|4|0|1000,vial,4,1000,84.29931972789116,57.986393,76.61029815673828,85.93197631835938,wallplugs,can,83.72789001464844
bank_only,1,vial|4|0|200,vial,4,200,84.29931972789116,65.30612,76.90184783935547,85.93197631835938,wallplugs,can,83.04762268066406
bank_only,1,vial|4|0|500,vial,4,500,84.29931972789116,58.176872,75.96501922607422,86.80271911621094,wallplugs,fruit_jelly,86.80271911621094
bank_only,1,vial|4|1|1000,vial,4,1000,83.61904761904762,65.90476,72.17103576660156,85.44217681884766,wallplugs,rice,70.99319458007812
bank_only,1,vial|4|1|200,vial,4,200,83.61904761904762,68.87075,76.0194320678711,88.9795913696289,wallplugs,fruit_jelly,88.9795913696289
bank_only,1,vial|4|1|500,vial,4,500,83.61904761904762,65.85034,72.99125671386719,85.1700668334961,wallplugs,rice,75.23809814453125
bank_only,1,vial|4|2|1000,vial,4,1000,95.40136054421768,72.32653,75.14091491699219,89.74149322509766,wallplugs,rice,73.71428680419922
bank_only,1,vial|4|2|200,vial,4,200,95.40136054421768,72.95238,76.57142639160156,86.7755126953125,wallplugs,rice,74.28571319580078
bank_only,1,vial|4|2|500,vial,4,500,95.40136054421768,72.408165,75.02819061279297,89.55101776123047,wallplugs,rice,74.8299331665039
bank_only,1,wallplugs|-1|0|1000,wallplugs,-1,1000,42.22222222222222,31.148148,46.79364776611328,62.425926208496094,sheet_metal,fabric,60.25925827026367
bank_only,1,wallplugs|-1|0|200,wallplugs,-1,200,42.22222222222222,41.74074,45.425926208496094,59.25925827026367,fruit_jelly,fabric,49.61111068725586
bank_only,1,wallplugs|-1|0|500,wallplugs,-1,500,42.22222222222222,30.74074,47.08465576171875,61.98147964477539,sheet_metal,fabric,60.74074172973633
bank_only,1,wallplugs|-1|1|1000,wallplugs,-1,1000,42.22222222222222,31.74074,46.96825408935547,62.35185241699219,sheet_metal,fabric,59.27777862548828
bank_only,1,wallplugs|-1|1|200,wallplugs,-1,200,42.22222222222222,52.444443,45.873016357421875,64.4259262084961,rice,fabric,52.574073791503906
bank_only,1,wallplugs|-1|1|500,wallplugs,-1,500,42.22222222222222,30.166666,47.15079116821289,62.75925827026367,sheet_metal,walnuts,62.75925827026367
bank_only,1,wallplugs|-1|2|1000,wallplugs,-1,1000,42.22222222222222,31.574074,46.5555534362793,59.24074172973633,sheet_metal,walnuts,59.24074172973633
bank_only,1,wallplugs|-1|2|200,wallplugs,-1,200,42.22222222222222,45.88889,47.06613540649414,59.98147964477539,sheet_metal,fabric,48.203704833984375
bank_only,1,wallplugs|-1|2|500,wallplugs,-1,500,42.22222222222222,30.25926,47.02116012573242,63.574073791503906,sheet_metal,walnuts,63.574073791503906
bank_only,1,wallplugs|1|0|1000,wallplugs,1,1000,38.00000000000001,38.25926,37.80423355102539,51.61111068725586,sheet_metal,fabric,30.814815521240234
bank_only,1,wallplugs|1|0|200,wallplugs,1,200,38.00000000000001,32.055557,38.912696838378906,51.55555725097656,fruit_jelly,fabric,29.870370864868164
bank_only,1,wallplugs|1|0|500,wallplugs,1,500,38.00000000000001,38.425926,38.391536712646484,51.425926208496094,sheet_metal,fabric,31.88888931274414
bank_only,1,wallplugs|1|1|1000,wallplugs,1,1000,44.7037037037037,43.037037,45.53174591064453,60.814815521240234,sheet_metal,fabric,41.11111068725586
bank_only,1,wallplugs|1|1|200,wallplugs,1,200,44.7037037037037,51.444443,47.51322555541992,61.203704833984375,rice,fabric,51.72222137451172
bank_only,1,wallplugs|1|1|500,wallplugs,1,500,44.7037037037037,41.944443,46.145503997802734,61.62963104248047,sheet_metal,fabric,42.61111068725586
bank_only,1,wallplugs|1|2|1000,wallplugs,1,1000,29.425925925925927,28.0,27.67195701599121,35.87036895751953,sheet_metal,fabric,21.203702926635742
bank_only,1,wallplugs|1|2|200,wallplugs,1,200,29.425925925925927,29.88889,27.846559524536133,35.77777862548828,sheet_metal,fabric,21.129629135131836
bank_only,1,wallplugs|1|2|500,wallplugs,1,500,29.425925925925927,30.11111,28.396825790405273,34.092594146728516,sheet_metal,fabric,22.351852416992188
bank_only,1,wallplugs|2|0|1000,wallplugs,2,1000,39.092592592592595,32.555557,42.10581588745117,49.88888931274414,sheet_metal,fabric,46.94444274902344
bank_only,1,wallplugs|2|0|200,wallplugs,2,200,39.092592592592595,39.037037,42.30687713623047,48.314815521240234,fruit_jelly,fabric,44.05555725097656
bank_only,1,wallplugs|2|0|500,wallplugs,2,500,39.092592592592595,31.962963,42.338626861572266,50.814815521240234,sheet_metal,fabric,47.685184478759766
bank_only,1,wallplugs|2|1|1000,wallplugs,2,1000,40.96296296296296,34.444443,44.53438949584961,55.46296310424805,sheet_metal,fabric,54.38888931274414
bank_only,1,wallplugs|2|1|200,wallplugs,2,200,40.96296296296296,55.314816,44.54762649536133,57.88888931274414,rice,fabric,46.12963104248047
bank_only,1,wallplugs|2|1|500,wallplugs,2,500,40.96296296296296,33.0,45.02645492553711,57.87036895751953,sheet_metal,walnuts,57.87036895751953
bank_only,1,wallplugs|2|2|1000,wallplugs,2,1000,41.092592592592595,36.88889,41.354496002197266,54.72222137451172,sheet_metal,fabric,37.77777862548828
bank_only,1,wallplugs|2|2|200,wallplugs,2,200,41.092592592592595,43.055557,41.3783073425293,54.796295166015625,sheet_metal,fabric,31.203702926635742
bank_only,1,wallplugs|2|2|500,wallplugs,2,500,41.092592592592595,35.666668,41.968257904052734,54.24074172973633,sheet_metal,fabric,39.185184478759766
bank_only,1,wallplugs|4|0|1000,wallplugs,4,1000,38.40740740740741,31.425926,38.37566375732422,54.62963104248047,sheet_metal,fabric,38.62963104248047
bank_only,1,wallplugs|4|0|200,wallplugs,4,200,38.40740740740741,33.12963,38.07936477661133,52.16666793823242,fruit_jelly,fabric,34.703704833984375
bank_only,1,wallplugs|4|0|500,wallplugs,4,500,38.40740740740741,31.574074,38.843910217285156,53.296295166015625,sheet_metal,fabric,41.074073791503906
bank_only,1,wallplugs|4|1|1000,wallplugs,4,1000,42.50000000000001,33.01852,44.3862419128418,60.24074172973633,sheet_metal,fabric,49.61111068725586
bank_only,1,wallplugs|4|1|200,wallplugs,4,200,42.50000000000001,43.925926,45.02116012573242,62.11111068725586,rice,fabric,51.83333206176758
bank_only,1,wallplugs|4|1|500,wallplugs,4,500,42.50000000000001,30.462963,44.29629898071289,60.22222137451172,sheet_metal,fabric,52.203704833984375
bank_only,1,wallplugs|4|2|1000,wallplugs,4,1000,40.37037037037037,31.74074,44.1058235168457,55.22222137451172,sheet_metal,fabric,49.407405853271484
bank_only,1,wallplugs|4|2|200,wallplugs,4,200,40.37037037037037,43.25926,44.63756561279297,53.203704833984375,sheet_metal,fabric,41.96296310424805
bank_only,1,wallplugs|4|2|500,wallplugs,4,500,40.37037037037037,31.074074,44.703704833984375,54.703704833984375,sheet_metal,fabric,54.314815521240234
bank_only,1,walnuts|-1|0|1000,walnuts,-1,1000,78.74074074074075,56.685184,63.751319885253906,87.48148345947266,wallplugs,can,
bank_only,1,walnuts|-1|0|200,walnuts,-1,200,78.74074074074075,54.444443,66.95502471923828,92.29629516601562,wallplugs,vial,
bank_only,1,walnuts|-1|0|500,walnuts,-1,500,78.74074074074075,56.685184,63.465606689453125,87.48148345947266,wallplugs,can,
bank_only,1,walnuts|-1|1|1000,walnuts,-1,1000,78.74074074074075,56.685184,63.93386459350586,87.48148345947266,wallplugs,can,
bank_only,1,walnuts|-1|1|200,walnuts,-1,200,78.74074074074075,71.888885,67.71428680419922,87.48148345947266,wallplugs,can,
bank_only,1,walnuts|-1|1|500,walnuts,-1,500,78.74074074074075,56.666668,64.84127044677734,87.48148345947266,wallplugs,can,
bank_only,1,walnuts|-1|2|1000,walnuts,-1,1000,78.74074074074075,56.685184,63.84127426147461,87.48148345947266,wallplugs,can,
bank_only,1,walnuts|-1|2|200,walnuts,-1,200,78.74074074074075,55.72222,67.29894256591797,87.48148345947266,wallplugs,can,
bank_only,1,walnuts|-1|2|500,walnuts,-1,500,78.74074074074075,56.62963,65.4338607788086,87.48148345947266,wallplugs,can,
bank_only,1,walnuts|1|0|1000,walnuts,1,1000,75.90740740740742,60.74074,71.00264739990234,85.12963104248047,wallplugs,can,
bank_only,1,walnuts|1|0|200,walnuts,1,200,75.90740740740742,62.555557,72.31217193603516,87.51851654052734,wallplugs,vial,
bank_only,1,walnuts|1|0|500,walnuts,1,500,75.90740740740742,60.74074,70.81745910644531,85.12963104248047,wallplugs,can,
bank_only,1,walnuts|1|1|1000,walnuts,1,1000,80.81481481481482,64.388885,78.43915557861328,89.68518829345703,wallplugs,can,
bank_only,1,walnuts|1|1|200,walnuts,1,200,80.81481481481482,80.05556,79.52909851074219,89.68518829345703,wallplugs,can,
bank_only,1,walnuts|1|1|500,walnuts,1,500,80.81481481481482,64.35185,78.21693420410156,89.68518829345703,wallplugs,can,
bank_only,1,walnuts|1|2|1000,walnuts,1,1000,76.0925925925926,68.703705,68.45503234863281,88.79629516601562,wallplugs,can,
bank_only,1,walnuts|1|2|200,walnuts,1,200,76.0925925925926,68.01852,70.46031951904297,88.79629516601562,wallplugs,can,
bank_only,1,walnuts|1|2|500,walnuts,1,500,76.0925925925926,68.51852,71.0899429321289,88.79629516601562,wallplugs,can,
bank_only,1,walnuts|2|0|1000,walnuts,2,1000,79.14814814814815,64.796295,79.39683532714844,89.31481170654297,wallplugs,can,
bank_only,1,walnuts|2|0|200,walnuts,2,200,79.14814814814815,64.48148,79.4920654296875,90.18518829345703,wallplugs,vial,
bank_only,1,walnuts|2|0|500,walnuts,2,500,79.14814814814815,64.796295,79.06084442138672,89.31481170654297,wallplugs,can,
bank_only,1,walnuts|2|1|1000,walnuts,2,1000,75.81481481481481,61.12963,69.0873031616211,85.66666412353516,wallplugs,can,
bank_only,1,walnuts|2|1|200,walnuts,2,200,75.81481481481481,76.203705,71.02910614013672,85.66666412353516,wallplugs,can,
bank_only,1,walnuts|2|1|500,walnuts,2,500,75.81481481481481,61.24074,69.14286041259766,85.66666412353516,wallplugs,can,
bank_only,1,walnuts|2|2|1000,walnuts,2,1000,73.74074074074075,49.537037,59.79629898071289,86.33333587646484,wallplugs,can,
bank_only,1,walnuts|2|2|200,walnuts,2,200,73.74074074074075,49.351852,63.05820083618164,86.33333587646484,wallplugs,can,
bank_only,1,walnuts|2|2|500,walnuts,2,500,73.74074074074075,49.537037,61.86243438720703,86.33333587646484,wallplugs,can,
bank_only,1,walnuts|4|0|1000,walnuts,4,1000,75.81481481481481,61.27778,67.13492584228516,87.03704071044922,wallplugs,can,
bank_only,1,walnuts|4|0|200,walnuts,4,200,75.81481481481481,60.98148,70.50000762939453,88.81481170654297,wallplugs,vial,
bank_only,1,walnuts|4|0|500,walnuts,4,500,75.81481481481481,61.27778,67.23015594482422,87.03704071044922,wallplugs,can,
bank_only,1,walnuts|4|1|1000,walnuts,4,1000,76.68518518518518,58.407406,67.74073791503906,85.87036895751953,wallplugs,can,
bank_only,1,walnuts|4|1|200,walnuts,4,200,76.68518518518518,71.68519,70.87830352783203,85.87036895751953,wallplugs,can,
bank_only,1,walnuts|4|1|500,walnuts,4,500,76.68518518518518,58.407406,68.46031951904297,85.87036895751953,wallplugs,can,
bank_only,1,walnuts|4|2|1000,walnuts,4,1000,76.55555555555556,62.185184,70.84127044677734,86.85185241699219,wallplugs,can,
bank_only,1,walnuts|4|2|200,walnuts,4,200,76.55555555555556,61.87037,73.69576263427734,86.85185241699219,wallplugs,can,
bank_only,1,walnuts|4|2|500,walnuts,4,500,76.55555555555556,62.12963,71.4047622680664,86.85185241699219,wallplugs,can,
bank_only,2,can|-1|0|1000,can,-1,1000,52.26851851851851,41.651234,44.81922149658203,50.8487663269043,rice,fabric,40.74074172973633
bank_only,2,can|-1|0|200,can,-1,200,52.26851851851851,41.898148,46.016319274902344,50.38580322265625,rice,vial,40.061729431152344
bank_only,2,can|-1|0|500,can,-1,500,52.26851851851851,41.651234,45.17636489868164,49.567901611328125,rice,fabric,38.76543045043945
bank_only,2,can|-1|1|1000,can,-1,1000,52.26851851851851,41.651234,45.3262825012207,50.97222137451172,rice,fabric,40.0
bank_only,2,can|-1|1|200,can,-1,200,52.26851851851851,41.01852,43.51852035522461,51.63580322265625,rice,fabric,40.8487663269043
bank_only,2,can|-1|1|500,can,-1,500,52.26851851851851,41.728394,45.244712829589844,50.0771598815918,rice,fabric,41.820987701416016
bank_only,2,can|-1|2|1000,can,-1,1000,52.26851851851851,41.651234,45.17636489868164,50.89506149291992,rice,fabric,40.061729431152344
bank_only,2,can|-1|2|200,can,-1,200,52.26851851851851,41.512344,45.32627487182617,50.13888931274414,rice,sheet_metal,37.37654495239258
bank_only,2,can|-1|2|500,can,-1,500,52.26851851851851,41.48148,46.197086334228516,51.99074172973633,rice,fabric,40.35493850708008
bank_only,2,can|1|0|1000,can,1,1000,44.87654320987654,44.691357,46.809967041015625,50.293209075927734,rice,fabric,45.4012336730957
bank_only,2,can|1|0|200,can,1,200,44.87654320987654,44.583332,46.70634078979492,48.8271598815918,rice,fabric,45.447532653808594
bank_only,2,can|1|0|500,can,1,500,44.87654320987654,44.675926,46.682098388671875,49.72222137451172,rice,fabric,46.188270568847656
bank_only,2,can|1|1|1000,can,1,1000,45.956790123456784,44.79938,46.598323822021484,49.24382781982422,rice,vial,45.52469253540039
bank_only,2,can|1|1|200,can,1,200,45.956790123456784,45.07716,46.77910232543945,49.33641815185547,rice,fabric,45.26234436035156
bank_only,2,can|1|1|500,can,1,500,45.956790123456784,44.78395,47.039241790771484,49.62963104248047,rice,fabric,45.69444274902344
bank_only,2,can|1|2|1000,can,1,1000,36.60493827160494,38.67284,39.678131103515625,42.5771598815918,rice,fruit_jelly,42.5771598815918
bank_only,2,can|1|2|200,can,1,200,36.60493827160494,39.62963,38.47442626953125,41.77469253540039,rice,fruit_jelly,41.77469253540039
bank_only,2,can|1|2|500,can,1,500,36.60493827160494,38.88889,39.42019271850586,42.5,rice,sheet_metal,42.345680236816406
bank_only,2,can|2|0|1000,can,2,1000,34.876543209876544,34.660492,41.64020919799805,45.4783935546875,rice,sheet_metal,43.91975402832031
bank_only,2,can|2|0|200,can,2,200,34.876543209876544,35.339508,42.40520477294922,49.49074172973633,rice,sheet_metal,44.61419677734375
bank_only,2,can|2|0|500,can,2,500,34.876543209876544,34.660492,41.90696334838867,47.08333206176758,rice,sheet_metal,44.72222137451172
bank_only,2,can|2|1|1000,can,2,1000,41.373456790123456,40.169754,43.15696334838867,50.63271713256836,rice,fabric,40.30864334106445
bank_only,2,can|2|1|200,can,2,200,41.373456790123456,41.203705,43.85581588745117,50.94135665893555,rice,fabric,42.407405853271484
bank_only,2,can|2|1|500,can,2,500,41.373456790123456,40.401234,43.62213134765625,50.24691390991211,rice,fabric,40.49382781982422
bank_only,2,can|2|2|1000,can,2,1000,35.84876543209876,41.080246,41.51234817504883,49.459877014160156,rice,sheet_metal,39.86111068725586
bank_only,2,can|2|2|200,can,2,200,35.84876543209876,41.373455,41.31393051147461,47.77777862548828,rice,sheet_metal,38.950618743896484
bank_only,2,can|2|2|500,can,2,500,35.84876543209876,41.04938,40.471778869628906,46.311729431152344,rice,walnuts,39.61419677734375
bank_only,2,can|4|0|1000,can,4,1000,34.5679012345679,30.66358,37.235450744628906,42.561729431152344,rice,wallplugs,33.05555725097656
bank_only,2,can|4|0|200,can,4,200,34.5679012345679,30.601852,38.15917205810547,44.41358184814453,rice,sheet_metal,35.7716064453125
bank_only,2,can|4|0|500,can,4,500,34.5679012345679,30.679012,37.62565994262695,42.80864334106445,rice,sheet_metal,32.76234436035156
bank_only,2,can|4|1|1000,can,4,1000,44.675925925925924,45.462963,46.62036895751953,50.23147964477539,rice,fabric,40.74074172973633
bank_only,2,can|4|1|200,can,4,200,44.675925925925924,46.867283,46.790122985839844,51.01852035522461,rice,fabric,43.842594146728516
bank_only,2,can|4|1|500,can,4,500,44.675925925925924,45.493828,46.53659439086914,50.03086471557617,rice,wallplugs,41.26543045043945
bank_only,2,can|4|2|1000,can,4,1000,47.916666666666664,47.808643,49.005733489990234,52.03703689575195,rice,fabric,48.62654495239258
bank_only,2,can|4|2|200,can,4,200,47.916666666666664,48.024693,49.27028274536133,52.77777862548828,rice,vial,48.22530746459961
bank_only,2,can|4|2|500,can,4,500,47.916666666666664,47.669754,48.913143157958984,51.959877014160156,rice,fabric,47.453704833984375
bank_only,2,fabric|-1|0|1000,fabric,-1,1000,56.313131313131315,33.569023,53.99711990356445,66.68350219726562,rice,fruit_jelly,
bank_only,2,fabric|-1|0|200,fabric,-1,200,56.313131313131315,31.296297,53.403076171875,66.12794494628906,rice,walnuts,
bank_only,2,fabric|-1|0|500,fabric,-1,500,56.313131313131315,33.35017,54.02356719970703,66.919189453125,rice,fruit_jelly,
bank_only,2,fabric|-1|1|1000,fabric,-1,1000,56.313131313131315,33.569023,53.593074798583984,66.07743835449219,rice,fruit_jelly,
bank_only,2,fabric|-1|1|200,fabric,-1,200,56.313131313131315,32.356903,53.015869140625,67.47474670410156,rice,fruit_jelly,
bank_only,2,fabric|-1|1|500,fabric,-1,500,56.313131313131315,33.417507,52.0322265625,64.71380615234375,rice,fruit_jelly,
bank_only,2,fabric|-1|2|1000,fabric,-1,1000,56.313131313131315,33.569023,53.90091323852539,64.94949340820312,rice,fruit_jelly,
bank_only,2,fabric|-1|2|200,fabric,-1,200,56.313131313131315,30.319866,53.102455139160156,77.03704071044922,rice,sheet_metal,
bank_only,2,fabric|-1|2|500,fabric,-1,500,56.313131313131315,33.21549,52.22222137451172,67.20539093017578,rice,fruit_jelly,
bank_only,2,fabric|1|0|1000,fabric,1,1000,30.85858585858585,28.855219,37.97739028930664,48.38383865356445,rice,sheet_metal,
bank_only,2,fabric|1|0|200,fabric,1,200,30.85858585858585,27.289562,37.79220962524414,51.296295166015625,rice,walnuts,
bank_only,2,fabric|1|0|500,fabric,1,500,30.85858585858585,28.451178,38.89850997924805,49.91582489013672,rice,sheet_metal,
bank_only,2,fabric|1|1|1000,fabric,1,1000,64.79797979797979,37.525253,58.18181610107422,72.82828521728516,rice,fruit_jelly,
bank_only,2,fabric|1|1|200,fabric,1,200,64.79797979797979,35.60606,57.8379020690918,68.98989868164062,rice,fruit_jelly,
bank_only,2,fabric|1|1|500,fabric,1,500,64.79797979797979,37.289562,57.53006362915039,71.8855209350586,rice,fruit_jelly,
bank_only,2,fabric|1|2|1000,fabric,1,1000,46.666666666666664,43.249157,49.46127700805664,59.17508316040039,rice,fruit_jelly,
bank_only,2,fabric|1|2|200,fabric,1,200,46.666666666666664,41.195286,47.522850036621094,57.25589370727539,rice,fruit_jelly,
bank_only,2,fabric|1|2|500,fabric,1,500,46.666666666666664,43.232323,49.528621673583984,62.3232307434082,rice,fruit_jelly,
bank_only,2,fabric|2|0|1000,fabric,2,1000,68.70370370370371,46.868687,61.22895431518555,69.86531829833984,rice,sheet_metal,
bank_only,2,fabric|2|0|200,fabric,2,200,68.70370370370371,44.79798,60.038482666015625,71.63299560546875,rice,walnuts,
bank_only,2,fabric|2|0|500,fabric,2,500,68.70370370370371,46.414143,60.50745391845703,68.95623016357422,rice,walnuts,
bank_only,2,fabric|2|1|1000,fabric,2,1000,47.222222222222214,28.552189,47.57094955444336,58.33333206176758,rice,fruit_jelly,
bank_only,2,fabric|2|1|200,fabric,2,200,47.222222222222214,25.892256,45.45935821533203,54.79798126220703,rice,fruit_jelly,
bank_only,2,fabric|2|1|500,fabric,2,500,47.222222222222214,28.299664,46.7652702331543,57.306396484375,rice,sheet_metal,
bank_only,2,fabric|2|2|1000,fabric,2,1000,57.0875420875421,45.016834,56.835018157958984,69.49494934082031,rice,fruit_jelly,
bank_only,2,fabric|2|2|200,fabric,2,200,57.0875420875421,43.11448,55.182777404785156,68.33333587646484,rice,fruit_jelly,
bank_only,2,fabric|2|2|500,fabric,2,500,57.0875420875421,44.83165,55.80086898803711,71.02693939208984,rice,fruit_jelly,
bank_only,2,fabric|4|0|1000,fabric,4,1000,57.71043771043771,38.9899,55.66858673095703,70.90908813476562,rice,fruit_jelly,
bank_only,2,fabric|4|0|200,fabric,4,200,57.71043771043771,37.239056,55.603660583496094,67.49158477783203,rice,walnuts,
bank_only,2,fabric|4|0|500,fabric,4,500,57.71043771043771,38.855217,57.00095748901367,70.37036895751953,rice,fruit_jelly,
bank_only,2,fabric|4|1|1000,fabric,4,1000,49.62962962962963,38.804714,52.467533111572266,66.11111450195312,rice,fruit_jelly,
bank_only,2,fabric|4|1|200,fabric,4,200,49.62962962962963,38.51852,51.45502471923828,62.84511947631836,rice,fruit_jelly,
bank_only,2,fabric|4|1|500,fabric,4,500,49.62962962962963,38.670033,51.4911003112793,64.30976104736328,rice,fruit_jelly,
bank_only,2,fabric|4|2|1000,fabric,4,1000,55.40404040404041,40.6734,54.1462287902832,66.80134582519531,rice,fruit_jelly,
bank_only,2,fabric|4|2|200,fabric,4,200,55.40404040404041,37.50842,53.2732048034668,69.24242401123047,rice,sheet_metal,
bank_only,2,fabric|4|2|500,fabric,4,500,55.40404040404041,40.639732,52.602210998535156,67.8787841796875,rice,fruit_jelly,
bank_only,2,fruit_jelly|-1|0|1000,fruit_jelly,-1,1000,86.58333333333333,80.916664,69.6190414428711,80.91666412353516,rice,rice,
bank_only,2,fruit_jelly|-1|0|200,fruit_jelly,-1,200,86.58333333333333,80.833336,67.72618865966797,80.83333587646484,rice,rice,
bank_only,2,fruit_jelly|-1|0|500,fruit_jelly,-1,500,86.58333333333333,80.916664,69.38095092773438,80.91666412353516,rice,rice,
bank_only,2,fruit_jelly|-1|1|1000,fruit_jelly,-1,1000,86.58333333333333,80.916664,69.23809051513672,80.91666412353516,rice,rice,
bank_only,2,fruit_jelly|-1|1|200,fruit_jelly,-1,200,86.58333333333333,83.583336,70.55953216552734,83.58333587646484,rice,rice,
bank_only,2,fruit_jelly|-1|1|500,fruit_jelly,-1,500,86.58333333333333,80.166664,69.57142639160156,80.16666412353516,rice,rice,
bank_only,2,fruit_jelly|-1|2|1000,fruit_jelly,-1,1000,86.58333333333333,80.916664,69.34523010253906,80.91666412353516,rice,rice,
bank_only,2,fruit_jelly|-1|2|200,fruit_jelly,-1,200,86.58333333333333,81.333336,75.73809814453125,83.41666412353516,rice,sheet_metal,
bank_only,2,fruit_jelly|-1|2|500,fruit_jelly,-1,500,86.58333333333333,80.75,68.25,80.75,rice,rice,
bank_only,2,fruit_jelly|1|0|1000,fruit_jelly,1,1000,73.16666666666666,67.416664,63.36904525756836,69.0,rice,wallplugs,
bank_only,2,fruit_jelly|1|0|200,fruit_jelly,1,200,73.16666666666666,68.75,62.36904525756836,69.41666412353516,rice,wallplugs,
bank_only,2,fruit_jelly|1|0|500,fruit_jelly,1,500,73.16666666666666,67.416664,63.75,69.33333587646484,rice,walnuts,
bank_only,2,fruit_jelly|1|1|1000,fruit_jelly,1,1000,85.91666666666666,73.166664,73.73809051513672,79.33333587646484,rice,walnuts,
bank_only,2,fruit_jelly|1|1|200,fruit_jelly,1,200,85.91666666666666,75.666664,73.96428680419922,81.16666412353516,rice,walnuts,
bank_only,2,fruit_jelly|1|1|500,fruit_jelly,1,500,85.91666666666666,72.833336,73.91666412353516,80.41666412353516,rice,vial,
bank_only,2,fruit_jelly|1|2|1000,fruit_jelly,1,1000,84.58333333333331,81.0,77.8452377319336,84.41666412353516,rice,wallplugs,
bank_only,2,fruit_jelly|1|2|200,fruit_jelly,1,200,84.58333333333331,81.5,80.19048309326172,85.33333587646484,rice,walnuts,
bank_only,2,fruit_jelly|1|2|500,fruit_jelly,1,500,84.58333333333331,81.083336,77.75,84.41666412353516,rice,wallplugs,
bank_only,2,fruit_jelly|2|0|1000,fruit_jelly,2,1000,81.16666666666667,69.083336,65.89286041259766,72.0,rice,fabric,
bank_only,2,fruit_jelly|2|0|200,fruit_jelly,2,200,81.16666666666667,70.166664,64.64286041259766,70.5,rice,fabric,
bank_only,2,fruit_jelly|2|0|500,fruit_jelly,2,500,81.16666666666667,69.166664,65.69047546386719,72.16666412353516,rice,fabric,
bank_only,2,fruit_jelly|2|1|1000,fruit_jelly,2,1000,81.58333333333333,68.25,67.03571319580078,75.41666412353516,rice,fabric,
bank_only,2,fruit_jelly|2|1|200,fruit_jelly,2,200,81.58333333333333,69.083336,66.89286041259766,76.08333587646484,rice,fabric,
bank_only,2,fruit_jelly|2|1|500,fruit_jelly,2,500,81.58333333333333,68.166664,67.58333587646484,76.66666412353516,rice,fabric,
bank_only,2,fruit_jelly|2|2|1000,fruit_jelly,2,1000,78.41666666666667,72.333336,67.04762268066406,77.08333587646484,rice,fabric,
bank_only,2,fruit_jelly|2|2|200,fruit_jelly,2,200,78.41666666666667,72.583336,69.0952377319336,74.16666412353516,rice,fabric,
bank_only,2,fruit_jelly|2|2|500,fruit_jelly,2,500,78.41666666666667,72.333336,66.72618865966797,75.41666412353516,rice,fabric,
bank_only,2,fruit_jelly|4|0|1000,fruit_jelly,4,1000,78.83333333333333,74.333336,67.63095092773438,75.75,rice,fabric,
bank_only,2,fruit_jelly|4|0|200,fruit_jelly,4,200,78.83333333333333,73.5,64.6547622680664,73.5,rice,rice,
bank_only,2,fruit_jelly|4|0|500,fruit_jelly,4,500,78.83333333333333,74.333336,67.70237731933594,76.58333587646484,rice,fabric,
bank_only,2,fruit_jelly|4|1|1000,fruit_jelly,4,1000,86.75,79.833336,72.0952377319336,79.83333587646484,rice,rice,
bank_only,2,fruit_jelly|4|1|200,fruit_jelly,4,200,86.75,80.833336,73.57142639160156,82.41666412353516,rice,walnuts,
bank_only,2,fruit_jelly|4|1|500,fruit_jelly,4,500,86.75,79.416664,72.32142639160156,79.41666412353516,rice,rice,
bank_only,2,fruit_jelly|4|2|1000,fruit_jelly,4,1000,88.08333333333333,77.166664,71.92857360839844,77.33333587646484,rice,fabric,
bank_only,2,fruit_jelly|4|2|200,fruit_jelly,4,200,88.08333333333333,80.833336,75.39286041259766,80.83333587646484,rice,rice,
bank_only,2,fruit_jelly|4|2|500,fruit_jelly,4,500,88.08333333333333,77.25,71.09523010253906,77.25,rice,rice,
bank_only,2,rice|-1|0|1000,rice,-1,1000,80.74074074074075,67.08995,63.711265563964844,70.661376953125,can,walnuts,
bank_only,2,rice|-1|0|200,rice,-1,200,80.74074074074075,57.61905,59.693878173828125,71.08465576171875,fruit_jelly,wallplugs,
bank_only,2,rice|-1|0|500,rice,-1,500,80.74074074074075,67.08995,62.248680114746094,68.38624572753906,can,fabric,
bank_only,2,rice|-1|1|1000,rice,-1,1000,80.74074074074075,67.08995,63.31443405151367,70.87301635742188,can,walnuts,
bank_only,2,rice|-1|1|200,rice,-1,200,80.74074074074075,67.08995,61.60997772216797,67.08995056152344,can,can,
bank_only,2,rice|-1|1|500,rice,-1,500,80.74074074074075,67.08995,63.722599029541016,71.9047622680664,can,walnuts,
bank_only,2,rice|-1|2|1000,rice,-1,1000,80.74074074074075,67.08995,63.824642181396484,71.48148345947266,can,walnuts,
bank_only,2,rice|-1|2|200,rice,-1,200,80.74074074074075,67.08995,67.82312774658203,69.78836059570312,can,sheet_metal,
bank_only,2,rice|-1|2|500,rice,-1,500,80.74074074074075,67.08995,62.4527587890625,68.62433624267578,can,walnuts,
bank_only,2,rice|1|0|1000,rice,1,1000,86.74603174603175,75.87302,70.18518829345703,78.99470520019531,can,walnuts,
bank_only,2,rice|1|0|200,rice,1,200,86.74603174603175,66.5873,68.90022277832031,79.57672119140625,fruit_jelly,walnuts,
bank_only,2,rice|1|0|500,rice,1,500,86.74603174603175,75.87302,70.16250610351562,77.1693115234375,can,walnuts,
bank_only,2,rice|1|1|1000,rice,1,1000,78.4920634920635,73.227516,68.61678314208984,75.63491821289062,can,wallplugs,
bank_only,2,rice|1|1|200,rice,1,200,78.4920634920635,73.227516,68.26152801513672,74.97354125976562,can,wallplugs,
bank_only,2,rice|1|1|500,rice,1,500,78.4920634920635,73.227516,69.78079986572266,75.63491821289062,can,wallplugs,
bank_only,2,rice|1|2|1000,rice,1,1000,77.93650793650795,79.89418,72.21466064453125,79.89418029785156,can,can,
bank_only,2,rice|1|2|200,rice,1,200,77.93650793650795,79.89418,75.31745910644531,79.89418029785156,can,can,
bank_only,2,rice|1|2|500,rice,1,500,77.93650793650795,79.89418,70.23809051513672,79.89418029785156,can,can,
bank_only,2,rice|2|0|1000,rice,2,1000,78.94179894179894,73.544975,70.10960388183594,76.71957397460938,can,wallplugs,
bank_only,2,rice|2|0|200,rice,2,200,78.94179894179894,64.89418,67.03325653076172,77.08995056152344,fruit_jelly,wallplugs,
bank_only,2,rice|2|0|500,rice,2,500,78.94179894179894,73.544975,69.24036407470703,76.71957397460938,can,wallplugs,
bank_only,2,rice|2|1|1000,rice,2,1000,72.91005291005293,64.25926,64.30082702636719,73.25396728515625,can,fabric,
bank_only,2,rice|2|1|200,rice,2,200,72.91005291005293,64.25926,63.85109329223633,77.01058197021484,can,fabric,
bank_only,2,rice|2|1|500,rice,2,500,72.91005291005293,64.25926,64.84883117675781,77.01058197021484,can,fabric,
bank_only,2,rice|2|2|1000,rice,2,1000,76.79894179894181,71.402115,69.47845458984375,73.86243438720703,can,wallplugs,
bank_only,2,rice|2|2|200,rice,2,200,76.79894179894181,71.402115,72.0521469116211,78.4920654296875,can,sheet_metal,
bank_only,2,rice|2|2|500,rice,2,500,76.79894179894181,71.402115,68.14058685302734,73.86243438720703,can,wallplugs,
bank_only,2,rice|4|0|1000,rice,4,1000,79.62962962962963,74.68254,69.42932891845703,77.08995056152344,can,walnuts,
bank_only,2,rice|4|0|200,rice,4,200,79.62962962962963,62.407406,65.69917297363281,74.68254089355469,fruit_jelly,can,
bank_only,2,rice|4|0|500,rice,4,500,79.62962962962963,74.68254,67.9062728881836,76.93121337890625,can,fabric,
bank_only,2,rice|4|1|1000,rice,4,1000,79.31216931216932,69.94709,66.29630279541016,74.20635223388672,can,walnuts,
bank_only,2,rice|4|1|200,rice,4,200,79.31216931216932,69.94709,65.60846710205078,70.02645874023438,can,wallplugs,
bank_only,2,rice|4|1|500,rice,4,500,79.31216931216932,69.94709,66.88208770751953,73.65079498291016,can,walnuts,
bank_only,2,rice|4|2|1000,rice,4,1000,78.17460317460319,69.94709,65.10581970214844,69.94709014892578,can,can,
bank_only,2,rice|4|2|200,rice,4,200,78.17460317460319,69.94709,69.44444274902344,77.96295928955078,can,sheet_metal,
bank_only,2,rice|4|2|500,rice,4,500,78.17460317460319,69.94709,64.46712493896484,69.94709014892578,can,can,
bank_only,2,sheet_metal|-1|0|1000,sheet_metal,-1,1000,83.47222222222221,77.03704,80.30423736572266,83.98148345947266,rice,fruit_jelly,79.12036895751953
bank_only,2,sheet_metal|-1|0|200,sheet_metal,-1,200,83.47222222222221,73.703705,79.65608215332031,86.99073791503906,rice,fruit_jelly,76.66666412353516
bank_only,2,sheet_metal|-1|0|500,sheet_metal,-1,500,83.47222222222221,77.12963,79.70238494873047,84.95370483398438,rice,fruit_jelly,79.35185241699219
bank_only,2,sheet_metal|-1|1|1000,sheet_metal,-1,1000,83.47222222222221,77.03704,80.33729553222656,83.14814758300781,rice,fruit_jelly,81.94444274902344
bank_only,2,sheet_metal|-1|1|200,sheet_metal,-1,200,83.47222222222221,76.43519,80.7275161743164,87.91666412353516,rice,fruit_jelly,78.00926208496094
bank_only,2,sheet_metal|-1|1|500,sheet_metal,-1,500,83.47222222222221,77.03704,80.02645111083984,86.52777862548828,rice,fruit_jelly,76.25
bank_only,2,sheet_metal|-1|2|1000,sheet_metal,-1,1000,83.47222222222221,77.03704,79.75529479980469,83.93518829345703,rice,fruit_jelly,78.33333587646484
bank_only,2,sheet_metal|-1|2|200,sheet_metal,-1,200,83.47222222222221,74.53704,78.76322937011719,82.63888549804688,rice,fruit_jelly,72.40740966796875
bank_only,2,sheet_metal|-1|2|500,sheet_metal,-1,500,83.47222222222221,76.666664,80.41666412353516,82.5,rice,fruit_jelly,80.46295928955078
bank_only,2,sheet_metal|1|0|1000,sheet_metal,1,1000,85.27777777777777,79.35185,82.32804870605469,85.87963104248047,rice,fruit_jelly,81.15740966796875
bank_only,2,sheet_metal|1|0|200,sheet_metal,1,200,85.27777777777777,77.916664,81.5806884765625,87.26851654052734,rice,fruit_jelly,79.44444274902344
bank_only,2,sheet_metal|1|0|500,sheet_metal,1,500,85.27777777777777,79.44444,81.81217193603516,86.43518829345703,rice,fruit_jelly,81.20370483398438
bank_only,2,sheet_metal|1|1|1000,sheet_metal,1,1000,80.55555555555556,78.333336,78.63094329833984,81.62036895751953,rice,wallplugs,80.18518829345703
bank_only,2,sheet_metal|1|1|200,sheet_metal,1,200,80.55555555555556,77.12963,79.5502700805664,82.40740966796875,rice,fruit_jelly,78.4259262084961
bank_only,2,sheet_metal|1|1|500,sheet_metal,1,500,80.55555555555556,78.333336,78.71692657470703,81.62036895751953,rice,wallplugs,76.89814758300781
bank_only,2,sheet_metal|1|2|1000,sheet_metal,1,1000,82.5462962962963,78.19444,79.338623046875,82.45370483398438,rice,fruit_jelly,81.43518829345703
bank_only,2,sheet_metal|1|2|200,sheet_metal,1,200,82.5462962962963,76.71296,78.5383529663086,81.38888549804688,rice,fruit_jelly,77.59259033203125
bank_only,2,sheet_metal|1|2|500,sheet_metal,1,500,82.5462962962963,78.333336,80.27777862548828,83.65740966796875,rice,fabric,83.65740966796875
bank_only,2,sheet_metal|2|0|1000,sheet_metal,2,1000,85.64814814814817,81.388885,82.2420654296875,84.90740966796875,rice,fruit_jelly,80.74073791503906
bank_only,2,sheet_metal|2|0|200,sheet_metal,2,200,85.64814814814817,80.23148,81.89813995361328,87.40740966796875,rice,fruit_jelly,78.4259262084961
bank_only,2,sheet_metal|2|0|500,sheet_metal,2,500,85.64814814814817,81.388885,81.88492584228516,86.29629516601562,rice,fruit_jelly,80.3240737915039
bank_only,2,sheet_metal|2|1|1000,sheet_metal,2,1000,85.83333333333334,82.26852,82.69841003417969,86.01851654052734,rice,can,81.01851654052734
bank_only,2,sheet_metal|2|1|200,sheet_metal,2,200,85.83333333333334,80.138885,82.81745910644531,87.36111450195312,rice,fruit_jelly,77.68518829345703
bank_only,2,sheet_metal|2|1|500,sheet_metal,2,500,85.83333333333334,82.31481,82.14946746826172,86.01851654052734,rice,can,76.62036895751953
bank_only,2,sheet_metal|2|2|1000,sheet_metal,2,1000,84.16666666666667,79.62963,80.03968048095703,83.24073791503906,rice,fruit_jelly,76.85185241699219
bank_only,2,sheet_metal|2|2|200,sheet_metal,2,200,84.16666666666667,76.01852,79.31878662109375,83.00926208496094,rice,can,75.37036895751953
bank_only,2,sheet_metal|2|2|500,sheet_metal,2,500,84.16666666666667,79.53704,81.15740203857422,83.00926208496094,rice,can,80.60185241699219
bank_only,2,sheet_metal|4|0|1000,sheet_metal,4,1000,83.8888888888889,79.953705,81.1044921875,83.88888549804688,rice,fruit_jelly,78.4259262084961
bank_only,2,sheet_metal|4|0|200,sheet_metal,4,200,83.8888888888889,77.87037,80.35052490234375,85.83333587646484,rice,fruit_jelly,76.89814758300781
bank_only,2,sheet_metal|4|0|500,sheet_metal,4,500,83.8888888888889,79.861115,80.81349182128906,85.09259033203125,rice,fruit_jelly,78.98148345947266
bank_only,2,sheet_metal|4|1|1000,sheet_metal,4,1000,82.03703703703704,78.47222,79.10052490234375,81.99073791503906,rice,fabric,81.99073791503906
bank_only,2,sheet_metal|4|1|200,sheet_metal,4,200,82.03703703703704,77.546295,79.51719665527344,84.76851654052734,rice,fruit_jelly,78.98148345947266
bank_only,2,sheet_metal|4|1|500,sheet_metal,4,500,82.03703703703704,78.56481,78.82936096191406,82.87036895751953,rice,fruit_jelly,77.91666412353516
bank_only,2,sheet_metal|4|2|1000,sheet_metal,4,1000,84.30555555555556,78.98148,80.2645492553711,82.03704071044922,rice,fruit_jelly,80.69444274902344
bank_only,2,sheet_metal|4|2|200,sheet_metal,4,200,84.30555555555556,78.611115,79.2724838256836,81.11111450195312,rice,wallplugs,75.83333587646484
bank_only,2,sheet_metal|4|2|500,sheet_metal,4,500,84.30555555555556,79.166664,80.9193115234375,82.26851654052734,rice,fabric,82.26851654052734
bank_only,2,vial|-1|0|1000,vial,-1,1000,90.50340136054422,77.93198,73.56267547607422,84.38095092773438,rice,can,78.61224365234375
bank_only,2,vial|-1|0|200,vial,-1,200,90.50340136054422,75.755104,74.22740173339844,84.38095092773438,rice,can,77.19728088378906
bank_only,2,vial|-1|0|500,vial,-1,500,90.50340136054422,77.71429,72.93682861328125,84.38095092773438,rice,can,79.21088409423828
bank_only,2,vial|-1|1|1000,vial,-1,1000,90.50340136054422,77.93198,72.54032897949219,84.38095092773438,rice,can,77.93197631835938
bank_only,2,vial|-1|1|200,vial,-1,200,90.50340136054422,75.94558,74.89213562011719,87.9455795288086,rice,fruit_jelly,87.9455795288086
bank_only,2,vial|-1|1|500,vial,-1,500,90.50340136054422,77.30612,73.32167053222656,84.38095092773438,rice,can,77.55101776123047
bank_only,2,vial|-1|2|1000,vial,-1,1000,90.50340136054422,77.93198,73.17784118652344,84.38095092773438,rice,can,76.89795684814453
bank_only,2,vial|-1|2|200,vial,-1,200,90.50340136054422,75.67347,74.18463897705078,84.38095092773438,rice,can,76.89795684814453
bank_only,2,vial|-1|2|500,vial,-1,500,90.50340136054422,77.19728,73.47327423095703,84.38095092773438,rice,can,80.76190185546875
bank_only,2,vial|1|0|1000,vial,1,1000,66.36734693877551,76.081635,60.65305709838867,76.08163452148438,rice,rice,61.904762268066406
bank_only,2,vial|1|0|200,vial,1,200,66.36734693877551,76.54422,60.56753921508789,76.54421997070312,rice,rice,64.16326904296875
bank_only,2,vial|1|0|500,vial,1,500,66.36734693877551,75.918365,59.743438720703125,75.91836547851562,rice,rice,64.38095092773438
bank_only,2,vial|1|1|1000,vial,1,1000,63.78231292517006,67.210884,59.86005401611328,67.45578002929688,rice,fruit_jelly,67.45578002929688
bank_only,2,vial|1|1|200,vial,1,200,63.78231292517006,65.90476,62.188533782958984,79.26530456542969,rice,fruit_jelly,79.26530456542969
bank_only,2,vial|1|1|500,vial,1,500,63.78231292517006,66.938774,60.99125289916992,71.9455795288086,rice,fruit_jelly,71.9455795288086
bank_only,2,vial|1|2|1000,vial,1,1000,74.34013605442176,84.81633,67.45578002929688,84.81632995605469,rice,rice,68.38095092773438
bank_only,2,vial|1|2|200,vial,1,200,74.34013605442176,82.47619,65.0301284790039,82.47618865966797,rice,rice,67.7551040649414
bank_only,2,vial|1|2|500,vial,1,500,74.34013605442176,84.81633,66.63557434082031,84.81632995605469,rice,rice,68.54421997070312
bank_only,2,vial|2|0|1000,vial,2,1000,83.5374149659864,81.74149,68.87852478027344,81.74149322509766,rice,rice,69.11564636230469
bank_only,2,vial|2|0|200,vial,2,200,83.5374149659864,80.789116,69.9708480834961,81.71428680419922,rice,can,71.04762268066406
bank_only,2,vial|2|0|500,vial,2,500,83.5374149659864,81.71429,68.66861724853516,81.71428680419922,rice,can,72.35374450683594
bank_only,2,vial|2|1|1000,vial,2,1000,85.74149659863946,89.55102,72.25267028808594,89.55101776123047,rice,rice,69.03401184082031
bank_only,2,vial|2|1|200,vial,2,200,85.74149659863946,90.0136,74.66666412353516,90.01360321044922,rice,rice,80.19047546386719
bank_only,2,vial|2|1|500,vial,2,500,85.74149659863946,89.14286,72.3304214477539,89.14286041259766,rice,rice,70.36734771728516
bank_only,2,vial|2|2|1000,vial,2,1000,88.68027210884355,86.14966,72.98348236083984,86.149658203125,rice,rice,72.40816497802734
bank_only,2,vial|2|2|200,vial,2,200,88.68027210884355,84.244896,73.0456771850586,84.2448959350586,rice,rice,74.53060913085938
bank_only,2,vial|2|2|500,vial,2,500,88.68027210884355,86.04082,72.79689025878906,86.04081726074219,rice,rice,75.1292495727539
bank_only,2,vial|4|0|1000,vial,4,1000,84.29931972789116,84.29932,76.61029815673828,85.93197631835938,rice,can,83.72789001464844
bank_only,2,vial|4|0|200,vial,4,200,84.29931972789116,83.10204,76.90184783935547,85.93197631835938,rice,can,83.04762268066406
bank_only,2,vial|4|0|500,vial,4,500,84.29931972789116,84.21769,75.96501922607422,86.80271911621094,rice,fruit_jelly,86.80271911621094
bank_only,2,vial|4|1|1000,vial,4,1000,83.61904761904762,85.44218,72.17103576660156,85.44217681884766,rice,rice,70.99319458007812
bank_only,2,vial|4|1|200,vial,4,200,83.61904761904762,84.62585,76.0194320678711,88.9795913696289,rice,fruit_jelly,88.9795913696289
bank_only,2,vial|4|1|500,vial,4,500,83.61904761904762,85.17007,72.99125671386719,85.1700668334961,rice,rice,75.23809814453125
bank_only,2,vial|4|2|1000,vial,4,1000,95.40136054421768,89.74149,75.14091491699219,89.74149322509766,rice,rice,73.71428680419922
bank_only,2,vial|4|2|200,vial,4,200,95.40136054421768,86.77551,76.57142639160156,86.7755126953125,rice,rice,74.28571319580078
bank_only,2,vial|4|2|500,vial,4,500,95.40136054421768,89.55102,75.02819061279297,89.55101776123047,rice,rice,74.8299331665039
bank_only,2,wallplugs|-1|0|1000,wallplugs,-1,1000,42.22222222222222,51.11111,46.79364776611328,62.425926208496094,rice,fabric,60.25925827026367
bank_only,2,wallplugs|-1|0|200,wallplugs,-1,200,42.22222222222222,52.148148,45.425926208496094,59.25925827026367,rice,fabric,49.61111068725586
bank_only,2,wallplugs|-1|0|500,wallplugs,-1,500,42.22222222222222,51.12963,47.08465576171875,61.98147964477539,rice,fabric,60.74074172973633
bank_only,2,wallplugs|-1|1|1000,wallplugs,-1,1000,42.22222222222222,51.11111,46.96825408935547,62.35185241699219,rice,fabric,59.27777862548828
bank_only,2,wallplugs|-1|1|200,wallplugs,-1,200,42.22222222222222,52.444443,45.873016357421875,64.4259262084961,rice,fabric,52.574073791503906
bank_only,2,wallplugs|-1|1|500,wallplugs,-1,500,42.22222222222222,51.12963,47.15079116821289,62.75925827026367,rice,walnuts,62.75925827026367
bank_only,2,wallplugs|-1|2|1000,wallplugs,-1,1000,42.22222222222222,51.11111,46.5555534362793,59.24074172973633,rice,walnuts,59.24074172973633
bank_only,2,wallplugs|-1|2|200,wallplugs,-1,200,42.22222222222222,51.75926,47.06613540649414,59.98147964477539,rice,fabric,48.203704833984375
bank_only,2,wallplugs|-1|2|500,wallplugs,-1,500,42.22222222222222,51.11111,47.02116012573242,63.574073791503906,rice,walnuts,63.574073791503906
bank_only,2,wallplugs|1|0|1000,wallplugs,1,1000,38.00000000000001,42.685184,37.80423355102539,51.61111068725586,rice,fabric,30.814815521240234
bank_only,2,wallplugs|1|0|200,wallplugs,1,200,38.00000000000001,43.333332,38.912696838378906,51.55555725097656,rice,fabric,29.870370864868164
bank_only,2,wallplugs|1|0|500,wallplugs,1,500,38.00000000000001,42.592594,38.391536712646484,51.425926208496094,rice,fabric,31.88888931274414
bank_only,2,wallplugs|1|1|1000,wallplugs,1,1000,44.7037037037037,50.11111,45.53174591064453,60.814815521240234,rice,fabric,41.11111068725586
bank_only,2,wallplugs|1|1|200,wallplugs,1,200,44.7037037037037,51.444443,47.51322555541992,61.203704833984375,rice,fabric,51.72222137451172
bank_only,2,wallplugs|1|1|500,wallplugs,1,500,44.7037037037037,49.98148,46.145503997802734,61.62963104248047,rice,fabric,42.61111068725586
bank_only,2,wallplugs|1|2|1000,wallplugs,1,1000,29.425925925925927,31.296297,27.67195701599121,35.87036895751953,rice,fabric,21.203702926635742
bank_only,2,wallplugs|1|2|200,wallplugs,1,200,29.425925925925927,31.88889,27.846559524536133,35.77777862548828,rice,fabric,21.129629135131836
bank_only,2,wallplugs|1|2|500,wallplugs,1,500,29.425925925925927,31.25926,28.396825790405273,34.092594146728516,rice,fabric,22.351852416992188
bank_only,2,wallplugs|2|0|1000,wallplugs,2,1000,39.092592592592595,44.703705,42.10581588745117,49.88888931274414,rice,fabric,46.94444274902344
bank_only,2,wallplugs|2|0|200,wallplugs,2,200,39.092592592592595,45.592594,42.30687713623047,48.314815521240234,rice,fabric,44.05555725097656
bank_only,2,wallplugs|2|0|500,wallplugs,2,500,39.092592592592595,44.72222,42.338626861572266,50.814815521240234,rice,fabric,47.685184478759766
bank_only,2,wallplugs|2|1|1000,wallplugs,2,1000,40.96296296296296,51.351852,44.53438949584961,55.46296310424805,rice,fabric,54.38888931274414
bank_only,2,wallplugs|2|1|200,wallplugs,2,200,40.96296296296296,55.314816,44.54762649536133,57.88888931274414,rice,fabric,46.12963104248047
bank_only,2,wallplugs|2|1|500,wallplugs,2,500,40.96296296296296,51.37037,45.02645492553711,57.87036895751953,rice,walnuts,57.87036895751953
bank_only,2,wallplugs|2|2|1000,wallplugs,2,1000,41.092592592592595,45.703705,41.354496002197266,54.72222137451172,rice,fabric,37.77777862548828
bank_only,2,wallplugs|2|2|200,wallplugs,2,200,41.092592592592595,45.61111,41.3783073425293,54.796295166015625,rice,fabric,31.203702926635742
bank_only,2,wallplugs|2|2|500,wallplugs,2,500,41.092592592592595,45.666668,41.968257904052734,54.24074172973633,rice,fabric,39.185184478759766
bank_only,2,wallplugs|4|0|1000,wallplugs,4,1000,38.40740740740741,37.092594,38.37566375732422,54.62963104248047,rice,fabric,38.62963104248047
bank_only,2,wallplugs|4|0|200,wallplugs,4,200,38.40740740740741,36.75926,38.07936477661133,52.16666793823242,rice,fabric,34.703704833984375
bank_only,2,wallplugs|4|0|500,wallplugs,4,500,38.40740740740741,37.092594,38.843910217285156,53.296295166015625,rice,fabric,41.074073791503906
bank_only,2,wallplugs|4|1|1000,wallplugs,4,1000,42.50000000000001,43.185184,44.3862419128418,60.24074172973633,rice,fabric,49.61111068725586
bank_only,2,wallplugs|4|1|200,wallplugs,4,200,42.50000000000001,43.925926,45.02116012573242,62.11111068725586,rice,fabric,51.83333206176758
bank_only,2,wallplugs|4|1|500,wallplugs,4,500,42.50000000000001,43.11111,44.29629898071289,60.22222137451172,rice,fabric,52.203704833984375
bank_only,2,wallplugs|4|2|1000,wallplugs,4,1000,40.37037037037037,50.166668,44.1058235168457,55.22222137451172,rice,fabric,49.407405853271484
bank_only,2,wallplugs|4|2|200,wallplugs,4,200,40.37037037037037,52.75926,44.63756561279297,53.203704833984375,rice,fabric,41.96296310424805
bank_only,2,wallplugs|4|2|500,wallplugs,4,500,40.37037037037037,50.092594,44.703704833984375,54.703704833984375,rice,fabric,54.314815521240234
bank_only,2,walnuts|-1|0|1000,walnuts,-1,1000,78.74074074074075,74.611115,63.751319885253906,87.48148345947266,rice,can,
bank_only,2,walnuts|-1|0|200,walnuts,-1,200,78.74074074074075,72.96296,66.95502471923828,92.29629516601562,rice,vial,
bank_only,2,walnuts|-1|0|500,walnuts,-1,500,78.74074074074075,74.611115,63.465606689453125,87.48148345947266,rice,can,
bank_only,2,walnuts|-1|1|1000,walnuts,-1,1000,78.74074074074075,74.611115,63.93386459350586,87.48148345947266,rice,can,
bank_only,2,walnuts|-1|1|200,walnuts,-1,200,78.74074074074075,73.53704,67.71428680419922,87.48148345947266,rice,can,
bank_only,2,walnuts|-1|1|500,walnuts,-1,500,78.74074074074075,74.611115,64.84127044677734,87.48148345947266,rice,can,
bank_only,2,walnuts|-1|2|1000,walnuts,-1,1000,78.74074074074075,74.611115,63.84127426147461,87.48148345947266,rice,can,
bank_only,2,walnuts|-1|2|200,walnuts,-1,200,78.74074074074075,71.75926,67.29894256591797,87.48148345947266,rice,can,
bank_only,2,walnuts|-1|2|500,walnuts,-1,500,78.74074074074075,73.87037,65.4338607788086,87.48148345947266,rice,can,
bank_only,2,walnuts|1|0|1000,walnuts,1,1000,75.90740740740742,74.75926,71.00264739990234,85.12963104248047,rice,can,
bank_only,2,walnuts|1|0|200,walnuts,1,200,75.90740740740742,73.166664,72.31217193603516,87.51851654052734,rice,vial,
bank_only,2,walnuts|1|0|500,walnuts,1,500,75.90740740740742,74.75926,70.81745910644531,85.12963104248047,rice,can,
bank_only,2,walnuts|1|1|1000,walnuts,1,1000,80.81481481481482,83.296295,78.43915557861328,89.68518829345703,rice,can,
bank_only,2,walnuts|1|1|200,walnuts,1,200,80.81481481481482,84.81481,79.52909851074219,89.68518829345703,rice,can,
bank_only,2,walnuts|1|1|500,walnuts,1,500,80.81481481481482,83.25926,78.21693420410156,89.68518829345703,rice,can,
bank_only,2,walnuts|1|2|1000,walnuts,1,1000,76.0925925925926,76.25926,68.45503234863281,88.79629516601562,rice,can,
bank_only,2,walnuts|1|2|200,walnuts,1,200,76.0925925925926,75.98148,70.46031951904297,88.79629516601562,rice,can,
bank_only,2,walnuts|1|2|500,walnuts,1,500,76.0925925925926,76.25926,71.0899429321289,88.79629516601562,rice,can,
bank_only,2,walnuts|2|0|1000,walnuts,2,1000,79.14814814814815,84.203705,79.39683532714844,89.31481170654297,rice,can,
bank_only,2,walnuts|2|0|200,walnuts,2,200,79.14814814814815,84.09259,79.4920654296875,90.18518829345703,rice,vial,
bank_only,2,walnuts|2|0|500,walnuts,2,500,79.14814814814815,84.18519,79.06084442138672,89.31481170654297,rice,can,
bank_only,2,walnuts|2|1|1000,walnuts,2,1000,75.81481481481481,76.55556,69.0873031616211,85.66666412353516,rice,can,
bank_only,2,walnuts|2|1|200,walnuts,2,200,75.81481481481481,76.27778,71.02910614013672,85.66666412353516,rice,can,
bank_only,2,walnuts|2|1|500,walnuts,2,500,75.81481481481481,76.51852,69.14286041259766,85.66666412353516,rice,can,
bank_only,2,walnuts|2|2|1000,walnuts,2,1000,73.74074074074075,61.962963,59.79629898071289,86.33333587646484,rice,can,
bank_only,2,walnuts|2|2|200,walnuts,2,200,73.74074074074075,59.01852,63.05820083618164,86.33333587646484,rice,can,
bank_only,2,walnuts|2|2|500,walnuts,2,500,73.74074074074075,61.25926,61.86243438720703,86.33333587646484,rice,can,
bank_only,2,walnuts|4|0|1000,walnuts,4,1000,75.81481481481481,71.666664,67.13492584228516,87.03704071044922,rice,can,
bank_only,2,walnuts|4|0|200,walnuts,4,200,75.81481481481481,70.25926,70.50000762939453,88.81481170654297,rice,vial,
bank_only,2,walnuts|4|0|500,walnuts,4,500,75.81481481481481,71.68519,67.23015594482422,87.03704071044922,rice,can,
bank_only,2,walnuts|4|1|1000,walnuts,4,1000,76.68518518518518,79.87037,67.74073791503906,85.87036895751953,rice,can,
bank_only,2,walnuts|4|1|200,walnuts,4,200,76.68518518518518,79.62963,70.87830352783203,85.87036895751953,rice,can,
bank_only,2,walnuts|4|1|500,walnuts,4,500,76.68518518518518,79.833336,68.46031951904297,85.87036895751953,rice,can,
bank_only,2,walnuts|4|2|1000,walnuts,4,1000,76.55555555555556,81.74074,70.84127044677734,86.85185241699219,rice,can,
bank_only,2,walnuts|4|2|200,walnuts,4,200,76.55555555555556,80.72222,73.69576263427734,86.85185241699219,rice,can,
bank_only,2,walnuts|4|2|500,walnuts,4,500,76.55555555555556,81.57407,71.4047622680664,86.85185241699219,rice,can,
interaction,0,can|-1|0|1000,can,-1,1000,52.26851851851851,47.762344,44.81922149658203,50.8487663269043,wallplugs,fabric,40.74074172973633
interaction,0,can|-1|0|200,can,-1,200,52.26851851851851,46.589508,46.016319274902344,50.38580322265625,wallplugs,vial,40.061729431152344
interaction,0,can|-1|0|500,can,-1,500,52.26851851851851,47.746914,45.17636489868164,49.567901611328125,wallplugs,fabric,38.76543045043945
interaction,0,can|-1|1|1000,can,-1,1000,52.26851851851851,47.762344,45.3262825012207,50.97222137451172,wallplugs,fabric,40.0
interaction,0,can|-1|1|200,can,-1,200,52.26851851851851,41.01852,43.51852035522461,51.63580322265625,rice,fabric,40.8487663269043
interaction,0,can|-1|1|500,can,-1,500,52.26851851851851,47.71605,45.244712829589844,50.0771598815918,wallplugs,fabric,41.820987701416016
interaction,0,can|-1|2|1000,can,-1,1000,52.26851851851851,47.762344,45.17636489868164,50.89506149291992,wallplugs,fabric,40.061729431152344
interaction,0,can|-1|2|200,can,-1,200,52.26851851851851,47.947533,45.32627487182617,50.13888931274414,fabric,sheet_metal,37.37654495239258
interaction,0,can|-1|2|500,can,-1,500,52.26851851851851,47.669754,46.197086334228516,51.99074172973633,wallplugs,fabric,40.35493850708008
interaction,0,can|1|0|1000,can,1,1000,44.87654320987654,46.589508,46.809967041015625,50.293209075927734,wallplugs,fabric,45.4012336730957
interaction,0,can|1|0|200,can,1,200,44.87654320987654,46.512344,46.70634078979492,48.8271598815918,wallplugs,fabric,45.447532653808594
interaction,0,can|1|0|500,can,1,500,44.87654320987654,46.574074,46.682098388671875,49.72222137451172,wallplugs,fabric,46.188270568847656
interaction,0,can|1|1|1000,can,1,1000,45.956790123456784,45.570988,46.598323822021484,49.24382781982422,wallplugs,vial,45.52469253540039
interaction,0,can|1|1|200,can,1,200,45.956790123456784,45.07716,46.77910232543945,49.33641815185547,rice,fabric,45.26234436035156
interaction,0,can|1|1|500,can,1,500,45.956790123456784,45.570988,47.039241790771484,49.62963104248047,wallplugs,fabric,45.69444274902344
interaction,0,can|1|2|1000,can,1,1000,36.60493827160494,38.67284,39.678131103515625,42.5771598815918,rice,fruit_jelly,42.5771598815918
interaction,0,can|1|2|200,can,1,200,36.60493827160494,39.62963,38.47442626953125,41.77469253540039,rice,fruit_jelly,41.77469253540039
interaction,0,can|1|2|500,can,1,500,36.60493827160494,38.88889,39.42019271850586,42.5,rice,sheet_metal,42.345680236816406
interaction,0,can|2|0|1000,can,2,1000,34.876543209876544,42.808643,41.64020919799805,45.4783935546875,wallplugs,sheet_metal,43.91975402832031
interaction,0,can|2|0|200,can,2,200,34.876543209876544,42.175926,42.40520477294922,49.49074172973633,wallplugs,sheet_metal,44.61419677734375
interaction,0,can|2|0|500,can,2,500,34.876543209876544,42.79321,41.90696334838867,47.08333206176758,wallplugs,sheet_metal,44.72222137451172
interaction,0,can|2|1|1000,can,2,1000,41.373456790123456,46.419754,43.15696334838867,50.63271713256836,wallplugs,fabric,40.30864334106445
interaction,0,can|2|1|200,can,2,200,41.373456790123456,41.203705,43.85581588745117,50.94135665893555,rice,fabric,42.407405853271484
interaction,0,can|2|1|500,can,2,500,41.373456790123456,46.435184,43.62213134765625,50.24691390991211,wallplugs,fabric,40.49382781982422
interaction,0,can|2|2|1000,can,2,1000,35.84876543209876,41.080246,41.51234817504883,49.459877014160156,rice,sheet_metal,39.86111068725586
interaction,0,can|2|2|200,can,2,200,35.84876543209876,41.373455,41.31393051147461,47.77777862548828,rice,sheet_metal,38.950618743896484
interaction,0,can|2|2|500,can,2,500,35.84876543209876,41.04938,40.471778869628906,46.311729431152344,rice,walnuts,39.61419677734375
interaction,0,can|4|0|1000,can,4,1000,34.5679012345679,42.56173,37.235450744628906,42.561729431152344,wallplugs,wallplugs,33.05555725097656
interaction,0,can|4|0|200,can,4,200,34.5679012345679,42.28395,38.15917205810547,44.41358184814453,wallplugs,sheet_metal,35.7716064453125
interaction,0,can|4|0|500,can,4,500,34.5679012345679,42.592594,37.62565994262695,42.80864334106445,wallplugs,sheet_metal,32.76234436035156
interaction,0,can|4|1|1000,can,4,1000,44.675925925925924,50.13889,46.62036895751953,50.23147964477539,wallplugs,fabric,40.74074172973633
interaction,0,can|4|1|200,can,4,200,44.675925925925924,46.867283,46.790122985839844,51.01852035522461,rice,fabric,43.842594146728516
interaction,0,can|4|1|500,can,4,500,44.675925925925924,50.030865,46.53659439086914,50.03086471557617,wallplugs,wallplugs,41.26543045043945
interaction,0,can|4|2|1000,can,4,1000,47.916666666666664,48.209877,49.005733489990234,52.03703689575195,wallplugs,fabric,48.62654495239258
interaction,0,can|4|2|200,can,4,200,47.916666666666664,48.132717,49.27028274536133,52.77777862548828,wallplugs,vial,48.22530746459961
interaction,0,can|4|2|500,can,4,500,47.916666666666664,48.194443,48.913143157958984,51.959877014160156,wallplugs,fabric,47.453704833984375
interaction,0,fabric|-1|0|1000,fabric,-1,1000,56.313131313131315,60.353535,53.99711990356445,66.68350219726562,sheet_metal,fruit_jelly,
interaction,0,fabric|-1|0|200,fabric,-1,200,56.313131313131315,59.276093,53.403076171875,66.12794494628906,sheet_metal,walnuts,
interaction,0,fabric|-1|0|500,fabric,-1,500,56.313131313131315,47.05387,54.02356719970703,66.919189453125,wallplugs,fruit_jelly,
interaction,0,fabric|-1|1|1000,fabric,-1,1000,56.313131313131315,47.037037,53.593074798583984,66.07743835449219,wallplugs,fruit_jelly,
interaction,0,fabric|-1|1|200,fabric,-1,200,56.313131313131315,55.77441,53.015869140625,67.47474670410156,sheet_metal,fruit_jelly,
interaction,0,fabric|-1|1|500,fabric,-1,500,56.313131313131315,47.037037,52.0322265625,64.71380615234375,wallplugs,fruit_jelly,
interaction,0,fabric|-1|2|1000,fabric,-1,1000,56.313131313131315,62.49158,53.90091323852539,64.94949340820312,sheet_metal,fruit_jelly,
interaction,0,fabric|-1|2|200,fabric,-1,200,56.313131313131315,77.03704,53.102455139160156,77.03704071044922,sheet_metal,sheet_metal,
interaction,0,fabric|-1|2|500,fabric,-1,500,56.313131313131315,47.037037,52.22222137451172,67.20539093017578,wallplugs,fruit_jelly,
interaction,0,fabric|1|0|1000,fabric,1,1000,30.85858585858585,48.38384,37.97739028930664,48.38383865356445,sheet_metal,sheet_metal,
interaction,0,fabric|1|0|200,fabric,1,200,30.85858585858585,49.023567,37.79220962524414,51.296295166015625,sheet_metal,walnuts,
interaction,0,fabric|1|0|500,fabric,1,500,30.85858585858585,49.915825,38.89850997924805,49.91582489013672,sheet_metal,sheet_metal,
interaction,0,fabric|1|1|1000,fabric,1,1000,64.79797979797979,51.11111,58.18181610107422,72.82828521728516,wallplugs,fruit_jelly,
interaction,0,fabric|1|1|200,fabric,1,200,64.79797979797979,49.006733,57.8379020690918,68.98989868164062,wallplugs,fruit_jelly,
interaction,0,fabric|1|1|500,fabric,1,500,64.79797979797979,51.026936,57.53006362915039,71.8855209350586,wallplugs,fruit_jelly,
interaction,0,fabric|1|2|1000,fabric,1,1000,46.666666666666664,37.962963,49.46127700805664,59.17508316040039,wallplugs,fruit_jelly,
interaction,0,fabric|1|2|200,fabric,1,200,46.666666666666664,38.535355,47.522850036621094,57.25589370727539,wallplugs,fruit_jelly,
interaction,0,fabric|1|2|500,fabric,1,500,46.666666666666664,37.962963,49.528621673583984,62.3232307434082,wallplugs,fruit_jelly,
interaction,0,fabric|2|0|1000,fabric,2,1000,68.70370370370371,69.86532,61.22895431518555,69.86531829833984,sheet_metal,sheet_metal,
interaction,0,fabric|2|0|200,fabric,2,200,68.70370370370371,51.936028,60.038482666015625,71.63299560546875,wallplugs,walnuts,
interaction,0,fabric|2|0|500,fabric,2,500,68.70370370370371,66.32996,60.50745391845703,68.95623016357422,sheet_metal,walnuts,
interaction,0,fabric|2|1|1000,fabric,2,1000,47.222222222222214,57.77778,47.57094955444336,58.33333206176758,sheet_metal,fruit_jelly,
interaction,0,fabric|2|1|200,fabric,2,200,47.222222222222214,53.55219,45.45935821533203,54.79798126220703,sheet_metal,fruit_jelly,
interaction,0,fabric|2|1|500,fabric,2,500,47.222222222222214,57.306396,46.7652702331543,57.306396484375,sheet_metal,sheet_metal,
interaction,0,fabric|2|2|1000,fabric,2,1000,57.0875420875421,45.925926,56.835018157958984,69.49494934082031,wallplugs,fruit_jelly,
interaction,0,fabric|2|2|200,fabric,2,200,57.0875420875421,62.643097,55.182777404785156,68.33333587646484,sheet_metal,fruit_jelly,
interaction,0,fabric|2|2|500,fabric,2,500,57.0875420875421,45.925926,55.80086898803711,71.02693939208984,wallplugs,fruit_jelly,
interaction,0,fabric|4|0|1000,fabric,4,1000,57.71043771043771,47.727272,55.66858673095703,70.90908813476562,wallplugs,fruit_jelly,
interaction,0,fabric|4|0|200,fabric,4,200,57.71043771043771,46.363636,55.603660583496094,67.49158477783203,wallplugs,walnuts,
interaction,0,fabric|4|0|500,fabric,4,500,57.71043771043771,47.727272,57.00095748901367,70.37036895751953,wallplugs,fruit_jelly,
interaction,0,fabric|4|1|1000,fabric,4,1000,49.62962962962963,44.090908,52.467533111572266,66.11111450195312,wallplugs,fruit_jelly,
interaction,0,fabric|4|1|200,fabric,4,200,49.62962962962963,42.138046,51.45502471923828,62.84511947631836,wallplugs,fruit_jelly,
interaction,0,fabric|4|1|500,fabric,4,500,49.62962962962963,44.12458,51.4911003112793,64.30976104736328,wallplugs,fruit_jelly,
interaction,0,fabric|4|2|1000,fabric,4,1000,55.40404040404041,43.72054,54.1462287902832,66.80134582519531,wallplugs,fruit_jelly,
interaction,0,fabric|4|2|200,fabric,4,200,55.40404040404041,44.6633,53.2732048034668,69.24242401123047,wallplugs,sheet_metal,
interaction,0,fabric|4|2|500,fabric,4,500,55.40404040404041,43.72054,52.602210998535156,67.8787841796875,wallplugs,fruit_jelly,
interaction,0,fruit_jelly|-1|0|1000,fruit_jelly,-1,1000,86.58333333333333,80.916664,69.6190414428711,80.91666412353516,rice,rice,
interaction,0,fruit_jelly|-1|0|200,fruit_jelly,-1,200,86.58333333333333,80.833336,67.72618865966797,80.83333587646484,rice,rice,
interaction,0,fruit_jelly|-1|0|500,fruit_jelly,-1,500,86.58333333333333,80.916664,69.38095092773438,80.91666412353516,rice,rice,
interaction,0,fruit_jelly|-1|1|1000,fruit_jelly,-1,1000,86.58333333333333,80.916664,69.23809051513672,80.91666412353516,rice,rice,
interaction,0,fruit_jelly|-1|1|200,fruit_jelly,-1,200,86.58333333333333,83.583336,70.55953216552734,83.58333587646484,rice,rice,
interaction,0,fruit_jelly|-1|1|500,fruit_jelly,-1,500,86.58333333333333,80.166664,69.57142639160156,80.16666412353516,rice,rice,
interaction,0,fruit_jelly|-1|2|1000,fruit_jelly,-1,1000,86.58333333333333,80.916664,69.34523010253906,80.91666412353516,rice,rice,
interaction,0,fruit_jelly|-1|2|200,fruit_jelly,-1,200,86.58333333333333,81.333336,75.73809814453125,83.41666412353516,rice,sheet_metal,
interaction,0,fruit_jelly|-1|2|500,fruit_jelly,-1,500,86.58333333333333,80.75,68.25,80.75,rice,rice,
interaction,0,fruit_jelly|1|0|1000,fruit_jelly,1,1000,73.16666666666666,67.416664,63.36904525756836,69.0,rice,wallplugs,
interaction,0,fruit_jelly|1|0|200,fruit_jelly,1,200,73.16666666666666,68.75,62.36904525756836,69.41666412353516,rice,wallplugs,
interaction,0,fruit_jelly|1|0|500,fruit_jelly,1,500,73.16666666666666,67.416664,63.75,69.33333587646484,rice,walnuts,
interaction,0,fruit_jelly|1|1|1000,fruit_jelly,1,1000,85.91666666666666,73.166664,73.73809051513672,79.33333587646484,rice,walnuts,
interaction,0,fruit_jelly|1|1|200,fruit_jelly,1,200,85.91666666666666,75.666664,73.96428680419922,81.16666412353516,rice,walnuts,
interaction,0,fruit_jelly|1|1|500,fruit_jelly,1,500,85.91666666666666,72.833336,73.91666412353516,80.41666412353516,rice,vial,
interaction,0,fruit_jelly|1|2|1000,fruit_jelly,1,1000,84.58333333333331,81.0,77.8452377319336,84.41666412353516,rice,wallplugs,
interaction,0,fruit_jelly|1|2|200,fruit_jelly,1,200,84.58333333333331,83.583336,80.19048309326172,85.33333587646484,wallplugs,walnuts,
interaction,0,fruit_jelly|1|2|500,fruit_jelly,1,500,84.58333333333331,81.083336,77.75,84.41666412353516,rice,wallplugs,
interaction,0,fruit_jelly|2|0|1000,fruit_jelly,2,1000,81.16666666666667,69.083336,65.89286041259766,72.0,rice,fabric,
interaction,0,fruit_jelly|2|0|200,fruit_jelly,2,200,81.16666666666667,70.166664,64.64286041259766,70.5,rice,fabric,
interaction,0,fruit_jelly|2|0|500,fruit_jelly,2,500,81.16666666666667,69.166664,65.69047546386719,72.16666412353516,rice,fabric,
interaction,0,fruit_jelly|2|1|1000,fruit_jelly,2,1000,81.58333333333333,68.25,67.03571319580078,75.41666412353516,rice,fabric,
interaction,0,fruit_jelly|2|1|200,fruit_jelly,2,200,81.58333333333333,69.083336,66.89286041259766,76.08333587646484,rice,fabric,
interaction,0,fruit_jelly|2|1|500,fruit_jelly,2,500,81.58333333333333,68.166664,67.58333587646484,76.66666412353516,rice,fabric,
interaction,0,fruit_jelly|2|2|1000,fruit_jelly,2,1000,78.41666666666667,72.333336,67.04762268066406,77.08333587646484,rice,fabric,
interaction,0,fruit_jelly|2|2|200,fruit_jelly,2,200,78.41666666666667,72.583336,69.0952377319336,74.16666412353516,rice,fabric,
interaction,0,fruit_jelly|2|2|500,fruit_jelly,2,500,78.41666666666667,72.333336,66.72618865966797,75.41666412353516,rice,fabric,
interaction,0,fruit_jelly|4|0|1000,fruit_jelly,4,1000,78.83333333333333,74.333336,67.63095092773438,75.75,rice,fabric,
interaction,0,fruit_jelly|4|0|200,fruit_jelly,4,200,78.83333333333333,73.5,64.6547622680664,73.5,rice,rice,
interaction,0,fruit_jelly|4|0|500,fruit_jelly,4,500,78.83333333333333,74.333336,67.70237731933594,76.58333587646484,rice,fabric,
interaction,0,fruit_jelly|4|1|1000,fruit_jelly,4,1000,86.75,79.833336,72.0952377319336,79.83333587646484,rice,rice,
interaction,0,fruit_jelly|4|1|200,fruit_jelly,4,200,86.75,80.833336,73.57142639160156,82.41666412353516,rice,walnuts,
interaction,0,fruit_jelly|4|1|500,fruit_jelly,4,500,86.75,79.416664,72.32142639160156,79.41666412353516,rice,rice,
interaction,0,fruit_jelly|4|2|1000,fruit_jelly,4,1000,88.08333333333333,77.166664,71.92857360839844,77.33333587646484,rice,fabric,
interaction,0,fruit_jelly|4|2|200,fruit_jelly,4,200,88.08333333333333,80.833336,75.39286041259766,80.83333587646484,rice,rice,
interaction,0,fruit_jelly|4|2|500,fruit_jelly,4,500,88.08333333333333,77.25,71.09523010253906,77.25,rice,rice,
interaction,0,rice|-1|0|1000,rice,-1,1000,80.74074074074075,48.862434,63.711265563964844,70.661376953125,sheet_metal,walnuts,
interaction,0,rice|-1|0|200,rice,-1,200,80.74074074074075,46.666668,59.693878173828125,71.08465576171875,sheet_metal,wallplugs,
interaction,0,rice|-1|0|500,rice,-1,500,80.74074074074075,47.645504,62.248680114746094,68.38624572753906,sheet_metal,fabric,
interaction,0,rice|-1|1|1000,rice,-1,1000,80.74074074074075,48.43915,63.31443405151367,70.87301635742188,sheet_metal,walnuts,
interaction,0,rice|-1|1|200,rice,-1,200,80.74074074074075,49.391533,61.60997772216797,67.08995056152344,sheet_metal,can,
interaction,0,rice|-1|1|500,rice,-1,500,80.74074074074075,46.56085,63.722599029541016,71.9047622680664,sheet_metal,walnuts,
interaction,0,rice|-1|2|1000,rice,-1,1000,80.74074074074075,48.386242,63.824642181396484,71.48148345947266,sheet_metal,walnuts,
interaction,0,rice|-1|2|200,rice,-1,200,80.74074074074075,69.78836,67.82312774658203,69.78836059570312,sheet_metal,sheet_metal,
interaction,0,rice|-1|2|500,rice,-1,500,80.74074074074075,48.915344,62.4527587890625,68.62433624267578,sheet_metal,walnuts,
interaction,0,rice|1|0|1000,rice,1,1000,86.74603174603175,52.93651,70.18518829345703,78.99470520019531,sheet_metal,walnuts,
interaction,0,rice|1|0|200,rice,1,200,86.74603174603175,54.84127,68.90022277832031,79.57672119140625,sheet_metal,walnuts,
interaction,0,rice|1|0|500,rice,1,500,86.74603174603175,53.386242,70.16250610351562,77.1693115234375,sheet_metal,walnuts,
interaction,0,rice|1|1|1000,rice,1,1000,78.4920634920635,58.121693,68.61678314208984,75.63491821289062,sheet_metal,wallplugs,
interaction,0,rice|1|1|200,rice,1,200,78.4920634920635,58.015873,68.26152801513672,74.97354125976562,sheet_metal,wallplugs,
interaction,0,rice|1|1|500,rice,1,500,78.4920634920635,59.391533,69.78079986572266,75.63491821289062,sheet_metal,wallplugs,
interaction,0,rice|1|2|1000,rice,1,1000,77.93650793650795,53.88889,72.21466064453125,79.89418029785156,sheet_metal,can,
interaction,0,rice|1|2|200,rice,1,200,77.93650793650795,75.42328,75.31745910644531,79.89418029785156,sheet_metal,can,
interaction,0,rice|1|2|500,rice,1,500,77.93650793650795,52.460316,70.23809051513672,79.89418029785156,sheet_metal,can,
interaction,0,rice|2|0|1000,rice,2,1000,78.94179894179894,55.95238,70.10960388183594,76.71957397460938,sheet_metal,wallplugs,
interaction,0,rice|2|0|200,rice,2,200,78.94179894179894,52.67196,67.03325653076172,77.08995056152344,sheet_metal,wallplugs,
interaction,0,rice|2|0|500,rice,2,500,78.94179894179894,53.57143,69.24036407470703,76.71957397460938,sheet_metal,wallplugs,
interaction,0,rice|2|1|1000,rice,2,1000,72.91005291005293,52.037037,64.30082702636719,73.25396728515625,sheet_metal,fabric,
interaction,0,rice|2|1|200,rice,2,200,72.91005291005293,53.068783,63.85109329223633,77.01058197021484,sheet_metal,fabric,
interaction,0,rice|2|1|500,rice,2,500,72.91005291005293,50.47619,64.84883117675781,77.01058197021484,sheet_metal,fabric,
interaction,0,rice|2|2|1000,rice,2,1000,76.79894179894181,64.28571,69.47845458984375,73.86243438720703,sheet_metal,wallplugs,
interaction,0,rice|2|2|200,rice,2,200,76.79894179894181,78.492065,72.0521469116211,78.4920654296875,sheet_metal,sheet_metal,
interaction,0,rice|2|2|500,rice,2,500,76.79894179894181,61.402115,68.14058685302734,73.86243438720703,sheet_metal,wallplugs,
interaction,0,rice|4|0|1000,rice,4,1000,79.62962962962963,55.714287,69.42932891845703,77.08995056152344,sheet_metal,walnuts,
interaction,0,rice|4|0|200,rice,4,200,79.62962962962963,55.42328,65.69917297363281,74.68254089355469,sheet_metal,can,
interaction,0,rice|4|0|500,rice,4,500,79.62962962962963,53.756615,67.9062728881836,76.93121337890625,sheet_metal,fabric,
interaction,0,rice|4|1|1000,rice,4,1000,79.31216931216932,53.386242,66.29630279541016,74.20635223388672,sheet_metal,walnuts,
interaction,0,rice|4|1|200,rice,4,200,79.31216931216932,54.04762,65.60846710205078,70.02645874023438,sheet_metal,wallplugs,
interaction,0,rice|4|1|500,rice,4,500,79.31216931216932,51.984127,66.88208770751953,73.65079498291016,sheet_metal,walnuts,
interaction,0,rice|4|2|1000,rice,4,1000,78.17460317460319,55.238094,65.10581970214844,69.94709014892578,sheet_metal,can,
interaction,0,rice|4|2|200,rice,4,200,78.17460317460319,77.96296,69.44444274902344,77.96295928955078,sheet_metal,sheet_metal,
interaction,0,rice|4|2|500,rice,4,500,78.17460317460319,55.026455,64.46712493896484,69.94709014892578,sheet_metal,can,
interaction,0,sheet_metal|-1|0|1000,sheet_metal,-1,1000,83.47222222222221,80.37037,80.30423736572266,83.98148345947266,wallplugs,fruit_jelly,79.12036895751953
interaction,0,sheet_metal|-1|0|200,sheet_metal,-1,200,83.47222222222221,76.666664,79.65608215332031,86.99073791503906,fabric,fruit_jelly,76.66666412353516
interaction,0,sheet_metal|-1|0|500,sheet_metal,-1,500,83.47222222222221,80.32407,79.70238494873047,84.95370483398438,wallplugs,fruit_jelly,79.35185241699219
interaction,0,sheet_metal|-1|1|1000,sheet_metal,-1,1000,83.47222222222221,80.37037,80.33729553222656,83.14814758300781,wallplugs,fruit_jelly,81.94444274902344
interaction,0,sheet_metal|-1|1|200,sheet_metal,-1,200,83.47222222222221,81.15741,80.7275161743164,87.91666412353516,wallplugs,fruit_jelly,78.00926208496094
interaction,0,sheet_metal|-1|1|500,sheet_metal,-1,500,83.47222222222221,80.37037,80.02645111083984,86.52777862548828,wallplugs,fruit_jelly,76.25
interaction,0,sheet_metal|-1|2|1000,sheet_metal,-1,1000,83.47222222222221,78.333336,79.75529479980469,83.93518829345703,fabric,fruit_jelly,78.33333587646484
interaction,0,sheet_metal|-1|2|200,sheet_metal,-1,200,83.47222222222221,72.40741,78.76322937011719,82.63888549804688,fabric,fruit_jelly,72.40740966796875
interaction,0,sheet_metal|-1|2|500,sheet_metal,-1,500,83.47222222222221,80.46296,80.41666412353516,82.5,fabric,fruit_jelly,80.46295928955078
interaction,0,sheet_metal|1|0|1000,sheet_metal,1,1000,85.27777777777777,81.15741,82.32804870605469,85.87963104248047,fabric,fruit_jelly,81.15740966796875
interaction,0,sheet_metal|1|0|200,sheet_metal,1,200,85.27777777777777,79.44444,81.5806884765625,87.26851654052734,fabric,fruit_jelly,79.44444274902344
interaction,0,sheet_metal|1|0|500,sheet_metal,1,500,85.27777777777777,81.203705,81.81217193603516,86.43518829345703,fabric,fruit_jelly,81.20370483398438
interaction,0,sheet_metal|1|1|1000,sheet_metal,1,1000,80.55555555555556,81.62037,78.63094329833984,81.62036895751953,wallplugs,wallplugs,80.18518829345703
interaction,0,sheet_metal|1|1|200,sheet_metal,1,200,80.55555555555556,81.62037,79.5502700805664,82.40740966796875,wallplugs,fruit_jelly,78.4259262084961
interaction,0,sheet_metal|1|1|500,sheet_metal,1,500,80.55555555555556,81.62037,78.71692657470703,81.62036895751953,wallplugs,wallplugs,76.89814758300781
interaction,0,sheet_metal|1|2|1000,sheet_metal,1,1000,82.5462962962963,78.65741,79.338623046875,82.45370483398438,wallplugs,fruit_jelly,81.43518829345703
interaction,0,sheet_metal|1|2|200,sheet_metal,1,200,82.5462962962963,77.59259,78.5383529663086,81.38888549804688,fabric,fruit_jelly,77.59259033203125
interaction,0,sheet_metal|1|2|500,sheet_metal,1,500,82.5462962962963,78.65741,80.27777862548828,83.65740966796875,wallplugs,fabric,83.65740966796875
interaction,0,sheet_metal|2|0|1000,sheet_metal,2,1000,85.64814814814817,82.73148,82.2420654296875,84.90740966796875,wallplugs,fruit_jelly,80.74073791503906
interaction,0,sheet_metal|2|0|200,sheet_metal,2,200,85.64814814814817,78.42593,81.89813995361328,87.40740966796875,fabric,fruit_jelly,78.4259262084961
interaction,0,sheet_metal|2|0|500,sheet_metal,2,500,85.64814814814817,82.68519,81.88492584228516,86.29629516601562,wallplugs,fruit_jelly,80.3240737915039
interaction,0,sheet_metal|2|1|1000,sheet_metal,2,1000,85.83333333333334,81.01852,82.69841003417969,86.01851654052734,fabric,can,81.01851654052734
interaction,0,sheet_metal|2|1|200,sheet_metal,2,200,85.83333333333334,77.68519,82.81745910644531,87.36111450195312,fabric,fruit_jelly,77.68518829345703
interaction,0,sheet_metal|2|1|500,sheet_metal,2,500,85.83333333333334,76.62037,82.14946746826172,86.01851654052734,fabric,can,76.62036895751953
interaction,0,sheet_metal|2|2|1000,sheet_metal,2,1000,84.16666666666667,76.85185,80.03968048095703,83.24073791503906,fabric,fruit_jelly,76.85185241699219
interaction,0,sheet_metal|2|2|200,sheet_metal,2,200,84.16666666666667,75.37037,79.31878662109375,83.00926208496094,fabric,can,75.37036895751953
interaction,0,sheet_metal|2|2|500,sheet_metal,2,500,84.16666666666667,80.60185,81.15740203857422,83.00926208496094,fabric,can,80.60185241699219
interaction,0,sheet_metal|4|0|1000,sheet_metal,4,1000,83.8888888888889,81.75926,81.1044921875,83.88888549804688,wallplugs,fruit_jelly,78.4259262084961
interaction,0,sheet_metal|4|0|200,sheet_metal,4,200,83.8888888888889,81.06481,80.35052490234375,85.83333587646484,wallplugs,fruit_jelly,76.89814758300781
interaction,0,sheet_metal|4|0|500,sheet_metal,4,500,83.8888888888889,81.666664,80.81349182128906,85.09259033203125,wallplugs,fruit_jelly,78.98148345947266
interaction,0,sheet_metal|4|1|1000,sheet_metal,4,1000,82.03703703703704,79.81481,79.10052490234375,81.99073791503906,wallplugs,fabric,81.99073791503906
interaction,0,sheet_metal|4|1|200,sheet_metal,4,200,82.03703703703704,79.72222,79.51719665527344,84.76851654052734,wallplugs,fruit_jelly,78.98148345947266
interaction,0,sheet_metal|4|1|500,sheet_metal,4,500,82.03703703703704,79.76852,78.82936096191406,82.87036895751953,wallplugs,fruit_jelly,77.91666412353516
interaction,0,sheet_metal|4|2|1000,sheet_metal,4,1000,84.30555555555556,81.25,80.2645492553711,82.03704071044922,wallplugs,fruit_jelly,80.69444274902344
interaction,0,sheet_metal|4|2|200,sheet_metal,4,200,84.30555555555556,75.833336,79.2724838256836,81.11111450195312,fabric,wallplugs,75.83333587646484
interaction,0,sheet_metal|4|2|500,sheet_metal,4,500,84.30555555555556,81.25,80.9193115234375,82.26851654052734,wallplugs,fabric,82.26851654052734
interaction,0,vial|-1|0|1000,vial,-1,1000,90.50340136054422,64.89796,73.56267547607422,84.38095092773438,fabric,can,78.61224365234375
interaction,0,vial|-1|0|200,vial,-1,200,90.50340136054422,75.755104,74.22740173339844,84.38095092773438,rice,can,77.19728088378906
interaction,0,vial|-1|0|500,vial,-1,500,90.50340136054422,64.081635,72.93682861328125,84.38095092773438,fabric,can,79.21088409423828
interaction,0,vial|-1|1|1000,vial,-1,1000,90.50340136054422,64.081635,72.54032897949219,84.38095092773438,fabric,can,77.93197631835938
interaction,0,vial|-1|1|200,vial,-1,200,90.50340136054422,75.94558,74.89213562011719,87.9455795288086,rice,fruit_jelly,87.9455795288086
interaction,0,vial|-1|1|500,vial,-1,500,90.50340136054422,64.87075,73.32167053222656,84.38095092773438,fabric,can,77.55101776123047
interaction,0,vial|-1|2|1000,vial,-1,1000,90.50340136054422,64.05442,73.17784118652344,84.38095092773438,fabric,can,76.89795684814453
interaction,0,vial|-1|2|200,vial,-1,200,90.50340136054422,65.17007,74.18463897705078,84.38095092773438,fabric,can,76.89795684814453
interaction,0,vial|-1|2|500,vial,-1,500,90.50340136054422,64.43537,73.47327423095703,84.38095092773438,fabric,can,80.76190185546875
interaction,0,vial|1|0|1000,vial,1,1000,66.36734693877551,52.761906,60.65305709838867,76.08163452148438,fabric,rice,61.904762268066406
interaction,0,vial|1|0|200,vial,1,200,66.36734693877551,49.877552,60.56753921508789,76.54421997070312,fabric,rice,64.16326904296875
interaction,0,vial|1|0|500,vial,1,500,66.36734693877551,52.57143,59.743438720703125,75.91836547851562,fabric,rice,64.38095092773438
interaction,0,vial|1|1|1000,vial,1,1000,63.78231292517006,49.360546,59.86005401611328,67.45578002929688,fabric,fruit_jelly,67.45578002929688
interaction,0,vial|1|1|200,vial,1,200,63.78231292517006,65.90476,62.188533782958984,79.26530456542969,rice,fruit_jelly,79.26530456542969
interaction,0,vial|1|1|500,vial,1,500,63.78231292517006,49.931973,60.99125289916992,71.9455795288086,fabric,fruit_jelly,71.9455795288086
interaction,0,vial|1|2|1000,vial,1,1000,74.34013605442176,50.72109,67.45578002929688,84.81632995605469,fabric,rice,68.38095092773438
interaction,0,vial|1|2|200,vial,1,200,74.34013605442176,53.768707,65.0301284790039,82.47618865966797,fabric,rice,67.7551040649414
interaction,0,vial|1|2|500,vial,1,500,74.34013605442176,50.340137,66.63557434082031,84.81632995605469,fabric,rice,68.54421997070312
interaction,0,vial|2|0|1000,vial,2,1000,83.5374149659864,81.74149,68.87852478027344,81.74149322509766,rice,rice,69.11564636230469
interaction,0,vial|2|0|200,vial,2,200,83.5374149659864,80.789116,69.9708480834961,81.71428680419922,rice,can,71.04762268066406
interaction,0,vial|2|0|500,vial,2,500,83.5374149659864,81.71429,68.66861724853516,81.71428680419922,rice,can,72.35374450683594
interaction,0,vial|2|1|1000,vial,2,1000,85.74149659863946,64.408165,72.25267028808594,89.55101776123047,fabric,rice,69.03401184082031
interaction,0,vial|2|1|200,vial,2,200,85.74149659863946,90.0136,74.66666412353516,90.01360321044922,rice,rice,80.19047546386719
interaction,0,vial|2|1|500,vial,2,500,85.74149659863946,64.136055,72.3304214477539,89.14286041259766,fabric,rice,70.36734771728516
interaction,0,vial|2|2|1000,vial,2,1000,88.68027210884355,62.095238,72.98348236083984,86.149658203125,fabric,rice,72.40816497802734
interaction,0,vial|2|2|200,vial,2,200,88.68027210884355,64.081635,73.0456771850586,84.2448959350586,fabric,rice,74.53060913085938
interaction,0,vial|2|2|500,vial,2,500,88.68027210884355,63.591835,72.79689025878906,86.04081726074219,fabric,rice,75.1292495727539
interaction,0,vial|4|0|1000,vial,4,1000,84.29931972789116,72.32653,76.61029815673828,85.93197631835938,fabric,can,83.72789001464844
interaction,0,vial|4|0|200,vial,4,200,84.29931972789116,83.10204,76.90184783935547,85.93197631835938,rice,can,83.04762268066406
interaction,0,vial|4|0|500,vial,4,500,84.29931972789116,84.21769,75.96501922607422,86.80271911621094,rice,fruit_jelly,86.80271911621094
interaction,0,vial|4|1|1000,vial,4,1000,83.61904761904762,62.639454,72.17103576660156,85.44217681884766,fabric,rice,70.99319458007812
interaction,0,vial|4|1|200,vial,4,200,83.61904761904762,84.62585,76.0194320678711,88.9795913696289,rice,fruit_jelly,88.9795913696289
interaction,0,vial|4|1|500,vial,4,500,83.61904761904762,62.285713,72.99125671386719,85.1700668334961,fabric,rice,75.23809814453125
interaction,0,vial|4|2|1000,vial,4,1000,95.40136054421768,66.28571,75.14091491699219,89.74149322509766,fabric,rice,73.71428680419922
interaction,0,vial|4|2|200,vial,4,200,95.40136054421768,68.4898,76.57142639160156,86.7755126953125,fabric,rice,74.28571319580078
interaction,0,vial|4|2|500,vial,4,500,95.40136054421768,67.34694,75.02819061279297,89.55101776123047,fabric,rice,74.8299331665039
interaction,0,wallplugs|-1|0|1000,wallplugs,-1,1000,42.22222222222222,51.11111,46.79364776611328,62.425926208496094,rice,fabric,60.25925827026367
interaction,0,wallplugs|-1|0|200,wallplugs,-1,200,42.22222222222222,52.148148,45.425926208496094,59.25925827026367,rice,fabric,49.61111068725586
interaction,0,wallplugs|-1|0|500,wallplugs,-1,500,42.22222222222222,51.12963,47.08465576171875,61.98147964477539,rice,fabric,60.74074172973633
interaction,0,wallplugs|-1|1|1000,wallplugs,-1,1000,42.22222222222222,51.11111,46.96825408935547,62.35185241699219,rice,fabric,59.27777862548828
interaction,0,wallplugs|-1|1|200,wallplugs,-1,200,42.22222222222222,52.444443,45.873016357421875,64.4259262084961,rice,fabric,52.574073791503906
interaction,0,wallplugs|-1|1|500,wallplugs,-1,500,42.22222222222222,51.12963,47.15079116821289,62.75925827026367,rice,walnuts,62.75925827026367
interaction,0,wallplugs|-1|2|1000,wallplugs,-1,1000,42.22222222222222,51.11111,46.5555534362793,59.24074172973633,rice,walnuts,59.24074172973633
interaction,0,wallplugs|-1|2|200,wallplugs,-1,200,42.22222222222222,51.75926,47.06613540649414,59.98147964477539,rice,fabric,48.203704833984375
interaction,0,wallplugs|-1|2|500,wallplugs,-1,500,42.22222222222222,51.11111,47.02116012573242,63.574073791503906,rice,walnuts,63.574073791503906
interaction,0,wallplugs|1|0|1000,wallplugs,1,1000,38.00000000000001,42.685184,37.80423355102539,51.61111068725586,rice,fabric,30.814815521240234
interaction,0,wallplugs|1|0|200,wallplugs,1,200,38.00000000000001,43.333332,38.912696838378906,51.55555725097656,rice,fabric,29.870370864868164
interaction,0,wallplugs|1|0|500,wallplugs,1,500,38.00000000000001,42.592594,38.391536712646484,51.425926208496094,rice,fabric,31.88888931274414
interaction,0,wallplugs|1|1|1000,wallplugs,1,1000,44.7037037037037,50.11111,45.53174591064453,60.814815521240234,rice,fabric,41.11111068725586
interaction,0,wallplugs|1|1|200,wallplugs,1,200,44.7037037037037,51.444443,47.51322555541992,61.203704833984375,rice,fabric,51.72222137451172
interaction,0,wallplugs|1|1|500,wallplugs,1,500,44.7037037037037,49.98148,46.145503997802734,61.62963104248047,rice,fabric,42.61111068725586
interaction,0,wallplugs|1|2|1000,wallplugs,1,1000,29.425925925925927,31.296297,27.67195701599121,35.87036895751953,rice,fabric,21.203702926635742
interaction,0,wallplugs|1|2|200,wallplugs,1,200,29.425925925925927,31.88889,27.846559524536133,35.77777862548828,rice,fabric,21.129629135131836
interaction,0,wallplugs|1|2|500,wallplugs,1,500,29.425925925925927,31.25926,28.396825790405273,34.092594146728516,rice,fabric,22.351852416992188
interaction,0,wallplugs|2|0|1000,wallplugs,2,1000,39.092592592592595,44.703705,42.10581588745117,49.88888931274414,rice,fabric,46.94444274902344
interaction,0,wallplugs|2|0|200,wallplugs,2,200,39.092592592592595,45.592594,42.30687713623047,48.314815521240234,rice,fabric,44.05555725097656
interaction,0,wallplugs|2|0|500,wallplugs,2,500,39.092592592592595,44.72222,42.338626861572266,50.814815521240234,rice,fabric,47.685184478759766
interaction,0,wallplugs|2|1|1000,wallplugs,2,1000,40.96296296296296,51.351852,44.53438949584961,55.46296310424805,rice,fabric,54.38888931274414
interaction,0,wallplugs|2|1|200,wallplugs,2,200,40.96296296296296,55.314816,44.54762649536133,57.88888931274414,rice,fabric,46.12963104248047
interaction,0,wallplugs|2|1|500,wallplugs,2,500,40.96296296296296,51.37037,45.02645492553711,57.87036895751953,rice,walnuts,57.87036895751953
interaction,0,wallplugs|2|2|1000,wallplugs,2,1000,41.092592592592595,45.703705,41.354496002197266,54.72222137451172,rice,fabric,37.77777862548828
interaction,0,wallplugs|2|2|200,wallplugs,2,200,41.092592592592595,45.61111,41.3783073425293,54.796295166015625,rice,fabric,31.203702926635742
interaction,0,wallplugs|2|2|500,wallplugs,2,500,41.092592592592595,45.666668,41.968257904052734,54.24074172973633,rice,fabric,39.185184478759766
interaction,0,wallplugs|4|0|1000,wallplugs,4,1000,38.40740740740741,37.092594,38.37566375732422,54.62963104248047,rice,fabric,38.62963104248047
interaction,0,wallplugs|4|0|200,wallplugs,4,200,38.40740740740741,36.75926,38.07936477661133,52.16666793823242,rice,fabric,34.703704833984375
interaction,0,wallplugs|4|0|500,wallplugs,4,500,38.40740740740741,37.092594,38.843910217285156,53.296295166015625,rice,fabric,41.074073791503906
interaction,0,wallplugs|4|1|1000,wallplugs,4,1000,42.50000000000001,43.185184,44.3862419128418,60.24074172973633,rice,fabric,49.61111068725586
interaction,0,wallplugs|4|1|200,wallplugs,4,200,42.50000000000001,43.925926,45.02116012573242,62.11111068725586,rice,fabric,51.83333206176758
interaction,0,wallplugs|4|1|500,wallplugs,4,500,42.50000000000001,43.11111,44.29629898071289,60.22222137451172,rice,fabric,52.203704833984375
interaction,0,wallplugs|4|2|1000,wallplugs,4,1000,40.37037037037037,50.166668,44.1058235168457,55.22222137451172,rice,fabric,49.407405853271484
interaction,0,wallplugs|4|2|200,wallplugs,4,200,40.37037037037037,52.75926,44.63756561279297,53.203704833984375,rice,fabric,41.96296310424805
interaction,0,wallplugs|4|2|500,wallplugs,4,500,40.37037037037037,50.092594,44.703704833984375,54.703704833984375,rice,fabric,54.314815521240234
interaction,0,walnuts|-1|0|1000,walnuts,-1,1000,78.74074074074075,56.851852,63.751319885253906,87.48148345947266,fabric,can,
interaction,0,walnuts|-1|0|200,walnuts,-1,200,78.74074074074075,92.296295,66.95502471923828,92.29629516601562,vial,vial,
interaction,0,walnuts|-1|0|500,walnuts,-1,500,78.74074074074075,67.0,63.465606689453125,87.48148345947266,vial,can,
interaction,0,walnuts|-1|1|1000,walnuts,-1,1000,78.74074074074075,57.444443,63.93386459350586,87.48148345947266,fabric,can,
interaction,0,walnuts|-1|1|200,walnuts,-1,200,78.74074074074075,62.01852,67.71428680419922,87.48148345947266,fabric,can,
interaction,0,walnuts|-1|1|500,walnuts,-1,500,78.74074074074075,57.166668,64.84127044677734,87.48148345947266,fabric,can,
interaction,0,walnuts|-1|2|1000,walnuts,-1,1000,78.74074074074075,58.27778,63.84127426147461,87.48148345947266,fabric,can,
interaction,0,walnuts|-1|2|200,walnuts,-1,200,78.74074074074075,65.96296,67.29894256591797,87.48148345947266,fabric,can,
interaction,0,walnuts|-1|2|500,walnuts,-1,500,78.74074074074075,69.51852,65.4338607788086,87.48148345947266,fabric,can,
interaction,0,walnuts|1|0|1000,walnuts,1,1000,75.90740740740742,71.388885,71.00264739990234,85.12963104248047,fabric,can,
interaction,0,walnuts|1|0|200,walnuts,1,200,75.90740740740742,87.51852,72.31217193603516,87.51851654052734,vial,vial,
interaction,0,walnuts|1|0|500,walnuts,1,500,75.90740740740742,76.40741,70.81745910644531,85.12963104248047,vial,can,
interaction,0,walnuts|1|1|1000,walnuts,1,1000,80.81481481481482,77.55556,78.43915557861328,89.68518829345703,fabric,can,
interaction,0,walnuts|1|1|200,walnuts,1,200,80.81481481481482,80.81481,79.52909851074219,89.68518829345703,fabric,can,
interaction,0,walnuts|1|1|500,walnuts,1,500,80.81481481481482,76.203705,78.21693420410156,89.68518829345703,fabric,can,
interaction,0,walnuts|1|2|1000,walnuts,1,1000,76.0925925925926,67.12963,68.45503234863281,88.79629516601562,vial,can,
interaction,0,walnuts|1|2|200,walnuts,1,200,76.0925925925926,79.03704,70.46031951904297,88.79629516601562,vial,can,
interaction,0,walnuts|1|2|500,walnuts,1,500,76.0925925925926,78.37037,71.0899429321289,88.79629516601562,vial,can,
interaction,0,walnuts|2|0|1000,walnuts,2,1000,79.14814814814815,79.5,79.39683532714844,89.31481170654297,fabric,can,
interaction,0,walnuts|2|0|200,walnuts,2,200,79.14814814814815,90.18519,79.4920654296875,90.18518829345703,vial,vial,
interaction,0,walnuts|2|0|500,walnuts,2,500,79.14814814814815,85.40741,79.06084442138672,89.31481170654297,vial,can,
interaction,0,walnuts|2|1|1000,walnuts,2,1000,75.81481481481481,64.203705,69.0873031616211,85.66666412353516,fabric,can,
interaction,0,walnuts|2|1|200,walnuts,2,200,75.81481481481481,71.25926,71.02910614013672,85.66666412353516,fabric,can,
interaction,0,walnuts|2|1|500,walnuts,2,500,75.81481481481481,62.703705,69.14286041259766,85.66666412353516,fabric,can,
interaction,0,walnuts|2|2|1000,walnuts,2,1000,73.74074074074075,61.962963,59.79629898071289,86.33333587646484,rice,can,
interaction,0,walnuts|2|2|200,walnuts,2,200,73.74074074074075,62.796295,63.05820083618164,86.33333587646484,fabric,can,
interaction,0,walnuts|2|2|500,walnuts,2,500,73.74074074074075,61.25926,61.86243438720703,86.33333587646484,rice,can,
interaction,0,walnuts|4|0|1000,walnuts,4,1000,75.81481481481481,63.0,67.13492584228516,87.03704071044922,fabric,can,
interaction,0,walnuts|4|0|200,walnuts,4,200,75.81481481481481,88.81481,70.50000762939453,88.81481170654297,vial,vial,
interaction,0,walnuts|4|0|500,walnuts,4,500,75.81481481481481,66.18519,67.23015594482422,87.03704071044922,fabric,can,
interaction,0,walnuts|4|1|1000,walnuts,4,1000,76.68518518518518,58.425926,67.74073791503906,85.87036895751953,fabric,can,
interaction,0,walnuts|4|1|200,walnuts,4,200,76.68518518518518,72.92593,70.87830352783203,85.87036895751953,fabric,can,
interaction,0,walnuts|4|1|500,walnuts,4,500,76.68518518518518,59.648148,68.46031951904297,85.87036895751953,fabric,can,
interaction,0,walnuts|4|2|1000,walnuts,4,1000,76.55555555555556,67.5,70.84127044677734,86.85185241699219,fabric,can,
interaction,0,walnuts|4|2|200,walnuts,4,200,76.55555555555556,75.12963,73.69576263427734,86.85185241699219,fabric,can,
interaction,0,walnuts|4|2|500,walnuts,4,500,76.55555555555556,78.81481,71.4047622680664,86.85185241699219,fabric,can,
interaction,1,can|-1|0|1000,can,-1,1000,52.26851851851851,43.67284,44.81922149658203,50.8487663269043,sheet_metal,fabric,40.74074172973633
interaction,1,can|-1|0|200,can,-1,200,52.26851851851851,48.919754,46.016319274902344,50.38580322265625,fabric,vial,40.061729431152344
interaction,1,can|-1|0|500,can,-1,500,52.26851851851851,45.046295,45.17636489868164,49.567901611328125,sheet_metal,fabric,38.76543045043945
interaction,1,can|-1|1|1000,can,-1,1000,52.26851851851851,50.97222,45.3262825012207,50.97222137451172,fabric,fabric,40.0
interaction,1,can|-1|1|200,can,-1,200,52.26851851851851,51.635803,43.51852035522461,51.63580322265625,fabric,fabric,40.8487663269043
interaction,1,can|-1|1|500,can,-1,500,52.26851851851851,50.07716,45.244712829589844,50.0771598815918,fabric,fabric,41.820987701416016
interaction,1,can|-1|2|1000,can,-1,1000,52.26851851851851,45.771606,45.17636489868164,50.89506149291992,sheet_metal,fabric,40.061729431152344
interaction,1,can|-1|2|200,can,-1,200,52.26851851851851,50.13889,45.32627487182617,50.13888931274414,sheet_metal,sheet_metal,37.37654495239258
interaction,1,can|-1|2|500,can,-1,500,52.26851851851851,51.99074,46.197086334228516,51.99074172973633,fabric,fabric,40.35493850708008
interaction,1,can|1|0|1000,can,1,1000,44.87654320987654,44.429012,46.809967041015625,50.293209075927734,sheet_metal,fabric,45.4012336730957
interaction,1,can|1|0|200,can,1,200,44.87654320987654,44.243828,46.70634078979492,48.8271598815918,sheet_metal,fabric,45.447532653808594
interaction,1,can|1|0|500,can,1,500,44.87654320987654,44.41358,46.682098388671875,49.72222137451172,sheet_metal,fabric,46.188270568847656
interaction,1,can|1|1|1000,can,1,1000,45.956790123456784,49.197533,46.598323822021484,49.24382781982422,fabric,vial,45.52469253540039
interaction,1,can|1|1|200,can,1,200,45.956790123456784,46.419754,46.77910232543945,49.33641815185547,sheet_metal,fabric,45.26234436035156
interaction,1,can|1|1|500,can,1,500,45.956790123456784,46.574074,47.039241790771484,49.62963104248047,sheet_metal,fabric,45.69444274902344
interaction,1,can|1|2|1000,can,1,1000,36.60493827160494,41.898148,39.678131103515625,42.5771598815918,sheet_metal,fruit_jelly,42.5771598815918
interaction,1,can|1|2|200,can,1,200,36.60493827160494,33.040123,38.47442626953125,41.77469253540039,sheet_metal,fruit_jelly,41.77469253540039
interaction,1,can|1|2|500,can,1,500,36.60493827160494,42.5,39.42019271850586,42.5,sheet_metal,sheet_metal,42.345680236816406
interaction,1,can|2|0|1000,can,2,1000,34.876543209876544,45.478394,41.64020919799805,45.4783935546875,sheet_metal,sheet_metal,43.91975402832031
interaction,1,can|2|0|200,can,2,200,34.876543209876544,49.49074,42.40520477294922,49.49074172973633,sheet_metal,sheet_metal,44.61419677734375
interaction,1,can|2|0|500,can,2,500,34.876543209876544,47.083332,41.90696334838867,47.08333206176758,sheet_metal,sheet_metal,44.72222137451172
interaction,1,can|2|1|1000,can,2,1000,41.373456790123456,50.632717,43.15696334838867,50.63271713256836,fabric,fabric,40.30864334106445
interaction,1,can|2|1|200,can,2,200,41.373456790123456,50.941357,43.85581588745117,50.94135665893555,fabric,fabric,42.407405853271484
interaction,1,can|2|1|500,can,2,500,41.373456790123456,50.246914,43.62213134765625,50.24691390991211,fabric,fabric,40.49382781982422
interaction,1,can|2|2|1000,can,2,1000,35.84876543209876,49.459877,41.51234817504883,49.459877014160156,sheet_metal,sheet_metal,39.86111068725586
interaction,1,can|2|2|200,can,2,200,35.84876543209876,47.77778,41.31393051147461,47.77777862548828,sheet_metal,sheet_metal,38.950618743896484
interaction,1,can|2|2|500,can,2,500,35.84876543209876,39.583332,40.471778869628906,46.311729431152344,fabric,walnuts,39.61419677734375
interaction,1,can|4|0|1000,can,4,1000,34.5679012345679,39.274693,37.235450744628906,42.561729431152344,sheet_metal,wallplugs,33.05555725097656
interaction,1,can|4|0|200,can,4,200,34.5679012345679,40.27778,38.15917205810547,44.41358184814453,fabric,sheet_metal,35.7716064453125
interaction,1,can|4|0|500,can,4,500,34.5679012345679,42.808643,37.62565994262695,42.80864334106445,sheet_metal,sheet_metal,32.76234436035156
interaction,1,can|4|1|1000,can,4,1000,44.675925925925924,50.23148,46.62036895751953,50.23147964477539,fabric,fabric,40.74074172973633
interaction,1,can|4|1|200,can,4,200,44.675925925925924,51.01852,46.790122985839844,51.01852035522461,fabric,fabric,43.842594146728516
interaction,1,can|4|1|500,can,4,500,44.675925925925924,43.95062,46.53659439086914,50.03086471557617,sheet_metal,wallplugs,41.26543045043945
interaction,1,can|4|2|1000,can,4,1000,47.916666666666664,48.00926,49.005733489990234,52.03703689575195,sheet_metal,fabric,48.62654495239258
interaction,1,can|4|2|200,can,4,200,47.916666666666664,47.669754,49.27028274536133,52.77777862548828,sheet_metal,vial,48.22530746459961
interaction,1,can|4|2|500,can,4,500,47.916666666666664,51.959877,48.913143157958984,51.959877014160156,fabric,fabric,47.453704833984375
interaction,1,fabric|-1|0|1000,fabric,-1,1000,56.313131313131315,60.639732,53.99711990356445,66.68350219726562,walnuts,fruit_jelly,
interaction,1,fabric|-1|0|200,fabric,-1,200,56.313131313131315,66.127945,53.403076171875,66.12794494628906,walnuts,walnuts,
interaction,1,fabric|-1|0|500,fabric,-1,500,56.313131313131315,64.225586,54.02356719970703,66.919189453125,walnuts,fruit_jelly,
interaction,1,fabric|-1|1|1000,fabric,-1,1000,56.313131313131315,59.713806,53.593074798583984,66.07743835449219,walnuts,fruit_jelly,
interaction,1,fabric|-1|1|200,fabric,-1,200,56.313131313131315,57.962963,53.015869140625,67.47474670410156,walnuts,fruit_jelly,
interaction,1,fabric|-1|1|500,fabric,-1,500,56.313131313131315,53.38384,52.0322265625,64.71380615234375,walnuts,fruit_jelly,
interaction,1,fabric|-1|2|1000,fabric,-1,1000,56.313131313131315,61.98653,53.90091323852539,64.94949340820312,walnuts,fruit_jelly,
interaction,1,fabric|-1|2|200,fabric,-1,200,56.313131313131315,49.276093,53.102455139160156,77.03704071044922,walnuts,sheet_metal,
interaction,1,fabric|-1|2|500,fabric,-1,500,56.313131313131315,51.666668,52.22222137451172,67.20539093017578,walnuts,fruit_jelly,
interaction,1,fabric|1|0|1000,fabric,1,1000,30.85858585858585,45.03367,37.97739028930664,48.38383865356445,walnuts,sheet_metal,
interaction,1,fabric|1|0|200,fabric,1,200,30.85858585858585,51.296295,37.79220962524414,51.296295166015625,walnuts,walnuts,
interaction,1,fabric|1|0|500,fabric,1,500,30.85858585858585,46.83502,38.89850997924805,49.91582489013672,walnuts,sheet_metal,
interaction,1,fabric|1|1|1000,fabric,1,1000,64.79797979797979,60.454544,58.18181610107422,72.82828521728516,walnuts,fruit_jelly,
interaction,1,fabric|1|1|200,fabric,1,200,64.79797979797979,63.131313,57.8379020690918,68.98989868164062,walnuts,fruit_jelly,
interaction,1,fabric|1|1|500,fabric,1,500,64.79797979797979,59.680134,57.53006362915039,71.8855209350586,walnuts,fruit_jelly,
interaction,1,fabric|1|2|1000,fabric,1,1000,46.666666666666664,56.11111,49.46127700805664,59.17508316040039,walnuts,fruit_jelly,
interaction,1,fabric|1|2|200,fabric,1,200,46.666666666666664,50.387207,47.522850036621094,57.25589370727539,walnuts,fruit_jelly,
interaction,1,fabric|1|2|500,fabric,1,500,46.666666666666664,54.006733,49.528621673583984,62.3232307434082,walnuts,fruit_jelly,
interaction,1,fabric|2|0|1000,fabric,2,1000,68.70370370370371,67.55892,61.22895431518555,69.86531829833984,walnuts,sheet_metal,
interaction,1,fabric|2|0|200,fabric,2,200,68.70370370370371,71.632996,60.038482666015625,71.63299560546875,walnuts,walnuts,
interaction,1,fabric|2|0|500,fabric,2,500,68.70370370370371,68.95623,60.50745391845703,68.95623016357422,walnuts,walnuts,
interaction,1,fabric|2|1|1000,fabric,2,1000,47.222222222222214,51.582493,47.57094955444336,58.33333206176758,walnuts,fruit_jelly,
interaction,1,fabric|2|1|200,fabric,2,200,47.222222222222214,46.363636,45.45935821533203,54.79798126220703,walnuts,fruit_jelly,
interaction,1,fabric|2|1|500,fabric,2,500,47.222222222222214,50.824917,46.7652702331543,57.306396484375,walnuts,sheet_metal,
interaction,1,fabric|2|2|1000,fabric,2,1000,57.0875420875421,66.0101,56.835018157958984,69.49494934082031,walnuts,fruit_jelly,
interaction,1,fabric|2|2|200,fabric,2,200,57.0875420875421,55.303032,55.182777404785156,68.33333587646484,walnuts,fruit_jelly,
interaction,1,fabric|2|2|500,fabric,2,500,57.0875420875421,59.814816,55.80086898803711,71.02693939208984,walnuts,fruit_jelly,
interaction,1,fabric|4|0|1000,fabric,4,1000,57.71043771043771,57.55892,55.66858673095703,70.90908813476562,walnuts,fruit_jelly,
interaction,1,fabric|4|0|200,fabric,4,200,57.71043771043771,67.491585,55.603660583496094,67.49158477783203,walnuts,walnuts,
interaction,1,fabric|4|0|500,fabric,4,500,57.71043771043771,64.49495,57.00095748901367,70.37036895751953,walnuts,fruit_jelly,
interaction,1,fabric|4|1|1000,fabric,4,1000,49.62962962962963,58.88889,52.467533111572266,66.11111450195312,walnuts,fruit_jelly,
interaction,1,fabric|4|1|200,fabric,4,200,49.62962962962963,55.16835,51.45502471923828,62.84511947631836,walnuts,fruit_jelly,
interaction,1,fabric|4|1|500,fabric,4,500,49.62962962962963,53.78788,51.4911003112793,64.30976104736328,walnuts,fruit_jelly,
interaction,1,fabric|4|2|1000,fabric,4,1000,55.40404040404041,60.387207,54.1462287902832,66.80134582519531,walnuts,fruit_jelly,
interaction,1,fabric|4|2|200,fabric,4,200,55.40404040404041,51.094276,53.2732048034668,69.24242401123047,walnuts,sheet_metal,
interaction,1,fabric|4|2|500,fabric,4,500,55.40404040404041,53.35017,52.602210998535156,67.8787841796875,walnuts,fruit_jelly,
interaction,1,fruit_jelly|-1|0|1000,fruit_jelly,-1,1000,86.58333333333333,77.916664,69.6190414428711,80.91666412353516,fabric,rice,
interaction,1,fruit_jelly|-1|0|200,fruit_jelly,-1,200,86.58333333333333,76.333336,67.72618865966797,80.83333587646484,fabric,rice,
interaction,1,fruit_jelly|-1|0|500,fruit_jelly,-1,500,86.58333333333333,79.0,69.38095092773438,80.91666412353516,fabric,rice,
interaction,1,fruit_jelly|-1|1|1000,fruit_jelly,-1,1000,86.58333333333333,78.25,69.23809051513672,80.91666412353516,fabric,rice,
interaction,1,fruit_jelly|-1|1|200,fruit_jelly,-1,200,86.58333333333333,80.5,70.55953216552734,83.58333587646484,fabric,rice,
interaction,1,fruit_jelly|-1|1|500,fruit_jelly,-1,500,86.58333333333333,78.166664,69.57142639160156,80.16666412353516,fabric,rice,
interaction,1,fruit_jelly|-1|2|1000,fruit_jelly,-1,1000,86.58333333333333,77.916664,69.34523010253906,80.91666412353516,fabric,rice,
interaction,1,fruit_jelly|-1|2|200,fruit_jelly,-1,200,86.58333333333333,83.416664,75.73809814453125,83.41666412353516,sheet_metal,sheet_metal,
interaction,1,fruit_jelly|-1|2|500,fruit_jelly,-1,500,86.58333333333333,76.666664,68.25,80.75,fabric,rice,
interaction,1,fruit_jelly|1|0|1000,fruit_jelly,1,1000,73.16666666666666,64.916664,63.36904525756836,69.0,sheet_metal,wallplugs,
interaction,1,fruit_jelly|1|0|200,fruit_jelly,1,200,73.16666666666666,63.0,62.36904525756836,69.41666412353516,sheet_metal,wallplugs,
interaction,1,fruit_jelly|1|0|500,fruit_jelly,1,500,73.16666666666666,65.166664,63.75,69.33333587646484,sheet_metal,walnuts,
interaction,1,fruit_jelly|1|1|1000,fruit_jelly,1,1000,85.91666666666666,76.333336,73.73809051513672,79.33333587646484,fabric,walnuts,
interaction,1,fruit_jelly|1|1|200,fruit_jelly,1,200,85.91666666666666,74.166664,73.96428680419922,81.16666412353516,fabric,walnuts,
interaction,1,fruit_jelly|1|1|500,fruit_jelly,1,500,85.91666666666666,76.5,73.91666412353516,80.41666412353516,fabric,vial,
interaction,1,fruit_jelly|1|2|1000,fruit_jelly,1,1000,84.58333333333331,76.833336,77.8452377319336,84.41666412353516,sheet_metal,wallplugs,
interaction,1,fruit_jelly|1|2|200,fruit_jelly,1,200,84.58333333333331,81.583336,80.19048309326172,85.33333587646484,sheet_metal,walnuts,
interaction,1,fruit_jelly|1|2|500,fruit_jelly,1,500,84.58333333333331,76.583336,77.75,84.41666412353516,sheet_metal,wallplugs,
interaction,1,fruit_jelly|2|0|1000,fruit_jelly,2,1000,81.16666666666667,72.0,65.89286041259766,72.0,fabric,fabric,
interaction,1,fruit_jelly|2|0|200,fruit_jelly,2,200,81.16666666666667,64.833336,64.64286041259766,70.5,sheet_metal,fabric,
interaction,1,fruit_jelly|2|0|500,fruit_jelly,2,500,81.16666666666667,72.166664,65.69047546386719,72.16666412353516,fabric,fabric,
interaction,1,fruit_jelly|2|1|1000,fruit_jelly,2,1000,81.58333333333333,75.416664,67.03571319580078,75.41666412353516,fabric,fabric,
interaction,1,fruit_jelly|2|1|200,fruit_jelly,2,200,81.58333333333333,76.083336,66.89286041259766,76.08333587646484,fabric,fabric,
interaction,1,fruit_jelly|2|1|500,fruit_jelly,2,500,81.58333333333333,76.666664,67.58333587646484,76.66666412353516,fabric,fabric,
interaction,1,fruit_jelly|2|2|1000,fruit_jelly,2,1000,78.41666666666667,61.583332,67.04762268066406,77.08333587646484,sheet_metal,fabric,
interaction,1,fruit_jelly|2|2|200,fruit_jelly,2,200,78.41666666666667,73.583336,69.0952377319336,74.16666412353516,sheet_metal,fabric,
interaction,1,fruit_jelly|2|2|500,fruit_jelly,2,500,78.41666666666667,61.0,66.72618865966797,75.41666412353516,sheet_metal,fabric,
interaction,1,fruit_jelly|4|0|1000,fruit_jelly,4,1000,78.83333333333333,75.75,67.63095092773438,75.75,fabric,fabric,
interaction,1,fruit_jelly|4|0|200,fruit_jelly,4,200,78.83333333333333,59.583332,64.6547622680664,73.5,sheet_metal,rice,
interaction,1,fruit_jelly|4|0|500,fruit_jelly,4,500,78.83333333333333,61.5,67.70237731933594,76.58333587646484,sheet_metal,fabric,
interaction,1,fruit_jelly|4|1|1000,fruit_jelly,4,1000,86.75,78.583336,72.0952377319336,79.83333587646484,fabric,rice,
interaction,1,fruit_jelly|4|1|200,fruit_jelly,4,200,86.75,80.75,73.57142639160156,82.41666412353516,fabric,walnuts,
interaction,1,fruit_jelly|4|1|500,fruit_jelly,4,500,86.75,78.166664,72.32142639160156,79.41666412353516,fabric,rice,
interaction,1,fruit_jelly|4|2|1000,fruit_jelly,4,1000,88.08333333333333,77.333336,71.92857360839844,77.33333587646484,fabric,fabric,
interaction,1,fruit_jelly|4|2|200,fruit_jelly,4,200,88.08333333333333,75.833336,75.39286041259766,80.83333587646484,sheet_metal,rice,
interaction,1,fruit_jelly|4|2|500,fruit_jelly,4,500,88.08333333333333,75.166664,71.09523010253906,77.25,fabric,rice,
interaction,1,rice|-1|0|1000,rice,-1,1000,80.74074074074075,63.67725,63.711265563964844,70.661376953125,vial,walnuts,
interaction,1,rice|-1|0|200,rice,-1,200,80.74074074074075,60.68783,59.693878173828125,71.08465576171875,walnuts,wallplugs,
interaction,1,rice|-1|0|500,rice,-1,500,80.74074074074075,59.73545,62.248680114746094,68.38624572753906,vial,fabric,
interaction,1,rice|-1|1|1000,rice,-1,1000,80.74074074074075,62.142857,63.31443405151367,70.87301635742188,vial,walnuts,
interaction,1,rice|-1|1|200,rice,-1,200,80.74074074074075,55.582012,61.60997772216797,67.08995056152344,walnuts,can,
interaction,1,rice|-1|1|500,rice,-1,500,80.74074074074075,64.86772,63.722599029541016,71.9047622680664,vial,walnuts,
interaction,1,rice|-1|2|1000,rice,-1,1000,80.74074074074075,69.25926,63.824642181396484,71.48148345947266,vial,walnuts,
interaction,1,rice|-1|2|200,rice,-1,200,80.74074074074075,65.37037,67.82312774658203,69.78836059570312,walnuts,sheet_metal,
interaction,1,rice|-1|2|500,rice,-1,500,80.74074074074075,61.455025,62.4527587890625,68.62433624267578,vial,walnuts,
interaction,1,rice|1|0|1000,rice,1,1000,86.74603174603175,69.97354,70.18518829345703,78.99470520019531,vial,walnuts,
interaction,1,rice|1|0|200,rice,1,200,86.74603174603175,79.57672,68.90022277832031,79.57672119140625,walnuts,walnuts,
interaction,1,rice|1|0|500,rice,1,500,86.74603174603175,77.16931,70.16250610351562,77.1693115234375,walnuts,walnuts,
interaction,1,rice|1|1|1000,rice,1,1000,78.4920634920635,65.47619,68.61678314208984,75.63491821289062,vial,wallplugs,
interaction,1,rice|1|1|200,rice,1,200,78.4920634920635,66.137566,68.26152801513672,74.97354125976562,walnuts,wallplugs,
interaction,1,rice|1|1|500,rice,1,500,78.4920634920635,73.4127,69.78079986572266,75.63491821289062,walnuts,wallplugs,
interaction,1,rice|1|2|1000,rice,1,1000,77.93650793650795,75.58201,72.21466064453125,79.89418029785156,vial,can,
interaction,1,rice|1|2|200,rice,1,200,77.93650793650795,71.93121,75.31745910644531,79.89418029785156,vial,can,
interaction,1,rice|1|2|500,rice,1,500,77.93650793650795,64.2328,70.23809051513672,79.89418029785156,vial,can,
interaction,1,rice|2|0|1000,rice,2,1000,78.94179894179894,65.63492,70.10960388183594,76.71957397460938,vial,wallplugs,
interaction,1,rice|2|0|200,rice,2,200,78.94179894179894,73.994705,67.03325653076172,77.08995056152344,walnuts,wallplugs,
interaction,1,rice|2|0|500,rice,2,500,78.94179894179894,65.39683,69.24036407470703,76.71957397460938,vial,wallplugs,
interaction,1,rice|2|1|1000,rice,2,1000,72.91005291005293,64.94709,64.30082702636719,73.25396728515625,vial,fabric,
interaction,1,rice|2|1|200,rice,2,200,72.91005291005293,63.148148,63.85109329223633,77.01058197021484,walnuts,fabric,
interaction,1,rice|2|1|500,rice,2,500,72.91005291005293,66.90476,64.84883117675781,77.01058197021484,vial,fabric,
interaction,1,rice|2|2|1000,rice,2,1000,76.79894179894181,70.26455,69.47845458984375,73.86243438720703,vial,wallplugs,
interaction,1,rice|2|2|200,rice,2,200,76.79894179894181,67.59259,72.0521469116211,78.4920654296875,walnuts,sheet_metal,
interaction,1,rice|2|2|500,rice,2,500,76.79894179894181,63.49206,68.14058685302734,73.86243438720703,vial,wallplugs,
interaction,1,rice|4|0|1000,rice,4,1000,79.62962962962963,68.280426,69.42932891845703,77.08995056152344,vial,walnuts,
interaction,1,rice|4|0|200,rice,4,200,79.62962962962963,69.39153,65.69917297363281,74.68254089355469,walnuts,can,
interaction,1,rice|4|0|500,rice,4,500,79.62962962962963,65.5291,67.9062728881836,76.93121337890625,vial,fabric,
interaction,1,rice|4|1|1000,rice,4,1000,79.31216931216932,65.10582,66.29630279541016,74.20635223388672,vial,walnuts,
interaction,1,rice|4|1|200,rice,4,200,79.31216931216932,66.269844,65.60846710205078,70.02645874023438,walnuts,wallplugs,
interaction,1,rice|4|1|500,rice,4,500,79.31216931216932,73.650795,66.88208770751953,73.65079498291016,walnuts,walnuts,
interaction,1,rice|4|2|1000,rice,4,1000,78.17460317460319,68.30688,65.10581970214844,69.94709014892578,vial,can,
interaction,1,rice|4|2|200,rice,4,200,78.17460317460319,66.69312,69.44444274902344,77.96295928955078,walnuts,sheet_metal,
interaction,1,rice|4|2|500,rice,4,500,78.17460317460319,63.67725,64.46712493896484,69.94709014892578,vial,can,
interaction,1,sheet_metal|-1|0|1000,sheet_metal,-1,1000,83.47222222222221,79.81481,80.30423736572266,83.98148345947266,walnuts,fruit_jelly,79.12036895751953
interaction,1,sheet_metal|-1|0|200,sheet_metal,-1,200,83.47222222222221,80.74074,79.65608215332031,86.99073791503906,walnuts,fruit_jelly,76.66666412353516
interaction,1,sheet_metal|-1|0|500,sheet_metal,-1,500,83.47222222222221,79.44444,79.70238494873047,84.95370483398438,walnuts,fruit_jelly,79.35185241699219
interaction,1,sheet_metal|-1|1|1000,sheet_metal,-1,1000,83.47222222222221,78.796295,80.33729553222656,83.14814758300781,walnuts,fruit_jelly,81.94444274902344
interaction,1,sheet_metal|-1|1|200,sheet_metal,-1,200,83.47222222222221,78.93519,80.7275161743164,87.91666412353516,walnuts,fruit_jelly,78.00926208496094
interaction,1,sheet_metal|-1|1|500,sheet_metal,-1,500,83.47222222222221,81.25,80.02645111083984,86.52777862548828,walnuts,fruit_jelly,76.25
interaction,1,sheet_metal|-1|2|1000,sheet_metal,-1,1000,83.47222222222221,80.09259,79.75529479980469,83.93518829345703,walnuts,fruit_jelly,78.33333587646484
interaction,1,sheet_metal|-1|2|200,sheet_metal,-1,200,83.47222222222221,78.333336,78.76322937011719,82.63888549804688,walnuts,fruit_jelly,72.40740966796875
interaction,1,sheet_metal|-1|2|500,sheet_metal,-1,500,83.47222222222221,80.97222,80.41666412353516,82.5,walnuts,fruit_jelly,80.46295928955078
interaction,1,sheet_metal|1|0|1000,sheet_metal,1,1000,85.27777777777777,81.80556,82.32804870605469,85.87963104248047,walnuts,fruit_jelly,81.15740966796875
interaction,1,sheet_metal|1|0|200,sheet_metal,1,200,85.27777777777777,81.71296,81.5806884765625,87.26851654052734,walnuts,fruit_jelly,79.44444274902344
interaction,1,sheet_metal|1|0|500,sheet_metal,1,500,85.27777777777777,81.80556,81.81217193603516,86.43518829345703,walnuts,fruit_jelly,81.20370483398438
interaction,1,sheet_metal|1|1|1000,sheet_metal,1,1000,80.55555555555556,76.203705,78.63094329833984,81.62036895751953,walnuts,wallplugs,80.18518829345703
interaction,1,sheet_metal|1|1|200,sheet_metal,1,200,80.55555555555556,74.861115,79.5502700805664,82.40740966796875,walnuts,fruit_jelly,78.4259262084961
interaction,1,sheet_metal|1|1|500,sheet_metal,1,500,80.55555555555556,78.51852,78.71692657470703,81.62036895751953,walnuts,wallplugs,76.89814758300781
interaction,1,sheet_metal|1|2|1000,sheet_metal,1,1000,82.5462962962963,76.85185,79.338623046875,82.45370483398438,walnuts,fruit_jelly,81.43518829345703
interaction,1,sheet_metal|1|2|200,sheet_metal,1,200,82.5462962962963,76.57407,78.5383529663086,81.38888549804688,walnuts,fruit_jelly,77.59259033203125
interaction,1,sheet_metal|1|2|500,sheet_metal,1,500,82.5462962962963,78.56481,80.27777862548828,83.65740966796875,walnuts,fabric,83.65740966796875
interaction,1,sheet_metal|2|0|1000,sheet_metal,2,1000,85.64814814814817,80.0,82.2420654296875,84.90740966796875,walnuts,fruit_jelly,80.74073791503906
interaction,1,sheet_metal|2|0|200,sheet_metal,2,200,85.64814814814817,81.388885,81.89813995361328,87.40740966796875,walnuts,fruit_jelly,78.4259262084961
interaction,1,sheet_metal|2|0|500,sheet_metal,2,500,85.64814814814817,80.32407,81.88492584228516,86.29629516601562,walnuts,fruit_jelly,80.3240737915039
interaction,1,sheet_metal|2|1|1000,sheet_metal,2,1000,85.83333333333334,80.46296,82.69841003417969,86.01851654052734,walnuts,can,81.01851654052734
interaction,1,sheet_metal|2|1|200,sheet_metal,2,200,85.83333333333334,82.17593,82.81745910644531,87.36111450195312,walnuts,fruit_jelly,77.68518829345703
interaction,1,sheet_metal|2|1|500,sheet_metal,2,500,85.83333333333334,82.73148,82.14946746826172,86.01851654052734,walnuts,can,76.62036895751953
interaction,1,sheet_metal|2|2|1000,sheet_metal,2,1000,84.16666666666667,77.083336,80.03968048095703,83.24073791503906,walnuts,fruit_jelly,76.85185241699219
interaction,1,sheet_metal|2|2|200,sheet_metal,2,200,84.16666666666667,76.71296,79.31878662109375,83.00926208496094,walnuts,can,75.37036895751953
interaction,1,sheet_metal|2|2|500,sheet_metal,2,500,84.16666666666667,78.611115,81.15740203857422,83.00926208496094,walnuts,can,80.60185241699219
interaction,1,sheet_metal|4|0|1000,sheet_metal,4,1000,83.8888888888889,80.18519,81.1044921875,83.88888549804688,walnuts,fruit_jelly,78.4259262084961
interaction,1,sheet_metal|4|0|200,sheet_metal,4,200,83.8888888888889,79.39815,80.35052490234375,85.83333587646484,walnuts,fruit_jelly,76.89814758300781
interaction,1,sheet_metal|4|0|500,sheet_metal,4,500,83.8888888888889,80.046295,80.81349182128906,85.09259033203125,walnuts,fruit_jelly,78.98148345947266
interaction,1,sheet_metal|4|1|1000,sheet_metal,4,1000,82.03703703703704,77.26852,79.10052490234375,81.99073791503906,walnuts,fabric,81.99073791503906
interaction,1,sheet_metal|4|1|200,sheet_metal,4,200,82.03703703703704,77.68519,79.51719665527344,84.76851654052734,walnuts,fruit_jelly,78.98148345947266
interaction,1,sheet_metal|4|1|500,sheet_metal,4,500,82.03703703703704,78.98148,78.82936096191406,82.87036895751953,walnuts,fruit_jelly,77.91666412353516
interaction,1,sheet_metal|4|2|1000,sheet_metal,4,1000,84.30555555555556,80.78704,80.2645492553711,82.03704071044922,walnuts,fruit_jelly,80.69444274902344
interaction,1,sheet_metal|4|2|200,sheet_metal,4,200,84.30555555555556,79.07407,79.2724838256836,81.11111450195312,walnuts,wallplugs,75.83333587646484
interaction,1,sheet_metal|4|2|500,sheet_metal,4,500,84.30555555555556,81.388885,80.9193115234375,82.26851654052734,walnuts,fabric,82.26851654052734
interaction,1,vial|-1|0|1000,vial,-1,1000,90.50340136054422,64.57143,73.56267547607422,84.38095092773438,sheet_metal,can,78.61224365234375
interaction,1,vial|-1|0|200,vial,-1,200,90.50340136054422,62.857143,74.22740173339844,84.38095092773438,sheet_metal,can,77.19728088378906
interaction,1,vial|-1|0|500,vial,-1,500,90.50340136054422,64.57143,72.93682861328125,84.38095092773438,sheet_metal,can,79.21088409423828
interaction,1,vial|-1|1|1000,vial,-1,1000,90.50340136054422,64.89796,72.54032897949219,84.38095092773438,sheet_metal,can,77.93197631835938
interaction,1,vial|-1|1|200,vial,-1,200,90.50340136054422,64.680275,74.89213562011719,87.9455795288086,sheet_metal,fruit_jelly,87.9455795288086
interaction,1,vial|-1|1|500,vial,-1,500,90.50340136054422,65.74149,73.32167053222656,84.38095092773438,sheet_metal,can,77.55101776123047
interaction,1,vial|-1|2|1000,vial,-1,1000,90.50340136054422,64.16327,73.17784118652344,84.38095092773438,sheet_metal,can,76.89795684814453
interaction,1,vial|-1|2|200,vial,-1,200,90.50340136054422,76.190475,74.18463897705078,84.38095092773438,sheet_metal,can,76.89795684814453
interaction,1,vial|-1|2|500,vial,-1,500,90.50340136054422,64.136055,73.47327423095703,84.38095092773438,sheet_metal,can,80.76190185546875
interaction,1,vial|1|0|1000,vial,1,1000,66.36734693877551,59.782314,60.65305709838867,76.08163452148438,sheet_metal,rice,61.904762268066406
interaction,1,vial|1|0|200,vial,1,200,66.36734693877551,53.85034,60.56753921508789,76.54421997070312,sheet_metal,rice,64.16326904296875
interaction,1,vial|1|0|500,vial,1,500,66.36734693877551,55.97279,59.743438720703125,75.91836547851562,sheet_metal,rice,64.38095092773438
interaction,1,vial|1|1|1000,vial,1,1000,63.78231292517006,57.115646,59.86005401611328,67.45578002929688,sheet_metal,fruit_jelly,67.45578002929688
interaction,1,vial|1|1|200,vial,1,200,63.78231292517006,58.639454,62.188533782958984,79.26530456542969,sheet_metal,fruit_jelly,79.26530456542969
interaction,1,vial|1|1|500,vial,1,500,63.78231292517006,57.496597,60.99125289916992,71.9455795288086,sheet_metal,fruit_jelly,71.9455795288086
interaction,1,vial|1|2|1000,vial,1,1000,74.34013605442176,68.517006,67.45578002929688,84.81632995605469,sheet_metal,rice,68.38095092773438
interaction,1,vial|1|2|200,vial,1,200,74.34013605442176,52.462585,65.0301284790039,82.47618865966797,sheet_metal,rice,67.7551040649414
interaction,1,vial|1|2|500,vial,1,500,74.34013605442176,61.986393,66.63557434082031,84.81632995605469,walnuts,rice,68.54421997070312
interaction,1,vial|2|0|1000,vial,2,1000,83.5374149659864,70.7483,68.87852478027344,81.74149322509766,sheet_metal,rice,69.11564636230469
interaction,1,vial|2|0|200,vial,2,200,83.5374149659864,67.265305,69.9708480834961,81.71428680419922,sheet_metal,can,71.04762268066406
interaction,1,vial|2|0|500,vial,2,500,83.5374149659864,69.52381,68.66861724853516,81.71428680419922,sheet_metal,can,72.35374450683594
interaction,1,vial|2|1|1000,vial,2,1000,85.74149659863946,66.91157,72.25267028808594,89.55101776123047,walnuts,rice,69.03401184082031
interaction,1,vial|2|1|200,vial,2,200,85.74149659863946,70.55782,74.66666412353516,90.01360321044922,walnuts,rice,80.19047546386719
interaction,1,vial|2|1|500,vial,2,500,85.74149659863946,69.52381,72.3304214477539,89.14286041259766,walnuts,rice,70.36734771728516
interaction,1,vial|2|2|1000,vial,2,1000,88.68027210884355,74.55782,72.98348236083984,86.149658203125,sheet_metal,rice,72.40816497802734
interaction,1,vial|2|2|200,vial,2,200,88.68027210884355,77.65987,73.0456771850586,84.2448959350586,sheet_metal,rice,74.53060913085938
interaction,1,vial|2|2|500,vial,2,500,88.68027210884355,71.319725,72.79689025878906,86.04081726074219,walnuts,rice,75.1292495727539
interaction,1,vial|4|0|1000,vial,4,1000,84.29931972789116,72.59864,76.61029815673828,85.93197631835938,sheet_metal,can,83.72789001464844
interaction,1,vial|4|0|200,vial,4,200,84.29931972789116,69.90476,76.90184783935547,85.93197631835938,sheet_metal,can,83.04762268066406
interaction,1,vial|4|0|500,vial,4,500,84.29931972789116,72.4898,75.96501922607422,86.80271911621094,sheet_metal,fruit_jelly,86.80271911621094
interaction,1,vial|4|1|1000,vial,4,1000,83.61904761904762,67.83673,72.17103576660156,85.44217681884766,walnuts,rice,70.99319458007812
interaction,1,vial|4|1|200,vial,4,200,83.61904761904762,73.27891,76.0194320678711,88.9795913696289,walnuts,fruit_jelly,88.9795913696289
interaction,1,vial|4|1|500,vial,4,500,83.61904761904762,69.87755,72.99125671386719,85.1700668334961,sheet_metal,rice,75.23809814453125
interaction,1,vial|4|2|1000,vial,4,1000,95.40136054421768,69.2517,75.14091491699219,89.74149322509766,sheet_metal,rice,73.71428680419922
interaction,1,vial|4|2|200,vial,4,200,95.40136054421768,78.666664,76.57142639160156,86.7755126953125,sheet_metal,rice,74.28571319580078
interaction,1,vial|4|2|500,vial,4,500,95.40136054421768,72.57143,75.02819061279297,89.55101776123047,walnuts,rice,74.8299331665039
interaction,1,wallplugs|-1|0|1000,wallplugs,-1,1000,42.22222222222222,37.685184,46.79364776611328,62.425926208496094,fruit_jelly,fabric,60.25925827026367
interaction,1,wallplugs|-1|0|200,wallplugs,-1,200,42.22222222222222,41.74074,45.425926208496094,59.25925827026367,fruit_jelly,fabric,49.61111068725586
interaction,1,wallplugs|-1|0|500,wallplugs,-1,500,42.22222222222222,39.5,47.08465576171875,61.98147964477539,fruit_jelly,fabric,60.74074172973633
interaction,1,wallplugs|-1|1|1000,wallplugs,-1,1000,42.22222222222222,35.166668,46.96825408935547,62.35185241699219,fruit_jelly,fabric,59.27777862548828
interaction,1,wallplugs|-1|1|200,wallplugs,-1,200,42.22222222222222,38.74074,45.873016357421875,64.4259262084961,fruit_jelly,fabric,52.574073791503906
interaction,1,wallplugs|-1|1|500,wallplugs,-1,500,42.22222222222222,36.592594,47.15079116821289,62.75925827026367,fruit_jelly,walnuts,62.75925827026367
interaction,1,wallplugs|-1|2|1000,wallplugs,-1,1000,42.22222222222222,37.37037,46.5555534362793,59.24074172973633,fruit_jelly,walnuts,59.24074172973633
interaction,1,wallplugs|-1|2|200,wallplugs,-1,200,42.22222222222222,37.333332,47.06613540649414,59.98147964477539,fruit_jelly,fabric,48.203704833984375
interaction,1,wallplugs|-1|2|500,wallplugs,-1,500,42.22222222222222,35.48148,47.02116012573242,63.574073791503906,fruit_jelly,walnuts,63.574073791503906
interaction,1,wallplugs|1|0|1000,wallplugs,1,1000,38.00000000000001,27.814816,37.80423355102539,51.61111068725586,fruit_jelly,fabric,30.814815521240234
interaction,1,wallplugs|1|0|200,wallplugs,1,200,38.00000000000001,32.055557,38.912696838378906,51.55555725097656,fruit_jelly,fabric,29.870370864868164
interaction,1,wallplugs|1|0|500,wallplugs,1,500,38.00000000000001,28.907408,38.391536712646484,51.425926208496094,fruit_jelly,fabric,31.88888931274414
interaction,1,wallplugs|1|1|1000,wallplugs,1,1000,44.7037037037037,38.25926,45.53174591064453,60.814815521240234,fruit_jelly,fabric,41.11111068725586
interaction,1,wallplugs|1|1|200,wallplugs,1,200,44.7037037037037,40.462963,47.51322555541992,61.203704833984375,fruit_jelly,fabric,51.72222137451172
interaction,1,wallplugs|1|1|500,wallplugs,1,500,44.7037037037037,39.592594,46.145503997802734,61.62963104248047,fruit_jelly,fabric,42.61111068725586
interaction,1,wallplugs|1|2|1000,wallplugs,1,1000,29.425925925925927,21.722221,27.67195701599121,35.87036895751953,fruit_jelly,fabric,21.203702926635742
interaction,1,wallplugs|1|2|200,wallplugs,1,200,29.425925925925927,22.0,27.846559524536133,35.77777862548828,fruit_jelly,fabric,21.129629135131836
interaction,1,wallplugs|1|2|500,wallplugs,1,500,29.425925925925927,21.462963,28.396825790405273,34.092594146728516,fruit_jelly,fabric,22.351852416992188
interaction,1,wallplugs|2|0|1000,wallplugs,2,1000,39.092592592592595,37.574074,42.10581588745117,49.88888931274414,fruit_jelly,fabric,46.94444274902344
interaction,1,wallplugs|2|0|200,wallplugs,2,200,39.092592592592595,39.037037,42.30687713623047,48.314815521240234,fruit_jelly,fabric,44.05555725097656
interaction,1,wallplugs|2|0|500,wallplugs,2,500,39.092592592592595,37.666668,42.338626861572266,50.814815521240234,fruit_jelly,fabric,47.685184478759766
interaction,1,wallplugs|2|1|1000,wallplugs,2,1000,40.96296296296296,35.814816,44.53438949584961,55.46296310424805,fruit_jelly,fabric,54.38888931274414
interaction,1,wallplugs|2|1|200,wallplugs,2,200,40.96296296296296,46.12963,44.54762649536133,57.88888931274414,walnuts,fabric,46.12963104248047
interaction,1,wallplugs|2|1|500,wallplugs,2,500,40.96296296296296,35.925926,45.02645492553711,57.87036895751953,fruit_jelly,walnuts,57.87036895751953
interaction,1,wallplugs|2|2|1000,wallplugs,2,1000,41.092592592592595,33.944443,41.354496002197266,54.72222137451172,fruit_jelly,fabric,37.77777862548828
interaction,1,wallplugs|2|2|200,wallplugs,2,200,41.092592592592595,33.38889,41.3783073425293,54.796295166015625,fruit_jelly,fabric,31.203702926635742
interaction,1,wallplugs|2|2|500,wallplugs,2,500,41.092592592592595,33.296295,41.968257904052734,54.24074172973633,fruit_jelly,fabric,39.185184478759766
interaction,1,wallplugs|4|0|1000,wallplugs,4,1000,38.40740740740741,29.87037,38.37566375732422,54.62963104248047,fruit_jelly,fabric,38.62963104248047
interaction,1,wallplugs|4|0|200,wallplugs,4,200,38.40740740740741,33.12963,38.07936477661133,52.16666793823242,fruit_jelly,fabric,34.703704833984375
interaction,1,wallplugs|4|0|500,wallplugs,4,500,38.40740740740741,31.11111,38.843910217285156,53.296295166015625,fruit_jelly,fabric,41.074073791503906
interaction,1,wallplugs|4|1|1000,wallplugs,4,1000,42.50000000000001,35.944443,44.3862419128418,60.24074172973633,fruit_jelly,fabric,49.61111068725586
interaction,1,wallplugs|4|1|200,wallplugs,4,200,42.50000000000001,39.851852,45.02116012573242,62.11111068725586,fruit_jelly,fabric,51.83333206176758
interaction,1,wallplugs|4|1|500,wallplugs,4,500,42.50000000000001,37.22222,44.29629898071289,60.22222137451172,fruit_jelly,fabric,52.203704833984375
interaction,1,wallplugs|4|2|1000,wallplugs,4,1000,40.37037037037037,36.24074,44.1058235168457,55.22222137451172,fruit_jelly,fabric,49.407405853271484
interaction,1,wallplugs|4|2|200,wallplugs,4,200,40.37037037037037,36.407406,44.63756561279297,53.203704833984375,fruit_jelly,fabric,41.96296310424805
interaction,1,wallplugs|4|2|500,wallplugs,4,500,40.37037037037037,35.75926,44.703704833984375,54.703704833984375,fruit_jelly,fabric,54.314815521240234
interaction,1,walnuts|-1|0|1000,walnuts,-1,1000,78.74074074074075,56.851852,63.751319885253906,87.48148345947266,fabric,can,
interaction,1,walnuts|-1|0|200,walnuts,-1,200,78.74074074074075,72.74074,66.95502471923828,92.29629516601562,fruit_jelly,vial,
interaction,1,walnuts|-1|0|500,walnuts,-1,500,78.74074074074075,71.53704,63.465606689453125,87.48148345947266,fruit_jelly,can,
interaction,1,walnuts|-1|1|1000,walnuts,-1,1000,78.74074074074075,57.444443,63.93386459350586,87.48148345947266,fabric,can,
interaction,1,walnuts|-1|1|200,walnuts,-1,200,78.74074074074075,70.833336,67.71428680419922,87.48148345947266,fruit_jelly,can,
interaction,1,walnuts|-1|1|500,walnuts,-1,500,78.74074074074075,56.666668,64.84127044677734,87.48148345947266,wallplugs,can,
interaction,1,walnuts|-1|2|1000,walnuts,-1,1000,78.74074074074075,58.27778,63.84127426147461,87.48148345947266,fabric,can,
interaction,1,walnuts|-1|2|200,walnuts,-1,200,78.74074074074075,43.907406,67.29894256591797,87.48148345947266,sheet_metal,can,
interaction,1,walnuts|-1|2|500,walnuts,-1,500,78.74074074074075,69.51852,65.4338607788086,87.48148345947266,fabric,can,
interaction,1,walnuts|1|0|1000,walnuts,1,1000,75.90740740740742,78.72222,71.00264739990234,85.12963104248047,fruit_jelly,can,
interaction,1,walnuts|1|0|200,walnuts,1,200,75.90740740740742,79.22222,72.31217193603516,87.51851654052734,fruit_jelly,vial,
interaction,1,walnuts|1|0|500,walnuts,1,500,75.90740740740742,78.94444,70.81745910644531,85.12963104248047,fruit_jelly,can,
interaction,1,walnuts|1|1|1000,walnuts,1,1000,80.81481481481482,66.05556,78.43915557861328,89.68518829345703,sheet_metal,can,
interaction,1,walnuts|1|1|200,walnuts,1,200,80.81481481481482,78.35185,79.52909851074219,89.68518829345703,fruit_jelly,can,
interaction,1,walnuts|1|1|500,walnuts,1,500,80.81481481481482,83.92593,78.21693420410156,89.68518829345703,fruit_jelly,can,
interaction,1,walnuts|1|2|1000,walnuts,1,1000,76.0925925925926,47.62963,68.45503234863281,88.79629516601562,sheet_metal,can,
interaction,1,walnuts|1|2|200,walnuts,1,200,76.0925925925926,44.703705,70.46031951904297,88.79629516601562,sheet_metal,can,
interaction,1,walnuts|1|2|500,walnuts,1,500,76.0925925925926,43.0,71.0899429321289,88.79629516601562,sheet_metal,can,
interaction,1,walnuts|2|0|1000,walnuts,2,1000,79.14814814814815,69.14815,79.39683532714844,89.31481170654297,sheet_metal,can,
interaction,1,walnuts|2|0|200,walnuts,2,200,79.14814814814815,81.81481,79.4920654296875,90.18518829345703,fruit_jelly,vial,
interaction,1,walnuts|2|0|500,walnuts,2,500,79.14814814814815,67.833336,79.06084442138672,89.31481170654297,sheet_metal,can,
interaction,1,walnuts|2|1|1000,walnuts,2,1000,75.81481481481481,74.94444,69.0873031616211,85.66666412353516,fruit_jelly,can,
interaction,1,walnuts|2|1|200,walnuts,2,200,75.81481481481481,73.75926,71.02910614013672,85.66666412353516,fruit_jelly,can,
interaction,1,walnuts|2|1|500,walnuts,2,500,75.81481481481481,77.03704,69.14286041259766,85.66666412353516,fruit_jelly,can,
interaction,1,walnuts|2|2|1000,walnuts,2,1000,73.74074074074075,47.72222,59.79629898071289,86.33333587646484,fabric,can,
interaction,1,walnuts|2|2|200,walnuts,2,200,73.74074074074075,46.166668,63.05820083618164,86.33333587646484,sheet_metal,can,
interaction,1,walnuts|2|2|500,walnuts,2,500,73.74074074074075,75.48148,61.86243438720703,86.33333587646484,fruit_jelly,can,
interaction,1,walnuts|4|0|1000,walnuts,4,1000,75.81481481481481,76.05556,67.13492584228516,87.03704071044922,fruit_jelly,can,
interaction,1,walnuts|4|0|200,walnuts,4,200,75.81481481481481,77.31481,70.50000762939453,88.81481170654297,fruit_jelly,vial,
interaction,1,walnuts|4|0|500,walnuts,4,500,75.81481481481481,77.31481,67.23015594482422,87.03704071044922,fruit_jelly,can,
interaction,1,walnuts|4|1|1000,walnuts,4,1000,76.68518518518518,58.425926,67.74073791503906,85.87036895751953,fabric,can,
interaction,1,walnuts|4|1|200,walnuts,4,200,76.68518518518518,74.666664,70.87830352783203,85.87036895751953,fruit_jelly,can,
interaction,1,walnuts|4|1|500,walnuts,4,500,76.68518518518518,58.407406,68.46031951904297,85.87036895751953,wallplugs,can,
interaction,1,walnuts|4|2|1000,walnuts,4,1000,76.55555555555556,67.5,70.84127044677734,86.85185241699219,fabric,can,
interaction,1,walnuts|4|2|200,walnuts,4,200,76.55555555555556,57.62963,73.69576263427734,86.85185241699219,sheet_metal,can,
interaction,1,walnuts|4|2|500,walnuts,4,500,76.55555555555556,78.81481,71.4047622680664,86.85185241699219,fabric,can,
interaction,2,can|-1|0|1000,can,-1,1000,52.26851851851851,41.651234,44.81922149658203,50.8487663269043,rice,fabric,40.74074172973633
interaction,2,can|-1|0|200,can,-1,200,52.26851851851851,41.898148,46.016319274902344,50.38580322265625,rice,vial,40.061729431152344
interaction,2,can|-1|0|500,can,-1,500,52.26851851851851,41.651234,45.17636489868164,49.567901611328125,rice,fabric,38.76543045043945
interaction,2,can|-1|1|1000,can,-1,1000,52.26851851851851,41.651234,45.3262825012207,50.97222137451172,rice,fabric,40.0
interaction,2,can|-1|1|200,can,-1,200,52.26851851851851,41.01852,43.51852035522461,51.63580322265625,rice,fabric,40.8487663269043
interaction,2,can|-1|1|500,can,-1,500,52.26851851851851,41.728394,45.244712829589844,50.0771598815918,rice,fabric,41.820987701416016
interaction,2,can|-1|2|1000,can,-1,1000,52.26851851851851,41.651234,45.17636489868164,50.89506149291992,rice,fabric,40.061729431152344
interaction,2,can|-1|2|200,can,-1,200,52.26851851851851,41.512344,45.32627487182617,50.13888931274414,rice,sheet_metal,37.37654495239258
interaction,2,can|-1|2|500,can,-1,500,52.26851851851851,41.48148,46.197086334228516,51.99074172973633,rice,fabric,40.35493850708008
interaction,2,can|1|0|1000,can,1,1000,44.87654320987654,44.691357,46.809967041015625,50.293209075927734,rice,fabric,45.4012336730957
interaction,2,can|1|0|200,can,1,200,44.87654320987654,44.583332,46.70634078979492,48.8271598815918,rice,fabric,45.447532653808594
interaction,2,can|1|0|500,can,1,500,44.87654320987654,44.675926,46.682098388671875,49.72222137451172,rice,fabric,46.188270568847656
interaction,2,can|1|1|1000,can,1,1000,45.956790123456784,44.79938,46.598323822021484,49.24382781982422,rice,vial,45.52469253540039
interaction,2,can|1|1|200,can,1,200,45.956790123456784,45.07716,46.77910232543945,49.33641815185547,rice,fabric,45.26234436035156
interaction,2,can|1|1|500,can,1,500,45.956790123456784,44.78395,47.039241790771484,49.62963104248047,rice,fabric,45.69444274902344
interaction,2,can|1|2|1000,can,1,1000,36.60493827160494,38.67284,39.678131103515625,42.5771598815918,rice,fruit_jelly,42.5771598815918
interaction,2,can|1|2|200,can,1,200,36.60493827160494,39.62963,38.47442626953125,41.77469253540039,rice,fruit_jelly,41.77469253540039
interaction,2,can|1|2|500,can,1,500,36.60493827160494,38.88889,39.42019271850586,42.5,rice,sheet_metal,42.345680236816406
interaction,2,can|2|0|1000,can,2,1000,34.876543209876544,34.660492,41.64020919799805,45.4783935546875,rice,sheet_metal,43.91975402832031
interaction,2,can|2|0|200,can,2,200,34.876543209876544,35.339508,42.40520477294922,49.49074172973633,rice,sheet_metal,44.61419677734375
interaction,2,can|2|0|500,can,2,500,34.876543209876544,34.660492,41.90696334838867,47.08333206176758,rice,sheet_metal,44.72222137451172
interaction,2,can|2|1|1000,can,2,1000,41.373456790123456,40.169754,43.15696334838867,50.63271713256836,rice,fabric,40.30864334106445
interaction,2,can|2|1|200,can,2,200,41.373456790123456,41.203705,43.85581588745117,50.94135665893555,rice,fabric,42.407405853271484
interaction,2,can|2|1|500,can,2,500,41.373456790123456,40.401234,43.62213134765625,50.24691390991211,rice,fabric,40.49382781982422
interaction,2,can|2|2|1000,can,2,1000,35.84876543209876,41.080246,41.51234817504883,49.459877014160156,rice,sheet_metal,39.86111068725586
interaction,2,can|2|2|200,can,2,200,35.84876543209876,41.373455,41.31393051147461,47.77777862548828,rice,sheet_metal,38.950618743896484
interaction,2,can|2|2|500,can,2,500,35.84876543209876,41.04938,40.471778869628906,46.311729431152344,rice,walnuts,39.61419677734375
interaction,2,can|4|0|1000,can,4,1000,34.5679012345679,30.66358,37.235450744628906,42.561729431152344,rice,wallplugs,33.05555725097656
interaction,2,can|4|0|200,can,4,200,34.5679012345679,30.601852,38.15917205810547,44.41358184814453,rice,sheet_metal,35.7716064453125
interaction,2,can|4|0|500,can,4,500,34.5679012345679,30.679012,37.62565994262695,42.80864334106445,rice,sheet_metal,32.76234436035156
interaction,2,can|4|1|1000,can,4,1000,44.675925925925924,45.462963,46.62036895751953,50.23147964477539,rice,fabric,40.74074172973633
interaction,2,can|4|1|200,can,4,200,44.675925925925924,46.867283,46.790122985839844,51.01852035522461,rice,fabric,43.842594146728516
interaction,2,can|4|1|500,can,4,500,44.675925925925924,45.493828,46.53659439086914,50.03086471557617,rice,wallplugs,41.26543045043945
interaction,2,can|4|2|1000,can,4,1000,47.916666666666664,47.808643,49.005733489990234,52.03703689575195,rice,fabric,48.62654495239258
interaction,2,can|4|2|200,can,4,200,47.916666666666664,48.024693,49.27028274536133,52.77777862548828,rice,vial,48.22530746459961
interaction,2,can|4|2|500,can,4,500,47.916666666666664,47.669754,48.913143157958984,51.959877014160156,rice,fabric,47.453704833984375
interaction,2,fabric|-1|0|1000,fabric,-1,1000,56.313131313131315,33.569023,53.99711990356445,66.68350219726562,rice,fruit_jelly,
interaction,2,fabric|-1|0|200,fabric,-1,200,56.313131313131315,31.296297,53.403076171875,66.12794494628906,rice,walnuts,
interaction,2,fabric|-1|0|500,fabric,-1,500,56.313131313131315,33.35017,54.02356719970703,66.919189453125,rice,fruit_jelly,
interaction,2,fabric|-1|1|1000,fabric,-1,1000,56.313131313131315,33.569023,53.593074798583984,66.07743835449219,rice,fruit_jelly,
interaction,2,fabric|-1|1|200,fabric,-1,200,56.313131313131315,32.356903,53.015869140625,67.47474670410156,rice,fruit_jelly,
interaction,2,fabric|-1|1|500,fabric,-1,500,56.313131313131315,33.417507,52.0322265625,64.71380615234375,rice,fruit_jelly,
interaction,2,fabric|-1|2|1000,fabric,-1,1000,56.313131313131315,33.569023,53.90091323852539,64.94949340820312,rice,fruit_jelly,
interaction,2,fabric|-1|2|200,fabric,-1,200,56.313131313131315,30.319866,53.102455139160156,77.03704071044922,rice,sheet_metal,
interaction,2,fabric|-1|2|500,fabric,-1,500,56.313131313131315,33.21549,52.22222137451172,67.20539093017578,rice,fruit_jelly,
interaction,2,fabric|1|0|1000,fabric,1,1000,30.85858585858585,28.855219,37.97739028930664,48.38383865356445,rice,sheet_metal,
interaction,2,fabric|1|0|200,fabric,1,200,30.85858585858585,27.289562,37.79220962524414,51.296295166015625,rice,walnuts,
interaction,2,fabric|1|0|500,fabric,1,500,30.85858585858585,28.451178,38.89850997924805,49.91582489013672,rice,sheet_metal,
interaction,2,fabric|1|1|1000,fabric,1,1000,64.79797979797979,37.525253,58.18181610107422,72.82828521728516,rice,fruit_jelly,
interaction,2,fabric|1|1|200,fabric,1,200,64.79797979797979,35.60606,57.8379020690918,68.98989868164062,rice,fruit_jelly,
interaction,2,fabric|1|1|500,fabric,1,500,64.79797979797979,37.289562,57.53006362915039,71.8855209350586,rice,fruit_jelly,
interaction,2,fabric|1|2|1000,fabric,1,1000,46.666666666666664,43.249157,49.46127700805664,59.17508316040039,rice,fruit_jelly,
interaction,2,fabric|1|2|200,fabric,1,200,46.666666666666664,41.195286,47.522850036621094,57.25589370727539,rice,fruit_jelly,
interaction,2,fabric|1|2|500,fabric,1,500,46.666666666666664,43.232323,49.528621673583984,62.3232307434082,rice,fruit_jelly,
interaction,2,fabric|2|0|1000,fabric,2,1000,68.70370370370371,46.868687,61.22895431518555,69.86531829833984,rice,sheet_metal,
interaction,2,fabric|2|0|200,fabric,2,200,68.70370370370371,44.79798,60.038482666015625,71.63299560546875,rice,walnuts,
interaction,2,fabric|2|0|500,fabric,2,500,68.70370370370371,46.414143,60.50745391845703,68.95623016357422,rice,walnuts,
interaction,2,fabric|2|1|1000,fabric,2,1000,47.222222222222214,28.552189,47.57094955444336,58.33333206176758,rice,fruit_jelly,
interaction,2,fabric|2|1|200,fabric,2,200,47.222222222222214,25.892256,45.45935821533203,54.79798126220703,rice,fruit_jelly,
interaction,2,fabric|2|1|500,fabric,2,500,47.222222222222214,28.299664,46.7652702331543,57.306396484375,rice,sheet_metal,
interaction,2,fabric|2|2|1000,fabric,2,1000,57.0875420875421,45.016834,56.835018157958984,69.49494934082031,rice,fruit_jelly,
interaction,2,fabric|2|2|200,fabric,2,200,57.0875420875421,43.11448,55.182777404785156,68.33333587646484,rice,fruit_jelly,
interaction,2,fabric|2|2|500,fabric,2,500,57.0875420875421,44.83165,55.80086898803711,71.02693939208984,rice,fruit_jelly,
interaction,2,fabric|4|0|1000,fabric,4,1000,57.71043771043771,38.9899,55.66858673095703,70.90908813476562,rice,fruit_jelly,
interaction,2,fabric|4|0|200,fabric,4,200,57.71043771043771,37.239056,55.603660583496094,67.49158477783203,rice,walnuts,
interaction,2,fabric|4|0|500,fabric,4,500,57.71043771043771,38.855217,57.00095748901367,70.37036895751953,rice,fruit_jelly,
interaction,2,fabric|4|1|1000,fabric,4,1000,49.62962962962963,38.804714,52.467533111572266,66.11111450195312,rice,fruit_jelly,
interaction,2,fabric|4|1|200,fabric,4,200,49.62962962962963,38.51852,51.45502471923828,62.84511947631836,rice,fruit_jelly,
interaction,2,fabric|4|1|500,fabric,4,500,49.62962962962963,38.670033,51.4911003112793,64.30976104736328,rice,fruit_jelly,
interaction,2,fabric|4|2|1000,fabric,4,1000,55.40404040404041,40.6734,54.1462287902832,66.80134582519531,rice,fruit_jelly,
interaction,2,fabric|4|2|200,fabric,4,200,55.40404040404041,37.50842,53.2732048034668,69.24242401123047,rice,sheet_metal,
interaction,2,fabric|4|2|500,fabric,4,500,55.40404040404041,40.639732,52.602210998535156,67.8787841796875,rice,fruit_jelly,
interaction,2,fruit_jelly|-1|0|1000,fruit_jelly,-1,1000,86.58333333333333,80.916664,69.6190414428711,80.91666412353516,rice,rice,
interaction,2,fruit_jelly|-1|0|200,fruit_jelly,-1,200,86.58333333333333,80.833336,67.72618865966797,80.83333587646484,rice,rice,
interaction,2,fruit_jelly|-1|0|500,fruit_jelly,-1,500,86.58333333333333,80.916664,69.38095092773438,80.91666412353516,rice,rice,
interaction,2,fruit_jelly|-1|1|1000,fruit_jelly,-1,1000,86.58333333333333,80.916664,69.23809051513672,80.91666412353516,rice,rice,
interaction,2,fruit_jelly|-1|1|200,fruit_jelly,-1,200,86.58333333333333,83.583336,70.55953216552734,83.58333587646484,rice,rice,
interaction,2,fruit_jelly|-1|1|500,fruit_jelly,-1,500,86.58333333333333,80.166664,69.57142639160156,80.16666412353516,rice,rice,
interaction,2,fruit_jelly|-1|2|1000,fruit_jelly,-1,1000,86.58333333333333,80.916664,69.34523010253906,80.91666412353516,rice,rice,
interaction,2,fruit_jelly|-1|2|200,fruit_jelly,-1,200,86.58333333333333,81.333336,75.73809814453125,83.41666412353516,rice,sheet_metal,
interaction,2,fruit_jelly|-1|2|500,fruit_jelly,-1,500,86.58333333333333,80.75,68.25,80.75,rice,rice,
interaction,2,fruit_jelly|1|0|1000,fruit_jelly,1,1000,73.16666666666666,67.416664,63.36904525756836,69.0,rice,wallplugs,
interaction,2,fruit_jelly|1|0|200,fruit_jelly,1,200,73.16666666666666,68.75,62.36904525756836,69.41666412353516,rice,wallplugs,
interaction,2,fruit_jelly|1|0|500,fruit_jelly,1,500,73.16666666666666,67.416664,63.75,69.33333587646484,rice,walnuts,
interaction,2,fruit_jelly|1|1|1000,fruit_jelly,1,1000,85.91666666666666,73.166664,73.73809051513672,79.33333587646484,rice,walnuts,
interaction,2,fruit_jelly|1|1|200,fruit_jelly,1,200,85.91666666666666,75.666664,73.96428680419922,81.16666412353516,rice,walnuts,
interaction,2,fruit_jelly|1|1|500,fruit_jelly,1,500,85.91666666666666,72.833336,73.91666412353516,80.41666412353516,rice,vial,
interaction,2,fruit_jelly|1|2|1000,fruit_jelly,1,1000,84.58333333333331,81.0,77.8452377319336,84.41666412353516,rice,wallplugs,
interaction,2,fruit_jelly|1|2|200,fruit_jelly,1,200,84.58333333333331,81.5,80.19048309326172,85.33333587646484,rice,walnuts,
interaction,2,fruit_jelly|1|2|500,fruit_jelly,1,500,84.58333333333331,81.083336,77.75,84.41666412353516,rice,wallplugs,
interaction,2,fruit_jelly|2|0|1000,fruit_jelly,2,1000,81.16666666666667,69.083336,65.89286041259766,72.0,rice,fabric,
interaction,2,fruit_jelly|2|0|200,fruit_jelly,2,200,81.16666666666667,70.166664,64.64286041259766,70.5,rice,fabric,
interaction,2,fruit_jelly|2|0|500,fruit_jelly,2,500,81.16666666666667,69.166664,65.69047546386719,72.16666412353516,rice,fabric,
interaction,2,fruit_jelly|2|1|1000,fruit_jelly,2,1000,81.58333333333333,68.25,67.03571319580078,75.41666412353516,rice,fabric,
interaction,2,fruit_jelly|2|1|200,fruit_jelly,2,200,81.58333333333333,69.083336,66.89286041259766,76.08333587646484,rice,fabric,
interaction,2,fruit_jelly|2|1|500,fruit_jelly,2,500,81.58333333333333,68.166664,67.58333587646484,76.66666412353516,rice,fabric,
interaction,2,fruit_jelly|2|2|1000,fruit_jelly,2,1000,78.41666666666667,72.333336,67.04762268066406,77.08333587646484,rice,fabric,
interaction,2,fruit_jelly|2|2|200,fruit_jelly,2,200,78.41666666666667,72.583336,69.0952377319336,74.16666412353516,rice,fabric,
interaction,2,fruit_jelly|2|2|500,fruit_jelly,2,500,78.41666666666667,72.333336,66.72618865966797,75.41666412353516,rice,fabric,
interaction,2,fruit_jelly|4|0|1000,fruit_jelly,4,1000,78.83333333333333,74.333336,67.63095092773438,75.75,rice,fabric,
interaction,2,fruit_jelly|4|0|200,fruit_jelly,4,200,78.83333333333333,73.5,64.6547622680664,73.5,rice,rice,
interaction,2,fruit_jelly|4|0|500,fruit_jelly,4,500,78.83333333333333,74.333336,67.70237731933594,76.58333587646484,rice,fabric,
interaction,2,fruit_jelly|4|1|1000,fruit_jelly,4,1000,86.75,79.833336,72.0952377319336,79.83333587646484,rice,rice,
interaction,2,fruit_jelly|4|1|200,fruit_jelly,4,200,86.75,80.833336,73.57142639160156,82.41666412353516,rice,walnuts,
interaction,2,fruit_jelly|4|1|500,fruit_jelly,4,500,86.75,79.416664,72.32142639160156,79.41666412353516,rice,rice,
interaction,2,fruit_jelly|4|2|1000,fruit_jelly,4,1000,88.08333333333333,77.166664,71.92857360839844,77.33333587646484,rice,fabric,
interaction,2,fruit_jelly|4|2|200,fruit_jelly,4,200,88.08333333333333,80.833336,75.39286041259766,80.83333587646484,rice,rice,
interaction,2,fruit_jelly|4|2|500,fruit_jelly,4,500,88.08333333333333,77.25,71.09523010253906,77.25,rice,rice,
interaction,2,rice|-1|0|1000,rice,-1,1000,80.74074074074075,66.402115,63.711265563964844,70.661376953125,fabric,walnuts,
interaction,2,rice|-1|0|200,rice,-1,200,80.74074074074075,59.31217,59.693878173828125,71.08465576171875,fabric,wallplugs,
interaction,2,rice|-1|0|500,rice,-1,500,80.74074074074075,68.386246,62.248680114746094,68.38624572753906,fabric,fabric,
interaction,2,rice|-1|1|1000,rice,-1,1000,80.74074074074075,66.507935,63.31443405151367,70.87301635742188,fabric,walnuts,
interaction,2,rice|-1|1|200,rice,-1,200,80.74074074074075,65.42328,61.60997772216797,67.08995056152344,fabric,can,
interaction,2,rice|-1|1|500,rice,-1,500,80.74074074074075,69.36508,63.722599029541016,71.9047622680664,fabric,walnuts,
interaction,2,rice|-1|2|1000,rice,-1,1000,80.74074074074075,61.26984,63.824642181396484,71.48148345947266,fabric,walnuts,
interaction,2,rice|-1|2|200,rice,-1,200,80.74074074074075,68.915344,67.82312774658203,69.78836059570312,fabric,sheet_metal,
interaction,2,rice|-1|2|500,rice,-1,500,80.74074074074075,61.455025,62.4527587890625,68.62433624267578,fabric,walnuts,
interaction,2,rice|1|0|1000,rice,1,1000,86.74603174603175,70.89947,70.18518829345703,78.99470520019531,fabric,walnuts,
interaction,2,rice|1|0|200,rice,1,200,86.74603174603175,67.48677,68.90022277832031,79.57672119140625,fabric,walnuts,
interaction,2,rice|1|0|500,rice,1,500,86.74603174603175,74.33862,70.16250610351562,77.1693115234375,fabric,walnuts,
interaction,2,rice|1|1|1000,rice,1,1000,78.4920634920635,71.74603,68.61678314208984,75.63491821289062,fabric,wallplugs,
interaction,2,rice|1|1|200,rice,1,200,78.4920634920635,72.69841,68.26152801513672,74.97354125976562,fabric,wallplugs,
interaction,2,rice|1|1|500,rice,1,500,78.4920634920635,75.29101,69.78079986572266,75.63491821289062,fabric,wallplugs,
interaction,2,rice|1|2|1000,rice,1,1000,77.93650793650795,79.89418,72.21466064453125,79.89418029785156,can,can,
interaction,2,rice|1|2|200,rice,1,200,77.93650793650795,79.89418,75.31745910644531,79.89418029785156,can,can,
interaction,2,rice|1|2|500,rice,1,500,77.93650793650795,79.89418,70.23809051513672,79.89418029785156,can,can,
interaction,2,rice|2|0|1000,rice,2,1000,78.94179894179894,74.28571,70.10960388183594,76.71957397460938,fabric,wallplugs,
interaction,2,rice|2|0|200,rice,2,200,78.94179894179894,68.439156,67.03325653076172,77.08995056152344,fabric,wallplugs,
interaction,2,rice|2|0|500,rice,2,500,78.94179894179894,76.507935,69.24036407470703,76.71957397460938,fabric,wallplugs,
interaction,2,rice|2|1|1000,rice,2,1000,72.91005291005293,73.25397,64.30082702636719,73.25396728515625,fabric,fabric,
interaction,2,rice|2|1|200,rice,2,200,72.91005291005293,77.01058,63.85109329223633,77.01058197021484,fabric,fabric,
interaction,2,rice|2|1|500,rice,2,500,72.91005291005293,77.01058,64.84883117675781,77.01058197021484,fabric,fabric,
interaction,2,rice|2|2|1000,rice,2,1000,76.79894179894181,70.47619,69.47845458984375,73.86243438720703,fabric,wallplugs,
interaction,2,rice|2|2|200,rice,2,200,76.79894179894181,76.93121,72.0521469116211,78.4920654296875,fabric,sheet_metal,
interaction,2,rice|2|2|500,rice,2,500,76.79894179894181,71.084656,68.14058685302734,73.86243438720703,fabric,wallplugs,
interaction,2,rice|4|0|1000,rice,4,1000,79.62962962962963,74.65608,69.42932891845703,77.08995056152344,fabric,walnuts,
interaction,2,rice|4|0|200,rice,4,200,79.62962962962963,66.190475,65.69917297363281,74.68254089355469,fabric,can,
interaction,2,rice|4|0|500,rice,4,500,79.62962962962963,76.93121,67.9062728881836,76.93121337890625,fabric,fabric,
interaction,2,rice|4|1|1000,rice,4,1000,79.31216931216932,66.85185,66.29630279541016,74.20635223388672,fabric,walnuts,
interaction,2,rice|4|1|200,rice,4,200,79.31216931216932,67.85714,65.60846710205078,70.02645874023438,fabric,wallplugs,
interaction,2,rice|4|1|500,rice,4,500,79.31216931216932,71.90476,66.88208770751953,73.65079498291016,fabric,walnuts,
interaction,2,rice|4|2|1000,rice,4,1000,78.17460317460319,64.10053,65.10581970214844,69.94709014892578,fabric,can,
interaction,2,rice|4|2|200,rice,4,200,78.17460317460319,71.560844,69.44444274902344,77.96295928955078,fabric,sheet_metal,
interaction,2,rice|4|2|500,rice,4,500,78.17460317460319,66.93121,64.46712493896484,69.94709014892578,fabric,can,
interaction,2,sheet_metal|-1|0|1000,sheet_metal,-1,1000,83.47222222222221,79.12037,80.30423736572266,83.98148345947266,fabric,fruit_jelly,79.12036895751953
interaction,2,sheet_metal|-1|0|200,sheet_metal,-1,200,83.47222222222221,76.666664,79.65608215332031,86.99073791503906,fabric,fruit_jelly,76.66666412353516
interaction,2,sheet_metal|-1|0|500,sheet_metal,-1,500,83.47222222222221,79.35185,79.70238494873047,84.95370483398438,fabric,fruit_jelly,79.35185241699219
interaction,2,sheet_metal|-1|1|1000,sheet_metal,-1,1000,83.47222222222221,77.03704,80.33729553222656,83.14814758300781,rice,fruit_jelly,81.94444274902344
interaction,2,sheet_metal|-1|1|200,sheet_metal,-1,200,83.47222222222221,78.00926,80.7275161743164,87.91666412353516,fabric,fruit_jelly,78.00926208496094
interaction,2,sheet_metal|-1|1|500,sheet_metal,-1,500,83.47222222222221,77.03704,80.02645111083984,86.52777862548828,rice,fruit_jelly,76.25
interaction,2,sheet_metal|-1|2|1000,sheet_metal,-1,1000,83.47222222222221,78.333336,79.75529479980469,83.93518829345703,fabric,fruit_jelly,78.33333587646484
interaction,2,sheet_metal|-1|2|200,sheet_metal,-1,200,83.47222222222221,74.53704,78.76322937011719,82.63888549804688,rice,fruit_jelly,72.40740966796875
interaction,2,sheet_metal|-1|2|500,sheet_metal,-1,500,83.47222222222221,80.46296,80.41666412353516,82.5,fabric,fruit_jelly,80.46295928955078
interaction,2,sheet_metal|1|0|1000,sheet_metal,1,1000,85.27777777777777,79.35185,82.32804870605469,85.87963104248047,rice,fruit_jelly,81.15740966796875
interaction,2,sheet_metal|1|0|200,sheet_metal,1,200,85.27777777777777,77.916664,81.5806884765625,87.26851654052734,rice,fruit_jelly,79.44444274902344
interaction,2,sheet_metal|1|0|500,sheet_metal,1,500,85.27777777777777,79.44444,81.81217193603516,86.43518829345703,rice,fruit_jelly,81.20370483398438
interaction,2,sheet_metal|1|1|1000,sheet_metal,1,1000,80.55555555555556,80.18519,78.63094329833984,81.62036895751953,fabric,wallplugs,80.18518829345703
interaction,2,sheet_metal|1|1|200,sheet_metal,1,200,80.55555555555556,78.42593,79.5502700805664,82.40740966796875,fabric,fruit_jelly,78.4259262084961
interaction,2,sheet_metal|1|1|500,sheet_metal,1,500,80.55555555555556,76.89815,78.71692657470703,81.62036895751953,fabric,wallplugs,76.89814758300781
interaction,2,sheet_metal|1|2|1000,sheet_metal,1,1000,82.5462962962963,78.19444,79.338623046875,82.45370483398438,rice,fruit_jelly,81.43518829345703
interaction,2,sheet_metal|1|2|200,sheet_metal,1,200,82.5462962962963,76.71296,78.5383529663086,81.38888549804688,rice,fruit_jelly,77.59259033203125
interaction,2,sheet_metal|1|2|500,sheet_metal,1,500,82.5462962962963,78.333336,80.27777862548828,83.65740966796875,rice,fabric,83.65740966796875
interaction,2,sheet_metal|2|0|1000,sheet_metal,2,1000,85.64814814814817,81.388885,82.2420654296875,84.90740966796875,rice,fruit_jelly,80.74073791503906
interaction,2,sheet_metal|2|0|200,sheet_metal,2,200,85.64814814814817,80.23148,81.89813995361328,87.40740966796875,rice,fruit_jelly,78.4259262084961
interaction,2,sheet_metal|2|0|500,sheet_metal,2,500,85.64814814814817,81.388885,81.88492584228516,86.29629516601562,rice,fruit_jelly,80.3240737915039
interaction,2,sheet_metal|2|1|1000,sheet_metal,2,1000,85.83333333333334,82.26852,82.69841003417969,86.01851654052734,rice,can,81.01851654052734
interaction,2,sheet_metal|2|1|200,sheet_metal,2,200,85.83333333333334,80.138885,82.81745910644531,87.36111450195312,rice,fruit_jelly,77.68518829345703
interaction,2,sheet_metal|2|1|500,sheet_metal,2,500,85.83333333333334,82.31481,82.14946746826172,86.01851654052734,rice,can,76.62036895751953
interaction,2,sheet_metal|2|2|1000,sheet_metal,2,1000,84.16666666666667,79.62963,80.03968048095703,83.24073791503906,rice,fruit_jelly,76.85185241699219
interaction,2,sheet_metal|2|2|200,sheet_metal,2,200,84.16666666666667,76.01852,79.31878662109375,83.00926208496094,rice,can,75.37036895751953
interaction,2,sheet_metal|2|2|500,sheet_metal,2,500,84.16666666666667,79.53704,81.15740203857422,83.00926208496094,rice,can,80.60185241699219
interaction,2,sheet_metal|4|0|1000,sheet_metal,4,1000,83.8888888888889,79.953705,81.1044921875,83.88888549804688,rice,fruit_jelly,78.4259262084961
interaction,2,sheet_metal|4|0|200,sheet_metal,4,200,83.8888888888889,77.87037,80.35052490234375,85.83333587646484,rice,fruit_jelly,76.89814758300781
interaction,2,sheet_metal|4|0|500,sheet_metal,4,500,83.8888888888889,79.861115,80.81349182128906,85.09259033203125,rice,fruit_jelly,78.98148345947266
interaction,2,sheet_metal|4|1|1000,sheet_metal,4,1000,82.03703703703704,78.47222,79.10052490234375,81.99073791503906,rice,fabric,81.99073791503906
interaction,2,sheet_metal|4|1|200,sheet_metal,4,200,82.03703703703704,77.546295,79.51719665527344,84.76851654052734,rice,fruit_jelly,78.98148345947266
interaction,2,sheet_metal|4|1|500,sheet_metal,4,500,82.03703703703704,78.56481,78.82936096191406,82.87036895751953,rice,fruit_jelly,77.91666412353516
interaction,2,sheet_metal|4|2|1000,sheet_metal,4,1000,84.30555555555556,78.98148,80.2645492553711,82.03704071044922,rice,fruit_jelly,80.69444274902344
interaction,2,sheet_metal|4|2|200,sheet_metal,4,200,84.30555555555556,78.611115,79.2724838256836,81.11111450195312,rice,wallplugs,75.83333587646484
interaction,2,sheet_metal|4|2|500,sheet_metal,4,500,84.30555555555556,79.166664,80.9193115234375,82.26851654052734,rice,fabric,82.26851654052734
interaction,2,vial|-1|0|1000,vial,-1,1000,90.50340136054422,77.93198,73.56267547607422,84.38095092773438,rice,can,78.61224365234375
interaction,2,vial|-1|0|200,vial,-1,200,90.50340136054422,75.755104,74.22740173339844,84.38095092773438,rice,can,77.19728088378906
interaction,2,vial|-1|0|500,vial,-1,500,90.50340136054422,77.71429,72.93682861328125,84.38095092773438,rice,can,79.21088409423828
interaction,2,vial|-1|1|1000,vial,-1,1000,90.50340136054422,77.93198,72.54032897949219,84.38095092773438,rice,can,77.93197631835938
interaction,2,vial|-1|1|200,vial,-1,200,90.50340136054422,75.94558,74.89213562011719,87.9455795288086,rice,fruit_jelly,87.9455795288086
interaction,2,vial|-1|1|500,vial,-1,500,90.50340136054422,77.30612,73.32167053222656,84.38095092773438,rice,can,77.55101776123047
interaction,2,vial|-1|2|1000,vial,-1,1000,90.50340136054422,77.93198,73.17784118652344,84.38095092773438,rice,can,76.89795684814453
interaction,2,vial|-1|2|200,vial,-1,200,90.50340136054422,75.67347,74.18463897705078,84.38095092773438,rice,can,76.89795684814453
interaction,2,vial|-1|2|500,vial,-1,500,90.50340136054422,77.19728,73.47327423095703,84.38095092773438,rice,can,80.76190185546875
interaction,2,vial|1|0|1000,vial,1,1000,66.36734693877551,76.081635,60.65305709838867,76.08163452148438,rice,rice,61.904762268066406
interaction,2,vial|1|0|200,vial,1,200,66.36734693877551,76.54422,60.56753921508789,76.54421997070312,rice,rice,64.16326904296875
interaction,2,vial|1|0|500,vial,1,500,66.36734693877551,75.918365,59.743438720703125,75.91836547851562,rice,rice,64.38095092773438
interaction,2,vial|1|1|1000,vial,1,1000,63.78231292517006,67.210884,59.86005401611328,67.45578002929688,rice,fruit_jelly,67.45578002929688
interaction,2,vial|1|1|200,vial,1,200,63.78231292517006,65.90476,62.188533782958984,79.26530456542969,rice,fruit_jelly,79.26530456542969
interaction,2,vial|1|1|500,vial,1,500,63.78231292517006,66.938774,60.99125289916992,71.9455795288086,rice,fruit_jelly,71.9455795288086
interaction,2,vial|1|2|1000,vial,1,1000,74.34013605442176,84.81633,67.45578002929688,84.81632995605469,rice,rice,68.38095092773438
interaction,2,vial|1|2|200,vial,1,200,74.34013605442176,82.47619,65.0301284790039,82.47618865966797,rice,rice,67.7551040649414
interaction,2,vial|1|2|500,vial,1,500,74.34013605442176,84.81633,66.63557434082031,84.81632995605469,rice,rice,68.54421997070312
interaction,2,vial|2|0|1000,vial,2,1000,83.5374149659864,81.74149,68.87852478027344,81.74149322509766,rice,rice,69.11564636230469
interaction,2,vial|2|0|200,vial,2,200,83.5374149659864,80.789116,69.9708480834961,81.71428680419922,rice,can,71.04762268066406
interaction,2,vial|2|0|500,vial,2,500,83.5374149659864,81.71429,68.66861724853516,81.71428680419922,rice,can,72.35374450683594
interaction,2,vial|2|1|1000,vial,2,1000,85.74149659863946,89.55102,72.25267028808594,89.55101776123047,rice,rice,69.03401184082031
interaction,2,vial|2|1|200,vial,2,200,85.74149659863946,90.0136,74.66666412353516,90.01360321044922,rice,rice,80.19047546386719
interaction,2,vial|2|1|500,vial,2,500,85.74149659863946,89.14286,72.3304214477539,89.14286041259766,rice,rice,70.36734771728516
interaction,2,vial|2|2|1000,vial,2,1000,88.68027210884355,86.14966,72.98348236083984,86.149658203125,rice,rice,72.40816497802734
interaction,2,vial|2|2|200,vial,2,200,88.68027210884355,77.65987,73.0456771850586,84.2448959350586,sheet_metal,rice,74.53060913085938
interaction,2,vial|2|2|500,vial,2,500,88.68027210884355,86.04082,72.79689025878906,86.04081726074219,rice,rice,75.1292495727539
interaction,2,vial|4|0|1000,vial,4,1000,84.29931972789116,84.29932,76.61029815673828,85.93197631835938,rice,can,83.72789001464844
interaction,2,vial|4|0|200,vial,4,200,84.29931972789116,83.10204,76.90184783935547,85.93197631835938,rice,can,83.04762268066406
interaction,2,vial|4|0|500,vial,4,500,84.29931972789116,84.21769,75.96501922607422,86.80271911621094,rice,fruit_jelly,86.80271911621094
interaction,2,vial|4|1|1000,vial,4,1000,83.61904761904762,85.44218,72.17103576660156,85.44217681884766,rice,rice,70.99319458007812
interaction,2,vial|4|1|200,vial,4,200,83.61904761904762,84.62585,76.0194320678711,88.9795913696289,rice,fruit_jelly,88.9795913696289
interaction,2,vial|4|1|500,vial,4,500,83.61904761904762,85.17007,72.99125671386719,85.1700668334961,rice,rice,75.23809814453125
interaction,2,vial|4|2|1000,vial,4,1000,95.40136054421768,89.74149,75.14091491699219,89.74149322509766,rice,rice,73.71428680419922
interaction,2,vial|4|2|200,vial,4,200,95.40136054421768,86.77551,76.57142639160156,86.7755126953125,rice,rice,74.28571319580078
interaction,2,vial|4|2|500,vial,4,500,95.40136054421768,89.55102,75.02819061279297,89.55101776123047,rice,rice,74.8299331665039
interaction,2,wallplugs|-1|0|1000,wallplugs,-1,1000,42.22222222222222,31.148148,46.79364776611328,62.425926208496094,sheet_metal,fabric,60.25925827026367
interaction,2,wallplugs|-1|0|200,wallplugs,-1,200,42.22222222222222,52.148148,45.425926208496094,59.25925827026367,rice,fabric,49.61111068725586
interaction,2,wallplugs|-1|0|500,wallplugs,-1,500,42.22222222222222,51.12963,47.08465576171875,61.98147964477539,rice,fabric,60.74074172973633
interaction,2,wallplugs|-1|1|1000,wallplugs,-1,1000,42.22222222222222,51.11111,46.96825408935547,62.35185241699219,rice,fabric,59.27777862548828
interaction,2,wallplugs|-1|1|200,wallplugs,-1,200,42.22222222222222,52.444443,45.873016357421875,64.4259262084961,rice,fabric,52.574073791503906
interaction,2,wallplugs|-1|1|500,wallplugs,-1,500,42.22222222222222,51.12963,47.15079116821289,62.75925827026367,rice,walnuts,62.75925827026367
interaction,2,wallplugs|-1|2|1000,wallplugs,-1,1000,42.22222222222222,31.574074,46.5555534362793,59.24074172973633,sheet_metal,walnuts,59.24074172973633
interaction,2,wallplugs|-1|2|200,wallplugs,-1,200,42.22222222222222,45.88889,47.06613540649414,59.98147964477539,sheet_metal,fabric,48.203704833984375
interaction,2,wallplugs|-1|2|500,wallplugs,-1,500,42.22222222222222,51.11111,47.02116012573242,63.574073791503906,rice,walnuts,63.574073791503906
interaction,2,wallplugs|1|0|1000,wallplugs,1,1000,38.00000000000001,42.685184,37.80423355102539,51.61111068725586,rice,fabric,30.814815521240234
interaction,2,wallplugs|1|0|200,wallplugs,1,200,38.00000000000001,43.333332,38.912696838378906,51.55555725097656,rice,fabric,29.870370864868164
interaction,2,wallplugs|1|0|500,wallplugs,1,500,38.00000000000001,42.592594,38.391536712646484,51.425926208496094,rice,fabric,31.88888931274414
interaction,2,wallplugs|1|1|1000,wallplugs,1,1000,44.7037037037037,50.11111,45.53174591064453,60.814815521240234,rice,fabric,41.11111068725586
interaction,2,wallplugs|1|1|200,wallplugs,1,200,44.7037037037037,51.444443,47.51322555541992,61.203704833984375,rice,fabric,51.72222137451172
interaction,2,wallplugs|1|1|500,wallplugs,1,500,44.7037037037037,49.98148,46.145503997802734,61.62963104248047,rice,fabric,42.61111068725586
interaction,2,wallplugs|1|2|1000,wallplugs,1,1000,29.425925925925927,31.296297,27.67195701599121,35.87036895751953,rice,fabric,21.203702926635742
interaction,2,wallplugs|1|2|200,wallplugs,1,200,29.425925925925927,31.88889,27.846559524536133,35.77777862548828,rice,fabric,21.129629135131836
interaction,2,wallplugs|1|2|500,wallplugs,1,500,29.425925925925927,31.25926,28.396825790405273,34.092594146728516,rice,fabric,22.351852416992188
interaction,2,wallplugs|2|0|1000,wallplugs,2,1000,39.092592592592595,44.703705,42.10581588745117,49.88888931274414,rice,fabric,46.94444274902344
interaction,2,wallplugs|2|0|200,wallplugs,2,200,39.092592592592595,45.592594,42.30687713623047,48.314815521240234,rice,fabric,44.05555725097656
interaction,2,wallplugs|2|0|500,wallplugs,2,500,39.092592592592595,44.72222,42.338626861572266,50.814815521240234,rice,fabric,47.685184478759766
interaction,2,wallplugs|2|1|1000,wallplugs,2,1000,40.96296296296296,51.351852,44.53438949584961,55.46296310424805,rice,fabric,54.38888931274414
interaction,2,wallplugs|2|1|200,wallplugs,2,200,40.96296296296296,55.314816,44.54762649536133,57.88888931274414,rice,fabric,46.12963104248047
interaction,2,wallplugs|2|1|500,wallplugs,2,500,40.96296296296296,51.37037,45.02645492553711,57.87036895751953,rice,walnuts,57.87036895751953
interaction,2,wallplugs|2|2|1000,wallplugs,2,1000,41.092592592592595,36.88889,41.354496002197266,54.72222137451172,sheet_metal,fabric,37.77777862548828
interaction,2,wallplugs|2|2|200,wallplugs,2,200,41.092592592592595,43.055557,41.3783073425293,54.796295166015625,sheet_metal,fabric,31.203702926635742
interaction,2,wallplugs|2|2|500,wallplugs,2,500,41.092592592592595,45.666668,41.968257904052734,54.24074172973633,rice,fabric,39.185184478759766
interaction,2,wallplugs|4|0|1000,wallplugs,4,1000,38.40740740740741,37.092594,38.37566375732422,54.62963104248047,rice,fabric,38.62963104248047
interaction,2,wallplugs|4|0|200,wallplugs,4,200,38.40740740740741,36.75926,38.07936477661133,52.16666793823242,rice,fabric,34.703704833984375
interaction,2,wallplugs|4|0|500,wallplugs,4,500,38.40740740740741,37.092594,38.843910217285156,53.296295166015625,rice,fabric,41.074073791503906
interaction,2,wallplugs|4|1|1000,wallplugs,4,1000,42.50000000000001,43.185184,44.3862419128418,60.24074172973633,rice,fabric,49.61111068725586
interaction,2,wallplugs|4|1|200,wallplugs,4,200,42.50000000000001,43.925926,45.02116012573242,62.11111068725586,rice,fabric,51.83333206176758
interaction,2,wallplugs|4|1|500,wallplugs,4,500,42.50000000000001,43.11111,44.29629898071289,60.22222137451172,rice,fabric,52.203704833984375
interaction,2,wallplugs|4|2|1000,wallplugs,4,1000,40.37037037037037,50.166668,44.1058235168457,55.22222137451172,rice,fabric,49.407405853271484
interaction,2,wallplugs|4|2|200,wallplugs,4,200,40.37037037037037,43.25926,44.63756561279297,53.203704833984375,sheet_metal,fabric,41.96296310424805
interaction,2,wallplugs|4|2|500,wallplugs,4,500,40.37037037037037,50.092594,44.703704833984375,54.703704833984375,rice,fabric,54.314815521240234
interaction,2,walnuts|-1|0|1000,walnuts,-1,1000,78.74074074074075,74.611115,63.751319885253906,87.48148345947266,rice,can,
interaction,2,walnuts|-1|0|200,walnuts,-1,200,78.74074074074075,72.96296,66.95502471923828,92.29629516601562,rice,vial,
interaction,2,walnuts|-1|0|500,walnuts,-1,500,78.74074074074075,74.611115,63.465606689453125,87.48148345947266,rice,can,
interaction,2,walnuts|-1|1|1000,walnuts,-1,1000,78.74074074074075,74.611115,63.93386459350586,87.48148345947266,rice,can,
interaction,2,walnuts|-1|1|200,walnuts,-1,200,78.74074074074075,73.53704,67.71428680419922,87.48148345947266,rice,can,
interaction,2,walnuts|-1|1|500,walnuts,-1,500,78.74074074074075,74.611115,64.84127044677734,87.48148345947266,rice,can,
interaction,2,walnuts|-1|2|1000,walnuts,-1,1000,78.74074074074075,74.611115,63.84127426147461,87.48148345947266,rice,can,
interaction,2,walnuts|-1|2|200,walnuts,-1,200,78.74074074074075,71.75926,67.29894256591797,87.48148345947266,rice,can,
interaction,2,walnuts|-1|2|500,walnuts,-1,500,78.74074074074075,73.87037,65.4338607788086,87.48148345947266,rice,can,
interaction,2,walnuts|1|0|1000,walnuts,1,1000,75.90740740740742,74.75926,71.00264739990234,85.12963104248047,rice,can,
interaction,2,walnuts|1|0|200,walnuts,1,200,75.90740740740742,73.166664,72.31217193603516,87.51851654052734,rice,vial,
interaction,2,walnuts|1|0|500,walnuts,1,500,75.90740740740742,74.75926,70.81745910644531,85.12963104248047,rice,can,
interaction,2,walnuts|1|1|1000,walnuts,1,1000,80.81481481481482,83.296295,78.43915557861328,89.68518829345703,rice,can,
interaction,2,walnuts|1|1|200,walnuts,1,200,80.81481481481482,84.81481,79.52909851074219,89.68518829345703,rice,can,
interaction,2,walnuts|1|1|500,walnuts,1,500,80.81481481481482,83.25926,78.21693420410156,89.68518829345703,rice,can,
interaction,2,walnuts|1|2|1000,walnuts,1,1000,76.0925925925926,76.25926,68.45503234863281,88.79629516601562,rice,can,
interaction,2,walnuts|1|2|200,walnuts,1,200,76.0925925925926,75.98148,70.46031951904297,88.79629516601562,rice,can,
interaction,2,walnuts|1|2|500,walnuts,1,500,76.0925925925926,76.25926,71.0899429321289,88.79629516601562,rice,can,
interaction,2,walnuts|2|0|1000,walnuts,2,1000,79.14814814814815,84.203705,79.39683532714844,89.31481170654297,rice,can,
interaction,2,walnuts|2|0|200,walnuts,2,200,79.14814814814815,84.09259,79.4920654296875,90.18518829345703,rice,vial,
interaction,2,walnuts|2|0|500,walnuts,2,500,79.14814814814815,84.18519,79.06084442138672,89.31481170654297,rice,can,
interaction,2,walnuts|2|1|1000,walnuts,2,1000,75.81481481481481,76.55556,69.0873031616211,85.66666412353516,rice,can,
interaction,2,walnuts|2|1|200,walnuts,2,200,75.81481481481481,76.27778,71.02910614013672,85.66666412353516,rice,can,
interaction,2,walnuts|2|1|500,walnuts,2,500,75.81481481481481,76.51852,69.14286041259766,85.66666412353516,rice,can,
interaction,2,walnuts|2|2|1000,walnuts,2,1000,73.74074074074075,61.962963,59.79629898071289,86.33333587646484,rice,can,
interaction,2,walnuts|2|2|200,walnuts,2,200,73.74074074074075,59.01852,63.05820083618164,86.33333587646484,rice,can,
interaction,2,walnuts|2|2|500,walnuts,2,500,73.74074074074075,61.25926,61.86243438720703,86.33333587646484,rice,can,
interaction,2,walnuts|4|0|1000,walnuts,4,1000,75.81481481481481,71.666664,67.13492584228516,87.03704071044922,rice,can,
interaction,2,walnuts|4|0|200,walnuts,4,200,75.81481481481481,70.25926,70.50000762939453,88.81481170654297,rice,vial,
interaction,2,walnuts|4|0|500,walnuts,4,500,75.81481481481481,71.68519,67.23015594482422,87.03704071044922,rice,can,
interaction,2,walnuts|4|1|1000,walnuts,4,1000,76.68518518518518,79.87037,67.74073791503906,85.87036895751953,rice,can,
interaction,2,walnuts|4|1|200,walnuts,4,200,76.68518518518518,79.62963,70.87830352783203,85.87036895751953,rice,can,
interaction,2,walnuts|4|1|500,walnuts,4,500,76.68518518518518,79.833336,68.46031951904297,85.87036895751953,rice,can,
interaction,2,walnuts|4|2|1000,walnuts,4,1000,76.55555555555556,81.74074,70.84127044677734,86.85185241699219,rice,can,
interaction,2,walnuts|4|2|200,walnuts,4,200,76.55555555555556,80.72222,73.69576263427734,86.85185241699219,rice,can,
interaction,2,walnuts|4|2|500,walnuts,4,500,76.55555555555556,81.57407,71.4047622680664,86.85185241699219,rice,can,
