object,split,exp,n_images,n_images_actual,n_patches,budget_met,img_AUROC,B,rep
wallplugs,0,1_budget100,1,1.0,1,False,46.407407407407405,,
wallplugs,0,1_budget100,2,2.0,11,False,72.88888888888889,,
wallplugs,0,1_budget100,4,4.0,34,False,66.7037037037037,,
wallplugs,0,1_budget100,8,8.0,66,False,71.81481481481481,,
wallplugs,0,1_budget100,16,16.0,100,True,72.48148148148148,,
wallplugs,0,1_budget100,-1,40.0,100,True,66.74074074074073,,
wallplugs,0,2_feasible,1,,4,True,51.59259259259259,4.0,0.0
wallplugs,0,2_feasible,1,,4,True,35.333333333333336,4.0,1.0
wallplugs,0,2_feasible,1,,4,True,53.8888888888889,4.0,2.0
wallplugs,0,2_feasible,1,,4,True,41.44444444444444,4.0,3.0
wallplugs,0,2_feasible,1,,4,True,58.03703703703703,4.0,4.0
wallplugs,0,2_feasible,1,,4,True,61.74074074074074,4.0,5.0
wallplugs,0,2_feasible,1,,4,True,56.03703703703704,4.0,6.0
wallplugs,0,2_feasible,1,,4,True,48.888888888888886,4.0,7.0
wallplugs,0,2_feasible,1,,4,True,78.51851851851853,4.0,8.0
wallplugs,0,2_feasible,1,,4,True,62.185185185185176,4.0,9.0
wallplugs,0,2_feasible,1,,4,True,71.25925925925925,4.0,10.0
wallplugs,0,2_feasible,1,,4,True,54.2962962962963,4.0,11.0
wallplugs,0,2_feasible,1,,4,True,79.51851851851852,4.0,12.0
wallplugs,0,2_feasible,1,,4,True,52.2962962962963,4.0,13.0
wallplugs,0,2_feasible,1,,4,True,77.7037037037037,4.0,14.0
wallplugs,0,2_feasible,1,,4,True,83.03703703703704,4.0,15.0
wallplugs,0,2_feasible,1,,4,True,57.48148148148148,4.0,16.0
wallplugs,0,2_feasible,1,,4,True,68.2962962962963,4.0,17.0
wallplugs,0,2_feasible,1,,4,True,56.03703703703704,4.0,18.0
wallplugs,0,2_feasible,1,,4,True,69.18518518518518,4.0,19.0
wallplugs,0,2_feasible,1,,4,True,53.0,4.0,20.0
wallplugs,0,2_feasible,1,,4,True,57.00000000000001,4.0,21.0
wallplugs,0,2_feasible,1,,4,True,63.703703703703695,4.0,22.0
wallplugs,0,2_feasible,1,,4,True,86.14814814814815,4.0,23.0
wallplugs,0,2_feasible,1,,4,True,63.81481481481481,4.0,24.0
wallplugs,0,2_feasible,1,,4,True,49.18518518518518,4.0,25.0
wallplugs,0,2_feasible,1,,4,True,45.2962962962963,4.0,26.0
wallplugs,0,2_feasible,1,,4,True,84.00000000000001,4.0,27.0
wallplugs,0,2_feasible,1,,4,True,54.51851851851852,4.0,28.0
wallplugs,0,2_feasible,1,,4,True,55.37037037037037,4.0,29.0
wallplugs,0,2_feasible,2,,4,True,49.59259259259259,4.0,0.0
wallplugs,0,2_feasible,2,,4,True,51.66666666666666,4.0,1.0
wallplugs,0,2_feasible,2,,4,True,61.66666666666667,4.0,2.0
wallplugs,0,2_feasible,2,,4,True,64.18518518518519,4.0,3.0
wallplugs,0,2_feasible,2,,4,True,51.22222222222222,4.0,4.0
wallplugs,0,2_feasible,2,,4,True,61.999999999999986,4.0,5.0
wallplugs,0,2_feasible,2,,4,True,49.592592592592595,4.0,6.0
wallplugs,0,2_feasible,2,,4,True,63.55555555555556,4.0,7.0
wallplugs,0,2_feasible,2,,4,True,49.851851851851855,4.0,8.0
wallplugs,0,2_feasible,2,,4,True,52.33333333333334,4.0,9.0
wallplugs,0,2_feasible,2,,4,True,57.370370370370374,4.0,10.0
wallplugs,0,2_feasible,2,,4,True,56.66666666666668,4.0,11.0
wallplugs,0,2_feasible,2,,4,True,57.22222222222222,4.0,12.0
wallplugs,0,2_feasible,2,,4,True,59.14814814814815,4.0,13.0
wallplugs,0,2_feasible,2,,4,True,57.407407407407405,4.0,14.0
wallplugs,0,2_feasible,2,,4,True,57.666666666666664,4.0,15.0
wallplugs,0,2_feasible,2,,4,True,59.62962962962962,4.0,16.0
wallplugs,0,2_feasible,2,,4,True,53.51851851851852,4.0,17.0
wallplugs,0,2_feasible,2,,4,True,65.22222222222223,4.0,18.0
wallplugs,0,2_feasible,2,,4,True,63.44444444444445,4.0,19.0
wallplugs,0,2_feasible,2,,4,True,55.44444444444445,4.0,20.0
wallplugs,0,2_feasible,2,,4,True,68.2962962962963,4.0,21.0
wallplugs,0,2_feasible,2,,4,True,52.81481481481482,4.0,22.0
wallplugs,0,2_feasible,2,,4,True,58.407407407407405,4.0,23.0
wallplugs,0,2_feasible,2,,4,True,56.888888888888886,4.0,24.0
wallplugs,0,2_feasible,2,,4,True,53.25925925925925,4.0,25.0
wallplugs,0,2_feasible,2,,4,True,57.29629629629629,4.0,26.0
wallplugs,0,2_feasible,2,,4,True,48.25925925925926,4.0,27.0
wallplugs,0,2_feasible,2,,4,True,50.0,4.0,28.0
wallplugs,0,2_feasible,2,,4,True,44.96296296296297,4.0,29.0
wallplugs,0,2_feasible,4,,4,True,65.44444444444444,4.0,0.0
wallplugs,0,2_feasible,4,,4,True,55.2962962962963,4.0,1.0
wallplugs,0,2_feasible,4,,4,True,47.333333333333336,4.0,2.0
wallplugs,0,2_feasible,4,,4,True,57.48148148148149,4.0,3.0
wallplugs,0,2_feasible,4,,4,True,62.55555555555555,4.0,4.0
wallplugs,0,2_feasible,4,,4,True,52.666666666666664,4.0,5.0
wallplugs,0,2_feasible,4,,4,True,65.81481481481481,4.0,6.0
wallplugs,0,2_feasible,4,,4,True,57.81481481481481,4.0,7.0
wallplugs,0,2_feasible,4,,4,True,62.629629629629626,4.0,8.0
wallplugs,0,2_feasible,4,,4,True,74.66666666666667,4.0,9.0
wallplugs,0,2_feasible,4,,4,True,51.59259259259259,4.0,10.0
wallplugs,0,2_feasible,4,,4,True,71.81481481481481,4.0,11.0
wallplugs,0,2_feasible,4,,4,True,64.62962962962962,4.0,12.0
wallplugs,0,2_feasible,4,,4,True,55.33333333333332,4.0,13.0
wallplugs,0,2_feasible,4,,4,True,54.629629629629626,4.0,14.0
wallplugs,0,2_feasible,4,,4,True,54.03703703703704,4.0,15.0
wallplugs,0,2_feasible,4,,4,True,72.70370370370371,4.0,16.0
wallplugs,0,2_feasible,4,,4,True,55.2962962962963,4.0,17.0
wallplugs,0,2_feasible,4,,4,True,50.14814814814814,4.0,18.0
wallplugs,0,2_feasible,4,,4,True,58.407407407407405,4.0,19.0
wallplugs,0,2_feasible,4,,4,True,51.44444444444445,4.0,20.0
wallplugs,0,2_feasible,4,,4,True,55.7037037037037,4.0,21.0
wallplugs,0,2_feasible,4,,4,True,57.2962962962963,4.0,22.0
wallplugs,0,2_feasible,4,,4,True,59.0,4.0,23.0
wallplugs,0,2_feasible,4,,4,True,50.629629629629626,4.0,24.0
wallplugs,0,2_feasible,4,,4,True,61.77777777777778,4.0,25.0
wallplugs,0,2_feasible,4,,4,True,60.81481481481481,4.0,26.0
wallplugs,0,2_feasible,4,,4,True,53.85185185185185,4.0,27.0
wallplugs,0,2_feasible,4,,4,True,60.44444444444444,4.0,28.0
wallplugs,0,2_feasible,4,,4,True,70.81481481481482,4.0,29.0
wallplugs,0,2_feasible,1,,8,True,59.7037037037037,8.0,0.0
wallplugs,0,2_feasible,1,,8,True,61.66666666666667,8.0,1.0
wallplugs,0,2_feasible,1,,8,True,54.333333333333336,8.0,2.0
wallplugs,0,2_feasible,1,,8,True,82.03703703703702,8.0,3.0
wallplugs,0,2_feasible,1,,8,True,56.851851851851855,8.0,4.0
wallplugs,0,2_feasible,1,,8,True,84.81481481481482,8.0,5.0
wallplugs,0,2_feasible,1,,8,True,72.4074074074074,8.0,6.0
wallplugs,0,2_feasible,1,,8,True,56.925925925925924,8.0,7.0
wallplugs,0,2_feasible,1,,8,True,55.37037037037037,8.0,8.0
wallplugs,0,2_feasible,1,,8,True,61.25925925925926,8.0,9.0
wallplugs,0,2_feasible,1,,8,True,60.81481481481481,8.0,10.0
wallplugs,0,2_feasible,1,,8,True,63.40740740740741,8.0,11.0
wallplugs,0,2_feasible,1,,8,True,56.370370370370374,8.0,12.0
wallplugs,0,2_feasible,1,,8,True,44.666666666666664,8.0,13.0
wallplugs,0,2_feasible,1,,8,True,62.111111111111114,8.0,14.0
wallplugs,0,2_feasible,1,,8,True,57.62962962962963,8.0,15.0
wallplugs,0,2_feasible,1,,8,True,66.8888888888889,8.0,16.0
wallplugs,0,2_feasible,1,,8,True,63.33333333333332,8.0,17.0
wallplugs,0,2_feasible,1,,8,True,56.81481481481482,8.0,18.0
wallplugs,0,2_feasible,1,,8,True,77.8888888888889,8.0,19.0
wallplugs,0,2_feasible,1,,8,True,68.96296296296296,8.0,20.0
wallplugs,0,2_feasible,1,,8,True,48.851851851851855,8.0,21.0
wallplugs,0,2_feasible,1,,8,True,58.81481481481481,8.0,22.0
wallplugs,0,2_feasible,1,,8,True,84.44444444444444,8.0,23.0
wallplugs,0,2_feasible,1,,8,True,54.222222222222214,8.0,24.0
wallplugs,0,2_feasible,1,,8,True,51.77777777777778,8.0,25.0
wallplugs,0,2_feasible,1,,8,True,59.96296296296296,8.0,26.0
wallplugs,0,2_feasible,1,,8,True,60.92592592592593,8.0,27.0
wallplugs,0,2_feasible,1,,8,True,76.48148148148148,8.0,28.0
wallplugs,0,2_feasible,1,,8,True,74.25925925925925,8.0,29.0
wallplugs,0,2_feasible,2,,8,True,81.14814814814815,8.0,0.0
wallplugs,0,2_feasible,2,,8,True,60.77777777777777,8.0,1.0
wallplugs,0,2_feasible,2,,8,True,71.48148148148148,8.0,2.0
wallplugs,0,2_feasible,2,,8,True,52.40740740740741,8.0,3.0
wallplugs,0,2_feasible,2,,8,True,69.22222222222223,8.0,4.0
wallplugs,0,2_feasible,2,,8,True,50.629629629629626,8.0,5.0
wallplugs,0,2_feasible,2,,8,True,55.96296296296297,8.0,6.0
wallplugs,0,2_feasible,2,,8,True,85.22222222222223,8.0,7.0
wallplugs,0,2_feasible,2,,8,True,60.62962962962963,8.0,8.0
wallplugs,0,2_feasible,2,,8,True,58.14814814814815,8.0,9.0
wallplugs,0,2_feasible,2,,8,True,56.148148148148145,8.0,10.0
wallplugs,0,2_feasible,2,,8,True,68.77777777777779,8.0,11.0
wallplugs,0,2_feasible,2,,8,True,56.62962962962963,8.0,12.0
wallplugs,0,2_feasible,2,,8,True,59.00000000000001,8.0,13.0
wallplugs,0,2_feasible,2,,8,True,59.85185185185185,8.0,14.0
wallplugs,0,2_feasible,2,,8,True,61.851851851851855,8.0,15.0
wallplugs,0,2_feasible,2,,8,True,58.96296296296296,8.0,16.0
wallplugs,0,2_feasible,2,,8,True,58.81481481481482,8.0,17.0
wallplugs,0,2_feasible,2,,8,True,56.925925925925924,8.0,18.0
wallplugs,0,2_feasible,2,,8,True,59.29629629629629,8.0,19.0
wallplugs,0,2_feasible,2,,8,True,54.11111111111111,8.0,20.0
wallplugs,0,2_feasible,2,,8,True,52.074074074074076,8.0,21.0
wallplugs,0,2_feasible,2,,8,True,58.518518518518526,8.0,22.0
wallplugs,0,2_feasible,2,,8,True,75.40740740740742,8.0,23.0
wallplugs,0,2_feasible,2,,8,True,66.96296296296296,8.0,24.0
wallplugs,0,2_feasible,2,,8,True,58.00000000000001,8.0,25.0
wallplugs,0,2_feasible,2,,8,True,62.74074074074074,8.0,26.0
wallplugs,0,2_feasible,2,,8,True,52.44444444444445,8.0,27.0
wallplugs,0,2_feasible,2,,8,True,66.92592592592592,8.0,28.0
wallplugs,0,2_feasible,2,,8,True,61.370370370370374,8.0,29.0
wallplugs,0,2_feasible,4,,8,True,57.81481481481482,8.0,0.0
wallplugs,0,2_feasible,4,,8,True,48.370370370370374,8.0,1.0
wallplugs,0,2_feasible,4,,8,True,66.74074074074075,8.0,2.0
wallplugs,0,2_feasible,4,,8,True,57.370370370370374,8.0,3.0
wallplugs,0,2_feasible,4,,8,True,54.0,8.0,4.0
wallplugs,0,2_feasible,4,,8,True,52.074074074074076,8.0,5.0
wallplugs,0,2_feasible,4,,8,True,59.22222222222222,8.0,6.0
wallplugs,0,2_feasible,4,,8,True,65.66666666666667,8.0,7.0
wallplugs,0,2_feasible,4,,8,True,63.888888888888886,8.0,8.0
wallplugs,0,2_feasible,4,,8,True,58.592592592592595,8.0,9.0
wallplugs,0,2_feasible,4,,8,True,60.18518518518518,8.0,10.0
wallplugs,0,2_feasible,4,,8,True,61.62962962962963,8.0,11.0
wallplugs,0,2_feasible,4,,8,True,69.51851851851852,8.0,12.0
wallplugs,0,2_feasible,4,,8,True,66.62962962962963,8.0,13.0
wallplugs,0,2_feasible,4,,8,True,59.55555555555555,8.0,14.0
wallplugs,0,2_feasible,4,,8,True,58.592592592592595,8.0,15.0
wallplugs,0,2_feasible,4,,8,True,83.88888888888889,8.0,16.0
wallplugs,0,2_feasible,4,,8,True,58.666666666666664,8.0,17.0
wallplugs,0,2_feasible,4,,8,True,61.7037037037037,8.0,18.0
wallplugs,0,2_feasible,4,,8,True,60.29629629629629,8.0,19.0
wallplugs,0,2_feasible,4,,8,True,54.0,8.0,20.0
wallplugs,0,2_feasible,4,,8,True,50.2962962962963,8.0,21.0
wallplugs,0,2_feasible,4,,8,True,57.22222222222222,8.0,22.0
wallplugs,0,2_feasible,4,,8,True,74.81481481481482,8.0,23.0
wallplugs,0,2_feasible,4,,8,True,72.4074074074074,8.0,24.0
wallplugs,0,2_feasible,4,,8,True,60.77777777777777,8.0,25.0
wallplugs,0,2_feasible,4,,8,True,74.88888888888889,8.0,26.0
wallplugs,0,2_feasible,4,,8,True,74.03703703703704,8.0,27.0
wallplugs,0,2_feasible,4,,8,True,50.185185185185176,8.0,28.0
wallplugs,0,2_feasible,4,,8,True,63.25925925925926,8.0,29.0
wallplugs,0,2_feasible,8,,8,True,60.85185185185185,8.0,0.0
wallplugs,0,2_feasible,8,,8,True,67.44444444444444,8.0,1.0
wallplugs,0,2_feasible,8,,8,True,60.00000000000001,8.0,2.0
wallplugs,0,2_feasible,8,,8,True,59.62962962962963,8.0,3.0
wallplugs,0,2_feasible,8,,8,True,58.88888888888888,8.0,4.0
wallplugs,0,2_feasible,8,,8,True,72.81481481481482,8.0,5.0
wallplugs,0,2_feasible,8,,8,True,61.0,8.0,6.0
wallplugs,0,2_feasible,8,,8,True,69.07407407407408,8.0,7.0
wallplugs,0,2_feasible,8,,8,True,64.25925925925927,8.0,8.0
wallplugs,0,2_feasible,8,,8,True,63.555555555555564,8.0,9.0
wallplugs,0,2_feasible,8,,8,True,55.37037037037036,8.0,10.0
wallplugs,0,2_feasible,8,,8,True,57.62962962962963,8.0,11.0
wallplugs,0,2_feasible,8,,8,True,72.85185185185186,8.0,12.0
wallplugs,0,2_feasible,8,,8,True,55.44444444444445,8.0,13.0
wallplugs,0,2_feasible,8,,8,True,56.7037037037037,8.0,14.0
wallplugs,0,2_feasible,8,,8,True,63.92592592592592,8.0,15.0
wallplugs,0,2_feasible,8,,8,True,73.96296296296296,8.0,16.0
wallplugs,0,2_feasible,8,,8,True,60.33333333333333,8.0,17.0
wallplugs,0,2_feasible,8,,8,True,66.88888888888889,8.0,18.0
wallplugs,0,2_feasible,8,,8,True,68.0,8.0,19.0
wallplugs,0,2_feasible,8,,8,True,60.18518518518518,8.0,20.0
wallplugs,0,2_feasible,8,,8,True,63.25925925925926,8.0,21.0
wallplugs,0,2_feasible,8,,8,True,59.111111111111114,8.0,22.0
wallplugs,0,2_feasible,8,,8,True,62.888888888888886,8.0,23.0
wallplugs,0,2_feasible,8,,8,True,61.00000000000001,8.0,24.0
wallplugs,0,2_feasible,8,,8,True,61.18518518518519,8.0,25.0
wallplugs,0,2_feasible,8,,8,True,57.44444444444444,8.0,26.0
wallplugs,0,2_feasible,8,,8,True,72.03703703703704,8.0,27.0
wallplugs,0,2_feasible,8,,8,True,62.25925925925926,8.0,28.0
wallplugs,0,2_feasible,8,,8,True,65.29629629629629,8.0,29.0
wallplugs,0,2b_rich_only,1,,4,True,52.77777777777778,4.0,0.0
wallplugs,0,2b_rich_only,1,,4,True,73.74074074074075,4.0,1.0
wallplugs,0,2b_rich_only,1,,4,True,59.18518518518518,4.0,2.0
wallplugs,0,2b_rich_only,1,,4,True,51.148148148148145,4.0,3.0
wallplugs,0,2b_rich_only,1,,4,True,45.22222222222223,4.0,4.0
wallplugs,0,2b_rich_only,1,,4,True,83.4074074074074,4.0,5.0
wallplugs,0,2b_rich_only,1,,4,True,59.18518518518518,4.0,6.0
wallplugs,0,2b_rich_only,1,,4,True,49.55555555555555,4.0,7.0
wallplugs,0,2b_rich_only,1,,4,True,54.851851851851855,4.0,8.0
wallplugs,0,2b_rich_only,1,,4,True,52.074074074074076,4.0,9.0
wallplugs,0,2b_rich_only,1,,4,True,62.88888888888889,4.0,10.0
wallplugs,0,2b_rich_only,1,,4,True,57.074074074074076,4.0,11.0
wallplugs,0,2b_rich_only,1,,4,True,60.074074074074076,4.0,12.0
wallplugs,0,2b_rich_only,1,,4,True,54.0,4.0,13.0
wallplugs,0,2b_rich_only,1,,4,True,83.4074074074074,4.0,14.0
wallplugs,0,2b_rich_only,1,,4,True,53.74074074074073,4.0,15.0
wallplugs,0,2b_rich_only,1,,4,True,65.92592592592594,4.0,16.0
wallplugs,0,2b_rich_only,1,,4,True,63.18518518518519,4.0,17.0
wallplugs,0,2b_rich_only,1,,4,True,62.33333333333333,4.0,18.0
wallplugs,0,2b_rich_only,1,,4,True,53.18518518518519,4.0,19.0
wallplugs,0,2b_rich_only,1,,4,True,56.03703703703704,4.0,20.0
wallplugs,0,2b_rich_only,1,,4,True,53.666666666666664,4.0,21.0
wallplugs,0,2b_rich_only,1,,4,True,48.81481481481481,4.0,22.0
wallplugs,0,2b_rich_only,1,,4,True,54.25925925925925,4.0,23.0
wallplugs,0,2b_rich_only,1,,4,True,73.14814814814815,4.0,24.0
wallplugs,0,2b_rich_only,1,,4,True,53.0,4.0,25.0
wallplugs,0,2b_rich_only,1,,4,True,54.25925925925926,4.0,26.0
wallplugs,0,2b_rich_only,1,,4,True,67.44444444444444,4.0,27.0
wallplugs,0,2b_rich_only,1,,4,True,58.666666666666664,4.0,28.0
wallplugs,0,2b_rich_only,1,,4,True,55.44444444444445,4.0,29.0
wallplugs,0,2b_rich_only,2,,4,True,56.2962962962963,4.0,0.0
wallplugs,0,2b_rich_only,2,,4,True,63.2962962962963,4.0,1.0
wallplugs,0,2b_rich_only,2,,4,True,48.96296296296296,4.0,2.0
wallplugs,0,2b_rich_only,2,,4,True,69.33333333333334,4.0,3.0
wallplugs,0,2b_rich_only,2,,4,True,56.85185185185184,4.0,4.0
wallplugs,0,2b_rich_only,2,,4,True,62.222222222222214,4.0,5.0
wallplugs,0,2b_rich_only,2,,4,True,84.92592592592592,4.0,6.0
wallplugs,0,2b_rich_only,2,,4,True,47.22222222222222,4.0,7.0
wallplugs,0,2b_rich_only,2,,4,True,64.18518518518519,4.0,8.0
wallplugs,0,2b_rich_only,2,,4,True,48.629629629629626,4.0,9.0
wallplugs,0,2b_rich_only,2,,4,True,52.0,4.0,10.0
wallplugs,0,2b_rich_only,2,,4,True,65.88888888888889,4.0,11.0
wallplugs,0,2b_rich_only,2,,4,True,60.85185185185185,4.0,12.0
wallplugs,0,2b_rich_only,2,,4,True,48.11111111111111,4.0,13.0
wallplugs,0,2b_rich_only,2,,4,True,64.55555555555556,4.0,14.0
wallplugs,0,2b_rich_only,2,,4,True,70.85185185185185,4.0,15.0
wallplugs,0,2b_rich_only,2,,4,True,82.33333333333334,4.0,16.0
wallplugs,0,2b_rich_only,2,,4,True,51.444444444444436,4.0,17.0
wallplugs,0,2b_rich_only,2,,4,True,53.037037037037024,4.0,18.0
wallplugs,0,2b_rich_only,2,,4,True,51.51851851851852,4.0,19.0
wallplugs,0,2b_rich_only,2,,4,True,60.85185185185185,4.0,20.0
wallplugs,0,2b_rich_only,2,,4,True,62.4074074074074,4.0,21.0
wallplugs,0,2b_rich_only,2,,4,True,56.074074074074076,4.0,22.0
wallplugs,0,2b_rich_only,2,,4,True,54.407407407407405,4.0,23.0
wallplugs,0,2b_rich_only,2,,4,True,59.40740740740741,4.0,24.0
wallplugs,0,2b_rich_only,2,,4,True,48.74074074074074,4.0,25.0
wallplugs,0,2b_rich_only,2,,4,True,59.62962962962963,4.0,26.0
wallplugs,0,2b_rich_only,2,,4,True,53.962962962962955,4.0,27.0
wallplugs,0,2b_rich_only,2,,4,True,57.00000000000001,4.0,28.0
wallplugs,0,2b_rich_only,2,,4,True,66.33333333333333,4.0,29.0
wallplugs,0,2b_rich_only,4,,4,True,46.0,4.0,0.0
wallplugs,0,2b_rich_only,4,,4,True,81.03703703703704,4.0,1.0
wallplugs,0,2b_rich_only,4,,4,True,82.77777777777777,4.0,2.0
wallplugs,0,2b_rich_only,4,,4,True,80.2962962962963,4.0,3.0
wallplugs,0,2b_rich_only,4,,4,True,52.55555555555556,4.0,4.0
wallplugs,0,2b_rich_only,4,,4,True,80.88888888888887,4.0,5.0
wallplugs,0,2b_rich_only,4,,4,True,69.4814814814815,4.0,6.0
wallplugs,0,2b_rich_only,4,,4,True,48.74074074074074,4.0,7.0
wallplugs,0,2b_rich_only,4,,4,True,78.25925925925927,4.0,8.0
wallplugs,0,2b_rich_only,4,,4,True,80.81481481481482,4.0,9.0
wallplugs,0,2b_rich_only,4,,4,True,76.0,4.0,10.0
wallplugs,0,2b_rich_only,4,,4,True,55.148148148148145,4.0,11.0
wallplugs,0,2b_rich_only,4,,4,True,78.66666666666667,4.0,12.0
wallplugs,0,2b_rich_only,4,,4,True,56.666666666666664,4.0,13.0
wallplugs,0,2b_rich_only,4,,4,True,63.03703703703704,4.0,14.0
wallplugs,0,2b_rich_only,4,,4,True,47.96296296296297,4.0,15.0
wallplugs,0,2b_rich_only,4,,4,True,65.70370370370371,4.0,16.0
wallplugs,0,2b_rich_only,4,,4,True,67.33333333333333,4.0,17.0
wallplugs,0,2b_rich_only,4,,4,True,59.074074074074076,4.0,18.0
wallplugs,0,2b_rich_only,4,,4,True,69.18518518518518,4.0,19.0
wallplugs,0,2b_rich_only,4,,4,True,70.96296296296298,4.0,20.0
wallplugs,0,2b_rich_only,4,,4,True,69.33333333333334,4.0,21.0
wallplugs,0,2b_rich_only,4,,4,True,53.25925925925925,4.0,22.0
wallplugs,0,2b_rich_only,4,,4,True,63.2962962962963,4.0,23.0
wallplugs,0,2b_rich_only,4,,4,True,78.55555555555556,4.0,24.0
wallplugs,0,2b_rich_only,4,,4,True,86.33333333333333,4.0,25.0
wallplugs,0,2b_rich_only,4,,4,True,68.77777777777779,4.0,26.0
wallplugs,0,2b_rich_only,4,,4,True,63.55555555555556,4.0,27.0
wallplugs,0,2b_rich_only,4,,4,True,66.33333333333333,4.0,28.0
wallplugs,0,2b_rich_only,4,,4,True,67.33333333333333,4.0,29.0
wallplugs,0,2b_rich_only,1,,8,True,67.51851851851852,8.0,0.0
wallplugs,0,2b_rich_only,1,,8,True,60.48148148148148,8.0,1.0
wallplugs,0,2b_rich_only,1,,8,True,48.925925925925924,8.0,2.0
wallplugs,0,2b_rich_only,1,,8,True,59.29629629629629,8.0,3.0
wallplugs,0,2b_rich_only,1,,8,True,50.14814814814814,8.0,4.0
wallplugs,0,2b_rich_only,1,,8,True,53.85185185185186,8.0,5.0
wallplugs,0,2b_rich_only,1,,8,True,64.29629629629629,8.0,6.0
wallplugs,0,2b_rich_only,1,,8,True,77.92592592592592,8.0,7.0
wallplugs,0,2b_rich_only,1,,8,True,65.55555555555556,8.0,8.0
wallplugs,0,2b_rich_only,1,,8,True,52.629629629629626,8.0,9.0
wallplugs,0,2b_rich_only,1,,8,True,68.62962962962962,8.0,10.0
wallplugs,0,2b_rich_only,1,,8,True,65.99999999999999,8.0,11.0
wallplugs,0,2b_rich_only,1,,8,True,55.666666666666664,8.0,12.0
wallplugs,0,2b_rich_only,1,,8,True,60.92592592592593,8.0,13.0
wallplugs,0,2b_rich_only,1,,8,True,77.96296296296296,8.0,14.0
wallplugs,0,2b_rich_only,1,,8,True,53.925925925925924,8.0,15.0
wallplugs,0,2b_rich_only,1,,8,True,68.66666666666667,8.0,16.0
wallplugs,0,2b_rich_only,1,,8,True,44.925925925925924,8.0,17.0
wallplugs,0,2b_rich_only,1,,8,True,74.70370370370371,8.0,18.0
wallplugs,0,2b_rich_only,1,,8,True,77.96296296296296,8.0,19.0
wallplugs,0,2b_rich_only,1,,8,True,58.96296296296296,8.0,20.0
wallplugs,0,2b_rich_only,1,,8,True,74.48148148148148,8.0,21.0
wallplugs,0,2b_rich_only,1,,8,True,59.81481481481481,8.0,22.0
wallplugs,0,2b_rich_only,1,,8,True,74.0,8.0,23.0
wallplugs,0,2b_rich_only,1,,8,True,66.5925925925926,8.0,24.0
wallplugs,0,2b_rich_only,1,,8,True,51.37037037037038,8.0,25.0
wallplugs,0,2b_rich_only,1,,8,True,55.96296296296297,8.0,26.0
wallplugs,0,2b_rich_only,1,,8,True,67.77777777777779,8.0,27.0
wallplugs,0,2b_rich_only,1,,8,True,83.11111111111111,8.0,28.0
wallplugs,0,2b_rich_only,1,,8,True,61.66666666666667,8.0,29.0
wallplugs,0,2b_rich_only,2,,8,True,61.55555555555554,8.0,0.0
wallplugs,0,2b_rich_only,2,,8,True,50.03703703703704,8.0,1.0
wallplugs,0,2b_rich_only,2,,8,True,58.48148148148148,8.0,2.0
wallplugs,0,2b_rich_only,2,,8,True,66.62962962962963,8.0,3.0
wallplugs,0,2b_rich_only,2,,8,True,70.92592592592594,8.0,4.0
wallplugs,0,2b_rich_only,2,,8,True,58.7037037037037,8.0,5.0
wallplugs,0,2b_rich_only,2,,8,True,55.48148148148149,8.0,6.0
wallplugs,0,2b_rich_only,2,,8,True,58.62962962962963,8.0,7.0
wallplugs,0,2b_rich_only,2,,8,True,70.37037037037037,8.0,8.0
wallplugs,0,2b_rich_only,2,,8,True,61.74074074074074,8.0,9.0
wallplugs,0,2b_rich_only,2,,8,True,83.92592592592592,8.0,10.0
wallplugs,0,2b_rich_only,2,,8,True,67.4074074074074,8.0,11.0
wallplugs,0,2b_rich_only,2,,8,True,70.07407407407406,8.0,12.0
wallplugs,0,2b_rich_only,2,,8,True,75.29629629629629,8.0,13.0
wallplugs,0,2b_rich_only,2,,8,True,65.37037037037037,8.0,14.0
wallplugs,0,2b_rich_only,2,,8,True,56.03703703703704,8.0,15.0
wallplugs,0,2b_rich_only,2,,8,True,63.74074074074074,8.0,16.0
wallplugs,0,2b_rich_only,2,,8,True,66.07407407407408,8.0,17.0
wallplugs,0,2b_rich_only,2,,8,True,68.81481481481482,8.0,18.0
wallplugs,0,2b_rich_only,2,,8,True,56.77777777777777,8.0,19.0
wallplugs,0,2b_rich_only,2,,8,True,66.37037037037037,8.0,20.0
wallplugs,0,2b_rich_only,2,,8,True,65.29629629629629,8.0,21.0
wallplugs,0,2b_rich_only,2,,8,True,67.11111111111111,8.0,22.0
wallplugs,0,2b_rich_only,2,,8,True,50.14814814814814,8.0,23.0
wallplugs,0,2b_rich_only,2,,8,True,80.40740740740739,8.0,24.0
wallplugs,0,2b_rich_only,2,,8,True,46.666666666666664,8.0,25.0
wallplugs,0,2b_rich_only,2,,8,True,64.25925925925927,8.0,26.0
wallplugs,0,2b_rich_only,2,,8,True,75.18518518518518,8.0,27.0
wallplugs,0,2b_rich_only,2,,8,True,74.92592592592592,8.0,28.0
wallplugs,0,2b_rich_only,2,,8,True,69.2962962962963,8.0,29.0
wallplugs,0,2b_rich_only,4,,8,True,82.4074074074074,8.0,0.0
wallplugs,0,2b_rich_only,4,,8,True,76.5925925925926,8.0,1.0
wallplugs,0,2b_rich_only,4,,8,True,64.70370370370371,8.0,2.0
wallplugs,0,2b_rich_only,4,,8,True,75.37037037037038,8.0,3.0
wallplugs,0,2b_rich_only,4,,8,True,65.5925925925926,8.0,4.0
wallplugs,0,2b_rich_only,4,,8,True,53.148148148148145,8.0,5.0
wallplugs,0,2b_rich_only,4,,8,True,72.88888888888889,8.0,6.0
wallplugs,0,2b_rich_only,4,,8,True,49.37037037037037,8.0,7.0
wallplugs,0,2b_rich_only,4,,8,True,74.55555555555556,8.0,8.0
wallplugs,0,2b_rich_only,4,,8,True,72.44444444444443,8.0,9.0
wallplugs,0,2b_rich_only,4,,8,True,64.88888888888889,8.0,10.0
wallplugs,0,2b_rich_only,4,,8,True,62.03703703703704,8.0,11.0
wallplugs,0,2b_rich_only,4,,8,True,61.22222222222222,8.0,12.0
wallplugs,0,2b_rich_only,4,,8,True,68.88888888888889,8.0,13.0
wallplugs,0,2b_rich_only,4,,8,True,62.111111111111114,8.0,14.0
wallplugs,0,2b_rich_only,4,,8,True,62.555555555555564,8.0,15.0
wallplugs,0,2b_rich_only,4,,8,True,66.0,8.0,16.0
wallplugs,0,2b_rich_only,4,,8,True,73.33333333333333,8.0,17.0
wallplugs,0,2b_rich_only,4,,8,True,72.14814814814815,8.0,18.0
wallplugs,0,2b_rich_only,4,,8,True,58.7037037037037,8.0,19.0
wallplugs,0,2b_rich_only,4,,8,True,72.2962962962963,8.0,20.0
wallplugs,0,2b_rich_only,4,,8,True,66.51851851851852,8.0,21.0
wallplugs,0,2b_rich_only,4,,8,True,73.59259259259258,8.0,22.0
wallplugs,0,2b_rich_only,4,,8,True,57.55555555555556,8.0,23.0
wallplugs,0,2b_rich_only,4,,8,True,68.7037037037037,8.0,24.0
wallplugs,0,2b_rich_only,4,,8,True,70.51851851851852,8.0,25.0
wallplugs,0,2b_rich_only,4,,8,True,68.51851851851852,8.0,26.0
wallplugs,0,2b_rich_only,4,,8,True,76.18518518518518,8.0,27.0
wallplugs,0,2b_rich_only,4,,8,True,78.03703703703704,8.0,28.0
wallplugs,0,2b_rich_only,4,,8,True,62.5925925925926,8.0,29.0
wallplugs,0,2b_rich_only,8,,8,True,66.66666666666666,8.0,0.0
wallplugs,0,2b_rich_only,8,,8,True,70.22222222222221,8.0,1.0
wallplugs,0,2b_rich_only,8,,8,True,61.92592592592592,8.0,2.0
wallplugs,0,2b_rich_only,8,,8,True,79.62962962962963,8.0,3.0
wallplugs,0,2b_rich_only,8,,8,True,77.99999999999999,8.0,4.0
wallplugs,0,2b_rich_only,8,,8,True,64.44444444444444,8.0,5.0
wallplugs,0,2b_rich_only,8,,8,True,69.7037037037037,8.0,6.0
wallplugs,0,2b_rich_only,8,,8,True,59.29629629629629,8.0,7.0
wallplugs,0,2b_rich_only,8,,8,True,59.18518518518518,8.0,8.0
wallplugs,0,2b_rich_only,8,,8,True,59.25925925925927,8.0,9.0
wallplugs,0,2b_rich_only,8,,8,True,72.81481481481481,8.0,10.0
wallplugs,0,2b_rich_only,8,,8,True,67.22222222222221,8.0,11.0
wallplugs,0,2b_rich_only,8,,8,True,71.07407407407408,8.0,12.0
wallplugs,0,2b_rich_only,8,,8,True,73.07407407407408,8.0,13.0
wallplugs,0,2b_rich_only,8,,8,True,61.7037037037037,8.0,14.0
wallplugs,0,2b_rich_only,8,,8,True,81.92592592592592,8.0,15.0
wallplugs,0,2b_rich_only,8,,8,True,78.48148148148148,8.0,16.0
wallplugs,0,2b_rich_only,8,,8,True,57.925925925925924,8.0,17.0
wallplugs,0,2b_rich_only,8,,8,True,60.96296296296296,8.0,18.0
wallplugs,0,2b_rich_only,8,,8,True,73.22222222222223,8.0,19.0
wallplugs,0,2b_rich_only,8,,8,True,66.85185185185185,8.0,20.0
wallplugs,0,2b_rich_only,8,,8,True,75.81481481481481,8.0,21.0
wallplugs,0,2b_rich_only,8,,8,True,67.92592592592592,8.0,22.0
wallplugs,0,2b_rich_only,8,,8,True,68.62962962962963,8.0,23.0
wallplugs,0,2b_rich_only,8,,8,True,53.148148148148145,8.0,24.0
wallplugs,0,2b_rich_only,8,,8,True,62.92592592592592,8.0,25.0
wallplugs,0,2b_rich_only,8,,8,True,64.85185185185186,8.0,26.0
wallplugs,0,2b_rich_only,8,,8,True,76.99999999999999,8.0,27.0
wallplugs,0,2b_rich_only,8,,8,True,69.48148148148148,8.0,28.0
wallplugs,0,2b_rich_only,8,,8,True,63.22222222222222,8.0,29.0
wallplugs,0,3_density,8,,2,True,64.18518518518518,,0.0
wallplugs,0,3_density,8,,2,True,57.22222222222222,,1.0
wallplugs,0,3_density,8,,2,True,63.33333333333333,,2.0
wallplugs,0,3_density,8,,2,True,54.77777777777778,,3.0
wallplugs,0,3_density,8,,2,True,71.85185185185186,,4.0
wallplugs,0,3_density,8,,2,True,40.55555555555556,,5.0
wallplugs,0,3_density,8,,2,True,48.48148148148148,,6.0
wallplugs,0,3_density,8,,2,True,66.5185185185185,,7.0
wallplugs,0,3_density,8,,2,True,52.96296296296297,,8.0
wallplugs,0,3_density,8,,2,True,73.96296296296296,,9.0
wallplugs,0,3_density,8,,2,True,58.55555555555556,,10.0
wallplugs,0,3_density,8,,2,True,55.03703703703704,,11.0
wallplugs,0,3_density,8,,2,True,65.11111111111111,,12.0
wallplugs,0,3_density,8,,2,True,57.96296296296296,,13.0
wallplugs,0,3_density,8,,2,True,55.851851851851855,,14.0
wallplugs,0,3_density,8,,2,True,55.44444444444444,,15.0
wallplugs,0,3_density,8,,2,True,57.148148148148145,,16.0
wallplugs,0,3_density,8,,2,True,45.666666666666664,,17.0
wallplugs,0,3_density,8,,2,True,46.25925925925926,,18.0
wallplugs,0,3_density,8,,2,True,60.592592592592595,,19.0
wallplugs,0,3_density,8,,2,True,46.18518518518518,,20.0
wallplugs,0,3_density,8,,2,True,52.8888888888889,,21.0
wallplugs,0,3_density,8,,2,True,61.0,,22.0
wallplugs,0,3_density,8,,2,True,44.888888888888886,,23.0
wallplugs,0,3_density,8,,2,True,64.99999999999999,,24.0
wallplugs,0,3_density,8,,2,True,63.66666666666667,,25.0
wallplugs,0,3_density,8,,2,True,59.96296296296296,,26.0
wallplugs,0,3_density,8,,2,True,55.851851851851855,,27.0
wallplugs,0,3_density,8,,2,True,64.55555555555554,,28.0
wallplugs,0,3_density,8,,2,True,62.85185185185185,,29.0
wallplugs,0,3_density,8,,4,True,57.48148148148149,,0.0
wallplugs,0,3_density,8,,4,True,47.407407407407405,,1.0
wallplugs,0,3_density,8,,4,True,59.62962962962963,,2.0
wallplugs,0,3_density,8,,4,True,53.44444444444445,,3.0
wallplugs,0,3_density,8,,4,True,59.111111111111114,,4.0
wallplugs,0,3_density,8,,4,True,48.407407407407405,,5.0
wallplugs,0,3_density,8,,4,True,66.33333333333333,,6.0
wallplugs,0,3_density,8,,4,True,57.96296296296296,,7.0
wallplugs,0,3_density,8,,4,True,69.07407407407408,,8.0
wallplugs,0,3_density,8,,4,True,53.592592592592595,,9.0
wallplugs,0,3_density,8,,4,True,68.66666666666667,,10.0
wallplugs,0,3_density,8,,4,True,61.77777777777778,,11.0
wallplugs,0,3_density,8,,4,True,69.51851851851852,,12.0
wallplugs,0,3_density,8,,4,True,64.77777777777777,,13.0
wallplugs,0,3_density,8,,4,True,55.925925925925924,,14.0
wallplugs,0,3_density,8,,4,True,55.51851851851852,,15.0
wallplugs,0,3_density,8,,4,True,57.44444444444444,,16.0
wallplugs,0,3_density,8,,4,True,65.37037037037037,,17.0
wallplugs,0,3_density,8,,4,True,58.48148148148148,,18.0
wallplugs,0,3_density,8,,4,True,57.592592592592595,,19.0
wallplugs,0,3_density,8,,4,True,55.074074074074076,,20.0
wallplugs,0,3_density,8,,4,True,60.88888888888889,,21.0
wallplugs,0,3_density,8,,4,True,57.44444444444444,,22.0
wallplugs,0,3_density,8,,4,True,50.37037037037037,,23.0
wallplugs,0,3_density,8,,4,True,65.99999999999999,,24.0
wallplugs,0,3_density,8,,4,True,57.59259259259258,,25.0
wallplugs,0,3_density,8,,4,True,66.5925925925926,,26.0
wallplugs,0,3_density,8,,4,True,63.629629629629626,,27.0
wallplugs,0,3_density,8,,4,True,56.07407407407406,,28.0
wallplugs,0,3_density,8,,4,True,55.51851851851852,,29.0
wallplugs,0,3_density,8,,8,True,58.25925925925925,,0.0
wallplugs,0,3_density,8,,8,True,60.22222222222222,,1.0
wallplugs,0,3_density,8,,8,True,54.03703703703704,,2.0
wallplugs,0,3_density,8,,8,True,54.11111111111111,,3.0
wallplugs,0,3_density,8,,8,True,60.92592592592592,,4.0
wallplugs,0,3_density,8,,8,True,62.40740740740741,,5.0
wallplugs,0,3_density,8,,8,True,67.88888888888889,,6.0
wallplugs,0,3_density,8,,8,True,57.666666666666664,,7.0
wallplugs,0,3_density,8,,8,True,64.77777777777777,,8.0
wallplugs,0,3_density,8,,8,True,53.92592592592593,,9.0
wallplugs,0,3_density,8,,8,True,57.925925925925924,,10.0
wallplugs,0,3_density,8,,8,True,57.22222222222222,,11.0
wallplugs,0,3_density,8,,8,True,53.666666666666664,,12.0
wallplugs,0,3_density,8,,8,True,54.85185185185184,,13.0
wallplugs,0,3_density,8,,8,True,63.66666666666667,,14.0
wallplugs,0,3_density,8,,8,True,58.296296296296305,,15.0
wallplugs,0,3_density,8,,8,True,56.666666666666664,,16.0
wallplugs,0,3_density,8,,8,True,60.55555555555555,,17.0
wallplugs,0,3_density,8,,8,True,58.14814814814815,,18.0
wallplugs,0,3_density,8,,8,True,60.7037037037037,,19.0
wallplugs,0,3_density,8,,8,True,51.0,,20.0
wallplugs,0,3_density,8,,8,True,55.25925925925925,,21.0
wallplugs,0,3_density,8,,8,True,59.7037037037037,,22.0
wallplugs,0,3_density,8,,8,True,61.962962962962955,,23.0
wallplugs,0,3_density,8,,8,True,53.703703703703695,,24.0
wallplugs,0,3_density,8,,8,True,60.44444444444444,,25.0
wallplugs,0,3_density,8,,8,True,60.851851851851855,,26.0
wallplugs,0,3_density,8,,8,True,64.66666666666667,,27.0
wallplugs,0,3_density,8,,8,True,55.81481481481482,,28.0
wallplugs,0,3_density,8,,8,True,67.96296296296298,,29.0
wallplugs,0,3_density,8,,16,True,62.14814814814815,,0.0
wallplugs,0,3_density,8,,16,True,58.48148148148148,,1.0
wallplugs,0,3_density,8,,16,True,56.44444444444444,,2.0
wallplugs,0,3_density,8,,16,True,55.96296296296297,,3.0
wallplugs,0,3_density,8,,16,True,60.96296296296296,,4.0
wallplugs,0,3_density,8,,16,True,61.51851851851852,,5.0
wallplugs,0,3_density,8,,16,True,62.14814814814815,,6.0
wallplugs,0,3_density,8,,16,True,55.74074074074075,,7.0
wallplugs,0,3_density,8,,16,True,62.14814814814814,,8.0
wallplugs,0,3_density,8,,16,True,62.22222222222222,,9.0
wallplugs,0,3_density,8,,16,True,61.0,,10.0
wallplugs,0,3_density,8,,16,True,59.74074074074074,,11.0
wallplugs,0,3_density,8,,16,True,60.96296296296296,,12.0
wallplugs,0,3_density,8,,16,True,66.51851851851852,,13.0
wallplugs,0,3_density,8,,16,True,55.77777777777778,,14.0
wallplugs,0,3_density,8,,16,True,65.96296296296296,,15.0
wallplugs,0,3_density,8,,16,True,58.96296296296296,,16.0
wallplugs,0,3_density,8,,16,True,59.74074074074074,,17.0
wallplugs,0,3_density,8,,16,True,59.555555555555564,,18.0
wallplugs,0,3_density,8,,16,True,57.51851851851851,,19.0
wallplugs,0,3_density,8,,16,True,62.888888888888886,,20.0
wallplugs,0,3_density,8,,16,True,52.703703703703695,,21.0
wallplugs,0,3_density,8,,16,True,62.888888888888886,,22.0
wallplugs,0,3_density,8,,16,True,63.444444444444436,,23.0
wallplugs,0,3_density,8,,16,True,63.99999999999999,,24.0
wallplugs,0,3_density,8,,16,True,58.037037037037045,,25.0
wallplugs,0,3_density,8,,16,True,62.25925925925926,,26.0
wallplugs,0,3_density,8,,16,True,57.333333333333336,,27.0
wallplugs,0,3_density,8,,16,True,58.666666666666664,,28.0
wallplugs,0,3_density,8,,16,True,61.592592592592595,,29.0
wallplugs,0,3_density,8,,32,True,62.14814814814815,,0.0
wallplugs,0,3_density,8,,32,True,61.296296296296305,,1.0
wallplugs,0,3_density,8,,32,True,60.0,,2.0
wallplugs,0,3_density,8,,32,True,61.0,,3.0
wallplugs,0,3_density,8,,32,True,60.88888888888888,,4.0
wallplugs,0,3_density,8,,32,True,59.48148148148148,,5.0
wallplugs,0,3_density,8,,32,True,55.48148148148149,,6.0
wallplugs,0,3_density,8,,32,True,65.0,,7.0
wallplugs,0,3_density,8,,32,True,61.44444444444444,,8.0
wallplugs,0,3_density,8,,32,True,59.96296296296296,,9.0
wallplugs,0,3_density,8,,32,True,60.74074074074074,,10.0
wallplugs,0,3_density,8,,32,True,59.62962962962963,,11.0
wallplugs,0,3_density,8,,32,True,57.592592592592595,,12.0
wallplugs,0,3_density,8,,32,True,57.592592592592595,,13.0
wallplugs,0,3_density,8,,32,True,55.96296296296297,,14.0
wallplugs,0,3_density,8,,32,True,58.25925925925925,,15.0
wallplugs,0,3_density,8,,32,True,57.99999999999999,,16.0
wallplugs,0,3_density,8,,32,True,56.222222222222214,,17.0
wallplugs,0,3_density,8,,32,True,56.03703703703704,,18.0
wallplugs,0,3_density,8,,32,True,57.111111111111114,,19.0
wallplugs,0,3_density,8,,32,True,62.07407407407407,,20.0
wallplugs,0,3_density,8,,32,True,57.81481481481481,,21.0
wallplugs,0,3_density,8,,32,True,61.25925925925926,,22.0
wallplugs,0,3_density,8,,32,True,64.55555555555554,,23.0
wallplugs,0,3_density,8,,32,True,57.74074074074073,,24.0
wallplugs,0,3_density,8,,32,True,61.814814814814824,,25.0
wallplugs,0,3_density,8,,32,True,58.22222222222222,,26.0
wallplugs,0,3_density,8,,32,True,59.40740740740741,,27.0
wallplugs,0,3_density,8,,32,True,58.296296296296305,,28.0
wallplugs,0,3_density,8,,32,True,59.88888888888889,,29.0
wallplugs,0,3_density,8,,64,True,57.7037037037037,,0.0
wallplugs,0,3_density,8,,64,True,57.51851851851851,,1.0
wallplugs,0,3_density,8,,64,True,60.222222222222236,,2.0
wallplugs,0,3_density,8,,64,True,58.851851851851855,,3.0
wallplugs,0,3_density,8,,64,True,58.77777777777777,,4.0
wallplugs,0,3_density,8,,64,True,58.37037037037036,,5.0
wallplugs,0,3_density,8,,64,True,62.14814814814814,,6.0
wallplugs,0,3_density,8,,64,True,58.25925925925925,,7.0
wallplugs,0,3_density,8,,64,True,61.111111111111114,,8.0
wallplugs,0,3_density,8,,64,True,58.77777777777777,,9.0
wallplugs,0,3_density,8,,64,True,58.407407407407405,,10.0
wallplugs,0,3_density,8,,64,True,58.96296296296296,,11.0
wallplugs,0,3_density,8,,64,True,59.22222222222222,,12.0
wallplugs,0,3_density,8,,64,True,58.14814814814815,,13.0
wallplugs,0,3_density,8,,64,True,64.66666666666666,,14.0
wallplugs,0,3_density,8,,64,True,59.25925925925927,,15.0
wallplugs,0,3_density,8,,64,True,57.96296296296296,,16.0
wallplugs,0,3_density,8,,64,True,58.666666666666664,,17.0
wallplugs,0,3_density,8,,64,True,58.074074074074076,,18.0
wallplugs,0,3_density,8,,64,True,60.81481481481481,,19.0
wallplugs,0,3_density,8,,64,True,58.51851851851851,,20.0
wallplugs,0,3_density,8,,64,True,58.777777777777786,,21.0
wallplugs,0,3_density,8,,64,True,58.407407407407405,,22.0
wallplugs,0,3_density,8,,64,True,58.851851851851855,,23.0
wallplugs,0,3_density,8,,64,True,58.88888888888889,,24.0
wallplugs,0,3_density,8,,64,True,59.111111111111114,,25.0
wallplugs,0,3_density,8,,64,True,58.44444444444444,,26.0
wallplugs,0,3_density,8,,64,True,62.14814814814815,,27.0
wallplugs,0,3_density,8,,64,True,61.14814814814814,,28.0
wallplugs,0,3_density,8,,64,True,58.370370370370374,,29.0
wallplugs,1,1_budget100,1,1.0,6,False,59.81481481481481,,
wallplugs,1,1_budget100,2,2.0,3,False,64.07407407407408,,
wallplugs,1,1_budget100,4,4.0,37,False,67.96296296296296,,
wallplugs,1,1_budget100,8,8.0,100,True,82.48148148148148,,
wallplugs,1,1_budget100,16,16.0,100,True,82.29629629629629,,
wallplugs,1,1_budget100,-1,37.0,100,True,85.88888888888889,,
wallplugs,1,2_feasible,1,,4,True,46.62962962962963,4.0,0.0
wallplugs,1,2_feasible,1,,4,True,64.51851851851852,4.0,1.0
wallplugs,1,2_feasible,1,,4,True,65.29629629629629,4.0,2.0
wallplugs,1,2_feasible,1,,4,True,63.11111111111111,4.0,3.0
wallplugs,1,2_feasible,1,,4,True,49.81481481481481,4.0,4.0
wallplugs,1,2_feasible,1,,4,True,55.25925925925927,4.0,5.0
wallplugs,1,2_feasible,1,,4,True,57.18518518518518,4.0,6.0
wallplugs,1,2_feasible,1,,4,True,58.74074074074074,4.0,7.0
wallplugs,1,2_feasible,1,,4,True,53.03703703703704,4.0,8.0
wallplugs,1,2_feasible,1,,4,True,51.55555555555556,4.0,9.0
wallplugs,1,2_feasible,1,,4,True,55.222222222222214,4.0,10.0
wallplugs,1,2_feasible,1,,4,True,55.81481481481481,4.0,11.0
wallplugs,1,2_feasible,1,,4,True,65.44444444444444,4.0,12.0
wallplugs,1,2_feasible,1,,4,True,55.222222222222214,4.0,13.0
wallplugs,1,2_feasible,1,,4,True,44.85185185185185,4.0,14.0
wallplugs,1,2_feasible,1,,4,True,57.48148148148148,4.0,15.0
wallplugs,1,2_feasible,1,,4,True,44.48148148148148,4.0,16.0
wallplugs,1,2_feasible,1,,4,True,67.07407407407408,4.0,17.0
wallplugs,1,2_feasible,1,,4,True,54.666666666666664,4.0,18.0
wallplugs,1,2_feasible,1,,4,True,74.11111111111111,4.0,19.0
wallplugs,1,2_feasible,1,,4,True,53.77777777777777,4.0,20.0
wallplugs,1,2_feasible,1,,4,True,82.96296296296298,4.0,21.0
wallplugs,1,2_feasible,1,,4,True,60.29629629629629,4.0,22.0
wallplugs,1,2_feasible,1,,4,True,57.66666666666666,4.0,23.0
wallplugs,1,2_feasible,1,,4,True,59.62962962962963,4.0,24.0
wallplugs,1,2_feasible,1,,4,True,74.74074074074075,4.0,25.0
wallplugs,1,2_feasible,1,,4,True,48.07407407407406,4.0,26.0
wallplugs,1,2_feasible,1,,4,True,60.37037037037037,4.0,27.0
wallplugs,1,2_feasible,1,,4,True,45.25925925925925,4.0,28.0
wallplugs,1,2_feasible,1,,4,True,54.2962962962963,4.0,29.0
wallplugs,1,2_feasible,2,,4,True,68.11111111111111,4.0,0.0
wallplugs,1,2_feasible,2,,4,True,54.37037037037037,4.0,1.0
wallplugs,1,2_feasible,2,,4,True,62.59259259259259,4.0,2.0
wallplugs,1,2_feasible,2,,4,True,59.62962962962963,4.0,3.0
wallplugs,1,2_feasible,2,,4,True,60.03703703703703,4.0,4.0
wallplugs,1,2_feasible,2,,4,True,59.111111111111114,4.0,5.0
wallplugs,1,2_feasible,2,,4,True,62.77777777777778,4.0,6.0
wallplugs,1,2_feasible,2,,4,True,72.18518518518518,4.0,7.0
wallplugs,1,2_feasible,2,,4,True,75.62962962962962,4.0,8.0
wallplugs,1,2_feasible,2,,4,True,50.55555555555556,4.0,9.0
wallplugs,1,2_feasible,2,,4,True,63.51851851851852,4.0,10.0
wallplugs,1,2_feasible,2,,4,True,65.88888888888889,4.0,11.0
wallplugs,1,2_feasible,2,,4,True,69.66666666666667,4.0,12.0
wallplugs,1,2_feasible,2,,4,True,57.37037037037036,4.0,13.0
wallplugs,1,2_feasible,2,,4,True,77.92592592592594,4.0,14.0
wallplugs,1,2_feasible,2,,4,True,70.85185185185185,4.0,15.0
wallplugs,1,2_feasible,2,,4,True,64.85185185185185,4.0,16.0
wallplugs,1,2_feasible,2,,4,True,68.14814814814815,4.0,17.0
wallplugs,1,2_feasible,2,,4,True,61.25925925925927,4.0,18.0
wallplugs,1,2_feasible,2,,4,True,63.48148148148148,4.0,19.0
wallplugs,1,2_feasible,2,,4,True,75.0,4.0,20.0
wallplugs,1,2_feasible,2,,4,True,57.25925925925925,4.0,21.0
wallplugs,1,2_feasible,2,,4,True,62.07407407407408,4.0,22.0
wallplugs,1,2_feasible,2,,4,True,72.96296296296296,4.0,23.0
wallplugs,1,2_feasible,2,,4,True,57.592592592592595,4.0,24.0
wallplugs,1,2_feasible,2,,4,True,68.66666666666667,4.0,25.0
wallplugs,1,2_feasible,2,,4,True,54.18518518518518,4.0,26.0
wallplugs,1,2_feasible,2,,4,True,65.33333333333334,4.0,27.0
wallplugs,1,2_feasible,2,,4,True,56.37037037037038,4.0,28.0
wallplugs,1,2_feasible,2,,4,True,72.44444444444444,4.0,29.0
wallplugs,1,2_feasible,4,,4,True,63.03703703703704,4.0,0.0
wallplugs,1,2_feasible,4,,4,True,62.81481481481481,4.0,1.0
wallplugs,1,2_feasible,4,,4,True,64.25925925925927,4.0,2.0
wallplugs,1,2_feasible,4,,4,True,63.37037037037037,4.0,3.0
wallplugs,1,2_feasible,4,,4,True,67.44444444444444,4.0,4.0
wallplugs,1,2_feasible,4,,4,True,69.77777777777779,4.0,5.0
wallplugs,1,2_feasible,4,,4,True,68.22222222222221,4.0,6.0
wallplugs,1,2_feasible,4,,4,True,66.96296296296296,4.0,7.0
wallplugs,1,2_feasible,4,,4,True,68.33333333333333,4.0,8.0
wallplugs,1,2_feasible,4,,4,True,57.62962962962963,4.0,9.0
wallplugs,1,2_feasible,4,,4,True,54.8148148148148,4.0,10.0
wallplugs,1,2_feasible,4,,4,True,63.92592592592592,4.0,11.0
wallplugs,1,2_feasible,4,,4,True,60.7037037037037,4.0,12.0
wallplugs,1,2_feasible,4,,4,True,82.44444444444446,4.0,13.0
wallplugs,1,2_feasible,4,,4,True,75.29629629629629,4.0,14.0
wallplugs,1,2_feasible,4,,4,True,69.14814814814815,4.0,15.0
wallplugs,1,2_feasible,4,,4,True,67.07407407407408,4.0,16.0
wallplugs,1,2_feasible,4,,4,True,62.77777777777778,4.0,17.0
wallplugs,1,2_feasible,4,,4,True,62.22222222222222,4.0,18.0
wallplugs,1,2_feasible,4,,4,True,66.11111111111111,4.0,19.0
wallplugs,1,2_feasible,4,,4,True,57.592592592592595,4.0,20.0
wallplugs,1,2_feasible,4,,4,True,63.74074074074074,4.0,21.0
wallplugs,1,2_feasible,4,,4,True,68.92592592592592,4.0,22.0
wallplugs,1,2_feasible,4,,4,True,63.18518518518519,4.0,23.0
wallplugs,1,2_feasible,4,,4,True,70.37037037037037,4.0,24.0
wallplugs,1,2_feasible,4,,4,True,79.88888888888889,4.0,25.0
wallplugs,1,2_feasible,4,,4,True,57.77777777777777,4.0,26.0
wallplugs,1,2_feasible,4,,4,True,63.85185185185185,4.0,27.0
wallplugs,1,2_feasible,4,,4,True,77.85185185185185,4.0,28.0
wallplugs,1,2_feasible,4,,4,True,56.666666666666664,4.0,29.0
wallplugs,1,2_feasible,1,,8,True,56.666666666666664,8.0,0.0
wallplugs,1,2_feasible,1,,8,True,55.074074074074076,8.0,1.0
wallplugs,1,2_feasible,1,,8,True,76.4074074074074,8.0,2.0
wallplugs,1,2_feasible,1,,8,True,53.888888888888886,8.0,3.0
wallplugs,1,2_feasible,1,,8,True,78.0,8.0,4.0
wallplugs,1,2_feasible,1,,8,True,57.111111111111114,8.0,5.0
wallplugs,1,2_feasible,1,,8,True,79.2962962962963,8.0,6.0
wallplugs,1,2_feasible,1,,8,True,67.40740740740742,8.0,7.0
wallplugs,1,2_feasible,1,,8,True,56.22222222222223,8.0,8.0
wallplugs,1,2_feasible,1,,8,True,78.11111111111111,8.0,9.0
wallplugs,1,2_feasible,1,,8,True,78.0,8.0,10.0
wallplugs,1,2_feasible,1,,8,True,70.88888888888889,8.0,11.0
wallplugs,1,2_feasible,1,,8,True,56.62962962962963,8.0,12.0
wallplugs,1,2_feasible,1,,8,True,69.77777777777777,8.0,13.0
wallplugs,1,2_feasible,1,,8,True,79.33333333333333,8.0,14.0
wallplugs,1,2_feasible,1,,8,True,64.48148148148147,8.0,15.0
wallplugs,1,2_feasible,1,,8,True,62.22222222222222,8.0,16.0
wallplugs,1,2_feasible,1,,8,True,72.1111111111111,8.0,17.0
wallplugs,1,2_feasible,1,,8,True,76.55555555555556,8.0,18.0
wallplugs,1,2_feasible,1,,8,True,61.37037037037037,8.0,19.0
wallplugs,1,2_feasible,1,,8,True,58.111111111111114,8.0,20.0
wallplugs,1,2_feasible,1,,8,True,60.22222222222222,8.0,21.0
wallplugs,1,2_feasible,1,,8,True,59.51851851851851,8.0,22.0
wallplugs,1,2_feasible,1,,8,True,61.81481481481481,8.0,23.0
wallplugs,1,2_feasible,1,,8,True,54.48148148148149,8.0,24.0
wallplugs,1,2_feasible,1,,8,True,69.2962962962963,8.0,25.0
wallplugs,1,2_feasible,1,,8,True,71.62962962962963,8.0,26.0
wallplugs,1,2_feasible,1,,8,True,79.33333333333333,8.0,27.0
wallplugs,1,2_feasible,1,,8,True,61.22222222222222,8.0,28.0
wallplugs,1,2_feasible,1,,8,True,68.4074074074074,8.0,29.0
wallplugs,1,2_feasible,2,,8,True,60.07407407407407,8.0,0.0
wallplugs,1,2_feasible,2,,8,True,45.925925925925924,8.0,1.0
wallplugs,1,2_feasible,2,,8,True,59.296296296296305,8.0,2.0
wallplugs,1,2_feasible,2,,8,True,60.14814814814815,8.0,3.0
wallplugs,1,2_feasible,2,,8,True,57.74074074074075,8.0,4.0
wallplugs,1,2_feasible,2,,8,True,52.92592592592593,8.0,5.0
wallplugs,1,2_feasible,2,,8,True,54.37037037037038,8.0,6.0
wallplugs,1,2_feasible,2,,8,True,81.96296296296296,8.0,7.0
wallplugs,1,2_feasible,2,,8,True,72.62962962962963,8.0,8.0
wallplugs,1,2_feasible,2,,8,True,64.92592592592592,8.0,9.0
wallplugs,1,2_feasible,2,,8,True,56.48148148148149,8.0,10.0
wallplugs,1,2_feasible,2,,8,True,65.5925925925926,8.0,11.0
wallplugs,1,2_feasible,2,,8,True,52.74074074074073,8.0,12.0
wallplugs,1,2_feasible,2,,8,True,59.74074074074074,8.0,13.0
wallplugs,1,2_feasible,2,,8,True,81.2962962962963,8.0,14.0
wallplugs,1,2_feasible,2,,8,True,88.66666666666667,8.0,15.0
wallplugs,1,2_feasible,2,,8,True,80.77777777777777,8.0,16.0
wallplugs,1,2_feasible,2,,8,True,63.296296296296305,8.0,17.0
wallplugs,1,2_feasible,2,,8,True,54.03703703703704,8.0,18.0
wallplugs,1,2_feasible,2,,8,True,60.25925925925927,8.0,19.0
wallplugs,1,2_feasible,2,,8,True,56.55555555555555,8.0,20.0
wallplugs,1,2_feasible,2,,8,True,58.55555555555555,8.0,21.0
wallplugs,1,2_feasible,2,,8,True,59.0,8.0,22.0
wallplugs,1,2_feasible,2,,8,True,61.185185185185176,8.0,23.0
wallplugs,1,2_feasible,2,,8,True,53.185185185185176,8.0,24.0
wallplugs,1,2_feasible,2,,8,True,83.37037037037037,8.0,25.0
wallplugs,1,2_feasible,2,,8,True,78.74074074074073,8.0,26.0
wallplugs,1,2_feasible,2,,8,True,71.00000000000001,8.0,27.0
wallplugs,1,2_feasible,2,,8,True,52.925925925925924,8.0,28.0
wallplugs,1,2_feasible,2,,8,True,59.62962962962963,8.0,29.0
wallplugs,1,2_feasible,4,,8,True,64.8888888888889,8.0,0.0
wallplugs,1,2_feasible,4,,8,True,69.2962962962963,8.0,1.0
wallplugs,1,2_feasible,4,,8,True,75.40740740740742,8.0,2.0
wallplugs,1,2_feasible,4,,8,True,63.77777777777778,8.0,3.0
wallplugs,1,2_feasible,4,,8,True,60.25925925925927,8.0,4.0
wallplugs,1,2_feasible,4,,8,True,62.07407407407408,8.0,5.0
wallplugs,1,2_feasible,4,,8,True,61.81481481481481,8.0,6.0
wallplugs,1,2_feasible,4,,8,True,65.11111111111111,8.0,7.0
wallplugs,1,2_feasible,4,,8,True,64.85185185185185,8.0,8.0
wallplugs,1,2_feasible,4,,8,True,59.74074074074074,8.0,9.0
wallplugs,1,2_feasible,4,,8,True,67.62962962962963,8.0,10.0
wallplugs,1,2_feasible,4,,8,True,61.55555555555555,8.0,11.0
wallplugs,1,2_feasible,4,,8,True,71.66666666666667,8.0,12.0
wallplugs,1,2_feasible,4,,8,True,70.14814814814815,8.0,13.0
wallplugs,1,2_feasible,4,,8,True,71.11111111111111,8.0,14.0
wallplugs,1,2_feasible,4,,8,True,76.85185185185185,8.0,15.0
wallplugs,1,2_feasible,4,,8,True,50.81481481481481,8.0,16.0
wallplugs,1,2_feasible,4,,8,True,65.66666666666666,8.0,17.0
wallplugs,1,2_feasible,4,,8,True,61.62962962962963,8.0,18.0
wallplugs,1,2_feasible,4,,8,True,61.59259259259259,8.0,19.0
wallplugs,1,2_feasible,4,,8,True,61.40740740740741,8.0,20.0
wallplugs,1,2_feasible,4,,8,True,61.40740740740741,8.0,21.0
wallplugs,1,2_feasible,4,,8,True,70.74074074074075,8.0,22.0
wallplugs,1,2_feasible,4,,8,True,68.44444444444444,8.0,23.0
wallplugs,1,2_feasible,4,,8,True,69.14814814814815,8.0,24.0
wallplugs,1,2_feasible,4,,8,True,71.29629629629629,8.0,25.0
wallplugs,1,2_feasible,4,,8,True,63.70370370370371,8.0,26.0
wallplugs,1,2_feasible,4,,8,True,73.37037037037038,8.0,27.0
wallplugs,1,2_feasible,4,,8,True,58.88888888888889,8.0,28.0
wallplugs,1,2_feasible,4,,8,True,61.555555555555564,8.0,29.0
wallplugs,1,2_feasible,8,,8,True,69.22222222222221,8.0,0.0
wallplugs,1,2_feasible,8,,8,True,73.92592592592592,8.0,1.0
wallplugs,1,2_feasible,8,,8,True,65.03703703703704,8.0,2.0
wallplugs,1,2_feasible,8,,8,True,77.25925925925927,8.0,3.0
wallplugs,1,2_feasible,8,,8,True,78.66666666666667,8.0,4.0
wallplugs,1,2_feasible,8,,8,True,68.96296296296296,8.0,5.0
wallplugs,1,2_feasible,8,,8,True,73.55555555555556,8.0,6.0
wallplugs,1,2_feasible,8,,8,True,61.81481481481481,8.0,7.0
wallplugs,1,2_feasible,8,,8,True,80.22222222222223,8.0,8.0
wallplugs,1,2_feasible,8,,8,True,74.11111111111111,8.0,9.0
wallplugs,1,2_feasible,8,,8,True,67.92592592592591,8.0,10.0
wallplugs,1,2_feasible,8,,8,True,77.2962962962963,8.0,11.0
wallplugs,1,2_feasible,8,,8,True,80.25925925925925,8.0,12.0
wallplugs,1,2_feasible,8,,8,True,79.22222222222223,8.0,13.0
wallplugs,1,2_feasible,8,,8,True,67.48148148148148,8.0,14.0
wallplugs,1,2_feasible,8,,8,True,65.81481481481481,8.0,15.0
wallplugs,1,2_feasible,8,,8,True,75.96296296296296,8.0,16.0
wallplugs,1,2_feasible,8,,8,True,68.18518518518518,8.0,17.0
wallplugs,1,2_feasible,8,,8,True,77.22222222222223,8.0,18.0
wallplugs,1,2_feasible,8,,8,True,74.85185185185185,8.0,19.0
wallplugs,1,2_feasible,8,,8,True,74.81481481481481,8.0,20.0
wallplugs,1,2_feasible,8,,8,True,76.29629629629629,8.0,21.0
wallplugs,1,2_feasible,8,,8,True,69.51851851851852,8.0,22.0
wallplugs,1,2_feasible,8,,8,True,68.74074074074073,8.0,23.0
wallplugs,1,2_feasible,8,,8,True,77.18518518518519,8.0,24.0
wallplugs,1,2_feasible,8,,8,True,83.37037037037037,8.0,25.0
wallplugs,1,2_feasible,8,,8,True,72.33333333333333,8.0,26.0
wallplugs,1,2_feasible,8,,8,True,71.92592592592592,8.0,27.0
wallplugs,1,2_feasible,8,,8,True,67.37037037037037,8.0,28.0
wallplugs,1,2_feasible,8,,8,True,61.7037037037037,8.0,29.0
wallplugs,1,2b_rich_only,1,,4,True,88.25925925925927,4.0,0.0
wallplugs,1,2b_rich_only,1,,4,True,64.62962962962962,4.0,1.0
wallplugs,1,2b_rich_only,1,,4,True,56.62962962962963,4.0,2.0
wallplugs,1,2b_rich_only,1,,4,True,48.851851851851855,4.0,3.0
wallplugs,1,2b_rich_only,1,,4,True,63.33333333333334,4.0,4.0
wallplugs,1,2b_rich_only,1,,4,True,56.222222222222214,4.0,5.0
wallplugs,1,2b_rich_only,1,,4,True,39.55555555555556,4.0,6.0
wallplugs,1,2b_rich_only,1,,4,True,58.074074074074076,4.0,7.0
wallplugs,1,2b_rich_only,1,,4,True,54.74074074074073,4.0,8.0
wallplugs,1,2b_rich_only,1,,4,True,58.25925925925925,4.0,9.0
wallplugs,1,2b_rich_only,1,,4,True,54.2962962962963,4.0,10.0
wallplugs,1,2b_rich_only,1,,4,True,49.22222222222222,4.0,11.0
wallplugs,1,2b_rich_only,1,,4,True,59.92592592592592,4.0,12.0
wallplugs,1,2b_rich_only,1,,4,True,53.8888888888889,4.0,13.0
wallplugs,1,2b_rich_only,1,,4,True,65.25925925925925,4.0,14.0
wallplugs,1,2b_rich_only,1,,4,True,57.03703703703704,4.0,15.0
wallplugs,1,2b_rich_only,1,,4,True,74.59259259259258,4.0,16.0
wallplugs,1,2b_rich_only,1,,4,True,85.44444444444444,4.0,17.0
wallplugs,1,2b_rich_only,1,,4,True,63.96296296296297,4.0,18.0
wallplugs,1,2b_rich_only,1,,4,True,69.92592592592592,4.0,19.0
wallplugs,1,2b_rich_only,1,,4,True,61.51851851851852,4.0,20.0
wallplugs,1,2b_rich_only,1,,4,True,55.222222222222214,4.0,21.0
wallplugs,1,2b_rich_only,1,,4,True,58.074074074074076,4.0,22.0
wallplugs,1,2b_rich_only,1,,4,True,55.55555555555556,4.0,23.0
wallplugs,1,2b_rich_only,1,,4,True,56.925925925925924,4.0,24.0
wallplugs,1,2b_rich_only,1,,4,True,47.99999999999999,4.0,25.0
wallplugs,1,2b_rich_only,1,,4,True,62.37037037037037,4.0,26.0
wallplugs,1,2b_rich_only,1,,4,True,64.77777777777777,4.0,27.0
wallplugs,1,2b_rich_only,1,,4,True,73.96296296296296,4.0,28.0
wallplugs,1,2b_rich_only,1,,4,True,53.77777777777777,4.0,29.0
wallplugs,1,2b_rich_only,2,,4,True,56.7037037037037,4.0,0.0
wallplugs,1,2b_rich_only,2,,4,True,55.925925925925924,4.0,1.0
wallplugs,1,2b_rich_only,2,,4,True,57.55555555555556,4.0,2.0
wallplugs,1,2b_rich_only,2,,4,True,58.55555555555555,4.0,3.0
wallplugs,1,2b_rich_only,2,,4,True,64.55555555555556,4.0,4.0
wallplugs,1,2b_rich_only,2,,4,True,73.96296296296296,4.0,5.0
wallplugs,1,2b_rich_only,2,,4,True,69.5925925925926,4.0,6.0
wallplugs,1,2b_rich_only,2,,4,True,48.74074074074074,4.0,7.0
wallplugs,1,2b_rich_only,2,,4,True,58.296296296296305,4.0,8.0
wallplugs,1,2b_rich_only,2,,4,True,60.37037037037037,4.0,9.0
wallplugs,1,2b_rich_only,2,,4,True,76.03703703703704,4.0,10.0
wallplugs,1,2b_rich_only,2,,4,True,50.444444444444436,4.0,11.0
wallplugs,1,2b_rich_only,2,,4,True,50.14814814814814,4.0,12.0
wallplugs,1,2b_rich_only,2,,4,True,76.2962962962963,4.0,13.0
wallplugs,1,2b_rich_only,2,,4,True,85.5925925925926,4.0,14.0
wallplugs,1,2b_rich_only,2,,4,True,68.51851851851852,4.0,15.0
wallplugs,1,2b_rich_only,2,,4,True,53.25925925925926,4.0,16.0
wallplugs,1,2b_rich_only,2,,4,True,89.55555555555556,4.0,17.0
wallplugs,1,2b_rich_only,2,,4,True,58.518518518518526,4.0,18.0
wallplugs,1,2b_rich_only,2,,4,True,87.7037037037037,4.0,19.0
wallplugs,1,2b_rich_only,2,,4,True,89.22222222222223,4.0,20.0
wallplugs,1,2b_rich_only,2,,4,True,64.7037037037037,4.0,21.0
wallplugs,1,2b_rich_only,2,,4,True,62.07407407407408,4.0,22.0
wallplugs,1,2b_rich_only,2,,4,True,51.70370370370371,4.0,23.0
wallplugs,1,2b_rich_only,2,,4,True,62.74074074074074,4.0,24.0
wallplugs,1,2b_rich_only,2,,4,True,56.851851851851855,4.0,25.0
wallplugs,1,2b_rich_only,2,,4,True,53.074074074074076,4.0,26.0
wallplugs,1,2b_rich_only,2,,4,True,90.07407407407408,4.0,27.0
wallplugs,1,2b_rich_only,2,,4,True,75.22222222222221,4.0,28.0
wallplugs,1,2b_rich_only,2,,4,True,87.07407407407408,4.0,29.0
wallplugs,1,2b_rich_only,4,,4,True,59.518518518518526,4.0,0.0
wallplugs,1,2b_rich_only,4,,4,True,82.25925925925927,4.0,1.0
wallplugs,1,2b_rich_only,4,,4,True,78.14814814814814,4.0,2.0
wallplugs,1,2b_rich_only,4,,4,True,53.53703703703704,4.0,3.0
wallplugs,1,2b_rich_only,4,,4,True,54.925925925925924,4.0,4.0
wallplugs,1,2b_rich_only,4,,4,True,62.14814814814814,4.0,5.0
wallplugs,1,2b_rich_only,4,,4,True,69.03703703703702,4.0,6.0
wallplugs,1,2b_rich_only,4,,4,True,54.148148148148145,4.0,7.0
wallplugs,1,2b_rich_only,4,,4,True,56.4074074074074,4.0,8.0
wallplugs,1,2b_rich_only,4,,4,True,54.592592592592595,4.0,9.0
wallplugs,1,2b_rich_only,4,,4,True,66.5185185185185,4.0,10.0
wallplugs,1,2b_rich_only,4,,4,True,61.592592592592595,4.0,11.0
wallplugs,1,2b_rich_only,4,,4,True,69.2962962962963,4.0,12.0
wallplugs,1,2b_rich_only,4,,4,True,62.29629629629629,4.0,13.0
wallplugs,1,2b_rich_only,4,,4,True,53.25925925925925,4.0,14.0
wallplugs,1,2b_rich_only,4,,4,True,78.22222222222223,4.0,15.0
wallplugs,1,2b_rich_only,4,,4,True,50.18518518518519,4.0,16.0
wallplugs,1,2b_rich_only,4,,4,True,63.81481481481481,4.0,17.0
wallplugs,1,2b_rich_only,4,,4,True,63.92592592592592,4.0,18.0
wallplugs,1,2b_rich_only,4,,4,True,59.296296296296305,4.0,19.0
wallplugs,1,2b_rich_only,4,,4,True,75.74074074074075,4.0,20.0
wallplugs,1,2b_rich_only,4,,4,True,76.62962962962962,4.0,21.0
wallplugs,1,2b_rich_only,4,,4,True,59.62962962962963,4.0,22.0
wallplugs,1,2b_rich_only,4,,4,True,90.0,4.0,23.0
wallplugs,1,2b_rich_only,4,,4,True,62.66666666666667,4.0,24.0
wallplugs,1,2b_rich_only,4,,4,True,49.111111111111114,4.0,25.0
wallplugs,1,2b_rich_only,4,,4,True,53.51851851851852,4.0,26.0
wallplugs,1,2b_rich_only,4,,4,True,66.55555555555554,4.0,27.0
wallplugs,1,2b_rich_only,4,,4,True,57.851851851851855,4.0,28.0
wallplugs,1,2b_rich_only,4,,4,True,60.92592592592592,4.0,29.0
wallplugs,1,2b_rich_only,1,,8,True,55.55555555555555,8.0,0.0
wallplugs,1,2b_rich_only,1,,8,True,58.55555555555556,8.0,1.0
wallplugs,1,2b_rich_only,1,,8,True,73.74074074074073,8.0,2.0
wallplugs,1,2b_rich_only,1,,8,True,86.92592592592592,8.0,3.0
wallplugs,1,2b_rich_only,1,,8,True,49.40740740740741,8.0,4.0
wallplugs,1,2b_rich_only,1,,8,True,56.407407407407405,8.0,5.0
wallplugs,1,2b_rich_only,1,,8,True,53.22222222222223,8.0,6.0
wallplugs,1,2b_rich_only,1,,8,True,60.111111111111114,8.0,7.0
wallplugs,1,2b_rich_only,1,,8,True,58.74074074074074,8.0,8.0
wallplugs,1,2b_rich_only,1,,8,True,55.666666666666664,8.0,9.0
wallplugs,1,2b_rich_only,1,,8,True,54.55555555555556,8.0,10.0
wallplugs,1,2b_rich_only,1,,8,True,86.55555555555556,8.0,11.0
wallplugs,1,2b_rich_only,1,,8,True,70.33333333333334,8.0,12.0
wallplugs,1,2b_rich_only,1,,8,True,67.11111111111111,8.0,13.0
wallplugs,1,2b_rich_only,1,,8,True,66.88888888888889,8.0,14.0
wallplugs,1,2b_rich_only,1,,8,True,64.5925925925926,8.0,15.0
wallplugs,1,2b_rich_only,1,,8,True,62.81481481481481,8.0,16.0
wallplugs,1,2b_rich_only,1,,8,True,50.74074074074073,8.0,17.0
wallplugs,1,2b_rich_only,1,,8,True,66.74074074074075,8.0,18.0
wallplugs,1,2b_rich_only,1,,8,True,43.666666666666664,8.0,19.0
wallplugs,1,2b_rich_only,1,,8,True,43.03703703703704,8.0,20.0
wallplugs,1,2b_rich_only,1,,8,True,65.85185185185185,8.0,21.0
wallplugs,1,2b_rich_only,1,,8,True,78.07407407407408,8.0,22.0
wallplugs,1,2b_rich_only,1,,8,True,62.14814814814814,8.0,23.0
wallplugs,1,2b_rich_only,1,,8,True,54.51851851851852,8.0,24.0
wallplugs,1,2b_rich_only,1,,8,True,53.148148148148145,8.0,25.0
wallplugs,1,2b_rich_only,1,,8,True,44.96296296296297,8.0,26.0
wallplugs,1,2b_rich_only,1,,8,True,56.96296296296296,8.0,27.0
wallplugs,1,2b_rich_only,1,,8,True,66.77777777777779,8.0,28.0
wallplugs,1,2b_rich_only,1,,8,True,46.85185185185185,8.0,29.0
wallplugs,1,2b_rich_only,2,,8,True,86.03703703703704,8.0,0.0
wallplugs,1,2b_rich_only,2,,8,True,55.25925925925925,8.0,1.0
wallplugs,1,2b_rich_only,2,,8,True,83.37037037037037,8.0,2.0
wallplugs,1,2b_rich_only,2,,8,True,75.40740740740742,8.0,3.0
wallplugs,1,2b_rich_only,2,,8,True,54.666666666666664,8.0,4.0
wallplugs,1,2b_rich_only,2,,8,True,66.55555555555554,8.0,5.0
wallplugs,1,2b_rich_only,2,,8,True,56.407407407407405,8.0,6.0
wallplugs,1,2b_rich_only,2,,8,True,79.77777777777779,8.0,7.0
wallplugs,1,2b_rich_only,2,,8,True,63.8148148148148,8.0,8.0
wallplugs,1,2b_rich_only,2,,8,True,64.4074074074074,8.0,9.0
wallplugs,1,2b_rich_only,2,,8,True,55.25925925925925,8.0,10.0
wallplugs,1,2b_rich_only,2,,8,True,59.66666666666667,8.0,11.0
wallplugs,1,2b_rich_only,2,,8,True,86.59259259259258,8.0,12.0
wallplugs,1,2b_rich_only,2,,8,True,78.85185185185185,8.0,13.0
wallplugs,1,2b_rich_only,2,,8,True,61.29629629629629,8.0,14.0
wallplugs,1,2b_rich_only,2,,8,True,60.51851851851852,8.0,15.0
wallplugs,1,2b_rich_only,2,,8,True,68.37037037037037,8.0,16.0
wallplugs,1,2b_rich_only,2,,8,True,57.7037037037037,8.0,17.0
wallplugs,1,2b_rich_only,2,,8,True,82.55555555555556,8.0,18.0
wallplugs,1,2b_rich_only,2,,8,True,87.85185185185186,8.0,19.0
wallplugs,1,2b_rich_only,2,,8,True,72.62962962962962,8.0,20.0
wallplugs,1,2b_rich_only,2,,8,True,70.22222222222223,8.0,21.0
wallplugs,1,2b_rich_only,2,,8,True,89.14814814814815,8.0,22.0
wallplugs,1,2b_rich_only,2,,8,True,72.88888888888889,8.0,23.0
wallplugs,1,2b_rich_only,2,,8,True,61.96296296296296,8.0,24.0
wallplugs,1,2b_rich_only,2,,8,True,56.074074074074076,8.0,25.0
wallplugs,1,2b_rich_only,2,,8,True,65.4074074074074,8.0,26.0
wallplugs,1,2b_rich_only,2,,8,True,63.370370370370374,8.0,27.0
wallplugs,1,2b_rich_only,2,,8,True,88.88888888888889,8.0,28.0
wallplugs,1,2b_rich_only,2,,8,True,59.92592592592592,8.0,29.0
wallplugs,1,2b_rich_only,4,,8,True,75.92592592592592,8.0,0.0
wallplugs,1,2b_rich_only,4,,8,True,50.70370370370371,8.0,1.0
wallplugs,1,2b_rich_only,4,,8,True,60.18518518518518,8.0,2.0
wallplugs,1,2b_rich_only,4,,8,True,62.44444444444445,8.0,3.0
wallplugs,1,2b_rich_only,4,,8,True,88.96296296296296,8.0,4.0
wallplugs,1,2b_rich_only,4,,8,True,72.81481481481481,8.0,5.0
wallplugs,1,2b_rich_only,4,,8,True,73.96296296296296,8.0,6.0
wallplugs,1,2b_rich_only,4,,8,True,67.03703703703702,8.0,7.0
wallplugs,1,2b_rich_only,4,,8,True,67.0,8.0,8.0
wallplugs,1,2b_rich_only,4,,8,True,62.62962962962963,8.0,9.0
wallplugs,1,2b_rich_only,4,,8,True,55.44444444444445,8.0,10.0
wallplugs,1,2b_rich_only,4,,8,True,76.74074074074073,8.0,11.0
wallplugs,1,2b_rich_only,4,,8,True,84.51851851851853,8.0,12.0
wallplugs,1,2b_rich_only,4,,8,True,48.7037037037037,8.0,13.0
wallplugs,1,2b_rich_only,4,,8,True,59.66666666666667,8.0,14.0
wallplugs,1,2b_rich_only,4,,8,True,78.22222222222223,8.0,15.0
wallplugs,1,2b_rich_only,4,,8,True,79.85185185185185,8.0,16.0
wallplugs,1,2b_rich_only,4,,8,True,61.25925925925926,8.0,17.0
wallplugs,1,2b_rich_only,4,,8,True,81.74074074074073,8.0,18.0
wallplugs,1,2b_rich_only,4,,8,True,59.62962962962963,8.0,19.0
wallplugs,1,2b_rich_only,4,,8,True,62.33333333333333,8.0,20.0
wallplugs,1,2b_rich_only,4,,8,True,59.40740740740741,8.0,21.0
wallplugs,1,2b_rich_only,4,,8,True,79.77777777777779,8.0,22.0
wallplugs,1,2b_rich_only,4,,8,True,63.444444444444436,8.0,23.0
wallplugs,1,2b_rich_only,4,,8,True,85.33333333333334,8.0,24.0
wallplugs,1,2b_rich_only,4,,8,True,69.81481481481482,8.0,25.0
wallplugs,1,2b_rich_only,4,,8,True,78.33333333333331,8.0,26.0
wallplugs,1,2b_rich_only,4,,8,True,61.29629629629629,8.0,27.0
wallplugs,1,2b_rich_only,4,,8,True,49.96296296296296,8.0,28.0
wallplugs,1,2b_rich_only,4,,8,True,65.85185185185185,8.0,29.0
wallplugs,1,2b_rich_only,8,,8,True,54.29629629629629,8.0,0.0
wallplugs,1,2b_rich_only,8,,8,True,79.55555555555556,8.0,1.0
wallplugs,1,2b_rich_only,8,,8,True,76.07407407407408,8.0,2.0
wallplugs,1,2b_rich_only,8,,8,True,79.40740740740742,8.0,3.0
wallplugs,1,2b_rich_only,8,,8,True,73.44444444444444,8.0,4.0
wallplugs,1,2b_rich_only,8,,8,True,85.0,8.0,5.0
wallplugs,1,2b_rich_only,8,,8,True,55.666666666666664,8.0,6.0
wallplugs,1,2b_rich_only,8,,8,True,80.85185185185185,8.0,7.0
wallplugs,1,2b_rich_only,8,,8,True,80.14814814814815,8.0,8.0
wallplugs,1,2b_rich_only,8,,8,True,57.25925925925925,8.0,9.0
wallplugs,1,2b_rich_only,8,,8,True,75.5925925925926,8.0,10.0
wallplugs,1,2b_rich_only,8,,8,True,75.0,8.0,11.0
wallplugs,1,2b_rich_only,8,,8,True,74.1111111111111,8.0,12.0
wallplugs,1,2b_rich_only,8,,8,True,62.14814814814815,8.0,13.0
wallplugs,1,2b_rich_only,8,,8,True,71.70370370370371,8.0,14.0
wallplugs,1,2b_rich_only,8,,8,True,83.77777777777777,8.0,15.0
wallplugs,1,2b_rich_only,8,,8,True,77.62962962962962,8.0,16.0
wallplugs,1,2b_rich_only,8,,8,True,64.03703703703704,8.0,17.0
wallplugs,1,2b_rich_only,8,,8,True,58.48148148148148,8.0,18.0
wallplugs,1,2b_rich_only,8,,8,True,57.81481481481482,8.0,19.0
wallplugs,1,2b_rich_only,8,,8,True,49.25925925925927,8.0,20.0
wallplugs,1,2b_rich_only,8,,8,True,51.37037037037037,8.0,21.0
wallplugs,1,2b_rich_only,8,,8,True,80.0,8.0,22.0
wallplugs,1,2b_rich_only,8,,8,True,83.22222222222221,8.0,23.0
wallplugs,1,2b_rich_only,8,,8,True,58.851851851851855,8.0,24.0
wallplugs,1,2b_rich_only,8,,8,True,60.40740740740741,8.0,25.0
wallplugs,1,2b_rich_only,8,,8,True,62.14814814814815,8.0,26.0
wallplugs,1,2b_rich_only,8,,8,True,53.2962962962963,8.0,27.0
wallplugs,1,2b_rich_only,8,,8,True,72.03703703703704,8.0,28.0
wallplugs,1,2b_rich_only,8,,8,True,69.92592592592592,8.0,29.0
wallplugs,1,3_density,8,,2,True,60.81481481481481,,0.0
wallplugs,1,3_density,8,,2,True,69.0,,1.0
wallplugs,1,3_density,8,,2,True,53.592592592592595,,2.0
wallplugs,1,3_density,8,,2,True,63.14814814814815,,3.0
wallplugs,1,3_density,8,,2,True,54.0,,4.0
wallplugs,1,3_density,8,,2,True,70.11111111111111,,5.0
wallplugs,1,3_density,8,,2,True,44.7037037037037,,6.0
wallplugs,1,3_density,8,,2,True,66.22222222222223,,7.0
wallplugs,1,3_density,8,,2,True,58.592592592592595,,8.0
wallplugs,1,3_density,8,,2,True,69.62962962962962,,9.0
wallplugs,1,3_density,8,,2,True,62.25925925925926,,10.0
wallplugs,1,3_density,8,,2,True,55.481481481481474,,11.0
wallplugs,1,3_density,8,,2,True,67.4074074074074,,12.0
wallplugs,1,3_density,8,,2,True,51.66666666666666,,13.0
wallplugs,1,3_density,8,,2,True,51.74074074074073,,14.0
wallplugs,1,3_density,8,,2,True,54.0,,15.0
wallplugs,1,3_density,8,,2,True,52.51851851851852,,16.0
wallplugs,1,3_density,8,,2,True,76.07407407407408,,17.0
wallplugs,1,3_density,8,,2,True,48.51851851851852,,18.0
wallplugs,1,3_density,8,,2,True,56.7037037037037,,19.0
wallplugs,1,3_density,8,,2,True,46.51851851851851,,20.0
wallplugs,1,3_density,8,,2,True,52.51851851851852,,21.0
wallplugs,1,3_density,8,,2,True,54.55555555555556,,22.0
wallplugs,1,3_density,8,,2,True,70.92592592592592,,23.0
wallplugs,1,3_density,8,,2,True,50.185185185185176,,24.0
wallplugs,1,3_density,8,,2,True,62.29629629629629,,25.0
wallplugs,1,3_density,8,,2,True,62.48148148148148,,26.0
wallplugs,1,3_density,8,,2,True,52.40740740740741,,27.0
wallplugs,1,3_density,8,,2,True,60.296296296296305,,28.0
wallplugs,1,3_density,8,,2,True,63.66666666666667,,29.0
wallplugs,1,3_density,8,,4,True,70.85185185185185,,0.0
wallplugs,1,3_density,8,,4,True,62.70370370370371,,1.0
wallplugs,1,3_density,8,,4,True,59.14814814814815,,2.0
wallplugs,1,3_density,8,,4,True,57.111111111111114,,3.0
wallplugs,1,3_density,8,,4,True,64.81481481481481,,4.0
wallplugs,1,3_density,8,,4,True,62.74074074074074,,5.0
wallplugs,1,3_density,8,,4,True,65.18518518518519,,6.0
wallplugs,1,3_density,8,,4,True,55.222222222222214,,7.0
wallplugs,1,3_density,8,,4,True,69.2962962962963,,8.0
wallplugs,1,3_density,8,,4,True,62.14814814814815,,9.0
wallplugs,1,3_density,8,,4,True,63.92592592592593,,10.0
wallplugs,1,3_density,8,,4,True,80.85185185185185,,11.0
wallplugs,1,3_density,8,,4,True,46.74074074074074,,12.0
wallplugs,1,3_density,8,,4,True,49.851851851851855,,13.0
wallplugs,1,3_density,8,,4,True,62.44444444444445,,14.0
wallplugs,1,3_density,8,,4,True,45.96296296296296,,15.0
wallplugs,1,3_density,8,,4,True,64.62962962962962,,16.0
wallplugs,1,3_density,8,,4,True,62.14814814814814,,17.0
wallplugs,1,3_density,8,,4,True,56.81481481481482,,18.0
wallplugs,1,3_density,8,,4,True,59.51851851851851,,19.0
wallplugs,1,3_density,8,,4,True,60.0,,20.0
wallplugs,1,3_density,8,,4,True,52.722222222222214,,21.0
wallplugs,1,3_density,8,,4,True,75.81481481481481,,22.0
wallplugs,1,3_density,8,,4,True,54.18518518518518,,23.0
wallplugs,1,3_density,8,,4,True,65.22222222222223,,24.0
wallplugs,1,3_density,8,,4,True,48.25925925925926,,25.0
wallplugs,1,3_density,8,,4,True,68.55555555555554,,26.0
wallplugs,1,3_density,8,,4,True,52.0,,27.0
wallplugs,1,3_density,8,,4,True,62.51851851851852,,28.0
wallplugs,1,3_density,8,,4,True,61.888888888888886,,29.0
wallplugs,1,3_density,8,,8,True,62.81481481481481,,0.0
wallplugs,1,3_density,8,,8,True,54.51851851851852,,1.0
wallplugs,1,3_density,8,,8,True,63.62962962962963,,2.0
wallplugs,1,3_density,8,,8,True,59.96296296296296,,3.0
wallplugs,1,3_density,8,,8,True,65.07407407407408,,4.0
wallplugs,1,3_density,8,,8,True,72.77777777777777,,5.0
wallplugs,1,3_density,8,,8,True,53.74074074074073,,6.0
wallplugs,1,3_density,8,,8,True,59.370370370370374,,7.0
wallplugs,1,3_density,8,,8,True,62.22222222222222,,8.0
wallplugs,1,3_density,8,,8,True,57.00000000000001,,9.0
wallplugs,1,3_density,8,,8,True,65.22222222222223,,10.0
wallplugs,1,3_density,8,,8,True,69.33333333333334,,11.0
wallplugs,1,3_density,8,,8,True,60.22222222222222,,12.0
wallplugs,1,3_density,8,,8,True,74.03703703703704,,13.0
wallplugs,1,3_density,8,,8,True,68.4074074074074,,14.0
wallplugs,1,3_density,8,,8,True,67.4814814814815,,15.0
wallplugs,1,3_density,8,,8,True,66.55555555555554,,16.0
wallplugs,1,3_density,8,,8,True,52.22222222222223,,17.0
wallplugs,1,3_density,8,,8,True,62.22222222222222,,18.0
wallplugs,1,3_density,8,,8,True,67.74074074074073,,19.0
wallplugs,1,3_density,8,,8,True,62.25925925925926,,20.0
wallplugs,1,3_density,8,,8,True,56.62962962962963,,21.0
wallplugs,1,3_density,8,,8,True,58.25925925925925,,22.0
wallplugs,1,3_density,8,,8,True,66.62962962962963,,23.0
wallplugs,1,3_density,8,,8,True,62.03703703703704,,24.0
wallplugs,1,3_density,8,,8,True,59.22222222222222,,25.0
wallplugs,1,3_density,8,,8,True,60.88888888888888,,26.0
wallplugs,1,3_density,8,,8,True,54.074074074074076,,27.0
wallplugs,1,3_density,8,,8,True,69.77777777777779,,28.0
wallplugs,1,3_density,8,,8,True,61.18518518518519,,29.0
wallplugs,1,3_density,8,,16,True,59.62962962962963,,0.0
wallplugs,1,3_density,8,,16,True,54.888888888888886,,1.0
wallplugs,1,3_density,8,,16,True,65.22222222222223,,2.0
wallplugs,1,3_density,8,,16,True,62.92592592592593,,3.0
wallplugs,1,3_density,8,,16,True,55.81481481481481,,4.0
wallplugs,1,3_density,8,,16,True,64.85185185185185,,5.0
wallplugs,1,3_density,8,,16,True,62.33333333333334,,6.0
wallplugs,1,3_density,8,,16,True,70.0,,7.0
wallplugs,1,3_density,8,,16,True,58.1111111111111,,8.0
wallplugs,1,3_density,8,,16,True,59.074074074074076,,9.0
wallplugs,1,3_density,8,,16,True,64.4074074074074,,10.0
wallplugs,1,3_density,8,,16,True,63.74074074074074,,11.0
wallplugs,1,3_density,8,,16,True,67.74074074074075,,12.0
wallplugs,1,3_density,8,,16,True,66.74074074074075,,13.0
wallplugs,1,3_density,8,,16,True,64.22222222222223,,14.0
wallplugs,1,3_density,8,,16,True,66.96296296296296,,15.0
wallplugs,1,3_density,8,,16,True,58.03703703703703,,16.0
wallplugs,1,3_density,8,,16,True,72.25925925925925,,17.0
wallplugs,1,3_density,8,,16,True,66.66666666666666,,18.0
wallplugs,1,3_density,8,,16,True,61.29629629629629,,19.0
wallplugs,1,3_density,8,,16,True,64.22222222222223,,20.0
wallplugs,1,3_density,8,,16,True,65.07407407407406,,21.0
wallplugs,1,3_density,8,,16,True,60.22222222222221,,22.0
wallplugs,1,3_density,8,,16,True,56.59259259259258,,23.0
wallplugs,1,3_density,8,,16,True,59.00000000000001,,24.0
wallplugs,1,3_density,8,,16,True,66.96296296296296,,25.0
wallplugs,1,3_density,8,,16,True,61.85185185185185,,26.0
wallplugs,1,3_density,8,,16,True,58.25925925925925,,27.0
wallplugs,1,3_density,8,,16,True,63.370370370370374,,28.0
wallplugs,1,3_density,8,,16,True,55.00000000000001,,29.0
wallplugs,1,3_density,8,,32,True,58.48148148148148,,0.0
wallplugs,1,3_density,8,,32,True,63.74074074074074,,1.0
wallplugs,1,3_density,8,,32,True,69.11111111111111,,2.0
wallplugs,1,3_density,8,,32,True,63.88888888888889,,3.0
wallplugs,1,3_density,8,,32,True,69.37037037037037,,4.0
wallplugs,1,3_density,8,,32,True,71.59259259259258,,5.0
wallplugs,1,3_density,8,,32,True,67.92592592592592,,6.0
wallplugs,1,3_density,8,,32,True,67.22222222222221,,7.0
wallplugs,1,3_density,8,,32,True,71.62962962962963,,8.0
wallplugs,1,3_density,8,,32,True,63.48148148148148,,9.0
wallplugs,1,3_density,8,,32,True,69.22222222222221,,10.0
wallplugs,1,3_density,8,,32,True,64.44444444444444,,11.0
wallplugs,1,3_density,8,,32,True,62.444444444444436,,12.0
wallplugs,1,3_density,8,,32,True,64.07407407407408,,13.0
wallplugs,1,3_density,8,,32,True,65.11111111111111,,14.0
wallplugs,1,3_density,8,,32,True,65.62962962962963,,15.0
wallplugs,1,3_density,8,,32,True,62.70370370370371,,16.0
wallplugs,1,3_density,8,,32,True,67.37037037037037,,17.0
wallplugs,1,3_density,8,,32,True,65.96296296296296,,18.0
wallplugs,1,3_density,8,,32,True,63.185185185185176,,19.0
wallplugs,1,3_density,8,,32,True,67.92592592592592,,20.0
wallplugs,1,3_density,8,,32,True,60.037037037037045,,21.0
wallplugs,1,3_density,8,,32,True,60.62962962962962,,22.0
wallplugs,1,3_density,8,,32,True,67.88888888888889,,23.0
wallplugs,1,3_density,8,,32,True,60.88888888888889,,24.0
wallplugs,1,3_density,8,,32,True,65.37037037037037,,25.0
wallplugs,1,3_density,8,,32,True,61.59259259259259,,26.0
wallplugs,1,3_density,8,,32,True,68.48148148148148,,27.0
wallplugs,1,3_density,8,,32,True,67.92592592592594,,28.0
wallplugs,1,3_density,8,,32,True,59.37037037037036,,29.0
wallplugs,1,3_density,8,,64,True,65.0,,0.0
wallplugs,1,3_density,8,,64,True,64.85185185185185,,1.0
wallplugs,1,3_density,8,,64,True,71.59259259259258,,2.0
wallplugs,1,3_density,8,,64,True,68.2962962962963,,3.0
wallplugs,1,3_density,8,,64,True,67.18518518518518,,4.0
wallplugs,1,3_density,8,,64,True,65.55555555555554,,5.0
wallplugs,1,3_density,8,,64,True,71.03703703703704,,6.0
wallplugs,1,3_density,8,,64,True,66.37037037037037,,7.0
wallplugs,1,3_density,8,,64,True,69.74074074074075,,8.0
wallplugs,1,3_density,8,,64,True,68.03703703703704,,9.0
wallplugs,1,3_density,8,,64,True,62.85185185185185,,10.0
wallplugs,1,3_density,8,,64,True,69.55555555555554,,11.0
wallplugs,1,3_density,8,,64,True,68.33333333333333,,12.0
wallplugs,1,3_density,8,,64,True,66.7037037037037,,13.0
wallplugs,1,3_density,8,,64,True,69.85185185185185,,14.0
wallplugs,1,3_density,8,,64,True,70.33333333333334,,15.0
wallplugs,1,3_density,8,,64,True,67.66666666666667,,16.0
wallplugs,1,3_density,8,,64,True,70.81481481481481,,17.0
wallplugs,1,3_density,8,,64,True,62.4074074074074,,18.0
wallplugs,1,3_density,8,,64,True,64.11111111111111,,19.0
wallplugs,1,3_density,8,,64,True,69.5925925925926,,20.0
wallplugs,1,3_density,8,,64,True,63.444444444444436,,21.0
wallplugs,1,3_density,8,,64,True,67.77777777777777,,22.0
wallplugs,1,3_density,8,,64,True,68.37037037037037,,23.0
wallplugs,1,3_density,8,,64,True,68.18518518518518,,24.0
wallplugs,1,3_density,8,,64,True,68.96296296296296,,25.0
wallplugs,1,3_density,8,,64,True,69.48148148148148,,26.0
wallplugs,1,3_density,8,,64,True,66.44444444444444,,27.0
wallplugs,1,3_density,8,,64,True,72.77777777777777,,28.0
wallplugs,1,3_density,8,,64,True,61.03703703703703,,29.0
wallplugs,2,1_budget100,1,1.0,2,False,60.77777777777777,,
wallplugs,2,1_budget100,2,2.0,37,False,72.51851851851852,,
wallplugs,2,1_budget100,4,4.0,36,False,59.555555555555564,,
wallplugs,2,1_budget100,8,8.0,76,False,75.62962962962962,,
wallplugs,2,1_budget100,16,16.0,100,True,72.4074074074074,,
wallplugs,2,1_budget100,-1,39.0,100,True,73.7037037037037,,
wallplugs,2,2_feasible,1,,4,True,51.37037037037037,4.0,0.0
wallplugs,2,2_feasible,1,,4,True,54.8148148148148,4.0,1.0
wallplugs,2,2_feasible,1,,4,True,55.666666666666664,4.0,2.0
wallplugs,2,2_feasible,1,,4,True,58.85185185185185,4.0,3.0
wallplugs,2,2_feasible,1,,4,True,54.8148148148148,4.0,4.0
wallplugs,2,2_feasible,1,,4,True,50.66666666666667,4.0,5.0
wallplugs,2,2_feasible,1,,4,True,54.96296296296297,4.0,6.0
wallplugs,2,2_feasible,1,,4,True,74.8888888888889,4.0,7.0
wallplugs,2,2_feasible,1,,4,True,43.0,4.0,8.0
wallplugs,2,2_feasible,1,,4,True,58.407407407407405,4.0,9.0
wallplugs,2,2_feasible,1,,4,True,68.0,4.0,10.0
wallplugs,2,2_feasible,1,,4,True,63.37037037037037,4.0,11.0
wallplugs,2,2_feasible,1,,4,True,48.07407407407407,4.0,12.0
wallplugs,2,2_feasible,1,,4,True,61.44444444444444,4.0,13.0
wallplugs,2,2_feasible,1,,4,True,60.296296296296305,4.0,14.0
wallplugs,2,2_feasible,1,,4,True,51.37037037037037,4.0,15.0
wallplugs,2,2_feasible,1,,4,True,57.62962962962963,4.0,16.0
wallplugs,2,2_feasible,1,,4,True,67.88888888888889,4.0,17.0
wallplugs,2,2_feasible,1,,4,True,49.7037037037037,4.0,18.0
wallplugs,2,2_feasible,1,,4,True,70.33333333333334,4.0,19.0
wallplugs,2,2_feasible,1,,4,True,67.48148148148148,4.0,20.0
wallplugs,2,2_feasible,1,,4,True,63.777777777777786,4.0,21.0
wallplugs,2,2_feasible,1,,4,True,60.85185185185185,4.0,22.0
wallplugs,2,2_feasible,1,,4,True,63.48148148148148,4.0,23.0
wallplugs,2,2_feasible,1,,4,True,64.66666666666666,4.0,24.0
wallplugs,2,2_feasible,1,,4,True,52.62962962962964,4.0,25.0
wallplugs,2,2_feasible,1,,4,True,58.88888888888888,4.0,26.0
wallplugs,2,2_feasible,1,,4,True,51.33333333333334,4.0,27.0
wallplugs,2,2_feasible,1,,4,True,60.592592592592595,4.0,28.0
wallplugs,2,2_feasible,1,,4,True,69.0,4.0,29.0
wallplugs,2,2_feasible,2,,4,True,47.111111111111114,4.0,0.0
wallplugs,2,2_feasible,2,,4,True,69.1111111111111,4.0,1.0
wallplugs,2,2_feasible,2,,4,True,47.88888888888888,4.0,2.0
wallplugs,2,2_feasible,2,,4,True,44.77777777777777,4.0,3.0
wallplugs,2,2_feasible,2,,4,True,53.11111111111111,4.0,4.0
wallplugs,2,2_feasible,2,,4,True,54.96296296296295,4.0,5.0
wallplugs,2,2_feasible,2,,4,True,56.55555555555556,4.0,6.0
wallplugs,2,2_feasible,2,,4,True,56.00000000000001,4.0,7.0
wallplugs,2,2_feasible,2,,4,True,49.48148148148148,4.0,8.0
wallplugs,2,2_feasible,2,,4,True,51.85185185185185,4.0,9.0
wallplugs,2,2_feasible,2,,4,True,70.7037037037037,4.0,10.0
wallplugs,2,2_feasible,2,,4,True,48.44444444444444,4.0,11.0
wallplugs,2,2_feasible,2,,4,True,47.18518518518518,4.0,12.0
wallplugs,2,2_feasible,2,,4,True,56.03703703703704,4.0,13.0
wallplugs,2,2_feasible,2,,4,True,65.55555555555556,4.0,14.0
wallplugs,2,2_feasible,2,,4,True,74.85185185185185,4.0,15.0
wallplugs,2,2_feasible,2,,4,True,54.74074074074073,4.0,16.0
wallplugs,2,2_feasible,2,,4,True,53.48148148148149,4.0,17.0
wallplugs,2,2_feasible,2,,4,True,57.81481481481481,4.0,18.0
wallplugs,2,2_feasible,2,,4,True,51.51851851851852,4.0,19.0
wallplugs,2,2_feasible,2,,4,True,62.111111111111114,4.0,20.0
wallplugs,2,2_feasible,2,,4,True,44.2962962962963,4.0,21.0
wallplugs,2,2_feasible,2,,4,True,62.0,4.0,22.0
wallplugs,2,2_feasible,2,,4,True,47.25925925925926,4.0,23.0
wallplugs,2,2_feasible,2,,4,True,70.07407407407408,4.0,24.0
wallplugs,2,2_feasible,2,,4,True,45.407407407407405,4.0,25.0
wallplugs,2,2_feasible,2,,4,True,48.44444444444444,4.0,26.0
wallplugs,2,2_feasible,2,,4,True,69.2962962962963,4.0,27.0
wallplugs,2,2_feasible,2,,4,True,61.66666666666667,4.0,28.0
wallplugs,2,2_feasible,2,,4,True,75.74074074074073,4.0,29.0
wallplugs,2,2_feasible,4,,4,True,56.18518518518518,4.0,0.0
wallplugs,2,2_feasible,4,,4,True,66.92592592592592,4.0,1.0
wallplugs,2,2_feasible,4,,4,True,62.85185185185185,4.0,2.0
wallplugs,2,2_feasible,4,,4,True,59.111111111111114,4.0,3.0
wallplugs,2,2_feasible,4,,4,True,69.22222222222221,4.0,4.0
wallplugs,2,2_feasible,4,,4,True,50.77777777777778,4.0,5.0
wallplugs,2,2_feasible,4,,4,True,71.44444444444444,4.0,6.0
wallplugs,2,2_feasible,4,,4,True,56.222222222222214,4.0,7.0
wallplugs,2,2_feasible,4,,4,True,68.96296296296296,4.0,8.0
wallplugs,2,2_feasible,4,,4,True,49.48148148148149,4.0,9.0
wallplugs,2,2_feasible,4,,4,True,48.44444444444444,4.0,10.0
wallplugs,2,2_feasible,4,,4,True,47.1111111111111,4.0,11.0
wallplugs,2,2_feasible,4,,4,True,59.44444444444444,4.0,12.0
wallplugs,2,2_feasible,4,,4,True,65.66666666666667,4.0,13.0
wallplugs,2,2_feasible,4,,4,True,50.2962962962963,4.0,14.0
wallplugs,2,2_feasible,4,,4,True,45.03703703703704,4.0,15.0
wallplugs,2,2_feasible,4,,4,True,56.074074074074076,4.0,16.0
wallplugs,2,2_feasible,4,,4,True,53.8888888888889,4.0,17.0
wallplugs,2,2_feasible,4,,4,True,59.55555555555555,4.0,18.0
wallplugs,2,2_feasible,4,,4,True,42.81481481481482,4.0,19.0
wallplugs,2,2_feasible,4,,4,True,53.51851851851852,4.0,20.0
wallplugs,2,2_feasible,4,,4,True,58.370370370370374,4.0,21.0
wallplugs,2,2_feasible,4,,4,True,45.77777777777778,4.0,22.0
wallplugs,2,2_feasible,4,,4,True,65.62962962962963,4.0,23.0
wallplugs,2,2_feasible,4,,4,True,46.925925925925924,4.0,24.0
wallplugs,2,2_feasible,4,,4,True,58.44444444444443,4.0,25.0
wallplugs,2,2_feasible,4,,4,True,59.14814814814815,4.0,26.0
wallplugs,2,2_feasible,4,,4,True,56.518518518518526,4.0,27.0
wallplugs,2,2_feasible,4,,4,True,59.00000000000001,4.0,28.0
wallplugs,2,2_feasible,4,,4,True,77.0,4.0,29.0
wallplugs,2,2_feasible,1,,8,True,68.33333333333333,8.0,0.0
wallplugs,2,2_feasible,1,,8,True,65.81481481481481,8.0,1.0
wallplugs,2,2_feasible,1,,8,True,54.48148148148149,8.0,2.0
wallplugs,2,2_feasible,1,,8,True,52.51851851851852,8.0,3.0
wallplugs,2,2_feasible,1,,8,True,55.51851851851852,8.0,4.0
wallplugs,2,2_feasible,1,,8,True,70.96296296296296,8.0,5.0
wallplugs,2,2_feasible,1,,8,True,63.11111111111111,8.0,6.0
wallplugs,2,2_feasible,1,,8,True,68.0,8.0,7.0
wallplugs,2,2_feasible,1,,8,True,54.81481481481482,8.0,8.0
wallplugs,2,2_feasible,1,,8,True,61.81481481481481,8.0,9.0
wallplugs,2,2_feasible,1,,8,True,67.5925925925926,8.0,10.0
wallplugs,2,2_feasible,1,,8,True,62.81481481481481,8.0,11.0
wallplugs,2,2_feasible,1,,8,True,64.25925925925927,8.0,12.0
wallplugs,2,2_feasible,1,,8,True,59.4074074074074,8.0,13.0
wallplugs,2,2_feasible,1,,8,True,55.148148148148145,8.0,14.0
wallplugs,2,2_feasible,1,,8,True,69.77777777777779,8.0,15.0
wallplugs,2,2_feasible,1,,8,True,55.481481481481474,8.0,16.0
wallplugs,2,2_feasible,1,,8,True,59.7037037037037,8.0,17.0
wallplugs,2,2_feasible,1,,8,True,59.66666666666667,8.0,18.0
wallplugs,2,2_feasible,1,,8,True,50.85185185185185,8.0,19.0
wallplugs,2,2_feasible,1,,8,True,63.33333333333333,8.0,20.0
wallplugs,2,2_feasible,1,,8,True,55.333333333333336,8.0,21.0
wallplugs,2,2_feasible,1,,8,True,46.0,8.0,22.0
wallplugs,2,2_feasible,1,,8,True,62.111111111111114,8.0,23.0
wallplugs,2,2_feasible,1,,8,True,51.888888888888886,8.0,24.0
wallplugs,2,2_feasible,1,,8,True,54.592592592592595,8.0,25.0
wallplugs,2,2_feasible,1,,8,True,54.11111111111111,8.0,26.0
wallplugs,2,2_feasible,1,,8,True,68.55555555555556,8.0,27.0
wallplugs,2,2_feasible,1,,8,True,59.48148148148149,8.0,28.0
wallplugs,2,2_feasible,1,,8,True,68.33333333333333,8.0,29.0
wallplugs,2,2_feasible,2,,8,True,56.148148148148145,8.0,0.0
wallplugs,2,2_feasible,2,,8,True,55.14814814814816,8.0,1.0
wallplugs,2,2_feasible,2,,8,True,53.44444444444445,8.0,2.0
wallplugs,2,2_feasible,2,,8,True,64.62962962962962,8.0,3.0
wallplugs,2,2_feasible,2,,8,True,71.51851851851852,8.0,4.0
wallplugs,2,2_feasible,2,,8,True,63.51851851851852,8.0,5.0
wallplugs,2,2_feasible,2,,8,True,56.29629629629629,8.0,6.0
wallplugs,2,2_feasible,2,,8,True,55.59259259259258,8.0,7.0
wallplugs,2,2_feasible,2,,8,True,56.2962962962963,8.0,8.0
wallplugs,2,2_feasible,2,,8,True,47.88888888888889,8.0,9.0
wallplugs,2,2_feasible,2,,8,True,64.81481481481481,8.0,10.0
wallplugs,2,2_feasible,2,,8,True,66.92592592592592,8.0,11.0
wallplugs,2,2_feasible,2,,8,True,57.29629629629629,8.0,12.0
wallplugs,2,2_feasible,2,,8,True,68.96296296296298,8.0,13.0
wallplugs,2,2_feasible,2,,8,True,55.074074074074076,8.0,14.0
wallplugs,2,2_feasible,2,,8,True,62.81481481481481,8.0,15.0
wallplugs,2,2_feasible,2,,8,True,71.48148148148148,8.0,16.0
wallplugs,2,2_feasible,2,,8,True,61.92592592592593,8.0,17.0
wallplugs,2,2_feasible,2,,8,True,56.7037037037037,8.0,18.0
wallplugs,2,2_feasible,2,,8,True,69.7037037037037,8.0,19.0
wallplugs,2,2_feasible,2,,8,True,69.18518518518518,8.0,20.0
wallplugs,2,2_feasible,2,,8,True,67.0,8.0,21.0
wallplugs,2,2_feasible,2,,8,True,51.148148148148145,8.0,22.0
wallplugs,2,2_feasible,2,,8,True,58.85185185185185,8.0,23.0
wallplugs,2,2_feasible,2,,8,True,57.77777777777777,8.0,24.0
wallplugs,2,2_feasible,2,,8,True,60.74074074074074,8.0,25.0
wallplugs,2,2_feasible,2,,8,True,72.62962962962962,8.0,26.0
wallplugs,2,2_feasible,2,,8,True,57.85185185185184,8.0,27.0
wallplugs,2,2_feasible,2,,8,True,63.370370370370374,8.0,28.0
wallplugs,2,2_feasible,2,,8,True,46.629629629629626,8.0,29.0
wallplugs,2,2_feasible,4,,8,True,60.40740740740741,8.0,0.0
wallplugs,2,2_feasible,4,,8,True,70.03703703703704,8.0,1.0
wallplugs,2,2_feasible,4,,8,True,64.11111111111111,8.0,2.0
wallplugs,2,2_feasible,4,,8,True,71.81481481481482,8.0,3.0
wallplugs,2,2_feasible,4,,8,True,60.55555555555555,8.0,4.0
wallplugs,2,2_feasible,4,,8,True,55.666666666666664,8.0,5.0
wallplugs,2,2_feasible,4,,8,True,68.14814814814815,8.0,6.0
wallplugs,2,2_feasible,4,,8,True,49.814814814814824,8.0,7.0
wallplugs,2,2_feasible,4,,8,True,63.92592592592593,8.0,8.0
wallplugs,2,2_feasible,4,,8,True,53.70370370370371,8.0,9.0
wallplugs,2,2_feasible,4,,8,True,52.74074074074074,8.0,10.0
wallplugs,2,2_feasible,4,,8,True,56.18518518518519,8.0,11.0
wallplugs,2,2_feasible,4,,8,True,66.74074074074075,8.0,12.0
wallplugs,2,2_feasible,4,,8,True,63.07407407407407,8.0,13.0
wallplugs,2,2_feasible,4,,8,True,72.33333333333333,8.0,14.0
wallplugs,2,2_feasible,4,,8,True,59.77777777777777,8.0,15.0
wallplugs,2,2_feasible,4,,8,True,59.7037037037037,8.0,16.0
wallplugs,2,2_feasible,4,,8,True,59.333333333333336,8.0,17.0
wallplugs,2,2_feasible,4,,8,True,57.22222222222222,8.0,18.0
wallplugs,2,2_feasible,4,,8,True,66.4074074074074,8.0,19.0
wallplugs,2,2_feasible,4,,8,True,57.25925925925925,8.0,20.0
wallplugs,2,2_feasible,4,,8,True,69.18518518518519,8.0,21.0
wallplugs,2,2_feasible,4,,8,True,54.25925925925926,8.0,22.0
wallplugs,2,2_feasible,4,,8,True,53.40740740740741,8.0,23.0
wallplugs,2,2_feasible,4,,8,True,58.88888888888889,8.0,24.0
wallplugs,2,2_feasible,4,,8,True,69.11111111111111,8.0,25.0
wallplugs,2,2_feasible,4,,8,True,55.55555555555556,8.0,26.0
wallplugs,2,2_feasible,4,,8,True,51.11111111111111,8.0,27.0
wallplugs,2,2_feasible,4,,8,True,54.851851851851855,8.0,28.0
wallplugs,2,2_feasible,4,,8,True,51.703703703703695,8.0,29.0
wallplugs,2,2_feasible,8,,8,True,69.96296296296296,8.0,0.0
wallplugs,2,2_feasible,8,,8,True,61.29629629629629,8.0,1.0
wallplugs,2,2_feasible,8,,8,True,67.51851851851852,8.0,2.0
wallplugs,2,2_feasible,8,,8,True,59.62962962962963,8.0,3.0
wallplugs,2,2_feasible,8,,8,True,62.370370370370374,8.0,4.0
wallplugs,2,2_feasible,8,,8,True,72.81481481481481,8.0,5.0
wallplugs,2,2_feasible,8,,8,True,71.22222222222221,8.0,6.0
wallplugs,2,2_feasible,8,,8,True,60.48148148148148,8.0,7.0
wallplugs,2,2_feasible,8,,8,True,53.444444444444436,8.0,8.0
wallplugs,2,2_feasible,8,,8,True,65.22222222222221,8.0,9.0
wallplugs,2,2_feasible,8,,8,True,48.85185185185185,8.0,10.0
wallplugs,2,2_feasible,8,,8,True,60.40740740740741,8.0,11.0
wallplugs,2,2_feasible,8,,8,True,57.666666666666664,8.0,12.0
wallplugs,2,2_feasible,8,,8,True,71.48148148148148,8.0,13.0
wallplugs,2,2_feasible,8,,8,True,67.55555555555554,8.0,14.0
wallplugs,2,2_feasible,8,,8,True,56.03703703703704,8.0,15.0
wallplugs,2,2_feasible,8,,8,True,67.2962962962963,8.0,16.0
wallplugs,2,2_feasible,8,,8,True,63.48148148148148,8.0,17.0
wallplugs,2,2_feasible,8,,8,True,63.370370370370374,8.0,18.0
wallplugs,2,2_feasible,8,,8,True,53.074074074074076,8.0,19.0
wallplugs,2,2_feasible,8,,8,True,66.81481481481481,8.0,20.0
wallplugs,2,2_feasible,8,,8,True,60.74074074074074,8.0,21.0
wallplugs,2,2_feasible,8,,8,True,69.81481481481482,8.0,22.0
wallplugs,2,2_feasible,8,,8,True,75.70370370370371,8.0,23.0
wallplugs,2,2_feasible,8,,8,True,60.81481481481481,8.0,24.0
wallplugs,2,2_feasible,8,,8,True,66.37037037037038,8.0,25.0
wallplugs,2,2_feasible,8,,8,True,56.222222222222214,8.0,26.0
wallplugs,2,2_feasible,8,,8,True,64.11111111111111,8.0,27.0
wallplugs,2,2_feasible,8,,8,True,54.703703703703695,8.0,28.0
wallplugs,2,2_feasible,8,,8,True,71.70370370370371,8.0,29.0
wallplugs,2,2b_rich_only,1,,4,True,57.33333333333333,4.0,0.0
wallplugs,2,2b_rich_only,1,,4,True,68.25925925925927,4.0,1.0
wallplugs,2,2b_rich_only,1,,4,True,64.33333333333333,4.0,2.0
wallplugs,2,2b_rich_only,1,,4,True,59.0,4.0,3.0
wallplugs,2,2b_rich_only,1,,4,True,53.888888888888886,4.0,4.0
wallplugs,2,2b_rich_only,1,,4,True,66.66666666666667,4.0,5.0
wallplugs,2,2b_rich_only,1,,4,True,63.48148148148148,4.0,6.0
wallplugs,2,2b_rich_only,1,,4,True,66.14814814814815,4.0,7.0
wallplugs,2,2b_rich_only,1,,4,True,66.77777777777779,4.0,8.0
wallplugs,2,2b_rich_only,1,,4,True,53.37037037037037,4.0,9.0
wallplugs,2,2b_rich_only,1,,4,True,48.370370370370374,4.0,10.0
wallplugs,2,2b_rich_only,1,,4,True,62.62962962962963,4.0,11.0
wallplugs,2,2b_rich_only,1,,4,True,54.44444444444445,4.0,12.0
wallplugs,2,2b_rich_only,1,,4,True,59.03703703703703,4.0,13.0
wallplugs,2,2b_rich_only,1,,4,True,68.07407407407406,4.0,14.0
wallplugs,2,2b_rich_only,1,,4,True,66.4074074074074,4.0,15.0
wallplugs,2,2b_rich_only,1,,4,True,61.33333333333334,4.0,16.0
wallplugs,2,2b_rich_only,1,,4,True,54.629629629629626,4.0,17.0
wallplugs,2,2b_rich_only,1,,4,True,66.7037037037037,4.0,18.0
wallplugs,2,2b_rich_only,1,,4,True,62.62962962962963,4.0,19.0
wallplugs,2,2b_rich_only,1,,4,True,60.074074074074076,4.0,20.0
wallplugs,2,2b_rich_only,1,,4,True,62.62962962962963,4.0,21.0
wallplugs,2,2b_rich_only,1,,4,True,46.81481481481481,4.0,22.0
wallplugs,2,2b_rich_only,1,,4,True,53.37037037037037,4.0,23.0
wallplugs,2,2b_rich_only,1,,4,True,62.296296296296305,4.0,24.0
wallplugs,2,2b_rich_only,1,,4,True,52.62962962962964,4.0,25.0
wallplugs,2,2b_rich_only,1,,4,True,53.8888888888889,4.0,26.0
wallplugs,2,2b_rich_only,1,,4,True,58.14814814814814,4.0,27.0
wallplugs,2,2b_rich_only,1,,4,True,61.33333333333333,4.0,28.0
wallplugs,2,2b_rich_only,1,,4,True,56.592592592592595,4.0,29.0
wallplugs,2,2b_rich_only,2,,4,True,44.96296296296297,4.0,0.0
wallplugs,2,2b_rich_only,2,,4,True,52.48148148148148,4.0,1.0
wallplugs,2,2b_rich_only,2,,4,True,68.88888888888889,4.0,2.0
wallplugs,2,2b_rich_only,2,,4,True,62.70370370370371,4.0,3.0
wallplugs,2,2b_rich_only,2,,4,True,66.5925925925926,4.0,4.0
wallplugs,2,2b_rich_only,2,,4,True,67.07407407407408,4.0,5.0
wallplugs,2,2b_rich_only,2,,4,True,57.88888888888889,4.0,6.0
wallplugs,2,2b_rich_only,2,,4,True,58.333333333333336,4.0,7.0
wallplugs,2,2b_rich_only,2,,4,True,61.37037037037037,4.0,8.0
wallplugs,2,2b_rich_only,2,,4,True,47.074074074074076,4.0,9.0
wallplugs,2,2b_rich_only,2,,4,True,65.55555555555556,4.0,10.0
wallplugs,2,2b_rich_only,2,,4,True,72.25925925925927,4.0,11.0
wallplugs,2,2b_rich_only,2,,4,True,57.22222222222222,4.0,12.0
wallplugs,2,2b_rich_only,2,,4,True,74.85185185185185,4.0,13.0
wallplugs,2,2b_rich_only,2,,4,True,74.44444444444444,4.0,14.0
wallplugs,2,2b_rich_only,2,,4,True,60.92592592592592,4.0,15.0
wallplugs,2,2b_rich_only,2,,4,True,57.18518518518518,4.0,16.0
wallplugs,2,2b_rich_only,2,,4,True,55.25925925925927,4.0,17.0
wallplugs,2,2b_rich_only,2,,4,True,66.48148148148148,4.0,18.0
wallplugs,2,2b_rich_only,2,,4,True,51.85185185185185,4.0,19.0
wallplugs,2,2b_rich_only,2,,4,True,63.0,4.0,20.0
wallplugs,2,2b_rich_only,2,,4,True,54.11111111111111,4.0,21.0
wallplugs,2,2b_rich_only,2,,4,True,61.40740740740741,4.0,22.0
wallplugs,2,2b_rich_only,2,,4,True,58.111111111111114,4.0,23.0
wallplugs,2,2b_rich_only,2,,4,True,57.55555555555556,4.0,24.0
wallplugs,2,2b_rich_only,2,,4,True,62.44444444444445,4.0,25.0
wallplugs,2,2b_rich_only,2,,4,True,70.92592592592592,4.0,26.0
wallplugs,2,2b_rich_only,2,,4,True,60.22222222222222,4.0,27.0
wallplugs,2,2b_rich_only,2,,4,True,73.66666666666667,4.0,28.0
wallplugs,2,2b_rich_only,2,,4,True,58.66666666666668,4.0,29.0
wallplugs,2,2b_rich_only,4,,4,True,61.7037037037037,4.0,0.0
wallplugs,2,2b_rich_only,4,,4,True,60.66666666666667,4.0,1.0
wallplugs,2,2b_rich_only,4,,4,True,67.18518518518519,4.0,2.0
wallplugs,2,2b_rich_only,4,,4,True,40.148148148148145,4.0,3.0
wallplugs,2,2b_rich_only,4,,4,True,51.66666666666666,4.0,4.0
wallplugs,2,2b_rich_only,4,,4,True,74.18518518518518,4.0,5.0
wallplugs,2,2b_rich_only,4,,4,True,62.81481481481481,4.0,6.0
wallplugs,2,2b_rich_only,4,,4,True,47.22222222222222,4.0,7.0
wallplugs,2,2b_rich_only,4,,4,True,50.2962962962963,4.0,8.0
wallplugs,2,2b_rich_only,4,,4,True,70.85185185185185,4.0,9.0
wallplugs,2,2b_rich_only,4,,4,True,61.74074074074074,4.0,10.0
wallplugs,2,2b_rich_only,4,,4,True,63.18518518518519,4.0,11.0
wallplugs,2,2b_rich_only,4,,4,True,57.074074074074076,4.0,12.0
wallplugs,2,2b_rich_only,4,,4,True,59.44444444444446,4.0,13.0
wallplugs,2,2b_rich_only,4,,4,True,69.96296296296296,4.0,14.0
wallplugs,2,2b_rich_only,4,,4,True,63.962962962962955,4.0,15.0
wallplugs,2,2b_rich_only,4,,4,True,68.03703703703702,4.0,16.0
wallplugs,2,2b_rich_only,4,,4,True,55.407407407407405,4.0,17.0
wallplugs,2,2b_rich_only,4,,4,True,51.44444444444445,4.0,18.0
wallplugs,2,2b_rich_only,4,,4,True,47.14814814814815,4.0,19.0
wallplugs,2,2b_rich_only,4,,4,True,59.925925925925924,4.0,20.0
wallplugs,2,2b_rich_only,4,,4,True,60.74074074074074,4.0,21.0
wallplugs,2,2b_rich_only,4,,4,True,67.37037037037037,4.0,22.0
wallplugs,2,2b_rich_only,4,,4,True,53.629629629629626,4.0,23.0
wallplugs,2,2b_rich_only,4,,4,True,72.0,4.0,24.0
wallplugs,2,2b_rich_only,4,,4,True,62.25925925925926,4.0,25.0
wallplugs,2,2b_rich_only,4,,4,True,43.81481481481482,4.0,26.0
wallplugs,2,2b_rich_only,4,,4,True,71.81481481481481,4.0,27.0
wallplugs,2,2b_rich_only,4,,4,True,61.62962962962963,4.0,28.0
wallplugs,2,2b_rich_only,4,,4,True,67.0,4.0,29.0
wallplugs,2,2b_rich_only,1,,8,True,65.03703703703704,8.0,0.0
wallplugs,2,2b_rich_only,1,,8,True,60.59259259259259,8.0,1.0
wallplugs,2,2b_rich_only,1,,8,True,53.074074074074076,8.0,2.0
wallplugs,2,2b_rich_only,1,,8,True,53.96296296296297,8.0,3.0
wallplugs,2,2b_rich_only,1,,8,True,52.44444444444445,8.0,4.0
wallplugs,2,2b_rich_only,1,,8,True,53.48148148148149,8.0,5.0
wallplugs,2,2b_rich_only,1,,8,True,49.666666666666664,8.0,6.0
wallplugs,2,2b_rich_only,1,,8,True,67.25925925925925,8.0,7.0
wallplugs,2,2b_rich_only,1,,8,True,54.51851851851852,8.0,8.0
wallplugs,2,2b_rich_only,1,,8,True,59.814814814814824,8.0,9.0
wallplugs,2,2b_rich_only,1,,8,True,52.77777777777778,8.0,10.0
wallplugs,2,2b_rich_only,1,,8,True,42.629629629629626,8.0,11.0
wallplugs,2,2b_rich_only,1,,8,True,44.925925925925924,8.0,12.0
wallplugs,2,2b_rich_only,1,,8,True,67.33333333333333,8.0,13.0
wallplugs,2,2b_rich_only,1,,8,True,48.14814814814815,8.0,14.0
wallplugs,2,2b_rich_only,1,,8,True,40.37037037037037,8.0,15.0
wallplugs,2,2b_rich_only,1,,8,True,53.148148148148145,8.0,16.0
wallplugs,2,2b_rich_only,1,,8,True,56.074074074074076,8.0,17.0
wallplugs,2,2b_rich_only,1,,8,True,61.888888888888886,8.0,18.0
wallplugs,2,2b_rich_only,1,,8,True,61.40740740740741,8.0,19.0
wallplugs,2,2b_rich_only,1,,8,True,59.74074074074074,8.0,20.0
wallplugs,2,2b_rich_only,1,,8,True,50.48148148148148,8.0,21.0
wallplugs,2,2b_rich_only,1,,8,True,65.4074074074074,8.0,22.0
wallplugs,2,2b_rich_only,1,,8,True,63.81481481481481,8.0,23.0
wallplugs,2,2b_rich_only,1,,8,True,67.5925925925926,8.0,24.0
wallplugs,2,2b_rich_only,1,,8,True,56.00000000000001,8.0,25.0
wallplugs,2,2b_rich_only,1,,8,True,67.88888888888889,8.0,26.0
wallplugs,2,2b_rich_only,1,,8,True,59.25925925925925,8.0,27.0
wallplugs,2,2b_rich_only,1,,8,True,67.25925925925927,8.0,28.0
wallplugs,2,2b_rich_only,1,,8,True,57.18518518518518,8.0,29.0
wallplugs,2,2b_rich_only,2,,8,True,53.666666666666664,8.0,0.0
wallplugs,2,2b_rich_only,2,,8,True,58.407407407407405,8.0,1.0
wallplugs,2,2b_rich_only,2,,8,True,73.44444444444444,8.0,2.0
wallplugs,2,2b_rich_only,2,,8,True,52.03703703703704,8.0,3.0
wallplugs,2,2b_rich_only,2,,8,True,71.59259259259258,8.0,4.0
wallplugs,2,2b_rich_only,2,,8,True,63.18518518518519,8.0,5.0
wallplugs,2,2b_rich_only,2,,8,True,59.40740740740741,8.0,6.0
wallplugs,2,2b_rich_only,2,,8,True,60.851851851851855,8.0,7.0
wallplugs,2,2b_rich_only,2,,8,True,68.22222222222223,8.0,8.0
wallplugs,2,2b_rich_only,2,,8,True,68.66666666666667,8.0,9.0
wallplugs,2,2b_rich_only,2,,8,True,63.85185185185185,8.0,10.0
wallplugs,2,2b_rich_only,2,,8,True,67.37037037037037,8.0,11.0
wallplugs,2,2b_rich_only,2,,8,True,71.25925925925925,8.0,12.0
wallplugs,2,2b_rich_only,2,,8,True,53.333333333333336,8.0,13.0
wallplugs,2,2b_rich_only,2,,8,True,57.148148148148145,8.0,14.0
wallplugs,2,2b_rich_only,2,,8,True,59.33333333333333,8.0,15.0
wallplugs,2,2b_rich_only,2,,8,True,65.11111111111111,8.0,16.0
wallplugs,2,2b_rich_only,2,,8,True,67.07407407407408,8.0,17.0
wallplugs,2,2b_rich_only,2,,8,True,57.074074074074076,8.0,18.0
wallplugs,2,2b_rich_only,2,,8,True,62.77777777777778,8.0,19.0
wallplugs,2,2b_rich_only,2,,8,True,52.074074074074076,8.0,20.0
wallplugs,2,2b_rich_only,2,,8,True,56.48148148148149,8.0,21.0
wallplugs,2,2b_rich_only,2,,8,True,69.96296296296296,8.0,22.0
wallplugs,2,2b_rich_only,2,,8,True,64.77777777777777,8.0,23.0
wallplugs,2,2b_rich_only,2,,8,True,52.77777777777778,8.0,24.0
wallplugs,2,2b_rich_only,2,,8,True,74.22222222222223,8.0,25.0
wallplugs,2,2b_rich_only,2,,8,True,67.77777777777777,8.0,26.0
wallplugs,2,2b_rich_only,2,,8,True,69.07407407407408,8.0,27.0
wallplugs,2,2b_rich_only,2,,8,True,65.22222222222223,8.0,28.0
wallplugs,2,2b_rich_only,2,,8,True,63.22222222222222,8.0,29.0
wallplugs,2,2b_rich_only,4,,8,True,57.666666666666664,8.0,0.0
wallplugs,2,2b_rich_only,4,,8,True,67.74074074074075,8.0,1.0
wallplugs,2,2b_rich_only,4,,8,True,57.11111111111112,8.0,2.0
wallplugs,2,2b_rich_only,4,,8,True,73.77777777777777,8.0,3.0
wallplugs,2,2b_rich_only,4,,8,True,66.37037037037037,8.0,4.0
wallplugs,2,2b_rich_only,4,,8,True,62.62962962962963,8.0,5.0
wallplugs,2,2b_rich_only,4,,8,True,64.29629629629629,8.0,6.0
wallplugs,2,2b_rich_only,4,,8,True,56.03703703703704,8.0,7.0
wallplugs,2,2b_rich_only,4,,8,True,47.148148148148145,8.0,8.0
wallplugs,2,2b_rich_only,4,,8,True,54.55555555555556,8.0,9.0
wallplugs,2,2b_rich_only,4,,8,True,72.18518518518519,8.0,10.0
wallplugs,2,2b_rich_only,4,,8,True,72.66666666666666,8.0,11.0
wallplugs,2,2b_rich_only,4,,8,True,58.55555555555556,8.0,12.0
wallplugs,2,2b_rich_only,4,,8,True,68.18518518518519,8.0,13.0
wallplugs,2,2b_rich_only,4,,8,True,70.48148148148148,8.0,14.0
wallplugs,2,2b_rich_only,4,,8,True,53.11111111111111,8.0,15.0
wallplugs,2,2b_rich_only,4,,8,True,67.33333333333333,8.0,16.0
wallplugs,2,2b_rich_only,4,,8,True,75.37037037037037,8.0,17.0
wallplugs,2,2b_rich_only,4,,8,True,60.7037037037037,8.0,18.0
wallplugs,2,2b_rich_only,4,,8,True,57.85185185185186,8.0,19.0
wallplugs,2,2b_rich_only,4,,8,True,74.29629629629629,8.0,20.0
wallplugs,2,2b_rich_only,4,,8,True,65.74074074074073,8.0,21.0
wallplugs,2,2b_rich_only,4,,8,True,68.14814814814815,8.0,22.0
wallplugs,2,2b_rich_only,4,,8,True,54.92592592592593,8.0,23.0
wallplugs,2,2b_rich_only,4,,8,True,65.44444444444444,8.0,24.0
wallplugs,2,2b_rich_only,4,,8,True,74.81481481481482,8.0,25.0
wallplugs,2,2b_rich_only,4,,8,True,65.59259259259261,8.0,26.0
wallplugs,2,2b_rich_only,4,,8,True,60.44444444444444,8.0,27.0
wallplugs,2,2b_rich_only,4,,8,True,55.77777777777777,8.0,28.0
wallplugs,2,2b_rich_only,4,,8,True,69.55555555555557,8.0,29.0
wallplugs,2,2b_rich_only,8,,8,True,58.14814814814814,8.0,0.0
wallplugs,2,2b_rich_only,8,,8,True,63.0,8.0,1.0
wallplugs,2,2b_rich_only,8,,8,True,58.59259259259259,8.0,2.0
wallplugs,2,2b_rich_only,8,,8,True,67.18518518518519,8.0,3.0
wallplugs,2,2b_rich_only,8,,8,True,55.925925925925924,8.0,4.0
wallplugs,2,2b_rich_only,8,,8,True,53.444444444444436,8.0,5.0
wallplugs,2,2b_rich_only,8,,8,True,72.37037037037037,8.0,6.0
wallplugs,2,2b_rich_only,8,,8,True,68.11111111111113,8.0,7.0
wallplugs,2,2b_rich_only,8,,8,True,69.55555555555556,8.0,8.0
wallplugs,2,2b_rich_only,8,,8,True,75.44444444444444,8.0,9.0
wallplugs,2,2b_rich_only,8,,8,True,60.51851851851852,8.0,10.0
wallplugs,2,2b_rich_only,8,,8,True,65.22222222222221,8.0,11.0
wallplugs,2,2b_rich_only,8,,8,True,62.33333333333333,8.0,12.0
wallplugs,2,2b_rich_only,8,,8,True,58.925925925925924,8.0,13.0
wallplugs,2,2b_rich_only,8,,8,True,75.74074074074075,8.0,14.0
wallplugs,2,2b_rich_only,8,,8,True,65.74074074074073,8.0,15.0
wallplugs,2,2b_rich_only,8,,8,True,61.25925925925926,8.0,16.0
wallplugs,2,2b_rich_only,8,,8,True,69.81481481481481,8.0,17.0
wallplugs,2,2b_rich_only,8,,8,True,69.5925925925926,8.0,18.0
wallplugs,2,2b_rich_only,8,,8,True,64.03703703703705,8.0,19.0
wallplugs,2,2b_rich_only,8,,8,True,67.4074074074074,8.0,20.0
wallplugs,2,2b_rich_only,8,,8,True,76.18518518518518,8.0,21.0
wallplugs,2,2b_rich_only,8,,8,True,67.77777777777779,8.0,22.0
wallplugs,2,2b_rich_only,8,,8,True,62.29629629629629,8.0,23.0
wallplugs,2,2b_rich_only,8,,8,True,69.77777777777777,8.0,24.0
wallplugs,2,2b_rich_only,8,,8,True,70.77777777777777,8.0,25.0
wallplugs,2,2b_rich_only,8,,8,True,61.11111111111111,8.0,26.0
wallplugs,2,2b_rich_only,8,,8,True,59.14814814814816,8.0,27.0
wallplugs,2,2b_rich_only,8,,8,True,70.0,8.0,28.0
wallplugs,2,2b_rich_only,8,,8,True,72.51851851851852,8.0,29.0
wallplugs,2,3_density,8,,2,True,55.44444444444444,,0.0
wallplugs,2,3_density,8,,2,True,49.92592592592593,,1.0
wallplugs,2,3_density,8,,2,True,61.33333333333333,,2.0
wallplugs,2,3_density,8,,2,True,60.40740740740741,,3.0
wallplugs,2,3_density,8,,2,True,65.22222222222223,,4.0
wallplugs,2,3_density,8,,2,True,53.03703703703704,,5.0
wallplugs,2,3_density,8,,2,True,53.703703703703695,,6.0
wallplugs,2,3_density,8,,2,True,49.370370370370374,,7.0
wallplugs,2,3_density,8,,2,True,58.333333333333336,,8.0
wallplugs,2,3_density,8,,2,True,57.48148148148149,,9.0
wallplugs,2,3_density,8,,2,True,61.0,,10.0
wallplugs,2,3_density,8,,2,True,51.74074074074074,,11.0
wallplugs,2,3_density,8,,2,True,55.592592592592595,,12.0
wallplugs,2,3_density,8,,2,True,56.111111111111114,,13.0
wallplugs,2,3_density,8,,2,True,59.33333333333333,,14.0
wallplugs,2,3_density,8,,2,True,63.44444444444445,,15.0
wallplugs,2,3_density,8,,2,True,65.18518518518519,,16.0
wallplugs,2,3_density,8,,2,True,67.33333333333333,,17.0
wallplugs,2,3_density,8,,2,True,50.2962962962963,,18.0
wallplugs,2,3_density,8,,2,True,60.77777777777777,,19.0
wallplugs,2,3_density,8,,2,True,60.88888888888889,,20.0
wallplugs,2,3_density,8,,2,True,58.55555555555556,,21.0
wallplugs,2,3_density,8,,2,True,44.37037037037037,,22.0
wallplugs,2,3_density,8,,2,True,61.962962962962976,,23.0
wallplugs,2,3_density,8,,2,True,56.03703703703704,,24.0
wallplugs,2,3_density,8,,2,True,52.55555555555556,,25.0
wallplugs,2,3_density,8,,2,True,61.962962962962976,,26.0
wallplugs,2,3_density,8,,2,True,47.18518518518518,,27.0
wallplugs,2,3_density,8,,2,True,68.88888888888889,,28.0
wallplugs,2,3_density,8,,2,True,59.592592592592595,,29.0
wallplugs,2,3_density,8,,4,True,62.33333333333333,,0.0
wallplugs,2,3_density,8,,4,True,72.29629629629629,,1.0
wallplugs,2,3_density,8,,4,True,57.88888888888889,,2.0
wallplugs,2,3_density,8,,4,True,65.25925925925927,,3.0
wallplugs,2,3_density,8,,4,True,52.37037037037038,,4.0
wallplugs,2,3_density,8,,4,True,62.70370370370371,,5.0
wallplugs,2,3_density,8,,4,True,61.37037037037037,,6.0
wallplugs,2,3_density,8,,4,True,58.62962962962963,,7.0
wallplugs,2,3_density,8,,4,True,52.888888888888886,,8.0
wallplugs,2,3_density,8,,4,True,63.88888888888889,,9.0
wallplugs,2,3_density,8,,4,True,49.481481481481474,,10.0
wallplugs,2,3_density,8,,4,True,60.18518518518518,,11.0
wallplugs,2,3_density,8,,4,True,54.925925925925924,,12.0
wallplugs,2,3_density,8,,4,True,65.55555555555556,,13.0
wallplugs,2,3_density,8,,4,True,47.2962962962963,,14.0
wallplugs,2,3_density,8,,4,True,68.4074074074074,,15.0
wallplugs,2,3_density,8,,4,True,57.18518518518518,,16.0
wallplugs,2,3_density,8,,4,True,59.925925925925924,,17.0
wallplugs,2,3_density,8,,4,True,58.55555555555556,,18.0
wallplugs,2,3_density,8,,4,True,67.55555555555556,,19.0
wallplugs,2,3_density,8,,4,True,61.14814814814815,,20.0
wallplugs,2,3_density,8,,4,True,56.7037037037037,,21.0
wallplugs,2,3_density,8,,4,True,56.925925925925924,,22.0
wallplugs,2,3_density,8,,4,True,51.222222222222214,,23.0
wallplugs,2,3_density,8,,4,True,56.55555555555556,,24.0
wallplugs,2,3_density,8,,4,True,52.888888888888886,,25.0
wallplugs,2,3_density,8,,4,True,58.666666666666664,,26.0
wallplugs,2,3_density,8,,4,True,71.55555555555556,,27.0
wallplugs,2,3_density,8,,4,True,67.85185185185185,,28.0
wallplugs,2,3_density,8,,4,True,71.03703703703704,,29.0
wallplugs,2,3_density,8,,8,True,62.29629629629629,,0.0
wallplugs,2,3_density,8,,8,True,60.74074074074074,,1.0
wallplugs,2,3_density,8,,8,True,59.370370370370374,,2.0
wallplugs,2,3_density,8,,8,True,62.59259259259259,,3.0
wallplugs,2,3_density,8,,8,True,67.77777777777779,,4.0
wallplugs,2,3_density,8,,8,True,59.7037037037037,,5.0
wallplugs,2,3_density,8,,8,True,70.48148148148148,,6.0
wallplugs,2,3_density,8,,8,True,62.48148148148148,,7.0
wallplugs,2,3_density,8,,8,True,54.33333333333334,,8.0
wallplugs,2,3_density,8,,8,True,63.48148148148148,,9.0
wallplugs,2,3_density,8,,8,True,66.22222222222223,,10.0
wallplugs,2,3_density,8,,8,True,65.4074074074074,,11.0
wallplugs,2,3_density,8,,8,True,53.37037037037038,,12.0
wallplugs,2,3_density,8,,8,True,62.037037037037045,,13.0
wallplugs,2,3_density,8,,8,True,64.25925925925927,,14.0
wallplugs,2,3_density,8,,8,True,58.37037037037036,,15.0
wallplugs,2,3_density,8,,8,True,57.25925925925927,,16.0
wallplugs,2,3_density,8,,8,True,65.74074074074075,,17.0
wallplugs,2,3_density,8,,8,True,58.037037037037045,,18.0
wallplugs,2,3_density,8,,8,True,68.2962962962963,,19.0
wallplugs,2,3_density,8,,8,True,66.5185185185185,,20.0
wallplugs,2,3_density,8,,8,True,60.370370370370374,,21.0
wallplugs,2,3_density,8,,8,True,57.666666666666664,,22.0
wallplugs,2,3_density,8,,8,True,52.629629629629626,,23.0
wallplugs,2,3_density,8,,8,True,50.111111111111114,,24.0
wallplugs,2,3_density,8,,8,True,69.55555555555556,,25.0
wallplugs,2,3_density,8,,8,True,55.111111111111114,,26.0
wallplugs,2,3_density,8,,8,True,68.5925925925926,,27.0
wallplugs,2,3_density,8,,8,True,58.925925925925924,,28.0
wallplugs,2,3_density,8,,8,True,67.18518518518519,,29.0
wallplugs,2,3_density,8,,16,True,58.7037037037037,,0.0
wallplugs,2,3_density,8,,16,True,68.96296296296296,,1.0
wallplugs,2,3_density,8,,16,True,69.22222222222223,,2.0
wallplugs,2,3_density,8,,16,True,64.07407407407408,,3.0
wallplugs,2,3_density,8,,16,True,61.37037037037037,,4.0
wallplugs,2,3_density,8,,16,True,62.33333333333333,,5.0
wallplugs,2,3_density,8,,16,True,61.851851851851855,,6.0
wallplugs,2,3_density,8,,16,True,69.66666666666667,,7.0
wallplugs,2,3_density,8,,16,True,62.92592592592593,,8.0
wallplugs,2,3_density,8,,16,True,55.888888888888886,,9.0
wallplugs,2,3_density,8,,16,True,69.88888888888887,,10.0
wallplugs,2,3_density,8,,16,True,66.51851851851852,,11.0
wallplugs,2,3_density,8,,16,True,64.0,,12.0
wallplugs,2,3_density,8,,16,True,63.888888888888886,,13.0
wallplugs,2,3_density,8,,16,True,52.2962962962963,,14.0
wallplugs,2,3_density,8,,16,True,60.55555555555555,,15.0
wallplugs,2,3_density,8,,16,True,66.22222222222221,,16.0
wallplugs,2,3_density,8,,16,True,60.29629629629629,,17.0
wallplugs,2,3_density,8,,16,True,71.66666666666666,,18.0
wallplugs,2,3_density,8,,16,True,56.370370370370374,,19.0
wallplugs,2,3_density,8,,16,True,70.44444444444444,,20.0
wallplugs,2,3_density,8,,16,True,64.77777777777777,,21.0
wallplugs,2,3_density,8,,16,True,70.88888888888889,,22.0
wallplugs,2,3_density,8,,16,True,67.5925925925926,,23.0
wallplugs,2,3_density,8,,16,True,63.74074074074073,,24.0
wallplugs,2,3_density,8,,16,True,66.48148148148148,,25.0
wallplugs,2,3_density,8,,16,True,60.81481481481481,,26.0
wallplugs,2,3_density,8,,16,True,74.37037037037038,,27.0
wallplugs,2,3_density,8,,16,True,58.925925925925924,,28.0
wallplugs,2,3_density,8,,16,True,61.37037037037037,,29.0
wallplugs,2,3_density,8,,32,True,63.70370370370371,,0.0
wallplugs,2,3_density,8,,32,True,69.33333333333334,,1.0
wallplugs,2,3_density,8,,32,True,73.1111111111111,,2.0
wallplugs,2,3_density,8,,32,True,66.33333333333333,,3.0
wallplugs,2,3_density,8,,32,True,65.33333333333333,,4.0
wallplugs,2,3_density,8,,32,True,78.33333333333333,,5.0
wallplugs,2,3_density,8,,32,True,64.96296296296296,,6.0
wallplugs,2,3_density,8,,32,True,70.81481481481482,,7.0
wallplugs,2,3_density,8,,32,True,68.7037037037037,,8.0
wallplugs,2,3_density,8,,32,True,65.22222222222223,,9.0
wallplugs,2,3_density,8,,32,True,65.70370370370371,,10.0
wallplugs,2,3_density,8,,32,True,64.85185185185185,,11.0
wallplugs,2,3_density,8,,32,True,67.11111111111111,,12.0
wallplugs,2,3_density,8,,32,True,64.81481481481481,,13.0
wallplugs,2,3_density,8,,32,True,76.07407407407408,,14.0
wallplugs,2,3_density,8,,32,True,71.88888888888889,,15.0
wallplugs,2,3_density,8,,32,True,68.2962962962963,,16.0
wallplugs,2,3_density,8,,32,True,66.66666666666666,,17.0
wallplugs,2,3_density,8,,32,True,64.29629629629629,,18.0
wallplugs,2,3_density,8,,32,True,69.51851851851852,,19.0
wallplugs,2,3_density,8,,32,True,74.8888888888889,,20.0
wallplugs,2,3_density,8,,32,True,69.11111111111111,,21.0
wallplugs,2,3_density,8,,32,True,69.14814814814815,,22.0
wallplugs,2,3_density,8,,32,True,65.22222222222223,,23.0
wallplugs,2,3_density,8,,32,True,73.77777777777777,,24.0
wallplugs,2,3_density,8,,32,True,67.88888888888889,,25.0
wallplugs,2,3_density,8,,32,True,62.000000000000014,,26.0
wallplugs,2,3_density,8,,32,True,62.74074074074074,,27.0
wallplugs,2,3_density,8,,32,True,70.92592592592592,,28.0
wallplugs,2,3_density,8,,32,True,75.33333333333334,,29.0
wallplugs,2,3_density,8,,64,True,70.66666666666667,,0.0
wallplugs,2,3_density,8,,64,True,66.74074074074075,,1.0
wallplugs,2,3_density,8,,64,True,68.51851851851852,,2.0
wallplugs,2,3_density,8,,64,True,66.70370370370371,,3.0
wallplugs,2,3_density,8,,64,True,75.92592592592592,,4.0
wallplugs,2,3_density,8,,64,True,69.77777777777777,,5.0
wallplugs,2,3_density,8,,64,True,67.85185185185185,,6.0
wallplugs,2,3_density,8,,64,True,72.14814814814815,,7.0
wallplugs,2,3_density,8,,64,True,71.0,,8.0
wallplugs,2,3_density,8,,64,True,67.55555555555556,,9.0
wallplugs,2,3_density,8,,64,True,69.96296296296296,,10.0
wallplugs,2,3_density,8,,64,True,70.92592592592594,,11.0
wallplugs,2,3_density,8,,64,True,67.44444444444446,,12.0
wallplugs,2,3_density,8,,64,True,67.33333333333333,,13.0
wallplugs,2,3_density,8,,64,True,73.4074074074074,,14.0
wallplugs,2,3_density,8,,64,True,70.92592592592594,,15.0
wallplugs,2,3_density,8,,64,True,72.66666666666667,,16.0
wallplugs,2,3_density,8,,64,True,69.51851851851852,,17.0
wallplugs,2,3_density,8,,64,True,68.88888888888889,,18.0
wallplugs,2,3_density,8,,64,True,68.81481481481482,,19.0
wallplugs,2,3_density,8,,64,True,67.81481481481482,,20.0
wallplugs,2,3_density,8,,64,True,67.62962962962963,,21.0
wallplugs,2,3_density,8,,64,True,68.18518518518518,,22.0
wallplugs,2,3_density,8,,64,True,68.0,,23.0
wallplugs,2,3_density,8,,64,True,69.18518518518518,,24.0
wallplugs,2,3_density,8,,64,True,70.51851851851852,,25.0
wallplugs,2,3_density,8,,64,True,72.48148148148148,,26.0
wallplugs,2,3_density,8,,64,True,68.37037037037037,,27.0
wallplugs,2,3_density,8,,64,True,70.03703703703704,,28.0
wallplugs,2,3_density,8,,64,True,64.74074074074073,,29.0
vial,0,1_budget100,1,1.0,32,False,66.41509433962266,,
vial,0,1_budget100,2,2.0,100,True,52.345013477088955,,
vial,0,1_budget100,4,4.0,99,False,81.72506738544475,,
vial,0,1_budget100,8,8.0,100,True,96.11859838274933,,
vial,0,1_budget100,16,16.0,100,True,85.39083557951483,,
vial,0,1_budget100,-1,52.0,100,True,95.68733153638813,,
vial,0,2_feasible,1,,4,True,60.59299191374663,4.0,0.0
vial,0,2_feasible,1,,4,True,63.55795148247978,4.0,1.0
vial,0,2_feasible,1,,4,True,82.74932614555257,4.0,2.0
vial,0,2_feasible,1,,4,True,46.36118598382749,4.0,3.0
vial,0,2_feasible,1,,4,True,77.52021563342318,4.0,4.0
vial,0,2_feasible,1,,4,True,85.82210242587601,4.0,5.0
vial,0,2_feasible,1,,4,True,83.82749326145552,4.0,6.0
vial,0,2_feasible,1,,4,True,43.82749326145552,4.0,7.0
vial,0,2_feasible,1,,4,True,78.27493261455525,4.0,8.0
vial,0,2_feasible,1,,4,True,77.73584905660378,4.0,9.0
vial,0,2_feasible,1,,4,True,92.45283018867924,4.0,10.0
vial,0,2_feasible,1,,4,True,48.35579514824798,4.0,11.0
vial,0,2_feasible,1,,4,True,75.74123989218327,4.0,12.0
vial,0,2_feasible,1,,4,True,80.05390835579516,4.0,13.0
vial,0,2_feasible,1,,4,True,84.366576819407,4.0,14.0
vial,0,2_feasible,1,,4,True,73.26145552560646,4.0,15.0
vial,0,2_feasible,1,,4,True,77.52021563342318,4.0,16.0
vial,0,2_feasible,1,,4,True,69.11051212938007,4.0,17.0
vial,0,2_feasible,1,,4,True,54.0700808625337,4.0,18.0
vial,0,2_feasible,1,,4,True,75.79514824797845,4.0,19.0
vial,0,2_feasible,1,,4,True,81.07816711590297,4.0,20.0
vial,0,2_feasible,1,,4,True,58.00539083557952,4.0,21.0
vial,0,2_feasible,1,,4,True,29.110512129380055,4.0,22.0
vial,0,2_feasible,1,,4,True,83.50404312668464,4.0,23.0
vial,0,2_feasible,1,,4,True,67.06199460916442,4.0,24.0
vial,0,2_feasible,1,,4,True,24.528301886792452,4.0,25.0
vial,0,2_feasible,1,,4,True,46.846361185983824,4.0,26.0
vial,0,2_feasible,1,,4,True,83.01886792452831,4.0,27.0
vial,0,2_feasible,1,,4,True,57.62803234501348,4.0,28.0
vial,0,2_feasible,1,,4,True,65.87601078167116,4.0,29.0
vial,0,2_feasible,2,,4,True,84.4743935309973,4.0,0.0
vial,0,2_feasible,2,,4,True,64.366576819407,4.0,1.0
vial,0,2_feasible,2,,4,True,65.06738544474393,4.0,2.0
vial,0,2_feasible,2,,4,True,72.12938005390836,4.0,3.0
vial,0,2_feasible,2,,4,True,55.956873315363886,4.0,4.0
vial,0,2_feasible,2,,4,True,49.21832884097036,4.0,5.0
vial,0,2_feasible,2,,4,True,67.54716981132076,4.0,6.0
vial,0,2_feasible,2,,4,True,78.6522911051213,4.0,7.0
vial,0,2_feasible,2,,4,True,75.04043126684637,4.0,8.0
vial,0,2_feasible,2,,4,True,94.98652291105121,4.0,9.0
vial,0,2_feasible,2,,4,True,64.2587601078167,4.0,10.0
vial,0,2_feasible,2,,4,True,61.61725067385444,4.0,11.0
vial,0,2_feasible,2,,4,True,68.30188679245282,4.0,12.0
vial,0,2_feasible,2,,4,True,74.177897574124,4.0,13.0
vial,0,2_feasible,2,,4,True,85.39083557951481,4.0,14.0
vial,0,2_feasible,2,,4,True,55.902964959568735,4.0,15.0
vial,0,2_feasible,2,,4,True,81.2398921832884,4.0,16.0
vial,0,2_feasible,2,,4,True,76.8733153638814,4.0,17.0
vial,0,2_feasible,2,,4,True,59.299191374663074,4.0,18.0
vial,0,2_feasible,2,,4,True,56.44204851752021,4.0,19.0
vial,0,2_feasible,2,,4,True,62.64150943396226,4.0,20.0
vial,0,2_feasible,2,,4,True,37.35849056603774,4.0,21.0
vial,0,2_feasible,2,,4,True,72.93800539083558,4.0,22.0
vial,0,2_feasible,2,,4,True,82.74932614555257,4.0,23.0
vial,0,2_feasible,2,,4,True,45.22911051212938,4.0,24.0
vial,0,2_feasible,2,,4,True,68.46361185983827,4.0,25.0
vial,0,2_feasible,2,,4,True,81.99460916442048,4.0,26.0
vial,0,2_feasible,2,,4,True,47.00808625336927,4.0,27.0
vial,0,2_feasible,2,,4,True,89.11051212938006,4.0,28.0
vial,0,2_feasible,2,,4,True,53.9622641509434,4.0,29.0
vial,0,2_feasible,4,,4,True,93.8544474393531,4.0,0.0
vial,0,2_feasible,4,,4,True,79.24528301886792,4.0,1.0
vial,0,2_feasible,4,,4,True,72.88409703504044,4.0,2.0
vial,0,2_feasible,4,,4,True,82.58760107816711,4.0,3.0
vial,0,2_feasible,4,,4,True,84.4743935309973,4.0,4.0
vial,0,2_feasible,4,,4,True,85.28301886792453,4.0,5.0
vial,0,2_feasible,4,,4,True,69.64959568733153,4.0,6.0
vial,0,2_feasible,4,,4,True,78.6522911051213,4.0,7.0
vial,0,2_feasible,4,,4,True,66.73854447439354,4.0,8.0
vial,0,2_feasible,4,,4,True,81.40161725067385,4.0,9.0
vial,0,2_feasible,4,,4,True,68.62533692722373,4.0,10.0
vial,0,2_feasible,4,,4,True,72.61455525606469,4.0,11.0
vial,0,2_feasible,4,,4,True,71.42857142857142,4.0,12.0
vial,0,2_feasible,4,,4,True,78.8679245283019,4.0,13.0
vial,0,2_feasible,4,,4,True,68.24797843665769,4.0,14.0
vial,0,2_feasible,4,,4,True,70.35040431266847,4.0,15.0
vial,0,2_feasible,4,,4,True,75.633423180593,4.0,16.0
vial,0,2_feasible,4,,4,True,90.45822102425876,4.0,17.0
vial,0,2_feasible,4,,4,True,71.37466307277627,4.0,18.0
vial,0,2_feasible,4,,4,True,69.86522911051213,4.0,19.0
vial,0,2_feasible,4,,4,True,93.53099730458221,4.0,20.0
vial,0,2_feasible,4,,4,True,76.33423180592992,4.0,21.0
vial,0,2_feasible,4,,4,True,64.7978436657682,4.0,22.0
vial,0,2_feasible,4,,4,True,77.03504043126685,4.0,23.0
vial,0,2_feasible,4,,4,True,69.4878706199461,4.0,24.0
vial,0,2_feasible,4,,4,True,78.27493261455525,4.0,25.0
vial,0,2_feasible,4,,4,True,69.21832884097034,4.0,26.0
vial,0,2_feasible,4,,4,True,76.44204851752022,4.0,27.0
vial,0,2_feasible,4,,4,True,87.1698113207547,4.0,28.0
vial,0,2_feasible,4,,4,True,79.78436657681941,4.0,29.0
vial,0,2_feasible,1,,8,True,67.60107816711592,8.0,0.0
vial,0,2_feasible,1,,8,True,52.18328840970351,8.0,1.0
vial,0,2_feasible,1,,8,True,34.44743935309973,8.0,2.0
vial,0,2_feasible,1,,8,True,78.00539083557952,8.0,3.0
vial,0,2_feasible,1,,8,True,69.86522911051212,8.0,4.0
vial,0,2_feasible,1,,8,True,86.68463611859838,8.0,5.0
vial,0,2_feasible,1,,8,True,71.26684636118598,8.0,6.0
vial,0,2_feasible,1,,8,True,60.75471698113207,8.0,7.0
vial,0,2_feasible,1,,8,True,57.466307277628026,8.0,8.0
vial,0,2_feasible,1,,8,True,65.71428571428571,8.0,9.0
vial,0,2_feasible,1,,8,True,86.09164420485176,8.0,10.0
vial,0,2_feasible,1,,8,True,79.24528301886792,8.0,11.0
vial,0,2_feasible,1,,8,True,62.96495956873316,8.0,12.0
vial,0,2_feasible,1,,8,True,50.56603773584906,8.0,13.0
vial,0,2_feasible,1,,8,True,61.99460916442049,8.0,14.0
vial,0,2_feasible,1,,8,True,62.96495956873315,8.0,15.0
vial,0,2_feasible,1,,8,True,55.14824797843666,8.0,16.0
vial,0,2_feasible,1,,8,True,64.366576819407,8.0,17.0
vial,0,2_feasible,1,,8,True,46.41509433962264,8.0,18.0
vial,0,2_feasible,1,,8,True,77.89757412398922,8.0,19.0
vial,0,2_feasible,1,,8,True,71.05121293800539,8.0,20.0
vial,0,2_feasible,1,,8,True,65.22911051212938,8.0,21.0
vial,0,2_feasible,1,,8,True,76.49595687331536,8.0,22.0
vial,0,2_feasible,1,,8,True,80.70080862533693,8.0,23.0
vial,0,2_feasible,1,,8,True,73.31536388140162,8.0,24.0
vial,0,2_feasible,1,,8,True,46.52291105121294,8.0,25.0
vial,0,2_feasible,1,,8,True,51.15902964959569,8.0,26.0
vial,0,2_feasible,1,,8,True,77.30458221024257,8.0,27.0
vial,0,2_feasible,1,,8,True,77.03504043126685,8.0,28.0
vial,0,2_feasible,1,,8,True,73.9622641509434,8.0,29.0
vial,0,2_feasible,2,,8,True,92.88409703504044,8.0,0.0
vial,0,2_feasible,2,,8,True,67.9245283018868,8.0,1.0
vial,0,2_feasible,2,,8,True,87.49326145552561,8.0,2.0
vial,0,2_feasible,2,,8,True,64.6900269541779,8.0,3.0
vial,0,2_feasible,2,,8,True,66.09164420485176,8.0,4.0
vial,0,2_feasible,2,,8,True,87.87061994609165,8.0,5.0
vial,0,2_feasible,2,,8,True,80.1078167115903,8.0,6.0
vial,0,2_feasible,2,,8,True,72.12938005390835,8.0,7.0
vial,0,2_feasible,2,,8,True,75.68733153638814,8.0,8.0
vial,0,2_feasible,2,,8,True,71.42857142857143,8.0,9.0
vial,0,2_feasible,2,,8,True,64.09703504043127,8.0,10.0
vial,0,2_feasible,2,,8,True,81.61725067385446,8.0,11.0
vial,0,2_feasible,2,,8,True,62.8032345013477,8.0,12.0
vial,0,2_feasible,2,,8,True,89.97304582210242,8.0,13.0
vial,0,2_feasible,2,,8,True,31.051212938005396,8.0,14.0
vial,0,2_feasible,2,,8,True,75.14824797843667,8.0,15.0
vial,0,2_feasible,2,,8,True,61.56334231805929,8.0,16.0
vial,0,2_feasible,2,,8,True,70.5121293800539,8.0,17.0
vial,0,2_feasible,2,,8,True,74.50134770889488,8.0,18.0
vial,0,2_feasible,2,,8,True,78.22102425876011,8.0,19.0
vial,0,2_feasible,2,,8,True,62.58760107816712,8.0,20.0
vial,0,2_feasible,2,,8,True,74.01617250673854,8.0,21.0
vial,0,2_feasible,2,,8,True,81.29380053908356,8.0,22.0
vial,0,2_feasible,2,,8,True,51.105121293800536,8.0,23.0
vial,0,2_feasible,2,,8,True,76.49595687331538,8.0,24.0
vial,0,2_feasible,2,,8,True,79.6765498652291,8.0,25.0
vial,0,2_feasible,2,,8,True,83.50404312668464,8.0,26.0
vial,0,2_feasible,2,,8,True,51.37466307277627,8.0,27.0
vial,0,2_feasible,2,,8,True,49.38005390835579,8.0,28.0
vial,0,2_feasible,2,,8,True,70.08086253369272,8.0,29.0
vial,0,2_feasible,4,,8,True,74.50134770889487,8.0,0.0
vial,0,2_feasible,4,,8,True,84.25876010781673,8.0,1.0
vial,0,2_feasible,4,,8,True,72.5067385444744,8.0,2.0
vial,0,2_feasible,4,,8,True,70.67385444743935,8.0,3.0
vial,0,2_feasible,4,,8,True,73.31536388140162,8.0,4.0
vial,0,2_feasible,4,,8,True,65.33692722371967,8.0,5.0
vial,0,2_feasible,4,,8,True,81.07816711590297,8.0,6.0
vial,0,2_feasible,4,,8,True,78.544474393531,8.0,7.0
vial,0,2_feasible,4,,8,True,75.90296495956873,8.0,8.0
vial,0,2_feasible,4,,8,True,87.76280323450135,8.0,9.0
vial,0,2_feasible,4,,8,True,85.06738544474392,8.0,10.0
vial,0,2_feasible,4,,8,True,70.02695417789757,8.0,11.0
vial,0,2_feasible,4,,8,True,73.8544474393531,8.0,12.0
vial,0,2_feasible,4,,8,True,72.99191374663071,8.0,13.0
vial,0,2_feasible,4,,8,True,70.99730458221025,8.0,14.0
vial,0,2_feasible,4,,8,True,83.18059299191374,8.0,15.0
vial,0,2_feasible,4,,8,True,86.41509433962264,8.0,16.0
vial,0,2_feasible,4,,8,True,69.5956873315364,8.0,17.0
vial,0,2_feasible,4,,8,True,76.06469002695418,8.0,18.0
vial,0,2_feasible,4,,8,True,79.24528301886792,8.0,19.0
vial,0,2_feasible,4,,8,True,76.65768194070081,8.0,20.0
vial,0,2_feasible,4,,8,True,80.05390835579516,8.0,21.0
vial,0,2_feasible,4,,8,True,80.05390835579516,8.0,22.0
vial,0,2_feasible,4,,8,True,86.68463611859839,8.0,23.0
vial,0,2_feasible,4,,8,True,74.50134770889488,8.0,24.0
vial,0,2_feasible,4,,8,True,72.07547169811322,8.0,25.0
vial,0,2_feasible,4,,8,True,74.01617250673854,8.0,26.0
vial,0,2_feasible,4,,8,True,66.95417789757411,8.0,27.0
vial,0,2_feasible,4,,8,True,65.28301886792453,8.0,28.0
vial,0,2_feasible,4,,8,True,63.18059299191374,8.0,29.0
vial,0,2_feasible,8,,8,True,78.97574123989217,8.0,0.0
vial,0,2_feasible,8,,8,True,67.16981132075472,8.0,1.0
vial,0,2_feasible,8,,8,True,70.88948787061994,8.0,2.0
vial,0,2_feasible,8,,8,True,92.66846361185983,8.0,3.0
vial,0,2_feasible,8,,8,True,88.46361185983827,8.0,4.0
vial,0,2_feasible,8,,8,True,85.87601078167116,8.0,5.0
vial,0,2_feasible,8,,8,True,53.63881401617251,8.0,6.0
vial,0,2_feasible,8,,8,True,56.388140161725076,8.0,7.0
vial,0,2_feasible,8,,8,True,67.6010781671159,8.0,8.0
vial,0,2_feasible,8,,8,True,72.99191374663071,8.0,9.0
vial,0,2_feasible,8,,8,True,72.61455525606469,8.0,10.0
vial,0,2_feasible,8,,8,True,77.84366576819406,8.0,11.0
vial,0,2_feasible,8,,8,True,89.59568733153638,8.0,12.0
vial,0,2_feasible,8,,8,True,88.24797843665768,8.0,13.0
vial,0,2_feasible,8,,8,True,92.2911051212938,8.0,14.0
vial,0,2_feasible,8,,8,True,96.06469002695417,8.0,15.0
vial,0,2_feasible,8,,8,True,64.5822102425876,8.0,16.0
vial,0,2_feasible,8,,8,True,84.95956873315363,8.0,17.0
vial,0,2_feasible,8,,8,True,75.95687331536388,8.0,18.0
vial,0,2_feasible,8,,8,True,80.37735849056604,8.0,19.0
vial,0,2_feasible,8,,8,True,83.07277628032345,8.0,20.0
vial,0,2_feasible,8,,8,True,83.12668463611858,8.0,21.0
vial,0,2_feasible,8,,8,True,71.80592991913747,8.0,22.0
vial,0,2_feasible,8,,8,True,74.71698113207547,8.0,23.0
vial,0,2_feasible,8,,8,True,82.74932614555256,8.0,24.0
vial,0,2_feasible,8,,8,True,77.57412398921832,8.0,25.0
vial,0,2_feasible,8,,8,True,82.80323450134772,8.0,26.0
vial,0,2_feasible,8,,8,True,85.87601078167116,8.0,27.0
vial,0,2_feasible,8,,8,True,78.38274932614556,8.0,28.0
vial,0,2_feasible,8,,8,True,86.79245283018868,8.0,29.0
vial,0,2b_rich_only,1,,4,True,70.9433962264151,4.0,0.0
vial,0,2b_rich_only,1,,4,True,64.7978436657682,4.0,1.0
vial,0,2b_rich_only,1,,4,True,76.17250673854447,4.0,2.0
vial,0,2b_rich_only,1,,4,True,81.67115902964959,4.0,3.0
vial,0,2b_rich_only,1,,4,True,82.53369272237197,4.0,4.0
vial,0,2b_rich_only,1,,4,True,58.436657681940694,4.0,5.0
vial,0,2b_rich_only,1,,4,True,81.02425876010781,4.0,6.0
vial,0,2b_rich_only,1,,4,True,77.78975741239893,4.0,7.0
vial,0,2b_rich_only,1,,4,True,28.086253369272235,4.0,8.0
vial,0,2b_rich_only,1,,4,True,54.12398921832884,4.0,9.0
vial,0,2b_rich_only,1,,4,True,53.15363881401617,4.0,10.0
vial,0,2b_rich_only,1,,4,True,71.69811320754718,4.0,11.0
vial,0,2b_rich_only,1,,4,True,85.39083557951483,4.0,12.0
vial,0,2b_rich_only,1,,4,True,62.102425876010784,4.0,13.0
vial,0,2b_rich_only,1,,4,True,86.68463611859839,4.0,14.0
vial,0,2b_rich_only,1,,4,True,42.53369272237197,4.0,15.0
vial,0,2b_rich_only,1,,4,True,89.70350404312669,4.0,16.0
vial,0,2b_rich_only,1,,4,True,96.17250673854448,4.0,17.0
vial,0,2b_rich_only,1,,4,True,86.46900269541779,4.0,18.0
vial,0,2b_rich_only,1,,4,True,72.12938005390836,4.0,19.0
vial,0,2b_rich_only,1,,4,True,46.091644204851754,4.0,20.0
vial,0,2b_rich_only,1,,4,True,67.49326145552561,4.0,21.0
vial,0,2b_rich_only,1,,4,True,66.30727762803235,4.0,22.0
vial,0,2b_rich_only,1,,4,True,81.67115902964959,4.0,23.0
vial,0,2b_rich_only,1,,4,True,82.37196765498652,4.0,24.0
vial,0,2b_rich_only,1,,4,True,64.95956873315365,4.0,25.0
vial,0,2b_rich_only,1,,4,True,84.20485175202157,4.0,26.0
vial,0,2b_rich_only,1,,4,True,89.70350404312669,4.0,27.0
vial,0,2b_rich_only,1,,4,True,77.62803234501348,4.0,28.0
vial,0,2b_rich_only,1,,4,True,46.19946091644205,4.0,29.0
vial,0,2b_rich_only,2,,4,True,59.56873315363882,4.0,0.0
vial,0,2b_rich_only,2,,4,True,54.12398921832884,4.0,1.0
vial,0,2b_rich_only,2,,4,True,60.86253369272237,4.0,2.0
vial,0,2b_rich_only,2,,4,True,47.493261455525605,4.0,3.0
vial,0,2b_rich_only,2,,4,True,90.9433962264151,4.0,4.0
vial,0,2b_rich_only,2,,4,True,69.43396226415094,4.0,5.0
vial,0,2b_rich_only,2,,4,True,82.21024258760107,4.0,6.0
vial,0,2b_rich_only,2,,4,True,53.207547169811306,4.0,7.0
vial,0,2b_rich_only,2,,4,True,79.35309973045823,4.0,8.0
vial,0,2b_rich_only,2,,4,True,64.20485175202157,4.0,9.0
vial,0,2b_rich_only,2,,4,True,82.47978436657684,4.0,10.0
vial,0,2b_rich_only,2,,4,True,70.88948787061994,4.0,11.0
vial,0,2b_rich_only,2,,4,True,76.33423180592992,4.0,12.0
vial,0,2b_rich_only,2,,4,True,54.878706199460915,4.0,13.0
vial,0,2b_rich_only,2,,4,True,77.03504043126685,4.0,14.0
vial,0,2b_rich_only,2,,4,True,77.68194070080862,4.0,15.0
vial,0,2b_rich_only,2,,4,True,78.00539083557952,4.0,16.0
vial,0,2b_rich_only,2,,4,True,87.43935309973045,4.0,17.0
vial,0,2b_rich_only,2,,4,True,75.3099730458221,4.0,18.0
vial,0,2b_rich_only,2,,4,True,82.47978436657682,4.0,19.0
vial,0,2b_rich_only,2,,4,True,75.0943396226415,4.0,20.0
vial,0,2b_rich_only,2,,4,True,82.74932614555256,4.0,21.0
vial,0,2b_rich_only,2,,4,True,74.28571428571429,4.0,22.0
vial,0,2b_rich_only,2,,4,True,70.61994609164421,4.0,23.0
vial,0,2b_rich_only,2,,4,True,81.02425876010781,4.0,24.0
vial,0,2b_rich_only,2,,4,True,57.95148247978437,4.0,25.0
vial,0,2b_rich_only,2,,4,True,65.9299191374663,4.0,26.0
vial,0,2b_rich_only,2,,4,True,78.54447439353099,4.0,27.0
vial,0,2b_rich_only,2,,4,True,90.9433962264151,4.0,28.0
vial,0,2b_rich_only,2,,4,True,71.91374663072776,4.0,29.0
vial,0,2b_rich_only,4,,4,True,70.8355795148248,4.0,0.0
vial,0,2b_rich_only,4,,4,True,63.342318059299195,4.0,1.0
vial,0,2b_rich_only,4,,4,True,78.11320754716981,4.0,2.0
vial,0,2b_rich_only,4,,4,True,60.05390835579515,4.0,3.0
vial,0,2b_rich_only,4,,4,True,71.91374663072776,4.0,4.0
vial,0,2b_rich_only,4,,4,True,56.28032345013477,4.0,5.0
vial,0,2b_rich_only,4,,4,True,69.54177897574124,4.0,6.0
vial,0,2b_rich_only,4,,4,True,87.76280323450135,4.0,7.0
vial,0,2b_rich_only,4,,4,True,64.42048517520216,4.0,8.0
vial,0,2b_rich_only,4,,4,True,89.38005390835579,4.0,9.0
vial,0,2b_rich_only,4,,4,True,73.15363881401618,4.0,10.0
vial,0,2b_rich_only,4,,4,True,80.26954177897575,4.0,11.0
vial,0,2b_rich_only,4,,4,True,84.42048517520216,4.0,12.0
vial,0,2b_rich_only,4,,4,True,61.18598382749325,4.0,13.0
vial,0,2b_rich_only,4,,4,True,67.11590296495957,4.0,14.0
vial,0,2b_rich_only,4,,4,True,78.16711590296495,4.0,15.0
vial,0,2b_rich_only,4,,4,True,83.1266846361186,4.0,16.0
vial,0,2b_rich_only,4,,4,True,78.76010781671158,4.0,17.0
vial,0,2b_rich_only,4,,4,True,77.95148247978436,4.0,18.0
vial,0,2b_rich_only,4,,4,True,61.8867924528302,4.0,19.0
vial,0,2b_rich_only,4,,4,True,91.48247978436659,4.0,20.0
vial,0,2b_rich_only,4,,4,True,74.98652291105121,4.0,21.0
vial,0,2b_rich_only,4,,4,True,87.4932614555256,4.0,22.0
vial,0,2b_rich_only,4,,4,True,69.1644204851752,4.0,23.0
vial,0,2b_rich_only,4,,4,True,83.45013477088949,4.0,24.0
vial,0,2b_rich_only,4,,4,True,70.08086253369272,4.0,25.0
vial,0,2b_rich_only,4,,4,True,75.79514824797843,4.0,26.0
vial,0,2b_rich_only,4,,4,True,72.34501347708895,4.0,27.0
vial,0,2b_rich_only,4,,4,True,77.19676549865228,4.0,28.0
vial,0,2b_rich_only,4,,4,True,76.92722371967655,4.0,29.0
vial,0,2b_rich_only,1,,8,True,59.24528301886792,8.0,0.0
vial,0,2b_rich_only,1,,8,True,57.30458221024259,8.0,1.0
vial,0,2b_rich_only,1,,8,True,55.47169811320756,8.0,2.0
vial,0,2b_rich_only,1,,8,True,44.36657681940701,8.0,3.0
vial,0,2b_rich_only,1,,8,True,80.64690026954177,8.0,4.0
vial,0,2b_rich_only,1,,8,True,66.41509433962266,8.0,5.0
vial,0,2b_rich_only,1,,8,True,64.7978436657682,8.0,6.0
vial,0,2b_rich_only,1,,8,True,77.84366576819407,8.0,7.0
vial,0,2b_rich_only,1,,8,True,59.460916442048514,8.0,8.0
vial,0,2b_rich_only,1,,8,True,59.67654986522911,8.0,9.0
vial,0,2b_rich_only,1,,8,True,34.55525606469003,8.0,10.0
vial,0,2b_rich_only,1,,8,True,58.05929919137467,8.0,11.0
vial,0,2b_rich_only,1,,8,True,67.70889487870619,8.0,12.0
vial,0,2b_rich_only,1,,8,True,63.557951482479794,8.0,13.0
vial,0,2b_rich_only,1,,8,True,87.1698113207547,8.0,14.0
vial,0,2b_rich_only,1,,8,True,56.60377358490566,8.0,15.0
vial,0,2b_rich_only,1,,8,True,78.76010781671158,8.0,16.0
vial,0,2b_rich_only,1,,8,True,72.77628032345014,8.0,17.0
vial,0,2b_rich_only,1,,8,True,80.75471698113209,8.0,18.0
vial,0,2b_rich_only,1,,8,True,86.0377358490566,8.0,19.0
vial,0,2b_rich_only,1,,8,True,54.878706199460915,8.0,20.0
vial,0,2b_rich_only,1,,8,True,65.06738544474393,8.0,21.0
vial,0,2b_rich_only,1,,8,True,66.41509433962266,8.0,22.0
vial,0,2b_rich_only,1,,8,True,88.51752021563343,8.0,23.0
vial,0,2b_rich_only,1,,8,True,66.2533692722372,8.0,24.0
vial,0,2b_rich_only,1,,8,True,67.49326145552561,8.0,25.0
vial,0,2b_rich_only,1,,8,True,63.0188679245283,8.0,26.0
vial,0,2b_rich_only,1,,8,True,76.33423180592992,8.0,27.0
vial,0,2b_rich_only,1,,8,True,79.02964959568732,8.0,28.0
vial,0,2b_rich_only,1,,8,True,71.59029649595688,8.0,29.0
vial,0,2b_rich_only,2,,8,True,58.43665768194071,8.0,0.0
vial,0,2b_rich_only,2,,8,True,79.40700808625336,8.0,1.0
vial,0,2b_rich_only,2,,8,True,68.51752021563343,8.0,2.0
vial,0,2b_rich_only,2,,8,True,68.51752021563343,8.0,3.0
vial,0,2b_rich_only,2,,8,True,80.48517520215634,8.0,4.0
vial,0,2b_rich_only,2,,8,True,66.52291105121293,8.0,5.0
vial,0,2b_rich_only,2,,8,True,93.36927223719678,8.0,6.0
vial,0,2b_rich_only,2,,8,True,62.53369272237197,8.0,7.0
vial,0,2b_rich_only,2,,8,True,77.14285714285715,8.0,8.0
vial,0,2b_rich_only,2,,8,True,77.73584905660378,8.0,9.0
vial,0,2b_rich_only,2,,8,True,81.94070080862534,8.0,10.0
vial,0,2b_rich_only,2,,8,True,90.24258760107816,8.0,11.0
vial,0,2b_rich_only,2,,8,True,69.75741239892183,8.0,12.0
vial,0,2b_rich_only,2,,8,True,27.9245283018868,8.0,13.0
vial,0,2b_rich_only,2,,8,True,70.29649595687331,8.0,14.0
vial,0,2b_rich_only,2,,8,True,73.26145552560646,8.0,15.0
vial,0,2b_rich_only,2,,8,True,60.26954177897574,8.0,16.0
vial,0,2b_rich_only,2,,8,True,69.21832884097034,8.0,17.0
vial,0,2b_rich_only,2,,8,True,60.75471698113207,8.0,18.0
vial,0,2b_rich_only,2,,8,True,52.72237196765499,8.0,19.0
vial,0,2b_rich_only,2,,8,True,80.05390835579514,8.0,20.0
vial,0,2b_rich_only,2,,8,True,67.06199460916443,8.0,21.0
vial,0,2b_rich_only,2,,8,True,88.08625336927224,8.0,22.0
vial,0,2b_rich_only,2,,8,True,56.118598382749326,8.0,23.0
vial,0,2b_rich_only,2,,8,True,60.86253369272237,8.0,24.0
vial,0,2b_rich_only,2,,8,True,58.328840970350406,8.0,25.0
vial,0,2b_rich_only,2,,8,True,85.17520215633422,8.0,26.0
vial,0,2b_rich_only,2,,8,True,70.88948787061994,8.0,27.0
vial,0,2b_rich_only,2,,8,True,62.53369272237197,8.0,28.0
vial,0,2b_rich_only,2,,8,True,69.70350404312669,8.0,29.0
vial,0,2b_rich_only,4,,8,True,80.1078167115903,8.0,0.0
vial,0,2b_rich_only,4,,8,True,68.57142857142857,8.0,1.0
vial,0,2b_rich_only,4,,8,True,88.0323450134771,8.0,2.0
vial,0,2b_rich_only,4,,8,True,63.288409703504044,8.0,3.0
vial,0,2b_rich_only,4,,8,True,83.88140161725066,8.0,4.0
vial,0,2b_rich_only,4,,8,True,71.91374663072776,8.0,5.0
vial,0,2b_rich_only,4,,8,True,89.16442048517521,8.0,6.0
vial,0,2b_rich_only,4,,8,True,70.78167115902964,8.0,7.0
vial,0,2b_rich_only,4,,8,True,66.79245283018868,8.0,8.0
vial,0,2b_rich_only,4,,8,True,68.78706199460916,8.0,9.0
vial,0,2b_rich_only,4,,8,True,91.9676549865229,8.0,10.0
vial,0,2b_rich_only,4,,8,True,47.223719676549855,8.0,11.0
vial,0,2b_rich_only,4,,8,True,61.99460916442049,8.0,12.0
vial,0,2b_rich_only,4,,8,True,67.16981132075472,8.0,13.0
vial,0,2b_rich_only,4,,8,True,86.09164420485176,8.0,14.0
vial,0,2b_rich_only,4,,8,True,68.46361185983827,8.0,15.0
vial,0,2b_rich_only,4,,8,True,66.73854447439354,8.0,16.0
vial,0,2b_rich_only,4,,8,True,68.73315363881402,8.0,17.0
vial,0,2b_rich_only,4,,8,True,49.2722371967655,8.0,18.0
vial,0,2b_rich_only,4,,8,True,70.4043126684636,8.0,19.0
vial,0,2b_rich_only,4,,8,True,73.7466307277628,8.0,20.0
vial,0,2b_rich_only,4,,8,True,74.0700808625337,8.0,21.0
vial,0,2b_rich_only,4,,8,True,70.13477088948787,8.0,22.0
vial,0,2b_rich_only,4,,8,True,62.8032345013477,8.0,23.0
vial,0,2b_rich_only,4,,8,True,74.17789757412399,8.0,24.0
vial,0,2b_rich_only,4,,8,True,66.2533692722372,8.0,25.0
vial,0,2b_rich_only,4,,8,True,84.6900269541779,8.0,26.0
vial,0,2b_rich_only,4,,8,True,76.76549865229111,8.0,27.0
vial,0,2b_rich_only,4,,8,True,78.00539083557952,8.0,28.0
vial,0,2b_rich_only,4,,8,True,77.52021563342318,8.0,29.0
vial,0,2b_rich_only,8,,8,True,66.84636118598381,8.0,0.0
vial,0,2b_rich_only,8,,8,True,78.4366576819407,8.0,1.0
vial,0,2b_rich_only,8,,8,True,72.77628032345014,8.0,2.0
vial,0,2b_rich_only,8,,8,True,88.78706199460918,8.0,3.0
vial,0,2b_rich_only,8,,8,True,73.26145552560646,8.0,4.0
vial,0,2b_rich_only,8,,8,True,71.26684636118598,8.0,5.0
vial,0,2b_rich_only,8,,8,True,64.52830188679245,8.0,6.0
vial,0,2b_rich_only,8,,8,True,82.53369272237198,8.0,7.0
vial,0,2b_rich_only,8,,8,True,73.15363881401616,8.0,8.0
vial,0,2b_rich_only,8,,8,True,75.47169811320755,8.0,9.0
vial,0,2b_rich_only,8,,8,True,77.03504043126684,8.0,10.0
vial,0,2b_rich_only,8,,8,True,71.15902964959568,8.0,11.0
vial,0,2b_rich_only,8,,8,True,92.56064690026955,8.0,12.0
vial,0,2b_rich_only,8,,8,True,82.21024258760107,8.0,13.0
vial,0,2b_rich_only,8,,8,True,84.63611859838275,8.0,14.0
vial,0,2b_rich_only,8,,8,True,76.01078167115904,8.0,15.0
vial,0,2b_rich_only,8,,8,True,84.31266846361186,8.0,16.0
vial,0,2b_rich_only,8,,8,True,74.60916442048517,8.0,17.0
vial,0,2b_rich_only,8,,8,True,81.40161725067385,8.0,18.0
vial,0,2b_rich_only,8,,8,True,81.50943396226415,8.0,19.0
vial,0,2b_rich_only,8,,8,True,69.48787061994611,8.0,20.0
vial,0,2b_rich_only,8,,8,True,87.9245283018868,8.0,21.0
vial,0,2b_rich_only,8,,8,True,75.74123989218329,8.0,22.0
vial,0,2b_rich_only,8,,8,True,56.06469002695418,8.0,23.0
vial,0,2b_rich_only,8,,8,True,93.36927223719677,8.0,24.0
vial,0,2b_rich_only,8,,8,True,82.04851752021565,8.0,25.0
vial,0,2b_rich_only,8,,8,True,79.29919137466305,8.0,26.0
vial,0,2b_rich_only,8,,8,True,85.66037735849056,8.0,27.0
vial,0,2b_rich_only,8,,8,True,81.61725067385444,8.0,28.0
vial,0,2b_rich_only,8,,8,True,88.19407008086255,8.0,29.0
vial,0,3_density,8,,2,True,72.9380053908356,,0.0
vial,0,3_density,8,,2,True,76.54986522911051,,1.0
vial,0,3_density,8,,2,True,60.48517520215633,,2.0
vial,0,3_density,8,,2,True,60.48517520215634,,3.0
vial,0,3_density,8,,2,True,70.08086253369272,,4.0
vial,0,3_density,8,,2,True,70.5121293800539,,5.0
vial,0,3_density,8,,2,True,88.19407008086255,,6.0
vial,0,3_density,8,,2,True,81.13207547169812,,7.0
vial,0,3_density,8,,2,True,65.22911051212937,,8.0
vial,0,3_density,8,,2,True,71.53638814016172,,9.0
vial,0,3_density,8,,2,True,57.843665768194064,,10.0
vial,0,3_density,8,,2,True,76.06469002695417,,11.0
vial,0,3_density,8,,2,True,42.15633423180593,,12.0
vial,0,3_density,8,,2,True,80.2156334231806,,13.0
vial,0,3_density,8,,2,True,65.82210242587601,,14.0
vial,0,3_density,8,,2,True,63.82749326145552,,15.0
vial,0,3_density,8,,2,True,67.33153638814015,,16.0
vial,0,3_density,8,,2,True,57.30458221024259,,17.0
vial,0,3_density,8,,2,True,90.9433962264151,,18.0
vial,0,3_density,8,,2,True,61.293800539083556,,19.0
vial,0,3_density,8,,2,True,59.083557951482476,,20.0
vial,0,3_density,8,,2,True,77.41239892183289,,21.0
vial,0,3_density,8,,2,True,74.55525606469003,,22.0
vial,0,3_density,8,,2,True,58.05929919137467,,23.0
vial,0,3_density,8,,2,True,81.45552560646901,,24.0
vial,0,3_density,8,,2,True,62.749326145552565,,25.0
vial,0,3_density,8,,2,True,60.64690026954178,,26.0
vial,0,3_density,8,,2,True,74.177897574124,,27.0
vial,0,3_density,8,,2,True,56.22641509433962,,28.0
vial,0,3_density,8,,2,True,74.55525606469003,,29.0
vial,0,3_density,8,,4,True,75.3099730458221,,0.0
vial,0,3_density,8,,4,True,45.87601078167116,,1.0
vial,0,3_density,8,,4,True,74.66307277628033,,2.0
vial,0,3_density,8,,4,True,62.15633423180593,,3.0
vial,0,3_density,8,,4,True,65.76819407008085,,4.0
vial,0,3_density,8,,4,True,77.95148247978437,,5.0
vial,0,3_density,8,,4,True,70.18867924528303,,6.0
vial,0,3_density,8,,4,True,83.93530997304582,,7.0
vial,0,3_density,8,,4,True,66.95417789757411,,8.0
vial,0,3_density,8,,4,True,75.9568733153639,,9.0
vial,0,3_density,8,,4,True,74.2857142857143,,10.0
vial,0,3_density,8,,4,True,75.57951482479783,,11.0
vial,0,3_density,8,,4,True,73.42318059299191,,12.0
vial,0,3_density,8,,4,True,80.1078167115903,,13.0
vial,0,3_density,8,,4,True,69.05660377358491,,14.0
vial,0,3_density,8,,4,True,66.1455525606469,,15.0
vial,0,3_density,8,,4,True,63.93530997304582,,16.0
vial,0,3_density,8,,4,True,72.23719676549865,,17.0
vial,0,3_density,8,,4,True,60.59299191374663,,18.0
vial,0,3_density,8,,4,True,62.479784366576816,,19.0
vial,0,3_density,8,,4,True,64.63611859838274,,20.0
vial,0,3_density,8,,4,True,76.98113207547169,,21.0
vial,0,3_density,8,,4,True,71.91374663072776,,22.0
vial,0,3_density,8,,4,True,63.719676549865234,,23.0
vial,0,3_density,8,,4,True,81.45552560646901,,24.0
vial,0,3_density,8,,4,True,71.59029649595688,,25.0
vial,0,3_density,8,,4,True,71.10512129380055,,26.0
vial,0,3_density,8,,4,True,95.68733153638813,,27.0
vial,0,3_density,8,,4,True,69.86522911051213,,28.0
vial,0,3_density,8,,4,True,72.18328840970352,,29.0
vial,0,3_density,8,,8,True,70.4043126684636,,0.0
vial,0,3_density,8,,8,True,68.62533692722373,,1.0
vial,0,3_density,8,,8,True,70.29649595687331,,2.0
vial,0,3_density,8,,8,True,62.911051212938006,,3.0
vial,0,3_density,8,,8,True,75.41778975741241,,4.0
vial,0,3_density,8,,8,True,85.98382749326146,,5.0
vial,0,3_density,8,,8,True,71.53638814016172,,6.0
vial,0,3_density,8,,8,True,69.2722371967655,,7.0
vial,0,3_density,8,,8,True,74.55525606469003,,8.0
vial,0,3_density,8,,8,True,75.04043126684637,,9.0
vial,0,3_density,8,,8,True,54.447439353099725,,10.0
vial,0,3_density,8,,8,True,77.088948787062,,11.0
vial,0,3_density,8,,8,True,76.01078167115902,,12.0
vial,0,3_density,8,,8,True,83.01886792452831,,13.0
vial,0,3_density,8,,8,True,69.64959568733155,,14.0
vial,0,3_density,8,,8,True,72.9380053908356,,15.0
vial,0,3_density,8,,8,True,68.1401617250674,,16.0
vial,0,3_density,8,,8,True,85.60646900269542,,17.0
vial,0,3_density,8,,8,True,73.53099730458221,,18.0
vial,0,3_density,8,,8,True,66.52291105121294,,19.0
vial,0,3_density,8,,8,True,70.72776280323451,,20.0
vial,0,3_density,8,,8,True,77.46630727762803,,21.0
vial,0,3_density,8,,8,True,79.29919137466307,,22.0
vial,0,3_density,8,,8,True,71.21293800539084,,23.0
vial,0,3_density,8,,8,True,73.8544474393531,,24.0
vial,0,3_density,8,,8,True,70.4043126684636,,25.0
vial,0,3_density,8,,8,True,73.85444743935311,,26.0
vial,0,3_density,8,,8,True,72.02156334231806,,27.0
vial,0,3_density,8,,8,True,84.15094339622641,,28.0
vial,0,3_density,8,,8,True,68.14016172506739,,29.0
vial,0,3_density,8,,16,True,74.98652291105121,,0.0
vial,0,3_density,8,,16,True,83.01886792452831,,1.0
vial,0,3_density,8,,16,True,85.33692722371967,,2.0
vial,0,3_density,8,,16,True,75.63342318059301,,3.0
vial,0,3_density,8,,16,True,67.60107816711593,,4.0
vial,0,3_density,8,,16,True,80.75471698113208,,5.0
vial,0,3_density,8,,16,True,75.09433962264151,,6.0
vial,0,3_density,8,,16,True,76.38814016172508,,7.0
vial,0,3_density,8,,16,True,79.62264150943396,,8.0
vial,0,3_density,8,,16,True,73.26145552560648,,9.0
vial,0,3_density,8,,16,True,83.23450134770889,,10.0
vial,0,3_density,8,,16,True,72.83018867924528,,11.0
vial,0,3_density,8,,16,True,76.9811320754717,,12.0
vial,0,3_density,8,,16,True,84.74393530997303,,13.0
vial,0,3_density,8,,16,True,80.70080862533693,,14.0
vial,0,3_density,8,,16,True,81.5633423180593,,15.0
vial,0,3_density,8,,16,True,70.45822102425878,,16.0
vial,0,3_density,8,,16,True,77.35849056603774,,17.0
vial,0,3_density,8,,16,True,78.4366576819407,,18.0
vial,0,3_density,8,,16,True,81.29380053908356,,19.0
vial,0,3_density,8,,16,True,81.40161725067388,,20.0
vial,0,3_density,8,,16,True,72.5067385444744,,21.0
vial,0,3_density,8,,16,True,77.89757412398922,,22.0
vial,0,3_density,8,,16,True,78.92183288409704,,23.0
vial,0,3_density,8,,16,True,76.22641509433963,,24.0
vial,0,3_density,8,,16,True,80.05390835579516,,25.0
vial,0,3_density,8,,16,True,79.94609164420486,,26.0
vial,0,3_density,8,,16,True,82.69541778975741,,27.0
vial,0,3_density,8,,16,True,79.24528301886792,,28.0
vial,0,3_density,8,,16,True,72.77628032345014,,29.0
vial,0,3_density,8,,32,True,86.68463611859838,,0.0
vial,0,3_density,8,,32,True,86.84636118598384,,1.0
vial,0,3_density,8,,32,True,81.94070080862534,,2.0
vial,0,3_density,8,,32,True,81.50943396226415,,3.0
vial,0,3_density,8,,32,True,78.54447439353099,,4.0
vial,0,3_density,8,,32,True,78.97574123989219,,5.0
vial,0,3_density,8,,32,True,75.47169811320755,,6.0
vial,0,3_density,8,,32,True,73.42318059299191,,7.0
vial,0,3_density,8,,32,True,85.55256064690026,,8.0
vial,0,3_density,8,,32,True,76.49595687331538,,9.0
vial,0,3_density,8,,32,True,81.2398921832884,,10.0
vial,0,3_density,8,,32,True,79.56873315363882,,11.0
vial,0,3_density,8,,32,True,87.65498652291105,,12.0
vial,0,3_density,8,,32,True,82.69541778975741,,13.0
vial,0,3_density,8,,32,True,85.55256064690028,,14.0
vial,0,3_density,8,,32,True,77.62803234501348,,15.0
vial,0,3_density,8,,32,True,75.68733153638814,,16.0
vial,0,3_density,8,,32,True,83.98921832884098,,17.0
vial,0,3_density,8,,32,True,79.40700808625338,,18.0
vial,0,3_density,8,,32,True,82.15633423180594,,19.0
vial,0,3_density,8,,32,True,76.92722371967655,,20.0
vial,0,3_density,8,,32,True,90.18867924528301,,21.0
vial,0,3_density,8,,32,True,77.19676549865228,,22.0
vial,0,3_density,8,,32,True,80.1078167115903,,23.0
vial,0,3_density,8,,32,True,79.8921832884097,,24.0
vial,0,3_density,8,,32,True,76.71159029649596,,25.0
vial,0,3_density,8,,32,True,72.29110512129381,,26.0
vial,0,3_density,8,,32,True,79.02964959568733,,27.0
vial,0,3_density,8,,32,True,77.52021563342318,,28.0
vial,0,3_density,8,,32,True,81.61725067385444,,29.0
vial,0,3_density,8,,64,True,76.33423180592992,,0.0
vial,0,3_density,8,,64,True,75.90296495956875,,1.0
vial,0,3_density,8,,64,True,84.25876010781671,,2.0
vial,0,3_density,8,,64,True,82.21024258760107,,3.0
vial,0,3_density,8,,64,True,80.48517520215633,,4.0
vial,0,3_density,8,,64,True,79.56873315363882,,5.0
vial,0,3_density,8,,64,True,85.9299191374663,,6.0
vial,0,3_density,8,,64,True,80.70080862533693,,7.0
vial,0,3_density,8,,64,True,79.78436657681941,,8.0
vial,0,3_density,8,,64,True,82.37196765498652,,9.0
vial,0,3_density,8,,64,True,81.18598382749327,,10.0
vial,0,3_density,8,,64,True,78.4366576819407,,11.0
vial,0,3_density,8,,64,True,78.38274932614556,,12.0
vial,0,3_density,8,,64,True,76.11859838274934,,13.0
vial,0,3_density,8,,64,True,79.19137466307278,,14.0
vial,0,3_density,8,,64,True,84.63611859838277,,15.0
vial,0,3_density,8,,64,True,76.65768194070081,,16.0
vial,0,3_density,8,,64,True,77.46630727762805,,17.0
vial,0,3_density,8,,64,True,84.63611859838275,,18.0
vial,0,3_density,8,,64,True,83.66576819407008,,19.0
vial,0,3_density,8,,64,True,82.15633423180594,,20.0
vial,0,3_density,8,,64,True,83.66576819407008,,21.0
vial,0,3_density,8,,64,True,83.01886792452831,,22.0
vial,0,3_density,8,,64,True,91.53638814016173,,23.0
vial,0,3_density,8,,64,True,76.7654986522911,,24.0
vial,0,3_density,8,,64,True,79.46091644204851,,25.0
vial,0,3_density,8,,64,True,80.91644204851754,,26.0
vial,0,3_density,8,,64,True,83.18059299191376,,27.0
vial,0,3_density,8,,64,True,80.64690026954177,,28.0
vial,0,3_density,8,,64,True,81.99460916442048,,29.0
vial,1,1_budget100,1,1.0,30,False,67.65498652291105,,
vial,1,1_budget100,2,2.0,100,True,83.45013477088949,,
vial,1,1_budget100,4,4.0,80,False,86.84636118598384,,
vial,1,1_budget100,8,8.0,100,True,90.4043126684636,,
vial,1,1_budget100,16,16.0,100,True,86.19946091644205,,
vial,1,1_budget100,-1,52.0,100,True,91.91374663072776,,
vial,1,2_feasible,1,,4,True,26.79245283018868,4.0,0.0
vial,1,2_feasible,1,,4,True,32.93800539083558,4.0,1.0
vial,1,2_feasible,1,,4,True,62.048517520215626,4.0,2.0
vial,1,2_feasible,1,,4,True,74.50134770889488,4.0,3.0
vial,1,2_feasible,1,,4,True,83.66576819407008,4.0,4.0
vial,1,2_feasible,1,,4,True,63.98921832884097,4.0,5.0
vial,1,2_feasible,1,,4,True,12.452830188679245,4.0,6.0
vial,1,2_feasible,1,,4,True,76.92722371967655,4.0,7.0
vial,1,2_feasible,1,,4,True,41.13207547169811,4.0,8.0
vial,1,2_feasible,1,,4,True,62.37196765498653,4.0,9.0
vial,1,2_feasible,1,,4,True,73.20754716981132,4.0,10.0
vial,1,2_feasible,1,,4,True,72.66846361185983,4.0,11.0
vial,1,2_feasible,1,,4,True,80.97035040431267,4.0,12.0
vial,1,2_feasible,1,,4,True,87.60107816711592,4.0,13.0
vial,1,2_feasible,1,,4,True,76.92722371967655,4.0,14.0
vial,1,2_feasible,1,,4,True,76.8733153638814,4.0,15.0
vial,1,2_feasible,1,,4,True,81.02425876010781,4.0,16.0
vial,1,2_feasible,1,,4,True,67.38544474393531,4.0,17.0
vial,1,2_feasible,1,,4,True,85.28301886792453,4.0,18.0
vial,1,2_feasible,1,,4,True,72.45283018867924,4.0,19.0
vial,1,2_feasible,1,,4,True,56.06469002695418,4.0,20.0
vial,1,2_feasible,1,,4,True,68.67924528301887,4.0,21.0
vial,1,2_feasible,1,,4,True,76.22641509433963,4.0,22.0
vial,1,2_feasible,1,,4,True,75.14824797843666,4.0,23.0
vial,1,2_feasible,1,,4,True,71.80592991913745,4.0,24.0
vial,1,2_feasible,1,,4,True,76.49595687331536,4.0,25.0
vial,1,2_feasible,1,,4,True,80.64690026954179,4.0,26.0
vial,1,2_feasible,1,,4,True,41.94070080862534,4.0,27.0
vial,1,2_feasible,1,,4,True,79.56873315363882,4.0,28.0
vial,1,2_feasible,1,,4,True,63.773584905660385,4.0,29.0
vial,1,2_feasible,2,,4,True,68.78706199460916,4.0,0.0
vial,1,2_feasible,2,,4,True,83.34231805929919,4.0,1.0
vial,1,2_feasible,2,,4,True,29.811320754716974,4.0,2.0
vial,1,2_feasible,2,,4,True,86.46900269541779,4.0,3.0
vial,1,2_feasible,2,,4,True,77.35849056603774,4.0,4.0
vial,1,2_feasible,2,,4,True,74.12398921832883,4.0,5.0
vial,1,2_feasible,2,,4,True,71.05121293800539,4.0,6.0
vial,1,2_feasible,2,,4,True,74.17789757412399,4.0,7.0
vial,1,2_feasible,2,,4,True,74.66307277628033,4.0,8.0
vial,1,2_feasible,2,,4,True,74.01617250673854,4.0,9.0
vial,1,2_feasible,2,,4,True,74.82479784366576,4.0,10.0
vial,1,2_feasible,2,,4,True,61.56334231805931,4.0,11.0
vial,1,2_feasible,2,,4,True,77.30458221024257,4.0,12.0
vial,1,2_feasible,2,,4,True,75.4177897574124,4.0,13.0
vial,1,2_feasible,2,,4,True,58.544474393531,4.0,14.0
vial,1,2_feasible,2,,4,True,67.27762803234502,4.0,15.0
vial,1,2_feasible,2,,4,True,78.59838274932615,4.0,16.0
vial,1,2_feasible,2,,4,True,76.01078167115902,4.0,17.0
vial,1,2_feasible,2,,4,True,78.6522911051213,4.0,18.0
vial,1,2_feasible,2,,4,True,77.62803234501348,4.0,19.0
vial,1,2_feasible,2,,4,True,75.09433962264151,4.0,20.0
vial,1,2_feasible,2,,4,True,66.30727762803235,4.0,21.0
vial,1,2_feasible,2,,4,True,79.62264150943396,4.0,22.0
vial,1,2_feasible,2,,4,True,65.82210242587601,4.0,23.0
vial,1,2_feasible,2,,4,True,92.99191374663073,4.0,24.0
vial,1,2_feasible,2,,4,True,71.59029649595688,4.0,25.0
vial,1,2_feasible,2,,4,True,20.539083557951486,4.0,26.0
vial,1,2_feasible,2,,4,True,16.549865229110512,4.0,27.0
vial,1,2_feasible,2,,4,True,91.53638814016173,4.0,28.0
vial,1,2_feasible,2,,4,True,65.22911051212938,4.0,29.0
vial,1,2_feasible,4,,4,True,29.272237196765495,4.0,0.0
vial,1,2_feasible,4,,4,True,82.42587601078168,4.0,1.0
vial,1,2_feasible,4,,4,True,86.52291105121294,4.0,2.0
vial,1,2_feasible,4,,4,True,73.47708894878706,4.0,3.0
vial,1,2_feasible,4,,4,True,72.50673854447439,4.0,4.0
vial,1,2_feasible,4,,4,True,48.679245283018865,4.0,5.0
vial,1,2_feasible,4,,4,True,71.75202156334231,4.0,6.0
vial,1,2_feasible,4,,4,True,70.83557951482479,4.0,7.0
vial,1,2_feasible,4,,4,True,69.3800539083558,4.0,8.0
vial,1,2_feasible,4,,4,True,85.98382749326146,4.0,9.0
vial,1,2_feasible,4,,4,True,90.18867924528303,4.0,10.0
vial,1,2_feasible,4,,4,True,64.42048517520216,4.0,11.0
vial,1,2_feasible,4,,4,True,85.76819407008087,4.0,12.0
vial,1,2_feasible,4,,4,True,61.725067385444746,4.0,13.0
vial,1,2_feasible,4,,4,True,74.93261455525607,4.0,14.0
vial,1,2_feasible,4,,4,True,82.37196765498653,4.0,15.0
vial,1,2_feasible,4,,4,True,76.22641509433963,4.0,16.0
vial,1,2_feasible,4,,4,True,66.19946091644205,4.0,17.0
vial,1,2_feasible,4,,4,True,78.7601078167116,4.0,18.0
vial,1,2_feasible,4,,4,True,58.38274932614556,4.0,19.0
vial,1,2_feasible,4,,4,True,66.90026954177898,4.0,20.0
vial,1,2_feasible,4,,4,True,83.98921832884098,4.0,21.0
vial,1,2_feasible,4,,4,True,77.84366576819407,4.0,22.0
vial,1,2_feasible,4,,4,True,73.8544474393531,4.0,23.0
vial,1,2_feasible,4,,4,True,58.490566037735846,4.0,24.0
vial,1,2_feasible,4,,4,True,84.2587601078167,4.0,25.0
vial,1,2_feasible,4,,4,True,82.58760107816711,4.0,26.0
vial,1,2_feasible,4,,4,True,73.04582210242587,4.0,27.0
vial,1,2_feasible,4,,4,True,77.088948787062,4.0,28.0
vial,1,2_feasible,4,,4,True,56.06469002695418,4.0,29.0
vial,1,2_feasible,1,,8,True,76.7654986522911,8.0,0.0
vial,1,2_feasible,1,,8,True,37.46630727762803,8.0,1.0
vial,1,2_feasible,1,,8,True,81.40161725067387,8.0,2.0
vial,1,2_feasible,1,,8,True,41.078167115902964,8.0,3.0
vial,1,2_feasible,1,,8,True,71.96765498652292,8.0,4.0
vial,1,2_feasible,1,,8,True,80.05390835579514,8.0,5.0
vial,1,2_feasible,1,,8,True,78.81401617250674,8.0,6.0
vial,1,2_feasible,1,,8,True,70.02695417789757,8.0,7.0
vial,1,2_feasible,1,,8,True,26.307277628032345,8.0,8.0
vial,1,2_feasible,1,,8,True,81.99460916442048,8.0,9.0
vial,1,2_feasible,1,,8,True,83.45013477088948,8.0,10.0
vial,1,2_feasible,1,,8,True,53.15363881401617,8.0,11.0
vial,1,2_feasible,1,,8,True,80.75471698113206,8.0,12.0
vial,1,2_feasible,1,,8,True,77.41239892183287,8.0,13.0
vial,1,2_feasible,1,,8,True,71.53638814016173,8.0,14.0
vial,1,2_feasible,1,,8,True,68.08625336927223,8.0,15.0
vial,1,2_feasible,1,,8,True,81.56334231805931,8.0,16.0
vial,1,2_feasible,1,,8,True,75.41778975741241,8.0,17.0
vial,1,2_feasible,1,,8,True,64.63611859838275,8.0,18.0
vial,1,2_feasible,1,,8,True,72.02156334231806,8.0,19.0
vial,1,2_feasible,1,,8,True,56.495956873315365,8.0,20.0
vial,1,2_feasible,1,,8,True,70.61994609164421,8.0,21.0
vial,1,2_feasible,1,,8,True,38.49056603773585,8.0,22.0
vial,1,2_feasible,1,,8,True,43.18059299191375,8.0,23.0
vial,1,2_feasible,1,,8,True,75.84905660377359,8.0,24.0
vial,1,2_feasible,1,,8,True,85.55256064690026,8.0,25.0
vial,1,2_feasible,1,,8,True,79.46091644204851,8.0,26.0
vial,1,2_feasible,1,,8,True,85.17520215633422,8.0,27.0
vial,1,2_feasible,1,,8,True,63.28840970350404,8.0,28.0
vial,1,2_feasible,1,,8,True,68.46361185983827,8.0,29.0
vial,1,2_feasible,2,,8,True,47.76280323450134,8.0,0.0
vial,1,2_feasible,2,,8,True,70.45822102425876,8.0,1.0
vial,1,2_feasible,2,,8,True,68.89487870619946,8.0,2.0
vial,1,2_feasible,2,,8,True,32.560646900269546,8.0,3.0
vial,1,2_feasible,2,,8,True,81.07816711590297,8.0,4.0
vial,1,2_feasible,2,,8,True,56.8733153638814,8.0,5.0
vial,1,2_feasible,2,,8,True,74.17789757412399,8.0,6.0
vial,1,2_feasible,2,,8,True,84.04312668463612,8.0,7.0
vial,1,2_feasible,2,,8,True,53.69272237196766,8.0,8.0
vial,1,2_feasible,2,,8,True,22.42587601078167,8.0,9.0
vial,1,2_feasible,2,,8,True,68.24797843665769,8.0,10.0
vial,1,2_feasible,2,,8,True,74.23180592991913,8.0,11.0
vial,1,2_feasible,2,,8,True,39.8921832884097,8.0,12.0
vial,1,2_feasible,2,,8,True,80.86253369272237,8.0,13.0
vial,1,2_feasible,2,,8,True,51.967654986522916,8.0,14.0
vial,1,2_feasible,2,,8,True,86.63072776280323,8.0,15.0
vial,1,2_feasible,2,,8,True,78.97574123989219,8.0,16.0
vial,1,2_feasible,2,,8,True,81.13207547169812,8.0,17.0
vial,1,2_feasible,2,,8,True,65.92991913746631,8.0,18.0
vial,1,2_feasible,2,,8,True,76.9811320754717,8.0,19.0
vial,1,2_feasible,2,,8,True,63.0188679245283,8.0,20.0
vial,1,2_feasible,2,,8,True,75.25606469002696,8.0,21.0
vial,1,2_feasible,2,,8,True,58.328840970350406,8.0,22.0
vial,1,2_feasible,2,,8,True,54.71698113207547,8.0,23.0
vial,1,2_feasible,2,,8,True,79.40700808625336,8.0,24.0
vial,1,2_feasible,2,,8,True,74.0700808625337,8.0,25.0
vial,1,2_feasible,2,,8,True,70.94339622641512,8.0,26.0
vial,1,2_feasible,2,,8,True,83.01886792452832,8.0,27.0
vial,1,2_feasible,2,,8,True,30.026954177897576,8.0,28.0
vial,1,2_feasible,2,,8,True,67.81671159029649,8.0,29.0
vial,1,2_feasible,4,,8,True,88.40970350404312,8.0,0.0
vial,1,2_feasible,4,,8,True,61.50943396226416,8.0,1.0
vial,1,2_feasible,4,,8,True,68.94878706199461,8.0,2.0
vial,1,2_feasible,4,,8,True,49.1644204851752,8.0,3.0
vial,1,2_feasible,4,,8,True,80.05390835579514,8.0,4.0
vial,1,2_feasible,4,,8,True,67.76280323450133,8.0,5.0
vial,1,2_feasible,4,,8,True,72.12938005390835,8.0,6.0
vial,1,2_feasible,4,,8,True,61.99460916442048,8.0,7.0
vial,1,2_feasible,4,,8,True,65.28301886792453,8.0,8.0
vial,1,2_feasible,4,,8,True,66.09164420485175,8.0,9.0
vial,1,2_feasible,4,,8,True,87.43935309973047,8.0,10.0
vial,1,2_feasible,4,,8,True,78.59838274932615,8.0,11.0
vial,1,2_feasible,4,,8,True,60.323450134770894,8.0,12.0
vial,1,2_feasible,4,,8,True,81.56334231805931,8.0,13.0
vial,1,2_feasible,4,,8,True,65.01347708894879,8.0,14.0
vial,1,2_feasible,4,,8,True,77.08894878706201,8.0,15.0
vial,1,2_feasible,4,,8,True,33.80053908355795,8.0,16.0
vial,1,2_feasible,4,,8,True,80.43126684636118,8.0,17.0
vial,1,2_feasible,4,,8,True,73.31536388140162,8.0,18.0
vial,1,2_feasible,4,,8,True,85.98382749326147,8.0,19.0
vial,1,2_feasible,4,,8,True,77.62803234501348,8.0,20.0
vial,1,2_feasible,4,,8,True,84.04312668463612,8.0,21.0
vial,1,2_feasible,4,,8,True,49.1644204851752,8.0,22.0
vial,1,2_feasible,4,,8,True,75.47169811320754,8.0,23.0
vial,1,2_feasible,4,,8,True,63.288409703504044,8.0,24.0
vial,1,2_feasible,4,,8,True,69.64959568733153,8.0,25.0
vial,1,2_feasible,4,,8,True,55.040431266846355,8.0,26.0
vial,1,2_feasible,4,,8,True,37.62803234501348,8.0,27.0
vial,1,2_feasible,4,,8,True,87.00808625336927,8.0,28.0
vial,1,2_feasible,4,,8,True,75.25606469002696,8.0,29.0
vial,1,2_feasible,8,,8,True,95.90296495956872,8.0,0.0
vial,1,2_feasible,8,,8,True,79.5687331536388,8.0,1.0
vial,1,2_feasible,8,,8,True,81.9946091644205,8.0,2.0
vial,1,2_feasible,8,,8,True,85.71428571428572,8.0,3.0
vial,1,2_feasible,8,,8,True,75.5256064690027,8.0,4.0
vial,1,2_feasible,8,,8,True,66.41509433962264,8.0,5.0
vial,1,2_feasible,8,,8,True,83.66576819407008,8.0,6.0
vial,1,2_feasible,8,,8,True,68.4636118598383,8.0,7.0
vial,1,2_feasible,8,,8,True,88.89487870619945,8.0,8.0
vial,1,2_feasible,8,,8,True,80.37735849056602,8.0,9.0
vial,1,2_feasible,8,,8,True,89.70350404312669,8.0,10.0
vial,1,2_feasible,8,,8,True,90.88948787061994,8.0,11.0
vial,1,2_feasible,8,,8,True,85.9299191374663,8.0,12.0
vial,1,2_feasible,8,,8,True,79.02964959568732,8.0,13.0
vial,1,2_feasible,8,,8,True,58.59838274932614,8.0,14.0
vial,1,2_feasible,8,,8,True,90.9433962264151,8.0,15.0
vial,1,2_feasible,8,,8,True,76.4420485175202,8.0,16.0
vial,1,2_feasible,8,,8,True,82.10242587601078,8.0,17.0
vial,1,2_feasible,8,,8,True,83.07277628032345,8.0,18.0
vial,1,2_feasible,8,,8,True,86.63072776280323,8.0,19.0
vial,1,2_feasible,8,,8,True,72.66846361185983,8.0,20.0
vial,1,2_feasible,8,,8,True,84.74393530997305,8.0,21.0
vial,1,2_feasible,8,,8,True,83.98921832884098,8.0,22.0
vial,1,2_feasible,8,,8,True,81.83288409703505,8.0,23.0
vial,1,2_feasible,8,,8,True,82.15633423180593,8.0,24.0
vial,1,2_feasible,8,,8,True,84.95956873315363,8.0,25.0
vial,1,2_feasible,8,,8,True,82.64150943396227,8.0,26.0
vial,1,2_feasible,8,,8,True,85.9299191374663,8.0,27.0
vial,1,2_feasible,8,,8,True,87.9245283018868,8.0,28.0
vial,1,2_feasible,8,,8,True,86.30727762803235,8.0,29.0
vial,1,2b_rich_only,1,,4,True,78.22102425876011,4.0,0.0
vial,1,2b_rich_only,1,,4,True,76.92722371967655,4.0,1.0
vial,1,2b_rich_only,1,,4,True,40.37735849056604,4.0,2.0
vial,1,2b_rich_only,1,,4,True,52.66846361185984,4.0,3.0
vial,1,2b_rich_only,1,,4,True,87.65498652291105,4.0,4.0
vial,1,2b_rich_only,1,,4,True,57.03504043126685,4.0,5.0
vial,1,2b_rich_only,1,,4,True,21.50943396226415,4.0,6.0
vial,1,2b_rich_only,1,,4,True,71.53638814016172,4.0,7.0
vial,1,2b_rich_only,1,,4,True,59.24528301886794,4.0,8.0
vial,1,2b_rich_only,1,,4,True,59.892183288409704,4.0,9.0
vial,1,2b_rich_only,1,,4,True,67.6010781671159,4.0,10.0
vial,1,2b_rich_only,1,,4,True,70.99730458221025,4.0,11.0
vial,1,2b_rich_only,1,,4,True,57.358490566037744,4.0,12.0
vial,1,2b_rich_only,1,,4,True,68.57142857142857,4.0,13.0
vial,1,2b_rich_only,1,,4,True,77.89757412398922,4.0,14.0
vial,1,2b_rich_only,1,,4,True,67.22371967654988,4.0,15.0
vial,1,2b_rich_only,1,,4,True,84.90566037735849,4.0,16.0
vial,1,2b_rich_only,1,,4,True,78.16711590296495,4.0,17.0
vial,1,2b_rich_only,1,,4,True,56.81940700808625,4.0,18.0
vial,1,2b_rich_only,1,,4,True,34.66307277628032,4.0,19.0
vial,1,2b_rich_only,1,,4,True,54.60916442048518,4.0,20.0
vial,1,2b_rich_only,1,,4,True,79.8921832884097,4.0,21.0
vial,1,2b_rich_only,1,,4,True,19.568733153638814,4.0,22.0
vial,1,2b_rich_only,1,,4,True,80.59299191374663,4.0,23.0
vial,1,2b_rich_only,1,,4,True,18.867924528301888,4.0,24.0
vial,1,2b_rich_only,1,,4,True,39.29919137466307,4.0,25.0
vial,1,2b_rich_only,1,,4,True,81.88679245283019,4.0,26.0
vial,1,2b_rich_only,1,,4,True,29.272237196765506,4.0,27.0
vial,1,2b_rich_only,1,,4,True,84.36657681940702,4.0,28.0
vial,1,2b_rich_only,1,,4,True,58.92183288409705,4.0,29.0
vial,1,2b_rich_only,2,,4,True,74.01617250673856,4.0,0.0
vial,1,2b_rich_only,2,,4,True,81.07816711590297,4.0,1.0
vial,1,2b_rich_only,2,,4,True,83.18059299191376,4.0,2.0
vial,1,2b_rich_only,2,,4,True,60.59299191374663,4.0,3.0
vial,1,2b_rich_only,2,,4,True,78.97574123989219,4.0,4.0
vial,1,2b_rich_only,2,,4,True,81.88679245283019,4.0,5.0
vial,1,2b_rich_only,2,,4,True,79.29919137466308,4.0,6.0
vial,1,2b_rich_only,2,,4,True,80.64690026954177,4.0,7.0
vial,1,2b_rich_only,2,,4,True,79.08355795148248,4.0,8.0
vial,1,2b_rich_only,2,,4,True,68.73315363881402,4.0,9.0
vial,1,2b_rich_only,2,,4,True,89.54177897574125,4.0,10.0
vial,1,2b_rich_only,2,,4,True,77.46630727762803,4.0,11.0
vial,1,2b_rich_only,2,,4,True,77.68194070080861,4.0,12.0
vial,1,2b_rich_only,2,,4,True,75.14824797843666,4.0,13.0
vial,1,2b_rich_only,2,,4,True,74.33962264150944,4.0,14.0
vial,1,2b_rich_only,2,,4,True,75.25606469002697,4.0,15.0
vial,1,2b_rich_only,2,,4,True,67.76280323450135,4.0,16.0
vial,1,2b_rich_only,2,,4,True,66.14555256064689,4.0,17.0
vial,1,2b_rich_only,2,,4,True,88.62533692722371,4.0,18.0
vial,1,2b_rich_only,2,,4,True,83.23450134770889,4.0,19.0
vial,1,2b_rich_only,2,,4,True,73.58490566037736,4.0,20.0
vial,1,2b_rich_only,2,,4,True,64.95956873315365,4.0,21.0
vial,1,2b_rich_only,2,,4,True,82.69541778975741,4.0,22.0
vial,1,2b_rich_only,2,,4,True,87.49326145552561,4.0,23.0
vial,1,2b_rich_only,2,,4,True,55.41778975741241,4.0,24.0
vial,1,2b_rich_only,2,,4,True,17.142857142857142,4.0,25.0
vial,1,2b_rich_only,2,,4,True,59.40700808625336,4.0,26.0
vial,1,2b_rich_only,2,,4,True,76.49595687331535,4.0,27.0
vial,1,2b_rich_only,2,,4,True,76.60377358490567,4.0,28.0
vial,1,2b_rich_only,2,,4,True,78.81401617250674,4.0,29.0
vial,1,2b_rich_only,4,,4,True,57.25067385444744,4.0,0.0
vial,1,2b_rich_only,4,,4,True,77.30458221024259,4.0,1.0
vial,1,2b_rich_only,4,,4,True,72.83018867924528,4.0,2.0
vial,1,2b_rich_only,4,,4,True,73.85444743935311,4.0,3.0
vial,1,2b_rich_only,4,,4,True,61.7789757412399,4.0,4.0
vial,1,2b_rich_only,4,,4,True,83.61185983827494,4.0,5.0
vial,1,2b_rich_only,4,,4,True,76.28032345013477,4.0,6.0
vial,1,2b_rich_only,4,,4,True,51.15902964959569,4.0,7.0
vial,1,2b_rich_only,4,,4,True,85.12129380053908,4.0,8.0
vial,1,2b_rich_only,4,,4,True,71.91374663072776,4.0,9.0
vial,1,2b_rich_only,4,,4,True,76.49595687331536,4.0,10.0
vial,1,2b_rich_only,4,,4,True,75.52560646900271,4.0,11.0
vial,1,2b_rich_only,4,,4,True,55.57951482479784,4.0,12.0
vial,1,2b_rich_only,4,,4,True,80.37735849056602,4.0,13.0
vial,1,2b_rich_only,4,,4,True,79.46091644204851,4.0,14.0
vial,1,2b_rich_only,4,,4,True,78.05929919137466,4.0,15.0
vial,1,2b_rich_only,4,,4,True,82.15633423180593,4.0,16.0
vial,1,2b_rich_only,4,,4,True,84.25876010781671,4.0,17.0
vial,1,2b_rich_only,4,,4,True,69.86522911051213,4.0,18.0
vial,1,2b_rich_only,4,,4,True,77.62803234501348,4.0,19.0
vial,1,2b_rich_only,4,,4,True,77.25067385444744,4.0,20.0
vial,1,2b_rich_only,4,,4,True,71.37466307277627,4.0,21.0
vial,1,2b_rich_only,4,,4,True,63.342318059299195,4.0,22.0
vial,1,2b_rich_only,4,,4,True,54.878706199460915,4.0,23.0
vial,1,2b_rich_only,4,,4,True,65.76819407008085,4.0,24.0
vial,1,2b_rich_only,4,,4,True,55.14824797843666,4.0,25.0
vial,1,2b_rich_only,4,,4,True,58.59838274932616,4.0,26.0
vial,1,2b_rich_only,4,,4,True,65.60646900269542,4.0,27.0
vial,1,2b_rich_only,4,,4,True,70.18867924528303,4.0,28.0
vial,1,2b_rich_only,4,,4,True,75.79514824797843,4.0,29.0
vial,1,2b_rich_only,1,,8,True,74.33962264150944,8.0,0.0
vial,1,2b_rich_only,1,,8,True,26.037735849056602,8.0,1.0
vial,1,2b_rich_only,1,,8,True,50.78167115902965,8.0,2.0
vial,1,2b_rich_only,1,,8,True,78.4366576819407,8.0,3.0
vial,1,2b_rich_only,1,,8,True,82.74932614555257,8.0,4.0
vial,1,2b_rich_only,1,,8,True,80.05390835579514,8.0,5.0
vial,1,2b_rich_only,1,,8,True,68.62533692722373,8.0,6.0
vial,1,2b_rich_only,1,,8,True,71.69811320754718,8.0,7.0
vial,1,2b_rich_only,1,,8,True,56.118598382749326,8.0,8.0
vial,1,2b_rich_only,1,,8,True,77.46630727762803,8.0,9.0
vial,1,2b_rich_only,1,,8,True,74.87870619946091,8.0,10.0
vial,1,2b_rich_only,1,,8,True,86.95417789757413,8.0,11.0
vial,1,2b_rich_only,1,,8,True,47.97843665768194,8.0,12.0
vial,1,2b_rich_only,1,,8,True,32.66846361185984,8.0,13.0
vial,1,2b_rich_only,1,,8,True,58.59838274932615,8.0,14.0
vial,1,2b_rich_only,1,,8,True,22.857142857142858,8.0,15.0
vial,1,2b_rich_only,1,,8,True,69.00269541778974,8.0,16.0
vial,1,2b_rich_only,1,,8,True,49.865229110512125,8.0,17.0
vial,1,2b_rich_only,1,,8,True,82.53369272237197,8.0,18.0
vial,1,2b_rich_only,1,,8,True,81.07816711590297,8.0,19.0
vial,1,2b_rich_only,1,,8,True,73.80053908355795,8.0,20.0
vial,1,2b_rich_only,1,,8,True,65.76819407008085,8.0,21.0
vial,1,2b_rich_only,1,,8,True,82.26415094339622,8.0,22.0
vial,1,2b_rich_only,1,,8,True,24.690026954177895,8.0,23.0
vial,1,2b_rich_only,1,,8,True,76.01078167115902,8.0,24.0
vial,1,2b_rich_only,1,,8,True,81.56334231805931,8.0,25.0
vial,1,2b_rich_only,1,,8,True,34.123989218328845,8.0,26.0
vial,1,2b_rich_only,1,,8,True,20.21563342318059,8.0,27.0
vial,1,2b_rich_only,1,,8,True,33.477088948787056,8.0,28.0
vial,1,2b_rich_only,1,,8,True,44.36657681940701,8.0,29.0
vial,1,2b_rich_only,2,,8,True,48.57142857142857,8.0,0.0
vial,1,2b_rich_only,2,,8,True,64.6900269541779,8.0,1.0
vial,1,2b_rich_only,2,,8,True,67.38544474393531,8.0,2.0
vial,1,2b_rich_only,2,,8,True,85.55256064690026,8.0,3.0
vial,1,2b_rich_only,2,,8,True,85.87601078167117,8.0,4.0
vial,1,2b_rich_only,2,,8,True,58.867924528301884,8.0,5.0
vial,1,2b_rich_only,2,,8,True,71.64420485175202,8.0,6.0
vial,1,2b_rich_only,2,,8,True,63.61185983827493,8.0,7.0
vial,1,2b_rich_only,2,,8,True,26.36118598382749,8.0,8.0
vial,1,2b_rich_only,2,,8,True,63.935309973045825,8.0,9.0
vial,1,2b_rich_only,2,,8,True,80.37735849056604,8.0,10.0
vial,1,2b_rich_only,2,,8,True,40.43126684636118,8.0,11.0
vial,1,2b_rich_only,2,,8,True,73.26145552560646,8.0,12.0
vial,1,2b_rich_only,2,,8,True,76.92722371967655,8.0,13.0
vial,1,2b_rich_only,2,,8,True,64.95956873315365,8.0,14.0
vial,1,2b_rich_only,2,,8,True,58.00539083557952,8.0,15.0
vial,1,2b_rich_only,2,,8,True,67.7088948787062,8.0,16.0
vial,1,2b_rich_only,2,,8,True,65.22911051212938,8.0,17.0
vial,1,2b_rich_only,2,,8,True,78.76010781671158,8.0,18.0
vial,1,2b_rich_only,2,,8,True,82.37196765498653,8.0,19.0
vial,1,2b_rich_only,2,,8,True,66.52291105121294,8.0,20.0
vial,1,2b_rich_only,2,,8,True,80.59299191374663,8.0,21.0
vial,1,2b_rich_only,2,,8,True,75.14824797843666,8.0,22.0
vial,1,2b_rich_only,2,,8,True,54.71698113207547,8.0,23.0
vial,1,2b_rich_only,2,,8,True,50.7277628032345,8.0,24.0
vial,1,2b_rich_only,2,,8,True,67.22371967654986,8.0,25.0
vial,1,2b_rich_only,2,,8,True,66.19946091644205,8.0,26.0
vial,1,2b_rich_only,2,,8,True,50.13477088948787,8.0,27.0
vial,1,2b_rich_only,2,,8,True,36.54986522911051,8.0,28.0
vial,1,2b_rich_only,2,,8,True,68.30188679245282,8.0,29.0
vial,1,2b_rich_only,4,,8,True,34.39353099730458,8.0,0.0
vial,1,2b_rich_only,4,,8,True,47.54716981132076,8.0,1.0
vial,1,2b_rich_only,4,,8,True,75.633423180593,8.0,2.0
vial,1,2b_rich_only,4,,8,True,78.38274932614556,8.0,3.0
vial,1,2b_rich_only,4,,8,True,61.671159029649594,8.0,4.0
vial,1,2b_rich_only,4,,8,True,76.28032345013477,8.0,5.0
vial,1,2b_rich_only,4,,8,True,63.881401617250674,8.0,6.0
vial,1,2b_rich_only,4,,8,True,62.15633423180593,8.0,7.0
vial,1,2b_rich_only,4,,8,True,60.21563342318059,8.0,8.0
vial,1,2b_rich_only,4,,8,True,59.24528301886792,8.0,9.0
vial,1,2b_rich_only,4,,8,True,79.19137466307276,8.0,10.0
vial,1,2b_rich_only,4,,8,True,60.64690026954178,8.0,11.0
vial,1,2b_rich_only,4,,8,True,67.70889487870619,8.0,12.0
vial,1,2b_rich_only,4,,8,True,80.70080862533693,8.0,13.0
vial,1,2b_rich_only,4,,8,True,59.56873315363882,8.0,14.0
vial,1,2b_rich_only,4,,8,True,83.93530997304582,8.0,15.0
vial,1,2b_rich_only,4,,8,True,68.35579514824798,8.0,16.0
vial,1,2b_rich_only,4,,8,True,71.53638814016172,8.0,17.0
vial,1,2b_rich_only,4,,8,True,31.96765498652291,8.0,18.0
vial,1,2b_rich_only,4,,8,True,55.902964959568735,8.0,19.0
vial,1,2b_rich_only,4,,8,True,34.123989218328845,8.0,20.0
vial,1,2b_rich_only,4,,8,True,68.73315363881402,8.0,21.0
vial,1,2b_rich_only,4,,8,True,83.88140161725067,8.0,22.0
vial,1,2b_rich_only,4,,8,True,66.36118598382748,8.0,23.0
vial,1,2b_rich_only,4,,8,True,69.54177897574124,8.0,24.0
vial,1,2b_rich_only,4,,8,True,82.21024258760107,8.0,25.0
vial,1,2b_rich_only,4,,8,True,76.28032345013476,8.0,26.0
vial,1,2b_rich_only,4,,8,True,65.12129380053908,8.0,27.0
vial,1,2b_rich_only,4,,8,True,46.95417789757412,8.0,28.0
vial,1,2b_rich_only,4,,8,True,69.75741239892184,8.0,29.0
vial,1,2b_rich_only,8,,8,True,76.9811320754717,8.0,0.0
vial,1,2b_rich_only,8,,8,True,77.08894878706201,8.0,1.0
vial,1,2b_rich_only,8,,8,True,98.81401617250674,8.0,2.0
vial,1,2b_rich_only,8,,8,True,71.80592991913745,8.0,3.0
vial,1,2b_rich_only,8,,8,True,72.56064690026955,8.0,4.0
vial,1,2b_rich_only,8,,8,True,86.25336927223721,8.0,5.0
vial,1,2b_rich_only,8,,8,True,66.0377358490566,8.0,6.0
vial,1,2b_rich_only,8,,8,True,62.749326145552565,8.0,7.0
vial,1,2b_rich_only,8,,8,True,92.66846361185983,8.0,8.0
vial,1,2b_rich_only,8,,8,True,89.86522911051213,8.0,9.0
vial,1,2b_rich_only,8,,8,True,79.35309973045823,8.0,10.0
vial,1,2b_rich_only,8,,8,True,71.75202156334231,8.0,11.0
vial,1,2b_rich_only,8,,8,True,91.15902964959568,8.0,12.0
vial,1,2b_rich_only,8,,8,True,70.88948787061994,8.0,13.0
vial,1,2b_rich_only,8,,8,True,91.80592991913747,8.0,14.0
vial,1,2b_rich_only,8,,8,True,76.44204851752022,8.0,15.0
vial,1,2b_rich_only,8,,8,True,77.03504043126685,8.0,16.0
vial,1,2b_rich_only,8,,8,True,67.38544474393531,8.0,17.0
vial,1,2b_rich_only,8,,8,True,78.38274932614556,8.0,18.0
vial,1,2b_rich_only,8,,8,True,80.26954177897575,8.0,19.0
vial,1,2b_rich_only,8,,8,True,64.15094339622641,8.0,20.0
vial,1,2b_rich_only,8,,8,True,87.277628032345,8.0,21.0
vial,1,2b_rich_only,8,,8,True,70.4043126684636,8.0,22.0
vial,1,2b_rich_only,8,,8,True,35.2021563342318,8.0,23.0
vial,1,2b_rich_only,8,,8,True,78.11320754716981,8.0,24.0
vial,1,2b_rich_only,8,,8,True,84.25876010781671,8.0,25.0
vial,1,2b_rich_only,8,,8,True,68.78706199460916,8.0,26.0
vial,1,2b_rich_only,8,,8,True,75.04043126684637,8.0,27.0
vial,1,2b_rich_only,8,,8,True,69.3800539083558,8.0,28.0
vial,1,2b_rich_only,8,,8,True,78.11320754716982,8.0,29.0
vial,1,3_density,8,,2,True,87.65498652291105,,0.0
vial,1,3_density,8,,2,True,64.04312668463612,,1.0
vial,1,3_density,8,,2,True,72.02156334231806,,2.0
vial,1,3_density,8,,2,True,64.20485175202157,,3.0
vial,1,3_density,8,,2,True,67.16981132075472,,4.0
vial,1,3_density,8,,2,True,65.71428571428571,,5.0
vial,1,3_density,8,,2,True,66.68463611859838,,6.0
vial,1,3_density,8,,2,True,65.39083557951483,,7.0
vial,1,3_density,8,,2,True,74.17789757412399,,8.0
vial,1,3_density,8,,2,True,97.35849056603773,,9.0
vial,1,3_density,8,,2,True,49.43396226415094,,10.0
vial,1,3_density,8,,2,True,88.89487870619946,,11.0
vial,1,3_density,8,,2,True,67.81671159029649,,12.0
vial,1,3_density,8,,2,True,70.67385444743935,,13.0
vial,1,3_density,8,,2,True,71.32075471698114,,14.0
vial,1,3_density,8,,2,True,63.39622641509435,,15.0
vial,1,3_density,8,,2,True,68.51752021563343,,16.0
vial,1,3_density,8,,2,True,71.48247978436657,,17.0
vial,1,3_density,8,,2,True,70.18867924528301,,18.0
vial,1,3_density,8,,2,True,69.05660377358491,,19.0
vial,1,3_density,8,,2,True,74.60916442048517,,20.0
vial,1,3_density,8,,2,True,62.53369272237197,,21.0
vial,1,3_density,8,,2,True,71.85983827493261,,22.0
vial,1,3_density,8,,2,True,68.94878706199461,,23.0
vial,1,3_density,8,,2,True,81.94070080862534,,24.0
vial,1,3_density,8,,2,True,69.91913746630728,,25.0
vial,1,3_density,8,,2,True,55.52560646900269,,26.0
vial,1,3_density,8,,2,True,56.549865229110516,,27.0
vial,1,3_density,8,,2,True,70.24258760107817,,28.0
vial,1,3_density,8,,2,True,53.47708894878706,,29.0
vial,1,3_density,8,,4,True,65.06738544474393,,0.0
vial,1,3_density,8,,4,True,74.12398921832884,,1.0
vial,1,3_density,8,,4,True,67.9245283018868,,2.0
vial,1,3_density,8,,4,True,79.6765498652291,,3.0
vial,1,3_density,8,,4,True,71.53638814016173,,4.0
vial,1,3_density,8,,4,True,66.63072776280325,,5.0
vial,1,3_density,8,,4,True,70.24258760107817,,6.0
vial,1,3_density,8,,4,True,68.57142857142857,,7.0
vial,1,3_density,8,,4,True,66.2533692722372,,8.0
vial,1,3_density,8,,4,True,71.26684636118598,,9.0
vial,1,3_density,8,,4,True,77.14285714285715,,10.0
vial,1,3_density,8,,4,True,76.92722371967655,,11.0
vial,1,3_density,8,,4,True,68.67924528301887,,12.0
vial,1,3_density,8,,4,True,67.16981132075472,,13.0
vial,1,3_density,8,,4,True,86.09164420485176,,14.0
vial,1,3_density,8,,4,True,70.29649595687331,,15.0
vial,1,3_density,8,,4,True,69.32614555256065,,16.0
vial,1,3_density,8,,4,True,68.14016172506739,,17.0
vial,1,3_density,8,,4,True,70.56603773584906,,18.0
vial,1,3_density,8,,4,True,73.36927223719677,,19.0
vial,1,3_density,8,,4,True,64.04312668463612,,20.0
vial,1,3_density,8,,4,True,72.93800539083558,,21.0
vial,1,3_density,8,,4,True,62.53369272237197,,22.0
vial,1,3_density,8,,4,True,70.18867924528303,,23.0
vial,1,3_density,8,,4,True,76.65768194070081,,24.0
vial,1,3_density,8,,4,True,71.10512129380054,,25.0
vial,1,3_density,8,,4,True,64.42048517520216,,26.0
vial,1,3_density,8,,4,True,62.69541778975742,,27.0
vial,1,3_density,8,,4,True,66.73854447439354,,28.0
vial,1,3_density,8,,4,True,66.2533692722372,,29.0
vial,1,3_density,8,,8,True,75.41778975741241,,0.0
vial,1,3_density,8,,8,True,72.83018867924528,,1.0
vial,1,3_density,8,,8,True,57.73584905660377,,2.0
vial,1,3_density,8,,8,True,68.19407008086253,,3.0
vial,1,3_density,8,,8,True,72.02156334231806,,4.0
vial,1,3_density,8,,8,True,78.27493261455527,,5.0
vial,1,3_density,8,,8,True,65.98382749326146,,6.0
vial,1,3_density,8,,8,True,67.49326145552561,,7.0
vial,1,3_density,8,,8,True,78.05929919137468,,8.0
vial,1,3_density,8,,8,True,67.33153638814017,,9.0
vial,1,3_density,8,,8,True,77.46630727762803,,10.0
vial,1,3_density,8,,8,True,71.32075471698114,,11.0
vial,1,3_density,8,,8,True,72.45283018867926,,12.0
vial,1,3_density,8,,8,True,69.86522911051213,,13.0
vial,1,3_density,8,,8,True,71.05121293800539,,14.0
vial,1,3_density,8,,8,True,73.53099730458221,,15.0
vial,1,3_density,8,,8,True,70.67385444743934,,16.0
vial,1,3_density,8,,8,True,67.65498652291106,,17.0
vial,1,3_density,8,,8,True,73.69272237196766,,18.0
vial,1,3_density,8,,8,True,73.58490566037736,,19.0
vial,1,3_density,8,,8,True,79.24528301886792,,20.0
vial,1,3_density,8,,8,True,63.23450134770889,,21.0
vial,1,3_density,8,,8,True,65.60646900269542,,22.0
vial,1,3_density,8,,8,True,70.40431266846362,,23.0
vial,1,3_density,8,,8,True,60.0,,24.0
vial,1,3_density,8,,8,True,68.78706199460916,,25.0
vial,1,3_density,8,,8,True,73.53099730458221,,26.0
vial,1,3_density,8,,8,True,67.97843665768195,,27.0
vial,1,3_density,8,,8,True,69.11051212938006,,28.0
vial,1,3_density,8,,8,True,70.99730458221025,,29.0
vial,1,3_density,8,,16,True,64.04312668463612,,0.0
vial,1,3_density,8,,16,True,73.47708894878706,,1.0
vial,1,3_density,8,,16,True,62.911051212938006,,2.0
vial,1,3_density,8,,16,True,73.36927223719677,,3.0
vial,1,3_density,8,,16,True,77.52021563342319,,4.0
vial,1,3_density,8,,16,True,76.06469002695417,,5.0
vial,1,3_density,8,,16,True,67.76280323450136,,6.0
vial,1,3_density,8,,16,True,71.80592991913745,,7.0
vial,1,3_density,8,,16,True,74.98652291105121,,8.0
vial,1,3_density,8,,16,True,67.38544474393531,,9.0
vial,1,3_density,8,,16,True,58.921832884097036,,10.0
vial,1,3_density,8,,16,True,76.65768194070081,,11.0
vial,1,3_density,8,,16,True,75.57951482479784,,12.0
vial,1,3_density,8,,16,True,69.97304582210242,,13.0
vial,1,3_density,8,,16,True,75.57951482479784,,14.0
vial,1,3_density,8,,16,True,77.14285714285715,,15.0
vial,1,3_density,8,,16,True,72.56064690026955,,16.0
vial,1,3_density,8,,16,True,77.25067385444744,,17.0
vial,1,3_density,8,,16,True,61.671159029649594,,18.0
vial,1,3_density,8,,16,True,74.01617250673854,,19.0
vial,1,3_density,8,,16,True,75.36388140161725,,20.0
vial,1,3_density,8,,16,True,79.08355795148249,,21.0
vial,1,3_density,8,,16,True,68.84097035040432,,22.0
vial,1,3_density,8,,16,True,64.95956873315365,,23.0
vial,1,3_density,8,,16,True,63.719676549865234,,24.0
vial,1,3_density,8,,16,True,73.04582210242587,,25.0
vial,1,3_density,8,,16,True,68.24797843665769,,26.0
vial,1,3_density,8,,16,True,76.38814016172508,,27.0
vial,1,3_density,8,,16,True,63.39622641509435,,28.0
vial,1,3_density,8,,16,True,74.5013477088949,,29.0
vial,1,3_density,8,,32,True,71.266846361186,,0.0
vial,1,3_density,8,,32,True,79.46091644204851,,1.0
vial,1,3_density,8,,32,True,77.03504043126685,,2.0
vial,1,3_density,8,,32,True,74.55525606469003,,3.0
vial,1,3_density,8,,32,True,68.57142857142857,,4.0
vial,1,3_density,8,,32,True,67.65498652291106,,5.0
vial,1,3_density,8,,32,True,68.67924528301887,,6.0
vial,1,3_density,8,,32,True,71.53638814016172,,7.0
vial,1,3_density,8,,32,True,73.9622641509434,,8.0
vial,1,3_density,8,,32,True,70.13477088948787,,9.0
vial,1,3_density,8,,32,True,75.09433962264151,,10.0
vial,1,3_density,8,,32,True,70.61994609164421,,11.0
vial,1,3_density,8,,32,True,73.20754716981132,,12.0
vial,1,3_density,8,,32,True,75.95687331536388,,13.0
vial,1,3_density,8,,32,True,72.45283018867926,,14.0
vial,1,3_density,8,,32,True,72.18328840970351,,15.0
vial,1,3_density,8,,32,True,79.4609164420485,,16.0
vial,1,3_density,8,,32,True,77.57412398921832,,17.0
vial,1,3_density,8,,32,True,75.57951482479785,,18.0
vial,1,3_density,8,,32,True,73.8544474393531,,19.0
vial,1,3_density,8,,32,True,66.79245283018868,,20.0
vial,1,3_density,8,,32,True,74.01617250673854,,21.0
vial,1,3_density,8,,32,True,68.57142857142858,,22.0
vial,1,3_density,8,,32,True,78.8679245283019,,23.0
vial,1,3_density,8,,32,True,70.18867924528301,,24.0
vial,1,3_density,8,,32,True,71.21293800539084,,25.0
vial,1,3_density,8,,32,True,71.37466307277627,,26.0
vial,1,3_density,8,,32,True,74.87870619946092,,27.0
vial,1,3_density,8,,32,True,69.3800539083558,,28.0
vial,1,3_density,8,,32,True,71.42857142857144,,29.0
vial,1,3_density,8,,64,True,73.09973045822103,,0.0
vial,1,3_density,8,,64,True,70.35040431266846,,1.0
vial,1,3_density,8,,64,True,70.72776280323451,,2.0
vial,1,3_density,8,,64,True,79.08355795148248,,3.0
vial,1,3_density,8,,64,True,72.77628032345012,,4.0
vial,1,3_density,8,,64,True,69.86522911051213,,5.0
vial,1,3_density,8,,64,True,72.88409703504043,,6.0
vial,1,3_density,8,,64,True,72.45283018867924,,7.0
vial,1,3_density,8,,64,True,71.75202156334231,,8.0
vial,1,3_density,8,,64,True,73.15363881401618,,9.0
vial,1,3_density,8,,64,True,70.18867924528303,,10.0
vial,1,3_density,8,,64,True,76.28032345013477,,11.0
vial,1,3_density,8,,64,True,70.02695417789757,,12.0
vial,1,3_density,8,,64,True,71.80592991913747,,13.0
vial,1,3_density,8,,64,True,74.93261455525607,,14.0
vial,1,3_density,8,,64,True,71.75202156334232,,15.0
vial,1,3_density,8,,64,True,73.53099730458221,,16.0
vial,1,3_density,8,,64,True,70.18867924528303,,17.0
vial,1,3_density,8,,64,True,73.42318059299193,,18.0
vial,1,3_density,8,,64,True,72.99191374663073,,19.0
vial,1,3_density,8,,64,True,70.67385444743935,,20.0
vial,1,3_density,8,,64,True,68.62533692722373,,21.0
vial,1,3_density,8,,64,True,74.28571428571429,,22.0
vial,1,3_density,8,,64,True,75.95687331536388,,23.0
vial,1,3_density,8,,64,True,71.10512129380055,,24.0
vial,1,3_density,8,,64,True,72.02156334231805,,25.0
vial,1,3_density,8,,64,True,70.8355795148248,,26.0
vial,1,3_density,8,,64,True,68.89487870619946,,27.0
vial,1,3_density,8,,64,True,67.81671159029649,,28.0
vial,1,3_density,8,,64,True,74.39353099730458,,29.0
vial,2,1_budget100,1,1.0,8,False,78.92183288409704,,
vial,2,1_budget100,2,2.0,35,False,84.6900269541779,,
vial,2,1_budget100,4,4.0,100,True,70.02695417789758,,
vial,2,1_budget100,8,8.0,100,True,77.84366576819407,,
vial,2,1_budget100,16,16.0,100,True,94.33962264150944,,
vial,2,1_budget100,-1,52.0,100,True,93.63881401617252,,
vial,2,2_feasible,1,,4,True,82.58760107816711,4.0,0.0
vial,2,2_feasible,1,,4,True,46.79245283018868,4.0,1.0
vial,2,2_feasible,1,,4,True,80.3234501347709,4.0,2.0
vial,2,2_feasible,1,,4,True,83.18059299191376,4.0,3.0
vial,2,2_feasible,1,,4,True,45.660377358490564,4.0,4.0
vial,2,2_feasible,1,,4,True,48.78706199460917,4.0,5.0
vial,2,2_feasible,1,,4,True,63.34231805929921,4.0,6.0
vial,2,2_feasible,1,,4,True,65.44474393530997,4.0,7.0
vial,2,2_feasible,1,,4,True,70.29649595687331,4.0,8.0
vial,2,2_feasible,1,,4,True,38.11320754716981,4.0,9.0
vial,2,2_feasible,1,,4,True,72.99191374663073,4.0,10.0
vial,2,2_feasible,1,,4,True,77.57412398921832,4.0,11.0
vial,2,2_feasible,1,,4,True,73.69272237196766,4.0,12.0
vial,2,2_feasible,1,,4,True,69.91913746630729,4.0,13.0
vial,2,2_feasible,1,,4,True,47.49326145552561,4.0,14.0
vial,2,2_feasible,1,,4,True,67.49326145552561,4.0,15.0
vial,2,2_feasible,1,,4,True,76.33423180592993,4.0,16.0
vial,2,2_feasible,1,,4,True,83.66576819407008,4.0,17.0
vial,2,2_feasible,1,,4,True,71.21293800539084,4.0,18.0
vial,2,2_feasible,1,,4,True,73.80053908355796,4.0,19.0
vial,2,2_feasible,1,,4,True,65.87601078167116,4.0,20.0
vial,2,2_feasible,1,,4,True,77.95148247978436,4.0,21.0
vial,2,2_feasible,1,,4,True,24.582210242587603,4.0,22.0
vial,2,2_feasible,1,,4,True,77.84366576819407,4.0,23.0
vial,2,2_feasible,1,,4,True,68.62533692722373,4.0,24.0
vial,2,2_feasible,1,,4,True,73.7466307277628,4.0,25.0
vial,2,2_feasible,1,,4,True,78.16711590296497,4.0,26.0
vial,2,2_feasible,1,,4,True,70.67385444743935,4.0,27.0
vial,2,2_feasible,1,,4,True,52.830188679245296,4.0,28.0
vial,2,2_feasible,1,,4,True,30.99730458221024,4.0,29.0
vial,2,2_feasible,2,,4,True,83.01886792452831,4.0,0.0
vial,2,2_feasible,2,,4,True,87.4932614555256,4.0,1.0
vial,2,2_feasible,2,,4,True,78.27493261455525,4.0,2.0
vial,2,2_feasible,2,,4,True,81.18598382749327,4.0,3.0
vial,2,2_feasible,2,,4,True,84.5822102425876,4.0,4.0
vial,2,2_feasible,2,,4,True,83.01886792452832,4.0,5.0
vial,2,2_feasible,2,,4,True,58.81401617250673,4.0,6.0
vial,2,2_feasible,2,,4,True,72.88409703504043,4.0,7.0
vial,2,2_feasible,2,,4,True,80.0,4.0,8.0
vial,2,2_feasible,2,,4,True,83.28840970350404,4.0,9.0
vial,2,2_feasible,2,,4,True,82.31805929919138,4.0,10.0
vial,2,2_feasible,2,,4,True,80.70080862533693,4.0,11.0
vial,2,2_feasible,2,,4,True,80.91644204851751,4.0,12.0
vial,2,2_feasible,2,,4,True,62.26415094339623,4.0,13.0
vial,2,2_feasible,2,,4,True,76.4420485175202,4.0,14.0
vial,2,2_feasible,2,,4,True,69.1644204851752,4.0,15.0
vial,2,2_feasible,2,,4,True,77.68194070080862,4.0,16.0
vial,2,2_feasible,2,,4,True,69.3800539083558,4.0,17.0
vial,2,2_feasible,2,,4,True,83.1266846361186,4.0,18.0
vial,2,2_feasible,2,,4,True,72.722371967655,4.0,19.0
vial,2,2_feasible,2,,4,True,70.02695417789757,4.0,20.0
vial,2,2_feasible,2,,4,True,78.49056603773586,4.0,21.0
vial,2,2_feasible,2,,4,True,71.85983827493261,4.0,22.0
vial,2,2_feasible,2,,4,True,87.54716981132074,4.0,23.0
vial,2,2_feasible,2,,4,True,79.83827493261457,4.0,24.0
vial,2,2_feasible,2,,4,True,75.90296495956873,4.0,25.0
vial,2,2_feasible,2,,4,True,63.39622641509434,4.0,26.0
vial,2,2_feasible,2,,4,True,80.16172506738545,4.0,27.0
vial,2,2_feasible,2,,4,True,60.0,4.0,28.0
vial,2,2_feasible,2,,4,True,74.87870619946092,4.0,29.0
vial,2,2_feasible,4,,4,True,75.04043126684637,4.0,0.0
vial,2,2_feasible,4,,4,True,39.40700808625337,4.0,1.0
vial,2,2_feasible,4,,4,True,75.95687331536388,4.0,2.0
vial,2,2_feasible,4,,4,True,74.60916442048516,4.0,3.0
vial,2,2_feasible,4,,4,True,72.45283018867924,4.0,4.0
vial,2,2_feasible,4,,4,True,78.92183288409704,4.0,5.0
vial,2,2_feasible,4,,4,True,51.42857142857142,4.0,6.0
vial,2,2_feasible,4,,4,True,70.78167115902964,4.0,7.0
vial,2,2_feasible,4,,4,True,89.11051212938006,4.0,8.0
vial,2,2_feasible,4,,4,True,66.84636118598382,4.0,9.0
vial,2,2_feasible,4,,4,True,76.38814016172506,4.0,10.0
vial,2,2_feasible,4,,4,True,74.177897574124,4.0,11.0
vial,2,2_feasible,4,,4,True,69.91913746630728,4.0,12.0
vial,2,2_feasible,4,,4,True,70.08086253369272,4.0,13.0
vial,2,2_feasible,4,,4,True,51.374663072776286,4.0,14.0
vial,2,2_feasible,4,,4,True,69.05660377358491,4.0,15.0
vial,2,2_feasible,4,,4,True,89.91913746630729,4.0,16.0
vial,2,2_feasible,4,,4,True,80.86253369272238,4.0,17.0
vial,2,2_feasible,4,,4,True,67.97843665768193,4.0,18.0
vial,2,2_feasible,4,,4,True,73.20754716981132,4.0,19.0
vial,2,2_feasible,4,,4,True,80.80862533692722,4.0,20.0
vial,2,2_feasible,4,,4,True,71.69811320754717,4.0,21.0
vial,2,2_feasible,4,,4,True,77.78975741239891,4.0,22.0
vial,2,2_feasible,4,,4,True,83.45013477088949,4.0,23.0
vial,2,2_feasible,4,,4,True,30.8355795148248,4.0,24.0
vial,2,2_feasible,4,,4,True,80.0,4.0,25.0
vial,2,2_feasible,4,,4,True,85.0134770889488,4.0,26.0
vial,2,2_feasible,4,,4,True,76.11859838274933,4.0,27.0
vial,2,2_feasible,4,,4,True,79.19137466307278,4.0,28.0
vial,2,2_feasible,4,,4,True,81.99460916442048,4.0,29.0
vial,2,2_feasible,1,,8,True,88.08625336927223,8.0,0.0
vial,2,2_feasible,1,,8,True,68.62533692722373,8.0,1.0
vial,2,2_feasible,1,,8,True,58.059299191374656,8.0,2.0
vial,2,2_feasible,1,,8,True,64.5822102425876,8.0,3.0
vial,2,2_feasible,1,,8,True,78.92183288409704,8.0,4.0
vial,2,2_feasible,1,,8,True,85.44474393530999,8.0,5.0
vial,2,2_feasible,1,,8,True,74.82479784366576,8.0,6.0
vial,2,2_feasible,1,,8,True,76.11859838274933,8.0,7.0
vial,2,2_feasible,1,,8,True,69.2722371967655,8.0,8.0
vial,2,2_feasible,1,,8,True,80.4312668463612,8.0,9.0
vial,2,2_feasible,1,,8,True,78.11320754716981,8.0,10.0
vial,2,2_feasible,1,,8,True,77.03504043126685,8.0,11.0
vial,2,2_feasible,1,,8,True,78.11320754716981,8.0,12.0
vial,2,2_feasible,1,,8,True,72.88409703504043,8.0,13.0
vial,2,2_feasible,1,,8,True,66.3611859838275,8.0,14.0
vial,2,2_feasible,1,,8,True,73.36927223719675,8.0,15.0
vial,2,2_feasible,1,,8,True,41.83288409703504,8.0,16.0
vial,2,2_feasible,1,,8,True,75.3099730458221,8.0,17.0
vial,2,2_feasible,1,,8,True,25.876010781671155,8.0,18.0
vial,2,2_feasible,1,,8,True,65.49865229110512,8.0,19.0
vial,2,2_feasible,1,,8,True,74.77088948787062,8.0,20.0
vial,2,2_feasible,1,,8,True,23.1266846361186,8.0,21.0
vial,2,2_feasible,1,,8,True,72.02156334231805,8.0,22.0
vial,2,2_feasible,1,,8,True,70.67385444743934,8.0,23.0
vial,2,2_feasible,1,,8,True,72.722371967655,8.0,24.0
vial,2,2_feasible,1,,8,True,76.7654986522911,8.0,25.0
vial,2,2_feasible,1,,8,True,74.0700808625337,8.0,26.0
vial,2,2_feasible,1,,8,True,92.77628032345014,8.0,27.0
vial,2,2_feasible,1,,8,True,80.70080862533693,8.0,28.0
vial,2,2_feasible,1,,8,True,73.26145552560648,8.0,29.0
vial,2,2_feasible,2,,8,True,33.80053908355795,8.0,0.0
vial,2,2_feasible,2,,8,True,56.7654986522911,8.0,1.0
vial,2,2_feasible,2,,8,True,64.09703504043127,8.0,2.0
vial,2,2_feasible,2,,8,True,41.40161725067385,8.0,3.0
vial,2,2_feasible,2,,8,True,86.4690026954178,8.0,4.0
vial,2,2_feasible,2,,8,True,82.21024258760109,8.0,5.0
vial,2,2_feasible,2,,8,True,81.13207547169812,8.0,6.0
vial,2,2_feasible,2,,8,True,47.38544474393531,8.0,7.0
vial,2,2_feasible,2,,8,True,82.69541778975741,8.0,8.0
vial,2,2_feasible,2,,8,True,75.68733153638814,8.0,9.0
vial,2,2_feasible,2,,8,True,59.730458221024264,8.0,10.0
vial,2,2_feasible,2,,8,True,87.43935309973045,8.0,11.0
vial,2,2_feasible,2,,8,True,67.06199460916442,8.0,12.0
vial,2,2_feasible,2,,8,True,61.5633423180593,8.0,13.0
vial,2,2_feasible,2,,8,True,75.04043126684637,8.0,14.0
vial,2,2_feasible,2,,8,True,65.33692722371968,8.0,15.0
vial,2,2_feasible,2,,8,True,50.35040431266846,8.0,16.0
vial,2,2_feasible,2,,8,True,61.61725067385445,8.0,17.0
vial,2,2_feasible,2,,8,True,81.40161725067385,8.0,18.0
vial,2,2_feasible,2,,8,True,81.6711590296496,8.0,19.0
vial,2,2_feasible,2,,8,True,83.39622641509433,8.0,20.0
vial,2,2_feasible,2,,8,True,59.40700808625338,8.0,21.0
vial,2,2_feasible,2,,8,True,71.05121293800539,8.0,22.0
vial,2,2_feasible,2,,8,True,62.264150943396224,8.0,23.0
vial,2,2_feasible,2,,8,True,83.07277628032344,8.0,24.0
vial,2,2_feasible,2,,8,True,59.083557951482476,8.0,25.0
vial,2,2_feasible,2,,8,True,35.57951482479784,8.0,26.0
vial,2,2_feasible,2,,8,True,70.9433962264151,8.0,27.0
vial,2,2_feasible,2,,8,True,80.26954177897574,8.0,28.0
vial,2,2_feasible,2,,8,True,77.46630727762803,8.0,29.0
vial,2,2_feasible,4,,8,True,86.1455525606469,8.0,0.0
vial,2,2_feasible,4,,8,True,90.61994609164421,8.0,1.0
vial,2,2_feasible,4,,8,True,68.19407008086253,8.0,2.0
vial,2,2_feasible,4,,8,True,72.722371967655,8.0,3.0
vial,2,2_feasible,4,,8,True,71.1590296495957,8.0,4.0
vial,2,2_feasible,4,,8,True,79.08355795148248,8.0,5.0
vial,2,2_feasible,4,,8,True,69.54177897574124,8.0,6.0
vial,2,2_feasible,4,,8,True,80.3234501347709,8.0,7.0
vial,2,2_feasible,4,,8,True,57.35849056603772,8.0,8.0
vial,2,2_feasible,4,,8,True,37.46630727762803,8.0,9.0
vial,2,2_feasible,4,,8,True,58.2210242587601,8.0,10.0
vial,2,2_feasible,4,,8,True,47.76280323450135,8.0,11.0
vial,2,2_feasible,4,,8,True,72.9380053908356,8.0,12.0
vial,2,2_feasible,4,,8,True,78.70619946091644,8.0,13.0
vial,2,2_feasible,4,,8,True,74.77088948787062,8.0,14.0
vial,2,2_feasible,4,,8,True,79.8921832884097,8.0,15.0
vial,2,2_feasible,4,,8,True,75.84905660377358,8.0,16.0
vial,2,2_feasible,4,,8,True,88.46361185983828,8.0,17.0
vial,2,2_feasible,4,,8,True,80.70080862533693,8.0,18.0
vial,2,2_feasible,4,,8,True,79.40700808625337,8.0,19.0
vial,2,2_feasible,4,,8,True,75.74123989218329,8.0,20.0
vial,2,2_feasible,4,,8,True,76.76549865229111,8.0,21.0
vial,2,2_feasible,4,,8,True,85.12129380053908,8.0,22.0
vial,2,2_feasible,4,,8,True,82.911051212938,8.0,23.0
vial,2,2_feasible,4,,8,True,95.14824797843666,8.0,24.0
vial,2,2_feasible,4,,8,True,75.90296495956873,8.0,25.0
vial,2,2_feasible,4,,8,True,79.24528301886792,8.0,26.0
vial,2,2_feasible,4,,8,True,83.98921832884098,8.0,27.0
vial,2,2_feasible,4,,8,True,89.1644204851752,8.0,28.0
vial,2,2_feasible,4,,8,True,54.01617250673855,8.0,29.0
vial,2,2_feasible,8,,8,True,90.35040431266846,8.0,0.0
vial,2,2_feasible,8,,8,True,82.37196765498652,8.0,1.0
vial,2,2_feasible,8,,8,True,74.93261455525608,8.0,2.0
vial,2,2_feasible,8,,8,True,92.12938005390835,8.0,3.0
vial,2,2_feasible,8,,8,True,88.14016172506737,8.0,4.0
vial,2,2_feasible,8,,8,True,80.48517520215633,8.0,5.0
vial,2,2_feasible,8,,8,True,84.5822102425876,8.0,6.0
vial,2,2_feasible,8,,8,True,80.37735849056602,8.0,7.0
vial,2,2_feasible,8,,8,True,72.3989218328841,8.0,8.0
vial,2,2_feasible,8,,8,True,93.58490566037736,8.0,9.0
vial,2,2_feasible,8,,8,True,58.760107816711596,8.0,10.0
vial,2,2_feasible,8,,8,True,81.02425876010781,8.0,11.0
vial,2,2_feasible,8,,8,True,90.99730458221025,8.0,12.0
vial,2,2_feasible,8,,8,True,83.77358490566039,8.0,13.0
vial,2,2_feasible,8,,8,True,87.97843665768195,8.0,14.0
vial,2,2_feasible,8,,8,True,97.46630727762803,8.0,15.0
vial,2,2_feasible,8,,8,True,85.06738544474393,8.0,16.0
vial,2,2_feasible,8,,8,True,75.25606469002696,8.0,17.0
vial,2,2_feasible,8,,8,True,72.61455525606468,8.0,18.0
vial,2,2_feasible,8,,8,True,80.59299191374663,8.0,19.0
vial,2,2_feasible,8,,8,True,89.1644204851752,8.0,20.0
vial,2,2_feasible,8,,8,True,85.87601078167116,8.0,21.0
vial,2,2_feasible,8,,8,True,83.55795148247978,8.0,22.0
vial,2,2_feasible,8,,8,True,83.39622641509435,8.0,23.0
vial,2,2_feasible,8,,8,True,97.41239892183289,8.0,24.0
vial,2,2_feasible,8,,8,True,81.29380053908358,8.0,25.0
vial,2,2_feasible,8,,8,True,77.57412398921832,8.0,26.0
vial,2,2_feasible,8,,8,True,80.32345013477091,8.0,27.0
vial,2,2_feasible,8,,8,True,87.60107816711592,8.0,28.0
vial,2,2_feasible,8,,8,True,86.46900269541779,8.0,29.0
vial,2,2b_rich_only,1,,4,True,71.91374663072776,4.0,0.0
vial,2,2b_rich_only,1,,4,True,74.12398921832883,4.0,1.0
vial,2,2b_rich_only,1,,4,True,43.77358490566038,4.0,2.0
vial,2,2b_rich_only,1,,4,True,59.730458221024264,4.0,3.0
vial,2,2b_rich_only,1,,4,True,17.681940700808624,4.0,4.0
vial,2,2b_rich_only,1,,4,True,75.04043126684637,4.0,5.0
vial,2,2b_rich_only,1,,4,True,78.70619946091645,4.0,6.0
vial,2,2b_rich_only,1,,4,True,73.31536388140162,4.0,7.0
vial,2,2b_rich_only,1,,4,True,78.6522911051213,4.0,8.0
vial,2,2b_rich_only,1,,4,True,66.52291105121294,4.0,9.0
vial,2,2b_rich_only,1,,4,True,67.38544474393532,4.0,10.0
vial,2,2b_rich_only,1,,4,True,69.91913746630726,4.0,11.0
vial,2,2b_rich_only,1,,4,True,72.18328840970351,4.0,12.0
vial,2,2b_rich_only,1,,4,True,44.52830188679246,4.0,13.0
vial,2,2b_rich_only,1,,4,True,76.8733153638814,4.0,14.0
vial,2,2b_rich_only,1,,4,True,68.46361185983827,4.0,15.0
vial,2,2b_rich_only,1,,4,True,83.34231805929919,4.0,16.0
vial,2,2b_rich_only,1,,4,True,84.7978436657682,4.0,17.0
vial,2,2b_rich_only,1,,4,True,66.1455525606469,4.0,18.0
vial,2,2b_rich_only,1,,4,True,74.44743935309972,4.0,19.0
vial,2,2b_rich_only,1,,4,True,69.0566037735849,4.0,20.0
vial,2,2b_rich_only,1,,4,True,77.89757412398923,4.0,21.0
vial,2,2b_rich_only,1,,4,True,46.36118598382749,4.0,22.0
vial,2,2b_rich_only,1,,4,True,83.50404312668465,4.0,23.0
vial,2,2b_rich_only,1,,4,True,70.29649595687331,4.0,24.0
vial,2,2b_rich_only,1,,4,True,78.59838274932615,4.0,25.0
vial,2,2b_rich_only,1,,4,True,82.15633423180593,4.0,26.0
vial,2,2b_rich_only,1,,4,True,80.53908355795147,4.0,27.0
vial,2,2b_rich_only,1,,4,True,73.26145552560648,4.0,28.0
vial,2,2b_rich_only,1,,4,True,66.3611859838275,4.0,29.0
vial,2,2b_rich_only,2,,4,True,76.92722371967655,4.0,0.0
vial,2,2b_rich_only,2,,4,True,69.59568733153638,4.0,1.0
vial,2,2b_rich_only,2,,4,True,73.09973045822102,4.0,2.0
vial,2,2b_rich_only,2,,4,True,64.42048517520216,4.0,3.0
vial,2,2b_rich_only,2,,4,True,77.25067385444744,4.0,4.0
vial,2,2b_rich_only,2,,4,True,85.17520215633422,4.0,5.0
vial,2,2b_rich_only,2,,4,True,68.14016172506739,4.0,6.0
vial,2,2b_rich_only,2,,4,True,23.234501347708896,4.0,7.0
vial,2,2b_rich_only,2,,4,True,74.39353099730458,4.0,8.0
vial,2,2b_rich_only,2,,4,True,54.33962264150944,4.0,9.0
vial,2,2b_rich_only,2,,4,True,41.77897574123989,4.0,10.0
vial,2,2b_rich_only,2,,4,True,79.56873315363882,4.0,11.0
vial,2,2b_rich_only,2,,4,True,91.37466307277629,4.0,12.0
vial,2,2b_rich_only,2,,4,True,60.43126684636119,4.0,13.0
vial,2,2b_rich_only,2,,4,True,81.45552560646901,4.0,14.0
vial,2,2b_rich_only,2,,4,True,63.07277628032345,4.0,15.0
vial,2,2b_rich_only,2,,4,True,70.24258760107817,4.0,16.0
vial,2,2b_rich_only,2,,4,True,75.90296495956873,4.0,17.0
vial,2,2b_rich_only,2,,4,True,38.76010781671159,4.0,18.0
vial,2,2b_rich_only,2,,4,True,77.08894878706198,4.0,19.0
vial,2,2b_rich_only,2,,4,True,58.6522911051213,4.0,20.0
vial,2,2b_rich_only,2,,4,True,82.21024258760107,4.0,21.0
vial,2,2b_rich_only,2,,4,True,71.75202156334231,4.0,22.0
vial,2,2b_rich_only,2,,4,True,79.19137466307279,4.0,23.0
vial,2,2b_rich_only,2,,4,True,75.09433962264151,4.0,24.0
vial,2,2b_rich_only,2,,4,True,83.88140161725066,4.0,25.0
vial,2,2b_rich_only,2,,4,True,73.15363881401619,4.0,26.0
vial,2,2b_rich_only,2,,4,True,75.95687331536388,4.0,27.0
vial,2,2b_rich_only,2,,4,True,76.11859838274934,4.0,28.0
vial,2,2b_rich_only,2,,4,True,66.46900269541779,4.0,29.0
vial,2,2b_rich_only,4,,4,True,84.7978436657682,4.0,0.0
vial,2,2b_rich_only,4,,4,True,81.88679245283019,4.0,1.0
vial,2,2b_rich_only,4,,4,True,89.86522911051213,4.0,2.0
vial,2,2b_rich_only,4,,4,True,68.46361185983825,4.0,3.0
vial,2,2b_rich_only,4,,4,True,82.15633423180593,4.0,4.0
vial,2,2b_rich_only,4,,4,True,87.60107816711592,4.0,5.0
vial,2,2b_rich_only,4,,4,True,83.34231805929919,4.0,6.0
vial,2,2b_rich_only,4,,4,True,78.11320754716981,4.0,7.0
vial,2,2b_rich_only,4,,4,True,77.89757412398922,4.0,8.0
vial,2,2b_rich_only,4,,4,True,67.97843665768195,4.0,9.0
vial,2,2b_rich_only,4,,4,True,67.27762803234502,4.0,10.0
vial,2,2b_rich_only,4,,4,True,67.6010781671159,4.0,11.0
vial,2,2b_rich_only,4,,4,True,83.39622641509435,4.0,12.0
vial,2,2b_rich_only,4,,4,True,77.088948787062,4.0,13.0
vial,2,2b_rich_only,4,,4,True,81.40161725067385,4.0,14.0
vial,2,2b_rich_only,4,,4,True,76.17250673854447,4.0,15.0
vial,2,2b_rich_only,4,,4,True,89.81132075471699,4.0,16.0
vial,2,2b_rich_only,4,,4,True,82.911051212938,4.0,17.0
vial,2,2b_rich_only,4,,4,True,67.97843665768195,4.0,18.0
vial,2,2b_rich_only,4,,4,True,77.03504043126685,4.0,19.0
vial,2,2b_rich_only,4,,4,True,74.50134770889487,4.0,20.0
vial,2,2b_rich_only,4,,4,True,76.71159029649597,4.0,21.0
vial,2,2b_rich_only,4,,4,True,81.50943396226415,4.0,22.0
vial,2,2b_rich_only,4,,4,True,81.6711590296496,4.0,23.0
vial,2,2b_rich_only,4,,4,True,78.2210242587601,4.0,24.0
vial,2,2b_rich_only,4,,4,True,75.36388140161725,4.0,25.0
vial,2,2b_rich_only,4,,4,True,65.44474393530997,4.0,26.0
vial,2,2b_rich_only,4,,4,True,26.09164420485175,4.0,27.0
vial,2,2b_rich_only,4,,4,True,67.11590296495956,4.0,28.0
vial,2,2b_rich_only,4,,4,True,84.63611859838275,4.0,29.0
vial,2,2b_rich_only,1,,8,True,67.06199460916442,8.0,0.0
vial,2,2b_rich_only,1,,8,True,72.61455525606468,8.0,1.0
vial,2,2b_rich_only,1,,8,True,54.77088948787062,8.0,2.0
vial,2,2b_rich_only,1,,8,True,52.776280323450145,8.0,3.0
vial,2,2b_rich_only,1,,8,True,72.61455525606469,8.0,4.0
vial,2,2b_rich_only,1,,8,True,80.70080862533693,8.0,5.0
vial,2,2b_rich_only,1,,8,True,23.450134770889484,8.0,6.0
vial,2,2b_rich_only,1,,8,True,88.67924528301887,8.0,7.0
vial,2,2b_rich_only,1,,8,True,24.851752021563343,8.0,8.0
vial,2,2b_rich_only,1,,8,True,77.41239892183289,8.0,9.0
vial,2,2b_rich_only,1,,8,True,56.495956873315365,8.0,10.0
vial,2,2b_rich_only,1,,8,True,62.96495956873316,8.0,11.0
vial,2,2b_rich_only,1,,8,True,46.68463611859838,8.0,12.0
vial,2,2b_rich_only,1,,8,True,28.57142857142857,8.0,13.0
vial,2,2b_rich_only,1,,8,True,49.86522911051213,8.0,14.0
vial,2,2b_rich_only,1,,8,True,80.05390835579514,8.0,15.0
vial,2,2b_rich_only,1,,8,True,75.74123989218329,8.0,16.0
vial,2,2b_rich_only,1,,8,True,81.50943396226415,8.0,17.0
vial,2,2b_rich_only,1,,8,True,70.88948787061994,8.0,18.0
vial,2,2b_rich_only,1,,8,True,77.19676549865228,8.0,19.0
vial,2,2b_rich_only,1,,8,True,17.628032345013477,8.0,20.0
vial,2,2b_rich_only,1,,8,True,55.633423180593,8.0,21.0
vial,2,2b_rich_only,1,,8,True,78.16711590296495,8.0,22.0
vial,2,2b_rich_only,1,,8,True,79.51482479784366,8.0,23.0
vial,2,2b_rich_only,1,,8,True,79.6765498652291,8.0,24.0
vial,2,2b_rich_only,1,,8,True,70.5121293800539,8.0,25.0
vial,2,2b_rich_only,1,,8,True,70.8355795148248,8.0,26.0
vial,2,2b_rich_only,1,,8,True,18.59838274932614,8.0,27.0
vial,2,2b_rich_only,1,,8,True,55.25606469002695,8.0,28.0
vial,2,2b_rich_only,1,,8,True,78.92183288409704,8.0,29.0
vial,2,2b_rich_only,2,,8,True,49.64959568733154,8.0,0.0
vial,2,2b_rich_only,2,,8,True,77.84366576819407,8.0,1.0
vial,2,2b_rich_only,2,,8,True,86.19946091644205,8.0,2.0
vial,2,2b_rich_only,2,,8,True,81.5633423180593,8.0,3.0
vial,2,2b_rich_only,2,,8,True,59.83827493261455,8.0,4.0
vial,2,2b_rich_only,2,,8,True,79.94609164420487,8.0,5.0
vial,2,2b_rich_only,2,,8,True,82.53369272237197,8.0,6.0
vial,2,2b_rich_only,2,,8,True,78.11320754716982,8.0,7.0
vial,2,2b_rich_only,2,,8,True,83.88140161725069,8.0,8.0
vial,2,2b_rich_only,2,,8,True,65.17520215633424,8.0,9.0
vial,2,2b_rich_only,2,,8,True,67.6010781671159,8.0,10.0
vial,2,2b_rich_only,2,,8,True,63.01886792452831,8.0,11.0
vial,2,2b_rich_only,2,,8,True,81.40161725067385,8.0,12.0
vial,2,2b_rich_only,2,,8,True,73.04582210242587,8.0,13.0
vial,2,2b_rich_only,2,,8,True,65.71428571428571,8.0,14.0
vial,2,2b_rich_only,2,,8,True,78.22102425876011,8.0,15.0
vial,2,2b_rich_only,2,,8,True,77.68194070080862,8.0,16.0
vial,2,2b_rich_only,2,,8,True,78.27493261455525,8.0,17.0
vial,2,2b_rich_only,2,,8,True,71.59029649595688,8.0,18.0
vial,2,2b_rich_only,2,,8,True,59.946091644204856,8.0,19.0
vial,2,2b_rich_only,2,,8,True,88.73315363881402,8.0,20.0
vial,2,2b_rich_only,2,,8,True,72.77628032345014,8.0,21.0
vial,2,2b_rich_only,2,,8,True,75.95687331536388,8.0,22.0
vial,2,2b_rich_only,2,,8,True,85.12129380053908,8.0,23.0
vial,2,2b_rich_only,2,,8,True,77.78975741239891,8.0,24.0
vial,2,2b_rich_only,2,,8,True,76.06469002695417,8.0,25.0
vial,2,2b_rich_only,2,,8,True,84.6900269541779,8.0,26.0
vial,2,2b_rich_only,2,,8,True,49.3800539083558,8.0,27.0
vial,2,2b_rich_only,2,,8,True,79.24528301886792,8.0,28.0
vial,2,2b_rich_only,2,,8,True,71.75202156334231,8.0,29.0
vial,2,2b_rich_only,4,,8,True,52.075471698113205,8.0,0.0
vial,2,2b_rich_only,4,,8,True,88.51752021563343,8.0,1.0
vial,2,2b_rich_only,4,,8,True,54.339622641509436,8.0,2.0
vial,2,2b_rich_only,4,,8,True,81.99460916442048,8.0,3.0
vial,2,2b_rich_only,4,,8,True,66.19946091644205,8.0,4.0
vial,2,2b_rich_only,4,,8,True,79.24528301886792,8.0,5.0
vial,2,2b_rich_only,4,,8,True,46.522911051212944,8.0,6.0
vial,2,2b_rich_only,4,,8,True,71.21293800539084,8.0,7.0
vial,2,2b_rich_only,4,,8,True,41.40161725067386,8.0,8.0
vial,2,2b_rich_only,4,,8,True,69.7035040431267,8.0,9.0
vial,2,2b_rich_only,4,,8,True,81.02425876010781,8.0,10.0
vial,2,2b_rich_only,4,,8,True,76.92722371967655,8.0,11.0
vial,2,2b_rich_only,4,,8,True,72.45283018867926,8.0,12.0
vial,2,2b_rich_only,4,,8,True,85.28301886792453,8.0,13.0
vial,2,2b_rich_only,4,,8,True,78.65229110512131,8.0,14.0
vial,2,2b_rich_only,4,,8,True,88.14016172506737,8.0,15.0
vial,2,2b_rich_only,4,,8,True,72.61455525606469,8.0,16.0
vial,2,2b_rich_only,4,,8,True,79.19137466307278,8.0,17.0
vial,2,2b_rich_only,4,,8,True,72.722371967655,8.0,18.0
vial,2,2b_rich_only,4,,8,True,78.70619946091645,8.0,19.0
vial,2,2b_rich_only,4,,8,True,62.04851752021564,8.0,20.0
vial,2,2b_rich_only,4,,8,True,73.47708894878706,8.0,21.0
vial,2,2b_rich_only,4,,8,True,94.01617250673854,8.0,22.0
vial,2,2b_rich_only,4,,8,True,65.17520215633424,8.0,23.0
vial,2,2b_rich_only,4,,8,True,80.86253369272237,8.0,24.0
vial,2,2b_rich_only,4,,8,True,87.4932614555256,8.0,25.0
vial,2,2b_rich_only,4,,8,True,81.40161725067387,8.0,26.0
vial,2,2b_rich_only,4,,8,True,35.902964959568735,8.0,27.0
vial,2,2b_rich_only,4,,8,True,89.38005390835579,8.0,28.0
vial,2,2b_rich_only,4,,8,True,79.56873315363882,8.0,29.0
vial,2,2b_rich_only,8,,8,True,81.77897574123989,8.0,0.0
vial,2,2b_rich_only,8,,8,True,88.89487870619946,8.0,1.0
vial,2,2b_rich_only,8,,8,True,86.09164420485176,8.0,2.0
vial,2,2b_rich_only,8,,8,True,76.28032345013477,8.0,3.0
vial,2,2b_rich_only,8,,8,True,76.22641509433961,8.0,4.0
vial,2,2b_rich_only,8,,8,True,61.293800539083556,8.0,5.0
vial,2,2b_rich_only,8,,8,True,78.27493261455525,8.0,6.0
vial,2,2b_rich_only,8,,8,True,84.58221024258759,8.0,7.0
vial,2,2b_rich_only,8,,8,True,72.61455525606469,8.0,8.0
vial,2,2b_rich_only,8,,8,True,80.48517520215633,8.0,9.0
vial,2,2b_rich_only,8,,8,True,84.15094339622642,8.0,10.0
vial,2,2b_rich_only,8,,8,True,72.18328840970352,8.0,11.0
vial,2,2b_rich_only,8,,8,True,82.53369272237197,8.0,12.0
vial,2,2b_rich_only,8,,8,True,74.50134770889488,8.0,13.0
vial,2,2b_rich_only,8,,8,True,81.61725067385444,8.0,14.0
vial,2,2b_rich_only,8,,8,True,82.26415094339623,8.0,15.0
vial,2,2b_rich_only,8,,8,True,88.30188679245285,8.0,16.0
vial,2,2b_rich_only,8,,8,True,82.26415094339623,8.0,17.0
vial,2,2b_rich_only,8,,8,True,72.61455525606469,8.0,18.0
vial,2,2b_rich_only,8,,8,True,80.48517520215633,8.0,19.0
vial,2,2b_rich_only,8,,8,True,81.40161725067387,8.0,20.0
vial,2,2b_rich_only,8,,8,True,73.47708894878706,8.0,21.0
vial,2,2b_rich_only,8,,8,True,77.84366576819407,8.0,22.0
vial,2,2b_rich_only,8,,8,True,48.84097035040431,8.0,23.0
vial,2,2b_rich_only,8,,8,True,80.64690026954177,8.0,24.0
vial,2,2b_rich_only,8,,8,True,76.9811320754717,8.0,25.0
vial,2,2b_rich_only,8,,8,True,89.64959568733154,8.0,26.0
vial,2,2b_rich_only,8,,8,True,61.61725067385445,8.0,27.0
vial,2,2b_rich_only,8,,8,True,95.20215633423182,8.0,28.0
vial,2,2b_rich_only,8,,8,True,74.9865229110512,8.0,29.0
vial,2,3_density,8,,2,True,55.25606469002695,,0.0
vial,2,3_density,8,,2,True,56.71159029649595,,1.0
vial,2,3_density,8,,2,True,77.73584905660378,,2.0
vial,2,3_density,8,,2,True,63.07277628032345,,3.0
vial,2,3_density,8,,2,True,77.03504043126685,,4.0
vial,2,3_density,8,,2,True,51.69811320754716,,5.0
vial,2,3_density,8,,2,True,44.959568733153645,,6.0
vial,2,3_density,8,,2,True,63.39622641509434,,7.0
vial,2,3_density,8,,2,True,58.11320754716981,,8.0
vial,2,3_density,8,,2,True,80.70080862533693,,9.0
vial,2,3_density,8,,2,True,76.49595687331536,,10.0
vial,2,3_density,8,,2,True,52.23719676549865,,11.0
vial,2,3_density,8,,2,True,37.52021563342318,,12.0
vial,2,3_density,8,,2,True,41.23989218328841,,13.0
vial,2,3_density,8,,2,True,57.19676549865229,,14.0
vial,2,3_density,8,,2,True,82.74932614555257,,15.0
vial,2,3_density,8,,2,True,72.93800539083558,,16.0
vial,2,3_density,8,,2,True,71.75202156334231,,17.0
vial,2,3_density,8,,2,True,68.51752021563343,,18.0
vial,2,3_density,8,,2,True,70.67385444743935,,19.0
vial,2,3_density,8,,2,True,53.36927223719676,,20.0
vial,2,3_density,8,,2,True,47.38544474393531,,21.0
vial,2,3_density,8,,2,True,59.784366576819416,,22.0
vial,2,3_density,8,,2,True,65.44474393530997,,23.0
vial,2,3_density,8,,2,True,54.77088948787062,,24.0
vial,2,3_density,8,,2,True,44.366576819407,,25.0
vial,2,3_density,8,,2,True,48.24797843665768,,26.0
vial,2,3_density,8,,2,True,88.67924528301887,,27.0
vial,2,3_density,8,,2,True,54.87870619946092,,28.0
vial,2,3_density,8,,2,True,44.6900269541779,,29.0
vial,2,3_density,8,,4,True,76.33423180592993,,0.0
vial,2,3_density,8,,4,True,52.23719676549865,,1.0
vial,2,3_density,8,,4,True,24.420485175202156,,2.0
vial,2,3_density,8,,4,True,72.34501347708895,,3.0
vial,2,3_density,8,,4,True,44.04312668463612,,4.0
vial,2,3_density,8,,4,True,71.0512129380054,,5.0
vial,2,3_density,8,,4,True,53.63881401617251,,6.0
vial,2,3_density,8,,4,True,50.99730458221025,,7.0
vial,2,3_density,8,,4,True,44.20485175202156,,8.0
vial,2,3_density,8,,4,True,46.3611859838275,,9.0
vial,2,3_density,8,,4,True,41.02425876010782,,10.0
vial,2,3_density,8,,4,True,25.660377358490567,,11.0
vial,2,3_density,8,,4,True,69.54177897574124,,12.0
vial,2,3_density,8,,4,True,58.436657681940694,,13.0
vial,2,3_density,8,,4,True,69.1644204851752,,14.0
vial,2,3_density,8,,4,True,76.4420485175202,,15.0
vial,2,3_density,8,,4,True,39.7843665768194,,16.0
vial,2,3_density,8,,4,True,17.035040431266847,,17.0
vial,2,3_density,8,,4,True,57.68194070080862,,18.0
vial,2,3_density,8,,4,True,73.6388140161725,,19.0
vial,2,3_density,8,,4,True,80.05390835579514,,20.0
vial,2,3_density,8,,4,True,60.21563342318059,,21.0
vial,2,3_density,8,,4,True,42.74932614555256,,22.0
vial,2,3_density,8,,4,True,73.6388140161725,,23.0
vial,2,3_density,8,,4,True,59.083557951482476,,24.0
vial,2,3_density,8,,4,True,35.687331536388136,,25.0
vial,2,3_density,8,,4,True,80.21563342318059,,26.0
vial,2,3_density,8,,4,True,54.55525606469003,,27.0
vial,2,3_density,8,,4,True,76.28032345013477,,28.0
vial,2,3_density,8,,4,True,73.8544474393531,,29.0
vial,2,3_density,8,,8,True,87.16981132075472,,0.0
vial,2,3_density,8,,8,True,80.4312668463612,,1.0
vial,2,3_density,8,,8,True,72.66846361185985,,2.0
vial,2,3_density,8,,8,True,53.9622641509434,,3.0
vial,2,3_density,8,,8,True,49.59568733153639,,4.0
vial,2,3_density,8,,8,True,73.53099730458221,,5.0
vial,2,3_density,8,,8,True,76.17250673854447,,6.0
vial,2,3_density,8,,8,True,56.38814016172506,,7.0
vial,2,3_density,8,,8,True,66.68463611859838,,8.0
vial,2,3_density,8,,8,True,36.06469002695418,,9.0
vial,2,3_density,8,,8,True,75.90296495956873,,10.0
vial,2,3_density,8,,8,True,77.52021563342318,,11.0
vial,2,3_density,8,,8,True,82.31805929919138,,12.0
vial,2,3_density,8,,8,True,70.188679245283,,13.0
vial,2,3_density,8,,8,True,51.967654986522916,,14.0
vial,2,3_density,8,,8,True,77.57412398921834,,15.0
vial,2,3_density,8,,8,True,53.63881401617251,,16.0
vial,2,3_density,8,,8,True,57.897574123989216,,17.0
vial,2,3_density,8,,8,True,68.62533692722373,,18.0
vial,2,3_density,8,,8,True,44.74393530997305,,19.0
vial,2,3_density,8,,8,True,45.17520215633423,,20.0
vial,2,3_density,8,,8,True,49.43396226415094,,21.0
vial,2,3_density,8,,8,True,65.06738544474393,,22.0
vial,2,3_density,8,,8,True,68.19407008086253,,23.0
vial,2,3_density,8,,8,True,84.58221024258759,,24.0
vial,2,3_density,8,,8,True,55.20215633423181,,25.0
vial,2,3_density,8,,8,True,37.681940700808624,,26.0
vial,2,3_density,8,,8,True,65.87601078167116,,27.0
vial,2,3_density,8,,8,True,38.436657681940694,,28.0
vial,2,3_density,8,,8,True,62.85714285714287,,29.0
vial,2,3_density,8,,16,True,66.09164420485175,,0.0
vial,2,3_density,8,,16,True,59.892183288409704,,1.0
vial,2,3_density,8,,16,True,81.02425876010783,,2.0
vial,2,3_density,8,,16,True,59.02964959568733,,3.0
vial,2,3_density,8,,16,True,78.97574123989219,,4.0
vial,2,3_density,8,,16,True,65.60646900269542,,5.0
vial,2,3_density,8,,16,True,71.69811320754718,,6.0
vial,2,3_density,8,,16,True,80.16172506738545,,7.0
vial,2,3_density,8,,16,True,60.91644204851752,,8.0
vial,2,3_density,8,,16,True,61.7789757412399,,9.0
vial,2,3_density,8,,16,True,82.69541778975741,,10.0
vial,2,3_density,8,,16,True,69.00269541778977,,11.0
vial,2,3_density,8,,16,True,52.61455525606469,,12.0
vial,2,3_density,8,,16,True,71.32075471698114,,13.0
vial,2,3_density,8,,16,True,80.32345013477088,,14.0
vial,2,3_density,8,,16,True,62.318059299191376,,15.0
vial,2,3_density,8,,16,True,68.14016172506739,,16.0
vial,2,3_density,8,,16,True,68.08625336927224,,17.0
vial,2,3_density,8,,16,True,94.55525606469003,,18.0
vial,2,3_density,8,,16,True,53.09973045822103,,19.0
vial,2,3_density,8,,16,True,79.94609164420486,,20.0
vial,2,3_density,8,,16,True,48.086253369272235,,21.0
vial,2,3_density,8,,16,True,76.8733153638814,,22.0
vial,2,3_density,8,,16,True,72.50673854447439,,23.0
vial,2,3_density,8,,16,True,61.832884097035034,,24.0
vial,2,3_density,8,,16,True,61.40161725067386,,25.0
vial,2,3_density,8,,16,True,80.05390835579514,,26.0
vial,2,3_density,8,,16,True,56.118598382749326,,27.0
vial,2,3_density,8,,16,True,66.7924528301887,,28.0
vial,2,3_density,8,,16,True,86.57681940700807,,29.0
vial,2,3_density,8,,32,True,69.00269541778977,,0.0
vial,2,3_density,8,,32,True,72.3989218328841,,1.0
vial,2,3_density,8,,32,True,82.85714285714286,,2.0
vial,2,3_density,8,,32,True,75.90296495956875,,3.0
vial,2,3_density,8,,32,True,78.54447439353099,,4.0
vial,2,3_density,8,,32,True,73.09973045822102,,5.0
vial,2,3_density,8,,32,True,71.10512129380054,,6.0
vial,2,3_density,8,,32,True,78.00539083557952,,7.0
vial,2,3_density,8,,32,True,70.08086253369272,,8.0
vial,2,3_density,8,,32,True,78.32884097035041,,9.0
vial,2,3_density,8,,32,True,80.59299191374663,,10.0
vial,2,3_density,8,,32,True,83.18059299191376,,11.0
vial,2,3_density,8,,32,True,83.98921832884096,,12.0
vial,2,3_density,8,,32,True,93.26145552560648,,13.0
vial,2,3_density,8,,32,True,70.56603773584905,,14.0
vial,2,3_density,8,,32,True,86.73854447439354,,15.0
vial,2,3_density,8,,32,True,73.74663072776279,,16.0
vial,2,3_density,8,,32,True,61.99460916442048,,17.0
vial,2,3_density,8,,32,True,81.56334231805931,,18.0
vial,2,3_density,8,,32,True,87.97843665768194,,19.0
vial,2,3_density,8,,32,True,78.4366576819407,,20.0
vial,2,3_density,8,,32,True,81.29380053908356,,21.0
vial,2,3_density,8,,32,True,77.25067385444744,,22.0
vial,2,3_density,8,,32,True,73.9622641509434,,23.0
vial,2,3_density,8,,32,True,96.54986522911052,,24.0
vial,2,3_density,8,,32,True,74.17789757412399,,25.0
vial,2,3_density,8,,32,True,75.41778975741241,,26.0
vial,2,3_density,8,,32,True,68.40970350404312,,27.0
vial,2,3_density,8,,32,True,74.28571428571429,,28.0
vial,2,3_density,8,,32,True,90.88948787061994,,29.0
vial,2,3_density,8,,64,True,84.95956873315365,,0.0
vial,2,3_density,8,,64,True,81.61725067385444,,1.0
vial,2,3_density,8,,64,True,87.60107816711592,,2.0
vial,2,3_density,8,,64,True,93.63881401617252,,3.0
vial,2,3_density,8,,64,True,60.26954177897574,,4.0
vial,2,3_density,8,,64,True,66.52291105121294,,5.0
vial,2,3_density,8,,64,True,76.71159029649596,,6.0
vial,2,3_density,8,,64,True,83.01886792452831,,7.0
vial,2,3_density,8,,64,True,81.56334231805931,,8.0
vial,2,3_density,8,,64,True,85.87601078167117,,9.0
vial,2,3_density,8,,64,True,94.17789757412399,,10.0
vial,2,3_density,8,,64,True,88.19407008086255,,11.0
vial,2,3_density,8,,64,True,83.77358490566037,,12.0
vial,2,3_density,8,,64,True,86.73854447439354,,13.0
vial,2,3_density,8,,64,True,78.22102425876011,,14.0
vial,2,3_density,8,,64,True,81.02425876010781,,15.0
vial,2,3_density,8,,64,True,75.36388140161723,,16.0
vial,2,3_density,8,,64,True,82.21024258760107,,17.0
vial,2,3_density,8,,64,True,81.9946091644205,,18.0
vial,2,3_density,8,,64,True,87.06199460916442,,19.0
vial,2,3_density,8,,64,True,87.92452830188681,,20.0
vial,2,3_density,8,,64,True,85.98382749326146,,21.0
vial,2,3_density,8,,64,True,88.35579514824798,,22.0
vial,2,3_density,8,,64,True,81.83288409703505,,23.0
vial,2,3_density,8,,64,True,79.46091644204851,,24.0
vial,2,3_density,8,,64,True,75.47169811320755,,25.0
vial,2,3_density,8,,64,True,79.02964959568732,,26.0
vial,2,3_density,8,,64,True,85.33692722371967,,27.0
vial,2,3_density,8,,64,True,88.67924528301887,,28.0
vial,2,3_density,8,,64,True,90.7277628032345,,29.0
sheet_metal,0,1_budget100,1,1.0,48,False,74.25925925925925,,
sheet_metal,0,1_budget100,2,2.0,69,False,89.16666666666666,,
sheet_metal,0,1_budget100,4,4.0,100,True,72.87037037037037,,
sheet_metal,0,1_budget100,8,8.0,100,True,86.66666666666667,,
sheet_metal,0,1_budget100,16,16.0,100,True,77.03703703703704,,
sheet_metal,0,1_budget100,-1,45.0,100,True,84.25925925925925,,
sheet_metal,0,2_feasible,1,,4,True,62.4074074074074,4.0,0.0
sheet_metal,0,2_feasible,1,,4,True,72.68518518518519,4.0,1.0
sheet_metal,0,2_feasible,1,,4,True,74.35185185185185,4.0,2.0
sheet_metal,0,2_feasible,1,,4,True,77.77777777777779,4.0,3.0
sheet_metal,0,2_feasible,1,,4,True,76.57407407407408,4.0,4.0
sheet_metal,0,2_feasible,1,,4,True,81.66666666666667,4.0,5.0
sheet_metal,0,2_feasible,1,,4,True,80.46296296296296,4.0,6.0
sheet_metal,0,2_feasible,1,,4,True,61.75925925925926,4.0,7.0
sheet_metal,0,2_feasible,1,,4,True,66.38888888888889,4.0,8.0
sheet_metal,0,2_feasible,1,,4,True,73.51851851851852,4.0,9.0
sheet_metal,0,2_feasible,1,,4,True,70.27777777777777,4.0,10.0
sheet_metal,0,2_feasible,1,,4,True,66.11111111111111,4.0,11.0
sheet_metal,0,2_feasible,1,,4,True,65.92592592592594,4.0,12.0
sheet_metal,0,2_feasible,1,,4,True,59.074074074074076,4.0,13.0
sheet_metal,0,2_feasible,1,,4,True,78.33333333333333,4.0,14.0
sheet_metal,0,2_feasible,1,,4,True,59.72222222222223,4.0,15.0
sheet_metal,0,2_feasible,1,,4,True,68.61111111111111,4.0,16.0
sheet_metal,0,2_feasible,1,,4,True,75.55555555555557,4.0,17.0
sheet_metal,0,2_feasible,1,,4,True,81.48148148148148,4.0,18.0
sheet_metal,0,2_feasible,1,,4,True,65.83333333333333,4.0,19.0
sheet_metal,0,2_feasible,1,,4,True,76.29629629629629,4.0,20.0
sheet_metal,0,2_feasible,1,,4,True,70.18518518518519,4.0,21.0
sheet_metal,0,2_feasible,1,,4,True,74.9074074074074,4.0,22.0
sheet_metal,0,2_feasible,1,,4,True,93.33333333333333,4.0,23.0
sheet_metal,0,2_feasible,1,,4,True,72.68518518518519,4.0,24.0
sheet_metal,0,2_feasible,1,,4,True,62.59259259259259,4.0,25.0
sheet_metal,0,2_feasible,1,,4,True,59.351851851851855,4.0,26.0
sheet_metal,0,2_feasible,1,,4,True,71.11111111111111,4.0,27.0
sheet_metal,0,2_feasible,1,,4,True,75.37037037037038,4.0,28.0
sheet_metal,0,2_feasible,1,,4,True,74.16666666666667,4.0,29.0
sheet_metal,0,2_feasible,2,,4,True,57.407407407407405,4.0,0.0
sheet_metal,0,2_feasible,2,,4,True,80.92592592592592,4.0,1.0
sheet_metal,0,2_feasible,2,,4,True,75.46296296296298,4.0,2.0
sheet_metal,0,2_feasible,2,,4,True,85.64814814814814,4.0,3.0
sheet_metal,0,2_feasible,2,,4,True,76.85185185185185,4.0,4.0
sheet_metal,0,2_feasible,2,,4,True,85.0,4.0,5.0
sheet_metal,0,2_feasible,2,,4,True,80.46296296296298,4.0,6.0
sheet_metal,0,2_feasible,2,,4,True,76.29629629629629,4.0,7.0
sheet_metal,0,2_feasible,2,,4,True,79.25925925925925,4.0,8.0
sheet_metal,0,2_feasible,2,,4,True,79.07407407407408,4.0,9.0
sheet_metal,0,2_feasible,2,,4,True,71.94444444444444,4.0,10.0
sheet_metal,0,2_feasible,2,,4,True,80.46296296296298,4.0,11.0
sheet_metal,0,2_feasible,2,,4,True,72.87037037037037,4.0,12.0
sheet_metal,0,2_feasible,2,,4,True,78.7962962962963,4.0,13.0
sheet_metal,0,2_feasible,2,,4,True,82.87037037037037,4.0,14.0
sheet_metal,0,2_feasible,2,,4,True,63.51851851851852,4.0,15.0
sheet_metal,0,2_feasible,2,,4,True,91.11111111111111,4.0,16.0
sheet_metal,0,2_feasible,2,,4,True,79.62962962962963,4.0,17.0
sheet_metal,0,2_feasible,2,,4,True,80.55555555555556,4.0,18.0
sheet_metal,0,2_feasible,2,,4,True,80.27777777777779,4.0,19.0
sheet_metal,0,2_feasible,2,,4,True,78.70370370370371,4.0,20.0
sheet_metal,0,2_feasible,2,,4,True,71.2037037037037,4.0,21.0
sheet_metal,0,2_feasible,2,,4,True,78.05555555555556,4.0,22.0
sheet_metal,0,2_feasible,2,,4,True,75.74074074074075,4.0,23.0
sheet_metal,0,2_feasible,2,,4,True,75.83333333333334,4.0,24.0
sheet_metal,0,2_feasible,2,,4,True,68.42592592592592,4.0,25.0
sheet_metal,0,2_feasible,2,,4,True,75.64814814814814,4.0,26.0
sheet_metal,0,2_feasible,2,,4,True,77.03703703703704,4.0,27.0
sheet_metal,0,2_feasible,2,,4,True,81.66666666666667,4.0,28.0
sheet_metal,0,2_feasible,2,,4,True,76.85185185185185,4.0,29.0
sheet_metal,0,2_feasible,4,,4,True,83.7037037037037,4.0,0.0
sheet_metal,0,2_feasible,4,,4,True,88.42592592592592,4.0,1.0
sheet_metal,0,2_feasible,4,,4,True,76.57407407407408,4.0,2.0
sheet_metal,0,2_feasible,4,,4,True,80.0,4.0,3.0
sheet_metal,0,2_feasible,4,,4,True,70.92592592592594,4.0,4.0
sheet_metal,0,2_feasible,4,,4,True,80.0925925925926,4.0,5.0
sheet_metal,0,2_feasible,4,,4,True,58.98148148148149,4.0,6.0
sheet_metal,0,2_feasible,4,,4,True,77.31481481481481,4.0,7.0
sheet_metal,0,2_feasible,4,,4,True,70.0,4.0,8.0
sheet_metal,0,2_feasible,4,,4,True,80.18518518518518,4.0,9.0
sheet_metal,0,2_feasible,4,,4,True,76.38888888888889,4.0,10.0
sheet_metal,0,2_feasible,4,,4,True,77.96296296296296,4.0,11.0
sheet_metal,0,2_feasible,4,,4,True,69.53703703703704,4.0,12.0
sheet_metal,0,2_feasible,4,,4,True,86.94444444444443,4.0,13.0
sheet_metal,0,2_feasible,4,,4,True,81.38888888888889,4.0,14.0
sheet_metal,0,2_feasible,4,,4,True,71.38888888888889,4.0,15.0
sheet_metal,0,2_feasible,4,,4,True,90.27777777777779,4.0,16.0
sheet_metal,0,2_feasible,4,,4,True,87.68518518518519,4.0,17.0
sheet_metal,0,2_feasible,4,,4,True,83.24074074074073,4.0,18.0
sheet_metal,0,2_feasible,4,,4,True,90.0,4.0,19.0
sheet_metal,0,2_feasible,4,,4,True,76.29629629629629,4.0,20.0
sheet_metal,0,2_feasible,4,,4,True,90.0,4.0,21.0
sheet_metal,0,2_feasible,4,,4,True,83.61111111111111,4.0,22.0
sheet_metal,0,2_feasible,4,,4,True,77.4074074074074,4.0,23.0
sheet_metal,0,2_feasible,4,,4,True,83.7037037037037,4.0,24.0
sheet_metal,0,2_feasible,4,,4,True,81.94444444444444,4.0,25.0
sheet_metal,0,2_feasible,4,,4,True,85.92592592592592,4.0,26.0
sheet_metal,0,2_feasible,4,,4,True,81.20370370370371,4.0,27.0
sheet_metal,0,2_feasible,4,,4,True,86.20370370370371,4.0,28.0
sheet_metal,0,2_feasible,4,,4,True,80.55555555555556,4.0,29.0
sheet_metal,0,2_feasible,1,,8,True,79.16666666666666,8.0,0.0
sheet_metal,0,2_feasible,1,,8,True,78.51851851851852,8.0,1.0
sheet_metal,0,2_feasible,1,,8,True,77.22222222222223,8.0,2.0
sheet_metal,0,2_feasible,1,,8,True,85.83333333333334,8.0,3.0
sheet_metal,0,2_feasible,1,,8,True,75.74074074074075,8.0,4.0
sheet_metal,0,2_feasible,1,,8,True,81.2962962962963,8.0,5.0
sheet_metal,0,2_feasible,1,,8,True,72.68518518518519,8.0,6.0
sheet_metal,0,2_feasible,1,,8,True,75.0,8.0,7.0
sheet_metal,0,2_feasible,1,,8,True,75.46296296296296,8.0,8.0
sheet_metal,0,2_feasible,1,,8,True,65.27777777777779,8.0,9.0
sheet_metal,0,2_feasible,1,,8,True,76.85185185185185,8.0,10.0
sheet_metal,0,2_feasible,1,,8,True,65.0925925925926,8.0,11.0
sheet_metal,0,2_feasible,1,,8,True,54.629629629629626,8.0,12.0
sheet_metal,0,2_feasible,1,,8,True,65.0925925925926,8.0,13.0
sheet_metal,0,2_feasible,1,,8,True,78.7962962962963,8.0,14.0
sheet_metal,0,2_feasible,1,,8,True,75.37037037037037,8.0,15.0
sheet_metal,0,2_feasible,1,,8,True,73.33333333333334,8.0,16.0
sheet_metal,0,2_feasible,1,,8,True,77.5925925925926,8.0,17.0
sheet_metal,0,2_feasible,1,,8,True,76.94444444444444,8.0,18.0
sheet_metal,0,2_feasible,1,,8,True,72.31481481481482,8.0,19.0
sheet_metal,0,2_feasible,1,,8,True,72.87037037037037,8.0,20.0
sheet_metal,0,2_feasible,1,,8,True,69.62962962962963,8.0,21.0
sheet_metal,0,2_feasible,1,,8,True,72.4074074074074,8.0,22.0
sheet_metal,0,2_feasible,1,,8,True,70.55555555555554,8.0,23.0
sheet_metal,0,2_feasible,1,,8,True,74.9074074074074,8.0,24.0
sheet_metal,0,2_feasible,1,,8,True,57.592592592592595,8.0,25.0
sheet_metal,0,2_feasible,1,,8,True,70.83333333333333,8.0,26.0
sheet_metal,0,2_feasible,1,,8,True,82.5925925925926,8.0,27.0
sheet_metal,0,2_feasible,1,,8,True,73.42592592592592,8.0,28.0
sheet_metal,0,2_feasible,1,,8,True,68.61111111111111,8.0,29.0
sheet_metal,0,2_feasible,2,,8,True,78.14814814814815,8.0,0.0
sheet_metal,0,2_feasible,2,,8,True,78.70370370370371,8.0,1.0
sheet_metal,0,2_feasible,2,,8,True,78.98148148148148,8.0,2.0
sheet_metal,0,2_feasible,2,,8,True,65.37037037037038,8.0,3.0
sheet_metal,0,2_feasible,2,,8,True,78.05555555555556,8.0,4.0
sheet_metal,0,2_feasible,2,,8,True,73.14814814814815,8.0,5.0
sheet_metal,0,2_feasible,2,,8,True,78.88888888888889,8.0,6.0
sheet_metal,0,2_feasible,2,,8,True,75.46296296296295,8.0,7.0
sheet_metal,0,2_feasible,2,,8,True,66.01851851851852,8.0,8.0
sheet_metal,0,2_feasible,2,,8,True,82.77777777777777,8.0,9.0
sheet_metal,0,2_feasible,2,,8,True,75.27777777777777,8.0,10.0
sheet_metal,0,2_feasible,2,,8,True,69.62962962962963,8.0,11.0
sheet_metal,0,2_feasible,2,,8,True,75.18518518518519,8.0,12.0
sheet_metal,0,2_feasible,2,,8,True,76.94444444444444,8.0,13.0
sheet_metal,0,2_feasible,2,,8,True,69.53703703703702,8.0,14.0
sheet_metal,0,2_feasible,2,,8,True,79.72222222222221,8.0,15.0
sheet_metal,0,2_feasible,2,,8,True,80.92592592592592,8.0,16.0
sheet_metal,0,2_feasible,2,,8,True,87.12962962962963,8.0,17.0
sheet_metal,0,2_feasible,2,,8,True,80.92592592592594,8.0,18.0
sheet_metal,0,2_feasible,2,,8,True,76.01851851851852,8.0,19.0
sheet_metal,0,2_feasible,2,,8,True,86.01851851851852,8.0,20.0
sheet_metal,0,2_feasible,2,,8,True,82.4074074074074,8.0,21.0
sheet_metal,0,2_feasible,2,,8,True,74.44444444444446,8.0,22.0
sheet_metal,0,2_feasible,2,,8,True,85.83333333333333,8.0,23.0
sheet_metal,0,2_feasible,2,,8,True,77.87037037037038,8.0,24.0
sheet_metal,0,2_feasible,2,,8,True,77.12962962962962,8.0,25.0
sheet_metal,0,2_feasible,2,,8,True,85.92592592592592,8.0,26.0
sheet_metal,0,2_feasible,2,,8,True,70.0925925925926,8.0,27.0
sheet_metal,0,2_feasible,2,,8,True,69.35185185185185,8.0,28.0
sheet_metal,0,2_feasible,2,,8,True,87.96296296296296,8.0,29.0
sheet_metal,0,2_feasible,4,,8,True,82.5925925925926,8.0,0.0
sheet_metal,0,2_feasible,4,,8,True,76.11111111111111,8.0,1.0
sheet_metal,0,2_feasible,4,,8,True,83.24074074074073,8.0,2.0
sheet_metal,0,2_feasible,4,,8,True,96.48148148148148,8.0,3.0
sheet_metal,0,2_feasible,4,,8,True,81.11111111111111,8.0,4.0
sheet_metal,0,2_feasible,4,,8,True,70.37037037037037,8.0,5.0
sheet_metal,0,2_feasible,4,,8,True,77.87037037037038,8.0,6.0
sheet_metal,0,2_feasible,4,,8,True,84.72222222222221,8.0,7.0
sheet_metal,0,2_feasible,4,,8,True,61.94444444444444,8.0,8.0
sheet_metal,0,2_feasible,4,,8,True,72.59259259259258,8.0,9.0
sheet_metal,0,2_feasible,4,,8,True,84.53703703703704,8.0,10.0
sheet_metal,0,2_feasible,4,,8,True,81.4814814814815,8.0,11.0
sheet_metal,0,2_feasible,4,,8,True,84.81481481481482,8.0,12.0
sheet_metal,0,2_feasible,4,,8,True,76.01851851851852,8.0,13.0
sheet_metal,0,2_feasible,4,,8,True,85.64814814814815,8.0,14.0
sheet_metal,0,2_feasible,4,,8,True,73.98148148148148,8.0,15.0
sheet_metal,0,2_feasible,4,,8,True,80.0925925925926,8.0,16.0
sheet_metal,0,2_feasible,4,,8,True,86.38888888888889,8.0,17.0
sheet_metal,0,2_feasible,4,,8,True,75.1851851851852,8.0,18.0
sheet_metal,0,2_feasible,4,,8,True,76.94444444444444,8.0,19.0
sheet_metal,0,2_feasible,4,,8,True,70.18518518518519,8.0,20.0
sheet_metal,0,2_feasible,4,,8,True,78.24074074074073,8.0,21.0
sheet_metal,0,2_feasible,4,,8,True,82.87037037037037,8.0,22.0
sheet_metal,0,2_feasible,4,,8,True,76.66666666666667,8.0,23.0
sheet_metal,0,2_feasible,4,,8,True,82.5,8.0,24.0
sheet_metal,0,2_feasible,4,,8,True,80.64814814814815,8.0,25.0
sheet_metal,0,2_feasible,4,,8,True,79.44444444444446,8.0,26.0
sheet_metal,0,2_feasible,4,,8,True,82.96296296296296,8.0,27.0
sheet_metal,0,2_feasible,4,,8,True,77.22222222222223,8.0,28.0
sheet_metal,0,2_feasible,4,,8,True,65.92592592592592,8.0,29.0
sheet_metal,0,2_feasible,8,,8,True,75.83333333333333,8.0,0.0
sheet_metal,0,2_feasible,8,,8,True,90.64814814814814,8.0,1.0
sheet_metal,0,2_feasible,8,,8,True,87.68518518518519,8.0,2.0
sheet_metal,0,2_feasible,8,,8,True,86.94444444444444,8.0,3.0
sheet_metal,0,2_feasible,8,,8,True,80.92592592592592,8.0,4.0
sheet_metal,0,2_feasible,8,,8,True,76.57407407407408,8.0,5.0
sheet_metal,0,2_feasible,8,,8,True,58.6111111111111,8.0,6.0
sheet_metal,0,2_feasible,8,,8,True,79.72222222222223,8.0,7.0
sheet_metal,0,2_feasible,8,,8,True,76.94444444444444,8.0,8.0
sheet_metal,0,2_feasible,8,,8,True,89.35185185185186,8.0,9.0
sheet_metal,0,2_feasible,8,,8,True,82.12962962962963,8.0,10.0
sheet_metal,0,2_feasible,8,,8,True,82.87037037037037,8.0,11.0
sheet_metal,0,2_feasible,8,,8,True,92.68518518518519,8.0,12.0
sheet_metal,0,2_feasible,8,,8,True,86.29629629629629,8.0,13.0
sheet_metal,0,2_feasible,8,,8,True,76.29629629629629,8.0,14.0
sheet_metal,0,2_feasible,8,,8,True,91.0185185185185,8.0,15.0
sheet_metal,0,2_feasible,8,,8,True,85.55555555555556,8.0,16.0
sheet_metal,0,2_feasible,8,,8,True,83.42592592592592,8.0,17.0
sheet_metal,0,2_feasible,8,,8,True,83.33333333333334,8.0,18.0
sheet_metal,0,2_feasible,8,,8,True,81.57407407407406,8.0,19.0
sheet_metal,0,2_feasible,8,,8,True,81.75925925925925,8.0,20.0
sheet_metal,0,2_feasible,8,,8,True,80.83333333333333,8.0,21.0
sheet_metal,0,2_feasible,8,,8,True,92.03703703703704,8.0,22.0
sheet_metal,0,2_feasible,8,,8,True,83.6111111111111,8.0,23.0
sheet_metal,0,2_feasible,8,,8,True,88.24074074074075,8.0,24.0
sheet_metal,0,2_feasible,8,,8,True,86.85185185185185,8.0,25.0
sheet_metal,0,2_feasible,8,,8,True,77.12962962962963,8.0,26.0
sheet_metal,0,2_feasible,8,,8,True,87.5925925925926,8.0,27.0
sheet_metal,0,2_feasible,8,,8,True,82.22222222222221,8.0,28.0
sheet_metal,0,2_feasible,8,,8,True,80.37037037037035,8.0,29.0
sheet_metal,0,2b_rich_only,1,,4,True,64.44444444444444,4.0,0.0
sheet_metal,0,2b_rich_only,1,,4,True,79.53703703703704,4.0,1.0
sheet_metal,0,2b_rich_only,1,,4,True,72.68518518518519,4.0,2.0
sheet_metal,0,2b_rich_only,1,,4,True,71.48148148148148,4.0,3.0
sheet_metal,0,2b_rich_only,1,,4,True,76.20370370370371,4.0,4.0
sheet_metal,0,2b_rich_only,1,,4,True,79.53703703703702,4.0,5.0
sheet_metal,0,2b_rich_only,1,,4,True,77.4074074074074,4.0,6.0
sheet_metal,0,2b_rich_only,1,,4,True,72.5,4.0,7.0
sheet_metal,0,2b_rich_only,1,,4,True,60.092592592592595,4.0,8.0
sheet_metal,0,2b_rich_only,1,,4,True,72.59259259259258,4.0,9.0
sheet_metal,0,2b_rich_only,1,,4,True,74.07407407407408,4.0,10.0
sheet_metal,0,2b_rich_only,1,,4,True,76.01851851851852,4.0,11.0
sheet_metal,0,2b_rich_only,1,,4,True,81.29629629629629,4.0,12.0
sheet_metal,0,2b_rich_only,1,,4,True,67.22222222222221,4.0,13.0
sheet_metal,0,2b_rich_only,1,,4,True,66.94444444444444,4.0,14.0
sheet_metal,0,2b_rich_only,1,,4,True,67.31481481481482,4.0,15.0
sheet_metal,0,2b_rich_only,1,,4,True,81.66666666666667,4.0,16.0
sheet_metal,0,2b_rich_only,1,,4,True,75.74074074074075,4.0,17.0
sheet_metal,0,2b_rich_only,1,,4,True,75.64814814814815,4.0,18.0
sheet_metal,0,2b_rich_only,1,,4,True,61.94444444444444,4.0,19.0
sheet_metal,0,2b_rich_only,1,,4,True,78.42592592592592,4.0,20.0
sheet_metal,0,2b_rich_only,1,,4,True,83.88888888888889,4.0,21.0
sheet_metal,0,2b_rich_only,1,,4,True,56.018518518518526,4.0,22.0
sheet_metal,0,2b_rich_only,1,,4,True,75.92592592592592,4.0,23.0
sheet_metal,0,2b_rich_only,1,,4,True,82.22222222222221,4.0,24.0
sheet_metal,0,2b_rich_only,1,,4,True,78.8888888888889,4.0,25.0
sheet_metal,0,2b_rich_only,1,,4,True,78.33333333333333,4.0,26.0
sheet_metal,0,2b_rich_only,1,,4,True,85.09259259259258,4.0,27.0
sheet_metal,0,2b_rich_only,1,,4,True,79.9074074074074,4.0,28.0
sheet_metal,0,2b_rich_only,1,,4,True,70.83333333333334,4.0,29.0
sheet_metal,0,2b_rich_only,2,,4,True,66.94444444444444,4.0,0.0
sheet_metal,0,2b_rich_only,2,,4,True,53.981481481481474,4.0,1.0
sheet_metal,0,2b_rich_only,2,,4,True,81.75925925925927,4.0,2.0
sheet_metal,0,2b_rich_only,2,,4,True,57.03703703703704,4.0,3.0
sheet_metal,0,2b_rich_only,2,,4,True,77.31481481481481,4.0,4.0
sheet_metal,0,2b_rich_only,2,,4,True,79.44444444444444,4.0,5.0
sheet_metal,0,2b_rich_only,2,,4,True,88.98148148148148,4.0,6.0
sheet_metal,0,2b_rich_only,2,,4,True,79.07407407407408,4.0,7.0
sheet_metal,0,2b_rich_only,2,,4,True,66.57407407407408,4.0,8.0
sheet_metal,0,2b_rich_only,2,,4,True,55.0925925925926,4.0,9.0
sheet_metal,0,2b_rich_only,2,,4,True,79.25925925925927,4.0,10.0
sheet_metal,0,2b_rich_only,2,,4,True,81.01851851851852,4.0,11.0
sheet_metal,0,2b_rich_only,2,,4,True,66.2037037037037,4.0,12.0
sheet_metal,0,2b_rich_only,2,,4,True,77.77777777777779,4.0,13.0
sheet_metal,0,2b_rich_only,2,,4,True,84.16666666666666,4.0,14.0
sheet_metal,0,2b_rich_only,2,,4,True,76.94444444444444,4.0,15.0
sheet_metal,0,2b_rich_only,2,,4,True,77.22222222222221,4.0,16.0
sheet_metal,0,2b_rich_only,2,,4,True,67.96296296296296,4.0,17.0
sheet_metal,0,2b_rich_only,2,,4,True,76.66666666666667,4.0,18.0
sheet_metal,0,2b_rich_only,2,,4,True,85.92592592592592,4.0,19.0
sheet_metal,0,2b_rich_only,2,,4,True,75.18518518518518,4.0,20.0
sheet_metal,0,2b_rich_only,2,,4,True,74.9074074074074,4.0,21.0
sheet_metal,0,2b_rich_only,2,,4,True,67.77777777777779,4.0,22.0
sheet_metal,0,2b_rich_only,2,,4,True,83.98148148148148,4.0,23.0
sheet_metal,0,2b_rich_only,2,,4,True,80.55555555555556,4.0,24.0
sheet_metal,0,2b_rich_only,2,,4,True,81.0185185185185,4.0,25.0
sheet_metal,0,2b_rich_only,2,,4,True,72.31481481481481,4.0,26.0
sheet_metal,0,2b_rich_only,2,,4,True,75.27777777777777,4.0,27.0
sheet_metal,0,2b_rich_only,2,,4,True,63.79629629629628,4.0,28.0
sheet_metal,0,2b_rich_only,2,,4,True,67.12962962962963,4.0,29.0
sheet_metal,0,2b_rich_only,4,,4,True,82.4074074074074,4.0,0.0
sheet_metal,0,2b_rich_only,4,,4,True,58.98148148148148,4.0,1.0
sheet_metal,0,2b_rich_only,4,,4,True,78.24074074074075,4.0,2.0
sheet_metal,0,2b_rich_only,4,,4,True,62.22222222222222,4.0,3.0
sheet_metal,0,2b_rich_only,4,,4,True,65.18518518518518,4.0,4.0
sheet_metal,0,2b_rich_only,4,,4,True,78.33333333333331,4.0,5.0
sheet_metal,0,2b_rich_only,4,,4,True,76.66666666666667,4.0,6.0
sheet_metal,0,2b_rich_only,4,,4,True,64.35185185185185,4.0,7.0
sheet_metal,0,2b_rich_only,4,,4,True,64.16666666666667,4.0,8.0
sheet_metal,0,2b_rich_only,4,,4,True,76.29629629629629,4.0,9.0
sheet_metal,0,2b_rich_only,4,,4,True,74.72222222222223,4.0,10.0
sheet_metal,0,2b_rich_only,4,,4,True,76.75925925925927,4.0,11.0
sheet_metal,0,2b_rich_only,4,,4,True,78.7037037037037,4.0,12.0
sheet_metal,0,2b_rich_only,4,,4,True,72.77777777777777,4.0,13.0
sheet_metal,0,2b_rich_only,4,,4,True,74.25925925925925,4.0,14.0
sheet_metal,0,2b_rich_only,4,,4,True,74.44444444444444,4.0,15.0
sheet_metal,0,2b_rich_only,4,,4,True,69.35185185185185,4.0,16.0
sheet_metal,0,2b_rich_only,4,,4,True,81.2037037037037,4.0,17.0
sheet_metal,0,2b_rich_only,4,,4,True,78.70370370370371,4.0,18.0
sheet_metal,0,2b_rich_only,4,,4,True,83.33333333333333,4.0,19.0
sheet_metal,0,2b_rich_only,4,,4,True,76.85185185185185,4.0,20.0
sheet_metal,0,2b_rich_only,4,,4,True,73.42592592592592,4.0,21.0
sheet_metal,0,2b_rich_only,4,,4,True,80.55555555555556,4.0,22.0
sheet_metal,0,2b_rich_only,4,,4,True,83.05555555555554,4.0,23.0
sheet_metal,0,2b_rich_only,4,,4,True,72.77777777777777,4.0,24.0
sheet_metal,0,2b_rich_only,4,,4,True,76.75925925925927,4.0,25.0
sheet_metal,0,2b_rich_only,4,,4,True,77.96296296296296,4.0,26.0
sheet_metal,0,2b_rich_only,4,,4,True,77.77777777777779,4.0,27.0
sheet_metal,0,2b_rich_only,4,,4,True,73.51851851851852,4.0,28.0
sheet_metal,0,2b_rich_only,4,,4,True,85.64814814814814,4.0,29.0
sheet_metal,0,2b_rich_only,1,,8,True,79.07407407407408,8.0,0.0
sheet_metal,0,2b_rich_only,1,,8,True,79.25925925925927,8.0,1.0
sheet_metal,0,2b_rich_only,1,,8,True,77.87037037037037,8.0,2.0
sheet_metal,0,2b_rich_only,1,,8,True,62.4074074074074,8.0,3.0
sheet_metal,0,2b_rich_only,1,,8,True,75.64814814814815,8.0,4.0
sheet_metal,0,2b_rich_only,1,,8,True,74.62962962962963,8.0,5.0
sheet_metal,0,2b_rich_only,1,,8,True,75.0,8.0,6.0
sheet_metal,0,2b_rich_only,1,,8,True,78.88888888888889,8.0,7.0
sheet_metal,0,2b_rich_only,1,,8,True,63.05555555555556,8.0,8.0
sheet_metal,0,2b_rich_only,1,,8,True,77.68518518518518,8.0,9.0
sheet_metal,0,2b_rich_only,1,,8,True,62.037037037037024,8.0,10.0
sheet_metal,0,2b_rich_only,1,,8,True,72.4074074074074,8.0,11.0
sheet_metal,0,2b_rich_only,1,,8,True,62.77777777777778,8.0,12.0
sheet_metal,0,2b_rich_only,1,,8,True,59.44444444444444,8.0,13.0
sheet_metal,0,2b_rich_only,1,,8,True,75.37037037037038,8.0,14.0
sheet_metal,0,2b_rich_only,1,,8,True,72.96296296296296,8.0,15.0
sheet_metal,0,2b_rich_only,1,,8,True,85.18518518518519,8.0,16.0
sheet_metal,0,2b_rich_only,1,,8,True,76.20370370370371,8.0,17.0
sheet_metal,0,2b_rich_only,1,,8,True,71.11111111111111,8.0,18.0
sheet_metal,0,2b_rich_only,1,,8,True,70.27777777777777,8.0,19.0
sheet_metal,0,2b_rich_only,1,,8,True,65.0,8.0,20.0
sheet_metal,0,2b_rich_only,1,,8,True,73.51851851851852,8.0,21.0
sheet_metal,0,2b_rich_only,1,,8,True,80.0925925925926,8.0,22.0
sheet_metal,0,2b_rich_only,1,,8,True,92.4074074074074,8.0,23.0
sheet_metal,0,2b_rich_only,1,,8,True,62.685185185185176,8.0,24.0
sheet_metal,0,2b_rich_only,1,,8,True,76.29629629629629,8.0,25.0
sheet_metal,0,2b_rich_only,1,,8,True,62.77777777777778,8.0,26.0
sheet_metal,0,2b_rich_only,1,,8,True,76.29629629629629,8.0,27.0
sheet_metal,0,2b_rich_only,1,,8,True,75.18518518518519,8.0,28.0
sheet_metal,0,2b_rich_only,1,,8,True,66.66666666666666,8.0,29.0
sheet_metal,0,2b_rich_only,2,,8,True,89.35185185185185,8.0,0.0
sheet_metal,0,2b_rich_only,2,,8,True,81.29629629629629,8.0,1.0
sheet_metal,0,2b_rich_only,2,,8,True,80.92592592592594,8.0,2.0
sheet_metal,0,2b_rich_only,2,,8,True,75.46296296296296,8.0,3.0
sheet_metal,0,2b_rich_only,2,,8,True,75.18518518518519,8.0,4.0
sheet_metal,0,2b_rich_only,2,,8,True,80.27777777777779,8.0,5.0
sheet_metal,0,2b_rich_only,2,,8,True,79.62962962962963,8.0,6.0
sheet_metal,0,2b_rich_only,2,,8,True,64.16666666666666,8.0,7.0
sheet_metal,0,2b_rich_only,2,,8,True,78.88888888888889,8.0,8.0
sheet_metal,0,2b_rich_only,2,,8,True,79.72222222222223,8.0,9.0
sheet_metal,0,2b_rich_only,2,,8,True,78.51851851851852,8.0,10.0
sheet_metal,0,2b_rich_only,2,,8,True,77.5,8.0,11.0
sheet_metal,0,2b_rich_only,2,,8,True,80.64814814814815,8.0,12.0
sheet_metal,0,2b_rich_only,2,,8,True,76.94444444444444,8.0,13.0
sheet_metal,0,2b_rich_only,2,,8,True,73.88888888888889,8.0,14.0
sheet_metal,0,2b_rich_only,2,,8,True,81.85185185185186,8.0,15.0
sheet_metal,0,2b_rich_only,2,,8,True,78.98148148148148,8.0,16.0
sheet_metal,0,2b_rich_only,2,,8,True,83.05555555555554,8.0,17.0
sheet_metal,0,2b_rich_only,2,,8,True,85.64814814814814,8.0,18.0
sheet_metal,0,2b_rich_only,2,,8,True,87.87037037037037,8.0,19.0
sheet_metal,0,2b_rich_only,2,,8,True,80.64814814814815,8.0,20.0
sheet_metal,0,2b_rich_only,2,,8,True,77.77777777777777,8.0,21.0
sheet_metal,0,2b_rich_only,2,,8,True,86.4814814814815,8.0,22.0
sheet_metal,0,2b_rich_only,2,,8,True,78.70370370370371,8.0,23.0
sheet_metal,0,2b_rich_only,2,,8,True,81.57407407407408,8.0,24.0
sheet_metal,0,2b_rich_only,2,,8,True,72.22222222222223,8.0,25.0
sheet_metal,0,2b_rich_only,2,,8,True,76.29629629629629,8.0,26.0
sheet_metal,0,2b_rich_only,2,,8,True,80.0,8.0,27.0
sheet_metal,0,2b_rich_only,2,,8,True,90.37037037037038,8.0,28.0
sheet_metal,0,2b_rich_only,2,,8,True,84.9074074074074,8.0,29.0
sheet_metal,0,2b_rich_only,4,,8,True,81.38888888888889,8.0,0.0
sheet_metal,0,2b_rich_only,4,,8,True,75.27777777777777,8.0,1.0
sheet_metal,0,2b_rich_only,4,,8,True,89.72222222222223,8.0,2.0
sheet_metal,0,2b_rich_only,4,,8,True,77.03703703703702,8.0,3.0
sheet_metal,0,2b_rich_only,4,,8,True,81.85185185185186,8.0,4.0
sheet_metal,0,2b_rich_only,4,,8,True,84.35185185185185,8.0,5.0
sheet_metal,0,2b_rich_only,4,,8,True,70.0,8.0,6.0
sheet_metal,0,2b_rich_only,4,,8,True,82.03703703703704,8.0,7.0
sheet_metal,0,2b_rich_only,4,,8,True,84.35185185185186,8.0,8.0
sheet_metal,0,2b_rich_only,4,,8,True,80.92592592592592,8.0,9.0
sheet_metal,0,2b_rich_only,4,,8,True,82.22222222222221,8.0,10.0
sheet_metal,0,2b_rich_only,4,,8,True,75.37037037037038,8.0,11.0
sheet_metal,0,2b_rich_only,4,,8,True,75.18518518518519,8.0,12.0
sheet_metal,0,2b_rich_only,4,,8,True,81.85185185185185,8.0,13.0
sheet_metal,0,2b_rich_only,4,,8,True,84.07407407407408,8.0,14.0
sheet_metal,0,2b_rich_only,4,,8,True,73.24074074074073,8.0,15.0
sheet_metal,0,2b_rich_only,4,,8,True,77.96296296296296,8.0,16.0
sheet_metal,0,2b_rich_only,4,,8,True,73.79629629629629,8.0,17.0
sheet_metal,0,2b_rich_only,4,,8,True,80.74074074074073,8.0,18.0
sheet_metal,0,2b_rich_only,4,,8,True,79.25925925925925,8.0,19.0
sheet_metal,0,2b_rich_only,4,,8,True,82.5925925925926,8.0,20.0
sheet_metal,0,2b_rich_only,4,,8,True,83.88888888888889,8.0,21.0
sheet_metal,0,2b_rich_only,4,,8,True,61.481481481481495,8.0,22.0
sheet_metal,0,2b_rich_only,4,,8,True,79.44444444444446,8.0,23.0
sheet_metal,0,2b_rich_only,4,,8,True,75.18518518518519,8.0,24.0
sheet_metal,0,2b_rich_only,4,,8,True,84.44444444444444,8.0,25.0
sheet_metal,0,2b_rich_only,4,,8,True,70.74074074074073,8.0,26.0
sheet_metal,0,2b_rich_only,4,,8,True,91.2962962962963,8.0,27.0
sheet_metal,0,2b_rich_only,4,,8,True,79.53703703703704,8.0,28.0
sheet_metal,0,2b_rich_only,4,,8,True,69.72222222222223,8.0,29.0
sheet_metal,0,2b_rich_only,8,,8,True,71.2037037037037,8.0,0.0
sheet_metal,0,2b_rich_only,8,,8,True,83.51851851851852,8.0,1.0
sheet_metal,0,2b_rich_only,8,,8,True,84.07407407407408,8.0,2.0
sheet_metal,0,2b_rich_only,8,,8,True,80.0925925925926,8.0,3.0
sheet_metal,0,2b_rich_only,8,,8,True,80.92592592592592,8.0,4.0
sheet_metal,0,2b_rich_only,8,,8,True,88.61111111111111,8.0,5.0
sheet_metal,0,2b_rich_only,8,,8,True,67.77777777777779,8.0,6.0
sheet_metal,0,2b_rich_only,8,,8,True,81.94444444444444,8.0,7.0
sheet_metal,0,2b_rich_only,8,,8,True,87.12962962962963,8.0,8.0
sheet_metal,0,2b_rich_only,8,,8,True,82.68518518518519,8.0,9.0
sheet_metal,0,2b_rich_only,8,,8,True,75.46296296296296,8.0,10.0
sheet_metal,0,2b_rich_only,8,,8,True,78.88888888888889,8.0,11.0
sheet_metal,0,2b_rich_only,8,,8,True,74.07407407407408,8.0,12.0
sheet_metal,0,2b_rich_only,8,,8,True,82.03703703703702,8.0,13.0
sheet_metal,0,2b_rich_only,8,,8,True,81.75925925925927,8.0,14.0
sheet_metal,0,2b_rich_only,8,,8,True,79.53703703703702,8.0,15.0
sheet_metal,0,2b_rich_only,8,,8,True,76.94444444444444,8.0,16.0
sheet_metal,0,2b_rich_only,8,,8,True,79.44444444444446,8.0,17.0
sheet_metal,0,2b_rich_only,8,,8,True,75.74074074074075,8.0,18.0
sheet_metal,0,2b_rich_only,8,,8,True,79.81481481481481,8.0,19.0
sheet_metal,0,2b_rich_only,8,,8,True,82.49999999999999,8.0,20.0
sheet_metal,0,2b_rich_only,8,,8,True,86.85185185185185,8.0,21.0
sheet_metal,0,2b_rich_only,8,,8,True,79.72222222222223,8.0,22.0
sheet_metal,0,2b_rich_only,8,,8,True,78.14814814814814,8.0,23.0
sheet_metal,0,2b_rich_only,8,,8,True,85.92592592592592,8.0,24.0
sheet_metal,0,2b_rich_only,8,,8,True,85.55555555555556,8.0,25.0
sheet_metal,0,2b_rich_only,8,,8,True,81.57407407407408,8.0,26.0
sheet_metal,0,2b_rich_only,8,,8,True,80.0,8.0,27.0
sheet_metal,0,2b_rich_only,8,,8,True,81.38888888888889,8.0,28.0
sheet_metal,0,2b_rich_only,8,,8,True,86.94444444444444,8.0,29.0
sheet_metal,0,3_density,8,,2,True,59.166666666666664,,0.0
sheet_metal,0,3_density,8,,2,True,75.64814814814815,,1.0
sheet_metal,0,3_density,8,,2,True,62.5,,2.0
sheet_metal,0,3_density,8,,2,True,72.31481481481482,,3.0
sheet_metal,0,3_density,8,,2,True,62.870370370370374,,4.0
sheet_metal,0,3_density,8,,2,True,58.7037037037037,,5.0
sheet_metal,0,3_density,8,,2,True,61.203703703703695,,6.0
sheet_metal,0,3_density,8,,2,True,70.64814814814815,,7.0
sheet_metal,0,3_density,8,,2,True,84.16666666666667,,8.0
sheet_metal,0,3_density,8,,2,True,80.0925925925926,,9.0
sheet_metal,0,3_density,8,,2,True,62.03703703703704,,10.0
sheet_metal,0,3_density,8,,2,True,64.16666666666666,,11.0
sheet_metal,0,3_density,8,,2,True,58.7037037037037,,12.0
sheet_metal,0,3_density,8,,2,True,77.5,,13.0
sheet_metal,0,3_density,8,,2,True,79.25925925925927,,14.0
sheet_metal,0,3_density,8,,2,True,77.4074074074074,,15.0
sheet_metal,0,3_density,8,,2,True,55.648148148148145,,16.0
sheet_metal,0,3_density,8,,2,True,76.75925925925927,,17.0
sheet_metal,0,3_density,8,,2,True,86.4814814814815,,18.0
sheet_metal,0,3_density,8,,2,True,59.44444444444444,,19.0
sheet_metal,0,3_density,8,,2,True,50.83333333333333,,20.0
sheet_metal,0,3_density,8,,2,True,88.14814814814814,,21.0
sheet_metal,0,3_density,8,,2,True,85.0925925925926,,22.0
sheet_metal,0,3_density,8,,2,True,58.88888888888888,,23.0
sheet_metal,0,3_density,8,,2,True,81.66666666666667,,24.0
sheet_metal,0,3_density,8,,2,True,76.29629629629629,,25.0
sheet_metal,0,3_density,8,,2,True,51.85185185185185,,26.0
sheet_metal,0,3_density,8,,2,True,76.66666666666667,,27.0
sheet_metal,0,3_density,8,,2,True,77.03703703703704,,28.0
sheet_metal,0,3_density,8,,2,True,64.35185185185185,,29.0
sheet_metal,0,3_density,8,,4,True,71.01851851851852,,0.0
sheet_metal,0,3_density,8,,4,True,76.20370370370371,,1.0
sheet_metal,0,3_density,8,,4,True,66.48148148148148,,2.0
sheet_metal,0,3_density,8,,4,True,74.62962962962963,,3.0
sheet_metal,0,3_density,8,,4,True,75.92592592592592,,4.0
sheet_metal,0,3_density,8,,4,True,68.9814814814815,,5.0
sheet_metal,0,3_density,8,,4,True,72.31481481481481,,6.0
sheet_metal,0,3_density,8,,4,True,87.5925925925926,,7.0
sheet_metal,0,3_density,8,,4,True,77.96296296296296,,8.0
sheet_metal,0,3_density,8,,4,True,85.64814814814815,,9.0
sheet_metal,0,3_density,8,,4,True,71.85185185185185,,10.0
sheet_metal,0,3_density,8,,4,True,52.96296296296297,,11.0
sheet_metal,0,3_density,8,,4,True,67.31481481481481,,12.0
sheet_metal,0,3_density,8,,4,True,84.72222222222221,,13.0
sheet_metal,0,3_density,8,,4,True,80.37037037037037,,14.0
sheet_metal,0,3_density,8,,4,True,67.87037037037038,,15.0
sheet_metal,0,3_density,8,,4,True,56.94444444444444,,16.0
sheet_metal,0,3_density,8,,4,True,72.68518518518519,,17.0
sheet_metal,0,3_density,8,,4,True,63.70370370370371,,18.0
sheet_metal,0,3_density,8,,4,True,57.03703703703703,,19.0
sheet_metal,0,3_density,8,,4,True,73.42592592592592,,20.0
sheet_metal,0,3_density,8,,4,True,81.57407407407408,,21.0
sheet_metal,0,3_density,8,,4,True,68.42592592592592,,22.0
sheet_metal,0,3_density,8,,4,True,69.35185185185185,,23.0
sheet_metal,0,3_density,8,,4,True,63.98148148148148,,24.0
sheet_metal,0,3_density,8,,4,True,74.25925925925925,,25.0
sheet_metal,0,3_density,8,,4,True,65.46296296296296,,26.0
sheet_metal,0,3_density,8,,4,True,88.33333333333334,,27.0
sheet_metal,0,3_density,8,,4,True,73.88888888888889,,28.0
sheet_metal,0,3_density,8,,4,True,71.94444444444444,,29.0
sheet_metal,0,3_density,8,,8,True,76.38888888888889,,0.0
sheet_metal,0,3_density,8,,8,True,79.16666666666666,,1.0
sheet_metal,0,3_density,8,,8,True,78.7962962962963,,2.0
sheet_metal,0,3_density,8,,8,True,55.46296296296296,,3.0
sheet_metal,0,3_density,8,,8,True,72.5,,4.0
sheet_metal,0,3_density,8,,8,True,75.27777777777777,,5.0
sheet_metal,0,3_density,8,,8,True,73.51851851851853,,6.0
sheet_metal,0,3_density,8,,8,True,70.74074074074075,,7.0
sheet_metal,0,3_density,8,,8,True,83.24074074074075,,8.0
sheet_metal,0,3_density,8,,8,True,68.05555555555554,,9.0
sheet_metal,0,3_density,8,,8,True,63.7962962962963,,10.0
sheet_metal,0,3_density,8,,8,True,72.68518518518519,,11.0
sheet_metal,0,3_density,8,,8,True,78.98148148148148,,12.0
sheet_metal,0,3_density,8,,8,True,62.5,,13.0
sheet_metal,0,3_density,8,,8,True,80.83333333333333,,14.0
sheet_metal,0,3_density,8,,8,True,72.77777777777779,,15.0
sheet_metal,0,3_density,8,,8,True,77.12962962962963,,16.0
sheet_metal,0,3_density,8,,8,True,78.7962962962963,,17.0
sheet_metal,0,3_density,8,,8,True,76.85185185185185,,18.0
sheet_metal,0,3_density,8,,8,True,80.0925925925926,,19.0
sheet_metal,0,3_density,8,,8,True,80.83333333333333,,20.0
sheet_metal,0,3_density,8,,8,True,65.92592592592592,,21.0
sheet_metal,0,3_density,8,,8,True,70.18518518518519,,22.0
sheet_metal,0,3_density,8,,8,True,86.57407407407408,,23.0
sheet_metal,0,3_density,8,,8,True,71.01851851851852,,24.0
sheet_metal,0,3_density,8,,8,True,66.01851851851852,,25.0
sheet_metal,0,3_density,8,,8,True,81.01851851851852,,26.0
sheet_metal,0,3_density,8,,8,True,80.55555555555554,,27.0
sheet_metal,0,3_density,8,,8,True,76.94444444444444,,28.0
sheet_metal,0,3_density,8,,8,True,62.03703703703704,,29.0
sheet_metal,0,3_density,8,,16,True,75.92592592592592,,0.0
sheet_metal,0,3_density,8,,16,True,76.94444444444444,,1.0
sheet_metal,0,3_density,8,,16,True,77.5,,2.0
sheet_metal,0,3_density,8,,16,True,80.0925925925926,,3.0
sheet_metal,0,3_density,8,,16,True,78.24074074074075,,4.0
sheet_metal,0,3_density,8,,16,True,80.83333333333333,,5.0
sheet_metal,0,3_density,8,,16,True,75.0925925925926,,6.0
sheet_metal,0,3_density,8,,16,True,74.16666666666667,,7.0
sheet_metal,0,3_density,8,,16,True,73.79629629629629,,8.0
sheet_metal,0,3_density,8,,16,True,76.75925925925927,,9.0
sheet_metal,0,3_density,8,,16,True,72.50000000000001,,10.0
sheet_metal,0,3_density,8,,16,True,80.55555555555556,,11.0
sheet_metal,0,3_density,8,,16,True,75.64814814814815,,12.0
sheet_metal,0,3_density,8,,16,True,73.24074074074073,,13.0
sheet_metal,0,3_density,8,,16,True,76.75925925925927,,14.0
sheet_metal,0,3_density,8,,16,True,71.66666666666666,,15.0
sheet_metal,0,3_density,8,,16,True,76.75925925925927,,16.0
sheet_metal,0,3_density,8,,16,True,76.66666666666666,,17.0
sheet_metal,0,3_density,8,,16,True,74.72222222222223,,18.0
sheet_metal,0,3_density,8,,16,True,80.83333333333333,,19.0
sheet_metal,0,3_density,8,,16,True,76.75925925925925,,20.0
sheet_metal,0,3_density,8,,16,True,75.46296296296296,,21.0
sheet_metal,0,3_density,8,,16,True,79.07407407407408,,22.0
sheet_metal,0,3_density,8,,16,True,76.66666666666666,,23.0
sheet_metal,0,3_density,8,,16,True,73.33333333333334,,24.0
sheet_metal,0,3_density,8,,16,True,77.03703703703705,,25.0
sheet_metal,0,3_density,8,,16,True,76.75925925925927,,26.0
sheet_metal,0,3_density,8,,16,True,82.4074074074074,,27.0
sheet_metal,0,3_density,8,,16,True,71.66666666666667,,28.0
sheet_metal,0,3_density,8,,16,True,82.5,,29.0
sheet_metal,0,3_density,8,,32,True,77.31481481481481,,0.0
sheet_metal,0,3_density,8,,32,True,79.72222222222221,,1.0
sheet_metal,0,3_density,8,,32,True,76.57407407407408,,2.0
sheet_metal,0,3_density,8,,32,True,82.77777777777777,,3.0
sheet_metal,0,3_density,8,,32,True,78.24074074074075,,4.0
sheet_metal,0,3_density,8,,32,True,77.12962962962962,,5.0
sheet_metal,0,3_density,8,,32,True,74.9074074074074,,6.0
sheet_metal,0,3_density,8,,32,True,77.22222222222223,,7.0
sheet_metal,0,3_density,8,,32,True,79.44444444444446,,8.0
sheet_metal,0,3_density,8,,32,True,83.98148148148148,,9.0
sheet_metal,0,3_density,8,,32,True,82.22222222222221,,10.0
sheet_metal,0,3_density,8,,32,True,78.5185185185185,,11.0
sheet_metal,0,3_density,8,,32,True,79.07407407407408,,12.0
sheet_metal,0,3_density,8,,32,True,73.98148148148148,,13.0
sheet_metal,0,3_density,8,,32,True,76.66666666666667,,14.0
sheet_metal,0,3_density,8,,32,True,74.07407407407408,,15.0
sheet_metal,0,3_density,8,,32,True,78.51851851851852,,16.0
sheet_metal,0,3_density,8,,32,True,74.9074074074074,,17.0
sheet_metal,0,3_density,8,,32,True,75.83333333333333,,18.0
sheet_metal,0,3_density,8,,32,True,73.70370370370371,,19.0
sheet_metal,0,3_density,8,,32,True,77.87037037037037,,20.0
sheet_metal,0,3_density,8,,32,True,76.11111111111111,,21.0
sheet_metal,0,3_density,8,,32,True,82.68518518518519,,22.0
sheet_metal,0,3_density,8,,32,True,78.14814814814814,,23.0
sheet_metal,0,3_density,8,,32,True,74.62962962962962,,24.0
sheet_metal,0,3_density,8,,32,True,78.98148148148148,,25.0
sheet_metal,0,3_density,8,,32,True,84.9074074074074,,26.0
sheet_metal,0,3_density,8,,32,True,80.27777777777777,,27.0
sheet_metal,0,3_density,8,,32,True,71.94444444444444,,28.0
sheet_metal,0,3_density,8,,32,True,79.07407407407408,,29.0
sheet_metal,0,3_density,8,,64,True,79.07407407407408,,0.0
sheet_metal,0,3_density,8,,64,True,77.31481481481481,,1.0
sheet_metal,0,3_density,8,,64,True,79.53703703703704,,2.0
sheet_metal,0,3_density,8,,64,True,78.14814814814814,,3.0
sheet_metal,0,3_density,8,,64,True,79.16666666666666,,4.0
sheet_metal,0,3_density,8,,64,True,78.42592592592592,,5.0
sheet_metal,0,3_density,8,,64,True,78.42592592592592,,6.0
sheet_metal,0,3_density,8,,64,True,78.42592592592592,,7.0
sheet_metal,0,3_density,8,,64,True,75.92592592592592,,8.0
sheet_metal,0,3_density,8,,64,True,80.0,,9.0
sheet_metal,0,3_density,8,,64,True,78.7962962962963,,10.0
sheet_metal,0,3_density,8,,64,True,78.70370370370371,,11.0
sheet_metal,0,3_density,8,,64,True,79.07407407407408,,12.0
sheet_metal,0,3_density,8,,64,True,77.87037037037035,,13.0
sheet_metal,0,3_density,8,,64,True,75.0925925925926,,14.0
sheet_metal,0,3_density,8,,64,True,82.5925925925926,,15.0
sheet_metal,0,3_density,8,,64,True,80.37037037037037,,16.0
sheet_metal,0,3_density,8,,64,True,78.88888888888889,,17.0
sheet_metal,0,3_density,8,,64,True,78.7037037037037,,18.0
sheet_metal,0,3_density,8,,64,True,77.22222222222223,,19.0
sheet_metal,0,3_density,8,,64,True,78.5185185185185,,20.0
sheet_metal,0,3_density,8,,64,True,77.12962962962963,,21.0
sheet_metal,0,3_density,8,,64,True,78.7962962962963,,22.0
sheet_metal,0,3_density,8,,64,True,77.87037037037038,,23.0
sheet_metal,0,3_density,8,,64,True,77.22222222222221,,24.0
sheet_metal,0,3_density,8,,64,True,78.42592592592592,,25.0
sheet_metal,0,3_density,8,,64,True,78.70370370370371,,26.0
sheet_metal,0,3_density,8,,64,True,77.96296296296296,,27.0
sheet_metal,0,3_density,8,,64,True,79.35185185185185,,28.0
sheet_metal,0,3_density,8,,64,True,78.5185185185185,,29.0
sheet_metal,1,1_budget100,1,1.0,58,False,83.14814814814815,,
sheet_metal,1,1_budget100,2,2.0,66,False,77.5925925925926,,
sheet_metal,1,1_budget100,4,4.0,100,True,79.9074074074074,,
sheet_metal,1,1_budget100,8,8.0,100,True,80.92592592592592,,
sheet_metal,1,1_budget100,16,16.0,100,True,87.5,,
sheet_metal,1,1_budget100,-1,45.0,100,True,83.14814814814815,,
sheet_metal,1,2_feasible,1,,4,True,70.55555555555554,4.0,0.0
sheet_metal,1,2_feasible,1,,4,True,70.55555555555554,4.0,1.0
sheet_metal,1,2_feasible,1,,4,True,63.148148148148145,4.0,2.0
sheet_metal,1,2_feasible,1,,4,True,62.870370370370374,4.0,3.0
sheet_metal,1,2_feasible,1,,4,True,71.94444444444443,4.0,4.0
sheet_metal,1,2_feasible,1,,4,True,67.03703703703704,4.0,5.0
sheet_metal,1,2_feasible,1,,4,True,81.66666666666667,4.0,6.0
sheet_metal,1,2_feasible,1,,4,True,71.2037037037037,4.0,7.0
sheet_metal,1,2_feasible,1,,4,True,69.62962962962963,4.0,8.0
sheet_metal,1,2_feasible,1,,4,True,69.62962962962963,4.0,9.0
sheet_metal,1,2_feasible,1,,4,True,70.37037037037037,4.0,10.0
sheet_metal,1,2_feasible,1,,4,True,83.7037037037037,4.0,11.0
sheet_metal,1,2_feasible,1,,4,True,63.14814814814815,4.0,12.0
sheet_metal,1,2_feasible,1,,4,True,71.57407407407408,4.0,13.0
sheet_metal,1,2_feasible,1,,4,True,74.25925925925925,4.0,14.0
sheet_metal,1,2_feasible,1,,4,True,85.74074074074075,4.0,15.0
sheet_metal,1,2_feasible,1,,4,True,63.24074074074074,4.0,16.0
sheet_metal,1,2_feasible,1,,4,True,79.53703703703704,4.0,17.0
sheet_metal,1,2_feasible,1,,4,True,86.48148148148148,4.0,18.0
sheet_metal,1,2_feasible,1,,4,True,72.03703703703704,4.0,19.0
sheet_metal,1,2_feasible,1,,4,True,67.31481481481481,4.0,20.0
sheet_metal,1,2_feasible,1,,4,True,79.81481481481481,4.0,21.0
sheet_metal,1,2_feasible,1,,4,True,72.31481481481482,4.0,22.0
sheet_metal,1,2_feasible,1,,4,True,51.2962962962963,4.0,23.0
sheet_metal,1,2_feasible,1,,4,True,78.33333333333333,4.0,24.0
sheet_metal,1,2_feasible,1,,4,True,68.33333333333333,4.0,25.0
sheet_metal,1,2_feasible,1,,4,True,73.61111111111111,4.0,26.0
sheet_metal,1,2_feasible,1,,4,True,74.9074074074074,4.0,27.0
sheet_metal,1,2_feasible,1,,4,True,69.62962962962963,4.0,28.0
sheet_metal,1,2_feasible,1,,4,True,88.42592592592592,4.0,29.0
sheet_metal,1,2_feasible,2,,4,True,75.64814814814814,4.0,0.0
sheet_metal,1,2_feasible,2,,4,True,39.25925925925926,4.0,1.0
sheet_metal,1,2_feasible,2,,4,True,87.12962962962962,4.0,2.0
sheet_metal,1,2_feasible,2,,4,True,65.74074074074075,4.0,3.0
sheet_metal,1,2_feasible,2,,4,True,72.03703703703704,4.0,4.0
sheet_metal,1,2_feasible,2,,4,True,53.7962962962963,4.0,5.0
sheet_metal,1,2_feasible,2,,4,True,74.25925925925925,4.0,6.0
sheet_metal,1,2_feasible,2,,4,True,70.0925925925926,4.0,7.0
sheet_metal,1,2_feasible,2,,4,True,66.85185185185185,4.0,8.0
sheet_metal,1,2_feasible,2,,4,True,80.18518518518518,4.0,9.0
sheet_metal,1,2_feasible,2,,4,True,69.72222222222221,4.0,10.0
sheet_metal,1,2_feasible,2,,4,True,81.85185185185186,4.0,11.0
sheet_metal,1,2_feasible,2,,4,True,82.96296296296298,4.0,12.0
sheet_metal,1,2_feasible,2,,4,True,71.75925925925925,4.0,13.0
sheet_metal,1,2_feasible,2,,4,True,88.24074074074075,4.0,14.0
sheet_metal,1,2_feasible,2,,4,True,77.40740740740742,4.0,15.0
sheet_metal,1,2_feasible,2,,4,True,63.05555555555556,4.0,16.0
sheet_metal,1,2_feasible,2,,4,True,47.68518518518518,4.0,17.0
sheet_metal,1,2_feasible,2,,4,True,61.57407407407408,4.0,18.0
sheet_metal,1,2_feasible,2,,4,True,70.92592592592592,4.0,19.0
sheet_metal,1,2_feasible,2,,4,True,78.51851851851852,4.0,20.0
sheet_metal,1,2_feasible,2,,4,True,71.66666666666667,4.0,21.0
sheet_metal,1,2_feasible,2,,4,True,70.46296296296296,4.0,22.0
sheet_metal,1,2_feasible,2,,4,True,86.48148148148148,4.0,23.0
sheet_metal,1,2_feasible,2,,4,True,69.9074074074074,4.0,24.0
sheet_metal,1,2_feasible,2,,4,True,88.88888888888889,4.0,25.0
sheet_metal,1,2_feasible,2,,4,True,68.5185185185185,4.0,26.0
sheet_metal,1,2_feasible,2,,4,True,67.87037037037037,4.0,27.0
sheet_metal,1,2_feasible,2,,4,True,51.57407407407407,4.0,28.0
sheet_metal,1,2_feasible,2,,4,True,42.68518518518518,4.0,29.0
sheet_metal,1,2_feasible,4,,4,True,83.7962962962963,4.0,0.0
sheet_metal,1,2_feasible,4,,4,True,46.2037037037037,4.0,1.0
sheet_metal,1,2_feasible,4,,4,True,84.81481481481482,4.0,2.0
sheet_metal,1,2_feasible,4,,4,True,62.77777777777778,4.0,3.0
sheet_metal,1,2_feasible,4,,4,True,67.5,4.0,4.0
sheet_metal,1,2_feasible,4,,4,True,72.96296296296296,4.0,5.0
sheet_metal,1,2_feasible,4,,4,True,85.0,4.0,6.0
sheet_metal,1,2_feasible,4,,4,True,75.0925925925926,4.0,7.0
sheet_metal,1,2_feasible,4,,4,True,82.12962962962963,4.0,8.0
sheet_metal,1,2_feasible,4,,4,True,86.66666666666667,4.0,9.0
sheet_metal,1,2_feasible,4,,4,True,75.55555555555556,4.0,10.0
sheet_metal,1,2_feasible,4,,4,True,76.94444444444444,4.0,11.0
sheet_metal,1,2_feasible,4,,4,True,69.90740740740739,4.0,12.0
sheet_metal,1,2_feasible,4,,4,True,74.72222222222223,4.0,13.0
sheet_metal,1,2_feasible,4,,4,True,83.33333333333333,4.0,14.0
sheet_metal,1,2_feasible,4,,4,True,82.77777777777777,4.0,15.0
sheet_metal,1,2_feasible,4,,4,True,81.66666666666667,4.0,16.0
sheet_metal,1,2_feasible,4,,4,True,68.7037037037037,4.0,17.0
sheet_metal,1,2_feasible,4,,4,True,88.33333333333334,4.0,18.0
sheet_metal,1,2_feasible,4,,4,True,71.57407407407406,4.0,19.0
sheet_metal,1,2_feasible,4,,4,True,77.68518518518519,4.0,20.0
sheet_metal,1,2_feasible,4,,4,True,68.61111111111111,4.0,21.0
sheet_metal,1,2_feasible,4,,4,True,82.5925925925926,4.0,22.0
sheet_metal,1,2_feasible,4,,4,True,73.5185185185185,4.0,23.0
sheet_metal,1,2_feasible,4,,4,True,64.25925925925927,4.0,24.0
sheet_metal,1,2_feasible,4,,4,True,86.01851851851853,4.0,25.0
sheet_metal,1,2_feasible,4,,4,True,80.92592592592594,4.0,26.0
sheet_metal,1,2_feasible,4,,4,True,77.5,4.0,27.0
sheet_metal,1,2_feasible,4,,4,True,79.62962962962963,4.0,28.0
sheet_metal,1,2_feasible,4,,4,True,73.24074074074073,4.0,29.0
sheet_metal,1,2_feasible,1,,8,True,86.48148148148148,8.0,0.0
sheet_metal,1,2_feasible,1,,8,True,77.22222222222223,8.0,1.0
sheet_metal,1,2_feasible,1,,8,True,85.27777777777777,8.0,2.0
sheet_metal,1,2_feasible,1,,8,True,68.7962962962963,8.0,3.0
sheet_metal,1,2_feasible,1,,8,True,49.16666666666667,8.0,4.0
sheet_metal,1,2_feasible,1,,8,True,76.85185185185186,8.0,5.0
sheet_metal,1,2_feasible,1,,8,True,80.0,8.0,6.0
sheet_metal,1,2_feasible,1,,8,True,83.98148148148148,8.0,7.0
sheet_metal,1,2_feasible,1,,8,True,67.96296296296296,8.0,8.0
sheet_metal,1,2_feasible,1,,8,True,79.16666666666666,8.0,9.0
sheet_metal,1,2_feasible,1,,8,True,81.01851851851852,8.0,10.0
sheet_metal,1,2_feasible,1,,8,True,78.24074074074075,8.0,11.0
sheet_metal,1,2_feasible,1,,8,True,65.64814814814814,8.0,12.0
sheet_metal,1,2_feasible,1,,8,True,71.2037037037037,8.0,13.0
sheet_metal,1,2_feasible,1,,8,True,81.85185185185186,8.0,14.0
sheet_metal,1,2_feasible,1,,8,True,81.48148148148148,8.0,15.0
sheet_metal,1,2_feasible,1,,8,True,63.888888888888886,8.0,16.0
sheet_metal,1,2_feasible,1,,8,True,76.01851851851853,8.0,17.0
sheet_metal,1,2_feasible,1,,8,True,48.24074074074074,8.0,18.0
sheet_metal,1,2_feasible,1,,8,True,63.148148148148145,8.0,19.0
sheet_metal,1,2_feasible,1,,8,True,72.03703703703704,8.0,20.0
sheet_metal,1,2_feasible,1,,8,True,76.94444444444444,8.0,21.0
sheet_metal,1,2_feasible,1,,8,True,68.42592592592592,8.0,22.0
sheet_metal,1,2_feasible,1,,8,True,67.96296296296296,8.0,23.0
sheet_metal,1,2_feasible,1,,8,True,73.7037037037037,8.0,24.0
sheet_metal,1,2_feasible,1,,8,True,90.18518518518518,8.0,25.0
sheet_metal,1,2_feasible,1,,8,True,82.31481481481482,8.0,26.0
sheet_metal,1,2_feasible,1,,8,True,81.01851851851852,8.0,27.0
sheet_metal,1,2_feasible,1,,8,True,82.12962962962965,8.0,28.0
sheet_metal,1,2_feasible,1,,8,True,76.3888888888889,8.0,29.0
sheet_metal,1,2_feasible,2,,8,True,77.87037037037037,8.0,0.0
sheet_metal,1,2_feasible,2,,8,True,80.0,8.0,1.0
sheet_metal,1,2_feasible,2,,8,True,68.05555555555556,8.0,2.0
sheet_metal,1,2_feasible,2,,8,True,83.24074074074073,8.0,3.0
sheet_metal,1,2_feasible,2,,8,True,81.66666666666667,8.0,4.0
sheet_metal,1,2_feasible,2,,8,True,79.07407407407408,8.0,5.0
sheet_metal,1,2_feasible,2,,8,True,67.68518518518518,8.0,6.0
sheet_metal,1,2_feasible,2,,8,True,67.12962962962963,8.0,7.0
sheet_metal,1,2_feasible,2,,8,True,84.25925925925925,8.0,8.0
sheet_metal,1,2_feasible,2,,8,True,76.11111111111111,8.0,9.0
sheet_metal,1,2_feasible,2,,8,True,74.44444444444444,8.0,10.0
sheet_metal,1,2_feasible,2,,8,True,70.55555555555556,8.0,11.0
sheet_metal,1,2_feasible,2,,8,True,82.4074074074074,8.0,12.0
sheet_metal,1,2_feasible,2,,8,True,85.55555555555556,8.0,13.0
sheet_metal,1,2_feasible,2,,8,True,86.01851851851852,8.0,14.0
sheet_metal,1,2_feasible,2,,8,True,77.5925925925926,8.0,15.0
sheet_metal,1,2_feasible,2,,8,True,82.03703703703702,8.0,16.0
sheet_metal,1,2_feasible,2,,8,True,76.11111111111111,8.0,17.0
sheet_metal,1,2_feasible,2,,8,True,73.14814814814815,8.0,18.0
sheet_metal,1,2_feasible,2,,8,True,69.35185185185185,8.0,19.0
sheet_metal,1,2_feasible,2,,8,True,61.94444444444444,8.0,20.0
sheet_metal,1,2_feasible,2,,8,True,71.94444444444444,8.0,21.0
sheet_metal,1,2_feasible,2,,8,True,67.12962962962963,8.0,22.0
sheet_metal,1,2_feasible,2,,8,True,61.48148148148148,8.0,23.0
sheet_metal,1,2_feasible,2,,8,True,69.81481481481481,8.0,24.0
sheet_metal,1,2_feasible,2,,8,True,80.0925925925926,8.0,25.0
sheet_metal,1,2_feasible,2,,8,True,59.166666666666664,8.0,26.0
sheet_metal,1,2_feasible,2,,8,True,81.75925925925927,8.0,27.0
sheet_metal,1,2_feasible,2,,8,True,64.53703703703705,8.0,28.0
sheet_metal,1,2_feasible,2,,8,True,83.6111111111111,8.0,29.0
sheet_metal,1,2_feasible,4,,8,True,74.35185185185185,8.0,0.0
sheet_metal,1,2_feasible,4,,8,True,82.68518518518519,8.0,1.0
sheet_metal,1,2_feasible,4,,8,True,73.51851851851852,8.0,2.0
sheet_metal,1,2_feasible,4,,8,True,74.35185185185186,8.0,3.0
sheet_metal,1,2_feasible,4,,8,True,75.64814814814815,8.0,4.0
sheet_metal,1,2_feasible,4,,8,True,71.57407407407408,8.0,5.0
sheet_metal,1,2_feasible,4,,8,True,87.77777777777777,8.0,6.0
sheet_metal,1,2_feasible,4,,8,True,78.79629629629629,8.0,7.0
sheet_metal,1,2_feasible,4,,8,True,56.2037037037037,8.0,8.0
sheet_metal,1,2_feasible,4,,8,True,79.62962962962963,8.0,9.0
sheet_metal,1,2_feasible,4,,8,True,76.11111111111111,8.0,10.0
sheet_metal,1,2_feasible,4,,8,True,85.09259259259258,8.0,11.0
sheet_metal,1,2_feasible,4,,8,True,78.98148148148148,8.0,12.0
sheet_metal,1,2_feasible,4,,8,True,81.11111111111111,8.0,13.0
sheet_metal,1,2_feasible,4,,8,True,73.51851851851853,8.0,14.0
sheet_metal,1,2_feasible,4,,8,True,64.72222222222223,8.0,15.0
sheet_metal,1,2_feasible,4,,8,True,85.18518518518519,8.0,16.0
sheet_metal,1,2_feasible,4,,8,True,85.09259259259258,8.0,17.0
sheet_metal,1,2_feasible,4,,8,True,88.61111111111111,8.0,18.0
sheet_metal,1,2_feasible,4,,8,True,65.64814814814814,8.0,19.0
sheet_metal,1,2_feasible,4,,8,True,90.0925925925926,8.0,20.0
sheet_metal,1,2_feasible,4,,8,True,78.05555555555556,8.0,21.0
sheet_metal,1,2_feasible,4,,8,True,61.2037037037037,8.0,22.0
sheet_metal,1,2_feasible,4,,8,True,88.61111111111111,8.0,23.0
sheet_metal,1,2_feasible,4,,8,True,74.35185185185185,8.0,24.0
sheet_metal,1,2_feasible,4,,8,True,80.27777777777779,8.0,25.0
sheet_metal,1,2_feasible,4,,8,True,56.75925925925925,8.0,26.0
sheet_metal,1,2_feasible,4,,8,True,77.77777777777779,8.0,27.0
sheet_metal,1,2_feasible,4,,8,True,85.46296296296296,8.0,28.0
sheet_metal,1,2_feasible,4,,8,True,53.05555555555556,8.0,29.0
sheet_metal,1,2_feasible,8,,8,True,71.75925925925925,8.0,0.0
sheet_metal,1,2_feasible,8,,8,True,69.62962962962963,8.0,1.0
sheet_metal,1,2_feasible,8,,8,True,91.20370370370371,8.0,2.0
sheet_metal,1,2_feasible,8,,8,True,77.12962962962963,8.0,3.0
sheet_metal,1,2_feasible,8,,8,True,71.11111111111111,8.0,4.0
sheet_metal,1,2_feasible,8,,8,True,84.16666666666669,8.0,5.0
sheet_metal,1,2_feasible,8,,8,True,90.74074074074075,8.0,6.0
sheet_metal,1,2_feasible,8,,8,True,49.25925925925927,8.0,7.0
sheet_metal,1,2_feasible,8,,8,True,81.20370370370371,8.0,8.0
sheet_metal,1,2_feasible,8,,8,True,68.9814814814815,8.0,9.0
sheet_metal,1,2_feasible,8,,8,True,73.14814814814815,8.0,10.0
sheet_metal,1,2_feasible,8,,8,True,79.16666666666667,8.0,11.0
sheet_metal,1,2_feasible,8,,8,True,91.85185185185186,8.0,12.0
sheet_metal,1,2_feasible,8,,8,True,82.87037037037037,8.0,13.0
sheet_metal,1,2_feasible,8,,8,True,78.51851851851852,8.0,14.0
sheet_metal,1,2_feasible,8,,8,True,91.94444444444446,8.0,15.0
sheet_metal,1,2_feasible,8,,8,True,95.74074074074075,8.0,16.0
sheet_metal,1,2_feasible,8,,8,True,87.22222222222223,8.0,17.0
sheet_metal,1,2_feasible,8,,8,True,81.11111111111111,8.0,18.0
sheet_metal,1,2_feasible,8,,8,True,80.92592592592591,8.0,19.0
sheet_metal,1,2_feasible,8,,8,True,78.88888888888889,8.0,20.0
sheet_metal,1,2_feasible,8,,8,True,77.77777777777779,8.0,21.0
sheet_metal,1,2_feasible,8,,8,True,82.77777777777777,8.0,22.0
sheet_metal,1,2_feasible,8,,8,True,79.72222222222223,8.0,23.0
sheet_metal,1,2_feasible,8,,8,True,76.3888888888889,8.0,24.0
sheet_metal,1,2_feasible,8,,8,True,81.66666666666667,8.0,25.0
sheet_metal,1,2_feasible,8,,8,True,77.5,8.0,26.0
sheet_metal,1,2_feasible,8,,8,True,90.0925925925926,8.0,27.0
sheet_metal,1,2_feasible,8,,8,True,75.46296296296295,8.0,28.0
sheet_metal,1,2_feasible,8,,8,True,73.79629629629629,8.0,29.0
sheet_metal,1,2b_rich_only,1,,4,True,79.16666666666666,4.0,0.0
sheet_metal,1,2b_rich_only,1,,4,True,66.2037037037037,4.0,1.0
sheet_metal,1,2b_rich_only,1,,4,True,65.46296296296296,4.0,2.0
sheet_metal,1,2b_rich_only,1,,4,True,65.92592592592592,4.0,3.0
sheet_metal,1,2b_rich_only,1,,4,True,84.07407407407408,4.0,4.0
sheet_metal,1,2b_rich_only,1,,4,True,80.46296296296296,4.0,5.0
sheet_metal,1,2b_rich_only,1,,4,True,70.46296296296296,4.0,6.0
sheet_metal,1,2b_rich_only,1,,4,True,62.4074074074074,4.0,7.0
sheet_metal,1,2b_rich_only,1,,4,True,82.59259259259258,4.0,8.0
sheet_metal,1,2b_rich_only,1,,4,True,64.72222222222223,4.0,9.0
sheet_metal,1,2b_rich_only,1,,4,True,85.0,4.0,10.0
sheet_metal,1,2b_rich_only,1,,4,True,74.25925925925927,4.0,11.0
sheet_metal,1,2b_rich_only,1,,4,True,77.87037037037037,4.0,12.0
sheet_metal,1,2b_rich_only,1,,4,True,77.87037037037037,4.0,13.0
sheet_metal,1,2b_rich_only,1,,4,True,67.87037037037037,4.0,14.0
sheet_metal,1,2b_rich_only,1,,4,True,75.83333333333333,4.0,15.0
sheet_metal,1,2b_rich_only,1,,4,True,69.44444444444444,4.0,16.0
sheet_metal,1,2b_rich_only,1,,4,True,86.66666666666667,4.0,17.0
sheet_metal,1,2b_rich_only,1,,4,True,77.87037037037037,4.0,18.0
sheet_metal,1,2b_rich_only,1,,4,True,72.5,4.0,19.0
sheet_metal,1,2b_rich_only,1,,4,True,85.64814814814814,4.0,20.0
sheet_metal,1,2b_rich_only,1,,4,True,38.7037037037037,4.0,21.0
sheet_metal,1,2b_rich_only,1,,4,True,72.31481481481482,4.0,22.0
sheet_metal,1,2b_rich_only,1,,4,True,41.75925925925926,4.0,23.0
sheet_metal,1,2b_rich_only,1,,4,True,77.31481481481481,4.0,24.0
sheet_metal,1,2b_rich_only,1,,4,True,73.70370370370371,4.0,25.0
sheet_metal,1,2b_rich_only,1,,4,True,79.44444444444444,4.0,26.0
sheet_metal,1,2b_rich_only,1,,4,True,65.18518518518519,4.0,27.0
sheet_metal,1,2b_rich_only,1,,4,True,87.22222222222223,4.0,28.0
sheet_metal,1,2b_rich_only,1,,4,True,60.83333333333334,4.0,29.0
sheet_metal,1,2b_rich_only,2,,4,True,74.16666666666667,4.0,0.0
sheet_metal,1,2b_rich_only,2,,4,True,69.07407407407406,4.0,1.0
sheet_metal,1,2b_rich_only,2,,4,True,75.55555555555557,4.0,2.0
sheet_metal,1,2b_rich_only,2,,4,True,75.64814814814815,4.0,3.0
sheet_metal,1,2b_rich_only,2,,4,True,82.87037037037037,4.0,4.0
sheet_metal,1,2b_rich_only,2,,4,True,76.66666666666667,4.0,5.0
sheet_metal,1,2b_rich_only,2,,4,True,87.77777777777777,4.0,6.0
sheet_metal,1,2b_rich_only,2,,4,True,64.07407407407408,4.0,7.0
sheet_metal,1,2b_rich_only,2,,4,True,76.11111111111111,4.0,8.0
sheet_metal,1,2b_rich_only,2,,4,True,86.66666666666667,4.0,9.0
sheet_metal,1,2b_rich_only,2,,4,True,50.18518518518519,4.0,10.0
sheet_metal,1,2b_rich_only,2,,4,True,89.35185185185185,4.0,11.0
sheet_metal,1,2b_rich_only,2,,4,True,77.31481481481481,4.0,12.0
sheet_metal,1,2b_rich_only,2,,4,True,58.24074074074074,4.0,13.0
sheet_metal,1,2b_rich_only,2,,4,True,89.53703703703704,4.0,14.0
sheet_metal,1,2b_rich_only,2,,4,True,80.92592592592592,4.0,15.0
sheet_metal,1,2b_rich_only,2,,4,True,37.870370370370374,4.0,16.0
sheet_metal,1,2b_rich_only,2,,4,True,79.07407407407408,4.0,17.0
sheet_metal,1,2b_rich_only,2,,4,True,70.0,4.0,18.0
sheet_metal,1,2b_rich_only,2,,4,True,73.79629629629629,4.0,19.0
sheet_metal,1,2b_rich_only,2,,4,True,78.7037037037037,4.0,20.0
sheet_metal,1,2b_rich_only,2,,4,True,76.01851851851852,4.0,21.0
sheet_metal,1,2b_rich_only,2,,4,True,87.5,4.0,22.0
sheet_metal,1,2b_rich_only,2,,4,True,74.62962962962963,4.0,23.0
sheet_metal,1,2b_rich_only,2,,4,True,73.7962962962963,4.0,24.0
sheet_metal,1,2b_rich_only,2,,4,True,78.24074074074075,4.0,25.0
sheet_metal,1,2b_rich_only,2,,4,True,77.77777777777779,4.0,26.0
sheet_metal,1,2b_rich_only,2,,4,True,71.2037037037037,4.0,27.0
sheet_metal,1,2b_rich_only,2,,4,True,78.42592592592592,4.0,28.0
sheet_metal,1,2b_rich_only,2,,4,True,55.09259259259258,4.0,29.0
sheet_metal,1,2b_rich_only,4,,4,True,87.77777777777777,4.0,0.0
sheet_metal,1,2b_rich_only,4,,4,True,83.6111111111111,4.0,1.0
sheet_metal,1,2b_rich_only,4,,4,True,78.79629629629629,4.0,2.0
sheet_metal,1,2b_rich_only,4,,4,True,60.18518518518518,4.0,3.0
sheet_metal,1,2b_rich_only,4,,4,True,79.16666666666666,4.0,4.0
sheet_metal,1,2b_rich_only,4,,4,True,80.46296296296296,4.0,5.0
sheet_metal,1,2b_rich_only,4,,4,True,85.64814814814815,4.0,6.0
sheet_metal,1,2b_rich_only,4,,4,True,51.388888888888886,4.0,7.0
sheet_metal,1,2b_rich_only,4,,4,True,69.62962962962963,4.0,8.0
sheet_metal,1,2b_rich_only,4,,4,True,65.55555555555556,4.0,9.0
sheet_metal,1,2b_rich_only,4,,4,True,76.01851851851852,4.0,10.0
sheet_metal,1,2b_rich_only,4,,4,True,75.83333333333334,4.0,11.0
sheet_metal,1,2b_rich_only,4,,4,True,73.51851851851852,4.0,12.0
sheet_metal,1,2b_rich_only,4,,4,True,70.83333333333333,4.0,13.0
sheet_metal,1,2b_rich_only,4,,4,True,65.46296296296296,4.0,14.0
sheet_metal,1,2b_rich_only,4,,4,True,53.61111111111111,4.0,15.0
sheet_metal,1,2b_rich_only,4,,4,True,83.42592592592592,4.0,16.0
sheet_metal,1,2b_rich_only,4,,4,True,84.16666666666667,4.0,17.0
sheet_metal,1,2b_rich_only,4,,4,True,54.35185185185185,4.0,18.0
sheet_metal,1,2b_rich_only,4,,4,True,47.87037037037037,4.0,19.0
sheet_metal,1,2b_rich_only,4,,4,True,64.44444444444444,4.0,20.0
sheet_metal,1,2b_rich_only,4,,4,True,71.2037037037037,4.0,21.0
sheet_metal,1,2b_rich_only,4,,4,True,78.7962962962963,4.0,22.0
sheet_metal,1,2b_rich_only,4,,4,True,75.55555555555557,4.0,23.0
sheet_metal,1,2b_rich_only,4,,4,True,80.0,4.0,24.0
sheet_metal,1,2b_rich_only,4,,4,True,81.3888888888889,4.0,25.0
sheet_metal,1,2b_rich_only,4,,4,True,81.20370370370371,4.0,26.0
sheet_metal,1,2b_rich_only,4,,4,True,51.11111111111111,4.0,27.0
sheet_metal,1,2b_rich_only,4,,4,True,72.31481481481481,4.0,28.0
sheet_metal,1,2b_rich_only,4,,4,True,80.0925925925926,4.0,29.0
sheet_metal,1,2b_rich_only,1,,8,True,57.407407407407405,8.0,0.0
sheet_metal,1,2b_rich_only,1,,8,True,70.55555555555554,8.0,1.0
sheet_metal,1,2b_rich_only,1,,8,True,78.33333333333333,8.0,2.0
sheet_metal,1,2b_rich_only,1,,8,True,49.07407407407408,8.0,3.0
sheet_metal,1,2b_rich_only,1,,8,True,78.61111111111111,8.0,4.0
sheet_metal,1,2b_rich_only,1,,8,True,79.35185185185185,8.0,5.0
sheet_metal,1,2b_rich_only,1,,8,True,81.29629629629629,8.0,6.0
sheet_metal,1,2b_rich_only,1,,8,True,75.0925925925926,8.0,7.0
sheet_metal,1,2b_rich_only,1,,8,True,81.66666666666667,8.0,8.0
sheet_metal,1,2b_rich_only,1,,8,True,77.77777777777779,8.0,9.0
sheet_metal,1,2b_rich_only,1,,8,True,78.88888888888889,8.0,10.0
sheet_metal,1,2b_rich_only,1,,8,True,78.88888888888889,8.0,11.0
sheet_metal,1,2b_rich_only,1,,8,True,79.44444444444446,8.0,12.0
sheet_metal,1,2b_rich_only,1,,8,True,70.83333333333333,8.0,13.0
sheet_metal,1,2b_rich_only,1,,8,True,84.9074074074074,8.0,14.0
sheet_metal,1,2b_rich_only,1,,8,True,78.05555555555554,8.0,15.0
sheet_metal,1,2b_rich_only,1,,8,True,82.03703703703702,8.0,16.0
sheet_metal,1,2b_rich_only,1,,8,True,62.77777777777778,8.0,17.0
sheet_metal,1,2b_rich_only,1,,8,True,81.57407407407406,8.0,18.0
sheet_metal,1,2b_rich_only,1,,8,True,75.1851851851852,8.0,19.0
sheet_metal,1,2b_rich_only,1,,8,True,58.518518518518526,8.0,20.0
sheet_metal,1,2b_rich_only,1,,8,True,80.64814814814815,8.0,21.0
sheet_metal,1,2b_rich_only,1,,8,True,71.57407407407408,8.0,22.0
sheet_metal,1,2b_rich_only,1,,8,True,69.25925925925925,8.0,23.0
sheet_metal,1,2b_rich_only,1,,8,True,77.12962962962962,8.0,24.0
sheet_metal,1,2b_rich_only,1,,8,True,67.03703703703704,8.0,25.0
sheet_metal,1,2b_rich_only,1,,8,True,76.01851851851852,8.0,26.0
sheet_metal,1,2b_rich_only,1,,8,True,78.05555555555556,8.0,27.0
sheet_metal,1,2b_rich_only,1,,8,True,63.7962962962963,8.0,28.0
sheet_metal,1,2b_rich_only,1,,8,True,76.94444444444444,8.0,29.0
sheet_metal,1,2b_rich_only,2,,8,True,81.38888888888889,8.0,0.0
sheet_metal,1,2b_rich_only,2,,8,True,77.12962962962962,8.0,1.0
sheet_metal,1,2b_rich_only,2,,8,True,88.05555555555557,8.0,2.0
sheet_metal,1,2b_rich_only,2,,8,True,77.03703703703704,8.0,3.0
sheet_metal,1,2b_rich_only,2,,8,True,86.85185185185185,8.0,4.0
sheet_metal,1,2b_rich_only,2,,8,True,64.62962962962962,8.0,5.0
sheet_metal,1,2b_rich_only,2,,8,True,82.77777777777777,8.0,6.0
sheet_metal,1,2b_rich_only,2,,8,True,72.22222222222221,8.0,7.0
sheet_metal,1,2b_rich_only,2,,8,True,79.25925925925927,8.0,8.0
sheet_metal,1,2b_rich_only,2,,8,True,75.0925925925926,8.0,9.0
sheet_metal,1,2b_rich_only,2,,8,True,74.9074074074074,8.0,10.0
sheet_metal,1,2b_rich_only,2,,8,True,62.59259259259259,8.0,11.0
sheet_metal,1,2b_rich_only,2,,8,True,80.27777777777779,8.0,12.0
sheet_metal,1,2b_rich_only,2,,8,True,62.22222222222222,8.0,13.0
sheet_metal,1,2b_rich_only,2,,8,True,65.27777777777779,8.0,14.0
sheet_metal,1,2b_rich_only,2,,8,True,78.05555555555556,8.0,15.0
sheet_metal,1,2b_rich_only,2,,8,True,80.46296296296296,8.0,16.0
sheet_metal,1,2b_rich_only,2,,8,True,81.48148148148148,8.0,17.0
sheet_metal,1,2b_rich_only,2,,8,True,56.481481481481474,8.0,18.0
sheet_metal,1,2b_rich_only,2,,8,True,61.57407407407407,8.0,19.0
sheet_metal,1,2b_rich_only,2,,8,True,66.2037037037037,8.0,20.0
sheet_metal,1,2b_rich_only,2,,8,True,78.51851851851852,8.0,21.0
sheet_metal,1,2b_rich_only,2,,8,True,55.37037037037037,8.0,22.0
sheet_metal,1,2b_rich_only,2,,8,True,75.18518518518518,8.0,23.0
sheet_metal,1,2b_rich_only,2,,8,True,78.70370370370371,8.0,24.0
sheet_metal,1,2b_rich_only,2,,8,True,78.42592592592594,8.0,25.0
sheet_metal,1,2b_rich_only,2,,8,True,81.11111111111111,8.0,26.0
sheet_metal,1,2b_rich_only,2,,8,True,83.6111111111111,8.0,27.0
sheet_metal,1,2b_rich_only,2,,8,True,78.61111111111111,8.0,28.0
sheet_metal,1,2b_rich_only,2,,8,True,78.98148148148148,8.0,29.0
sheet_metal,1,2b_rich_only,4,,8,True,78.98148148148148,8.0,0.0
sheet_metal,1,2b_rich_only,4,,8,True,81.2962962962963,8.0,1.0
sheet_metal,1,2b_rich_only,4,,8,True,85.37037037037037,8.0,2.0
sheet_metal,1,2b_rich_only,4,,8,True,85.83333333333333,8.0,3.0
sheet_metal,1,2b_rich_only,4,,8,True,65.0925925925926,8.0,4.0
sheet_metal,1,2b_rich_only,4,,8,True,52.49999999999999,8.0,5.0
sheet_metal,1,2b_rich_only,4,,8,True,71.2037037037037,8.0,6.0
sheet_metal,1,2b_rich_only,4,,8,True,79.07407407407408,8.0,7.0
sheet_metal,1,2b_rich_only,4,,8,True,76.85185185185185,8.0,8.0
sheet_metal,1,2b_rich_only,4,,8,True,79.16666666666667,8.0,9.0
sheet_metal,1,2b_rich_only,4,,8,True,91.20370370370371,8.0,10.0
sheet_metal,1,2b_rich_only,4,,8,True,80.0,8.0,11.0
sheet_metal,1,2b_rich_only,4,,8,True,67.77777777777779,8.0,12.0
sheet_metal,1,2b_rich_only,4,,8,True,74.53703703703705,8.0,13.0
sheet_metal,1,2b_rich_only,4,,8,True,87.22222222222223,8.0,14.0
sheet_metal,1,2b_rich_only,4,,8,True,63.7962962962963,8.0,15.0
sheet_metal,1,2b_rich_only,4,,8,True,68.88888888888889,8.0,16.0
sheet_metal,1,2b_rich_only,4,,8,True,81.11111111111111,8.0,17.0
sheet_metal,1,2b_rich_only,4,,8,True,83.05555555555557,8.0,18.0
sheet_metal,1,2b_rich_only,4,,8,True,81.48148148148148,8.0,19.0
sheet_metal,1,2b_rich_only,4,,8,True,76.29629629629629,8.0,20.0
sheet_metal,1,2b_rich_only,4,,8,True,66.57407407407408,8.0,21.0
sheet_metal,1,2b_rich_only,4,,8,True,64.72222222222223,8.0,22.0
sheet_metal,1,2b_rich_only,4,,8,True,77.96296296296296,8.0,23.0
sheet_metal,1,2b_rich_only,4,,8,True,91.57407407407408,8.0,24.0
sheet_metal,1,2b_rich_only,4,,8,True,73.33333333333333,8.0,25.0
sheet_metal,1,2b_rich_only,4,,8,True,81.75925925925927,8.0,26.0
sheet_metal,1,2b_rich_only,4,,8,True,71.2962962962963,8.0,27.0
sheet_metal,1,2b_rich_only,4,,8,True,81.29629629629629,8.0,28.0
sheet_metal,1,2b_rich_only,4,,8,True,66.48148148148148,8.0,29.0
sheet_metal,1,2b_rich_only,8,,8,True,77.5925925925926,8.0,0.0
sheet_metal,1,2b_rich_only,8,,8,True,67.22222222222223,8.0,1.0
sheet_metal,1,2b_rich_only,8,,8,True,84.44444444444444,8.0,2.0
sheet_metal,1,2b_rich_only,8,,8,True,83.7037037037037,8.0,3.0
sheet_metal,1,2b_rich_only,8,,8,True,71.75925925925925,8.0,4.0
sheet_metal,1,2b_rich_only,8,,8,True,71.4814814814815,8.0,5.0
sheet_metal,1,2b_rich_only,8,,8,True,83.61111111111111,8.0,6.0
sheet_metal,1,2b_rich_only,8,,8,True,77.12962962962962,8.0,7.0
sheet_metal,1,2b_rich_only,8,,8,True,65.27777777777779,8.0,8.0
sheet_metal,1,2b_rich_only,8,,8,True,78.24074074074073,8.0,9.0
sheet_metal,1,2b_rich_only,8,,8,True,61.38888888888889,8.0,10.0
sheet_metal,1,2b_rich_only,8,,8,True,75.27777777777777,8.0,11.0
sheet_metal,1,2b_rich_only,8,,8,True,85.27777777777777,8.0,12.0
sheet_metal,1,2b_rich_only,8,,8,True,71.48148148148148,8.0,13.0
sheet_metal,1,2b_rich_only,8,,8,True,74.44444444444446,8.0,14.0
sheet_metal,1,2b_rich_only,8,,8,True,78.5185185185185,8.0,15.0
sheet_metal,1,2b_rich_only,8,,8,True,61.85185185185185,8.0,16.0
sheet_metal,1,2b_rich_only,8,,8,True,80.46296296296296,8.0,17.0
sheet_metal,1,2b_rich_only,8,,8,True,82.68518518518519,8.0,18.0
sheet_metal,1,2b_rich_only,8,,8,True,79.35185185185186,8.0,19.0
sheet_metal,1,2b_rich_only,8,,8,True,82.87037037037037,8.0,20.0
sheet_metal,1,2b_rich_only,8,,8,True,82.5925925925926,8.0,21.0
sheet_metal,1,2b_rich_only,8,,8,True,80.74074074074073,8.0,22.0
sheet_metal,1,2b_rich_only,8,,8,True,86.38888888888889,8.0,23.0
sheet_metal,1,2b_rich_only,8,,8,True,73.61111111111111,8.0,24.0
sheet_metal,1,2b_rich_only,8,,8,True,77.4074074074074,8.0,25.0
sheet_metal,1,2b_rich_only,8,,8,True,80.83333333333333,8.0,26.0
sheet_metal,1,2b_rich_only,8,,8,True,73.98148148148148,8.0,27.0
sheet_metal,1,2b_rich_only,8,,8,True,88.70370370370371,8.0,28.0
sheet_metal,1,2b_rich_only,8,,8,True,96.66666666666667,8.0,29.0
sheet_metal,1,3_density,8,,2,True,76.0185185185185,,0.0
sheet_metal,1,3_density,8,,2,True,66.01851851851852,,1.0
sheet_metal,1,3_density,8,,2,True,79.72222222222221,,2.0
sheet_metal,1,3_density,8,,2,True,57.870370370370374,,3.0
sheet_metal,1,3_density,8,,2,True,71.94444444444443,,4.0
sheet_metal,1,3_density,8,,2,True,85.83333333333334,,5.0
sheet_metal,1,3_density,8,,2,True,73.14814814814815,,6.0
sheet_metal,1,3_density,8,,2,True,60.18518518518518,,7.0
sheet_metal,1,3_density,8,,2,True,79.35185185185185,,8.0
sheet_metal,1,3_density,8,,2,True,88.05555555555556,,9.0
sheet_metal,1,3_density,8,,2,True,73.79629629629629,,10.0
sheet_metal,1,3_density,8,,2,True,67.68518518518518,,11.0
sheet_metal,1,3_density,8,,2,True,64.25925925925927,,12.0
sheet_metal,1,3_density,8,,2,True,43.24074074074073,,13.0
sheet_metal,1,3_density,8,,2,True,67.31481481481481,,14.0
sheet_metal,1,3_density,8,,2,True,54.074074074074076,,15.0
sheet_metal,1,3_density,8,,2,True,63.98148148148148,,16.0
sheet_metal,1,3_density,8,,2,True,74.81481481481482,,17.0
sheet_metal,1,3_density,8,,2,True,73.33333333333333,,18.0
sheet_metal,1,3_density,8,,2,True,66.57407407407408,,19.0
sheet_metal,1,3_density,8,,2,True,57.96296296296296,,20.0
sheet_metal,1,3_density,8,,2,True,74.9074074074074,,21.0
sheet_metal,1,3_density,8,,2,True,43.888888888888886,,22.0
sheet_metal,1,3_density,8,,2,True,75.64814814814814,,23.0
sheet_metal,1,3_density,8,,2,True,54.53703703703704,,24.0
sheet_metal,1,3_density,8,,2,True,78.7037037037037,,25.0
sheet_metal,1,3_density,8,,2,True,54.8148148148148,,26.0
sheet_metal,1,3_density,8,,2,True,66.75925925925927,,27.0
sheet_metal,1,3_density,8,,2,True,51.388888888888886,,28.0
sheet_metal,1,3_density,8,,2,True,43.425925925925924,,29.0
sheet_metal,1,3_density,8,,4,True,68.42592592592592,,0.0
sheet_metal,1,3_density,8,,4,True,68.88888888888889,,1.0
sheet_metal,1,3_density,8,,4,True,64.81481481481481,,2.0
sheet_metal,1,3_density,8,,4,True,68.88888888888889,,3.0
sheet_metal,1,3_density,8,,4,True,72.12962962962963,,4.0
sheet_metal,1,3_density,8,,4,True,66.66666666666667,,5.0
sheet_metal,1,3_density,8,,4,True,42.407407407407405,,6.0
sheet_metal,1,3_density,8,,4,True,77.22222222222223,,7.0
sheet_metal,1,3_density,8,,4,True,59.81481481481481,,8.0
sheet_metal,1,3_density,8,,4,True,67.03703703703704,,9.0
sheet_metal,1,3_density,8,,4,True,65.74074074074073,,10.0
sheet_metal,1,3_density,8,,4,True,67.5,,11.0
sheet_metal,1,3_density,8,,4,True,70.55555555555557,,12.0
sheet_metal,1,3_density,8,,4,True,77.12962962962962,,13.0
sheet_metal,1,3_density,8,,4,True,62.4074074074074,,14.0
sheet_metal,1,3_density,8,,4,True,73.79629629629629,,15.0
sheet_metal,1,3_density,8,,4,True,69.9074074074074,,16.0
sheet_metal,1,3_density,8,,4,True,79.62962962962963,,17.0
sheet_metal,1,3_density,8,,4,True,67.03703703703702,,18.0
sheet_metal,1,3_density,8,,4,True,67.12962962962963,,19.0
sheet_metal,1,3_density,8,,4,True,58.79629629629629,,20.0
sheet_metal,1,3_density,8,,4,True,72.4074074074074,,21.0
sheet_metal,1,3_density,8,,4,True,49.25925925925926,,22.0
sheet_metal,1,3_density,8,,4,True,74.44444444444444,,23.0
sheet_metal,1,3_density,8,,4,True,58.88888888888888,,24.0
sheet_metal,1,3_density,8,,4,True,77.77777777777779,,25.0
sheet_metal,1,3_density,8,,4,True,58.14814814814815,,26.0
sheet_metal,1,3_density,8,,4,True,86.2037037037037,,27.0
sheet_metal,1,3_density,8,,4,True,66.01851851851852,,28.0
sheet_metal,1,3_density,8,,4,True,57.31481481481482,,29.0
sheet_metal,1,3_density,8,,8,True,80.55555555555556,,0.0
sheet_metal,1,3_density,8,,8,True,65.27777777777777,,1.0
sheet_metal,1,3_density,8,,8,True,79.53703703703704,,2.0
sheet_metal,1,3_density,8,,8,True,85.64814814814814,,3.0
sheet_metal,1,3_density,8,,8,True,75.64814814814815,,4.0
sheet_metal,1,3_density,8,,8,True,66.2037037037037,,5.0
sheet_metal,1,3_density,8,,8,True,73.42592592592592,,6.0
sheet_metal,1,3_density,8,,8,True,74.72222222222223,,7.0
sheet_metal,1,3_density,8,,8,True,75.0925925925926,,8.0
sheet_metal,1,3_density,8,,8,True,86.85185185185185,,9.0
sheet_metal,1,3_density,8,,8,True,74.16666666666667,,10.0
sheet_metal,1,3_density,8,,8,True,70.0,,11.0
sheet_metal,1,3_density,8,,8,True,71.48148148148148,,12.0
sheet_metal,1,3_density,8,,8,True,59.25925925925925,,13.0
sheet_metal,1,3_density,8,,8,True,76.11111111111111,,14.0
sheet_metal,1,3_density,8,,8,True,73.33333333333333,,15.0
sheet_metal,1,3_density,8,,8,True,60.74074074074074,,16.0
sheet_metal,1,3_density,8,,8,True,78.33333333333333,,17.0
sheet_metal,1,3_density,8,,8,True,75.27777777777777,,18.0
sheet_metal,1,3_density,8,,8,True,81.38888888888889,,19.0
sheet_metal,1,3_density,8,,8,True,73.61111111111111,,20.0
sheet_metal,1,3_density,8,,8,True,85.18518518518519,,21.0
sheet_metal,1,3_density,8,,8,True,72.68518518518519,,22.0
sheet_metal,1,3_density,8,,8,True,80.18518518518518,,23.0
sheet_metal,1,3_density,8,,8,True,81.38888888888889,,24.0
sheet_metal,1,3_density,8,,8,True,43.7037037037037,,25.0
sheet_metal,1,3_density,8,,8,True,83.42592592592592,,26.0
sheet_metal,1,3_density,8,,8,True,80.0,,27.0
sheet_metal,1,3_density,8,,8,True,67.96296296296296,,28.0
sheet_metal,1,3_density,8,,8,True,81.85185185185185,,29.0
sheet_metal,1,3_density,8,,16,True,78.7962962962963,,0.0
sheet_metal,1,3_density,8,,16,True,77.40740740740742,,1.0
sheet_metal,1,3_density,8,,16,True,78.24074074074075,,2.0
sheet_metal,1,3_density,8,,16,True,84.90740740740742,,3.0
sheet_metal,1,3_density,8,,16,True,70.83333333333334,,4.0
sheet_metal,1,3_density,8,,16,True,81.11111111111111,,5.0
sheet_metal,1,3_density,8,,16,True,80.83333333333333,,6.0
sheet_metal,1,3_density,8,,16,True,77.22222222222223,,7.0
sheet_metal,1,3_density,8,,16,True,82.4074074074074,,8.0
sheet_metal,1,3_density,8,,16,True,79.07407407407408,,9.0
sheet_metal,1,3_density,8,,16,True,77.96296296296296,,10.0
sheet_metal,1,3_density,8,,16,True,82.87037037037037,,11.0
sheet_metal,1,3_density,8,,16,True,79.72222222222221,,12.0
sheet_metal,1,3_density,8,,16,True,87.12962962962963,,13.0
sheet_metal,1,3_density,8,,16,True,75.83333333333333,,14.0
sheet_metal,1,3_density,8,,16,True,73.88888888888889,,15.0
sheet_metal,1,3_density,8,,16,True,81.11111111111111,,16.0
sheet_metal,1,3_density,8,,16,True,80.46296296296296,,17.0
sheet_metal,1,3_density,8,,16,True,82.96296296296296,,18.0
sheet_metal,1,3_density,8,,16,True,74.44444444444443,,19.0
sheet_metal,1,3_density,8,,16,True,81.0185185185185,,20.0
sheet_metal,1,3_density,8,,16,True,66.57407407407408,,21.0
sheet_metal,1,3_density,8,,16,True,85.92592592592592,,22.0
sheet_metal,1,3_density,8,,16,True,83.14814814814815,,23.0
sheet_metal,1,3_density,8,,16,True,82.77777777777777,,24.0
sheet_metal,1,3_density,8,,16,True,75.0,,25.0
sheet_metal,1,3_density,8,,16,True,80.46296296296296,,26.0
sheet_metal,1,3_density,8,,16,True,80.37037037037037,,27.0
sheet_metal,1,3_density,8,,16,True,84.81481481481481,,28.0
sheet_metal,1,3_density,8,,16,True,72.31481481481482,,29.0
sheet_metal,1,3_density,8,,32,True,84.62962962962963,,0.0
sheet_metal,1,3_density,8,,32,True,77.49999999999999,,1.0
sheet_metal,1,3_density,8,,32,True,84.16666666666666,,2.0
sheet_metal,1,3_density,8,,32,True,82.5,,3.0
sheet_metal,1,3_density,8,,32,True,77.87037037037038,,4.0
sheet_metal,1,3_density,8,,32,True,81.38888888888889,,5.0
sheet_metal,1,3_density,8,,32,True,83.61111111111111,,6.0
sheet_metal,1,3_density,8,,32,True,79.07407407407408,,7.0
sheet_metal,1,3_density,8,,32,True,79.72222222222223,,8.0
sheet_metal,1,3_density,8,,32,True,80.55555555555556,,9.0
sheet_metal,1,3_density,8,,32,True,69.9074074074074,,10.0
sheet_metal,1,3_density,8,,32,True,80.83333333333333,,11.0
sheet_metal,1,3_density,8,,32,True,80.55555555555556,,12.0
sheet_metal,1,3_density,8,,32,True,82.87037037037037,,13.0
sheet_metal,1,3_density,8,,32,True,77.87037037037038,,14.0
sheet_metal,1,3_density,8,,32,True,84.9074074074074,,15.0
sheet_metal,1,3_density,8,,32,True,76.94444444444444,,16.0
sheet_metal,1,3_density,8,,32,True,84.35185185185186,,17.0
sheet_metal,1,3_density,8,,32,True,86.85185185185185,,18.0
sheet_metal,1,3_density,8,,32,True,81.75925925925925,,19.0
sheet_metal,1,3_density,8,,32,True,83.05555555555554,,20.0
sheet_metal,1,3_density,8,,32,True,83.61111111111111,,21.0
sheet_metal,1,3_density,8,,32,True,75.27777777777779,,22.0
sheet_metal,1,3_density,8,,32,True,81.2037037037037,,23.0
sheet_metal,1,3_density,8,,32,True,81.75925925925925,,24.0
sheet_metal,1,3_density,8,,32,True,80.83333333333333,,25.0
sheet_metal,1,3_density,8,,32,True,72.5,,26.0
sheet_metal,1,3_density,8,,32,True,87.22222222222223,,27.0
sheet_metal,1,3_density,8,,32,True,78.33333333333333,,28.0
sheet_metal,1,3_density,8,,32,True,79.16666666666667,,29.0
sheet_metal,1,3_density,8,,64,True,83.7962962962963,,0.0
sheet_metal,1,3_density,8,,64,True,82.68518518518519,,1.0
sheet_metal,1,3_density,8,,64,True,79.72222222222221,,2.0
sheet_metal,1,3_density,8,,64,True,84.72222222222221,,3.0
sheet_metal,1,3_density,8,,64,True,79.81481481481481,,4.0
sheet_metal,1,3_density,8,,64,True,85.74074074074075,,5.0
sheet_metal,1,3_density,8,,64,True,79.72222222222223,,6.0
sheet_metal,1,3_density,8,,64,True,81.20370370370371,,7.0
sheet_metal,1,3_density,8,,64,True,80.64814814814815,,8.0
sheet_metal,1,3_density,8,,64,True,78.98148148148148,,9.0
sheet_metal,1,3_density,8,,64,True,82.31481481481482,,10.0
sheet_metal,1,3_density,8,,64,True,81.38888888888889,,11.0
sheet_metal,1,3_density,8,,64,True,80.37037037037037,,12.0
sheet_metal,1,3_density,8,,64,True,69.81481481481482,,13.0
sheet_metal,1,3_density,8,,64,True,82.5925925925926,,14.0
sheet_metal,1,3_density,8,,64,True,80.64814814814815,,15.0
sheet_metal,1,3_density,8,,64,True,76.11111111111111,,16.0
sheet_metal,1,3_density,8,,64,True,79.44444444444446,,17.0
sheet_metal,1,3_density,8,,64,True,85.09259259259258,,18.0
sheet_metal,1,3_density,8,,64,True,87.03703703703704,,19.0
sheet_metal,1,3_density,8,,64,True,79.62962962962963,,20.0
sheet_metal,1,3_density,8,,64,True,82.40740740740742,,21.0
sheet_metal,1,3_density,8,,64,True,81.57407407407406,,22.0
sheet_metal,1,3_density,8,,64,True,76.01851851851852,,23.0
sheet_metal,1,3_density,8,,64,True,79.35185185185185,,24.0
sheet_metal,1,3_density,8,,64,True,80.46296296296296,,25.0
sheet_metal,1,3_density,8,,64,True,82.5925925925926,,26.0
sheet_metal,1,3_density,8,,64,True,83.24074074074075,,27.0
sheet_metal,1,3_density,8,,64,True,82.31481481481482,,28.0
sheet_metal,1,3_density,8,,64,True,79.53703703703704,,29.0
sheet_metal,2,1_budget100,1,1.0,1,False,63.42592592592593,,
sheet_metal,2,1_budget100,2,2.0,100,True,77.5925925925926,,
sheet_metal,2,1_budget100,4,4.0,87,False,83.98148148148148,,
sheet_metal,2,1_budget100,8,8.0,100,True,82.31481481481481,,
sheet_metal,2,1_budget100,16,16.0,100,True,91.20370370370371,,
sheet_metal,2,1_budget100,-1,45.0,100,True,88.88888888888889,,
sheet_metal,2,2_feasible,1,,4,True,67.68518518518518,4.0,0.0
sheet_metal,2,2_feasible,1,,4,True,69.53703703703702,4.0,1.0
sheet_metal,2,2_feasible,1,,4,True,74.9074074074074,4.0,2.0
sheet_metal,2,2_feasible,1,,4,True,66.20370370370371,4.0,3.0
sheet_metal,2,2_feasible,1,,4,True,78.98148148148148,4.0,4.0
sheet_metal,2,2_feasible,1,,4,True,65.92592592592592,4.0,5.0
sheet_metal,2,2_feasible,1,,4,True,81.48148148148148,4.0,6.0
sheet_metal,2,2_feasible,1,,4,True,71.75925925925925,4.0,7.0
sheet_metal,2,2_feasible,1,,4,True,71.85185185185186,4.0,8.0
sheet_metal,2,2_feasible,1,,4,True,73.7037037037037,4.0,9.0
sheet_metal,2,2_feasible,1,,4,True,79.16666666666667,4.0,10.0
sheet_metal,2,2_feasible,1,,4,True,80.74074074074073,4.0,11.0
sheet_metal,2,2_feasible,1,,4,True,76.01851851851852,4.0,12.0
sheet_metal,2,2_feasible,1,,4,True,74.9074074074074,4.0,13.0
sheet_metal,2,2_feasible,1,,4,True,85.46296296296296,4.0,14.0
sheet_metal,2,2_feasible,1,,4,True,69.62962962962963,4.0,15.0
sheet_metal,2,2_feasible,1,,4,True,63.888888888888886,4.0,16.0
sheet_metal,2,2_feasible,1,,4,True,76.85185185185186,4.0,17.0
sheet_metal,2,2_feasible,1,,4,True,70.64814814814815,4.0,18.0
sheet_metal,2,2_feasible,1,,4,True,77.77777777777779,4.0,19.0
sheet_metal,2,2_feasible,1,,4,True,77.03703703703705,4.0,20.0
sheet_metal,2,2_feasible,1,,4,True,70.92592592592592,4.0,21.0
sheet_metal,2,2_feasible,1,,4,True,83.7962962962963,4.0,22.0
sheet_metal,2,2_feasible,1,,4,True,73.9814814814815,4.0,23.0
sheet_metal,2,2_feasible,1,,4,True,49.166666666666664,4.0,24.0
sheet_metal,2,2_feasible,1,,4,True,72.5,4.0,25.0
sheet_metal,2,2_feasible,1,,4,True,47.77777777777778,4.0,26.0
sheet_metal,2,2_feasible,1,,4,True,69.72222222222221,4.0,27.0
sheet_metal,2,2_feasible,1,,4,True,81.66666666666667,4.0,28.0
sheet_metal,2,2_feasible,1,,4,True,70.0925925925926,4.0,29.0
sheet_metal,2,2_feasible,2,,4,True,86.01851851851852,4.0,0.0
sheet_metal,2,2_feasible,2,,4,True,80.27777777777779,4.0,1.0
sheet_metal,2,2_feasible,2,,4,True,62.5,4.0,2.0
sheet_metal,2,2_feasible,2,,4,True,64.25925925925927,4.0,3.0
sheet_metal,2,2_feasible,2,,4,True,53.7962962962963,4.0,4.0
sheet_metal,2,2_feasible,2,,4,True,66.85185185185185,4.0,5.0
sheet_metal,2,2_feasible,2,,4,True,75.0925925925926,4.0,6.0
sheet_metal,2,2_feasible,2,,4,True,76.85185185185186,4.0,7.0
sheet_metal,2,2_feasible,2,,4,True,61.2037037037037,4.0,8.0
sheet_metal,2,2_feasible,2,,4,True,83.33333333333334,4.0,9.0
sheet_metal,2,2_feasible,2,,4,True,75.46296296296296,4.0,10.0
sheet_metal,2,2_feasible,2,,4,True,60.185185185185176,4.0,11.0
sheet_metal,2,2_feasible,2,,4,True,81.20370370370371,4.0,12.0
sheet_metal,2,2_feasible,2,,4,True,75.18518518518518,4.0,13.0
sheet_metal,2,2_feasible,2,,4,True,66.57407407407408,4.0,14.0
sheet_metal,2,2_feasible,2,,4,True,78.7962962962963,4.0,15.0
sheet_metal,2,2_feasible,2,,4,True,45.09259259259258,4.0,16.0
sheet_metal,2,2_feasible,2,,4,True,39.537037037037045,4.0,17.0
sheet_metal,2,2_feasible,2,,4,True,56.481481481481474,4.0,18.0
sheet_metal,2,2_feasible,2,,4,True,82.22222222222223,4.0,19.0
sheet_metal,2,2_feasible,2,,4,True,81.2037037037037,4.0,20.0
sheet_metal,2,2_feasible,2,,4,True,77.22222222222221,4.0,21.0
sheet_metal,2,2_feasible,2,,4,True,79.81481481481481,4.0,22.0
sheet_metal,2,2_feasible,2,,4,True,78.61111111111111,4.0,23.0
sheet_metal,2,2_feasible,2,,4,True,82.68518518518519,4.0,24.0
sheet_metal,2,2_feasible,2,,4,True,78.8888888888889,4.0,25.0
sheet_metal,2,2_feasible,2,,4,True,83.42592592592592,4.0,26.0
sheet_metal,2,2_feasible,2,,4,True,79.35185185185185,4.0,27.0
sheet_metal,2,2_feasible,2,,4,True,73.98148148148147,4.0,28.0
sheet_metal,2,2_feasible,2,,4,True,57.407407407407405,4.0,29.0
sheet_metal,2,2_feasible,4,,4,True,82.87037037037037,4.0,0.0
sheet_metal,2,2_feasible,4,,4,True,55.37037037037037,4.0,1.0
sheet_metal,2,2_feasible,4,,4,True,76.38888888888889,4.0,2.0
sheet_metal,2,2_feasible,4,,4,True,74.81481481481481,4.0,3.0
sheet_metal,2,2_feasible,4,,4,True,90.37037037037037,4.0,4.0
sheet_metal,2,2_feasible,4,,4,True,78.9814814814815,4.0,5.0
sheet_metal,2,2_feasible,4,,4,True,81.4814814814815,4.0,6.0
sheet_metal,2,2_feasible,4,,4,True,85.18518518518519,4.0,7.0
sheet_metal,2,2_feasible,4,,4,True,70.46296296296296,4.0,8.0
sheet_metal,2,2_feasible,4,,4,True,72.87037037037037,4.0,9.0
sheet_metal,2,2_feasible,4,,4,True,75.27777777777777,4.0,10.0
sheet_metal,2,2_feasible,4,,4,True,85.0925925925926,4.0,11.0
sheet_metal,2,2_feasible,4,,4,True,72.31481481481482,4.0,12.0
sheet_metal,2,2_feasible,4,,4,True,87.22222222222223,4.0,13.0
sheet_metal,2,2_feasible,4,,4,True,67.96296296296296,4.0,14.0
sheet_metal,2,2_feasible,4,,4,True,79.81481481481481,4.0,15.0
sheet_metal,2,2_feasible,4,,4,True,56.666666666666664,4.0,16.0
sheet_metal,2,2_feasible,4,,4,True,81.48148148148148,4.0,17.0
sheet_metal,2,2_feasible,4,,4,True,73.14814814814815,4.0,18.0
sheet_metal,2,2_feasible,4,,4,True,88.42592592592592,4.0,19.0
sheet_metal,2,2_feasible,4,,4,True,73.79629629629629,4.0,20.0
sheet_metal,2,2_feasible,4,,4,True,71.85185185185186,4.0,21.0
sheet_metal,2,2_feasible,4,,4,True,73.33333333333334,4.0,22.0
sheet_metal,2,2_feasible,4,,4,True,86.1111111111111,4.0,23.0
sheet_metal,2,2_feasible,4,,4,True,77.77777777777777,4.0,24.0
sheet_metal,2,2_feasible,4,,4,True,84.16666666666666,4.0,25.0
sheet_metal,2,2_feasible,4,,4,True,84.72222222222221,4.0,26.0
sheet_metal,2,2_feasible,4,,4,True,81.20370370370371,4.0,27.0
sheet_metal,2,2_feasible,4,,4,True,79.9074074074074,4.0,28.0
sheet_metal,2,2_feasible,4,,4,True,86.38888888888889,4.0,29.0
sheet_metal,2,2_feasible,1,,8,True,79.44444444444446,8.0,0.0
sheet_metal,2,2_feasible,1,,8,True,81.29629629629629,8.0,1.0
sheet_metal,2,2_feasible,1,,8,True,72.03703703703704,8.0,2.0
sheet_metal,2,2_feasible,1,,8,True,65.83333333333333,8.0,3.0
sheet_metal,2,2_feasible,1,,8,True,65.27777777777779,8.0,4.0
sheet_metal,2,2_feasible,1,,8,True,72.31481481481481,8.0,5.0
sheet_metal,2,2_feasible,1,,8,True,69.07407407407406,8.0,6.0
sheet_metal,2,2_feasible,1,,8,True,79.9074074074074,8.0,7.0
sheet_metal,2,2_feasible,1,,8,True,69.81481481481482,8.0,8.0
sheet_metal,2,2_feasible,1,,8,True,82.31481481481482,8.0,9.0
sheet_metal,2,2_feasible,1,,8,True,43.333333333333336,8.0,10.0
sheet_metal,2,2_feasible,1,,8,True,81.66666666666667,8.0,11.0
sheet_metal,2,2_feasible,1,,8,True,78.33333333333333,8.0,12.0
sheet_metal,2,2_feasible,1,,8,True,81.11111111111111,8.0,13.0
sheet_metal,2,2_feasible,1,,8,True,78.98148148148148,8.0,14.0
sheet_metal,2,2_feasible,1,,8,True,81.2037037037037,8.0,15.0
sheet_metal,2,2_feasible,1,,8,True,79.53703703703704,8.0,16.0
sheet_metal,2,2_feasible,1,,8,True,78.61111111111111,8.0,17.0
sheet_metal,2,2_feasible,1,,8,True,63.888888888888886,8.0,18.0
sheet_metal,2,2_feasible,1,,8,True,72.77777777777779,8.0,19.0
sheet_metal,2,2_feasible,1,,8,True,81.94444444444444,8.0,20.0
sheet_metal,2,2_feasible,1,,8,True,61.48148148148147,8.0,21.0
sheet_metal,2,2_feasible,1,,8,True,81.57407407407408,8.0,22.0
sheet_metal,2,2_feasible,1,,8,True,81.11111111111111,8.0,23.0
sheet_metal,2,2_feasible,1,,8,True,70.92592592592592,8.0,24.0
sheet_metal,2,2_feasible,1,,8,True,67.68518518518518,8.0,25.0
sheet_metal,2,2_feasible,1,,8,True,52.222222222222214,8.0,26.0
sheet_metal,2,2_feasible,1,,8,True,74.44444444444444,8.0,27.0
sheet_metal,2,2_feasible,1,,8,True,76.38888888888889,8.0,28.0
sheet_metal,2,2_feasible,1,,8,True,74.16666666666666,8.0,29.0
sheet_metal,2,2_feasible,2,,8,True,87.03703703703704,8.0,0.0
sheet_metal,2,2_feasible,2,,8,True,80.37037037037037,8.0,1.0
sheet_metal,2,2_feasible,2,,8,True,64.72222222222223,8.0,2.0
sheet_metal,2,2_feasible,2,,8,True,52.22222222222223,8.0,3.0
sheet_metal,2,2_feasible,2,,8,True,75.55555555555556,8.0,4.0
sheet_metal,2,2_feasible,2,,8,True,48.51851851851852,8.0,5.0
sheet_metal,2,2_feasible,2,,8,True,83.88888888888889,8.0,6.0
sheet_metal,2,2_feasible,2,,8,True,81.94444444444444,8.0,7.0
sheet_metal,2,2_feasible,2,,8,True,85.74074074074075,8.0,8.0
sheet_metal,2,2_feasible,2,,8,True,79.25925925925925,8.0,9.0
sheet_metal,2,2_feasible,2,,8,True,70.37037037037037,8.0,10.0
sheet_metal,2,2_feasible,2,,8,True,78.05555555555556,8.0,11.0
sheet_metal,2,2_feasible,2,,8,True,53.51851851851852,8.0,12.0
sheet_metal,2,2_feasible,2,,8,True,84.81481481481481,8.0,13.0
sheet_metal,2,2_feasible,2,,8,True,67.12962962962963,8.0,14.0
sheet_metal,2,2_feasible,2,,8,True,73.33333333333333,8.0,15.0
sheet_metal,2,2_feasible,2,,8,True,70.83333333333334,8.0,16.0
sheet_metal,2,2_feasible,2,,8,True,72.59259259259258,8.0,17.0
sheet_metal,2,2_feasible,2,,8,True,80.0925925925926,8.0,18.0
sheet_metal,2,2_feasible,2,,8,True,79.62962962962963,8.0,19.0
sheet_metal,2,2_feasible,2,,8,True,82.96296296296298,8.0,20.0
sheet_metal,2,2_feasible,2,,8,True,83.14814814814815,8.0,21.0
sheet_metal,2,2_feasible,2,,8,True,68.88888888888889,8.0,22.0
sheet_metal,2,2_feasible,2,,8,True,77.96296296296296,8.0,23.0
sheet_metal,2,2_feasible,2,,8,True,76.29629629629629,8.0,24.0
sheet_metal,2,2_feasible,2,,8,True,83.33333333333334,8.0,25.0
sheet_metal,2,2_feasible,2,,8,True,70.27777777777779,8.0,26.0
sheet_metal,2,2_feasible,2,,8,True,83.61111111111111,8.0,27.0
sheet_metal,2,2_feasible,2,,8,True,85.55555555555556,8.0,28.0
sheet_metal,2,2_feasible,2,,8,True,79.07407407407408,8.0,29.0
sheet_metal,2,2_feasible,4,,8,True,60.370370370370374,8.0,0.0
sheet_metal,2,2_feasible,4,,8,True,73.05555555555556,8.0,1.0
sheet_metal,2,2_feasible,4,,8,True,79.07407407407408,8.0,2.0
sheet_metal,2,2_feasible,4,,8,True,76.01851851851852,8.0,3.0
sheet_metal,2,2_feasible,4,,8,True,80.55555555555556,8.0,4.0
sheet_metal,2,2_feasible,4,,8,True,82.4074074074074,8.0,5.0
sheet_metal,2,2_feasible,4,,8,True,93.9814814814815,8.0,6.0
sheet_metal,2,2_feasible,4,,8,True,80.64814814814815,8.0,7.0
sheet_metal,2,2_feasible,4,,8,True,78.88888888888889,8.0,8.0
sheet_metal,2,2_feasible,4,,8,True,81.75925925925925,8.0,9.0
sheet_metal,2,2_feasible,4,,8,True,73.05555555555556,8.0,10.0
sheet_metal,2,2_feasible,4,,8,True,82.68518518518519,8.0,11.0
sheet_metal,2,2_feasible,4,,8,True,77.12962962962962,8.0,12.0
sheet_metal,2,2_feasible,4,,8,True,84.62962962962963,8.0,13.0
sheet_metal,2,2_feasible,4,,8,True,75.27777777777777,8.0,14.0
sheet_metal,2,2_feasible,4,,8,True,83.14814814814815,8.0,15.0
sheet_metal,2,2_feasible,4,,8,True,77.96296296296296,8.0,16.0
sheet_metal,2,2_feasible,4,,8,True,72.31481481481481,8.0,17.0
sheet_metal,2,2_feasible,4,,8,True,71.66666666666667,8.0,18.0
sheet_metal,2,2_feasible,4,,8,True,87.03703703703704,8.0,19.0
sheet_metal,2,2_feasible,4,,8,True,57.96296296296297,8.0,20.0
sheet_metal,2,2_feasible,4,,8,True,77.96296296296296,8.0,21.0
sheet_metal,2,2_feasible,4,,8,True,85.18518518518519,8.0,22.0
sheet_metal,2,2_feasible,4,,8,True,90.37037037037037,8.0,23.0
sheet_metal,2,2_feasible,4,,8,True,80.18518518518519,8.0,24.0
sheet_metal,2,2_feasible,4,,8,True,84.9074074074074,8.0,25.0
sheet_metal,2,2_feasible,4,,8,True,92.96296296296298,8.0,26.0
sheet_metal,2,2_feasible,4,,8,True,86.29629629629629,8.0,27.0
sheet_metal,2,2_feasible,4,,8,True,84.25925925925925,8.0,28.0
sheet_metal,2,2_feasible,4,,8,True,65.64814814814814,8.0,29.0
sheet_metal,2,2_feasible,8,,8,True,86.29629629629629,8.0,0.0
sheet_metal,2,2_feasible,8,,8,True,88.42592592592592,8.0,1.0
sheet_metal,2,2_feasible,8,,8,True,75.64814814814814,8.0,2.0
sheet_metal,2,2_feasible,8,,8,True,87.77777777777777,8.0,3.0
sheet_metal,2,2_feasible,8,,8,True,82.87037037037037,8.0,4.0
sheet_metal,2,2_feasible,8,,8,True,89.81481481481481,8.0,5.0
sheet_metal,2,2_feasible,8,,8,True,86.48148148148148,8.0,6.0
sheet_metal,2,2_feasible,8,,8,True,85.09259259259258,8.0,7.0
sheet_metal,2,2_feasible,8,,8,True,90.74074074074075,8.0,8.0
sheet_metal,2,2_feasible,8,,8,True,85.27777777777779,8.0,9.0
sheet_metal,2,2_feasible,8,,8,True,77.87037037037037,8.0,10.0
sheet_metal,2,2_feasible,8,,8,True,77.12962962962962,8.0,11.0
sheet_metal,2,2_feasible,8,,8,True,80.92592592592594,8.0,12.0
sheet_metal,2,2_feasible,8,,8,True,89.35185185185185,8.0,13.0
sheet_metal,2,2_feasible,8,,8,True,87.77777777777777,8.0,14.0
sheet_metal,2,2_feasible,8,,8,True,85.27777777777779,8.0,15.0
sheet_metal,2,2_feasible,8,,8,True,65.55555555555557,8.0,16.0
sheet_metal,2,2_feasible,8,,8,True,96.01851851851852,8.0,17.0
sheet_metal,2,2_feasible,8,,8,True,75.0,8.0,18.0
sheet_metal,2,2_feasible,8,,8,True,83.98148148148148,8.0,19.0
sheet_metal,2,2_feasible,8,,8,True,90.92592592592594,8.0,20.0
sheet_metal,2,2_feasible,8,,8,True,65.64814814814814,8.0,21.0
sheet_metal,2,2_feasible,8,,8,True,79.53703703703704,8.0,22.0
sheet_metal,2,2_feasible,8,,8,True,72.03703703703704,8.0,23.0
sheet_metal,2,2_feasible,8,,8,True,82.5925925925926,8.0,24.0
sheet_metal,2,2_feasible,8,,8,True,90.83333333333333,8.0,25.0
sheet_metal,2,2_feasible,8,,8,True,88.88888888888889,8.0,26.0
sheet_metal,2,2_feasible,8,,8,True,83.7037037037037,8.0,27.0
sheet_metal,2,2_feasible,8,,8,True,84.16666666666666,8.0,28.0
sheet_metal,2,2_feasible,8,,8,True,82.4074074074074,8.0,29.0
sheet_metal,2,2b_rich_only,1,,4,True,75.27777777777777,4.0,0.0
sheet_metal,2,2b_rich_only,1,,4,True,66.85185185185185,4.0,1.0
sheet_metal,2,2b_rich_only,1,,4,True,94.72222222222221,4.0,2.0
sheet_metal,2,2b_rich_only,1,,4,True,76.48148148148147,4.0,3.0
sheet_metal,2,2b_rich_only,1,,4,True,84.9074074074074,4.0,4.0
sheet_metal,2,2b_rich_only,1,,4,True,71.2962962962963,4.0,5.0
sheet_metal,2,2b_rich_only,1,,4,True,35.18518518518518,4.0,6.0
sheet_metal,2,2b_rich_only,1,,4,True,66.85185185185185,4.0,7.0
sheet_metal,2,2b_rich_only,1,,4,True,80.18518518518518,4.0,8.0
sheet_metal,2,2b_rich_only,1,,4,True,67.4074074074074,4.0,9.0
sheet_metal,2,2b_rich_only,1,,4,True,74.25925925925927,4.0,10.0
sheet_metal,2,2b_rich_only,1,,4,True,80.46296296296298,4.0,11.0
sheet_metal,2,2b_rich_only,1,,4,True,76.48148148148148,4.0,12.0
sheet_metal,2,2b_rich_only,1,,4,True,64.16666666666667,4.0,13.0
sheet_metal,2,2b_rich_only,1,,4,True,84.62962962962963,4.0,14.0
sheet_metal,2,2b_rich_only,1,,4,True,81.75925925925927,4.0,15.0
sheet_metal,2,2b_rich_only,1,,4,True,41.85185185185185,4.0,16.0
sheet_metal,2,2b_rich_only,1,,4,True,69.16666666666667,4.0,17.0
sheet_metal,2,2b_rich_only,1,,4,True,69.25925925925925,4.0,18.0
sheet_metal,2,2b_rich_only,1,,4,True,80.55555555555557,4.0,19.0
sheet_metal,2,2b_rich_only,1,,4,True,74.62962962962962,4.0,20.0
sheet_metal,2,2b_rich_only,1,,4,True,79.35185185185185,4.0,21.0
sheet_metal,2,2b_rich_only,1,,4,True,66.66666666666667,4.0,22.0
sheet_metal,2,2b_rich_only,1,,4,True,77.40740740740742,4.0,23.0
sheet_metal,2,2b_rich_only,1,,4,True,46.01851851851852,4.0,24.0
sheet_metal,2,2b_rich_only,1,,4,True,60.277777777777786,4.0,25.0
sheet_metal,2,2b_rich_only,1,,4,True,61.01851851851852,4.0,26.0
sheet_metal,2,2b_rich_only,1,,4,True,80.0,4.0,27.0
sheet_metal,2,2b_rich_only,1,,4,True,74.25925925925925,4.0,28.0
sheet_metal,2,2b_rich_only,1,,4,True,78.98148148148148,4.0,29.0
sheet_metal,2,2b_rich_only,2,,4,True,81.66666666666667,4.0,0.0
sheet_metal,2,2b_rich_only,2,,4,True,58.6111111111111,4.0,1.0
sheet_metal,2,2b_rich_only,2,,4,True,83.42592592592594,4.0,2.0
sheet_metal,2,2b_rich_only,2,,4,True,80.64814814814815,4.0,3.0
sheet_metal,2,2b_rich_only,2,,4,True,65.0,4.0,4.0
sheet_metal,2,2b_rich_only,2,,4,True,74.44444444444444,4.0,5.0
sheet_metal,2,2b_rich_only,2,,4,True,81.20370370370371,4.0,6.0
sheet_metal,2,2b_rich_only,2,,4,True,80.46296296296296,4.0,7.0
sheet_metal,2,2b_rich_only,2,,4,True,73.70370370370371,4.0,8.0
sheet_metal,2,2b_rich_only,2,,4,True,76.66666666666667,4.0,9.0
sheet_metal,2,2b_rich_only,2,,4,True,75.27777777777777,4.0,10.0
sheet_metal,2,2b_rich_only,2,,4,True,80.55555555555556,4.0,11.0
sheet_metal,2,2b_rich_only,2,,4,True,75.46296296296296,4.0,12.0
sheet_metal,2,2b_rich_only,2,,4,True,69.16666666666667,4.0,13.0
sheet_metal,2,2b_rich_only,2,,4,True,75.92592592592592,4.0,14.0
sheet_metal,2,2b_rich_only,2,,4,True,72.22222222222221,4.0,15.0
sheet_metal,2,2b_rich_only,2,,4,True,55.18518518518518,4.0,16.0
sheet_metal,2,2b_rich_only,2,,4,True,78.51851851851852,4.0,17.0
sheet_metal,2,2b_rich_only,2,,4,True,88.51851851851852,4.0,18.0
sheet_metal,2,2b_rich_only,2,,4,True,78.05555555555556,4.0,19.0
sheet_metal,2,2b_rich_only,2,,4,True,80.55555555555554,4.0,20.0
sheet_metal,2,2b_rich_only,2,,4,True,86.11111111111111,4.0,21.0
sheet_metal,2,2b_rich_only,2,,4,True,80.0,4.0,22.0
sheet_metal,2,2b_rich_only,2,,4,True,83.7962962962963,4.0,23.0
sheet_metal,2,2b_rich_only,2,,4,True,59.444444444444436,4.0,24.0
sheet_metal,2,2b_rich_only,2,,4,True,78.7962962962963,4.0,25.0
sheet_metal,2,2b_rich_only,2,,4,True,65.27777777777777,4.0,26.0
sheet_metal,2,2b_rich_only,2,,4,True,70.92592592592592,4.0,27.0
sheet_metal,2,2b_rich_only,2,,4,True,67.12962962962963,4.0,28.0
sheet_metal,2,2b_rich_only,2,,4,True,77.03703703703704,4.0,29.0
sheet_metal,2,2b_rich_only,4,,4,True,90.83333333333333,4.0,0.0
sheet_metal,2,2b_rich_only,4,,4,True,69.53703703703704,4.0,1.0
sheet_metal,2,2b_rich_only,4,,4,True,66.48148148148148,4.0,2.0
sheet_metal,2,2b_rich_only,4,,4,True,72.4074074074074,4.0,3.0
sheet_metal,2,2b_rich_only,4,,4,True,62.5,4.0,4.0
sheet_metal,2,2b_rich_only,4,,4,True,76.66666666666666,4.0,5.0
sheet_metal,2,2b_rich_only,4,,4,True,83.42592592592592,4.0,6.0
sheet_metal,2,2b_rich_only,4,,4,True,68.24074074074073,4.0,7.0
sheet_metal,2,2b_rich_only,4,,4,True,70.92592592592592,4.0,8.0
sheet_metal,2,2b_rich_only,4,,4,True,75.18518518518519,4.0,9.0
sheet_metal,2,2b_rich_only,4,,4,True,86.11111111111111,4.0,10.0
sheet_metal,2,2b_rich_only,4,,4,True,81.38888888888887,4.0,11.0
sheet_metal,2,2b_rich_only,4,,4,True,67.96296296296296,4.0,12.0
sheet_metal,2,2b_rich_only,4,,4,True,78.42592592592592,4.0,13.0
sheet_metal,2,2b_rich_only,4,,4,True,54.35185185185185,4.0,14.0
sheet_metal,2,2b_rich_only,4,,4,True,84.62962962962963,4.0,15.0
sheet_metal,2,2b_rich_only,4,,4,True,74.07407407407408,4.0,16.0
sheet_metal,2,2b_rich_only,4,,4,True,80.92592592592594,4.0,17.0
sheet_metal,2,2b_rich_only,4,,4,True,74.44444444444444,4.0,18.0
sheet_metal,2,2b_rich_only,4,,4,True,61.759259259259245,4.0,19.0
sheet_metal,2,2b_rich_only,4,,4,True,77.12962962962962,4.0,20.0
sheet_metal,2,2b_rich_only,4,,4,True,86.48148148148148,4.0,21.0
sheet_metal,2,2b_rich_only,4,,4,True,81.85185185185185,4.0,22.0
sheet_metal,2,2b_rich_only,4,,4,True,82.12962962962963,4.0,23.0
sheet_metal,2,2b_rich_only,4,,4,True,83.24074074074073,4.0,24.0
sheet_metal,2,2b_rich_only,4,,4,True,62.68518518518519,4.0,25.0
sheet_metal,2,2b_rich_only,4,,4,True,84.07407407407408,4.0,26.0
sheet_metal,2,2b_rich_only,4,,4,True,80.64814814814815,4.0,27.0
sheet_metal,2,2b_rich_only,4,,4,True,82.5925925925926,4.0,28.0
sheet_metal,2,2b_rich_only,4,,4,True,87.5925925925926,4.0,29.0
sheet_metal,2,2b_rich_only,1,,8,True,80.18518518518519,8.0,0.0
sheet_metal,2,2b_rich_only,1,,8,True,80.0,8.0,1.0
sheet_metal,2,2b_rich_only,1,,8,True,75.46296296296295,8.0,2.0
sheet_metal,2,2b_rich_only,1,,8,True,77.49999999999999,8.0,3.0
sheet_metal,2,2b_rich_only,1,,8,True,76.29629629629629,8.0,4.0
sheet_metal,2,2b_rich_only,1,,8,True,74.53703703703705,8.0,5.0
sheet_metal,2,2b_rich_only,1,,8,True,54.53703703703704,8.0,6.0
sheet_metal,2,2b_rich_only,1,,8,True,76.85185185185185,8.0,7.0
sheet_metal,2,2b_rich_only,1,,8,True,84.9074074074074,8.0,8.0
sheet_metal,2,2b_rich_only,1,,8,True,69.44444444444444,8.0,9.0
sheet_metal,2,2b_rich_only,1,,8,True,79.16666666666666,8.0,10.0
sheet_metal,2,2b_rich_only,1,,8,True,62.12962962962963,8.0,11.0
sheet_metal,2,2b_rich_only,1,,8,True,62.12962962962963,8.0,12.0
sheet_metal,2,2b_rich_only,1,,8,True,79.9074074074074,8.0,13.0
sheet_metal,2,2b_rich_only,1,,8,True,68.42592592592592,8.0,14.0
sheet_metal,2,2b_rich_only,1,,8,True,82.68518518518519,8.0,15.0
sheet_metal,2,2b_rich_only,1,,8,True,77.96296296296296,8.0,16.0
sheet_metal,2,2b_rich_only,1,,8,True,80.83333333333333,8.0,17.0
sheet_metal,2,2b_rich_only,1,,8,True,68.61111111111111,8.0,18.0
sheet_metal,2,2b_rich_only,1,,8,True,80.92592592592592,8.0,19.0
sheet_metal,2,2b_rich_only,1,,8,True,74.9074074074074,8.0,20.0
sheet_metal,2,2b_rich_only,1,,8,True,73.61111111111111,8.0,21.0
sheet_metal,2,2b_rich_only,1,,8,True,68.42592592592592,8.0,22.0
sheet_metal,2,2b_rich_only,1,,8,True,41.75925925925926,8.0,23.0
sheet_metal,2,2b_rich_only,1,,8,True,84.44444444444444,8.0,24.0
sheet_metal,2,2b_rich_only,1,,8,True,70.0925925925926,8.0,25.0
sheet_metal,2,2b_rich_only,1,,8,True,79.81481481481481,8.0,26.0
sheet_metal,2,2b_rich_only,1,,8,True,56.574074074074076,8.0,27.0
sheet_metal,2,2b_rich_only,1,,8,True,79.53703703703704,8.0,28.0
sheet_metal,2,2b_rich_only,1,,8,True,73.14814814814814,8.0,29.0
sheet_metal,2,2b_rich_only,2,,8,True,82.96296296296296,8.0,0.0
sheet_metal,2,2b_rich_only,2,,8,True,75.64814814814815,8.0,1.0
sheet_metal,2,2b_rich_only,2,,8,True,84.81481481481482,8.0,2.0
sheet_metal,2,2b_rich_only,2,,8,True,79.07407407407408,8.0,3.0
sheet_metal,2,2b_rich_only,2,,8,True,66.57407407407408,8.0,4.0
sheet_metal,2,2b_rich_only,2,,8,True,81.2962962962963,8.0,5.0
sheet_metal,2,2b_rich_only,2,,8,True,82.96296296296296,8.0,6.0
sheet_metal,2,2b_rich_only,2,,8,True,81.4814814814815,8.0,7.0
sheet_metal,2,2b_rich_only,2,,8,True,81.2037037037037,8.0,8.0
sheet_metal,2,2b_rich_only,2,,8,True,85.37037037037038,8.0,9.0
sheet_metal,2,2b_rich_only,2,,8,True,83.14814814814815,8.0,10.0
sheet_metal,2,2b_rich_only,2,,8,True,72.5,8.0,11.0
sheet_metal,2,2b_rich_only,2,,8,True,82.68518518518519,8.0,12.0
sheet_metal,2,2b_rich_only,2,,8,True,77.5925925925926,8.0,13.0
sheet_metal,2,2b_rich_only,2,,8,True,81.11111111111111,8.0,14.0
sheet_metal,2,2b_rich_only,2,,8,True,72.5,8.0,15.0
sheet_metal,2,2b_rich_only,2,,8,True,83.61111111111111,8.0,16.0
sheet_metal,2,2b_rich_only,2,,8,True,65.0,8.0,17.0
sheet_metal,2,2b_rich_only,2,,8,True,85.18518518518519,8.0,18.0
sheet_metal,2,2b_rich_only,2,,8,True,74.62962962962963,8.0,19.0
sheet_metal,2,2b_rich_only,2,,8,True,86.01851851851852,8.0,20.0
sheet_metal,2,2b_rich_only,2,,8,True,77.96296296296296,8.0,21.0
sheet_metal,2,2b_rich_only,2,,8,True,86.57407407407408,8.0,22.0
sheet_metal,2,2b_rich_only,2,,8,True,80.92592592592591,8.0,23.0
sheet_metal,2,2b_rich_only,2,,8,True,77.31481481481481,8.0,24.0
sheet_metal,2,2b_rich_only,2,,8,True,69.25925925925927,8.0,25.0
sheet_metal,2,2b_rich_only,2,,8,True,81.01851851851852,8.0,26.0
sheet_metal,2,2b_rich_only,2,,8,True,83.7037037037037,8.0,27.0
sheet_metal,2,2b_rich_only,2,,8,True,92.5925925925926,8.0,28.0
sheet_metal,2,2b_rich_only,2,,8,True,67.5,8.0,29.0
sheet_metal,2,2b_rich_only,4,,8,True,82.77777777777779,8.0,0.0
sheet_metal,2,2b_rich_only,4,,8,True,79.35185185185185,8.0,1.0
sheet_metal,2,2b_rich_only,4,,8,True,76.48148148148148,8.0,2.0
sheet_metal,2,2b_rich_only,4,,8,True,77.96296296296296,8.0,3.0
sheet_metal,2,2b_rich_only,4,,8,True,78.51851851851852,8.0,4.0
sheet_metal,2,2b_rich_only,4,,8,True,87.5925925925926,8.0,5.0
sheet_metal,2,2b_rich_only,4,,8,True,76.01851851851852,8.0,6.0
sheet_metal,2,2b_rich_only,4,,8,True,93.5185185185185,8.0,7.0
sheet_metal,2,2b_rich_only,4,,8,True,82.68518518518519,8.0,8.0
sheet_metal,2,2b_rich_only,4,,8,True,95.83333333333334,8.0,9.0
sheet_metal,2,2b_rich_only,4,,8,True,85.00000000000001,8.0,10.0
sheet_metal,2,2b_rich_only,4,,8,True,78.14814814814815,8.0,11.0
sheet_metal,2,2b_rich_only,4,,8,True,67.03703703703704,8.0,12.0
sheet_metal,2,2b_rich_only,4,,8,True,91.01851851851852,8.0,13.0
sheet_metal,2,2b_rich_only,4,,8,True,85.27777777777777,8.0,14.0
sheet_metal,2,2b_rich_only,4,,8,True,67.59259259259261,8.0,15.0
sheet_metal,2,2b_rich_only,4,,8,True,84.16666666666667,8.0,16.0
sheet_metal,2,2b_rich_only,4,,8,True,87.96296296296295,8.0,17.0
sheet_metal,2,2b_rich_only,4,,8,True,74.35185185185186,8.0,18.0
sheet_metal,2,2b_rich_only,4,,8,True,80.46296296296296,8.0,19.0
sheet_metal,2,2b_rich_only,4,,8,True,80.27777777777779,8.0,20.0
sheet_metal,2,2b_rich_only,4,,8,True,73.51851851851853,8.0,21.0
sheet_metal,2,2b_rich_only,4,,8,True,86.75925925925925,8.0,22.0
sheet_metal,2,2b_rich_only,4,,8,True,78.98148148148148,8.0,23.0
sheet_metal,2,2b_rich_only,4,,8,True,86.20370370370371,8.0,24.0
sheet_metal,2,2b_rich_only,4,,8,True,69.81481481481482,8.0,25.0
sheet_metal,2,2b_rich_only,4,,8,True,80.83333333333333,8.0,26.0
sheet_metal,2,2b_rich_only,4,,8,True,69.62962962962963,8.0,27.0
sheet_metal,2,2b_rich_only,4,,8,True,86.2037037037037,8.0,28.0
sheet_metal,2,2b_rich_only,4,,8,True,65.27777777777779,8.0,29.0
sheet_metal,2,2b_rich_only,8,,8,True,89.16666666666666,8.0,0.0
sheet_metal,2,2b_rich_only,8,,8,True,92.31481481481481,8.0,1.0
sheet_metal,2,2b_rich_only,8,,8,True,84.72222222222223,8.0,2.0
sheet_metal,2,2b_rich_only,8,,8,True,73.33333333333334,8.0,3.0
sheet_metal,2,2b_rich_only,8,,8,True,78.7962962962963,8.0,4.0
sheet_metal,2,2b_rich_only,8,,8,True,90.64814814814815,8.0,5.0
sheet_metal,2,2b_rich_only,8,,8,True,91.57407407407408,8.0,6.0
sheet_metal,2,2b_rich_only,8,,8,True,85.55555555555556,8.0,7.0
sheet_metal,2,2b_rich_only,8,,8,True,84.9074074074074,8.0,8.0
sheet_metal,2,2b_rich_only,8,,8,True,83.7037037037037,8.0,9.0
sheet_metal,2,2b_rich_only,8,,8,True,89.90740740740742,8.0,10.0
sheet_metal,2,2b_rich_only,8,,8,True,82.22222222222221,8.0,11.0
sheet_metal,2,2b_rich_only,8,,8,True,69.35185185185185,8.0,12.0
sheet_metal,2,2b_rich_only,8,,8,True,79.35185185185185,8.0,13.0
sheet_metal,2,2b_rich_only,8,,8,True,84.9074074074074,8.0,14.0
sheet_metal,2,2b_rich_only,8,,8,True,92.22222222222221,8.0,15.0
sheet_metal,2,2b_rich_only,8,,8,True,83.05555555555554,8.0,16.0
sheet_metal,2,2b_rich_only,8,,8,True,89.44444444444444,8.0,17.0
sheet_metal,2,2b_rich_only,8,,8,True,87.87037037037037,8.0,18.0
sheet_metal,2,2b_rich_only,8,,8,True,66.75925925925925,8.0,19.0
sheet_metal,2,2b_rich_only,8,,8,True,73.51851851851852,8.0,20.0
sheet_metal,2,2b_rich_only,8,,8,True,73.05555555555556,8.0,21.0
sheet_metal,2,2b_rich_only,8,,8,True,82.12962962962963,8.0,22.0
sheet_metal,2,2b_rich_only,8,,8,True,83.7962962962963,8.0,23.0
sheet_metal,2,2b_rich_only,8,,8,True,78.24074074074073,8.0,24.0
sheet_metal,2,2b_rich_only,8,,8,True,76.75925925925925,8.0,25.0
sheet_metal,2,2b_rich_only,8,,8,True,70.0,8.0,26.0
sheet_metal,2,2b_rich_only,8,,8,True,74.44444444444444,8.0,27.0
sheet_metal,2,2b_rich_only,8,,8,True,86.85185185185186,8.0,28.0
sheet_metal,2,2b_rich_only,8,,8,True,89.44444444444444,8.0,29.0
sheet_metal,2,3_density,8,,2,True,69.16666666666667,,0.0
sheet_metal,2,3_density,8,,2,True,58.14814814814815,,1.0
sheet_metal,2,3_density,8,,2,True,58.425925925925924,,2.0
sheet_metal,2,3_density,8,,2,True,78.7962962962963,,3.0
sheet_metal,2,3_density,8,,2,True,83.05555555555556,,4.0
sheet_metal,2,3_density,8,,2,True,71.48148148148148,,5.0
sheet_metal,2,3_density,8,,2,True,55.46296296296297,,6.0
sheet_metal,2,3_density,8,,2,True,58.425925925925924,,7.0
sheet_metal,2,3_density,8,,2,True,77.5,,8.0
sheet_metal,2,3_density,8,,2,True,60.37037037037037,,9.0
sheet_metal,2,3_density,8,,2,True,81.29629629629629,,10.0
sheet_metal,2,3_density,8,,2,True,76.11111111111111,,11.0
sheet_metal,2,3_density,8,,2,True,81.57407407407406,,12.0
sheet_metal,2,3_density,8,,2,True,68.9814814814815,,13.0
sheet_metal,2,3_density,8,,2,True,60.74074074074074,,14.0
sheet_metal,2,3_density,8,,2,True,86.66666666666666,,15.0
sheet_metal,2,3_density,8,,2,True,81.66666666666667,,16.0
sheet_metal,2,3_density,8,,2,True,80.27777777777779,,17.0
sheet_metal,2,3_density,8,,2,True,47.129629629629626,,18.0
sheet_metal,2,3_density,8,,2,True,72.87037037037038,,19.0
sheet_metal,2,3_density,8,,2,True,53.333333333333336,,20.0
sheet_metal,2,3_density,8,,2,True,42.407407407407405,,21.0
sheet_metal,2,3_density,8,,2,True,77.12962962962963,,22.0
sheet_metal,2,3_density,8,,2,True,69.53703703703702,,23.0
sheet_metal,2,3_density,8,,2,True,78.7037037037037,,24.0
sheet_metal,2,3_density,8,,2,True,54.074074074074076,,25.0
sheet_metal,2,3_density,8,,2,True,73.24074074074073,,26.0
sheet_metal,2,3_density,8,,2,True,80.46296296296298,,27.0
sheet_metal,2,3_density,8,,2,True,68.61111111111111,,28.0
sheet_metal,2,3_density,8,,2,True,58.98148148148148,,29.0
sheet_metal,2,3_density,8,,4,True,68.5185185185185,,0.0
sheet_metal,2,3_density,8,,4,True,71.94444444444444,,1.0
sheet_metal,2,3_density,8,,4,True,75.0925925925926,,2.0
sheet_metal,2,3_density,8,,4,True,82.68518518518519,,3.0
sheet_metal,2,3_density,8,,4,True,78.24074074074073,,4.0
sheet_metal,2,3_density,8,,4,True,50.46296296296296,,5.0
sheet_metal,2,3_density,8,,4,True,88.33333333333333,,6.0
sheet_metal,2,3_density,8,,4,True,58.6111111111111,,7.0
sheet_metal,2,3_density,8,,4,True,72.87037037037038,,8.0
sheet_metal,2,3_density,8,,4,True,71.29629629629629,,9.0
sheet_metal,2,3_density,8,,4,True,77.5925925925926,,10.0
sheet_metal,2,3_density,8,,4,True,82.03703703703704,,11.0
sheet_metal,2,3_density,8,,4,True,92.87037037037038,,12.0
sheet_metal,2,3_density,8,,4,True,61.66666666666667,,13.0
sheet_metal,2,3_density,8,,4,True,73.88888888888889,,14.0
sheet_metal,2,3_density,8,,4,True,69.16666666666667,,15.0
sheet_metal,2,3_density,8,,4,True,61.29629629629629,,16.0
sheet_metal,2,3_density,8,,4,True,55.55555555555556,,17.0
sheet_metal,2,3_density,8,,4,True,82.4074074074074,,18.0
sheet_metal,2,3_density,8,,4,True,70.83333333333333,,19.0
sheet_metal,2,3_density,8,,4,True,79.44444444444446,,20.0
sheet_metal,2,3_density,8,,4,True,66.57407407407408,,21.0
sheet_metal,2,3_density,8,,4,True,77.5925925925926,,22.0
sheet_metal,2,3_density,8,,4,True,79.07407407407408,,23.0
sheet_metal,2,3_density,8,,4,True,88.42592592592592,,24.0
sheet_metal,2,3_density,8,,4,True,70.83333333333334,,25.0
sheet_metal,2,3_density,8,,4,True,78.14814814814814,,26.0
sheet_metal,2,3_density,8,,4,True,83.88888888888889,,27.0
sheet_metal,2,3_density,8,,4,True,72.68518518518518,,28.0
sheet_metal,2,3_density,8,,4,True,84.9074074074074,,29.0
sheet_metal,2,3_density,8,,8,True,89.25925925925927,,0.0
sheet_metal,2,3_density,8,,8,True,74.72222222222223,,1.0
sheet_metal,2,3_density,8,,8,True,82.31481481481482,,2.0
sheet_metal,2,3_density,8,,8,True,85.0925925925926,,3.0
sheet_metal,2,3_density,8,,8,True,89.07407407407408,,4.0
sheet_metal,2,3_density,8,,8,True,85.27777777777777,,5.0
sheet_metal,2,3_density,8,,8,True,71.11111111111111,,6.0
sheet_metal,2,3_density,8,,8,True,81.11111111111111,,7.0
sheet_metal,2,3_density,8,,8,True,73.6111111111111,,8.0
sheet_metal,2,3_density,8,,8,True,81.94444444444444,,9.0
sheet_metal,2,3_density,8,,8,True,68.98148148148148,,10.0
sheet_metal,2,3_density,8,,8,True,76.38888888888889,,11.0
sheet_metal,2,3_density,8,,8,True,81.11111111111111,,12.0
sheet_metal,2,3_density,8,,8,True,85.74074074074073,,13.0
sheet_metal,2,3_density,8,,8,True,91.2962962962963,,14.0
sheet_metal,2,3_density,8,,8,True,82.31481481481481,,15.0
sheet_metal,2,3_density,8,,8,True,69.9074074074074,,16.0
sheet_metal,2,3_density,8,,8,True,79.44444444444446,,17.0
sheet_metal,2,3_density,8,,8,True,88.33333333333333,,18.0
sheet_metal,2,3_density,8,,8,True,64.35185185185185,,19.0
sheet_metal,2,3_density,8,,8,True,73.42592592592592,,20.0
sheet_metal,2,3_density,8,,8,True,79.9074074074074,,21.0
sheet_metal,2,3_density,8,,8,True,88.42592592592592,,22.0
sheet_metal,2,3_density,8,,8,True,78.33333333333334,,23.0
sheet_metal,2,3_density,8,,8,True,76.3888888888889,,24.0
sheet_metal,2,3_density,8,,8,True,78.7037037037037,,25.0
sheet_metal,2,3_density,8,,8,True,70.0925925925926,,26.0
sheet_metal,2,3_density,8,,8,True,78.14814814814814,,27.0
sheet_metal,2,3_density,8,,8,True,79.9074074074074,,28.0
sheet_metal,2,3_density,8,,8,True,84.62962962962963,,29.0
sheet_metal,2,3_density,8,,16,True,83.51851851851852,,0.0
sheet_metal,2,3_density,8,,16,True,78.61111111111111,,1.0
sheet_metal,2,3_density,8,,16,True,75.46296296296296,,2.0
sheet_metal,2,3_density,8,,16,True,82.22222222222221,,3.0
sheet_metal,2,3_density,8,,16,True,78.61111111111111,,4.0
sheet_metal,2,3_density,8,,16,True,73.8888888888889,,5.0
sheet_metal,2,3_density,8,,16,True,76.66666666666666,,6.0
sheet_metal,2,3_density,8,,16,True,84.62962962962963,,7.0
sheet_metal,2,3_density,8,,16,True,80.83333333333333,,8.0
sheet_metal,2,3_density,8,,16,True,78.14814814814814,,9.0
sheet_metal,2,3_density,8,,16,True,80.09259259259258,,10.0
sheet_metal,2,3_density,8,,16,True,86.94444444444444,,11.0
sheet_metal,2,3_density,8,,16,True,85.83333333333333,,12.0
sheet_metal,2,3_density,8,,16,True,72.5925925925926,,13.0
sheet_metal,2,3_density,8,,16,True,85.27777777777777,,14.0
sheet_metal,2,3_density,8,,16,True,81.2962962962963,,15.0
sheet_metal,2,3_density,8,,16,True,88.88888888888889,,16.0
sheet_metal,2,3_density,8,,16,True,82.5925925925926,,17.0
sheet_metal,2,3_density,8,,16,True,91.11111111111111,,18.0
sheet_metal,2,3_density,8,,16,True,88.5185185185185,,19.0
sheet_metal,2,3_density,8,,16,True,92.59259259259258,,20.0
sheet_metal,2,3_density,8,,16,True,83.14814814814817,,21.0
sheet_metal,2,3_density,8,,16,True,82.87037037037037,,22.0
sheet_metal,2,3_density,8,,16,True,80.55555555555554,,23.0
sheet_metal,2,3_density,8,,16,True,79.62962962962963,,24.0
sheet_metal,2,3_density,8,,16,True,74.35185185185186,,25.0
sheet_metal,2,3_density,8,,16,True,85.83333333333333,,26.0
sheet_metal,2,3_density,8,,16,True,73.88888888888889,,27.0
sheet_metal,2,3_density,8,,16,True,85.37037037037038,,28.0
sheet_metal,2,3_density,8,,16,True,82.4074074074074,,29.0
sheet_metal,2,3_density,8,,32,True,83.42592592592594,,0.0
sheet_metal,2,3_density,8,,32,True,79.44444444444446,,1.0
sheet_metal,2,3_density,8,,32,True,82.87037037037037,,2.0
sheet_metal,2,3_density,8,,32,True,90.64814814814814,,3.0
sheet_metal,2,3_density,8,,32,True,88.70370370370371,,4.0
sheet_metal,2,3_density,8,,32,True,82.68518518518519,,5.0
sheet_metal,2,3_density,8,,32,True,87.77777777777777,,6.0
sheet_metal,2,3_density,8,,32,True,89.07407407407408,,7.0
sheet_metal,2,3_density,8,,32,True,75.83333333333333,,8.0
sheet_metal,2,3_density,8,,32,True,84.35185185185186,,9.0
sheet_metal,2,3_density,8,,32,True,89.07407407407408,,10.0
sheet_metal,2,3_density,8,,32,True,85.46296296296296,,11.0
sheet_metal,2,3_density,8,,32,True,85.18518518518519,,12.0
sheet_metal,2,3_density,8,,32,True,77.96296296296296,,13.0
sheet_metal,2,3_density,8,,32,True,81.11111111111111,,14.0
sheet_metal,2,3_density,8,,32,True,80.27777777777779,,15.0
sheet_metal,2,3_density,8,,32,True,86.11111111111111,,16.0
sheet_metal,2,3_density,8,,32,True,88.33333333333334,,17.0
sheet_metal,2,3_density,8,,32,True,89.81481481481482,,18.0
sheet_metal,2,3_density,8,,32,True,83.42592592592592,,19.0
sheet_metal,2,3_density,8,,32,True,88.14814814814815,,20.0
sheet_metal,2,3_density,8,,32,True,83.05555555555556,,21.0
sheet_metal,2,3_density,8,,32,True,81.0185185185185,,22.0
sheet_metal,2,3_density,8,,32,True,81.38888888888889,,23.0
sheet_metal,2,3_density,8,,32,True,87.5,,24.0
sheet_metal,2,3_density,8,,32,True,78.51851851851852,,25.0
sheet_metal,2,3_density,8,,32,True,84.62962962962963,,26.0
sheet_metal,2,3_density,8,,32,True,83.7962962962963,,27.0
sheet_metal,2,3_density,8,,32,True,87.49999999999999,,28.0
sheet_metal,2,3_density,8,,32,True,87.77777777777777,,29.0
sheet_metal,2,3_density,8,,64,True,87.96296296296295,,0.0
sheet_metal,2,3_density,8,,64,True,86.94444444444444,,1.0
sheet_metal,2,3_density,8,,64,True,83.7962962962963,,2.0
sheet_metal,2,3_density,8,,64,True,82.03703703703704,,3.0
sheet_metal,2,3_density,8,,64,True,89.9074074074074,,4.0
sheet_metal,2,3_density,8,,64,True,88.61111111111111,,5.0
sheet_metal,2,3_density,8,,64,True,87.5925925925926,,6.0
sheet_metal,2,3_density,8,,64,True,85.46296296296296,,7.0
sheet_metal,2,3_density,8,,64,True,91.48148148148148,,8.0
sheet_metal,2,3_density,8,,64,True,92.87037037037037,,9.0
sheet_metal,2,3_density,8,,64,True,87.87037037037038,,10.0
sheet_metal,2,3_density,8,,64,True,86.94444444444444,,11.0
sheet_metal,2,3_density,8,,64,True,88.42592592592592,,12.0
sheet_metal,2,3_density,8,,64,True,89.25925925925927,,13.0
sheet_metal,2,3_density,8,,64,True,87.96296296296296,,14.0
sheet_metal,2,3_density,8,,64,True,87.12962962962963,,15.0
sheet_metal,2,3_density,8,,64,True,86.94444444444444,,16.0
sheet_metal,2,3_density,8,,64,True,86.38888888888889,,17.0
sheet_metal,2,3_density,8,,64,True,91.94444444444446,,18.0
sheet_metal,2,3_density,8,,64,True,89.25925925925927,,19.0
sheet_metal,2,3_density,8,,64,True,87.87037037037038,,20.0
sheet_metal,2,3_density,8,,64,True,85.27777777777779,,21.0
sheet_metal,2,3_density,8,,64,True,83.7037037037037,,22.0
sheet_metal,2,3_density,8,,64,True,84.44444444444444,,23.0
sheet_metal,2,3_density,8,,64,True,90.83333333333333,,24.0
sheet_metal,2,3_density,8,,64,True,93.7962962962963,,25.0
sheet_metal,2,3_density,8,,64,True,90.46296296296296,,26.0
sheet_metal,2,3_density,8,,64,True,89.25925925925927,,27.0
sheet_metal,2,3_density,8,,64,True,87.5,,28.0
sheet_metal,2,3_density,8,,64,True,86.75925925925925,,29.0
can,0,1_budget100,1,1.0,1,False,52.96296296296297,,
can,0,1_budget100,2,2.0,2,False,52.71604938271606,,
can,0,1_budget100,4,4.0,6,False,59.598765432098766,,
can,0,1_budget100,8,8.0,10,False,57.90123456790124,,
can,0,1_budget100,16,16.0,18,False,56.7283950617284,,
can,0,1_budget100,-1,21.0,25,False,57.71604938271605,,
can,0,2_feasible,1,,-1,False,,4.0,
can,0,2_feasible,2,,4,True,48.76543209876543,4.0,0.0
can,0,2_feasible,2,,4,True,48.20987654320987,4.0,1.0
can,0,2_feasible,2,,4,True,47.80864197530864,4.0,2.0
can,0,2_feasible,2,,4,True,47.99382716049383,4.0,3.0
can,0,2_feasible,2,,4,True,47.71604938271605,4.0,4.0
can,0,2_feasible,2,,4,True,47.99382716049383,4.0,5.0
can,0,2_feasible,2,,4,True,47.53086419753086,4.0,6.0
can,0,2_feasible,2,,4,True,47.53086419753086,4.0,7.0
can,0,2_feasible,2,,4,True,47.80864197530864,4.0,8.0
can,0,2_feasible,2,,4,True,47.53086419753086,4.0,9.0
can,0,2_feasible,2,,4,True,47.80864197530864,4.0,10.0
can,0,2_feasible,2,,4,True,47.77777777777777,4.0,11.0
can,0,2_feasible,2,,4,True,48.11728395061728,4.0,12.0
can,0,2_feasible,2,,4,True,47.80864197530864,4.0,13.0
can,0,2_feasible,2,,4,True,48.02469135802468,4.0,14.0
can,0,2_feasible,2,,4,True,48.76543209876543,4.0,15.0
can,0,2_feasible,2,,4,True,47.71604938271605,4.0,16.0
can,0,2_feasible,2,,4,True,47.77777777777777,4.0,17.0
can,0,2_feasible,2,,4,True,47.71604938271605,4.0,18.0
can,0,2_feasible,2,,4,True,48.02469135802468,4.0,19.0
can,0,2_feasible,2,,4,True,47.53086419753086,4.0,20.0
can,0,2_feasible,2,,4,True,48.02469135802468,4.0,21.0
can,0,2_feasible,2,,4,True,47.71604938271605,4.0,22.0
can,0,2_feasible,2,,4,True,48.02469135802468,4.0,23.0
can,0,2_feasible,2,,4,True,47.71604938271605,4.0,24.0
can,0,2_feasible,2,,4,True,47.77777777777777,4.0,25.0
can,0,2_feasible,2,,4,True,48.11728395061728,4.0,26.0
can,0,2_feasible,2,,4,True,48.02469135802468,4.0,27.0
can,0,2_feasible,2,,4,True,47.80864197530864,4.0,28.0
can,0,2_feasible,2,,4,True,47.80864197530864,4.0,29.0
can,0,2_feasible,4,,4,True,36.26543209876543,4.0,0.0
can,0,2_feasible,4,,4,True,49.07407407407407,4.0,1.0
can,0,2_feasible,4,,4,True,44.01234567901235,4.0,2.0
can,0,2_feasible,4,,4,True,50.9567901234568,4.0,3.0
can,0,2_feasible,4,,4,True,49.29012345679013,4.0,4.0
can,0,2_feasible,4,,4,True,64.53703703703704,4.0,5.0
can,0,2_feasible,4,,4,True,46.51234567901235,4.0,6.0
can,0,2_feasible,4,,4,True,50.18518518518519,4.0,7.0
can,0,2_feasible,4,,4,True,49.78395061728395,4.0,8.0
can,0,2_feasible,4,,4,True,27.56172839506173,4.0,9.0
can,0,2_feasible,4,,4,True,42.03703703703704,4.0,10.0
can,0,2_feasible,4,,4,True,57.25308641975309,4.0,11.0
can,0,2_feasible,4,,4,True,41.54320987654321,4.0,12.0
can,0,2_feasible,4,,4,True,62.283950617283956,4.0,13.0
can,0,2_feasible,4,,4,True,51.66666666666667,4.0,14.0
can,0,2_feasible,4,,4,True,57.77777777777777,4.0,15.0
can,0,2_feasible,4,,4,True,40.67901234567901,4.0,16.0
can,0,2_feasible,4,,4,True,63.14814814814815,4.0,17.0
can,0,2_feasible,4,,4,True,60.18518518518518,4.0,18.0
can,0,2_feasible,4,,4,True,51.01851851851852,4.0,19.0
can,0,2_feasible,4,,4,True,37.500000000000014,4.0,20.0
can,0,2_feasible,4,,4,True,29.567901234567902,4.0,21.0
can,0,2_feasible,4,,4,True,42.68518518518519,4.0,22.0
can,0,2_feasible,4,,4,True,59.93827160493828,4.0,23.0
can,0,2_feasible,4,,4,True,47.098765432098766,4.0,24.0
can,0,2_feasible,4,,4,True,41.358024691358025,4.0,25.0
can,0,2_feasible,4,,4,True,51.91358024691358,4.0,26.0
can,0,2_feasible,4,,4,True,48.02469135802468,4.0,27.0
can,0,2_feasible,4,,4,True,43.02469135802468,4.0,28.0
can,0,2_feasible,4,,4,True,43.24074074074073,4.0,29.0
can,0,2_feasible,1,,-1,False,,8.0,
can,0,2_feasible,2,,-1,False,,8.0,
can,0,2_feasible,4,,-1,False,,8.0,
can,0,2_feasible,8,,8,True,48.7037037037037,8.0,0.0
can,0,2_feasible,8,,8,True,54.25925925925925,8.0,1.0
can,0,2_feasible,8,,8,True,49.629629629629626,8.0,2.0
can,0,2_feasible,8,,8,True,54.93827160493827,8.0,3.0
can,0,2_feasible,8,,8,True,55.95679012345678,8.0,4.0
can,0,2_feasible,8,,8,True,53.76543209876543,8.0,5.0
can,0,2_feasible,8,,8,True,53.27160493827161,8.0,6.0
can,0,2_feasible,8,,8,True,51.26543209876544,8.0,7.0
can,0,2_feasible,8,,8,True,52.71604938271606,8.0,8.0
can,0,2_feasible,8,,8,True,37.34567901234568,8.0,9.0
can,0,2_feasible,8,,8,True,49.07407407407407,8.0,10.0
can,0,2_feasible,8,,8,True,48.302469135802475,8.0,11.0
can,0,2_feasible,8,,8,True,49.01234567901235,8.0,12.0
can,0,2_feasible,8,,8,True,52.00617283950617,8.0,13.0
can,0,2_feasible,8,,8,True,54.166666666666664,8.0,14.0
can,0,2_feasible,8,,8,True,50.24691358024691,8.0,15.0
can,0,2_feasible,8,,8,True,51.141975308641975,8.0,16.0
can,0,2_feasible,8,,8,True,51.26543209876543,8.0,17.0
can,0,2_feasible,8,,8,True,41.7283950617284,8.0,18.0
can,0,2_feasible,8,,8,True,43.76543209876543,8.0,19.0
can,0,2_feasible,8,,8,True,55.74074074074073,8.0,20.0
can,0,2_feasible,8,,8,True,55.37037037037038,8.0,21.0
can,0,2_feasible,8,,8,True,47.53086419753087,8.0,22.0
can,0,2_feasible,8,,8,True,61.85185185185185,8.0,23.0
can,0,2_feasible,8,,8,True,52.5,8.0,24.0
can,0,2_feasible,8,,8,True,43.08641975308642,8.0,25.0
can,0,2_feasible,8,,8,True,53.02469135802469,8.0,26.0
can,0,2_feasible,8,,8,True,52.99382716049382,8.0,27.0
can,0,2_feasible,8,,8,True,53.395061728395056,8.0,28.0
can,0,2_feasible,8,,8,True,47.71604938271605,8.0,29.0
can,0,3_density,8,,2,True,44.5679012345679,,0.0
can,0,3_density,8,,2,True,41.04938271604938,,1.0
can,0,3_density,8,,2,True,46.26543209876544,,2.0
can,0,3_density,8,,2,True,61.60493827160494,,3.0
can,0,3_density,8,,2,True,66.85185185185185,,4.0
can,0,3_density,8,,2,True,56.913580246913575,,5.0
can,0,3_density,8,,2,True,39.135802469135804,,6.0
can,0,3_density,8,,2,True,43.02469135802468,,7.0
can,0,3_density,8,,2,True,42.03703703703703,,8.0
can,0,3_density,8,,2,True,66.85185185185185,,9.0
can,0,3_density,8,,2,True,58.117283950617285,,10.0
can,0,3_density,8,,2,True,44.04320987654321,,11.0
can,0,3_density,8,,2,True,43.611111111111114,,12.0
can,0,3_density,8,,2,True,66.85185185185185,,13.0
can,0,3_density,8,,2,True,44.04320987654321,,14.0
can,0,3_density,8,,2,True,60.58641975308643,,15.0
can,0,3_density,8,,2,True,42.19135802469136,,16.0
can,0,3_density,8,,2,True,44.04320987654321,,17.0
can,0,3_density,8,,2,True,39.135802469135804,,18.0
can,0,3_density,8,,2,True,41.604938271604944,,19.0
can,0,3_density,8,,2,True,54.50617283950616,,20.0
can,0,3_density,8,,2,True,54.104938271604944,,21.0
can,0,3_density,8,,2,True,45.80246913580247,,22.0
can,0,3_density,8,,2,True,48.20987654320987,,23.0
can,0,3_density,8,,2,True,43.02469135802468,,24.0
can,0,3_density,8,,2,True,42.19135802469136,,25.0
can,0,3_density,8,,2,True,59.53703703703703,,26.0
can,0,3_density,8,,2,True,44.04320987654321,,27.0
can,0,3_density,8,,2,True,37.74691358024692,,28.0
can,0,3_density,8,,2,True,48.7037037037037,,29.0
can,0,3_density,8,,4,True,49.81481481481481,,0.0
can,0,3_density,8,,4,True,50.401234567901234,,1.0
can,0,3_density,8,,4,True,50.679012345679006,,2.0
can,0,3_density,8,,4,True,52.65432098765432,,3.0
can,0,3_density,8,,4,True,54.19753086419753,,4.0
can,0,3_density,8,,4,True,46.913580246913575,,5.0
can,0,3_density,8,,4,True,50.216049382716044,,6.0
can,0,3_density,8,,4,True,50.80246913580246,,7.0
can,0,3_density,8,,4,True,50.37037037037037,,8.0
can,0,3_density,8,,4,True,53.30246913580247,,9.0
can,0,3_density,8,,4,True,47.68518518518518,,10.0
can,0,3_density,8,,4,True,48.148148148148145,,11.0
can,0,3_density,8,,4,True,47.654320987654316,,12.0
can,0,3_density,8,,4,True,44.1358024691358,,13.0
can,0,3_density,8,,4,True,54.19753086419753,,14.0
can,0,3_density,8,,4,True,46.327160493827165,,15.0
can,0,3_density,8,,4,True,43.858024691358025,,16.0
can,0,3_density,8,,4,True,49.320987654320994,,17.0
can,0,3_density,8,,4,True,52.83950617283951,,18.0
can,0,3_density,8,,4,True,55.80246913580247,,19.0
can,0,3_density,8,,4,True,55.9567901234568,,20.0
can,0,3_density,8,,4,True,49.07407407407407,,21.0
can,0,3_density,8,,4,True,50.370370370370374,,22.0
can,0,3_density,8,,4,True,43.2716049382716,,23.0
can,0,3_density,8,,4,True,46.35802469135802,,24.0
can,0,3_density,8,,4,True,57.993827160493815,,25.0
can,0,3_density,8,,4,True,50.80246913580246,,26.0
can,0,3_density,8,,4,True,51.820987654320994,,27.0
can,0,3_density,8,,4,True,49.19753086419753,,28.0
can,0,3_density,8,,4,True,52.901234567901234,,29.0
can,0,3_density,8,,8,True,52.87037037037037,,0.0
can,0,3_density,8,,8,True,49.50617283950617,,1.0
can,0,3_density,8,,8,True,52.87037037037037,,2.0
can,0,3_density,8,,8,True,48.39506172839506,,3.0
can,0,3_density,8,,8,True,50.46296296296296,,4.0
can,0,3_density,8,,8,True,52.12962962962963,,5.0
can,0,3_density,8,,8,True,51.2962962962963,,6.0
can,0,3_density,8,,8,True,52.53086419753086,,7.0
can,0,3_density,8,,8,True,52.808641975308646,,8.0
can,0,3_density,8,,8,True,51.296296296296305,,9.0
can,0,3_density,8,,8,True,51.04938271604939,,10.0
can,0,3_density,8,,8,True,49.660493827160494,,11.0
can,0,3_density,8,,8,True,52.16049382716048,,12.0
can,0,3_density,8,,8,True,51.635802469135804,,13.0
can,0,3_density,8,,8,True,51.2962962962963,,14.0
can,0,3_density,8,,8,True,49.19753086419753,,15.0
can,0,3_density,8,,8,True,50.679012345679006,,16.0
can,0,3_density,8,,8,True,52.65432098765432,,17.0
can,0,3_density,8,,8,True,53.05555555555556,,18.0
can,0,3_density,8,,8,True,52.16049382716048,,19.0
can,0,3_density,8,,8,True,53.425925925925924,,20.0
can,0,3_density,8,,8,True,53.11728395061728,,21.0
can,0,3_density,8,,8,True,49.29012345679011,,22.0
can,0,3_density,8,,8,True,49.104938271604944,,23.0
can,0,3_density,8,,8,True,49.104938271604944,,24.0
can,0,3_density,8,,8,True,48.641975308641975,,25.0
can,0,3_density,8,,8,True,51.6358024691358,,26.0
can,0,3_density,8,,8,True,51.296296296296305,,27.0
can,0,3_density,8,,8,True,50.43209876543209,,28.0
can,0,3_density,8,,8,True,48.641975308641975,,29.0
can,1,1_budget100,1,1.0,1,False,68.27160493827161,,
can,1,1_budget100,2,2.0,4,False,43.30246913580247,,
can,1,1_budget100,4,4.0,6,False,46.141975308641975,,
can,1,1_budget100,8,8.0,10,False,52.160493827160494,,
can,1,1_budget100,16,16.0,22,False,54.44444444444445,,
can,1,1_budget100,-1,24.0,30,False,55.709876543209866,,
can,1,2_feasible,1,,-1,False,,4.0,
can,1,2_feasible,2,,4,True,50.15432098765431,4.0,0.0
can,1,2_feasible,2,,4,True,49.78395061728394,4.0,1.0
can,1,2_feasible,2,,4,True,50.15432098765432,4.0,2.0
can,1,2_feasible,2,,4,True,50.308641975308646,4.0,3.0
can,1,2_feasible,2,,4,True,49.75308641975308,4.0,4.0
can,1,2_feasible,2,,4,True,49.78395061728394,4.0,5.0
can,1,2_feasible,2,,4,True,49.75308641975308,4.0,6.0
can,1,2_feasible,2,,4,True,49.691358024691354,4.0,7.0
can,1,2_feasible,2,,4,True,50.15432098765431,4.0,8.0
can,1,2_feasible,2,,4,True,50.308641975308646,4.0,9.0
can,1,2_feasible,2,,4,True,50.15432098765431,4.0,10.0
can,1,2_feasible,2,,4,True,48.45679012345679,4.0,11.0
can,1,2_feasible,2,,4,True,49.75308641975308,4.0,12.0
can,1,2_feasible,2,,4,True,49.598765432098766,4.0,13.0
can,1,2_feasible,2,,4,True,49.691358024691354,4.0,14.0
can,1,2_feasible,2,,4,True,50.15432098765432,4.0,15.0
can,1,2_feasible,2,,4,True,49.5679012345679,4.0,16.0
can,1,2_feasible,2,,4,True,49.660493827160494,4.0,17.0
can,1,2_feasible,2,,4,True,49.876543209876544,4.0,18.0
can,1,2_feasible,2,,4,True,49.75308641975308,4.0,19.0
can,1,2_feasible,2,,4,True,49.876543209876544,4.0,20.0
can,1,2_feasible,2,,4,True,50.308641975308646,4.0,21.0
can,1,2_feasible,2,,4,True,49.78395061728394,4.0,22.0
can,1,2_feasible,2,,4,True,49.660493827160494,4.0,23.0
can,1,2_feasible,2,,4,True,49.96913580246913,4.0,24.0
can,1,2_feasible,2,,4,True,50.15432098765431,4.0,25.0
can,1,2_feasible,2,,4,True,49.96913580246913,4.0,26.0
can,1,2_feasible,2,,4,True,49.53703703703704,4.0,27.0
can,1,2_feasible,2,,4,True,49.78395061728394,4.0,28.0
can,1,2_feasible,2,,4,True,50.15432098765432,4.0,29.0
can,1,2_feasible,4,,4,True,40.49382716049382,4.0,0.0
can,1,2_feasible,4,,4,True,62.129629629629626,4.0,1.0
can,1,2_feasible,4,,4,True,43.611111111111114,4.0,2.0
can,1,2_feasible,4,,4,True,49.93827160493828,4.0,3.0
can,1,2_feasible,4,,4,True,48.24074074074073,4.0,4.0
can,1,2_feasible,4,,4,True,50.46296296296296,4.0,5.0
can,1,2_feasible,4,,4,True,41.51234567901234,4.0,6.0
can,1,2_feasible,4,,4,True,39.96913580246913,4.0,7.0
can,1,2_feasible,4,,4,True,43.45679012345679,4.0,8.0
can,1,2_feasible,4,,4,True,39.69135802469136,4.0,9.0
can,1,2_feasible,4,,4,True,51.08024691358024,4.0,10.0
can,1,2_feasible,4,,4,True,43.086419753086425,4.0,11.0
can,1,2_feasible,4,,4,True,41.08024691358025,4.0,12.0
can,1,2_feasible,4,,4,True,46.2962962962963,4.0,13.0
can,1,2_feasible,4,,4,True,27.99382716049383,4.0,14.0
can,1,2_feasible,4,,4,True,47.80864197530864,4.0,15.0
can,1,2_feasible,4,,4,True,52.28395061728395,4.0,16.0
can,1,2_feasible,4,,4,True,46.851851851851855,4.0,17.0
can,1,2_feasible,4,,4,True,54.16666666666667,4.0,18.0
can,1,2_feasible,4,,4,True,51.57407407407407,4.0,19.0
can,1,2_feasible,4,,4,True,51.388888888888886,4.0,20.0
can,1,2_feasible,4,,4,True,40.55555555555555,4.0,21.0
can,1,2_feasible,4,,4,True,42.623456790123456,4.0,22.0
can,1,2_feasible,4,,4,True,44.87654320987654,4.0,23.0
can,1,2_feasible,4,,4,True,41.79012345679013,4.0,24.0
can,1,2_feasible,4,,4,True,39.96913580246913,4.0,25.0
can,1,2_feasible,4,,4,True,42.46913580246914,4.0,26.0
can,1,2_feasible,4,,4,True,43.48765432098765,4.0,27.0
can,1,2_feasible,4,,4,True,41.04938271604938,4.0,28.0
can,1,2_feasible,4,,4,True,48.17901234567902,4.0,29.0
can,1,2_feasible,1,,-1,False,,8.0,
can,1,2_feasible,2,,-1,False,,8.0,
can,1,2_feasible,4,,-1,False,,8.0,
can,1,2_feasible,8,,8,True,53.76543209876543,8.0,0.0
can,1,2_feasible,8,,8,True,48.02469135802469,8.0,1.0
can,1,2_feasible,8,,8,True,54.04320987654321,8.0,2.0
can,1,2_feasible,8,,8,True,42.96296296296296,8.0,3.0
can,1,2_feasible,8,,8,True,50.24691358024691,8.0,4.0
can,1,2_feasible,8,,8,True,38.580246913580254,8.0,5.0
can,1,2_feasible,8,,8,True,52.376543209876544,8.0,6.0
can,1,2_feasible,8,,8,True,56.04938271604938,8.0,7.0
can,1,2_feasible,8,,8,True,60.370370370370374,8.0,8.0
can,1,2_feasible,8,,8,True,46.04938271604939,8.0,9.0
can,1,2_feasible,8,,8,True,42.932098765432094,8.0,10.0
can,1,2_feasible,8,,8,True,40.49382716049383,8.0,11.0
can,1,2_feasible,8,,8,True,47.28395061728395,8.0,12.0
can,1,2_feasible,8,,8,True,51.54320987654321,8.0,13.0
can,1,2_feasible,8,,8,True,56.6358024691358,8.0,14.0
can,1,2_feasible,8,,8,True,51.60493827160494,8.0,15.0
can,1,2_feasible,8,,8,True,58.17901234567901,8.0,16.0
can,1,2_feasible,8,,8,True,38.827160493827165,8.0,17.0
can,1,2_feasible,8,,8,True,51.20370370370371,8.0,18.0
can,1,2_feasible,8,,8,True,54.567901234567906,8.0,19.0
can,1,2_feasible,8,,8,True,42.839506172839506,8.0,20.0
can,1,2_feasible,8,,8,True,44.81481481481481,8.0,21.0
can,1,2_feasible,8,,8,True,48.73456790123457,8.0,22.0
can,1,2_feasible,8,,8,True,50.49382716049383,8.0,23.0
can,1,2_feasible,8,,8,True,41.48148148148148,8.0,24.0
can,1,2_feasible,8,,8,True,58.79629629629629,8.0,25.0
can,1,2_feasible,8,,8,True,47.407407407407405,8.0,26.0
can,1,2_feasible,8,,8,True,53.827160493827165,8.0,27.0
can,1,2_feasible,8,,8,True,48.086419753086425,8.0,28.0
can,1,2_feasible,8,,8,True,57.49999999999999,8.0,29.0
can,1,3_density,8,,2,True,50.617283950617285,,0.0
can,1,3_density,8,,2,True,45.74074074074074,,1.0
can,1,3_density,8,,2,True,50.58641975308642,,2.0
can,1,3_density,8,,2,True,44.5679012345679,,3.0
can,1,3_density,8,,2,True,44.166666666666664,,4.0
can,1,3_density,8,,2,True,44.50617283950617,,5.0
can,1,3_density,8,,2,True,45.74074074074074,,6.0
can,1,3_density,8,,2,True,44.166666666666664,,7.0
can,1,3_density,8,,2,True,59.938271604938265,,8.0
can,1,3_density,8,,2,True,37.191358024691354,,9.0
can,1,3_density,8,,2,True,48.45679012345679,,10.0
can,1,3_density,8,,2,True,37.191358024691354,,11.0
can,1,3_density,8,,2,True,46.29629629629629,,12.0
can,1,3_density,8,,2,True,42.25308641975309,,13.0
can,1,3_density,8,,2,True,36.26543209876543,,14.0
can,1,3_density,8,,2,True,25.679012345679013,,15.0
can,1,3_density,8,,2,True,43.425925925925924,,16.0
can,1,3_density,8,,2,True,45.74074074074074,,17.0
can,1,3_density,8,,2,True,60.09259259259259,,18.0
can,1,3_density,8,,2,True,51.45061728395062,,19.0
can,1,3_density,8,,2,True,35.21604938271605,,20.0
can,1,3_density,8,,2,True,25.679012345679013,,21.0
can,1,3_density,8,,2,True,44.50617283950617,,22.0
can,1,3_density,8,,2,True,59.938271604938265,,23.0
can,1,3_density,8,,2,True,38.2716049382716,,24.0
can,1,3_density,8,,2,True,44.69135802469136,,25.0
can,1,3_density,8,,2,True,35.21604938271605,,26.0
can,1,3_density,8,,2,True,44.166666666666664,,27.0
can,1,3_density,8,,2,True,44.10493827160494,,28.0
can,1,3_density,8,,2,True,44.50617283950618,,29.0
can,1,3_density,8,,4,True,44.10493827160494,,0.0
can,1,3_density,8,,4,True,54.69135802469135,,1.0
can,1,3_density,8,,4,True,47.09876543209877,,2.0
can,1,3_density,8,,4,True,44.351851851851855,,3.0
can,1,3_density,8,,4,True,41.9753086419753,,4.0
can,1,3_density,8,,4,True,42.623456790123456,,5.0
can,1,3_density,8,,4,True,46.388888888888886,,6.0
can,1,3_density,8,,4,True,61.018518518518526,,7.0
can,1,3_density,8,,4,True,53.888888888888886,,8.0
can,1,3_density,8,,4,True,45.03086419753087,,9.0
can,1,3_density,8,,4,True,45.52469135802469,,10.0
can,1,3_density,8,,4,True,53.91975308641975,,11.0
can,1,3_density,8,,4,True,45.7716049382716,,12.0
can,1,3_density,8,,4,True,41.635802469135804,,13.0
can,1,3_density,8,,4,True,45.308641975308646,,14.0
can,1,3_density,8,,4,True,41.172839506172835,,15.0
can,1,3_density,8,,4,True,43.3641975308642,,16.0
can,1,3_density,8,,4,True,54.69135802469135,,17.0
can,1,3_density,8,,4,True,62.25308641975309,,18.0
can,1,3_density,8,,4,True,52.5,,19.0
can,1,3_density,8,,4,True,54.78395061728395,,20.0
can,1,3_density,8,,4,True,43.3641975308642,,21.0
can,1,3_density,8,,4,True,48.641975308641975,,22.0
can,1,3_density,8,,4,True,52.87037037037037,,23.0
can,1,3_density,8,,4,True,44.660493827160494,,24.0
can,1,3_density,8,,4,True,56.666666666666664,,25.0
can,1,3_density,8,,4,True,43.61111111111111,,26.0
can,1,3_density,8,,4,True,43.95061728395061,,27.0
can,1,3_density,8,,4,True,54.228395061728406,,28.0
can,1,3_density,8,,4,True,36.88271604938272,,29.0
can,1,3_density,8,,8,True,51.08024691358024,,0.0
can,1,3_density,8,,8,True,54.382716049382715,,1.0
can,1,3_density,8,,8,True,44.90740740740741,,2.0
can,1,3_density,8,,8,True,51.08024691358024,,3.0
can,1,3_density,8,,8,True,54.074074074074076,,4.0
can,1,3_density,8,,8,True,51.66666666666666,,5.0
can,1,3_density,8,,8,True,54.382716049382715,,6.0
can,1,3_density,8,,8,True,54.074074074074076,,7.0
can,1,3_density,8,,8,True,44.197530864197525,,8.0
can,1,3_density,8,,8,True,47.68518518518518,,9.0
can,1,3_density,8,,8,True,51.66666666666666,,10.0
can,1,3_density,8,,8,True,43.48765432098765,,11.0
can,1,3_density,8,,8,True,43.364197530864196,,12.0
can,1,3_density,8,,8,True,51.08024691358024,,13.0
can,1,3_density,8,,8,True,50.370370370370374,,14.0
can,1,3_density,8,,8,True,51.08024691358024,,15.0
can,1,3_density,8,,8,True,51.66666666666666,,16.0
can,1,3_density,8,,8,True,43.33333333333334,,17.0
can,1,3_density,8,,8,True,52.43827160493827,,18.0
can,1,3_density,8,,8,True,53.981481481481474,,19.0
can,1,3_density,8,,8,True,51.85185185185185,,20.0
can,1,3_density,8,,8,True,54.87654320987654,,21.0
can,1,3_density,8,,8,True,49.166666666666664,,22.0
can,1,3_density,8,,8,True,55.679012345679,,23.0
can,1,3_density,8,,8,True,51.48148148148148,,24.0
can,1,3_density,8,,8,True,56.75925925925927,,25.0
can,1,3_density,8,,8,True,51.48148148148148,,26.0
can,1,3_density,8,,8,True,54.5679012345679,,27.0
can,1,3_density,8,,8,True,56.75925925925927,,28.0
can,1,3_density,8,,8,True,56.48148148148149,,29.0
can,2,1_budget100,1,1.0,1,False,52.03703703703704,,
can,2,1_budget100,2,2.0,4,False,48.117283950617285,,
can,2,1_budget100,4,4.0,8,False,47.90123456790123,,
can,2,1_budget100,8,8.0,10,False,52.65432098765432,,
can,2,1_budget100,16,16.0,22,False,57.49999999999999,,
can,2,1_budget100,-1,22.0,28,False,57.03703703703704,,
can,2,2_feasible,1,,-1,False,,4.0,
can,2,2_feasible,2,,4,True,49.660493827160494,4.0,0.0
can,2,2_feasible,2,,4,True,50.9567901234568,4.0,1.0
can,2,2_feasible,2,,4,True,51.358024691358025,4.0,2.0
can,2,2_feasible,2,,4,True,49.84567901234568,4.0,3.0
can,2,2_feasible,2,,4,True,49.41358024691358,4.0,4.0
can,2,2_feasible,2,,4,True,51.358024691358025,4.0,5.0
can,2,2_feasible,2,,4,True,49.9074074074074,4.0,6.0
can,2,2_feasible,2,,4,True,51.697530864197525,4.0,7.0
can,2,2_feasible,2,,4,True,52.129629629629626,4.0,8.0
can,2,2_feasible,2,,4,True,51.358024691358025,4.0,9.0
can,2,2_feasible,2,,4,True,50.4320987654321,4.0,10.0
can,2,2_feasible,2,,4,True,49.84567901234568,4.0,11.0
can,2,2_feasible,2,,4,True,50.24691358024692,4.0,12.0
can,2,2_feasible,2,,4,True,49.44444444444444,4.0,13.0
can,2,2_feasible,2,,4,True,51.20370370370371,4.0,14.0
can,2,2_feasible,2,,4,True,50.83333333333333,4.0,15.0
can,2,2_feasible,2,,4,True,50.216049382716044,4.0,16.0
can,2,2_feasible,2,,4,True,49.84567901234568,4.0,17.0
can,2,2_feasible,2,,4,True,51.358024691358025,4.0,18.0
can,2,2_feasible,2,,4,True,51.60493827160494,4.0,19.0
can,2,2_feasible,2,,4,True,49.9074074074074,4.0,20.0
can,2,2_feasible,2,,4,True,49.41358024691358,4.0,21.0
can,2,2_feasible,2,,4,True,50.9567901234568,4.0,22.0
can,2,2_feasible,2,,4,True,50.9567901234568,4.0,23.0
can,2,2_feasible,2,,4,True,51.20370370370371,4.0,24.0
can,2,2_feasible,2,,4,True,49.660493827160494,4.0,25.0
can,2,2_feasible,2,,4,True,49.47530864197531,4.0,26.0
can,2,2_feasible,2,,4,True,49.41358024691358,4.0,27.0
can,2,2_feasible,2,,4,True,50.4320987654321,4.0,28.0
can,2,2_feasible,2,,4,True,49.9074074074074,4.0,29.0
can,2,2_feasible,4,,4,True,45.67901234567901,4.0,0.0
can,2,2_feasible,4,,4,True,52.808641975308646,4.0,1.0
can,2,2_feasible,4,,4,True,47.87037037037037,4.0,2.0
can,2,2_feasible,4,,4,True,38.11728395061728,4.0,3.0
can,2,2_feasible,4,,4,True,42.68518518518519,4.0,4.0
can,2,2_feasible,4,,4,True,40.37037037037037,4.0,5.0
can,2,2_feasible,4,,4,True,50.89506172839506,4.0,6.0
can,2,2_feasible,4,,4,True,41.172839506172835,4.0,7.0
can,2,2_feasible,4,,4,True,50.03086419753087,4.0,8.0
can,2,2_feasible,4,,4,True,44.074074074074076,4.0,9.0
can,2,2_feasible,4,,4,True,48.117283950617285,4.0,10.0
can,2,2_feasible,4,,4,True,51.94444444444445,4.0,11.0
can,2,2_feasible,4,,4,True,40.70987654320988,4.0,12.0
can,2,2_feasible,4,,4,True,47.96296296296296,4.0,13.0
can,2,2_feasible,4,,4,True,52.25308641975308,4.0,14.0
can,2,2_feasible,4,,4,True,53.24074074074075,4.0,15.0
can,2,2_feasible,4,,4,True,39.35185185185185,4.0,16.0
can,2,2_feasible,4,,4,True,52.00617283950617,4.0,17.0
can,2,2_feasible,4,,4,True,46.2962962962963,4.0,18.0
can,2,2_feasible,4,,4,True,50.15432098765432,4.0,19.0
can,2,2_feasible,4,,4,True,28.76543209876543,4.0,20.0
can,2,2_feasible,4,,4,True,42.80864197530864,4.0,21.0
can,2,2_feasible,4,,4,True,50.308641975308646,4.0,22.0
can,2,2_feasible,4,,4,True,56.88271604938272,4.0,23.0
can,2,2_feasible,4,,4,True,50.401234567901234,4.0,24.0
can,2,2_feasible,4,,4,True,47.74691358024691,4.0,25.0
can,2,2_feasible,4,,4,True,49.41358024691358,4.0,26.0
can,2,2_feasible,4,,4,True,53.950617283950606,4.0,27.0
can,2,2_feasible,4,,4,True,41.01851851851852,4.0,28.0
can,2,2_feasible,4,,4,True,46.574074074074076,4.0,29.0
can,2,2_feasible,1,,-1,False,,8.0,
can,2,2_feasible,2,,-1,False,,8.0,
can,2,2_feasible,4,,-1,False,,8.0,
can,2,2_feasible,8,,8,True,49.135802469135804,8.0,0.0
can,2,2_feasible,8,,8,True,47.5,8.0,1.0
can,2,2_feasible,8,,8,True,48.919753086419746,8.0,2.0
can,2,2_feasible,8,,8,True,55.80246913580247,8.0,3.0
can,2,2_feasible,8,,8,True,43.95061728395062,8.0,4.0
can,2,2_feasible,8,,8,True,47.25308641975309,8.0,5.0
can,2,2_feasible,8,,8,True,46.9753086419753,8.0,6.0
can,2,2_feasible,8,,8,True,40.92592592592593,8.0,7.0
can,2,2_feasible,8,,8,True,52.31481481481482,8.0,8.0
can,2,2_feasible,8,,8,True,46.08024691358025,8.0,9.0
can,2,2_feasible,8,,8,True,49.62962962962963,8.0,10.0
can,2,2_feasible,8,,8,True,51.35802469135802,8.0,11.0
can,2,2_feasible,8,,8,True,34.135802469135804,8.0,12.0
can,2,2_feasible,8,,8,True,48.51851851851852,8.0,13.0
can,2,2_feasible,8,,8,True,47.59259259259259,8.0,14.0
can,2,2_feasible,8,,8,True,57.43827160493827,8.0,15.0
can,2,2_feasible,8,,8,True,45.339506172839506,8.0,16.0
can,2,2_feasible,8,,8,True,42.68518518518518,8.0,17.0
can,2,2_feasible,8,,8,True,47.592592592592595,8.0,18.0
can,2,2_feasible,8,,8,True,55.46296296296297,8.0,19.0
can,2,2_feasible,8,,8,True,52.77777777777777,8.0,20.0
can,2,2_feasible,8,,8,True,47.5,8.0,21.0
can,2,2_feasible,8,,8,True,52.77777777777778,8.0,22.0
can,2,2_feasible,8,,8,True,56.08024691358025,8.0,23.0
can,2,2_feasible,8,,8,True,44.96913580246914,8.0,24.0
can,2,2_feasible,8,,8,True,47.407407407407405,8.0,25.0
can,2,2_feasible,8,,8,True,42.561728395061735,8.0,26.0
can,2,2_feasible,8,,8,True,50.77160493827161,8.0,27.0
can,2,2_feasible,8,,8,True,46.75925925925925,8.0,28.0
can,2,2_feasible,8,,8,True,47.5,8.0,29.0
can,2,3_density,8,,2,True,45.3395061728395,,0.0
can,2,3_density,8,,2,True,59.135802469135804,,1.0
can,2,3_density,8,,2,True,51.635802469135804,,2.0
can,2,3_density,8,,2,True,51.91358024691357,,3.0
can,2,3_density,8,,2,True,51.26543209876543,,4.0
can,2,3_density,8,,2,True,42.80864197530864,,5.0
can,2,3_density,8,,2,True,42.80864197530864,,6.0
can,2,3_density,8,,2,True,49.01234567901235,,7.0
can,2,3_density,8,,2,True,54.382716049382715,,8.0
can,2,3_density,8,,2,True,49.96913580246913,,9.0
can,2,3_density,8,,2,True,51.635802469135804,,10.0
can,2,3_density,8,,2,True,51.358024691358025,,11.0
can,2,3_density,8,,2,True,41.9753086419753,,12.0
can,2,3_density,8,,2,True,51.358024691358025,,13.0
can,2,3_density,8,,2,True,59.07407407407407,,14.0
can,2,3_density,8,,2,True,47.71604938271605,,15.0
can,2,3_density,8,,2,True,58.64197530864198,,16.0
can,2,3_density,8,,2,True,49.01234567901235,,17.0
can,2,3_density,8,,2,True,42.65432098765432,,18.0
can,2,3_density,8,,2,True,57.77777777777777,,19.0
can,2,3_density,8,,2,True,39.907407407407405,,20.0
can,2,3_density,8,,2,True,51.358024691358025,,21.0
can,2,3_density,8,,2,True,46.26543209876544,,22.0
can,2,3_density,8,,2,True,51.358024691358025,,23.0
can,2,3_density,8,,2,True,48.51851851851852,,24.0
can,2,3_density,8,,2,True,50.06172839506172,,25.0
can,2,3_density,8,,2,True,51.358024691358025,,26.0
can,2,3_density,8,,2,True,42.65432098765432,,27.0
can,2,3_density,8,,2,True,54.382716049382715,,28.0
can,2,3_density,8,,2,True,59.07407407407407,,29.0
can,2,3_density,8,,4,True,48.302469135802475,,0.0
can,2,3_density,8,,4,True,40.18518518518518,,1.0
can,2,3_density,8,,4,True,44.44444444444444,,2.0
can,2,3_density,8,,4,True,50.864197530864196,,3.0
can,2,3_density,8,,4,True,51.48148148148148,,4.0
can,2,3_density,8,,4,True,49.75308641975309,,5.0
can,2,3_density,8,,4,True,40.18518518518518,,6.0
can,2,3_density,8,,4,True,47.901234567901234,,7.0
can,2,3_density,8,,4,True,55.09259259259258,,8.0
can,2,3_density,8,,4,True,50.987654320987666,,9.0
can,2,3_density,8,,4,True,57.03703703703703,,10.0
can,2,3_density,8,,4,True,52.067901234567906,,11.0
can,2,3_density,8,,4,True,45.679012345679006,,12.0
can,2,3_density,8,,4,True,48.73456790123457,,13.0
can,2,3_density,8,,4,True,53.950617283950606,,14.0
can,2,3_density,8,,4,True,44.99999999999999,,15.0
can,2,3_density,8,,4,True,41.26543209876543,,16.0
can,2,3_density,8,,4,True,48.364197530864196,,17.0
can,2,3_density,8,,4,True,51.41975308641975,,18.0
can,2,3_density,8,,4,True,45.8641975308642,,19.0
can,2,3_density,8,,4,True,45.30864197530863,,20.0
can,2,3_density,8,,4,True,52.43827160493828,,21.0
can,2,3_density,8,,4,True,48.58024691358025,,22.0
can,2,3_density,8,,4,True,50.58641975308642,,23.0
can,2,3_density,8,,4,True,53.20987654320988,,24.0
can,2,3_density,8,,4,True,45.74074074074074,,25.0
can,2,3_density,8,,4,True,48.54938271604938,,26.0
can,2,3_density,8,,4,True,52.65432098765432,,27.0
can,2,3_density,8,,4,True,49.75308641975309,,28.0
can,2,3_density,8,,4,True,50.9567901234568,,29.0
can,2,3_density,8,,8,True,52.09876543209877,,0.0
can,2,3_density,8,,8,True,50.308641975308646,,1.0
can,2,3_density,8,,8,True,49.629629629629626,,2.0
can,2,3_density,8,,8,True,54.78395061728396,,3.0
can,2,3_density,8,,8,True,55.74074074074073,,4.0
can,2,3_density,8,,8,True,52.160493827160494,,5.0
can,2,3_density,8,,8,True,50.70987654320987,,6.0
can,2,3_density,8,,8,True,51.88271604938273,,7.0
can,2,3_density,8,,8,True,49.04320987654321,,8.0
can,2,3_density,8,,8,True,54.907407407407405,,9.0
can,2,3_density,8,,8,True,50.03086419753087,,10.0
can,2,3_density,8,,8,True,55.40123456790123,,11.0
can,2,3_density,8,,8,True,54.907407407407405,,12.0
can,2,3_density,8,,8,True,57.098765432098766,,13.0
can,2,3_density,8,,8,True,55.709876543209866,,14.0
can,2,3_density,8,,8,True,54.04320987654321,,15.0
can,2,3_density,8,,8,True,52.160493827160494,,16.0
can,2,3_density,8,,8,True,54.78395061728396,,17.0
can,2,3_density,8,,8,True,50.03086419753087,,18.0
can,2,3_density,8,,8,True,50.15432098765432,,19.0
can,2,3_density,8,,8,True,47.46913580246914,,20.0
can,2,3_density,8,,8,True,49.19753086419753,,21.0
can,2,3_density,8,,8,True,49.19753086419753,,22.0
can,2,3_density,8,,8,True,57.098765432098766,,23.0
can,2,3_density,8,,8,True,55.89506172839507,,24.0
can,2,3_density,8,,8,True,49.04320987654321,,25.0
can,2,3_density,8,,8,True,52.09876543209877,,26.0
can,2,3_density,8,,8,True,49.19753086419753,,27.0
can,2,3_density,8,,8,True,54.907407407407405,,28.0
can,2,3_density,8,,8,True,51.11111111111111,,29.0
