object,shot,split,name,n_gt_px,tpr_r0,aupro_r0,tpr_r1,aupro_r1,gt_patch_n,gt_patch_area,C_feat448,sep_auc448,d_tpr,d_aupro
chewinggum,1,0,bad/000.JPG,16060,0.9931506849315068,0.5671185622490633,0.9960149439601494,0.6442751536298017,11,13.1790771484375,0.406952440738678,0.9507797270955166,0.002864259028642624,0.07715659138073838
chewinggum,1,0,bad/001.JPG,14859,1.0,0.9640736367026961,1.0,0.9777127323336701,9,12.178604125976562,0.39677414298057556,0.9878917378917379,0.0,0.013639095630973985
chewinggum,1,0,bad/002.JPG,10518,0.9997147746719909,0.8177439618465034,1.0,0.8759646428570578,6,8.749828338623047,0.4562409520149231,0.9119556913674559,0.00028522532800911993,0.05822068101055433
chewinggum,1,0,bad/003.JPG,7185,0.9951287404314544,0.9593141544505576,1.0,0.9708082987746366,6,5.903221130371094,0.2792482078075409,0.9825396825396825,0.004871259568545616,0.011494144324079025
chewinggum,1,0,bad/004.JPG,19073,1.0,0.8979685600475662,1.0,0.9152189891883711,15,15.718719482421875,0.2720402181148529,0.9803030303030302,0.0,0.01725042914080488
chewinggum,1,0,bad/005.JPG,19964,1.0,0.9624959512157368,1.0,0.967069585284715,17,16.41940689086914,0.24525946378707886,0.9718518518518517,0.0,0.00457363406897815
chewinggum,1,0,bad/006.JPG,25307,0.9979847473031177,0.7550108262217881,0.9978266882680681,0.7736113832269128,19,20.69904327392578,0.2831185460090637,0.9699388135142325,-0.00015805903504961805,0.01860055700512475
chewinggum,1,0,bad/007.JPG,18559,0.9633062126192145,0.4895851622613427,0.9766151193491028,0.5627654618500644,15,15.183403015136719,0.3868505358695984,0.9139209936173883,0.013308906729888381,0.07318029958872169
chewinggum,1,0,bad/008.JPG,19782,0.924224042058437,0.7333040896451093,0.9777070063694268,0.8610435532107266,18,16.372146606445312,0.3141928017139435,0.9415750915750914,0.053482964310989756,0.12773946356561727
chewinggum,1,0,bad/009.JPG,10636,0.9778112072207596,0.8559528858877403,1.0,0.8818437337898845,6,8.796455383300781,0.37924137711524963,0.9521367521367522,0.02218879277924035,0.025890847902144132
chewinggum,1,0,bad/010.JPG,16867,1.0,0.9591145155470998,1.0,0.9602663834390137,13,13.770305633544922,0.35024121403694153,0.9541666666666667,0.0,0.0011518678919139047
chewinggum,1,0,bad/011.JPG,41351,0.9974123963144785,0.7476856094952318,0.9951391743851419,0.7183229186414619,33,33.780479431152344,0.38403475284576416,0.9636333985649054,-0.002273221929336655,-0.029362690853769857
chewinggum,1,0,bad/012.JPG,21097,0.9928425842536853,0.8423491244308364,0.9994785988529175,0.9102719631439429,17,17.331958770751953,0.3566877841949463,0.9574136955291455,0.006636014599232132,0.06792283871310645
chewinggum,1,0,bad/013.JPG,10766,1.0,0.967960869786231,1.0,0.9581130575701821,7,8.805953979492188,0.41858217120170593,0.9907407407407408,0.0,-0.009847812216048912
chewinggum,1,0,bad/014.JPG,20870,1.0,0.9360966239265046,1.0,0.9267823457289492,16,17.020858764648438,0.41223475337028503,0.972972972972973,0.0,-0.00931427819755537
chewinggum,1,0,bad/015.JPG,47862,1.0,0.9620516437639859,0.9992687309347708,0.9712899419230588,37,39.30080032348633,0.35280683636665344,0.9684499314128944,-0.0007312690652292453,0.009238298159072955
chewinggum,1,0,bad/016.JPG,13794,1.0,0.9427248354730063,1.0,0.9633414948548263,14,11.280654907226562,0.32458215951919556,0.9987212276214834,0.0,0.02061665938182
chewinggum,1,0,bad/017.JPG,23250,1.0,0.9396854507342974,1.0,0.9390321262440177,18,19.05080795288086,0.3335133194923401,0.9885620915032679,0.0,-0.0006533244902797719
chewinggum,1,0,bad/018.JPG,20100,0.9961691542288558,0.8871803092311972,0.9945273631840796,0.9010781845640711,15,16.407581329345703,0.36102208495140076,0.9526255707762556,-0.0016417910447761308,0.013897875332873899
chewinggum,1,0,bad/019.JPG,20419,0.9835447377442578,0.5798815312170219,0.9816347519467163,0.5584053286610191,16,16.719444274902344,0.3434542119503021,0.9277608915906788,-0.0019099857975414247,-0.0214762025560028
chewinggum,1,0,bad/020.JPG,14934,1.0,0.9854429419100089,1.0,0.9853039946217695,11,12.183521270751953,0.4918760359287262,0.9922222222222222,0.0,-0.0001389472882393772
chewinggum,1,0,bad/021.JPG,26707,0.9889916501291797,0.46628303519235886,0.9901523945033137,0.5278618037397554,20,21.86752700805664,0.43894100189208984,0.946027397260274,0.0011607443741340484,0.06157876854739658
chewinggum,1,0,bad/022.JPG,6816,0.9980927230046949,0.9691748546394713,1.0,0.9867809449740267,6,5.591224670410156,0.3973056674003601,0.907451923076923,0.0019072769953051294,0.017606090334555402
chewinggum,1,0,bad/023.JPG,6600,1.0,0.9674813308166663,1.0,0.9766164184022041,6,5.4029541015625,0.29025691747665405,0.9791666666666666,0.0,0.009135087585537827
chewinggum,1,0,bad/024.JPG,8767,1.0,0.9790031866835144,1.0,0.9855020105917175,8,7.1827545166015625,0.43375444412231445,0.873015873015873,0.0,0.006498823908203111
chewinggum,1,0,bad/025.JPG,4010,0.9628428927680798,0.8173415251351792,0.7344139650872819,0.5867455714796821,3,3.2507095336914062,0.12971898913383484,0.75,-0.22842892768079792,-0.23059595365549712
chewinggum,1,0,bad/026.JPG,5292,0.9652305366591081,0.8266156764303059,0.9761904761904762,0.7205288096907231,2,4.3568572998046875,0.04183089733123779,0.8444444444444446,0.01095993953136809,-0.10608686673958279
chewinggum,1,0,bad/027.JPG,3369,0.7129712080736124,0.4471447954886277,0.8432769367764915,0.6747324626773086,2,2.7297210693359375,0.11500069499015808,0.8055555555555556,0.13030572870287915,0.2275876671886809
chewinggum,1,0,bad/028.JPG,1912,0.9717573221757322,0.8823797301796554,1.0,0.9861813046740495,0,1.5815620422363281,0.09326812624931335,0.8431818181818181,0.028242677824267814,0.10380157449439409
chewinggum,1,0,bad/029.JPG,2692,0.9680534918276374,0.9154426155537222,0.9921991084695394,0.9603808819550936,2,2.22418212890625,0.15332061052322388,0.9242424242424243,0.024145616641901957,0.04493826640137144
chewinggum,1,0,bad/030.JPG,9942,0.9009253671293502,0.7514228801047806,0.9339167169583584,0.714912660760903,9,8.142494201660156,0.1594477891921997,0.900360144057623,0.0329913498290082,-0.03651021934387766
chewinggum,1,0,bad/031.JPG,2989,0.3750418200066912,0.19865154996527587,0.6226162596186016,0.2899419052603853,3,2.4994659423828125,0.025788187980651855,0.6452991452991453,0.2475744396119104,0.09129035529510945
chewinggum,1,0,bad/032.JPG,5968,0.2831769436997319,0.1402605838618514,0.28066353887399464,0.15822571933889412,2,4.810901641845703,0.008557736873626709,0.6056362991846863,-0.002513404825737253,0.017965135477042732
chewinggum,1,0,bad/033.JPG,1149,0.22541340295909487,0.13165805031819983,0.5056570931244561,0.3642312804727177,0,0.9387283325195312,0.0007649064064025879,0.4805996472663139,0.2802436901653612,0.23257323015451786
chewinggum,1,0,bad/034.JPG,2785,0.8233393177737881,0.6305801128150462,0.7583482944344704,0.5573230211577306,2,2.2855224609375,0.04263487458229065,0.6388888888888888,-0.06499102333931772,-0.07325709165731564
chewinggum,1,0,bad/035.JPG,3791,0.9949881297810604,0.8963535743976753,1.0,0.9388882075677781,3,3.0762176513671875,0.20354419946670532,0.928030303030303,0.0050118702189395625,0.042534633170102865
chewinggum,1,0,bad/036.JPG,7260,1.0,0.9507286015840858,1.0,0.9639408109446131,5,5.9384765625,0.324552059173584,0.9930555555555556,0.0,0.01321220936052736
chewinggum,1,0,bad/037.JPG,2494,0.813953488372093,0.6255170124372927,0.6110665597433841,0.44732913313039147,1,2.0558815002441406,0.03883790969848633,0.6574074074074074,-0.20288692862870894,-0.17818787930690128
chewinggum,1,0,bad/038.JPG,9852,0.9804100690215185,0.7993765303074936,0.9900527811611856,0.8568857285990592,7,8.049972534179688,0.20704331994056702,0.8503377177390686,0.009642712139667053,0.057509198291565644
chewinggum,1,0,bad/039.JPG,7732,0.8164769787894465,0.5065056263673001,0.7929384376616658,0.5548432915165478,5,6.198677062988281,0.09771600365638733,0.9119047619047619,-0.023538541127780643,0.048337665149247644
chewinggum,1,0,bad/040.JPG,19981,1.0,0.9672348044485635,1.0,0.9511869824972452,15,16.372833251953125,0.22444245219230652,0.9611764705882353,0.0,-0.016047821951318264
chewinggum,1,0,bad/041.JPG,15793,0.9952510605964668,0.7750472066669368,0.9917685050338758,0.7940921202819569,12,12.939144134521484,0.1754227876663208,0.8856624319419237,-0.0034825555625910276,0.01904491361502003
chewinggum,1,0,bad/042.JPG,26152,1.0,0.9306036094292992,1.0,0.9388297790783958,18,21.357120513916016,0.20729845762252808,0.9700542005420054,0.0,0.008226169649096615
chewinggum,1,0,bad/043.JPG,28652,1.0,0.9759453736145037,1.0,0.9669296086600415,24,23.454299926757812,0.2713891267776489,0.9877734877734877,0.0,-0.009015764954462213
chewinggum,1,0,bad/044.JPG,49603,0.9637521924077173,0.49365097535618213,0.9764328770437272,0.6224161075542941,39,40.55596160888672,0.22117289900779724,0.8753378378378379,0.012680684636009909,0.12876513219811198
chewinggum,1,0,bad/045.JPG,27667,0.9927711714316695,0.715864159301369,1.0,0.8593110834421963,22,22.719776153564453,0.29256871342658997,0.9417258616153643,0.007228828568330514,0.14344692414082727
chewinggum,1,0,bad/046.JPG,15559,1.0,0.8355440805015647,1.0,0.905590186386844,12,12.657638549804688,0.27081528306007385,0.9678996598639457,0.0,0.07004610588527926
chewinggum,1,0,bad/047.JPG,15198,1.0,0.9731998885063253,1.0,0.9657706099604307,11,12.454093933105469,0.3124607503414154,0.9955065359477123,0.0,-0.007429278545894591
chewinggum,1,0,bad/048.JPG,16376,1.0,0.9227188899094427,1.0,0.904733548056669,12,13.352008819580078,0.2625562250614166,0.9528339278636544,0.0,-0.017985341852773784
chewinggum,1,0,bad/049.JPG,28573,1.0,0.9697637881768956,1.0,0.9687208503220399,25,23.4080810546875,0.3404916822910309,0.9840476190476191,0.0,-0.0010429378548556523
chewinggum,1,0,bad/050.JPG,32481,1.0,0.9402621346752988,1.0,0.9392377699309828,27,26.601966857910156,0.3687326908111572,0.9499828708461802,0.0,-0.0010243647443159976
chewinggum,1,0,bad/051.JPG,32847,0.9978689073583584,0.8103259730544539,0.9984169026090662,0.7687649042166633,26,26.887535095214844,0.2564232349395752,0.9261546723952739,0.0005479952507078112,-0.04156106883779054
chewinggum,1,0,bad/052.JPG,39723,1.0,0.9243338201586987,1.0,0.9311332251050172,32,32.45484161376953,0.3730466067790985,0.9738005050505051,0.0,0.006799404946318477
chewinggum,1,0,bad/053.JPG,41670,0.9403647708183346,0.6420700913722166,0.9810655147588193,0.6577479160536531,29,34.17348098754883,0.33793485164642334,0.9129757785467127,0.04070074394048473,0.015677824681436525
chewinggum,1,0,bad/054.JPG,5291,1.0,0.9663140911822027,1.0,0.9768631880879264,3,4.32135009765625,0.3086361289024353,0.998015873015873,0.0,0.010549096905723698
chewinggum,1,0,bad/055.JPG,17314,0.9989026221554811,0.7381390537216512,1.0,0.7765611336208559,12,14.20883560180664,0.3127773404121399,0.9268202764976959,0.0010973778445189097,0.03842207989920465
chewinggum,1,0,bad/056.JPG,17171,1.0,0.9505291615035888,1.0,0.9434897829166539,14,14.015701293945312,0.350080668926239,0.9893689986282579,0.0,-0.00703937858693493
chewinggum,1,0,bad/057.JPG,9715,1.0,0.9761397529080086,1.0,0.9753379197140662,6,8.015327453613281,0.2546944320201874,0.9796296296296296,0.0,-0.0008018331939423362
chewinggum,1,0,bad/058.JPG,39181,1.0,0.960519522957366,1.0,0.9452234292274814,33,32.209686279296875,0.26142510771751404,0.9792490118577075,0.0,-0.015296093729884608
chewinggum,1,0,bad/059.JPG,15306,0.9953612962237032,0.8107731649336959,0.9959493009277408,0.849026673511922,12,12.515132904052734,0.2693714499473572,0.977469135802469,0.0005880047040376368,0.03825350857822607
chewinggum,1,0,bad/060.JPG,14594,0.9780731807592161,0.7113549945723263,0.9992462655885981,0.7400186307672054,11,11.954151153564453,0.29420867562294006,0.9485576923076923,0.02117308482938196,0.028663636194879105
chewinggum,1,0,bad/061.JPG,22795,0.9989032682605835,0.8586891728655011,0.9992542224171967,0.8917327092280993,18,18.60657501220703,0.2542477250099182,0.9523809523809524,0.0003509541566132368,0.03304353636259827
chewinggum,1,0,bad/062.JPG,34050,1.0,0.9894948712667518,1.0,0.9948359019253644,29,27.84674072265625,0.2645490765571594,0.9884579870729455,0.0,0.005341030658612578
chewinggum,1,0,bad/063.JPG,30677,0.9613717117058382,0.7101540477363046,0.9777031652378003,0.7955003561462779,23,25.127304077148438,0.28470996022224426,0.8984615384615384,0.01633145353196208,0.08534630840997326
chewinggum,1,0,bad/064.JPG,19614,0.9999490160089732,0.8653254881952754,0.9999490160089732,0.8960437982429994,15,16.147937774658203,0.29045262932777405,0.9911775987725355,0.0,0.030718310047723962
chewinggum,1,0,bad/065.JPG,3495,0.8369098712446352,0.6092843569334458,0.965379113018598,0.7211874393794565,0,2.8875465393066406,0.22332894802093506,0.864602510460251,0.1284692417739628,0.11190308244601066
chewinggum,1,0,bad/066.JPG,2819,1.0,0.8264248038299212,1.0,0.8242375636658004,0,2.280487060546875,0.22520866990089417,0.9841269841269842,0.0,-0.0021872401641208628
chewinggum,1,0,bad/067.JPG,693,1.0,0.9730858830958933,1.0,0.9745808307314258,0,0.5765380859375,0.21831592917442322,0.9972222222222222,0.0,0.0014949476355324842
chewinggum,1,0,bad/068.JPG,1195,0.9447698744769875,0.25069702747189376,0.9489539748953975,0.31602246634534686,0,0.9795799255371094,0.25490039587020874,0.8444816053511706,0.004184100418409997,0.0653254388734531
chewinggum,1,0,bad/069.JPG,2902,1.0,0.8560115745336139,0.9993108201240524,0.748922596580103,0,2.4082107543945312,0.17044931650161743,0.9729323308270678,-0.000689179875947632,-0.10708897795351091
chewinggum,1,0,bad/070.JPG,494,1.0,0.8610988701906072,1.0,0.8758251553783714,0,0.4285316467285156,0.21169552206993103,0.9872685185185185,0.0,0.014726285187764199
chewinggum,1,0,bad/071.JPG,1783,1.0,0.9615203635183008,1.0,0.9610504203080347,0,1.4538917541503906,0.23604434728622437,0.9931623931623932,0.0,-0.00046994321026616603
chewinggum,1,0,bad/072.JPG,506,1.0,0.8749156884296705,1.0,0.9308718794603261,0,0.36730194091796875,0.17679336667060852,0.9572463768115942,0.0,0.05595619103065563
chewinggum,1,0,bad/073.JPG,1377,1.0,0.9189099971680583,1.0,0.9319091080081012,0,1.1530189514160156,0.18231961131095886,0.940625,0.0,0.012999110840042905
chewinggum,1,0,bad/074.JPG,2243,1.0,0.9557039134215217,1.0,0.958195603845918,1,1.8113517761230469,0.20565325021743774,0.9995391705069124,0.0,0.0024916904243962312
chewinggum,1,0,bad/075.JPG,1949,1.0,0.980407445720527,1.0,0.943389085500232,1,1.642822265625,0.22778531908988953,0.9958333333333332,0.0,-0.03701836022029492
chewinggum,1,0,bad/076.JPG,4491,1.0,0.9841114983485699,1.0,0.9907851574076361,4,3.6787948608398438,0.23245835304260254,0.9843304843304843,0.0,0.006673659059066139
chewinggum,1,0,bad/077.JPG,3724,1.0,0.9880244802162961,1.0,0.9909529914800222,3,3.05078125,0.29800939559936523,1.0,0.0,0.0029285112637261745
chewinggum,1,0,bad/078.JPG,3550,1.0,0.994200117273867,1.0,0.9984280765419087,2,2.94378662109375,0.3274519145488739,1.0,0.0,0.004227959268041648
chewinggum,1,0,bad/079.JPG,5034,1.0,0.970395356929547,1.0,0.9642698411454653,4,4.11212158203125,0.27844008803367615,0.9987179487179487,0.0,-0.006125515784081714
chewinggum,1,0,bad/080.JPG,5324,0.8794139744552968,0.43929276981006876,0.9432757325319309,0.5117666430518751,4,4.356903076171875,0.3193681240081787,0.868095238095238,0.06386175807663408,0.07247387324180637
chewinggum,1,0,bad/081.JPG,2730,1.0,0.9620510227402479,1.0,0.982308959893339,1,2.2297134399414062,0.2846486568450928,0.9977703455964325,0.0,0.0202579371530911
chewinggum,1,0,bad/082.JPG,2944,1.0,0.9867208050931858,1.0,0.9944070352204709,2,2.3975830078125,0.2770787477493286,1.0,0.0,0.0076862301272850875
chewinggum,1,0,bad/083.JPG,3837,1.0,0.9829607716421948,1.0,0.9680635969071263,3,3.1170806884765625,0.34779661893844604,0.998263888888889,0.0,-0.014897174735068464
chewinggum,1,0,bad/084.JPG,3010,1.0,0.9904923159668602,1.0,0.9902747172661273,3,2.4953536987304688,0.33920496702194214,0.996031746031746,0.0,-0.00021759870073290166
chewinggum,1,0,bad/085.JPG,4887,0.8254552895436873,0.4974916496959425,0.8254552895436873,0.49731983757718096,3,4.015422821044922,0.32359570264816284,0.8264615384615385,0.0,-0.00017181211876154956
chewinggum,1,0,bad/086.JPG,2903,0.9221495005167069,0.7194227500556897,0.9045814674474681,0.7537089066289709,1,2.3468017578125,0.19923141598701477,0.7714097496706193,-0.01756803306923871,0.03428615657328127
chewinggum,1,0,bad/087.JPG,3514,1.0,0.9872437728973549,1.0,0.9898021195023377,2,2.903106689453125,0.2621489465236664,0.9871794871794871,0.0,0.0025583466049827752
chewinggum,1,0,bad/088.JPG,4051,1.0,0.9877274379581549,1.0,0.9863981673791977,4,3.35723876953125,0.3258988857269287,0.9878472222222222,0.0,-0.0013292705789571535
chewinggum,1,0,bad/089.JPG,2702,1.0,0.9934777072736275,1.0,0.9927242017192071,2,2.21917724609375,0.3239455819129944,0.9503968253968254,0.0,-0.0007535055544204416
chewinggum,1,0,bad/090.JPG,3182,1.0,0.9779358438776184,1.0,0.9848236280515826,2,2.59185791015625,0.3165377378463745,0.9791666666666666,0.0,0.006887784173964184
chewinggum,1,0,bad/091.JPG,5277,0.9645631987871897,0.627787099949908,0.9935569452340345,0.8995689747268034,4,4.3269805908203125,0.2420579493045807,0.8356227106227107,0.028993746446844826,0.2717818747768954
chewinggum,1,0,bad/092.JPG,4374,0.984453589391861,0.9090201046917937,0.989254686785551,0.9164512914356493,3,3.5868759155273438,0.27115288376808167,0.95,0.004801097393689946,0.007431186743855567
chewinggum,1,0,bad/093.JPG,3916,0.9499489274770173,0.7346276110507466,0.966802860061287,0.7658321527686565,2,3.1325607299804688,0.30820924043655396,0.8680981595092024,0.016853932584269704,0.031204541717909873
chewinggum,1,0,bad/094.JPG,3077,1.0,0.9943988765423786,1.0,0.9876051384501174,3,2.500244140625,0.2564775049686432,1.0,0.0,-0.006793738092261137
chewinggum,1,0,bad/095.JPG,2818,1.0,0.9958271785441042,1.0,0.9987723114645283,2,2.3364906311035156,0.32069793343544006,0.9742063492063492,0.0,0.0029451329204240873
chewinggum,1,0,bad/096.JPG,5739,1.0,0.9835636541384196,1.0,0.9839810713660518,3,4.72418212890625,0.3100980222225189,0.9825174825174825,0.0,0.0004174172276322219
chewinggum,1,0,bad/097.JPG,8369,1.0,0.9659279601021739,1.0,0.9648010800403245,8,6.84185791015625,0.29266810417175293,0.9812925170068026,0.0,-0.0011268800618493557
chewinggum,1,0,bad/098.JPG,8262,1.0,0.9867447605104653,1.0,0.9885739409346531,7,6.729560852050781,0.3957240879535675,0.9862637362637362,0.0,0.0018291804241877818
chewinggum,1,0,bad/099.JPG,4877,1.0,0.9956058977869697,1.0,0.990976560976641,3,3.9849395751953125,0.3553696870803833,1.0,0.0,-0.0046293368103287325
chewinggum,1,1,bad/000.JPG,16060,0.9919676214196762,0.5608987573159147,0.9965753424657534,0.6506782245571113,11,13.1790771484375,0.41954582929611206,0.9519168291098116,0.004607721046077207,0.08977946724119668
chewinggum,1,1,bad/001.JPG,14859,0.9996635036005115,0.9350073667339753,1.0,0.9461618004891814,9,12.178604125976562,0.5039233565330505,0.9836182336182335,0.0003364963994885173,0.011154433755206083
chewinggum,1,1,bad/002.JPG,10518,0.9978132724852633,0.8539025991394341,1.0,0.9049303411956884,6,8.749828338623047,0.5050489902496338,0.9075630252100841,0.002186727514736697,0.051027742056254266
chewinggum,1,1,bad/003.JPG,7185,0.9962421711899792,0.9613547814440146,1.0,0.9644224034812884,6,5.903221130371094,0.34204643964767456,0.9714285714285713,0.003757828810020847,0.0030676220372737317
chewinggum,1,1,bad/004.JPG,19073,1.0,0.9453487346114442,1.0,0.9443965718557225,15,15.718719482421875,0.31682461500167847,0.9805555555555555,0.0,-0.0009521627557217416
chewinggum,1,1,bad/005.JPG,19964,1.0,0.9659985125784376,1.0,0.9704678868445722,17,16.41940689086914,0.3450883626937866,0.9888888888888889,0.0,0.004469374266134585
chewinggum,1,1,bad/006.JPG,25307,0.9979057177855929,0.7881079996915709,0.9981032915794049,0.8035635881463551,19,20.69904327392578,0.3677087426185608,0.9768555466879488,0.00019757379381202256,0.01545558845478423
chewinggum,1,1,bad/007.JPG,18559,0.9633062126192145,0.49240215255627695,0.9822188695511611,0.5949376093472214,15,15.183403015136719,0.4269827604293823,0.9156460238054166,0.01891265693194666,0.10253545679094445
chewinggum,1,1,bad/008.JPG,19782,0.9499039530886665,0.7301706438289064,0.9859973713476898,0.8641514352350116,18,16.372146606445312,0.38671955466270447,0.9523809523809523,0.03609341825902335,0.1339807914061052
chewinggum,1,1,bad/009.JPG,10636,0.9748965776607748,0.8255174184725996,0.9894697254606996,0.8732525179801243,6,8.796455383300781,0.3740603029727936,0.9405372405372405,0.014573147799924802,0.047735099507524636
chewinggum,1,1,bad/010.JPG,16867,1.0,0.935218898665466,1.0,0.9336802511862644,13,13.770305633544922,0.46176108717918396,0.9479166666666666,0.0,-0.001538647479201627
chewinggum,1,1,bad/011.JPG,41351,0.9995405189717298,0.7820298160147501,0.9995888853957583,0.7322401080618726,33,33.780479431152344,0.3855818510055542,0.9694227005870841,4.836642402850089e-05,-0.049789707952877515
chewinggum,1,1,bad/012.JPG,21097,0.9917049817509599,0.8269131007440246,0.9992889984357965,0.8897448198511826,17,17.331958770751953,0.35681071877479553,0.9589700056593096,0.007584016684836659,0.06283171910715801
chewinggum,1,1,bad/013.JPG,10766,1.0,0.9747767292983028,1.0,0.9638109503513831,7,8.805953979492188,0.49021217226982117,0.992003367003367,0.0,-0.010965778946919746
chewinggum,1,1,bad/014.JPG,20870,1.0,0.9530068364638872,1.0,0.9339637574610834,16,17.020858764648438,0.4503498375415802,0.9702009702009702,0.0,-0.019043079002803776
chewinggum,1,1,bad/015.JPG,47862,0.9998328527850905,0.9612611295575946,0.9993105177384982,0.9587588393050451,37,39.30080032348633,0.4231140911579132,0.9724671761708799,-0.0005223350465922705,-0.002502290252549444
chewinggum,1,1,bad/016.JPG,13794,1.0,0.9531882105897908,1.0,0.972650405411396,14,11.280654907226562,0.39608848094940186,0.9991474850809888,0.0,0.019462194821605272
chewinggum,1,1,bad/017.JPG,23250,1.0,0.9467281362195717,1.0,0.9480120463171471,18,19.05080795288086,0.43941429257392883,0.9939309056956116,0.0,0.001283910097575336
chewinggum,1,1,bad/018.JPG,20100,0.9960199004975124,0.8203213891478491,0.9949253731343284,0.8711252471539579,15,16.407581329345703,0.38203713297843933,0.9516742770167429,-0.0010945273631840502,0.05080385800610876
chewinggum,1,1,bad/019.JPG,20419,0.9826142318428914,0.5158579621446803,0.9866790734120182,0.5817192143980169,16,16.719444274902344,0.3688456416130066,0.9171225937183384,0.004064841569126787,0.06586125225333661
chewinggum,1,1,bad/020.JPG,14934,1.0,0.9902640500699186,1.0,0.9921049648248187,11,12.183521270751953,0.5626587867736816,0.9925925925925927,0.0,0.0018409147549001137
chewinggum,1,1,bad/021.JPG,26707,0.9935971842588085,0.5155008661331786,0.9925487699853971,0.568131428614306,20,21.86752700805664,0.4951552152633667,0.9555251141552511,-0.0010484142734114021,0.05263056248112741
chewinggum,1,1,bad/022.JPG,6816,0.997505868544601,0.9822299943373188,1.0,0.989564387229438,6,5.591224670410156,0.48834118247032166,0.8954326923076922,0.002494131455399007,0.007334392892119124
chewinggum,1,1,bad/023.JPG,6600,1.0,0.9669492258357789,1.0,0.9778454348120682,6,5.4029541015625,0.42261698842048645,0.9781746031746031,0.0,0.01089620897628929
chewinggum,1,1,bad/024.JPG,8767,1.0,0.9816912097336186,1.0,0.9859014956400297,8,7.1827545166015625,0.5124256610870361,0.8698412698412697,0.0,0.004210285906411149
chewinggum,1,1,bad/025.JPG,4010,0.9675810473815462,0.8428873538152892,0.9069825436408978,0.7333885852782305,3,3.2507095336914062,0.12919971346855164,0.8380952380952381,-0.060598503740648346,-0.10949876853705875
chewinggum,1,1,bad/026.JPG,5292,0.8159486016628874,0.6483052349916568,0.9465230536659108,0.7450012912357534,2,4.3568572998046875,0.045193880796432495,0.7358974358974358,0.13057445200302342,0.0966960562440966
chewinggum,1,1,bad/027.JPG,3369,0.5164737310774711,0.3734320327974089,0.8459483526268923,0.6807933642908126,2,2.7297210693359375,0.09132325649261475,0.7777777777777778,0.3294746215494212,0.3073613314934037
chewinggum,1,1,bad/028.JPG,1912,0.9874476987447699,0.9178976250906647,1.0,0.9738971010883842,0,1.5815620422363281,0.09148591756820679,0.8363636363636364,0.012552301255230103,0.05599947599771948
chewinggum,1,1,bad/029.JPG,2692,1.0,0.9611119178500824,0.9966567607726597,0.9646495819511705,2,2.22418212890625,0.1509770154953003,0.9065656565656565,-0.0033432392273402556,0.0035376641010880228
chewinggum,1,1,bad/030.JPG,9942,0.9844095755381211,0.7928403020365532,0.9548380607523637,0.8101876371143526,9,8.142494201660156,0.18635109066963196,0.9081632653061225,-0.02957151478575748,0.017347335077799397
chewinggum,1,1,bad/031.JPG,2989,0.7320173971227836,0.4865930636191529,0.8327199732351958,0.5632335251282067,3,2.4994659423828125,0.0334630012512207,0.7635327635327636,0.10070257611241218,0.07664046150905379
chewinggum,1,1,bad/032.JPG,5968,0.44235924932975873,0.2980862146599054,0.4726876675603217,0.3258287548233719,2,4.810901641845703,0.03026828169822693,0.7410492733073378,0.03032841823056298,0.0277425401634665
chewinggum,1,1,bad/033.JPG,1149,0.25935596170583114,0.17791855218909933,0.6544821583986075,0.5111667838812596,0,0.9387283325195312,-0.016252636909484863,0.33597883597883593,0.3951261966927763,0.3332482316921602
chewinggum,1,1,bad/034.JPG,2785,0.9346499102333932,0.8168593285937772,0.9307001795332136,0.8136166124142941,2,2.2855224609375,0.0228365957736969,0.7264309764309765,-0.003949730700179566,-0.0032427161794831294
chewinggum,1,1,bad/035.JPG,3791,1.0,0.9143686072191193,1.0,0.9425552632767586,3,3.0762176513671875,0.2773936688899994,0.9227272727272726,0.0,0.02818665605763937
chewinggum,1,1,bad/036.JPG,7260,1.0,0.9358259279462063,1.0,0.9670515703638507,5,5.9384765625,0.33424893021583557,0.9890873015873016,0.0,0.03122564241764436
chewinggum,1,1,bad/037.JPG,2494,0.9891740176423416,0.8362354983538317,0.8396150761828388,0.7689125577265522,1,2.0558815002441406,0.016491830348968506,0.6990740740740741,-0.14955894145950277,-0.0673229406272795
chewinggum,1,1,bad/038.JPG,9852,0.957673568818514,0.8072159723349465,0.993605359317905,0.8574371385963944,7,8.049972534179688,0.20930606126785278,0.8878421613935301,0.03593179049939099,0.0502211662614479
chewinggum,1,1,bad/039.JPG,7732,0.9137351267459907,0.6563595873701734,0.9222710812209002,0.7474568943928608,5,6.198677062988281,0.08304664492607117,0.9,0.008535954474909513,0.09109730702268737
chewinggum,1,1,bad/040.JPG,19981,1.0,0.9698094291274003,1.0,0.9582593929924345,15,16.372833251953125,0.2958085238933563,0.9674509803921569,0.0,-0.011550036134965858
chewinggum,1,1,bad/041.JPG,15793,0.9903754828088394,0.6768178122482779,0.9980371050465396,0.8382978526484536,12,12.939144134521484,0.2598285675048828,0.8709417221213954,0.007661622237700283,0.16148004040017572
chewinggum,1,1,bad/042.JPG,26152,1.0,0.9212149052269114,1.0,0.9580115422359788,18,21.357120513916016,0.27549606561660767,0.9700542005420054,0.0,0.036796637009067434
chewinggum,1,1,bad/043.JPG,28652,1.0,0.9729859940950342,1.0,0.9750513915387501,24,23.454299926757812,0.3356810510158539,0.9873444873444873,0.0,0.0020653974437159217
chewinggum,1,1,bad/044.JPG,49603,0.9435518013023406,0.46564079849373996,0.9780255226498398,0.661368037431523,39,40.55596160888672,0.22698545455932617,0.8690637065637066,0.03447372134749915,0.195727238937783
chewinggum,1,1,bad/045.JPG,27667,0.9941085047168107,0.7409018094465077,1.0,0.8160535338232625,22,22.719776153564453,0.412572979927063,0.9431728492501974,0.00589149528318933,0.07515172437675477
chewinggum,1,1,bad/046.JPG,15559,1.0,0.8199748451708779,1.0,0.8664421098870164,12,12.657638549804688,0.3826172947883606,0.9727891156462585,0.0,0.04646726471613849
chewinggum,1,1,bad/047.JPG,15198,1.0,0.9864903289089022,1.0,0.9820277575971881,11,12.454093933105469,0.4233734905719757,0.9963235294117647,0.0,-0.004462571311714125
chewinggum,1,1,bad/048.JPG,16376,1.0,0.8764733452828982,0.998961895456766,0.8582261078739419,12,13.352008819580078,0.3717845380306244,0.9524375743162902,-0.001038104543234053,-0.018247237408956285
chewinggum,1,1,bad/049.JPG,28573,1.0,0.9735411118534206,1.0,0.9759154680767174,25,23.4080810546875,0.449720561504364,0.995,0.0,0.0023743562232967363
chewinggum,1,1,bad/050.JPG,32481,1.0,0.9823596543237662,1.0,0.9673726671121375,27,26.601966857910156,0.45094531774520874,0.986981843096951,0.0,-0.01498698721162861
chewinggum,1,1,bad/051.JPG,32847,0.9978689073583584,0.8261937248019824,0.9988431211373946,0.767300977526025,26,26.887535095214844,0.33157098293304443,0.9244092373791623,0.0009742137790361705,-0.05889274727595739
chewinggum,1,1,bad/052.JPG,39723,1.0,0.9381737164224848,1.0,0.9436742652759428,32,32.45484161376953,0.4084913730621338,0.9779040404040404,0.0,0.005500548853457965
chewinggum,1,1,bad/053.JPG,41670,0.9678185745140389,0.6948874308845088,0.9794336453083753,0.6640776141319706,29,34.17348098754883,0.4248054027557373,0.9243079584775086,0.011615070794336435,-0.030809816752538133
chewinggum,1,1,bad/054.JPG,5291,1.0,0.9885564715326911,1.0,0.993009800310344,3,4.32135009765625,0.4109571874141693,0.998015873015873,0.0,0.004453328777652921
chewinggum,1,1,bad/055.JPG,17314,1.0,0.7403531573970871,1.0,0.8218707716148895,12,14.20883560180664,0.41950523853302,0.9447004608294931,0.0,0.08151761421780246
chewinggum,1,1,bad/056.JPG,17171,1.0,0.964158680775522,1.0,0.96290046783253,14,14.015701293945312,0.4728066921234131,0.9955418381344308,0.0,-0.0012582129429919986
chewinggum,1,1,bad/057.JPG,9715,1.0,0.978730170452732,1.0,0.9813012838139509,6,8.015327453613281,0.3380160331726074,0.9847222222222223,0.0,0.0025711133612188464
chewinggum,1,1,bad/058.JPG,39181,1.0,0.9761784358795103,1.0,0.9715664304363733,33,32.209686279296875,0.31448623538017273,0.9789196310935441,0.0,-0.004612005443137002
chewinggum,1,1,bad/059.JPG,15306,0.9953612962237032,0.8134818284283343,0.9965373056317783,0.8610037614500354,12,12.515132904052734,0.36338040232658386,0.9722222222222222,0.0011760094080751626,0.04752193302170116
chewinggum,1,1,bad/060.JPG,14594,0.9799232561326573,0.6933801453913271,0.9995888721392353,0.7603821574447979,11,11.954151153564453,0.38583481311798096,0.954647435897436,0.019665616006578013,0.06700201205347078
chewinggum,1,1,bad/061.JPG,22795,0.9986839219127002,0.8684131896128692,0.9997806536521167,0.9013989019722014,18,18.60657501220703,0.37270140647888184,0.9777777777777776,0.00109673173941649,0.03298571235933223
chewinggum,1,1,bad/062.JPG,34050,1.0,0.9879303430288424,1.0,0.9904733864640055,29,27.84674072265625,0.3366146981716156,0.9958448753462604,0.0,0.002543043435163095
chewinggum,1,1,bad/063.JPG,30677,0.9725527267985787,0.7097356055829676,0.9880692375395247,0.7884831670814986,23,25.127304077148438,0.34268859028816223,0.9073076923076923,0.015516510740945955,0.07874756149853102
chewinggum,1,1,bad/064.JPG,19614,1.0,0.8838558941058827,0.9999490160089732,0.9088810791876886,15,16.147937774658203,0.40327706933021545,0.9940544687380131,-5.0983991026765096e-05,0.025025185081805845
chewinggum,1,1,bad/065.JPG,3495,0.8369098712446352,0.6106065727791333,0.8549356223175966,0.6366500666369107,0,2.8875465393066406,0.2358999252319336,0.8731380753138075,0.018025751072961338,0.026043493857777378
chewinggum,1,1,bad/066.JPG,2819,1.0,0.8730922804257579,1.0,0.8620925191469305,0,2.280487060546875,0.2525562644004822,0.9945436507936508,0.0,-0.010999761278827402
chewinggum,1,1,bad/067.JPG,693,1.0,0.9701163394745865,1.0,0.9831856451754128,0,0.5765380859375,0.21122440695762634,0.9805555555555555,0.0,0.013069305700826317
chewinggum,1,1,bad/068.JPG,1195,0.9464435146443515,0.24900228871365254,0.9539748953974896,0.38993381579752145,0,0.9795799255371094,0.19465875625610352,0.8439241917502787,0.007531380753138084,0.1409315270838689
chewinggum,1,1,bad/069.JPG,2902,1.0,0.8214384832760019,0.9975878704341833,0.7525784193694174,0,2.4082107543945312,0.20396900177001953,0.9814536340852131,-0.002412129565816712,-0.0688600639065845
chewinggum,1,1,bad/070.JPG,494,1.0,0.7863203451980921,1.0,0.8770212719711314,0,0.4285316467285156,0.1711227297782898,0.9826388888888888,0.0,0.09070092677303931
chewinggum,1,1,bad/071.JPG,1783,1.0,0.9511821078289497,1.0,0.9617094564178896,0,1.4538917541503906,0.18605613708496094,0.9891737891737892,0.0,0.010527348588939889
chewinggum,1,1,bad/072.JPG,506,1.0,0.9303725681583427,1.0,0.9667193358172084,0,0.36730194091796875,0.1712624728679657,0.9565217391304348,0.0,0.036346767658865686
chewinggum,1,1,bad/073.JPG,1377,1.0,0.9165604730148408,1.0,0.9245030833725373,0,1.1530189514160156,0.15738874673843384,0.9333333333333333,0.0,0.0079426103576965
chewinggum,1,1,bad/074.JPG,2243,1.0,0.9511522381561649,1.0,0.9587290643045173,1,1.8113517761230469,0.2200760543346405,0.9986175115207373,0.0,0.007576826148352422
chewinggum,1,1,bad/075.JPG,1949,1.0,0.9930841216445446,1.0,0.988770423909103,1,1.642822265625,0.31151264905929565,1.0,0.0,-0.004313697735441657
chewinggum,1,1,bad/076.JPG,4491,1.0,0.9948247339685203,1.0,0.992836780646579,4,3.6787948608398438,0.30329588055610657,0.9886039886039886,0.0,-0.001987953321941349
chewinggum,1,1,bad/077.JPG,3724,1.0,0.9959674566149462,1.0,0.9960808901623777,3,3.05078125,0.20437800884246826,0.970486111111111,0.0,0.00011343354743142964
chewinggum,1,1,bad/078.JPG,3550,1.0,0.993016988509326,1.0,0.9918127353763273,2,2.94378662109375,0.29436060786247253,0.998263888888889,0.0,-0.001204253132998656
chewinggum,1,1,bad/079.JPG,5034,1.0,0.9765791598892082,1.0,0.9757128564362496,4,4.11212158203125,0.3314172625541687,0.982051282051282,0.0,-0.0008663034529585723
chewinggum,1,1,bad/080.JPG,5324,0.8698347107438017,0.41397010830772585,0.9389556724267468,0.5057733657986782,4,4.356903076171875,0.3089742958545685,0.8638095238095238,0.06912096168294513,0.0918032574909523
chewinggum,1,1,bad/081.JPG,2730,1.0,0.9644125507487561,1.0,0.9833858688876318,1,2.2297134399414062,0.31525734066963196,0.9966555183946488,0.0,0.018973318138875706
chewinggum,1,1,bad/082.JPG,2944,1.0,0.9935372307884766,1.0,0.9977500150858631,2,2.3975830078125,0.31669333577156067,1.0,0.0,0.004212784297386585
chewinggum,1,1,bad/083.JPG,3837,1.0,0.9907556681699342,1.0,0.9842792842187859,3,3.1170806884765625,0.34224560856819153,0.9965277777777778,0.0,-0.006476383951148357
chewinggum,1,1,bad/084.JPG,3010,1.0,0.9630595863789523,1.0,0.9783942967107528,3,2.4953536987304688,0.2242811620235443,0.9841269841269842,0.0,0.01533471033180056
chewinggum,1,1,bad/085.JPG,4887,0.8254552895436873,0.4983926582985049,0.9046449764681809,0.5384433888011182,3,4.015422821044922,0.3106272220611572,0.8067692307692308,0.07918968692449357,0.04005073050261332
chewinggum,1,1,bad/086.JPG,2903,0.9528074405787117,0.7439880282573959,0.9200826730967964,0.7911368936793473,1,2.3468017578125,0.23621612787246704,0.8175230566534915,-0.03272476748191533,0.0471488654219514
chewinggum,1,1,bad/087.JPG,3514,1.0,0.9853010797211972,1.0,0.9908602297130267,2,2.903106689453125,0.18846657872200012,0.9544159544159545,0.0,0.005559149991829493
chewinggum,1,1,bad/088.JPG,4051,1.0,0.9920361667574814,1.0,0.9967731061535925,4,3.35723876953125,0.3055180311203003,0.984375,0.0,0.004736939396111084
chewinggum,1,1,bad/089.JPG,2702,1.0,0.9972217925142352,1.0,0.9959360781817955,2,2.21917724609375,0.2867469787597656,0.9642857142857142,0.0,-0.0012857143324396247
chewinggum,1,1,bad/090.JPG,3182,1.0,0.9836364144281426,1.0,0.988504688628697,2,2.59185791015625,0.3201436698436737,0.9600694444444445,0.0,0.004868274200554357
chewinggum,1,1,bad/091.JPG,5277,0.9761227970437749,0.7238220656428209,0.9946939548986167,0.9054142508461394,4,4.3269805908203125,0.31804418563842773,0.8502747252747254,0.018571157854841758,0.18159218520331843
chewinggum,1,1,bad/092.JPG,4374,0.998856881572931,0.9599136622668386,1.0,0.9840985604388697,3,3.5868759155273438,0.35341575741767883,0.9500000000000002,0.0011431184270690453,0.024184898172031066
chewinggum,1,1,bad/093.JPG,3916,0.9484167517875383,0.7420254914915053,0.9813585291113381,0.8288670675611612,2,3.1325607299804688,0.30950793623924255,0.8933197000681663,0.03294177732379988,0.08684157606965592
chewinggum,1,1,bad/094.JPG,3077,1.0,0.9949002463627099,1.0,0.984412788189916,3,2.500244140625,0.3201933205127716,1.0,0.0,-0.010487458172793951
chewinggum,1,1,bad/095.JPG,2818,1.0,0.9944134892719388,1.0,0.9988821037213647,2,2.3364906311035156,0.3223505914211273,0.9722222222222223,0.0,0.004468614449425812
chewinggum,1,1,bad/096.JPG,5739,1.0,0.9921094242909961,1.0,0.9914384227393438,3,4.72418212890625,0.3005518913269043,0.9778554778554778,0.0,-0.0006710015516523393
chewinggum,1,1,bad/097.JPG,8369,1.0,0.9785945117912406,1.0,0.9875950955162383,8,6.84185791015625,0.2568715214729309,0.9855442176870748,0.0,0.00900058372499768
chewinggum,1,1,bad/098.JPG,8262,1.0,0.9962968629822363,1.0,0.9913039675510085,7,6.729560852050781,0.4073685109615326,0.9945054945054944,0.0,-0.004992895431227828
chewinggum,1,1,bad/099.JPG,4877,1.0,0.9975859875118576,1.0,0.9971349665545501,3,3.9849395751953125,0.39144042134284973,1.0,0.0,-0.0004510209573074242
chewinggum,1,2,bad/000.JPG,16060,0.9927148194271482,0.5726463511954073,0.9973225404732254,0.6824865159671776,11,13.1790771484375,0.5250333547592163,0.9605263157894737,0.004607721046077207,0.10984016477177028
chewinggum,1,2,bad/001.JPG,14859,1.0,0.9420240475846826,1.0,0.9483280638565845,9,12.178604125976562,0.5293894410133362,0.9896723646723646,0.0,0.006304016271901913
chewinggum,1,2,bad/002.JPG,10518,0.9987640235786271,0.8472849369723096,1.0,0.8966169578822039,6,8.749828338623047,0.5873136520385742,0.926279602750191,0.001235976421372853,0.0493320209098943
chewinggum,1,2,bad/003.JPG,7185,0.9944328462073765,0.9494054012718814,1.0,0.9595746484417897,6,5.903221130371094,0.3518467843532562,0.9658730158730158,0.005567153792623514,0.010169247169908302
chewinggum,1,2,bad/004.JPG,19073,1.0,0.9160275519085411,1.0,0.9441187597668412,15,15.718719482421875,0.4253436326980591,0.9873737373737373,0.0,0.028091207858300105
chewinggum,1,2,bad/005.JPG,19964,1.0,0.9592322925848947,1.0,0.9640459488696225,17,16.41940689086914,0.3766339123249054,0.9922222222222222,0.0,0.004813656284727741
chewinggum,1,2,bad/006.JPG,25307,0.9968783340577706,0.7688173201607262,0.9979057177855929,0.786030067159105,19,20.69904327392578,0.39519137144088745,0.9687416866187816,0.0010273837278222953,0.017212746998378714
chewinggum,1,2,bad/007.JPG,18559,0.9633062126192145,0.4915193171675966,0.9813567541354599,0.5844311859422555,15,15.183403015136719,0.47870028018951416,0.9282387441780231,0.01805054151624541,0.0929118687746589
chewinggum,1,2,bad/008.JPG,19782,0.9415630371044383,0.7278265154298688,0.9981296127792944,0.8492808347773725,18,16.372146606445312,0.42083898186683655,0.9584249084249084,0.05656657567485601,0.12145431934750373
chewinggum,1,2,bad/009.JPG,10636,0.9754606995110944,0.818589048237692,0.9966152688980819,0.867481577106938,6,8.796455383300781,0.47030797600746155,0.9462759462759462,0.021154569386987565,0.048892528869246
chewinggum,1,2,bad/010.JPG,16867,1.0,0.9099438196709773,1.0,0.9221502319242172,13,13.770305633544922,0.4948395788669586,0.9330357142857143,0.0,0.012206412253239929
chewinggum,1,2,bad/011.JPG,41351,1.0,0.7669797812836944,0.9998065343038862,0.739297204173213,33,33.780479431152344,0.4274595379829407,0.9686888454011743,-0.0001934656961137815,-0.027682577110481388
chewinggum,1,2,bad/012.JPG,21097,0.9923211831066029,0.8388185953484961,0.9996681992700384,0.8891177550551518,17,17.331958770751953,0.4518554210662842,0.9601018675721562,0.007347016163435471,0.05029915970665566
chewinggum,1,2,bad/013.JPG,10766,1.0,0.9676310286843864,1.0,0.953860152979229,7,8.805953979492188,0.5506008863449097,0.9907407407407407,0.0,-0.013770875705157448
chewinggum,1,2,bad/014.JPG,20870,1.0,0.9433719488967118,1.0,0.9203114541925226,16,17.020858764648438,0.485382616519928,0.9686417186417187,0.0,-0.02306049470418925
chewinggum,1,2,bad/015.JPG,47862,1.0,0.9511613428167566,0.9993105177384982,0.9461353980341188,37,39.30080032348633,0.46876010298728943,0.9750146972369194,-0.0006894822615017837,-0.005025944782637737
chewinggum,1,2,bad/016.JPG,13794,1.0,0.9365461777536532,1.0,0.9575240803640656,14,11.280654907226562,0.44485870003700256,0.9987212276214834,0.0,0.020977902610412325
chewinggum,1,2,bad/017.JPG,23250,1.0,0.9513240974126635,1.0,0.9572196816058959,18,19.05080795288086,0.4637090563774109,0.9915966386554622,0.0,0.005895584193232328
chewinggum,1,2,bad/018.JPG,20100,0.9965671641791045,0.8759450348281655,0.9950746268656716,0.9013319821342486,15,16.407581329345703,0.4426001310348511,0.9632800608828006,-0.0014925373134329067,0.02538694730608304
chewinggum,1,2,bad/019.JPG,20419,0.9832508937754053,0.5402397827626955,0.98148782996229,0.5436866489823874,16,16.719444274902344,0.4509102702140808,0.9207700101317122,-0.0017630638131153065,0.003446866219691924
chewinggum,1,2,bad/020.JPG,14934,1.0,0.9875563447192731,1.0,0.9902644433966903,11,12.183521270751953,0.5722837448120117,0.99,0.0,0.00270809867741717
chewinggum,1,2,bad/021.JPG,26707,0.9908638184745572,0.49386821922620017,0.9908638184745572,0.5324590684063403,20,21.86752700805664,0.5233498811721802,0.9389954337899544,0.0,0.03859084918014011
chewinggum,1,2,bad/022.JPG,6816,0.997505868544601,0.9807969209234471,1.0,0.9861080760681212,6,5.591224670410156,0.5362026691436768,0.9134615384615385,0.002494131455399007,0.005311155144674173
chewinggum,1,2,bad/023.JPG,6600,1.0,0.9609911552739381,1.0,0.9736227188756386,6,5.4029541015625,0.439054399728775,0.9722222222222222,0.0,0.01263156360170048
chewinggum,1,2,bad/024.JPG,8767,1.0,0.9787529463995767,1.0,0.9751406490055428,8,7.1827545166015625,0.5498182773590088,0.9428571428571428,0.0,-0.003612297394033903
chewinggum,1,2,bad/025.JPG,4010,0.958354114713217,0.7435836176167032,0.9987531172069826,0.816723030160233,3,3.2507095336914062,0.10278245806694031,0.6916666666666667,0.0403990024937656,0.07313941254352974
chewinggum,1,2,bad/026.JPG,5292,0.8437263794406652,0.6454119852667872,0.8943688586545729,0.7025903923098736,2,4.3568572998046875,0.030178934335708618,0.7632478632478633,0.05064247921390774,0.05717840704308641
chewinggum,1,2,bad/027.JPG,3369,0.8121104185218165,0.6350377587046432,0.9249035322054022,0.7769299743365973,2,2.7297210693359375,0.12479475140571594,0.8333333333333333,0.11279311368358569,0.1418922156319541
chewinggum,1,2,bad/028.JPG,1912,0.9843096234309623,0.9019778017297778,1.0,0.9728336256037553,0,1.5815620422363281,0.07406735420227051,0.8333333333333334,0.01569037656903771,0.07085582387397749
chewinggum,1,2,bad/029.JPG,2692,0.9903417533432393,0.9396888551090301,0.9981426448736999,0.9597668960534428,2,2.22418212890625,0.13246005773544312,0.9393939393939393,0.007800891530460596,0.02007804094441268
chewinggum,1,2,bad/030.JPG,9942,0.8600885133775901,0.7097222456622593,0.9139006236169784,0.7631644640738829,9,8.142494201660156,0.18445587158203125,0.9171668667466987,0.05381211023938837,0.053442218411623665
chewinggum,1,2,bad/031.JPG,2989,0.5590498494479759,0.33111695295623966,0.6711274673803947,0.3959324500817985,3,2.4994659423828125,0.02352192997932434,0.7065527065527065,0.11207761793241888,0.06481549712555884
chewinggum,1,2,bad/032.JPG,5968,0.3292560321715818,0.1623932544376102,0.590985254691689,0.24385105628887335,2,4.810901641845703,0.018172413110733032,0.7534562211981567,0.2617292225201073,0.08145780185126314
chewinggum,1,2,bad/033.JPG,1149,0.42384682332463014,0.26862175762672,0.7972149695387293,0.5887343303788669,0,0.9387283325195312,-0.004626840353012085,0.5282186948853616,0.37336814621409914,0.3201125727521469
chewinggum,1,2,bad/034.JPG,2785,0.8973070017953322,0.72952243294796,0.889407540394973,0.7078631360508522,2,2.2855224609375,0.06830459833145142,0.7954545454545453,-0.007899461400359131,-0.021659296897107883
chewinggum,1,2,bad/035.JPG,3791,0.997098390925877,0.8899900158696941,1.0,0.9202585788151885,3,3.0762176513671875,0.32393375039100647,0.9015151515151515,0.002901609074122957,0.030268562945494404
chewinggum,1,2,bad/036.JPG,7260,1.0,0.9339969664105757,1.0,0.9539214850397778,5,5.9384765625,0.3344447910785675,0.9851190476190476,0.0,0.01992451862920208
chewinggum,1,2,bad/037.JPG,2494,0.7153167602245389,0.5905677275256558,0.6643945469125903,0.5518665221159615,1,2.0558815002441406,0.03274506330490112,0.7453703703703703,-0.05092221331194868,-0.03870120540969424
chewinggum,1,2,bad/038.JPG,9852,0.9704628501827041,0.8257740626333643,0.9889362565976452,0.8378746166551521,7,8.049972534179688,0.2926829755306244,0.8869534305012443,0.018473406414941107,0.01210055402178778
chewinggum,1,2,bad/039.JPG,7732,0.9105018106570099,0.6615560705753778,0.9205897568546301,0.7422346628700575,5,6.198677062988281,0.09963580965995789,0.8500000000000001,0.010087946197620212,0.08067859229467966
chewinggum,1,2,bad/040.JPG,19981,1.0,0.9688960886457993,1.0,0.9526716814549541,15,16.372833251953125,0.3109995126724243,0.956078431372549,0.0,-0.01622440719084528
chewinggum,1,2,bad/041.JPG,15793,0.9872095232064839,0.6040170991963171,0.9858165009814475,0.7265523174226624,12,12.939144134521484,0.2901398539543152,0.8531962089130873,-0.0013930222250364555,0.12253521822634528
chewinggum,1,2,bad/042.JPG,26152,1.0,0.8573618717486359,1.0,0.9012721273413155,18,21.357120513916016,0.2945307195186615,0.9550135501355014,0.0,0.04391025559267958
chewinggum,1,2,bad/043.JPG,28652,1.0,0.9791182069151962,1.0,0.9793143369065934,24,23.454299926757812,0.38067200779914856,0.9897039897039897,0.0,0.0001961299913971759
chewinggum,1,2,bad/044.JPG,49603,0.9575227304800112,0.42991928873700735,0.9807874523718324,0.5639695872125918,39,40.55596160888672,0.2739594280719757,0.877992277992278,0.02326472189182116,0.13405029847558447
chewinggum,1,2,bad/045.JPG,27667,0.9932049011457693,0.7073825401244672,1.0,0.8252577865129723,22,22.719776153564453,0.42271244525909424,0.9468560905024993,0.006795098854230686,0.1178752463885051
chewinggum,1,2,bad/046.JPG,15559,1.0,0.7933593491712071,0.9996786425862845,0.8324362175094576,12,12.657638549804688,0.40583041310310364,0.9704506802721089,-0.0003213574137155284,0.039076868338250526
chewinggum,1,2,bad/047.JPG,15198,1.0,0.9845359923902277,1.0,0.9785451883679338,11,12.454093933105469,0.43463394045829773,0.9983660130718954,0.0,-0.005990804022293905
chewinggum,1,2,bad/048.JPG,16376,1.0,0.8960289208816116,1.0,0.8618969256893741,12,13.352008819580078,0.39431747794151306,0.9544193420531114,0.0,-0.03413199519223742
chewinggum,1,2,bad/049.JPG,28573,1.0,0.9733203253747316,1.0,0.9669930387972214,25,23.4080810546875,0.4414914846420288,0.99,0.0,-0.006327286577510138
chewinggum,1,2,bad/050.JPG,32481,1.0,0.9704845342355486,1.0,0.9567694545033958,27,26.601966857910156,0.46032798290252686,0.9698526892771497,0.0,-0.013715079732152802
chewinggum,1,2,bad/051.JPG,32847,0.9977775748165738,0.8087076371772345,0.9987822327762048,0.7593889195825761,26,26.887535095214844,0.3667147755622864,0.9244092373791623,0.0010046579596310057,-0.049318717594658334
chewinggum,1,2,bad/052.JPG,39723,1.0,0.9299840769773695,1.0,0.9404551204957873,32,32.45484161376953,0.4247349798679352,0.9738005050505051,0.0,0.010471043518417766
chewinggum,1,2,bad/053.JPG,41670,0.9708183345332373,0.6569207573600206,0.9884329253659707,0.6500337079376733,29,34.17348098754883,0.4551134407520294,0.9310553633217994,0.017614590832733423,-0.006887049422347302
chewinggum,1,2,bad/054.JPG,5291,1.0,0.9798424718277005,1.0,0.9912428987788131,3,4.32135009765625,0.4272238612174988,0.9960317460317459,0.0,0.011400426951112652
chewinggum,1,2,bad/055.JPG,17314,0.99584151553656,0.6596590899070981,0.9998267298140233,0.7400398912176167,12,14.20883560180664,0.4191752076148987,0.9507834101382489,0.003985214277463345,0.08038080131051861
chewinggum,1,2,bad/056.JPG,17171,1.0,0.9579937067245003,1.0,0.9603081871796776,14,14.015701293945312,0.4650407135486603,0.994170096021948,0.0,0.002314480455177237
chewinggum,1,2,bad/057.JPG,9715,1.0,0.9708892087738354,1.0,0.9763876114446448,6,8.015327453613281,0.3722344934940338,0.9703703703703703,0.0,0.005498402670809366
chewinggum,1,2,bad/058.JPG,39181,1.0,0.9744977735952939,1.0,0.9680238062419024,33,32.209686279296875,0.3162302076816559,0.9757905138339921,0.0,-0.006473967353391452
chewinggum,1,2,bad/059.JPG,15306,0.9956879655037241,0.8230526607729866,0.9964719717757742,0.8537984196720849,12,12.515132904052734,0.38286295533180237,0.9722222222222221,0.0007840062720501084,0.030745758899098363
chewinggum,1,2,bad/060.JPG,14594,0.9782787446895984,0.6911279589886284,0.9967109771138825,0.7441419984349223,11,11.954151153564453,0.417211651802063,0.9556089743589744,0.018432232424284045,0.053014039446293904
chewinggum,1,2,bad/061.JPG,22795,0.9989471375301601,0.8733406969804893,0.9995174380346568,0.9045860284772261,18,18.60657501220703,0.406370609998703,0.972420634920635,0.0005703005044966902,0.031245331496736806
chewinggum,1,2,bad/062.JPG,34050,1.0,0.9877274398482919,1.0,0.9911226222305025,29,27.84674072265625,0.34528523683547974,0.9939981532779316,0.0,0.003395182382210593
chewinggum,1,2,bad/063.JPG,30677,0.9436059588616879,0.6753511870082801,0.9856570068781172,0.7545792196109435,23,25.127304077148438,0.39495551586151123,0.8807692307692309,0.04205104801642934,0.07922803260266342
chewinggum,1,2,bad/064.JPG,19614,0.9998980320179464,0.8615091698045038,0.9998980320179464,0.9013689822822599,15,16.147937774658203,0.4138805568218231,0.9904104334484082,0.0,0.03985981247775616
chewinggum,1,2,bad/065.JPG,3495,0.8369098712446352,0.6013581430988802,0.9413447782546495,0.6800404173382477,0,2.8875465393066406,0.31304824352264404,0.8701255230125524,0.10443490701001423,0.07868227423936747
chewinggum,1,2,bad/066.JPG,2819,1.0,0.8251254037429886,1.0,0.8386899245947457,0,2.280487060546875,0.3307330906391144,0.9950396825396824,0.0,0.013564520851757078
chewinggum,1,2,bad/067.JPG,693,1.0,0.9761117233089206,1.0,0.9840575558015221,0,0.5765380859375,0.3179991543292999,0.9833333333333333,0.0,0.007945832492601501
chewinggum,1,2,bad/068.JPG,1195,0.9422594142259414,0.18398676837491926,0.9523012552301255,0.3443087890183503,0,0.9795799255371094,0.3335886597633362,0.8383500557413601,0.010041841004184149,0.16032202064343107
chewinggum,1,2,bad/069.JPG,2902,1.0,0.8480328878484096,0.9979324603721571,0.7559099682221959,0,2.4082107543945312,0.24450373649597168,0.9824561403508771,-0.002067539627842896,-0.09212291962621366
chewinggum,1,2,bad/070.JPG,494,1.0,0.8633644275510066,1.0,0.9052144071367496,0,0.4285316467285156,0.30014440417289734,0.9826388888888888,0.0,0.04184997958574299
chewinggum,1,2,bad/071.JPG,1783,1.0,0.9482792283646518,1.0,0.9604110878551311,0,1.4538917541503906,0.32353079319000244,0.9880341880341881,0.0,0.012131859490479235
chewinggum,1,2,bad/072.JPG,506,1.0,0.9310395378121528,1.0,0.9617484526874461,0,0.36730194091796875,0.2604719400405884,0.9507246376811594,0.0,0.03070891487529337
chewinggum,1,2,bad/073.JPG,1377,1.0,0.9352654820498962,1.0,0.9342774014261795,0,1.1530189514160156,0.2330690324306488,0.9427083333333333,0.0,-0.0009880806237166917
chewinggum,1,2,bad/074.JPG,2243,1.0,0.9541952207695192,1.0,0.9499865246050565,1,1.8113517761230469,0.3089950680732727,0.9976958525345622,0.0,-0.004208696164462733
chewinggum,1,2,bad/075.JPG,1949,1.0,0.9873429367810101,1.0,0.9764337268331771,1,1.642822265625,0.40345972776412964,1.0,0.0,-0.010909209947833065
chewinggum,1,2,bad/076.JPG,4491,1.0,0.9929238808900034,1.0,0.9933214546423837,4,3.6787948608398438,0.32566037774086,0.9829059829059829,0.0,0.00039757375238036463
chewinggum,1,2,bad/077.JPG,3724,1.0,0.9904596653909877,1.0,0.9909004306644428,3,3.05078125,0.36176547408103943,1.0,0.0,0.000440765273455046
chewinggum,1,2,bad/078.JPG,3550,1.0,0.9875510626023111,1.0,0.9915751914273818,2,2.94378662109375,0.3982875943183899,1.0,0.0,0.00402412882507075
chewinggum,1,2,bad/079.JPG,5034,1.0,0.9860590976706098,1.0,0.9832130904250502,4,4.11212158203125,0.3639693856239319,0.9794871794871796,0.0,-0.002846007245559612
chewinggum,1,2,bad/080.JPG,5324,0.8788504883546205,0.4250715981008289,0.9205484598046582,0.4739060494134503,4,4.356903076171875,0.39771389961242676,0.8528571428571429,0.04169797145003762,0.04883445131262143
chewinggum,1,2,bad/081.JPG,2730,1.0,0.9600371261423538,1.0,0.9865849427197149,1,2.2297134399414062,0.4307102560997009,0.9949832775919732,0.0,0.02654781657736105
chewinggum,1,2,bad/082.JPG,2944,1.0,0.9862230937279493,1.0,0.9866790726210608,2,2.3975830078125,0.41539666056632996,1.0,0.0,0.0004559788931115527
chewinggum,1,2,bad/083.JPG,3837,1.0,0.9873398540309652,1.0,0.9825312917671238,3,3.1170806884765625,0.41714414954185486,1.0,0.0,-0.004808562263841409
chewinggum,1,2,bad/084.JPG,3010,1.0,0.9837900455036197,1.0,0.9902089652298002,3,2.4953536987304688,0.37244415283203125,0.9920634920634921,0.0,0.006418919726180472
chewinggum,1,2,bad/085.JPG,4887,0.8815224063842848,0.5263213993173863,0.902598731328013,0.5443416662658642,3,4.015422821044922,0.36062151193618774,0.8898461538461538,0.021076324943728242,0.018020266948477914
chewinggum,1,2,bad/086.JPG,2903,0.9080261798139855,0.6473815216909815,0.9328281088529108,0.7688939412222695,1,2.3468017578125,0.27213549613952637,0.8320158102766799,0.024801929038925308,0.121512419531288
chewinggum,1,2,bad/087.JPG,3514,1.0,0.9911551103575796,1.0,0.995338448918523,2,2.903106689453125,0.36422890424728394,0.99002849002849,0.0,0.004183338560943328
chewinggum,1,2,bad/088.JPG,4051,1.0,0.9910234076185389,1.0,0.9932623198246265,4,3.35723876953125,0.4276653528213501,0.986111111111111,0.0,0.0022389122060876288
chewinggum,1,2,bad/089.JPG,2702,1.0,0.9918340460211347,1.0,0.9933825100165017,2,2.21917724609375,0.3998745381832123,0.9682539682539683,0.0,0.001548463995367011
chewinggum,1,2,bad/090.JPG,3182,1.0,0.9714185884799301,1.0,0.9753752484088098,2,2.59185791015625,0.39467135071754456,0.9479166666666666,0.0,0.003956659928879724
chewinggum,1,2,bad/091.JPG,5277,0.974796285768429,0.6890222701124794,1.0,0.9209468612220693,4,4.3269805908203125,0.3050951063632965,0.8278388278388279,0.025203714231570973,0.23192459110958985
chewinggum,1,2,bad/092.JPG,4374,0.9981710105166895,0.9541821084114865,1.0,0.9782315405193656,3,3.5868759155273438,0.3635805547237396,0.9538461538461538,0.0018289894833104503,0.02404943210787902
chewinggum,1,2,bad/093.JPG,3916,0.9496935648621042,0.7069034903482282,0.9813585291113381,0.7978019077069788,2,3.1325607299804688,0.3854961395263672,0.8749147920927063,0.03166496424923393,0.0908984173587506
chewinggum,1,2,bad/094.JPG,3077,1.0,0.996650861311606,1.0,0.9933389244514801,3,2.500244140625,0.41266483068466187,1.0,0.0,-0.0033119368601258747
chewinggum,1,2,bad/095.JPG,2818,1.0,0.9921780321972209,1.0,0.9990364151707894,2,2.3364906311035156,0.37996706366539,0.9722222222222223,0.0,0.006858382973568555
chewinggum,1,2,bad/096.JPG,5739,1.0,0.9842866429808486,1.0,0.9868092496461325,3,4.72418212890625,0.38747233152389526,0.9778554778554778,0.0,0.002522606665283922
chewinggum,1,2,bad/097.JPG,8369,1.0,0.9710023638843246,1.0,0.9733603789125617,8,6.84185791015625,0.33515602350234985,0.9846938775510204,0.0,0.0023580150282370704
chewinggum,1,2,bad/098.JPG,8262,1.0,0.9961661798391047,1.0,0.9919169476913375,7,6.729560852050781,0.4429294168949127,0.9945054945054945,0.0,-0.004249232147767179
chewinggum,1,2,bad/099.JPG,4877,1.0,0.996503578029968,1.0,0.996228834877459,3,3.9849395751953125,0.4448636472225189,1.0,0.0,-0.00027474315250908266
chewinggum,4,0,bad/000.JPG,16060,0.9899128268991283,0.4738835910707326,0.9951432129514322,0.5854597166185532,11,13.1790771484375,0.4548809826374054,0.9478557504873294,0.005230386052303859,0.11157612554782065
chewinggum,4,0,bad/001.JPG,14859,1.0,0.9399827126793375,1.0,0.9529383951150424,9,12.178604125976562,0.4555291533470154,0.9825498575498576,0.0,0.012955682435704885
chewinggum,4,0,bad/002.JPG,10518,0.9993344742346454,0.8424011657600622,1.0,0.8911804237350148,6,8.749828338623047,0.46096575260162354,0.9362108479755539,0.0006655257653546132,0.04877925797495264
chewinggum,4,0,bad/003.JPG,7185,0.9967988865692414,0.9467208824762203,1.0,0.9602220158765431,6,5.903221130371094,0.2811279296875,0.9634920634920635,0.003201113430758573,0.013501133400322773
chewinggum,4,0,bad/004.JPG,19073,1.0,0.9487321868179815,1.0,0.957396386104602,15,15.718719482421875,0.3813384175300598,0.9845959595959596,0.0,0.008664199286620433
chewinggum,4,0,bad/005.JPG,19964,1.0,0.9706792673384792,1.0,0.974856900524995,17,16.41940689086914,0.33676332235336304,0.9914814814814814,0.0,0.004177633186515761
chewinggum,4,0,bad/006.JPG,25307,0.9981032915794049,0.7774157547981708,0.9982218358556921,0.794350973259056,19,20.69904327392578,0.37925153970718384,0.9740622505985634,0.00011854427628721353,0.016935218460885193
chewinggum,4,0,bad/007.JPG,18559,0.9633062126192145,0.4888325827514233,0.9824343984050865,0.59921704039992,15,15.183403015136719,0.4236169457435608,0.9065033638088666,0.019128185785872054,0.11038445764849669
chewinggum,4,0,bad/008.JPG,19782,0.9349914063289859,0.7224441141041321,0.9967647356182388,0.8475736909002103,18,16.372146606445312,0.2697613537311554,0.9435897435897436,0.06177332928925283,0.12512957679607817
chewinggum,4,0,bad/009.JPG,10636,0.9771530650620533,0.8272116192169212,0.9901278676194057,0.85727487744112,6,8.796455383300781,0.39972546696662903,0.9437118437118437,0.012974802557352394,0.030063258224198752
chewinggum,4,0,bad/010.JPG,16867,1.0,0.9363838780996586,1.0,0.9404626700674809,13,13.770305633544922,0.4695933163166046,0.9577380952380952,0.0,0.004078791967822237
chewinggum,4,0,bad/011.JPG,41351,1.0,0.7522838869362982,0.9994437861236729,0.6963866577779262,33,33.780479431152344,0.4148908257484436,0.9655088062622309,-0.0005562138763270941,-0.05589722915837203
chewinggum,4,0,bad/012.JPG,21097,0.9927477840451249,0.836845940763406,0.9992889984357965,0.8696358274308114,17,17.331958770751953,0.4249378442764282,0.9663271080928126,0.006541214390671679,0.032789886667405344
chewinggum,4,0,bad/013.JPG,10766,1.0,0.9681378113281199,1.0,0.9631541085756808,7,8.805953979492188,0.48951005935668945,0.992003367003367,0.0,-0.00498370275243909
chewinggum,4,0,bad/014.JPG,20870,1.0,0.9362296494900302,1.0,0.9345569924321845,16,17.020858764648438,0.4346678555011749,0.9681219681219682,0.0,-0.0016726570578456945
chewinggum,4,0,bad/015.JPG,47862,1.0,0.9496602758368661,0.9993731979440893,0.9556101622698494,37,39.30080032348633,0.39637672901153564,0.9794238683127572,-0.0006268020559107024,0.005949886432983331
chewinggum,4,0,bad/016.JPG,13794,1.0,0.94465019159642,1.0,0.9685121696374577,14,11.280654907226562,0.38512760400772095,0.9987212276214833,0.0,0.023861978041037624
chewinggum,4,0,bad/017.JPG,23250,1.0,0.9443043310330037,1.0,0.9512342634431605,18,19.05080795288086,0.45094695687294006,0.9913632119514473,0.0,0.006929932410156825
chewinggum,4,0,bad/018.JPG,20100,0.9970149253731343,0.8569331597699589,0.9957213930348259,0.8874273471450478,15,16.407581329345703,0.4018590748310089,0.9628995433789954,-0.001293532338308423,0.03049418737508891
chewinggum,4,0,bad/019.JPG,20419,0.985111905578138,0.5509697816049932,0.9822224398844214,0.5342410621735222,16,16.719444274902344,0.4018310308456421,0.9256332320162107,-0.0028894656937166197,-0.01672871943147103
chewinggum,4,0,bad/020.JPG,14934,1.0,0.9883766857192741,1.0,0.9869438558032403,11,12.183521270751953,0.5554263591766357,0.9918518518518519,0.0,-0.0014328299160337732
chewinggum,4,0,bad/021.JPG,26707,0.9916126858127082,0.48284243172746394,0.9915752424458008,0.5323686843339207,20,21.86752700805664,0.47583436965942383,0.9394520547945204,-3.744336690747474e-05,0.049526252606456767
chewinggum,4,0,bad/022.JPG,6816,0.9977992957746479,0.9685539491301093,1.0,0.977711355210333,6,5.591224670410156,0.38299116492271423,0.907451923076923,0.0022007042253521236,0.009157406080223751
chewinggum,4,0,bad/023.JPG,6600,1.0,0.9636904317791872,1.0,0.9740906390359177,6,5.4029541015625,0.33687692880630493,0.9613095238095238,0.0,0.01040020725673052
chewinggum,4,0,bad/024.JPG,8767,1.0,0.981394659852729,1.0,0.9834449240774636,8,7.1827545166015625,0.47361406683921814,0.9055555555555556,0.0,0.0020502642247346436
chewinggum,4,0,bad/025.JPG,4010,1.0,0.8607396858639623,0.9815461346633416,0.8443370387679285,3,3.2507095336914062,0.08640867471694946,0.7321428571428572,-0.01845386533665838,-0.016402647096033784
chewinggum,4,0,bad/026.JPG,5292,0.8849206349206349,0.6995472913506026,0.9860166288737717,0.8261244382092744,2,4.3568572998046875,0.042815446853637695,0.8145299145299145,0.10109599395313684,0.12657714685867183
chewinggum,4,0,bad/027.JPG,3369,0.5138023152270703,0.31007968780884176,0.759275749480558,0.5664693189034242,2,2.7297210693359375,0.07589825987815857,0.7777777777777779,0.24547343425348767,0.25638963109458246
chewinggum,4,0,bad/028.JPG,1912,0.9989539748953975,0.9423889376653083,1.0,0.9773212661865033,0,1.5815620422363281,0.09977272152900696,0.8469696969696969,0.0010460251046024993,0.03493232852119499
chewinggum,4,0,bad/029.JPG,2692,0.9881129271916791,0.9491205649290554,0.9988855869242199,0.9786664720339108,2,2.22418212890625,0.14293697476387024,0.9444444444444444,0.010772659732540824,0.029545907104855385
chewinggum,4,0,bad/030.JPG,9942,1.0,0.8538954023488449,0.9875276604304969,0.8378754580214742,9,8.142494201660156,0.16308680176734924,0.936374549819928,-0.01247233956950311,-0.01601994432737064
chewinggum,4,0,bad/031.JPG,2989,0.5339578454332553,0.3928037060939284,0.9096687855470057,0.662481345743765,3,2.4994659423828125,0.008248448371887207,0.8105413105413105,0.3757109401137504,0.26967763964983665
chewinggum,4,0,bad/032.JPG,5968,0.20325067024128687,0.08669331732837987,0.4431970509383378,0.16827128570366606,2,4.810901641845703,0.006239026784896851,0.6277915632754343,0.2399463806970509,0.08157796837528619
chewinggum,4,0,bad/033.JPG,1149,0.26109660574412535,0.1985607539618998,0.5517841601392516,0.423798913135804,0,0.9387283325195312,-0.009549945592880249,0.35097001763668434,0.2906875543951262,0.2252381591739042
chewinggum,4,0,bad/034.JPG,2785,0.9375224416517056,0.7826190079575682,0.8969479353680431,0.7197378703391453,2,2.2855224609375,0.01709955930709839,0.6043771043771045,-0.04057450628366255,-0.06288113761842296
chewinggum,4,0,bad/035.JPG,3791,0.9947243471379583,0.876849513269954,1.0,0.9225600585223448,3,3.0762176513671875,0.271919310092926,0.9484848484848485,0.00527565286204168,0.04571054525239082
chewinggum,4,0,bad/036.JPG,7260,1.0,0.9430044934172496,1.0,0.9557109667460134,5,5.9384765625,0.20262658596038818,0.9990079365079365,0.0,0.012706473328763845
chewinggum,4,0,bad/037.JPG,2494,0.9687249398556536,0.868597637744411,0.9218123496391339,0.8383857083718534,1,2.0558815002441406,0.046625494956970215,0.7777777777777777,-0.04691259021651961,-0.030211929372557567
chewinggum,4,0,bad/038.JPG,9852,0.9845716605765327,0.8251606869701068,0.9959399106780349,0.8631666612525949,7,8.049972534179688,0.20940589904785156,0.8624244578741557,0.01136825010150222,0.038005974282488086
chewinggum,4,0,bad/039.JPG,7732,0.9293843766166581,0.7464509967100066,0.925504397309881,0.7724134398422763,5,6.198677062988281,0.09148308634757996,0.9023809523809523,-0.0038799793067770816,0.025962443132269697
chewinggum,4,0,bad/040.JPG,19981,1.0,0.9781944667171468,1.0,0.967478315324698,15,16.372833251953125,0.32345646619796753,0.9784313725490196,0.0,-0.010716151392448858
chewinggum,4,0,bad/041.JPG,15793,0.9917051858418287,0.6808598385554265,0.9886025454315203,0.7504845795490456,12,12.939144134521484,0.287219762802124,0.8880822746521476,-0.0031026404103083882,0.06962474099361904
chewinggum,4,0,bad/042.JPG,26152,1.0,0.8562201972342977,1.0,0.8905728893396977,18,21.357120513916016,0.2516407370567322,0.9757452574525745,0.0,0.03435269210540004
chewinggum,4,0,bad/043.JPG,28652,1.0,0.9797746470393256,1.0,0.9852977026456313,24,23.454299926757812,0.34432452917099,0.9967824967824969,0.0,0.005523055606305727
chewinggum,4,0,bad/044.JPG,49603,0.9830655403907022,0.5354399484125849,0.9936294175755499,0.6389562319527775,39,40.55596160888672,0.21754875779151917,0.8831081081081081,0.010563877184847748,0.1035162835401926
chewinggum,4,0,bad/045.JPG,27667,0.9927711714316695,0.687661219744077,1.0,0.8042287038773679,22,22.719776153564453,0.4377460479736328,0.9497500657721653,0.007228828568330514,0.11656748413329088
chewinggum,4,0,bad/046.JPG,15559,1.0,0.7973807555356311,1.0,0.8500842838641033,12,12.657638549804688,0.40648674964904785,0.9719387755102041,0.0,0.05270352832847214
chewinggum,4,0,bad/047.JPG,15198,1.0,0.9849016955587733,1.0,0.9781791913760834,11,12.454093933105469,0.401268869638443,0.9963235294117647,0.0,-0.006722504182689826
chewinggum,4,0,bad/048.JPG,16376,1.0,0.8371637896051761,0.9991450903761603,0.8386972613953803,12,13.352008819580078,0.40267860889434814,0.9458977407847801,-0.0008549096238397169,0.0015334717902041328
chewinggum,4,0,bad/049.JPG,28573,1.0,0.9740540455496707,1.0,0.97853562718134,25,23.4080810546875,0.4302630126476288,0.9914285714285713,0.0,0.00448158163166934
chewinggum,4,0,bad/050.JPG,32481,1.0,0.9708832041023227,1.0,0.9548926478116143,27,26.601966857910156,0.43389326333999634,0.9528948269955465,0.0,-0.015990556290708335
chewinggum,4,0,bad/051.JPG,32847,0.9980515724419278,0.8237697126239457,0.9986909002344202,0.7755396426617012,26,26.887535095214844,0.3408375084400177,0.9186358754027926,0.0006393277924924279,-0.04823006996224455
chewinggum,4,0,bad/052.JPG,39723,1.0,0.9236080794349635,1.0,0.9312007597581241,32,32.45484161376953,0.3928297758102417,0.9758522727272727,0.0,0.007592680323160628
chewinggum,4,0,bad/053.JPG,41670,0.9702663786897048,0.6684014504081782,0.9901847852171827,0.6599809517670993,29,34.17348098754883,0.4378495514392853,0.9228373702422146,0.019918406527477894,-0.008420498641078966
chewinggum,4,0,bad/054.JPG,5291,1.0,0.9812383146122291,1.0,0.9832320853138968,3,4.32135009765625,0.4174994230270386,0.9990079365079365,0.0,0.0019937707016677297
chewinggum,4,0,bad/055.JPG,17314,0.9983828115975512,0.6657063590786236,0.9991914057987755,0.6813273689163154,12,14.20883560180664,0.40363627672195435,0.9635023041474655,0.0008085942012243663,0.015621009837691768
chewinggum,4,0,bad/056.JPG,17171,1.0,0.9577024331868863,1.0,0.9550203115360201,14,14.015701293945312,0.4421159029006958,0.9921124828532236,0.0,-0.0026821216508662316
chewinggum,4,0,bad/057.JPG,9715,1.0,0.982374398073834,1.0,0.9807274248118542,6,8.015327453613281,0.37159571051597595,0.9731481481481481,0.0,-0.0016469732619798227
chewinggum,4,0,bad/058.JPG,39181,1.0,0.9813999510280743,1.0,0.9742875856339439,33,32.209686279296875,0.33232584595680237,0.9818840579710146,0.0,-0.007112365394130404
chewinggum,4,0,bad/059.JPG,15306,0.9955572977917156,0.8257275806697256,0.9963413040637659,0.8169574234160212,12,12.515132904052734,0.3582102954387665,0.9737654320987654,0.0007840062720502194,-0.008770157253704447
chewinggum,4,0,bad/060.JPG,14594,0.9723173907085103,0.6471751101999254,0.9927367411264904,0.7104128686322895,11,11.954151153564453,0.39259666204452515,0.9530448717948717,0.020419350417980042,0.06323775843236412
chewinggum,4,0,bad/061.JPG,22795,0.9990787453388901,0.867794038207893,0.9993858302259268,0.891769414298437,18,18.60657501220703,0.39200714230537415,0.9753968253968255,0.00030708488703667935,0.02397537609054401
chewinggum,4,0,bad/062.JPG,34050,1.0,0.9838928999598834,1.0,0.9896120720091858,29,27.84674072265625,0.3301624059677124,0.9958448753462604,0.0,0.00571917204930239
chewinggum,4,0,bad/063.JPG,30677,0.945333637578642,0.6737536372927766,0.984483489259054,0.7268249120307699,23,25.127304077148438,0.3658580183982849,0.8988461538461539,0.03914985168041207,0.053071274737993335
chewinggum,4,0,bad/064.JPG,19614,1.0,0.8537787699753998,0.9998470480269196,0.8940137759685125,15,16.147937774658203,0.39173874258995056,0.9894514767932489,-0.0001529519730804063,0.040235005993112694
chewinggum,4,0,bad/065.JPG,3495,0.8369098712446352,0.6051855486979465,0.8855507868383404,0.6499336785284104,0,2.8875465393066406,0.3021199703216553,0.8912133891213389,0.0486409155937052,0.044748129830463945
chewinggum,4,0,bad/066.JPG,2819,1.0,0.8650381610675765,1.0,0.8251322395299673,0,2.280487060546875,0.3357648551464081,0.9935515873015874,0.0,-0.03990592153760919
chewinggum,4,0,bad/067.JPG,693,1.0,0.974102688923065,1.0,0.9801752924876047,0,0.5765380859375,0.30059295892715454,0.9944444444444445,0.0,0.006072603564539758
chewinggum,4,0,bad/068.JPG,1195,0.9464435146443515,0.24931176396594218,0.9531380753138076,0.38665081166140464,0,0.9795799255371094,0.2878727912902832,0.8784838350055741,0.006694560669456062,0.13733904769546246
chewinggum,4,0,bad/069.JPG,2902,1.0,0.8594249499087253,0.9996554100620262,0.7603498995968283,0,2.4082107543945312,0.25679540634155273,0.9754385964912281,-0.000344589937973816,-0.099075050311897
chewinggum,4,0,bad/070.JPG,494,1.0,0.8779212302941211,1.0,0.9131027737649811,0,0.4285316467285156,0.2562682032585144,0.982638888888889,0.0,0.03518154347086
chewinggum,4,0,bad/071.JPG,1783,1.0,0.9549567491454397,1.0,0.9635160894555078,0,1.4538917541503906,0.30322563648223877,0.9965811965811966,0.0,0.008559340310068109
chewinggum,4,0,bad/072.JPG,506,1.0,0.9457886469771742,1.0,0.969887861453464,0,0.36730194091796875,0.25562986731529236,0.9768115942028985,0.0,0.02409921447628971
chewinggum,4,0,bad/073.JPG,1377,1.0,0.9359728666089795,1.0,0.938905824607269,0,1.1530189514160156,0.20175448060035706,0.9520833333333334,0.0,0.0029329579982895204
chewinggum,4,0,bad/074.JPG,2243,1.0,0.9549470240276945,1.0,0.9540800039237848,1,1.8113517761230469,0.3184638023376465,1.0,0.0,-0.0008670201039097103
chewinggum,4,0,bad/075.JPG,1949,1.0,0.9908204821088459,1.0,0.9658646341579147,1,1.642822265625,0.30838021636009216,1.0,0.0,-0.024955847950931198
chewinggum,4,0,bad/076.JPG,4491,1.0,0.985212515804397,1.0,0.9684622410900795,4,3.6787948608398438,0.31811416149139404,0.9857549857549858,0.0,-0.016750274714317448
chewinggum,4,0,bad/077.JPG,3724,1.0,0.9770580506436662,1.0,0.9774711812446916,3,3.05078125,0.3233015537261963,1.0,0.0,0.0004131306010253244
chewinggum,4,0,bad/078.JPG,3550,1.0,0.9931134090285918,1.0,0.9904632590971887,2,2.94378662109375,0.33564043045043945,1.0,0.0,-0.002650149931403112
chewinggum,4,0,bad/079.JPG,5034,1.0,0.9820141316683547,1.0,0.9882359847068101,4,4.11212158203125,0.3684905171394348,0.9987179487179487,0.0,0.006221853038455349
chewinggum,4,0,bad/080.JPG,5324,0.8873027798647634,0.46336724164676424,0.9427122464312547,0.5245525250932255,4,4.356903076171875,0.3215658664703369,0.8704761904761904,0.05540946656649137,0.061185283446461236
chewinggum,4,0,bad/081.JPG,2730,1.0,0.9667994052167761,1.0,0.9808823102763381,1,2.2297134399414062,0.2776099443435669,0.9977703455964325,0.0,0.014082905059562001
chewinggum,4,0,bad/082.JPG,2944,1.0,0.9828953823938619,1.0,0.984545158693424,2,2.3975830078125,0.3314295709133148,1.0,0.0,0.001649776299562089
chewinggum,4,0,bad/083.JPG,3837,1.0,0.9867445395380811,1.0,0.9809051597635987,3,3.1170806884765625,0.39806923270225525,0.998263888888889,0.0,-0.005839379774482345
chewinggum,4,0,bad/084.JPG,3010,1.0,0.9814354239972883,1.0,0.9881753713047797,3,2.4953536987304688,0.2955067455768585,0.9920634920634921,0.0,0.00673994730749139
chewinggum,4,0,bad/085.JPG,4887,0.8254552895436873,0.49790235673674893,0.9474114998976877,0.6729617401796976,3,4.015422821044922,0.3512663245201111,0.8553846153846155,0.1219562103540004,0.17505938344294864
chewinggum,4,0,bad/086.JPG,2903,0.9435067171891147,0.774282940802233,0.9428177747158112,0.836829167861986,1,2.3468017578125,0.22627326846122742,0.7990777338603425,-0.0006889424733035332,0.06254622705975299
chewinggum,4,0,bad/087.JPG,3514,1.0,0.9636229721619893,1.0,0.9700299030088979,2,2.903106689453125,0.25592073798179626,0.99002849002849,0.0,0.006406930846908576
chewinggum,4,0,bad/088.JPG,4051,1.0,0.9873303785612788,1.0,0.9894009883347529,4,3.35723876953125,0.3545723855495453,0.984375,0.0,0.0020706097734740636
chewinggum,4,0,bad/089.JPG,2702,1.0,0.9948381911295603,1.0,0.9933686635735836,2,2.21917724609375,0.31835004687309265,0.9682539682539684,0.0,-0.0014695275559767351
chewinggum,4,0,bad/090.JPG,3182,1.0,0.9661736379218161,1.0,0.9592657582658584,2,2.59185791015625,0.3551254868507385,0.9722222222222222,0.0,-0.006907879655957738
chewinggum,4,0,bad/091.JPG,5277,0.9952624597309078,0.8162266409669433,0.9935569452340345,0.9031002825722987,4,4.3269805908203125,0.3340632915496826,0.8374542124542125,-0.0017055144968732838,0.08687364160535538
chewinggum,4,0,bad/092.JPG,4374,0.998856881572931,0.9616034670269746,1.0,0.974341259435041,3,3.5868759155273438,0.3382663428783417,0.9576923076923077,0.0011431184270690453,0.012737792408066384
chewinggum,4,0,bad/093.JPG,3916,0.9476506639427987,0.7210530325256312,0.9874872318692544,0.7947952617050125,2,3.1325607299804688,0.3631766736507416,0.8558282208588956,0.039836567926455624,0.07374222917938122
chewinggum,4,0,bad/094.JPG,3077,1.0,0.9950020742585652,1.0,0.9949571768713791,3,2.500244140625,0.37145155668258667,1.0,0.0,-4.489738718616021e-05
chewinggum,4,0,bad/095.JPG,2818,1.0,0.9946548762047014,1.0,0.9929095315119025,2,2.3364906311035156,0.3749248683452606,0.9841269841269842,0.0,-0.0017453446927988558
chewinggum,4,0,bad/096.JPG,5739,1.0,0.9876394532202893,1.0,0.9900909932459081,3,4.72418212890625,0.37655118107795715,0.986013986013986,0.0,0.002451540025618759
chewinggum,4,0,bad/097.JPG,8369,1.0,0.9464069328369223,1.0,0.9552848834628044,8,6.84185791015625,0.289792537689209,0.9838435374149659,0.0,0.008877950625882036
chewinggum,4,0,bad/098.JPG,8262,1.0,0.9790446568679656,1.0,0.992367085437292,7,6.729560852050781,0.4241688549518585,0.9853479853479853,0.0,0.013322428569326417
chewinggum,4,0,bad/099.JPG,4877,1.0,0.9959960006803653,1.0,0.9924759555598308,3,3.9849395751953125,0.3681231141090393,1.0,0.0,-0.0035200451205344985
chewinggum,4,1,bad/000.JPG,16060,0.9916562889165629,0.47426227156706535,0.9968866749688667,0.6184426285485406,11,13.1790771484375,0.4733104109764099,0.9602014294996751,0.005230386052303859,0.14418035698147524
chewinggum,4,1,bad/001.JPG,14859,1.0,0.9518394734564535,1.0,0.9498095091745173,9,12.178604125976562,0.48759445548057556,0.986111111111111,0.0,-0.0020299642819361363
chewinggum,4,1,bad/002.JPG,10518,0.9987640235786271,0.8490452179146072,1.0,0.9085356440038257,6,8.749828338623047,0.5259588956832886,0.9251336898395722,0.001235976421372853,0.05949042608921851
chewinggum,4,1,bad/003.JPG,7185,0.9979123173277662,0.954222823267832,1.0,0.9636640965540638,6,5.903221130371094,0.3269573152065277,0.9706349206349206,0.0020876826722338038,0.009441273286231788
chewinggum,4,1,bad/004.JPG,19073,1.0,0.9175024980793052,1.0,0.9312867153600694,15,15.718719482421875,0.39851197600364685,0.9871212121212122,0.0,0.013784217280764177
chewinggum,4,1,bad/005.JPG,19964,1.0,0.9716963624280128,1.0,0.9762713102632615,17,16.41940689086914,0.3777293264865875,0.9914814814814815,0.0,0.004574947835248699
chewinggum,4,1,bad/006.JPG,25307,0.9978662030268305,0.7847779638479291,0.9986960129608409,0.799501458414389,19,20.69904327392578,0.38739722967147827,0.9740622505985634,0.0008298099340103837,0.014723494566459938
chewinggum,4,1,bad/007.JPG,18559,0.9633062126192145,0.4894726583092808,0.9867988576970742,0.6270270762778742,15,15.183403015136719,0.465149462223053,0.9066758668276695,0.023492645077859753,0.13755441796859347
chewinggum,4,1,bad/008.JPG,19782,0.9531897684763927,0.7297910978944302,0.994591042361743,0.8573779887471648,18,16.372146606445312,0.35089781880378723,0.9586080586080585,0.04140127388535031,0.12758689085273456
chewinggum,4,1,bad/009.JPG,10636,0.9765889432117337,0.8376616602153991,0.9854268522000752,0.8654129370318111,6,8.796455383300781,0.4315575659275055,0.9481074481074481,0.00883790898834147,0.027751276816411985
chewinggum,4,1,bad/010.JPG,16867,1.0,0.9433685540288261,1.0,0.9470156987946493,13,13.770305633544922,0.45490357279777527,0.9485119047619047,0.0,0.0036471447658231737
chewinggum,4,1,bad/011.JPG,41351,0.9993954196996445,0.7490707709685993,1.0,0.7237562135503353,33,33.780479431152344,0.42406243085861206,0.9637964774951077,0.0006045803003554839,-0.02531455741826405
chewinggum,4,1,bad/012.JPG,21097,0.9937431862350097,0.8444406349218633,0.9999525998957197,0.894665749083039,17,17.331958770751953,0.4201081395149231,0.9642048670062252,0.006209413660710039,0.0502251141611757
chewinggum,4,1,bad/013.JPG,10766,1.0,0.9676350361357037,1.0,0.9658006814818615,7,8.805953979492188,0.5172783136367798,0.9924242424242424,0.0,-0.001834354653842185
chewinggum,4,1,bad/014.JPG,20870,1.0,0.947081814184312,1.0,0.9403164221733487,16,17.020858764648438,0.47098058462142944,0.9731462231462232,0.0,-0.006765392010963378
chewinggum,4,1,bad/015.JPG,47862,1.0,0.9577441370968528,0.9993731979440893,0.9551668900900356,37,39.30080032348633,0.4227040708065033,0.9768763472467176,-0.0006268020559107024,-0.0025772470068171627
chewinggum,4,1,bad/016.JPG,13794,1.0,0.9430765064203128,1.0,0.9604071782642698,14,11.280654907226562,0.3993460237979889,0.9974424552429667,0.0,0.01733067184395698
chewinggum,4,1,bad/017.JPG,23250,1.0,0.9438994090649574,1.0,0.9472581170534091,18,19.05080795288086,0.44350871443748474,0.9946311858076564,0.0,0.0033587079884517257
chewinggum,4,1,bad/018.JPG,20100,0.9967661691542289,0.8583735450863785,0.9956716417910447,0.8958835539818577,15,16.407581329345703,0.3950047791004181,0.9592846270928463,-0.0010945273631841612,0.037510008895479174
chewinggum,4,1,bad/019.JPG,20419,0.9845731916352417,0.5474797062339753,0.9870708653704883,0.5464497995026762,16,16.719444274902344,0.4023939073085785,0.9139817629179331,0.002497673735246564,-0.0010299067312991017
chewinggum,4,1,bad/020.JPG,14934,1.0,0.9845032900223821,1.0,0.9881878569179705,11,12.183521270751953,0.5561898350715637,0.9914814814814815,0.0,0.0036845668955883815
chewinggum,4,1,bad/021.JPG,26707,0.9944583816976823,0.5064242965795392,0.9922866664170442,0.5534533871949678,20,21.86752700805664,0.5179789662361145,0.9473972602739726,-0.002171715280638087,0.04702909061542859
chewinggum,4,1,bad/022.JPG,6816,0.9983861502347418,0.9803909691676712,1.0,0.9907517552028994,6,5.591224670410156,0.46661093831062317,0.9212740384615384,0.0016138497652582462,0.010360786035228164
chewinggum,4,1,bad/023.JPG,6600,1.0,0.9665231289468862,1.0,0.9778313858190402,6,5.4029541015625,0.40335607528686523,0.9662698412698413,0.0,0.011308256872153977
chewinggum,4,1,bad/024.JPG,8767,1.0,0.9648718095903047,1.0,0.9791700065142894,8,7.1827545166015625,0.5305562019348145,0.8555555555555554,0.0,0.014298196923984707
chewinggum,4,1,bad/025.JPG,4010,1.0,0.9170038877291766,0.929426433915212,0.791719315715107,3,3.2507095336914062,0.11949032545089722,0.8,-0.07057356608478804,-0.12528457201406962
chewinggum,4,1,bad/026.JPG,5292,0.9548374905517762,0.7984489237939779,0.9943310657596371,0.8697132853911327,2,4.3568572998046875,0.020044952630996704,0.7418803418803419,0.0394935752078609,0.07126436159715477
chewinggum,4,1,bad/027.JPG,3369,0.6850697536360938,0.5173112759143432,0.7637281092312259,0.587001987647097,2,2.7297210693359375,0.06538096070289612,0.7817460317460316,0.07865835559513212,0.06969071173275376
chewinggum,4,1,bad/028.JPG,1912,0.9952928870292888,0.9342801568958176,1.0,0.9854257839450059,0,1.5815620422363281,0.08844450116157532,0.8818181818181818,0.004707112970711247,0.05114562704918835
chewinggum,4,1,bad/029.JPG,2692,0.9966567607726597,0.9646815149531462,1.0,0.9797282748154125,2,2.22418212890625,0.15526613593101501,0.9570707070707071,0.0033432392273402556,0.015046759862266224
chewinggum,4,1,bad/030.JPG,9942,0.9689197344598672,0.8257522202694896,0.9175216254274794,0.7383438224755402,9,8.142494201660156,0.1801273226737976,0.9345738295318127,-0.05139810903238784,-0.08740839779394938
chewinggum,4,1,bad/031.JPG,2989,0.9588491134158581,0.7549301592860375,0.8066242890598863,0.5774681370931017,3,2.4994659423828125,0.03272107243537903,0.7948717948717948,-0.15222482435597184,-0.17746202219293572
chewinggum,4,1,bad/032.JPG,5968,0.37332439678284185,0.21434223706913502,0.46179624664879354,0.15732684983555986,2,4.810901641845703,0.014217883348464966,0.7130450194966325,0.08847184986595169,-0.05701538723357516
chewinggum,4,1,bad/033.JPG,1149,0.3368146214099217,0.25454720196802705,0.6858137510879025,0.5769802178163259,0,0.9387283325195312,-0.008127480745315552,0.3121693121693122,0.34899912967798086,0.32243301584829887
chewinggum,4,1,bad/034.JPG,2785,0.9619389587073609,0.8720636494860512,0.9418312387791742,0.8595695351199514,2,2.2855224609375,0.02851364016532898,0.6624579124579124,-0.020107719928186718,-0.012494114366099818
chewinggum,4,1,bad/035.JPG,3791,1.0,0.9198251920334216,1.0,0.9419616465642768,3,3.0762176513671875,0.24084573984146118,0.9674242424242424,0.0,0.02213645453085522
chewinggum,4,1,bad/036.JPG,7260,1.0,0.9460962718986895,1.0,0.9605946071704985,5,5.9384765625,0.2488301694393158,0.9940476190476191,0.0,0.014498335271808993
chewinggum,4,1,bad/037.JPG,2494,0.8620689655172413,0.7328357320525913,0.8392141138732959,0.7452196125700824,1,2.0558815002441406,0.011450618505477905,0.6736111111111112,-0.022854851643945406,0.012383880517491064
chewinggum,4,1,bad/038.JPG,9852,0.9634591961023142,0.7977288353933589,0.9954323995127893,0.8549862124948806,7,8.049972534179688,0.24056515097618103,0.8746889441876999,0.03197320341047505,0.05725737710152168
chewinggum,4,1,bad/039.JPG,7732,0.9601655457837558,0.7668565007806438,0.9355923435075013,0.754081434237362,5,6.198677062988281,0.08194765448570251,0.9157142857142857,-0.02457320227625448,-0.012775066543281866
chewinggum,4,1,bad/040.JPG,19981,1.0,0.9817973805303687,1.0,0.9651576060226091,15,16.372833251953125,0.30605554580688477,0.9776470588235293,0.0,-0.016639774507759553
chewinggum,4,1,bad/041.JPG,15793,0.9932248464509593,0.7204053371963094,0.9932248464509593,0.792840216212439,12,12.939144134521484,0.2438809871673584,0.8949384956644485,0.0,0.07243487901612966
chewinggum,4,1,bad/042.JPG,26152,1.0,0.919838595518141,1.0,0.944068277010337,18,21.357120513916016,0.26452648639678955,0.9804878048780488,0.0,0.024229681492196065
chewinggum,4,1,bad/043.JPG,28652,1.0,0.98966296957228,1.0,0.9862545062600381,24,23.454299926757812,0.3531315326690674,0.9927069927069927,0.0,-0.0034084633122418717
chewinggum,4,1,bad/044.JPG,49603,0.9816140152813337,0.4806243443935644,0.9929439751627925,0.6816359395809337,39,40.55596160888672,0.23725038766860962,0.8766891891891893,0.011329959881458795,0.20101159518736933
chewinggum,4,1,bad/045.JPG,27667,0.9921567210033614,0.709536295966321,1.0,0.8374918246253404,22,22.719776153564453,0.41609126329421997,0.9365956327282294,0.007843278996638614,0.1279555286590195
chewinggum,4,1,bad/046.JPG,15559,1.0,0.8204836656503691,1.0,0.872182439215014,12,12.657638549804688,0.3946949243545532,0.96875,0.0,0.05169877356464492
chewinggum,4,1,bad/047.JPG,15198,1.0,0.9793418937863818,1.0,0.9832895817272747,11,12.454093933105469,0.43950220942497253,0.9979575163398693,0.0,0.003947687940892841
chewinggum,4,1,bad/048.JPG,16376,1.0,0.8674492437860818,1.0,0.8784945189077927,12,13.352008819580078,0.39028647541999817,0.9619500594530321,0.0,0.01104527512171094
chewinggum,4,1,bad/049.JPG,28573,1.0,0.9745602889953379,1.0,0.9750941830388073,25,23.4080810546875,0.4291600286960602,0.9926190476190476,0.0,0.000533894043469485
chewinggum,4,1,bad/050.JPG,32481,1.0,0.9691166990972339,1.0,0.9625554066628328,27,26.601966857910156,0.458237886428833,0.973449811579308,0.0,-0.006561292434401067
chewinggum,4,1,bad/051.JPG,32847,0.9981429049837124,0.8291622987629501,0.9990257862209638,0.7706943597331622,26,26.887535095214844,0.32344380021095276,0.9245435016111708,0.0008828812372514427,-0.05846793902978786
chewinggum,4,1,bad/052.JPG,39723,1.0,0.9292515043540872,1.0,0.9365157493078166,32,32.45484161376953,0.4060213565826416,0.9777462121212122,0.0,0.0072642449537293485
chewinggum,4,1,bad/053.JPG,41670,0.9684905207583393,0.6705183858759461,0.9902567794576433,0.6671138139890356,29,34.17348098754883,0.41548630595207214,0.9355536332179931,0.021766258699304042,-0.003404571886910568
chewinggum,4,1,bad/054.JPG,5291,1.0,0.9728804244265651,1.0,0.9864845259902479,3,4.32135009765625,0.4258905053138733,1.0,0.0,0.013604101563682858
chewinggum,4,1,bad/055.JPG,17314,1.0,0.737515464491998,1.0,0.7694824062556296,12,14.20883560180664,0.39159995317459106,0.9507834101382489,0.0,0.03196694176363157
chewinggum,4,1,bad/056.JPG,17171,1.0,0.9562790679625002,1.0,0.9537491001555964,14,14.015701293945312,0.4571494460105896,0.9955418381344308,0.0,-0.0025299678069037324
chewinggum,4,1,bad/057.JPG,9715,1.0,0.9705988335788748,1.0,0.9751912211728953,6,8.015327453613281,0.35506442189216614,0.9837962962962963,0.0,0.004592387594020475
chewinggum,4,1,bad/058.JPG,39181,1.0,0.9750502203600001,1.0,0.9706894812931915,33,32.209686279296875,0.2962037920951843,0.9794137022397892,0.0,-0.004360739066808561
chewinggum,4,1,bad/059.JPG,15306,0.9958186332157324,0.8275515739813993,0.9966026394877826,0.8579844339693657,12,12.515132904052734,0.362229585647583,0.9768518518518519,0.0007840062720502194,0.03043285998796641
chewinggum,4,1,bad/060.JPG,14594,0.9796491708921474,0.6401014569554142,0.9995888721392353,0.7020940217792094,11,11.954151153564453,0.3804486095905304,0.9633012820512821,0.019939701247087882,0.061992564823795226
chewinggum,4,1,bad/061.JPG,22795,0.9992542224171967,0.8720656564421244,0.9996051765738101,0.9071747947083304,18,18.60657501220703,0.3829883933067322,0.9757936507936509,0.00035095415661334783,0.035109138266205986
chewinggum,4,1,bad/062.JPG,34050,1.0,0.9900108889652794,1.0,0.9950482770712105,29,27.84674072265625,0.32882529497146606,0.9953831948291783,0.0,0.005037388105931018
chewinggum,4,1,bad/063.JPG,30677,0.9739544283991264,0.7137826240266931,0.9883300192326498,0.7783602688880065,23,25.127304077148438,0.36427491903305054,0.9022115384615385,0.014375590833523466,0.06457764486131334
chewinggum,4,1,bad/064.JPG,19614,1.0,0.8297152591083498,1.0,0.8864817053364805,15,16.147937774658203,0.4223954975605011,0.9944380514000768,0.0,0.05676644622813076
chewinggum,4,1,bad/065.JPG,3495,0.8369098712446352,0.6059706715652737,0.9911301859799714,0.7174598588594735,0,2.8875465393066406,0.26580810546875,0.8840167364016737,0.15422031473533615,0.11148918729419977
chewinggum,4,1,bad/066.JPG,2819,1.0,0.8566254418098503,1.0,0.8577304161281197,0,2.280487060546875,0.24929028749465942,0.9940476190476191,0.0,0.0011049743182693916
chewinggum,4,1,bad/067.JPG,693,1.0,0.9734352212497024,1.0,0.9813010354162618,0,0.5765380859375,0.28880420327186584,0.9972222222222222,0.0,0.007865814166559404
chewinggum,4,1,bad/068.JPG,1195,0.9523012552301255,0.31907143161969037,0.9573221757322176,0.4344847413402803,0,0.9795799255371094,0.3057173192501068,0.8740245261984393,0.005020920502092019,0.11541330972058994
chewinggum,4,1,bad/069.JPG,2902,1.0,0.7950446755898802,0.9993108201240524,0.7548988729704267,0,2.4082107543945312,0.21278876066207886,0.9859649122807017,-0.000689179875947632,-0.04014580261945355
chewinggum,4,1,bad/070.JPG,494,1.0,0.8521963199868878,1.0,0.9074203343414117,0,0.4285316467285156,0.24408090114593506,0.9837962962962963,0.0,0.05522401435452384
chewinggum,4,1,bad/071.JPG,1783,1.0,0.9432573793038376,1.0,0.9639643865961375,0,1.4538917541503906,0.2630946636199951,0.996011396011396,0.0,0.020707007292299906
chewinggum,4,1,bad/072.JPG,506,1.0,0.9391836056096039,1.0,0.9597979871472342,0,0.36730194091796875,0.1983134150505066,0.9731884057971014,0.0,0.02061438153763029
chewinggum,4,1,bad/073.JPG,1377,1.0,0.9373261088401216,1.0,0.9397774112065557,0,1.1530189514160156,0.16732338070869446,0.95625,0.0,0.002451302366434094
chewinggum,4,1,bad/074.JPG,2243,1.0,0.9570191581890621,1.0,0.9527087908585271,1,1.8113517761230469,0.27292248606681824,1.0,0.0,-0.004310367330535025
chewinggum,4,1,bad/075.JPG,1949,1.0,0.9931033179965026,1.0,0.9915942286743051,1,1.642822265625,0.32585659623146057,1.0,0.0,-0.00150908932219751
chewinggum,4,1,bad/076.JPG,4491,1.0,0.9920163370282383,1.0,0.9867610216438782,4,3.6787948608398438,0.2971523404121399,0.9943019943019943,0.0,-0.005255315384360082
chewinggum,4,1,bad/077.JPG,3724,1.0,0.9912769696978718,1.0,0.9940000629733597,3,3.05078125,0.25548821687698364,0.9913194444444444,0.0,0.00272309327548792
chewinggum,4,1,bad/078.JPG,3550,1.0,0.9943362099146053,1.0,0.991953774016795,2,2.94378662109375,0.3158876895904541,1.0,0.0,-0.0023824358978102866
chewinggum,4,1,bad/079.JPG,5034,1.0,0.9802739693731599,1.0,0.9836852772148019,4,4.11212158203125,0.30014684796333313,0.9769230769230769,0.0,0.0034113078416420084
chewinggum,4,1,bad/080.JPG,5324,0.8957550713749061,0.46834243111306945,0.9367017280240421,0.515933852299054,4,4.356903076171875,0.31894969940185547,0.8809523809523809,0.04094665664913599,0.04759142118598453
chewinggum,4,1,bad/081.JPG,2730,1.0,0.9674113094880207,1.0,0.9849263412517978,1,2.2297134399414062,0.33128467202186584,0.9966555183946488,0.0,0.01751503176377711
chewinggum,4,1,bad/082.JPG,2944,1.0,0.9927437595851935,1.0,0.9979568546450986,2,2.3975830078125,0.2959521412849426,1.0,0.0,0.005213095059905193
chewinggum,4,1,bad/083.JPG,3837,1.0,0.9894470598590016,1.0,0.9855296824878864,3,3.1170806884765625,0.33460763096809387,0.998263888888889,0.0,-0.003917377371115194
chewinggum,4,1,bad/084.JPG,3010,1.0,0.98745987757767,1.0,0.9881921397085399,3,2.4953536987304688,0.27397421002388,1.0,0.0,0.0007322621308699651
chewinggum,4,1,bad/085.JPG,4887,0.8254552895436873,0.4982793728796239,0.9279721710660938,0.5806599632333814,3,4.015422821044922,0.3286844491958618,0.8646153846153846,0.10251688152240646,0.0823805903537575
chewinggum,4,1,bad/086.JPG,2903,0.9534963830520151,0.7716866020529192,0.9486737857388908,0.8444560966301603,1,2.3468017578125,0.21109020709991455,0.8043478260869565,-0.004822597313124288,0.07276949457724113
chewinggum,4,1,bad/087.JPG,3514,1.0,0.9914896357328831,1.0,0.9932800208310779,2,2.903106689453125,0.24375343322753906,0.9857549857549858,0.0,0.0017903850981948466
chewinggum,4,1,bad/088.JPG,4051,1.0,0.987756683410681,1.0,0.9941525000601603,4,3.35723876953125,0.3476227819919586,0.984375,0.0,0.006395816649479302
chewinggum,4,1,bad/089.JPG,2702,1.0,0.9966074085501804,1.0,0.9967737898139802,2,2.21917724609375,0.29802629351615906,0.9603174603174603,0.0,0.00016638126379986407
chewinggum,4,1,bad/090.JPG,3182,1.0,0.9608548853079368,1.0,0.9787617376740126,2,2.59185791015625,0.2898074686527252,0.9496527777777778,0.0,0.01790685236607581
chewinggum,4,1,bad/091.JPG,5277,0.9873033920788327,0.7795545232008113,0.9979154822815994,0.9288060463996987,4,4.3269805908203125,0.2946091890335083,0.826923076923077,0.010612090202766766,0.14925152319888735
chewinggum,4,1,bad/092.JPG,4374,0.9997713763145862,0.971651087657286,1.0,0.9872008209568678,3,3.5868759155273438,0.35934555530548096,0.958974358974359,0.00022862368541376465,0.015549733299581758
chewinggum,4,1,bad/093.JPG,3916,0.9496935648621042,0.7343928251632699,0.9854443309499489,0.8122575015542046,2,3.1325607299804688,0.30857136845588684,0.8711656441717792,0.035750766087844665,0.07786467639093475
chewinggum,4,1,bad/094.JPG,3077,1.0,0.9960272029513353,1.0,0.9892805075324124,3,2.500244140625,0.2859348654747009,1.0,0.0,-0.006746695418922921
chewinggum,4,1,bad/095.JPG,2818,1.0,0.9954996581103881,1.0,0.9987712260797978,2,2.3364906311035156,0.2806435823440552,0.9781746031746031,0.0,0.00327156796940975
chewinggum,4,1,bad/096.JPG,5739,1.0,0.9887673814546671,1.0,0.9848499433605276,3,4.72418212890625,0.336378276348114,0.986013986013986,0.0,-0.00391743809413958
chewinggum,4,1,bad/097.JPG,8369,1.0,0.9761135877389123,1.0,0.9801913346502685,8,6.84185791015625,0.2790553569793701,0.9863945578231292,0.0,0.004077746911356206
chewinggum,4,1,bad/098.JPG,8262,1.0,0.9899555785120242,1.0,0.9901314103435979,7,6.729560852050781,0.3866259753704071,0.989010989010989,0.0,0.00017583183157365845
chewinggum,4,1,bad/099.JPG,4877,1.0,0.9968545099200976,1.0,0.996259488618918,3,3.9849395751953125,0.41427093744277954,1.0,0.0,-0.0005950213011796102
chewinggum,4,2,bad/000.JPG,16060,0.9942092154420922,0.5242854770079675,0.9941469489414695,0.5403460044499112,11,13.1790771484375,0.3855378031730652,0.9554905782975959,-6.226650062268746e-05,0.01606052744194375
chewinggum,4,2,bad/001.JPG,14859,1.0,0.9457843284820305,1.0,0.9641002311429958,9,12.178604125976562,0.39888089895248413,0.987891737891738,0.0,0.018315902660965278
chewinggum,4,2,bad/002.JPG,10518,0.9989541737972999,0.8669432487283555,1.0,0.9046815753586646,6,8.749828338623047,0.3690478801727295,0.9346829640947288,0.0010458262027001064,0.03773832663030907
chewinggum,4,2,bad/003.JPG,7185,0.9973556019485038,0.9607879967991995,1.0,0.9694273131809555,6,5.903221130371094,0.2313428521156311,0.9746031746031746,0.0026443980514961885,0.00863931638175608
chewinggum,4,2,bad/004.JPG,19073,1.0,0.9337980417275568,1.0,0.9551285517389907,15,15.718719482421875,0.3009611666202545,0.9734848484848485,0.0,0.021330510011433934
chewinggum,4,2,bad/005.JPG,19964,1.0,0.9654365275996374,1.0,0.9736210461410416,17,16.41940689086914,0.3328488767147064,0.9862962962962962,0.0,0.008184518541404229
chewinggum,4,2,bad/006.JPG,25307,0.9971549373691073,0.6896278686057258,0.9945074485320267,0.6776249271548951,19,20.69904327392578,0.33341124653816223,0.9647512636339453,-0.002647488837080658,-0.012002941450830695
chewinggum,4,2,bad/007.JPG,18559,0.9633062126192145,0.49361118990521297,0.9796325233040574,0.5865922004640308,15,15.183403015136719,0.37800610065460205,0.9127134724857685,0.016326310684842915,0.09298101055881786
chewinggum,4,2,bad/008.JPG,19782,0.9489434839753311,0.7263651437166976,0.9934789202305125,0.8433412199753512,18,16.372146606445312,0.2435031235218048,0.9293040293040292,0.044535436255181415,0.11697607625865358
chewinggum,4,2,bad/009.JPG,10636,0.9777171869123731,0.7984175382387759,0.9959571267393758,0.7822556973697059,6,8.796455383300781,0.37241077423095703,0.9514041514041514,0.01823993982700267,-0.01616184086907002
chewinggum,4,2,bad/010.JPG,16867,1.0,0.9336185522290136,1.0,0.9525684724299833,13,13.770305633544922,0.38520294427871704,0.9586309523809524,0.0,0.01894992020096975
chewinggum,4,2,bad/011.JPG,41351,1.0,0.7235379796803237,0.9983797247950473,0.6516569565042901,33,33.780479431152344,0.4280785322189331,0.9607795172863666,-0.0016202752049526703,-0.07188102317603362
chewinggum,4,2,bad/012.JPG,21097,0.9931269848793667,0.8219813767546738,0.9985779968715931,0.7967483533011462,17,17.331958770751953,0.37696292996406555,0.9670345217883418,0.005451011992226418,-0.025233023453527514
chewinggum,4,2,bad/013.JPG,10766,1.0,0.9640529284680593,1.0,0.9757929437415482,7,8.805953979492188,0.41445109248161316,0.9932659932659932,0.0,0.01174001527348889
chewinggum,4,2,bad/014.JPG,20870,1.0,0.9483244542495936,1.0,0.9547990568748271,16,17.020858764648438,0.40537339448928833,0.9625779625779626,0.0,0.006474602625233583
chewinggum,4,2,bad/015.JPG,47862,1.0,0.9488987368056212,0.9988717562993606,0.9573792527789733,37,39.30080032348633,0.38727644085884094,0.9708994708994709,-0.001128243700639353,0.008480515973352087
chewinggum,4,2,bad/016.JPG,13794,1.0,0.9417016858980354,1.0,0.9641916515676241,14,11.280654907226562,0.3737492561340332,0.9978687127024722,0.0,0.02248996566958872
chewinggum,4,2,bad/017.JPG,23250,1.0,0.9492043832610636,1.0,0.9532826254607693,18,19.05080795288086,0.4344542920589447,0.9908963585434174,0.0,0.004078242199705651
chewinggum,4,2,bad/018.JPG,20100,0.9965671641791045,0.8328401218425008,0.9956716417910447,0.825983583447959,15,16.407581329345703,0.3511997163295746,0.9560502283105023,-0.0008955223880597885,-0.006856538394541811
chewinggum,4,2,bad/019.JPG,20419,0.9837896077183016,0.5621481526027838,0.9846711396248592,0.5237289620156849,16,16.719444274902344,0.3483945429325104,0.9108409321175279,0.0008815319065575977,-0.03841919058709897
chewinggum,4,2,bad/020.JPG,14934,1.0,0.9889299020647994,1.0,0.9899335855474062,11,12.183521270751953,0.5606058835983276,0.9922222222222222,0.0,0.0010036834826068208
chewinggum,4,2,bad/021.JPG,26707,0.98929119706444,0.48719928621967756,0.9915003557119856,0.5471504963110859,20,21.86752700805664,0.47222185134887695,0.933972602739726,0.0022091586475455616,0.05995121009140836
chewinggum,4,2,bad/022.JPG,6816,0.9976525821596244,0.9860392908993152,1.0,0.9917086435949785,6,5.591224670410156,0.3292074203491211,0.9170673076923077,0.0023474178403756207,0.005669352695663266
chewinggum,4,2,bad/023.JPG,6600,1.0,0.9702418751295963,1.0,0.9765237629111503,6,5.4029541015625,0.2964318096637726,0.9801587301587301,0.0,0.00628188778155403
chewinggum,4,2,bad/024.JPG,8767,1.0,0.9731100359889752,1.0,0.9813515263892869,8,7.1827545166015625,0.4318517744541168,0.9531746031746031,0.0,0.008241490400311746
chewinggum,4,2,bad/025.JPG,4010,0.9972568578553616,0.8912093464361444,0.9271820448877806,0.7615969865906587,3,3.2507095336914062,0.10180646181106567,0.75,-0.070074812967581,-0.1296123598454857
chewinggum,4,2,bad/026.JPG,5292,0.9739229024943311,0.8645780981942539,0.9797808012093726,0.8128837664973007,2,4.3568572998046875,0.03444713354110718,0.8102564102564103,0.0058578987150414985,-0.051694331696953255
chewinggum,4,2,bad/027.JPG,3369,0.5336895221133867,0.3738207721015849,0.715642623924013,0.5184084232228251,2,2.7297210693359375,0.08414974808692932,0.7460317460317459,0.1819531018106263,0.14458765112124022
chewinggum,4,2,bad/028.JPG,1912,0.997907949790795,0.9391382002004169,1.0,0.9845235059092117,0,1.5815620422363281,0.07828304171562195,0.806060606060606,0.0020920502092049986,0.04538530570879473
chewinggum,4,2,bad/029.JPG,2692,0.9884843982169391,0.9611433472450509,0.9947994056463596,0.9743657138971473,2,2.22418212890625,0.16083380579948425,0.9141414141414141,0.006315007429420483,0.013222366652096418
chewinggum,4,2,bad/030.JPG,9942,0.9194327097163548,0.7784093491301908,0.9794809897404949,0.8148358015268581,9,8.142494201660156,0.11292123794555664,0.9513805522208884,0.06004828002414009,0.03642645239666731
chewinggum,4,2,bad/031.JPG,2989,0.5968551354968217,0.46497107316052727,1.0,0.8217062203095074,3,2.4994659423828125,0.020961642265319824,0.7635327635327636,0.4031448645031783,0.3567351471489801
chewinggum,4,2,bad/032.JPG,5968,0.3421581769436997,0.2703794730141508,0.44386729222520105,0.205846806616833,2,4.810901641845703,0.006154686212539673,0.6240694789081885,0.10170911528150134,-0.06453266639731778
chewinggum,4,2,bad/033.JPG,1149,0.3263707571801567,0.23924046087738293,0.70147954743255,0.5696731916360199,0,0.9387283325195312,-0.0034950077533721924,0.47707231040564374,0.37510879025239335,0.330432730758637
chewinggum,4,2,bad/034.JPG,2785,0.911310592459605,0.7505854266983095,0.8994614003590664,0.75293177312253,2,2.2855224609375,0.02001604437828064,0.702020202020202,-0.011849192100538586,0.0023463464242204912
chewinggum,4,2,bad/035.JPG,3791,1.0,0.8986201950077602,1.0,0.9353470597892982,3,3.0762176513671875,0.24572601914405823,0.943939393939394,0.0,0.03672686478153797
chewinggum,4,2,bad/036.JPG,7260,1.0,0.94737734195321,1.0,0.9664732799419559,5,5.9384765625,0.25878411531448364,0.998015873015873,0.0,0.01909593798874587
chewinggum,4,2,bad/037.JPG,2494,0.9599037690457097,0.8919171527733177,0.8075380914194066,0.716339335386771,1,2.0558815002441406,0.03343003988265991,0.8032407407407407,-0.15236567762630315,-0.17557781738654676
chewinggum,4,2,bad/038.JPG,9852,0.9868047097036134,0.8025935142561297,0.9960414129110841,0.8451165136368042,7,8.049972534179688,0.1625567078590393,0.8654461429079274,0.009236703207470609,0.0425229993806745
chewinggum,4,2,bad/039.JPG,7732,0.9331350232798759,0.6856551348253692,0.9220124159337817,0.7451853837924851,5,6.198677062988281,0.10867619514465332,0.8561904761904762,-0.01112260734609416,0.059530248967115895
chewinggum,4,2,bad/040.JPG,19981,1.0,0.9774900851836604,1.0,0.9615856656537547,15,16.372833251953125,0.3351081609725952,0.9815686274509804,0.0,-0.015904419529905733
chewinggum,4,2,bad/041.JPG,15793,0.9920851009941113,0.6967391674762121,0.9899955676565567,0.7691242401924617,12,12.939144134521484,0.27322691679000854,0.8941318814277073,-0.002089533337554572,0.07238507271624961
chewinggum,4,2,bad/042.JPG,26152,1.0,0.8776796525365657,1.0,0.9172946989973199,18,21.357120513916016,0.21440723538398743,0.974119241192412,0.0,0.0396150464607542
chewinggum,4,2,bad/043.JPG,28652,1.0,0.9838865343378023,1.0,0.9892502308855595,24,23.454299926757812,0.3272601366043091,0.9935649935649935,0.0,0.005363696547757257
chewinggum,4,2,bad/044.JPG,49603,0.9874402757897708,0.4990479234016452,0.9929439751627925,0.6461412422084879,39,40.55596160888672,0.23343974351882935,0.8890444015444016,0.005503699373021753,0.14709331880684268
chewinggum,4,2,bad/045.JPG,27667,0.9934217660028193,0.7119621186750266,1.0,0.8099867398500705,22,22.719776153564453,0.4111725687980652,0.9381741646935017,0.006578233997180716,0.09802462117504396
chewinggum,4,2,bad/046.JPG,15559,1.0,0.7554550426339663,1.0,0.8217539593828183,12,12.657638549804688,0.38697031140327454,0.9523809523809524,0.0,0.06629891674885191
chewinggum,4,2,bad/047.JPG,15198,1.0,0.9887348114776953,1.0,0.9847552938215584,11,12.454093933105469,0.4249061644077301,0.9983660130718954,0.0,-0.0039795176561369106
chewinggum,4,2,bad/048.JPG,16376,1.0,0.822954912571765,0.9999389350268686,0.8388927866184883,12,13.352008819580078,0.37374722957611084,0.9451050336900515,-6.106497313140835e-05,0.01593787404672331
chewinggum,4,2,bad/049.JPG,28573,1.0,0.9774093176968701,1.0,0.9775256758594312,25,23.4080810546875,0.4407021999359131,0.9911904761904762,0.0,0.0001163581625610588
chewinggum,4,2,bad/050.JPG,32481,1.0,0.9799703485072144,1.0,0.9775122816497063,27,26.601966857910156,0.48493653535842896,0.9693388146625557,0.0,-0.0024580668575081566
chewinggum,4,2,bad/051.JPG,32847,0.997747130635979,0.7605495677255741,0.9985691235120406,0.7171879666071891,26,26.887535095214844,0.2898409366607666,0.9211868958109559,0.0008219928760616613,-0.04336160111838505
chewinggum,4,2,bad/052.JPG,39723,1.0,0.9502480605887729,1.0,0.9571880705415128,32,32.45484161376953,0.4192894399166107,0.9793244949494949,0.0,0.006940009952739912
chewinggum,4,2,bad/053.JPG,41670,0.9637149028077754,0.6413380523223302,0.9878809695224382,0.6513491536495938,29,34.17348098754883,0.43314042687416077,0.9326124567474049,0.024166066714662815,0.010011101327263572
chewinggum,4,2,bad/054.JPG,5291,1.0,0.9842083327595869,1.0,0.9901722398678814,3,4.32135009765625,0.40908801555633545,0.998015873015873,0.0,0.0059639071082945305
chewinggum,4,2,bad/055.JPG,17314,1.0,0.6934616589946904,1.0,0.6880796318534899,12,14.20883560180664,0.39881378412246704,0.960184331797235,0.0,-0.005382027141200507
chewinggum,4,2,bad/056.JPG,17171,1.0,0.955604294216449,1.0,0.9575768416279331,14,14.015701293945312,0.40993306040763855,0.9934842249657064,0.0,0.0019725474114841157
chewinggum,4,2,bad/057.JPG,9715,1.0,0.9791387409834731,1.0,0.9793825912244588,6,8.015327453613281,0.36410585045814514,0.9902777777777777,0.0,0.00024385024098572128
chewinggum,4,2,bad/058.JPG,39181,1.0,0.9720510187079714,1.0,0.9734522148395403,33,32.209686279296875,0.31526121497154236,0.9782608695652175,0.0,0.0014011961315688604
chewinggum,4,2,bad/059.JPG,15306,0.9951652946556906,0.7688772412822387,0.9963413040637659,0.7222647847549075,12,12.515132904052734,0.353609174489975,0.9614197530864197,0.0011760094080752737,-0.04661245652733115
chewinggum,4,2,bad/060.JPG,14594,0.9708784431958339,0.6141677111206358,0.9995888721392353,0.7246122140907093,11,11.954151153564453,0.32300809025764465,0.9392628205128205,0.028710428943401367,0.11044450297007347
chewinggum,4,2,bad/061.JPG,22795,0.9986400526431235,0.7955550463643501,0.9991226146084667,0.7634422937823001,18,18.60657501220703,0.3730994760990143,0.9738095238095237,0.00048256196534324225,-0.03211275258205004
chewinggum,4,2,bad/062.JPG,34050,1.0,0.9877671427003432,1.0,0.9959897896953279,29,27.84674072265625,0.3381105065345764,0.9958448753462604,0.0,0.008222646994984761
chewinggum,4,2,bad/063.JPG,30677,0.9748019689017831,0.6780174170876032,0.9885582032141343,0.7434497704971973,23,25.127304077148438,0.3561023473739624,0.8949038461538462,0.01375623431235129,0.06543235340959408
chewinggum,4,2,bad/064.JPG,19614,1.0,0.816529504780118,0.9999490160089732,0.8333289468472882,15,16.147937774658203,0.396706759929657,0.989451476793249,-5.0983991026765096e-05,0.01679944206717021
chewinggum,4,2,bad/065.JPG,3495,0.9456366237482118,0.6408997679772571,0.882689556509299,0.641838774380016,0,2.8875465393066406,0.27744561433792114,0.8915481171548119,-0.06294706723891275,0.0009390064027589018
chewinggum,4,2,bad/066.JPG,2819,1.0,0.8116927159008706,1.0,0.8583976614790737,0,2.280487060546875,0.22764921188354492,0.9875992063492064,0.0,0.04670494557820315
chewinggum,4,2,bad/067.JPG,693,1.0,0.9769974832648617,1.0,0.9812588814535206,0,0.5765380859375,0.3090875446796417,1.0,0.0,0.004261398188658894
chewinggum,4,2,bad/068.JPG,1195,0.9472803347280335,0.26453084158596224,0.9523012552301255,0.3614311989385374,0,0.9795799255371094,0.3095017671585083,0.8790412486064659,0.005020920502092019,0.09690035735257518
chewinggum,4,2,bad/069.JPG,2902,1.0,0.8605131351237308,0.9993108201240524,0.7555749696333899,0,2.4082107543945312,0.22456789016723633,0.9854636591478697,-0.000689179875947632,-0.10493816549034096
chewinggum,4,2,bad/070.JPG,494,1.0,0.8928849949970363,1.0,0.9218381085680849,0,0.4285316467285156,0.2480263113975525,0.9837962962962963,0.0,0.028953113571048572
chewinggum,4,2,bad/071.JPG,1783,1.0,0.9365704492860011,1.0,0.9518107895650276,0,1.4538917541503906,0.23950976133346558,0.9971509971509971,0.0,0.015240340279026543
chewinggum,4,2,bad/072.JPG,506,1.0,0.9473656376501038,1.0,0.9671312821329272,0,0.36730194091796875,0.22362074255943298,0.9760869565217392,0.0,0.019765644482823364
chewinggum,4,2,bad/073.JPG,1377,1.0,0.9471719334684033,1.0,0.9453298075270791,0,1.1530189514160156,0.15833008289337158,0.9489583333333333,0.0,-0.0018421259413242685
chewinggum,4,2,bad/074.JPG,2243,1.0,0.9500979637070267,1.0,0.9428564853239474,1,1.8113517761230469,0.3105602562427521,0.9995391705069124,0.0,-0.007241478383079314
chewinggum,4,2,bad/075.JPG,1949,1.0,0.9906828510068488,1.0,0.9833864415232854,1,1.642822265625,0.22397476434707642,0.9958333333333332,0.0,-0.007296409483563471
chewinggum,4,2,bad/076.JPG,4491,1.0,0.9813451479398211,1.0,0.9899154186328246,4,3.6787948608398438,0.2830788195133209,0.9943019943019944,0.0,0.008570270693003534
chewinggum,4,2,bad/077.JPG,3724,1.0,0.9839173106933349,1.0,0.9906440121762589,3,3.05078125,0.23314306139945984,0.986111111111111,0.0,0.00672670148292398
chewinggum,4,2,bad/078.JPG,3550,1.0,0.9926146431223056,1.0,0.9916219205007711,2,2.94378662109375,0.3243265151977539,1.0,0.0,-0.000992722621534492
chewinggum,4,2,bad/079.JPG,5034,1.0,0.9781130479232037,1.0,0.9896301056228565,4,4.11212158203125,0.30117499828338623,1.0,0.0,0.011517057699652722
chewinggum,4,2,bad/080.JPG,5324,0.8529301277235162,0.4049596863093697,0.8735912847483095,0.4540635995131917,4,4.356903076171875,0.1868584156036377,0.8457142857142856,0.02066115702479332,0.049103913203822014
chewinggum,4,2,bad/081.JPG,2730,1.0,0.9533676503356283,1.0,0.957723737944138,1,2.2297134399414062,0.26409363746643066,0.9949832775919732,0.0,0.0043560876085096956
chewinggum,4,2,bad/082.JPG,2944,1.0,0.9615522573306104,1.0,0.9932316323972925,2,2.3975830078125,0.25102558732032776,0.9974747474747475,0.0,0.03167937506668206
chewinggum,4,2,bad/083.JPG,3837,1.0,0.9907935303432575,1.0,0.9889921684878878,3,3.1170806884765625,0.3154865801334381,0.998263888888889,0.0,-0.0018013618553696098
chewinggum,4,2,bad/084.JPG,3010,1.0,0.9942356479905657,1.0,0.9938398815711011,3,2.4953536987304688,0.267768919467926,0.9880952380952381,0.0,-0.0003957664194645938
chewinggum,4,2,bad/085.JPG,4887,0.8254552895436873,0.4984220756809471,0.907305095150399,0.5694245924758051,3,4.015422821044922,0.28207284212112427,0.8504615384615385,0.08184980560671173,0.07100251679485803
chewinggum,4,2,bad/086.JPG,2903,0.9324836376162591,0.7429626709071891,0.9342059937995177,0.8218950517453285,1,2.3468017578125,0.19002372026443481,0.8405797101449276,0.0017223561832586665,0.07893238083813936
chewinggum,4,2,bad/087.JPG,3514,1.0,0.9897139700417081,1.0,0.9929821596125351,2,2.903106689453125,0.22889304161071777,0.982905982905983,0.0,0.0032681895708269737
chewinggum,4,2,bad/088.JPG,4051,1.0,0.9915434383967964,1.0,0.9950846416758763,4,3.35723876953125,0.30332672595977783,0.9791666666666667,0.0,0.0035412032790799186
chewinggum,4,2,bad/089.JPG,2702,1.0,0.9967666104364981,1.0,0.9965326750720954,2,2.21917724609375,0.2921091616153717,0.9563492063492063,0.0,-0.00023393536440263762
chewinggum,4,2,bad/090.JPG,3182,1.0,0.9764059371969294,1.0,0.9751111389644015,2,2.59185791015625,0.2541833519935608,0.951388888888889,0.0,-0.0012947982325278717
chewinggum,4,2,bad/091.JPG,5277,0.9939359484555619,0.8055113885509266,0.9962099677847261,0.9194327405755295,4,4.3269805908203125,0.2738149166107178,0.8685897435897436,0.0022740193291642674,0.11392135202460285
chewinggum,4,2,bad/092.JPG,4374,0.9974851394604481,0.9543082553208134,1.0,0.9677686990990921,3,3.5868759155273438,0.24778378009796143,0.9435897435897436,0.0025148605395518553,0.013460443778278708
chewinggum,4,2,bad/093.JPG,3916,0.95097037793667,0.6720155260438698,0.9954034729315628,0.7827604855261073,2,3.1325607299804688,0.1867852509021759,0.865712338104976,0.044433094994892786,0.1107449594822375
chewinggum,4,2,bad/094.JPG,3077,1.0,0.9923294868912896,1.0,0.9925098445500713,3,2.500244140625,0.24879786372184753,1.0,0.0,0.0001803576587816602
chewinggum,4,2,bad/095.JPG,2818,1.0,0.9955960336963412,1.0,0.9975181237542249,2,2.3364906311035156,0.27401626110076904,0.9821428571428572,0.0,0.0019220900578836853
chewinggum,4,2,bad/096.JPG,5739,1.0,0.9863767390476885,1.0,0.9875518878827031,3,4.72418212890625,0.29550325870513916,0.979020979020979,0.0,0.0011751488350145722
chewinggum,4,2,bad/097.JPG,8369,1.0,0.9728063462549054,1.0,0.976420117219747,8,6.84185791015625,0.26390185952186584,0.9821428571428571,0.0,0.0036137709648416116
chewinggum,4,2,bad/098.JPG,8262,1.0,0.9843988110810126,1.0,0.9930886646691414,7,6.729560852050781,0.4189482033252716,0.9871794871794872,0.0,0.008689853588128793
chewinggum,4,2,bad/099.JPG,4877,1.0,0.9970760529383743,1.0,0.9962560801547934,3,3.9849395751953125,0.35160133242607117,1.0,0.0,-0.0008199727835809245
fryum,1,0,bad/000.JPG,4972,0.9917538213998391,0.7349569997085267,1.0,0.9574559805857071,5,5.12200927734375,0.4603777229785919,0.8905529953917051,0.008246178600160858,0.22249898087718045
fryum,1,0,bad/001.JPG,47652,0.8533534793922606,0.8075493045157861,0.9149878284227315,0.8495795319013988,47,48.83666229248047,0.02369743585586548,0.6866643209007741,0.061634349030470936,0.042030227385612684
fryum,1,0,bad/002.JPG,15533,0.9746990278761347,0.8277640801231984,0.9812013133329042,0.8862315599656758,16,15.88836669921875,0.11720341444015503,0.827103699444125,0.006502285456769452,0.058467479842477466
fryum,1,0,bad/003.JPG,7947,1.0,0.776277322167085,0.9959733232666415,0.7482869426882129,8,8.106391906738281,0.11493182182312012,0.8038258038258038,-0.004026676733358547,-0.027990379478872063
fryum,1,0,bad/004.JPG,3481,1.0,0.9737748912783611,1.0,0.9774939054577658,3,3.5048828125,0.3738178610801697,0.9951923076923076,0.0,0.0037190141794046783
fryum,1,0,bad/005.JPG,18793,0.9790879582823392,0.8348233230861037,0.9846219336987176,0.8891335492207793,18,19.259971618652344,0.18377116322517395,0.9316715542521994,0.005533975416378456,0.05431022613467551
fryum,1,0,bad/006.JPG,16020,0.9982521847690387,0.8535162214516545,0.9990012484394507,0.9027657886438741,14,16.45892333984375,0.20567947626113892,0.9231754161331626,0.0007490636704120535,0.04924956719221962
fryum,1,0,bad/007.JPG,15429,0.9533994426080757,0.7626984908102443,0.8806792403914706,0.7090504430082042,14,15.826377868652344,0.07971009612083435,0.8449350649350649,-0.07272020221660513,-0.05364804780204013
fryum,1,0,bad/008.JPG,10141,1.0,0.9507155955025692,1.0,0.9821494349082518,10,10.36319351196289,0.3992954194545746,0.9606060606060606,0.0,0.03143383940568256
fryum,1,0,bad/009.JPG,14186,1.0,0.9659713454238363,1.0,0.9727712472366334,14,14.480377197265625,0.20036855340003967,0.9246411483253589,0.0,0.0067999018127971045
fryum,1,0,bad/010.JPG,3148,0.0,0.0,0.05590851334180432,0.002871371870674204,3,3.26507568359375,0.044058918952941895,0.8373015873015873,0.05590851334180432,0.002871371870674204
fryum,1,0,bad/011.JPG,3963,1.0,0.8960684642893347,0.9671965682563715,0.8427791355904558,2,4.03564453125,0.2635180652141571,0.8858024691358024,-0.03280343174362854,-0.053289328698878924
fryum,1,0,bad/012.JPG,3254,0.9969268592501537,0.9365662070772452,0.9821757836508912,0.9262792069667095,3,3.372528076171875,0.2587663233280182,0.9516666666666667,-0.014751075599262475,-0.010287000110535738
fryum,1,0,bad/013.JPG,729,0.7901234567901234,0.677602171390816,0.6556927297668038,0.5105892473292796,0,0.7449111938476562,0.08828786015510559,0.9084249084249084,-0.1344307270233196,-0.16701292406153645
fryum,1,0,bad/014.JPG,3958,1.0,0.9448182812338276,0.9595755432036382,0.8471844104692718,4,4.091331481933594,0.20871421694755554,0.9078525641025641,-0.04042445679636175,-0.09763387076455576
fryum,1,0,bad/015.JPG,999,1.0,0.8837908858185892,0.955955955955956,0.6026839468915179,0,1.0409889221191406,0.2141622006893158,0.9916666666666667,-0.04404404404404405,-0.2811069389270713
fryum,1,0,bad/016.JPG,1979,1.0,0.9954307133937498,1.0,0.989533609165267,2,2.061279296875,0.16618409752845764,0.9797979797979799,0.0,-0.005897104228482775
fryum,1,0,bad/017.JPG,8177,0.9936406995230525,0.8425548472959171,0.8838204720557662,0.7901185592863338,8,8.41354751586914,0.19000783562660217,0.9334023464458246,-0.10982022746728626,-0.05243628800958333
fryum,1,0,bad/018.JPG,5492,0.9508375819373635,0.7905445864651975,0.700109249817917,0.576948078513391,6,5.632328033447266,0.15126293897628784,0.8777056277056278,-0.25072833211944645,-0.2135965079518065
fryum,1,0,bad/019.JPG,2341,0.9995728321230244,0.8399345831402835,0.9423323366082871,0.7787143143526654,2,2.397705078125,0.10521161556243896,0.8551587301587301,-0.05724049551473731,-0.061220268787618104
fryum,1,0,bad/020.JPG,345,1.0,0.9845905639285976,1.0,0.9969670349289098,0,0.367340087890625,0.36421293020248413,0.9291666666666667,0.0,0.01237647100031225
fryum,1,0,bad/021.JPG,641,1.0,0.9844537659916031,1.0,0.9929230432421812,0,0.6530342102050781,0.37976354360580444,1.0,0.0,0.008469277250578111
fryum,1,0,bad/022.JPG,309,0.9741100323624595,0.7304803329588755,0.9741100323624595,0.7460999617343975,0,0.33165740966796875,0.3404948115348816,0.8423357664233577,0.0,0.015619628775522032
fryum,1,0,bad/023.JPG,566,1.0,0.9893838836746893,1.0,0.9957896266904381,0,0.5714797973632812,0.43271470069885254,0.8295454545454546,0.0,0.0064057430157488104
fryum,1,0,bad/024.JPG,258,1.0,0.9665461501728001,1.0,0.9900975981219015,0,0.2602272033691406,0.1553507149219513,0.5,0.0,0.023551447949101356
fryum,1,0,bad/025.JPG,313,1.0,0.9838114949291621,1.0,0.9963627468626077,0,0.31638336181640625,0.06551140546798706,0.9777777777777777,0.0,0.01255125193344564
fryum,1,0,bad/026.JPG,274,0.9963503649635036,0.4992233241649324,0.9963503649635036,0.49883467380964885,0,0.28057861328125,0.3730476200580597,1.0,0.0,-0.0003886503552835707
fryum,1,0,bad/027.JPG,524,1.0,0.9658055660329585,1.0,0.964917641716091,0,0.5305023193359375,0.33767229318618774,0.8210526315789474,0.0,-0.0008879243168675721
fryum,1,0,bad/028.JPG,96,1.0,0.6825328600293038,0.9895833333333334,0.4992868686609796,0,0.096923828125,0.3218437135219574,1.0,-0.01041666666666663,-0.1832459913683242
fryum,1,0,bad/029.JPG,612,1.0,0.9917583160502552,1.0,0.9975083834742512,0,0.612152099609375,0.41485536098480225,0.9833333333333334,0.0,0.005750067423995975
fryum,1,0,bad/030.JPG,219,1.0,0.9691020470247127,1.0,0.9681694158726097,0,0.23976898193359375,0.3311980366706848,0.9720430107526882,0.0,-0.0009326311521029584
fryum,1,0,bad/031.JPG,166,1.0,0.9893516199123011,1.0,0.9988731715663468,0,0.1683349609375,0.3782367408275604,1.0,0.0,0.009521551654045668
fryum,1,0,bad/032.JPG,99,1.0,0.9894692672470451,1.0,0.9995449995449995,0,0.1122283935546875,0.3393385112285614,1.0,0.0,0.010075732297954443
fryum,1,0,bad/033.JPG,158,1.0,0.9991668884073948,1.0,0.9992745910467429,0,0.1632080078125,0.45078155398368835,1.0,0.0,0.0001077026393481173
fryum,1,0,bad/034.JPG,110,1.0,0.9896274152029907,1.0,0.9995768495768496,0,0.1122589111328125,0.22226932644844055,0.8240740740740741,0.0,0.009949434373858868
fryum,1,0,bad/035.JPG,373,1.0,0.9932630154757107,1.0,0.9993292391759223,0,0.3826904296875,0.32220548391342163,1.0,0.0,0.006066223700211593
fryum,1,0,bad/036.JPG,119,1.0,0.9986738469191511,1.0,0.9979198303964246,0,0.11737060546875,0.36787647008895874,1.0,0.0,-0.0007540165227264417
fryum,1,0,bad/037.JPG,105,1.0,0.9923947648072636,1.0,0.9931837968236437,0,0.1122283935546875,0.3781389892101288,1.0,0.0,0.0007890320163800313
fryum,1,0,bad/038.JPG,90,1.0,0.9903568900899564,1.0,0.993727060393727,0,0.10205078125,0.4267834424972534,1.0,0.0,0.0033701703037706254
fryum,1,0,bad/039.JPG,222,1.0,0.977047398831345,1.0,0.9974667996460059,0,0.244873046875,0.10871782898902893,0.9611111111111111,0.0,0.020419400814660982
fryum,1,0,bad/040.JPG,220642,0.5169052129694256,0.3054539049615965,0.5426346751751706,0.33218191402755537,220,225.97830200195312,0.030004560947418213,0.7997682148167585,0.025729462205745013,0.026728009065958847
fryum,1,0,bad/041.JPG,302786,0.8468984695461481,0.5786796383831551,0.9178429649983817,0.6545259332762305,311,309.9005432128906,0.03989574313163757,0.8141533642778973,0.07094449545223358,0.07584629489307548
fryum,1,0,bad/042.JPG,237362,0.8617133323783925,0.5842388014530152,0.7904508725069724,0.5317014598666249,246,243.01821899414062,0.02858242392539978,0.7552920685959271,-0.0712624598714201,-0.05253734158639034
fryum,1,0,bad/043.JPG,212462,0.6177245813368979,0.16164844577839574,0.4254549048771074,0.11518492299141966,217,217.5728302001953,0.03917935490608215,0.7708214551993334,-0.19226967645979048,-0.046463522786976075
fryum,1,0,bad/044.JPG,289857,0.37724119134607753,0.23100349305586515,0.3936216824158119,0.25054334478894313,303,296.75714111328125,0.044413864612579346,0.725240156947639,0.016380491069734382,0.019539851733077984
fryum,1,0,bad/045.JPG,199078,0.5590321381569033,0.22136687865365212,0.5349812636253127,0.21300071388189679,196,203.90777587890625,0.09074920415878296,0.8700092039192384,-0.024050874531590605,-0.008366164771755336
fryum,1,0,bad/046.JPG,240744,0.6857782540790217,0.2131171567317117,0.6256729139667032,0.18757398112053464,247,246.41287231445312,0.026387006044387817,0.7610355857656937,-0.060105340112318495,-0.025543175611177055
fryum,1,0,bad/047.JPG,290921,0.5705947662767555,0.40334186890304047,0.558192773983315,0.37181849605200795,298,297.80224609375,0.033644646406173706,0.8163880051445205,-0.012401992293440522,-0.031523372851032516
fryum,1,0,bad/048.JPG,253273,0.4996900577637569,0.02245516404963252,0.5026236511590261,0.025673508619605864,258,259.38427734375,0.02295917272567749,0.7282766178765139,0.002933593395269163,0.0032183445699733443
fryum,1,0,bad/049.JPG,239633,0.8895602859372457,0.597879531186765,0.90578092332859,0.5990025192285072,246,245.35018920898438,0.04935172200202942,0.9148166700060107,0.016220637391344273,0.0011229880417422677
fryum,1,0,bad/050.JPG,309405,0.7223057158093761,0.12239509828155382,0.6748501155443513,0.15625869092027642,317,316.9134216308594,0.05930614471435547,0.8863868711326339,-0.04745560026502482,0.0338635926387226
fryum,1,0,bad/051.JPG,191017,0.38318055461032263,0.20560845785625295,0.4053670615704361,0.220306485151135,190,195.60284423828125,0.041942983865737915,0.7676559295451804,0.022186506960113483,0.014698027294882038
fryum,1,0,bad/052.JPG,212377,0.3841941453170541,0.2351380889844848,0.33869015948054637,0.07591774959372162,219,217.53529357910156,0.057678937911987305,0.9071578203477954,-0.04550398583650772,-0.1592203393907632
fryum,1,0,bad/053.JPG,211771,0.7269692261924438,0.5903661504854296,0.8373526120195872,0.5761431359119671,219,216.87281799316406,0.09796428680419922,0.9379941947752978,0.11038338582714347,-0.014223014573462534
fryum,1,0,bad/054.JPG,198472,0.7830021363214962,0.536004087519599,0.8843564835342013,0.48464220633629335,205,203.18853759765625,0.052023887634277344,0.9106074535982199,0.10135434721270509,-0.0513618811833057
fryum,1,0,bad/055.JPG,237585,0.7264684218279773,0.382759338680191,0.6892817307489951,0.3055942481033602,244,243.25137329101562,0.02729952335357666,0.7679007705318549,-0.037186691078982204,-0.0771650905768308
fryum,1,0,bad/056.JPG,231087,0.820838039353144,0.14306674812829073,0.8038011657947007,0.13150996604107282,242,236.70640563964844,0.05000787973403931,0.8793080546444738,-0.0170368735584433,-0.011556782087217915
fryum,1,0,bad/057.JPG,208331,0.5708559935871281,0.32206651883712356,0.6138212747982777,0.3174632578887466,218,213.34912109375,0.02024361491203308,0.7060745866974241,0.04296528121114962,-0.004603260948376986
fryum,1,0,bad/058.JPG,278351,0.690904649165981,0.4315243735669985,0.7174358992782494,0.4218662335902662,287,285.0526428222656,0.07751089334487915,0.9261358170449081,0.026531250112268312,-0.009658139976732316
fryum,1,0,bad/059.JPG,306947,0.5392983153443428,0.2671002690939931,0.5071038322576862,0.2626490699728874,317,314.2319641113281,0.051356375217437744,0.8767153279516353,-0.03219448308665662,-0.004451199121105698
fryum,1,0,bad/060.JPG,2785,1.0,0.9859439643950269,1.0,0.9861310758590042,3,2.887786865234375,0.20016562938690186,0.9635416666666666,0.0,0.0001871114639773186
fryum,1,0,bad/061.JPG,671,1.0,0.97590543575659,1.0,0.9748792614778975,0,0.7040748596191406,0.21166327595710754,0.9908675799086757,0.0,-0.0010261742786924488
fryum,1,0,bad/062.JPG,2105,1.0,0.9616833421744033,1.0,0.889641277117233,2,2.1324691772460938,0.2595413327217102,0.941025641025641,0.0,-0.07204206505717037
fryum,1,0,bad/063.JPG,3474,1.0,0.9607428763050707,1.0,0.954364843197199,3,3.5256996154785156,0.3085200786590576,0.9006410256410257,0.0,-0.006378033107871661
fryum,1,0,bad/064.JPG,2552,1.0,0.8792762182229236,0.8103448275862069,0.654203488510209,3,2.5920181274414062,0.2911842465400696,0.9599358974358974,-0.18965517241379315,-0.22507272971271453
fryum,1,0,bad/065.JPG,1093,0.9881061299176578,0.4565203998580199,0.8380603842634949,0.27876486740512807,0,1.1429824829101562,0.11824730038642883,0.837092731829574,-0.15004574565416284,-0.17775553245289183
fryum,1,0,bad/066.JPG,3419,0.999707516817783,0.44216359018793844,0.999707516817783,0.46762112928929245,4,3.525859832763672,0.06662002205848694,0.8311688311688312,0.0,0.02545753910135401
fryum,1,0,bad/067.JPG,6521,1.0,0.8989079974196129,0.9699432602361601,0.8193519929608726,5,6.67828369140625,0.09291055798530579,0.9126984126984128,-0.030056739763839935,-0.07955600445874034
fryum,1,0,bad/068.JPG,6370,1.0,0.9887582236073585,0.989010989010989,0.9554830605595657,6,6.53607177734375,0.29588785767555237,0.9481292517006803,-0.01098901098901095,-0.03327516304779288
fryum,1,0,bad/069.JPG,4450,0.9941573033707866,0.8996675710877489,0.9579775280898877,0.9291005710045719,4,4.581748962402344,0.17740997672080994,0.8697478991596639,-0.036179775280898885,0.02943299991682302
fryum,1,0,bad/070.JPG,6096,1.0,0.854731634028549,1.0,0.8271039640919364,5,6.28021240234375,0.16763842105865479,0.870748299319728,0.0,-0.027627669936612587
fryum,1,0,bad/071.JPG,5625,1.0,0.7738654517046242,0.9710222222222222,0.7539530391920115,5,5.7398223876953125,0.14693647623062134,0.8537037037037036,-0.02897777777777777,-0.019912412512612665
fryum,1,0,bad/072.JPG,5002,0.843062774890044,0.5511724714593716,0.7489004398240704,0.5002961748203592,6,5.132450103759766,0.0900844931602478,0.8012820512820512,-0.0941623350659736,-0.0508762966390125
fryum,1,0,bad/073.JPG,5583,1.0,0.9908384550399215,1.0,0.9726012071101653,5,5.7144775390625,0.1811504364013672,0.9628205128205128,0.0,-0.01823724792975623
fryum,1,0,bad/074.JPG,7118,1.0,0.9186453132990707,1.0,0.8655227207307666,8,7.290340423583984,0.14299100637435913,0.957936507936508,0.0,-0.053122592568304094
fryum,1,0,bad/075.JPG,8876,1.0,0.9656155899107843,0.9794952681388013,0.9267594945956272,9,9.14202880859375,0.15249031782150269,0.9512345679012346,-0.02050473186119872,-0.0388560953151571
fryum,1,0,bad/076.JPG,12032,1.0,0.9778726033463899,1.0,0.9838435627733402,11,12.300724029541016,0.20322906970977783,0.9497282608695653,0.0,0.005970959426950251
fryum,1,0,bad/077.JPG,2889,1.0,0.9686224324730432,1.0,0.976359464740317,2,2.9844970703125,0.10784673690795898,0.9278846153846154,0.0,0.007737032267273736
fryum,1,0,bad/078.JPG,3873,1.0,0.8898642820770991,1.0,0.8458625414589512,3,3.9693069458007812,0.17338183522224426,0.9277777777777779,0.0,-0.04400174061814788
fryum,1,0,bad/079.JPG,3396,1.0,0.9125582938704364,0.983510011778563,0.7751687770496332,3,3.4646339416503906,0.15049299597740173,0.9342948717948718,-0.01648998822143699,-0.13738951682080325
fryum,1,0,bad/080.JPG,861,0.9361207897793263,0.6335761623299587,0.975609756097561,0.7403451262443781,0,0.913055419921875,0.09032496809959412,0.8501695736434108,0.03948896631823462,0.10676896391441937
fryum,1,0,bad/081.JPG,1052,0.903041825095057,0.6693052649134974,0.9001901140684411,0.6946202206012356,0,1.1172256469726562,0.08071517944335938,0.809276566285912,-0.002851711026615966,0.025314955687738228
fryum,1,0,bad/082.JPG,2829,0.952633439377872,0.6658764026786959,0.959349593495935,0.6626390277024231,1,2.882793426513672,0.15736547112464905,0.8794070512820513,0.0067161541180629225,-0.0032373749762727444
fryum,1,0,bad/083.JPG,1586,0.9596469104665826,0.8415362391369818,0.9848675914249685,0.9159687396772478,0,1.581756591796875,0.1244208812713623,0.8749571771154505,0.02522068095838592,0.07443250054026596
fryum,1,0,bad/084.JPG,1655,1.0,0.8501777420064446,0.997583081570997,0.9025394011635712,0,1.6785316467285156,0.22532883286476135,0.9577114427860696,-0.0024169184290030454,0.05236165915712665
fryum,1,0,bad/085.JPG,515,1.0,0.942570633576032,1.0,0.9526493995566229,0,0.551025390625,0.32495829463005066,0.9642857142857143,0.0,0.010078765980590876
fryum,1,0,bad/086.JPG,2612,0.9934915773353752,0.7691617208039572,0.9938744257274119,0.7838327491338065,2,2.617176055908203,0.13478294014930725,0.8104674796747968,0.0003828483920367276,0.014671028329849345
fryum,1,0,bad/087.JPG,285,0.9824561403508771,0.775897896040021,0.9824561403508771,0.7916995759691473,0,0.28061676025390625,0.1400943100452423,0.8187134502923977,0.0,0.01580167992912629
fryum,1,0,bad/088.JPG,640,0.946875,0.7796856008441447,1.0,0.96020779205571,0,0.6785354614257812,0.08843570947647095,0.819947043248014,0.05312499999999998,0.18052219121156532
fryum,1,0,bad/089.JPG,2031,0.9931068439192516,0.7737806502497052,0.9896602658788775,0.8403042243067484,1,2.0918197631835938,0.16992732882499695,0.9195402298850573,-0.003446578040374182,0.06652357405704323
fryum,1,0,bad/090.JPG,435,1.0,0.97117448469145,1.0,0.9436338153762475,0,0.448974609375,0.10124674439430237,0.9757575757575758,0.0,-0.027540669315202493
fryum,1,0,bad/091.JPG,584,0.9965753424657534,0.7766989887442532,1.0,0.9602192278940946,0,0.59185791015625,0.08557936549186707,0.837121212121212,0.003424657534246589,0.1835202391498414
fryum,1,0,bad/092.JPG,791,0.7711757269279393,0.40771222022461084,0.8166877370417194,0.39088847640775287,0,0.8010101318359375,0.041738033294677734,0.9107142857142858,0.04551201011378003,-0.016823743816857972
fryum,1,0,bad/093.JPG,3465,0.8207792207792208,0.5343135487025953,0.8669552669552669,0.5170773100127275,0,3.556182861328125,0.027085602283477783,0.6759036144578314,0.04617604617604609,-0.01723623868986779
fryum,1,0,bad/094.JPG,1023,0.7644183773216031,0.27877765070747784,0.7497556207233627,0.32762933065333716,1,1.0049514770507812,-0.01217275857925415,0.4571428571428572,-0.014662756598240456,0.048851679945859317
fryum,1,0,bad/095.JPG,2061,0.9049005337214944,0.6568502515342795,0.9005337214944202,0.67839505445693,0,2.0507240295410156,0.019258975982666016,0.7,-0.004366812227074135,0.021544802922650597
fryum,1,0,bad/096.JPG,173,1.0,0.9924980850344025,1.0,0.9923309232612939,0,0.183624267578125,0.39132899045944214,1.0,0.0,-0.00016716177310860392
fryum,1,0,bad/097.JPG,474,1.0,0.8104466570283066,0.9852320675105485,0.8384777432155245,0,0.5204620361328125,0.05696403980255127,0.8426332288401255,-0.014767932489451518,0.028031086187217835
fryum,1,0,bad/098.JPG,2664,0.2766516516516517,0.7730308008856525,0.3656156156156156,0.66560599782723,1,2.6835784912109375,0.045333266258239746,0.749766573295985,0.08896396396396394,-0.1074248030584225
fryum,1,0,bad/099.JPG,541,0.8927911275415896,0.7542896618703593,0.9759704251386322,0.8810957111915779,0,0.56121826171875,0.05257236957550049,0.858974358974359,0.08317929759704257,0.12680604932121864
fryum,1,1,bad/000.JPG,4972,0.9927594529364441,0.7438697835909996,1.0,0.9527414097355099,5,5.12200927734375,0.46939417719841003,0.9258832565284179,0.007240547063555924,0.20887162614451027
fryum,1,1,bad/001.JPG,47652,0.8895744145051624,0.7995687159466943,0.9337278603206581,0.856845114813335,47,48.83666229248047,0.031831979751586914,0.7469505043396669,0.04415344581549574,0.05727639886664071
fryum,1,1,bad/002.JPG,15533,0.9698062190175755,0.8805172325517618,0.9871885662782464,0.8984335062318721,16,15.88836669921875,0.15665596723556519,0.882882882882883,0.017382347260670894,0.017916273680110284
fryum,1,1,bad/003.JPG,7947,0.9939599848999623,0.7566236897637176,0.9830124575311439,0.6998457075357392,8,8.106391906738281,0.11760538816452026,0.814000814000814,-0.010947527368818433,-0.056777982227978474
fryum,1,1,bad/004.JPG,3481,1.0,0.9735323499853821,1.0,0.9762133588090771,3,3.5048828125,0.40860575437545776,0.9943910256410255,0.0,0.0026810088236950413
fryum,1,1,bad/005.JPG,18793,0.9806310860426755,0.8441172719781914,0.9762145479699889,0.8812045924116294,18,19.259971618652344,0.20236852765083313,0.9467741935483871,-0.004416538072686604,0.03708732043343799
fryum,1,1,bad/006.JPG,16020,1.0,0.841270619438109,1.0,0.8878705732431205,14,16.45892333984375,0.20707640051841736,0.9246692274861289,0.0,0.046599953805011474
fryum,1,1,bad/007.JPG,15429,0.8638926696480653,0.6961855370297706,0.6264177846911659,0.6429794121081658,14,15.826377868652344,0.07027986645698547,0.8594805194805195,-0.2374748849568994,-0.053206124921604814
fryum,1,1,bad/008.JPG,10141,1.0,0.9316568102492964,1.0,0.9692992058021007,10,10.36319351196289,0.3917233943939209,0.9709090909090908,0.0,0.03764239555280435
fryum,1,1,bad/009.JPG,14186,1.0,0.9474967698893357,1.0,0.952881268937053,14,14.480377197265625,0.19123920798301697,0.9419856459330143,0.0,0.005384499047717317
fryum,1,1,bad/010.JPG,3148,0.12928843710292248,0.012203270933212999,0.18392630241423125,0.012966346798663967,3,3.26507568359375,0.09747299551963806,0.8895502645502644,0.054637865311308764,0.000763075865450968
fryum,1,1,bad/011.JPG,3963,1.0,0.8838403773837317,0.9679535705273783,0.8579669828875128,2,4.03564453125,0.28443193435668945,0.8904320987654321,-0.03204642947262171,-0.025873394496218838
fryum,1,1,bad/012.JPG,3254,0.9981561155500922,0.9248446848146392,0.9794099569760295,0.907365664863082,3,3.372528076171875,0.29189127683639526,0.9379166666666666,-0.0187461585740627,-0.017479019951557206
fryum,1,1,bad/013.JPG,729,0.8669410150891632,0.7775832372451627,0.9368998628257887,0.7816268051109889,0,0.7449111938476562,0.09317761659622192,0.9578754578754578,0.06995884773662553,0.00404356786582627
fryum,1,1,bad/014.JPG,3958,1.0,0.9416026209409284,1.0,0.894495177441312,4,4.091331481933594,0.24709782004356384,0.9254807692307693,0.0,-0.047107443499616375
fryum,1,1,bad/015.JPG,999,0.8868868868868869,0.7494323513062973,0.42542542542542544,0.34215678116530923,0,1.0409889221191406,0.22893032431602478,0.9888888888888889,-0.46146146146146144,-0.40727557014098803
fryum,1,1,bad/016.JPG,1979,1.0,0.9780388446226087,1.0,0.968544357057074,2,2.061279296875,0.22014543414115906,0.98989898989899,0.0,-0.009494487565534726
fryum,1,1,bad/017.JPG,8177,0.9806775100892748,0.8435084787654901,0.8715910480616363,0.8433208439316281,8,8.41354751586914,0.13731297850608826,0.9368530020703933,-0.1090864620276385,-0.00018763483386197155
fryum,1,1,bad/018.JPG,5492,1.0,0.8676973201330407,0.952476329206118,0.7992598661935698,6,5.632328033447266,0.12821325659751892,0.8650793650793651,-0.04752367079388198,-0.06843745393947087
fryum,1,1,bad/019.JPG,2341,1.0,0.9090322094019726,1.0,0.917900021699122,2,2.397705078125,0.2290378212928772,0.8809523809523809,0.0,0.008867812297149391
fryum,1,1,bad/020.JPG,345,1.0,0.9866506124002752,1.0,0.996698877142364,0,0.367340087890625,0.37730810046195984,0.9624999999999999,0.0,0.010048264742088864
fryum,1,1,bad/021.JPG,641,1.0,0.9809043437279942,1.0,0.9908601514900728,0,0.6530342102050781,0.38157376646995544,1.0,0.0,0.009955807762078606
fryum,1,1,bad/022.JPG,309,0.9741100323624595,0.6705873791363837,0.9741100323624595,0.6928989462706155,0,0.33165740966796875,0.3734716773033142,0.9270072992700731,0.0,0.02231156713423188
fryum,1,1,bad/023.JPG,566,1.0,0.9909749934989254,1.0,0.9954851894196859,0,0.5714797973632812,0.5010172128677368,0.8674242424242424,0.0,0.004510195920760518
fryum,1,1,bad/024.JPG,258,1.0,0.9330881268865765,1.0,0.9891860538518826,0,0.2602272033691406,0.13282912969589233,0.5,0.0,0.05609792696530613
fryum,1,1,bad/025.JPG,313,1.0,0.9840171542850259,1.0,0.9879160958730945,0,0.31638336181640625,0.09075641632080078,0.9833333333333334,0.0,0.003898941588068583
fryum,1,1,bad/026.JPG,274,0.9963503649635036,0.4992168116959575,0.9963503649635036,0.4988023320522486,0,0.28057861328125,0.3708536624908447,1.0,0.0,-0.0004144796437088871
fryum,1,1,bad/027.JPG,524,1.0,0.9803529957541516,1.0,0.8093421076561164,0,0.5305023193359375,0.34612077474594116,0.8736842105263157,0.0,-0.17101088809803522
fryum,1,1,bad/028.JPG,96,0.9895833333333334,0.48938797972937376,0.9895833333333334,0.4680208942940095,0,0.096923828125,0.21240314841270447,1.0,0.0,-0.021367085435364253
fryum,1,1,bad/029.JPG,612,1.0,0.9906449659536078,1.0,0.9973363886762578,0,0.612152099609375,0.4836093783378601,0.9833333333333334,0.0,0.006691422722649998
fryum,1,1,bad/030.JPG,219,1.0,0.9669618216347189,1.0,0.8210897634605221,0,0.23976898193359375,0.32837384939193726,0.978494623655914,0.0,-0.1458720581741968
fryum,1,1,bad/031.JPG,166,1.0,0.9937749144877961,1.0,0.9952753958778056,0,0.1683349609375,0.4168068766593933,1.0,0.0,0.0015004813900094671
fryum,1,1,bad/032.JPG,99,1.0,0.9891577642495227,1.0,0.9935814723936178,0,0.1122283935546875,0.3632085919380188,1.0,0.0,0.004423708144095095
fryum,1,1,bad/033.JPG,158,1.0,0.9992279262448167,1.0,0.9966897277023858,0,0.1632080078125,0.40212732553482056,1.0,0.0,-0.0025381985424308695
fryum,1,1,bad/034.JPG,110,1.0,0.9896248828681261,1.0,0.9995904995904997,0,0.1122589111328125,0.19093436002731323,0.8055555555555556,0.0,0.009965616722373616
fryum,1,1,bad/035.JPG,373,1.0,0.9898171693203991,1.0,0.997725992597003,0,0.3826904296875,0.342088520526886,1.0,0.0,0.007908823276603916
fryum,1,1,bad/036.JPG,119,1.0,0.9981312875530624,1.0,0.9979102557946107,0,0.11737060546875,0.3610289394855499,1.0,0.0,-0.000221031758451673
fryum,1,1,bad/037.JPG,105,1.0,0.9935970453211834,1.0,0.9570580987946631,0,0.1122283935546875,0.38903507590293884,1.0,0.0,-0.036538946526520344
fryum,1,1,bad/038.JPG,90,1.0,0.9841953064175287,1.0,0.9770214659103549,0,0.10205078125,0.39301154017448425,1.0,0.0,-0.007173840507173845
fryum,1,1,bad/039.JPG,222,1.0,0.9736033493114898,1.0,0.9892545780095493,0,0.244873046875,0.13709670305252075,0.9666666666666667,0.0,0.01565122869805946
fryum,1,1,bad/040.JPG,220642,0.7241504337342844,0.4420582720960759,0.8306396787556313,0.49872595820490945,220,225.97830200195312,0.05243426561355591,0.932082568004898,0.10648924502134682,0.05666768610883355
fryum,1,1,bad/041.JPG,302786,0.9111649812078497,0.5815346545432059,0.9774560250473933,0.6926798863929993,311,309.9005432128906,0.04384428262710571,0.868627118004453,0.06629104383954354,0.11114523184979341
fryum,1,1,bad/042.JPG,237362,0.881105652968883,0.5605802436813964,0.860226152459113,0.5782195238713767,246,243.01821899414062,0.041263729333877563,0.8394627545551983,-0.020879500509769944,0.01763928018998029
fryum,1,1,bad/043.JPG,212462,0.6558961131872993,0.527194117328062,0.5861754101909988,0.33150192843858567,217,217.5728302001953,0.04878363013267517,0.862462172711723,-0.06972070299630051,-0.19569218888947632
fryum,1,1,bad/044.JPG,289857,0.4429149546155518,0.2561549997674385,0.4187271654643497,0.26703208799067296,303,296.75714111328125,0.046296000480651855,0.7492220267893384,-0.02418778915120212,0.010877088223234466
fryum,1,1,bad/045.JPG,199078,0.4669677211947076,0.23921490344171728,0.48992354755422496,0.26207845993700474,196,203.90777587890625,0.09083116054534912,0.8974753300012817,0.022955826359517373,0.022863556495287457
fryum,1,1,bad/046.JPG,240744,0.5656423420729073,0.18533939866680915,0.5645997408035092,0.48587899570874654,247,246.41287231445312,0.030115842819213867,0.8362554978008796,-0.0010426012693981468,0.3005395970419374
fryum,1,1,bad/047.JPG,290921,0.7672598403002877,0.4748745540497154,0.7400497042152336,0.4131601325302152,298,297.80224609375,0.05396151542663574,0.9107070331009274,-0.02721013608505407,-0.061714421519500184
fryum,1,1,bad/048.JPG,253273,0.5726942864024195,0.030544465679158434,0.6371425299972757,0.03637409842938183,258,259.38427734375,0.046383678913116455,0.836364142952671,0.06444824359485624,0.005829632750223395
fryum,1,1,bad/049.JPG,239633,0.8358114283091227,0.5467680929068062,0.9072498362078678,0.5709583092563065,246,245.35018920898438,0.05800408124923706,0.9137647765978761,0.07143840789874512,0.02419021634950036
fryum,1,1,bad/050.JPG,309405,0.7477933452917697,0.14371589982227753,0.6920476398248251,0.14751698731039548,317,316.9134216308594,0.06842952966690063,0.9336225450632231,-0.05574570546694457,0.0038010874881179435
fryum,1,1,bad/051.JPG,191017,0.6273106582136668,0.31648284420588163,0.6783165896229132,0.3594492920679597,190,195.60284423828125,0.06874850392341614,0.9216913982386296,0.05100593140924636,0.042966447862078094
fryum,1,1,bad/052.JPG,212377,0.7507310113618706,0.4751136584044451,0.9222279248694538,0.5524780238161133,219,217.53529357910156,0.07778656482696533,0.9474773478710784,0.17149691350758323,0.07736436541166825
fryum,1,1,bad/053.JPG,211771,0.6755221442029362,0.38902874427028644,0.7628853809067342,0.5225200418772367,219,216.87281799316406,0.12058824300765991,0.9527129972530832,0.08736323670379798,0.13349129760695022
fryum,1,1,bad/054.JPG,198472,0.8152434600346649,0.30704901887182373,0.9477911241888024,0.3261675641874144,205,203.18853759765625,0.04756361246109009,0.8878229470626641,0.13254766415413755,0.01911854531559065
fryum,1,1,bad/055.JPG,237585,0.5996590693856936,0.3537124010584639,0.5601027000862849,0.2931609659434065,244,243.25137329101562,0.024287045001983643,0.7832817337461301,-0.039556369299408645,-0.060551435115057395
fryum,1,1,bad/056.JPG,231087,0.8027799054035926,0.2551441078045506,0.8063456620233937,0.3937284911625417,242,236.70640563964844,0.06978011131286621,0.9376104793141853,0.003565756619801186,0.13858438335799111
fryum,1,1,bad/057.JPG,208331,0.5621822964417201,0.30990364557933286,0.6164517042590877,0.3409550476862445,218,213.34912109375,0.028452187776565552,0.7742454825067282,0.054269407817367554,0.031051402106911652
fryum,1,1,bad/058.JPG,278351,0.6365560030321429,0.398158191083063,0.7512744700037004,0.42742621002002,287,285.0526428222656,0.06336355209350586,0.9040272858454675,0.11471846697155752,0.02926801893695702
fryum,1,1,bad/059.JPG,306947,0.5061623016351358,0.257237068265415,0.4660739476196216,0.24510347950523925,317,314.2319641113281,0.05111056566238403,0.8778029677027495,-0.04008835401551414,-0.012133588760175729
fryum,1,1,bad/060.JPG,2785,1.0,0.992380556132931,1.0,0.9675610244591583,3,2.887786865234375,0.21825867891311646,0.9722222222222222,0.0,-0.02481953167377271
fryum,1,1,bad/061.JPG,671,1.0,0.9626266675963211,1.0,0.9796859451603503,0,0.7040748596191406,0.21841883659362793,0.9908675799086757,0.0,0.01705927756402925
fryum,1,1,bad/062.JPG,2105,1.0,0.962289396075201,1.0,0.9058617707676505,2,2.1324691772460938,0.2747107744216919,0.9358974358974359,0.0,-0.05642762530755052
fryum,1,1,bad/063.JPG,3474,1.0,0.962901951017355,1.0,0.9558687102218544,3,3.5256996154785156,0.3383334279060364,0.9342948717948718,0.0,-0.007033240795500606
fryum,1,1,bad/064.JPG,2552,1.0,0.8427775664305298,0.8855799373040752,0.6546932810851902,3,2.5920181274414062,0.2878651022911072,0.9615384615384616,-0.11442006269592475,-0.1880842853453396
fryum,1,1,bad/065.JPG,1093,0.9881061299176578,0.44889226331956106,0.9981701738334858,0.49348110145863916,0,1.1429824829101562,0.09789687395095825,0.8709273182957393,0.010064043915828047,0.0445888381390781
fryum,1,1,bad/066.JPG,3419,0.8996782684995612,0.3439232361945596,0.8756946475577654,0.3154293374087334,4,3.525859832763672,0.0751415491104126,0.829004329004329,-0.023983620941795847,-0.0284938987858262
fryum,1,1,bad/067.JPG,6521,1.0,0.880286753556197,1.0,0.8766557199244448,5,6.67828369140625,0.15238595008850098,0.9146825396825398,0.0,-0.003631033631752212
fryum,1,1,bad/068.JPG,6370,1.0,0.9873113360672348,1.0,0.970129547049324,6,6.53607177734375,0.3203488886356354,0.9447278911564626,0.0,-0.017181789017910787
fryum,1,1,bad/069.JPG,4450,0.9256179775280899,0.8640281045745447,0.7373033707865169,0.844175109544408,4,4.581748962402344,0.2140415608882904,0.8970588235294118,-0.18831460674157308,-0.01985299503013671
fryum,1,1,bad/070.JPG,6096,1.0,0.8411196913732916,0.9954068241469817,0.786312269821862,5,6.28021240234375,0.1746370792388916,0.8801020408163266,-0.0045931758530183275,-0.05480742155142959
fryum,1,1,bad/071.JPG,5625,0.7235555555555555,0.4865889753617481,0.6346666666666667,0.39453553974394817,5,5.7398223876953125,0.16209515929222107,0.8027777777777778,-0.0888888888888888,-0.09205343561779994
fryum,1,1,bad/072.JPG,5002,0.9602159136345462,0.583450408309834,0.757297081167533,0.4895228009211045,6,5.132450103759766,0.10802987217903137,0.8365384615384616,-0.20291883246701314,-0.09392760738872946
fryum,1,1,bad/073.JPG,5583,1.0,0.9840428386845035,1.0,0.9661756713572636,5,5.7144775390625,0.2125832736492157,0.9358974358974359,0.0,-0.01786716732723992
fryum,1,1,bad/074.JPG,7118,1.0,0.8796398356735458,0.6539758359089632,0.46985325066887945,8,7.290340423583984,0.19643467664718628,0.9174603174603175,-0.34602416409103676,-0.4097865850046663
fryum,1,1,bad/075.JPG,8876,0.9905362776025236,0.9035093604458712,0.926768814781433,0.8312337206600556,9,9.14202880859375,0.17216256260871887,0.9049382716049383,-0.06376746282109058,-0.07227563978581553
fryum,1,1,bad/076.JPG,12032,1.0,0.9761789353153657,1.0,0.959544989551467,11,12.300724029541016,0.2284012734889984,0.943840579710145,0.0,-0.01663394576389865
fryum,1,1,bad/077.JPG,2889,1.0,0.9536627273475232,1.0,0.9677851447681507,2,2.9844970703125,0.08016106486320496,0.9375,0.0,0.014122417420627476
fryum,1,1,bad/078.JPG,3873,1.0,0.8681569930017449,1.0,0.7901627233940569,3,3.9693069458007812,0.2301585078239441,0.9144444444444445,0.0,-0.07799426960768796
fryum,1,1,bad/079.JPG,3396,1.0,0.735029317067716,0.8698468786808009,0.5631563392748606,3,3.4646339416503906,0.1209355890750885,0.9695512820512822,-0.1301531213191991,-0.17187297779285537
fryum,1,1,bad/080.JPG,861,0.9477351916376306,0.6552678891883692,0.8931475029036005,0.552094912393536,0,0.913055419921875,0.12231442332267761,0.8765746124031009,-0.05458768873403019,-0.10317297679483317
fryum,1,1,bad/081.JPG,1052,0.873574144486692,0.7136440876170069,0.8640684410646388,0.7211641846238411,0,1.1172256469726562,0.09499263763427734,0.7872966424368294,-0.009505703422053258,0.007520097006834203
fryum,1,1,bad/082.JPG,2829,0.9625309296571226,0.617380902292462,0.9657122658183104,0.650515766128858,1,2.882793426513672,0.20106714963912964,0.8943309294871795,0.0031813361611877644,0.03313486383639597
fryum,1,1,bad/083.JPG,1586,0.9659520807061791,0.8258723621415771,0.9741488020176545,0.8947891969295892,0,1.581756591796875,0.13644641637802124,0.9030489893799246,0.008196721311475419,0.06891683478801214
fryum,1,1,bad/084.JPG,1655,1.0,0.8544916975423217,0.9861027190332327,0.8658190492112717,0,1.6785316467285156,0.23495501279830933,0.958457711442786,-0.013897280966767345,0.011327351668950048
fryum,1,1,bad/085.JPG,515,0.9941747572815534,0.8958051033888101,1.0,0.9542494396547392,0,0.551025390625,0.2955678105354309,0.9308608058608059,0.005825242718446644,0.05844433626592904
fryum,1,1,bad/086.JPG,2612,0.9946401225114855,0.8019419426769379,0.9869831546707504,0.7803442702134175,2,2.617176055908203,0.12323763966560364,0.821900406504065,-0.007656967840735107,-0.0215976724635204
fryum,1,1,bad/087.JPG,285,0.9824561403508771,0.7745858607677109,0.9824561403508771,0.7892000841651355,0,0.28061676025390625,0.147647887468338,0.7368421052631579,0.0,0.014614223397424686
fryum,1,1,bad/088.JPG,640,0.96875,0.8154300909289287,1.0,0.9407330125870927,0,0.6785354614257812,0.1382085680961609,0.8949691085613416,0.03125,0.12530292165816403
fryum,1,1,bad/089.JPG,2031,1.0,0.8213164366148734,1.0,0.8609209628143718,1,2.0918197631835938,0.2095329761505127,0.9445812807881773,0.0,0.03960452619949839
fryum,1,1,bad/090.JPG,435,1.0,0.9745051150353004,1.0,0.9348346983551153,0,0.448974609375,0.12763720750808716,0.9212121212121211,0.0,-0.039670416680185006
fryum,1,1,bad/091.JPG,584,0.9743150684931506,0.6245929065969998,1.0,0.8395402268724219,0,0.59185791015625,0.14684006571769714,0.7651515151515151,0.025684931506849362,0.21494732027542207
fryum,1,1,bad/092.JPG,791,0.6738305941845765,0.4925392078054731,0.7926675094816688,0.5640212680862217,0,0.8010101318359375,0.042510390281677246,0.8293650793650793,0.11883691529709228,0.07148206028074855
fryum,1,1,bad/093.JPG,3465,0.7500721500721501,0.38220166346263135,0.645021645021645,0.3206412600694185,0,3.556182861328125,0.04266902804374695,0.7060240963855422,-0.10505050505050506,-0.06156040339321284
fryum,1,1,bad/094.JPG,1023,0.6666666666666666,0.26828598581052426,0.7370478983382209,0.35319407512894097,1,1.0049514770507812,0.0062659382820129395,0.5894736842105264,0.0703812316715543,0.0849080893184167
fryum,1,1,bad/095.JPG,2061,0.9146045608927705,0.7182355085092962,0.9349830179524503,0.6599426581426721,0,2.0507240295410156,0.02884805202484131,0.7602459016393444,0.020378457059679778,-0.05829285036662413
fryum,1,1,bad/096.JPG,173,1.0,0.9922422029990419,1.0,0.9888454073702132,0,0.183624267578125,0.38588786125183105,1.0,0.0,-0.003396795628828664
fryum,1,1,bad/097.JPG,474,0.9556962025316456,0.8194465142560264,0.9493670886075949,0.7842222613888696,0,0.5204620361328125,0.06919300556182861,0.8056426332288401,-0.006329113924050667,-0.0352242528671568
fryum,1,1,bad/098.JPG,2664,0.4756006006006006,0.701521404066399,0.6396396396396397,0.5951309955120149,1,2.6835784912109375,0.04752469062805176,0.7444755680049797,0.16403903903903905,-0.10639040855438409
fryum,1,1,bad/099.JPG,541,0.9759704251386322,0.804826787976603,0.9759704251386322,0.8501256326202394,0,0.56121826171875,0.075958251953125,0.9505494505494506,0.0,0.04529884464363643
fryum,1,2,bad/000.JPG,4972,0.9969831053901851,0.7435914255369835,1.0,0.9388185445755994,5,5.12200927734375,0.4607974886894226,0.901689708141321,0.003016894609814913,0.1952271190386159
fryum,1,2,bad/001.JPG,47652,0.9310836900864602,0.8195790341573755,0.9737261814824142,0.8918128896099178,47,48.83666229248047,0.029738575220108032,0.7297091250293222,0.042642491395953996,0.07223385545254224
fryum,1,2,bad/002.JPG,15533,0.9680679842915084,0.8474413887762541,0.9455996909804931,0.8460682714886489,16,15.88836669921875,0.13447201251983643,0.8447383553766532,-0.022468293311015297,-0.0013731172876051412
fryum,1,2,bad/003.JPG,7947,1.0,0.8926529878117397,1.0,0.8698333654833337,8,8.106391906738281,0.11960715055465698,0.8038258038258038,0.0,-0.022819622328406064
fryum,1,2,bad/004.JPG,3481,1.0,0.9687375186120725,1.0,0.9741139344083735,3,3.5048828125,0.44538429379463196,0.9951923076923077,0.0,0.005376415796300993
fryum,1,2,bad/005.JPG,18793,0.994412813281541,0.8657529921505717,0.9886127813547597,0.8837455743191803,18,19.259971618652344,0.19960179924964905,0.9099706744868036,-0.005800031926781246,0.017992582168608662
fryum,1,2,bad/006.JPG,16020,0.9925093632958801,0.8443412112194749,0.9967540574282148,0.845015543417792,14,16.45892333984375,0.22203606367111206,0.9229620145113102,0.0042446941323346365,0.0006743321983170292
fryum,1,2,bad/007.JPG,15429,0.9659731674120163,0.8006576267657852,0.9614362564002852,0.8502781209058752,14,15.826377868652344,0.050655245780944824,0.777012987012987,-0.004536911011731148,0.049620494140089955
fryum,1,2,bad/008.JPG,10141,1.0,0.9342207746636838,1.0,0.9728751317367595,10,10.36319351196289,0.4321407675743103,0.9333333333333335,0.0,0.03865435707307574
fryum,1,2,bad/009.JPG,14186,1.0,0.9602381710892001,1.0,0.9549032507711531,14,14.480377197265625,0.1903018057346344,0.9328149920255183,0.0,-0.005334920318046943
fryum,1,2,bad/010.JPG,3148,0.08290978398983481,0.005573483022143806,0.32750952986022874,0.05021968262936504,3,3.26507568359375,0.053899914026260376,0.8313492063492064,0.24459974587039393,0.044646199607221236
fryum,1,2,bad/011.JPG,3963,1.0,0.9077088325527908,0.9348978046934141,0.8210747809094452,2,4.03564453125,0.23675352334976196,0.9212962962962963,-0.0651021953065859,-0.08663405164334559
fryum,1,2,bad/012.JPG,3254,0.9901659496004918,0.9201943216821268,0.9904732636754764,0.9166455486954683,3,3.372528076171875,0.22691407799720764,0.9441666666666666,0.0003073140749846326,-0.003548772986658455
fryum,1,2,bad/013.JPG,729,0.6323731138545954,0.5410334078811199,0.6460905349794238,0.49347019176931395,0,0.7449111938476562,0.05950704216957092,0.8333333333333333,0.013717421124828433,-0.04756321611180592
fryum,1,2,bad/014.JPG,3958,1.0,0.9091559149276037,0.9924204143506822,0.8432808581018438,4,4.091331481933594,0.20561882853507996,0.9054487179487181,-0.0075795856493178215,-0.06587505682575989
fryum,1,2,bad/015.JPG,999,1.0,0.9610966488677533,1.0,0.8176450672341458,0,1.0409889221191406,0.1977875828742981,0.9833333333333333,0.0,-0.1434515816336075
fryum,1,2,bad/016.JPG,1979,1.0,0.9906554384883395,1.0,0.979413804967226,2,2.061279296875,0.1903894543647766,0.9848484848484849,0.0,-0.011241633521113514
fryum,1,2,bad/017.JPG,8177,0.8434633728751376,0.749792731057011,0.8056744527332763,0.8011314757795485,8,8.41354751586914,0.10499757528305054,0.9185645272601795,-0.037788920141861304,0.05133874472253741
fryum,1,2,bad/018.JPG,5492,0.9417334304442826,0.79686241095294,0.7569191551347414,0.6182586549142471,6,5.632328033447266,0.14404156804084778,0.8932178932178931,-0.1848142753095412,-0.17860375603869283
fryum,1,2,bad/019.JPG,2341,0.9679624092268262,0.8506620288420458,0.9846219564288765,0.806517757681929,2,2.397705078125,0.15893980860710144,0.8988095238095237,0.016659547202050318,-0.044144271160116766
fryum,1,2,bad/020.JPG,345,1.0,0.9885916664804247,1.0,0.9931842121967029,0,0.367340087890625,0.37005627155303955,0.9125,0.0,0.004592545716278207
fryum,1,2,bad/021.JPG,641,1.0,0.9861057356016883,1.0,0.9940829322540168,0,0.6530342102050781,0.3697567284107208,1.0,0.0,0.007977196652328433
fryum,1,2,bad/022.JPG,309,0.9741100323624595,0.7258554726338506,0.9741100323624595,0.7337040533080785,0,0.33165740966796875,0.3509206771850586,0.8773722627737226,0.0,0.00784858067422789
fryum,1,2,bad/023.JPG,566,1.0,0.9909577078447925,1.0,0.9949139433979228,0,0.5714797973632812,0.44182977080345154,0.8598484848484849,0.0,0.003956235553130294
fryum,1,2,bad/024.JPG,258,1.0,0.9794200548757431,1.0,0.9974950647274133,0,0.2602272033691406,0.1473187506198883,0.6203703703703703,0.0,0.01807500985167021
fryum,1,2,bad/025.JPG,313,1.0,0.9811470607379935,1.0,0.9845898950404414,0,0.31638336181640625,0.08905193209648132,0.9722222222222222,0.0,0.0034428343024478503
fryum,1,2,bad/026.JPG,274,0.9963503649635036,0.4991757699465407,0.9963503649635036,0.4987899820899487,0,0.28057861328125,0.3007323443889618,1.0,0.0,-0.00038578785659204584
fryum,1,2,bad/027.JPG,524,1.0,0.9157590474704691,1.0,0.9483456054214159,0,0.5305023193359375,0.21275752782821655,0.831578947368421,0.0,0.03258655795094678
fryum,1,2,bad/028.JPG,96,1.0,0.6865918550129076,0.9895833333333334,0.4179554091787378,0,0.096923828125,0.24261009693145752,1.0,-0.01041666666666663,-0.26863644583416985
fryum,1,2,bad/029.JPG,612,1.0,0.9914006599191785,1.0,0.9975578519696168,0,0.612152099609375,0.4432853162288666,0.9833333333333334,0.0,0.006157192050438298
fryum,1,2,bad/030.JPG,219,1.0,0.8657187392831917,1.0,0.6779116224360534,0,0.23976898193359375,0.32490116357803345,0.9548387096774194,0.0,-0.18780711684713824
fryum,1,2,bad/031.JPG,166,1.0,0.9935337094273139,1.0,0.9966181191382296,0,0.1683349609375,0.33794140815734863,1.0,0.0,0.0030844097109157254
fryum,1,2,bad/032.JPG,99,1.0,0.9905582471481705,1.0,0.9804313109785248,0,0.1122283935546875,0.2965776324272156,1.0,0.0,-0.010126936169645773
fryum,1,2,bad/033.JPG,158,1.0,0.9986921552385752,1.0,0.9990632045611075,0,0.1632080078125,0.23349878191947937,1.0,0.0,0.00037104932253229084
fryum,1,2,bad/034.JPG,110,1.0,0.9888240820673252,1.0,0.9994721994721995,0,0.1122589111328125,0.15583956241607666,0.7592592592592593,0.0,0.010648117404874258
fryum,1,2,bad/035.JPG,373,1.0,0.9838061679398996,1.0,0.9871340568509587,0,0.3826904296875,0.2736670970916748,1.0,0.0,0.0033278889110590626
fryum,1,2,bad/036.JPG,119,1.0,0.9985963967180478,1.0,0.9979647963337536,0,0.11737060546875,0.35275304317474365,1.0,0.0,-0.0006316003842942175
fryum,1,2,bad/037.JPG,105,1.0,0.9940686259418785,1.0,0.9721251596596769,0,0.1122283935546875,0.3561233580112457,1.0,0.0,-0.021943466282201562
fryum,1,2,bad/038.JPG,90,1.0,0.9883500450734352,1.0,0.9943870630724152,0,0.10205078125,0.31019940972328186,1.0,0.0,0.006037017998980043
fryum,1,2,bad/039.JPG,222,1.0,0.989036020843504,1.0,0.9988118749380012,0,0.244873046875,0.15272492170333862,0.961111111111111,0.0,0.009775854094497216
fryum,1,2,bad/040.JPG,220642,0.7171798660273203,0.41514587948084997,0.7448627187933394,0.46920712247389834,220,225.97830200195312,0.026609867811203003,0.7581234146768128,0.027682852766019117,0.054061242993048375
fryum,1,2,bad/041.JPG,302786,0.8270890992318006,0.5919748118273717,0.8392197789858183,0.6226465884009208,311,309.9005432128906,0.03554803133010864,0.7639061851390618,0.012130679754017715,0.030671776573549137
fryum,1,2,bad/042.JPG,237362,0.9099434618852217,0.6832065157122876,0.8336085809860045,0.6270086047605341,246,243.01821899414062,0.02433761954307556,0.733755359056806,-0.07633488089921714,-0.05619791095175353
fryum,1,2,bad/043.JPG,212462,0.751414370569796,0.24365631536944377,0.6172350820381998,0.17255145299233068,217,217.5728302001953,0.03878575563430786,0.7939235121266611,-0.13417928853159622,-0.07110486237711308
fryum,1,2,bad/044.JPG,289857,0.413014003456877,0.23120380273810837,0.3737394646325602,0.24506491439910047,303,296.75714111328125,0.04142880439758301,0.718536057367068,-0.03927453882431681,0.013861111660992104
fryum,1,2,bad/045.JPG,199078,0.42719436602738625,0.15812910879939732,0.5145018535448417,0.2219193084153414,196,203.90777587890625,0.07664990425109863,0.8877587874127666,0.08730748751745543,0.0637901996159441
fryum,1,2,bad/046.JPG,240744,0.72935981789785,0.22077541598948733,0.7175215166317749,0.21237437637808906,247,246.41287231445312,0.0271013081073761,0.7787984806077568,-0.011838301266075102,-0.008401039611398264
fryum,1,2,bad/047.JPG,290921,0.8346080207341512,0.6205344790288805,0.7345705535179654,0.5277867810800666,298,297.80224609375,0.04311594367027283,0.8941481080349285,-0.10003746721618578,-0.09274769794881388
fryum,1,2,bad/048.JPG,253273,0.5893048212798048,0.033597902499346195,0.605840338291093,0.03879416719668518,258,259.38427734375,0.020792067050933838,0.7089029645590311,0.016535517011288192,0.005196264697338984
fryum,1,2,bad/049.JPG,239633,0.8856876974373312,0.584911954777982,0.9364152683478486,0.6456056424698478,246,245.35018920898438,0.04675737023353577,0.8967140853536366,0.05072757091051738,0.06069368769186578
fryum,1,2,bad/050.JPG,309405,0.7848741940175498,0.11108203468855851,0.7195132593203083,0.1313002986958656,317,316.9134216308594,0.04948079586029053,0.8437584073177294,-0.06536093469724147,0.020218264007307085
fryum,1,2,bad/051.JPG,191017,0.6033337346937707,0.2974597161238375,0.6273473041666449,0.3378776811546156,190,195.60284423828125,0.0500946044921875,0.8442876100856557,0.02401356947287414,0.0404179650307781
fryum,1,2,bad/052.JPG,212377,0.5760087015072254,0.32009878311565015,0.7570546716452347,0.4215447573672787,219,217.53529357910156,0.04969528317451477,0.9026147749930592,0.18104597013800927,0.10144597425162855
fryum,1,2,bad/053.JPG,211771,0.836054039504937,0.6434942001240913,0.9013037668047088,0.6317545166240116,219,216.87281799316406,0.11055439710617065,0.961198411904047,0.06524972729977185,-0.0117396835000797
fryum,1,2,bad/054.JPG,198472,0.9383892942077472,0.5860880145747025,0.957928574307711,0.5362674324190233,205,203.18853759765625,0.05769753456115723,0.9190816911167073,0.01953928009996375,-0.049820582155679194
fryum,1,2,bad/055.JPG,237585,0.68559042027064,0.3876155203033616,0.677509102005598,0.38109182610037085,244,243.25137329101562,0.02829378843307495,0.7843994500440162,-0.008081318265041992,-0.00652369420299076
fryum,1,2,bad/056.JPG,231087,0.890236144828571,0.5045850403173568,0.8766092424065395,0.453461740819414,242,236.70640563964844,0.059564054012298584,0.8938478987217608,-0.013626902422031573,-0.051123299497942865
fryum,1,2,bad/057.JPG,208331,0.7358434414465442,0.4381288710704462,0.7090639415161449,0.41173961545138454,218,213.34912109375,0.023987233638763428,0.7239883698577471,-0.026779499930399298,-0.026389255619061636
fryum,1,2,bad/058.JPG,278351,0.7654292601786953,0.48205085808640896,0.8549601043287073,0.5457103382628884,287,285.0526428222656,0.07263529300689697,0.9146180418907692,0.089530844150012,0.06365948017647943
fryum,1,2,bad/059.JPG,306947,0.5825337924788319,0.3131780904913838,0.5364085656481412,0.29499823321618823,317,314.2319641113281,0.05377519130706787,0.86608612129302,-0.04612522683069065,-0.018179857275195555
fryum,1,2,bad/060.JPG,2785,1.0,0.9892902950084144,1.0,0.9796719150291922,3,2.887786865234375,0.2322741448879242,0.9444444444444444,0.0,-0.009618379979222214
fryum,1,2,bad/061.JPG,671,1.0,0.9731458667490123,1.0,0.9709871342042639,0,0.7040748596191406,0.23423761129379272,0.9817351598173516,0.0,-0.0021587325447484096
fryum,1,2,bad/062.JPG,2105,1.0,0.9423030111063752,1.0,0.8898940943754166,2,2.1324691772460938,0.237845778465271,0.9397435897435897,0.0,-0.0524089167309586
fryum,1,2,bad/063.JPG,3474,1.0,0.9632195359560031,1.0,0.9539148677030946,3,3.5256996154785156,0.2866409420967102,0.8926282051282051,0.0,-0.009304668252908432
fryum,1,2,bad/064.JPG,2552,1.0,0.8917999726437476,0.8808777429467085,0.7244955578426981,3,2.5920181274414062,0.2783525586128235,0.9615384615384616,-0.11912225705329149,-0.1673044148010494
fryum,1,2,bad/065.JPG,1093,0.9743824336688015,0.4384291879327888,0.6349496797804208,0.2370980682460449,0,1.1429824829101562,0.11115407943725586,0.8395989974937343,-0.3394327538883807,-0.2013311196867439
fryum,1,2,bad/066.JPG,3419,0.999707516817783,0.4711367551822694,0.999707516817783,0.47676274254182616,4,3.525859832763672,0.08702453970909119,0.84992784992785,0.0,0.005625987359556772
fryum,1,2,bad/067.JPG,6521,1.0,0.8567223212125438,0.9553749424934826,0.7802057282527709,5,6.67828369140625,0.1360933482646942,0.8998015873015872,-0.04462505750651735,-0.07651659295977287
fryum,1,2,bad/068.JPG,6370,1.0,0.9887793167143946,1.0,0.9722120857112992,6,6.53607177734375,0.33169394731521606,0.9430272108843537,0.0,-0.016567231003095317
fryum,1,2,bad/069.JPG,4450,0.9606741573033708,0.9168099152231353,0.7440449438202247,0.8802955308940571,4,4.581748962402344,0.2198924720287323,0.9054621848739496,-0.21662921348314612,-0.036514384329078164
fryum,1,2,bad/070.JPG,6096,1.0,0.8691483330295371,1.0,0.8367028838285528,5,6.28021240234375,0.11214497685432434,0.8715986394557822,0.0,-0.032445449200984244
fryum,1,2,bad/071.JPG,5625,0.9532444444444444,0.6228279661710426,0.7623111111111112,0.5102315274901195,5,5.7398223876953125,0.13015571236610413,0.8046296296296296,-0.1909333333333333,-0.11259643868092317
fryum,1,2,bad/072.JPG,5002,0.8730507796881247,0.5904756410343365,0.6555377848860455,0.4489262261370035,6,5.132450103759766,0.10320490598678589,0.8076923076923077,-0.2175129948020792,-0.14154941489733297
fryum,1,2,bad/073.JPG,5583,1.0,0.9798600014001876,1.0,0.9725117732001295,5,5.7144775390625,0.22391566634178162,0.9564102564102563,0.0,-0.007348228200058093
fryum,1,2,bad/074.JPG,7118,1.0,0.9129171315032225,0.9869345321719584,0.8159619103595112,8,7.290340423583984,0.19324380159378052,0.9587301587301589,-0.013065467828041633,-0.09695522114371136
fryum,1,2,bad/075.JPG,8876,1.0,0.9517595862615171,0.9382604776926543,0.8500057740931107,9,9.14202880859375,0.18042391538619995,0.9419753086419752,-0.061739522307345696,-0.1017538121684064
fryum,1,2,bad/076.JPG,12032,1.0,0.9805554602270283,1.0,0.9826982954584459,11,12.300724029541016,0.30740419030189514,0.9565217391304348,0.0,0.0021428352314175614
fryum,1,2,bad/077.JPG,2889,1.0,0.9613148784628156,1.0,0.9710707061671733,2,2.9844970703125,0.07551726698875427,0.9086538461538461,0.0,0.009755827704357678
fryum,1,2,bad/078.JPG,3873,1.0,0.8807686610072653,1.0,0.7783621561360183,3,3.9693069458007812,0.25790244340896606,0.9266666666666666,0.0,-0.10240650487124692
fryum,1,2,bad/079.JPG,3396,0.9908716136631331,0.7506734151498173,0.6590106007067138,0.4703274349842296,3,3.4646339416503906,0.12183433771133423,0.9599358974358975,-0.33186101295641934,-0.28034598016558776
fryum,1,2,bad/080.JPG,861,0.9396051103368177,0.6131072906361357,0.9500580720092915,0.6524330396289061,0,0.913055419921875,0.13740187883377075,0.8453246124031008,0.010452961672473782,0.039325748992770415
fryum,1,2,bad/081.JPG,1052,0.8849809885931559,0.6391782021892881,0.9011406844106464,0.7267214589481802,0,1.1172256469726562,0.06556513905525208,0.7701626860505364,0.01615969581749055,0.08754325675889207
fryum,1,2,bad/082.JPG,2829,0.9498055850123719,0.6177306690189709,0.9512195121951219,0.7288488936922168,1,2.882793426513672,0.18615683913230896,0.8609775641025641,0.0014139271827500188,0.11111822467324595
fryum,1,2,bad/083.JPG,1586,0.9564943253467844,0.8353425091312824,0.969735182849937,0.8791727971510628,0,1.581756591796875,0.10462182760238647,0.8359027064063036,0.013240857503152625,0.043830288019780395
fryum,1,2,bad/084.JPG,1655,1.0,0.844611795458071,0.9981873111782478,0.8464009239312584,0,1.6785316467285156,0.26492395997047424,0.9674129353233831,-0.0018126888217522286,0.0017891284731874624
fryum,1,2,bad/085.JPG,515,1.0,0.9261616900279043,1.0,0.9469969768144759,0,0.551025390625,0.19474849104881287,0.9308608058608059,0.0,0.02083528678657165
fryum,1,2,bad/086.JPG,2612,0.9896630934150077,0.7611075350852792,0.9911944869831547,0.6952106409303346,2,2.617176055908203,0.1375158727169037,0.8465447154471545,0.0015313935681470214,-0.0658968941549446
fryum,1,2,bad/087.JPG,285,0.9824561403508771,0.7755558885294441,0.9824561403508771,0.7895483465922656,0,0.28061676025390625,0.1494603455066681,0.8245614035087719,0.0,0.013992458062821456
fryum,1,2,bad/088.JPG,640,0.928125,0.7903532220720705,0.975,0.8033202913732818,0,0.6785354614257812,0.13831645250320435,0.7864077669902912,0.046875,0.012967069301211276
fryum,1,2,bad/089.JPG,2031,1.0,0.8236754933999848,0.9965534219596258,0.8202680627844561,1,2.0918197631835938,0.20237848162651062,0.9018883415435139,-0.003446578040374182,-0.003407430615528728
fryum,1,2,bad/090.JPG,435,1.0,0.9548653292414294,0.9839080459770115,0.9315455958530069,0,0.448974609375,0.15576571226119995,0.8545454545454546,-0.016091954022988464,-0.023319733388422526
fryum,1,2,bad/091.JPG,584,1.0,0.8512363550353594,1.0,0.849002304579457,0,0.59185791015625,0.12865003943443298,0.8522727272727273,0.0,-0.0022340504559024144
fryum,1,2,bad/092.JPG,791,0.8053097345132744,0.5668118600180927,0.9759797724399494,0.760234457759999,0,0.8010101318359375,0.030959784984588623,0.8115079365079365,0.170670037926675,0.1934225977419063
fryum,1,2,bad/093.JPG,3465,0.8551226551226552,0.5377052080094064,0.7933621933621934,0.41799045906302157,0,3.556182861328125,0.051260918378829956,0.6855421686746987,-0.06176046176046179,-0.11971474894638479
fryum,1,2,bad/094.JPG,1023,0.7282502443792767,0.3321809803030796,0.8142717497556208,0.33524367612098294,1,1.0049514770507812,-0.010653674602508545,0.4827067669172932,0.08602150537634412,0.0030626958179033603
fryum,1,2,bad/095.JPG,2061,0.9126637554585153,0.6725716346630174,0.9209121785540999,0.718438497309625,0,2.0507240295410156,0.008706510066986084,0.6327868852459017,0.0082484230955846,0.045866862646607554
fryum,1,2,bad/096.JPG,173,1.0,0.9931244130543554,1.0,0.9922153478086276,0,0.183624267578125,0.2816528081893921,1.0,0.0,-0.0009090652457277582
fryum,1,2,bad/097.JPG,474,0.9240506329113924,0.731383715142371,0.9620253164556962,0.778002799392617,0,0.5204620361328125,0.03592044115066528,0.722884012539185,0.03797468354430378,0.04661908425024597
fryum,1,2,bad/098.JPG,2664,0.4527027027027027,0.6956887198141738,0.5427927927927928,0.7009553064645951,1,2.6835784912109375,0.03828519582748413,0.7033924680983503,0.09009009009009011,0.0052665866504213454
fryum,1,2,bad/099.JPG,541,0.7855822550831792,0.7209624565898778,0.9759704251386322,0.870594857718443,0,0.56121826171875,0.03270828723907471,0.8846153846153846,0.19038817005545294,0.14963240112856524
fryum,4,0,bad/000.JPG,4972,0.9863234111021721,0.7235761902073714,1.0,0.9436167405085641,5,5.12200927734375,0.42867186665534973,0.8943932411674347,0.013676588897827857,0.22004055030119274
fryum,4,0,bad/001.JPG,47652,0.9778183497020062,0.8810238435752655,0.9921724166876521,0.9038719554714508,47,48.83666229248047,0.029141634702682495,0.7540464461646728,0.014354066985645897,0.022848111896185297
fryum,4,0,bad/002.JPG,15533,0.9648490310950879,0.8302720980186236,0.9916307216893067,0.8942616053617455,16,15.88836669921875,0.12438780069351196,0.8543224075138969,0.026781690594218754,0.06398950734312192
fryum,4,0,bad/003.JPG,7947,1.0,0.7496778114047784,0.978608279854033,0.6454553984101743,8,8.106391906738281,0.09382915496826172,0.8005698005698005,-0.02139172014596702,-0.10422241299460411
fryum,4,0,bad/004.JPG,3481,1.0,0.9734149408465389,1.0,0.9771274829589469,3,3.5048828125,0.36055028438568115,0.9951923076923076,0.0,0.0037125421124080127
fryum,4,0,bad/005.JPG,18793,0.9866971744798595,0.8528720929079647,0.9882935135422763,0.8896782748958245,18,19.259971618652344,0.18111169338226318,0.9480938416422288,0.0015963390624168516,0.03680618198785979
fryum,4,0,bad/006.JPG,16020,0.9934456928838952,0.831186474158428,0.9981897627965044,0.8757941212524911,14,16.45892333984375,0.18181180953979492,0.9353393085787451,0.004744069912609228,0.044607647094063174
fryum,4,0,bad/007.JPG,15429,0.9467237021193856,0.7349977585619327,0.836606390563225,0.7013628669089791,14,15.826377868652344,0.05233439803123474,0.8396103896103896,-0.11011731155616056,-0.033634891652953636
fryum,4,0,bad/008.JPG,10141,1.0,0.9377288658551219,1.0,0.9769077195814518,10,10.36319351196289,0.3888634145259857,0.9690909090909091,0.0,0.0391788537263299
fryum,4,0,bad/009.JPG,14186,1.0,0.9571045111256271,1.0,0.9465278032635044,14,14.480377197265625,0.1462765634059906,0.9407894736842105,0.0,-0.010576707862122725
fryum,4,0,bad/010.JPG,3148,0.08290978398983481,0.006154089108255398,0.2855781448538755,0.03506503152057798,3,3.26507568359375,0.06484547257423401,0.8511904761904762,0.2026683608640407,0.02891094241232258
fryum,4,0,bad/011.JPG,3963,1.0,0.8943986671673101,0.9694675750693919,0.8456394138089459,2,4.03564453125,0.24296528100967407,0.8842592592592593,-0.03053242493060815,-0.048759253358364174
fryum,4,0,bad/012.JPG,3254,0.9987707437000615,0.929420412540794,1.0,0.9140384421843223,3,3.372528076171875,0.24789634346961975,0.9583333333333333,0.0012292562999385304,-0.015381970356471708
fryum,4,0,bad/013.JPG,729,0.897119341563786,0.721749347521828,0.9039780521262003,0.7421613039032928,0,0.7449111938476562,0.055817633867263794,0.8937728937728937,0.006858710562414272,0.02041195638146487
fryum,4,0,bad/014.JPG,3958,1.0,0.9336850345143632,1.0,0.9091984311201001,4,4.091331481933594,0.2153763771057129,0.9134615384615385,0.0,-0.024486603394263118
fryum,4,0,bad/015.JPG,999,1.0,0.9396937691658839,1.0,0.7822654657832179,0,1.0409889221191406,0.26917916536331177,0.9944444444444445,0.0,-0.157428303382666
fryum,4,0,bad/016.JPG,1979,1.0,0.992633530567068,1.0,0.9868141048873321,2,2.061279296875,0.18981671333312988,0.9848484848484849,0.0,-0.005819425679735923
fryum,4,0,bad/017.JPG,8177,0.9841017488076311,0.8531430771933759,0.9334719334719335,0.8583054006563656,8,8.41354751586914,0.13910022377967834,0.9337474120082816,-0.05062981533569766,0.005162323462989726
fryum,4,0,bad/018.JPG,5492,0.9883466860888566,0.8628770933489345,0.9217042971595047,0.7726972118940928,6,5.632328033447266,0.138709157705307,0.8715728715728716,-0.06664238892935181,-0.09017988145484168
fryum,4,0,bad/019.JPG,2341,1.0,0.9261075386707853,1.0,0.9051843671595206,2,2.397705078125,0.17728489637374878,0.8928571428571429,0.0,-0.02092317151126477
fryum,4,0,bad/020.JPG,345,1.0,0.9899678609714732,1.0,0.9968370315739424,0,0.367340087890625,0.3333536684513092,0.9750000000000001,0.0,0.006869170602469277
fryum,4,0,bad/021.JPG,641,1.0,0.9836076020295278,1.0,0.9938410044276935,0,0.6530342102050781,0.32908397912979126,1.0,0.0,0.010233402398165725
fryum,4,0,bad/022.JPG,309,0.9741100323624595,0.7387833945992897,0.9741100323624595,0.7439257543360311,0,0.33165740966796875,0.2876189351081848,0.8481751824817518,0.0,0.005142359736741486
fryum,4,0,bad/023.JPG,566,1.0,0.9914905620268422,1.0,0.9958245382874847,0,0.5714797973632812,0.32574382424354553,0.8977272727272727,0.0,0.00433397626064258
fryum,4,0,bad/024.JPG,258,1.0,0.9922914429199786,1.0,0.998047450341605,0,0.2602272033691406,0.15428289771080017,0.5925925925925926,0.0,0.005756007421626408
fryum,4,0,bad/025.JPG,313,1.0,0.9911933259697958,1.0,0.9937553884272168,0,0.31638336181640625,0.09032073616981506,0.9888888888888888,0.0,0.002562062457420966
fryum,4,0,bad/026.JPG,274,0.9963503649635036,0.49918128665209077,0.9963503649635036,0.4988883072132989,0,0.28057861328125,0.3662817180156708,1.0,0.0,-0.0002929794387918627
fryum,4,0,bad/027.JPG,524,1.0,0.8484645151767558,1.0,0.9017834601527521,0,0.5305023193359375,0.1462467908859253,0.8175438596491228,0.0,0.05331894497599632
fryum,4,0,bad/028.JPG,96,0.9895833333333334,0.49670986776249937,0.9895833333333334,0.49601480570186124,0,0.096923828125,0.26357707381248474,1.0,0.0,-0.0006950620606381297
fryum,4,0,bad/029.JPG,612,1.0,0.9916464031206225,1.0,0.9975526361510384,0,0.612152099609375,0.36705639958381653,0.9916666666666667,0.0,0.0059062330304159305
fryum,4,0,bad/030.JPG,219,1.0,0.9600095822858307,1.0,0.8845770825553179,0,0.23976898193359375,0.2528446912765503,0.967741935483871,0.0,-0.0754324997305128
fryum,4,0,bad/031.JPG,166,1.0,0.9938380159287815,1.0,0.9985272445160044,0,0.1683349609375,0.31689104437828064,1.0,0.0,0.004689228587222871
fryum,4,0,bad/032.JPG,99,1.0,0.9881516150785421,1.0,0.9971399706801776,0,0.1122283935546875,0.3272234797477722,1.0,0.0,0.008988355601635467
fryum,4,0,bad/033.JPG,158,1.0,0.9991257079864676,1.0,0.9990623534927332,0,0.1632080078125,0.2997916638851166,1.0,0.0,-6.335449373440216e-05
fryum,4,0,bad/034.JPG,110,1.0,0.9910637910637912,1.0,0.9995631995631995,0,0.1122589111328125,0.1843266785144806,0.8518518518518519,0.0,0.008499408499408334
fryum,4,0,bad/035.JPG,373,1.0,0.9961825917891903,1.0,0.9967633887272024,0,0.3826904296875,0.3064989745616913,1.0,0.0,0.0005807969380120515
fryum,4,0,bad/036.JPG,119,1.0,0.9985784103431163,1.0,0.9985753672852538,0,0.11737060546875,0.2757260501384735,1.0,0.0,-3.0430578625839644e-06
fryum,4,0,bad/037.JPG,105,1.0,0.9807969125972473,1.0,0.9739106793445614,0,0.1122283935546875,0.30814170837402344,0.9947916666666667,0.0,-0.006886233252685892
fryum,4,0,bad/038.JPG,90,1.0,0.99007255503752,1.0,0.9954508729617173,0,0.10205078125,0.3643154799938202,1.0,0.0,0.005378317924197296
fryum,4,0,bad/039.JPG,222,1.0,0.9827034241448657,1.0,0.9987780573366158,0,0.244873046875,0.08188658952713013,0.9666666666666667,0.0,0.016074633191750176
fryum,4,0,bad/040.JPG,220642,0.7532292129331678,0.4447944361035412,0.8085722573218155,0.49025747849797835,220,225.97830200195312,0.023528695106506348,0.795996238957404,0.05534304438864768,0.04546304239443716
fryum,4,0,bad/041.JPG,302786,0.9642420719584128,0.640298767579174,0.9840514422727603,0.6951379473688529,311,309.9005432128906,0.03709933161735535,0.8412770293218612,0.019809370314347485,0.054839179789678894
fryum,4,0,bad/042.JPG,237362,0.8246644365989502,0.6066728717677677,0.7509247478534896,0.5342540808172528,246,243.01821899414062,0.02943873405456543,0.8202036441586281,-0.07373968874546055,-0.07241879095051496
fryum,4,0,bad/043.JPG,212462,0.6672628517099528,0.4185207892801431,0.539955380256234,0.14392855015340703,217,217.5728302001953,0.03380697965621948,0.7944388404017367,-0.1273074714537188,-0.274592239126736
fryum,4,0,bad/044.JPG,289857,0.42374688208323413,0.25725978630811036,0.41337970102498817,0.2612490792748437,303,296.75714111328125,0.0404740571975708,0.7439250439723987,-0.010367181058245967,0.003989292966733338
fryum,4,0,bad/045.JPG,199078,0.35280643767769415,0.1391408760428294,0.4186700690181738,0.18105123604753806,196,203.90777587890625,0.06708520650863647,0.8395139398599607,0.06586363134047962,0.04191036000470866
fryum,4,0,bad/046.JPG,240744,0.7793548333499485,0.24708221877843245,0.7345437477154155,0.22886921229918342,247,246.41287231445312,0.02351778745651245,0.7756797281087565,-0.044811085634532954,-0.018213006479249033
fryum,4,0,bad/047.JPG,290921,0.8854878128426618,0.6551197259221032,0.9145884965334231,0.6458645729462975,298,297.80224609375,0.03852275013923645,0.9048940634942124,0.029100683690761353,-0.009255152975805703
fryum,4,0,bad/048.JPG,253273,0.5539082334082196,0.03417852166514442,0.6387297501115398,0.038017041238470585,258,259.38427734375,0.01495671272277832,0.6979716175050152,0.08482151670332017,0.003838519573326163
fryum,4,0,bad/049.JPG,239633,0.8645512095579491,0.5957813022296956,0.9274014847704615,0.6429609395954118,246,245.35018920898438,0.04309612512588501,0.8980064115407734,0.06285027521251241,0.047179637365716176
fryum,4,0,bad/050.JPG,309405,0.7435561804107884,0.15758808482541467,0.7537014592524361,0.20703003489914376,317,316.9134216308594,0.050162285566329956,0.8942224912563896,0.010145278841647731,0.04944195007372909
fryum,4,0,bad/051.JPG,191017,0.4849411308941089,0.23397874543176397,0.5230110409021187,0.2797493067102217,190,195.60284423828125,0.04736107587814331,0.8250331764989747,0.0380699100080098,0.045770561278457716
fryum,4,0,bad/052.JPG,212377,0.7400518888580213,0.4224146678867252,0.7551712285228627,0.4170283185863301,219,217.53529357910156,0.047686249017715454,0.9130511597385225,0.015119339664841358,-0.00538634930039511
fryum,4,0,bad/053.JPG,211771,0.7555472656784923,0.582449214459423,0.8019417200655425,0.56881753262622,219,216.87281799316406,0.09087514877319336,0.9529687830158253,0.046394454387050255,-0.013631681833202958
fryum,4,0,bad/054.JPG,198472,0.8900701358378008,0.5212164348662247,0.9591378128904833,0.5183860535185569,205,203.18853759765625,0.046369194984436035,0.9207605494930114,0.06906767705268246,-0.0028303813476677764
fryum,4,0,bad/055.JPG,237585,0.7289433255466464,0.4094886635452266,0.6470357977145021,0.35542931274064743,244,243.25137329101562,0.02214258909225464,0.7731134828237667,-0.08190752783214428,-0.05405935080457919
fryum,4,0,bad/056.JPG,231087,0.8933951282417445,0.4247803550581984,0.9044861891841601,0.16605898712741643,242,236.70640563964844,0.05258423089981079,0.9351275684844027,0.011091060942415631,-0.25872136793078193
fryum,4,0,bad/057.JPG,208331,0.5711967974041309,0.3185931636360626,0.4823958028329917,0.2658931091254163,218,213.34912109375,0.01960742473602295,0.750937139561707,-0.08880099457113916,-0.0527000545106463
fryum,4,0,bad/058.JPG,278351,0.6939044587589052,0.43938455844689,0.8224364202032686,0.5116920149077033,287,285.0526428222656,0.059215664863586426,0.9291617473435655,0.1285319614443634,0.07230745646081332
fryum,4,0,bad/059.JPG,306947,0.56057886214884,0.30464561053284844,0.5046864768184736,0.27028731178444854,317,314.2319641113281,0.05065268278121948,0.8987859397843083,-0.055892385330366445,-0.03435829874839991
fryum,4,0,bad/060.JPG,2785,1.0,0.9921331756189244,1.0,0.9851402561748953,3,2.887786865234375,0.2093360424041748,0.9791666666666666,0.0,-0.006992919444029133
fryum,4,0,bad/061.JPG,671,1.0,0.969671398214352,1.0,0.9724989089983329,0,0.7040748596191406,0.24057146906852722,0.9931506849315068,0.0,0.0028275107839809133
fryum,4,0,bad/062.JPG,2105,1.0,0.950693274811217,1.0,0.9157781230094636,2,2.1324691772460938,0.25372007489204407,0.9307692307692308,0.0,-0.03491515180175342
fryum,4,0,bad/063.JPG,3474,1.0,0.967010867677856,1.0,0.9509868169475963,3,3.5256996154785156,0.332208514213562,0.9391025641025641,0.0,-0.016024050730259698
fryum,4,0,bad/064.JPG,2552,1.0,0.9193045117409138,0.9553291536050157,0.7674172804665366,3,2.5920181274414062,0.2976410388946533,0.9743589743589743,-0.04467084639498431,-0.1518872312743772
fryum,4,0,bad/065.JPG,1093,0.9881061299176578,0.46985651460788636,0.9835315645013724,0.37066103622087854,0,1.1429824829101562,0.09930551052093506,0.8483709273182957,-0.0045745654162854255,-0.09919547838700782
fryum,4,0,bad/066.JPG,3419,0.9956127522667446,0.42854388921552494,0.999707516817783,0.44426451592590815,4,3.525859832763672,0.06011959910392761,0.8643578643578643,0.00409476455103841,0.015720626710383212
fryum,4,0,bad/067.JPG,6521,1.0,0.9233032335549207,1.0,0.921403197597426,5,6.67828369140625,0.09821939468383789,0.9523809523809523,0.0,-0.0019000359574947723
fryum,4,0,bad/068.JPG,6370,1.0,0.9872313415427958,1.0,0.9652862311163469,6,6.53607177734375,0.2923339307308197,0.9447278911564626,0.0,-0.021945110426448866
fryum,4,0,bad/069.JPG,4450,1.0,0.9318954879170196,0.930561797752809,0.912601199471367,4,4.581748962402344,0.16762664914131165,0.8991596638655464,-0.069438202247191,-0.01929428844565262
fryum,4,0,bad/070.JPG,6096,1.0,0.8607467885389508,1.0,0.8238058876741852,5,6.28021240234375,0.12955427169799805,0.8920068027210885,0.0,-0.03694090086476565
fryum,4,0,bad/071.JPG,5625,1.0,0.7011755157225963,0.8060444444444445,0.5273521632409854,5,5.7398223876953125,0.13911134004592896,0.8629629629629629,-0.19395555555555555,-0.17382335248161085
fryum,4,0,bad/072.JPG,5002,0.9924030387844862,0.7038008333316437,0.8496601359456217,0.5777960324015176,6,5.132450103759766,0.10251754522323608,0.8397435897435898,-0.14274290283886448,-0.12600480093012612
fryum,4,0,bad/073.JPG,5583,1.0,0.9879253134269569,1.0,0.9803295739553599,5,5.7144775390625,0.14856061339378357,0.958974358974359,0.0,-0.007595739471596974
fryum,4,0,bad/074.JPG,7118,1.0,0.9156368000819365,1.0,0.8636263294089987,8,7.290340423583984,0.15295737981796265,0.9333333333333333,0.0,-0.052010470672937736
fryum,4,0,bad/075.JPG,8876,1.0,0.9612700769911608,0.9977467327625056,0.9392283520408492,9,9.14202880859375,0.1222272515296936,0.9104938271604938,-0.0022532672374944163,-0.022041724950311647
fryum,4,0,bad/076.JPG,12032,1.0,0.9873185328422315,1.0,0.9827673407605899,11,12.300724029541016,0.20130252838134766,0.9578804347826088,0.0,-0.004551192081641564
fryum,4,0,bad/077.JPG,2889,1.0,0.974899082091685,1.0,0.9880123003474808,2,2.9844970703125,0.08136048913002014,0.9487179487179488,0.0,0.013113218255795811
fryum,4,0,bad/078.JPG,3873,1.0,0.8778076651368611,1.0,0.8066253053331535,3,3.9693069458007812,0.16687431931495667,0.9166666666666666,0.0,-0.07118235980370768
fryum,4,0,bad/079.JPG,3396,0.9469964664310954,0.7131881397698453,0.9040047114252061,0.7199918506352149,3,3.4646339416503906,0.11905094981193542,0.9342948717948718,-0.042991755005889254,0.006803710865369572
fryum,4,0,bad/080.JPG,861,0.9535423925667829,0.608510349943785,0.9709639953542393,0.7092779760034449,0,0.913055419921875,0.08885350823402405,0.852470930232558,0.017421602787456414,0.10076762605965994
fryum,4,0,bad/081.JPG,1052,0.9334600760456274,0.7067223572349229,0.94106463878327,0.7185014352758767,0,1.1172256469726562,0.07908055186271667,0.8158532364139841,0.0076045627376425395,0.011779078040953794
fryum,4,0,bad/082.JPG,2829,0.9784376104630611,0.6809692216396163,0.9833863556026865,0.7516907784008411,1,2.882793426513672,0.15228387713432312,0.8874198717948718,0.004948745139625399,0.07072155676122482
fryum,4,0,bad/083.JPG,1586,0.9665825977301387,0.8478032357173678,0.980453972257251,0.9154614645771566,0,1.581756591796875,0.08667922019958496,0.8725590955806783,0.01387137452711229,0.06765822885978878
fryum,4,0,bad/084.JPG,1655,1.0,0.8497893024983052,1.0,0.8949242012758158,0,1.6785316467285156,0.197615385055542,0.9599502487562189,0.0,0.045134898777510646
fryum,4,0,bad/085.JPG,515,1.0,0.9166602618909658,1.0,0.9582719180672569,0,0.551025390625,0.20654678344726562,0.9597069597069597,0.0,0.041611656176291034
fryum,4,0,bad/086.JPG,2612,0.9885145482388974,0.7539760133467482,0.9885145482388974,0.7742338590897964,2,2.617176055908203,0.08324652910232544,0.823170731707317,0.0,0.02025784574304812
fryum,4,0,bad/087.JPG,285,0.9824561403508771,0.7738840275466558,1.0,0.9408238026160906,0,0.28061676025390625,0.12863197922706604,0.7397660818713451,0.01754385964912286,0.1669397750694348
fryum,4,0,bad/088.JPG,640,0.965625,0.808895699506943,1.0,0.9661598763618953,0,0.6785354614257812,0.09134930372238159,0.8340688437775816,0.034375000000000044,0.1572641768549523
fryum,4,0,bad/089.JPG,2031,1.0,0.8335299467399776,1.0,0.8894319679981205,1,2.0918197631835938,0.12689805030822754,0.9363711001642036,0.0,0.05590202125814292
fryum,4,0,bad/090.JPG,435,1.0,0.942776059342626,0.9839080459770115,0.9280539643575093,0,0.448974609375,0.07764601707458496,0.8484848484848485,-0.016091954022988464,-0.014722094985116674
fryum,4,0,bad/091.JPG,584,0.9383561643835616,0.4434773584999154,1.0,0.8755756394017944,0,0.59185791015625,0.10107654333114624,0.8901515151515151,0.06164383561643838,0.432098280901879
fryum,4,0,bad/092.JPG,791,0.7989886219974716,0.5339828743158964,0.7800252844500632,0.5784133631998739,0,0.8010101318359375,0.028428375720977783,0.8015873015873016,-0.01896333754740831,0.04443048888397749
fryum,4,0,bad/093.JPG,3465,0.8147186147186147,0.46340770707541207,0.8202020202020202,0.45762169539135134,0,3.556182861328125,0.02687874436378479,0.6608433734939759,0.0054834054834054236,-0.005786011684060732
fryum,4,0,bad/094.JPG,1023,0.9237536656891495,0.4732281780926471,0.5796676441837733,0.20833182558792082,1,1.0049514770507812,-0.00775378942489624,0.4631578947368421,-0.34408602150537626,-0.2648963525047263
fryum,4,0,bad/095.JPG,2061,0.9291606016496846,0.6986849449172136,0.9344978165938864,0.7394820479162997,0,2.0507240295410156,0.017960309982299805,0.7348360655737705,0.005337214944201807,0.04079710299908612
fryum,4,0,bad/096.JPG,173,1.0,0.9927841348234379,1.0,0.9934832647799346,0,0.183624267578125,0.29765716195106506,1.0,0.0,0.0006991299564967912
fryum,4,0,bad/097.JPG,474,1.0,0.8047143089154019,1.0,0.8382751223581852,0,0.5204620361328125,0.037445247173309326,0.799373040752351,0.0,0.03356081344278339
fryum,4,0,bad/098.JPG,2664,0.816066066066066,0.785449205347506,0.7184684684684685,0.7205683166172018,1,2.6835784912109375,0.04725039005279541,0.7709305944600062,-0.09759759759759756,-0.06488088873030418
fryum,4,0,bad/099.JPG,541,0.8059149722735675,0.7481998901462972,0.9759704251386322,0.8532562405347605,0,0.56121826171875,0.0272524356842041,0.9029304029304029,0.17005545286506474,0.10505635038846328
fryum,4,1,bad/000.JPG,4972,0.9863234111021721,0.7213733268954082,1.0,0.9468919827592711,5,5.12200927734375,0.4175136089324951,0.9078341013824885,0.013676588897827857,0.22551865586386288
fryum,4,1,bad/001.JPG,47652,0.9764542936288089,0.8658043550682927,0.9838201964240746,0.8948606186915371,47,48.83666229248047,0.033048540353775024,0.7641332395026976,0.007365902795265722,0.029056263623244427
fryum,4,1,bad/002.JPG,15533,0.9429601493594283,0.7792073488960825,0.9746990278761347,0.8524513942229328,16,15.88836669921875,0.09831464290618896,0.8660149511213342,0.031738878516706426,0.07324404532685036
fryum,4,1,bad/003.JPG,7947,0.9943374858437146,0.7588199695344889,0.9994966654083302,0.7356942572069447,8,8.106391906738281,0.10035651922225952,0.824989824989825,0.005159179564615535,-0.023125712327544234
fryum,4,1,bad/004.JPG,3481,1.0,0.9702359079605228,1.0,0.9754709737509868,3,3.5048828125,0.3068879246711731,0.9943910256410255,0.0,0.005235065790463955
fryum,4,1,bad/005.JPG,18793,0.9845155110945565,0.8536675782355237,0.9833448624487842,0.8847271321447515,18,19.259971618652344,0.17382517457008362,0.9353372434017595,-0.0011706486457723209,0.031059553909227766
fryum,4,1,bad/006.JPG,16020,0.9944444444444445,0.8365946601302113,0.9991885143570537,0.8555574739759239,14,16.45892333984375,0.18739303946495056,0.9419547588561673,0.004744069912609228,0.018962813845712523
fryum,4,1,bad/007.JPG,15429,0.9397238965584289,0.6983908717637275,0.9237798950029166,0.7573178045895668,14,15.826377868652344,0.056854844093322754,0.859090909090909,-0.015944001555512344,0.05892693282583927
fryum,4,1,bad/008.JPG,10141,1.0,0.9229123080179971,1.0,0.9763940888143421,10,10.36319351196289,0.32619309425354004,0.9642424242424242,0.0,0.053481780796345024
fryum,4,1,bad/009.JPG,14186,1.0,0.9512077681739286,1.0,0.9524791034088109,14,14.480377197265625,0.15233951807022095,0.9415869218500797,0.0,0.0012713352348823204
fryum,4,1,bad/010.JPG,3148,0.015247776365946633,0.0004944226165447393,0.21315120711562896,0.02395338689966651,3,3.26507568359375,0.05913358926773071,0.8637566137566137,0.19790343074968234,0.02345896428312177
fryum,4,1,bad/011.JPG,3963,1.0,0.9001789727172568,0.9881402977542266,0.862081652472346,2,4.03564453125,0.24271538853645325,0.8873456790123457,-0.011859702245773374,-0.03809732024491075
fryum,4,1,bad/012.JPG,3254,0.989858635525507,0.9031164980891759,0.9751075599262446,0.8879117664917852,3,3.372528076171875,0.22866109013557434,0.9554166666666667,-0.014751075599262364,-0.015204731597390775
fryum,4,1,bad/013.JPG,729,0.8285322359396433,0.7229550818588416,0.953360768175583,0.8588205588403317,0,0.7449111938476562,0.04755818843841553,0.8388278388278387,0.1248285322359397,0.1358654769814901
fryum,4,1,bad/014.JPG,3958,1.0,0.9355017489967499,1.0,0.8999218437656876,4,4.091331481933594,0.20822906494140625,0.922275641025641,0.0,-0.03557990523106225
fryum,4,1,bad/015.JPG,999,1.0,0.919568385069622,1.0,0.7826687062452858,0,1.0409889221191406,0.23447811603546143,0.9944444444444445,0.0,-0.13689967882433618
fryum,4,1,bad/016.JPG,1979,1.0,0.9872181581684161,1.0,0.9823871192389281,2,2.061279296875,0.17609339952468872,0.9772727272727273,0.0,-0.004831038929487996
fryum,4,1,bad/017.JPG,8177,1.0,0.8265678663100873,0.9800660388895683,0.8781218924761838,8,8.41354751586914,0.14162439107894897,0.9316770186335404,-0.019933961110431664,0.0515540261660965
fryum,4,1,bad/018.JPG,5492,0.9930808448652586,0.8741283031626543,0.9553896576839038,0.8082781728490257,6,5.632328033447266,0.11558154225349426,0.8910533910533911,-0.03769118718135478,-0.06585013031362863
fryum,4,1,bad/019.JPG,2341,1.0,0.9294231985201895,1.0,0.9089489432733574,2,2.397705078125,0.17312678694725037,0.9067460317460317,0.0,-0.020474255246832107
fryum,4,1,bad/020.JPG,345,1.0,0.9835032076947905,1.0,0.9932483294976224,0,0.367340087890625,0.24799945950508118,0.9500000000000001,0.0,0.009745121802831935
fryum,4,1,bad/021.JPG,641,1.0,0.9789840256420618,1.0,0.9943005362207241,0,0.6530342102050781,0.14479613304138184,1.0,0.0,0.015316510578662346
fryum,4,1,bad/022.JPG,309,0.9741100323624595,0.7038388395482281,0.9741100323624595,0.7381174702988088,0,0.33165740966796875,0.14528626203536987,0.8583941605839416,0.0,0.034278630750580685
fryum,4,1,bad/023.JPG,566,1.0,0.9903336726539774,1.0,0.9948742693103604,0,0.5714797973632812,0.21693488955497742,0.9090909090909091,0.0,0.004540596656382956
fryum,4,1,bad/024.JPG,258,1.0,0.9917167639040675,1.0,0.9983520289617084,0,0.2602272033691406,0.14378046989440918,0.5648148148148149,0.0,0.006635265057640893
fryum,4,1,bad/025.JPG,313,1.0,0.9896463231277278,1.0,0.9932029431946282,0,0.31638336181640625,0.08594769239425659,0.9888888888888888,0.0,0.0035566200669003845
fryum,4,1,bad/026.JPG,274,0.9963503649635036,0.4992236950528575,0.9963503649635036,0.4985789068538485,0,0.28057861328125,0.17880168557167053,1.0,0.0,-0.0006447881990090387
fryum,4,1,bad/027.JPG,524,1.0,0.7134371905125869,1.0,0.8034146876887107,0,0.5305023193359375,0.05723375082015991,0.8912280701754387,0.0,0.0899774971761238
fryum,4,1,bad/028.JPG,96,1.0,0.7931571685483493,0.9895833333333334,0.4776993067035741,0,0.096923828125,0.16053080558776855,1.0,-0.01041666666666663,-0.3154578618447752
fryum,4,1,bad/029.JPG,612,1.0,0.9903553880678064,1.0,0.9971771699077436,0,0.612152099609375,0.26713690161705017,0.9958333333333332,0.0,0.006821781839937202
fryum,4,1,bad/030.JPG,219,1.0,0.9154331185610128,1.0,0.8419972872735215,0,0.23976898193359375,0.20047205686569214,0.9483870967741935,0.0,-0.07343583128749132
fryum,4,1,bad/031.JPG,166,1.0,0.9794678580554819,1.0,0.9825243269729924,0,0.1683349609375,0.11978223919868469,1.0,0.0,0.0030564689175105464
fryum,4,1,bad/032.JPG,99,1.0,0.9835439649920799,1.0,0.9912690468246024,0,0.1122283935546875,0.22108587622642517,1.0,0.0,0.007725081832522518
fryum,4,1,bad/033.JPG,158,1.0,0.9989356445052647,1.0,0.9975458644361725,0,0.1632080078125,0.1294460892677307,1.0,0.0,-0.0013897800690921835
fryum,4,1,bad/034.JPG,110,1.0,0.9858140377159397,1.0,0.9996268996268998,0,0.1122589111328125,0.06844732165336609,0.7592592592592593,0.0,0.013812861910960095
fryum,4,1,bad/035.JPG,373,1.0,0.9844969794350811,1.0,0.9973927249203868,0,0.3826904296875,0.12613347172737122,1.0,0.0,0.012895745485305699
fryum,4,1,bad/036.JPG,119,1.0,0.9986222134517488,1.0,0.9982911112422977,0,0.11737060546875,0.23510262370109558,1.0,0.0,-0.00033110220945109514
fryum,4,1,bad/037.JPG,105,1.0,0.9205789355680627,1.0,0.9625545085315201,0,0.1122283935546875,0.073434978723526,0.9375,0.0,0.04197557296345744
fryum,4,1,bad/038.JPG,90,1.0,0.9852907796017574,1.0,0.9819342198387911,0,0.10205078125,0.12252667546272278,1.0,0.0,-0.003356559762966227
fryum,4,1,bad/039.JPG,222,1.0,0.9849323473298801,1.0,0.9984849714579443,0,0.244873046875,0.08082976937294006,0.9555555555555555,0.0,0.013552624128064239
fryum,4,1,bad/040.JPG,220642,0.7127065563220057,0.42120649294099927,0.8176276502207195,0.5294863144717504,220,225.97830200195312,0.028410136699676514,0.8591358348639901,0.10492109389871374,0.10827982153075116
fryum,4,1,bad/041.JPG,302786,0.9743052849207031,0.6470536168522919,0.9947619771059428,0.7486465104974227,311,309.9005432128906,0.03526553511619568,0.8260123023510321,0.02045669218523971,0.1015928936451308
fryum,4,1,bad/042.JPG,237362,0.8661369553677505,0.5939860155133084,0.8366798392329017,0.574300001579456,246,243.01821899414062,0.03107801079750061,0.8174013040371562,-0.029457116134848804,-0.019686013933852387
fryum,4,1,bad/043.JPG,212462,0.7488256723555271,0.38989244575582144,0.6362408336549594,0.16515330523930769,217,217.5728302001953,0.03387981653213501,0.8357308889960966,-0.11258483870056768,-0.22473914051651375
fryum,4,1,bad/044.JPG,289857,0.41491494081564356,0.2523743698913238,0.41028507160427385,0.2688236508004228,303,296.75714111328125,0.044400185346603394,0.7397307536192667,-0.004629869211369708,0.01644928090909903
fryum,4,1,bad/045.JPG,199078,0.3957142426586564,0.16314937867148716,0.47178995167723203,0.1975451220573346,196,203.90777587890625,0.07293283939361572,0.8756655365651905,0.07607570901857563,0.034395743385847444
fryum,4,1,bad/046.JPG,240744,0.7771325557438608,0.22752032136002137,0.6863805536171202,0.21531094371630188,247,246.41287231445312,0.026429057121276855,0.8044482207117154,-0.0907520021267405,-0.012209377643719488
fryum,4,1,bad/047.JPG,290921,0.8770456584433575,0.6221946752582126,0.9253336816524074,0.6668532481491394,298,297.80224609375,0.04040679335594177,0.9189230352670412,0.0482880232090499,0.044658572890926784
fryum,4,1,bad/048.JPG,253273,0.5218203282623888,0.02373431724282978,0.7018039822641972,0.04162582990563873,258,259.38427734375,0.026352256536483765,0.7779181217029497,0.17998365400180838,0.01789151266280895
fryum,4,1,bad/049.JPG,239633,0.8381232968748044,0.5815848087313892,0.9275475414487988,0.6624842136619971,246,245.35018920898438,0.04338231682777405,0.9020937687838108,0.08942424457399445,0.08089940493060788
fryum,4,1,bad/050.JPG,309405,0.7926213215688176,0.1869793688006573,0.7655370792327209,0.20791128848207532,317,316.9134216308594,0.05724170804023743,0.9317998385794996,-0.027084242336096742,0.020931919681418026
fryum,4,1,bad/051.JPG,191017,0.5372977274274018,0.23665186747204725,0.6243894522477057,0.31261007652111955,190,195.60284423828125,0.04598924517631531,0.8585233441910968,0.08709172482030392,0.0759582090490723
fryum,4,1,bad/052.JPG,212377,0.6742867636325968,0.4064629135478511,0.8110859462182817,0.4960419619310423,219,217.53529357910156,0.05481770634651184,0.937053582696045,0.1367991825856849,0.0895790483831912
fryum,4,1,bad/053.JPG,211771,0.6750263256064334,0.5166549674667016,0.9123345500564288,0.575894424223324,219,216.87281799316406,0.09431952238082886,0.9564274513729022,0.23730822444999544,0.059239456756622455
fryum,4,1,bad/054.JPG,198472,0.873513644242009,0.36477963485232145,0.9651537748397759,0.4516562494563876,205,203.18853759765625,0.05062699317932129,0.9377623216212975,0.09164013059776699,0.08687661460406615
fryum,4,1,bad/055.JPG,237585,0.7120819917082307,0.38027419642220256,0.6474398636277543,0.32061174345063614,244,243.25137329101562,0.024366557598114014,0.7857347748246768,-0.06464212808047642,-0.059662452971566415
fryum,4,1,bad/056.JPG,231087,0.8866617334596927,0.48745331125469155,0.8994923989666229,0.1963490447336566,242,236.70640563964844,0.04616832733154297,0.9352093104047248,0.012830665506930239,-0.29110426652103494
fryum,4,1,bad/057.JPG,208331,0.48269820621990966,0.26751710768592324,0.48926467976441335,0.23473517645827752,218,213.34912109375,0.019537687301635742,0.7345732410611304,0.0065664735445036815,-0.03278193122764572
fryum,4,1,bad/058.JPG,278351,0.6412191800999457,0.40626286066984524,0.8497364837920467,0.4878193266783777,287,285.0526428222656,0.060412049293518066,0.9321789321789322,0.20851730369210097,0.08155646600853245
fryum,4,1,bad/059.JPG,306947,0.5534831746197226,0.29346226764684824,0.4784506771527332,0.26009250831498393,317,314.2319641113281,0.04114174842834473,0.8752251202406933,-0.07503249746698942,-0.03336975933186431
fryum,4,1,bad/060.JPG,2785,1.0,0.9924394851299125,1.0,0.9850651326732742,3,2.887786865234375,0.2135598063468933,0.9739583333333334,0.0,-0.007374352456638311
fryum,4,1,bad/061.JPG,671,1.0,0.9639573804485724,1.0,0.9649856648214973,0,0.7040748596191406,0.22092264890670776,0.9863013698630138,0.0,0.0010282843729249036
fryum,4,1,bad/062.JPG,2105,1.0,0.9554859846543453,1.0,0.9338917286629845,2,2.1324691772460938,0.23941826820373535,0.9525641025641026,0.0,-0.021594255991360778
fryum,4,1,bad/063.JPG,3474,1.0,0.9658743308876172,1.0,0.9562371345258724,3,3.5256996154785156,0.3174021542072296,0.9326923076923076,0.0,-0.00963719636174476
fryum,4,1,bad/064.JPG,2552,1.0,0.9145995460128559,0.9568965517241379,0.7523300636750293,3,2.5920181274414062,0.2812538146972656,0.967948717948718,-0.0431034482758621,-0.16226948233782656
fryum,4,1,bad/065.JPG,1093,0.9881061299176578,0.4337611188005564,0.848124428179323,0.22501400749171668,0,1.1429824829101562,0.08517861366271973,0.8796992481203008,-0.1399817017383348,-0.20874711130883972
fryum,4,1,bad/066.JPG,3419,0.9768938286048552,0.4027140687528694,0.9938578531734426,0.42536506949744796,4,3.525859832763672,0.058730125427246094,0.873015873015873,0.016964024568587366,0.022651000744578542
fryum,4,1,bad/067.JPG,6521,1.0,0.8925333493916262,1.0,0.8980004752856274,5,6.67828369140625,0.09693571925163269,0.9355158730158729,0.0,0.0054671258940012235
fryum,4,1,bad/068.JPG,6370,1.0,0.9872263856390842,1.0,0.9717076275348835,6,6.53607177734375,0.28597694635391235,0.9489795918367347,0.0,-0.01551875810420067
fryum,4,1,bad/069.JPG,4450,1.0,0.9268446790416435,0.8793258426966292,0.8886723134276154,4,4.581748962402344,0.15924713015556335,0.8956582633053223,-0.12067415730337083,-0.038172365614028037
fryum,4,1,bad/070.JPG,6096,1.0,0.8631101402412084,1.0,0.8368312257186368,5,6.28021240234375,0.1346239149570465,0.8460884353741497,0.0,-0.026278914522571584
fryum,4,1,bad/071.JPG,5625,1.0,0.7273782541968061,0.7589333333333333,0.44906921896871854,5,5.7398223876953125,0.12862733006477356,0.8462962962962963,-0.24106666666666665,-0.2783090352280876
fryum,4,1,bad/072.JPG,5002,0.9916033586565374,0.695788929370892,0.8702518992403039,0.5999041602756473,6,5.132450103759766,0.09219712018966675,0.8237179487179487,-0.12135145941623349,-0.09588476909524468
fryum,4,1,bad/073.JPG,5583,1.0,0.981311975443856,1.0,0.9692102414930565,5,5.7144775390625,0.14562538266181946,0.9602564102564103,0.0,-0.012101733950799498
fryum,4,1,bad/074.JPG,7118,1.0,0.8992627536680159,1.0,0.780847779828483,8,7.290340423583984,0.15063565969467163,0.9388888888888889,0.0,-0.11841497383953292
fryum,4,1,bad/075.JPG,8876,1.0,0.9553862520773437,1.0,0.9329700792366138,9,9.14202880859375,0.12352120876312256,0.9111111111111112,0.0,-0.022416172840729942
fryum,4,1,bad/076.JPG,12032,1.0,0.9862938356527359,1.0,0.98110611952222,11,12.300724029541016,0.20670780539512634,0.9556159420289856,0.0,-0.005187716130515829
fryum,4,1,bad/077.JPG,2889,1.0,0.9624818875861196,1.0,0.9869551990399733,2,2.9844970703125,0.07686945796012878,0.9599358974358975,0.0,0.024473311453853674
fryum,4,1,bad/078.JPG,3873,1.0,0.8679264838405777,0.9465530596436871,0.739756678945907,3,3.9693069458007812,0.16602742671966553,0.9233333333333335,-0.05344694035631292,-0.12816980489467067
fryum,4,1,bad/079.JPG,3396,0.9419905771495878,0.6059138097799551,0.8091872791519434,0.5533668772073255,3,3.4646339416503906,0.11709600687026978,0.9519230769230769,-0.13280329799764434,-0.05254693257262966
fryum,4,1,bad/080.JPG,861,0.9779326364692218,0.6701972802260919,0.9779326364692218,0.7614553975781139,0,0.913055419921875,0.06286469101905823,0.8552567829457365,0.0,0.09125811735202194
fryum,4,1,bad/081.JPG,1052,0.9173003802281369,0.6351618444941622,0.9524714828897338,0.7288515773057219,0,1.1172256469726562,0.07873809337615967,0.7947386638975424,0.035171102661596954,0.09368973281155968
fryum,4,1,bad/082.JPG,2829,0.9575821845174973,0.5844922488244081,0.9713679745493107,0.6479196359298213,1,2.882793426513672,0.10858535766601562,0.8786057692307692,0.01378579003181335,0.06342738710541318
fryum,4,1,bad/083.JPG,1586,0.9747793190416141,0.8694953890231588,0.9854981084489282,0.9172947712769306,0,1.581756591796875,0.070065438747406,0.8749571771154505,0.010718789407314078,0.04779938225377178
fryum,4,1,bad/084.JPG,1655,1.0,0.8514234731242034,1.0,0.8952440061835465,0,1.6785316467285156,0.21636128425598145,0.9616915422885572,0.0,0.04382053305934308
fryum,4,1,bad/085.JPG,515,0.9922330097087378,0.8579277494374623,1.0,0.9352158147839997,0,0.551025390625,0.14697566628456116,0.9569597069597069,0.007766990291262155,0.07728806534653743
fryum,4,1,bad/086.JPG,2612,0.9927258805513017,0.6869432589340974,0.996937212863706,0.7969994834774954,2,2.617176055908203,0.06549477577209473,0.7954776422764227,0.004211332312404226,0.11005622454339803
fryum,4,1,bad/087.JPG,285,0.9824561403508771,0.7642564886710973,0.9824561403508771,0.7904819202559185,0,0.28061676025390625,0.11072352528572083,0.6739766081871345,0.0,0.026225431584821157
fryum,4,1,bad/088.JPG,640,1.0,0.8630980682772605,1.0,0.9567831686610734,0,0.6785354614257812,0.08085530996322632,0.8614298323036187,0.0,0.09368510038381284
fryum,4,1,bad/089.JPG,2031,1.0,0.8319354045238266,1.0,0.8896412788980231,1,2.0918197631835938,0.14081323146820068,0.9269293924466337,0.0,0.0577058743741965
fryum,4,1,bad/090.JPG,435,1.0,0.9715310751018874,0.9839080459770115,0.9230359609549146,0,0.448974609375,0.0772193968296051,0.8939393939393939,-0.016091954022988464,-0.04849511414697283
fryum,4,1,bad/091.JPG,584,0.9571917808219178,0.5669133428202429,1.0,0.9218324097679481,0,0.59185791015625,0.06343358755111694,0.8674242424242423,0.042808219178082196,0.35491906694770525
fryum,4,1,bad/092.JPG,791,0.7155499367888748,0.5218410501913904,0.786346396965866,0.5642522355248047,0,0.8010101318359375,0.02525445818901062,0.8373015873015873,0.07079646017699115,0.04241118533341437
fryum,4,1,bad/093.JPG,3465,0.8101010101010101,0.4639391267669543,0.8395382395382396,0.41690571154249384,0,3.556182861328125,0.03258499503135681,0.6534136546184739,0.029437229437229484,-0.04703341522446047
fryum,4,1,bad/094.JPG,1023,0.8250244379276638,0.3872377366578193,0.739980449657869,0.36397984341525885,1,1.0049514770507812,-0.007255613803863525,0.47368421052631576,-0.08504398826979476,-0.023257893242560446
fryum,4,1,bad/095.JPG,2061,0.9456574478408539,0.7179816780918299,0.9136341581756429,0.6998789102870095,0,2.0507240295410156,0.029509276151657104,0.8237704918032787,-0.03202328966521106,-0.01810276780482034
fryum,4,1,bad/096.JPG,173,1.0,0.9775683337835042,1.0,0.9908870738173922,0,0.183624267578125,0.1258215308189392,1.0,0.0,0.013318740033887999
fryum,4,1,bad/097.JPG,474,0.9704641350210971,0.7776025359736563,0.9725738396624473,0.7974312425866795,0,0.5204620361328125,0.04114413261413574,0.8275862068965518,0.002109704641350185,0.019828706613023273
fryum,4,1,bad/098.JPG,2664,0.5626876876876877,0.6902458413168078,0.4102852852852853,0.672566652151402,1,2.6835784912109375,0.03079378604888916,0.7494553376906318,-0.15240240240240244,-0.017679189165405784
fryum,4,1,bad/099.JPG,541,0.8114602587800369,0.6431812060788272,0.9759704251386322,0.8520081247950547,0,0.56121826171875,0.038566410541534424,0.9175824175824177,0.16451016635859528,0.2088269187162275
fryum,4,2,bad/000.JPG,4972,0.9879324215607401,0.7260444575805616,1.0,0.9482710624592731,5,5.12200927734375,0.4359148144721985,0.9189708141321045,0.012067578439259874,0.2222266048787115
fryum,4,2,bad/001.JPG,47652,0.9634642827163603,0.8567719317469381,0.9911021573071435,0.8996497551893105,47,48.83666229248047,0.031222403049468994,0.7406755805770584,0.02763787459078315,0.04287782344237234
fryum,4,2,bad/002.JPG,15533,0.9351059035601622,0.8062741413847337,0.9352990407519475,0.8505544151231522,16,15.88836669921875,0.11934727430343628,0.8529806402146828,0.00019313719178526423,0.044280273738418474
fryum,4,2,bad/003.JPG,7947,0.9932049830124575,0.7173490754055897,0.9903108091103561,0.7249807698977557,8,8.106391906738281,0.09604418277740479,0.805046805046805,-0.002894173902101449,0.007631694492166052
fryum,4,2,bad/004.JPG,3481,1.0,0.9713869230516311,1.0,0.9763416113569706,3,3.5048828125,0.3504215478897095,0.9935897435897435,0.0,0.004954688305339516
fryum,4,2,bad/005.JPG,18793,0.9883999361464375,0.8570109050188658,0.9835044963550258,0.8857292916523937,18,19.259971618652344,0.19966793060302734,0.9413489736070382,-0.004895439791411715,0.02871838663352788
fryum,4,2,bad/006.JPG,16020,0.9986267166042447,0.8644321273192651,1.0,0.9216904293008962,14,16.45892333984375,0.18369007110595703,0.9404609475032011,0.0013732833957552648,0.057258301981631066
fryum,4,2,bad/007.JPG,15429,0.951973556290103,0.7473784318280574,0.859744636723054,0.757752736331176,14,15.826377868652344,0.058941781520843506,0.8651948051948051,-0.09222891956704904,0.010374304503118603
fryum,4,2,bad/008.JPG,10141,1.0,0.9452497941004897,1.0,0.9790423751402396,10,10.36319351196289,0.38161689043045044,0.9793939393939394,0.0,0.033792581039749914
fryum,4,2,bad/009.JPG,14186,1.0,0.9473427478272852,1.0,0.9593439212413738,14,14.480377197265625,0.15184259414672852,0.9431818181818181,0.0,0.012001173414088573
fryum,4,2,bad/010.JPG,3148,0.08418043202033036,0.007136559869595938,0.32687420584498095,0.047305914692998746,3,3.26507568359375,0.074308842420578,0.8419312169312169,0.24269377382465057,0.04016935482340281
fryum,4,2,bad/011.JPG,3963,1.0,0.9248828975359443,1.0,0.8772505617229978,2,4.03564453125,0.29920756816864014,0.8842592592592593,0.0,-0.04763233581294657
fryum,4,2,bad/012.JPG,3254,0.9996926859250154,0.9258109958038829,1.0,0.9185172106111763,3,3.372528076171875,0.2529381215572357,0.9520833333333333,0.0003073140749846326,-0.0072937851927066255
fryum,4,2,bad/013.JPG,729,1.0,0.8618321064961122,0.9698216735253772,0.9056798134120312,0,0.7449111938476562,0.07430970668792725,0.9358974358974359,-0.03017832647462282,0.043847706915918994
fryum,4,2,bad/014.JPG,3958,1.0,0.9393514240828963,1.0,0.90195144811507,4,4.091331481933594,0.24296283721923828,0.9286858974358975,0.0,-0.03739997596782629
fryum,4,2,bad/015.JPG,999,1.0,0.9498960290991062,0.9409409409409409,0.7167145132128133,0,1.0409889221191406,0.2296384572982788,0.9944444444444445,-0.05905905905905906,-0.23318151588629288
fryum,4,2,bad/016.JPG,1979,1.0,0.991065811122376,1.0,0.9875647447038444,2,2.061279296875,0.21800893545150757,0.98989898989899,0.0,-0.003501066418531651
fryum,4,2,bad/017.JPG,8177,0.9723615017732665,0.7835222831195795,0.9927846398434633,0.8865510636680224,8,8.41354751586914,0.10510280728340149,0.9420289855072463,0.0204231380701968,0.10302878054844289
fryum,4,2,bad/018.JPG,5492,1.0,0.905182383145452,0.9910779315367808,0.8595061824472044,6,5.632328033447266,0.1452701985836029,0.9051226551226552,-0.00892206846321919,-0.045676200698247515
fryum,4,2,bad/019.JPG,2341,1.0,0.9143543609630372,1.0,0.9002729662704247,2,2.397705078125,0.205834299325943,0.8908730158730158,0.0,-0.014081394692612492
fryum,4,2,bad/020.JPG,345,1.0,0.9879298674572209,1.0,0.996780226716685,0,0.367340087890625,0.354877233505249,0.8958333333333333,0.0,0.008850359259464091
fryum,4,2,bad/021.JPG,641,1.0,0.9825796795747455,1.0,0.9927098379108656,0,0.6530342102050781,0.414378821849823,1.0,0.0,0.010130158336120187
fryum,4,2,bad/022.JPG,309,0.9741100323624595,0.727948308678741,0.9741100323624595,0.733932276539064,0,0.33165740966796875,0.27491647005081177,0.9240875912408759,0.0,0.0059839678603229585
fryum,4,2,bad/023.JPG,566,1.0,0.9916066013938885,1.0,0.9959280934286086,0,0.5714797973632812,0.43074843287467957,0.9545454545454545,0.0,0.004321492034720098
fryum,4,2,bad/024.JPG,258,1.0,0.9564744715383727,1.0,0.9975134992524476,0,0.2602272033691406,0.16289368271827698,0.6944444444444444,0.0,0.04103902771407486
fryum,4,2,bad/025.JPG,313,1.0,0.9824594325718452,1.0,0.9959797364964513,0,0.31638336181640625,0.04669073224067688,0.9888888888888888,0.0,0.013520303924606125
fryum,4,2,bad/026.JPG,274,0.9963503649635036,0.49911953243618246,0.9963503649635036,0.49858489024321523,0,0.28057861328125,0.33909228444099426,1.0,0.0,-0.0005346421929672274
fryum,4,2,bad/027.JPG,524,1.0,0.9111333736338911,1.0,0.9055518807197845,0,0.5305023193359375,0.26249194145202637,0.8596491228070176,0.0,-0.005581492914106589
fryum,4,2,bad/028.JPG,96,0.9895833333333334,0.49060490077559776,0.9895833333333334,0.49176737192384423,0,0.096923828125,0.18951407074928284,1.0,0.0,0.001162471148246469
fryum,4,2,bad/029.JPG,612,1.0,0.9910857844045934,1.0,0.9975461845287553,0,0.612152099609375,0.438816636800766,0.9874999999999999,0.0,0.006460400124161936
fryum,4,2,bad/030.JPG,219,1.0,0.9624751835695255,1.0,0.8679386491961918,0,0.23976898193359375,0.32057833671569824,0.9827956989247312,0.0,-0.09453653437333376
fryum,4,2,bad/031.JPG,166,1.0,0.9924374523467594,1.0,0.9986138761263282,0,0.1683349609375,0.3616623878479004,1.0,0.0,0.00617642377956884
fryum,4,2,bad/032.JPG,99,1.0,0.9899341936045305,1.0,0.9893674151598744,0,0.1122283935546875,0.3152683675289154,1.0,0.0,-0.0005667784446561352
fryum,4,2,bad/033.JPG,158,1.0,0.999158236301709,1.0,0.9968956298070222,0,0.1632080078125,0.3251710832118988,1.0,0.0,-0.002262606494686792
fryum,4,2,bad/034.JPG,110,1.0,0.9908544908544908,1.0,0.985341074079813,0,0.1122589111328125,0.1617891788482666,0.8611111111111112,0.0,-0.005513416774677871
fryum,4,2,bad/035.JPG,373,1.0,0.9957809116187334,1.0,0.9992230836734858,0,0.3826904296875,0.29670509696006775,1.0,0.0,0.0034421720547523904
fryum,4,2,bad/036.JPG,119,1.0,0.9984438219732339,1.0,0.997651816485356,0,0.11737060546875,0.3510560393333435,1.0,0.0,-0.0007920054878779448
fryum,4,2,bad/037.JPG,105,1.0,0.9924876984263958,1.0,0.9810519331592129,0,0.1122283935546875,0.3674789071083069,1.0,0.0,-0.011435765267182929
fryum,4,2,bad/038.JPG,90,1.0,0.9865736273477349,1.0,0.9840991308291943,0,0.10205078125,0.3644455671310425,1.0,0.0,-0.002474496518540592
fryum,4,2,bad/039.JPG,222,1.0,0.9689318772550654,1.0,0.9940006275246921,0,0.244873046875,0.1484130322933197,0.9722222222222222,0.0,0.02506875026962674
fryum,4,2,bad/040.JPG,220642,0.7298021228959128,0.42430414678435674,0.7777213767097833,0.4953227401603906,220,225.97830200195312,0.02686131000518799,0.8179392985218229,0.04791925381387041,0.07101859337603383
fryum,4,2,bad/041.JPG,302786,0.9773173132179163,0.6479663154599515,0.9921429656589142,0.730622695798407,311,309.9005432128906,0.045954763889312744,0.8549284878674668,0.014825652440997983,0.08265638033845546
fryum,4,2,bad/042.JPG,237362,0.8750516089348759,0.5997797896720698,0.8111112983544122,0.5723437419646158,246,243.01821899414062,0.026702582836151123,0.7573910325116113,-0.06394031058046368,-0.027436047707454003
fryum,4,2,bad/043.JPG,212462,0.7441189483295837,0.2339840011361046,0.649847972813962,0.2500564505225524,217,217.5728302001953,0.03946217894554138,0.8338121135037937,-0.09427097551562169,0.01607244938644778
fryum,4,2,bad/044.JPG,289857,0.3997453916931452,0.23028079526999065,0.37672024481037203,0.2427809801875818,303,296.75714111328125,0.04891163110733032,0.7580841564064402,-0.023025146882773184,0.01250018491759114
fryum,4,2,bad/045.JPG,199078,0.35719165352273985,0.15936453942693968,0.4659279277469133,0.2002942027757013,196,203.90777587890625,0.08119922876358032,0.9025899129705358,0.10873627422417342,0.040929663348761636
fryum,4,2,bad/046.JPG,240744,0.6992697637324294,0.22067402575771256,0.7123085102847838,0.3093549347387986,247,246.41287231445312,0.023461729288101196,0.8180727708916434,0.013038746552354374,0.08868090898108605
fryum,4,2,bad/047.JPG,290921,0.7787165587908745,0.5642790874874466,0.748165309482643,0.5188942633665075,298,297.80224609375,0.03912264108657837,0.8823190956474649,-0.0305512493082315,-0.04538482412093914
fryum,4,2,bad/048.JPG,253273,0.5485464301366509,0.0324403710106524,0.6732892965298315,0.04229812420770257,258,259.38427734375,0.021517664194107056,0.7250027862396909,0.12474286639318055,0.009857753197050172
fryum,4,2,bad/049.JPG,239633,0.8959867797840865,0.6100789218834973,0.9448990748352689,0.6622518163256466,246,245.35018920898438,0.04478773474693298,0.922360248447205,0.04891229505118244,0.05217289444214923
fryum,4,2,bad/050.JPG,309405,0.7491669494675264,0.12963066524012093,0.695770915143582,0.18961132656902283,317,316.9134216308594,0.04636812210083008,0.8776567124024751,-0.05339603432394435,0.059980661328901896
fryum,4,2,bad/051.JPG,191017,0.48074778684619696,0.20628437973900673,0.6302789804048854,0.3089871409735415,190,195.60284423828125,0.05089029669761658,0.8509470382434552,0.14953119355868844,0.10270276123453478
fryum,4,2,bad/052.JPG,212377,0.7099968452327701,0.32110617748103293,0.6796074904532977,0.29027745202427113,219,217.53529357910156,0.056056588888168335,0.9460639559829384,-0.030389354779472355,-0.030828725456761796
fryum,4,2,bad/053.JPG,211771,0.746027548625638,0.5071574661058951,0.8592630719031407,0.5488221328153517,219,216.87281799316406,0.10695874691009521,0.9576285323457779,0.11323552327750264,0.04166466670945668
fryum,4,2,bad/054.JPG,198472,0.9563565641501068,0.4959637423805066,0.968388488048692,0.44229618448316244,205,203.18853759765625,0.052430689334869385,0.9510865944491078,0.012031923898585206,-0.053667557897344176
fryum,4,2,bad/055.JPG,237585,0.7060041669297304,0.42277977375871534,0.7156596586484837,0.40653933975017387,244,243.25137329101562,0.024348318576812744,0.8175649610777556,0.00965549171875324,-0.01624043400854147
fryum,4,2,bad/056.JPG,231087,0.88725458377148,0.1746348375066487,0.893144140518506,0.24640547731355814,242,236.70640563964844,0.06241947412490845,0.9506483156055543,0.005889556747025959,0.07177063980690943
fryum,4,2,bad/057.JPG,208331,0.40636775131881475,0.20778425169070863,0.4274447873816187,0.20254246479071955,218,213.34912109375,0.018420636653900146,0.7242046328335257,0.021077036062803922,-0.0052417868999890815
fryum,4,2,bad/058.JPG,278351,0.7220308172056145,0.4313161499970504,0.8134333988381576,0.4813995234363531,287,285.0526428222656,0.05880242586135864,0.9219379946652675,0.09140258163254311,0.05008337343930269
fryum,4,2,bad/059.JPG,306947,0.565622078078626,0.277580632730184,0.5222302221556164,0.2648881165550951,317,314.2319641113281,0.05823999643325806,0.9218100020481527,-0.04339185592300954,-0.01269251617508893
fryum,4,2,bad/060.JPG,2785,1.0,0.9923926191747534,1.0,0.9780358822523294,3,2.887786865234375,0.21995437145233154,0.9774305555555556,0.0,-0.014356736922424007
fryum,4,2,bad/061.JPG,671,1.0,0.973342430699686,1.0,0.968743831195088,0,0.7040748596191406,0.2390117645263672,0.9885844748858448,0.0,-0.0045985995045979555
fryum,4,2,bad/062.JPG,2105,1.0,0.9504318195017208,1.0,0.9217778513833477,2,2.1324691772460938,0.27312806248664856,0.9487179487179487,0.0,-0.028653968118373174
fryum,4,2,bad/063.JPG,3474,1.0,0.9656904882566641,1.0,0.9591686036864377,3,3.5256996154785156,0.33417990803718567,0.9375,0.0,-0.0065218845702263994
fryum,4,2,bad/064.JPG,2552,1.0,0.8568708957356226,1.0,0.8023128241976402,3,2.5920181274414062,0.2981184124946594,0.9663461538461539,0.0,-0.05455807153798242
fryum,4,2,bad/065.JPG,1093,0.9881061299176578,0.445937869453816,0.9881061299176578,0.3771476079989454,0,1.1429824829101562,0.09599599242210388,0.8383458646616542,0.0,-0.0687902614548706
fryum,4,2,bad/066.JPG,3419,0.999707516817783,0.42309877581329547,0.999707516817783,0.4472706867446985,4,3.525859832763672,0.06723806262016296,0.8831168831168832,0.0,0.02417191093140303
fryum,4,2,bad/067.JPG,6521,1.0,0.9177172746606005,1.0,0.9033196095461629,5,6.67828369140625,0.12664636969566345,0.913690476190476,0.0,-0.01439766511443763
fryum,4,2,bad/068.JPG,6370,1.0,0.9870701267312165,1.0,0.966813628889991,6,6.53607177734375,0.3046334683895111,0.929421768707483,0.0,-0.020256497841225518
fryum,4,2,bad/069.JPG,4450,1.0,0.9120171929009743,0.8984269662921348,0.8873907375751963,4,4.581748962402344,0.16158506274223328,0.9061624649859945,-0.10157303370786519,-0.024626455325778007
fryum,4,2,bad/070.JPG,6096,1.0,0.8612811736054073,1.0,0.8346607413495167,5,6.28021240234375,0.18460169434547424,0.8103741496598639,0.0,-0.026620432255890614
fryum,4,2,bad/071.JPG,5625,0.9952,0.7223658735144889,0.5530666666666667,0.4044866910286997,5,5.7398223876953125,0.14449071884155273,0.8435185185185186,-0.44213333333333327,-0.31787918248578917
fryum,4,2,bad/072.JPG,5002,0.9886045581767293,0.6770056576402907,0.9068372650939625,0.5984222321476209,6,5.132450103759766,0.10435977578163147,0.7788461538461539,-0.08176729308276687,-0.07858342549266983
fryum,4,2,bad/073.JPG,5583,1.0,0.99127769990933,1.0,0.9844598292610248,5,5.7144775390625,0.19686686992645264,0.9628205128205127,0.0,-0.006817870648305191
fryum,4,2,bad/074.JPG,7118,1.0,0.8950887471005933,1.0,0.8155553917721255,8,7.290340423583984,0.15037184953689575,0.9047619047619048,0.0,-0.07953335532846773
fryum,4,2,bad/075.JPG,8876,1.0,0.9592320661440253,0.9985353762956286,0.9310914949583587,9,9.14202880859375,0.14945590496063232,0.9265432098765433,-0.0014646237043713928,-0.028140571185666596
fryum,4,2,bad/076.JPG,12032,1.0,0.9886798303225702,1.0,0.9902326944214409,11,12.300724029541016,0.19062450528144836,0.9583333333333334,0.0,0.0015528640988706766
fryum,4,2,bad/077.JPG,2889,1.0,0.9686005000527728,1.0,0.9873141993399323,2,2.9844970703125,0.08388364315032959,0.9455128205128206,0.0,0.01871369928715949
fryum,4,2,bad/078.JPG,3873,1.0,0.8896877981470708,0.9354505551252259,0.7353275306943537,3,3.9693069458007812,0.1784222424030304,0.9233333333333333,-0.0645494448747741,-0.15436026745271703
fryum,4,2,bad/079.JPG,3396,0.9893992932862191,0.6873263569068916,0.9481743227326266,0.7028230119287607,3,3.4646339416503906,0.1352861225605011,0.9471153846153846,-0.04122497055359253,0.015496655021869143
fryum,4,2,bad/080.JPG,861,0.983739837398374,0.6709439395525622,1.0,0.8158761874769432,0,0.913055419921875,0.10921904444694519,0.8802083333333334,0.016260162601625994,0.14493224792438109
fryum,4,2,bad/081.JPG,1052,0.9068441064638784,0.668646386385401,0.9296577946768061,0.6599571318311717,0,1.1172256469726562,0.08235731720924377,0.7757009345794392,0.02281368821292773,-0.008689254554229309
fryum,4,2,bad/082.JPG,2829,0.9660657476139979,0.6313933404443963,0.9809119830328739,0.6928956317171894,1,2.882793426513672,0.1567399501800537,0.9082532051282051,0.014846235418875975,0.06150229127279305
fryum,4,2,bad/083.JPG,1586,0.9501891551071879,0.8165743011703297,0.980453972257251,0.9203218308162883,0,1.581756591796875,0.09204292297363281,0.8557725248372731,0.030264817150063017,0.10374752964595857
fryum,4,2,bad/084.JPG,1655,1.0,0.856115774560394,1.0,0.8922898823704836,0,1.6785316467285156,0.2488526701927185,0.9634328358208955,0.0,0.03617410781008956
fryum,4,2,bad/085.JPG,515,1.0,0.9026108218155506,1.0,0.9574903944588287,0,0.551025390625,0.26372674107551575,0.956043956043956,0.0,0.05487957264327803
fryum,4,2,bad/086.JPG,2612,0.9988514548238897,0.7843954312500602,0.996937212863706,0.8157215047329566,2,2.617176055908203,0.1300213634967804,0.8152947154471545,-0.001914241960183749,0.0313260734828964
fryum,4,2,bad/087.JPG,285,0.9824561403508771,0.7760363815699325,0.9964912280701754,0.8006860298734717,0,0.28061676025390625,0.13281986117362976,0.7733918128654971,0.01403508771929829,0.024649648303539218
fryum,4,2,bad/088.JPG,640,0.9875,0.8200296289077944,1.0,0.9693573106818376,0,0.6785354614257812,0.11322343349456787,0.8790820829655782,0.012499999999999956,0.1493276817740432
fryum,4,2,bad/089.JPG,2031,1.0,0.8338309156170289,1.0,0.8932458979316765,1,2.0918197631835938,0.18416106700897217,0.922824302134647,0.0,0.05941498231464759
fryum,4,2,bad/090.JPG,435,1.0,0.9418642538848954,0.9816091954022989,0.9303737205155865,0,0.448974609375,0.10790178179740906,0.8727272727272727,-0.01839080459770115,-0.01149053336930883
fryum,4,2,bad/091.JPG,584,1.0,0.7284404582980556,1.0,0.9586800908852413,0,0.59185791015625,0.11202606558799744,0.8863636363636365,0.0,0.23023963258718572
fryum,4,2,bad/092.JPG,791,0.8103666245259166,0.5772115587390639,0.93173198482933,0.7125218552078133,0,0.8010101318359375,0.024020850658416748,0.8650793650793651,0.12136536030341338,0.13531029646874937
fryum,4,2,bad/093.JPG,3465,0.8158730158730159,0.46153657896727546,0.8473304473304474,0.5089042819081486,0,3.556182861328125,0.03823330998420715,0.7150602409638555,0.03145743145743152,0.04736770294087317
fryum,4,2,bad/094.JPG,1023,0.7683284457478006,0.43020109256126815,0.8347996089931574,0.4641967051323893,1,1.0049514770507812,-0.00022977590560913086,0.518796992481203,0.06647116324535685,0.03399561257112116
fryum,4,2,bad/095.JPG,2061,0.8850072780203785,0.6217152067837762,0.8253275109170306,0.6148165851205131,0,2.0507240295410156,0.02897465229034424,0.7188524590163934,-0.05967976710334788,-0.00689862166326316
fryum,4,2,bad/096.JPG,173,1.0,0.9924162094583139,1.0,0.978309595128653,0,0.183624267578125,0.2698153853416443,1.0,0.0,-0.014106614329660871
fryum,4,2,bad/097.JPG,474,0.9514767932489452,0.7022502162316366,0.9409282700421941,0.7941335436129107,0,0.5204620361328125,0.026111721992492676,0.838871473354232,-0.010548523206751037,0.09188332738127403
fryum,4,2,bad/098.JPG,2664,0.668918918918919,0.741107577850448,0.7488738738738738,0.7782888158344881,1,2.6835784912109375,0.04138904809951782,0.802676626206038,0.07995495495495486,0.03718123798404005
fryum,4,2,bad/099.JPG,541,0.8410351201478743,0.7518960562507633,0.9759704251386322,0.8559509935574872,0,0.56121826171875,0.04054921865463257,0.9102564102564101,0.1349353049907579,0.10405493730672388
macaroni1,1,0,bad/000.JPG,1020,0.9333333333333333,0.5140706772838906,0.7441176470588236,0.24961678247758454,1,1.0358047485351562,0.061274051666259766,0.9416666666666667,-0.1892156862745098,-0.264453894806306
macaroni1,1,0,bad/001.JPG,765,0.06405228758169934,0.0031979289344497685,0.8509803921568627,0.3261730179020018,0,0.770416259765625,0.03907683491706848,0.8208333333333334,0.7869281045751634,0.32297508896755206
macaroni1,1,0,bad/002.JPG,1473,1.0,0.848147549395233,1.0,0.9460769745727821,1,1.520263671875,0.09886711835861206,0.8939393939393939,0.0,0.0979294251775491
macaroni1,1,0,bad/003.JPG,518,1.0,0.7785334795453022,1.0,0.7927431153021608,0,0.530548095703125,0.0388810932636261,0.8611111111111112,0.0,0.01420963575685863
macaroni1,1,0,bad/004.JPG,303,1.0,0.9103110171688652,1.0,0.9465744205835782,0,0.3009986877441406,0.08229970932006836,0.8796296296296297,0.0,0.036263403414713014
macaroni1,1,0,bad/005.JPG,663,0.6787330316742082,0.18126515492705214,0.4298642533936652,0.16969640546747064,1,0.68853759765625,0.03008905053138733,0.7575757575757576,-0.248868778280543,-0.011568749459581501
macaroni1,1,0,bad/006.JPG,1385,1.0,0.7208709029925949,1.0,0.8916506902207825,0,1.4286575317382812,0.1190941333770752,0.9469696969696969,0.0,0.17077978722818754
macaroni1,1,0,bad/007.JPG,4260,0.9953051643192489,0.8023336925161285,0.9995305164319249,0.9219059823121631,3,4.3521728515625,0.07091838121414185,0.9115384615384615,0.004225352112676051,0.11957228979603463
macaroni1,1,0,bad/008.JPG,748,1.0,0.8166376203678212,1.0,0.8481474960424498,0,0.76544189453125,0.07073855400085449,0.9333333333333333,0.0,0.031509875674628596
macaroni1,1,0,bad/009.JPG,3379,0.9840189405149452,0.6227972505126165,1.0,0.6296927318166797,3,3.4487686157226562,0.09885784983634949,0.9744444444444444,0.015981059485054794,0.006895481304063256
macaroni1,1,0,bad/010.JPG,3514,1.0,0.8570886086602999,1.0,0.8195729745833635,4,3.6175537109375,0.10003107786178589,0.9670138888888888,0.0,-0.037515634076936366
macaroni1,1,0,bad/011.JPG,1242,1.0,0.815825514902462,1.0,0.898580296071711,0,1.2601814270019531,0.08722102642059326,0.9506953223767383,0.0,0.08275478116924895
macaroni1,1,0,bad/012.JPG,2344,0.6164675767918089,0.27096100339219736,0.9995733788395904,0.740815648886561,2,2.382781982421875,0.02983531355857849,0.7658730158730158,0.38310580204778155,0.4698546454943637
macaroni1,1,0,bad/013.JPG,7184,0.6554844097995546,0.2593253374938596,0.779510022271715,0.351423193962504,7,7.3520050048828125,0.032273173332214355,0.7647058823529411,0.12402561247216037,0.09209785646864438
macaroni1,1,0,bad/014.JPG,2041,1.0,0.7370887304751106,1.0,0.8821220383142178,1,2.0966796875,0.09485235810279846,0.9878787878787879,0.0,0.14503330783910717
macaroni1,1,0,bad/015.JPG,888,1.0,0.5878625255792747,1.0,0.9319686640620478,0,0.897857666015625,0.1109527051448822,0.9541666666666667,0.0,0.34410613848277316
macaroni1,1,0,bad/016.JPG,1157,0.9982713915298185,0.7256708056119827,1.0,0.8339556717698906,1,1.1734619140625,0.05145639181137085,0.8454545454545455,0.0017286084701815252,0.10828486615790789
macaroni1,1,0,bad/017.JPG,1127,0.9440993788819876,0.6764476779143621,1.0,0.8802710169092078,1,1.193939208984375,0.06581327319145203,0.9181818181818181,0.05590062111801242,0.20382333899484573
macaroni1,1,0,bad/018.JPG,4766,0.8495593789341167,0.6173527682088278,0.7994125052454889,0.5710748385266798,4,4.872535705566406,0.04578012228012085,0.7797619047619048,-0.0501468736886278,-0.046277929682147945
macaroni1,1,0,bad/019.JPG,455,1.0,0.8344101363010623,1.0,0.7128607797733283,0,0.4539794921875,0.15804731845855713,0.9907407407407408,0.0,-0.12154935652773402
macaroni1,1,0,bad/020.JPG,2139,1.0,0.870877595814735,1.0,0.9007508622639884,1,2.2043800354003906,0.06680575013160706,0.9086538461538461,0.0,0.029873266449253366
macaroni1,1,0,bad/021.JPG,1140,0.9921052631578947,0.4679520149904327,0.9921052631578947,0.4616120509513903,0,1.1580276489257812,0.11099278926849365,0.8457142857142858,0.0,-0.006339964039042412
macaroni1,1,0,bad/022.JPG,661,0.9788199697428139,0.541026958654344,1.0,0.7853195592452247,0,0.663177490234375,0.07404488325119019,0.865359477124183,0.021180030257186067,0.24429260059088065
macaroni1,1,0,bad/023.JPG,305,1.0,0.9897223369187136,1.0,0.9923073831145837,0,0.3111572265625,0.22565427422523499,1.0,0.0,0.0025850461958700777
macaroni1,1,0,bad/024.JPG,471,1.0,0.9855560571314542,1.0,0.9960425648833804,0,0.4847412109375,0.270119845867157,0.9416666666666667,0.0,0.010486507751926166
macaroni1,1,0,bad/025.JPG,500,1.0,0.9863813994174355,1.0,0.9987366375384393,0,0.5,0.35302022099494934,1.0,0.0,0.012355238121003809
macaroni1,1,0,bad/026.JPG,309,1.0,0.984022463331384,1.0,0.998435328532416,0,0.32647705078125,0.26908865571022034,1.0,0.0,0.014412865201032021
macaroni1,1,0,bad/027.JPG,790,1.0,0.9664212676419267,1.0,0.9940664782191189,0,0.81134033203125,0.27049702405929565,0.9930555555555556,0.0,0.02764521057719216
macaroni1,1,0,bad/028.JPG,372,1.0,0.9223909256061199,1.0,0.993555617784117,0,0.392822265625,0.18988311290740967,0.9869281045751633,0.0,0.07116469217799715
macaroni1,1,0,bad/029.JPG,393,1.0,0.9866425499841358,1.0,0.9975836712856175,0,0.4030914306640625,0.27237096428871155,1.0,0.0,0.010941121301481727
macaroni1,1,0,bad/030.JPG,296,1.0,0.9849058660153539,1.0,0.9868953599055321,0,0.3060798645019531,0.22158381342887878,0.9416666666666667,0.0,0.0019894938901782178
macaroni1,1,0,bad/031.JPG,576,1.0,0.9764889337855853,1.0,0.9922381273540498,0,0.5866622924804688,0.2737446129322052,1.0,0.0,0.015749193568464492
macaroni1,1,0,bad/032.JPG,299,1.0,0.8659151241994956,1.0,0.995120008106908,0,0.2958984375,0.13032850623130798,0.9750000000000001,0.0,0.12920488390741247
macaroni1,1,0,bad/033.JPG,418,1.0,0.9355929534239423,1.0,0.9904510252358101,0,0.43359375,0.22744345664978027,1.0,0.0,0.05485807181186775
macaroni1,1,0,bad/034.JPG,224,1.0,0.9849324182970328,1.0,0.984711639460138,0,0.22958755493164062,0.15669700503349304,1.0,0.0,-0.00022077883689486377
macaroni1,1,0,bad/035.JPG,211,1.0,0.9836831856732355,1.0,0.9927373609646678,0,0.22447967529296875,0.2007613480091095,0.9958333333333332,0.0,0.009054175291432265
macaroni1,1,0,bad/036.JPG,607,0.9588138385502472,0.49445080101262373,0.9555189456342669,0.505186249239733,0,0.5766410827636719,0.22690576314926147,0.8668098818474758,-0.0032948929159802853,0.010735448227109257
macaroni1,1,0,bad/037.JPG,531,1.0,0.9438623327806297,1.0,0.9901898196755201,0,0.5408248901367188,0.2542177140712738,1.0,0.0,0.04632748689489041
macaroni1,1,0,bad/038.JPG,1297,1.0,0.9329123737493186,1.0,0.9557891578473767,1,1.3523750305175781,0.363743394613266,0.9965277777777778,0.0,0.022876784098058156
macaroni1,1,0,bad/039.JPG,1091,1.0,0.8918749184830135,1.0,0.9527077029956682,0,1.0866546630859375,0.26380178332328796,0.8353174603174603,0.0,0.060832784512654725
macaroni1,1,0,bad/040.JPG,1679,1.0,0.9568357829959495,1.0,0.9653528459602969,1,1.719146728515625,0.25494879484176636,0.9722222222222222,0.0,0.0085170629643474
macaroni1,1,0,bad/041.JPG,2056,1.0,0.910037429771521,0.9995136186770428,0.8808837198350058,1,2.0715560913085938,0.27071842551231384,0.9611111111111111,-0.0004863813229571967,-0.029153709936515226
macaroni1,1,0,bad/042.JPG,1717,0.9714618520675598,0.8299549627007747,1.0,0.9236124578804833,1,1.7500762939453125,0.3234737515449524,0.9658119658119658,0.02853814793244025,0.09365749517970856
macaroni1,1,0,bad/043.JPG,1685,1.0,0.9739487942235414,1.0,0.9819159926895297,0,1.7652397155761719,0.2334488332271576,0.8805555555555555,0.0,0.007967198465988257
macaroni1,1,0,bad/044.JPG,1793,1.0,0.9429551035464675,1.0,0.9533982657658493,1,1.8418464660644531,0.18847191333770752,0.8803418803418803,0.0,0.010443162219381796
macaroni1,1,0,bad/045.JPG,2153,1.0,0.9302425122321306,1.0,0.9353166786676489,1,2.17852783203125,0.24667593836784363,0.9791666666666666,0.0,0.005074166435518279
macaroni1,1,0,bad/046.JPG,3023,0.9887528944756864,0.8971690236288301,0.985444922262653,0.9073508812603605,2,3.0665130615234375,0.20723474025726318,0.9209919261822376,-0.003307972213033361,0.010181857631530344
macaroni1,1,0,bad/047.JPG,2142,1.0,0.922379586710238,1.0,0.952399090545565,1,2.224609375,0.23555779457092285,0.9358974358974359,0.0,0.030019503835327033
macaroni1,1,0,bad/048.JPG,496,1.0,0.9870365683582127,1.0,0.9971182937029832,0,0.505157470703125,0.32150930166244507,0.95,0.0,0.010081725344770476
macaroni1,1,0,bad/049.JPG,472,1.0,0.875813666774119,1.0,0.9725663261877443,0,0.479522705078125,0.12433740496635437,0.7916666666666667,0.0,0.09675265941362532
macaroni1,1,0,bad/050.JPG,812,0.9950738916256158,0.8699443043787388,1.0,0.9422924049559306,0,0.8317108154296875,0.15598279237747192,0.775,0.0049261083743842304,0.07234810057719177
macaroni1,1,0,bad/051.JPG,1024,0.603515625,0.40171792945347745,1.0,0.925449204404918,0,1.05615234375,0.026663482189178467,0.8083333333333333,0.396484375,0.5237312749514405
macaroni1,1,0,bad/052.JPG,1075,1.0,0.9940350542129064,1.0,0.997445302694971,1,1.097076416015625,0.31383976340293884,1.0,0.0,0.003410248482064615
macaroni1,1,0,bad/053.JPG,1244,1.0,0.7774757160786278,1.0,0.916736670591651,0,1.24481201171875,0.1637881100177765,0.9291666666666667,0.0,0.13926095451302323
macaroni1,1,0,bad/054.JPG,1114,0.6535008976660682,0.2863233900797497,0.9838420107719928,0.49764978459444925,0,1.1275634765625,0.08785220980644226,0.8585858585858586,0.3303411131059246,0.21132639451469953
macaroni1,1,0,bad/055.JPG,673,1.0,0.5403570229860133,0.9836552748885586,0.6094000713646676,1,0.6838836669921875,0.12409266829490662,0.9262820512820513,-0.01634472511144136,0.06904304837865427
macaroni1,1,0,bad/056.JPG,1206,1.0,0.8828098582997762,1.0,0.9478103043905164,1,1.2193603515625,0.17835551500320435,0.7954545454545454,0.0,0.06500044609074018
macaroni1,1,0,bad/057.JPG,463,0.9935205183585313,0.7277416613044898,1.0,0.9377301944730065,0,0.48980712890625,0.27857983112335205,0.9,0.006479481641468721,0.20998853316851673
macaroni1,1,0,bad/058.JPG,1748,1.0,0.9467521542382445,1.0,0.9758062800031543,2,1.816253662109375,0.24070024490356445,0.8666666666666667,0.0,0.029054125764909733
macaroni1,1,0,bad/059.JPG,989,1.0,0.9845607324045824,1.0,0.9977122887458906,1,1.0306053161621094,0.020205587148666382,0.7333333333333334,0.0,0.013151556341308157
macaroni1,1,0,bad/060.JPG,1248,0.5737179487179487,0.12968200644627073,0.9983974358974359,0.5293055385022353,1,1.2653541564941406,0.07587048411369324,0.806060606060606,0.4246794871794872,0.39962353205596457
macaroni1,1,0,bad/061.JPG,570,1.0,0.9829985535822952,1.0,0.9869517876761963,0,0.571380615234375,0.3235570788383484,0.9944444444444444,0.0,0.003953234093901137
macaroni1,1,0,bad/062.JPG,758,0.9986807387862797,0.8734009822574642,1.0,0.9873772822267491,0,0.7702980041503906,0.07786828279495239,0.7893518518518519,0.0013192612137202797,0.11397629996928493
macaroni1,1,0,bad/063.JPG,1114,1.0,0.7930436413665604,1.0,0.905044493367736,0,1.13763427734375,0.20492538809776306,0.9722222222222223,0.0,0.1120008520011756
macaroni1,1,0,bad/064.JPG,698,1.0,0.9653846908164262,1.0,0.9775058542599724,0,0.7244606018066406,0.19036108255386353,0.825,0.0,0.01212116344354619
macaroni1,1,0,bad/065.JPG,1297,1.0,0.8165367212465582,1.0,0.876084684069886,1,1.3319435119628906,0.3710722029209137,0.9393939393939394,0.0,0.05954796282332786
macaroni1,1,0,bad/066.JPG,1201,1.0,0.791272729456792,1.0,0.913150928339389,0,1.2397918701171875,0.24724668264389038,0.8575757575757577,0.0,0.1218781988825971
macaroni1,1,0,bad/067.JPG,1791,0.5499720826353992,0.16625773648383504,0.9430485762144054,0.45829706236673456,1,1.831573486328125,0.046468913555145264,0.7756286266924565,0.3930764935790062,0.2920393258828995
macaroni1,1,0,bad/068.JPG,1006,1.0,0.8782850462806763,1.0,0.9548846519938886,0,1.0303955078125,0.17509865760803223,0.9040404040404041,0.0,0.07659960571321234
macaroni1,1,0,bad/069.JPG,679,1.0,0.9871557046659984,1.0,0.9901742176129965,0,0.688812255859375,0.3165912628173828,1.0,0.0,0.0030185129469980643
macaroni1,1,0,bad/070.JPG,531,0.5423728813559322,0.2331668151846697,1.0,0.6227440131907348,0,0.5356063842773438,0.0505354106426239,0.8333333333333333,0.4576271186440678,0.3895771980060651
macaroni1,1,0,bad/071.JPG,268,0.6529850746268657,0.25037779007010025,0.8917910447761194,0.46641338356378004,0,0.301025390625,0.11593809723854065,0.9568452380952381,0.23880597014925364,0.2160355934936798
macaroni1,1,0,bad/072.JPG,703,0.3613086770981508,0.1656075174449506,0.6500711237553343,0.3292849570515016,0,0.7499465942382812,0.02589970827102661,0.697203196347032,0.2887624466571835,0.163677439606551
macaroni1,1,0,bad/073.JPG,729,1.0,0.809642320262221,1.0,0.8395776678288427,1,0.7498016357421875,0.22101053595542908,0.9391752577319588,0.0,0.02993534756662164
macaroni1,1,0,bad/074.JPG,723,0.48824343015214383,0.13932792940788305,0.3900414937759336,0.16913725133014815,0,0.7907600402832031,0.07160729169845581,0.8111702127659575,-0.09820193637621022,0.029809321922265097
macaroni1,1,0,bad/075.JPG,127,0.8818897637795275,0.5414929030087667,0.7007874015748031,0.3276701662337298,0,0.117340087890625,0.23809704184532166,1.0,-0.18110236220472442,-0.21382273677503694
macaroni1,1,0,bad/076.JPG,136,0.27205882352941174,0.2943657773419678,0.6838235294117647,0.277037264021391,0,0.168365478515625,0.13915875554084778,0.8083333333333333,0.411764705882353,-0.017328513320576777
macaroni1,1,0,bad/077.JPG,234,0.26495726495726496,0.14739993323576908,0.8376068376068376,0.43091647254143084,0,0.2193450927734375,0.05711787939071655,0.7772108843537415,0.5726495726495726,0.2835165393056618
macaroni1,1,0,bad/078.JPG,613,0.6394779771615008,0.18985209421272678,0.7960848287112561,0.2704106678849638,0,0.5969390869140625,0.23973572254180908,0.8712121212121212,0.1566068515497553,0.08055857367223704
macaroni1,1,0,bad/079.JPG,651,0.21658986175115208,0.059628618105222686,0.3225806451612903,0.06878949277900362,0,0.6224288940429688,0.00952497124671936,0.580849478390462,0.10599078341013823,0.009160874673780933
macaroni1,1,0,bad/080.JPG,1149,0.5918189730200174,0.12122233951285227,0.8172323759791122,0.4720575760921662,1,1.1890106201171875,0.09089988470077515,0.9180555555555555,0.22541340295909484,0.3508352365793139
macaroni1,1,0,bad/081.JPG,219,0.6529680365296804,0.11600189933523265,0.7351598173515982,0.17688502624438557,0,0.23974990844726562,0.20625033974647522,0.9708333333333334,0.0821917808219178,0.060883126909152915
macaroni1,1,0,bad/082.JPG,181,0.5911602209944752,0.2045277321520416,0.6906077348066298,0.4400214858230886,0,0.16835403442382812,0.1608554720878601,0.9047619047619047,0.09944751381215466,0.235493753671047
macaroni1,1,0,bad/083.JPG,181,0.4696132596685083,0.3992775384079732,0.8011049723756906,0.6742882789730361,0,0.18873214721679688,0.07706722617149353,0.8555555555555556,0.33149171270718225,0.2750107405650629
macaroni1,1,0,bad/084.JPG,214,0.7242990654205608,0.26517560186915023,0.9532710280373832,0.5126278859243006,0,0.23975372314453125,0.2335171103477478,0.8638888888888889,0.2289719626168224,0.2474522840551504
macaroni1,1,0,bad/085.JPG,810,0.8691358024691358,0.6407702298090059,0.9975308641975309,0.8894106851494605,0,0.7601318359375,0.111365407705307,0.9047619047619047,0.1283950617283951,0.24864045534045465
macaroni1,1,0,bad/086.JPG,1274,0.9481946624803768,0.5626793712599603,0.9693877551020408,0.643012521500409,0,1.2858352661132812,0.1605878472328186,0.8412698412698413,0.021193092621664023,0.08033315024044874
macaroni1,1,0,bad/087.JPG,614,0.8729641693811075,0.23009598108260204,1.0,0.7690812704880162,0,0.6580772399902344,0.055392563343048096,0.790625,0.12703583061889245,0.5389852894054141
macaroni1,1,0,bad/088.JPG,413,1.0,0.9743450039746898,1.0,0.9743190697423774,0,0.4285621643066406,0.16318359971046448,0.9097222222222223,0.0,-2.5934232312452288e-05
macaroni1,1,0,bad/089.JPG,425,0.9317647058823529,0.6277767932689273,0.96,0.7891116995503052,0,0.4235038757324219,0.04978448152542114,0.7738095238095237,0.028235294117647025,0.16133490628137792
macaroni1,1,0,bad/090.JPG,809,0.4932014833127318,0.3005257923348542,0.7935723114956736,0.2702020545012956,0,0.77032470703125,0.09506925940513611,0.89,0.30037082818294186,-0.03032373783355863
macaroni1,1,0,bad/091.JPG,481,0.6902286902286903,0.44991710074814034,0.975051975051975,0.5559943193052946,0,0.4642982482910156,0.1817721128463745,0.8350340136054422,0.2848232848232848,0.1060772185571543
macaroni1,1,0,bad/092.JPG,939,1.0,0.9051372458426629,0.9914802981895634,0.8520440427098788,0,0.9796638488769531,0.16618016362190247,0.888095238095238,-0.008519701810436597,-0.053093203132784095
macaroni1,1,0,bad/093.JPG,917,0.7851690294438386,0.07186732485282954,0.9171210468920392,0.3569722573099729,0,0.95391845703125,0.05803555250167847,0.7693452380952381,0.13195201744820062,0.28510493245714336
macaroni1,1,0,bad/094.JPG,510,0.6313725490196078,0.25594758827977443,0.7137254901960784,0.47259355789238444,0,0.5152320861816406,0.03326818346977234,0.7083333333333333,0.08235294117647063,0.21664596961261
macaroni1,1,0,bad/095.JPG,333,0.8918918918918919,0.5941013572828315,0.9669669669669669,0.706845330280427,0,0.3417701721191406,0.14852839708328247,0.9734848484848484,0.07507507507507505,0.11274397299759542
macaroni1,1,0,bad/096.JPG,1728,0.5839120370370371,0.1541635499318602,0.4224537037037037,0.15222957335868467,0,1.821441650390625,0.06250795722007751,0.7346153846153847,-0.16145833333333337,-0.0019339765731755387
macaroni1,1,0,bad/097.JPG,715,0.793006993006993,0.12282884571473161,0.9678321678321679,0.3596297345511004,0,0.7092704772949219,0.05488201975822449,0.7435897435897435,0.1748251748251749,0.2368008888363688
macaroni1,1,0,bad/098.JPG,818,0.6002444987775061,0.033496664738679856,0.9352078239608802,0.15403453346520846,0,0.8367576599121094,0.02393651008605957,0.8205128205128205,0.3349633251833741,0.12053786872652861
macaroni1,1,0,bad/099.JPG,1481,0.9399054692775152,0.648372816101924,0.950708980418636,0.6912056960566552,1,1.5252342224121094,0.1474408507347107,0.7626984126984128,0.01080351114112088,0.04283287995473117
macaroni1,1,1,bad/000.JPG,1020,0.6735294117647059,0.2935613423586691,0.3607843137254902,0.03865915317661184,1,1.0358047485351562,0.04995802044868469,0.8333333333333334,-0.31274509803921574,-0.25490218918205726
macaroni1,1,1,bad/001.JPG,765,0.4169934640522876,0.12688962687392488,0.7189542483660131,0.39583585921590597,0,0.770416259765625,0.04324313998222351,0.9125,0.30196078431372547,0.2689462323419811
macaroni1,1,1,bad/002.JPG,1473,1.0,0.9085139661596975,1.0,0.9480061417723112,1,1.520263671875,0.11699724197387695,0.9454545454545454,0.0,0.039492175612613756
macaroni1,1,1,bad/003.JPG,518,1.0,0.620785745686322,1.0,0.4413745720552528,0,0.530548095703125,0.0072460174560546875,0.6777777777777778,0.0,-0.17941117363106923
macaroni1,1,1,bad/004.JPG,303,1.0,0.8258002315936488,1.0,0.9309822161232978,0,0.3009986877441406,0.07973021268844604,0.9259259259259258,0.0,0.105181984529649
macaroni1,1,1,bad/005.JPG,663,0.1191553544494721,0.012638226257728135,0.22171945701357465,0.02528517062168362,1,0.68853759765625,0.021584779024124146,0.75,0.10256410256410255,0.012646944363955486
macaroni1,1,1,bad/006.JPG,1385,1.0,0.9322956335065576,1.0,0.9021528004253867,0,1.4286575317382812,0.11686789989471436,0.9646464646464646,0.0,-0.03014283308117094
macaroni1,1,1,bad/007.JPG,4260,0.8063380281690141,0.5019144851544153,0.9063380281690141,0.7244161561355517,3,4.3521728515625,0.029622167348861694,0.8743589743589744,0.09999999999999998,0.22250167098113638
macaroni1,1,1,bad/008.JPG,748,1.0,0.8921354828408942,1.0,0.9277397914152316,0,0.76544189453125,0.08644118905067444,0.9000000000000001,0.0,0.035604308574337384
macaroni1,1,1,bad/009.JPG,3379,0.999408108907961,0.75470913003901,0.9985202722699024,0.7427470442855717,3,3.4487686157226562,0.10033831000328064,0.9766666666666667,-0.0008878366380585812,-0.011962085753438267
macaroni1,1,1,bad/010.JPG,3514,1.0,0.8862524950323905,0.9280022766078543,0.728134492729167,4,3.6175537109375,0.1178523600101471,0.9826388888888888,-0.07199772339214572,-0.15811800230322348
macaroni1,1,1,bad/011.JPG,1242,1.0,0.8600284606886177,1.0,0.7492100816930594,0,1.2601814270019531,0.07428944110870361,0.9481668773704173,0.0,-0.11081837899555835
macaroni1,1,1,bad/012.JPG,2344,0.2150170648464164,0.08048463144036533,0.5989761092150171,0.15966184482986273,2,2.382781982421875,0.012846946716308594,0.6607142857142857,0.38395904436860073,0.0791772133894974
macaroni1,1,1,bad/013.JPG,7184,0.834771714922049,0.4003624072053442,0.799554565701559,0.36428236046083295,7,7.3520050048828125,0.0399344265460968,0.8419117647058824,-0.03521714922049002,-0.03608004674451126
macaroni1,1,1,bad/014.JPG,2041,1.0,0.9186233124945722,1.0,0.8575198109605128,1,2.0966796875,0.09463173151016235,0.9848484848484849,0.0,-0.06110350153405941
macaroni1,1,1,bad/015.JPG,888,0.9650900900900901,0.32296178013677773,1.0,0.9192191832273849,0,0.897857666015625,0.08103486895561218,0.975,0.03490990990990994,0.5962574030906072
macaroni1,1,1,bad/016.JPG,1157,0.9956784788245462,0.8343480744629084,1.0,0.8546776601066847,1,1.1734619140625,0.03669360280036926,0.806060606060606,0.004321521175453813,0.020329585643776293
macaroni1,1,1,bad/017.JPG,1127,0.9982253771073647,0.8563197696436525,1.0,0.9633287230881721,1,1.193939208984375,0.05938929319381714,0.9515151515151515,0.0017746228926353025,0.10700895344451955
macaroni1,1,1,bad/018.JPG,4766,0.851237935375577,0.644739294655724,0.8107427612253462,0.6283299380505694,4,4.872535705566406,0.05289784073829651,0.7857142857142857,-0.04049517415023085,-0.016409356605154635
macaroni1,1,1,bad/019.JPG,455,1.0,0.7619562933277307,1.0,0.7119504005173007,0,0.4539794921875,0.19650855660438538,1.0,0.0,-0.05000589281043
macaroni1,1,1,bad/020.JPG,2139,0.9083683964469378,0.6599436094632555,0.9915848527349228,0.8707510816225422,1,2.2043800354003906,0.03995957970619202,0.8365384615384616,0.08321645628798502,0.21080747215928675
macaroni1,1,1,bad/021.JPG,1140,0.9921052631578947,0.48033490632123754,0.9921052631578947,0.4793130307006252,0,1.1580276489257812,0.11895662546157837,0.8019047619047619,0.0,-0.0010218756206123447
macaroni1,1,1,bad/022.JPG,661,0.983358547655068,0.6051982155142047,0.9636913767019667,0.6915115916565929,0,0.663177490234375,0.09006005525588989,0.9084967320261437,-0.01966717095310133,0.08631337614238821
macaroni1,1,1,bad/023.JPG,305,1.0,0.990651330862854,1.0,0.9958948281877769,0,0.3111572265625,0.2074483036994934,1.0,0.0,0.005243497324922908
macaroni1,1,1,bad/024.JPG,471,1.0,0.9811576835725189,1.0,0.996781236711294,0,0.4847412109375,0.2613571882247925,0.9,0.0,0.01562355313877517
macaroni1,1,1,bad/025.JPG,500,1.0,0.9886880934989042,1.0,0.9992682682682682,0,0.5,0.32880282402038574,1.0,0.0,0.010580174769364015
macaroni1,1,1,bad/026.JPG,309,1.0,0.9789672779186565,1.0,0.9954334525395877,0,0.32647705078125,0.2563103139400482,1.0,0.0,0.01646617462093125
macaroni1,1,1,bad/027.JPG,790,1.0,0.9680255915540442,1.0,0.9941040924871003,0,0.81134033203125,0.25948482751846313,0.9930555555555556,0.0,0.02607850093305608
macaroni1,1,1,bad/028.JPG,372,1.0,0.9694276197702542,1.0,0.9927968967257214,0,0.392822265625,0.18570902943611145,0.9934640522875816,0.0,0.0233692769554672
macaroni1,1,1,bad/029.JPG,393,1.0,0.9826327393344794,1.0,0.9979375737748615,0,0.4030914306640625,0.2178037166595459,1.0,0.0,0.015304834440382109
macaroni1,1,1,bad/030.JPG,296,1.0,0.9823962310117385,1.0,0.9836294773522541,0,0.3060798645019531,0.2122897505760193,0.875,0.0,0.0012332463405156924
macaroni1,1,1,bad/031.JPG,576,1.0,0.9757508392278647,1.0,0.992371597137815,0,0.5866622924804688,0.27474650740623474,1.0,0.0,0.016620757909950323
macaroni1,1,1,bad/032.JPG,299,1.0,0.9323738551357474,1.0,0.993999162184739,0,0.2958984375,0.10874345898628235,0.9333333333333333,0.0,0.06162530704899161
macaroni1,1,1,bad/033.JPG,418,1.0,0.9674636301315611,1.0,0.9950946147089659,0,0.43359375,0.24075159430503845,1.0,0.0,0.02763098457740476
macaroni1,1,1,bad/034.JPG,224,1.0,0.965965319137241,1.0,0.9940458163368573,0,0.22958755493164062,0.1284523606300354,0.9750000000000001,0.0,0.02808049719961625
macaroni1,1,1,bad/035.JPG,211,1.0,0.9852710195790839,1.0,0.9972648944643328,0,0.22447967529296875,0.15999093651771545,0.9916666666666667,0.0,0.011993874885248834
macaroni1,1,1,bad/036.JPG,607,0.9654036243822076,0.5536596059532727,0.9868204283360791,0.7182609834168616,0,0.5766410827636719,0.24997836351394653,0.9387755102040816,0.021416803953871466,0.16460137746358894
macaroni1,1,1,bad/037.JPG,531,1.0,0.9844900178620904,1.0,0.9973226380664892,0,0.5408248901367188,0.26978904008865356,1.0,0.0,0.012832620204398792
macaroni1,1,1,bad/038.JPG,1297,1.0,0.953030999825368,1.0,0.9725609525465353,1,1.3523750305175781,0.36337366700172424,0.9930555555555556,0.0,0.01952995272116731
macaroni1,1,1,bad/039.JPG,1091,1.0,0.9322541964702243,1.0,0.960402331375362,0,1.0866546630859375,0.204763263463974,0.8650793650793651,0.0,0.02814813490513768
macaroni1,1,1,bad/040.JPG,1679,1.0,0.9397264127693225,1.0,0.9581106601834533,1,1.719146728515625,0.24434861540794373,0.9809027777777778,0.0,0.018384247414130805
macaroni1,1,1,bad/041.JPG,2056,1.0,0.9055330133596275,0.9961089494163424,0.8644254375996413,1,2.0715560913085938,0.21525788307189941,0.9555555555555556,-0.0038910505836575737,-0.04110757575998625
macaroni1,1,1,bad/042.JPG,1717,0.982527664531159,0.8567596533759699,1.0,0.9267398424778617,1,1.7500762939453125,0.2767982482910156,0.9722222222222223,0.01747233546884097,0.06998018910189174
macaroni1,1,1,bad/043.JPG,1685,1.0,0.9852723121379717,1.0,0.9866443961875678,0,1.7652397155761719,0.28372517228126526,0.8796296296296295,0.0,0.0013720840495961006
macaroni1,1,1,bad/044.JPG,1793,1.0,0.9375869194303779,1.0,0.9334235168322472,1,1.8418464660644531,0.20201048254966736,0.8632478632478632,0.0,-0.004163402598130639
macaroni1,1,1,bad/045.JPG,2153,1.0,0.9619592207092889,1.0,0.9591026978557201,1,2.17852783203125,0.25332337617874146,1.0,0.0,-0.0028565228535687437
macaroni1,1,1,bad/046.JPG,3023,0.985444922262653,0.9020133248763368,0.983460138934833,0.9014907928200685,2,3.0665130615234375,0.2493019998073578,0.8886966551326413,-0.001984783327820039,-0.0005225320562682878
macaroni1,1,1,bad/047.JPG,2142,1.0,0.930846485081297,1.0,0.9621474909510114,1,2.224609375,0.2694077789783478,0.9344729344729344,0.0,0.031301005869714404
macaroni1,1,1,bad/048.JPG,496,1.0,0.9884376847140014,1.0,0.9985073874368411,0,0.505157470703125,0.3389277756214142,0.9555555555555556,0.0,0.01006970272283969
macaroni1,1,1,bad/049.JPG,472,0.9872881355932204,0.8508757828933936,1.0,0.9812891886134619,0,0.479522705078125,0.07555282115936279,0.7333333333333333,0.012711864406779627,0.13041340572006832
macaroni1,1,1,bad/050.JPG,812,0.9692118226600985,0.8644067213265724,0.9975369458128078,0.9455303018961505,0,0.8317108154296875,0.16485312581062317,0.5666666666666667,0.028325123152709297,0.08112358056957814
macaroni1,1,1,bad/051.JPG,1024,0.708984375,0.5662835746939382,1.0,0.9755372945596372,0,1.05615234375,0.034830570220947266,0.8208333333333334,0.291015625,0.40925371986569903
macaroni1,1,1,bad/052.JPG,1075,1.0,0.990930137950414,1.0,0.9971628627486812,1,1.097076416015625,0.33514484763145447,1.0,0.0,0.006232724798267197
macaroni1,1,1,bad/053.JPG,1244,0.997588424437299,0.6222712676112216,1.0,0.7974085550713625,0,1.24481201171875,0.16575196385383606,0.9208333333333334,0.002411575562700996,0.1751372874601409
macaroni1,1,1,bad/054.JPG,1114,0.7055655296229802,0.35439055094832955,0.9964093357271095,0.5693636457195348,0,1.1275634765625,0.08531805872917175,0.8055555555555555,0.2908438061041293,0.21497309477120524
macaroni1,1,1,bad/055.JPG,673,1.0,0.6114437923556985,0.9910846953937593,0.9216973925750279,1,0.6838836669921875,0.09303101897239685,0.8301282051282051,-0.008915304606240682,0.31025360021932946
macaroni1,1,1,bad/056.JPG,1206,0.9950248756218906,0.750534191231356,1.0,0.8959928411820602,1,1.2193603515625,0.15396302938461304,0.7424242424242424,0.00497512437810943,0.14545864995070423
macaroni1,1,1,bad/057.JPG,463,1.0,0.9155777137158086,1.0,0.990146592022334,0,0.48980712890625,0.21030962467193604,0.8583333333333334,0.0,0.07456887830652537
macaroni1,1,1,bad/058.JPG,1748,1.0,0.9642391045305974,1.0,0.9732937323632137,2,1.816253662109375,0.23623496294021606,0.8878787878787879,0.0,0.009054627832616347
macaroni1,1,1,bad/059.JPG,989,1.0,0.9837328982921997,1.0,0.9982342252719303,1,1.0306053161621094,-0.008606046438217163,0.5454545454545454,0.0,0.014501326979730611
macaroni1,1,1,bad/060.JPG,1248,0.7131410256410257,0.2221996005592102,1.0,0.7547855894702743,1,1.2653541564941406,0.0616033673286438,0.8242424242424242,0.28685897435897434,0.5325859889110641
macaroni1,1,1,bad/061.JPG,570,1.0,0.9919218333237617,1.0,0.9979910578087703,0,0.571380615234375,0.2621116042137146,0.9944444444444444,0.0,0.006069224485008573
macaroni1,1,1,bad/062.JPG,758,0.9973614775725593,0.8719166919421264,1.0,0.9919947312408375,0,0.7702980041503906,0.07517033815383911,0.8263888888888888,0.0026385224274406704,0.12007803929871108
macaroni1,1,1,bad/063.JPG,1114,1.0,0.8510741472202934,1.0,0.9373711751766647,0,1.13763427734375,0.25315162539482117,0.9772727272727273,0.0,0.08629702795637129
macaroni1,1,1,bad/064.JPG,698,1.0,0.9266031463083818,1.0,0.9556358594928684,0,0.7244606018066406,0.16844680905342102,0.85,0.0,0.029032713184486636
macaroni1,1,1,bad/065.JPG,1297,1.0,0.9811935828804277,1.0,0.9957903631935413,1,1.3319435119628906,0.36060085892677307,0.9606060606060606,0.0,0.014596780313113622
macaroni1,1,1,bad/066.JPG,1201,1.0,0.9559976421592825,1.0,0.9651111206605919,0,1.2397918701171875,0.34513798356056213,0.8515151515151516,0.0,0.009113478501309391
macaroni1,1,1,bad/067.JPG,1791,0.7615857063093244,0.41070571623336083,0.9687325516471245,0.6987926906147124,1,1.831573486328125,0.04354327917098999,0.7840103159252095,0.20714684533780003,0.28808697438135156
macaroni1,1,1,bad/068.JPG,1006,1.0,0.8994888089441888,1.0,0.949677680135872,0,1.0303955078125,0.21838697791099548,0.9015151515151516,0.0,0.05018887119168314
macaroni1,1,1,bad/069.JPG,679,1.0,0.9867218575086236,1.0,0.9954854584210745,0,0.688812255859375,0.28538161516189575,1.0,0.0,0.008763600912450875
macaroni1,1,1,bad/070.JPG,531,0.5009416195856874,0.521714385203432,0.8305084745762712,0.7089417470822981,0,0.5356063842773438,0.0930645763874054,0.9583333333333333,0.3295668549905838,0.18722736187886602
macaroni1,1,1,bad/071.JPG,268,0.6865671641791045,0.33799582800573325,0.8208955223880597,0.40685383168599376,0,0.301025390625,0.08929586410522461,0.9241071428571428,0.13432835820895528,0.06885800368026052
macaroni1,1,1,bad/072.JPG,703,0.38264580369843526,0.21283984062069763,0.6330014224751067,0.3323393875676911,0,0.7499465942382812,0.04108375310897827,0.7816780821917808,0.25035561877667145,0.11949954694699347
macaroni1,1,1,bad/073.JPG,729,1.0,0.8993700012203606,1.0,0.9145074337950948,1,0.7498016357421875,0.20753070712089539,0.9546391752577319,0.0,0.015137432574734211
macaroni1,1,1,bad/074.JPG,723,0.5172890733056709,0.16410507993095952,0.42047026279391425,0.18191080386781833,0,0.7907600402832031,0.06906512379646301,0.7836879432624113,-0.09681881051175661,0.01780572393685881
macaroni1,1,1,bad/075.JPG,127,0.9763779527559056,0.8000487339875642,0.7401574803149606,0.5086781399309145,0,0.117340087890625,0.27767831087112427,1.0,-0.2362204724409449,-0.29137059405664967
macaroni1,1,1,bad/076.JPG,136,0.40441176470588236,0.6064604215425276,0.8014705882352942,0.5617317714539937,0,0.168365478515625,0.17211350798606873,0.825,0.3970588235294118,-0.04472865008853388
macaroni1,1,1,bad/077.JPG,234,0.5,0.25148987826665503,0.7948717948717948,0.47535269927662327,0,0.2193450927734375,0.0899135172367096,0.8061224489795918,0.2948717948717948,0.22386282100996824
macaroni1,1,1,bad/078.JPG,613,0.866231647634584,0.3742220072829894,0.8270799347471451,0.4005151908233938,0,0.5969390869140625,0.19783315062522888,0.8621212121212122,-0.039151712887438905,0.02629318354040444
macaroni1,1,1,bad/079.JPG,651,0.3195084485407066,0.10228815827008807,0.3932411674347158,0.12885573011635093,0,0.6224288940429688,0.0322190523147583,0.6799552906110283,0.07373271889400923,0.026567571846262863
macaroni1,1,1,bad/080.JPG,1149,0.5013054830287206,0.05594928070737214,0.9573542210617929,0.3669139276691273,1,1.1890106201171875,0.0862531065940857,0.9291666666666667,0.45604873803307233,0.31096464696175513
macaroni1,1,1,bad/081.JPG,219,0.7853881278538812,0.17148124292768938,0.8538812785388128,0.2752189475800587,0,0.23974990844726562,0.17975416779518127,0.9416666666666667,0.06849315068493156,0.10373770465236934
macaroni1,1,1,bad/082.JPG,181,0.7734806629834254,0.46230402059905595,0.7237569060773481,0.5778650594361332,0,0.16835403442382812,0.14739099144935608,0.9421768707482994,-0.04972375690607733,0.11556103883707725
macaroni1,1,1,bad/083.JPG,181,0.6795580110497238,0.5678022344961663,0.8176795580110497,0.799553005366897,0,0.18873214721679688,0.0844666063785553,0.8222222222222222,0.13812154696132595,0.2317507708707307
macaroni1,1,1,bad/084.JPG,214,0.9299065420560748,0.47888861668192073,0.9719626168224299,0.6686492139568873,0,0.23975372314453125,0.2216143012046814,0.9069444444444444,0.04205607476635509,0.18976059727496652
macaroni1,1,1,bad/085.JPG,810,0.9333333333333333,0.7474351902335213,0.971604938271605,0.7628564603449492,0,0.7601318359375,0.12427622079849243,0.9107142857142857,0.03827160493827164,0.01542127011142791
macaroni1,1,1,bad/086.JPG,1274,0.9481946624803768,0.6833117617496182,0.9733124018838305,0.6713536305527447,0,1.2858352661132812,0.13015973567962646,0.8756613756613757,0.025117739403453743,-0.0119581311968735
macaroni1,1,1,bad/087.JPG,614,0.8241042345276873,0.23298540530031972,1.0,0.8309870747002726,0,0.6580772399902344,0.05284714698791504,0.840625,0.17589576547231267,0.5980016693999528
macaroni1,1,1,bad/088.JPG,413,1.0,0.9746520031550978,1.0,0.9842818200247219,0,0.4285621643066406,0.1502450704574585,0.8749999999999999,0.0,0.009629816869624053
macaroni1,1,1,bad/089.JPG,425,0.9482352941176471,0.8164553325061532,0.9458823529411765,0.8945094993549669,0,0.4235038757324219,0.03014671802520752,0.7817460317460317,-0.0023529411764705577,0.07805416684881372
macaroni1,1,1,bad/090.JPG,809,0.6773794808405439,0.4721868468726507,1.0,0.6575465153678447,0,0.77032470703125,0.12376978993415833,0.8588888888888889,0.3226205191594561,0.18535966849519397
macaroni1,1,1,bad/091.JPG,481,0.9854469854469855,0.7022666856419147,0.9812889812889813,0.6614587511271788,0,0.4642982482910156,0.21302148699760437,0.8860544217687074,-0.004158004158004158,-0.040807934514735966
macaroni1,1,1,bad/092.JPG,939,1.0,0.8987198536638832,0.9914802981895634,0.8619513115833523,0,0.9796638488769531,0.16587379574775696,0.8607142857142858,-0.008519701810436597,-0.03676854208053093
macaroni1,1,1,bad/093.JPG,917,0.8037077426390403,0.07528076466637791,0.9127589967284624,0.2689469530312887,0,0.95391845703125,0.06201633810997009,0.8080357142857143,0.10905125408942207,0.19366618836491079
macaroni1,1,1,bad/094.JPG,510,0.6392156862745098,0.32918058100978864,0.7019607843137254,0.38066612236820285,0,0.5152320861816406,0.07612305879592896,0.8912037037037036,0.06274509803921569,0.05148554135841421
macaroni1,1,1,bad/095.JPG,333,0.7057057057057057,0.4316425429944438,0.9369369369369369,0.6925069564580263,0,0.3417701721191406,0.140995055437088,0.8371212121212122,0.23123123123123124,0.26086441346358247
macaroni1,1,1,bad/096.JPG,1728,0.02662037037037037,0.0016475308241894974,0.22511574074074073,0.022908632605979834,0,1.821441650390625,0.03601127862930298,0.7692307692307693,0.19849537037037035,0.02126110178179034
macaroni1,1,1,bad/097.JPG,715,0.862937062937063,0.2079420953564264,0.9636363636363636,0.40262728506322104,0,0.7092704772949219,0.06869488954544067,0.7676282051282051,0.10069930069930066,0.19468518970679463
macaroni1,1,1,bad/098.JPG,818,0.9462102689486552,0.20263980401359535,0.9767726161369193,0.2801321814811796,0,0.8367576599121094,0.043493181467056274,0.7307692307692307,0.030562347188264116,0.07749237746758422
macaroni1,1,1,bad/099.JPG,1481,0.9291019581363943,0.625087934436668,0.9486833220796759,0.6801956506314385,1,1.5252342224121094,0.12291908264160156,0.7523809523809524,0.019581363943281582,0.055107716194770506
macaroni1,1,2,bad/000.JPG,1020,0.10392156862745099,0.010345371574247511,0.0,0.0,1,1.0358047485351562,0.05422821640968323,0.9208333333333334,-0.10392156862745099,-0.010345371574247511
macaroni1,1,2,bad/001.JPG,765,0.1869281045751634,0.04415706114169284,0.5581699346405229,0.24814143472802133,0,0.770416259765625,0.01349097490310669,0.6625000000000001,0.3712418300653595,0.20398437358632848
macaroni1,1,2,bad/002.JPG,1473,1.0,0.8279253198630826,1.0,0.9743939881240116,1,1.520263671875,0.12247931957244873,0.7787878787878788,0.0,0.14646866826092897
macaroni1,1,2,bad/003.JPG,518,0.7046332046332047,0.30587594427515435,0.9613899613899614,0.6413469573940856,0,0.530548095703125,0.013922423124313354,0.7333333333333334,0.2567567567567567,0.3354710131189313
macaroni1,1,2,bad/004.JPG,303,1.0,0.9253823889003623,1.0,0.9628523983800052,0,0.3009986877441406,0.06442144513130188,0.9074074074074073,0.0,0.03747000947964296
macaroni1,1,2,bad/005.JPG,663,0.0,0.0,0.0030165912518853697,3.0196108627481332e-05,1,0.68853759765625,0.03966069221496582,0.8409090909090909,0.0030165912518853697,3.0196108627481332e-05
macaroni1,1,2,bad/006.JPG,1385,1.0,0.9329704190827034,0.9747292418772563,0.9324354725879238,0,1.4286575317382812,0.11422249674797058,0.9722222222222222,-0.02527075812274371,-0.0005349464947795868
macaroni1,1,2,bad/007.JPG,4260,0.815962441314554,0.41759291612666116,0.9607981220657277,0.7368520746916749,3,4.3521728515625,0.040289074182510376,0.8371794871794872,0.1448356807511737,0.31925915856501375
macaroni1,1,2,bad/008.JPG,748,1.0,0.6434323174592856,1.0,0.8126324037794332,0,0.76544189453125,0.06497523188591003,0.8749999999999999,0.0,0.1692000863201476
macaroni1,1,2,bad/009.JPG,3379,0.9970405445398047,0.5423254088500503,1.0,0.7229832398995756,3,3.4487686157226562,0.09476825594902039,0.9555555555555556,0.0029594554601952705,0.18065783104952526
macaroni1,1,2,bad/010.JPG,3514,0.9348321001707456,0.7675339870080428,0.9795105293113261,0.8822756813522479,4,3.6175537109375,0.09678927063941956,0.935763888888889,0.04467842914058051,0.11474169434420511
macaroni1,1,2,bad/011.JPG,1242,0.9847020933977456,0.657906289060643,0.6561996779388084,0.2812629709042293,0,1.2601814270019531,0.07055741548538208,0.9102402022756004,-0.3285024154589372,-0.37664331815641366
macaroni1,1,2,bad/012.JPG,2344,0.4569112627986348,0.26474768151124545,0.601962457337884,0.2501215574558115,2,2.382781982421875,0.030933380126953125,0.7380952380952381,0.1450511945392492,-0.014626124055433953
macaroni1,1,2,bad/013.JPG,7184,0.2836859688195991,0.06973785000447522,0.46533964365256125,0.18142184976375794,7,7.3520050048828125,0.02714601159095764,0.6654411764705883,0.18165367483296213,0.11168399975928273
macaroni1,1,2,bad/014.JPG,2041,1.0,0.7663152588864927,0.9951004409603136,0.8183104064466319,1,2.0966796875,0.08262446522712708,0.9818181818181818,-0.004899559039686419,0.05199514756013923
macaroni1,1,2,bad/015.JPG,888,0.7015765765765766,0.12275429812482998,1.0,0.7073524899528323,0,0.897857666015625,0.0697098970413208,0.9208333333333334,0.29842342342342343,0.5845981918280023
macaroni1,1,2,bad/016.JPG,1157,0.34053586862575624,0.11915467576296948,0.2808988764044944,0.06281689179643316,1,1.1734619140625,0.05087974667549133,0.7909090909090909,-0.05963699222126184,-0.056337783966536326
macaroni1,1,2,bad/017.JPG,1127,0.0,0.0,1.0,0.6381707865878372,1,1.193939208984375,0.009973704814910889,0.7727272727272726,1.0,0.6381707865878372
macaroni1,1,2,bad/018.JPG,4766,0.8541754091481326,0.6113876746203996,0.8464120856063785,0.6478385791098209,4,4.872535705566406,0.043313950300216675,0.8214285714285714,-0.00776332354175413,0.03645090448942134
macaroni1,1,2,bad/019.JPG,455,1.0,0.8464614548693363,1.0,0.7490714573959661,0,0.4539794921875,0.24710378050804138,1.0,0.0,-0.09738999747337018
macaroni1,1,2,bad/020.JPG,2139,0.8485273492286115,0.710980244529853,0.9658719027582983,0.8986596281703452,1,2.2043800354003906,0.026107877492904663,0.7291666666666667,0.11734455352968676,0.1876793836404922
macaroni1,1,2,bad/021.JPG,1140,0.9921052631578947,0.44979462420179,0.9921052631578947,0.48620681402601257,0,1.1580276489257812,0.09508001804351807,0.8057142857142857,0.0,0.03641218982422256
macaroni1,1,2,bad/022.JPG,661,0.9712556732223904,0.6511104425431764,0.9848714069591528,0.7924857489819578,0,0.663177490234375,0.08990979194641113,0.8980392156862745,0.013615733736762392,0.14137530643878138
macaroni1,1,2,bad/023.JPG,305,1.0,0.9946804991045954,1.0,0.9929067903460328,0,0.3111572265625,0.22196027636528015,1.0,0.0,-0.001773708758562642
macaroni1,1,2,bad/024.JPG,471,1.0,0.9594862209173973,1.0,0.9857630562730568,0,0.4847412109375,0.25600630044937134,0.9083333333333332,0.0,0.0262768353556595
macaroni1,1,2,bad/025.JPG,500,1.0,0.964618946273601,1.0,0.9988962976991006,0,0.5,0.3343501389026642,1.0,0.0,0.03427735142549959
macaroni1,1,2,bad/026.JPG,309,1.0,0.9903123421389259,1.0,0.9986544232989708,0,0.32647705078125,0.2652086317539215,1.0,0.0,0.008342081160044867
macaroni1,1,2,bad/027.JPG,790,1.0,0.9573605487903319,1.0,0.9970737949903354,0,0.81134033203125,0.25044089555740356,0.9953703703703703,0.0,0.039713246200003494
macaroni1,1,2,bad/028.JPG,372,1.0,0.867003489976463,1.0,0.9894250979583188,0,0.392822265625,0.1744193434715271,0.9967320261437909,0.0,0.12242160798185575
macaroni1,1,2,bad/029.JPG,393,1.0,0.9798438112137309,1.0,0.9985906166120732,0,0.4030914306640625,0.2116343379020691,1.0,0.0,0.01874680539834228
macaroni1,1,2,bad/030.JPG,296,1.0,0.9916729112441717,1.0,0.998265564620433,0,0.3060798645019531,0.20323345065116882,0.8291666666666666,0.0,0.006592653376261359
macaroni1,1,2,bad/031.JPG,576,1.0,0.9801535243766185,1.0,0.9946364715448316,0,0.5866622924804688,0.2647784650325775,1.0,0.0,0.014482947168213078
macaroni1,1,2,bad/032.JPG,299,1.0,0.9690405816880118,1.0,0.9995061951583691,0,0.2958984375,0.10280507802963257,0.9625,0.0,0.030465613470357367
macaroni1,1,2,bad/033.JPG,418,1.0,0.9729280786838346,1.0,0.9969396529403907,0,0.43359375,0.23509737849235535,1.0,0.0,0.02401157425655609
macaroni1,1,2,bad/034.JPG,224,1.0,0.9943737477646386,1.0,0.9983611086776752,0,0.22958755493164062,0.10407614707946777,0.9874999999999999,0.0,0.003987360913036642
macaroni1,1,2,bad/035.JPG,211,1.0,0.9636795274649548,1.0,0.9904749477289678,0,0.22447967529296875,0.1354922354221344,0.9958333333333332,0.0,0.026795420264013048
macaroni1,1,2,bad/036.JPG,607,0.9670510708401977,0.5524337788438262,0.985172981878089,0.6384137930315118,0,0.5766410827636719,0.22520458698272705,0.874328678839957,0.018121911037891292,0.08598001418768564
macaroni1,1,2,bad/037.JPG,531,1.0,0.9873215116339598,1.0,0.997154531116742,0,0.5408248901367188,0.25988009572029114,1.0,0.0,0.009833019482782257
macaroni1,1,2,bad/038.JPG,1297,1.0,0.9323960757919966,1.0,0.9661626582650031,1,1.3523750305175781,0.36407944560050964,0.9878472222222222,0.0,0.03376658247300657
macaroni1,1,2,bad/039.JPG,1091,1.0,0.9268864062443827,1.0,0.9441509799569727,0,1.0866546630859375,0.20432627201080322,0.8988095238095238,0.0,0.017264573712590048
macaroni1,1,2,bad/040.JPG,1679,0.9922572960095295,0.8262518357706818,1.0,0.8741105668751428,1,1.719146728515625,0.21727055311203003,0.9618055555555556,0.007742703990470501,0.04785873110446093
macaroni1,1,2,bad/041.JPG,2056,0.9965953307392996,0.8368247364761638,0.9961089494163424,0.7981992745778512,1,2.0715560913085938,0.23845627903938293,0.9507936507936509,-0.0004863813229571967,-0.03862546189831262
macaroni1,1,2,bad/042.JPG,1717,0.9679673849737915,0.830891250652921,0.9848573092603378,0.8595478024725153,1,1.7500762939453125,0.28167858719825745,0.9567307692307692,0.016889924286546232,0.028656551819594256
macaroni1,1,2,bad/043.JPG,1685,0.9899109792284867,0.9721803248826172,1.0,0.9882104207224598,0,1.7652397155761719,0.2380988597869873,0.8787037037037038,0.010089020771513302,0.016030095839842606
macaroni1,1,2,bad/044.JPG,1793,1.0,0.9227419868870212,1.0,0.9160724084421942,1,1.8418464660644531,0.23247811198234558,0.8247863247863247,0.0,-0.006669578444827073
macaroni1,1,2,bad/045.JPG,2153,1.0,0.9456901099047912,1.0,0.8953030404657841,1,2.17852783203125,0.2511117160320282,1.0,0.0,-0.05038706943900706
macaroni1,1,2,bad/046.JPG,3023,0.9841217333774396,0.8917677836909423,0.9801521667217995,0.8805924970687969,2,3.0665130615234375,0.21774235367774963,0.8985005767012687,-0.003969566655640078,-0.011175286622145397
macaroni1,1,2,bad/047.JPG,2142,1.0,0.9483755063923746,1.0,0.9698367596292268,1,2.224609375,0.24323290586471558,0.9586894586894587,0.0,0.021461253236852218
macaroni1,1,2,bad/048.JPG,496,1.0,0.9931263224217468,1.0,0.9992827515025116,0,0.505157470703125,0.33138447999954224,0.8333333333333333,0.0,0.006156429080764747
macaroni1,1,2,bad/049.JPG,472,0.961864406779661,0.8830370779832953,1.0,0.9945065616251633,0,0.479522705078125,0.10700595378875732,0.7666666666666666,0.03813559322033899,0.11146948364186793
macaroni1,1,2,bad/050.JPG,812,0.9199507389162561,0.8218381020260487,0.9655172413793104,0.9023815444512002,0,0.8317108154296875,0.1575981080532074,0.5791666666666666,0.04556650246305427,0.08054344242515155
macaroni1,1,2,bad/051.JPG,1024,0.736328125,0.6150710166106422,1.0,0.9841074806585238,0,1.05615234375,0.040348321199417114,0.8875,0.263671875,0.3690364640478816
macaroni1,1,2,bad/052.JPG,1075,1.0,0.9862585280067878,1.0,0.9979632277946873,1,1.097076416015625,0.29130733013153076,1.0,0.0,0.011704699787899453
macaroni1,1,2,bad/053.JPG,1244,1.0,0.8105888565132375,1.0,0.9106847834802478,0,1.24481201171875,0.18872863054275513,0.8750000000000001,0.0,0.1000959269670103
macaroni1,1,2,bad/054.JPG,1114,0.6283662477558348,0.33051591154056276,0.9775583482944344,0.6469016745803408,0,1.1275634765625,0.07932737469673157,0.8712121212121212,0.3491921005385996,0.316385763039778
macaroni1,1,2,bad/055.JPG,673,0.9435364041604755,0.30464417456087484,0.8959881129271917,0.27893883645336853,1,0.6838836669921875,0.034593790769577026,0.8269230769230769,-0.047548291233283746,-0.025705338107506304
macaroni1,1,2,bad/056.JPG,1206,0.9933665008291874,0.8120494824377811,1.0,0.93856971179916,1,1.2193603515625,0.1751663088798523,0.8282828282828283,0.0066334991708125735,0.12652022936137897
macaroni1,1,2,bad/057.JPG,463,1.0,0.906258701749549,1.0,0.9477680198050678,0,0.48980712890625,0.27468836307525635,0.8,0.0,0.04150931805551872
macaroni1,1,2,bad/058.JPG,1748,1.0,0.9806322601466144,1.0,0.9741261447537517,2,1.816253662109375,0.2311762273311615,0.8757575757575757,0.0,-0.006506115392862721
macaroni1,1,2,bad/059.JPG,989,1.0,0.9853248046282334,1.0,0.9987274738643398,1,1.0306053161621094,0.0056355297565460205,0.6515151515151515,0.0,0.013402669236106446
macaroni1,1,2,bad/060.JPG,1248,0.7115384615384616,0.284706063478586,1.0,0.8294688529485827,1,1.2653541564941406,0.0750085711479187,0.8,0.28846153846153844,0.5447627894699967
macaroni1,1,2,bad/061.JPG,570,1.0,0.9913646273637844,1.0,0.9965021736345692,0,0.571380615234375,0.30021288990974426,0.9944444444444444,0.0,0.005137546270784776
macaroni1,1,2,bad/062.JPG,758,1.0,0.9158755267346709,1.0,0.9898917537741059,0,0.7702980041503906,0.06902095675468445,0.8402777777777777,0.0,0.074016227039435
macaroni1,1,2,bad/063.JPG,1114,0.9964093357271095,0.767681383595682,1.0,0.8781660717512189,0,1.13763427734375,0.25037020444869995,0.9747474747474748,0.0035906642728904536,0.1104846881555368
macaroni1,1,2,bad/064.JPG,698,1.0,0.9851263577036629,1.0,0.9754350730778449,0,0.7244606018066406,0.1910196840763092,0.9083333333333334,0.0,-0.00969128462581792
macaroni1,1,2,bad/065.JPG,1297,1.0,0.9960036807873465,1.0,0.9984144683788815,1,1.3319435119628906,0.34790217876434326,0.9787878787878788,0.0,0.002410787591535013
macaroni1,1,2,bad/066.JPG,1201,1.0,0.9549131295057489,1.0,0.9781373988251141,0,1.2397918701171875,0.2765394449234009,0.906060606060606,0.0,0.023224269319365165
macaroni1,1,2,bad/067.JPG,1791,0.8743718592964824,0.623527967562258,0.9776661083193746,0.7256479181224643,1,1.831573486328125,0.056284308433532715,0.7859445519019987,0.10329424902289219,0.10211995056020629
macaroni1,1,2,bad/068.JPG,1006,1.0,0.921344590301221,1.0,0.9251650081315732,0,1.0303955078125,0.2126654088497162,0.9217171717171717,0.0,0.003820417830352252
macaroni1,1,2,bad/069.JPG,679,1.0,0.986848318404101,1.0,0.9973957049862853,0,0.688812255859375,0.25330713391304016,1.0,0.0,0.010547386582184237
macaroni1,1,2,bad/070.JPG,531,0.615819209039548,0.4262349076441263,1.0,0.7414386779490928,0,0.5356063842773438,0.085843026638031,0.8977272727272727,0.384180790960452,0.3152037703049665
macaroni1,1,2,bad/071.JPG,268,0.585820895522388,0.1625771050858442,0.585820895522388,0.2978973677465363,0,0.301025390625,0.12137886881828308,0.9419642857142858,0.0,0.1353202626606921
macaroni1,1,2,bad/072.JPG,703,0.37980085348506404,0.20733429612122758,0.5391180654338549,0.2667475462013786,0,0.7499465942382812,0.04088929295539856,0.7711187214611872,0.15931721194879084,0.059413250080151
macaroni1,1,2,bad/073.JPG,729,1.0,0.8362206556788022,0.9972565157750343,0.8871257507626336,1,0.7498016357421875,0.22842681407928467,0.9628865979381444,-0.002743484224965731,0.05090509508383134
macaroni1,1,2,bad/074.JPG,723,0.5131396957123098,0.16560572120251027,0.3969571230982019,0.1733074987883204,0,0.7907600402832031,0.06601479649543762,0.7712765957446809,-0.11618257261410786,0.007701777585810143
macaroni1,1,2,bad/075.JPG,127,0.968503937007874,0.8510055281252568,0.7480314960629921,0.5236493005729633,0,0.117340087890625,0.2819841504096985,1.0,-0.22047244094488183,-0.32735622755229343
macaroni1,1,2,bad/076.JPG,136,0.3235294117647059,0.48683014079839476,0.6838235294117647,0.5830577199331668,0,0.168365478515625,0.13410094380378723,0.7777777777777778,0.3602941176470588,0.09622757913477203
macaroni1,1,2,bad/077.JPG,234,0.5598290598290598,0.2625832346553067,0.8931623931623932,0.4176469968595427,0,0.2193450927734375,0.09478461742401123,0.8520408163265306,0.33333333333333337,0.155063762204236
macaroni1,1,2,bad/078.JPG,613,0.6835236541598695,0.2753353238178941,0.8287112561174551,0.4435417762715323,0,0.5969390869140625,0.19380000233650208,0.857070707070707,0.14518760195758562,0.1682064524536382
macaroni1,1,2,bad/079.JPG,651,0.271889400921659,0.08452641332393124,0.35023041474654376,0.09695433113922694,0,0.6224288940429688,0.018406301736831665,0.6494038748137109,0.07834101382488479,0.012427917815295703
macaroni1,1,2,bad/080.JPG,1149,0.39338555265448216,0.04573452887878424,0.7241079199303743,0.10837354197658947,1,1.1890106201171875,0.057521969079971313,0.9375,0.3307223672758921,0.06263901309780523
macaroni1,1,2,bad/081.JPG,219,0.771689497716895,0.18670718728276284,0.7990867579908676,0.2584469774309614,0,0.23974990844726562,0.20058295130729675,0.925,0.0273972602739726,0.07173979014819856
macaroni1,1,2,bad/082.JPG,181,0.6574585635359116,0.3249355054676951,0.7071823204419889,0.5501422888553112,0,0.16835403442382812,0.13710075616836548,0.9285714285714286,0.04972375690607733,0.22520678338761613
macaroni1,1,2,bad/083.JPG,181,0.3370165745856354,0.4045019172470153,0.5359116022099447,0.5984395451573628,0,0.18873214721679688,0.03679504990577698,0.851388888888889,0.19889502762430933,0.19393762791034747
macaroni1,1,2,bad/084.JPG,214,0.8925233644859814,0.3466182196020906,0.9392523364485982,0.5688184883002012,0,0.23975372314453125,0.22655203938484192,0.8791666666666667,0.04672897196261683,0.2222002686981106
macaroni1,1,2,bad/085.JPG,810,0.7012345679012346,0.25685777864514364,0.8925925925925926,0.6720877430106559,0,0.7601318359375,0.09347274899482727,0.8214285714285714,0.191358024691358,0.41522996436551224
macaroni1,1,2,bad/086.JPG,1274,0.9544740973312402,0.7283862022200205,0.9827315541601256,0.7047167743394862,0,1.2858352661132812,0.13347038626670837,0.8730158730158729,0.028257456828885363,-0.023669427880534277
macaroni1,1,2,bad/087.JPG,614,0.3501628664495114,0.09670997466971303,0.36644951140065146,0.06588248652838118,0,0.6580772399902344,0.044519662857055664,0.903125,0.016286644951140072,-0.03082748814133185
macaroni1,1,2,bad/088.JPG,413,1.0,0.9631852875135116,1.0,0.9701602279015094,0,0.4285621643066406,0.13947412371635437,0.9398148148148148,0.0,0.00697494038799773
macaroni1,1,2,bad/089.JPG,425,0.9788235294117648,0.8214797278717823,0.9294117647058824,0.8843027798293646,0,0.4235038757324219,0.04580742120742798,0.8472222222222222,-0.04941176470588238,0.06282305195758231
macaroni1,1,2,bad/090.JPG,809,0.6093943139678616,0.32181656991844587,0.8318912237330037,0.42072789620333007,0,0.77032470703125,0.0932784378528595,0.8855555555555555,0.22249690976514214,0.0989113262848842
macaroni1,1,2,bad/091.JPG,481,0.8295218295218295,0.6763208928587494,0.975051975051975,0.6512862804840078,0,0.4642982482910156,0.17830416560173035,0.9081632653061225,0.14553014553014554,-0.025034612374741583
macaroni1,1,2,bad/092.JPG,939,1.0,0.7255216303574805,0.9701810436634718,0.7347039340338763,0,0.9796638488769531,0.1560976803302765,0.8416666666666668,-0.029818956336528202,0.009182303676395831
macaroni1,1,2,bad/093.JPG,917,0.7513631406761178,0.12367699149642218,0.8931297709923665,0.34860207371723084,0,0.95391845703125,0.05403339862823486,0.7514880952380952,0.1417666303162487,0.22492508222080865
macaroni1,1,2,bad/094.JPG,510,0.45098039215686275,0.15747343576054765,0.5862745098039216,0.2982887006730939,0,0.5152320861816406,0.03992077708244324,0.7731481481481481,0.13529411764705884,0.14081526491254623
macaroni1,1,2,bad/095.JPG,333,0.8258258258258259,0.6220212927530001,0.9309309309309309,0.7573202633091027,0,0.3417701721191406,0.12713634967803955,0.8712121212121212,0.10510510510510507,0.13529897055610263
macaroni1,1,2,bad/096.JPG,1728,0.03877314814814815,0.003330349746670145,0.0,0.0,0,1.821441650390625,0.049076974391937256,0.7551282051282051,-0.03877314814814815,-0.003330349746670145
macaroni1,1,2,bad/097.JPG,715,0.7104895104895105,0.13330360735766142,0.9384615384615385,0.3454182230598647,0,0.7092704772949219,0.0379733145236969,0.7596153846153846,0.22797202797202798,0.21211461570220327
macaroni1,1,2,bad/098.JPG,818,0.9572127139364304,0.2562798753274331,0.9657701711491442,0.2915379036122941,0,0.8367576599121094,0.02837163209915161,0.7728937728937729,0.008557457212713837,0.035258028284860965
macaroni1,1,2,bad/099.JPG,1481,0.925050641458474,0.5565836812827396,0.9182984469952734,0.5362570706501864,1,1.5252342224121094,0.1283625364303589,0.8317460317460317,-0.006752194463200634,-0.020326610632553255
macaroni1,4,0,bad/000.JPG,1020,1.0,0.6897764101026188,0.9588235294117647,0.5153309878211251,1,1.0358047485351562,0.027036964893341064,0.875,-0.04117647058823526,-0.17444542228149373
macaroni1,4,0,bad/001.JPG,765,0.2235294117647059,0.07414711223421899,0.8679738562091504,0.5022520656046339,0,0.770416259765625,0.018641620874404907,0.7541666666666667,0.6444444444444445,0.4281049533704149
macaroni1,4,0,bad/002.JPG,1473,1.0,0.9195958660262068,1.0,0.9662099329839371,1,1.520263671875,0.08156964182853699,0.8787878787878788,0.0,0.046614066957730294
macaroni1,4,0,bad/003.JPG,518,0.9459459459459459,0.4865982417385172,0.8166023166023166,0.49290460259402175,0,0.530548095703125,0.014783740043640137,0.7611111111111111,-0.1293436293436293,0.006306360855504567
macaroni1,4,0,bad/004.JPG,303,1.0,0.9797031072043708,1.0,0.9920525764666935,0,0.3009986877441406,0.07330626249313354,0.9166666666666666,0.0,0.012349469262322721
macaroni1,4,0,bad/005.JPG,663,1.0,0.38721571026817453,1.0,0.5675405563322892,1,0.68853759765625,0.026040375232696533,0.837121212121212,0.0,0.18032484606411464
macaroni1,4,0,bad/006.JPG,1385,1.0,0.9556225121819195,1.0,0.9589303752600206,0,1.4286575317382812,0.11380669474601746,0.9722222222222222,0.0,0.0033078630781010476
macaroni1,4,0,bad/007.JPG,4260,0.9694835680751174,0.7447131259048811,1.0,0.9360454668600843,3,4.3521728515625,0.049844712018966675,0.8974358974358975,0.030516431924882625,0.19133234095520313
macaroni1,4,0,bad/008.JPG,748,1.0,0.8788839537293874,1.0,0.9646488753478096,0,0.76544189453125,0.06707179546356201,0.925,0.0,0.0857649216184222
macaroni1,4,0,bad/009.JPG,3379,1.0,0.867879392770801,1.0,0.8898669414767746,3,3.4487686157226562,0.06999361515045166,0.98,0.0,0.021987548705973636
macaroni1,4,0,bad/010.JPG,3514,1.0,0.9425917477335429,1.0,0.8862981558017232,4,3.6175537109375,0.09700602293014526,0.982638888888889,0.0,-0.05629359193181971
macaroni1,4,0,bad/011.JPG,1242,1.0,0.9411598437320198,1.0,0.8812209425695803,0,1.2601814270019531,0.06484204530715942,0.97724399494311,0.0,-0.059938901162439495
macaroni1,4,0,bad/012.JPG,2344,0.9991467576791809,0.9107169438191587,1.0,0.928554115427593,2,2.382781982421875,0.024959713220596313,0.7857142857142857,0.0008532423208190698,0.017837171608434343
macaroni1,4,0,bad/013.JPG,7184,0.892956570155902,0.5300330983155372,0.8752783964365256,0.5517342868561292,7,7.3520050048828125,0.027672559022903442,0.8088235294117647,-0.01767817371937641,0.021701188540591998
macaroni1,4,0,bad/014.JPG,2041,1.0,0.9741597129045088,1.0,0.9807412542415062,1,2.0966796875,0.08805659413337708,1.0,0.0,0.0065815413369973985
macaroni1,4,0,bad/015.JPG,888,0.9650900900900901,0.4003190747366375,1.0,0.912241216123324,0,0.897857666015625,0.0636521577835083,0.9666666666666667,0.03490990990990994,0.5119221413866865
macaroni1,4,0,bad/016.JPG,1157,1.0,0.9429075024344452,1.0,0.9224831473552105,1,1.1734619140625,0.04251497983932495,0.8939393939393939,0.0,-0.02042435507923468
macaroni1,4,0,bad/017.JPG,1127,1.0,0.8515035713000758,1.0,0.9894195235406011,1,1.193939208984375,0.04592961072921753,0.9454545454545454,0.0,0.13791595224052533
macaroni1,4,0,bad/018.JPG,4766,0.8036088963491398,0.6890224994510143,0.9227864036928242,0.6909711604769442,4,4.872535705566406,0.05319949984550476,0.7668650793650793,0.11917750734368437,0.001948661025929832
macaroni1,4,0,bad/019.JPG,455,1.0,0.9717158286915545,1.0,0.8939883251839726,0,0.4539794921875,0.1920287013053894,1.0,0.0,-0.07772750350758184
macaroni1,4,0,bad/020.JPG,2139,0.9943899018232819,0.900534253597064,0.9897148200093502,0.9161766652745009,1,2.2043800354003906,0.054574936628341675,0.9134615384615384,-0.004675081813931725,0.015642411677436963
macaroni1,4,0,bad/021.JPG,1140,0.9921052631578947,0.4942999411260776,0.9921052631578947,0.4975975290255087,0,1.1580276489257812,0.09184455871582031,0.8704761904761905,0.0,0.003297587899431076
macaroni1,4,0,bad/022.JPG,661,0.9954614220877458,0.8779381065958114,1.0,0.8969708508579453,0,0.663177490234375,0.07872933149337769,0.9254901960784313,0.004538577912254205,0.01903274426213386
macaroni1,4,0,bad/023.JPG,305,1.0,0.9981695713008994,1.0,0.9975776388475973,0,0.3111572265625,0.2079051434993744,1.0,0.0,-0.0005919324533021353
macaroni1,4,0,bad/024.JPG,471,1.0,0.9947500282363808,1.0,0.9993635142892682,0,0.4847412109375,0.23036417365074158,0.9791666666666666,0.0,0.004613486052887361
macaroni1,4,0,bad/025.JPG,500,1.0,0.9963166269372475,1.0,0.9991991991991991,0,0.5,0.3089326024055481,1.0,0.0,0.0028825722619515437
macaroni1,4,0,bad/026.JPG,309,1.0,0.9972255738249888,1.0,0.9990265346252403,0,0.32647705078125,0.29412978887557983,1.0,0.0,0.0018009608002514943
macaroni1,4,0,bad/027.JPG,790,1.0,0.9803978378346045,1.0,0.995754798084837,0,0.81134033203125,0.2587167024612427,0.9976851851851851,0.0,0.015356960250232476
macaroni1,4,0,bad/028.JPG,372,1.0,0.9876777883155093,1.0,0.9946166447144508,0,0.392822265625,0.1355590522289276,0.9967320261437909,0.0,0.006938856398941429
macaroni1,4,0,bad/029.JPG,393,1.0,0.9936519698296742,1.0,0.9994320019765313,0,0.4030914306640625,0.19490104913711548,1.0,0.0,0.0057800321468570726
macaroni1,4,0,bad/030.JPG,296,1.0,0.960531295302553,1.0,0.9891837539999215,0,0.3060798645019531,0.1804843544960022,0.8916666666666666,0.0,0.028652458697368544
macaroni1,4,0,bad/031.JPG,576,1.0,0.9778325861735078,1.0,0.9938367415570426,0,0.5866622924804688,0.22904574871063232,1.0,0.0,0.016004155383534835
macaroni1,4,0,bad/032.JPG,299,1.0,0.9888429195714743,1.0,0.9995900921326347,0,0.2958984375,0.12823015451431274,0.9833333333333334,0.0,0.010747172561160423
macaroni1,4,0,bad/033.JPG,418,1.0,0.9985567503506495,1.0,0.9992452378812424,0,0.43359375,0.25478559732437134,1.0,0.0,0.0006884875305929183
macaroni1,4,0,bad/034.JPG,224,1.0,0.957605428251074,1.0,0.9961546367796367,0,0.22958755493164062,0.09370192885398865,0.9958333333333332,0.0,0.038549208528562695
macaroni1,4,0,bad/035.JPG,211,1.0,0.9905291987140005,1.0,0.9969519270514295,0,0.22447967529296875,0.11943194270133972,0.9916666666666666,0.0,0.006422728337429073
macaroni1,4,0,bad/036.JPG,607,0.9621087314662273,0.5560483871648714,0.9670510708401977,0.6344191553051544,0,0.5766410827636719,0.19868576526641846,0.8850698174006444,0.0049423393739703725,0.07837076814028299
macaroni1,4,0,bad/037.JPG,531,1.0,0.9971251288387634,1.0,0.9988104865694319,0,0.5408248901367188,0.2541138827800751,1.0,0.0,0.0016853577306685796
macaroni1,4,0,bad/038.JPG,1297,1.0,0.9565948494646864,1.0,0.9696373064266256,1,1.3523750305175781,0.3159674108028412,0.9947916666666667,0.0,0.013042456961939175
macaroni1,4,0,bad/039.JPG,1091,1.0,0.9544096859467999,1.0,0.9655744215464381,0,1.0866546630859375,0.1898963749408722,0.8472222222222222,0.0,0.011164735599638265
macaroni1,4,0,bad/040.JPG,1679,1.0,0.9667284483184637,1.0,0.9708903481321731,1,1.719146728515625,0.21480992436408997,0.986111111111111,0.0,0.004161899813709402
macaroni1,4,0,bad/041.JPG,2056,1.0,0.9414863751085819,1.0,0.9241012734383093,1,2.0715560913085938,0.19996637105941772,0.9523809523809524,0.0,-0.01738510167027263
macaroni1,4,0,bad/042.JPG,1717,0.9953407105416424,0.8994679131728961,1.0,0.9345742074966886,1,1.7500762939453125,0.2687046229839325,0.9791666666666667,0.004659289458357585,0.03510629432379253
macaroni1,4,0,bad/043.JPG,1685,1.0,0.9885995405220593,1.0,0.9900418804628305,0,1.7652397155761719,0.2277967631816864,0.8916666666666667,0.0,0.0014423399407711424
macaroni1,4,0,bad/044.JPG,1793,1.0,0.9594068434428671,1.0,0.9585049468274983,1,1.8418464660644531,0.17676490545272827,0.8575498575498575,0.0,-0.0009018966153687691
macaroni1,4,0,bad/045.JPG,2153,1.0,0.9799608871286732,1.0,0.9720046583436132,1,2.17852783203125,0.2268732190132141,1.0,0.0,-0.007956228785060082
macaroni1,4,0,bad/046.JPG,3023,0.9887528944756864,0.9177404937921149,0.986437313926563,0.9168960149609803,2,3.0665130615234375,0.19533583521842957,0.8961937716262977,-0.002315580549123397,-0.0008444788311345874
macaroni1,4,0,bad/047.JPG,2142,1.0,0.9696506195145349,1.0,0.9706359502442691,1,2.224609375,0.22907134890556335,0.9387464387464387,0.0,0.0009853307297341685
macaroni1,4,0,bad/048.JPG,496,1.0,0.9960742017244084,1.0,0.9992889073564506,0,0.505157470703125,0.29510173201560974,0.8944444444444444,0.0,0.0032147056320421807
macaroni1,4,0,bad/049.JPG,472,1.0,0.970159912801283,1.0,0.9970865363675546,0,0.479522705078125,0.07481244206428528,0.9249999999999999,0.0,0.026926623566271624
macaroni1,4,0,bad/050.JPG,812,1.0,0.9562816792442971,1.0,0.9787410780455549,0,0.8317108154296875,0.14526775479316711,0.7291666666666666,0.0,0.0224593988012578
macaroni1,4,0,bad/051.JPG,1024,0.865234375,0.6554477178199533,1.0,0.9882947498377381,0,1.05615234375,0.030577033758163452,0.9083333333333333,0.134765625,0.33284703201778487
macaroni1,4,0,bad/052.JPG,1075,1.0,0.9985776572018629,1.0,0.9986510408725647,1,1.097076416015625,0.2731986939907074,1.0,0.0,7.338367070186536e-05
macaroni1,4,0,bad/053.JPG,1244,1.0,0.8537553534144982,1.0,0.8993485653061628,0,1.24481201171875,0.16093844175338745,0.9166666666666666,0.0,0.04559321189166465
macaroni1,4,0,bad/054.JPG,1114,0.8895870736086176,0.7410907896806723,1.0,0.8367030843669062,0,1.1275634765625,0.09138798713684082,0.8156565656565656,0.11041292639138245,0.09561229468623389
macaroni1,4,0,bad/055.JPG,673,0.9331352154531947,0.31942849889305114,0.9598811292719168,0.37048668478080343,1,0.6838836669921875,0.0423697829246521,0.8846153846153846,0.026745913818722156,0.051058185887752294
macaroni1,4,0,bad/056.JPG,1206,1.0,0.8830202288304669,1.0,0.9471522364250914,1,1.2193603515625,0.1017102301120758,0.8106060606060606,0.0,0.06413200759462445
macaroni1,4,0,bad/057.JPG,463,1.0,0.9137868073440797,1.0,0.978532714974989,0,0.48980712890625,0.19460079073905945,0.8958333333333333,0.0,0.06474590763090926
macaroni1,4,0,bad/058.JPG,1748,1.0,0.994812409354125,1.0,0.9898016391631861,2,1.816253662109375,0.2517736554145813,0.8454545454545455,0.0,-0.0050107701909388735
macaroni1,4,0,bad/059.JPG,989,1.0,0.9959287240066502,1.0,0.9990238998374537,1,1.0306053161621094,0.0015011131763458252,0.6393939393939394,0.0,0.0030951758308034316
macaroni1,4,0,bad/060.JPG,1248,0.8020833333333334,0.2679535889839944,1.0,0.8584509036930208,1,1.2653541564941406,0.06091028451919556,0.8515151515151514,0.19791666666666663,0.5904973147090264
macaroni1,4,0,bad/061.JPG,570,1.0,0.9984758321358079,1.0,0.9990714912794887,0,0.571380615234375,0.25460973381996155,1.0,0.0,0.0005956591436807601
macaroni1,4,0,bad/062.JPG,758,0.9934036939313984,0.855684197803758,1.0,0.993965114628258,0,0.7702980041503906,0.05134895443916321,0.8819444444444444,0.006596306068601621,0.13828091682449994
macaroni1,4,0,bad/063.JPG,1114,1.0,0.9671584381379456,1.0,0.9857859218747036,0,1.13763427734375,0.21129775047302246,0.9747474747474748,0.0,0.018627483736758044
macaroni1,4,0,bad/064.JPG,698,1.0,0.9980086123392753,1.0,0.9976562269753741,0,0.7244606018066406,0.1677049994468689,0.8875000000000001,0.0,-0.00035238536390114206
macaroni1,4,0,bad/065.JPG,1297,1.0,0.9747846457018235,1.0,0.9964938406477477,1,1.3319435119628906,0.30673956871032715,0.9878787878787879,0.0,0.02170919494592416
macaroni1,4,0,bad/066.JPG,1201,1.0,0.991769052664336,1.0,0.9929043815122651,0,1.2397918701171875,0.2689739763736725,0.9212121212121213,0.0,0.0011353288479291068
macaroni1,4,0,bad/067.JPG,1791,0.785036292573981,0.4763148228791254,0.8983807928531546,0.5457616723039668,1,1.831573486328125,0.014727592468261719,0.7981947130883301,0.11334450027917364,0.06944684942484136
macaroni1,4,0,bad/068.JPG,1006,1.0,0.9716562654272731,1.0,0.9732367379130443,0,1.0303955078125,0.18535205721855164,0.8737373737373738,0.0,0.0015804724857712005
macaroni1,4,0,bad/069.JPG,679,1.0,0.997493236180893,1.0,0.9991499154822272,0,0.688812255859375,0.2590787410736084,1.0,0.0,0.001656679301334174
macaroni1,4,0,bad/070.JPG,531,0.7382297551789078,0.5996188436760783,1.0,0.748375313786123,0,0.5356063842773438,0.060019105672836304,0.8863636363636364,0.26177024482109224,0.14875647011004467
macaroni1,4,0,bad/071.JPG,268,0.75,0.3474466527637499,0.9925373134328358,0.7309980914171493,0,0.301025390625,0.10007745027542114,0.9508928571428571,0.2425373134328358,0.3835514386533994
macaroni1,4,0,bad/072.JPG,703,0.4566145092460882,0.24343881387413363,0.7027027027027027,0.4466205443520972,0,0.7499465942382812,0.033678650856018066,0.8093607305936072,0.24608819345661453,0.20318173047796356
macaroni1,4,0,bad/073.JPG,729,1.0,0.8991292901292591,1.0,0.925129485333398,1,0.7498016357421875,0.1939733922481537,0.9639175257731959,0.0,0.026000195204138876
macaroni1,4,0,bad/074.JPG,723,0.6210235131396957,0.2917042362128408,0.7081604426002767,0.36303180575806243,0,0.7907600402832031,0.045238763093948364,0.7960992907801419,0.08713692946058094,0.07132756954522163
macaroni1,4,0,bad/075.JPG,127,0.9763779527559056,0.863603650202967,0.8346456692913385,0.5095084737433608,0,0.117340087890625,0.28180375695228577,1.0,-0.141732283464567,-0.3540951764596062
macaroni1,4,0,bad/076.JPG,136,0.5220588235294118,0.7842457955028065,0.8382352941176471,0.5648287261184087,0,0.168365478515625,0.16650936007499695,0.8361111111111111,0.3161764705882353,-0.21941706938439776
macaroni1,4,0,bad/077.JPG,234,0.44017094017094016,0.2672502447777723,0.8931623931623932,0.6071398302129032,0,0.2193450927734375,0.06841674447059631,0.8758503401360543,0.45299145299145305,0.33988958543513087
macaroni1,4,0,bad/078.JPG,613,0.8988580750407831,0.5628709418426211,0.8841761827079935,0.6165725632411865,0,0.5969390869140625,0.19769549369812012,0.8878787878787879,-0.014681892332789603,0.05370162139856538
macaroni1,4,0,bad/079.JPG,651,0.5053763440860215,0.17557338494057204,0.41013824884792627,0.1501992424800304,0,0.6224288940429688,0.021252185106277466,0.6415797317436661,-0.09523809523809523,-0.02537414246054165
macaroni1,4,0,bad/080.JPG,1149,0.6657963446475196,0.248927746063771,0.7824194952132288,0.40883332484934093,1,1.1890106201171875,0.06964519619941711,0.9111111111111112,0.11662315056570927,0.15990557878556994
macaroni1,4,0,bad/081.JPG,219,0.771689497716895,0.1954339131616409,0.8310502283105022,0.2868891498721328,0,0.23974990844726562,0.14127510786056519,0.951388888888889,0.05936073059360725,0.09145523671049191
macaroni1,4,0,bad/082.JPG,181,0.8066298342541437,0.6220936572097124,0.7679558011049724,0.6615806868095068,0,0.16835403442382812,0.11607202887535095,0.9523809523809523,-0.03867403314917128,0.03948702959979433
macaroni1,4,0,bad/083.JPG,181,0.6132596685082873,0.6806856056139184,1.0,0.8952398582132964,0,0.18873214721679688,0.05357539653778076,0.8708333333333333,0.3867403314917127,0.214554252599378
macaroni1,4,0,bad/084.JPG,214,0.9392523364485982,0.5614012979726812,0.9813084112149533,0.7345478063798535,0,0.23975372314453125,0.20012450218200684,0.8736111111111111,0.04205607476635509,0.17314650840717227
macaroni1,4,0,bad/085.JPG,810,0.9185185185185185,0.6594261249819274,0.9987654320987654,0.8774459686288462,0,0.7601318359375,0.10650229454040527,0.8392857142857143,0.08024691358024694,0.21801984364691873
macaroni1,4,0,bad/086.JPG,1274,0.9489795918367347,0.6772494953169168,0.9733124018838305,0.7117119422470783,0,1.2858352661132812,0.09811913967132568,0.8002645502645502,0.024332810047095754,0.03446244693016154
macaroni1,4,0,bad/087.JPG,614,0.7068403908794788,0.20034622743201966,1.0,0.8780328558224006,0,0.6580772399902344,0.024991214275360107,0.7104166666666667,0.2931596091205212,0.677686628390381
macaroni1,4,0,bad/088.JPG,413,1.0,0.9894708645620794,1.0,0.9924976325965079,0,0.4285621643066406,0.11422017216682434,0.923611111111111,0.0,0.003026768034428473
macaroni1,4,0,bad/089.JPG,425,0.9505882352941176,0.7840019844999022,0.9741176470588235,0.9409547779926688,0,0.4235038757324219,0.05363348126411438,0.8392857142857143,0.02352941176470591,0.15695279349276658
macaroni1,4,0,bad/090.JPG,809,0.8034610630407911,0.5114294278085668,0.9517923362175525,0.5777674849830298,0,0.77032470703125,0.09270089864730835,0.9366666666666666,0.14833127317676142,0.06633805717446295
macaroni1,4,0,bad/091.JPG,481,0.8835758835758836,0.7073195806953244,0.9854469854469855,0.7481366674071546,0,0.4642982482910156,0.1645626723766327,0.8027210884353742,0.10187110187110193,0.04081708671183015
macaroni1,4,0,bad/092.JPG,939,1.0,0.885507723122585,0.9914802981895634,0.828077980686532,0,0.9796638488769531,0.13033899664878845,0.8821428571428571,-0.008519701810436597,-0.05742974243605292
macaroni1,4,0,bad/093.JPG,917,0.871319520174482,0.21829679354418924,0.9378407851690295,0.5073889224339262,0,0.95391845703125,0.048241883516311646,0.8020833333333333,0.06652126499454747,0.28909212888973695
macaroni1,4,0,bad/094.JPG,510,0.7058823529411765,0.6030463378497133,0.711764705882353,0.4495971813118438,0,0.5152320861816406,0.03304928541183472,0.8865740740740741,0.00588235294117645,-0.1534491565378695
macaroni1,4,0,bad/095.JPG,333,0.9069069069069069,0.57356482278569,0.978978978978979,0.7044309297113168,0,0.3417701721191406,0.12494051456451416,0.9431818181818181,0.07207207207207211,0.13086610692562684
macaroni1,4,0,bad/096.JPG,1728,0.0,0.0,0.23206018518518517,0.07097148122357985,0,1.821441650390625,0.04684361815452576,0.7897435897435896,0.23206018518518517,0.07097148122357985
macaroni1,4,0,bad/097.JPG,715,0.9062937062937063,0.2583613434774596,0.9846153846153847,0.508832617992083,0,0.7092704772949219,0.0535636842250824,0.8445512820512822,0.07832167832167836,0.2504712745146234
macaroni1,4,0,bad/098.JPG,818,0.9743276283618582,0.38883655278490814,0.980440097799511,0.4227983985136502,0,0.8367576599121094,0.02910342812538147,0.8443223443223443,0.006112469437652868,0.03396184572874206
macaroni1,4,0,bad/099.JPG,1481,0.9513841998649561,0.7103179167198783,0.9561107359891965,0.7192116871177534,1,1.5252342224121094,0.07646134495735168,0.7936507936507936,0.004726536124240344,0.00889377039787509
macaroni1,4,1,bad/000.JPG,1020,1.0,0.8577839542421772,1.0,0.7195441186932678,1,1.0358047485351562,0.04149410128593445,0.9333333333333333,0.0,-0.1382398355489094
macaroni1,4,1,bad/001.JPG,765,0.22091503267973855,0.07234930763851842,0.9986928104575163,0.6406620481401145,0,0.770416259765625,0.014942288398742676,0.7625,0.7777777777777778,0.5683127405015961
macaroni1,4,1,bad/002.JPG,1473,0.9938900203665988,0.7701019959061096,1.0,0.951508800409738,1,1.520263671875,0.061301738023757935,0.9181818181818181,0.006109979633401208,0.18140680450362834
macaroni1,4,1,bad/003.JPG,518,1.0,0.7547828348250393,1.0,0.6436408331993106,0,0.530548095703125,0.024434179067611694,0.8555555555555555,0.0,-0.11114200162572863
macaroni1,4,1,bad/004.JPG,303,1.0,0.9453426696996999,1.0,0.9803726793424412,0,0.3009986877441406,0.07507121562957764,0.9166666666666666,0.0,0.03503000964274128
macaroni1,4,1,bad/005.JPG,663,1.0,0.6083387982169117,0.9834087481146304,0.32043618972606785,1,0.68853759765625,0.035053759813308716,0.8863636363636364,-0.016591251885369585,-0.28790260849084387
macaroni1,4,1,bad/006.JPG,1385,1.0,0.8237653690094107,1.0,0.9097063261696331,0,1.4286575317382812,0.09776937961578369,0.9823232323232323,0.0,0.08594095716022243
macaroni1,4,1,bad/007.JPG,4260,1.0,0.8332964624453296,1.0,0.9401965592599889,3,4.3521728515625,0.048386842012405396,0.9333333333333333,0.0,0.10690009681465928
macaroni1,4,1,bad/008.JPG,748,1.0,0.8066656087765434,1.0,0.8961055079585375,0,0.76544189453125,0.056063681840896606,0.8916666666666666,0.0,0.08943989918199413
macaroni1,4,1,bad/009.JPG,3379,1.0,0.815633865071323,1.0,0.8365287539170154,3,3.4487686157226562,0.08062413334846497,0.9655555555555555,0.0,0.02089488884569246
macaroni1,4,1,bad/010.JPG,3514,1.0,0.9399351230257835,1.0,0.9137972055712507,4,3.6175537109375,0.08738839626312256,0.986111111111111,0.0,-0.026137917454532866
macaroni1,4,1,bad/011.JPG,1242,1.0,0.9077576558641367,1.0,0.9269030732470368,0,1.2601814270019531,0.05545198917388916,0.9582806573957016,0.0,0.0191454173829001
macaroni1,4,1,bad/012.JPG,2344,0.9957337883959044,0.8999490952550666,1.0,0.9051139278612486,2,2.382781982421875,0.031765520572662354,0.7876984126984127,0.004266211604095571,0.005164832606181946
macaroni1,4,1,bad/013.JPG,7184,0.6954342984409799,0.3905884535095456,0.8651169265033407,0.5420041688809204,7,7.3520050048828125,0.028721094131469727,0.7132352941176471,0.16968262806236079,0.15141571537137483
macaroni1,4,1,bad/014.JPG,2041,1.0,0.6342676640933498,1.0,0.849170199410886,1,2.0966796875,0.07261204719543457,0.9787878787878788,0.0,0.21490253531753623
macaroni1,4,1,bad/015.JPG,888,1.0,0.5675040230837964,1.0,0.8861078217636389,0,0.897857666015625,0.061127811670303345,0.9874999999999999,0.0,0.31860379867984245
macaroni1,4,1,bad/016.JPG,1157,1.0,0.914027973119649,1.0,0.8952673129974027,1,1.1734619140625,0.041386038064956665,0.8666666666666667,0.0,-0.01876066012224631
macaroni1,4,1,bad/017.JPG,1127,1.0,0.8931058159973411,1.0,0.9612155231137567,1,1.193939208984375,0.05651625990867615,0.9757575757575757,0.0,0.06810970711641562
macaroni1,4,1,bad/018.JPG,4766,0.8825010490977759,0.7263205937590772,0.9488040285354595,0.716428315170553,4,4.872535705566406,0.05188634991645813,0.7628968253968254,0.0663029794376836,-0.00989227858852415
macaroni1,4,1,bad/019.JPG,455,1.0,0.8268885343028785,1.0,0.7402178494283758,0,0.4539794921875,0.22777220606803894,1.0,0.0,-0.08667068487450269
macaroni1,4,1,bad/020.JPG,2139,0.9985974754558204,0.8960348609942805,0.9841047218326321,0.9165642865529989,1,2.2043800354003906,0.05419781804084778,0.8349358974358974,-0.01449275362318836,0.020529425558718395
macaroni1,4,1,bad/021.JPG,1140,0.9921052631578947,0.47419685120316785,0.9921052631578947,0.49080932478985706,0,1.1580276489257812,0.09032273292541504,0.8704761904761905,0.0,0.016612473586689214
macaroni1,4,1,bad/022.JPG,661,0.989409984871407,0.622276241401721,1.0,0.8223275467599217,0,0.663177490234375,0.06991082429885864,0.9294117647058824,0.010590015128593033,0.2000513053582007
macaroni1,4,1,bad/023.JPG,305,1.0,0.9828960107648632,1.0,0.9946255063872683,0,0.3111572265625,0.17352741956710815,1.0,0.0,0.011729495622405106
macaroni1,4,1,bad/024.JPG,471,1.0,0.9810047737656876,1.0,0.9977428883522876,0,0.4847412109375,0.2215118408203125,0.9500000000000001,0.0,0.016738114586600017
macaroni1,4,1,bad/025.JPG,500,1.0,0.9828187406625846,1.0,0.9992705708711715,0,0.5,0.2754785716533661,1.0,0.0,0.01645183020858698
macaroni1,4,1,bad/026.JPG,309,1.0,0.9947144365859197,1.0,0.9987268073150071,0,0.32647705078125,0.29662832617759705,1.0,0.0,0.004012370729087333
macaroni1,4,1,bad/027.JPG,790,1.0,0.976289414632816,1.0,0.9956922074637831,0,0.81134033203125,0.25084519386291504,0.9976851851851851,0.0,0.01940279283096702
macaroni1,4,1,bad/028.JPG,372,1.0,0.9595475114128144,1.0,0.9977195273768932,0,0.392822265625,0.15157464146614075,0.9901960784313725,0.0,0.03817201596407882
macaroni1,4,1,bad/029.JPG,393,1.0,0.9425088591789644,1.0,0.9983443934960337,0,0.4030914306640625,0.1795036494731903,0.9916666666666666,0.0,0.055835534317069224
macaroni1,4,1,bad/030.JPG,296,1.0,0.9888573315490098,1.0,0.9921123914543009,0,0.3060798645019531,0.21286419034004211,0.9333333333333333,0.0,0.003255059905291069
macaroni1,4,1,bad/031.JPG,576,1.0,0.9771371370625465,1.0,0.9953913986963165,0,0.5866622924804688,0.23235923051834106,1.0,0.0,0.018254261633770086
macaroni1,4,1,bad/032.JPG,299,1.0,0.9934743579170615,1.0,0.9995515920941347,0,0.2958984375,0.1612437665462494,0.9958333333333332,0.0,0.006077234177073176
macaroni1,4,1,bad/033.JPG,418,1.0,0.9793315598647246,1.0,0.9990852096115255,0,0.43359375,0.2325960099697113,1.0,0.0,0.019753649746800828
macaroni1,4,1,bad/034.JPG,224,1.0,0.9636600886600888,1.0,0.9962876066041731,0,0.22958755493164062,0.11041194200515747,0.9958333333333332,0.0,0.03262751794408436
macaroni1,4,1,bad/035.JPG,211,1.0,0.9764205786671037,1.0,0.9918739152850131,0,0.22447967529296875,0.09332859516143799,1.0,0.0,0.015453336617909375
macaroni1,4,1,bad/036.JPG,607,0.942339373970346,0.4506762919794886,0.9670510708401977,0.6166866721787669,0,0.5766410827636719,0.14497226476669312,0.8968850698174007,0.02471169686985175,0.16601038019927833
macaroni1,4,1,bad/037.JPG,531,1.0,0.9938845435641667,1.0,0.9987972906993622,0,0.5408248901367188,0.26174309849739075,1.0,0.0,0.0049127471351955165
macaroni1,4,1,bad/038.JPG,1297,1.0,0.945570209364982,1.0,0.9678514612100266,1,1.3523750305175781,0.31996721029281616,0.9895833333333333,0.0,0.022281251845044592
macaroni1,4,1,bad/039.JPG,1091,1.0,0.9330067594197219,1.0,0.9620276062481233,0,1.0866546630859375,0.19659900665283203,0.9186507936507937,0.0,0.029020846828401448
macaroni1,4,1,bad/040.JPG,1679,1.0,0.9590442473939872,1.0,0.9682405266212037,1,1.719146728515625,0.2591230571269989,0.986111111111111,0.0,0.009196279227216553
macaroni1,4,1,bad/041.JPG,2056,1.0,0.9382295523166957,1.0,0.9403875043550205,1,2.0715560913085938,0.19734922051429749,0.9611111111111111,0.0,0.0021579520383248063
macaroni1,4,1,bad/042.JPG,1717,0.9848573092603378,0.8796093356848489,1.0,0.932881537130007,1,1.7500762939453125,0.2680623531341553,0.9748931623931625,0.015142690739662235,0.053272201445158096
macaroni1,4,1,bad/043.JPG,1685,1.0,0.9858431603014917,1.0,0.9890223204890408,0,1.7652397155761719,0.21551480889320374,0.8944444444444444,0.0,0.003179160187549157
macaroni1,4,1,bad/044.JPG,1793,1.0,0.9482902053199865,1.0,0.9573567484300141,1,1.8418464660644531,0.24090194702148438,0.915954415954416,0.0,0.009066543110027525
macaroni1,4,1,bad/045.JPG,2153,1.0,0.967301703705328,1.0,0.9569138841609737,1,2.17852783203125,0.2300831377506256,1.0,0.0,-0.010387819544354304
macaroni1,4,1,bad/046.JPG,3023,0.9920608666887198,0.9163368796260213,0.9877605028117764,0.9185000122803619,2,3.0665130615234375,0.20173877477645874,0.9019607843137255,-0.004300363876943436,0.0021631326543406493
macaroni1,4,1,bad/047.JPG,2142,1.0,0.9490207443056692,1.0,0.9644592759053612,1,2.224609375,0.2655150890350342,0.9515669515669516,0.0,0.015438531599691996
macaroni1,4,1,bad/048.JPG,496,1.0,0.9897692056986431,1.0,0.999346221726263,0,0.505157470703125,0.27648916840553284,0.8777777777777778,0.0,0.009577016027619845
macaroni1,4,1,bad/049.JPG,472,1.0,0.9314499812243318,1.0,0.9940510504226763,0,0.479522705078125,0.08963319659233093,0.8666666666666667,0.0,0.06260106919834452
macaroni1,4,1,bad/050.JPG,812,1.0,0.9351925212786074,1.0,0.9818731781530787,0,0.8317108154296875,0.1592457890510559,0.7291666666666666,0.0,0.046680656874471316
macaroni1,4,1,bad/051.JPG,1024,0.728515625,0.5671881884856579,1.0,0.9727878491017607,0,1.05615234375,0.018715500831604004,0.8166666666666667,0.271484375,0.40559966061610286
macaroni1,4,1,bad/052.JPG,1075,1.0,0.9894375614993908,1.0,0.9988497056779294,1,1.097076416015625,0.2806525230407715,1.0,0.0,0.00941214417853864
macaroni1,4,1,bad/053.JPG,1244,1.0,0.7949751089405213,1.0,0.8447142054007761,0,1.24481201171875,0.15741723775863647,0.925,0.0,0.04973909646025487
macaroni1,4,1,bad/054.JPG,1114,0.7315978456014363,0.2854240489395393,1.0,0.6620400916620834,0,1.1275634765625,0.0869932770729065,0.8914141414141414,0.26840215439856374,0.3766160427225441
macaroni1,4,1,bad/055.JPG,673,0.9316493313521546,0.3098808081416421,0.9687964338781575,0.4019959198810565,1,0.6838836669921875,0.030780404806137085,0.875,0.03714710252600295,0.09211511173941439
macaroni1,4,1,bad/056.JPG,1206,1.0,0.9597750649817643,1.0,0.9832564148967617,1,1.2193603515625,0.1920229196548462,0.8282828282828283,0.0,0.023481349914997396
macaroni1,4,1,bad/057.JPG,463,1.0,0.8776365755360949,1.0,0.9122569113930886,0,0.48980712890625,0.2298954725265503,0.8875000000000001,0.0,0.034620335856993756
macaroni1,4,1,bad/058.JPG,1748,1.0,0.9885606701939054,1.0,0.9888253120848989,2,1.816253662109375,0.22034341096878052,0.906060606060606,0.0,0.0002646418909935111
macaroni1,4,1,bad/059.JPG,989,1.0,0.9777073122964516,1.0,0.9991251650573257,1,1.0306053161621094,-0.007162034511566162,0.5757575757575757,0.0,0.021417852760874156
macaroni1,4,1,bad/060.JPG,1248,0.6634615384615384,0.21623184746307872,1.0,0.7231422387390857,1,1.2653541564941406,0.05535814166069031,0.8606060606060606,0.33653846153846156,0.5069103912760069
macaroni1,4,1,bad/061.JPG,570,1.0,0.9873495301317861,1.0,0.9976500181758071,0,0.571380615234375,0.2517023980617523,1.0,0.0,0.010300488044021061
macaroni1,4,1,bad/062.JPG,758,0.9617414248021108,0.7371714905060917,1.0,0.9804680103019339,0,0.7702980041503906,0.04208388924598694,0.6759259259259259,0.03825857519788922,0.24329651979584221
macaroni1,4,1,bad/063.JPG,1114,1.0,0.8850752228210477,1.0,0.9278979868369077,0,1.13763427734375,0.23417675495147705,0.9722222222222223,0.0,0.04282276401586005
macaroni1,4,1,bad/064.JPG,698,1.0,0.9855676096804045,1.0,0.9950396823192256,0,0.7244606018066406,0.18945372104644775,0.9208333333333334,0.0,0.009472072638821105
macaroni1,4,1,bad/065.JPG,1297,1.0,0.9342836887221286,1.0,0.9863289422571914,1,1.3319435119628906,0.27201735973358154,0.993939393939394,0.0,0.05204525353506273
macaroni1,4,1,bad/066.JPG,1201,1.0,0.9792180001211265,1.0,0.9809085209376841,0,1.2397918701171875,0.2840564548969269,0.8787878787878789,0.0,0.001690520816557628
macaroni1,4,1,bad/067.JPG,1791,0.7202680067001676,0.318908360691941,0.9318816303740927,0.49872395450554563,1,1.831573486328125,0.031055748462677002,0.819471308833011,0.2116136236739251,0.17981559381360462
macaroni1,4,1,bad/068.JPG,1006,1.0,0.84575388318545,1.0,0.9256872436310323,0,1.0303955078125,0.224521666765213,0.9242424242424243,0.0,0.0799333604455823
macaroni1,4,1,bad/069.JPG,679,1.0,0.9858822946864598,1.0,0.9962988888130525,0,0.688812255859375,0.221267968416214,1.0,0.0,0.010416594126592682
macaroni1,4,1,bad/070.JPG,531,0.030131826741996232,0.21368725963679483,0.9227871939736346,0.6846917679077926,0,0.5356063842773438,0.05055159330368042,0.8901515151515151,0.8926553672316384,0.4710045082709978
macaroni1,4,1,bad/071.JPG,268,0.75,0.2703659492288436,0.9552238805970149,0.5598545329946889,0,0.301025390625,0.1159740686416626,0.9613095238095238,0.2052238805970149,0.2894885837658453
macaroni1,4,1,bad/072.JPG,703,0.4267425320056899,0.19914623106284737,0.7411095305832148,0.4313887562559751,0,0.7499465942382812,0.032397300004959106,0.8036529680365296,0.3143669985775249,0.23224252519312774
macaroni1,4,1,bad/073.JPG,729,1.0,0.8791330905733854,1.0,0.9105076961312782,1,0.7498016357421875,0.19629743695259094,0.9742268041237113,0.0,0.03137460555789284
macaroni1,4,1,bad/074.JPG,723,0.573997233748271,0.24754111921251604,0.5242047026279392,0.223433514360616,0,0.7907600402832031,0.06949099898338318,0.8111702127659575,-0.049792531120331884,-0.024107604851900027
macaroni1,4,1,bad/075.JPG,127,0.9606299212598425,0.771183988485529,0.8346456692913385,0.4214490339169366,0,0.117340087890625,0.279087632894516,0.9944444444444444,-0.12598425196850394,-0.34973495456859244
macaroni1,4,1,bad/076.JPG,136,0.40441176470588236,0.4588050805907949,0.7426470588235294,0.4687445183278517,0,0.168365478515625,0.1632455289363861,0.8916666666666666,0.3382352941176471,0.0099394377370568
macaroni1,4,1,bad/077.JPG,234,0.3247863247863248,0.2076146704441666,0.8547008547008547,0.5592033410685396,0,0.2193450927734375,0.04257902503013611,0.7687074829931974,0.5299145299145298,0.35158867062437305
macaroni1,4,1,bad/078.JPG,613,0.7895595432300163,0.30139328893338163,0.8531810766721044,0.49545659556014954,0,0.5969390869140625,0.1825975477695465,0.851010101010101,0.0636215334420881,0.1940633066267679
macaroni1,4,1,bad/079.JPG,651,0.30261136712749614,0.08490047410460715,0.37480798771121354,0.10097550560442363,0,0.6224288940429688,0.02572879195213318,0.6445603576751118,0.0721966205837174,0.016075031499816483
macaroni1,4,1,bad/080.JPG,1149,0.5308964316797214,0.06545243905937932,0.9852045256744996,0.5593064068344905,1,1.1890106201171875,0.0793948769569397,0.9152777777777776,0.4543080939947781,0.4938539677751112
macaroni1,4,1,bad/081.JPG,219,0.6757990867579908,0.11989979391881297,0.8356164383561644,0.24313484646192352,0,0.23974990844726562,0.15532666444778442,0.9138888888888889,0.15981735159817356,0.12323505254311054
macaroni1,4,1,bad/082.JPG,181,0.8121546961325967,0.5856984601168012,0.7624309392265194,0.6104078431237082,0,0.16835403442382812,0.13247859477996826,0.9421768707482994,-0.04972375690607733,0.02470938300690706
macaroni1,4,1,bad/083.JPG,181,0.56353591160221,0.5785718306266455,0.8839779005524862,0.8204813531326746,0,0.18873214721679688,0.045548856258392334,0.7944444444444445,0.3204419889502762,0.24190952250602904
macaroni1,4,1,bad/084.JPG,214,0.9299065420560748,0.503287828263476,0.9719626168224299,0.6787507976909746,0,0.23975372314453125,0.21427670121192932,0.8624999999999999,0.04205607476635509,0.17546296942749862
macaroni1,4,1,bad/085.JPG,810,0.8925925925925926,0.6619103315761612,0.9987654320987654,0.9030670537004742,0,0.7601318359375,0.1421230435371399,0.8214285714285713,0.10617283950617284,0.24115672212431305
macaroni1,4,1,bad/086.JPG,1274,0.957613814756672,0.6596755942464688,0.9850863422291993,0.699129612255765,0,1.2858352661132812,0.10621228814125061,0.8730158730158729,0.027472527472527375,0.039454018009296155
macaroni1,4,1,bad/087.JPG,614,0.5488599348534202,0.10643518738485597,0.9071661237785016,0.7284523215411545,0,0.6580772399902344,0.017355114221572876,0.7260416666666667,0.35830618892508137,0.6220171341562986
macaroni1,4,1,bad/088.JPG,413,1.0,0.9501626551449854,1.0,0.9863045246989623,0,0.4285621643066406,0.14148250222206116,0.9027777777777777,0.0,0.03614186955397691
macaroni1,4,1,bad/089.JPG,425,0.9341176470588235,0.7080582869650711,0.9976470588235294,0.9203192333367788,0,0.4235038757324219,0.04969838261604309,0.865079365079365,0.06352941176470595,0.21226094637170767
macaroni1,4,1,bad/090.JPG,809,0.6205191594561187,0.25485089327814014,1.0,0.5939170707314578,0,0.77032470703125,0.09434860944747925,0.8577777777777778,0.3794808405438813,0.3390661774533177
macaroni1,4,1,bad/091.JPG,481,0.9792099792099792,0.6818355096428392,0.9812889812889813,0.614155602117375,0,0.4642982482910156,0.15054559707641602,0.8367346938775511,0.0020790020790021346,-0.06767990752546427
macaroni1,4,1,bad/092.JPG,939,1.0,0.8318079593203173,0.9893503727369543,0.8275409763473742,0,0.9796638488769531,0.1347053050994873,0.8821428571428571,-0.010649627263045747,-0.004266982972943034
macaroni1,4,1,bad/093.JPG,917,0.6172300981461287,0.05665964494482271,0.8680479825517994,0.24220810012839641,0,0.95391845703125,0.023387789726257324,0.7827380952380951,0.25081788440567065,0.1855484551835737
macaroni1,4,1,bad/094.JPG,510,0.48627450980392156,0.21500860907061894,0.6254901960784314,0.20108023900161232,0,0.5152320861816406,0.034315139055252075,0.8611111111111112,0.1392156862745098,-0.01392837006900663
macaroni1,4,1,bad/095.JPG,333,0.9219219219219219,0.6063539643023089,1.0,0.7808190355066499,0,0.3417701721191406,0.15566575527191162,0.9545454545454545,0.0780780780780781,0.17446507120434096
macaroni1,4,1,bad/096.JPG,1728,0.35358796296296297,0.06029596777802447,0.5972222222222222,0.17318399086619288,0,1.821441650390625,0.05699756741523743,0.8294871794871794,0.24363425925925924,0.11288802308816841
macaroni1,4,1,bad/097.JPG,715,0.9328671328671329,0.2843903264548911,0.9790209790209791,0.496536343068097,0,0.7092704772949219,0.04926949739456177,0.8349358974358975,0.04615384615384621,0.21214601661320592
macaroni1,4,1,bad/098.JPG,818,0.9205378973105135,0.1170407640358509,0.9511002444987775,0.1929236801120532,0,0.8367576599121094,0.041487425565719604,0.9065934065934066,0.030562347188264005,0.07588291607620229
macaroni1,4,1,bad/099.JPG,1481,0.9453072248480756,0.6277382958439155,0.9513841998649561,0.6952414474011555,1,1.5252342224121094,0.1414342224597931,0.823015873015873,0.006076975016880537,0.06750315155723996
macaroni1,4,2,bad/000.JPG,1020,1.0,0.712548357696447,0.8676470588235294,0.3063807153440905,1,1.0358047485351562,0.03791499137878418,0.9208333333333334,-0.13235294117647056,-0.4061676423523565
macaroni1,4,2,bad/001.JPG,765,0.43137254901960786,0.1469404005273208,0.9777777777777777,0.6046935579124632,0,0.770416259765625,0.015495151281356812,0.8083333333333333,0.5464052287581699,0.45775315738514233
macaroni1,4,2,bad/002.JPG,1473,1.0,0.9392784300052056,1.0,0.9881034517940263,1,1.520263671875,0.08571505546569824,0.8727272727272727,0.0,0.048825021788820644
macaroni1,4,2,bad/003.JPG,518,1.0,0.7392649883951997,1.0,0.5377175272597723,0,0.530548095703125,0.024884819984436035,0.8833333333333333,0.0,-0.20154746113542743
macaroni1,4,2,bad/004.JPG,303,1.0,0.9626271724107183,1.0,0.9777092199385781,0,0.3009986877441406,0.0731247067451477,0.9259259259259259,0.0,0.015082047527859799
macaroni1,4,2,bad/005.JPG,663,1.0,0.41978190330071624,1.0,0.5378425672013378,1,0.68853759765625,0.018838882446289062,0.8636363636363636,0.0,0.11806066390062159
macaroni1,4,2,bad/006.JPG,1385,1.0,0.9483350207525096,1.0,0.9579860712145245,0,1.4286575317382812,0.11953049898147583,0.994949494949495,0.0,0.009651050462014865
macaroni1,4,2,bad/007.JPG,4260,0.9938967136150235,0.8219630167465327,1.0,0.9554928379294999,3,4.3521728515625,0.040214359760284424,0.9141025641025641,0.006103286384976481,0.1335298211829672
macaroni1,4,2,bad/008.JPG,748,1.0,0.787655145362853,1.0,0.88928807643699,0,0.76544189453125,0.07561829686164856,0.9166666666666666,0.0,0.10163293107413707
macaroni1,4,2,bad/009.JPG,3379,1.0,0.7916853206414228,1.0,0.8249071738331221,3,3.4487686157226562,0.09401684999465942,0.9622222222222222,0.0,0.033221853191699235
macaroni1,4,2,bad/010.JPG,3514,1.0,0.9504022233957349,1.0,0.9317410514432237,4,3.6175537109375,0.10128340125083923,0.96875,0.0,-0.018661171952511157
macaroni1,4,2,bad/011.JPG,1242,1.0,0.8884544661085264,1.0,0.9322905022168443,0,1.2601814270019531,0.07287341356277466,0.9747155499367888,0.0,0.04383603610831788
macaroni1,4,2,bad/012.JPG,2344,0.996160409556314,0.8851643356998969,1.0,0.9023306681352953,2,2.382781982421875,0.025220096111297607,0.8115079365079365,0.0038395904436859807,0.017166332435398335
macaroni1,4,2,bad/013.JPG,7184,0.8179287305122495,0.46159736673856033,0.8535634743875279,0.5458928730938492,7,7.3520050048828125,0.03757622838020325,0.8155637254901961,0.03563474387527843,0.08429550635528882
macaroni1,4,2,bad/014.JPG,2041,1.0,0.7556506476043848,1.0,0.8887004575355347,1,2.0966796875,0.08617067337036133,1.0,0.0,0.1330498099311499
macaroni1,4,2,bad/015.JPG,888,1.0,0.552935895023951,1.0,0.855807296795866,0,0.897857666015625,0.05762234330177307,0.9708333333333333,0.0,0.30287140177191496
macaroni1,4,2,bad/016.JPG,1157,1.0,0.8874604771411693,1.0,0.8611417452961245,1,1.1734619140625,0.027474641799926758,0.9303030303030303,0.0,-0.02631873184504474
macaroni1,4,2,bad/017.JPG,1127,0.9982253771073647,0.7845413196596679,1.0,0.9611493132980459,1,1.193939208984375,0.04853200912475586,0.9484848484848485,0.0017746228926353025,0.17660799363837798
macaroni1,4,2,bad/018.JPG,4766,0.8317247167436005,0.7085362231631456,0.880193033990768,0.7371373547353557,4,4.872535705566406,0.03635862469673157,0.7757936507936508,0.04846831724716749,0.028601131572210114
macaroni1,4,2,bad/019.JPG,455,1.0,0.8870613101642816,1.0,0.7661445973263712,0,0.4539794921875,0.226850688457489,1.0,0.0,-0.12091671283791039
macaroni1,4,2,bad/020.JPG,2139,0.9985974754558204,0.8542266733837689,0.9948574100046751,0.91090101722038,1,2.2043800354003906,0.030492126941680908,0.8894230769230769,-0.003740065451145358,0.056674343836611074
macaroni1,4,2,bad/021.JPG,1140,0.9921052631578947,0.4895157502074765,0.9921052631578947,0.4948418380384829,0,1.1580276489257812,0.08887600898742676,0.8914285714285715,0.0,0.00532608783100641
macaroni1,4,2,bad/022.JPG,661,0.9878971255673222,0.6181037618101762,1.0,0.8620243595388938,0,0.663177490234375,0.06597411632537842,0.9254901960784313,0.012102874432677768,0.24392059772871755
macaroni1,4,2,bad/023.JPG,305,1.0,0.9977854550919419,1.0,0.998051687290106,0,0.3111572265625,0.2329598367214203,1.0,0.0,0.0002662321981640181
macaroni1,4,2,bad/024.JPG,471,1.0,0.9945978207889802,1.0,0.999220793002154,0,0.4847412109375,0.2361954152584076,0.9416666666666667,0.0,0.00462297221317387
macaroni1,4,2,bad/025.JPG,500,1.0,0.9818890892894896,1.0,0.9992945948951956,0,0.5,0.2997666597366333,1.0,0.0,0.017405505605705973
macaroni1,4,2,bad/026.JPG,309,1.0,0.9972309374595156,1.0,0.9987485181907759,0,0.32647705078125,0.3074239492416382,1.0,0.0,0.001517580731260293
macaroni1,4,2,bad/027.JPG,790,1.0,0.9890380411055413,1.0,0.9959201311557694,0,0.81134033203125,0.2622859477996826,1.0,0.0,0.006882090050228107
macaroni1,4,2,bad/028.JPG,372,1.0,0.9443342301677721,1.0,0.9991106292311666,0,0.392822265625,0.18018102645874023,0.9967320261437909,0.0,0.05477639906339449
macaroni1,4,2,bad/029.JPG,393,1.0,0.9886984570706461,1.0,0.9993721456825783,0,0.4030914306640625,0.1803562343120575,1.0,0.0,0.010673688611932186
macaroni1,4,2,bad/030.JPG,296,1.0,0.9833815459265233,1.0,0.9867584978046792,0,0.3060798645019531,0.21356341242790222,0.8791666666666667,0.0,0.0033769518781558983
macaroni1,4,2,bad/031.JPG,576,1.0,0.9843246812288434,1.0,0.996192850426116,0,0.5866622924804688,0.25779110193252563,1.0,0.0,0.011868169197272627
macaroni1,4,2,bad/032.JPG,299,1.0,0.9804622778727318,1.0,0.9996133257002823,0,0.2958984375,0.1313437521457672,0.9874999999999999,0.0,0.019151047827550505
macaroni1,4,2,bad/033.JPG,418,1.0,0.998155022176412,1.0,0.9991247228089334,0,0.43359375,0.25588545203208923,1.0,0.0,0.0009697006325213309
macaroni1,4,2,bad/034.JPG,224,1.0,0.9897482039811869,1.0,0.998501874443441,0,0.22958755493164062,0.1381339728832245,1.0,0.0,0.00875367046225406
macaroni1,4,2,bad/035.JPG,211,1.0,0.9910328873537605,1.0,0.9966788646574154,0,0.22447967529296875,0.11768221855163574,0.9958333333333332,0.0,0.005645977303654903
macaroni1,4,2,bad/036.JPG,607,0.9654036243822076,0.5472484143811354,0.9654036243822076,0.5883435207429347,0,0.5766410827636719,0.22942650318145752,0.9044038668098818,0.0,0.04109510636179936
macaroni1,4,2,bad/037.JPG,531,1.0,0.9949771211295447,1.0,0.9988161419423189,0,0.5408248901367188,0.26086288690567017,1.0,0.0,0.0038390208127742076
macaroni1,4,2,bad/038.JPG,1297,1.0,0.9506773403823584,1.0,0.9734751098173483,1,1.3523750305175781,0.3255670964717865,0.9965277777777778,0.0,0.0227977694349899
macaroni1,4,2,bad/039.JPG,1091,1.0,0.9302753428005034,1.0,0.9645344918552475,0,1.0866546630859375,0.15615999698638916,0.9246031746031746,0.0,0.03425914905474414
macaroni1,4,2,bad/040.JPG,1679,1.0,0.9626659159155091,1.0,0.970755857285503,1,1.719146728515625,0.22636890411376953,0.982638888888889,0.0,0.008089941369993858
macaroni1,4,2,bad/041.JPG,2056,1.0,0.9351854440985247,1.0,0.9383762689266678,1,2.0715560913085938,0.19155457615852356,0.9714285714285715,0.0,0.003190824828143146
macaroni1,4,2,bad/042.JPG,1717,0.9842748980780431,0.8797916382935528,1.0,0.9360095290470729,1,1.7500762939453125,0.25214555859565735,0.967948717948718,0.015725101921956863,0.05621789075352013
macaroni1,4,2,bad/043.JPG,1685,1.0,0.9860793220415309,1.0,0.9896056309651732,0,1.7652397155761719,0.2573991119861603,0.8907407407407407,0.0,0.003526308923642252
macaroni1,4,2,bad/044.JPG,1793,1.0,0.9664414752293382,1.0,0.9625027247204138,1,1.8418464660644531,0.2293882966041565,0.8945868945868947,0.0,-0.003938750508924449
macaroni1,4,2,bad/045.JPG,2153,1.0,0.9729906745110012,1.0,0.9624913704472415,1,2.17852783203125,0.22475913166999817,0.998263888888889,0.0,-0.010499304063759651
macaroni1,4,2,bad/046.JPG,3023,0.9923916639100232,0.9246111103912807,0.9867681111478663,0.9141719350216315,2,3.0665130615234375,0.20727786421775818,0.9232987312572087,-0.005623552762156869,-0.010439175369649223
macaroni1,4,2,bad/047.JPG,2142,1.0,0.9636050763637884,1.0,0.9734380133642212,1,2.224609375,0.21540331840515137,0.962962962962963,0.0,0.009832937000432751
macaroni1,4,2,bad/048.JPG,496,1.0,0.99680124177101,1.0,0.9992263447938882,0,0.505157470703125,0.30080756545066833,0.9777777777777777,0.0,0.002425103022878128
macaroni1,4,2,bad/049.JPG,472,1.0,0.9347661721544078,1.0,0.9953582837091346,0,0.479522705078125,0.08645063638687134,0.8416666666666668,0.0,0.06059211155472677
macaroni1,4,2,bad/050.JPG,812,1.0,0.9721985005414987,1.0,0.9799879673753548,0,0.8317108154296875,0.17029127478599548,0.7083333333333333,0.0,0.007789466833856062
macaroni1,4,2,bad/051.JPG,1024,0.7470703125,0.5975020813676852,1.0,0.9758051720389057,0,1.05615234375,0.03184792399406433,0.9083333333333333,0.2529296875,0.3783030906712205
macaroni1,4,2,bad/052.JPG,1075,1.0,0.9983968529835326,1.0,0.9988058913488995,1,1.097076416015625,0.30327165126800537,1.0,0.0,0.0004090383653668761
macaroni1,4,2,bad/053.JPG,1244,1.0,0.8385239962852947,1.0,0.9275954617202617,0,1.24481201171875,0.1701911985874176,0.9166666666666666,0.0,0.08907146543496702
macaroni1,4,2,bad/054.JPG,1114,0.7944344703770198,0.43387066661876483,1.0,0.6825034041972705,0,1.1275634765625,0.09135386347770691,0.904040404040404,0.20556552962298025,0.24863273757850568
macaroni1,4,2,bad/055.JPG,673,0.950965824665676,0.3328082291844299,0.9598811292719168,0.36043803944023844,1,0.6838836669921875,0.05033382773399353,0.9198717948717949,0.008915304606240793,0.027629810255808518
macaroni1,4,2,bad/056.JPG,1206,1.0,0.9165349930032524,1.0,0.9745992727023508,1,1.2193603515625,0.18352505564689636,0.8005050505050505,0.0,0.05806427969909844
macaroni1,4,2,bad/057.JPG,463,1.0,0.934627943613495,1.0,0.9886764916285797,0,0.48980712890625,0.2256222367286682,0.9666666666666667,0.0,0.05404854801508474
macaroni1,4,2,bad/058.JPG,1748,1.0,0.9951588423198477,1.0,0.9930852928895023,2,1.816253662109375,0.24716463685035706,0.8696969696969697,0.0,-0.002073549430345434
macaroni1,4,2,bad/059.JPG,989,1.0,0.9968568021367535,1.0,0.9992325030840795,1,1.0306053161621094,0.015115022659301758,0.7545454545454545,0.0,0.002375700947325976
macaroni1,4,2,bad/060.JPG,1248,0.6458333333333334,0.17808442971731261,1.0,0.8633391830557746,1,1.2653541564941406,0.062474727630615234,0.8424242424242424,0.35416666666666663,0.685254753338462
macaroni1,4,2,bad/061.JPG,570,1.0,0.9978051704304272,1.0,0.9990275877268134,0,0.571380615234375,0.2581210434436798,0.9944444444444444,0.0,0.00122241729638628
macaroni1,4,2,bad/062.JPG,758,0.996042216358839,0.9132926400613613,1.0,0.9931264087676436,0,0.7702980041503906,0.06434223055839539,0.7546296296296297,0.00395778364116095,0.07983376870628223
macaroni1,4,2,bad/063.JPG,1114,1.0,0.8837026285562793,1.0,0.9306844672446359,0,1.13763427734375,0.2709415555000305,0.9444444444444445,0.0,0.04698183868835659
macaroni1,4,2,bad/064.JPG,698,1.0,0.9876210414245584,1.0,0.9903891875561252,0,0.7244606018066406,0.17984411120414734,0.8791666666666667,0.0,0.002768146131566729
macaroni1,4,2,bad/065.JPG,1297,1.0,0.9720394411528105,1.0,0.9869146015792276,1,1.3319435119628906,0.3475084900856018,0.996969696969697,0.0,0.014875160426417122
macaroni1,4,2,bad/066.JPG,1201,1.0,0.9542973126009952,1.0,0.984695665753243,0,1.2397918701171875,0.27374792098999023,0.9,0.0,0.030398353152247815
macaroni1,4,2,bad/067.JPG,1791,0.7721943048576214,0.4592734674997942,0.9307649357900614,0.5902396511906012,1,1.831573486328125,0.040019333362579346,0.8394584139264991,0.15857063093243995,0.13096618369080698
macaroni1,4,2,bad/068.JPG,1006,1.0,0.9623176252190954,1.0,0.9349000071620306,0,1.0303955078125,0.22260335087776184,0.904040404040404,0.0,-0.027417618057064774
macaroni1,4,2,bad/069.JPG,679,1.0,0.9977674426406664,1.0,0.9991066782409671,0,0.688812255859375,0.23255515098571777,1.0,0.0,0.0013392356003006922
macaroni1,4,2,bad/070.JPG,531,0.3653483992467043,0.25488293137823165,1.0,0.6834619228439244,0,0.5356063842773438,0.05498427152633667,0.9128787878787878,0.6346516007532956,0.4285789914656927
macaroni1,4,2,bad/071.JPG,268,0.6044776119402985,0.1921876889493721,0.9738805970149254,0.6495424462734706,0,0.301025390625,0.10322621464729309,0.949404761904762,0.3694029850746269,0.45735475732409847
macaroni1,4,2,bad/072.JPG,703,0.45092460881934565,0.21516923983965458,0.7553342816500711,0.41027017743032507,0,0.7499465942382812,0.03569906949996948,0.8290525114155252,0.30440967283072545,0.1951009375906705
macaroni1,4,2,bad/073.JPG,729,1.0,0.8726951048009508,1.0,0.9257498876189304,1,0.7498016357421875,0.15754982829093933,0.9731958762886598,0.0,0.053054782817979595
macaroni1,4,2,bad/074.JPG,723,0.5656984785615491,0.1996346541297061,0.4979253112033195,0.21349944409966354,0,0.7907600402832031,0.06882977485656738,0.8067375886524822,-0.06777316735822958,0.013864789969957436
macaroni1,4,2,bad/075.JPG,127,0.9448818897637795,0.7567539589278721,0.7401574803149606,0.44141004358395663,0,0.117340087890625,0.24220725893974304,1.0,-0.20472440944881887,-0.3153439153439155
macaroni1,4,2,bad/076.JPG,136,0.4117647058823529,0.5366029149895357,0.6544117647058824,0.2954635587968921,0,0.168365478515625,0.16545358300209045,0.8888888888888888,0.24264705882352944,-0.2411393561926436
macaroni1,4,2,bad/077.JPG,234,0.46153846153846156,0.19454925010480564,0.9230769230769231,0.5755908471290521,0,0.2193450927734375,0.08611124753952026,0.8945578231292517,0.46153846153846156,0.38104159702424645
macaroni1,4,2,bad/078.JPG,613,0.831973898858075,0.38469017240823256,0.8564437194127243,0.47605067064948003,0,0.5969390869140625,0.22052925825119019,0.9025252525252526,0.024469820554649302,0.09136049824124748
macaroni1,4,2,bad/079.JPG,651,0.3824884792626728,0.10454928014845752,0.38402457757296465,0.11940613599381371,0,0.6224288940429688,0.017561733722686768,0.6523845007451565,0.0015360983102918335,0.01485685584535619
macaroni1,4,2,bad/080.JPG,1149,0.5230635335073978,0.05772588531458515,0.7737162750217581,0.17615829556103166,1,1.1890106201171875,0.06475192308425903,0.9305555555555555,0.25065274151436034,0.11843241024644652
macaroni1,4,2,bad/081.JPG,219,0.7808219178082192,0.26781717191126597,0.863013698630137,0.33137088761588257,0,0.23974990844726562,0.16936439275741577,0.9458333333333333,0.0821917808219178,0.0635537157046166
macaroni1,4,2,bad/082.JPG,181,0.6077348066298343,0.4534290333669823,0.7348066298342542,0.6052090618095851,0,0.16835403442382812,0.07317960262298584,0.9693877551020409,0.1270718232044199,0.1517800284426028
macaroni1,4,2,bad/083.JPG,181,0.8066298342541437,0.7105182434306423,0.9116022099447514,0.8589855543128722,0,0.18873214721679688,0.06660482287406921,0.8458333333333332,0.10497237569060769,0.14846731088222986
macaroni1,4,2,bad/084.JPG,214,0.9485981308411215,0.5773169623104235,0.985981308411215,0.722273136384425,0,0.23975372314453125,0.23169785737991333,0.9069444444444444,0.03738317757009346,0.14495617407400152
macaroni1,4,2,bad/085.JPG,810,0.8617283950617284,0.5626131301604317,0.9950617283950617,0.8764138637486313,0,0.7601318359375,0.10762810707092285,0.878968253968254,0.1333333333333333,0.3138007335881996
macaroni1,4,2,bad/086.JPG,1274,0.9513343799058085,0.6491144331032359,0.9905808477237049,0.6826024643485165,0,1.2858352661132812,0.14168798923492432,0.8743386243386243,0.039246467817896424,0.03348803124528055
macaroni1,4,2,bad/087.JPG,614,0.7068403908794788,0.16225630545410527,1.0,0.7876030777880828,0,0.6580772399902344,0.029047071933746338,0.7385416666666667,0.2931596091205212,0.6253467723339775
macaroni1,4,2,bad/088.JPG,413,1.0,0.9829416850397621,1.0,0.9922501604205886,0,0.4285621643066406,0.151508629322052,0.9189814814814815,0.0,0.009308475380826464
macaroni1,4,2,bad/089.JPG,425,0.8964705882352941,0.714553737256754,0.9576470588235294,0.8756737069832506,0,0.4235038757324219,0.04611828923225403,0.8293650793650793,0.06117647058823528,0.16111996972649667
macaroni1,4,2,bad/090.JPG,809,0.6625463535228677,0.3487779012265469,1.0,0.5771268180512629,0,0.77032470703125,0.12664839625358582,0.8988888888888888,0.3374536464771323,0.22834891682471598
macaroni1,4,2,bad/091.JPG,481,0.9708939708939709,0.6671036337123878,0.9833679833679834,0.6516795682664858,0,0.4642982482910156,0.16722428798675537,0.8775510204081632,0.012474012474012475,-0.015424065445902024
macaroni1,4,2,bad/092.JPG,939,1.0,0.8717909022336823,0.9989350372736954,0.8827647053961463,0,0.9796638488769531,0.1548701822757721,0.8380952380952381,-0.0010649627263046302,0.010973803162463991
macaroni1,4,2,bad/093.JPG,917,0.8527808069792803,0.20849796599365866,0.9040348964013086,0.2955991021173887,0,0.95391845703125,0.06388556957244873,0.8273809523809523,0.05125408942202836,0.08710113612373005
macaroni1,4,2,bad/094.JPG,510,0.6333333333333333,0.2863410673019434,0.6823529411764706,0.28416697794093615,0,0.5152320861816406,0.037353515625,0.8356481481481481,0.0490196078431373,-0.00217408936100727
macaroni1,4,2,bad/095.JPG,333,0.7867867867867868,0.38054941591465924,0.990990990990991,0.6771921506616949,0,0.3417701721191406,0.10545775294303894,0.9659090909090909,0.20420420420420415,0.2966427347470357
macaroni1,4,2,bad/096.JPG,1728,0.1579861111111111,0.0255630304747539,0.21585648148148148,0.030978229192287723,0,1.821441650390625,0.05438220500946045,0.8564102564102565,0.05787037037037038,0.0054151987175338236
macaroni1,4,2,bad/097.JPG,715,0.8251748251748252,0.13928369222813666,0.9622377622377623,0.3390223887791456,0,0.7092704772949219,0.06512334942817688,0.8381410256410257,0.13706293706293704,0.19973869655100893
macaroni1,4,2,bad/098.JPG,818,0.9498777506112469,0.2149490084625677,0.9682151589242054,0.25947130365713844,0,0.8367576599121094,0.04196760058403015,0.8241758241758241,0.018337408312958492,0.04452229519457074
macaroni1,4,2,bad/099.JPG,1481,0.950708980418636,0.7085701483567577,0.962862930452397,0.7156705934291935,1,1.5252342224121094,0.11078229546546936,0.8047619047619048,0.012153950033760963,0.00710044507243579
macaroni2,1,0,bad/000.JPG,1046,1.0,0.9741842461244465,1.0,0.9619639176879017,1,1.096710205078125,0.15566307306289673,0.9484848484848485,0.0,-0.012220328436544858
macaroni2,1,0,bad/001.JPG,751,1.0,0.8493561688611143,1.0,0.8269563840350276,0,0.76531982421875,0.11780229210853577,0.9757575757575757,0.0,-0.022399784826086733
macaroni2,1,0,bad/002.JPG,1147,1.0,0.9383972766758697,0.999128160418483,0.6604145238386535,1,1.1736488342285156,0.2016458511352539,0.9523809523809523,-0.0008718395815170421,-0.2779827528372162
macaroni2,1,0,bad/003.JPG,365,1.0,0.45045847380130966,0.9945205479452055,0.3114178617025408,0,0.357208251953125,0.04797670245170593,0.85,-0.005479452054794498,-0.13904061209876883
macaroni2,1,0,bad/004.JPG,1400,1.0,0.9945759476765483,1.0,0.9875519209328018,1,1.43853759765625,0.21604999899864197,1.0,0.0,-0.007024026743746581
macaroni2,1,0,bad/005.JPG,818,1.0,0.916446746198622,1.0,0.819856161866363,0,0.790679931640625,0.1416184902191162,0.9708333333333333,0.0,-0.09659058433225898
macaroni2,1,0,bad/006.JPG,799,0.9111389236545682,0.42780235251000703,0.5882352941176471,0.1542197101103509,0,0.8214797973632812,0.19205859303474426,0.9151515151515152,-0.3229036295369211,-0.27358264239965613
macaroni2,1,0,bad/007.JPG,611,0.9476268412438625,0.9362084847279003,0.9541734860883797,0.8194696412047244,0,0.6172294616699219,0.20950475335121155,0.9267676767676767,0.006546644844517169,-0.11673884352317587
macaroni2,1,0,bad/008.JPG,685,1.0,0.8601813943600137,1.0,0.8232418987814707,0,0.69378662109375,0.1751854419708252,0.9727272727272728,0.0,-0.036939495578543036
macaroni2,1,0,bad/009.JPG,1194,0.940536013400335,0.3514399899401286,0.9371859296482412,0.46593176297279687,0,1.234619140625,0.21767640113830566,1.0,-0.00335008375209378,0.11449177303266828
macaroni2,1,0,bad/010.JPG,599,1.0,0.9976984774701523,1.0,0.9990617347583663,0,0.612213134765625,0.19283252954483032,1.0,0.0,0.0013632572882140703
macaroni2,1,0,bad/011.JPG,823,0.9295261239368166,0.7396309311012592,1.0,0.9094157035223255,1,0.8369140625,0.17263010144233704,0.9388888888888889,0.07047387606318345,0.16978477242106627
macaroni2,1,0,bad/012.JPG,429,1.0,0.7434464231761531,1.0,0.8772809633169995,0,0.4541015625,0.1241387128829956,0.9583333333333334,0.0,0.1338345401408464
macaroni2,1,0,bad/013.JPG,533,1.0,0.9974684184491552,1.0,0.9991012317863559,0,0.5458984375,0.18610352277755737,1.0,0.0,0.001632813337200667
macaroni2,1,0,bad/014.JPG,568,1.0,0.9876676864375831,1.0,0.9716441843301096,0,0.5867919921875,0.2010849416255951,0.8708333333333333,0.0,-0.016023502107473497
macaroni2,1,0,bad/015.JPG,508,0.9173228346456693,0.7203474702623458,1.0,0.9886746983203676,0,0.5305328369140625,0.09738126397132874,0.7375,0.08267716535433067,0.2683272280580218
macaroni2,1,0,bad/016.JPG,566,1.0,0.8424387916816741,1.0,0.975889147104709,1,0.56640625,0.21009323000907898,1.0,0.0,0.13345035542303485
macaroni2,1,0,bad/017.JPG,693,1.0,0.9983848540071429,1.0,0.9985613318946653,0,0.698974609375,0.23280557990074158,1.0,0.0,0.00017647788752239713
macaroni2,1,0,bad/018.JPG,461,0.6290672451193059,0.29659001630593623,0.9891540130151844,0.8036764853027972,0,0.4898834228515625,0.12006551027297974,0.8708333333333335,0.36008676789587846,0.507086468996861
macaroni2,1,0,bad/019.JPG,904,0.7665929203539823,0.34874447881935455,0.9966814159292036,0.7677946519295612,1,0.89794921875,0.11197304725646973,0.9537037037037037,0.23008849557522126,0.41905017311020665
macaroni2,1,0,bad/020.JPG,709,0.923836389280677,0.42176789102403006,0.9858956276445698,0.5285970867329376,1,0.7295608520507812,0.18413284420967102,0.8444444444444444,0.06205923836389282,0.10682919570890753
macaroni2,1,0,bad/021.JPG,483,1.0,0.6903265640437595,1.0,0.94115750428585,0,0.47955322265625,0.13384869694709778,0.962962962962963,0.0,0.2508309402420905
macaroni2,1,0,bad/022.JPG,620,1.0,0.9099366068254311,1.0,0.9384240564630633,0,0.63275146484375,0.07583209872245789,0.725,0.0,0.028487449637632167
macaroni2,1,0,bad/023.JPG,512,1.0,0.7778254281089148,1.0,0.9958439831379179,0,0.51513671875,0.18886682391166687,0.9722222222222223,0.0,0.21801855502900314
macaroni2,1,0,bad/024.JPG,513,0.8440545808966862,0.3518605171269532,0.9844054580896686,0.5877863858625321,0,0.545867919921875,0.12007153034210205,0.7791666666666666,0.14035087719298245,0.23592586873557886
macaroni2,1,0,bad/025.JPG,661,1.0,0.6561268072456267,1.0,0.8938492329828447,1,0.6734085083007812,0.04979979991912842,0.7722222222222221,0.0,0.23772242573721802
macaroni2,1,0,bad/026.JPG,346,0.4797687861271676,0.2469186762720181,0.9248554913294798,0.6401659289752584,0,0.3623390197753906,0.015088766813278198,0.6555555555555556,0.44508670520231214,0.39324725270324024
macaroni2,1,0,bad/027.JPG,316,1.0,0.6648283539047722,1.0,0.8326625500324516,0,0.3419189453125,0.055879801511764526,0.9111111111111111,0.0,0.16783419612767936
macaroni2,1,0,bad/028.JPG,342,0.847953216374269,0.20928474793041113,0.9883040935672515,0.5582614224782709,0,0.36224365234375,0.21697741746902466,1.0,0.14035087719298245,0.3489766745478598
macaroni2,1,0,bad/029.JPG,536,1.0,0.8182811813950416,1.0,0.9639203229943224,0,0.5612525939941406,0.19504234194755554,0.8722222222222222,0.0,0.14563914159928082
macaroni2,1,0,bad/030.JPG,257,0.09727626459143969,0.0035814024140872393,0.6303501945525292,0.16736569495807338,0,0.25,0.11689838767051697,0.9583333333333334,0.5330739299610895,0.16378429254398613
macaroni2,1,0,bad/031.JPG,301,1.0,0.9777220462708277,1.0,0.8817664296643276,0,0.31121826171875,0.15409806370735168,1.0,0.0,-0.0959556166065001
macaroni2,1,0,bad/032.JPG,209,0.9138755980861244,0.4416203001762245,0.8277511961722488,0.3780520037066057,0,0.21935272216796875,0.1484794318675995,0.9708333333333333,-0.0861244019138756,-0.06356829646961881
macaroni2,1,0,bad/033.JPG,263,0.9505703422053232,0.5974646493244941,1.0,0.9330559918554757,0,0.265380859375,0.13406014442443848,0.9375,0.049429657794676785,0.33559134253098166
macaroni2,1,0,bad/034.JPG,192,1.0,0.8104577393960527,1.0,0.923198924650376,0,0.1837158203125,0.07770657539367676,0.9537037037037037,0.0,0.1127411852543233
macaroni2,1,0,bad/035.JPG,352,1.0,0.7221068040011985,1.0,0.965707723603119,0,0.36228179931640625,0.13079527020454407,0.9083333333333334,0.0,0.24360091960192043
macaroni2,1,0,bad/036.JPG,437,1.0,0.9611770665257791,1.0,0.9959383661486222,0,0.4439697265625,0.19364210963249207,1.0,0.0,0.034761299622843134
macaroni2,1,0,bad/037.JPG,350,1.0,0.9786746563523341,1.0,0.9932448693509754,0,0.357025146484375,0.2595694065093994,1.0,0.0,0.014570212998641363
macaroni2,1,0,bad/038.JPG,289,0.9238754325259516,0.5602255077449996,0.7820069204152249,0.35127581575361533,0,0.26531982421875,0.19028010964393616,1.0,-0.1418685121107267,-0.20894969199138425
macaroni2,1,0,bad/039.JPG,259,0.8648648648648649,0.4969899531866906,1.0,0.5414236630452846,0,0.2601318359375,0.18340709805488586,1.0,0.1351351351351351,0.04443370985859396
macaroni2,1,0,bad/040.JPG,301,0.9534883720930233,0.6549084881475412,1.0,0.8122129151123262,0,0.30615234375,0.2934967279434204,1.0,0.046511627906976716,0.15730442696478497
macaroni2,1,0,bad/041.JPG,471,0.0,0.0,0.0,0.0,0,0.4591064453125,0.11622247099876404,1.0,0.0,0.0
macaroni2,1,0,bad/042.JPG,1263,1.0,0.9698226583919878,1.0,0.8381125967007574,1,1.3113327026367188,0.20211806893348694,0.900462962962963,0.0,-0.13171006169123034
macaroni2,1,0,bad/043.JPG,822,0.9051094890510949,0.47913475314526005,1.0,0.7022901627067837,0,0.831573486328125,0.10482874512672424,0.9333333333333333,0.0948905109489051,0.22315540956152363
macaroni2,1,0,bad/044.JPG,136,1.0,0.7709531780499808,1.0,0.4815791237271542,0,0.137786865234375,0.10181102156639099,0.9166666666666667,0.0,-0.28937405432282653
macaroni2,1,0,bad/045.JPG,254,1.0,0.2502904802763717,0.40551181102362205,0.0327934454360093,0,0.25,0.09907960891723633,0.8958333333333334,-0.594488188976378,-0.21749703484036237
macaroni2,1,0,bad/046.JPG,1514,0.23447820343461032,0.07133039904496964,0.25165125495376484,0.07230376958149647,0,1.576416015625,0.08050259947776794,0.9505494505494506,0.01717305151915452,0.0009733705365268241
macaroni2,1,0,bad/047.JPG,788,1.0,0.9784945514713352,1.0,0.9893269598974036,0,0.8061866760253906,0.034659236669540405,0.793939393939394,0.0,0.010832408426068363
macaroni2,1,0,bad/048.JPG,2810,1.0,0.8817166109358657,1.0,0.9214103721096479,3,2.8669281005859375,0.135968416929245,0.9461805555555556,0.0,0.039693761173782205
macaroni2,1,0,bad/049.JPG,2614,0.9996174445294568,0.6053124741499804,1.0,0.825220823120138,2,2.6889801025390625,0.0858897864818573,0.8666666666666667,0.00038255547054322214,0.21990834897015765
macaroni2,1,0,bad/050.JPG,871,1.0,0.9002096177054717,1.0,0.8002305149900507,1,0.9030838012695312,0.1682470440864563,0.9606060606060606,0.0,-0.09997910271542099
macaroni2,1,0,bad/051.JPG,395,1.0,0.8591262699960006,1.0,0.7749800515788022,0,0.4029884338378906,0.1569874882698059,1.0,0.0,-0.08414621841719838
macaroni2,1,0,bad/052.JPG,1817,0.0,0.0,0.0,0.0,1,1.862274169921875,0.09264355897903442,0.9166666666666667,0.0,0.0
macaroni2,1,0,bad/053.JPG,1104,0.0,0.0,0.0,0.0,1,1.13800048828125,0.05350753664970398,0.7916666666666666,0.0,0.0
macaroni2,1,0,bad/054.JPG,2854,0.7897687456201822,0.38070189133586096,0.9411352487736511,0.5465465934518028,3,2.928741455078125,0.12186935544013977,0.9285714285714286,0.1513665031534689,0.16584470211594182
macaroni2,1,0,bad/055.JPG,1395,1.0,0.7308867323629398,1.0,0.7488602242765008,2,1.4184417724609375,0.08202335238456726,0.952020202020202,0.0,0.017973491913561013
macaroni2,1,0,bad/056.JPG,1254,0.9393939393939394,0.4311824015633088,0.8819776714513556,0.36160699209010677,1,1.29620361328125,0.06076401472091675,0.7848484848484848,-0.05741626794258381,-0.06957540947320201
macaroni2,1,0,bad/057.JPG,1698,0.9882214369846879,0.818962171458484,0.9540636042402827,0.768896656394932,1,1.7240676879882812,0.08389878273010254,0.9121212121212121,-0.0341578327444052,-0.05006551506355206
macaroni2,1,0,bad/058.JPG,2000,0.299,0.03663518473428386,0.4265,0.14324022395769145,1,2.0302200317382812,0.04861241579055786,0.8645833333333333,0.1275,0.1066050392234076
macaroni2,1,0,bad/059.JPG,1114,1.0,0.6759594565083178,1.0,0.8707601433326262,1,1.137786865234375,0.0777834951877594,0.9708333333333333,0.0,0.1948006868243084
macaroni2,1,0,bad/060.JPG,1514,1.0,0.917481148647057,1.0,0.9744682455764079,2,1.5661468505859375,0.11708304286003113,0.9305555555555556,0.0,0.05698709692935089
macaroni2,1,0,bad/061.JPG,2675,0.2822429906542056,0.03311248280783859,0.5211214953271028,0.05311879421332651,2,2.7192840576171875,0.0308171808719635,0.8008658008658008,0.23887850467289723,0.02000631140548792
macaroni2,1,0,bad/062.JPG,1564,1.0,0.5104289668906109,0.9993606138107417,0.4891218119877681,1,1.58148193359375,0.015774250030517578,0.8,-0.0006393861892582953,-0.021307154902842795
macaroni2,1,0,bad/063.JPG,1027,0.044790652385589096,0.0002641395046458351,0.3281402142161636,0.070781809926651,1,1.0459403991699219,0.09935230016708374,0.8818181818181818,0.28334956183057447,0.07051767042200516
macaroni2,1,0,bad/064.JPG,989,1.0,0.9725570284564061,1.0,0.9729730312796189,1,1.0050582885742188,0.09171894192695618,0.863425925925926,0.0,0.0004160028232127466
macaroni2,1,0,bad/065.JPG,936,0.9989316239316239,0.4287656770804625,1.0,0.7400484520427993,0,0.94891357421875,0.06782025098800659,0.8333333333333334,0.0010683760683760646,0.31128277496233686
macaroni2,1,0,bad/066.JPG,1763,0.6738513896766875,0.3392767950563694,0.7543959160521838,0.4490047149060956,1,1.8062782287597656,0.08121246099472046,0.9444444444444444,0.08054452637549636,0.10972791984972624
macaroni2,1,0,bad/067.JPG,1333,0.056264066016504126,0.7294621732161752,0.06976744186046512,0.5517176580670133,1,1.3725166320800781,0.0911446213722229,0.9195767195767197,0.01350337584396099,-0.1777445151491619
macaroni2,1,0,bad/068.JPG,2210,0.9782805429864253,0.40842391565173175,0.9986425339366516,0.7073181862942213,1,2.2602615356445312,0.06929051876068115,0.9305555555555556,0.020361990950226283,0.2988942706424895
macaroni2,1,0,bad/069.JPG,332,0.10843373493975904,0.014392614812914668,0.39457831325301207,0.16359061673924732,0,0.33160400390625,0.035491943359375,0.9333333333333333,0.286144578313253,0.14919800192633265
macaroni2,1,0,bad/070.JPG,1272,0.5212264150943396,0.10984541801892174,0.7712264150943396,0.2668807084512885,0,1.301025390625,0.124755859375,0.9267399267399268,0.25,0.15703529043236675
macaroni2,1,0,bad/071.JPG,1486,0.9407806191117093,0.7899653411206687,0.9165545087483177,0.7859487789037797,0,1.4385986328125,0.20465373992919922,0.9267543859649123,-0.024226110363391617,-0.0040165622168890636
macaroni2,1,0,bad/072.JPG,172,0.38953488372093026,0.27176303287414394,0.5232558139534884,0.41730599976787336,0,0.19893646240234375,0.025967895984649658,0.6895833333333333,0.13372093023255816,0.14554296689372942
macaroni2,1,0,bad/073.JPG,409,0.019559902200488997,0.0003869717227329127,0.0,0.0,0,0.4336662292480469,0.030065834522247314,0.6601190476190476,-0.019559902200488997,-0.0003869717227329127
macaroni2,1,0,bad/074.JPG,317,0.5173501577287066,0.15470841704588748,0.334384858044164,0.01786940075463939,0,0.2703857421875,0.11256405711174011,0.6901960784313725,-0.18296529968454261,-0.1368390162912481
macaroni2,1,0,bad/075.JPG,574,0.5522648083623694,0.1494937166852985,0.5940766550522648,0.237316015795715,0,0.6121444702148438,0.13013717532157898,0.8194444444444444,0.04181184668989546,0.0878222991104165
macaroni2,1,0,bad/076.JPG,195,0.3487179487179487,0.2628671663184117,0.5025641025641026,0.3372235430927258,0,0.198944091796875,0.026857376098632812,0.7396825396825397,0.15384615384615385,0.07435637677431406
macaroni2,1,0,bad/077.JPG,1870,0.2802139037433155,0.6491779529601689,0.5598930481283423,0.763465279974429,1,1.8877983093261719,0.09101253747940063,0.7975020475020476,0.2796791443850268,0.11428732701426014
macaroni2,1,0,bad/078.JPG,238,0.4831932773109244,0.6010077014993696,0.5126050420168067,0.5045323504400226,0,0.23468399047851562,0.18056747317314148,0.9537037037037037,0.029411764705882304,-0.0964753510593469
macaroni2,1,0,bad/079.JPG,537,0.6405959031657356,0.22157303242549098,0.9832402234636871,0.4955358907506328,0,0.5305862426757812,0.03404006361961365,0.780952380952381,0.34264432029795155,0.27396285832514183
macaroni2,1,0,bad/080.JPG,697,0.7517934002869441,0.5012710482141893,0.8579626972740315,0.5372430407322545,0,0.7244186401367188,0.08278673887252808,0.7318181818181818,0.10616929698708744,0.035971992518065155
macaroni2,1,0,bad/081.JPG,170,0.2823529411764706,0.13584761231820056,0.0,0.0,0,0.158172607421875,0.03430283069610596,0.7295918367346939,-0.2823529411764706,-0.13584761231820056
macaroni2,1,0,bad/082.JPG,201,0.5422885572139303,0.1014532494421867,0.582089552238806,0.2645895455360092,0,0.21429824829101562,0.15696120262145996,0.811965811965812,0.03980099502487566,0.16313629609382252
macaroni2,1,0,bad/083.JPG,1649,0.7556094602789569,0.8535079827646908,0.5827774408732566,0.6072538701625287,0,1.693756103515625,0.13418155908584595,0.8195812807881773,-0.17283201940570037,-0.246254112602162
macaroni2,1,0,bad/084.JPG,439,0.0,0.0,0.0,0.0,0,0.40810394287109375,0.09050309658050537,0.7916666666666667,0.0,0.0
macaroni2,1,0,bad/085.JPG,1003,0.7567298105682951,0.2986208151895388,0.9102691924227319,0.3878510681097053,0,1.0306396484375,0.10011199116706848,0.8869047619047619,0.15353938185443672,0.08923025292016651
macaroni2,1,0,bad/086.JPG,752,0.7247340425531915,0.296120945420225,0.9561170212765957,0.5851679098383626,0,0.780609130859375,0.05851614475250244,0.6934523809523809,0.2313829787234042,0.28904696441813765
macaroni2,1,0,bad/087.JPG,785,0.935031847133758,0.4699001696834458,0.8547770700636943,0.4823889198394666,0,0.8366279602050781,0.08183842897415161,0.7952380952380953,-0.08025477707006368,0.0124887501560208
macaroni2,1,0,bad/088.JPG,860,0.936046511627907,0.6026353864836399,0.9046511627906977,0.4572550127983249,0,0.8979072570800781,0.12598973512649536,0.8352272727272727,-0.03139534883720929,-0.14538037368531498
macaroni2,1,0,bad/089.JPG,701,0.029957203994293864,0.0009334031918849356,0.181169757489301,0.02292615697434066,0,0.6836090087890625,0.12331739068031311,0.7645502645502645,0.15121255349500715,0.021992753782455726
macaroni2,1,0,bad/090.JPG,1712,0.0,0.0,0.0,0.0,0,1.7755699157714844,0.04020249843597412,0.704203013481364,0.0,0.0
macaroni2,1,0,bad/091.JPG,1562,0.8540332906530089,0.7177904150849204,0.48911651728553135,0.3551212208373464,0,1.6224822998046875,0.18124839663505554,0.8508634222919937,-0.3649167733674776,-0.362669194247574
macaroni2,1,0,bad/092.JPG,570,0.9719298245614035,0.7122294400591628,0.9298245614035088,0.6953370215494094,0,0.5611763000488281,0.12443506717681885,0.9866071428571428,-0.04210526315789476,-0.016892418509753426
macaroni2,1,0,bad/093.JPG,930,0.9978494623655914,0.8298344396630978,1.0,0.8551182309920793,0,1.0203018188476562,0.06846544146537781,0.7474747474747474,0.0021505376344086446,0.02528379132898151
macaroni2,1,0,bad/094.JPG,1066,0.001876172607879925,4.612907838714314e-07,0.06285178236397748,0.0007602492123570632,0,1.137664794921875,0.05215787887573242,0.8085470085470086,0.06097560975609756,0.0007597879215731917
macaroni2,1,0,bad/095.JPG,1035,0.7603864734299517,0.49221292304062897,0.6560386473429952,0.32361911377422115,0,1.0661544799804688,0.05418652296066284,0.6155555555555556,-0.10434782608695647,-0.16859380926640782
macaroni2,1,0,bad/096.JPG,742,0.33423180592991913,0.009065236350448393,0.6765498652291105,0.06170819665466861,0,0.7755546569824219,0.04557710886001587,0.803030303030303,0.3423180592991914,0.05264296030422022
macaroni2,1,0,bad/097.JPG,1173,0.22335890878090367,0.0485645023586025,0.4578005115089514,0.11620976145581788,0,1.2193565368652344,0.012364804744720459,0.6255283178360102,0.23444160272804773,0.06764525909721539
macaroni2,1,0,bad/098.JPG,877,1.0,0.44585782298729076,1.0,0.6783855411325838,0,0.9334716796875,0.10520860552787781,0.9128787878787878,0.0,0.232527718145293
macaroni2,1,0,bad/099.JPG,693,0.0,0.0,0.15728715728715728,0.007322560906047306,0,0.6938362121582031,0.03873610496520996,0.7103174603174602,0.15728715728715728,0.007322560906047306
macaroni2,1,1,bad/000.JPG,1046,1.0,0.9929481454076796,1.0,0.970553072973371,1,1.096710205078125,0.14352485537528992,0.8666666666666667,0.0,-0.022395072434308605
macaroni2,1,1,bad/001.JPG,751,0.929427430093209,0.6545000568228923,0.7669773635153129,0.34675044777906866,0,0.76531982421875,0.06917515397071838,0.9030303030303031,-0.16245006657789618,-0.3077496090438236
macaroni2,1,1,bad/002.JPG,1147,0.8796861377506539,0.2502037537982519,0.6469049694856146,0.07054829882814259,1,1.1736488342285156,0.17573955655097961,0.9226190476190474,-0.23278116826503925,-0.1796554549701093
macaroni2,1,1,bad/003.JPG,365,0.8657534246575342,0.05672376492386645,0.5123287671232877,0.04511775712183868,0,0.357208251953125,0.07161107659339905,0.7833333333333332,-0.35342465753424657,-0.011606007802027772
macaroni2,1,1,bad/004.JPG,1400,0.8064285714285714,0.5671568712284427,0.7264285714285714,0.563971669724923,1,1.43853759765625,0.14296388626098633,0.9874999999999999,-0.07999999999999996,-0.0031852015035197523
macaroni2,1,1,bad/005.JPG,818,0.4278728606356968,0.11142423327071102,0.38508557457212717,0.0322676237552766,0,0.790679931640625,0.06857126951217651,0.9458333333333334,-0.04278728606356963,-0.07915660951543442
macaroni2,1,1,bad/006.JPG,799,0.9949937421777222,0.6655078019553804,0.9286608260325406,0.417038589968359,0,0.8214797973632812,0.1936185359954834,0.8757575757575757,-0.06633291614518155,-0.24846921198702138
macaroni2,1,1,bad/007.JPG,611,0.9443535188216039,0.8722376661371095,0.795417348608838,0.4569714706445317,0,0.6172294616699219,0.19963482022285461,0.9343434343434345,-0.14893617021276595,-0.4152661954925778
macaroni2,1,1,bad/008.JPG,685,1.0,0.9826367960924856,1.0,0.9750334683710157,0,0.69378662109375,0.1492217779159546,0.9606060606060607,0.0,-0.007603327721469877
macaroni2,1,1,bad/009.JPG,1194,0.9489112227805695,0.6073872754195477,0.9807370184254607,0.6774442566874247,0,1.234619140625,0.19795653223991394,0.9958333333333332,0.031825795644891186,0.07005698126787696
macaroni2,1,1,bad/010.JPG,599,1.0,0.9888095035699235,1.0,0.9953010030322736,0,0.612213134765625,0.17667651176452637,1.0,0.0,0.00649149946235017
macaroni2,1,1,bad/011.JPG,823,1.0,0.9938321448804593,1.0,0.9977583178445645,1,0.8369140625,0.16238993406295776,0.9555555555555556,0.0,0.003926172964105135
macaroni2,1,1,bad/012.JPG,429,1.0,0.9088406956274825,1.0,0.9899514142757387,0,0.4541015625,0.07402780652046204,0.8333333333333334,0.0,0.08111071864825625
macaroni2,1,1,bad/013.JPG,533,1.0,0.9440834749301754,1.0,0.9747992569228439,0,0.5458984375,0.16803857684135437,1.0,0.0,0.030715781992668445
macaroni2,1,1,bad/014.JPG,568,1.0,0.5740454323121498,1.0,0.6153494822064801,0,0.5867919921875,0.1464354693889618,0.9083333333333333,0.0,0.04130404989433034
macaroni2,1,1,bad/015.JPG,508,1.0,0.9756205885880836,1.0,0.9996290547402683,0,0.5305328369140625,0.06033766269683838,0.6,0.0,0.02400846615218466
macaroni2,1,1,bad/016.JPG,566,1.0,0.944103044494779,1.0,0.9978074076439227,1,0.56640625,0.17719006538391113,1.0,0.0,0.05370436314914373
macaroni2,1,1,bad/017.JPG,693,1.0,0.9764649291509486,1.0,0.9941713591530074,0,0.698974609375,0.1989281177520752,1.0,0.0,0.017706430002058737
macaroni2,1,1,bad/018.JPG,461,1.0,0.8069960515930347,1.0,0.9465343264569822,0,0.4898834228515625,0.07600384950637817,0.8791666666666667,0.0,0.13953827486394754
macaroni2,1,1,bad/019.JPG,904,1.0,0.9194123903240099,1.0,0.9433704153807001,1,0.89794921875,0.18682363629341125,1.0,0.0,0.023958025056690202
macaroni2,1,1,bad/020.JPG,709,0.39492242595204513,0.0845960291124073,0.19605077574047955,0.02219546867135219,1,0.7295608520507812,0.15597888827323914,0.8499999999999999,-0.19887165021156558,-0.0624005604410551
macaroni2,1,1,bad/021.JPG,483,1.0,0.969400614125774,1.0,0.9967390804902229,0,0.47955322265625,0.1321084201335907,0.9444444444444444,0.0,0.02733846636444881
macaroni2,1,1,bad/022.JPG,620,1.0,0.6647285488207055,1.0,0.8156156867255062,0,0.63275146484375,0.07173031568527222,0.7374999999999999,0.0,0.15088713790480068
macaroni2,1,1,bad/023.JPG,512,0.99609375,0.6335752215553893,1.0,0.993668666515928,0,0.51513671875,0.19029369950294495,0.9814814814814815,0.00390625,0.36009344496053874
macaroni2,1,1,bad/024.JPG,513,0.9649122807017544,0.6001691712141929,1.0,0.8433100393417436,0,0.545867919921875,0.14465248584747314,0.8250000000000001,0.03508771929824561,0.24314086812755076
macaroni2,1,1,bad/025.JPG,661,1.0,0.911171400616216,1.0,0.9903685952333693,1,0.6734085083007812,0.03479796648025513,0.7333333333333333,0.0,0.07919719461715324
macaroni2,1,1,bad/026.JPG,346,0.08959537572254335,0.009024920874631859,0.8959537572254336,0.499115633017454,0,0.3623390197753906,0.006245255470275879,0.7333333333333333,0.8063583815028902,0.4900907121428221
macaroni2,1,1,bad/027.JPG,316,1.0,0.9494956982298755,1.0,0.9833765317122092,0,0.3419189453125,0.044209420680999756,0.7944444444444445,0.0,0.03388083348233373
macaroni2,1,1,bad/028.JPG,342,1.0,0.9488513626458589,1.0,0.9897186739450056,0,0.36224365234375,0.23100346326828003,1.0,0.0,0.04086731129914667
macaroni2,1,1,bad/029.JPG,536,1.0,0.914477289729034,1.0,0.9735160503757458,0,0.5612525939941406,0.16217684745788574,0.8111111111111111,0.0,0.059038760646711874
macaroni2,1,1,bad/030.JPG,257,1.0,0.36744688371353956,1.0,0.5414194804207385,0,0.25,0.06809362769126892,0.8958333333333334,0.0,0.17397259670719895
macaroni2,1,1,bad/031.JPG,301,1.0,0.7854722791857601,0.9534883720930233,0.6876142385372547,0,0.31121826171875,0.11546981334686279,0.9916666666666667,-0.046511627906976716,-0.09785804064850545
macaroni2,1,1,bad/032.JPG,209,1.0,0.9367263686424954,1.0,0.965455886508518,0,0.21935272216796875,0.1347334086894989,0.9791666666666667,0.0,0.028729517866022625
macaroni2,1,1,bad/033.JPG,263,1.0,0.6369393286000006,1.0,0.7927573969414289,0,0.265380859375,0.06982767581939697,0.8541666666666666,0.0,0.1558180683414283
macaroni2,1,1,bad/034.JPG,192,0.0,0.0,0.9479166666666666,0.36242254829904985,0,0.1837158203125,0.047659873962402344,0.9351851851851852,0.9479166666666666,0.36242254829904985
macaroni2,1,1,bad/035.JPG,352,1.0,0.8170979076947545,1.0,0.9211266446626807,0,0.36228179931640625,0.12483417987823486,0.85,0.0,0.10402873696792614
macaroni2,1,1,bad/036.JPG,437,1.0,0.9163232996123095,1.0,0.963015581419569,0,0.4439697265625,0.1389601230621338,0.962962962962963,0.0,0.046692281807259484
macaroni2,1,1,bad/037.JPG,350,1.0,0.9776270836831397,1.0,0.9966420173927681,0,0.357025146484375,0.24393323063850403,1.0,0.0,0.01901493370962848
macaroni2,1,1,bad/038.JPG,289,1.0,0.8938246775026462,1.0,0.8708898262366956,0,0.26531982421875,0.18083298206329346,1.0,0.0,-0.022934851265950518
macaroni2,1,1,bad/039.JPG,259,1.0,0.8024090554702248,1.0,0.9131962368063334,0,0.2601318359375,0.09023463726043701,0.9259259259259259,0.0,0.11078718133610865
macaroni2,1,1,bad/040.JPG,301,1.0,0.9897370468150551,1.0,0.9990771502399409,0,0.30615234375,0.25412267446517944,1.0,0.0,0.009340103424885782
macaroni2,1,1,bad/041.JPG,471,1.0,0.9607408496208125,1.0,0.8512560688434014,0,0.4591064453125,0.11483532190322876,1.0,0.0,-0.10948478077741108
macaroni2,1,1,bad/042.JPG,1263,1.0,0.8781325338472747,1.0,0.8446031513670412,1,1.3113327026367188,0.13705837726593018,0.9212962962962963,0.0,-0.033529382480233516
macaroni2,1,1,bad/043.JPG,822,0.9063260340632603,0.26592044211707677,0.9902676399026764,0.5120720338204245,0,0.831573486328125,0.05242586135864258,0.8583333333333334,0.08394160583941612,0.24615159170334777
macaroni2,1,1,bad/044.JPG,136,1.0,0.6253164929635519,1.0,0.7113472522749448,0,0.137786865234375,0.058012455701828,0.8703703703703703,0.0,0.08603075931139292
macaroni2,1,1,bad/045.JPG,254,0.3464566929133858,0.0244658552761932,0.0,0.0,0,0.25,0.118440181016922,1.0,-0.3464566929133858,-0.0244658552761932
macaroni2,1,1,bad/046.JPG,1514,1.0,0.8847198666382446,1.0,0.860205521775943,0,1.576416015625,0.1203409731388092,0.9706959706959707,0.0,-0.02451434486230164
macaroni2,1,1,bad/047.JPG,788,1.0,0.9120658523800244,1.0,0.6580607576169129,0,0.8061866760253906,0.1484275758266449,0.9454545454545454,0.0,-0.2540050947631115
macaroni2,1,1,bad/048.JPG,2810,0.9245551601423487,0.6451457613235049,0.9565836298932384,0.6987249025035922,3,2.8669281005859375,0.14101970195770264,0.953125,0.03202846975088969,0.05357914118008733
macaroni2,1,1,bad/049.JPG,2614,1.0,0.8993853925933672,1.0,0.8900510884072871,2,2.6889801025390625,0.09620290994644165,0.9243589743589744,0.0,-0.009334304186080167
macaroni2,1,1,bad/050.JPG,871,1.0,0.9957798083834568,1.0,0.9971037010561609,1,0.9030838012695312,0.1847858726978302,0.9666666666666666,0.0,0.0013238926727040523
macaroni2,1,1,bad/051.JPG,395,1.0,0.5581386558819688,0.5113924050632911,0.074305666140539,0,0.4029884338378906,0.1854809820652008,1.0,-0.4886075949367089,-0.48383298974142974
macaroni2,1,1,bad/052.JPG,1817,1.0,0.9368834825306707,1.0,0.9336209493619793,1,1.862274169921875,0.09306281805038452,0.9424603174603174,0.0,-0.003262533168691406
macaroni2,1,1,bad/053.JPG,1104,0.2653985507246377,0.07309292988640814,0.33152173913043476,0.08681311550485074,1,1.13800048828125,0.05089738965034485,0.8166666666666667,0.06612318840579706,0.013720185618442599
macaroni2,1,1,bad/054.JPG,2854,0.9632095304835319,0.6300194152933016,0.9996496145760336,0.7821177907798166,3,2.928741455078125,0.13614463806152344,0.9246031746031745,0.03644008409250177,0.15209837548651495
macaroni2,1,1,bad/055.JPG,1395,1.0,0.9571899856846094,1.0,0.9609527763202943,2,1.4184417724609375,0.19077560305595398,0.9696969696969696,0.0,0.003762790635684854
macaroni2,1,1,bad/056.JPG,1254,1.0,0.9044844905732109,1.0,0.8813764461570163,1,1.29620361328125,0.08692961931228638,0.8757575757575758,0.0,-0.02310804441619463
macaroni2,1,1,bad/057.JPG,1698,0.7391048292108363,0.48519318509927495,0.4994110718492344,0.29032843580111695,1,1.7240676879882812,0.11956146359443665,0.9181818181818183,-0.23969375736160192,-0.194864749298158
macaroni2,1,1,bad/058.JPG,2000,1.0,0.8545096638179722,1.0,0.8889514817620422,1,2.0302200317382812,0.07363766431808472,0.8993055555555556,0.0,0.034441817944069975
macaroni2,1,1,bad/059.JPG,1114,1.0,0.6549869917973211,1.0,0.8003952483599996,1,1.137786865234375,0.09440293908119202,0.9666666666666667,0.0,0.14540825656267853
macaroni2,1,1,bad/060.JPG,1514,1.0,0.8803055675534496,1.0,0.9189168219926852,2,1.5661468505859375,0.1178777813911438,0.9537037037037037,0.0,0.03861125443923563
macaroni2,1,1,bad/061.JPG,2675,0.9618691588785047,0.344966909230696,0.9981308411214953,0.4070219048850886,2,2.7192840576171875,0.07138267159461975,0.9469696969696969,0.036261682242990645,0.0620549956543926
macaroni2,1,1,bad/062.JPG,1564,0.9993606138107417,0.39461151245049664,0.9993606138107417,0.38837693410932683,1,1.58148193359375,0.0721803605556488,0.8757575757575757,0.0,-0.006234578341169805
macaroni2,1,1,bad/063.JPG,1027,1.0,0.5234520301701407,0.7244401168451802,0.24169043513894697,1,1.0459403991699219,0.12750977277755737,0.9151515151515152,-0.27555988315481983,-0.2817615950311938
macaroni2,1,1,bad/064.JPG,989,1.0,0.7187338637053772,1.0,0.6923477094919013,1,1.0050582885742188,0.06964689493179321,0.9166666666666666,0.0,-0.0263861542134759
macaroni2,1,1,bad/065.JPG,936,1.0,0.6915230449411689,1.0,0.6855087208099043,0,0.94891357421875,0.0918349027633667,0.925,0.0,-0.00601432413126457
macaroni2,1,1,bad/066.JPG,1763,0.9988655700510494,0.8184048518206272,1.0,0.9405072836459413,1,1.8062782287597656,0.094758540391922,0.8948412698412698,0.0011344299489506326,0.1221024318253141
macaroni2,1,1,bad/067.JPG,1333,0.4216054013503376,0.7367255282202045,0.7809452363090773,0.6847708413554382,1,1.3725166320800781,0.07085108757019043,0.8973544973544973,0.3593398349587397,-0.05195468686476634
macaroni2,1,1,bad/068.JPG,2210,1.0,0.9399320334108063,1.0,0.9689424310780961,1,2.2602615356445312,0.09360453486442566,0.9781746031746031,0.0,0.029010397667289745
macaroni2,1,1,bad/069.JPG,332,1.0,0.881483527137012,1.0,0.9788539926855955,0,0.33160400390625,0.06382057070732117,0.9277777777777777,0.0,0.09737046554858353
macaroni2,1,1,bad/070.JPG,1272,1.0,0.6731293213624602,0.9080188679245284,0.46621241923926693,0,1.301025390625,0.13411471247673035,0.9175824175824177,-0.09198113207547165,-0.20691690212319325
macaroni2,1,1,bad/071.JPG,1486,0.8990578734858681,0.7715898323683092,0.8580080753701211,0.7213322170588321,0,1.4385986328125,0.21576464176177979,0.9258771929824561,-0.04104979811574694,-0.050257615309477144
macaroni2,1,1,bad/072.JPG,172,0.9883720930232558,0.8085004761910427,1.0,0.8588388538667249,0,0.19893646240234375,0.054413944482803345,0.8531249999999999,0.011627906976744207,0.05033837767568217
macaroni2,1,1,bad/073.JPG,409,0.25183374083129584,0.10682472538888857,0.2273838630806846,0.08517175748747174,0,0.4336662292480469,0.04466375708580017,0.7458333333333333,-0.02444987775061125,-0.021652967901416825
macaroni2,1,1,bad/074.JPG,317,0.08832807570977919,0.004302141647820659,0.06309148264984227,0.0006233084936788641,0,0.2703857421875,0.06233760714530945,0.669607843137255,-0.025236593059936918,-0.0036788331541417947
macaroni2,1,1,bad/075.JPG,574,0.9425087108013938,0.7923920615917491,0.9425087108013938,0.7525718437288544,0,0.6121444702148438,0.13276159763336182,0.8513888888888889,0.0,-0.03982021786289469
macaroni2,1,1,bad/076.JPG,195,1.0,0.7538930211053035,1.0,0.8532549845713838,0,0.198944091796875,0.06509998440742493,0.8650793650793651,0.0,0.09936196346608028
macaroni2,1,1,bad/077.JPG,1870,0.6096256684491979,0.8221016888609386,0.6540106951871658,0.8827367635603391,1,1.8877983093261719,0.10518121719360352,0.8079443079443079,0.04438502673796796,0.06063507469940055
macaroni2,1,1,bad/078.JPG,238,1.0,0.9065664659582107,1.0,0.8693690844105967,0,0.23468399047851562,0.1803421676158905,0.9293981481481481,0.0,-0.037197381547613984
macaroni2,1,1,bad/079.JPG,537,0.9273743016759777,0.5268779192729633,0.931098696461825,0.5213017440212488,0,0.5305862426757812,0.12345066666603088,0.8916666666666666,0.003724394785847296,-0.005576175251714499
macaroni2,1,1,bad/080.JPG,697,0.4117647058823529,0.1806811655092504,0.06599713055954089,0.015330969419922073,0,0.7244186401367188,0.10372579097747803,0.7053030303030302,-0.34576757532281205,-0.16535019608932833
macaroni2,1,1,bad/081.JPG,170,0.5411764705882353,0.4611026530269303,0.8235294117647058,0.577389153859742,0,0.158172607421875,0.07516497373580933,0.8010204081632653,0.2823529411764706,0.11628650083281167
macaroni2,1,1,bad/082.JPG,201,0.8805970149253731,0.5640873144208377,1.0,0.828049073546295,0,0.21429824829101562,0.190180242061615,0.8098290598290598,0.11940298507462688,0.2639617591254573
macaroni2,1,1,bad/083.JPG,1649,0.9927228623408126,0.8843338024449882,1.0,0.9106038837129223,0,1.693756103515625,0.06543612480163574,0.7222906403940886,0.0072771376591873604,0.026270081267934176
macaroni2,1,1,bad/084.JPG,439,0.7927107061503417,0.506816142439123,0.9202733485193622,0.4451886577532725,0,0.40810394287109375,0.11733278632164001,0.7972222222222222,0.12756264236902048,-0.0616274846858505
macaroni2,1,1,bad/085.JPG,1003,0.6979062811565304,0.29979572878401844,0.9770687936191426,0.4273286660256968,0,1.0306396484375,0.06754213571548462,0.8616071428571429,0.27916251246261214,0.12753293724167836
macaroni2,1,1,bad/086.JPG,752,0.2074468085106383,0.01794682836971303,0.5757978723404256,0.14885383520473205,0,0.780609130859375,0.01944825053215027,0.6488095238095238,0.3683510638297873,0.13090700683501902
macaroni2,1,1,bad/087.JPG,785,0.8343949044585988,0.46449001200614387,0.9821656050955414,0.6928192461234681,0,0.8366279602050781,0.10810789465904236,0.8083333333333333,0.14777070063694264,0.22832923411732425
macaroni2,1,1,bad/088.JPG,860,0.9790697674418605,0.6623859190519671,0.9790697674418605,0.6088404512491582,0,0.8979072570800781,0.08173713088035583,0.8589015151515151,0.0,-0.05354546780280889
macaroni2,1,1,bad/089.JPG,701,0.920114122681883,0.4328585316952783,0.9800285306704708,0.5673389437073346,0,0.6836090087890625,0.10849818587303162,0.8002645502645502,0.059914407988587826,0.1344804120120563
macaroni2,1,1,bad/090.JPG,1712,1.0,0.6697826027436617,0.9211448598130841,0.3821718675109313,0,1.7755699157714844,0.13588720560073853,0.823949246629659,-0.07885514018691586,-0.28761073523273045
macaroni2,1,1,bad/091.JPG,1562,0.9295774647887324,0.8350784681897777,0.9065300896286812,0.6511495895759701,0,1.6224822998046875,0.16450008749961853,0.8665620094191524,-0.023047375160051176,-0.18392887861380758
macaroni2,1,1,bad/092.JPG,570,1.0,0.7459476746889785,1.0,0.7532807275461929,0,0.5611763000488281,0.0662667453289032,0.9464285714285714,0.0,0.007333052857214417
macaroni2,1,1,bad/093.JPG,930,0.6516129032258065,0.12938121351053775,0.0,0.0,0,1.0203018188476562,0.08260747790336609,0.8282828282828283,-0.6516129032258065,-0.12938121351053775
macaroni2,1,1,bad/094.JPG,1066,0.5028142589118199,0.2094369162879462,0.5581613508442776,0.26939905145467125,0,1.137664794921875,0.039979636669158936,0.7829059829059829,0.05534709193245779,0.05996213516672505
macaroni2,1,1,bad/095.JPG,1035,1.0,0.9241671832186584,1.0,0.9598317589761814,0,1.0661544799804688,0.06153184175491333,0.6544444444444444,0.0,0.03566457575752302
macaroni2,1,1,bad/096.JPG,742,0.9150943396226415,0.2512767440773247,0.8800539083557951,0.23165700022445934,0,0.7755546569824219,0.06494134664535522,0.7727272727272727,-0.03504043126684642,-0.019619743852865357
macaroni2,1,1,bad/097.JPG,1173,0.0,0.0,0.0,0.0,0,1.2193565368652344,-0.0003318190574645996,0.5976331360946745,0.0,0.0
macaroni2,1,1,bad/098.JPG,877,1.0,0.5477820319705508,1.0,0.7607961581235952,0,0.9334716796875,0.12883630394935608,0.9810606060606061,0.0,0.2130141261530445
macaroni2,1,1,bad/099.JPG,693,0.9408369408369408,0.5721248858462338,1.0,0.5507108047764419,0,0.6938362121582031,0.060826510190963745,0.7367724867724867,0.059163059163059195,-0.021414081069791924
macaroni2,1,2,bad/000.JPG,1046,1.0,0.9400010975668851,1.0,0.9542110100653347,1,1.096710205078125,0.19265636801719666,0.9545454545454546,0.0,0.014209912498449606
macaroni2,1,2,bad/001.JPG,751,0.9866844207723036,0.9415568038264225,0.9720372836218375,0.885065819984901,0,0.76531982421875,0.1984461545944214,0.996969696969697,-0.01464713715046606,-0.056490983841521514
macaroni2,1,2,bad/002.JPG,1147,1.0,0.9891280030855373,1.0,0.9279775470470397,1,1.1736488342285156,0.14859634637832642,0.863095238095238,0.0,-0.06115045603849756
macaroni2,1,2,bad/003.JPG,365,0.0,0.0,0.8164383561643835,0.1817880135801932,0,0.357208251953125,0.011754155158996582,0.6833333333333333,0.8164383561643835,0.1817880135801932
macaroni2,1,2,bad/004.JPG,1400,1.0,0.9995170277527634,1.0,0.9984473866831225,1,1.43853759765625,0.2548428773880005,1.0,0.0,-0.0010696410696409142
macaroni2,1,2,bad/005.JPG,818,1.0,0.9536103568420546,1.0,0.944797034797212,0,0.790679931640625,0.19523712992668152,0.8875000000000001,0.0,-0.008813322044842642
macaroni2,1,2,bad/006.JPG,799,0.9974968710888611,0.6859545948237551,0.9849812265331664,0.6058829819518302,0,0.8214797973632812,0.19960445165634155,0.8575757575757575,-0.01251564455569465,-0.08007161287192488
macaroni2,1,2,bad/007.JPG,611,1.0,0.9857551656714522,1.0,0.9794885432343747,0,0.6172294616699219,0.26394256949424744,0.9191919191919191,0.0,-0.006266622437077429
macaroni2,1,2,bad/008.JPG,685,1.0,0.9893646232690114,1.0,0.9629408833904135,0,0.69378662109375,0.26065659523010254,1.0,0.0,-0.02642373987859792
macaroni2,1,2,bad/009.JPG,1194,1.0,0.9285611477201455,1.0,0.7762938331225867,0,1.234619140625,0.2303381860256195,1.0,0.0,-0.15226731459755882
macaroni2,1,2,bad/010.JPG,599,1.0,0.9964444590847288,1.0,0.9975520971262958,0,0.612213134765625,0.24666255712509155,1.0,0.0,0.001107638041566994
macaroni2,1,2,bad/011.JPG,823,1.0,0.9945769222688305,1.0,0.9990727178088293,1,0.8369140625,0.21236702799797058,0.861111111111111,0.0,0.0044957955399987926
macaroni2,1,2,bad/012.JPG,429,1.0,0.9776780665669554,1.0,0.9839520782463725,0,0.4541015625,0.2240387499332428,1.0,0.0,0.006274011679417102
macaroni2,1,2,bad/013.JPG,533,1.0,0.9984122598786044,1.0,0.9966928443429335,0,0.5458984375,0.28395652770996094,1.0,0.0,-0.0017194155356708984
macaroni2,1,2,bad/014.JPG,568,1.0,0.9944061982720359,0.971830985915493,0.9124578911765747,0,0.5867919921875,0.27497369050979614,0.8708333333333333,-0.028169014084507005,-0.08194830709546119
macaroni2,1,2,bad/015.JPG,508,1.0,0.9930720709517223,1.0,0.9996207815091659,0,0.5305328369140625,0.12563097476959229,0.8208333333333333,0.0,0.006548710557443549
macaroni2,1,2,bad/016.JPG,566,1.0,0.9887716614416814,1.0,0.9982229600646605,1,0.56640625,0.17706260085105896,1.0,0.0,0.00945129862297911
macaroni2,1,2,bad/017.JPG,693,1.0,0.9988118627925102,1.0,0.9988673934953548,0,0.698974609375,0.2954750657081604,1.0,0.0,5.5530702844586166e-05
macaroni2,1,2,bad/018.JPG,461,1.0,0.9935741209367329,1.0,0.9963240121123601,0,0.4898834228515625,0.167110413312912,0.8708333333333333,0.0,0.0027498911756271838
macaroni2,1,2,bad/019.JPG,904,1.0,0.957896850738254,1.0,0.9839933646829038,1,0.89794921875,0.17314469814300537,1.0,0.0,0.026096513944649735
macaroni2,1,2,bad/020.JPG,709,1.0,0.9366738755341747,1.0,0.9748860202150589,1,0.7295608520507812,0.13656219840049744,0.7666666666666666,0.0,0.038212144680884186
macaroni2,1,2,bad/021.JPG,483,1.0,0.9820212794817834,1.0,0.9988176582379482,0,0.47955322265625,0.17348772287368774,0.9722222222222222,0.0,0.016796378756164798
macaroni2,1,2,bad/022.JPG,620,1.0,0.9568591097474821,1.0,0.9043809219791654,0,0.63275146484375,0.10209855437278748,0.7833333333333333,0.0,-0.0524781877683167
macaroni2,1,2,bad/023.JPG,512,1.0,0.9822462937396231,1.0,0.9993743636106702,0,0.51513671875,0.26020514965057373,1.0,0.0,0.01712806987104709
macaroni2,1,2,bad/024.JPG,513,1.0,0.9635562413240676,1.0,0.9912307339799159,0,0.545867919921875,0.1562310755252838,0.7875,0.0,0.027674492655848315
macaroni2,1,2,bad/025.JPG,661,1.0,0.9829512343434739,1.0,0.9997207252395875,1,0.6734085083007812,0.022855699062347412,0.6499999999999999,0.0,0.01676949089611368
macaroni2,1,2,bad/026.JPG,346,0.5346820809248555,0.3619472073229299,0.8988439306358381,0.6403673805208288,0,0.3623390197753906,0.023180276155471802,0.8111111111111111,0.36416184971098264,0.27842017319789886
macaroni2,1,2,bad/027.JPG,316,1.0,0.9816022304536134,1.0,0.9978944016684288,0,0.3419189453125,0.030131787061691284,0.8111111111111111,0.0,0.01629217121481541
macaroni2,1,2,bad/028.JPG,342,1.0,0.9928928401558929,1.0,0.9984214444674905,0,0.36224365234375,0.2571488618850708,1.0,0.0,0.005528604311597629
macaroni2,1,2,bad/029.JPG,536,1.0,0.9947672045673032,1.0,0.9987401318967961,0,0.5612525939941406,0.28969475626945496,0.75,0.0,0.003972927329492948
macaroni2,1,2,bad/030.JPG,257,0.43190661478599224,0.11048142376688824,0.8210116731517509,0.3844916774624694,0,0.25,0.09888076782226562,0.9583333333333334,0.3891050583657587,0.27401025369558113
macaroni2,1,2,bad/031.JPG,301,1.0,0.9810809505876666,0.9933554817275747,0.8792312287412039,0,0.31121826171875,0.14332491159439087,1.0,-0.006644518272425293,-0.10184972184646279
macaroni2,1,2,bad/032.JPG,209,0.9138755980861244,0.29580360207039513,0.9856459330143541,0.5423163053661973,0,0.21935272216796875,0.11176422238349915,0.9583333333333333,0.0717703349282297,0.24651270329580222
macaroni2,1,2,bad/033.JPG,263,0.714828897338403,0.2557446918138409,1.0,0.7959269116987672,0,0.265380859375,0.07651862502098083,0.9583333333333334,0.28517110266159695,0.5401822198849262
macaroni2,1,2,bad/034.JPG,192,0.8489583333333334,0.507384960974488,1.0,0.8880589266694122,0,0.1837158203125,0.05814400315284729,0.8981481481481481,0.15104166666666663,0.3806739656949242
macaroni2,1,2,bad/035.JPG,352,1.0,0.9868731674162103,1.0,0.9959493834994335,0,0.36228179931640625,0.1512545347213745,0.9041666666666668,0.0,0.009076216083223176
macaroni2,1,2,bad/036.JPG,437,1.0,0.9852843760306143,1.0,0.999332893570953,0,0.4439697265625,0.15281358361244202,1.0,0.0,0.014048517540338756
macaroni2,1,2,bad/037.JPG,350,1.0,0.990515222787495,1.0,0.998027308017298,0,0.357025146484375,0.27749335765838623,1.0,0.0,0.007512085229802956
macaroni2,1,2,bad/038.JPG,289,0.9826989619377162,0.4258361618855331,1.0,0.5984772208433586,0,0.26531982421875,0.11970439553260803,0.9907407407407408,0.01730103806228378,0.17264105895782555
macaroni2,1,2,bad/039.JPG,259,1.0,0.9098127721020884,1.0,0.9670038515099794,0,0.2601318359375,0.14890262484550476,0.9907407407407408,0.0,0.05719107940789092
macaroni2,1,2,bad/040.JPG,301,0.7541528239202658,0.21817332282448562,1.0,0.8047553293252481,0,0.30615234375,0.16134247183799744,1.0,0.24584717607973416,0.5865820065007624
macaroni2,1,2,bad/041.JPG,471,1.0,0.99102977935696,1.0,0.973179470474855,0,0.4591064453125,0.26076242327690125,1.0,0.0,-0.017850308882105037
macaroni2,1,2,bad/042.JPG,1263,1.0,0.9948483797019982,1.0,0.9923061415922448,1,1.3113327026367188,0.30381277203559875,0.9652777777777778,0.0,-0.002542238109753403
macaroni2,1,2,bad/043.JPG,822,0.8746958637469586,0.657234737788284,1.0,0.8661702908347363,0,0.831573486328125,0.1279643177986145,0.8125,0.12530413625304138,0.20893555304645228
macaroni2,1,2,bad/044.JPG,136,1.0,0.7926235058587999,1.0,0.8877708583576216,0,0.137786865234375,0.01765325665473938,0.7500000000000001,0.0,0.09514735249882167
macaroni2,1,2,bad/045.JPG,254,1.0,0.8738937403586305,0.7401574803149606,0.35497458040670543,0,0.25,0.17704573273658752,1.0,-0.25984251968503935,-0.5189191599519252
macaroni2,1,2,bad/046.JPG,1514,0.9319682959048877,0.6416885934242789,0.9682959048877147,0.7510851337133365,0,1.576416015625,0.06947445869445801,0.9065934065934066,0.03632760898282694,0.10939654028905765
macaroni2,1,2,bad/047.JPG,788,1.0,0.9924562789849397,1.0,0.9856131442286126,0,0.8061866760253906,0.107338547706604,0.9636363636363636,0.0,-0.0068431347563271405
macaroni2,1,2,bad/048.JPG,2810,1.0,0.8252009869151922,1.0,0.9348567633674806,3,2.8669281005859375,0.06876102089881897,0.8506944444444445,0.0,0.10965577645228841
macaroni2,1,2,bad/049.JPG,2614,0.9525631216526397,0.7730403845075134,0.9984697781178271,0.8196289203081,2,2.6889801025390625,0.07851722836494446,0.9333333333333333,0.045906656465187434,0.04658853580058653
macaroni2,1,2,bad/050.JPG,871,1.0,0.9349765039096161,1.0,0.8671931254297202,1,0.9030838012695312,0.11984008550643921,0.9060606060606061,0.0,-0.0677833784798959
macaroni2,1,2,bad/051.JPG,395,1.0,0.9989736572015053,1.0,0.9911257058556258,0,0.4029884338378906,0.15924549102783203,1.0,0.0,-0.007847951345879567
macaroni2,1,2,bad/052.JPG,1817,1.0,0.8414773906842751,0.9834892680242158,0.7211976185910219,1,1.862274169921875,0.09813955426216125,0.9801587301587301,-0.016510731975784232,-0.12027977209325313
macaroni2,1,2,bad/053.JPG,1104,0.024456521739130436,0.003259146827987409,0.8813405797101449,0.5180232597462326,1,1.13800048828125,0.04895925521850586,0.8291666666666666,0.8568840579710144,0.5147641129182452
macaroni2,1,2,bad/054.JPG,2854,0.9607568325157674,0.7555985923569695,0.9821303433777155,0.7833951953978426,3,2.928741455078125,0.09811574220657349,0.9166666666666666,0.021373510861948164,0.02779660304087317
macaroni2,1,2,bad/055.JPG,1395,1.0,0.8555281550830864,1.0,0.9444449982396532,2,1.4184417724609375,0.09934556484222412,0.9646464646464646,0.0,0.08891684315656678
macaroni2,1,2,bad/056.JPG,1254,0.9633173843700159,0.6153735472712345,1.0,0.6632897389153645,1,1.29620361328125,0.024333924055099487,0.6636363636363637,0.036682615629984094,0.04791619164412997
macaroni2,1,2,bad/057.JPG,1698,0.3333333333333333,0.11614167144149425,0.32744405182567726,0.0814750493657316,1,1.7240676879882812,0.03125074505805969,0.7696969696969698,-0.005889281507656052,-0.03466662207576264
macaroni2,1,2,bad/058.JPG,2000,0.5705,0.18017166390614842,0.826,0.5966514427340253,1,2.0302200317382812,0.04627537727355957,0.921875,0.25549999999999995,0.41647977882787685
macaroni2,1,2,bad/059.JPG,1114,1.0,0.6200873911401314,1.0,0.8684193696916472,1,1.137786865234375,0.08606511354446411,0.9125,0.0,0.2483319785515158
macaroni2,1,2,bad/060.JPG,1514,1.0,0.9808449400788106,1.0,0.9843934170377523,2,1.5661468505859375,0.0853782594203949,0.8912037037037037,0.0,0.003548476958941671
macaroni2,1,2,bad/061.JPG,2675,0.931214953271028,0.4689116262330009,0.9644859813084112,0.4208895961066862,2,2.7192840576171875,0.05608716607093811,0.8733766233766235,0.03327102803738324,-0.04802203012631473
macaroni2,1,2,bad/062.JPG,1564,0.940537084398977,0.2829046411248895,0.9085677749360613,0.3060657618943672,1,1.58148193359375,0.05344972014427185,0.9272727272727272,-0.03196930946291565,0.023161120769477683
macaroni2,1,2,bad/063.JPG,1027,0.997078870496592,0.4318991063330339,0.9074975657254138,0.302501759098229,1,1.0459403991699219,0.04068759083747864,0.8090909090909091,-0.0895813047711782,-0.1293973472348049
macaroni2,1,2,bad/064.JPG,989,0.9828109201213346,0.8206789305593367,1.0,0.8643266854040823,1,1.0050582885742188,0.029249578714370728,0.7986111111111112,0.01718907987866536,0.04364775484474559
macaroni2,1,2,bad/065.JPG,936,0.3504273504273504,0.02228297511109736,0.9305555555555556,0.4693592387975006,0,0.94891357421875,0.05376327037811279,0.8958333333333333,0.5801282051282052,0.44707626368640324
macaroni2,1,2,bad/066.JPG,1763,0.7016449234259784,0.40792461106496075,0.766874645490641,0.46426722159400385,1,1.8062782287597656,0.09135556221008301,0.8055555555555556,0.0652297220646626,0.0563426105290431
macaroni2,1,2,bad/067.JPG,1333,0.46136534133533386,0.7892759969819848,0.8102025506376594,0.8437968879949956,1,1.3725166320800781,0.12412005662918091,0.9005291005291005,0.3488372093023256,0.05452089101301083
macaroni2,1,2,bad/068.JPG,2210,1.0,0.8570669657786186,1.0,0.9694676821862832,1,2.2602615356445312,0.09205782413482666,0.9682539682539683,0.0,0.11240071640766458
macaroni2,1,2,bad/069.JPG,332,0.891566265060241,0.3634043120873325,1.0,0.7690151519514016,0,0.33160400390625,0.04339161515235901,0.8333333333333333,0.10843373493975905,0.4056108398640691
macaroni2,1,2,bad/070.JPG,1272,0.5723270440251572,0.2613382226542557,0.29952830188679247,0.04728134110842292,0,1.301025390625,0.17516565322875977,0.9267399267399268,-0.27279874213836475,-0.2140568815458328
macaroni2,1,2,bad/071.JPG,1486,0.9818304172274562,0.7998931618005604,0.9104979811574697,0.5951648836603104,0,1.4385986328125,0.1693894863128662,0.8846491228070175,-0.07133243606998652,-0.20472827814024996
macaroni2,1,2,bad/072.JPG,172,0.622093023255814,0.42430358927084416,0.75,0.5873684795468017,0,0.19893646240234375,0.028810977935791016,0.7770833333333333,0.12790697674418605,0.16306489027595755
macaroni2,1,2,bad/073.JPG,409,0.32273838630806845,0.1369461672465165,0.29095354523227385,0.10716462183454849,0,0.4336662292480469,0.011377811431884766,0.6529761904761905,-0.0317848410757946,-0.029781545411968022
macaroni2,1,2,bad/074.JPG,317,0.05362776025236593,0.05960474363252142,0.0,0.0,0,0.2703857421875,0.13605722784996033,0.6588235294117647,-0.05362776025236593,-0.05960474363252142
macaroni2,1,2,bad/075.JPG,574,0.7735191637630662,0.5438704946798406,0.7665505226480837,0.4536551306479772,0,0.6121444702148438,0.13908329606056213,0.875,-0.006968641114982521,-0.09021536403186342
macaroni2,1,2,bad/076.JPG,195,0.9435897435897436,0.6074210050122478,0.8974358974358975,0.6216974461191785,0,0.198944091796875,0.03477337956428528,0.7634920634920636,-0.0461538461538461,0.014276441106930715
macaroni2,1,2,bad/077.JPG,1870,0.9042780748663102,0.4321502973120451,0.9401069518716577,0.5748130395416498,1,1.8877983093261719,0.07598298788070679,0.7663800163800164,0.03582887700534754,0.14266274222960468
macaroni2,1,2,bad/078.JPG,238,0.8235294117647058,0.37171527512456676,0.9285714285714286,0.42928968174802246,0,0.23468399047851562,0.1101599931716919,0.9629629629629629,0.10504201680672276,0.0575744066234557
macaroni2,1,2,bad/079.JPG,537,0.6219739292364991,0.38760843935703854,0.49162011173184356,0.26044425283025824,0,0.5305862426757812,0.07081913948059082,0.7607142857142857,-0.13035381750465552,-0.1271641865267803
macaroni2,1,2,bad/080.JPG,697,0.6269727403156384,0.4170544845257578,0.7288378766140603,0.45458721280827463,0,0.7244186401367188,0.1043727695941925,0.7045454545454545,0.10186513629842187,0.03753272828251686
macaroni2,1,2,bad/081.JPG,170,0.5882352941176471,0.49541511127803306,0.9294117647058824,0.6344955684059495,0,0.158172607421875,0.05730009078979492,0.8486394557823129,0.3411764705882353,0.1390804571279164
macaroni2,1,2,bad/082.JPG,201,0.6268656716417911,0.22811543076333726,0.6417910447761194,0.6333105177537254,0,0.21429824829101562,0.1670188009738922,0.8846153846153846,0.01492537313432829,0.4051950869903881
macaroni2,1,2,bad/083.JPG,1649,0.7804730139478472,0.7233547918820218,0.708308065494239,0.3907054374137442,0,1.693756103515625,0.09509667754173279,0.8072660098522167,-0.07216494845360821,-0.3326493544682776
macaroni2,1,2,bad/084.JPG,439,0.7471526195899773,0.4858070134134354,0.7220956719817767,0.41975662275996783,0,0.40810394287109375,0.11544397473335266,0.8138888888888889,-0.02505694760820054,-0.06605039065346757
macaroni2,1,2,bad/085.JPG,1003,1.0,0.8877364895140705,0.9890329012961117,0.6691401751876069,0,1.0306396484375,0.19762885570526123,0.9508928571428572,-0.010967098703888345,-0.21859631432646354
macaroni2,1,2,bad/086.JPG,752,0.8670212765957447,0.6124566666340994,0.9148936170212766,0.7200243213266097,0,0.780609130859375,0.06378874182701111,0.7574404761904762,0.0478723404255319,0.10756765469251028
macaroni2,1,2,bad/087.JPG,785,0.8012738853503185,0.4754808152737251,0.9707006369426752,0.6772440703433513,0,0.8366279602050781,0.13907456398010254,0.8321428571428571,0.16942675159235665,0.20176325506962622
macaroni2,1,2,bad/088.JPG,860,0.9546511627906977,0.6415303109789383,0.963953488372093,0.5445950502567167,0,0.8979072570800781,0.11109146475791931,0.8039772727272727,0.009302325581395321,-0.09693526072222158
macaroni2,1,2,bad/089.JPG,701,0.9543509272467903,0.7054009662056016,0.9529243937232525,0.6840418997494246,0,0.6836090087890625,0.11647239327430725,0.7367724867724867,-0.0014265335235377208,-0.02135906645617691
macaroni2,1,2,bad/090.JPG,1712,0.8300233644859814,0.2503574496219159,0.17231308411214954,0.002847458825326841,0,1.7755699157714844,0.07122445106506348,0.8152260111022998,-0.6577102803738318,-0.24750999079658909
macaroni2,1,2,bad/091.JPG,1562,0.8937259923175416,0.8739929150043796,0.8629961587708067,0.744944605663585,0,1.6224822998046875,0.22476521134376526,0.8218210361067504,-0.030729833546734864,-0.1290483093407946
macaroni2,1,2,bad/092.JPG,570,0.9824561403508771,0.7247142943619426,0.9385964912280702,0.7508824947104851,0,0.5611763000488281,0.10891175270080566,0.9285714285714286,-0.04385964912280693,0.026168200348542503
macaroni2,1,2,bad/093.JPG,930,0.9172043010752688,0.5807041792892241,0.9193548387096774,0.42684287353697753,0,1.0203018188476562,0.08339077234268188,0.8636363636363635,0.0021505376344085336,-0.1538613057522466
macaroni2,1,2,bad/094.JPG,1066,0.8893058161350844,0.4590999072700269,0.6322701688555347,0.25463090867422583,0,1.137664794921875,0.023473888635635376,0.7324786324786324,-0.25703564727954975,-0.2044689985958011
macaroni2,1,2,bad/095.JPG,1035,0.9439613526570049,0.8294040112533332,0.8859903381642512,0.7417864878500947,0,1.0661544799804688,0.052575647830963135,0.6700000000000002,-0.05797101449275366,-0.08761752340323847
macaroni2,1,2,bad/096.JPG,742,0.9568733153638814,0.7521596290344353,0.9137466307277629,0.39753414879949805,0,0.7755546569824219,0.0551203191280365,0.8300865800865802,-0.04312668463611857,-0.3546254802349373
macaroni2,1,2,bad/097.JPG,1173,0.6504688832054561,0.2840012905212261,0.6547314578005116,0.26462244004282154,0,1.2193565368652344,-0.006317138671875,0.5443786982248521,0.004262574595055413,-0.01937885047840454
macaroni2,1,2,bad/098.JPG,877,1.0,0.5858724598739729,1.0,0.717538417844931,0,0.9334716796875,0.17636004090309143,0.9848484848484849,0.0,0.13166595797095815
macaroni2,1,2,bad/099.JPG,693,0.9624819624819625,0.7964908496443129,0.9783549783549783,0.8256231376715442,0,0.6938362121582031,0.00931522250175476,0.6574074074074073,0.015873015873015817,0.029132288027231223
macaroni2,4,0,bad/000.JPG,1046,1.0,0.9910733124349227,1.0,0.9941034806398258,1,1.096710205078125,0.15290787816047668,0.8787878787878788,0.0,0.0030301682049030942
macaroni2,4,0,bad/001.JPG,751,0.9733688415446072,0.906441262582813,0.9400798934753661,0.7300162396526494,0,0.76531982421875,0.1466888189315796,0.993939393939394,-0.0332889480692411,-0.1764250229301636
macaroni2,4,0,bad/002.JPG,1147,1.0,0.9893781374997631,1.0,0.831606215787808,1,1.1736488342285156,0.21607911586761475,0.9166666666666666,0.0,-0.1577719217119551
macaroni2,4,0,bad/003.JPG,365,0.7534246575342466,0.23028880046923442,0.9506849315068493,0.3447302017694523,0,0.357208251953125,0.09156537055969238,0.8222222222222222,0.1972602739726027,0.11444140130021788
macaroni2,4,0,bad/004.JPG,1400,1.0,0.9984031103175247,1.0,0.9988782640784644,1,1.43853759765625,0.20372432470321655,1.0,0.0,0.00047515376093965056
macaroni2,4,0,bad/005.JPG,818,1.0,0.9885846468911835,1.0,0.9207721847224183,0,0.790679931640625,0.14140233397483826,0.8541666666666666,0.0,-0.06781246216876524
macaroni2,4,0,bad/006.JPG,799,0.9574468085106383,0.6281062267335996,0.9374217772215269,0.5025783882056719,0,0.8214797973632812,0.2357504963874817,0.9636363636363636,-0.020025031289111483,-0.1255278385279277
macaroni2,4,0,bad/007.JPG,611,1.0,0.989516000304331,1.0,0.9876505178664682,0,0.6172294616699219,0.22596201300621033,0.9646464646464646,0.0,-0.0018654824378627755
macaroni2,4,0,bad/008.JPG,685,1.0,0.9910235556845878,1.0,0.9895930381607027,0,0.69378662109375,0.19732505083084106,1.0,0.0,-0.001430517523885122
macaroni2,4,0,bad/009.JPG,1194,1.0,0.9669482674249841,1.0,0.9474282989331608,0,1.234619140625,0.22131755948066711,1.0,0.0,-0.019519968491823247
macaroni2,4,0,bad/010.JPG,599,1.0,0.9945806061140929,1.0,0.9993049647146148,0,0.612213134765625,0.21868902444839478,1.0,0.0,0.004724358600521894
macaroni2,4,0,bad/011.JPG,823,1.0,0.9975255232658444,1.0,0.9990488666065823,1,0.8369140625,0.19034934043884277,0.9722222222222222,0.0,0.0015233433407378927
macaroni2,4,0,bad/012.JPG,429,1.0,0.9845911273839203,1.0,0.979961038970048,0,0.4541015625,0.19721823930740356,1.0,0.0,-0.0046300884138722465
macaroni2,4,0,bad/013.JPG,533,1.0,0.998406837594806,1.0,0.9996968766079339,0,0.5458984375,0.2548202574253082,1.0,0.0,0.0012900390131279638
macaroni2,4,0,bad/014.JPG,568,1.0,0.996671177373711,1.0,0.9966868970014722,0,0.5867919921875,0.21797746419906616,0.9791666666666666,0.0,1.5719627761145993e-05
macaroni2,4,0,bad/015.JPG,508,1.0,0.9637305203416591,1.0,0.9995888556815626,0,0.5305328369140625,0.07173413038253784,0.6625,0.0,0.03585833533990357
macaroni2,4,0,bad/016.JPG,566,1.0,0.9041323735121773,1.0,0.9990319077163873,1,0.56640625,0.20356550812721252,1.0,0.0,0.09489953420420993
macaroni2,4,0,bad/017.JPG,693,1.0,0.998962282312299,1.0,0.9988338574090994,0,0.698974609375,0.26171067357063293,1.0,0.0,-0.00012842490319964206
macaroni2,4,0,bad/018.JPG,461,1.0,0.9956844480489602,1.0,0.997767650548631,0,0.4898834228515625,0.13753724098205566,0.9,0.0,0.0020832024996708665
macaroni2,4,0,bad/019.JPG,904,1.0,0.9988888633511134,1.0,0.9950735379536969,1,0.89794921875,0.13271641731262207,1.0,0.0,-0.003815325397416469
macaroni2,4,0,bad/020.JPG,709,1.0,0.9392884504474233,1.0,0.9598634636788447,1,0.7295608520507812,0.14679571986198425,0.711111111111111,0.0,0.020575013231421413
macaroni2,4,0,bad/021.JPG,483,1.0,0.9973970015750927,1.0,0.999379929423016,0,0.47955322265625,0.13307255506515503,0.9814814814814815,0.0,0.0019829278479233103
macaroni2,4,0,bad/022.JPG,620,1.0,0.9940054337976453,1.0,0.9975269143663346,0,0.63275146484375,0.0944443941116333,0.8625,0.0,0.0035214805686892836
macaroni2,4,0,bad/023.JPG,512,1.0,0.9887779906407909,1.0,0.9993197288097657,0,0.51513671875,0.21203354001045227,1.0,0.0,0.010541738168974857
macaroni2,4,0,bad/024.JPG,513,1.0,0.9894721938043038,1.0,0.994335658853393,0,0.545867919921875,0.18572327494621277,0.8625,0.0,0.004863465049089188
macaroni2,4,0,bad/025.JPG,661,1.0,0.9992795396787892,1.0,0.9995154699266526,1,0.6734085083007812,0.04203766584396362,0.8166666666666667,0.0,0.00023593024786339178
macaroni2,4,0,bad/026.JPG,346,0.9508670520231214,0.8385801066042,1.0,0.949632019030319,0,0.3623390197753906,0.023132771253585815,0.8,0.049132947976878616,0.111051912426119
macaroni2,4,0,bad/027.JPG,316,1.0,0.9921551650102985,1.0,0.9933390023872912,0,0.3419189453125,0.02574518322944641,0.7999999999999999,0.0,0.0011838373769926802
macaroni2,4,0,bad/028.JPG,342,1.0,0.9992995155210002,1.0,0.9985909288808681,0,0.36224365234375,0.18407732248306274,1.0,0.0,-0.0007085866401320695
macaroni2,4,0,bad/029.JPG,536,1.0,0.9949772126196684,1.0,0.9974997501348478,0,0.5612525939941406,0.22299596667289734,0.6944444444444444,0.0,0.0025225375151793905
macaroni2,4,0,bad/030.JPG,257,0.980544747081712,0.5850255854059269,1.0,0.8666112190564659,0,0.25,0.11207881569862366,0.9791666666666666,0.01945525291828798,0.281585633650539
macaroni2,4,0,bad/031.JPG,301,1.0,0.9974214081856608,1.0,0.996070821652217,0,0.31121826171875,0.17554816603660583,1.0,0.0,-0.001350586533443776
macaroni2,4,0,bad/032.JPG,209,1.0,0.9897227886295903,1.0,0.9976459713301818,0,0.21935272216796875,0.12175914645195007,0.9708333333333333,0.0,0.007923182700591558
macaroni2,4,0,bad/033.JPG,263,1.0,0.7607185914833867,1.0,0.997529595692207,0,0.265380859375,0.12716680765151978,1.0,0.0,0.23681100420882029
macaroni2,4,0,bad/034.JPG,192,1.0,0.8955363740867995,1.0,0.9989113926238552,0,0.1837158203125,0.07402944564819336,0.9444444444444444,0.0,0.10337501853705566
macaroni2,4,0,bad/035.JPG,352,1.0,0.9971624248463588,1.0,0.9995421557921558,0,0.36228179931640625,0.14520004391670227,0.9500000000000001,0.0,0.0023797309457970206
macaroni2,4,0,bad/036.JPG,437,1.0,0.9979773824167417,1.0,0.9994994994994996,0,0.4439697265625,0.2350233793258667,1.0,0.0,0.0015221170827578456
macaroni2,4,0,bad/037.JPG,350,1.0,0.9952739998685944,1.0,0.9990373313396336,0,0.357025146484375,0.3031545877456665,1.0,0.0,0.003763331471039133
macaroni2,4,0,bad/038.JPG,289,1.0,0.9975180172361783,1.0,0.9991360239499383,0,0.26531982421875,0.15223723649978638,1.0,0.0,0.0016180067137600007
macaroni2,4,0,bad/039.JPG,259,1.0,0.9551053128563072,1.0,0.9945722719794089,0,0.2601318359375,0.16532695293426514,1.0,0.0,0.03946695912310172
macaroni2,4,0,bad/040.JPG,301,1.0,0.9890629509585677,1.0,0.9989840338677549,0,0.30615234375,0.21223637461662292,1.0,0.0,0.009921082909187251
macaroni2,4,0,bad/041.JPG,471,1.0,0.9854851660571392,1.0,0.9398483568653738,0,0.4591064453125,0.17911943793296814,1.0,0.0,-0.04563680919176538
macaroni2,4,0,bad/042.JPG,1263,1.0,0.995868882989733,1.0,0.9975352474251611,1,1.3113327026367188,0.27912136912345886,0.9907407407407407,0.0,0.0016663644354281137
macaroni2,4,0,bad/043.JPG,822,1.0,0.9786411982809109,1.0,0.9988189767257155,0,0.831573486328125,0.14656656980514526,0.9416666666666667,0.0,0.020177778444804617
macaroni2,4,0,bad/044.JPG,136,1.0,0.9848540349806323,1.0,0.9822322322322321,0,0.137786865234375,0.08671733736991882,1.0,0.0,-0.0026218027484001816
macaroni2,4,0,bad/045.JPG,254,1.0,0.9983647520054006,1.0,0.9665437587690551,0,0.25,0.08311465382575989,0.9791666666666666,0.0,-0.031820993236345574
macaroni2,4,0,bad/046.JPG,1514,1.0,0.9589030673108145,1.0,0.9851712180310263,0,1.576416015625,0.0769340991973877,0.9816849816849816,0.0,0.026268150720211714
macaroni2,4,0,bad/047.JPG,788,1.0,0.9915032779968782,1.0,0.9157680047592803,0,0.8061866760253906,0.09304839372634888,0.9787878787878788,0.0,-0.07573527323759788
macaroni2,4,0,bad/048.JPG,2810,0.30391459074733096,0.08523894460756593,0.297153024911032,0.16628400706820762,3,2.8669281005859375,0.027554869651794434,0.8159722222222221,-0.006761565836298944,0.08104506246064169
macaroni2,4,0,bad/049.JPG,2614,0.7651109410864575,0.46104960986100735,0.9594491201224178,0.7263587140609917,2,2.6889801025390625,0.06771579384803772,0.9243589743589744,0.1943381790359603,0.2653091041999844
macaroni2,4,0,bad/050.JPG,871,0.002296211251435132,2.988062689555235e-05,0.3513203214695752,0.119860541751089,1,0.9030838012695312,0.04744043946266174,0.8818181818181817,0.34902411021814006,0.11983066112419344
macaroni2,4,0,bad/051.JPG,395,1.0,0.9910705031002545,1.0,0.8405756715268758,0,0.4029884338378906,0.11138489842414856,0.95,0.0,-0.15049483157337862
macaroni2,4,0,bad/052.JPG,1817,0.6296092460099064,0.32288573879548454,0.5266923500275179,0.1029739342727069,1,1.862274169921875,0.046894341707229614,0.9206349206349206,-0.10291689598238851,-0.21991180452277764
macaroni2,4,0,bad/053.JPG,1104,0.9646739130434783,0.4230840278521112,1.0,0.9150478058356045,1,1.13800048828125,0.04928696155548096,0.9416666666666667,0.03532608695652173,0.49196377798349333
macaroni2,4,0,bad/054.JPG,2854,1.0,0.9563210031344599,1.0,0.9711769572996601,3,2.928741455078125,0.0738438069820404,0.9702380952380953,0.0,0.014855954165200247
macaroni2,4,0,bad/055.JPG,1395,1.0,0.969631833820754,1.0,0.9848985589936218,2,1.4184417724609375,0.07868263125419617,0.9090909090909092,0.0,0.015266725172867757
macaroni2,4,0,bad/056.JPG,1254,1.0,0.7438394839322082,1.0,0.7135634981217406,1,1.29620361328125,0.04579886794090271,0.896969696969697,0.0,-0.030275985810467643
macaroni2,4,0,bad/057.JPG,1698,0.980565371024735,0.5982376209973065,0.9128386336866903,0.499243352479274,1,1.7240676879882812,0.05935773253440857,0.9090909090909091,-0.06772673733804468,-0.0989942685180325
macaroni2,4,0,bad/058.JPG,2000,1.0,0.6891464026589151,0.9615,0.7993104493382271,1,2.0302200317382812,0.045683711767196655,0.8836805555555556,-0.03849999999999998,0.11016404667931201
macaroni2,4,0,bad/059.JPG,1114,1.0,0.9706165050326987,1.0,0.987231089490081,1,1.137786865234375,0.08258062601089478,0.9916666666666667,0.0,0.016614584457382287
macaroni2,4,0,bad/060.JPG,1514,1.0,0.9838033247616543,1.0,0.9953116643446338,2,1.5661468505859375,0.07001829147338867,0.8842592592592593,0.0,0.011508339582979477
macaroni2,4,0,bad/061.JPG,2675,1.0,0.8866247470979646,1.0,0.8914731789186079,2,2.7192840576171875,0.03752061724662781,0.8170995670995671,0.0,0.0048484318206433175
macaroni2,4,0,bad/062.JPG,1564,1.0,0.619215298810345,1.0,0.8711978762500813,1,1.58148193359375,0.03489699959754944,0.8727272727272728,0.0,0.2519825774397363
macaroni2,4,0,bad/063.JPG,1027,1.0,0.9096934317952805,1.0,0.8246431556311057,1,1.0459403991699219,0.056234389543533325,0.8878787878787878,0.0,-0.08505027616417482
macaroni2,4,0,bad/064.JPG,989,1.0,0.9838787168309815,1.0,0.9703406351966944,1,1.0050582885742188,0.059411585330963135,0.9097222222222223,0.0,-0.013538081634287047
macaroni2,4,0,bad/065.JPG,936,0.4754273504273504,0.5941891072874997,0.8974358974358975,0.4728139030135144,0,0.94891357421875,0.03575122356414795,0.7416666666666667,0.42200854700854706,-0.12137520427398535
macaroni2,4,0,bad/066.JPG,1763,0.9886557005104935,0.7347896342121992,1.0,0.8373030764789228,1,1.8062782287597656,0.07697319984436035,0.9285714285714286,0.011344299489506549,0.10251344226672354
macaroni2,4,0,bad/067.JPG,1333,0.9977494373593399,0.8825508793008598,0.9977494373593399,0.8907669396165196,1,1.3725166320800781,0.08486509323120117,0.88994708994709,0.0,0.008216060315659801
macaroni2,4,0,bad/068.JPG,2210,0.9968325791855204,0.8731724645167499,1.0,0.8613279887671927,1,2.2602615356445312,0.059660911560058594,0.9523809523809523,0.0031674208144796268,-0.01184447574955716
macaroni2,4,0,bad/069.JPG,332,1.0,0.9320787404624253,1.0,0.9745056265064225,0,0.33160400390625,0.05398213863372803,0.9111111111111112,0.0,0.042426886043997136
macaroni2,4,0,bad/070.JPG,1272,0.9599056603773585,0.8169410337585588,0.9905660377358491,0.6502856426978663,0,1.301025390625,0.12483295798301697,0.9065934065934066,0.030660377358490587,-0.1666553910606925
macaroni2,4,0,bad/071.JPG,1486,0.9757738896366084,0.8724339484238683,0.9851951547779273,0.8725710489346267,0,1.4385986328125,0.1670740246772766,0.9144736842105262,0.009421265141318913,0.00013710051075832563
macaroni2,4,0,bad/072.JPG,172,0.8255813953488372,0.5196507608175812,0.7732558139534884,0.6262006637823632,0,0.19893646240234375,0.029442667961120605,0.7625,-0.05232558139534882,0.10654990296478195
macaroni2,4,0,bad/073.JPG,409,0.6259168704156479,0.4827804491447352,0.43765281173594134,0.30915489427669085,0,0.4336662292480469,0.0358433723449707,0.7523809523809524,-0.18826405867970658,-0.17362555486804437
macaroni2,4,0,bad/074.JPG,317,0.5899053627760252,0.44795827187547127,0.6593059936908517,0.2646471658366614,0,0.2703857421875,0.08511611819267273,0.65,0.06940063091482651,-0.18331110603880985
macaroni2,4,0,bad/075.JPG,574,1.0,0.8084079826444142,0.945993031358885,0.7290437832614156,0,0.6121444702148438,0.10469606518745422,0.8583333333333333,-0.05400696864111498,-0.07936419938299855
macaroni2,4,0,bad/076.JPG,195,0.09230769230769231,0.008257479127245969,0.3384615384615385,0.18845878068897987,0,0.198944091796875,0.040807098150253296,0.7555555555555556,0.24615384615384617,0.1802013015617339
macaroni2,4,0,bad/077.JPG,1870,0.9475935828877006,0.4241525382774816,0.9866310160427807,0.6913803830748634,1,1.8877983093261719,0.05482551455497742,0.8247338247338247,0.039037433155080126,0.26722784479738176
macaroni2,4,0,bad/078.JPG,238,0.9705882352941176,0.40666152702600916,1.0,0.76956800127618,0,0.23468399047851562,0.09382617473602295,0.9745370370370371,0.02941176470588236,0.3629064742501708
macaroni2,4,0,bad/079.JPG,537,0.6554934823091247,0.5858108029714276,0.6871508379888268,0.5429457022294059,0,0.5305862426757812,0.07060346007347107,0.7273809523809524,0.03165735567970207,-0.04286510074202177
macaroni2,4,0,bad/080.JPG,697,0.8507890961262554,0.6255084461902471,0.9053084648493543,0.727752450893957,0,0.7244186401367188,0.12261945009231567,0.7916666666666667,0.05451936872309893,0.10224400470370987
macaroni2,4,0,bad/081.JPG,170,0.8,0.5491027917748755,0.8117647058823529,0.5376670788435495,0,0.158172607421875,0.05270195007324219,0.8384353741496599,0.0117647058823529,-0.011435712931326059
macaroni2,4,0,bad/082.JPG,201,0.7611940298507462,0.3530191188392493,0.8258706467661692,0.6269381373634093,0,0.21429824829101562,0.13781696557998657,0.8269230769230769,0.06467661691542292,0.27391901852416
macaroni2,4,0,bad/083.JPG,1649,0.8405093996361431,0.8775087654550758,0.9308671922377199,0.7858864204560592,0,1.693756103515625,0.07189589738845825,0.8238916256157635,0.09035779260157673,-0.09162234499901667
macaroni2,4,0,bad/084.JPG,439,0.7972665148063781,0.5272918026688881,0.9635535307517085,0.5976885681721498,0,0.40810394287109375,0.06490179896354675,0.8055555555555556,0.16628701594533035,0.07039676550326168
macaroni2,4,0,bad/085.JPG,1003,1.0,0.9355132553121293,0.9810568295114656,0.738951256394843,0,1.0306396484375,0.16207796335220337,0.9821428571428572,-0.018943170488534444,-0.1965619989172862
macaroni2,4,0,bad/086.JPG,752,0.9720744680851063,0.5905869277425813,1.0,0.7029136191056057,0,0.780609130859375,0.06210145354270935,0.8363095238095237,0.027925531914893664,0.11232669136302442
macaroni2,4,0,bad/087.JPG,785,1.0,0.7745993007426671,0.9974522292993631,0.7906885419950356,0,0.8366279602050781,0.10439923405647278,0.8845238095238095,-0.002547770700636942,0.016089241252368436
macaroni2,4,0,bad/088.JPG,860,1.0,0.8957208451408142,1.0,0.8993727726499173,0,0.8979072570800781,0.12186041474342346,0.8191287878787878,0.0,0.003651927509103148
macaroni2,4,0,bad/089.JPG,701,0.927246790299572,0.766255188668159,0.9885877318116976,0.8585463864996449,0,0.6836090087890625,0.15753206610679626,0.7817460317460317,0.061340941512125546,0.09229119783148587
macaroni2,4,0,bad/090.JPG,1712,0.8487149532710281,0.658631511894347,0.7792056074766355,0.3474031104661513,0,1.7755699157714844,0.05726504325866699,0.8437747819191118,-0.06950934579439261,-0.3112284014281957
macaroni2,4,0,bad/091.JPG,1562,0.8847631241997439,0.7403569154256004,0.8194622279129321,0.5528882405313895,0,1.6224822998046875,0.26482051610946655,0.8932496075353218,-0.0653008962868118,-0.18746867489421093
macaroni2,4,0,bad/092.JPG,570,1.0,0.9416297707196083,1.0,0.9265241252895012,0,0.5611763000488281,0.10453331470489502,0.9613095238095238,0.0,-0.015105645430107062
macaroni2,4,0,bad/093.JPG,930,0.9924731182795699,0.8668089877830212,0.9827956989247312,0.8070188442921423,0,1.0203018188476562,0.07276704907417297,0.8414141414141414,-0.009677419354838679,-0.059790143490878855
macaroni2,4,0,bad/094.JPG,1066,0.9577861163227017,0.45433376401136466,0.798311444652908,0.44038673571024495,0,1.137664794921875,0.005552709102630615,0.7085470085470086,-0.15947467166979368,-0.013947028301119713
macaroni2,4,0,bad/095.JPG,1035,0.961352657004831,0.8282257966061319,0.9893719806763285,0.8397056439754284,0,1.0661544799804688,0.054751425981521606,0.69,0.02801932367149751,0.011479847369296414
macaroni2,4,0,bad/096.JPG,742,0.977088948787062,0.8908062277376357,1.0,0.8941810939378986,0,0.7755546569824219,0.0614873468875885,0.8084415584415585,0.022911051212938016,0.0033748662002628382
macaroni2,4,0,bad/097.JPG,1173,0.658994032395567,0.32209169816109134,0.7757885763000852,0.4138260652762621,0,1.2193565368652344,0.023705899715423584,0.6568047337278106,0.11679454390451827,0.09173436711517075
macaroni2,4,0,bad/098.JPG,877,1.0,0.7949259410260251,1.0,0.975662069493083,0,0.9334716796875,0.14963731169700623,0.9772727272727273,0.0,0.1807361284670579
macaroni2,4,0,bad/099.JPG,693,0.9552669552669553,0.7671743533172859,0.9393939393939394,0.5329472802830483,0,0.6938362121582031,0.04016551375389099,0.7711640211640212,-0.015873015873015817,-0.23422707303423762
macaroni2,4,1,bad/000.JPG,1046,1.0,0.9579513006729897,1.0,0.9875263081109464,1,1.096710205078125,0.09391051530838013,0.9090909090909092,0.0,0.029575007437956713
macaroni2,4,1,bad/001.JPG,751,0.9653794940079894,0.9030307914603444,0.9547270306258322,0.8486997900156287,0,0.76531982421875,0.1515117585659027,1.0,-0.010652463382157196,-0.0543310014447157
macaroni2,4,1,bad/002.JPG,1147,1.0,0.9382171618856857,1.0,0.8709658190963688,1,1.1736488342285156,0.09475794434547424,0.871031746031746,0.0,-0.06725134278931688
macaroni2,4,1,bad/003.JPG,365,0.9123287671232877,0.31315150130560615,0.852054794520548,0.22492947764716012,0,0.357208251953125,0.08547726273536682,0.9055555555555556,-0.0602739726027397,-0.08822202365844603
macaroni2,4,1,bad/004.JPG,1400,1.0,0.9966057273489706,1.0,0.9979537252109824,1,1.43853759765625,0.1400296688079834,0.9833333333333333,0.0,0.001347997862011785
macaroni2,4,1,bad/005.JPG,818,1.0,0.9830308577617836,1.0,0.9707612435505522,0,0.790679931640625,0.14544278383255005,0.9333333333333333,0.0,-0.012269614211231405
macaroni2,4,1,bad/006.JPG,799,0.9386733416770964,0.5950360323306143,0.9161451814768461,0.33522123809055515,0,0.8214797973632812,0.20976895093917847,0.9515151515151515,-0.02252816020025028,-0.25981479424005915
macaroni2,4,1,bad/007.JPG,611,1.0,0.9908963381478741,1.0,0.9824418581983674,0,0.6172294616699219,0.22507277131080627,0.9621212121212122,0.0,-0.008454479949506766
macaroni2,4,1,bad/008.JPG,685,1.0,0.9613667592323507,1.0,0.9133007859323691,0,0.69378662109375,0.13538774847984314,0.9696969696969697,0.0,-0.048065973299981635
macaroni2,4,1,bad/009.JPG,1194,0.9564489112227805,0.6340356871316838,1.0,0.6762819812293278,0,1.234619140625,0.1404578685760498,0.9833333333333334,0.04355108877721947,0.04224629409764402
macaroni2,4,1,bad/010.JPG,599,1.0,0.995021247724619,1.0,0.9853528575073994,0,0.612213134765625,0.21225735545158386,1.0,0.0,-0.009668390217219547
macaroni2,4,1,bad/011.JPG,823,1.0,0.9695524437798303,1.0,0.9984121423975617,1,0.8369140625,0.17756050825119019,0.9777777777777777,0.0,0.02885969861773141
macaroni2,4,1,bad/012.JPG,429,1.0,0.9829571975217621,1.0,0.9800227062989827,0,0.4541015625,0.21149364113807678,1.0,0.0,-0.002934491222779445
macaroni2,4,1,bad/013.JPG,533,1.0,0.9959737928877801,1.0,0.998895130766026,0,0.5458984375,0.1744813323020935,1.0,0.0,0.0029213378782458888
macaroni2,4,1,bad/014.JPG,568,1.0,0.9962089547992353,1.0,0.9969955634976291,0,0.5867919921875,0.2059321403503418,0.8958333333333333,0.0,0.0007866086983937537
macaroni2,4,1,bad/015.JPG,508,1.0,0.9778363973204485,1.0,0.9996995026522587,0,0.5305328369140625,0.10009095072746277,0.7916666666666666,0.0,0.02186310533181024
macaroni2,4,1,bad/016.JPG,566,1.0,0.9387439227765421,1.0,0.9981493746281502,1,0.56640625,0.209445983171463,1.0,0.0,0.05940545185160817
macaroni2,4,1,bad/017.JPG,693,1.0,0.9984807929752876,1.0,0.9990334102112547,0,0.698974609375,0.2518085837364197,1.0,0.0,0.0005526172359671122
macaroni2,4,1,bad/018.JPG,461,1.0,0.9857363830166351,1.0,0.9933431479418899,0,0.4898834228515625,0.12176477909088135,0.8416666666666666,0.0,0.007606764925254805
macaroni2,4,1,bad/019.JPG,904,1.0,0.9746132191924223,1.0,0.9948159093479192,1,0.89794921875,0.09992125630378723,0.9907407407407408,0.0,0.020202690155496916
macaroni2,4,1,bad/020.JPG,709,1.0,0.73374438316016,1.0,0.894819812506187,1,0.7295608520507812,0.17543411254882812,0.7444444444444444,0.0,0.16107542934602703
macaroni2,4,1,bad/021.JPG,483,1.0,0.9971431805222116,1.0,0.997988882882472,0,0.47955322265625,0.12950655817985535,0.9814814814814815,0.0,0.0008457023602603808
macaroni2,4,1,bad/022.JPG,620,1.0,0.9921944927587667,1.0,0.9838755446330762,0,0.63275146484375,0.08704036474227905,0.8916666666666666,0.0,-0.00831894812569045
macaroni2,4,1,bad/023.JPG,512,1.0,0.9595557619290337,1.0,0.9990203974385422,0,0.51513671875,0.18772822618484497,1.0,0.0,0.03946463550950852
macaroni2,4,1,bad/024.JPG,513,1.0,0.9944803914487049,1.0,0.998575272730422,0,0.545867919921875,0.16787081956863403,0.8541666666666666,0.0,0.004094881281717089
macaroni2,4,1,bad/025.JPG,661,1.0,0.8699816774124819,1.0,0.9946357822994673,1,0.6734085083007812,0.05109885334968567,0.8277777777777777,0.0,0.12465410488698536
macaroni2,4,1,bad/026.JPG,346,0.9971098265895953,0.9177867751276422,1.0,0.9892601066757883,0,0.3623390197753906,0.03378358483314514,0.8888888888888888,0.0028901734104046506,0.07147333154814617
macaroni2,4,1,bad/027.JPG,316,1.0,0.9952002166254393,1.0,0.9981674712687372,0,0.3419189453125,0.03802576661109924,0.8666666666666666,0.0,0.002967254643297834
macaroni2,4,1,bad/028.JPG,342,1.0,0.9989686057868274,1.0,0.9987591625483905,0,0.36224365234375,0.22127962112426758,1.0,0.0,-0.00020944323843696822
macaroni2,4,1,bad/029.JPG,536,1.0,0.9565244505856759,1.0,0.9923977886272269,0,0.5612525939941406,0.17823100090026855,0.7888888888888889,0.0,0.03587333804155102
macaroni2,4,1,bad/030.JPG,257,1.0,0.6550309405076623,1.0,0.8968321010275417,0,0.25,0.09937983751296997,0.9583333333333334,0.0,0.24180116051987943
macaroni2,4,1,bad/031.JPG,301,1.0,0.9977709937181036,1.0,0.9901305969769783,0,0.31121826171875,0.18941304087638855,1.0,0.0,-0.007640396741125377
macaroni2,4,1,bad/032.JPG,209,1.0,0.993740232658098,1.0,0.989233252391147,0,0.21935272216796875,0.13919472694396973,0.9791666666666666,0.0,-0.004506980266950955
macaroni2,4,1,bad/033.JPG,263,0.7680608365019012,0.3328732493669294,1.0,0.9704580917329788,0,0.265380859375,0.11964133381843567,1.0,0.23193916349809884,0.6375848423660494
macaroni2,4,1,bad/034.JPG,192,0.9895833333333334,0.7991737984230476,1.0,0.9868722889556222,0,0.1837158203125,0.10215142369270325,0.9907407407407408,0.01041666666666663,0.1876984905325746
macaroni2,4,1,bad/035.JPG,352,1.0,0.9964956134813493,1.0,0.9994754909951356,0,0.36228179931640625,0.16142162680625916,0.9041666666666668,0.0,0.0029798775137862554
macaroni2,4,1,bad/036.JPG,437,1.0,0.9790786707112644,1.0,0.9994964291742764,0,0.4439697265625,0.17350655794143677,1.0,0.0,0.02041775846301197
macaroni2,4,1,bad/037.JPG,350,1.0,0.9947095200448555,1.0,0.9989748535894682,0,0.357025146484375,0.293265700340271,1.0,0.0,0.004265333544612782
macaroni2,4,1,bad/038.JPG,289,1.0,0.7977865230103628,1.0,0.8104906316723671,0,0.26531982421875,0.1585620939731598,1.0,0.0,0.012704108662004332
macaroni2,4,1,bad/039.JPG,259,1.0,0.9874431736144801,1.0,0.9864622650949519,0,0.2601318359375,0.16210594773292542,1.0,0.0,-0.0009809085195281453
macaroni2,4,1,bad/040.JPG,301,1.0,0.9728217259457802,1.0,0.9981918135082929,0,0.30615234375,0.19572767615318298,1.0,0.0,0.02537008756251269
macaroni2,4,1,bad/041.JPG,471,1.0,0.9617427578493739,1.0,0.8271992445382395,0,0.4591064453125,0.10099652409553528,1.0,0.0,-0.13454351331113446
macaroni2,4,1,bad/042.JPG,1263,1.0,0.9964216532982448,1.0,0.9972658608215781,1,1.3113327026367188,0.20478323101997375,0.9768518518518519,0.0,0.0008442075233332513
macaroni2,4,1,bad/043.JPG,822,0.8503649635036497,0.43656580855495103,1.0,0.9403248663421245,0,0.831573486328125,0.0907692015171051,0.925,0.14963503649635035,0.5037590577871736
macaroni2,4,1,bad/044.JPG,136,1.0,0.7824013791805113,1.0,0.8818371247653473,0,0.137786865234375,0.09913545846939087,1.0,0.0,0.09943574558483592
macaroni2,4,1,bad/045.JPG,254,0.9488188976377953,0.22045716828885836,0.9606299212598425,0.49425560277672237,0,0.25,0.048463791608810425,0.8125,0.011811023622047223,0.273798434487864
macaroni2,4,1,bad/046.JPG,1514,0.7648612945838837,0.3428119794295746,0.9966974900924703,0.5156883694388835,0,1.576416015625,0.06608954071998596,0.8864468864468865,0.23183619550858658,0.17287639000930893
macaroni2,4,1,bad/047.JPG,788,1.0,0.9831275052586466,1.0,0.97338838447193,0,0.8061866760253906,0.042442262172698975,0.9242424242424242,0.0,-0.00973912078671657
macaroni2,4,1,bad/048.JPG,2810,0.46548042704626336,0.12942686184130475,0.6113879003558719,0.18623404609301542,3,2.8669281005859375,0.0234907865524292,0.7604166666666667,0.14590747330960852,0.05680718425171066
macaroni2,4,1,bad/049.JPG,2614,1.0,0.9618011882417068,1.0,0.9741587051107359,2,2.6889801025390625,0.09145629405975342,0.9448717948717948,0.0,0.012357516869029084
macaroni2,4,1,bad/050.JPG,871,0.30884041331802525,0.04739846790703618,0.05510907003444317,0.0038714715055234695,1,0.9030838012695312,0.05926993489265442,0.9090909090909092,-0.2537313432835821,-0.04352699640151271
macaroni2,4,1,bad/051.JPG,395,1.0,0.9828533853096391,1.0,0.8981002206956009,0,0.4029884338378906,0.10727638006210327,0.9666666666666667,0.0,-0.08475316461403815
macaroni2,4,1,bad/052.JPG,1817,1.0,0.9788098862294964,1.0,0.9469618306896421,1,1.862274169921875,0.07424312829971313,0.9722222222222222,0.0,-0.03184805553985426
macaroni2,4,1,bad/053.JPG,1104,0.5615942028985508,0.04985698258645121,0.9773550724637681,0.6051018368871548,1,1.13800048828125,0.038995563983917236,0.8500000000000001,0.4157608695652173,0.5552448543007036
macaroni2,4,1,bad/054.JPG,2854,1.0,0.7044569846349202,1.0,0.7996815263002965,3,2.928741455078125,0.06888023018836975,0.9543650793650793,0.0,0.0952245416653763
macaroni2,4,1,bad/055.JPG,1395,1.0,0.9342221994239603,1.0,0.937381907077409,2,1.4184417724609375,0.09270480275154114,0.9368686868686869,0.0,0.00315970765344864
macaroni2,4,1,bad/056.JPG,1254,0.5047846889952153,0.12949104158734842,0.696969696969697,0.2454615920766282,1,1.29620361328125,0.015069574117660522,0.7696969696969698,0.19218500797448168,0.11597055048927979
macaroni2,4,1,bad/057.JPG,1698,0.7773851590106007,0.432776693755694,0.6513545347467609,0.2820836960858608,1,1.7240676879882812,0.053639620542526245,0.9060606060606061,-0.12603062426383982,-0.15069299766983318
macaroni2,4,1,bad/058.JPG,2000,1.0,0.962689228517807,1.0,0.9646925584242901,1,2.0302200317382812,0.07325330376625061,0.9253472222222222,0.0,0.002003329906483109
macaroni2,4,1,bad/059.JPG,1114,1.0,0.9853953330985121,1.0,0.9926455324408934,1,1.137786865234375,0.09495148062705994,0.9791666666666666,0.0,0.007250199342381247
macaroni2,4,1,bad/060.JPG,1514,0.9795244385733157,0.8343932560819196,1.0,0.8726754766265213,2,1.5661468505859375,0.03297510743141174,0.8217592592592593,0.020475561426684274,0.03828222054460173
macaroni2,4,1,bad/061.JPG,2675,1.0,0.8477375737788739,1.0,0.8615185095590266,2,2.7192840576171875,0.03937879204750061,0.8701298701298702,0.0,0.013780935780152714
macaroni2,4,1,bad/062.JPG,1564,0.9923273657289002,0.39290401051048457,0.9130434782608695,0.3149031694267269,1,1.58148193359375,0.039323389530181885,0.8757575757575757,-0.07928388746803072,-0.07800084108375765
macaroni2,4,1,bad/063.JPG,1027,0.6991236611489776,0.38519181025928284,0.5657254138266796,0.28958308593640125,1,1.0459403991699219,0.04283520579338074,0.9060606060606061,-0.133398247322298,-0.09560872432288159
macaroni2,4,1,bad/064.JPG,989,1.0,0.9732642101611677,1.0,0.9316188032576818,1,1.0050582885742188,0.046591609716415405,0.8564814814814814,0.0,-0.04164540690348595
macaroni2,4,1,bad/065.JPG,936,1.0,0.7885617354439117,1.0,0.6892824410542129,0,0.94891357421875,0.034041404724121094,0.75,0.0,-0.09927929438969885
macaroni2,4,1,bad/066.JPG,1763,1.0,0.9596956609228382,1.0,0.9775083835866399,1,1.8062782287597656,0.09006839990615845,0.9861111111111112,0.0,0.01781272266380174
macaroni2,4,1,bad/067.JPG,1333,0.8402100525131283,0.859779955172742,0.9977494373593399,0.890439336448726,1,1.3725166320800781,0.09039318561553955,0.9037037037037038,0.15753938484621155,0.030659381275984
macaroni2,4,1,bad/068.JPG,2210,1.0,0.8036903002132939,1.0,0.9339770366120245,1,2.2602615356445312,0.07112613320350647,0.9583333333333334,0.0,0.13028673639873056
macaroni2,4,1,bad/069.JPG,332,1.0,0.9145983676791594,1.0,0.9713797866875645,0,0.33160400390625,0.05405080318450928,0.8888888888888888,0.0,0.056781419008405165
macaroni2,4,1,bad/070.JPG,1272,0.9764150943396226,0.5424818613351486,0.41823899371069184,0.08043021774111353,0,1.301025390625,0.10245645046234131,0.8315018315018315,-0.5581761006289307,-0.4620516435940351
macaroni2,4,1,bad/071.JPG,1486,0.9979811574697174,0.8448207130926862,0.9811574697173621,0.7772979728199416,0,1.4385986328125,0.14823052287101746,0.8929824561403509,-0.01682368775235532,-0.06752274027274463
macaroni2,4,1,bad/072.JPG,172,0.9825581395348837,0.8506773525291064,1.0,0.8375765036229422,0,0.19893646240234375,0.05523049831390381,0.871875,0.01744186046511631,-0.013100848906164142
macaroni2,4,1,bad/073.JPG,409,0.5256723716381418,0.2944947607970044,0.38875305623471884,0.22326115846898242,0,0.4336662292480469,0.0547272264957428,0.7803571428571427,-0.136919315403423,-0.07123360232802195
macaroni2,4,1,bad/074.JPG,317,0.2744479495268139,0.09250935661907062,0.2870662460567823,0.011110639663285675,0,0.2703857421875,0.08948418498039246,0.6852941176470588,0.012618296529968431,-0.08139871695578493
macaroni2,4,1,bad/075.JPG,574,0.8989547038327527,0.8024237915006732,0.9337979094076655,0.7828187368849983,0,0.6121444702148438,0.12785786390304565,0.8777777777777778,0.03484320557491283,-0.019605054615674966
macaroni2,4,1,bad/076.JPG,195,0.441025641025641,0.5078589065585412,0.7076923076923077,0.6064362921438269,0,0.198944091796875,0.03726515173912048,0.8587301587301587,0.2666666666666667,0.09857738558528573
macaroni2,4,1,bad/077.JPG,1870,0.6181818181818182,0.755406157426864,0.7593582887700535,0.9018062174809743,1,1.8877983093261719,0.05341571569442749,0.7366912366912366,0.14117647058823535,0.14640006005411033
macaroni2,4,1,bad/078.JPG,238,0.8067226890756303,0.24661086425792308,0.9621848739495799,0.3572514893924539,0,0.23468399047851562,0.09936878085136414,0.9548611111111112,0.15546218487394958,0.1106406251345308
macaroni2,4,1,bad/079.JPG,537,0.4860335195530726,0.2570089805975865,0.4338919925512104,0.18469932613448167,0,0.5305862426757812,0.030987530946731567,0.7964285714285714,-0.0521415270018622,-0.0723096544631048
macaroni2,4,1,bad/080.JPG,697,0.9053084648493543,0.7333277311014732,0.9626972740315638,0.7006852854523338,0,0.7244186401367188,0.10475924611091614,0.8151515151515151,0.057388809182209455,-0.03264244564913943
macaroni2,4,1,bad/081.JPG,170,0.4470588235294118,0.35446740681681504,0.3058823529411765,0.08613908025672733,0,0.158172607421875,0.08132830262184143,0.8588435374149659,-0.1411764705882353,-0.2683283265600877
macaroni2,4,1,bad/082.JPG,201,0.9850746268656716,0.5982830454899267,1.0,0.7514089898465655,0,0.21429824829101562,0.11680656671524048,0.8333333333333333,0.014925373134328401,0.15312594435663873
macaroni2,4,1,bad/083.JPG,1649,0.679805942995755,0.6142916475148018,0.7265009096422074,0.7226272989166728,0,1.693756103515625,0.07048547267913818,0.8552955665024631,0.04669496664645234,0.10833565140187096
macaroni2,4,1,bad/084.JPG,439,0.8086560364464692,0.5785149430568198,0.6059225512528473,0.28961044722934176,0,0.40810394287109375,0.11883282661437988,0.8,-0.2027334851936219,-0.28890449582747807
macaroni2,4,1,bad/085.JPG,1003,1.0,0.891340233642087,0.9840478564307079,0.6466157841521347,0,1.0306396484375,0.112906813621521,0.96875,-0.015952143569292088,-0.2447244494899523
macaroni2,4,1,bad/086.JPG,752,0.7167553191489362,0.4345274442817913,0.8803191489361702,0.5737927565458504,0,0.780609130859375,0.06391894817352295,0.8139880952380952,0.16356382978723405,0.13926531226405908
macaroni2,4,1,bad/087.JPG,785,1.0,0.6040986779602405,1.0,0.646389358405053,0,0.8366279602050781,0.12558206915855408,0.9,0.0,0.042290680444812434
macaroni2,4,1,bad/088.JPG,860,0.9755813953488373,0.6197783459011755,0.9697674418604652,0.6568371719083343,0,0.8979072570800781,0.08208027482032776,0.8522727272727273,-0.005813953488372103,0.03705882600715882
macaroni2,4,1,bad/089.JPG,701,0.9372325249643366,0.6764460129978679,0.9900142653352354,0.7849109199191524,0,0.6836090087890625,0.13385966420173645,0.8148148148148149,0.05278174037089878,0.10846490692128452
macaroni2,4,1,bad/090.JPG,1712,0.027453271028037383,0.00037778510270552025,0.0,0.0,0,1.7755699157714844,0.06615597009658813,0.8628072957969866,-0.027453271028037383,-0.00037778510270552025
macaroni2,4,1,bad/091.JPG,1562,0.8706786171574904,0.742577025050404,0.8495518565941101,0.5800691883589445,0,1.6224822998046875,0.19504299759864807,0.8281004709576137,-0.021126760563380254,-0.16250783669145952
macaroni2,4,1,bad/092.JPG,570,1.0,0.5405459959367592,0.9719298245614035,0.7235153101272662,0,0.5611763000488281,0.07161757349967957,0.9315476190476191,-0.028070175438596467,0.182969314190507
macaroni2,4,1,bad/093.JPG,930,0.9978494623655914,0.8938723023568559,0.9720430107526882,0.784292950607405,0,1.0203018188476562,0.07723012566566467,0.8606060606060606,-0.02580645161290318,-0.10957935174945088
macaroni2,4,1,bad/094.JPG,1066,0.8724202626641651,0.33979717818507216,0.8677298311444653,0.39123861097262125,0,1.137664794921875,0.03936183452606201,0.72991452991453,-0.004690431519699723,0.05144143278754909
macaroni2,4,1,bad/095.JPG,1035,0.9198067632850242,0.7511848982260566,0.9285024154589372,0.6184543419673025,0,1.0661544799804688,0.038823604583740234,0.6900000000000001,0.008695652173912993,-0.13273055625875407
macaroni2,4,1,bad/096.JPG,742,0.931266846361186,0.5691309817635443,0.9231805929919138,0.48293153771190733,0,0.7755546569824219,0.03309428691864014,0.7943722943722944,-0.008086253369272156,-0.08619944405163693
macaroni2,4,1,bad/097.JPG,1173,0.7229326513213982,0.4540716987878997,0.9931798806479113,0.7483324781385327,0,1.2193565368652344,0.009144902229309082,0.6179205409974641,0.2702472293265131,0.29426077935063294
macaroni2,4,1,bad/098.JPG,877,1.0,0.7208824815701611,1.0,0.9147576100020751,0,0.9334716796875,0.10811781883239746,0.9734848484848485,0.0,0.193875128431914
macaroni2,4,1,bad/099.JPG,693,0.950937950937951,0.6933388306636825,0.9927849927849928,0.7724613140076908,0,0.6938362121582031,0.013413071632385254,0.6759259259259259,0.0418470418470418,0.07912248334400829
macaroni2,4,2,bad/000.JPG,1046,1.0,0.9963311129310781,1.0,0.9834701505211404,1,1.096710205078125,0.1393505334854126,0.9545454545454546,0.0,-0.012860962409937726
macaroni2,4,2,bad/001.JPG,751,0.9973368841544608,0.9307834469520521,0.9800266311584553,0.9178848613976728,0,0.76531982421875,0.1258542239665985,1.0,-0.017310252996005415,-0.012898585554379283
macaroni2,4,2,bad/002.JPG,1147,1.0,0.9864113716371309,1.0,0.9798581427207409,1,1.1736488342285156,0.14234009385108948,0.878968253968254,0.0,-0.006553228916389986
macaroni2,4,2,bad/003.JPG,365,0.9123287671232877,0.3193597697181281,0.9561643835616438,0.39962549732170766,0,0.357208251953125,0.0553932785987854,0.9277777777777778,0.043835616438356095,0.08026572760357958
macaroni2,4,2,bad/004.JPG,1400,1.0,0.9982311025454168,1.0,0.9989797226083513,1,1.43853759765625,0.19354510307312012,0.9916666666666666,0.0,0.0007486200629345241
macaroni2,4,2,bad/005.JPG,818,0.9987775061124694,0.9671355644442303,1.0,0.9565373784984499,0,0.790679931640625,0.11705660820007324,0.9375,0.0012224938875305957,-0.010598185945780436
macaroni2,4,2,bad/006.JPG,799,0.9824780976220275,0.6436036995335062,0.981226533166458,0.6361579660558186,0,0.8214797973632812,0.21302488446235657,0.9272727272727272,-0.0012515644555695093,-0.007445733477687511
macaroni2,4,2,bad/007.JPG,611,1.0,0.9890272504376721,1.0,0.9753732851786964,0,0.6172294616699219,0.21089935302734375,0.962121212121212,0.0,-0.013653965258975775
macaroni2,4,2,bad/008.JPG,685,1.0,0.885168419331534,1.0,0.6958240942191829,0,0.69378662109375,0.13842681050300598,0.9787878787878788,0.0,-0.1893443251123511
macaroni2,4,2,bad/009.JPG,1194,1.0,0.9623681668404638,1.0,0.8854460081532275,0,1.234619140625,0.1731688678264618,1.0,0.0,-0.07692215868723629
macaroni2,4,2,bad/010.JPG,599,1.0,0.9966613768435625,1.0,0.9984651448462506,0,0.612213134765625,0.17764469981193542,1.0,0.0,0.0018037680026881109
macaroni2,4,2,bad/011.JPG,823,1.0,0.9548304414717002,1.0,0.9978752770408946,1,0.8369140625,0.1364811658859253,0.95,0.0,0.04304483556919447
macaroni2,4,2,bad/012.JPG,429,0.9953379953379954,0.715318616669968,1.0,0.7448881261193574,0,0.4541015625,0.19527247548103333,1.0,0.004662004662004615,0.02956950944938941
macaroni2,4,2,bad/013.JPG,533,1.0,0.9969011869924979,1.0,0.9969214512343008,0,0.5458984375,0.17741388082504272,1.0,0.0,2.0264241802903094e-05
macaroni2,4,2,bad/014.JPG,568,1.0,0.9966375287721282,1.0,0.9922025281707147,0,0.5867919921875,0.21194949746131897,0.9500000000000001,0.0,-0.004435000601413441
macaroni2,4,2,bad/015.JPG,508,1.0,0.9163067318025426,1.0,0.9992916144490949,0,0.5305328369140625,0.08090069890022278,0.7,0.0,0.08298488264655224
macaroni2,4,2,bad/016.JPG,566,1.0,0.9353281279949999,1.0,0.998104797709703,1,0.56640625,0.14067035913467407,1.0,0.0,0.06277666971470308
macaroni2,4,2,bad/017.JPG,693,1.0,0.9804383542788614,1.0,0.993412574376872,0,0.698974609375,0.23308470845222473,1.0,0.0,0.012974220098010636
macaroni2,4,2,bad/018.JPG,461,1.0,0.8961055740446846,1.0,0.9902205813108039,0,0.4898834228515625,0.09775817394256592,0.9375,0.0,0.09411500726611932
macaroni2,4,2,bad/019.JPG,904,1.0,0.9893552495731002,1.0,0.985178264270631,1,0.89794921875,0.16145819425582886,1.0,0.0,-0.004176985302469127
macaroni2,4,2,bad/020.JPG,709,0.9929478138222849,0.7991525644389369,1.0,0.961123644486909,1,0.7295608520507812,0.1553991734981537,0.7444444444444444,0.007052186177715081,0.16197108004797212
macaroni2,4,2,bad/021.JPG,483,1.0,0.9968366292168357,1.0,0.9993444865229695,0,0.47955322265625,0.13758447766304016,0.9722222222222222,0.0,0.002507857306133787
macaroni2,4,2,bad/022.JPG,620,1.0,0.9944486940684751,1.0,0.9963700122027804,0,0.63275146484375,0.09781241416931152,0.8791666666666667,0.0,0.0019213181343052943
macaroni2,4,2,bad/023.JPG,512,1.0,0.9689302213953819,1.0,0.9991876642267267,0,0.51513671875,0.23815873265266418,1.0,0.0,0.030257442831344794
macaroni2,4,2,bad/024.JPG,513,1.0,0.9671590002567179,1.0,0.9978379939393583,0,0.545867919921875,0.17650222778320312,0.85,0.0,0.030678993682640487
macaroni2,4,2,bad/025.JPG,661,1.0,0.993078353947241,1.0,0.9994815177900684,1,0.6734085083007812,0.047548145055770874,0.7722222222222221,0.0,0.006403163842827464
macaroni2,4,2,bad/026.JPG,346,0.9739884393063584,0.7832202242803595,1.0,0.9743746080785431,0,0.3623390197753906,0.018182098865509033,0.8166666666666667,0.026011560693641633,0.1911543837981836
macaroni2,4,2,bad/027.JPG,316,1.0,0.7439457272556195,1.0,0.9452280339411142,0,0.3419189453125,0.024954169988632202,0.7777777777777778,0.0,0.20128230668549474
macaroni2,4,2,bad/028.JPG,342,1.0,0.9457564539936386,1.0,0.9979860776780505,0,0.36224365234375,0.17828881740570068,1.0,0.0,0.05222962368441186
macaroni2,4,2,bad/029.JPG,536,1.0,0.8931455569235142,1.0,0.9921821372042117,0,0.5612525939941406,0.1717776656150818,0.9222222222222222,0.0,0.0990365802806975
macaroni2,4,2,bad/030.JPG,257,1.0,0.8640964305155735,1.0,0.9482335536987465,0,0.25,0.10728201270103455,0.9791666666666666,0.0,0.08413712318317301
macaroni2,4,2,bad/031.JPG,301,1.0,0.9971223051291491,1.0,0.997817152767452,0,0.31121826171875,0.1558176875114441,1.0,0.0,0.0006948476383028535
macaroni2,4,2,bad/032.JPG,209,1.0,0.9814445655813339,1.0,0.9872675101930674,0,0.21935272216796875,0.09060338139533997,0.9500000000000001,0.0,0.005822944611733494
macaroni2,4,2,bad/033.JPG,263,1.0,0.8097546215416938,1.0,0.9628516674794892,0,0.265380859375,0.11274120211601257,0.9791666666666666,0.0,0.1530970459377955
macaroni2,4,2,bad/034.JPG,192,1.0,0.604399560346132,1.0,0.9979853054380707,0,0.1837158203125,0.04587545990943909,0.962962962962963,0.0,0.3935857450919388
macaroni2,4,2,bad/035.JPG,352,1.0,0.9963725151350278,1.0,0.9992581072973966,0,0.36228179931640625,0.1151043176651001,0.9166666666666667,0.0,0.002885592162368833
macaroni2,4,2,bad/036.JPG,437,1.0,0.9978872200311031,1.0,0.9994691854692589,0,0.4439697265625,0.2143227458000183,1.0,0.0,0.001581965438155808
macaroni2,4,2,bad/037.JPG,350,1.0,0.9947530885669023,1.0,0.9992022238168385,0,0.357025146484375,0.27056998014450073,1.0,0.0,0.004449135249936287
macaroni2,4,2,bad/038.JPG,289,1.0,0.9937683831362978,1.0,0.9945704329737151,0,0.26531982421875,0.13394099473953247,1.0,0.0,0.0008020498374172735
macaroni2,4,2,bad/039.JPG,259,1.0,0.9877517388920684,1.0,0.9980006505978425,0,0.2601318359375,0.1253713071346283,1.0,0.0,0.010248911705774133
macaroni2,4,2,bad/040.JPG,301,1.0,0.9856765766128617,1.0,0.9956990881915807,0,0.30615234375,0.19056081771850586,1.0,0.0,0.010022511578719029
macaroni2,4,2,bad/041.JPG,471,1.0,0.9819002683178962,1.0,0.8631425266879191,0,0.4591064453125,0.16018140316009521,1.0,0.0,-0.1187577416299771
macaroni2,4,2,bad/042.JPG,1263,1.0,0.9926322083640923,1.0,0.982315535572712,1,1.3113327026367188,0.20439308881759644,0.9189814814814815,0.0,-0.010316672791380266
macaroni2,4,2,bad/043.JPG,822,1.0,0.9606617321456248,1.0,0.9967032901690187,0,0.831573486328125,0.09374415874481201,0.9249999999999999,0.0,0.03604155802339393
macaroni2,4,2,bad/044.JPG,136,1.0,0.8802564930236719,1.0,0.8924157110652431,0,0.137786865234375,0.11579391360282898,1.0,0.0,0.012159218041571163
macaroni2,4,2,bad/045.JPG,254,1.0,0.883588165183146,1.0,0.7416286424278669,0,0.25,0.09870877861976624,0.9375,0.0,-0.14195952275527912
macaroni2,4,2,bad/046.JPG,1514,1.0,0.9830452919507628,1.0,0.9790323946737295,0,1.576416015625,0.10085093975067139,0.9505494505494505,0.0,-0.004012897277033356
macaroni2,4,2,bad/047.JPG,788,1.0,0.7599777279655127,1.0,0.8898574888257466,0,0.8061866760253906,0.05651405453681946,0.9272727272727272,0.0,0.1298797608602339
macaroni2,4,2,bad/048.JPG,2810,0.6701067615658363,0.26678382773997966,0.9928825622775801,0.3619587448548082,3,2.8669281005859375,0.022011637687683105,0.8333333333333334,0.32277580071174383,0.09517491711482856
macaroni2,4,2,bad/049.JPG,2614,0.6469013006885999,0.2624677813581331,1.0,0.8715469644630636,2,2.6889801025390625,0.04593256115913391,0.891025641025641,0.35309869931140014,0.6090791831049305
macaroni2,4,2,bad/050.JPG,871,0.687715269804822,0.2642676141294163,0.22502870264064295,0.05627350784896391,1,0.9030838012695312,0.056037336587905884,0.9393939393939394,-0.46268656716417905,-0.2079941062804524
macaroni2,4,2,bad/051.JPG,395,1.0,0.9962009728333013,1.0,0.9847923587859727,0,0.4029884338378906,0.10553789138793945,0.9666666666666667,0.0,-0.011408614047328625
macaroni2,4,2,bad/052.JPG,1817,0.6053935057787562,0.22220641221956794,0.0,0.0,1,1.862274169921875,0.048426419496536255,0.9186507936507936,-0.6053935057787562,-0.22220641221956794
macaroni2,4,2,bad/053.JPG,1104,1.0,0.8871466926516541,1.0,0.922239820444547,1,1.13800048828125,0.09462347626686096,0.9541666666666667,0.0,0.035093127792892864
macaroni2,4,2,bad/054.JPG,2854,1.0,0.9537458567131898,1.0,0.9552119064777134,3,2.928741455078125,0.07398182153701782,0.9464285714285714,0.0,0.0014660497645235804
macaroni2,4,2,bad/055.JPG,1395,1.0,0.9317939474988998,1.0,0.9508630300357512,2,1.4184417724609375,0.07246369123458862,0.9393939393939394,0.0,0.019069082536851467
macaroni2,4,2,bad/056.JPG,1254,0.7049441786283892,0.2307203063037846,1.0,0.5286740361446647,1,1.29620361328125,0.023719608783721924,0.7757575757575756,0.2950558213716108,0.2979537298408801
macaroni2,4,2,bad/057.JPG,1698,0.9628975265017667,0.7325716961563056,0.8657243816254417,0.6263132034505882,1,1.7240676879882812,0.05764639377593994,0.9272727272727272,-0.097173144876325,-0.10625849270571741
macaroni2,4,2,bad/058.JPG,2000,1.0,0.8604008948888828,1.0,0.8741823354886419,1,2.0302200317382812,0.050945132970809937,0.8940972222222222,0.0,0.013781440599759054
macaroni2,4,2,bad/059.JPG,1114,1.0,0.9941774421251206,1.0,0.9935723518494799,1,1.137786865234375,0.08926677703857422,1.0,0.0,-0.0006050902756407073
macaroni2,4,2,bad/060.JPG,1514,0.9861294583883752,0.9042033930715215,1.0,0.9522233643203359,2,1.5661468505859375,0.03923186659812927,0.7337962962962963,0.01387054161162482,0.04801997124881441
macaroni2,4,2,bad/061.JPG,2675,1.0,0.7064576846765616,1.0,0.8506018033068014,2,2.7192840576171875,0.05335572361946106,0.8647186147186148,0.0,0.1441441186302398
macaroni2,4,2,bad/062.JPG,1564,0.5959079283887468,0.09290461786662403,0.5479539641943734,0.12452763890756588,1,1.58148193359375,0.054161131381988525,0.8666666666666667,-0.04795396419437348,0.03162302104094185
macaroni2,4,2,bad/063.JPG,1027,1.0,0.8068071600933576,1.0,0.8770035641559065,1,1.0459403991699219,0.08734005689620972,0.9060606060606061,0.0,0.0701964040625489
macaroni2,4,2,bad/064.JPG,989,1.0,0.8627229594851918,0.9929221435793731,0.7775022990371302,1,1.0050582885742188,0.06330078840255737,0.9050925925925926,-0.00707785642062686,-0.08522066044806165
macaroni2,4,2,bad/065.JPG,936,0.6720085470085471,0.5304583482166948,1.0,0.7720861864900022,0,0.94891357421875,0.03062903881072998,0.6916666666666667,0.32799145299145294,0.24162783827330736
macaroni2,4,2,bad/066.JPG,1763,1.0,0.9835587884139557,1.0,0.9716100827016622,1,1.8062782287597656,0.054469794034957886,0.8650793650793651,0.0,-0.011948705712293561
macaroni2,4,2,bad/067.JPG,1333,0.9624906226556639,0.8864498923358952,0.9984996249062266,0.9091922464896088,1,1.3725166320800781,0.06664115190505981,0.8952380952380952,0.036009002250562694,0.022742354153713618
macaroni2,4,2,bad/068.JPG,2210,0.9927601809954751,0.6131045568689094,1.0,0.7624644333706337,1,2.2602615356445312,0.0823427140712738,0.9603174603174603,0.007239819004524861,0.14935987650172433
macaroni2,4,2,bad/069.JPG,332,1.0,0.8297323856413066,1.0,0.9406925250805276,0,0.33160400390625,0.03918173909187317,0.8555555555555555,0.0,0.110960139439221
macaroni2,4,2,bad/070.JPG,1272,1.0,0.9058211591386275,1.0,0.766074429482649,0,1.301025390625,0.12308710813522339,0.8846153846153846,0.0,-0.13974672965597845
macaroni2,4,2,bad/071.JPG,1486,0.9663526244952894,0.8338418793920055,0.9010767160161507,0.6578394216094502,0,1.4385986328125,0.19128531217575073,0.912280701754386,-0.06527590847913867,-0.1760024577825553
macaroni2,4,2,bad/072.JPG,172,0.8604651162790697,0.5822109760389543,1.0,0.7307246196135084,0,0.19893646240234375,0.032314449548721313,0.8583333333333334,0.13953488372093026,0.1485136435745541
macaroni2,4,2,bad/073.JPG,409,0.9559902200488998,0.6449455221378734,0.7139364303178484,0.5002927375050109,0,0.4336662292480469,0.05388978123664856,0.8071428571428572,-0.2420537897310514,-0.14465278463286246
macaroni2,4,2,bad/074.JPG,317,0.7760252365930599,0.4252167870774888,0.6403785488958991,0.21248303974449892,0,0.2703857421875,0.09200665354728699,0.676470588235294,-0.13564668769716082,-0.21273374733298986
macaroni2,4,2,bad/075.JPG,574,0.8031358885017421,0.6630489632747989,0.9041811846689896,0.6212678182013371,0,0.6121444702148438,0.09115535020828247,0.8624999999999999,0.10104529616724744,-0.041781145073461756
macaroni2,4,2,bad/076.JPG,195,0.3487179487179487,0.29018897010417943,0.4666666666666667,0.3601078229709582,0,0.198944091796875,0.06284371018409729,0.6619047619047619,0.11794871794871797,0.06991885286677879
macaroni2,4,2,bad/077.JPG,1870,0.9786096256684492,0.8140057605712145,0.9925133689839573,0.8694304883251225,1,1.8877983093261719,0.10937362909317017,0.8351760851760852,0.013903743315508033,0.05542472775390794
macaroni2,4,2,bad/078.JPG,238,0.8907563025210085,0.2893945712411237,0.8067226890756303,0.3717776432373382,0,0.23468399047851562,0.11015605926513672,0.9467592592592593,-0.08403361344537819,0.08238307199621447
macaroni2,4,2,bad/079.JPG,537,0.5810055865921788,0.331977592087007,0.6350093109869647,0.4107875226594093,0,0.5305862426757812,0.0668279230594635,0.7273809523809524,0.054003724394785846,0.07880993057240232
macaroni2,4,2,bad/080.JPG,697,0.5853658536585366,0.42137824307059546,0.7230989956958394,0.5078347719674126,0,0.7244186401367188,0.08341535925865173,0.7446969696969697,0.1377331420373028,0.0864565288968171
macaroni2,4,2,bad/081.JPG,170,0.9647058823529412,0.6760005928321303,1.0,0.6098400703005309,0,0.158172607421875,0.06467464566230774,0.8656462585034014,0.03529411764705881,-0.06616052253159943
macaroni2,4,2,bad/082.JPG,201,0.7611940298507462,0.26806574661714283,0.6965174129353234,0.6317917210469245,0,0.21429824829101562,0.10843375325202942,0.8739316239316239,-0.06467661691542281,0.36372597442978166
macaroni2,4,2,bad/083.JPG,1649,0.813826561552456,0.8790299343328664,0.8969072164948454,0.8245165004637628,0,1.693756103515625,0.08014649152755737,0.8183497536945813,0.08308065494238936,-0.05451343386910357
macaroni2,4,2,bad/084.JPG,439,0.8428246013667426,0.691209887106467,0.9111617312072893,0.6334672971406515,0,0.40810394287109375,0.09464937448501587,0.8333333333333334,0.06833712984054663,-0.057742589965815494
macaroni2,4,2,bad/085.JPG,1003,1.0,0.9197687603372203,0.9860418743768694,0.7961970967558827,0,1.0306396484375,0.131840318441391,0.9464285714285714,-0.01395812562313059,-0.12357166358133764
macaroni2,4,2,bad/086.JPG,752,1.0,0.6771842069372889,1.0,0.9552805431430534,0,0.780609130859375,0.051782965660095215,0.8526785714285714,0.0,0.27809633620576457
macaroni2,4,2,bad/087.JPG,785,0.7019108280254777,0.3152499274950248,0.6560509554140127,0.22358280420262214,0,0.8366279602050781,0.10386139154434204,0.8642857142857143,-0.04585987261146496,-0.09166712329240265
macaroni2,4,2,bad/088.JPG,860,0.9953488372093023,0.9539515284102108,1.0,0.9435581804469381,0,0.8979072570800781,0.13873395323753357,0.8087121212121212,0.0046511627906976605,-0.010393347963272737
macaroni2,4,2,bad/089.JPG,701,0.927246790299572,0.6980862324826653,0.9871611982881597,0.8182206775708389,0,0.6836090087890625,0.13570067286491394,0.8002645502645502,0.059914407988587715,0.12013444508817361
macaroni2,4,2,bad/090.JPG,1712,0.8382009345794392,0.4569018460711515,0.9608644859813084,0.5458560291434933,0,1.7755699157714844,0.06853228807449341,0.8802537668517051,0.12266355140186913,0.08895418307234182
macaroni2,4,2,bad/091.JPG,1562,0.8700384122919335,0.7316078302468274,0.8284250960307298,0.5138146804872398,0,1.6224822998046875,0.23885691165924072,0.8453689167974882,-0.04161331626120368,-0.21779314975958763
macaroni2,4,2,bad/092.JPG,570,1.0,0.9623416096541484,1.0,0.9559977625749041,0,0.5611763000488281,0.10552668571472168,0.9598214285714286,0.0,-0.006343847079244291
macaroni2,4,2,bad/093.JPG,930,0.9655913978494624,0.6581500462942149,0.989247311827957,0.7733947227091087,0,1.0203018188476562,0.04773002862930298,0.7919191919191919,0.023655913978494647,0.11524467641489378
macaroni2,4,2,bad/094.JPG,1066,0.948405253283302,0.4045555885858921,0.9155722326454033,0.43876941207697584,0,1.137664794921875,0.0489734411239624,0.7521367521367521,-0.032833020637898724,0.03421382349108376
macaroni2,4,2,bad/095.JPG,1035,0.808695652173913,0.48169312201993697,0.885024154589372,0.4882465472750829,0,1.0661544799804688,0.07274243235588074,0.7522222222222222,0.07632850241545897,0.006553425255145906
macaroni2,4,2,bad/096.JPG,742,0.944743935309973,0.6195999888673401,0.9946091644204852,0.7267684928289864,0,0.7755546569824219,0.06580522656440735,0.7543290043290043,0.049865229110512166,0.10716850396164623
macaroni2,4,2,bad/097.JPG,1173,0.5754475703324808,0.15519877222346937,0.7058823529411765,0.2973302522809194,0,1.2193565368652344,0.037811458110809326,0.6999154691462384,0.13043478260869568,0.14213148005745005
macaroni2,4,2,bad/098.JPG,877,1.0,0.7786299797601516,1.0,0.7832932973992336,0,0.9334716796875,0.12215539813041687,0.9848484848484849,0.0,0.00466331763908201
macaroni2,4,2,bad/099.JPG,693,0.70995670995671,0.43671048230662296,0.6652236652236653,0.21190717692251929,0,0.6938362121582031,0.017246782779693604,0.7420634920634921,-0.044733044733044736,-0.22480330538410367
pcb1,1,0,bad/000.JPG,1524,0.7821522309711286,0.5208763235029659,0.9009186351706037,0.6508972808691819,0,1.367340087890625,0.12015315890312195,0.7523148148148148,0.11876640419947504,0.130020957366216
pcb1,1,0,bad/001.JPG,1687,1.0,0.858143431802568,1.0,0.8832667348205708,0,1.530792236328125,0.11318069696426392,0.9212454212454213,0.0,0.025123303018002807
pcb1,1,0,bad/002.JPG,1702,0.9465334900117509,0.8561546957161726,0.9853113983548766,0.9298465042901607,0,1.505126953125,0.1405685842037201,0.920940170940171,0.03877790834312567,0.07369180857398805
pcb1,1,0,bad/003.JPG,1618,0.8720642768850433,0.6634506996296474,1.0,0.8618737607404271,0,1.4490165710449219,0.12056776881217957,0.8516483516483516,0.1279357231149567,0.19842306111077967
pcb1,1,0,bad/004.JPG,2201,0.9804634257155839,0.7804788563570697,1.0,0.9120904737069313,0,1.9232711791992188,0.05508977174758911,0.7717948717948717,0.01953657428441613,0.1316116173498616
pcb1,1,0,bad/005.JPG,2792,1.0,0.8982064677376035,0.997134670487106,0.9380536455268064,1,2.510345458984375,0.13761010766029358,0.8811111111111112,-0.002865329512893977,0.03984717778920288
pcb1,1,0,bad/006.JPG,2846,0.8408292340126493,0.6053256805853282,0.9114546732255797,0.7273498245502337,0,2.5201797485351562,0.0596616268157959,0.7154088050314464,0.07062543921293041,0.12202414396490546
pcb1,1,0,bad/007.JPG,2765,0.9244122965641953,0.7802773827177181,0.993490054249548,0.892447871936938,0,2.4541664123535156,0.12037926912307739,0.8843026891807381,0.06907775768535263,0.1121704892192199
pcb1,1,0,bad/008.JPG,3739,0.9625568333779085,0.8581707241039079,1.0,0.9310181901307261,3,3.3413429260253906,0.18035966157913208,0.9019442096365173,0.03744316662209146,0.07284746602681813
pcb1,1,0,bad/009.JPG,4769,0.9972740616481442,0.9164406680407269,1.0,0.9368274417402492,2,4.265399932861328,0.11931821703910828,0.8326822916666665,0.00272593835185575,0.020386773699522354
pcb1,1,0,bad/010.JPG,5153,1.0,0.8663967484238766,0.9968950126140113,0.8948331676959482,1,4.6022186279296875,0.14939481019973755,0.9400773195876289,-0.0031049873859887445,0.028436419272071634
pcb1,1,0,bad/011.JPG,3890,1.0,0.9231559749121012,1.0,0.9444619576023474,2,3.5051727294921875,0.1072627604007721,0.8283730158730158,0.0,0.021305982690246195
pcb1,1,0,bad/012.JPG,3712,0.9943426724137931,0.7903014171783426,0.9938038793103449,0.8857196785267966,0,3.3367576599121094,0.1325242519378662,0.9341608202914192,-0.0005387931034482873,0.09541826134845399
pcb1,1,0,bad/013.JPG,5660,0.962190812720848,0.6888975534731973,0.9351590106007067,0.7516061150441012,0,5.127601623535156,0.10477185249328613,0.8642857142857143,-0.027031802120141335,0.06270856157090399
pcb1,1,0,bad/014.JPG,4636,0.9984900776531492,0.8009368221040742,1.0,0.8585189295005715,0,4.142742156982422,0.14902198314666748,0.9106265356265356,0.0015099223468507672,0.05758210739649727
pcb1,1,0,bad/015.JPG,2392,0.8210702341137124,0.18522783373394858,0.9063545150501672,0.20651642918474966,2,2.1074371337890625,0.10648450255393982,0.7996031746031746,0.08528428093645479,0.021288595450801084
pcb1,1,0,bad/016.JPG,3542,1.0,0.9808140184255429,1.0,0.9916828045587239,2,3.173583984375,0.21979936957359314,0.990625,0.0,0.010868786133180985
pcb1,1,0,bad/017.JPG,2948,0.9128222523744912,0.38009703483423474,0.7540705563093623,0.10720666429696361,3,2.642669677734375,0.1603432595729828,0.7756410256410257,-0.15875169606512896,-0.2728903705372711
pcb1,1,0,bad/018.JPG,2331,0.8537108537108538,0.2801480818457254,0.8717288717288717,0.23162734004115934,3,2.086761474609375,0.11881306767463684,0.8675213675213674,0.018018018018017945,-0.04852074180456609
pcb1,1,0,bad/019.JPG,4050,0.1832098765432099,0.00592407234803787,0.1054320987654321,0.02815989126261581,1,3.617290496826172,0.06553733348846436,0.7643962848297213,-0.07777777777777779,0.02223581891457794
pcb1,1,0,bad/020.JPG,6268,0.8458838544990428,0.3775005430967269,0.9363433312061263,0.5285278111030955,4,5.571475982666016,0.11470726132392883,0.8581267217630855,0.09045947670708354,0.15102726800636862
pcb1,1,0,bad/021.JPG,2627,1.0,0.9715798815041643,1.0,0.9783801342406087,2,2.346527099609375,0.21135765314102173,0.9863945578231292,0.0,0.006800252736444357
pcb1,1,0,bad/022.JPG,3140,0.9961783439490446,0.40678781597789787,0.95828025477707,0.488708921012084,3,2.7605361938476562,0.11274084448814392,0.7934472934472935,-0.03789808917197457,0.08192110503418615
pcb1,1,0,bad/023.JPG,1692,1.0,0.9784726053710932,1.0,0.9302029197144702,0,1.489776611328125,0.16456681489944458,0.9643874643874644,0.0,-0.04826968565662293
pcb1,1,0,bad/024.JPG,2485,0.9533199195171026,0.41948455273963886,0.9867203219315895,0.6948367884987603,3,2.2652435302734375,0.12123087048530579,0.7645502645502645,0.03340040241448694,0.27535223575912143
pcb1,1,0,bad/025.JPG,2146,0.7437092264678472,0.1791508638629758,0.7353215284249767,0.36350154363979,2,1.897705078125,0.04416140913963318,0.7546296296296297,-0.00838769804287054,0.18435067977681419
pcb1,1,0,bad/026.JPG,2271,0.8489652135623074,0.3235709989420768,0.7569352708058125,0.28681490885484845,2,2.05621337890625,0.04330134391784668,0.7037037037037037,-0.0920299427564949,-0.036756090087228355
pcb1,1,0,bad/027.JPG,3761,0.44403084286094124,0.017095790059835983,0.47088540281839936,0.08452578356387522,1,3.3166885375976562,0.01702389121055603,0.5863095238095238,0.026854559957458113,0.06742999350403923
pcb1,1,0,bad/028.JPG,2106,1.0,0.9867799617526829,1.0,0.9779130796722146,1,1.898040771484375,0.2549856901168823,0.9360119047619047,0.0,-0.008866882080468264
pcb1,1,0,bad/029.JPG,2654,0.7739261492087415,0.27281892111632094,0.7174076865109269,0.08943787014828086,2,2.4030494689941406,0.06232714653015137,0.7483974358974359,-0.056518462697814575,-0.18338105096804008
pcb1,1,0,bad/030.JPG,2749,1.0,0.9455424655266595,1.0,0.9688692508482822,3,2.41326904296875,0.18439710140228271,0.9711538461538463,0.0,0.02332678532162269
pcb1,1,0,bad/031.JPG,3409,1.0,0.8255107072728555,1.0,0.9325850099938878,1,3.0508346557617188,0.13990318775177002,0.9232547387887193,0.0,0.10707430272103236
pcb1,1,0,bad/032.JPG,2908,1.0,0.9631006502011277,1.0,0.985923472024704,1,2.612060546875,0.22093287110328674,1.0,0.0,0.02282282182357631
pcb1,1,0,bad/033.JPG,2393,0.8650229837024656,0.18843023401020598,0.9043042206435437,0.263966218135745,2,2.1378517150878906,0.09517273306846619,0.845959595959596,0.0392812369410781,0.07553598412553902
pcb1,1,0,bad/034.JPG,4049,0.733761422573475,0.3322945625479946,0.7594467769819708,0.23771296314540968,3,3.5712890625,0.09679296612739563,0.8025641025641026,0.025685354408495842,-0.09458159940258493
pcb1,1,0,bad/035.JPG,2451,0.49979600163198695,0.08124647958294334,0.7384740922072623,0.15164945625939058,2,2.21435546875,0.062196314334869385,0.8353174603174603,0.2386780905752754,0.07040297667644724
pcb1,1,0,bad/036.JPG,2981,1.0,0.20438367033707763,0.9292183830929218,0.25634004602641136,2,2.6426734924316406,0.07805371284484863,0.8154761904761905,-0.07078161690707818,0.05195637568933373
pcb1,1,0,bad/037.JPG,1661,0.6857314870559904,0.10593519712520978,0.6592414208308248,0.05440796834228625,0,1.459075927734375,0.1450796127319336,0.8431712962962963,-0.026490066225165587,-0.05152722878292353
pcb1,1,0,bad/038.JPG,2517,1.0,0.9778779961118439,1.0,0.9923316424072842,2,2.2546730041503906,0.20458242297172546,0.9439102564102564,0.0,0.014453646295440326
pcb1,1,0,bad/039.JPG,3534,1.0,0.9210565943302834,1.0,0.8850992242440349,1,3.1784706115722656,0.2168656885623932,0.9697802197802198,0.0,-0.03595737008624855
pcb1,1,0,bad/040.JPG,74447,0.8538423307856596,0.2495596722425837,0.9639340739049257,0.4700366841734833,70,66.64398193359375,0.1636447310447693,0.9308120265151515,0.11009174311926606,0.2204770119308996
pcb1,1,0,bad/041.JPG,155020,0.8303509224616179,0.504200663810916,0.8878080247709973,0.631953489843308,136,138.7900848388672,0.21080732345581055,0.9394517759115861,0.05745710230937939,0.12775282603239202
pcb1,1,0,bad/042.JPG,15523,0.9181859176705534,0.6429208992318776,0.844682084648586,0.5262895446295799,14,14.082229614257812,0.1771906614303589,0.8129084967320261,-0.07350383302196739,-0.11663135460229768
pcb1,1,0,bad/043.JPG,191178,0.8606011151910785,0.6881972802458148,0.8354256242873134,0.6753415490888616,169,171.05484008789062,0.28387609124183655,0.9562464265294455,-0.02517549090376514,-0.012855731156953265
pcb1,1,0,bad/044.JPG,118645,0.861705086602891,0.5705861829972999,0.9200050571031227,0.6228013574189364,106,106.16728210449219,0.18985018134117126,0.9431203138189583,0.058299970500231724,0.05221517442163648
pcb1,1,0,bad/045.JPG,118584,0.6977501180597719,0.2212780055692683,0.8221092221547595,0.2953229538068437,104,106.07575988769531,0.15942534804344177,0.9244799369022971,0.12435910409498752,0.0740449482375754
pcb1,1,0,bad/046.JPG,95116,0.9005004415660878,0.7093027645882017,0.9047899407039826,0.7391575767971444,84,85.0250015258789,0.293996125459671,0.9523964432877902,0.004289499137894781,0.029854812208942705
pcb1,1,0,bad/047.JPG,2769,0.6796677500902853,0.1704119705931377,0.3087757313109426,0.031370249160574716,3,2.46484375,0.04583713412284851,0.8083333333333333,-0.37089201877934275,-0.139041721432563
pcb1,1,0,bad/048.JPG,1631,0.7063151440833845,0.3546449141226322,0.615573267933783,0.23066599980079985,0,1.4540557861328125,0.07340675592422485,0.725071225071225,-0.0907418761496015,-0.12397891432183236
pcb1,1,0,bad/049.JPG,10459,0.04857060904484176,0.018423692325529043,0.04321636867769385,0.013198434207022073,9,9.516281127929688,-0.0028669238090515137,0.4426168224299065,-0.0053542403671479125,-0.00522525811850697
pcb1,1,0,bad/050.JPG,95936,0.8985469479653102,0.6356470388666099,0.8615952301534356,0.6211205172601505,85,85.8470230102539,0.27237388491630554,0.9275181723779854,-0.03695171781187456,-0.014526521606459397
pcb1,1,0,bad/051.JPG,4335,0.46528258362168395,0.11574427045180559,0.3301038062283737,0.07745403465406658,0,3.62738037109375,0.015550196170806885,0.5972812234494478,-0.13517877739331025,-0.038290235797739006
pcb1,1,0,bad/052.JPG,2384,0.834731543624161,0.30665444703828726,0.6405201342281879,0.27907294849350156,2,2.15771484375,0.06943342089653015,0.7138888888888888,-0.19421140939597314,-0.0275814985447857
pcb1,1,0,bad/053.JPG,28033,0.2410373488388685,0.09013681930063931,0.2646523739878001,0.06928878936631906,25,25.086929321289062,0.07161116600036621,0.6613781671797301,0.02361502514893163,-0.02084802993432025
pcb1,1,0,bad/054.JPG,59252,0.8170188348072639,0.3400442509689947,0.9179943293053399,0.44486009737103166,52,52.9542236328125,0.1449439525604248,0.9268790849673203,0.10097549449807597,0.10481584640203695
pcb1,1,0,bad/055.JPG,58847,0.8322089486294968,0.47969177028591814,0.9059765153703673,0.5005916838704203,52,52.66962814331055,0.14277994632720947,0.8952294685990339,0.07376756674087048,0.02089991358450216
pcb1,1,0,bad/056.JPG,29268,0.14883148831488316,0.08141827080599802,0.1324654913215799,0.05794105451853605,27,26.194416046142578,0.008397787809371948,0.4391534391534392,-0.016365996993303267,-0.023477216287461966
pcb1,1,0,bad/057.JPG,3573,0.10551357402742793,0.009064308346952635,0.0,0.0,0,3.209136962890625,0.029557019472122192,0.648314606741573,-0.10551357402742793,-0.009064308346952635
pcb1,1,0,bad/058.JPG,1805,0.0,0.0,0.01772853185595568,0.0011679269296997828,0,1.6373291015625,0.10937801003456116,0.8027777777777778,0.01772853185595568,0.0011679269296997828
pcb1,1,0,bad/059.JPG,79992,0.8806505650565056,0.5146024334350037,0.9502825282528253,0.5976861456109268,72,71.52001953125,0.22463348507881165,0.9561728395061728,0.0696319631963197,0.08308371217592314
pcb1,1,0,bad/060.JPG,1395,0.6917562724014337,0.2395990698309146,0.6415770609318996,0.21434265322185503,2,1.214508056640625,0.12431111931800842,0.8041666666666667,-0.05017921146953408,-0.025256416609059584
pcb1,1,0,bad/061.JPG,1621,0.016039481801357187,0.0002059043541920634,0.016039481801357187,0.00012032198570989271,1,1.4542236328125,0.13271018862724304,0.9166666666666666,0.0,-8.558236848217069e-05
pcb1,1,0,bad/062.JPG,1867,0.6368505623995715,0.0422830971873393,0.5265131226566685,0.04035151324475498,1,1.6835861206054688,0.06481197476387024,0.7031249999999999,-0.110337439742903,-0.0019315839425843237
pcb1,1,0,bad/063.JPG,2919,0.882151421719767,0.5514542566575611,0.9253168893456664,0.7288051548826965,1,2.59222412109375,0.15715035796165466,0.8461538461538461,0.043165467625899345,0.1773508982251354
pcb1,1,0,bad/064.JPG,3151,0.55950491907331,0.15526352148304048,0.6077435734687401,0.2791474052306147,1,2.8110427856445312,0.054509133100509644,0.6650246305418719,0.04823865439543007,0.12388388374757422
pcb1,1,0,bad/065.JPG,1150,1.0,0.9214885025015015,1.0,0.9189604781054641,0,1.040924072265625,0.129744291305542,0.9342948717948718,0.0,-0.002528024396037387
pcb1,1,0,bad/066.JPG,3321,0.590183679614574,0.12102123347826145,0.9003312255344775,0.43649913122105327,2,2.9901657104492188,0.04860043525695801,0.685064935064935,0.31014754591990357,0.31547789774279184
pcb1,1,0,bad/067.JPG,2151,0.33612273361227335,0.19955032595225464,0.7721989772198977,0.31251384363781803,1,1.9437141418457031,0.03908872604370117,0.6354166666666666,0.43607624360762437,0.1129635176855634
pcb1,1,0,bad/068.JPG,2154,1.0,0.8916273609397659,1.0,0.928423188149714,2,1.9081001281738281,0.19355076551437378,0.9747572815533981,0.0,0.03679582720994812
pcb1,1,0,bad/069.JPG,5806,0.7531863589390286,0.23053962054383317,0.7554254219772649,0.18757382517488813,3,5.158355712890625,0.030115842819213867,0.6418918918918918,0.0022390630382362886,-0.04296579536894504
pcb1,1,0,bad/070.JPG,2975,1.0,0.7196604499790038,1.0,0.6824285506391142,2,2.6837196350097656,0.2460191547870636,0.9704861111111112,0.0,-0.037231899339889574
pcb1,1,0,bad/071.JPG,7847,0.7981394163374538,0.17104865826721577,0.8770230661399261,0.31518863188265606,5,7.025611877441406,0.14688605070114136,0.7368679430535101,0.07888364980247231,0.1441399736154403
pcb1,1,0,bad/072.JPG,1360,0.9470588235294117,0.5005408727980332,1.0,0.7109985638895272,1,1.1991806030273438,0.13348913192749023,0.7897959183673469,0.05294117647058827,0.21045769109149404
pcb1,1,0,bad/073.JPG,3294,1.0,0.6844875967795641,1.0,0.5320066129586452,1,2.9285888671875,0.12240692973136902,0.8480952380952381,0.0,-0.1524809838209189
pcb1,1,0,bad/074.JPG,2715,1.0,0.8467111776441214,1.0,0.8483425526700198,2,2.4594650268554688,0.19710421562194824,0.9610042735042735,0.0,0.001631375025898385
pcb1,1,0,bad/075.JPG,1867,0.884841992501339,0.2293878867215456,0.9764327798607392,0.41482301169815805,1,1.60693359375,0.15769034624099731,0.9388888888888889,0.09159078735940018,0.18543512497661246
pcb1,1,0,bad/076.JPG,1604,0.7549875311720698,0.09080086410690083,0.9251870324189526,0.2521450627934918,1,1.4438629150390625,0.08120742440223694,0.7363636363636363,0.17019950124688277,0.16134419868659097
pcb1,1,0,bad/077.JPG,7762,0.7178562226230353,0.3763533738883477,0.6216181396547281,0.24730880821666917,8,6.887821197509766,0.08397987484931946,0.795405982905983,-0.09623808296830716,-0.12904456567167855
pcb1,1,0,bad/078.JPG,1628,1.0,0.9704120375817712,1.0,0.9533532397727147,1,1.4745101928710938,0.3293791115283966,0.8663194444444444,0.0,-0.017058797809056503
pcb1,1,0,bad/079.JPG,1960,0.9168367346938775,0.33926511552597777,0.9107142857142857,0.20447434346206309,2,1.7651519775390625,0.29886898398399353,0.9652777777777777,-0.006122448979591799,-0.13479077206391468
pcb1,1,0,bad/080.JPG,2707,1.0,0.8644460868961842,1.0,0.9100415002586019,1,2.4284515380859375,0.17800331115722656,0.9538461538461538,0.0,0.04559541336241768
pcb1,1,0,bad/081.JPG,6373,1.0,0.5997169917590731,0.9970186725247137,0.4025982488657466,7,5.6884918212890625,0.19491851329803467,0.8523809523809524,-0.002981327475286344,-0.19711874289332654
pcb1,1,0,bad/082.JPG,3019,0.8810864524677046,0.7102329096006937,0.9479960251738987,0.8187230556854735,2,2.689044952392578,0.03814429044723511,0.7010869565217391,0.06690957270619413,0.1084901460847798
pcb1,1,0,bad/083.JPG,1573,0.9688493324856962,0.5852582129341422,1.0,0.9147129468062012,1,1.4132232666015625,0.006003141403198242,0.6567460317460317,0.031150667514303843,0.32945473387205904
pcb1,1,0,bad/084.JPG,3412,0.8540445486518171,0.7404356545854673,0.9909144196951934,0.8831209893870786,1,3.0408172607421875,0.15434342622756958,0.8223102712587625,0.13686987104337633,0.14268533480161127
pcb1,1,0,bad/085.JPG,2282,0.41235758106923753,0.1520836665427113,0.7848378615249781,0.20462445482882405,0,2.05096435546875,0.02966839075088501,0.6590909090909091,0.3724802804557406,0.05254078828611275
pcb1,1,0,bad/086.JPG,4149,0.9804772234273319,0.8792713751926762,0.9643287539166064,0.8828145562763046,3,3.668426513671875,0.25349152088165283,0.8289473684210527,-0.01614846951072546,0.0035431810836283884
pcb1,1,0,bad/087.JPG,2328,0.7190721649484536,0.16089408136632144,0.8414948453608248,0.28537691242016083,0,2.03057861328125,0.16064411401748657,0.7168560606060606,0.12242268041237114,0.1244828310538394
pcb1,1,0,bad/088.JPG,3449,0.8541606262684837,0.6573436259680601,0.7932734125833575,0.7330402072025919,0,3.137828826904297,0.32000869512557983,0.8022875816993463,-0.060887213685126174,0.07569658123453182
pcb1,1,0,bad/089.JPG,5566,0.8287818900467122,0.611360998532056,0.8738771110312612,0.522750857550471,2,4.8421630859375,0.16281670331954956,0.839816933638444,0.04509522098454899,-0.08861014098158504
pcb1,1,0,bad/090.JPG,3860,0.8515544041450778,0.560909058540336,0.9593264248704664,0.7554117275387301,3,3.4337234497070312,0.13614782691001892,0.7965811965811966,0.1077720207253886,0.19450266899839408
pcb1,1,0,bad/091.JPG,5476,0.752008765522279,0.45949968529037943,0.95836376917458,0.6530728434965705,2,4.908073425292969,0.07870593667030334,0.7278985507246377,0.20635500365230097,0.19357315820619103
pcb1,1,0,bad/092.JPG,7044,0.7208972174900624,0.34151882234510517,0.6159852356615559,0.2884970748946911,3,6.295619964599609,0.024108588695526123,0.6126366302319382,-0.10491198182850647,-0.05302174745041405
pcb1,1,0,bad/093.JPG,2885,0.5424610051993067,0.18071349004034037,0.5878682842287695,0.19038708289027664,0,2.551239013671875,0.06581506133079529,0.7590027700831025,0.04540727902946273,0.009673592849936269
pcb1,1,0,bad/094.JPG,3657,0.6879956248290949,0.12249780024502374,0.8148755810773858,0.3857392931602858,2,3.290782928466797,0.13097235560417175,0.7864298724954463,0.12687995624829085,0.2632414929152621
pcb1,1,0,bad/095.JPG,2106,0.657644824311491,0.3236516257537279,0.8827160493827161,0.6172537312343785,1,1.8676185607910156,0.07125288248062134,0.5833333333333333,0.22507122507122512,0.29360210548065063
pcb1,1,0,bad/096.JPG,2655,0.6934086629001883,0.20330409047007003,0.8926553672316384,0.5874441933153187,2,2.387725830078125,0.13064172863960266,0.7777777777777778,0.1992467043314501,0.3841401028452487
pcb1,1,0,bad/097.JPG,3045,0.43842364532019706,0.19976550877822213,0.40853858784893265,0.18937493616897672,0,2.5865821838378906,0.03927129507064819,0.672134238310709,-0.02988505747126441,-0.010390572609245419
pcb1,1,0,bad/098.JPG,2807,0.3380833630210189,0.021763381593826236,0.6013537584609904,0.1289027558867554,0,2.423553466796875,0.11897027492523193,0.8948412698412699,0.2632703954399715,0.10713937429292916
pcb1,1,0,bad/099.JPG,3418,0.7981275599765945,0.2672531776070809,0.9136922176711527,0.4383360962257236,2,3.0359954833984375,0.009427934885025024,0.6690705128205129,0.11556465769455826,0.17108291861864272
pcb1,1,1,bad/000.JPG,1524,0.7874015748031497,0.5420715660211062,0.9993438320209974,0.7273958653190247,0,1.367340087890625,0.15859204530715942,0.8101851851851852,0.21194225721784776,0.1853242992979185
pcb1,1,1,bad/001.JPG,1687,1.0,0.915675219975163,1.0,0.9247210271435743,0,1.530792236328125,0.14045429229736328,0.9523809523809523,0.0,0.009045807168411302
pcb1,1,1,bad/002.JPG,1702,0.9582843713278496,0.8887185020458718,0.9900117508813161,0.9462597440862427,0,1.505126953125,0.1768467128276825,0.9444444444444444,0.031727379553466495,0.05754124204037092
pcb1,1,1,bad/003.JPG,1618,0.8887515451174289,0.7641501948922471,0.984548825710754,0.8789507840511873,0,1.4490165710449219,0.13776034116744995,0.8736263736263736,0.09579728059332504,0.1148005891589402
pcb1,1,1,bad/004.JPG,2201,0.9854611540208996,0.7735075044185195,1.0,0.9111558380553875,0,1.9232711791992188,0.09040850400924683,0.791025641025641,0.014538845979100379,0.13764833363686801
pcb1,1,1,bad/005.JPG,2792,1.0,0.9434866347972864,0.9903295128939829,0.9346686526366207,1,2.510345458984375,0.1413961946964264,0.9022222222222223,-0.009670487106017145,-0.00881798216066576
pcb1,1,1,bad/006.JPG,2846,0.8952916373858046,0.6550928735169551,0.9349964862965565,0.7620685254977878,0,2.5201797485351562,0.07374736666679382,0.770440251572327,0.03970484891075188,0.1069756519808327
pcb1,1,1,bad/007.JPG,2765,0.932007233273056,0.8079387801803412,0.9826401446654611,0.8623420544441487,0,2.4541664123535156,0.1342017650604248,0.8855534709193246,0.05063291139240511,0.05440327426380753
pcb1,1,1,bad/008.JPG,3739,0.969778015512169,0.8947717411282742,1.0,0.9472907592611945,3,3.3413429260253906,0.20057165622711182,0.9399830938292477,0.030221984487830977,0.05251901813292037
pcb1,1,1,bad/009.JPG,4769,1.0,0.9432983379445464,1.0,0.9442873694324139,2,4.265399932861328,0.1352052390575409,0.861328125,0.0,0.0009890314878674422
pcb1,1,1,bad/010.JPG,5153,1.0,0.8968301056071571,0.9990296914418785,0.9001842795452236,1,4.6022186279296875,0.17948800325393677,0.9542525773195876,-0.0009703085581215243,0.0033541739380664737
pcb1,1,1,bad/011.JPG,3890,1.0,0.9404223501648691,1.0,0.9555233349769532,2,3.5051727294921875,0.11504608392715454,0.816468253968254,0.0,0.015100984812084106
pcb1,1,1,bad/012.JPG,3712,1.0,0.8596646918823577,0.998114224137931,0.9169059951010929,0,3.3367576599121094,0.14177042245864868,0.9293038316243928,-0.0018857758620689502,0.05724130321873522
pcb1,1,1,bad/013.JPG,5660,0.9731448763250884,0.7673557946181072,0.933922261484099,0.7915923271761335,0,5.127601623535156,0.09616675972938538,0.8642857142857141,-0.039222614840989434,0.02423653255802627
pcb1,1,1,bad/014.JPG,4636,1.0,0.8549159530330136,0.9995685936151855,0.8827557959972544,0,4.142742156982422,0.16114529967308044,0.9272113022113022,-0.00043140638481453664,0.027839842964240802
pcb1,1,1,bad/015.JPG,2392,0.9611204013377926,0.29174070945244296,0.9795150501672241,0.29229581300075713,2,2.1074371337890625,0.10079130530357361,0.8174603174603174,0.018394648829431426,0.0005551035483141731
pcb1,1,1,bad/016.JPG,3542,1.0,0.9837832359353882,1.0,0.990281474898701,2,3.173583984375,0.20152461528778076,0.9921875,0.0,0.006498238963312808
pcb1,1,1,bad/017.JPG,2948,0.9528493894165536,0.4709457608405064,0.978629579375848,0.23669995014062972,3,2.642669677734375,0.16009241342544556,0.8028846153846154,0.02578018995929443,-0.23424581069987666
pcb1,1,1,bad/018.JPG,2331,0.9768339768339769,0.44961534826264427,0.8712998712998713,0.2908935796634306,3,2.086761474609375,0.1287282109260559,0.8653846153846154,-0.10553410553410558,-0.15872176859921366
pcb1,1,1,bad/019.JPG,4050,0.6604938271604939,0.027897459981082076,0.3550617283950617,0.04975388788783796,1,3.617290496826172,0.09753298759460449,0.7625386996904024,-0.30543209876543215,0.021856427906755883
pcb1,1,1,bad/020.JPG,6268,0.8843331206126356,0.41008969846519705,0.8690172303765157,0.5089771716731147,4,5.571475982666016,0.10649174451828003,0.8484848484848485,-0.0153158902361199,0.09888747320791769
pcb1,1,1,bad/021.JPG,2627,1.0,0.97033707288146,1.0,0.9772072341651128,2,2.346527099609375,0.1871805191040039,0.9659863945578232,0.0,0.006870161283652809
pcb1,1,1,bad/022.JPG,3140,1.0,0.7061260644742215,0.9996815286624203,0.6685438974356873,3,2.7605361938476562,0.11361941695213318,0.8262108262108262,-0.0003184713375796733,-0.03758216703853423
pcb1,1,1,bad/023.JPG,1692,1.0,0.9748898179906775,1.0,0.9442084387724181,0,1.489776611328125,0.15021604299545288,0.9529914529914529,0.0,-0.03068137921825942
pcb1,1,1,bad/024.JPG,2485,0.9472837022132797,0.4293604768043997,0.9738430583501007,0.6137076117775125,3,2.2652435302734375,0.10026782751083374,0.753968253968254,0.026559356136820922,0.18434713497311284
pcb1,1,1,bad/025.JPG,2146,0.9995340167753961,0.3386139627504945,0.8443616029822927,0.311329314961372,2,1.897705078125,0.04243266582489014,0.787037037037037,-0.15517241379310343,-0.027284647789122485
pcb1,1,1,bad/026.JPG,2271,0.8533685601056803,0.42604647211572505,0.8344341699691765,0.33419377131451167,2,2.05621337890625,0.04953870177268982,0.7083333333333333,-0.018934390136503776,-0.09185270080121338
pcb1,1,1,bad/027.JPG,3761,0.6211114065408136,0.020835015417019615,0.5224674288752992,0.10579205206844841,1,3.3166885375976562,0.015356957912445068,0.558248299319728,-0.09864397766551447,0.0849570366514288
pcb1,1,1,bad/028.JPG,2106,1.0,0.98174366542323,1.0,0.9734617779355065,1,1.898040771484375,0.24336403608322144,0.9449404761904762,0.0,-0.008281887487723516
pcb1,1,1,bad/029.JPG,2654,0.7908816880180859,0.31282577768845254,0.8123587038432555,0.12432683555291177,2,2.4030494689941406,0.07490018010139465,0.7371794871794871,0.021477015825169588,-0.18849894213554078
pcb1,1,1,bad/030.JPG,2749,1.0,0.957020950554803,1.0,0.9798198652135922,3,2.41326904296875,0.1382027566432953,0.9647435897435896,0.0,0.02279891465878925
pcb1,1,1,bad/031.JPG,3409,1.0,0.8535544276568388,1.0,0.9333741156759123,1,3.0508346557617188,0.15545654296875,0.9223300970873787,0.0,0.07981968801907358
pcb1,1,1,bad/032.JPG,2908,1.0,0.9740786329810016,1.0,0.9843742946138325,1,2.612060546875,0.2203633189201355,1.0,0.0,0.01029566163283091
pcb1,1,1,bad/033.JPG,2393,0.9206017551190974,0.4844352008432094,0.9657333890513999,0.3962328883905287,2,2.1378517150878906,0.12680688500404358,0.8762626262626263,0.04513163393230257,-0.08820231245268068
pcb1,1,1,bad/034.JPG,4049,0.7174611015065449,0.3859542885093689,0.896764633242776,0.4452898277714944,3,3.5712890625,0.08709943294525146,0.7705128205128204,0.17930353173623115,0.05933553926212548
pcb1,1,1,bad/035.JPG,2451,0.7547939616483068,0.2263631057234943,0.7380660954712362,0.18228275047646444,2,2.21435546875,0.0687391459941864,0.8075396825396824,-0.01672786617707056,-0.044080355247029857
pcb1,1,1,bad/036.JPG,2981,1.0,0.35500183057814494,0.9939617577993962,0.41119423747864,2,2.6426734924316406,0.07965528964996338,0.8392857142857143,-0.006038242200603783,0.05619240690049504
pcb1,1,1,bad/037.JPG,1661,0.7260686333534015,0.16075813831495867,0.6760987357013847,0.08535618597148835,0,1.459075927734375,0.09648126363754272,0.8287037037037037,-0.04996989765201687,-0.07540195234347032
pcb1,1,1,bad/038.JPG,2517,1.0,0.9783886410269051,1.0,0.9911510997850616,2,2.2546730041503906,0.19880607724189758,0.9439102564102565,0.0,0.012762458758156403
pcb1,1,1,bad/039.JPG,3534,1.0,0.8980456142594004,1.0,0.8970101231867919,1,3.1784706115722656,0.1590922474861145,0.9642857142857143,0.0,-0.0010354910726085853
pcb1,1,1,bad/040.JPG,74447,0.8561929963598265,0.2000467672478697,0.9650086638816876,0.25799458169883843,70,66.64398193359375,0.15094083547592163,0.9330018939393939,0.10881566752186111,0.05794781445096872
pcb1,1,1,bad/041.JPG,155020,0.8410076119210425,0.5343991364882049,0.8874725841826862,0.5974698804498298,136,138.7900848388672,0.19851794838905334,0.9495764714436326,0.0464649722616437,0.06307074396162493
pcb1,1,1,bad/042.JPG,15523,0.9015009985183277,0.5688061195038797,0.8748953166269406,0.5840055681924672,14,14.082229614257812,0.15702533721923828,0.7900326797385622,-0.026605681891387012,0.015199448688587469
pcb1,1,1,bad/043.JPG,191178,0.8600885039073534,0.7204348451957077,0.8272238437477115,0.635319027585103,169,171.05484008789062,0.2839301526546478,0.9517295597484277,-0.032864660159641845,-0.08511581761060472
pcb1,1,1,bad/044.JPG,118645,0.8658013401323276,0.5537215693704024,0.8838383412701757,0.45550391380286004,106,106.16728210449219,0.18198496103286743,0.9521078504394459,0.01803700113784812,-0.09821765556754236
pcb1,1,1,bad/045.JPG,118584,0.7607603049315254,0.2555914274065176,0.8029919719355056,0.2806388425826419,104,106.07575988769531,0.16375267505645752,0.9407966084984719,0.04223166700398029,0.0250474151761243
pcb1,1,1,bad/046.JPG,95116,0.9129694268051642,0.7340906595681462,0.878926784137264,0.7101677148178316,84,85.0250015258789,0.29782986640930176,0.9405226631967036,-0.03404264266790025,-0.023922944750314645
pcb1,1,1,bad/047.JPG,2769,0.8118454315637414,0.2560505915572249,0.314192849404117,0.04770472805691125,3,2.46484375,0.05808126926422119,0.8555555555555556,-0.49765258215962443,-0.20834586350031367
pcb1,1,1,bad/048.JPG,1631,0.733292458614347,0.34241020301114733,0.5180870631514408,0.1576858356285853,0,1.4540557861328125,0.08256754279136658,0.7065527065527065,-0.21520539546290618,-0.18472436738256204
pcb1,1,1,bad/049.JPG,10459,0.0361411224782484,0.01651398504516385,0.03508939669184435,0.011504605698009289,9,9.516281127929688,-0.005616366863250732,0.45757009345794386,-0.0010517257864040494,-0.005009379347154562
pcb1,1,1,bad/050.JPG,95936,0.89111490993996,0.7171031858380783,0.8525058372248165,0.6151607082686292,85,85.8470230102539,0.29854848980903625,0.9297507788161993,-0.038609072715143467,-0.10194247756944907
pcb1,1,1,bad/051.JPG,4335,0.48904267589388695,0.1608883431029025,0.3397923875432526,0.07708971807056099,0,3.62738037109375,0.013238489627838135,0.6406117247238743,-0.14925028835063436,-0.08379862503234152
pcb1,1,1,bad/052.JPG,2384,0.9186241610738255,0.4304687510770272,0.7336409395973155,0.37250665535943267,2,2.15771484375,0.0804898738861084,0.7416666666666667,-0.18498322147651003,-0.05796209571759453
pcb1,1,1,bad/053.JPG,28033,0.3314664859273,0.07837257951255072,0.2831305960831877,0.05092904728143803,25,25.086929321289062,0.05632701516151428,0.666942931565238,-0.0483358898441123,-0.02744353223111269
pcb1,1,1,bad/054.JPG,59252,0.8054917977452238,0.36310506406722076,0.9244920002700331,0.4517445201892628,52,52.9542236328125,0.16296085715293884,0.941687091503268,0.11900020252480925,0.08863945612204205
pcb1,1,1,bad/055.JPG,58847,0.7872109028497629,0.4295377503982765,0.7973898414532602,0.329899137354449,52,52.66962814331055,0.13152989745140076,0.9133454106280193,0.010178938603497278,-0.09963861304382754
pcb1,1,1,bad/056.JPG,29268,0.2177121771217712,0.11058733123380797,0.1943419434194342,0.07930660937339203,27,26.194416046142578,0.009359031915664673,0.5068783068783068,-0.023370233702337012,-0.031280721860415944
pcb1,1,1,bad/057.JPG,3573,0.17212426532325778,0.019573726691200714,0.0,0.0,0,3.209136962890625,0.029840052127838135,0.6606741573033709,-0.17212426532325778,-0.019573726691200714
pcb1,1,1,bad/058.JPG,1805,0.0,0.0,0.02437673130193906,0.0018448712771844762,0,1.6373291015625,0.12054669857025146,0.8500000000000001,0.02437673130193906,0.0018448712771844762
pcb1,1,1,bad/059.JPG,79992,0.8963271327132714,0.5716497572301397,0.9616961696169617,0.5814525846753619,72,71.52001953125,0.239140123128891,0.9545267489711935,0.06536903690369034,0.009802827445222206
pcb1,1,1,bad/060.JPG,1395,0.7405017921146954,0.3023871961987497,0.6537634408602151,0.2163634864157968,2,1.214508056640625,0.11818215250968933,0.7749999999999999,-0.08673835125448026,-0.0860237097829529
pcb1,1,1,bad/061.JPG,1621,0.0,0.0,0.0,0.0,1,1.4542236328125,0.09888869524002075,0.9083333333333334,0.0,0.0
pcb1,1,1,bad/062.JPG,1867,0.6738082485270488,0.04993207892235133,0.43599357257632565,0.055275804770001775,1,1.6835861206054688,0.056944310665130615,0.7118055555555556,-0.23781467595072314,0.0053437258476504435
pcb1,1,1,bad/063.JPG,2919,0.8701610140459062,0.4595381720107309,0.9256594724220624,0.7115491177281702,1,2.59222412109375,0.1413983702659607,0.8846153846153847,0.05549845837615619,0.2520109457174393
pcb1,1,1,bad/064.JPG,3151,0.7603935258648048,0.1873120352787639,0.6052046969216122,0.26299385283596116,1,2.8110427856445312,0.05722048878669739,0.6711822660098522,-0.15518882894319264,0.07568181755719727
pcb1,1,1,bad/065.JPG,1150,1.0,0.9292185348827411,1.0,0.8863244507267484,0,1.040924072265625,0.11211144924163818,0.9503205128205129,0.0,-0.04289408415599272
pcb1,1,1,bad/066.JPG,3321,0.7482685937970491,0.16688402929230955,0.8696175850647395,0.42270978170789913,2,2.9901657104492188,0.04033967852592468,0.7186147186147186,0.12134899126769039,0.2558257524155896
pcb1,1,1,bad/067.JPG,2151,0.4174802417480242,0.16146958499214145,0.7447698744769874,0.2716786930318846,1,1.9437141418457031,0.02179768681526184,0.6322916666666666,0.3272896327289632,0.11020910803974313
pcb1,1,1,bad/068.JPG,2154,1.0,0.9109294881712621,1.0,0.9301463945531924,2,1.9081001281738281,0.20459458231925964,0.9679611650485437,0.0,0.0192169063819303
pcb1,1,1,bad/069.JPG,5806,0.6901481226317603,0.1447898457485146,0.6055804340337582,0.13126704294454566,3,5.158355712890625,0.04069352149963379,0.6206563706563706,-0.08456768859800212,-0.013522802803968947
pcb1,1,1,bad/070.JPG,2975,0.9929411764705882,0.5715397427356446,1.0,0.585546372071721,2,2.6837196350097656,0.23917511105537415,0.9739583333333334,0.007058823529411784,0.014006629336076437
pcb1,1,1,bad/071.JPG,7847,0.792149866190901,0.16058674037961443,0.8663183382184274,0.273564963795868,5,7.025611877441406,0.12279987335205078,0.7565046637211585,0.07416847202752641,0.11297822341625355
pcb1,1,1,bad/072.JPG,1360,0.8352941176470589,0.4820348859324014,0.9963235294117647,0.6158655347052591,1,1.1991806030273438,0.14554142951965332,0.7826530612244897,0.16102941176470587,0.13383064877285766
pcb1,1,1,bad/073.JPG,3294,0.99605343047966,0.6803810293115514,1.0,0.6927398432522544,1,2.9285888671875,0.13312923908233643,0.8480952380952381,0.003946569520340004,0.012358813940702928
pcb1,1,1,bad/074.JPG,2715,0.8552486187845304,0.7833731325452683,0.714548802946593,0.80868490256885,2,2.4594650268554688,0.17616140842437744,0.9577991452991453,-0.14069981583793745,0.025311770023581648
pcb1,1,1,bad/075.JPG,1867,0.884841992501339,0.2229835866717191,0.9073379753615426,0.22567899225782606,1,1.60693359375,0.11659187078475952,0.9351851851851852,0.0224959828602036,0.0026954055861069526
pcb1,1,1,bad/076.JPG,1604,0.7138403990024937,0.09982566140987655,0.8410224438902744,0.17622873941717723,1,1.4438629150390625,0.07309946417808533,0.696969696969697,0.12718204488778062,0.07640307800730069
pcb1,1,1,bad/077.JPG,7762,0.6664519453749034,0.30107717482620083,0.42051017778922956,0.17492392094683126,8,6.887821197509766,0.07990631461143494,0.8162393162393162,-0.24594176758567382,-0.12615325387936957
pcb1,1,1,bad/078.JPG,1628,1.0,0.9359522154895408,1.0,0.8843601576489521,1,1.4745101928710938,0.3144662082195282,0.8628472222222222,0.0,-0.05159205784058862
pcb1,1,1,bad/079.JPG,1960,0.801530612244898,0.14622054136840665,0.7076530612244898,0.0543524853749934,2,1.7651519775390625,0.21337196230888367,0.9675925925925926,-0.09387755102040818,-0.09186805599341324
pcb1,1,1,bad/080.JPG,2707,1.0,0.8848732947139821,1.0,0.9070181430636837,1,2.4284515380859375,0.16249510645866394,0.9555555555555556,0.0,0.02214484834970154
pcb1,1,1,bad/081.JPG,6373,1.0,0.6761775613160106,1.0,0.6269979668252176,7,5.6884918212890625,0.23270687460899353,0.880952380952381,0.0,-0.04917959449079301
pcb1,1,1,bad/082.JPG,3019,0.8360384233189798,0.6843599743863776,0.8708181517058629,0.7434647714763452,2,2.689044952392578,0.034433722496032715,0.6621376811594203,0.034779728386883035,0.05910479708996752
pcb1,1,1,bad/083.JPG,1573,0.9497774952320407,0.6144599507238089,1.0,0.8943669365041851,1,1.4132232666015625,0.012247473001480103,0.6924603174603174,0.05022250476795931,0.2799069857803762
pcb1,1,1,bad/084.JPG,3412,0.7924970691676436,0.7327841057915596,0.9085580304806565,0.8097902519561118,1,3.0408172607421875,0.15334177017211914,0.7817738494361476,0.11606096131301291,0.07700614616455215
pcb1,1,1,bad/085.JPG,2282,0.37248028045574055,0.12960577181071242,0.8019281332164768,0.22951496255394196,0,2.05096435546875,0.023049741983413696,0.6335227272727273,0.42944785276073627,0.09990919074322954
pcb1,1,1,bad/086.JPG,4149,0.9848156182212582,0.864693718296019,0.9643287539166064,0.836823687666613,3,3.668426513671875,0.1964299976825714,0.9053884711779449,-0.020486864304651742,-0.027870030629406073
pcb1,1,1,bad/087.JPG,2328,0.7482817869415808,0.14903392442952498,0.802405498281787,0.23668478451760253,0,2.03057861328125,0.1617538034915924,0.7471590909090909,0.054123711340206215,0.08765086008807754
pcb1,1,1,bad/088.JPG,3449,0.7796462742824007,0.6414739445727027,0.7729776746883155,0.6247143663529903,0,3.137828826904297,0.2842232286930084,0.820806100217865,-0.006668599594085278,-0.016759578219712412
pcb1,1,1,bad/089.JPG,5566,0.7840459935321595,0.558020627021085,0.8199784405318002,0.36415402550439846,2,4.8421630859375,0.14608389139175415,0.8447749809305873,0.03593244699964071,-0.19386660151668655
pcb1,1,1,bad/090.JPG,3860,0.827461139896373,0.521886064760635,0.9549222797927461,0.7195673683594208,3,3.4337234497070312,0.1435483694076538,0.7854700854700855,0.1274611398963731,0.19768130359878577
pcb1,1,1,bad/091.JPG,5476,0.7213294375456537,0.43796382710491644,0.9455807158509861,0.474734092516893,2,4.908073425292969,0.05586227774620056,0.6818840579710145,0.22425127830533242,0.03677026541197659
pcb1,1,1,bad/092.JPG,7044,0.6821408290743896,0.31031361798983276,0.6614139693356048,0.2980011941556851,3,6.295619964599609,0.019813120365142822,0.610237270061317,-0.020726859738784742,-0.012312423834147657
pcb1,1,1,bad/093.JPG,2885,0.5147313691507799,0.17922562245204243,0.6048526863084922,0.21308849833983798,0,2.551239013671875,0.05674806237220764,0.7793167128347184,0.09012131715771232,0.033862875887795546
pcb1,1,1,bad/094.JPG,3657,0.6078753076292043,0.10490521812581118,0.8003828274541974,0.32399649221747623,2,3.290782928466797,0.10549107193946838,0.7764116575591986,0.19250751982499315,0.21909127409166507
pcb1,1,1,bad/095.JPG,2106,0.5626780626780626,0.24126282284440448,0.8471035137701804,0.4100825537428808,1,1.8676185607910156,0.06237271428108215,0.6055555555555555,0.2844254510921178,0.1688197308984763
pcb1,1,1,bad/096.JPG,2655,0.6519774011299435,0.18360717905601776,0.8252354048964219,0.3615375814218725,2,2.387725830078125,0.11770585179328918,0.8035714285714286,0.17325800376647837,0.17793040236585472
pcb1,1,1,bad/097.JPG,3045,0.31264367816091954,0.14955584977964562,0.42298850574712643,0.18517894244676703,0,2.5865821838378906,0.03444349765777588,0.6585595776772247,0.1103448275862069,0.03562309266712141
pcb1,1,1,bad/098.JPG,2807,0.517990737442109,0.034173415043198735,0.6312789454934093,0.10863544559508176,0,2.423553466796875,0.10669592022895813,0.9265873015873015,0.11328820805130035,0.07446203055188302
pcb1,1,1,bad/099.JPG,3418,0.7691632533645407,0.23903536578363652,0.919836161497952,0.4577782027808455,2,3.0359954833984375,0.020035773515701294,0.6770833333333334,0.15067290813341128,0.218742836997209
pcb1,1,2,bad/000.JPG,1524,0.8228346456692913,0.43984176297552663,1.0,0.6681413862847265,0,1.367340087890625,0.13022232055664062,0.8194444444444445,0.17716535433070868,0.2282996233091999
pcb1,1,2,bad/001.JPG,1687,1.0,0.9217871093373153,1.0,0.9279037054110884,0,1.530792236328125,0.10230603814125061,0.9212454212454213,0.0,0.006116596073773017
pcb1,1,2,bad/002.JPG,1702,0.9694477085781433,0.8884992971101996,0.9923619271445359,0.9467310588649319,0,1.505126953125,0.13926580548286438,0.920940170940171,0.02291421856639253,0.058231761754732325
pcb1,1,2,bad/003.JPG,1618,0.8912237330037083,0.7430029408763397,1.0,0.898411478996452,0,1.4490165710449219,0.10528051853179932,0.8681318681318682,0.10877626699629173,0.15540853812011235
pcb1,1,2,bad/004.JPG,2201,0.9981826442526125,0.7929842674059973,1.0,0.9172690327438667,0,1.9232711791992188,0.05847984552383423,0.7935897435897435,0.0018173557473875057,0.12428476533786947
pcb1,1,2,bad/005.JPG,2792,1.0,0.943004285085944,0.9953438395415473,0.9445391196959743,1,2.510345458984375,0.11935153603553772,0.8755555555555555,-0.0046561604584527405,0.0015348346100302335
pcb1,1,2,bad/006.JPG,2846,0.8875614898102601,0.6045427979709748,0.938158819395643,0.7475964097943159,0,2.5201797485351562,0.05385681986808777,0.7106918238993711,0.05059732958538299,0.1430536118233411
pcb1,1,2,bad/007.JPG,2765,0.938878842676311,0.823404251629303,0.9974683544303797,0.910990632582567,0,2.4541664123535156,0.10714668035507202,0.874296435272045,0.05858951175406868,0.08758638095326399
pcb1,1,2,bad/008.JPG,3739,0.9836854774003745,0.9009976449073076,1.0,0.9480499316609431,3,3.3413429260253906,0.16510766744613647,0.9205409974640744,0.016314522599625514,0.047052286753635486
pcb1,1,2,bad/009.JPG,4769,1.0,0.9351239452261423,1.0,0.9551021035503737,2,4.265399932861328,0.10082301497459412,0.8313802083333334,0.0,0.019978158324231443
pcb1,1,2,bad/010.JPG,5153,1.0,0.884234021550627,1.0,0.9041490907104588,1,4.6022186279296875,0.14936286211013794,0.9381443298969072,0.0,0.019915069159831766
pcb1,1,2,bad/011.JPG,3890,1.0,0.9380037697928854,1.0,0.9543010237104074,2,3.5051727294921875,0.09087839722633362,0.8224206349206349,0.0,0.016297253917522014
pcb1,1,2,bad/012.JPG,3712,1.0,0.8520346717056517,0.9964978448275862,0.9173612551449368,0,3.3367576599121094,0.11091780662536621,0.9190501888828926,-0.0035021551724138122,0.0653265834392851
pcb1,1,2,bad/013.JPG,5660,0.9812720848056538,0.7452721411215505,0.9521201413427561,0.7807885030324548,0,5.127601623535156,0.09478974342346191,0.8611607142857143,-0.029151943462897623,0.03551636191090435
pcb1,1,2,bad/014.JPG,4636,1.0,0.8314974364073113,1.0,0.8961292499183504,0,4.142742156982422,0.13373109698295593,0.9038697788697789,0.0,0.06463181351103908
pcb1,1,2,bad/015.JPG,2392,0.8967391304347826,0.29940499549401933,0.9728260869565217,0.3693217183876322,2,2.1074371337890625,0.08932432532310486,0.7579365079365079,0.07608695652173914,0.06991672289361289
pcb1,1,2,bad/016.JPG,3542,1.0,0.9826647503933486,1.0,0.9904562488624813,2,3.173583984375,0.21616268157958984,0.9796875,0.0,0.0077914984691327405
pcb1,1,2,bad/017.JPG,2948,0.9094301221166893,0.4228718874906107,0.9579375848032564,0.29537674685509097,3,2.642669677734375,0.1331174075603485,0.7516025641025641,0.04850746268656714,-0.12749514063551975
pcb1,1,2,bad/018.JPG,2331,0.9202059202059202,0.5268380883347201,0.9682539682539683,0.4555380615116026,3,2.086761474609375,0.13036009669303894,0.8504273504273504,0.048048048048048075,-0.07130002682311753
pcb1,1,2,bad/019.JPG,4050,0.4930864197530864,0.06262192474828189,0.5153086419753087,0.07586143166304825,1,3.617290496826172,0.05983734130859375,0.7244582043343653,0.022222222222222254,0.013239506914766358
pcb1,1,2,bad/020.JPG,6268,0.9337906828334397,0.4707368063528786,0.9778238672622847,0.6016769266544258,4,5.571475982666016,0.09383571147918701,0.8255280073461891,0.04403318442884496,0.13094012030154722
pcb1,1,2,bad/021.JPG,2627,1.0,0.9718384546974026,1.0,0.9766880335617787,2,2.346527099609375,0.14996299147605896,0.9217687074829932,0.0,0.004849578864376092
pcb1,1,2,bad/022.JPG,3140,1.0,0.7253097526350079,1.0,0.7488687708385113,3,2.7605361938476562,0.09855377674102783,0.8247863247863247,0.0,0.02355901820350348
pcb1,1,2,bad/023.JPG,1692,1.0,0.939918538995352,1.0,0.9018526738234453,0,1.489776611328125,0.13620257377624512,0.9444444444444444,0.0,-0.0380658651719068
pcb1,1,2,bad/024.JPG,2485,0.9758551307847082,0.4238498502974246,0.9971830985915493,0.769912359635886,3,2.2652435302734375,0.0977945327758789,0.7883597883597884,0.021327967806841097,0.3460625093384614
pcb1,1,2,bad/025.JPG,2146,0.9743709226467847,0.3149014579585412,0.9207828518173345,0.45142325417176227,2,1.897705078125,0.031873226165771484,0.7106481481481481,-0.05358807082945016,0.13652179621322108
pcb1,1,2,bad/026.JPG,2271,0.9018053720827829,0.46764699907241397,0.9216204315279612,0.4793446772489224,2,2.05621337890625,0.013444960117340088,0.6134259259259259,0.019815059445178362,0.011697678176508408
pcb1,1,2,bad/027.JPG,3761,0.7317202871576708,0.05748696203058403,0.6814676947620314,0.11877117172202976,1,3.3166885375976562,0.032931357622146606,0.6109693877551021,-0.050252592395639395,0.06128420969144573
pcb1,1,2,bad/028.JPG,2106,1.0,0.9823865686506278,1.0,0.9728426326756023,1,1.898040771484375,0.27118390798568726,0.9419642857142858,0.0,-0.009543935975025453
pcb1,1,2,bad/029.JPG,2654,0.7641296156744537,0.3050003759383439,0.9223813112283346,0.27703386734543234,2,2.4030494689941406,0.061753422021865845,0.7451923076923077,0.15825169555388086,-0.027966508592911554
pcb1,1,2,bad/030.JPG,2749,1.0,0.9509787078959725,1.0,0.9782518993065786,3,2.41326904296875,0.16893568634986877,0.9711538461538463,0.0,0.027273191410606135
pcb1,1,2,bad/031.JPG,3409,1.0,0.8671730869481477,1.0,0.9422662198980621,1,3.0508346557617188,0.1405290961265564,0.9103097549699491,0.0,0.07509313294991449
pcb1,1,2,bad/032.JPG,2908,1.0,0.9692801785942037,1.0,0.9797161032469243,1,2.612060546875,0.20664724707603455,0.9965277777777778,0.0,0.010435924652720585
pcb1,1,2,bad/033.JPG,2393,0.9573756790639365,0.3569874912294013,1.0,0.5314060242697614,2,2.1378517150878906,0.08909699320793152,0.8131313131313131,0.0426243209360635,0.17441853304036004
pcb1,1,2,bad/034.JPG,4049,0.8029142998271178,0.4061650410199874,0.9686342306742406,0.48452567327927004,3,3.5712890625,0.09787553548812866,0.7884615384615384,0.16571993084712278,0.07836063225928264
pcb1,1,2,bad/035.JPG,2451,0.8445532435740514,0.2229363034649962,0.9983680130558955,0.2792990351114571,2,2.21435546875,0.06528067588806152,0.8392857142857143,0.15381476948184414,0.056362731646460884
pcb1,1,2,bad/036.JPG,2981,0.992619926199262,0.2555762966648022,1.0,0.5302922527540134,2,2.6426734924316406,0.04070475697517395,0.7757936507936508,0.0073800738007380184,0.2747159560892112
pcb1,1,2,bad/037.JPG,1661,0.6833232992173389,0.14005974258993975,0.6965683323299218,0.0898334054834766,0,1.459075927734375,0.09631693363189697,0.8420138888888888,0.013245033112582849,-0.050226337106463154
pcb1,1,2,bad/038.JPG,2517,1.0,0.9748652483609133,1.0,0.99090856680908,2,2.2546730041503906,0.21075540781021118,0.9455128205128205,0.0,0.016043318448166755
pcb1,1,2,bad/039.JPG,3534,1.0,0.9419606071024729,1.0,0.8589710548670079,1,3.1784706115722656,0.17533618211746216,0.9597069597069597,0.0,-0.082989552235465
pcb1,1,2,bad/040.JPG,74447,0.8449903958520827,0.19678961463685848,0.9623893508133303,0.30191654266185114,70,66.64398193359375,0.15632304549217224,0.9306344696969697,0.11739895496124764,0.10512692802499266
pcb1,1,2,bad/041.JPG,155020,0.8070507031350793,0.5030249673002891,0.8879176880402528,0.6327714212841531,136,138.7900848388672,0.23043230175971985,0.9431417457374487,0.08086698490517352,0.12974645398386397
pcb1,1,2,bad/042.JPG,15523,0.9143206854345165,0.6131346869049092,0.8337950138504155,0.5165992567225373,14,14.082229614257812,0.15216106176376343,0.7851307189542484,-0.08052567158410096,-0.09653543018237198
pcb1,1,2,bad/043.JPG,191178,0.8412631160489178,0.7128874198932489,0.8170291560744437,0.6087866477606735,169,171.05484008789062,0.27547091245651245,0.9456832475700402,-0.024233959974474084,-0.1041007721325754
pcb1,1,2,bad/044.JPG,118645,0.8237346706561591,0.5173715496316896,0.9040667537612205,0.5469072813031397,106,106.16728210449219,0.1970112919807434,0.9555340384328914,0.08033208310506135,0.02953573167145007
pcb1,1,2,bad/045.JPG,118584,0.6752681643392026,0.2076376816239587,0.7821122579774674,0.2796921633203301,104,106.07575988769531,0.16417449712753296,0.9411416740609286,0.10684409363826486,0.07205448169637138
pcb1,1,2,bad/046.JPG,95116,0.8858551663232264,0.7228106470525736,0.8836999032759998,0.7056389944186853,84,85.0250015258789,0.2875411808490753,0.9384081544133595,-0.0021552630472265744,-0.017171652633888312
pcb1,1,2,bad/047.JPG,2769,0.8150957024196461,0.264912651234889,0.4723726977248104,0.05225500325529936,3,2.46484375,0.06123027205467224,0.8638888888888888,-0.34272300469483574,-0.21265764797958964
pcb1,1,2,bad/048.JPG,1631,0.7326793378295524,0.3658878095780664,0.6793378295524218,0.2500509805121284,0,1.4540557861328125,0.04758155345916748,0.7222222222222222,-0.05334150827713058,-0.11583682906593801
pcb1,1,2,bad/049.JPG,10459,0.05229945501481977,0.029758421975430133,0.05555024380915958,0.02695965316668025,9,9.516281127929688,-0.001629471778869629,0.4433644859813084,0.0032507887943398067,-0.002798768808749883
pcb1,1,2,bad/050.JPG,95936,0.8611053202134756,0.6745097622198977,0.8322423282188125,0.5639165684918044,85,85.8470230102539,0.2865680754184723,0.9261682242990654,-0.028862991994663134,-0.11059319372809329
pcb1,1,2,bad/051.JPG,4335,0.5044982698961937,0.3556046595273927,0.3381776239907728,0.13638668010283592,0,3.62738037109375,0.03634685277938843,0.6516567544604928,-0.16632064590542095,-0.21921797942455676
pcb1,1,2,bad/052.JPG,2384,0.9291107382550335,0.4052706255358152,0.6996644295302014,0.27460199801819946,2,2.15771484375,0.06261122226715088,0.7638888888888888,-0.22944630872483218,-0.13066862751761577
pcb1,1,2,bad/053.JPG,28033,0.2757107694502907,0.10752006241562403,0.28445046909000105,0.10184741834137066,25,25.086929321289062,0.04087349772453308,0.636987923277291,0.00873969963971033,-0.005672644074253372
pcb1,1,2,bad/054.JPG,59252,0.7993485451967866,0.3316041009784676,0.9240363194491326,0.504325450448734,52,52.9542236328125,0.17493849992752075,0.947201797385621,0.124687774252346,0.1727213494702664
pcb1,1,2,bad/055.JPG,58847,0.7946029534215848,0.4545772309972246,0.8714462929291212,0.4068341689407953,52,52.66962814331055,0.1451701521873474,0.9209943639291465,0.07684333950753641,-0.04774306205642925
pcb1,1,2,bad/056.JPG,29268,0.17660926609266092,0.08267727140428256,0.1533073664069974,0.06711875720376842,27,26.194416046142578,-0.0009029209613800049,0.5238095238095237,-0.023301899685663513,-0.015558514200514142
pcb1,1,2,bad/057.JPG,3573,0.2462916316820599,0.04764023571744706,0.00559753708368318,0.0001359593889305265,0,3.209136962890625,0.03907352685928345,0.7157303370786517,-0.2406940945983767,-0.04750427632851654
pcb1,1,2,bad/058.JPG,1805,0.0,0.0,0.1074792243767313,0.010433691297935057,0,1.6373291015625,0.09327438473701477,0.825,0.1074792243767313,0.010433691297935057
pcb1,1,2,bad/059.JPG,79992,0.9042654265426543,0.5732222992114071,0.9468571857185718,0.6193439687623228,72,71.52001953125,0.23568129539489746,0.9517832647462278,0.04259175917591751,0.04612166955091568
pcb1,1,2,bad/060.JPG,1395,0.7211469534050179,0.28384195329043405,0.7075268817204301,0.28005677866183537,2,1.214508056640625,0.12024274468421936,0.8041666666666667,-0.013620071684587787,-0.0037851746285986754
pcb1,1,2,bad/061.JPG,1621,0.0,0.0,0.0,0.0,1,1.4542236328125,0.10395997762680054,0.9375,0.0,0.0
pcb1,1,2,bad/062.JPG,1867,0.6534547402249599,0.061030074881617075,0.5961435457953936,0.20644222325617684,1,1.6835861206054688,0.04571622610092163,0.7326388888888888,-0.057311194429566226,0.14541214837455976
pcb1,1,2,bad/063.JPG,2919,0.8622816032887975,0.44968819497580625,0.9520383693045563,0.6722624351591994,1,2.59222412109375,0.16293585300445557,0.8653846153846154,0.08975676601575877,0.2225742401833931
pcb1,1,2,bad/064.JPG,3151,0.6413836877181847,0.16123094218364928,0.6632814979371628,0.28651078886517406,1,2.8110427856445312,0.031212300062179565,0.6379310344827587,0.021897810218978186,0.12527984668152478
pcb1,1,2,bad/065.JPG,1150,1.0,0.9431992093888932,1.0,0.9243024620713,0,1.040924072265625,0.1044614315032959,0.9294871794871795,0.0,-0.018896747317593277
pcb1,1,2,bad/066.JPG,3321,0.7853056308340861,0.13384890991579718,0.9319482083709726,0.4063257821503298,2,2.9901657104492188,0.021030843257904053,0.645021645021645,0.14664257753688648,0.2724768722345326
pcb1,1,2,bad/067.JPG,2151,0.3398419339841934,0.2357667805950978,0.8368200836820083,0.30726412546336795,1,1.9437141418457031,0.014704197645187378,0.6229166666666667,0.49697814969781495,0.07149734486827014
pcb1,1,2,bad/068.JPG,2154,1.0,0.8980942395294284,1.0,0.9388735889982532,2,1.9081001281738281,0.17403170466423035,0.9699029126213593,0.0,0.04077934946882489
pcb1,1,2,bad/069.JPG,5806,0.7347571477781605,0.14806293344844856,0.7022046159145712,0.1442336833745291,3,5.158355712890625,0.020468175411224365,0.6370656370656371,-0.03255253186358931,-0.00382925007391946
pcb1,1,2,bad/070.JPG,2975,0.9334453781512605,0.45381402036115576,1.0,0.50869529820363,2,2.6837196350097656,0.21642035245895386,0.9809027777777778,0.0665546218487395,0.05488127784247426
pcb1,1,2,bad/071.JPG,7847,0.7980119791002931,0.18827579518274687,0.8919332228877278,0.3817119050386919,5,7.025611877441406,0.14536702632904053,0.7442317133038783,0.09392124378743472,0.19343610985594503
pcb1,1,2,bad/072.JPG,1360,0.9485294117647058,0.5116765734245009,1.0,0.7416059266104733,1,1.1991806030273438,0.13327905535697937,0.7704081632653061,0.05147058823529416,0.2299293531859724
pcb1,1,2,bad/073.JPG,3294,1.0,0.6607199664460428,1.0,0.7689435831807765,1,2.9285888671875,0.1260727047920227,0.8533333333333334,0.0,0.10822361673473369
pcb1,1,2,bad/074.JPG,2715,0.8213627992633518,0.7807721093835818,1.0,0.8243508074581449,2,2.4594650268554688,0.16252192854881287,0.951388888888889,0.17863720073664824,0.04357869807456316
pcb1,1,2,bad/075.JPG,1867,0.9025174076057847,0.22387721126186413,0.9941081949651848,0.38439924372576945,1,1.60693359375,0.13159283995628357,0.912962962962963,0.09159078735940007,0.1605220324639053
pcb1,1,2,bad/076.JPG,1604,1.0,0.1782977564920356,1.0,0.4703532785979323,1,1.4438629150390625,0.05319124460220337,0.7333333333333334,0.0,0.2920555221058967
pcb1,1,2,bad/077.JPG,7762,0.47835609379026023,0.18655347747439072,0.4596753414068539,0.18635065021130293,8,6.887821197509766,0.07835173606872559,0.8076923076923077,-0.01868075238340633,-0.0002028272630877903
pcb1,1,2,bad/078.JPG,1628,1.0,0.8800206456923146,1.0,0.7729952957917338,1,1.4745101928710938,0.29863399267196655,0.8559027777777778,0.0,-0.10702534990058088
pcb1,1,2,bad/079.JPG,1960,0.801530612244898,0.15791367992754163,0.8224489795918367,0.11163757500311448,2,1.7651519775390625,0.23081615567207336,0.9629629629629629,0.02091836734693875,-0.046276104924427144
pcb1,1,2,bad/080.JPG,2707,1.0,0.898955668844455,1.0,0.9074309595584531,1,2.4284515380859375,0.15376484394073486,0.9555555555555555,0.0,0.008475290713998107
pcb1,1,2,bad/081.JPG,6373,1.0,0.7734895820514234,1.0,0.7897683456362486,7,5.6884918212890625,0.21503761410713196,0.8809523809523809,0.0,0.016278763584825273
pcb1,1,2,bad/082.JPG,3019,0.8549188473004306,0.6986970027870826,0.9592580324610799,0.84791294829168,2,2.689044952392578,0.05075278878211975,0.7110507246376812,0.10433918516064933,0.14921594550459738
pcb1,1,2,bad/083.JPG,1573,0.9084551811824539,0.5835768809671945,1.0,0.9278936509586396,1,1.4132232666015625,0.009384691715240479,0.6884920634920635,0.09154481881754606,0.3443167699914451
pcb1,1,2,bad/084.JPG,3412,0.7045720984759671,0.6896750086380957,0.9167643610785463,0.8207623090713226,1,3.0408172607421875,0.10619866847991943,0.7391039317281317,0.21219226260257917,0.13108730043322692
pcb1,1,2,bad/085.JPG,2282,0.44347063978965817,0.16168177139191997,0.8720420683610868,0.2628137900622573,0,2.05096435546875,0.022975116968154907,0.6306818181818181,0.4285714285714286,0.10113201867033733
pcb1,1,2,bad/086.JPG,4149,0.9865027717522294,0.9013672404890088,0.9978308026030369,0.9167581405207317,3,3.668426513671875,0.24814057350158691,0.8458646616541353,0.011328030850807469,0.015390900031722832
pcb1,1,2,bad/087.JPG,2328,0.7598797250859106,0.173479683317936,0.7740549828178694,0.22207628740991608,0,2.03057861328125,0.18262594938278198,0.7433712121212122,0.014175257731958824,0.04859660409198008
pcb1,1,2,bad/088.JPG,3449,0.8422731226442447,0.7169873094309887,0.8008118295158017,0.721070186110542,0,3.137828826904297,0.3029244840145111,0.8104575163398692,-0.041461293128443044,0.004082876679553316
pcb1,1,2,bad/089.JPG,5566,0.7608695652173914,0.5077627640800411,0.8266259432267338,0.4487632190662566,2,4.8421630859375,0.1502579152584076,0.8428680396643783,0.06575637800934242,-0.05899954501378446
pcb1,1,2,bad/090.JPG,3860,0.8854922279792746,0.5942071781739615,0.9841968911917098,0.7975572393006566,3,3.4337234497070312,0.14101335406303406,0.7820512820512822,0.0987046632124352,0.20335006112669507
pcb1,1,2,bad/091.JPG,5476,0.7379474068663258,0.47974204614407495,0.9590942293644996,0.5236172840699406,2,4.908073425292969,0.06929653882980347,0.7141304347826086,0.22114682249817386,0.04387523792586562
pcb1,1,2,bad/092.JPG,7044,0.7305508233957978,0.36164955760559503,0.6614139693356048,0.33476742437047,3,6.295619964599609,0.001891791820526123,0.627565982404692,-0.06913685406019299,-0.026882133235125005
pcb1,1,2,bad/093.JPG,2885,0.5566724436741768,0.2254565761670504,0.6048526863084922,0.21869436162940142,0,2.551239013671875,0.052372753620147705,0.73730378578024,0.04818024263431542,-0.0067622145376489695
pcb1,1,2,bad/094.JPG,3657,0.7421383647798742,0.15844633036360706,0.8392124692370796,0.3410116428082698,2,3.290782928466797,0.12457168102264404,0.7604735883424409,0.09707410445720543,0.18256531244466273
pcb1,1,2,bad/095.JPG,2106,0.6201329534662868,0.2883233301318053,0.8637226970560304,0.522840576260663,1,1.8676185607910156,0.04459339380264282,0.5977777777777777,0.2435897435897436,0.23451724612885777
pcb1,1,2,bad/096.JPG,2655,0.14689265536723164,0.01613769824183628,0.8500941619585687,0.5795531954818359,2,2.387725830078125,0.07795935869216919,0.8234126984126984,0.7032015065913371,0.5634154972399996
pcb1,1,2,bad/097.JPG,3045,0.4686371100164204,0.21915243006649746,0.4794745484400657,0.21332382472333178,0,2.5865821838378906,0.044116467237472534,0.7117269984917043,0.010837438423645318,-0.005828605343165677
pcb1,1,2,bad/098.JPG,2807,0.7958674741717136,0.10367378180321823,0.6423227645172782,0.14028808659656186,0,2.423553466796875,0.13779503107070923,0.941468253968254,-0.15354470965443534,0.03661430479334363
pcb1,1,2,bad/099.JPG,3418,0.823581041544763,0.30553753005452644,0.9344645991808075,0.5426747867450963,2,3.0359954833984375,0.02665942907333374,0.7163461538461539,0.11088355763604452,0.23713725669056984
pcb1,4,0,bad/000.JPG,1524,0.8097112860892388,0.5895832836769835,0.9803149606299213,0.7049380779106569,0,1.367340087890625,0.1191529631614685,0.7800925925925927,0.17060367454068248,0.11535479423367334
pcb1,4,0,bad/001.JPG,1687,1.0,0.9299562229757986,1.0,0.9132613121786943,0,1.530792236328125,0.12316736578941345,0.9377289377289377,0.0,-0.01669491079710428
pcb1,4,0,bad/002.JPG,1702,0.9735605170387779,0.8914262141748736,0.9917743830787309,0.9416054895851967,0,1.505126953125,0.14473500847816467,0.9423076923076924,0.01821386603995301,0.05017927541032319
pcb1,4,0,bad/003.JPG,1618,0.9035846724351051,0.7829396892075764,1.0,0.8912579886253189,0,1.4490165710449219,0.1301344633102417,0.8534798534798534,0.0964153275648949,0.10831829941774251
pcb1,4,0,bad/004.JPG,2201,0.9972739663789186,0.8381264376281411,1.0,0.9064581777213161,0,1.9232711791992188,0.06875395774841309,0.7871794871794873,0.0027260336210813696,0.068331740093175
pcb1,4,0,bad/005.JPG,2792,1.0,0.9229740389290342,0.9953438395415473,0.9282125837744494,1,2.510345458984375,0.1353226900100708,0.8744444444444445,-0.0046561604584527405,0.005238544845415194
pcb1,4,0,bad/006.JPG,2846,0.9111033028812369,0.7061113768747564,0.9374560787069571,0.7612120532256214,0,2.5201797485351562,0.06966507434844971,0.7586477987421383,0.026352775825720265,0.05510067635086491
pcb1,4,0,bad/007.JPG,2765,0.9283905967450271,0.7964944551676919,0.9960216998191682,0.8839986569519317,0,2.4541664123535156,0.11679941415786743,0.8774233896185116,0.06763110307414111,0.08750420178423979
pcb1,4,0,bad/008.JPG,3739,0.9737897833645359,0.8903509996799194,1.0,0.9461572760171172,3,3.3413429260253906,0.18970727920532227,0.9180050718512257,0.02621021663546408,0.05580627633719781
pcb1,4,0,bad/009.JPG,4769,1.0,0.940540715339534,1.0,0.9488716090560858,2,4.265399932861328,0.12641245126724243,0.857421875,0.0,0.008330893716551824
pcb1,4,0,bad/010.JPG,5153,1.0,0.8925955930499335,1.0,0.9024349877481364,1,4.6022186279296875,0.15638065338134766,0.9394329896907216,0.0,0.00983939469820283
pcb1,4,0,bad/011.JPG,3890,1.0,0.9432186516682324,1.0,0.9459794188995113,2,3.5051727294921875,0.1113061010837555,0.8402777777777777,0.0,0.0027607672312789378
pcb1,4,0,bad/012.JPG,3712,0.9997306034482759,0.82292782681414,0.9978448275862069,0.8937748209707153,0,3.3367576599121094,0.13556939363479614,0.9276848354020507,-0.0018857758620690612,0.07084699415657525
pcb1,4,0,bad/013.JPG,5660,0.9826855123674911,0.7847152850300793,0.9484098939929329,0.7859193327933767,0,5.127601623535156,0.10472983121871948,0.8875000000000001,-0.03427561837455828,0.0012040477632974111
pcb1,4,0,bad/014.JPG,4636,1.0,0.8196145510558785,0.9907247627264884,0.8712919484020878,0,4.142742156982422,0.14944735169410706,0.9124692874692875,-0.00927523727351165,0.05167739734620924
pcb1,4,0,bad/015.JPG,2392,0.8645484949832776,0.19153069519414126,0.9665551839464883,0.27640220601986715,2,2.1074371337890625,0.07919269800186157,0.7996031746031746,0.10200668896321075,0.08487151082572589
pcb1,4,0,bad/016.JPG,3542,1.0,0.9828307491644741,1.0,0.9870322224437208,2,3.173583984375,0.21982413530349731,0.9921875,0.0,0.0042014732792466924
pcb1,4,0,bad/017.JPG,2948,0.8948439620081411,0.3297219274980619,0.858887381275441,0.16760920235588941,3,2.642669677734375,0.12701725959777832,0.7692307692307692,-0.03595658073270014,-0.16211272514217248
pcb1,4,0,bad/018.JPG,2331,0.954096954096954,0.36268726202984786,0.9386529386529386,0.30418512126977354,3,2.086761474609375,0.09950220584869385,0.8482905982905983,-0.015444015444015413,-0.05850214076007432
pcb1,4,0,bad/019.JPG,4050,0.35333333333333333,0.023558008939159342,0.2893827160493827,0.023454563460386685,1,3.617290496826172,0.08331567049026489,0.7907120743034055,-0.06395061728395063,-0.00010344547877265756
pcb1,4,0,bad/020.JPG,6268,0.9476707083599234,0.44579948246830403,0.9519783024888322,0.5096519820299473,4,5.571475982666016,0.12647849321365356,0.8608815426997245,0.004307594128908798,0.0638524995616433
pcb1,4,0,bad/021.JPG,2627,1.0,0.9769424940120702,1.0,0.97917991793425,2,2.346527099609375,0.17010751366615295,0.9625850340136054,0.0,0.0022374239221797376
pcb1,4,0,bad/022.JPG,3140,1.0,0.5555471412831958,1.0,0.595315593514748,3,2.7605361938476562,0.0985228419303894,0.8205128205128205,0.0,0.03976845223155223
pcb1,4,0,bad/023.JPG,1692,1.0,0.975010546382068,1.0,0.9350562834155498,0,1.489776611328125,0.161727637052536,0.9487179487179488,0.0,-0.03995426296651816
pcb1,4,0,bad/024.JPG,2485,0.9134808853118712,0.3159031488452459,0.9830985915492958,0.6384096892182443,3,2.2652435302734375,0.10234174132347107,0.7658730158730158,0.06961770623742458,0.32250654037299836
pcb1,4,0,bad/025.JPG,2146,0.9958061509785647,0.3819203812092321,0.8760484622553588,0.37739868815095956,2,1.897705078125,0.054853200912475586,0.7893518518518519,-0.11975768872320591,-0.004521693058272547
pcb1,4,0,bad/026.JPG,2271,0.8678996036988111,0.44081072158356843,0.8969616908850726,0.35613253019602564,2,2.05621337890625,0.045813143253326416,0.6898148148148149,0.029062087186261465,-0.08467819138754279
pcb1,4,0,bad/027.JPG,3761,0.6939643711778782,0.05479741174497909,0.6227067269343259,0.06779243710837525,1,3.3166885375976562,0.03800356388092041,0.616921768707483,-0.0712576442435523,0.01299502536339616
pcb1,4,0,bad/028.JPG,2106,1.0,0.9884109156883484,1.0,0.9809372825222525,1,1.898040771484375,0.2790146768093109,0.9523809523809524,0.0,-0.007473633166095839
pcb1,4,0,bad/029.JPG,2654,0.8180105501130369,0.3278626310701983,0.8112283345892992,0.1566022205129978,2,2.4030494689941406,0.07236406207084656,0.7708333333333333,-0.0067822155237377,-0.1712604105572005
pcb1,4,0,bad/030.JPG,2749,1.0,0.9547164818788567,1.0,0.9766702420431497,3,2.41326904296875,0.15978705883026123,0.985576923076923,0.0,0.021953760164292957
pcb1,4,0,bad/031.JPG,3409,1.0,0.8565033422941165,1.0,0.9354646662348018,1,3.0508346557617188,0.13594084978103638,0.9283402681460934,0.0,0.07896132394068534
pcb1,4,0,bad/032.JPG,2908,1.0,0.9709162821431899,1.0,0.9823027529831307,1,2.612060546875,0.21052980422973633,1.0,0.0,0.011386470839940821
pcb1,4,0,bad/033.JPG,2393,0.9256163811115754,0.34176802470344664,1.0,0.41250548448521607,2,2.1378517150878906,0.08163696527481079,0.8282828282828283,0.0743836188884246,0.07073745978176943
pcb1,4,0,bad/034.JPG,4049,0.8547789577673499,0.3790588817399155,0.9330698938009385,0.35037191235870774,3,3.5712890625,0.11016711592674255,0.7987179487179488,0.07829093603358861,-0.02868696938120774
pcb1,4,0,bad/035.JPG,2451,0.9694002447980417,0.20696819030593444,0.9481844145246838,0.24418179155554234,2,2.21435546875,0.08950760960578918,0.8551587301587301,-0.021215830273357827,0.0372136012496079
pcb1,4,0,bad/036.JPG,2981,1.0,0.24401397635738994,1.0,0.367103309324128,2,2.6426734924316406,0.07777854800224304,0.7996031746031746,0.0,0.12308933296673805
pcb1,4,0,bad/037.JPG,1661,0.6773028296207104,0.12193911262863175,0.6183022275737508,0.048878173808405395,0,1.459075927734375,0.07185521721839905,0.7818287037037037,-0.05900060204695967,-0.07306093882022635
pcb1,4,0,bad/038.JPG,2517,1.0,0.9812328220752139,1.0,0.993553417094837,2,2.2546730041503906,0.22009867429733276,0.9487179487179487,0.0,0.012320595019623126
pcb1,4,0,bad/039.JPG,3534,1.0,0.932671512073846,1.0,0.8753603768705159,1,3.1784706115722656,0.20726454257965088,0.9652014652014651,0.0,-0.05731113520333009
pcb1,4,0,bad/040.JPG,74447,0.8388115034857012,0.25601746095805,0.960844627721735,0.39188971682109336,70,66.64398193359375,0.1483573317527771,0.9360203598484849,0.12203312423603374,0.13587225586304336
pcb1,4,0,bad/041.JPG,155020,0.8311830731518514,0.4781132688057489,0.8710037414527158,0.540370244363683,136,138.7900848388672,0.20280078053474426,0.9466681208419675,0.03982066830086439,0.06225697555793408
pcb1,4,0,bad/042.JPG,15523,0.9195387489531662,0.5623059752839665,0.8666494878567287,0.577845719068163,14,14.082229614257812,0.14936572313308716,0.815359477124183,-0.052889261096437545,0.015539743784196425
pcb1,4,0,bad/043.JPG,191178,0.8422831078889831,0.6956293582520969,0.8083409178880415,0.5854911939409263,169,171.05484008789062,0.2725624740123749,0.9555031446540881,-0.03394219000094156,-0.11013816431117063
pcb1,4,0,bad/044.JPG,118645,0.8153145939567618,0.49464500011491747,0.8818997850731173,0.42288505334753823,106,106.16728210449219,0.18821215629577637,0.948905109489051,0.06658519111635552,-0.07175994676737923
pcb1,4,0,bad/045.JPG,118584,0.7091260203737435,0.21633592768925158,0.7334631990825069,0.21612701620532004,104,106.07575988769531,0.15553590655326843,0.9347333136153011,0.024337178708763396,-0.0002089114839315398
pcb1,4,0,bad/046.JPG,95116,0.9052840741831027,0.7213765903210204,0.8616741662811724,0.6379411125522118,84,85.0250015258789,0.2854403853416443,0.9539687703318153,-0.04360990790193031,-0.08343547776880866
pcb1,4,0,bad/047.JPG,2769,0.8432647165041531,0.35182870541962036,0.5362946912242686,0.10475229745908879,3,2.46484375,0.046635568141937256,0.8083333333333333,-0.3069700252798845,-0.24707640796053157
pcb1,4,0,bad/048.JPG,1631,0.7774371551195586,0.4739022555628862,0.6615573267933783,0.2420047719843224,0,1.4540557861328125,0.0762200653553009,0.7507122507122507,-0.11587982832618027,-0.23189748357856377
pcb1,4,0,bad/049.JPG,10459,0.04197342002103452,0.0210041678885926,0.041877808585906874,0.015914040717934952,9,9.516281127929688,-0.0014889836311340332,0.3805607476635514,-9.561143512764464e-05,-0.005090127170657648
pcb1,4,0,bad/050.JPG,95936,0.8957846897931955,0.6570788664196919,0.8301888759172782,0.4995995590603395,85,85.8470230102539,0.2750023901462555,0.9335410176531672,-0.06559581387591729,-0.15747930735935245
pcb1,4,0,bad/051.JPG,4335,0.5102652825836217,0.3372276330264837,0.34832756632064593,0.0853675624858575,0,3.62738037109375,0.005354166030883789,0.6134239592183518,-0.16193771626297576,-0.2518600705406262
pcb1,4,0,bad/052.JPG,2384,0.9630872483221476,0.5368829964757268,0.7571308724832215,0.35523244140372173,2,2.15771484375,0.10116299986839294,0.7416666666666666,-0.20595637583892612,-0.18165055507200506
pcb1,4,0,bad/053.JPG,28033,0.25823137017087006,0.06673336251609095,0.24253558306281883,0.06113417817530197,25,25.086929321289062,0.050791382789611816,0.6508406346199385,-0.015695787108051223,-0.0055991843407889805
pcb1,4,0,bad/054.JPG,59252,0.7808175251468304,0.2966908237080269,0.907378653885101,0.3999216741090526,52,52.9542236328125,0.14481434226036072,0.9373978758169935,0.12656112873827052,0.1032308504010257
pcb1,4,0,bad/055.JPG,58847,0.8122928951348412,0.42818070560632915,0.864988869441093,0.34319135782854593,52,52.66962814331055,0.13781476020812988,0.9039855072463768,0.052695974306251836,-0.08498934777778322
pcb1,4,0,bad/056.JPG,29268,0.17859095257619242,0.0941907124186267,0.13372967063003963,0.0589159946600413,27,26.194416046142578,0.02216431498527527,0.5074074074074074,-0.0448612819461528,-0.0352747177585854
pcb1,4,0,bad/057.JPG,3573,0.29303106633081444,0.06959086770481358,0.007556675062972292,0.0002256076110065924,0,3.209136962890625,0.028064429759979248,0.6707865168539325,-0.28547439126784213,-0.06936526009380699
pcb1,4,0,bad/058.JPG,1805,0.02326869806094183,0.0011901097773673957,0.0781163434903047,0.008119685683814914,0,1.6373291015625,0.10838872194290161,0.8305555555555556,0.05484764542936288,0.006929575906447518
pcb1,4,0,bad/059.JPG,79992,0.9054280428042805,0.5449643577610654,0.9570207020702071,0.5239588212376595,72,71.52001953125,0.23175212740898132,0.9604938271604938,0.0515926592659266,-0.021005536523405977
pcb1,4,0,bad/060.JPG,1395,0.8157706093189964,0.32779320700790565,0.6494623655913978,0.17397279419624345,2,1.214508056640625,0.1283210813999176,0.8291666666666666,-0.16630824372759856,-0.1538204128116622
pcb1,4,0,bad/061.JPG,1621,0.0,0.0,0.05922270203578038,0.0010302975042545029,1,1.4542236328125,0.09476742148399353,0.9333333333333333,0.05922270203578038,0.0010302975042545029
pcb1,4,0,bad/062.JPG,1867,0.6668452062131762,0.046720782141516974,0.5500803427959293,0.04069676097999716,1,1.6835861206054688,0.05454432964324951,0.736111111111111,-0.1167648634172469,-0.006024021161519816
pcb1,4,0,bad/063.JPG,2919,0.9174374785885577,0.38899362654154834,0.9160671462829736,0.6356969463998539,1,2.59222412109375,0.14392995834350586,0.905448717948718,-0.0013703323055841432,0.24670331985830551
pcb1,4,0,bad/064.JPG,3151,0.8590923516344018,0.20323562403288994,0.6680418914630276,0.24102291487849545,1,2.8110427856445312,0.07190793752670288,0.6859605911330049,-0.19105046017137417,0.0377872908456055
pcb1,4,0,bad/065.JPG,1150,1.0,0.9488766855437716,1.0,0.9350171827700671,0,1.040924072265625,0.12238016724586487,0.9358974358974359,0.0,-0.013859502773704513
pcb1,4,0,bad/066.JPG,3321,0.8416139716952725,0.16675923635823076,0.8931044866004215,0.35373874290370316,2,2.9901657104492188,0.06679278612136841,0.7207792207792207,0.051490514905149,0.1869795065454724
pcb1,4,0,bad/067.JPG,2151,0.31427243142724315,0.20884135158557307,0.8107856810785681,0.25420689982055183,1,1.9437141418457031,0.030381113290786743,0.6145833333333334,0.49651324965132493,0.045365548234978764
pcb1,4,0,bad/068.JPG,2154,1.0,0.9201433578674911,1.0,0.9344910616477754,2,1.9081001281738281,0.1898394227027893,0.9766990291262135,0.0,0.014347703780284271
pcb1,4,0,bad/069.JPG,5806,0.70892180502928,0.09922107178139794,0.6643127798828797,0.12387198989207662,3,5.158355712890625,0.02732396125793457,0.6512226512226513,-0.044609025146400305,0.024650918110678682
pcb1,4,0,bad/070.JPG,2975,0.958655462184874,0.4033916462032814,1.0,0.5097137440769308,2,2.6837196350097656,0.17218059301376343,0.9895833333333333,0.04134453781512604,0.10632209787364943
pcb1,4,0,bad/071.JPG,7847,0.8023448451637568,0.18584534145807366,0.8771505033770868,0.31572940572859826,5,7.025611877441406,0.15465843677520752,0.7525773195876289,0.07480565821332996,0.1298840642705246
pcb1,4,0,bad/072.JPG,1360,0.9169117647058823,0.4999357168356053,0.9992647058823529,0.6277969251989707,1,1.1991806030273438,0.14589214324951172,0.7918367346938775,0.08235294117647063,0.1278612083633654
pcb1,4,0,bad/073.JPG,3294,1.0,0.6558265129213033,1.0,0.5944976972552286,1,2.9285888671875,0.12388652563095093,0.8428571428571429,0.0,-0.06132881566607473
pcb1,4,0,bad/074.JPG,2715,0.9333333333333333,0.7475831073180705,0.7653775322283609,0.6961090307833796,2,2.4594650268554688,0.14900940656661987,0.9465811965811965,-0.16795580110497244,-0.05147407653469094
pcb1,4,0,bad/075.JPG,1867,0.915907873594001,0.24845936145935493,0.9496518478843063,0.23284076265047032,1,1.60693359375,0.1289268434047699,0.9555555555555556,0.03374397429030529,-0.01561859880888461
pcb1,4,0,bad/076.JPG,1604,0.816708229426434,0.1104367267324489,0.9594763092269327,0.2888654524509207,1,1.4438629150390625,0.07320207357406616,0.7575757575757576,0.14276807980049877,0.1784287257184718
pcb1,4,0,bad/077.JPG,7762,0.6342437516104097,0.24494807409369745,0.40028343210512757,0.17439008434082354,8,6.887821197509766,0.06850174069404602,0.8322649572649573,-0.23396031950528212,-0.07055798975287392
pcb1,4,0,bad/078.JPG,1628,1.0,0.9526780100939266,1.0,0.8842350723797191,1,1.4745101928710938,0.3077619671821594,0.8802083333333334,0.0,-0.06844293771420751
pcb1,4,0,bad/079.JPG,1960,0.8,0.14054785889664248,0.8326530612244898,0.0988870079446163,2,1.7651519775390625,0.19702234864234924,0.9675925925925926,0.03265306122448974,-0.04166085095202618
pcb1,4,0,bad/080.JPG,2707,1.0,0.9133199838879402,1.0,0.9113535841132633,1,2.4284515380859375,0.15971025824546814,0.9572649572649573,0.0,-0.0019663997746769413
pcb1,4,0,bad/081.JPG,6373,1.0,0.5873729080902204,1.0,0.6042395348411312,7,5.6884918212890625,0.20072227716445923,0.861904761904762,0.0,0.016866626750910885
pcb1,4,0,bad/082.JPG,3019,0.9585955614441868,0.8027603099256005,0.9834382245776747,0.8619534105944751,2,2.689044952392578,0.04261702299118042,0.7182971014492754,0.02484266313348793,0.05919310066887451
pcb1,4,0,bad/083.JPG,1573,1.0,0.8684546642673449,1.0,0.9676616981807168,1,1.4132232666015625,0.023633897304534912,0.7876984126984127,0.0,0.09920703391337193
pcb1,4,0,bad/084.JPG,3412,0.8399765533411488,0.7547230165895524,0.992672919109027,0.8952743860661941,1,3.0408172607421875,0.08573126792907715,0.8268820481560499,0.15269636576787815,0.1405513694766417
pcb1,4,0,bad/085.JPG,2282,0.4855390008764242,0.17197699863579247,0.8799298860648553,0.25086417916007697,0,2.05096435546875,0.04480084776878357,0.6732954545454545,0.39439088518843113,0.0788871805242845
pcb1,4,0,bad/086.JPG,4149,0.9780670040973729,0.8996444484715838,1.0,0.9269966719872158,3,3.668426513671875,0.22322946786880493,0.8157894736842105,0.021932995902627095,0.027352223515632046
pcb1,4,0,bad/087.JPG,2328,0.7740549828178694,0.15622433492218304,0.8092783505154639,0.2188346793853884,0,2.03057861328125,0.1663898527622223,0.7443181818181819,0.03522336769759449,0.06261034446320535
pcb1,4,0,bad/088.JPG,3449,0.8356045230501594,0.6691405657154403,0.7892142650043491,0.6705551088567676,0,3.137828826904297,0.3053961396217346,0.8218954248366014,-0.04639025804581032,0.0014145431413272735
pcb1,4,0,bad/089.JPG,5566,0.7840459935321595,0.5579032048016294,0.839202299676608,0.4079761340661743,2,4.8421630859375,0.12670192122459412,0.8436308161708619,0.05515630614444844,-0.14992707073545508
pcb1,4,0,bad/090.JPG,3860,0.8621761658031089,0.5870746057013466,0.9800518134715026,0.7576089507027229,3,3.4337234497070312,0.14177206158638,0.7948717948717949,0.11787564766839376,0.17053434500137632
pcb1,4,0,bad/091.JPG,5476,0.7081811541271,0.43282914213453066,0.9578159240321402,0.4678399991878873,2,4.908073425292969,0.07191506028175354,0.7228260869565216,0.2496347699050402,0.03501085705335666
pcb1,4,0,bad/092.JPG,7044,0.7277115275411697,0.3309928713304075,0.67206132879046,0.2924873989625836,3,6.295619964599609,0.012917160987854004,0.6233004532124767,-0.055650198750709756,-0.03850547236782392
pcb1,4,0,bad/093.JPG,2885,0.5521663778162912,0.20119582504678865,0.6734835355285962,0.23415093118253894,0,2.551239013671875,0.07373771071434021,0.7677746999076639,0.121317157712305,0.032955106135750284
pcb1,4,0,bad/094.JPG,3657,0.6702214930270713,0.13085200433970512,0.8222586819797648,0.3424882443095161,2,3.290782928466797,0.11030313372612,0.7782331511839707,0.15203718895269347,0.21163623996981096
pcb1,4,0,bad/095.JPG,2106,0.6239316239316239,0.28727747665018266,0.8827160493827161,0.5330367019055708,1,1.8676185607910156,0.04548731446266174,0.6144444444444445,0.25878442545109215,0.24575922525538818
pcb1,4,0,bad/096.JPG,2655,0.7887005649717514,0.29935996803372655,0.8979284369114877,0.6432426216617187,2,2.387725830078125,0.08471071720123291,0.8174603174603174,0.10922787193973627,0.3438826536279922
pcb1,4,0,bad/097.JPG,3045,0.44433497536945815,0.17963302199922274,0.4633825944170772,0.22055911901660424,0,2.5865821838378906,0.05778592824935913,0.7309577677224737,0.019047619047619035,0.04092609701738151
pcb1,4,0,bad/098.JPG,2807,0.8179551122194514,0.10981734999972441,0.7566797292483078,0.13460919028254198,0,2.423553466796875,0.1360008716583252,0.9583333333333334,-0.061275382971143544,0.02479184028281757
pcb1,4,0,bad/099.JPG,3418,0.8130485664131071,0.287934753492133,0.9338794616734932,0.5140549750376163,2,3.0359954833984375,0.009982168674468994,0.6762820512820513,0.12083089526038615,0.22612022154548334
pcb1,4,1,bad/000.JPG,1524,0.9724409448818898,0.830553123725824,0.9776902887139107,0.8597117799899321,0,1.367340087890625,0.0764763355255127,0.8148148148148148,0.005249343832020914,0.029158656264108074
pcb1,4,1,bad/001.JPG,1687,0.8275044457617071,0.6797230631726955,0.8855957320687611,0.7697019637750825,0,1.530792236328125,0.0564190149307251,0.9267399267399267,0.05809128630705396,0.089978900602387
pcb1,4,1,bad/002.JPG,1702,1.0,0.9541402790617928,1.0,0.984502975619827,0,1.505126953125,0.08614709973335266,0.9743589743589745,0.0,0.030362696558034252
pcb1,4,1,bad/003.JPG,1618,0.9734239802224969,0.906682214916964,1.0,0.9775553668619169,0,1.4490165710449219,0.09147879481315613,0.9084249084249084,0.026576019777503124,0.07087315194495292
pcb1,4,1,bad/004.JPG,2201,0.9995456610631531,0.8314222635985016,1.0,0.9315683559018945,0,1.9232711791992188,0.014981836080551147,0.7012820512820513,0.00045433893684687643,0.10014609230339289
pcb1,4,1,bad/005.JPG,2792,1.0,0.9492793184550127,1.0,0.9524475781672089,1,2.510345458984375,0.1065409779548645,0.9388888888888889,0.0,0.003168259712196253
pcb1,4,1,bad/006.JPG,2846,0.7326071679550246,0.5503730295711047,0.9181307097680955,0.6825935336244177,0,2.5201797485351562,0.01171809434890747,0.6816037735849056,0.18552354181307096,0.13222050405331298
pcb1,4,1,bad/007.JPG,2765,0.9547920433996383,0.7462213446749094,0.9938517179023508,0.8610916565056864,0,2.4541664123535156,0.07626396417617798,0.904940587867417,0.03905967450271253,0.114870311830777
pcb1,4,1,bad/008.JPG,3739,1.0,0.9225170430078602,1.0,0.9315406390125935,3,3.3413429260253906,0.12339860200881958,0.9273034657650041,0.0,0.009023596004733347
pcb1,4,1,bad/009.JPG,4769,1.0,0.9309124236055782,1.0,0.969519154909347,2,4.265399932861328,0.08199670910835266,0.888671875,0.0,0.03860673130376879
pcb1,4,1,bad/010.JPG,5153,1.0,0.9157396305284495,1.0,0.9341263968249122,1,4.6022186279296875,0.12870141863822937,0.9845360824742269,0.0,0.01838676629646263
pcb1,4,1,bad/011.JPG,3890,0.9992287917737789,0.8700696981183123,0.9874035989717224,0.862260345834923,2,3.5051727294921875,0.06920415163040161,0.878968253968254,-0.011825192802056517,-0.007809352283389304
pcb1,4,1,bad/012.JPG,3712,0.9989224137931034,0.6811483213335671,1.0,0.7754543275271081,0,3.3367576599121094,0.10279190540313721,0.967620075553157,0.0010775862068965747,0.09430600619354101
pcb1,4,1,bad/013.JPG,5660,0.9595406360424028,0.6487975124422641,0.9475265017667844,0.7496798046433596,0,5.127601623535156,0.042573779821395874,0.86875,-0.012014134275618371,0.10088229220109546
pcb1,4,1,bad/014.JPG,4636,1.0,0.853566339886044,1.0,0.8882391501876709,0,4.142742156982422,0.08493131399154663,0.9471744471744472,0.0,0.03467281030162683
pcb1,4,1,bad/015.JPG,2392,1.0,0.9516447507329695,1.0,0.9602110263902491,2,2.1074371337890625,0.05681657791137695,0.8412698412698412,0.0,0.008566275657279632
pcb1,4,1,bad/016.JPG,3542,1.0,0.9834780140237772,1.0,0.991401928689216,2,3.173583984375,0.20952796936035156,0.9968750000000001,0.0,0.007923914665438736
pcb1,4,1,bad/017.JPG,2948,1.0,0.9378170046726664,1.0,0.9406175683318498,3,2.642669677734375,0.14227721095085144,0.8733974358974359,0.0,0.0028005636591834637
pcb1,4,1,bad/018.JPG,2331,0.9957099957099957,0.8368350668894455,0.9927069927069927,0.8825775122152582,3,2.086761474609375,0.09112235903739929,0.8205128205128205,-0.0030030030030030463,0.04574244532581262
pcb1,4,1,bad/019.JPG,4050,0.9728395061728395,0.7007461658129327,0.9474074074074074,0.6194374938319174,1,3.617290496826172,0.0499386191368103,0.8928792569659442,-0.025432098765432176,-0.08130867198101532
pcb1,4,1,bad/020.JPG,6268,0.8581684747925973,0.5839348474570536,0.9529355456285896,0.687886359435714,4,5.571475982666016,0.05792197585105896,0.8640955004591367,0.09476707083599234,0.10395151197866037
pcb1,4,1,bad/021.JPG,2627,1.0,0.9324418322770106,1.0,0.9685805041225395,2,2.346527099609375,0.22143477201461792,0.9897959183673469,0.0,0.03613867184552888
pcb1,4,1,bad/022.JPG,3140,0.9792993630573248,0.8989019101732133,1.0,0.9602394961413215,3,2.7605361938476562,0.06879124045372009,0.7108262108262108,0.02070063694267521,0.06133758596810823
pcb1,4,1,bad/023.JPG,1692,1.0,0.9636981185516602,1.0,0.9325126837263787,0,1.489776611328125,0.11997151374816895,0.9914529914529915,0.0,-0.031185434825281466
pcb1,4,1,bad/024.JPG,2485,1.0,0.8805587277418264,1.0,0.9791398634643289,3,2.2652435302734375,0.060802847146987915,0.8505291005291005,0.0,0.09858113572250249
pcb1,4,1,bad/025.JPG,2146,1.0,0.940534978256577,0.9958061509785647,0.8835815470801809,2,1.897705078125,0.03615528345108032,0.9467592592592593,-0.00419384902143527,-0.05695343117639606
pcb1,4,1,bad/026.JPG,2271,0.7142228093350946,0.2881132165232646,0.8132981065609863,0.5168435033865193,2,2.05621337890625,0.056815534830093384,0.8287037037037037,0.0990752972258917,0.2287302868632547
pcb1,4,1,bad/027.JPG,3761,0.785163520340335,0.2700654785438755,0.8667907471417177,0.5595385816549018,1,3.3166885375976562,0.02114054560661316,0.7312925170068028,0.08162722680138268,0.28947310311102625
pcb1,4,1,bad/028.JPG,2106,1.0,0.9894386995094847,1.0,0.9789637618858144,1,1.898040771484375,0.2893091142177582,0.9315476190476191,0.0,-0.010474937623670355
pcb1,4,1,bad/029.JPG,2654,0.9886963074604371,0.7283342476512662,0.9431047475508666,0.7090454483566574,2,2.4030494689941406,0.030679941177368164,0.8205128205128205,-0.045591559909570534,-0.019288799294608805
pcb1,4,1,bad/030.JPG,2749,1.0,0.9530289731358427,1.0,0.9272617849335563,3,2.41326904296875,0.2095770239830017,0.9919871794871795,0.0,-0.025767188202286406
pcb1,4,1,bad/031.JPG,3409,0.893223819301848,0.5219888799218584,0.96186564975066,0.7225119209690741,1,3.0508346557617188,0.04706144332885742,0.8247803975959316,0.068641830448812,0.20052304104721574
pcb1,4,1,bad/032.JPG,2908,0.9993122420907841,0.957077529342917,0.9917469050894085,0.9586689751892438,1,2.612060546875,0.235139399766922,1.0,-0.007565337001375516,0.0015914458463267556
pcb1,4,1,bad/033.JPG,2393,0.946510656080234,0.8685861650686694,1.0,0.9647654741854039,2,2.1378517150878906,0.05474904179573059,0.7828282828282829,0.05348934391976601,0.09617930911673456
pcb1,4,1,bad/034.JPG,4049,1.0,0.903230044534995,1.0,0.9652877108502158,3,3.5712890625,0.09433165192604065,0.9500000000000001,0.0,0.062057666315220805
pcb1,4,1,bad/035.JPG,2451,0.8678090575275398,0.7760187418811773,0.9334965320277437,0.8294956082938068,2,2.21435546875,0.04505935311317444,0.9523809523809523,0.06568747450020396,0.0534768664126295
pcb1,4,1,bad/036.JPG,2981,0.9734988258973499,0.8726749330112843,0.9882589734988259,0.9169671120237923,2,2.6426734924316406,0.07041823863983154,0.9444444444444444,0.014760147601475926,0.04429217901250804
pcb1,4,1,bad/037.JPG,1661,0.8729680915111379,0.30255670322736394,0.9554485249849488,0.5260151300732037,0,1.459075927734375,0.08156442642211914,0.8802083333333333,0.08248043347381095,0.22345842684583972
pcb1,4,1,bad/038.JPG,2517,1.0,0.9836065922119199,1.0,0.9932569235102401,2,2.2546730041503906,0.23281541466712952,0.9551282051282052,0.0,0.009650331298320158
pcb1,4,1,bad/039.JPG,3534,1.0,0.8005017971677111,0.9920769666100736,0.7067042604762993,1,3.1784706115722656,0.18623751401901245,0.9661172161172161,-0.007923033389926393,-0.09379753669141178
pcb1,4,1,bad/040.JPG,74447,0.9874944591454323,0.8950163737466116,0.9995970287587143,0.922402778394586,70,66.64398193359375,0.1685560941696167,0.9605232007575759,0.012102569613281933,0.02738640464797437
pcb1,4,1,bad/041.JPG,155020,0.9962004902593213,0.9443197486354019,1.0,0.9721449608321198,136,138.7900848388672,0.21628785133361816,0.9535936307121824,0.0037995097406786638,0.027825212196717852
pcb1,4,1,bad/042.JPG,15523,0.9951684597049539,0.9417953079844824,1.0,0.9583577681106183,14,14.082229614257812,0.17118364572525024,0.8913398692810457,0.004831540295046066,0.016562460126135936
pcb1,4,1,bad/043.JPG,191178,0.989826235236272,0.953328684917786,0.9951615771689211,0.9653455824848518,169,171.05484008789062,0.28662142157554626,0.9582046883933676,0.0053353419326490625,0.01201689756706581
pcb1,4,1,bad/044.JPG,118645,0.9916894938682624,0.9459911007445033,0.9995448607189515,0.9675092046529626,106,106.16728210449219,0.20698755979537964,0.9703808530711554,0.007855366850689105,0.02151810390845932
pcb1,4,1,bad/045.JPG,118584,0.9900323821088849,0.9417696478395412,0.9988109694393847,0.9735358997167967,104,106.07575988769531,0.18603304028511047,0.9503105590062112,0.008778587330499854,0.03176625187725546
pcb1,4,1,bad/046.JPG,95116,0.9993586778249716,0.9837851238685176,0.9992114891290634,0.9851282045465853,84,85.0250015258789,0.31687694787979126,0.9591194968553458,-0.00014718869590812922,0.001343080678067765
pcb1,4,1,bad/047.JPG,2769,0.8169014084507042,0.4705553193900697,0.04586493318887685,0.010247698041125271,3,2.46484375,0.00989067554473877,0.7805555555555554,-0.7710364752618274,-0.46030762134894443
pcb1,4,1,bad/048.JPG,1631,0.029429797670141016,0.002345693332817797,0.0,0.0,0,1.4540557861328125,0.0077072978019714355,0.6296296296296295,-0.029429797670141016,-0.002345693332817797
pcb1,4,1,bad/049.JPG,10459,0.24734678267520796,0.14356919702616106,0.13337795200305957,0.07871713259173187,9,9.516281127929688,0.005547940731048584,0.5547663551401869,-0.11396883067214839,-0.06485206443442919
pcb1,4,1,bad/050.JPG,95936,0.9992911941294196,0.9756688545341682,0.9998957638425617,0.9788055822150018,85,85.8470230102539,0.30115801095962524,0.9449117341640705,0.0006045697131421557,0.0031367276808336175
pcb1,4,1,bad/051.JPG,4335,0.338638985005767,0.03460921595277009,0.2419838523644752,0.036527810632558146,0,3.62738037109375,0.01263892650604248,0.632965165675446,-0.0966551326412918,0.0019185946797880549
pcb1,4,1,bad/052.JPG,2384,0.05830536912751678,0.018750083976594042,0.04278523489932886,0.01613272171002721,2,2.15771484375,0.00018408894538879395,0.5555555555555556,-0.015520134228187918,-0.0026173622665668327
pcb1,4,1,bad/053.JPG,28033,0.9130667427674527,0.35123968620645113,0.7769414618485356,0.35460623487959153,25,25.086929321289062,0.08770552277565002,0.8614728865735259,-0.13612528091891707,0.0033665486731404015
pcb1,4,1,bad/054.JPG,59252,0.9827685141429825,0.9388095634233387,0.9983122932559239,0.972282332213662,52,52.9542236328125,0.17640548944473267,0.9736519607843137,0.015543779112941358,0.03347276879032335
pcb1,4,1,bad/055.JPG,58847,1.0,0.9871833186496917,1.0,0.9951422389788611,52,52.66962814331055,0.1766473352909088,0.9541062801932367,0.0,0.00795892032916945
pcb1,4,1,bad/056.JPG,29268,0.6548790487904879,0.43601506071152846,0.6046535465354653,0.3760959222060545,27,26.194416046142578,0.04562723636627197,0.7404761904761905,-0.050225502255022536,-0.05991913850547398
pcb1,4,1,bad/057.JPG,3573,0.26336411978729357,0.11445300769140739,0.4399664147774979,0.2002361140591941,0,3.209136962890625,0.008083611726760864,0.5595505617977528,0.17660229499020436,0.0857831063677867
pcb1,4,1,bad/058.JPG,1805,0.0,0.0,0.0,0.0,0,1.6373291015625,-0.0023553967475891113,0.5194444444444444,0.0,0.0
pcb1,4,1,bad/059.JPG,79992,0.9946994699469947,0.9391980159247426,0.9995374537453745,0.9626629561949784,72,71.52001953125,0.25143706798553467,0.9694101508916324,0.004837983798379852,0.023464940270235823
pcb1,4,1,bad/060.JPG,1395,1.0,0.9688130993210267,0.9727598566308244,0.9216126957142164,2,1.214508056640625,0.114458829164505,0.7791666666666666,-0.027240143369175573,-0.047200403606810215
pcb1,4,1,bad/061.JPG,1621,1.0,0.6120945009357481,1.0,0.7446508819433564,1,1.4542236328125,0.10345304012298584,0.9625,0.0,0.13255638100760825
pcb1,4,1,bad/062.JPG,1867,1.0,0.928366873838424,1.0,0.9473884986652233,1,1.6835861206054688,0.11748582124710083,0.9097222222222223,0.0,0.019021624826799366
pcb1,4,1,bad/063.JPG,2919,0.9804727646454265,0.7767151315775558,0.998972250770812,0.8971463550986145,1,2.59222412109375,0.12532949447631836,0.9342948717948718,0.018499486125385434,0.12043122352105873
pcb1,4,1,bad/064.JPG,3151,0.9063789273246589,0.7679245657573797,0.9460488733735322,0.7951173348128651,1,2.8110427856445312,0.028197169303894043,0.7967980295566502,0.039669946048873306,0.0271927690554854
pcb1,4,1,bad/065.JPG,1150,0.9947826086956522,0.7302748848219933,0.9973913043478261,0.8055785574384058,0,1.040924072265625,0.09940040111541748,0.8493589743589745,0.00260869565217392,0.07530367261641246
pcb1,4,1,bad/066.JPG,3321,0.8605841613971695,0.5250004382833202,0.9975910870219813,0.7796701667077096,2,2.9901657104492188,0.036924540996551514,0.7564935064935066,0.13700692562481176,0.2546697284243894
pcb1,4,1,bad/067.JPG,2151,1.0,0.8599438008170248,0.8744769874476988,0.5328598698318147,1,1.9437141418457031,0.033580005168914795,0.784375,-0.12552301255230125,-0.32708393098521016
pcb1,4,1,bad/068.JPG,2154,0.9401114206128134,0.8290546895456893,0.9948932219127206,0.891808631577484,2,1.9081001281738281,0.16940274834632874,0.9543689320388349,0.054781801299907174,0.06275394203179474
pcb1,4,1,bad/069.JPG,5806,0.7666207371684465,0.32038483069158286,0.8930416810196349,0.49955252081607704,3,5.158355712890625,0.03284218907356262,0.6718146718146719,0.1264209438511884,0.17916769012449418
pcb1,4,1,bad/070.JPG,2975,1.0,0.9774804278290117,1.0,0.995383624891368,2,2.6837196350097656,0.22014611959457397,0.9913194444444444,0.0,0.017903197062356324
pcb1,4,1,bad/071.JPG,7847,0.9709443099273608,0.6331033201608096,0.9941378870906079,0.8416933474789993,5,7.025611877441406,0.1757335662841797,0.8674521354933726,0.023193577163247103,0.20859002731818965
pcb1,4,1,bad/072.JPG,1360,0.8352941176470589,0.47657758969334635,0.9713235294117647,0.5941339348493201,1,1.1991806030273438,0.11699363589286804,0.7989795918367346,0.13602941176470584,0.11755634515597374
pcb1,4,1,bad/073.JPG,3294,0.9978749241044323,0.7542109740761219,1.0,0.9653308273051636,1,2.9285888671875,0.08343914151191711,0.9280952380952381,0.002125075895567652,0.2111198532290417
pcb1,4,1,bad/074.JPG,2715,0.9767955801104973,0.6781795785991362,1.0,0.8969731065070027,2,2.4594650268554688,0.18131554126739502,0.9326923076923077,0.023204419889502725,0.21879352790786644
pcb1,4,1,bad/075.JPG,1867,0.9153722549544724,0.6522323374626865,0.9967862881628281,0.8737773465566767,1,1.60693359375,0.150286465883255,0.9814814814814815,0.08141403320835572,0.22154500909399022
pcb1,4,1,bad/076.JPG,1604,0.9968827930174564,0.7602844217136191,0.9345386533665836,0.8623345765816792,1,1.4438629150390625,0.04303532838821411,0.793939393939394,-0.06234413965087282,0.10205015486806013
pcb1,4,1,bad/077.JPG,7762,0.9193506828137078,0.8451405799642081,0.9269518165421283,0.8394605474033912,8,6.887821197509766,0.061345070600509644,0.8199786324786325,0.007601133728420528,-0.00568003256081695
pcb1,4,1,bad/078.JPG,1628,1.0,0.9867007243027526,1.0,0.9804568075574646,1,1.4745101928710938,0.320325642824173,0.9149305555555557,0.0,-0.006243916745288014
pcb1,4,1,bad/079.JPG,1960,1.0,0.9509655939645711,1.0,0.9781764242320814,2,1.7651519775390625,0.27201756834983826,0.9398148148148148,0.0,0.027210830267510255
pcb1,4,1,bad/080.JPG,2707,0.972663465090506,0.7255342907189497,1.0,0.8911596871525936,1,2.4284515380859375,0.09819486737251282,0.9384615384615386,0.027336534909493948,0.16562539643364393
pcb1,4,1,bad/081.JPG,6373,1.0,0.9525406234575864,0.989486897850306,0.9464482283860739,7,5.6884918212890625,0.16523084044456482,0.8452380952380952,-0.010513102149694031,-0.006092395071512491
pcb1,4,1,bad/082.JPG,3019,0.9205034779728387,0.7849051853956677,0.9874130506790328,0.8741150390535283,2,2.689044952392578,0.052731454372406006,0.7454710144927537,0.06690957270619413,0.0892098536578606
pcb1,4,1,bad/083.JPG,1573,1.0,0.8299449357632271,1.0,0.9640047524931339,1,1.4132232666015625,0.02477318048477173,0.8492063492063492,0.0,0.13405981672990674
pcb1,4,1,bad/084.JPG,3412,0.8815943728018757,0.7604388552380683,0.9947245017584995,0.8991770154229051,1,3.0408172607421875,0.14966589212417603,0.8402925937214264,0.11313012895662378,0.13873816018483676
pcb1,4,1,bad/085.JPG,2282,0.9062226117440841,0.5416725086934094,1.0,0.6120601211150332,0,2.05096435546875,0.06449052691459656,0.7897727272727273,0.09377738825591586,0.07038761242162372
pcb1,4,1,bad/086.JPG,4149,0.9812002892263196,0.8995320967655559,0.9978308026030369,0.9186741579497677,3,3.668426513671875,0.22546949982643127,0.8395989974937342,0.016630513376717282,0.0191420611842118
pcb1,4,1,bad/087.JPG,2328,0.9866838487972509,0.8625814378199799,0.9432989690721649,0.7138160467719012,0,2.03057861328125,0.2290521264076233,0.8352272727272727,-0.04338487972508598,-0.14876539104807862
pcb1,4,1,bad/088.JPG,3449,0.9886923746013337,0.8998375355449009,0.9820237750072485,0.896280424934574,0,3.137828826904297,0.3350096344947815,0.9379084967320261,-0.006668599594085278,-0.003557110610326819
pcb1,4,1,bad/089.JPG,5566,0.9056773266259432,0.8118576171587857,0.9468199784405318,0.8048030545888747,2,4.8421630859375,0.14740979671478271,0.8318077803203661,0.04114265181458854,-0.007054562569910994
pcb1,4,1,bad/090.JPG,3860,1.0,0.9530742700689391,1.0,0.9834848652067013,3,3.4337234497070312,0.14626780152320862,0.8752136752136752,0.0,0.03041059513776223
pcb1,4,1,bad/091.JPG,5476,0.9691380569758948,0.7738064614004103,1.0,0.8742180147742914,2,4.908073425292969,0.02288016676902771,0.6855072463768116,0.030861943024105165,0.10041155337388108
pcb1,4,1,bad/092.JPG,7044,0.9099943214082907,0.6335861820687505,0.9571266325951164,0.7227311322411267,3,6.295619964599609,0.0456506609916687,0.8544388163156492,0.047132311186825704,0.08914495017237622
pcb1,4,1,bad/093.JPG,2885,0.92894280762565,0.5737888227507034,0.9948006932409013,0.67167719293332,0,2.551239013671875,0.08236581087112427,0.8204062788550324,0.0658578856152513,0.09788837018261654
pcb1,4,1,bad/094.JPG,3657,1.0,0.7927984035977583,0.9972655181843041,0.8644531275676278,2,3.290782928466797,0.15179309248924255,0.8984517304189434,-0.0027344818156959105,0.0716547239698695
pcb1,4,1,bad/095.JPG,2106,0.8466286799620133,0.7634005248286196,1.0,0.9665268782552733,1,1.8676185607910156,0.0438610315322876,0.7522222222222223,0.1533713200379867,0.20312635342665364
pcb1,4,1,bad/096.JPG,2655,1.0,0.9855820556478843,1.0,0.9872379309969442,2,2.387725830078125,0.05685758590698242,0.8273809523809523,0.0,0.0016558753490599765
pcb1,4,1,bad/097.JPG,3045,0.858128078817734,0.5826296185478339,0.9192118226600985,0.7121567322555983,0,2.5865821838378906,0.03605818748474121,0.7237933634992458,0.06108374384236448,0.12952711370776437
pcb1,4,1,bad/098.JPG,2807,1.0,0.9002071824114519,1.0,0.9071973599652241,0,2.423553466796875,0.160142719745636,0.9930555555555556,0.0,0.006990177553772181
pcb1,4,1,bad/099.JPG,3418,0.9792276184903452,0.7519190546462845,0.9991222937390287,0.9681024304611396,2,3.0359954833984375,0.031575918197631836,0.733974358974359,0.01989467524868349,0.21618337581485514
pcb1,4,2,bad/000.JPG,1524,0.8267716535433071,0.5726429806411363,0.9829396325459318,0.6961970435593665,0,1.367340087890625,0.13708096742630005,0.8125000000000001,0.1561679790026247,0.12355406291823023
pcb1,4,2,bad/001.JPG,1687,1.0,0.90140850225873,1.0,0.9286558414443561,0,1.530792236328125,0.12122723460197449,0.9395604395604396,0.0,0.02724733918562605
pcb1,4,2,bad/002.JPG,1702,0.9776733254994124,0.8979361300230937,0.9923619271445359,0.9386873832589232,0,1.505126953125,0.14984989166259766,0.938034188034188,0.014688601645123422,0.04075125323582951
pcb1,4,2,bad/003.JPG,1618,0.915327564894932,0.791361079128451,1.0,0.9189691829319097,0,1.4490165710449219,0.13299047946929932,0.8626373626373626,0.08467243510506794,0.12760810380345866
pcb1,4,2,bad/004.JPG,2201,0.9990913221263062,0.8629273988246935,1.0,0.9072193150338193,0,1.9232711791992188,0.06771454215049744,0.8025641025641026,0.0009086778736937529,0.04429191620912576
pcb1,4,2,bad/005.JPG,2792,1.0,0.9292268655141916,0.998567335243553,0.9465024546819809,1,2.510345458984375,0.14568975567817688,0.89,-0.0014326647564469885,0.017275589167789263
pcb1,4,2,bad/006.JPG,2846,0.89353478566409,0.6597012458502344,0.9448348559381589,0.756467226127227,0,2.5201797485351562,0.07454082369804382,0.7602201257861635,0.05130007027406891,0.09676598027699268
pcb1,4,2,bad/007.JPG,2765,0.9414104882459313,0.8125882993287528,0.9963833634719711,0.8998136718734678,0,2.4541664123535156,0.1375124454498291,0.8961851156973109,0.054972875226039775,0.08722537254471507
pcb1,4,2,bad/008.JPG,3739,0.9700454667023268,0.8833481566399026,1.0,0.9405244423533106,3,3.3413429260253906,0.19097363948822021,0.9298393913778529,0.02995453329767317,0.05717628571340794
pcb1,4,2,bad/009.JPG,4769,1.0,0.9427286792765505,1.0,0.9461014970792834,2,4.265399932861328,0.13344788551330566,0.8776041666666667,0.0,0.003372817802732908
pcb1,4,2,bad/010.JPG,5153,1.0,0.8986807304740676,1.0,0.9076550257131252,1,4.6022186279296875,0.17481037974357605,0.9510309278350515,0.0,0.008974295239057573
pcb1,4,2,bad/011.JPG,3890,1.0,0.9374535596400135,1.0,0.9524052606868072,2,3.5051727294921875,0.11927235126495361,0.8363095238095238,0.0,0.014951701046793664
pcb1,4,2,bad/012.JPG,3712,1.0,0.8457302071419504,0.998114224137931,0.9058224274885247,0,3.3367576599121094,0.1423358917236328,0.9303831624392876,-0.0018857758620689502,0.060092220346574354
pcb1,4,2,bad/013.JPG,5660,0.9897526501766785,0.7578907638472228,0.9542402826855124,0.7854675326219863,0,5.127601623535156,0.10389328002929688,0.8910714285714286,-0.03551236749116604,0.02757676877476356
pcb1,4,2,bad/014.JPG,4636,0.9995685936151855,0.8255908519817802,0.9930974978429681,0.8745171482941078,0,4.142742156982422,0.16402170062065125,0.9195331695331694,-0.006471095772217383,0.04892629631232759
pcb1,4,2,bad/015.JPG,2392,0.9347826086956522,0.3044646521808467,0.9836956521739131,0.2858354986651762,2,2.1074371337890625,0.09567397832870483,0.8095238095238095,0.048913043478260865,-0.01862915351567046
pcb1,4,2,bad/016.JPG,3542,1.0,0.9777284218029311,1.0,0.992164888685322,2,3.173583984375,0.21804171800613403,0.9890625,0.0,0.014436466882390975
pcb1,4,2,bad/017.JPG,2948,0.9481004070556309,0.40755997279946615,0.9942333785617368,0.2459061817558375,3,2.642669677734375,0.1474524438381195,0.798076923076923,0.046132971506105847,-0.16165379104362865
pcb1,4,2,bad/018.JPG,2331,0.9502359502359502,0.43167943143053394,0.9553839553839554,0.36941071495355515,3,2.086761474609375,0.12484019994735718,0.8888888888888888,0.005148005148005175,-0.06226871647697879
pcb1,4,2,bad/019.JPG,4050,0.40074074074074073,0.04719660453317188,0.5291358024691358,0.05178088978629728,1,3.617290496826172,0.07035419344902039,0.7727554179566563,0.1283950617283951,0.004584285253125403
pcb1,4,2,bad/020.JPG,6268,0.9380982769623485,0.44764891172792004,0.9613911933631142,0.5155390578049277,4,5.571475982666016,0.10782298445701599,0.8668503213957759,0.023292916400765695,0.06789014607700766
pcb1,4,2,bad/021.JPG,2627,1.0,0.9702110779237918,1.0,0.9798690248859785,2,2.346527099609375,0.16353508830070496,0.967687074829932,0.0,0.009657946962186692
pcb1,4,2,bad/022.JPG,3140,1.0,0.7313687602919511,0.9996815286624203,0.5572867877855987,3,2.7605361938476562,0.09256502985954285,0.8133903133903133,-0.0003184713375796733,-0.17408197250635238
pcb1,4,2,bad/023.JPG,1692,1.0,0.9517531132747172,1.0,0.9193465806909086,0,1.489776611328125,0.1561717391014099,0.9643874643874645,0.0,-0.032406532583808656
pcb1,4,2,bad/024.JPG,2485,0.9702213279678068,0.4442417303658827,0.9843058350100604,0.6167374468887249,3,2.2652435302734375,0.11481174826622009,0.7738095238095238,0.014084507042253613,0.17249571652284218
pcb1,4,2,bad/025.JPG,2146,0.9487418452935694,0.3051260181591352,0.8853681267474371,0.3755965131427267,2,1.897705078125,0.047763824462890625,0.7939814814814815,-0.06337371854613227,0.07047049498359148
pcb1,4,2,bad/026.JPG,2271,0.876706296785557,0.4666382529985234,0.8304711580801409,0.30059137449579415,2,2.05621337890625,0.056352466344833374,0.7129629629629629,-0.04623513870541607,-0.16604687850272926
pcb1,4,2,bad/027.JPG,3761,0.6984844456261633,0.04757551422980828,0.6508907205530444,0.11053258482921333,1,3.3166885375976562,0.038676679134368896,0.6305272108843537,-0.047593725073118875,0.06295707059940504
pcb1,4,2,bad/028.JPG,2106,1.0,0.9899294157107094,1.0,0.9781728158455818,1,1.898040771484375,0.2885247468948364,0.944940476190476,0.0,-0.01175659986512756
pcb1,4,2,bad/029.JPG,2654,0.7954031650339111,0.324820278406835,0.8504144687264507,0.14380219254084947,2,2.4030494689941406,0.06831616163253784,0.764423076923077,0.05501130369253959,-0.1810180858659855
pcb1,4,2,bad/030.JPG,2749,1.0,0.9461766637463073,1.0,0.9730289745634854,3,2.41326904296875,0.1704138219356537,0.9791666666666666,0.0,0.026852310817178093
pcb1,4,2,bad/031.JPG,3409,1.0,0.8561272673025696,1.0,0.9334551638588029,1,3.0508346557617188,0.13407951593399048,0.9079981507165973,0.0,0.07732789655623329
pcb1,4,2,bad/032.JPG,2908,1.0,0.964897132255963,1.0,0.9778607181284962,1,2.612060546875,0.20952117443084717,0.998263888888889,0.0,0.012963585872533212
pcb1,4,2,bad/033.JPG,2393,0.9097367321353949,0.3383067877007074,0.9832845800250731,0.4030576529293592,2,2.1378517150878906,0.09362494945526123,0.8636363636363636,0.07354784788967828,0.06475086522865181
pcb1,4,2,bad/034.JPG,4049,0.8570017288219314,0.4065772934653052,0.91948629291183,0.3297846518801853,3,3.5712890625,0.09881591796875,0.7923076923076924,0.062484564089898664,-0.07679264158511989
pcb1,4,2,bad/035.JPG,2451,0.9914320685434517,0.28540605927062157,0.8943288453692371,0.20002658098115864,2,2.21435546875,0.09322381019592285,0.9166666666666666,-0.0971032231742146,-0.08537947828946293
pcb1,4,2,bad/036.JPG,2981,1.0,0.3268382405519544,0.9865816839986582,0.33466733132709076,2,2.6426734924316406,0.07871979475021362,0.8214285714285714,-0.013418316001341801,0.007829090775136383
pcb1,4,2,bad/037.JPG,1661,0.7019867549668874,0.14910736932602056,0.6670680313064419,0.07122547215034983,0,1.459075927734375,0.08031350374221802,0.7957175925925926,-0.03491872366044557,-0.07788189717567073
pcb1,4,2,bad/038.JPG,2517,1.0,0.9752959119988843,1.0,0.989159225238809,2,2.2546730041503906,0.2078605592250824,0.9487179487179487,0.0,0.013863313239924624
pcb1,4,2,bad/039.JPG,3534,1.0,0.9332179615520997,1.0,0.8695664447346648,1,3.1784706115722656,0.1770106852054596,0.9652014652014652,0.0,-0.06365151681743486
pcb1,4,2,bad/040.JPG,74447,0.8558706193667979,0.21071988888537427,0.9623087565650731,0.35807987752038367,70,66.64398193359375,0.16392266750335693,0.9429450757575758,0.10643813719827522,0.1473599886350094
pcb1,4,2,bad/041.JPG,155020,0.841175332215198,0.4872214076113969,0.8806154044639402,0.5377421336526108,136,138.7900848388672,0.21228641271591187,0.951339658995892,0.03944007224874213,0.05052072604121394
pcb1,4,2,bad/042.JPG,15523,0.8962185144624106,0.5220059506180841,0.8129227597758165,0.5116617479902591,14,14.082229614257812,0.13258230686187744,0.809640522875817,-0.08329575468659411,-0.010344202627824983
pcb1,4,2,bad/043.JPG,191178,0.8581426733201519,0.7162525471525552,0.8154756300411136,0.5897731854991546,169,171.05484008789062,0.2821256220340729,0.9551315037164093,-0.042667043279038364,-0.12647936165340057
pcb1,4,2,bad/044.JPG,118645,0.8673521850899742,0.5710450646216246,0.9087867166757976,0.5133397682041929,106,106.16728210449219,0.20531362295150757,0.9619146928844531,0.04143453158582333,-0.05770529641743172
pcb1,4,2,bad/045.JPG,118584,0.7195827430344734,0.22446367089843255,0.8030425689806382,0.2628544289191851,104,106.07575988769531,0.16684770584106445,0.9412649117618062,0.08345982594616475,0.038390758020752536
pcb1,4,2,bad/046.JPG,95116,0.9079544976660078,0.733564727059753,0.8699167332520291,0.6513255318926755,84,85.0250015258789,0.3014416992664337,0.9566254608544785,-0.03803776441397866,-0.08223919516707745
pcb1,4,2,bad/047.JPG,2769,0.8703503069700252,0.3022843183024491,0.6370530877573131,0.12333273433528624,3,2.46484375,0.047410935163497925,0.8194444444444444,-0.23329721921271218,-0.17895158396716287
pcb1,4,2,bad/048.JPG,1631,0.8001226241569589,0.4384276337620239,0.7087676272225628,0.2779786411061463,0,1.4540557861328125,0.06459656357765198,0.7421652421652422,-0.09135499693439608,-0.16044899265587764
pcb1,4,2,bad/049.JPG,10459,0.04006119131848169,0.01928062252945609,0.03241227650827039,0.008968676042111988,9,9.516281127929688,-0.010764002799987793,0.37831775700934583,-0.0076489148102113005,-0.010311946487344103
pcb1,4,2,bad/050.JPG,95936,0.8883839226150767,0.6716164261813168,0.8377251501000668,0.5205326886592563,85,85.8470230102539,0.2806239724159241,0.9341640706126688,-0.05065877251500994,-0.1510837375220605
pcb1,4,2,bad/051.JPG,4335,0.5102652825836217,0.34583255131052065,0.3633217993079585,0.10882780002224451,0,3.62738037109375,0.020169496536254883,0.6482582837723024,-0.1469434832756632,-0.23700475128827614
pcb1,4,2,bad/052.JPG,2384,0.9295302013422819,0.4837473264256592,0.7239932885906041,0.3378853933879597,2,2.15771484375,0.09316730499267578,0.7583333333333333,-0.20553691275167785,-0.1458619330376995
pcb1,4,2,bad/053.JPG,28033,0.27567509720686334,0.07665782721761637,0.2422502051153997,0.04066850613658489,25,25.086929321289062,0.046927958726882935,0.6496566421974898,-0.033424892091463626,-0.03598932108103148
pcb1,4,2,bad/054.JPG,59252,0.8172044825491123,0.3033975603334489,0.9183487477215959,0.3988495139805129,52,52.9542236328125,0.15618228912353516,0.9492442810457516,0.10114426517248365,0.09545195364706399
pcb1,4,2,bad/055.JPG,58847,0.8693391336856594,0.5187614445545342,0.9204377453396095,0.4438896733531875,52,52.66962814331055,0.1802857220172882,0.9255233494363929,0.05109861165395013,-0.07487177120134669
pcb1,4,2,bad/056.JPG,29268,0.1837501708350417,0.0906491081206387,0.13277299439661064,0.048557224193746334,27,26.194416046142578,0.010563641786575317,0.4978835978835979,-0.050977176438431054,-0.042091883926892365
pcb1,4,2,bad/057.JPG,3573,0.30114749510215505,0.08526289932182243,0.0025188916876574307,2.761675087651325e-05,0,3.209136962890625,0.027761131525039673,0.6955056179775281,-0.2986286034144976,-0.08523528257094592
pcb1,4,2,bad/058.JPG,1805,0.014404432132963989,0.0005397587561468918,0.08365650969529086,0.006829541450034523,0,1.6373291015625,0.11879107356071472,0.8333333333333333,0.06925207756232687,0.006289782693887631
pcb1,4,2,bad/059.JPG,79992,0.904990499049905,0.5779412558418049,0.9513701370137013,0.5895873043395566,72,71.52001953125,0.25329163670539856,0.9578189300411523,0.046379637963796294,0.011646048497751749
pcb1,4,2,bad/060.JPG,1395,0.7526881720430108,0.25801632301680744,0.6480286738351254,0.1599179857308954,2,1.214508056640625,0.10090535879135132,0.7333333333333334,-0.10465949820788534,-0.09809833728591202
pcb1,4,2,bad/061.JPG,1621,0.0,0.0,0.0,0.0,1,1.4542236328125,0.10308840870857239,0.9166666666666667,0.0,0.0
pcb1,4,2,bad/062.JPG,1867,0.6555972147830744,0.043478280508131614,0.5206213176218533,0.04273366763390533,1,1.6835861206054688,0.05549260973930359,0.7378472222222223,-0.13497589716122116,-0.0007446128742262872
pcb1,4,2,bad/063.JPG,2919,0.8766700924974307,0.43617079048239343,0.9143542309009934,0.7044309820625541,1,2.59222412109375,0.14142894744873047,0.9038461538461539,0.03768413840356277,0.2682601915801606
pcb1,4,2,bad/064.JPG,3151,0.803554427165979,0.18470384368220302,0.6905744208187877,0.22847586573944567,1,2.8110427856445312,0.04695802927017212,0.6785714285714286,-0.1129800063471913,0.04377202205724265
pcb1,4,2,bad/065.JPG,1150,1.0,0.9443184266035348,1.0,0.9241916428992786,0,1.040924072265625,0.11601483821868896,0.9342948717948718,0.0,-0.020126783704256246
pcb1,4,2,bad/066.JPG,3321,0.8834688346883469,0.21015161504072094,0.8386028304727492,0.3331836409113718,2,2.9901657104492188,0.06229501962661743,0.7294372294372294,-0.04486600421559772,0.12303202587065087
pcb1,4,2,bad/067.JPG,2151,0.400743840074384,0.2178889462731252,0.8628544862854486,0.3187057962998261,1,1.9437141418457031,0.01961451768875122,0.625,0.46211064621106457,0.1008168500267009
pcb1,4,2,bad/068.JPG,2154,1.0,0.9098152937496921,1.0,0.9255290501484914,2,1.9081001281738281,0.18651893734931946,0.9757281553398058,0.0,0.01571375639879935
pcb1,4,2,bad/069.JPG,5806,0.7514640027557699,0.1480442341965501,0.5359972442301068,0.0964809994636923,3,5.158355712890625,0.03348356485366821,0.6734234234234233,-0.2154667585256631,-0.0515632347328578
pcb1,4,2,bad/070.JPG,2975,0.9926050420168068,0.46751657942378083,1.0,0.30499207057765615,2,2.6837196350097656,0.20999783277511597,0.986111111111111,0.007394957983193229,-0.16252450884612468
pcb1,4,2,bad/071.JPG,7847,0.800178412132025,0.19009509049151,0.8636421562380527,0.27538131693044765,5,7.025611877441406,0.15159398317337036,0.7623956799214531,0.06346374410602773,0.08528622643893766
pcb1,4,2,bad/072.JPG,1360,0.9154411764705882,0.49651177598700386,1.0,0.6364723871500013,1,1.1991806030273438,0.14475128054618835,0.7989795918367347,0.0845588235294118,0.13996061116299746
pcb1,4,2,bad/073.JPG,3294,1.0,0.7277170140336205,1.0,0.6441432372828307,1,2.9285888671875,0.14162829518318176,0.8557142857142859,0.0,-0.08357377675078981
pcb1,4,2,bad/074.JPG,2715,0.8946593001841621,0.6636561657564235,0.36685082872928176,0.7016417096290032,2,2.4594650268554688,0.13648253679275513,0.9316239316239316,-0.5278084714548803,0.037985543872579686
pcb1,4,2,bad/075.JPG,1867,0.9094804499196572,0.28112207492934027,0.9319764327798608,0.2549809083847146,1,1.60693359375,0.1385299265384674,0.9462962962962964,0.0224959828602036,-0.02614116654462567
pcb1,4,2,bad/076.JPG,1604,0.8435162094763092,0.17885311253405037,0.940149625935162,0.2709389158703811,1,1.4438629150390625,0.06732487678527832,0.781818181818182,0.09663341645885282,0.09208580333633073
pcb1,4,2,bad/077.JPG,7762,0.6409430559134244,0.265033591198019,0.3701365627415614,0.17376881313599535,8,6.887821197509766,0.0981648862361908,0.828525641025641,-0.27080649317186295,-0.09126477806202365
pcb1,4,2,bad/078.JPG,1628,1.0,0.9304811867622836,1.0,0.8633014828711849,1,1.4745101928710938,0.28725969791412354,0.8836805555555556,0.0,-0.06717970389109873
pcb1,4,2,bad/079.JPG,1960,0.6785714285714286,0.0739353664144397,0.47244897959183674,0.020582414951421643,2,1.7651519775390625,0.17516544461250305,0.9652777777777777,-0.20612244897959187,-0.05335295146301805
pcb1,4,2,bad/080.JPG,2707,1.0,0.9118773619010923,1.0,0.8909315830629694,1,2.4284515380859375,0.1551390290260315,0.9606837606837606,0.0,-0.020945778838122875
pcb1,4,2,bad/081.JPG,6373,1.0,0.7734016709413101,1.0,0.46727572776995807,7,5.6884918212890625,0.2340075969696045,0.8869047619047619,0.0,-0.306125943171352
pcb1,4,2,bad/082.JPG,3019,0.9682013911891355,0.8308017589442026,0.9735011593242796,0.8728245708897634,2,2.689044952392578,0.058291107416152954,0.7182971014492754,0.005299768135144101,0.04202281194556079
pcb1,4,2,bad/083.JPG,1573,1.0,0.7331876388296396,1.0,0.9674409836853395,1,1.4132232666015625,0.02016580104827881,0.7876984126984127,0.0,0.23425334485569993
pcb1,4,2,bad/084.JPG,3412,0.8218053927315357,0.7327734806853082,0.9818288393903869,0.8803638687435433,1,3.0408172607421875,0.1293731927871704,0.7893934775982931,0.16002344665885115,0.1475903880582351
pcb1,4,2,bad/085.JPG,2282,0.45311130587204207,0.1591723390129205,0.8588957055214724,0.23666568525721848,0,2.05096435546875,0.02984410524368286,0.6931818181818182,0.40578439964943036,0.07749334624429799
pcb1,4,2,bad/086.JPG,4149,0.9889129910821884,0.9147426377780374,1.0,0.9320577344958559,3,3.668426513671875,0.21610015630722046,0.8909774436090225,0.011087008917811558,0.0173150967178185
pcb1,4,2,bad/087.JPG,2328,0.7426975945017182,0.13160879683607957,0.7787800687285223,0.19795493062442743,0,2.03057861328125,0.17257487773895264,0.740530303030303,0.03608247422680411,0.06634613378834786
pcb1,4,2,bad/088.JPG,3449,0.8643084952160046,0.6759475569096626,0.7918237170194259,0.7043912163245186,0,3.137828826904297,0.2961031496524811,0.8028322440087147,-0.07248477819657873,0.02844365941485605
pcb1,4,2,bad/089.JPG,5566,0.7716492993172835,0.4504361174393197,0.837405677326626,0.40774039578206167,2,4.8421630859375,0.13174855709075928,0.8470633104500381,0.06575637800934242,-0.042695721657258046
pcb1,4,2,bad/090.JPG,3860,0.872279792746114,0.5695970487260671,0.9800518134715026,0.698725452539139,3,3.4337234497070312,0.1392034888267517,0.8102564102564103,0.1077720207253886,0.1291284038130719
pcb1,4,2,bad/091.JPG,5476,0.7258948137326515,0.43561763128606584,0.9475894813732652,0.4138910291518448,2,4.908073425292969,0.06468963623046875,0.7253623188405799,0.22169466764061363,-0.021726602134221062
pcb1,4,2,bad/092.JPG,7044,0.7218909710391823,0.326743159224832,0.6934980124929018,0.32591954870232753,3,6.295619964599609,0.03249448537826538,0.6174353505731804,-0.028392958546280544,-0.0008236105225044588
pcb1,4,2,bad/093.JPG,2885,0.5337954939341422,0.18617399404659243,0.6110918544194107,0.19817943159306314,0,2.551239013671875,0.08173301815986633,0.7765466297322252,0.07729636048526856,0.01200543754647071
pcb1,4,2,bad/094.JPG,3657,0.6743232157506153,0.11543255960092766,0.8244462674323215,0.30057760735179,2,3.290782928466797,0.11693397164344788,0.7918943533697631,0.15012305168170625,0.18514504775086235
pcb1,4,2,bad/095.JPG,2106,0.5959164292497626,0.24154377292515433,0.8803418803418803,0.5006532931124189,1,1.8676185607910156,0.05526354908943176,0.6166666666666666,0.2844254510921177,0.2591095201872646
pcb1,4,2,bad/096.JPG,2655,0.7013182674199623,0.17689567801968342,0.8824858757062147,0.5740076956208342,2,2.387725830078125,0.1029442548751831,0.8353174603174602,0.18116760828625245,0.3971120176011508
pcb1,4,2,bad/097.JPG,3045,0.4095238095238095,0.19318250221796246,0.43940886699507387,0.19625666455930246,0,2.5865821838378906,0.04003167152404785,0.7055052790346907,0.029885057471264354,0.003074162341340003
pcb1,4,2,bad/098.JPG,2807,0.6758104738154613,0.06490371828032075,0.7035981474884218,0.11420973362567335,0,2.423553466796875,0.12627467513084412,0.9563492063492064,0.027787673672960422,0.0493060153453526
pcb1,4,2,bad/099.JPG,3418,0.8042715038033939,0.26243947214529534,0.92510239906378,0.5054758635895193,2,3.0359954833984375,0.012157648801803589,0.686698717948718,0.12083089526038615,0.243036391444224
pcb2,1,0,bad/000.JPG,1853,0.8807339449541285,0.6677723104697839,0.7598488936859147,0.578147228073625,0,1.6579132080078125,0.07023251056671143,0.9022435897435898,-0.1208850512682138,-0.08962508239615896
pcb2,1,0,bad/001.JPG,2744,0.9814139941690962,0.834487081986486,0.9784985422740525,0.702503126106175,0,2.4539794921875,0.11633586883544922,0.9527777777777777,-0.002915451895043719,-0.13198395588031098
pcb2,1,0,bad/002.JPG,2760,0.9818840579710145,0.8621833272973545,1.0,0.9453054776062566,1,2.479808807373047,0.13185784220695496,0.8947916666666668,0.018115942028985477,0.08312215030890213
pcb2,1,0,bad/003.JPG,3569,0.7792098627066405,0.5829038432025953,0.8201176800224153,0.6280049297394665,1,3.203876495361328,0.08818423748016357,0.8666666666666667,0.04090781731577475,0.04510108653687128
pcb2,1,0,bad/004.JPG,4400,1.0,0.38040231485950965,0.9734090909090909,0.36848556186205195,1,3.9695472717285156,0.14503443241119385,0.9362745098039215,-0.02659090909090911,-0.011916752997457702
pcb2,1,0,bad/005.JPG,4499,0.6030228939764392,0.30142481034392377,0.6617026005779062,0.4215793890069852,2,4.020496368408203,0.032782912254333496,0.7350663716814159,0.05867970660146704,0.12015457866306145
pcb2,1,0,bad/006.JPG,4585,0.7596510359869139,0.2851830923904711,0.8191930207197383,0.4764576937863865,0,4.046001434326172,0.14214998483657837,0.8852920478536241,0.05954198473282446,0.1912746013959154
pcb2,1,0,bad/007.JPG,4959,0.941318814277072,0.7919716922476489,0.9643073200241984,0.8671027272810545,3,4.45404052734375,0.17028188705444336,0.9602240896358544,0.02298850574712641,0.07513103503340568
pcb2,1,0,bad/008.JPG,6749,0.9284338420506741,0.7669368620992345,1.0,0.8833888281539815,3,6.015369415283203,0.11531135439872742,0.911297852474323,0.07156615794932586,0.11645196605474695
pcb2,1,0,bad/009.JPG,5377,0.8649804723823693,0.6219518628310058,1.0,0.8399410710247293,0,4.801116943359375,0.1219308078289032,0.8987771739130435,0.1350195276176307,0.21798920819372347
pcb2,1,0,bad/010.JPG,3072,0.7454427083333334,0.2427731231516736,0.9466145833333334,0.425740818036915,0,2.6888198852539062,0.03243786096572876,0.7571101667211507,0.201171875,0.1829676948852414
pcb2,1,0,bad/011.JPG,21879,0.9401709401709402,0.6998428468609874,0.9822203939850999,0.7283340563602099,14,19.56494140625,0.16013574600219727,0.9415765608650156,0.0420494538141597,0.02849120949922246
pcb2,1,0,bad/012.JPG,3079,0.7996102630724261,0.565214935246659,0.7590126664501462,0.6217524838322641,1,2.790496826171875,0.07398232817649841,0.8733333333333333,-0.04059759662227991,0.05653754858560511
pcb2,1,0,bad/013.JPG,10241,1.0,0.8819284987049005,1.0,0.9251803085300925,10,9.173469543457031,0.12733232975006104,0.9488095238095239,0.0,0.043251809825191945
pcb2,1,0,bad/014.JPG,5112,0.860133020344288,0.6270894066049434,0.9831768388106417,0.8354726758362471,0,4.68267822265625,0.04251986742019653,0.7629629629629628,0.1230438184663537,0.20838326923130368
pcb2,1,0,bad/015.JPG,6089,0.7929052389554935,0.4337011872714958,0.8917720479553293,0.495931201573493,3,5.464458465576172,0.054171204566955566,0.7293898462971589,0.0988668089998358,0.062230014301997205
pcb2,1,0,bad/016.JPG,3759,0.9561053471667997,0.4315369268338998,1.0,0.7231575697153007,3,3.3318328857421875,0.1510504186153412,0.9957264957264957,0.043894652833200265,0.2916206428814008
pcb2,1,0,bad/017.JPG,4648,0.8848967297762479,0.586678258155609,0.96815834767642,0.8587319744078914,5,4.1480712890625,0.07167908549308777,0.8858974358974359,0.08326161790017206,0.27205371625228236
pcb2,1,0,bad/018.JPG,3849,0.13561964146531566,0.03542073343539442,0.0,0.0,2,3.4131851196289062,0.017721951007843018,0.6421282798833818,-0.13561964146531566,-0.03542073343539442
pcb2,1,0,bad/019.JPG,7001,0.944150835594915,0.5375689398960982,0.9895729181545494,0.630941315631007,6,6.271026611328125,0.11511436104774475,0.9210239651416122,0.045422082559634425,0.09337237573490875
pcb2,1,0,bad/020.JPG,3275,0.9190839694656489,0.816930565039208,0.9557251908396946,0.8817767259499831,2,2.93359375,0.038586556911468506,0.7384615384615385,0.036641221374045796,0.06484616091077511
pcb2,1,0,bad/021.JPG,5919,0.8016556850819395,0.5590058235394768,0.9902010474742355,0.770029999167056,3,5.295845031738281,0.06467816233634949,0.7996212121212122,0.18854536239229602,0.21102417562757914
pcb2,1,0,bad/022.JPG,2948,1.0,0.9818381935652193,1.0,0.9454397192769894,2,2.6227264404296875,0.03987577557563782,0.707977207977208,0.0,-0.03639847428822984
pcb2,1,0,bad/023.JPG,4778,0.3978652155713688,0.26663702031297687,0.9725826705734617,0.802881610071447,4,4.3165130615234375,0.031757742166519165,0.7576388888888889,0.5747174550020929,0.5362445897584701
pcb2,1,0,bad/024.JPG,6004,0.902398401065956,0.4183680729773784,0.8484343770819454,0.39043752151954053,4,5.372306823730469,0.054668694734573364,0.7885652642934197,-0.05396402398401068,-0.02793055145783785
pcb2,1,0,bad/025.JPG,6515,0.9846508058326938,0.6297224659516546,0.9795855717574827,0.7590177172797664,4,5.76025390625,0.13548800349235535,0.8200408997955011,-0.005065234075211089,0.12929525132811182
pcb2,1,0,bad/026.JPG,4079,0.8955626379014464,0.7380901463240347,0.913214023044864,0.7838860607141046,2,3.632495880126953,0.05392757058143616,0.7872596153846154,0.017651385143417575,0.045795914390069914
pcb2,1,0,bad/027.JPG,4976,0.8930868167202572,0.7602541850532205,0.9776929260450161,0.8812705315973254,3,4.42413330078125,0.09740933775901794,0.9375000000000001,0.08460610932475887,0.12101634654410487
pcb2,1,0,bad/028.JPG,9253,0.9974062466227169,0.5448036323910382,0.9811952880146979,0.5131618590708482,8,8.342254638671875,0.15789127349853516,0.9134615384615384,-0.01621095860801902,-0.031641773320190025
pcb2,1,0,bad/029.JPG,4885,0.9932446264073695,0.9640457443313524,1.0,0.9788356127070993,4,4.40283203125,0.16583114862442017,0.7821428571428571,0.006755373592630454,0.014789868375746917
pcb2,1,0,bad/030.JPG,2741,0.8475009120758847,0.31598746922628496,1.0,0.7254976040880651,1,2.4795608520507812,0.07683232426643372,0.7683150183150184,0.15249908792411526,0.4095101348617801
pcb2,1,0,bad/031.JPG,3296,0.9150485436893204,0.2906230469081005,0.9990898058252428,0.7793731063618506,2,2.954345703125,0.04387551546096802,0.8437775816416593,0.08404126213592233,0.48875005945375016
pcb2,1,0,bad/032.JPG,2397,0.9148936170212766,0.43542336619368877,0.9224030037546934,0.4807348169859936,1,2.1481399536132812,0.07164564728736877,0.8555045871559633,0.007509386733416834,0.04531145079230481
pcb2,1,0,bad/033.JPG,3940,0.9456852791878173,0.4056745996054383,0.9555837563451777,0.6216933393650901,3,3.5300865173339844,0.04183933138847351,0.7255244755244755,0.009898477157360364,0.2160187397596518
pcb2,1,0,bad/034.JPG,3365,0.9093610698365527,0.44318123978867585,0.9096582466567608,0.4275379027359034,2,3.03594970703125,0.14914917945861816,0.8383968972204267,0.0002971768202080227,-0.015643337052772432
pcb2,1,0,bad/035.JPG,2918,0.654557916381083,0.46172733887226997,0.798492117888965,0.647137392074447,2,2.607208251953125,0.05628150701522827,0.8174603174603174,0.14393420150788205,0.18541005320217702
pcb2,1,0,bad/036.JPG,2550,0.4031372549019608,0.15752451724753633,0.6823529411764706,0.3423194008225498,2,2.29595947265625,0.038841813802719116,0.6201923076923077,0.2792156862745098,0.18479488357501347
pcb2,1,0,bad/037.JPG,4938,0.745240988254354,0.34238418387005476,0.7814904819765087,0.2693484153571496,3,4.459339141845703,0.039651691913604736,0.690985015966593,0.03624949372215469,-0.07303576851290516
pcb2,1,0,bad/038.JPG,3892,0.7397225077081192,0.21772714652781777,0.4858684480986639,0.2382667861832019,2,3.4795608520507812,0.007087439298629761,0.6331168831168832,-0.2538540596094553,0.020539639655384134
pcb2,1,0,bad/039.JPG,4156,0.920837343599615,0.6277282790646206,0.8994225216554379,0.5574963792699839,4,3.7392807006835938,0.022611021995544434,0.6886446886446888,-0.021414821944177098,-0.07023189979463673
pcb2,1,0,bad/040.JPG,25509,0.19338272766474576,0.0064506214441232175,0.2633972323493669,0.014389222906738582,26,22.71323013305664,0.020949900150299072,0.628155755241763,0.07001450468462114,0.007938601462615364
pcb2,1,0,bad/041.JPG,26320,0.7379939209726444,0.39318512512743975,0.6176671732522796,0.25203341473907254,25,23.53028106689453,0.09640371799468994,0.887314439946019,-0.12032674772036478,-0.1411517103883672
pcb2,1,0,bad/042.JPG,28290,0.9686815129020856,0.6967101218491003,0.9795687522092612,0.7073694129523469,31,25.193939208984375,0.06843268871307373,0.8993536472760849,0.010887239307175611,0.010659291103246593
pcb2,1,0,bad/043.JPG,13575,0.7820994475138121,0.3647781816069141,0.9318600368324125,0.5848129716305819,12,11.973556518554688,0.043634772300720215,0.7458915869511895,0.14976058931860037,0.22003479002366777
pcb2,1,0,bad/044.JPG,53765,0.779466195480331,0.17456872102097773,0.9121547475123222,0.3678541689917922,49,48.20298385620117,0.052463918924331665,0.8373448866067608,0.13268855203199115,0.19328544797081446
pcb2,1,0,bad/045.JPG,9217,0.14353911250949333,0.06018221211348149,0.6254746663773462,0.3813273045148105,0,8.561538696289062,-0.0010985732078552246,0.5449346405228759,0.4819355538678528,0.32114509240132905
pcb2,1,0,bad/046.JPG,46827,0.38443632946804196,0.07256766655156224,0.3183206269887031,0.05067845413150021,42,41.718414306640625,0.03605449199676514,0.7445054945054945,-0.06611570247933884,-0.021889212420062032
pcb2,1,0,bad/047.JPG,1288,0.0,0.0,0.0,0.0,0,1.1885986328125,-0.0023727715015411377,0.5097222222222222,0.0,0.0
pcb2,1,0,bad/048.JPG,17525,0.28964336661911555,0.14300029144424553,0.36,0.20080238517424187,6,15.65585708618164,0.040319353342056274,0.7686755952380953,0.07035663338088444,0.05780209372999634
pcb2,1,0,bad/049.JPG,5128,0.3917706708268331,0.29660690371253784,0.31630265210608427,0.2677466223944496,2,4.57598876953125,0.05200403928756714,0.8468253968253969,-0.07546801872074882,-0.028860281318088266
pcb2,1,0,bad/050.JPG,2390,0.19330543933054392,0.09705283057484632,0.23472803347280335,0.10209055118755614,0,2.2088623046875,0.026560992002487183,0.7200854700854701,0.041422594142259433,0.005037720612709823
pcb2,1,0,bad/051.JPG,3207,0.25319613345806047,0.17850214930091682,0.7349547864047397,0.3949465193951973,1,2.81640625,-0.006451725959777832,0.48989898989898994,0.4817586529466792,0.2164443700942805
pcb2,1,0,bad/052.JPG,15197,0.3942225439231427,0.26621432329100314,0.4020530367835757,0.22713445029878354,9,13.510467529296875,0.017066001892089844,0.6757158006362672,0.00783049286043297,-0.0390798729922196
pcb2,1,0,bad/053.JPG,1139,0.5399473222124671,0.160203108633044,0.4749780509218613,0.25154959862291815,0,1.0001220703125,0.04713597893714905,0.9212962962962963,-0.06496927129060581,0.09134648998987416
pcb2,1,0,bad/054.JPG,8254,0.579718924157984,0.3212811764026328,0.4528713351102496,0.2649477308401364,0,7.345733642578125,0.08278027176856995,0.813362381989833,-0.1268475890477344,-0.05633344556249642
pcb2,1,0,bad/055.JPG,1672,0.22966507177033493,0.19680149085002055,0.5526315789473685,0.43836010254755065,0,1.3572425842285156,-0.022707879543304443,0.3055555555555555,0.32296650717703357,0.2415586116975301
pcb2,1,0,bad/056.JPG,1209,0.028949545078577336,0.000588170407249355,0.1513647642679901,0.03454634189567315,0,1.16845703125,0.001969963312149048,0.5176767676767677,0.12241521918941276,0.03395817148842379
pcb2,1,0,bad/057.JPG,2328,0.0,0.0,0.2611683848797251,0.08747295418668845,1,2.0357666015625,0.0006304681301116943,0.51875,0.2611683848797251,0.08747295418668845
pcb2,1,0,bad/058.JPG,817,0.966952264381885,0.6892124198797908,0.5789473684210527,0.19196484556943053,1,0.7348709106445312,0.01716676354408264,0.6277777777777778,-0.3880048959608323,-0.49724757431036026
pcb2,1,0,bad/059.JPG,5612,0.45759087669280113,0.20015414009753119,0.3380256593014968,0.2096349446954026,1,5.238956451416016,0.03947111964225769,0.8043052837573386,-0.11956521739130432,0.0094808045978714
pcb2,1,0,bad/060.JPG,1996,0.8211422845691383,0.4020840712387153,0.9363727454909819,0.6596002226830847,2,1.7805938720703125,-0.006026029586791992,0.5272435897435898,0.11523046092184364,0.2575161514443694
pcb2,1,0,bad/061.JPG,2699,1.0,0.9495133540262903,1.0,0.9752641797615175,1,2.41845703125,0.16910052299499512,0.969620253164557,0.0,0.025750825735227134
pcb2,1,0,bad/062.JPG,2181,0.9321412196240256,0.8425287271676991,1.0,0.9554006826220581,2,1.974853515625,0.032209962606430054,0.7638888888888888,0.06785878037597437,0.11287195545435902
pcb2,1,0,bad/063.JPG,2562,0.2373145979703357,0.0376603517937,0.8306010928961749,0.7209554215636979,2,2.316253662109375,0.045897215604782104,0.8138888888888889,0.5932864949258392,0.6832950697699979
pcb2,1,0,bad/064.JPG,4116,0.8892128279883382,0.7025089219486147,0.9718172983479106,0.8803868943854914,3,3.6937713623046875,0.13304045796394348,0.982905982905983,0.08260447035957241,0.17787797243687675
pcb2,1,0,bad/065.JPG,3668,0.7178298800436205,0.5492576674676714,0.8402399127589967,0.6925977986647436,2,3.2960586547851562,0.06054916977882385,0.7410256410256411,0.1224100327153762,0.14334013119707223
pcb2,1,0,bad/066.JPG,3406,0.7404580152671756,0.2376290772913785,0.9315913094539049,0.6118314662476563,2,2.9745635986328125,0.036415278911590576,0.7274247491638797,0.1911332941867293,0.3742023889562778
pcb2,1,0,bad/067.JPG,2064,0.8958333333333334,0.8030226290086442,1.0,0.9490842802319976,1,1.83636474609375,0.02559414505958557,0.7545454545454545,0.10416666666666663,0.14606165122335346
pcb2,1,0,bad/068.JPG,2633,0.922521838207368,0.30081319682306584,0.8382073680212685,0.355016344025742,1,2.341827392578125,0.10265448689460754,0.9508393285371701,-0.0843144701860995,0.05420314720267616
pcb2,1,0,bad/069.JPG,2254,1.0,0.47776299792228766,1.0,0.7280270472742447,2,2.02008056640625,0.049892544746398926,0.8585858585858586,0.0,0.25026404935195706
pcb2,1,0,bad/070.JPG,2342,0.9688300597779675,0.4058386916472548,0.9517506404782238,0.43842131442995785,2,2.1275634765625,0.12226936221122742,0.9949494949494949,-0.01707941929974377,0.032582622782703075
pcb2,1,0,bad/071.JPG,3911,0.8033750958834058,0.3009612792209132,0.9549987215545896,0.4330923620184392,1,3.5304183959960938,0.07944917678833008,0.7939590075512406,0.15162362567118381,0.132131082797526
pcb2,1,0,bad/072.JPG,2720,0.6352941176470588,0.4109224641529005,0.9915441176470589,0.7994573558794029,1,2.4232177734375,0.00657886266708374,0.6587301587301586,0.35625000000000007,0.3885348917265024
pcb2,1,0,bad/073.JPG,1411,0.5095676824946846,0.13931150499543843,1.0,0.7726578235704656,1,1.270355224609375,0.02721354365348816,0.6909090909090909,0.49043231750531535,0.6333463185750272
pcb2,1,0,bad/074.JPG,5537,0.9272169044608994,0.7906834022634399,0.9891638071157667,0.9277675831165477,5,4.948493957519531,0.10958731174468994,0.7817460317460317,0.06194690265486724,0.1370841808531078
pcb2,1,0,bad/075.JPG,5839,0.9600959068333619,0.6147321303411765,1.0,0.8846251572800498,4,5.2246246337890625,0.023084163665771484,0.6692708333333333,0.03990409316663812,0.2698930269388733
pcb2,1,0,bad/076.JPG,2058,0.9285714285714286,0.4270295721633562,1.0,0.6958946434509548,1,1.8214569091796875,0.051057249307632446,0.753968253968254,0.0714285714285714,0.26886507128759857
pcb2,1,0,bad/077.JPG,3870,0.5855297157622739,0.6186514813772779,0.623514211886305,0.6144027872522763,1,3.5102920532226562,0.02043980360031128,0.6503567787971457,0.0379844961240311,-0.0042486941250016175
pcb2,1,0,bad/078.JPG,3674,0.9763200870985302,0.8564605405323369,0.9869352204681546,0.861440742362982,4,3.290283203125,0.14946997165679932,0.9895833333333334,0.010615133369624385,0.00498020183064507
pcb2,1,0,bad/079.JPG,3725,0.9216107382550336,0.2266623321144461,0.8633557046979866,0.1884848270349207,3,3.2503089904785156,0.14067092537879944,0.9328287606433302,-0.058255033557046976,-0.038177505079525414
pcb2,1,0,bad/080.JPG,2411,0.9311489008710079,0.8634073656125364,0.9361260887598507,0.8518692548486548,2,2.152740478515625,0.041086554527282715,0.7658730158730158,0.004977187888842827,-0.01153811076388156
pcb2,1,0,bad/081.JPG,3880,0.6881443298969072,0.4380913946911183,0.9193298969072164,0.6804081700112988,1,3.4799728393554688,0.11211785674095154,0.7302083333333333,0.23118556701030923,0.24231677532018053
pcb2,1,0,bad/082.JPG,1337,0.7352281226626777,0.622060399036852,0.9304412864622289,0.822495309559861,0,1.2344703674316406,0.20931756496429443,0.938034188034188,0.19521316379955123,0.2004349105230091
pcb2,1,0,bad/083.JPG,1790,0.9608938547486033,0.6198376619107406,0.9709497206703911,0.7573629674546234,2,1.5922927856445312,0.031968384981155396,0.796875,0.010055865921787754,0.13752530554388276
pcb2,1,0,bad/084.JPG,6211,0.9122524553212044,0.704146496020542,0.9879246498148446,0.9162011757445115,2,5.5716552734375,0.0776301920413971,0.814655172413793,0.07567219449364027,0.21205467972396952
pcb2,1,0,bad/085.JPG,4199,1.0,0.8945433336824423,1.0,0.8417469356268509,1,3.806396484375,0.17506444454193115,0.8781512605042017,0.0,-0.05279639805559144
pcb2,1,0,bad/086.JPG,5649,0.9877854487519915,0.7851851940687755,0.9994689325544344,0.8824175159215921,4,5.122489929199219,0.2098202109336853,0.8072463768115942,0.011683483802442884,0.0972323218528166
pcb2,1,0,bad/087.JPG,3644,0.9399012074643249,0.6082748283960119,0.9547200878155873,0.8468766128304425,0,3.254718780517578,0.16394111514091492,0.7660818713450291,0.014818880351262331,0.23860178443443059
pcb2,1,0,bad/088.JPG,5778,0.9807892004153687,0.8781986555610647,0.9975770162686051,0.9592228954465023,5,5.239826202392578,0.07699963450431824,0.7696759259259259,0.01678781585323641,0.08102423988543761
pcb2,1,0,bad/089.JPG,4589,1.0,0.9431535331688584,1.0,0.9595453923283628,4,4.076389312744141,0.1959383189678192,0.8090277777777778,0.0,0.016391859159504363
pcb2,1,0,bad/090.JPG,4086,0.9371023005384239,0.8905393515999718,0.9990210474791973,0.9601634056346477,2,3.597362518310547,0.21612092852592468,0.7313725490196078,0.06191874694077337,0.06962405403467598
pcb2,1,0,bad/091.JPG,4048,0.9965415019762845,0.8090395738972845,1.0,0.896943427608668,1,3.5969772338867188,0.2419857680797577,0.7450980392156863,0.0034584980237154506,0.08790385371138343
pcb2,1,0,bad/092.JPG,7370,0.8691994572591587,0.6612456532743995,0.9658073270013569,0.8394974095584431,3,6.6116943359375,0.10463467240333557,0.8904761904761904,0.09660786974219815,0.17825175628404355
pcb2,1,0,bad/093.JPG,3602,1.0,0.7898782020704901,1.0,0.7309895653297125,1,3.209014892578125,0.24926793575286865,0.9049145299145299,0.0,-0.0588886367407776
pcb2,1,0,bad/094.JPG,5546,0.9543815362423368,0.8175021748166522,0.9432023079697079,0.8678818436832384,0,4.968849182128906,0.04329141974449158,0.7941361916771752,-0.01117922827262885,0.05037966886658618
pcb2,1,0,bad/095.JPG,6581,0.9936179911867498,0.736806068984247,0.9958972800486249,0.9055579486824175,5,5.862373352050781,0.06010657548904419,0.7986633249791144,0.0022792888618751173,0.1687518796981704
pcb2,1,0,bad/096.JPG,6136,0.6584093872229465,0.36018532498082995,0.6646023468057366,0.2895182259268631,2,5.448600769042969,0.04018595814704895,0.7725252525252525,0.006192959582790092,-0.07066709905396684
pcb2,1,0,bad/097.JPG,3989,0.9964903484582602,0.9233480818278578,0.9957382802707445,0.9383138228113688,3,3.5612030029296875,0.11809495091438293,0.8428819444444444,-0.0007520681875157198,0.014965740983511
pcb2,1,0,bad/098.JPG,6695,1.0,0.9542640163377406,1.0,0.9732272275310458,3,5.8421173095703125,0.18243500590324402,0.9607843137254902,0.0,0.01896321119330524
pcb2,1,0,bad/099.JPG,3991,0.9864695565021298,0.9360450720393726,1.0,0.9784183265635401,3,3.58123779296875,0.019405722618103027,0.6145299145299145,0.013530443497870248,0.042373254524167514
pcb2,1,1,bad/000.JPG,1853,0.7431192660550459,0.4099239211617915,0.7587695628710199,0.5498532895915168,0,1.6579132080078125,0.064543217420578,0.9102564102564102,0.015650296815974074,0.1399293684297253
pcb2,1,1,bad/001.JPG,2744,1.0,0.7767358784908087,0.98432944606414,0.7397503385938514,0,2.4539794921875,0.12877464294433594,0.9069444444444444,-0.015670553935860032,-0.0369855398969573
pcb2,1,1,bad/002.JPG,2760,1.0,0.8606954802650498,1.0,0.9381903016521331,1,2.479808807373047,0.09346294403076172,0.8989583333333333,0.0,0.0774948213870833
pcb2,1,1,bad/003.JPG,3569,0.663771364527879,0.4008760323605698,0.6957130848977304,0.4729002878128469,1,3.203876495361328,0.08800137042999268,0.8722222222222222,0.031941720369851434,0.07202425545227709
pcb2,1,1,bad/004.JPG,4400,1.0,0.6283617222618222,1.0,0.5227882573796776,1,3.9695472717285156,0.1302897036075592,0.9425770308123249,0.0,-0.10557346488214459
pcb2,1,1,bad/005.JPG,4499,0.41520337852856193,0.14208936765344116,0.5256723716381418,0.2796925286694828,2,4.020496368408203,0.02514183521270752,0.7627212389380531,0.11046899310957992,0.13760316101604164
pcb2,1,1,bad/006.JPG,4585,0.7378407851690294,0.24994213934240123,0.8296619411123228,0.45591141601918417,0,4.046001434326172,0.10890954732894897,0.8632418484635233,0.09182115594329343,0.20596927667678294
pcb2,1,1,bad/007.JPG,4959,0.974188344424279,0.7401049618332236,0.940713853599516,0.8153791808227551,3,4.45404052734375,0.12470734119415283,0.9523809523809524,-0.03347449082476306,0.07527421898953146
pcb2,1,1,bad/008.JPG,6749,0.973625722329234,0.8086441800270313,1.0,0.8822703483730565,3,6.015369415283203,0.09862411022186279,0.9463118580765639,0.026374277670766055,0.0736261683460252
pcb2,1,1,bad/009.JPG,5377,0.7626929514599219,0.5249599214207384,0.9778687000185977,0.8029076272515395,0,4.801116943359375,0.12607291340827942,0.889266304347826,0.21517574855867583,0.2779477058308011
pcb2,1,1,bad/010.JPG,3072,0.9300130208333334,0.6304887684708221,0.9710286458333334,0.5412901129191461,0,2.6888198852539062,0.05313628911972046,0.7329192546583851,0.041015625,-0.08919865555167605
pcb2,1,1,bad/011.JPG,21879,0.9760043877690937,0.7424313034217224,0.9765528589058001,0.7618024456383062,14,19.56494140625,0.1665692925453186,0.9438437391001047,0.0005484711367064188,0.01937114221658387
pcb2,1,1,bad/012.JPG,3079,0.724910685287431,0.49152505525645473,0.8288405326404676,0.6788677045277101,1,2.790496826171875,0.06759995222091675,0.94,0.10392984735303668,0.18734264927125532
pcb2,1,1,bad/013.JPG,10241,0.9997070598574358,0.8568567286472389,1.0,0.9253760662667246,10,9.173469543457031,0.12315067648887634,0.9416666666666667,0.000292940142564202,0.0685193376194857
pcb2,1,1,bad/014.JPG,5112,0.776017214397496,0.5192292200354647,0.9608763693270735,0.7373169795843746,0,4.68267822265625,0.04104340076446533,0.7172839506172839,0.1848591549295775,0.2180877595489099
pcb2,1,1,bad/015.JPG,6089,0.6856626703892265,0.45734192617724406,0.9187058630316965,0.6546053963990031,3,5.464458465576172,0.043307602405548096,0.7433628318584071,0.2330431926424701,0.197263470221759
pcb2,1,1,bad/016.JPG,3759,1.0,0.6342993710268807,0.99122106943336,0.7337159831265668,3,3.3318328857421875,0.19976136088371277,0.9857549857549858,-0.00877893056664003,0.09941661209968611
pcb2,1,1,bad/017.JPG,4648,0.8663941480206541,0.7063192527326841,0.9326592082616179,0.8187423316481591,5,4.1480712890625,0.09189632534980774,0.8884615384615385,0.06626506024096379,0.11242307891547498
pcb2,1,1,bad/018.JPG,3849,0.15796310730059757,0.043405024037540055,0.07872174590802807,0.0068695644270608865,2,3.4131851196289062,0.015253454446792603,0.5918367346938775,-0.0792413613925695,-0.036535459610479167
pcb2,1,1,bad/019.JPG,7001,0.9581488358805885,0.5501184384549447,0.9965719182973861,0.6522926118445419,6,6.271026611328125,0.13879406452178955,0.9123093681917211,0.038423082416797594,0.10217417338959722
pcb2,1,1,bad/020.JPG,3275,0.9254961832061068,0.8457925546602774,0.9902290076335878,0.9123235095811489,2,2.93359375,0.030682772397994995,0.7435897435897436,0.06473282442748096,0.06653095492087158
pcb2,1,1,bad/021.JPG,5919,0.9113025848960973,0.6139209587525407,0.9677310356479135,0.6492999916356266,3,5.295845031738281,0.07103615999221802,0.8337121212121211,0.05642845075181624,0.03537903288308586
pcb2,1,1,bad/022.JPG,2948,1.0,0.9908159070769442,1.0,0.9595982948271805,2,2.6227264404296875,0.041861534118652344,0.7834757834757835,0.0,-0.031217612249763715
pcb2,1,1,bad/023.JPG,4778,0.5403934700711595,0.27561083012045806,0.8668899120971117,0.6208729871454716,4,4.3165130615234375,0.042852818965911865,0.8069444444444445,0.3264964420259523,0.3452621570250135
pcb2,1,1,bad/024.JPG,6004,0.8855762824783477,0.47140227940810114,0.8595936042638241,0.3053152224627799,4,5.372306823730469,0.09616616368293762,0.7912621359223302,-0.025982678214523602,-0.16608705694532122
pcb2,1,1,bad/025.JPG,6515,0.992632386799693,0.825704275930569,0.9743668457405986,0.9044659848902185,4,5.76025390625,0.18120795488357544,0.8926380368098159,-0.018265541059094392,0.0787617089596494
pcb2,1,1,bad/026.JPG,4079,0.8671242951703849,0.7671510082262006,0.9190978180926698,0.8304110544743126,2,3.632495880126953,0.04488009214401245,0.7483974358974359,0.051973522922284854,0.06326004624811199
pcb2,1,1,bad/027.JPG,4976,0.8764067524115756,0.7702338486692776,0.9817122186495176,0.921672057088422,3,4.42413330078125,0.11564511060714722,0.936698717948718,0.10530546623794201,0.15143820841914446
pcb2,1,1,bad/028.JPG,9253,0.9847616989084621,0.4456223816381896,0.9867070139414243,0.5675979136824819,8,8.342254638671875,0.17851173877716064,0.8684210526315789,0.001945315032962247,0.12197553204429229
pcb2,1,1,bad/029.JPG,4885,0.9891504605936541,0.9361472635487184,1.0,0.9620823679042081,4,4.40283203125,0.16657349467277527,0.763095238095238,0.01084953940634592,0.025935104355489735
pcb2,1,1,bad/030.JPG,2741,0.9693542502736228,0.48178354069780716,0.9996351696461145,0.7100658013214102,1,2.4795608520507812,0.07833555340766907,0.804945054945055,0.030280919372491777,0.22828226062360302
pcb2,1,1,bad/031.JPG,3296,0.9408373786407767,0.33684227791971655,0.9299150485436893,0.6521701231949475,2,2.954345703125,0.09729015827178955,0.9143865842894968,-0.010922330097087318,0.31532784527523094
pcb2,1,1,bad/032.JPG,2397,0.9211514392991239,0.4568096148322921,0.9424280350438048,0.5562321549213654,1,2.1481399536132812,0.10260447859764099,0.8944954128440367,0.021276595744680882,0.09942254008907325
pcb2,1,1,bad/033.JPG,3940,0.8906091370558376,0.3617850089942577,0.9477157360406091,0.511198302521402,3,3.5300865173339844,0.044028282165527344,0.7342657342657343,0.05710659898477155,0.14941329352714428
pcb2,1,1,bad/034.JPG,3365,0.9093610698365527,0.47037184697392126,0.9161961367013373,0.4784439306649163,2,3.03594970703125,0.16333305835723877,0.8506787330316742,0.0068350668647845225,0.008072083690995047
pcb2,1,1,bad/035.JPG,2918,0.8259081562714188,0.6652728912017672,0.8450993831391364,0.6960220693640886,2,2.607208251953125,0.055050671100616455,0.8293650793650793,0.01919122686771757,0.030749178162321367
pcb2,1,1,bad/036.JPG,2550,0.6603921568627451,0.2984952293990454,0.7521568627450981,0.395979829827816,2,2.29595947265625,0.04424840211868286,0.733974358974359,0.09176470588235297,0.09748460042877061
pcb2,1,1,bad/037.JPG,4938,0.7922235722964763,0.420729400596951,0.7816929931146213,0.2371877662605303,3,4.459339141845703,0.02442985773086548,0.6917219356423483,-0.010530579181855071,-0.1835416343364207
pcb2,1,1,bad/038.JPG,3892,0.9683967112024666,0.37623617360954636,0.7528263103802673,0.4747686344857288,2,3.4795608520507812,0.02684679627418518,0.7261904761904762,-0.21557040082219936,0.09853246087618245
pcb2,1,1,bad/039.JPG,4156,0.8756015399422522,0.5136379729332347,0.9701636188642926,0.7395739891140642,4,3.7392807006835938,0.0198897123336792,0.6813186813186813,0.09456207892204038,0.2259360161808296
pcb2,1,1,bad/040.JPG,25509,0.20228154768905093,0.005939333000290669,0.2713944098161433,0.0347513368341192,26,22.71323013305664,0.020504504442214966,0.6091142490372272,0.06911286212709239,0.02881200383382853
pcb2,1,1,bad/041.JPG,26320,0.7191489361702128,0.37966483937561396,0.6157674772036474,0.21133868055510444,25,23.53028106689453,0.08891773223876953,0.8475033738191633,-0.10338145896656536,-0.16832615882050952
pcb2,1,1,bad/042.JPG,28290,0.8472958642629904,0.3148541996359187,0.9750441852244609,0.47677877595474843,31,25.193939208984375,0.04939475655555725,0.7760849492151431,0.12774832096147049,0.16192457631882973
pcb2,1,1,bad/043.JPG,13575,0.609208103130755,0.26495809460765435,0.690902394106814,0.36493685039967616,12,11.973556518554688,0.03508317470550537,0.7149865096884964,0.08169429097605896,0.09997875579202181
pcb2,1,1,bad/044.JPG,53765,0.7027248209801916,0.15445793800086233,0.896568399516414,0.37088756684005797,49,48.20298385620117,0.03977018594741821,0.7944480102695763,0.19384357853622236,0.21642962883919564
pcb2,1,1,bad/045.JPG,9217,0.07789953347076055,0.03080823169127736,0.7082564825865248,0.4293330603856916,0,8.561538696289062,0.00733909010887146,0.5584150326797386,0.6303569491157643,0.3985248286944142
pcb2,1,1,bad/046.JPG,46827,0.42477630426890467,0.08816152693684177,0.28545497255856667,0.06422550692357022,42,41.718414306640625,0.04763475060462952,0.7322344322344323,-0.139321331710338,-0.023936020013271553
pcb2,1,1,bad/047.JPG,1288,0.0,0.0,0.0,0.0,0,1.1885986328125,-0.015651434659957886,0.3277777777777778,0.0,0.0
pcb2,1,1,bad/048.JPG,17525,0.3073323823109843,0.17503048116075606,0.23594864479315264,0.17000554940976784,6,15.65585708618164,0.044776469469070435,0.8156994047619047,-0.07138373751783167,-0.005024931750988226
pcb2,1,1,bad/049.JPG,5128,0.3984009360374415,0.32344225049147896,0.31318252730109203,0.2779188399246384,2,4.57598876953125,0.07107928395271301,0.853968253968254,-0.08521840873634945,-0.04552341056684056
pcb2,1,1,bad/050.JPG,2390,0.24644351464435146,0.08791717446522881,0.21422594142259413,0.0909816675417004,0,2.2088623046875,0.03304964303970337,0.7008547008547008,-0.032217573221757334,0.0030644930764715805
pcb2,1,1,bad/051.JPG,3207,0.18927346429685063,0.12852093844406057,0.6529466791393826,0.3195636954667139,1,2.81640625,-0.0034600496292114258,0.6142676767676767,0.463673214842532,0.19104275702265336
pcb2,1,1,bad/052.JPG,15197,0.5077317891689149,0.29587221378150785,0.3617819306442061,0.23707850597050148,9,13.510467529296875,0.03208291530609131,0.7900318133616119,-0.14594985852470882,-0.058793707811006374
pcb2,1,1,bad/053.JPG,1139,0.495171202809482,0.2671075349590274,0.6066725197541704,0.4044205520925284,0,1.0001220703125,0.07004964351654053,0.9351851851851852,0.11150131694468834,0.13731301713350103
pcb2,1,1,bad/054.JPG,8254,0.599466925127211,0.29736284075625347,0.4136176399321541,0.29047999934478247,0,7.345733642578125,0.08996239304542542,0.794480755265069,-0.1858492851950569,-0.006882841411470997
pcb2,1,1,bad/055.JPG,1672,0.06698564593301436,0.013205164576819261,0.8672248803827751,0.6510874228557124,0,1.3572425842285156,-0.0025767982006073,0.5317460317460317,0.8002392344497608,0.6378822582788931
pcb2,1,1,bad/056.JPG,1209,0.0,0.0,0.0,0.0,0,1.16845703125,0.009617328643798828,0.6186868686868687,0.0,0.0
pcb2,1,1,bad/057.JPG,2328,0.0,0.0,0.36125429553264604,0.14713505321437775,1,2.0357666015625,-0.011881768703460693,0.3671875,0.36125429553264604,0.14713505321437775
pcb2,1,1,bad/058.JPG,817,1.0,0.57967683284302,0.6976744186046512,0.2243646918142799,1,0.7348709106445312,0.001093059778213501,0.5,-0.3023255813953488,-0.3553121410287401
pcb2,1,1,bad/059.JPG,5612,0.34925160370634356,0.20807639446954965,0.2827868852459016,0.18893819106949533,1,5.238956451416016,0.03842812776565552,0.7100456621004566,-0.06646471846044194,-0.019138203400054316
pcb2,1,1,bad/060.JPG,1996,0.7149298597194389,0.3272101016078824,0.9243486973947895,0.620798993836956,2,1.7805938720703125,-0.009898573160171509,0.4903846153846154,0.20941883767535063,0.29358889222907364
pcb2,1,1,bad/061.JPG,2699,1.0,0.9078658585875418,1.0,0.9548561112275955,1,2.41845703125,0.15755972266197205,0.950632911392405,0.0,0.04699025264005374
pcb2,1,1,bad/062.JPG,2181,0.8092618065107748,0.6632935196191712,0.9935809261806511,0.9145637752976866,2,1.974853515625,0.01760295033454895,0.6984126984126984,0.18431911966987624,0.25127025567851546
pcb2,1,1,bad/063.JPG,2562,0.5405932864949259,0.2500709373902208,0.9301327088212334,0.7583512008158686,2,2.316253662109375,0.05812838673591614,0.8527777777777777,0.38953942232630756,0.5082802634256478
pcb2,1,1,bad/064.JPG,4116,0.9203109815354713,0.701071014099814,0.9927113702623906,0.8787672247900333,3,3.6937713623046875,0.14478352665901184,0.9846153846153847,0.07240038872691934,0.17769621069021935
pcb2,1,1,bad/065.JPG,3668,0.685659760087241,0.4917309540648529,0.9013086150490731,0.7192177336432278,2,3.2960586547851562,0.04410114884376526,0.7256410256410257,0.21564885496183206,0.22748677957837493
pcb2,1,1,bad/066.JPG,3406,0.7378156194950088,0.21774057529493523,0.8722842043452731,0.3525970054777437,2,2.9745635986328125,0.03546464443206787,0.8305462653288741,0.13446858485026425,0.13485643018280846
pcb2,1,1,bad/067.JPG,2064,0.8565891472868217,0.7371635725396464,0.9738372093023255,0.9114597376667586,1,1.83636474609375,0.03280702233314514,0.7030303030303031,0.11724806201550386,0.1742961651271122
pcb2,1,1,bad/068.JPG,2633,0.9358146600835549,0.33500526128424274,0.9692366122293962,0.7666518164333902,1,2.341827392578125,0.1516672968864441,0.9232613908872901,0.033421952145841316,0.43164655514914746
pcb2,1,1,bad/069.JPG,2254,0.7604259094942325,0.3739033311618319,0.9614019520851819,0.7266180118457862,2,2.02008056640625,0.024643242359161377,0.7676767676767676,0.20097604259094937,0.35271468068395434
pcb2,1,1,bad/070.JPG,2342,0.9812126387702819,0.40543429885631366,0.9479077711357814,0.42064250602909015,2,2.1275634765625,0.17168840765953064,0.9621212121212122,-0.03330486763450047,0.015208207172776489
pcb2,1,1,bad/071.JPG,3911,0.7719253387880337,0.18248079271847062,0.8445410380976732,0.1961614021886439,1,3.5304183959960938,0.06236883997917175,0.7837108953613808,0.07261569930963951,0.013680609470173272
pcb2,1,1,bad/072.JPG,2720,0.5878676470588236,0.357349161009623,0.9849264705882353,0.8266433827323763,1,2.4232177734375,0.01129576563835144,0.6329365079365079,0.3970588235294118,0.46929422172275326
pcb2,1,1,bad/073.JPG,1411,0.9808646350106307,0.7138190941068943,1.0,0.8092595945148356,1,1.270355224609375,0.03777936100959778,0.8272727272727273,0.019135364989369297,0.09544050040794139
pcb2,1,1,bad/074.JPG,5537,0.9980133646378906,0.880317786400038,0.9842875203178617,0.9128709080584471,5,4.948493957519531,0.09944003820419312,0.7986111111111112,-0.01372584432002888,0.03255312165840907
pcb2,1,1,bad/075.JPG,5839,0.9434834731974653,0.45924202656847657,1.0,0.8209998245586458,4,5.2246246337890625,0.021243929862976074,0.6783854166666667,0.05651652680253472,0.36175779799016927
pcb2,1,1,bad/076.JPG,2058,0.9591836734693877,0.5682796810853107,1.0,0.8402040187273548,1,1.8214569091796875,0.029819875955581665,0.6607142857142857,0.04081632653061229,0.27192433764204416
pcb2,1,1,bad/077.JPG,3870,0.7142118863049096,0.7481256863376514,0.637984496124031,0.639298446819696,1,3.5102920532226562,0.02029469609260559,0.7298674821610601,-0.07622739018087865,-0.10882723951795537
pcb2,1,1,bad/078.JPG,3674,1.0,0.9153079736933052,0.8922155688622755,0.8370648707659369,4,3.290283203125,0.19295135140419006,0.9947916666666667,-0.10778443113772451,-0.07824310292736825
pcb2,1,1,bad/079.JPG,3725,0.9852348993288591,0.35164918263124095,0.9540939597315437,0.19738586815415518,3,3.2503089904785156,0.16781899333000183,0.9621570482497634,-0.031140939597315453,-0.15426331447708577
pcb2,1,1,bad/080.JPG,2411,0.9979261717129821,0.9710107552903688,0.9771878888428038,0.9087060846120404,2,2.152740478515625,0.08229532837867737,0.9067460317460317,-0.020738282870178315,-0.062304670678328455
pcb2,1,1,bad/081.JPG,3880,0.6510309278350516,0.440807829812091,0.8698453608247423,0.6264919765981397,1,3.4799728393554688,0.11449092626571655,0.7708333333333334,0.21881443298969072,0.18568414678604872
pcb2,1,1,bad/082.JPG,1337,0.806282722513089,0.6514477637319066,0.9491398653702319,0.8520906854882191,0,1.2344703674316406,0.22835984826087952,0.952991452991453,0.1428571428571429,0.2006429217563125
pcb2,1,1,bad/083.JPG,1790,0.5189944134078213,0.30611253907734753,1.0,0.9324228143231506,2,1.5922927856445312,0.03897958993911743,0.734375,0.48100558659217874,0.626310275245803
pcb2,1,1,bad/084.JPG,6211,0.8976010304298825,0.6598493661076726,0.9980679439703751,0.8851761557985405,2,5.5716552734375,0.08715948462486267,0.7922413793103449,0.10046691354049264,0.22532678969086783
pcb2,1,1,bad/085.JPG,4199,1.0,0.9199641298816266,1.0,0.8879723610449965,1,3.806396484375,0.22095274925231934,0.8781512605042018,0.0,-0.03199176883663002
pcb2,1,1,bad/086.JPG,5649,0.929368029739777,0.72401735032858,0.997344662772172,0.8602893070383514,4,5.122489929199219,0.22239482402801514,0.7758454106280193,0.0679766330323951,0.13627195670977144
pcb2,1,1,bad/087.JPG,3644,0.9871020856201976,0.6184421987776861,0.9714599341383096,0.8558201044107057,0,3.254718780517578,0.20014804601669312,0.7997076023391813,-0.015642151481888078,0.23737790563301953
pcb2,1,1,bad/088.JPG,5778,0.9930771893388716,0.9274579702582472,0.9980962270681897,0.97352587963526,5,5.239826202392578,0.08119156956672668,0.71875,0.00501903772931811,0.04606790937701288
pcb2,1,1,bad/089.JPG,4589,1.0,0.9422161977211126,1.0,0.9563927328386729,4,4.076389312744141,0.23247557878494263,0.8326388888888889,0.0,0.01417653511756023
pcb2,1,1,bad/090.JPG,4086,0.94640234948605,0.8958018669628959,1.0,0.9594324896878551,2,3.597362518310547,0.1999245584011078,0.7620915032679738,0.053597650513950046,0.06363062272495923
pcb2,1,1,bad/091.JPG,4048,0.9977766798418972,0.7989709875167689,1.0,0.8764479309379106,1,3.5969772338867188,0.2336423397064209,0.7374727668845316,0.0022233201581027817,0.07747694342114175
pcb2,1,1,bad/092.JPG,7370,0.8842605156037991,0.7163490837950565,0.9679782903663501,0.843726348641611,3,6.6116943359375,0.11247020959854126,0.8871794871794871,0.08371777476255093,0.12737726484655454
pcb2,1,1,bad/093.JPG,3602,0.9997223764575236,0.8432032449924581,0.9894503053858967,0.6379431963933546,1,3.209014892578125,0.24221384525299072,0.8942307692307693,-0.010272071071626865,-0.20526004859910352
pcb2,1,1,bad/094.JPG,5546,0.9415795167688424,0.7979979325700448,0.9395961053011179,0.8539373910094019,0,4.968849182128906,0.0421728789806366,0.8180958385876419,-0.0019834114677245163,0.055939458439357104
pcb2,1,1,bad/095.JPG,6581,0.9901230815985412,0.7205750658292648,0.9942258015499165,0.9042992208677004,5,5.862373352050781,0.056065499782562256,0.7385129490392648,0.004102719951375233,0.18372415503843564
pcb2,1,1,bad/096.JPG,6136,0.6605280312907431,0.338633327696055,0.7825945241199479,0.3517170168547457,2,5.448600769042969,0.032242417335510254,0.78,0.12206649282920479,0.013083689158690737
pcb2,1,1,bad/097.JPG,3989,0.9924793181248434,0.9152086298525293,1.0,0.9410163556458008,3,3.5612030029296875,0.10780110955238342,0.8498263888888888,0.007520681875156643,0.025807725793271508
pcb2,1,1,bad/098.JPG,6695,0.9976101568334578,0.9464750238115838,0.9976101568334578,0.9674068847494701,3,5.8421173095703125,0.15691715478897095,0.9469434832756632,0.0,0.02093186093788635
pcb2,1,1,bad/099.JPG,3991,0.9847156101227762,0.941222926504299,1.0,0.9660894902902384,3,3.58123779296875,0.020550817251205444,0.6931623931623931,0.015284389877223803,0.024866563785939433
pcb2,1,2,bad/000.JPG,1853,0.733405288720993,0.5739910491758401,0.7436589314624933,0.5590216319757247,0,1.6579132080078125,0.06059432029724121,0.8685897435897436,0.010253642741500313,-0.014969417200115354
pcb2,1,2,bad/001.JPG,2744,0.9172740524781341,0.8118474509861803,0.9435131195335277,0.7454668081236705,0,2.4539794921875,0.12052199244499207,0.9458333333333333,0.026239067055393583,-0.06638064286250978
pcb2,1,2,bad/002.JPG,2760,1.0,0.9000621372558527,1.0,0.9504197935150627,1,2.479808807373047,0.10580894351005554,0.9,0.0,0.05035765625920996
pcb2,1,2,bad/003.JPG,3569,0.7458671896889885,0.6088491788159472,0.6760997478285234,0.47788682115338027,1,3.203876495361328,0.09306329488754272,0.8708333333333333,-0.06976744186046502,-0.13096235766256697
pcb2,1,2,bad/004.JPG,4400,1.0,0.7177817401961509,0.9736363636363636,0.4581014217163934,1,3.9695472717285156,0.12959668040275574,0.9299719887955181,-0.026363636363636367,-0.25968031847975753
pcb2,1,2,bad/005.JPG,4499,0.17403867526116915,0.050171747608074004,0.4872193820849078,0.24852462731764863,2,4.020496368408203,0.01713383197784424,0.7195796460176991,0.31318070682373866,0.19835287970957463
pcb2,1,2,bad/006.JPG,4585,0.8231188658669575,0.31511339377167685,0.8050163576881134,0.43093394554414216,0,4.046001434326172,0.12626302242279053,0.8763781374618813,-0.018102508178844068,0.11582055177246531
pcb2,1,2,bad/007.JPG,4959,0.9830611010284331,0.8439047879033237,0.9774148013712443,0.8936946956966976,3,4.45404052734375,0.1360580325126648,0.9484593837535015,-0.00564629965718888,0.04978990779337389
pcb2,1,2,bad/008.JPG,6749,0.9340643058230849,0.7851107604061996,0.9721440213364942,0.8506055539235408,3,6.015369415283203,0.11054500937461853,0.9318394024276377,0.038079715513409385,0.06549479351734111
pcb2,1,2,bad/009.JPG,5377,0.7539520178538218,0.5346111918187565,0.9949786126092617,0.8504626311633312,0,4.801116943359375,0.11987355351448059,0.8797554347826086,0.24102659475543986,0.3158514393445747
pcb2,1,2,bad/010.JPG,3072,0.7255859375,0.6282210210855278,0.9697265625,0.6578217886448848,0,2.6888198852539062,0.04851347208023071,0.7610330173259234,0.244140625,0.029600767559357033
pcb2,1,2,bad/011.JPG,21879,0.9635723753370812,0.7534761302596304,0.972073677956031,0.753262109525695,14,19.56494140625,0.1556071937084198,0.94715730728985,0.008501302618949769,-0.00021402073393550491
pcb2,1,2,bad/012.JPG,3079,0.8665151023059435,0.6437831850747852,0.8311139980513154,0.6976322336749996,1,2.790496826171875,0.06707698106765747,0.8866666666666666,-0.03540110425462817,0.053849048600214444
pcb2,1,2,bad/013.JPG,10241,0.9998047065716239,0.8799133855740727,1.0,0.9217245830881055,10,9.173469543457031,0.11655727028846741,0.9497023809523809,0.00019529342837609764,0.04181119751403273
pcb2,1,2,bad/014.JPG,5112,0.8472222222222222,0.5918651508545343,0.9538341158059468,0.8069539237578002,0,4.68267822265625,0.03865981101989746,0.7104938271604938,0.10661189358372458,0.2150887729032659
pcb2,1,2,bad/015.JPG,6089,0.7075053374938414,0.3906020495503405,0.7541468221382821,0.3036794562165369,3,5.464458465576172,0.04271584749221802,0.6674429436422915,0.046641484644440734,-0.08692259333380359
pcb2,1,2,bad/016.JPG,3759,0.9736632083000798,0.6077199265065902,1.0,0.7105784280014377,3,3.3318328857421875,0.21791896224021912,0.9886039886039887,0.026336791699920203,0.10285850149484743
pcb2,1,2,bad/017.JPG,4648,0.9182444061962134,0.6723670934463052,0.9053356282271945,0.7522276954178736,5,4.1480712890625,0.07920393347740173,0.8846153846153846,-0.012908777969018903,0.07986060197156841
pcb2,1,2,bad/018.JPG,3849,0.1600415692387633,0.04611506559093316,0.08469732398025462,0.005285826508453045,2,3.4131851196289062,0.006054490804672241,0.5838192419825072,-0.07534424525850869,-0.040829239082480116
pcb2,1,2,bad/019.JPG,7001,0.9424367947436081,0.4747316814822683,0.9860019997143266,0.509498988345681,6,6.271026611328125,0.12501272559165955,0.8932461873638344,0.043565204970718474,0.03476730686341267
pcb2,1,2,bad/020.JPG,3275,0.916030534351145,0.8467244376470396,0.816793893129771,0.7575086151415152,2,2.93359375,0.05502802133560181,0.7423076923076923,-0.09923664122137399,-0.0892158225055244
pcb2,1,2,bad/021.JPG,5919,0.8354451765500929,0.6283282627482297,0.981922622064538,0.70699703146967,3,5.295845031738281,0.06590244174003601,0.8007575757575757,0.14647744551444508,0.07866876872144024
pcb2,1,2,bad/022.JPG,2948,0.9996607869742198,0.9801483056760724,1.0,0.9595075748755547,2,2.6227264404296875,0.052607715129852295,0.6723646723646723,0.00033921302578021617,-0.020640730800517648
pcb2,1,2,bad/023.JPG,4778,0.8894935119296777,0.5807556868351389,0.920678107994977,0.7512177237495357,4,4.3165130615234375,0.04903894662857056,0.8423611111111111,0.03118459606529922,0.17046203691439676
pcb2,1,2,bad/024.JPG,6004,0.8924050632911392,0.34660062246053264,0.8352764823451032,0.2654323662449169,4,5.372306823730469,0.07471644878387451,0.767529665587918,-0.05712858094603601,-0.08116825621561574
pcb2,1,2,bad/025.JPG,6515,0.9800460475825019,0.8743282540415145,0.9881811204911742,0.902547639264993,4,5.76025390625,0.1947689652442932,0.8595773687798227,0.008135072908672325,0.028219385223478555
pcb2,1,2,bad/026.JPG,4079,0.9073302279970581,0.76654481387761,0.9029173817112037,0.7609808344391069,2,3.632495880126953,0.052592575550079346,0.7988782051282051,-0.004412846285854366,-0.005563979438503064
pcb2,1,2,bad/027.JPG,4976,0.7871784565916399,0.6584880064517459,0.9652331189710611,0.8669330369020212,3,4.42413330078125,0.09788036346435547,0.9455128205128205,0.17805466237942125,0.2084450304502753
pcb2,1,2,bad/028.JPG,9253,0.9455311790770561,0.4496074723801997,0.9632551604884902,0.45321717665438505,8,8.342254638671875,0.16685360670089722,0.8547570850202428,0.017723981411434164,0.0036097042741853325
pcb2,1,2,bad/029.JPG,4885,0.995496417604913,0.9661025761018283,0.9871033776867963,0.9663564239736113,4,4.40283203125,0.14163276553153992,0.7797619047619048,-0.008393039918116685,0.0002538478717830639
pcb2,1,2,bad/030.JPG,2741,0.7883983947464429,0.25915099139026887,0.9730025538124772,0.5651061486447767,1,2.4795608520507812,0.07918795943260193,0.8076923076923076,0.18460415906603433,0.30595515725450784
pcb2,1,2,bad/031.JPG,3296,0.9748179611650486,0.7667596840855861,0.8925970873786407,0.7583296102164162,2,2.954345703125,0.1175195574760437,0.8790820829655781,-0.08222087378640786,-0.00843007386916994
pcb2,1,2,bad/032.JPG,2397,0.8281184814351272,0.3652399942600591,0.8677513558614935,0.4600129774713783,1,2.1481399536132812,0.09782469272613525,0.8818807339449541,0.039632874426366316,0.09477298321131922
pcb2,1,2,bad/033.JPG,3940,0.9456852791878173,0.3983486742065057,0.9467005076142132,0.5314914455161281,3,3.5300865173339844,0.06074267625808716,0.7255244755244755,0.0010152284263958977,0.13314277130962243
pcb2,1,2,bad/034.JPG,3365,0.9052005943536404,0.5006434692416073,0.9043090638930164,0.43697978307757357,2,3.03594970703125,0.15916627645492554,0.8726567550096962,-0.0008915304606240682,-0.06366368616403373
pcb2,1,2,bad/035.JPG,2918,0.888279643591501,0.6953649416121828,0.8180260452364634,0.6861266460551146,2,2.607208251953125,0.06275784969329834,0.7956349206349206,-0.07025359835503764,-0.009238295557068121
pcb2,1,2,bad/036.JPG,2550,0.6874509803921569,0.386896903355954,0.8435294117647059,0.5248038360627014,2,2.29595947265625,0.026510268449783325,0.6698717948717948,0.15607843137254895,0.13790693270674742
pcb2,1,2,bad/037.JPG,4938,0.6901579586877278,0.33779238284074503,0.7956662616443905,0.23842861714571345,3,4.459339141845703,0.027084767818450928,0.7172684844018669,0.10550830295666269,-0.09936376569503158
pcb2,1,2,bad/038.JPG,3892,0.7728674203494348,0.34600489319945643,0.6536485097636177,0.2802846960104931,2,3.4795608520507812,0.03440764546394348,0.724025974025974,-0.11921891058581713,-0.06572019718896333
pcb2,1,2,bad/039.JPG,4156,0.9665543792107796,0.733357201265272,0.901106833493744,0.5538717032183597,4,3.7392807006835938,0.020290732383728027,0.7252747252747253,-0.0654475457170356,-0.17948549804691238
pcb2,1,2,bad/040.JPG,25509,0.3096554157356227,0.01715325666865483,0.3943314124426673,0.02088939625584551,26,22.71323013305664,0.02617168426513672,0.6512623020967052,0.08467599670704457,0.0037361395871906775
pcb2,1,2,bad/041.JPG,26320,0.7424012158054711,0.39912890910723847,0.7410714285714286,0.2777924390575606,25,23.53028106689453,0.08875799179077148,0.8726945569050831,-0.0013297872340425343,-0.12133647004967785
pcb2,1,2,bad/042.JPG,28290,0.8561329091551785,0.5671724480763313,0.9587840226228349,0.5582084722674887,31,25.193939208984375,0.06418883800506592,0.8407202216066482,0.10265111346765643,-0.008963975808842561
pcb2,1,2,bad/043.JPG,13575,0.7127808471454881,0.3054998628253814,0.8430939226519337,0.5026983354165843,12,11.973556518554688,0.03231942653656006,0.6632327691930341,0.13031307550644566,0.19719847259120288
pcb2,1,2,bad/044.JPG,53765,0.7537059425276667,0.30961963344096216,0.8964010043708732,0.49541162915808556,49,48.20298385620117,0.0377526581287384,0.7800064184852376,0.14269506184320657,0.1857919957171234
pcb2,1,2,bad/045.JPG,9217,0.3228816317673864,0.18562713423176808,0.6122382553976348,0.37682500824777376,0,8.561538696289062,0.01590174436569214,0.6712962962962963,0.2893566236302484,0.1911978740160057
pcb2,1,2,bad/046.JPG,46827,0.4148034253742499,0.06615293842725328,0.46097337006427913,0.09151933416896331,42,41.718414306640625,0.04155820608139038,0.7186202686202686,0.04616994469002922,0.025366395741710027
pcb2,1,2,bad/047.JPG,1288,0.0,0.0,0.0,0.0,0,1.1885986328125,-0.0014983117580413818,0.4736111111111111,0.0,0.0
pcb2,1,2,bad/048.JPG,17525,0.2553495007132668,0.08817399291941201,0.207018544935806,0.11706409420075482,6,15.65585708618164,0.06351912021636963,0.8081845238095238,-0.0483309557774608,0.02889010128134281
pcb2,1,2,bad/049.JPG,5128,0.3707098283931357,0.2993966734440176,0.296801872074883,0.2493394915820804,2,4.57598876953125,0.03902408480644226,0.7452380952380953,-0.0739079563182527,-0.050057181861937194
pcb2,1,2,bad/050.JPG,2390,0.21422594142259413,0.06331626691631047,0.16401673640167364,0.07187334888299451,0,2.2088623046875,0.025580883026123047,0.6901709401709402,-0.050209205020920494,0.008557081966684046
pcb2,1,2,bad/051.JPG,3207,0.1886498285001559,0.11858809995875633,0.4418459619582164,0.21927770329550622,1,2.81640625,-0.009628117084503174,0.4494949494949495,0.25319613345806047,0.1006896033367499
pcb2,1,2,bad/052.JPG,15197,0.41692439297229716,0.2796161360380309,0.27788379285385273,0.21818778034932818,9,13.510467529296875,0.04002487659454346,0.8063626723223754,-0.13904060011844444,-0.06142835568870275
pcb2,1,2,bad/053.JPG,1139,0.6830553116769096,0.5372890300419916,0.7348551360842844,0.4240970414347602,0,1.0001220703125,0.11872446537017822,0.9490740740740742,0.05179982440737485,-0.1131919886072314
pcb2,1,2,bad/054.JPG,8254,0.30615459171310877,0.22262088900365407,0.1952992488490429,0.11022042353359653,0,7.345733642578125,0.058188557624816895,0.7799564270152506,-0.11085534286406587,-0.11240046547005754
pcb2,1,2,bad/055.JPG,1672,0.2410287081339713,0.23301180250358203,0.6758373205741627,0.4560882681553175,0,1.3572425842285156,0.007148832082748413,0.47817460317460314,0.4348086124401914,0.22307646565173547
pcb2,1,2,bad/056.JPG,1209,0.0,0.0,0.0,0.0,0,1.16845703125,0.020928502082824707,0.6439393939393939,0.0,0.0
pcb2,1,2,bad/057.JPG,2328,0.012027491408934709,0.0005935470703086895,0.5103092783505154,0.14129075084596565,1,2.0357666015625,-0.0031487643718719482,0.5234375,0.4982817869415807,0.14069720377565695
pcb2,1,2,bad/058.JPG,817,0.9902080783353733,0.45892992294415164,0.8751529987760098,0.32063474066644515,1,0.7348709106445312,-0.008839786052703857,0.4222222222222222,-0.11505507955936345,-0.13829518227770649
pcb2,1,2,bad/059.JPG,5612,0.24091233071988596,0.12200362961089971,0.23895224518888097,0.1391222743901924,1,5.238956451416016,0.03768044710159302,0.7201565557729941,-0.0019600855310049903,0.017118644779292688
pcb2,1,2,bad/060.JPG,1996,0.7424849699398798,0.36235774609380045,0.8977955911823647,0.5063203945839909,2,1.7805938720703125,0.00419500470161438,0.5977564102564102,0.15531062124248496,0.14396264849019047
pcb2,1,2,bad/061.JPG,2699,1.0,0.9385106890726643,1.0,0.9722911889970243,1,2.41845703125,0.1683703362941742,0.969620253164557,0.0,0.03378049992435994
pcb2,1,2,bad/062.JPG,2181,0.8775790921595599,0.7047987762475291,1.0,0.9594261847590142,2,1.974853515625,0.014873147010803223,0.6587301587301587,0.12242090784044013,0.25462740851148513
pcb2,1,2,bad/063.JPG,2562,0.9578454332552693,0.5615784604213578,0.7607338017174082,0.5867855302064898,2,2.316253662109375,0.0568067729473114,0.8833333333333333,-0.19711163153786104,0.025207069785131986
pcb2,1,2,bad/064.JPG,4116,0.8860544217687075,0.6778932243422671,0.9640427599611273,0.8531572078938504,3,3.6937713623046875,0.11769580841064453,0.9376068376068376,0.07798833819241979,0.17526398355158335
pcb2,1,2,bad/065.JPG,3668,0.6744820065430752,0.4502938097356944,0.8969465648854962,0.7476797797641541,2,3.2960586547851562,0.05227985978126526,0.7217948717948719,0.22246455834242096,0.29738597002845973
pcb2,1,2,bad/066.JPG,3406,0.7624779800352319,0.4140182658427849,0.815619495008808,0.5187452936189503,2,2.9745635986328125,0.03247883915901184,0.7642140468227425,0.05314151497357611,0.10472702777616538
pcb2,1,2,bad/067.JPG,2064,0.9689922480620154,0.8211990105430058,0.9869186046511628,0.8855600599959785,1,1.83636474609375,0.04662242531776428,0.7848484848484849,0.01792635658914732,0.06436104945297272
pcb2,1,2,bad/068.JPG,2633,0.9304975313330801,0.3470301772245949,0.8663121914166351,0.375827145089771,1,2.341827392578125,0.1478131115436554,0.9298561151079137,-0.06418533991644504,0.028796967865176104
pcb2,1,2,bad/069.JPG,2254,0.25998225377107365,0.10763869583994058,0.7994676131322094,0.4274613603880759,2,2.02008056640625,0.032676637172698975,0.8434343434343434,0.5394853593611357,0.31982266454813535
pcb2,1,2,bad/070.JPG,2342,0.9824935952177626,0.430237545409304,0.9299743808710503,0.4139222682746746,2,2.1275634765625,0.15778565406799316,0.9772727272727273,-0.05251921434671225,-0.01631527713462938
pcb2,1,2,bad/071.JPG,3911,0.825875735106111,0.3654373827200595,0.8056762976220916,0.1724073440611966,1,3.5304183959960938,0.08049190044403076,0.8160733549083062,-0.020199437484019422,-0.1930300386588629
pcb2,1,2,bad/072.JPG,2720,0.48125,0.30286970105446676,0.8856617647058823,0.7141353250810134,1,2.4232177734375,0.013244479894638062,0.6369047619047619,0.4044117647058823,0.41126562402654665
pcb2,1,2,bad/073.JPG,1411,0.8228206945428774,0.5964947778234488,0.8377037562012757,0.6415280927225544,1,1.270355224609375,0.020394116640090942,0.6696969696969697,0.014883061658398256,0.04503331489910556
pcb2,1,2,bad/074.JPG,5537,0.9633375474083439,0.8386107508067016,0.9922340617662995,0.9335403165346889,5,4.948493957519531,0.10238334536552429,0.7380952380952381,0.028896514357955594,0.09492956572798739
pcb2,1,2,bad/075.JPG,5839,0.9803048467203288,0.5892901933839815,1.0,0.8969206728209531,4,5.2246246337890625,0.05736863613128662,0.75390625,0.019695153279671196,0.30763047943697164
pcb2,1,2,bad/076.JPG,2058,0.9533527696793003,0.6085632724332602,0.9951409135082604,0.7917573880095315,1,1.8214569091796875,0.0769316554069519,0.8194444444444444,0.04178814382896012,0.1831941155762713
pcb2,1,2,bad/077.JPG,3870,0.6782945736434108,0.7239315026321699,0.42739018087855296,0.5380144435061707,1,3.5102920532226562,0.03570607304573059,0.7431192660550459,-0.2509043927648579,-0.1859170591259992
pcb2,1,2,bad/078.JPG,3674,0.9809471965160588,0.9022165455724764,0.9305933587370713,0.8600090893072498,4,3.290283203125,0.21028530597686768,0.998263888888889,-0.0503538377789875,-0.042207456265226595
pcb2,1,2,bad/079.JPG,3725,0.99248322147651,0.6002706423043325,0.9473825503355705,0.3696195930282839,3,3.2503089904785156,0.18950212001800537,0.934247871333964,-0.04510067114093952,-0.23065104927604857
pcb2,1,2,bad/080.JPG,2411,0.9842389050186644,0.9447805487100693,0.9199502281211116,0.8560956666145847,2,2.152740478515625,0.05461227893829346,0.9067460317460317,-0.0642886768975528,-0.08868488209548464
pcb2,1,2,bad/081.JPG,3880,0.7036082474226805,0.45694309785835285,0.8806701030927835,0.4873263124006605,1,3.4799728393554688,0.07700946927070618,0.7880208333333333,0.17706185567010302,0.030383214542307635
pcb2,1,2,bad/082.JPG,1337,0.8922961854899027,0.6665300950811593,0.9394166043380703,0.8468810702706904,0,1.2344703674316406,0.22474631667137146,0.9508547008547008,0.04712041884816753,0.18035097518953103
pcb2,1,2,bad/083.JPG,1790,0.888268156424581,0.6227863541118136,1.0,0.9130126382414985,2,1.5922927856445312,0.05465269088745117,0.8090277777777778,0.11173184357541899,0.2902262841296849
pcb2,1,2,bad/084.JPG,6211,0.9119304459829335,0.6734233157598493,0.9998389953308646,0.9427100524859297,2,5.5716552734375,0.09861764311790466,0.7931034482758621,0.08790854934793113,0.2692867367260804
pcb2,1,2,bad/085.JPG,4199,1.0,0.8624527766467462,1.0,0.8235836683875233,1,3.806396484375,0.19208434224128723,0.884453781512605,0.0,-0.03886910825922296
pcb2,1,2,bad/086.JPG,5649,0.9711453354576031,0.7446957226787517,0.9966365728447513,0.8077532107694626,4,5.122489929199219,0.13479888439178467,0.7690821256038648,0.025491237387148202,0.06305748809071088
pcb2,1,2,bad/087.JPG,3644,0.9626783754116356,0.5911927594155839,0.960482985729967,0.7508237011181299,0,3.254718780517578,0.09347036480903625,0.7758284600389864,-0.002195389681668547,0.159630941702546
pcb2,1,2,bad/088.JPG,5778,1.0,0.9109961467178498,1.0,0.9748132001853013,5,5.239826202392578,0.07378968596458435,0.7563657407407408,0.0,0.06381705346745148
pcb2,1,2,bad/089.JPG,4589,1.0,0.9465113504676098,1.0,0.9608350207295013,4,4.076389312744141,0.1940939724445343,0.8381944444444444,0.0,0.014323670261891519
pcb2,1,2,bad/090.JPG,4086,0.947136563876652,0.8928890168627703,1.0,0.9541704808440707,2,3.597362518310547,0.1720190942287445,0.8019607843137255,0.052863436123347984,0.06128146398130041
pcb2,1,2,bad/091.JPG,4048,1.0,0.8620289283946178,1.0,0.8699153033637477,1,3.5969772338867188,0.18729844689369202,0.7772331154684096,0.0,0.007886374969129917
pcb2,1,2,bad/092.JPG,7370,0.8972862957937585,0.7616497965227478,0.9755766621438263,0.864603814583186,3,6.6116943359375,0.11678013205528259,0.9032967032967034,0.07829036635006781,0.10295401806043825
pcb2,1,2,bad/093.JPG,3602,0.9933370349805664,0.6657735419532186,1.0,0.8743916641933127,1,3.209014892578125,0.22118651866912842,0.8717948717948719,0.006662965019433642,0.20861812224009413
pcb2,1,2,bad/094.JPG,5546,0.9460872701045798,0.7995322846796232,0.937432383699964,0.8440831905390425,0,4.968849182128906,0.058834344148635864,0.8098991172761664,-0.008654886404615869,0.04455090585941923
pcb2,1,2,bad/095.JPG,6581,0.976295395836499,0.7334825760717353,0.9939218963683331,0.8874057438921903,5,5.862373352050781,0.050812363624572754,0.7702589807852965,0.01762650053183401,0.153923167820455
pcb2,1,2,bad/096.JPG,6136,0.6673728813559322,0.2546474986095291,0.6199478487614081,0.24447661180769278,2,5.448600769042969,0.049599796533584595,0.7872727272727272,-0.04742503259452413,-0.010170886801836337
pcb2,1,2,bad/097.JPG,3989,0.9897217347706192,0.9213925878116141,0.9904738029581349,0.9386529218787273,3,3.5612030029296875,0.11611592769622803,0.8689236111111112,0.0007520681875157198,0.017260334067113137
pcb2,1,2,bad/098.JPG,6695,0.9902912621359223,0.9324340032349012,0.9958177744585511,0.9687636782717302,3,5.8421173095703125,0.17007344961166382,0.9002306805074971,0.005526512322628796,0.036329675036828935
pcb2,1,2,bad/099.JPG,3991,0.9819594086695064,0.9427558580607395,0.9987471811576046,0.9789885695235669,3,3.58123779296875,0.04762089252471924,0.6914529914529914,0.016787772488098263,0.03623271146282747
pcb2,4,0,bad/000.JPG,1853,0.8078791149487318,0.6943925314961489,0.7819751753912574,0.6993076980095299,0,1.6579132080078125,0.039929866790771484,0.8814102564102564,-0.025903939557474387,0.004915166513380975
pcb2,4,0,bad/001.JPG,2744,1.0,0.8572558607658964,0.9733965014577259,0.8426823505720001,0,2.4539794921875,0.11860743165016174,0.9618055555555556,-0.026603498542274062,-0.0145735101938963
pcb2,4,0,bad/002.JPG,2760,1.0,0.8922813867965542,1.0,0.9396795133689636,1,2.479808807373047,0.10050344467163086,0.9052083333333334,0.0,0.04739812657240938
pcb2,4,0,bad/003.JPG,3569,0.791538246007285,0.5844534234489925,0.8349677780891006,0.6225911573868743,1,3.203876495361328,0.07984349131584167,0.9173611111111111,0.04342953208181566,0.03813773393788178
pcb2,4,0,bad/004.JPG,4400,1.0,0.6909461255128736,1.0,0.7011607494118958,1,3.9695472717285156,0.1277027428150177,0.9362745098039216,0.0,0.010214623899022168
pcb2,4,0,bad/005.JPG,4499,0.7206045787952878,0.39605589571597116,0.7159368748610803,0.4982198292941862,2,4.020496368408203,0.028456926345825195,0.8379424778761062,-0.004667703934207568,0.10216393357821502
pcb2,4,0,bad/006.JPG,4585,0.8259541984732824,0.2937218933953113,0.8743729552889858,0.4598835585777386,0,4.046001434326172,0.10262340307235718,0.8850574712643678,0.0484187568157034,0.1661616651824273
pcb2,4,0,bad/007.JPG,4959,0.984271022383545,0.8548908954117248,1.0,0.9050099460072955,3,4.45404052734375,0.16554147005081177,0.965266106442577,0.015728977616454975,0.05011905059557065
pcb2,4,0,bad/008.JPG,6749,0.9897762631500963,0.8457579607770175,1.0,0.9034486098030009,3,6.015369415283203,0.11041674017906189,0.9481792717086834,0.010223736849903742,0.05769064902598342
pcb2,4,0,bad/009.JPG,5377,0.9343500092988656,0.7125514765619667,1.0,0.9037654914536384,0,4.801116943359375,0.12322840094566345,0.9334239130434783,0.06564999070113442,0.19121401489167167
pcb2,4,0,bad/010.JPG,3072,1.0,0.6678816335642253,1.0,0.7398466993175613,0,2.6888198852539062,0.0339927077293396,0.7548218372016999,0.0,0.07196506575333605
pcb2,4,0,bad/011.JPG,21879,0.981123451711687,0.7219277050135711,0.9856940445175739,0.7693488236052887,14,19.56494140625,0.1497960090637207,0.9475061039414023,0.004570592805886897,0.047421118591717604
pcb2,4,0,bad/012.JPG,3079,0.920103929847353,0.7343566993082374,0.8905488795063332,0.780074386317606,1,2.790496826171875,0.07745879888534546,0.9411111111111111,-0.029555050341019795,0.04571768700936851
pcb2,4,0,bad/013.JPG,10241,1.0,0.8984586429438435,1.0,0.930801694073633,10,9.173469543457031,0.12417057156562805,0.9684523809523811,0.0,0.032343051129789524
pcb2,4,0,bad/014.JPG,5112,0.9870892018779343,0.7789724188755063,1.0,0.9119623999758921,0,4.68267822265625,0.05505600571632385,0.7999999999999999,0.012910798122065748,0.13298998110038585
pcb2,4,0,bad/015.JPG,6089,0.9279027754967974,0.6144594314724752,0.9236327804237149,0.6183226021178467,3,5.464458465576172,0.05057460069656372,0.7685142058686539,-0.004269995073082566,0.003863170645371561
pcb2,4,0,bad/016.JPG,3759,1.0,0.82400685346704,1.0,0.8287077147745078,3,3.3318328857421875,0.22446930408477783,0.9914529914529915,0.0,0.00470086130746783
pcb2,4,0,bad/017.JPG,4648,0.9619191049913941,0.8739530411007612,0.9771944922547332,0.888328559539228,5,4.1480712890625,0.09227436780929565,0.9205128205128205,0.015275387263339102,0.014375518438466739
pcb2,4,0,bad/018.JPG,3849,0.16082099246557546,0.04399862872096878,0.0937905949597298,0.01097129934626308,2,3.4131851196289062,-0.0012010931968688965,0.5677842565597668,-0.06703039750584566,-0.033027329374705705
pcb2,4,0,bad/019.JPG,7001,0.9834309384373661,0.5016047948018856,0.9958577346093416,0.559670688689974,6,6.271026611328125,0.1344829797744751,0.937363834422658,0.012426796171975507,0.05806589388808847
pcb2,4,0,bad/020.JPG,3275,0.9755725190839695,0.9058280676354475,0.9569465648854962,0.8935042921793032,2,2.93359375,0.03382498025894165,0.7961538461538462,-0.018625954198473238,-0.012323775456144381
pcb2,4,0,bad/021.JPG,5919,0.9831052542659233,0.7479031012526574,0.9974657881398885,0.7426117417408923,3,5.295845031738281,0.06647080183029175,0.8768939393939394,0.014360533873965187,-0.00529135951176507
pcb2,4,0,bad/022.JPG,2948,1.0,0.994148983159262,1.0,0.9828334775068822,2,2.6227264404296875,0.019808411598205566,0.7393162393162392,0.0,-0.01131550565237982
pcb2,4,0,bad/023.JPG,4778,0.9384679782335705,0.520856364943813,0.9820008371703641,0.7766084119405761,4,4.3165130615234375,0.042164236307144165,0.85,0.043532858936793595,0.255752046996763
pcb2,4,0,bad/024.JPG,6004,0.9560293137908061,0.5482100481176242,0.9435376415722851,0.5081852140517121,4,5.372306823730469,0.08047586679458618,0.8306364617044228,-0.012491672218520988,-0.04002483406591206
pcb2,4,0,bad/025.JPG,6515,1.0,0.8939987558163048,0.9993860322333078,0.9358532929574495,4,5.76025390625,0.15980035066604614,0.8885480572597136,-0.0006139677666922028,0.04185453714114462
pcb2,4,0,bad/026.JPG,4079,0.9144398136798235,0.7998997314696396,0.9289041431723462,0.8180772431479418,2,3.632495880126953,0.05276474356651306,0.8345352564102564,0.014464329492522632,0.018177511678302283
pcb2,4,0,bad/027.JPG,4976,0.9515675241157556,0.833894700200234,1.0,0.9410149559789956,3,4.42413330078125,0.09743073582649231,0.9294871794871795,0.048432475884244375,0.10712025577876161
pcb2,4,0,bad/028.JPG,9253,0.9886523289743867,0.7668740148398329,0.9855182103101697,0.6842638475807409,8,8.342254638671875,0.17379528284072876,0.9271255060728745,-0.0031341186642169783,-0.08261016725909198
pcb2,4,0,bad/029.JPG,4885,0.9991811668372569,0.9687648481884377,1.0,0.9794533148939756,4,4.40283203125,0.14240425825119019,0.8047619047619048,0.0008188331627431156,0.010688466705537913
pcb2,4,0,bad/030.JPG,2741,1.0,0.6630863583697607,0.9930682232761766,0.701254197014964,1,2.4795608520507812,0.07855567336082458,0.8406593406593407,-0.006931776723823391,0.038167838645203345
pcb2,4,0,bad/031.JPG,3296,1.0,0.7692870374843808,0.9908980582524272,0.8257252305718372,2,2.954345703125,0.08673101663589478,0.8958517210944394,-0.00910194174757284,0.056438193087456456
pcb2,4,0,bad/032.JPG,2397,0.9224030037546934,0.4624773693304911,0.9762202753441802,0.7054431479940404,1,2.1481399536132812,0.05854484438896179,0.9059633027522935,0.05381727158948679,0.2429657786635493
pcb2,4,0,bad/033.JPG,3940,0.9700507614213199,0.4432582074612263,0.9875634517766497,0.6653093730984779,3,3.5300865173339844,0.056715160608291626,0.7703962703962703,0.017512690355329874,0.22205116563725164
pcb2,4,0,bad/034.JPG,3365,0.9093610698365527,0.47337528044753424,0.9191679049034175,0.4497057542549687,2,3.03594970703125,0.16420096158981323,0.8901098901098901,0.00980683506686475,-0.023669526192565515
pcb2,4,0,bad/035.JPG,2918,0.931117203564085,0.8171837587298627,0.8385880740233036,0.7350968216719507,2,2.607208251953125,0.04915550351142883,0.8134920634920635,-0.09252912954078141,-0.08208693705791203
pcb2,4,0,bad/036.JPG,2550,0.8827450980392156,0.5896675693021455,0.9603921568627451,0.7246712706077741,2,2.29595947265625,0.04347407817840576,0.7291666666666667,0.07764705882352951,0.13500370130562866
pcb2,4,0,bad/037.JPG,4938,0.8626974483596598,0.423468378819022,0.7922235722964763,0.265390565869891,3,4.459339141845703,0.02879387140274048,0.7253746008351756,-0.07047387606318345,-0.15807781294913098
pcb2,4,0,bad/038.JPG,3892,0.8838643371017472,0.4067136498767643,0.7528263103802673,0.3793136034317149,2,3.4795608520507812,0.022480130195617676,0.7099567099567099,-0.1310380267214799,-0.027400046445049397
pcb2,4,0,bad/039.JPG,4156,0.9846005774783445,0.7866979394568524,0.9470644850818094,0.7003248116683225,4,3.7392807006835938,0.017453700304031372,0.8021978021978021,-0.0375360923965351,-0.0863731277885299
pcb2,4,0,bad/040.JPG,25509,0.29420988670665255,0.009693517428546513,0.3354502332510094,0.028510370603373955,26,22.71323013305664,0.03268319368362427,0.6953359007274283,0.041240346544356876,0.018816853174827442
pcb2,4,0,bad/041.JPG,26320,0.7616641337386019,0.3807743089339846,0.6786094224924012,0.24779497248814972,25,23.53028106689453,0.08778104186058044,0.8940620782726045,-0.08305471124620067,-0.1329793364458349
pcb2,4,0,bad/042.JPG,28290,0.9942382467302934,0.8245009307180392,0.9893955461293743,0.7034298832315108,31,25.193939208984375,0.05006510019302368,0.9141274238227147,-0.00484270060091907,-0.12107104748652842
pcb2,4,0,bad/043.JPG,13575,0.8209944751381215,0.4458345896504718,0.9040147329650092,0.5509977978742061,12,11.973556518554688,0.013386726379394531,0.6980623007113074,0.08302025782688771,0.10516320822373432
pcb2,4,0,bad/044.JPG,53765,0.9128987259369479,0.3116568639471072,0.9625592857807124,0.4289918342762321,49,48.20298385620117,0.042158305644989014,0.842479674796748,0.049660559843764496,0.11733497032912493
pcb2,4,0,bad/045.JPG,9217,0.3692090701963763,0.19312231009894243,0.8964956059455355,0.6069435899629392,0,8.561538696289062,0.009683191776275635,0.6207788671023965,0.5272865357491592,0.41382127986399675
pcb2,4,0,bad/046.JPG,46827,0.5103679501142503,0.09885904056152577,0.41866871676596834,0.12148913173852832,42,41.718414306640625,0.04846358299255371,0.7845543345543347,-0.09169923334828195,0.022630091177002556
pcb2,4,0,bad/047.JPG,1288,0.0,0.0,0.0,0.0,0,1.1885986328125,-0.00016248226165771484,0.5444444444444444,0.0,0.0
pcb2,4,0,bad/048.JPG,17525,0.5130385164051355,0.18535522679810526,0.41991440798858776,0.18534762146676895,6,15.65585708618164,0.046893686056137085,0.8484375,-0.09312410841654778,-7.605331336313359e-06
pcb2,4,0,bad/049.JPG,5128,0.5360764430577223,0.4010006193122043,0.32293291731669266,0.2969733681242766,2,4.57598876953125,0.04114454984664917,0.8031746031746032,-0.21314352574102963,-0.10402725118792772
pcb2,4,0,bad/050.JPG,2390,0.29497907949790797,0.18854468639295305,0.32259414225941424,0.2073192173078671,0,2.2088623046875,0.007991582155227661,0.7350427350427351,0.02761506276150627,0.018774530914914045
pcb2,4,0,bad/051.JPG,3207,0.26348612410352357,0.18340592153933222,0.8493919550982226,0.498862657952758,1,2.81640625,-0.0016761720180511475,0.5631313131313131,0.5859058309946991,0.3154567364134258
pcb2,4,0,bad/052.JPG,15197,0.4720668553003882,0.2917548487955389,0.4249522932157663,0.27829961524876284,9,13.510467529296875,0.033110618591308594,0.807423117709438,-0.04711456208462195,-0.01345523354677608
pcb2,4,0,bad/053.JPG,1139,0.7664618086040387,0.5051608213535284,0.8112379280070237,0.6006857565378417,0,1.0001220703125,0.05262753367424011,0.9606481481481481,0.04477611940298498,0.09552493518431338
pcb2,4,0,bad/054.JPG,8254,0.4359098618851466,0.2849108028475081,0.33438332929488734,0.24875681098043226,0,7.345733642578125,0.06145790219306946,0.8238925199709513,-0.10152653259025923,-0.036153991867075824
pcb2,4,0,bad/055.JPG,1672,0.20574162679425836,0.18960678079443075,0.9216507177033493,0.6789892317205204,0,1.3572425842285156,0.002658843994140625,0.5059523809523809,0.7159090909090909,0.4893824509260897
pcb2,4,0,bad/056.JPG,1209,0.004962779156327543,9.384384384384399e-05,0.2812241521918941,0.08892856106215126,0,1.16845703125,-0.001335233449935913,0.5277777777777778,0.2762613730355666,0.08883471721830742
pcb2,4,0,bad/057.JPG,2328,0.0,0.0,0.7929553264604811,0.45136324561356367,1,2.0357666015625,-0.0030104517936706543,0.4546875,0.7929553264604811,0.45136324561356367
pcb2,4,0,bad/058.JPG,817,0.9694002447980417,0.8870705688956537,0.8812729498164015,0.3350845241291754,1,0.7348709106445312,0.013686329126358032,0.6833333333333333,-0.08812729498164018,-0.5519860447664784
pcb2,4,0,bad/059.JPG,5612,0.26247327156094086,0.1663283872748257,0.298823948681397,0.2232675309141672,1,5.238956451416016,0.03667643666267395,0.7804957599478147,0.03635067712045614,0.056939143639341494
pcb2,4,0,bad/060.JPG,1996,0.8647294589178357,0.45656547283468996,0.9438877755511023,0.6891428083862958,2,1.7805938720703125,0.00511971116065979,0.5833333333333335,0.07915831663326656,0.23257733555160587
pcb2,4,0,bad/061.JPG,2699,1.0,0.9488545208795625,1.0,0.9747534291781109,1,2.41845703125,0.1692279577255249,0.979746835443038,0.0,0.025898908298548462
pcb2,4,0,bad/062.JPG,2181,0.9738651994497937,0.8966525308300372,0.9986244841815681,0.9847519616059133,2,1.974853515625,0.02218794822692871,0.763888888888889,0.024759284731774467,0.08809943077587612
pcb2,4,0,bad/063.JPG,2562,0.9847775175644028,0.6573640527514699,1.0,0.8718286445488855,2,2.316253662109375,0.06529837846755981,0.9722222222222221,0.015222482435597207,0.21446459179741562
pcb2,4,0,bad/064.JPG,4116,0.9689018464528668,0.7826478060491813,0.9815354713313897,0.8970543660806432,3,3.6937713623046875,0.1101292073726654,0.994017094017094,0.012633624878522931,0.11440656003146188
pcb2,4,0,bad/065.JPG,3668,0.8582333696837514,0.6756257435276148,0.9830970556161396,0.895198696414416,2,3.2960586547851562,0.061638593673706055,0.7525641025641026,0.12486368593238817,0.21957295288680112
pcb2,4,0,bad/066.JPG,3406,0.7871403405754551,0.46632814736201234,0.9333529066353494,0.7102299082700853,2,2.9745635986328125,0.039343059062957764,0.8377926421404682,0.1462125660598943,0.24390176090807292
pcb2,4,0,bad/067.JPG,2064,0.9966085271317829,0.9045427183940696,1.0,0.9592262476294764,1,1.83636474609375,0.04910212755203247,0.8727272727272728,0.0033914728682170603,0.05468352923540676
pcb2,4,0,bad/068.JPG,2633,0.9753133308013673,0.5726206792409338,0.9889859475883023,0.7288532106852461,1,2.341827392578125,0.14370211958885193,0.9460431654676258,0.013672616786934988,0.15623253144431226
pcb2,4,0,bad/069.JPG,2254,1.0,0.8699667780080491,1.0,0.731681432025565,2,2.02008056640625,0.04494008421897888,0.8611111111111113,0.0,-0.1382853459824841
pcb2,4,0,bad/070.JPG,2342,1.0,0.5960192254513521,0.9701110162254484,0.45005575443858037,2,2.1275634765625,0.1575934886932373,0.9924242424242424,-0.029888983774551625,-0.14596347101277174
pcb2,4,0,bad/071.JPG,3911,0.9437484019432371,0.5963535124012505,0.9537202761442086,0.424165109261955,1,3.5304183959960938,0.07344895601272583,0.8122977346278317,0.009971874200971564,-0.17218840313929545
pcb2,4,0,bad/072.JPG,2720,0.8297794117647059,0.6100293164344348,1.0,0.8452439547979942,1,2.4232177734375,0.01109921932220459,0.626984126984127,0.17022058823529407,0.23521463836355938
pcb2,4,0,bad/073.JPG,1411,1.0,0.8455079033959828,1.0,0.8429106112672741,1,1.270355224609375,0.04377204179763794,0.8848484848484849,0.0,-0.002597292128708739
pcb2,4,0,bad/074.JPG,5537,1.0,0.9335600017767648,0.9960267292757811,0.9533270487295943,5,4.948493957519531,0.11537468433380127,0.8323412698412698,-0.003973270724218936,0.019767046952829492
pcb2,4,0,bad/075.JPG,5839,0.9998287377975681,0.8421265471804592,1.0,0.9485092591450275,4,5.2246246337890625,0.042960524559020996,0.7630208333333334,0.00017126220243190993,0.10638271196456828
pcb2,4,0,bad/076.JPG,2058,0.999514091350826,0.5976088249778923,1.0,0.8195854208543887,1,1.8214569091796875,0.013427048921585083,0.6964285714285714,0.0004859086491739717,0.22197659587649643
pcb2,4,0,bad/077.JPG,3870,0.7281653746770026,0.7922282099973199,0.8007751937984496,0.7605039830066542,1,3.5102920532226562,0.031147897243499756,0.6763506625891946,0.07260981912144704,-0.03172422699066568
pcb2,4,0,bad/078.JPG,3674,1.0,0.9587431953939181,0.9940119760479041,0.9360964325443774,4,3.290283203125,0.20998889207839966,1.0,-0.005988023952095856,-0.022646762849540703
pcb2,4,0,bad/079.JPG,3725,0.99248322147651,0.4676932973974911,0.9731543624161074,0.2522820991577904,3,3.2503089904785156,0.18155962228775024,0.9432355723746452,-0.019328859060402603,-0.21541119823970073
pcb2,4,0,bad/080.JPG,2411,0.9800912484446288,0.9558008659226843,0.9771878888428038,0.9433946496998558,2,2.152740478515625,0.04510188102722168,0.8988095238095238,-0.002903359601824973,-0.012406216222828559
pcb2,4,0,bad/081.JPG,3880,0.8293814432989691,0.5391000531043711,0.9652061855670103,0.762420287432724,1,3.4799728393554688,0.07618352770805359,0.803125,0.1358247422680412,0.2233202343283529
pcb2,4,0,bad/082.JPG,1337,1.0,0.6469345685001132,0.9977561705310396,0.8513212542013595,0,1.2344703674316406,0.19585180282592773,0.9615384615384615,-0.002243829468960401,0.2043866857012463
pcb2,4,0,bad/083.JPG,1790,0.8810055865921788,0.5901949841308194,1.0,0.9575765477535964,2,1.5922927856445312,0.040661901235580444,0.857638888888889,0.11899441340782124,0.36738156362277696
pcb2,4,0,bad/084.JPG,6211,0.9705361455482209,0.8174516591240785,0.9998389953308646,0.9488114352790535,2,5.5716552734375,0.10234755277633667,0.8452586206896552,0.029302849782643747,0.13135977615497507
pcb2,4,0,bad/085.JPG,4199,1.0,0.9000879665565792,1.0,0.8917614623065295,1,3.806396484375,0.15656530857086182,0.9215686274509804,0.0,-0.00832650425004966
pcb2,4,0,bad/086.JPG,5649,0.9743317401309967,0.7574573990829289,1.0,0.896748119832122,4,5.122489929199219,0.1491537094116211,0.8536231884057971,0.02566825986900334,0.13929072074919313
pcb2,4,0,bad/087.JPG,3644,0.9511525795828759,0.6207640202776293,0.9698133918770582,0.8518038379382056,0,3.254718780517578,0.1166902482509613,0.7714424951267057,0.01866081229418226,0.23103981766057624
pcb2,4,0,bad/088.JPG,5778,1.0,0.9513814610733959,1.0,0.9823679338736452,5,5.239826202392578,0.1038411557674408,0.8148148148148148,0.0,0.030986472800249243
pcb2,4,0,bad/089.JPG,4589,1.0,0.9549144101040066,1.0,0.9609581897382904,4,4.076389312744141,0.17841097712516785,0.8277777777777778,0.0,0.006043779634283819
pcb2,4,0,bad/090.JPG,4086,0.9437102300538424,0.8995995261046655,1.0,0.9679807591763601,2,3.597362518310547,0.1837882399559021,0.7725490196078432,0.05628976994615764,0.06838123307169452
pcb2,4,0,bad/091.JPG,4048,1.0,0.8878123484240693,1.0,0.9142223278571152,1,3.5969772338867188,0.18788307905197144,0.7761437908496731,0.0,0.026409979433045905
pcb2,4,0,bad/092.JPG,7370,0.8881953867028494,0.7247606568499207,0.976797829036635,0.8529814167160362,3,6.6116943359375,0.09962740540504456,0.9223443223443224,0.08860244233378567,0.12822075986611547
pcb2,4,0,bad/093.JPG,3602,0.9950027762354248,0.709068503742879,1.0,0.8748023428682641,1,3.209014892578125,0.24028488993644714,0.9198717948717948,0.0049972237645752315,0.16573383912538509
pcb2,4,0,bad/094.JPG,5546,0.9560043274432023,0.8248674223205577,0.9480706815723043,0.8671781914449314,0,4.968849182128906,0.04994547367095947,0.8634930643127364,-0.007933645870897954,0.042310769124373704
pcb2,4,0,bad/095.JPG,6581,1.0,0.8162735992147154,0.9946816593222915,0.8964409313860091,5,5.862373352050781,0.04949915409088135,0.8362573099415205,-0.005318340677708533,0.08016733217129368
pcb2,4,0,bad/096.JPG,6136,0.703715775749674,0.3069658029324972,0.6680247718383312,0.2606232649209123,2,5.448600769042969,0.04069444537162781,0.815959595959596,-0.03569100391134283,-0.04634253801158489
pcb2,4,0,bad/097.JPG,3989,1.0,0.9602709636819706,0.9994986212083229,0.9616637843807857,3,3.5612030029296875,0.09607386589050293,0.859375,-0.0005013787916771095,0.0013928206988150782
pcb2,4,0,bad/098.JPG,6695,0.9967139656460045,0.9510348744271987,0.9989544436146378,0.9719891329758477,3,5.8421173095703125,0.1672973334789276,0.9423298731257209,0.0022404779686333587,0.020954258548648963
pcb2,4,0,bad/099.JPG,3991,0.9919819594086695,0.9604212397505691,1.0,0.9798396992330339,3,3.58123779296875,0.024246573448181152,0.7153846153846155,0.008018040591330489,0.01941845948246479
pcb2,4,1,bad/000.JPG,1853,0.8046411225040475,0.6544778106415836,0.8559093362115489,0.7298997954871855,0,1.6579132080078125,0.06374511122703552,0.905448717948718,0.05126821370750134,0.07542198484560192
pcb2,4,1,bad/001.JPG,2744,1.0,0.8608663492015753,0.9803206997084548,0.720510539799524,0,2.4539794921875,0.12667998671531677,0.9527777777777777,-0.019679300291545188,-0.1403558094020514
pcb2,4,1,bad/002.JPG,2760,1.0,0.9064696709156386,1.0,0.9489354197301275,1,2.479808807373047,0.11063024401664734,0.9249999999999999,0.0,0.042465748814488946
pcb2,4,1,bad/003.JPG,3569,0.9453628467357803,0.73676722318346,0.8753152143457551,0.6790434190945094,1,3.203876495361328,0.08020585775375366,0.8993055555555556,-0.0700476323900252,-0.057723804088950614
pcb2,4,1,bad/004.JPG,4400,1.0,0.7177115893537334,1.0,0.7307610717371091,1,3.9695472717285156,0.13661715388298035,0.9572829131652661,0.0,0.013049482383375777
pcb2,4,1,bad/005.JPG,4499,0.5903534118693043,0.2949005018558274,0.67192709490998,0.47887516759002824,2,4.020496368408203,0.028639525175094604,0.808075221238938,0.08157368304067569,0.18397466573420085
pcb2,4,1,bad/006.JPG,4585,0.8761177753544166,0.33585366886596496,0.9611777535441658,0.7032995911712395,0,4.046001434326172,0.12396866083145142,0.8859957776213933,0.0850599781897492,0.36744592230527456
pcb2,4,1,bad/007.JPG,4959,0.9973785037305909,0.8578534059457815,1.0,0.9366956228804465,3,4.45404052734375,0.13428133726119995,0.9635854341736695,0.002621496269409107,0.07884221693466498
pcb2,4,1,bad/008.JPG,6749,1.0,0.8789845130524082,1.0,0.9183654576676729,3,6.015369415283203,0.11108431220054626,0.9355742296918768,0.0,0.039380944615264646
pcb2,4,1,bad/009.JPG,5377,0.9562953319694997,0.7565212161676557,1.0,0.9043279735592408,0,4.801116943359375,0.12694260478019714,0.9171195652173914,0.04370466803050033,0.1478067573915851
pcb2,4,1,bad/010.JPG,3072,0.9729817708333334,0.616535495814892,0.990234375,0.6696717350542566,0,2.6888198852539062,0.03824281692504883,0.7819548872180451,0.01725260416666663,0.05313623923936461
pcb2,4,1,bad/011.JPG,21879,0.9889391654097537,0.7537987540202271,0.9885278120572238,0.7914330394360908,14,19.56494140625,0.15901213884353638,0.9513428671084757,-0.00041135335252984184,0.037634285415863666
pcb2,4,1,bad/012.JPG,3079,0.891523221825268,0.6879922030719466,0.8950958103280285,0.7957400899611053,1,2.790496826171875,0.08158344030380249,0.9288888888888889,0.003572588502760543,0.1077478868891587
pcb2,4,1,bad/013.JPG,10241,1.0,0.8965378544739707,1.0,0.9302455420942185,10,9.173469543457031,0.12408152222633362,0.9639880952380953,0.0,0.033707687620247784
pcb2,4,1,bad/014.JPG,5112,0.9937402190923318,0.791860372357074,1.0,0.9200037532624619,0,4.68267822265625,0.05533239245414734,0.8179012345679012,0.006259780907668211,0.1281433809053879
pcb2,4,1,bad/015.JPG,6089,0.8817539825915586,0.5516738535462574,0.8847101330267696,0.5704741600498562,3,5.464458465576172,0.05469822883605957,0.7936655798789009,0.0029561504352110246,0.018800306503598763
pcb2,4,1,bad/016.JPG,3759,1.0,0.7248244559709656,1.0,0.8199608702552987,3,3.3318328857421875,0.19784295558929443,0.9886039886039887,0.0,0.09513641428433317
pcb2,4,1,bad/017.JPG,4648,0.9546041308089501,0.847798042973791,0.9578313253012049,0.9010491766931941,5,4.1480712890625,0.10142889618873596,0.858974358974359,0.0032271944922547258,0.05325113371940304
pcb2,4,1,bad/018.JPG,3849,0.15900233826968044,0.03743159438291264,0.10808002078461938,0.010201452915399862,2,3.4131851196289062,-0.006260782480239868,0.5422740524781342,-0.050922317485061055,-0.027230141467512778
pcb2,4,1,bad/019.JPG,7001,0.9960005713469504,0.5185339701585767,1.0,0.6440839138914132,6,6.271026611328125,0.14755770564079285,0.9444444444444444,0.003999428653049586,0.12554994373283646
pcb2,4,1,bad/020.JPG,3275,0.9758778625954199,0.9080696574284055,0.9581679389312977,0.8908920848042412,2,2.93359375,0.049307405948638916,0.7756410256410257,-0.017709923664122162,-0.017177572624164306
pcb2,4,1,bad/021.JPG,5919,0.9665484034465281,0.6923606952182493,0.9935799966210509,0.7336247253614461,3,5.295845031738281,0.06137368083000183,0.8227272727272728,0.02703159317452275,0.041264030143196795
pcb2,4,1,bad/022.JPG,2948,1.0,0.9869830765241101,1.0,0.9760380298384721,2,2.6227264404296875,0.019944071769714355,0.7735042735042735,0.0,-0.010945046685638005
pcb2,4,1,bad/023.JPG,4778,0.982628714943491,0.506797874240408,0.9677689409794893,0.7600841140828021,4,4.3165130615234375,0.0510748028755188,0.8604166666666666,-0.014859773964001732,0.25328623984239407
pcb2,4,1,bad/024.JPG,6004,0.9465356429047301,0.5555544843586026,0.9453697534976683,0.5940827938378431,4,5.372306823730469,0.095971018075943,0.7998921251348436,-0.0011658894070618597,0.038528309479240574
pcb2,4,1,bad/025.JPG,6515,1.0,0.8425167594872407,1.0,0.9133480398997335,4,5.76025390625,0.16736140847206116,0.8967280163599182,0.0,0.07083128041249276
pcb2,4,1,bad/026.JPG,4079,0.9181171855847021,0.7893814009334582,0.9357685707281196,0.812308546382119,2,3.632495880126953,0.05679228901863098,0.8453525641025641,0.017651385143417464,0.022927145448660813
pcb2,4,1,bad/027.JPG,4976,0.9744774919614148,0.8847126011810793,1.0,0.9533433013059343,3,4.42413330078125,0.09571874141693115,0.938301282051282,0.025522508038585245,0.06863070012485495
pcb2,4,1,bad/028.JPG,9253,1.0,0.7450361159948319,0.9822760185885658,0.5144219506222752,8,8.342254638671875,0.17725184559822083,0.9392712550607287,-0.017723981411434164,-0.23061416537255663
pcb2,4,1,bad/029.JPG,4885,1.0,0.9766530969409898,1.0,0.9865391074895872,4,4.40283203125,0.14183223247528076,0.8083333333333333,0.0,0.00988601054859739
pcb2,4,1,bad/030.JPG,2741,0.9817584823057278,0.5389986096311898,0.9894199197373221,0.682837584386616,1,2.4795608520507812,0.09294474124908447,0.8113553113553115,0.007661437431594309,0.14383897475542617
pcb2,4,1,bad/031.JPG,3296,0.995752427184466,0.4727811760988059,0.9817961165048543,0.8044790470147878,2,2.954345703125,0.05095559358596802,0.8393645189761695,-0.013956310679611672,0.3316978709159819
pcb2,4,1,bad/032.JPG,2397,0.9265748852732583,0.4709015534729549,0.9716312056737588,0.6415900934881158,1,2.1481399536132812,0.05560019612312317,0.8738532110091743,0.04505632040050056,0.17068854001516087
pcb2,4,1,bad/033.JPG,3940,0.8682741116751269,0.34748763998217397,0.967258883248731,0.5842331156259558,3,3.5300865173339844,0.058675527572631836,0.7698135198135199,0.09898477157360408,0.23674547564378184
pcb2,4,1,bad/034.JPG,3365,0.9156017830609212,0.45263017268997957,0.9313521545319465,0.4647982267663403,2,3.03594970703125,0.16268879175186157,0.8868778280542987,0.015750371471025315,0.012168054076360735
pcb2,4,1,bad/035.JPG,2918,0.9126113776559287,0.7712040266367726,0.935229609321453,0.8379808321138273,2,2.607208251953125,0.04195684194564819,0.8273809523809523,0.022618231665524346,0.06677680547705478
pcb2,4,1,bad/036.JPG,2550,0.5788235294117647,0.3253909819302546,0.8835294117647059,0.5721141628606752,2,2.29595947265625,0.009401381015777588,0.5817307692307693,0.30470588235294116,0.24672318093042056
pcb2,4,1,bad/037.JPG,4938,0.9046172539489672,0.530635866086833,0.7901984609153504,0.23133474058047054,3,4.459339141845703,0.028796255588531494,0.7425693932694669,-0.1144187930336168,-0.29930112550636245
pcb2,4,1,bad/038.JPG,3892,0.8106372045220966,0.31655401263584937,0.9226618705035972,0.5729279535427659,2,3.4795608520507812,0.020097196102142334,0.7294372294372294,0.11202466598150052,0.25637394090691656
pcb2,4,1,bad/039.JPG,4156,0.9704042348411934,0.7108639565110487,0.9506737247353224,0.6970636119464907,4,3.7392807006835938,0.015581756830215454,0.7225274725274725,-0.019730510105871013,-0.013800344564558031
pcb2,4,1,bad/040.JPG,25509,0.2489317495785801,0.0063978008938087695,0.36022580265788545,0.05029472418359897,26,22.71323013305664,0.014376848936080933,0.5857937526743688,0.11129405307930534,0.043896923289790196
pcb2,4,1,bad/041.JPG,26320,0.719870820668693,0.3586000440526509,0.6501139817629179,0.2520295321677821,25,23.53028106689453,0.08718064427375793,0.8468286099865047,-0.06975683890577511,-0.10657051188486877
pcb2,4,1,bad/042.JPG,28290,0.9968540120183811,0.730947197278178,0.9968540120183811,0.7032711944470846,31,25.193939208984375,0.049209266901016235,0.8938134810710988,0.0,-0.027676002831093394
pcb2,4,1,bad/043.JPG,13575,0.7976427255985267,0.36301350639949587,0.9070349907918969,0.6321555976339103,12,11.973556518554688,0.03609740734100342,0.7390237920039244,0.1093922651933702,0.2691420912344144
pcb2,4,1,bad/044.JPG,53765,0.884143959825165,0.23756044407971516,0.9686785083232586,0.4208832319477482,49,48.20298385620117,0.03943604230880737,0.8292682926829268,0.08453454849809361,0.18332278786803302
pcb2,4,1,bad/045.JPG,9217,0.11728328089400021,0.0428279792051417,0.8658999674514484,0.5563887461384529,0,8.561538696289062,0.00566902756690979,0.5890522875816994,0.7486166865574482,0.5135607669333112
pcb2,4,1,bad/046.JPG,46827,0.512204497405343,0.10873996090861794,0.43579558801546114,0.10522511699172246,42,41.718414306640625,0.052927374839782715,0.7412087912087912,-0.07640890938988187,-0.00351484391689548
pcb2,4,1,bad/047.JPG,1288,0.0,0.0,0.0,0.0,0,1.1885986328125,-0.006741166114807129,0.4291666666666667,0.0,0.0
pcb2,4,1,bad/048.JPG,17525,0.31988587731811696,0.16260070989142117,0.5161198288159772,0.21065897774996095,6,15.65585708618164,0.034576088190078735,0.8142857142857142,0.19623395149786022,0.04805826785853978
pcb2,4,1,bad/049.JPG,5128,0.5413416536661466,0.37193592851277923,0.33521840873634945,0.3004026948070064,2,4.57598876953125,0.04475200176239014,0.8436507936507938,-0.20612324492979717,-0.07153323370577286
pcb2,4,1,bad/050.JPG,2390,0.27405857740585776,0.12440199087683391,0.27824267782426776,0.15600653530675604,0,2.2088623046875,0.014098554849624634,0.6965811965811965,0.004184100418409997,0.031604544429922124
pcb2,4,1,bad/051.JPG,3207,0.2987215466167758,0.19930405982963006,0.6962893670096664,0.41374692479587916,1,2.81640625,-0.003208070993423462,0.5006313131313131,0.39756782039289057,0.2144428649662491
pcb2,4,1,bad/052.JPG,15197,0.36171612818319404,0.2741302836795676,0.3272356386128841,0.2332242438367088,9,13.510467529296875,0.01724851131439209,0.7367974549310711,-0.03448048957030991,-0.04090603984285879
pcb2,4,1,bad/053.JPG,1139,0.5092186128182616,0.2815493420736238,0.6014047410008779,0.3985020438716326,0,1.0001220703125,0.046792805194854736,0.9120370370370371,0.09218612818261629,0.11695270179800882
pcb2,4,1,bad/054.JPG,8254,0.34698328083353525,0.2574623646398376,0.2773200872304337,0.23139343934771595,0,7.345733642578125,0.0605623722076416,0.7926652142338417,-0.06966319360310153,-0.02606892529212168
pcb2,4,1,bad/055.JPG,1672,0.18720095693779903,0.1519327521328343,0.819377990430622,0.6049841226505411,0,1.3572425842285156,0.00017440319061279297,0.4305555555555556,0.632177033492823,0.45305137051770683
pcb2,4,1,bad/056.JPG,1209,0.24648469809760132,0.024415887581314532,0.6699751861042184,0.2034503275520185,0,1.16845703125,0.015789180994033813,0.6691919191919192,0.42349048800661704,0.17903443997070398
pcb2,4,1,bad/057.JPG,2328,0.0,0.0,0.8273195876288659,0.4463363941631469,1,2.0357666015625,-0.00481906533241272,0.425,0.8273195876288659,0.4463363941631469
pcb2,4,1,bad/058.JPG,817,1.0,0.9318715713200884,0.7429620563035496,0.2776420010598736,1,0.7348709106445312,0.007375806570053101,0.6055555555555555,-0.2570379436964504,-0.6542295702602148
pcb2,4,1,bad/059.JPG,5612,0.4333570919458304,0.280201016930313,0.28884533143264435,0.2539233834550835,1,5.238956451416016,0.03609481453895569,0.7840834964122635,-0.14451176051318604,-0.026277633475229545
pcb2,4,1,bad/060.JPG,1996,0.8602204408817635,0.4426200480484588,0.9418837675350702,0.685921066407886,2,1.7805938720703125,0.0024357736110687256,0.592948717948718,0.08166332665330667,0.2433010183594272
pcb2,4,1,bad/061.JPG,2699,1.0,0.9485487532051287,1.0,0.975623109351504,1,2.41845703125,0.16500911116600037,0.969620253164557,0.0,0.027074356146375322
pcb2,4,1,bad/062.JPG,2181,0.9541494727189362,0.8574541835814801,1.0,0.9689260551925832,2,1.974853515625,0.02021452784538269,0.7003968253968254,0.04585052728106376,0.11147187161110317
pcb2,4,1,bad/063.JPG,2562,0.9937548790007806,0.6476291474904886,0.9785323965651834,0.8606343356256576,2,2.316253662109375,0.06160688400268555,0.9305555555555556,-0.015222482435597207,0.213005188135169
pcb2,4,1,bad/064.JPG,4116,0.9572400388726919,0.8263336920254577,0.9919825072886297,0.917735934061761,3,3.6937713623046875,0.14889425039291382,0.9905982905982906,0.034742468415937755,0.09140224203630332
pcb2,4,1,bad/065.JPG,3668,0.8462377317339149,0.6507686754043798,0.9757360959651036,0.8725555989749573,2,3.2960586547851562,0.04389047622680664,0.7948717948717948,0.12949836423118866,0.2217869235705775
pcb2,4,1,bad/066.JPG,3406,0.8003523194362889,0.5056281486473205,0.9518496770405167,0.8016313811228483,2,2.9745635986328125,0.04079344868659973,0.846711259754738,0.15149735760422778,0.29600323247552773
pcb2,4,1,bad/067.JPG,2064,1.0,0.931397834765883,1.0,0.9723493370806382,1,1.83636474609375,0.03699761629104614,0.806060606060606,0.0,0.040951502314755195
pcb2,4,1,bad/068.JPG,2633,0.9688568173186479,0.5442302279416201,0.9946828712495253,0.7257495894689726,1,2.341827392578125,0.13077285885810852,0.9430455635491606,0.025826053930877335,0.18151936152735249
pcb2,4,1,bad/069.JPG,2254,1.0,0.8244330037750788,1.0,0.7819064722536517,2,2.02008056640625,0.060794442892074585,0.8964646464646464,0.0,-0.04252653152142705
pcb2,4,1,bad/070.JPG,2342,0.9987190435525192,0.6209740161086716,0.9987190435525192,0.6961611485054089,2,2.1275634765625,0.11944076418876648,0.9974747474747475,0.0,0.07518713239673724
pcb2,4,1,bad/071.JPG,3911,0.9322423932498083,0.6236049592127324,0.9378675530554845,0.4208025725562654,1,3.5304183959960938,0.07131695747375488,0.8128371089536137,0.005625159805676239,-0.202802386656467
pcb2,4,1,bad/072.JPG,2720,0.9051470588235294,0.7176531599903502,1.0,0.9297018571005794,1,2.4232177734375,0.01008981466293335,0.7083333333333333,0.09485294117647058,0.21204869711022922
pcb2,4,1,bad/073.JPG,1411,1.0,0.6856314174586381,1.0,0.8339047891746233,1,1.270355224609375,0.046127378940582275,0.8393939393939394,0.0,0.1482733717159852
pcb2,4,1,bad/074.JPG,5537,1.0,0.956932035366981,1.0,0.9733985301273196,5,4.948493957519531,0.09356233477592468,0.8194444444444445,0.0,0.016466494760338568
pcb2,4,1,bad/075.JPG,5839,0.9994862133927043,0.7304140727192201,1.0,0.9494238077113801,4,5.2246246337890625,0.031808823347091675,0.775390625,0.0005137866072957298,0.21900973499216003
pcb2,4,1,bad/076.JPG,2058,0.9897959183673469,0.5483920312913201,1.0,0.8058343042623944,1,1.8214569091796875,0.009630411863327026,0.6904761904761905,0.010204081632653073,0.25744227297107436
pcb2,4,1,bad/077.JPG,3870,0.7297157622739018,0.7781946756698261,0.8583979328165374,0.7694120329562663,1,3.5102920532226562,0.01950642466545105,0.6661569826707442,0.12868217054263564,-0.008782642713559885
pcb2,4,1,bad/078.JPG,3674,1.0,0.9568200783556859,0.9940119760479041,0.9562248659348754,4,3.290283203125,0.16612491011619568,0.9965277777777778,-0.005988023952095856,-0.0005952124208105092
pcb2,4,1,bad/079.JPG,3725,0.99248322147651,0.453791049366727,0.9720805369127516,0.2522161992027616,3,3.2503089904785156,0.13563719391822815,0.9214758751182592,-0.020402684563758378,-0.20157485016396537
pcb2,4,1,bad/080.JPG,2411,0.9917046868519287,0.9699935191808857,0.9842389050186644,0.9565287755765045,2,2.152740478515625,0.04852542281150818,0.871031746031746,-0.0074657818332642956,-0.013464743604381213
pcb2,4,1,bad/081.JPG,3880,0.7778350515463918,0.5469846071369949,0.9641752577319588,0.7633774424476575,1,3.4799728393554688,0.11040899157524109,0.8463541666666667,0.18634020618556701,0.21639283531066256
pcb2,4,1,bad/082.JPG,1337,1.0,0.7256135528384217,1.0,0.8722349056541889,0,1.2344703674316406,0.19986289739608765,0.9487179487179487,0.0,0.14662135281576727
pcb2,4,1,bad/083.JPG,1790,0.7251396648044692,0.4945618954300821,1.0,0.9312066855163024,2,1.5922927856445312,0.06217697262763977,0.8472222222222222,0.27486033519553077,0.43664479008622026
pcb2,4,1,bad/084.JPG,6211,0.947512477861858,0.7278017467291897,0.9961358879407503,0.9270041585435326,2,5.5716552734375,0.07922157645225525,0.8551724137931035,0.04862341007889226,0.19920241181434284
pcb2,4,1,bad/085.JPG,4199,1.0,0.9224085281133199,1.0,0.9005931954094012,1,3.806396484375,0.2174120545387268,0.9054621848739496,0.0,-0.021815332703918666
pcb2,4,1,bad/086.JPG,5649,0.9651265710745265,0.7158887853778503,1.0,0.9113841399660583,4,5.122489929199219,0.1878231167793274,0.8434782608695652,0.034873428925473515,0.195495354588208
pcb2,4,1,bad/087.JPG,3644,0.993688254665203,0.6529939754706482,0.973655323819978,0.8711626196822077,0,3.254718780517578,0.15792372822761536,0.7651072124756335,-0.02003293084522506,0.21816864421155946
pcb2,4,1,bad/088.JPG,5778,1.0,0.9484797535507125,1.0,0.9825565094343219,5,5.239826202392578,0.0497150719165802,0.7552083333333334,0.0,0.03407675588360948
pcb2,4,1,bad/089.JPG,4589,1.0,0.9453783329133864,1.0,0.9543391130532666,4,4.076389312744141,0.19802862405776978,0.7930555555555556,0.0,0.00896078013988022
pcb2,4,1,bad/090.JPG,4086,0.9865394028389624,0.9325764125394151,1.0,0.9678746766327739,2,3.597362518310547,0.23967322707176208,0.8071895424836601,0.013460597161037646,0.03529826409335879
pcb2,4,1,bad/091.JPG,4048,1.0,0.8910038390191116,1.0,0.918216467838824,1,3.5969772338867188,0.22551125288009644,0.775599128540305,0.0,0.027212628819712426
pcb2,4,1,bad/092.JPG,7370,0.923202170963365,0.7779995677513825,0.9858887381275441,0.8741552746666007,3,6.6116943359375,0.11400523781776428,0.9318681318681319,0.06268656716417909,0.09615570691521824
pcb2,4,1,bad/093.JPG,3602,1.0,0.8087822659605146,1.0,0.8145648557445242,1,3.209014892578125,0.26209503412246704,0.9294871794871795,0.0,0.005782589784009584
pcb2,4,1,bad/094.JPG,5546,0.9606923909123692,0.8614689841074722,0.9439235485034259,0.8815555960765161,0,4.968849182128906,0.051338136196136475,0.8653846153846154,-0.016768842408943385,0.020086611969043933
pcb2,4,1,bad/095.JPG,6581,0.999544142227625,0.8442325024517063,0.999544142227625,0.9244601425426421,5,5.862373352050781,0.048865050077438354,0.7815371762740184,0.0,0.08022764009093575
pcb2,4,1,bad/096.JPG,6136,0.7120273794002607,0.3334128757435727,0.7578226857887875,0.2806958330729924,2,5.448600769042969,0.042761534452438354,0.8292929292929292,0.0457953063885268,-0.052717042670580305
pcb2,4,1,bad/097.JPG,3989,0.9979944848332916,0.9516611433882303,1.0,0.9618708636870443,3,3.5612030029296875,0.1066458523273468,0.8628472222222222,0.002005515166708438,0.010209720298814062
pcb2,4,1,bad/098.JPG,6695,0.9982076176250934,0.94968632531681,0.9985063480209111,0.9720217820351935,3,5.8421173095703125,0.17361366748809814,0.9382929642445212,0.00029873039581773675,0.02233545671838355
pcb2,4,1,bad/099.JPG,3991,0.993485342019544,0.9694939504666169,1.0,0.9859098402226221,3,3.58123779296875,0.023021996021270752,0.6777777777777778,0.006514657980456029,0.016415889756005164
pcb2,4,2,bad/000.JPG,1853,0.9843497031840259,0.7156579565963046,0.7819751753912574,0.7133934496526446,0,1.6579132080078125,0.05936071276664734,0.9246794871794872,-0.20237452779276854,-0.002264506943659983
pcb2,4,2,bad/001.JPG,2744,0.983600583090379,0.853569604113189,1.0,0.8600502935361076,0,2.4539794921875,0.11713418364524841,0.9694444444444444,0.01639941690962099,0.006480689422918573
pcb2,4,2,bad/002.JPG,2760,1.0,0.8832490289392844,1.0,0.9533885171239916,1,2.479808807373047,0.11426571011543274,0.9270833333333334,0.0,0.07013948818470728
pcb2,4,2,bad/003.JPG,3569,0.7273746147380219,0.5791940224750336,0.9251891286074531,0.7069605347424731,1,3.203876495361328,0.0784861147403717,0.8944444444444444,0.19781451386943116,0.1277665122674395
pcb2,4,2,bad/004.JPG,4400,1.0,0.729711743342928,0.9993181818181818,0.6555214679814192,1,3.9695472717285156,0.14189577102661133,0.9369747899159664,-0.0006818181818182278,-0.0741902753615088
pcb2,4,2,bad/005.JPG,4499,0.7037119359857746,0.463245794201832,0.7321627028228496,0.5664598838712533,2,4.020496368408203,0.03740733861923218,0.7732300884955752,0.028450766837074926,0.10321408966942136
pcb2,4,2,bad/006.JPG,4585,0.931515812431843,0.39596450769943836,0.9494002181025082,0.5188230692890822,0,4.046001434326172,0.12461346387863159,0.8890452732817264,0.017884405670665182,0.12285856158964381
pcb2,4,2,bad/007.JPG,4959,0.9969751966122202,0.8712465558942708,0.9937487396652551,0.9265106541442769,3,4.45404052734375,0.15958386659622192,0.9697478991596639,-0.003226456946965106,0.05526409825000611
pcb2,4,2,bad/008.JPG,6749,0.9977774485108905,0.8594546190158917,1.0,0.9195045261754733,3,6.015369415283203,0.11129763722419739,0.9486461251167133,0.0022225514891095477,0.060049907159581584
pcb2,4,2,bad/009.JPG,5377,0.9194718244374186,0.7205258072858658,1.0,0.907170721934021,0,4.801116943359375,0.12471073865890503,0.9089673913043479,0.0805281755625814,0.18664491464815525
pcb2,4,2,bad/010.JPG,3072,0.9899088541666666,0.5631343770062192,0.9905598958333334,0.6008887285922774,0,2.6888198852539062,0.013771653175354004,0.6933638443935926,0.0006510416666667407,0.03775435158605822
pcb2,4,2,bad/011.JPG,21879,0.9788838612368024,0.7323238512961902,0.988116458704694,0.7801437968368364,14,19.56494140625,0.1612294316291809,0.9518660620858039,0.009232597467891623,0.04781994554064628
pcb2,4,2,bad/012.JPG,3079,0.8720363754465735,0.7056789168511154,0.8892497564144203,0.7771684167615663,1,2.790496826171875,0.07688122987747192,0.9433333333333332,0.017213380967846748,0.07148949991045095
pcb2,4,2,bad/013.JPG,10241,1.0,0.8981757952716873,1.0,0.9291547637488636,10,9.173469543457031,0.1323457956314087,0.9773809523809525,0.0,0.030978968477176294
pcb2,4,2,bad/014.JPG,5112,0.9420970266040689,0.7119339630490542,1.0,0.8899277820060284,0,4.68267822265625,0.05183801054954529,0.7660493827160494,0.05790297339593109,0.1779938189569742
pcb2,4,2,bad/015.JPG,6089,0.90803087534899,0.6289056040198039,0.9173920183938249,0.6188886018423436,3,5.464458465576172,0.0558810830116272,0.7773637633907778,0.00936114304483493,-0.010017002177460266
pcb2,4,2,bad/016.JPG,3759,1.0,0.7274547228129302,1.0,0.7853977822737085,3,3.3318328857421875,0.21194136142730713,0.9886039886039887,0.0,0.05794305946077827
pcb2,4,2,bad/017.JPG,4648,0.9743975903614458,0.8675871998201858,0.9449225473321858,0.8397030393964074,5,4.1480712890625,0.10534951090812683,0.9064102564102564,-0.029475043029259962,-0.027884160423778392
pcb2,4,2,bad/018.JPG,3849,0.16549753182644844,0.04363851691467064,0.018446349701221096,0.0007454464606943221,2,3.4131851196289062,-0.0025443732738494873,0.5524781341107872,-0.14705118212522733,-0.04289307045397632
pcb2,4,2,bad/019.JPG,7001,0.9844307956006285,0.5477637804656966,0.9935723468075989,0.5731024420644276,6,6.271026611328125,0.1596294641494751,0.9515250544662308,0.009141551206970355,0.025338661598730994
pcb2,4,2,bad/020.JPG,3275,0.9908396946564886,0.9268270618768445,0.9822900763358778,0.9272785196080247,2,2.93359375,0.031102508306503296,0.8115384615384615,-0.008549618320610741,0.0004514577311801604
pcb2,4,2,bad/021.JPG,5919,0.9655347187024835,0.7539824388079314,0.9917215745903024,0.7183673295904739,3,5.295845031738281,0.055404871702194214,0.8363636363636364,0.026186855887818883,-0.035615109217457475
pcb2,4,2,bad/022.JPG,2948,1.0,0.9925614757767806,1.0,0.9836880715255358,2,2.6227264404296875,0.032750606536865234,0.7934472934472935,0.0,-0.008873404251244721
pcb2,4,2,bad/023.JPG,4778,0.9537463373796568,0.5316751209953637,0.9976977814985349,0.7439710961965735,4,4.3165130615234375,0.06174841523170471,0.8555555555555556,0.04395144411887819,0.2122959752012098
pcb2,4,2,bad/024.JPG,6004,0.9375416389073951,0.5604552387298656,0.9147235176548968,0.44891782223562937,4,5.372306823730469,0.09376370906829834,0.7982740021574973,-0.02281812125249827,-0.11153741649423621
pcb2,4,2,bad/025.JPG,6515,1.0,0.899591029012064,1.0,0.9415836259397498,4,5.76025390625,0.14878928661346436,0.9066121336059987,0.0,0.041992596927685755
pcb2,4,2,bad/026.JPG,4079,0.9119882324099043,0.7868728103764718,0.9301299338073057,0.8518311657061273,2,3.632495880126953,0.06397977471351624,0.8253205128205128,0.018141701397401344,0.06495835532965544
pcb2,4,2,bad/027.JPG,4976,0.9579983922829582,0.8651293628286095,1.0,0.9504456369899185,3,4.42413330078125,0.11790850758552551,0.9302884615384615,0.042001607717041756,0.08531627416130894
pcb2,4,2,bad/028.JPG,9253,0.9834648222198206,0.6567807409985291,0.9936236896141792,0.7136583331594172,8,8.342254638671875,0.17748349905014038,0.90334008097166,0.010158867394358673,0.05687759216088806
pcb2,4,2,bad/029.JPG,4885,1.0,0.9733880820493022,1.0,0.9814601797386016,4,4.40283203125,0.1588040292263031,0.8071428571428572,0.0,0.008072097689299396
pcb2,4,2,bad/030.JPG,2741,0.9996351696461145,0.5597893897520928,0.9912440715067493,0.6650580799468961,1,2.4795608520507812,0.08813771605491638,0.8342490842490843,-0.008391098139365227,0.10526869019480334
pcb2,4,2,bad/031.JPG,3296,0.9872572815533981,0.5534645721538771,0.993628640776699,0.8383412818919809,2,2.954345703125,0.05018770694732666,0.8526037069726391,0.006371359223300899,0.28487670973810375
pcb2,4,2,bad/032.JPG,2397,0.9390905298289528,0.4835751616555771,0.9833124739257405,0.7376823224817464,1,2.1481399536132812,0.06905868649482727,0.8956422018348623,0.0442219440967877,0.25410716082616924
pcb2,4,2,bad/033.JPG,3940,0.8921319796954315,0.3692436731496186,0.9819796954314721,0.663701253580343,3,3.5300865173339844,0.0497913658618927,0.7622377622377623,0.08984771573604067,0.29445758043072445
pcb2,4,2,bad/034.JPG,3365,0.9093610698365527,0.47334210339206384,0.9265973254086182,0.5131322034740228,2,3.03594970703125,0.17203760147094727,0.8752424046541694,0.01723625557206543,0.039790100081958935
pcb2,4,2,bad/035.JPG,2918,0.9201507882111035,0.7655218521715246,0.9156956819739548,0.8110162359518982,2,2.607208251953125,0.05885174870491028,0.8412698412698413,-0.0044551062371487316,0.045494383780373626
pcb2,4,2,bad/036.JPG,2550,0.648235294117647,0.3548874575389287,0.8133333333333334,0.4718184854339989,2,2.29595947265625,0.03443247079849243,0.7291666666666667,0.16509803921568633,0.1169310278950702
pcb2,4,2,bad/037.JPG,4938,0.8679627379505873,0.4631384740808081,0.8181449979748886,0.32031693591630456,3,4.459339141845703,0.023741841316223145,0.7202161631048882,-0.049817739975698716,-0.14282153816450355
pcb2,4,2,bad/038.JPG,3892,0.9506680369989723,0.47341661228428783,0.8568859198355602,0.5174987351559824,2,3.4795608520507812,0.00807809829711914,0.6655844155844155,-0.09378211716341212,0.04408212287169461
pcb2,4,2,bad/039.JPG,4156,0.9910972088546679,0.8375545820235498,0.9653512993262753,0.7674936392436776,4,3.7392807006835938,0.030403316020965576,0.8434065934065934,-0.02574590952839262,-0.07006094277987218
pcb2,4,2,bad/040.JPG,25509,0.2182759026226038,0.006238856278381112,0.2855462777843114,0.024377460921267188,26,22.71323013305664,0.022828519344329834,0.6578947368421053,0.06727037516170761,0.018138604642886077
pcb2,4,2,bad/041.JPG,26320,0.7607522796352584,0.3923566333150119,0.5049772036474164,0.18864696392450214,25,23.53028106689453,0.08482372760772705,0.8875393612235717,-0.255775075987842,-0.20370966939050977
pcb2,4,2,bad/042.JPG,28290,0.9996111700247438,0.8253374619067968,0.9962530929657123,0.7646131029410491,31,25.193939208984375,0.0640120804309845,0.9155124653739612,-0.0033580770590314613,-0.06072435896574768
pcb2,4,2,bad/043.JPG,13575,0.787255985267035,0.3799552165272352,0.9111602209944751,0.6187989535535463,12,11.973556518554688,0.03812974691390991,0.7633063527103262,0.12390423572744014,0.23884373702631112
pcb2,4,2,bad/044.JPG,53765,0.9138472984283456,0.32510974328947206,0.9462661582814098,0.4184069859060313,49,48.20298385620117,0.03768420219421387,0.8341356439880188,0.03241885985306425,0.09329724261655925
pcb2,4,2,bad/045.JPG,9217,0.2789410871216231,0.14060545119427664,0.8572203536942606,0.6281149736684666,0,8.561538696289062,0.007414519786834717,0.6078431372549019,0.5782792665726375,0.48750952247418994
pcb2,4,2,bad/046.JPG,46827,0.38778909603433914,0.08898612861851261,0.3969718324898029,0.0921773735724594,42,41.718414306640625,0.044690072536468506,0.7788156288156288,0.009182736455463747,0.0031912449539467924
pcb2,4,2,bad/047.JPG,1288,0.0,0.0,0.0,0.0,0,1.1885986328125,0.003051072359085083,0.5569444444444445,0.0,0.0
pcb2,4,2,bad/048.JPG,17525,0.47320970042796007,0.18757703318051075,0.42556348074179745,0.2087332109746593,6,15.65585708618164,0.04336768388748169,0.8164434523809524,-0.047646219686162616,0.02115617779414855
pcb2,4,2,bad/049.JPG,5128,0.421801872074883,0.3640363598924111,0.33833853354134164,0.30873139765105156,2,4.57598876953125,0.06249624490737915,0.8182539682539682,-0.08346333853354138,-0.055304962241359557
pcb2,4,2,bad/050.JPG,2390,0.2849372384937239,0.14967813148022646,0.3058577405857741,0.18076492523617474,0,2.2088623046875,0.014733463525772095,0.7094017094017094,0.02092050209205021,0.031086793755948278
pcb2,4,2,bad/051.JPG,3207,0.3158715310258809,0.19589227459441422,0.7748674773932024,0.530276441286486,1,2.81640625,0.0026856064796447754,0.6281565656565656,0.4589959463673215,0.33438416669207177
pcb2,4,2,bad/052.JPG,15197,0.40586957952227415,0.3182465252194018,0.4269263670461275,0.28629004503126,9,13.510467529296875,0.02544724941253662,0.7985153764581124,0.02105678752385337,-0.03195648018814179
pcb2,4,2,bad/053.JPG,1139,0.553116769095698,0.26041791144225973,0.7769973661106233,0.5889212265624303,0,1.0001220703125,0.0420287549495697,0.8310185185185186,0.22388059701492535,0.32850331512017056
pcb2,4,2,bad/054.JPG,8254,0.6400533074872788,0.307673750600904,0.49357887085049673,0.3257335225681308,0,7.345733642578125,0.07487288117408752,0.8108206245461147,-0.1464744366367821,0.0180597719672268
pcb2,4,2,bad/055.JPG,1672,0.2535885167464115,0.36370256973879467,0.9611244019138756,0.856356508867776,0,1.3572425842285156,0.0018104910850524902,0.5138888888888888,0.7075358851674641,0.49265393912898137
pcb2,4,2,bad/056.JPG,1209,0.0,0.0,0.0,0.0,0,1.16845703125,0.014464408159255981,0.702020202020202,0.0,0.0
pcb2,4,2,bad/057.JPG,2328,0.0,0.0,0.7487113402061856,0.48705883305275494,1,2.0357666015625,0.004218935966491699,0.5515625,0.7487113402061856,0.48705883305275494
pcb2,4,2,bad/058.JPG,817,1.0,0.937656841344475,0.9216646266829865,0.3553483718794556,1,0.7348709106445312,0.0030638575553894043,0.5222222222222221,-0.07833537331701346,-0.5823084694650194
pcb2,4,2,bad/059.JPG,5612,0.4545616535994298,0.30641291810600524,0.328759800427655,0.24300583386749736,1,5.238956451416016,0.04872748255729675,0.7785388127853881,-0.12580185317177478,-0.06340708423850788
pcb2,4,2,bad/060.JPG,1996,0.8547094188376754,0.44258765940545025,0.9413827655310621,0.6910855699372479,2,1.7805938720703125,0.005402922630310059,0.5849358974358975,0.08667334669338678,0.24849791053179765
pcb2,4,2,bad/061.JPG,2699,1.0,0.9463077757320789,1.0,0.9767644751718926,1,2.41845703125,0.16552433371543884,0.9721518987341772,0.0,0.03045669943981366
pcb2,4,2,bad/062.JPG,2181,0.9610270518110958,0.8923773182426609,1.0,0.9757983031325838,2,1.974853515625,0.022062718868255615,0.8115079365079365,0.03897294818890418,0.08342098488992289
pcb2,4,2,bad/063.JPG,2562,0.9839968774395004,0.6870879772227869,1.0,0.9092652739379355,2,2.316253662109375,0.041369348764419556,0.9583333333333334,0.016003122560499627,0.22217729671514863
pcb2,4,2,bad/064.JPG,4116,0.9531098153547133,0.7425780345706987,0.978134110787172,0.8631244948019534,3,3.6937713623046875,0.12087833881378174,0.9897435897435898,0.025024295432458765,0.1205464602312547
pcb2,4,2,bad/065.JPG,3668,0.8443293347873501,0.7046961768341544,0.9566521264994547,0.8482076892536972,2,3.2960586547851562,0.04309499263763428,0.7589743589743589,0.11232279171210469,0.14351151241954274
pcb2,4,2,bad/066.JPG,3406,0.7618907809747505,0.4577169184235,0.9048737522019965,0.549075264435267,2,2.9745635986328125,0.047749459743499756,0.8372352285395763,0.14298297122724601,0.09135834601176701
pcb2,4,2,bad/067.JPG,2064,0.9932170542635659,0.9072882587641534,1.0,0.9878045408993508,1,1.83636474609375,0.04686450958251953,0.8636363636363636,0.006782945736434121,0.08051628213519735
pcb2,4,2,bad/068.JPG,2633,0.9422711735662742,0.37796375713078123,0.980630459551842,0.6841337301520173,1,2.341827392578125,0.1260884702205658,0.9490407673860912,0.038359285985567815,0.30616997302123605
pcb2,4,2,bad/069.JPG,2254,1.0,0.823787079031143,1.0,0.8041331630358546,2,2.02008056640625,0.03973519802093506,0.898989898989899,0.0,-0.01965391599528843
pcb2,4,2,bad/070.JPG,2342,1.0,0.7500825008044804,0.9923142613151152,0.494009349882888,2,2.1275634765625,0.1587832272052765,0.9949494949494949,-0.0076857386848847575,-0.25607315092159233
pcb2,4,2,bad/071.JPG,3911,0.9585783687036563,0.5955605988740562,0.9780107389414472,0.5570465254015042,1,3.5304183959960938,0.07895201444625854,0.8408845738942826,0.019432370237790875,-0.03851407347255198
pcb2,4,2,bad/072.JPG,2720,0.8356617647058824,0.6142970332621381,0.9948529411764706,0.854355455084125,1,2.4232177734375,0.01570260524749756,0.7817460317460317,0.15919117647058822,0.2400584218219869
pcb2,4,2,bad/073.JPG,1411,1.0,0.7196905798603528,1.0,0.8363041969302021,1,1.270355224609375,0.04249763488769531,0.8696969696969697,0.0,0.1166136170698493
pcb2,4,2,bad/074.JPG,5537,0.9949431099873578,0.8843205697863138,0.9850099331768105,0.926926501288284,5,4.948493957519531,0.07637551426887512,0.8293650793650794,-0.009933176810547284,0.04260593150197023
pcb2,4,2,bad/075.JPG,5839,0.9982873779756808,0.8433314302486329,1.0,0.932929102162609,4,5.2246246337890625,0.03751137852668762,0.7356770833333334,0.0017126220243192103,0.08959767191397616
pcb2,4,2,bad/076.JPG,2058,1.0,0.625261549431317,1.0,0.8471489161101148,1,1.8214569091796875,0.01655036211013794,0.6746031746031745,0.0,0.22188736667879783
pcb2,4,2,bad/077.JPG,3870,0.737984496124031,0.807994520013132,0.930749354005168,0.788895541797365,1,3.5102920532226562,0.02501651644706726,0.7018348623853211,0.19276485788113695,-0.019098978215767004
pcb2,4,2,bad/078.JPG,3674,1.0,0.9709287021806129,0.9983669025585193,0.9478815666671188,4,3.290283203125,0.2172214686870575,1.0,-0.0016330974414806576,-0.023047135513494132
pcb2,4,2,bad/079.JPG,3725,0.99248322147651,0.5574190225775838,0.9704697986577181,0.3930905431047797,3,3.2503089904785156,0.15575739741325378,0.934720908230842,-0.022013422818791928,-0.1643284794728041
pcb2,4,2,bad/080.JPG,2411,0.9917046868519287,0.9707195951193371,0.9838241393612609,0.9549030873354576,2,2.152740478515625,0.0684838593006134,0.8809523809523809,-0.0078805474906678,-0.015816507783879552
pcb2,4,2,bad/081.JPG,3880,0.7574742268041237,0.49829628850723023,0.9438144329896907,0.7489339754801866,1,3.4799728393554688,0.07486048340797424,0.8088541666666667,0.18634020618556701,0.25063768697295635
pcb2,4,2,bad/082.JPG,1337,1.0,0.6919480414197645,1.0,0.8502958105099514,0,1.2344703674316406,0.21883895993232727,0.9551282051282052,0.0,0.15834776909018689
pcb2,4,2,bad/083.JPG,1790,0.8972067039106145,0.6751145237654094,1.0,0.9398365592596136,2,1.5922927856445312,0.0540105402469635,0.8402777777777778,0.10279329608938548,0.26472203549420426
pcb2,4,2,bad/084.JPG,6211,0.9496055385606182,0.7596268752465414,0.9988729673160521,0.9333889377911534,2,5.5716552734375,0.08630126714706421,0.8564655172413792,0.049267428755433884,0.17376206254461202
pcb2,4,2,bad/085.JPG,4199,1.0,0.9048830224981508,1.0,0.8859223011101791,1,3.806396484375,0.20492678880691528,0.8984593837535014,0.0,-0.01896072138797167
pcb2,4,2,bad/086.JPG,5649,0.9784032572136662,0.7992998011829096,1.0,0.904346409367443,4,5.122489929199219,0.17566481232643127,0.8473429951690821,0.021596742786333833,0.10504660818453349
pcb2,4,2,bad/087.JPG,3644,0.9805159165751921,0.6170091659689904,0.9596597145993414,0.8429627624219602,0,3.254718780517578,0.09591493010520935,0.7763157894736842,-0.020856201975850697,0.22595359645296986
pcb2,4,2,bad/088.JPG,5778,1.0,0.9625934518804025,1.0,0.9817132639735617,5,5.239826202392578,0.08939945697784424,0.8015046296296297,0.0,0.019119812093159272
pcb2,4,2,bad/089.JPG,4589,1.0,0.9491574400588842,1.0,0.9608916585549551,4,4.076389312744141,0.17307111620903015,0.8527777777777777,0.0,0.011734218496070814
pcb2,4,2,bad/090.JPG,4086,0.9760156632403328,0.9183356273684488,1.0,0.9687135508992608,2,3.597362518310547,0.19434720277786255,0.803921568627451,0.023984336759667158,0.05037792353081205
pcb2,4,2,bad/091.JPG,4048,1.0,0.8702598314924362,1.0,0.9100537008207876,1,3.5969772338867188,0.20718759298324585,0.8262527233115468,0.0,0.03979386932835138
pcb2,4,2,bad/092.JPG,7370,0.9322930800542741,0.7727797027462876,0.975033921302578,0.8574607387604096,3,6.6116943359375,0.09015455842018127,0.9446886446886447,0.04274084124830391,0.08468103601412202
pcb2,4,2,bad/093.JPG,3602,0.9966685174902832,0.719620469893113,1.0,0.8421993814202619,1,3.209014892578125,0.2517804205417633,0.9423076923076923,0.003331482509716821,0.12257891152714884
pcb2,4,2,bad/094.JPG,5546,0.9716913090515688,0.828639752853619,0.9615939415795167,0.8800422976594316,0,4.968849182128906,0.05644112825393677,0.8956494325346784,-0.010097367472052032,0.05140254480581263
pcb2,4,2,bad/095.JPG,6581,0.9984804740920833,0.8027960962578365,0.99908828445525,0.902809935532789,5,5.862373352050781,0.04036074876785278,0.7890559732664997,0.0006078103631667053,0.10001383927495244
pcb2,4,2,bad/096.JPG,6136,0.7102346805736637,0.4081555116341416,0.7413624511082139,0.27380934679779184,2,5.448600769042969,0.036509960889816284,0.8470707070707071,0.03112777053455018,-0.13434616483634976
pcb2,4,2,bad/097.JPG,3989,0.995487590874906,0.9462642043304683,1.0,0.96330345051661,3,3.5612030029296875,0.11346790194511414,0.8697916666666666,0.004512409125093986,0.01703924618614172
pcb2,4,2,bad/098.JPG,6695,0.9976101568334578,0.9499837045426325,0.9998506348020911,0.97320121283162,3,5.8421173095703125,0.15771284699440002,0.9596309111880047,0.0022404779686333587,0.0232175082889875
pcb2,4,2,bad/099.JPG,3991,0.9932347782510649,0.9653424905104924,1.0,0.9832196765543794,3,3.58123779296875,0.024098336696624756,0.7076923076923077,0.006765221748935124,0.017877186043886995
pcb3,1,0,bad/000.JPG,6119,0.9998365746036935,0.8202090880460324,1.0,0.861933618380796,8,6.790409088134766,0.1543358564376831,0.9385964912280701,0.00016342539630653796,0.04172453033476353
pcb3,1,0,bad/001.JPG,24949,0.9973946851577218,0.9198054971851053,0.9977955028257646,0.8957517274213406,28,27.71434783935547,0.14272820949554443,0.8686383714230843,0.0004008176680427855,-0.02405376976376472
pcb3,1,0,bad/002.JPG,3028,1.0,0.8988217218399449,1.0,0.9316702446936317,2,3.2959442138671875,0.04459652304649353,0.8666666666666667,0.0,0.03284852285368678
pcb3,1,0,bad/003.JPG,3674,1.0,0.9602334072615731,1.0,0.9735942300809564,5,4.071533203125,0.10508766770362854,0.8406862745098039,0.0,0.013360822819383222
pcb3,1,0,bad/004.JPG,22765,1.0,0.8743688440682491,1.0,0.8944381989925118,27,25.311389923095703,0.1137726902961731,0.8192007797270955,0.0,0.02006935492426265
pcb3,1,0,bad/005.JPG,25321,0.9298605900240907,0.754433619806111,0.9190395324039335,0.7055527419714047,25,28.0924072265625,0.10072773694992065,0.8663223140495868,-0.01082105762015717,-0.04888087783470629
pcb3,1,0,bad/006.JPG,6170,1.0,0.9686706539175701,1.0,0.9746496555366203,7,6.887348175048828,0.19748041033744812,0.949561403508772,0.0,0.005979001619050184
pcb3,1,0,bad/007.JPG,3217,0.9987566055331054,0.8388812683243265,1.0,0.8693599817349773,3,3.556293487548828,0.06315463781356812,0.8506944444444444,0.0012433944668945873,0.030478713410650782
pcb3,1,0,bad/008.JPG,10632,0.9995297215951844,0.8284301805776224,0.9998118886380737,0.9394579236540815,11,11.786148071289062,0.10280364751815796,0.8836649550706033,0.00028216704288930305,0.11102774307645913
pcb3,1,0,bad/009.JPG,23672,0.9974231159175397,0.8891591686890238,0.9923960797566745,0.9252431899386476,26,26.254940032958984,0.17401564121246338,0.8805555555555556,-0.005027036160865195,0.03608402124962384
pcb3,1,0,bad/010.JPG,34629,1.0,0.9372053124883486,1.0,0.946669363231201,36,38.4693717956543,0.22244411706924438,0.9409029038112522,0.0,0.009464050742852392
pcb3,1,0,bad/011.JPG,49237,0.9970753701484656,0.8849707444371371,1.0,0.9183089053330248,57,54.72507858276367,0.18226727843284607,0.9209699453551912,0.0029246298515344105,0.0333381608958877
pcb3,1,0,bad/012.JPG,8661,0.9557787784320517,0.8623867411787476,0.9739060154716546,0.9174563875077518,8,9.642852783203125,0.13076627254486084,0.8885245901639345,0.01812723703960284,0.05506964632900424
pcb3,1,0,bad/013.JPG,25780,0.980799069045772,0.8842803155089646,0.9903801396431342,0.8111332978790622,29,28.67337417602539,0.0935819149017334,0.856060606060606,0.00958107059736224,-0.07314701762990239
pcb3,1,0,bad/014.JPG,2722,0.5925789860396767,0.35389542262212137,1.0,0.9134087049195766,0,3.0204200744628906,0.03128087520599365,0.6829059829059829,0.40742101396032326,0.5595132822974552
pcb3,1,0,bad/015.JPG,2985,0.9571189279731993,0.6918331684736281,0.9966499162479062,0.9126318425104649,3,3.3168678283691406,0.03655645251274109,0.7378472222222222,0.03953098827470691,0.22079867403683684
pcb3,1,0,bad/016.JPG,3098,1.0,0.9526667457052329,0.9970948999354422,0.9281927565779848,2,3.4386940002441406,0.07267820835113525,0.7890625,-0.0029051000645577973,-0.024473989127248075
pcb3,1,0,bad/017.JPG,3083,1.0,0.9574153825940481,1.0,0.963541366483199,2,3.4238204956054688,0.05234116315841675,0.8594771241830066,0.0,0.0061259838891508656
pcb3,1,0,bad/018.JPG,5556,1.0,0.9553232420247384,1.0,0.9769637192112043,6,6.244667053222656,0.2381061315536499,0.9217687074829932,0.0,0.02164047718646589
pcb3,1,0,bad/019.JPG,23912,0.9822264971562396,0.7203168377606575,0.9949397791903647,0.6620473959051706,26,26.561710357666016,0.129486083984375,0.8455284552845528,0.01271328203412514,-0.05826944185548688
pcb3,1,0,bad/020.JPG,4617,0.8919211609270089,0.27371418346604554,0.9651288715616201,0.5416714798486739,5,5.0822906494140625,0.11287248134613037,0.8392217101894521,0.07320771063461118,0.2679572963826284
pcb3,1,0,bad/021.JPG,1665,0.9591591591591592,0.8079704198061294,0.9279279279279279,0.8391401257961512,1,1.84173583984375,0.015833735466003418,0.7373737373737373,-0.031231231231231282,0.03116970599002178
pcb3,1,0,bad/022.JPG,3383,0.7460833579663021,0.48772096225853556,0.9231451374519657,0.6363480711154723,3,3.7654571533203125,0.018272966146469116,0.6260683760683761,0.1770617794856636,0.14862710885693675
pcb3,1,0,bad/023.JPG,4768,1.0,0.9093215016818076,0.9674916107382551,0.8955748613337572,3,5.27557373046875,0.06290391087532043,0.8540740740740741,-0.03250838926174493,-0.013746640348050398
pcb3,1,0,bad/024.JPG,5419,0.6885034139140063,0.269079661297156,0.7804022882450636,0.37856839026196953,5,6.00042724609375,0.04824557900428772,0.8035714285714286,0.09189887433105737,0.10948872896481354
pcb3,1,0,bad/025.JPG,7279,0.7355405962357466,0.15896739826251982,0.9100151119659294,0.3502675446602444,5,8.051406860351562,0.07015970349311829,0.7488662131519275,0.1744745157301828,0.19130014639772458
pcb3,1,0,bad/026.JPG,3911,1.0,0.8833383556006983,1.0,0.9492732251449434,3,4.3212890625,0.1412750780582428,0.8518518518518519,0.0,0.0659348695442451
pcb3,1,0,bad/027.JPG,5578,0.8782717820007171,0.6780565014038179,0.9273933309429904,0.7122585720421993,7,6.250251770019531,0.05851110816001892,0.7879901960784313,0.049121548942273274,0.03420207063838143
pcb3,1,0,bad/028.JPG,2651,0.9562429271972841,0.3877311175353991,0.988306299509619,0.603355080573493,3,3.0151443481445312,0.18705639243125916,0.9241071428571428,0.032063372312334915,0.2156239630380939
pcb3,1,0,bad/029.JPG,3220,0.8692546583850932,0.17908586592066192,0.9102484472049689,0.24278028837718102,3,3.632465362548828,0.06047254800796509,0.7323671497584541,0.0409937888198757,0.0636944224565191
pcb3,1,0,bad/030.JPG,4072,0.12229862475442044,0.013661747529135309,0.8327603143418467,0.39193607084780396,5,4.555942535400391,0.020147979259490967,0.6269070735090152,0.7104616895874263,0.37827432331866867
pcb3,1,0,bad/031.JPG,6786,0.4538756262894194,0.3086564876964472,0.7726201002063071,0.4051169203683788,7,7.52001953125,0.07354190945625305,0.7948717948717949,0.3187444739168877,0.0964604326719316
pcb3,1,0,bad/032.JPG,3899,0.755834829443447,0.48652640214791165,0.7776352911002822,0.5707623823330662,2,4.2753448486328125,0.03121313452720642,0.6863033873343152,0.021800461656835135,0.08423598018515455
pcb3,1,0,bad/033.JPG,2747,0.9344739716053877,0.8403993289174067,1.0,0.909371387717845,3,3.0609054565429688,0.16997107863426208,0.8576388888888888,0.0655260283946123,0.06897205880043833
pcb3,1,0,bad/034.JPG,6186,0.9212738441642419,0.48275739197973705,0.969447138700291,0.7677597569761413,3,6.9490509033203125,0.03986179828643799,0.7496899032498139,0.04817329453604913,0.28500236499640424
pcb3,1,0,bad/035.JPG,4499,0.7763947543898644,0.29621243001826697,0.933096243609691,0.516869455374689,2,4.943939208984375,0.038330793380737305,0.7266313932980599,0.15670148921982663,0.220657025356422
pcb3,1,0,bad/036.JPG,4648,0.9541738382099828,0.6859121441796907,0.9210413080895009,0.5772066284670044,6,5.1881256103515625,0.1438082754611969,0.8557422969187676,-0.033132530120481896,-0.10870551571268627
pcb3,1,0,bad/037.JPG,3563,0.452708391804659,0.13942240831808195,0.5882683132191973,0.15064401730355412,1,3.969268798828125,0.037218302488327026,0.822089947089947,0.13555992141453826,0.01122160898547217
pcb3,1,0,bad/038.JPG,3364,0.9307372175980975,0.7050610322953149,0.9099286563614745,0.7104697540176805,2,3.7345809936523438,0.12067568302154541,0.8297777777777777,-0.020808561236623002,0.005408721722365617
pcb3,1,0,bad/039.JPG,2339,1.0,0.935469385666205,1.0,0.9551972296211405,4,2.6319427490234375,0.14957070350646973,0.9464285714285714,0.0,0.019727843954935542
pcb3,1,0,bad/040.JPG,3129,0.31128155960370724,0.27952350631942974,0.25439437519974434,0.196798387464557,4,3.3773193359375,0.024442076683044434,0.8282312925170068,-0.0568871844039629,-0.08272511885487274
pcb3,1,0,bad/041.JPG,2321,0.0,0.0,0.006031882809133994,0.0005588328542065199,2,2.504741668701172,0.003474205732345581,0.46595744680851064,0.006031882809133994,0.0005588328542065199
pcb3,1,0,bad/042.JPG,2962,0.17825793382849425,0.028158722598780883,0.5854152599594868,0.2544818004001295,2,3.219268798828125,0.020963340997695923,0.6485042735042735,0.4071573261309926,0.22632307780134864
pcb3,1,0,bad/043.JPG,38947,0.016150152771715408,0.00578131487003273,0.047628828921354664,0.02001662920596396,37,43.615299224853516,0.034825146198272705,0.7112949082450245,0.031478676149639256,0.01423531433593123
pcb3,1,0,bad/044.JPG,21556,0.9565318240861013,0.7466831414637682,0.9319910929671553,0.748622393645878,21,23.908432006835938,0.04379996657371521,0.7358133669609079,-0.024540731118945946,0.0019392521821097741
pcb3,1,0,bad/045.JPG,2934,0.3282208588957055,0.22171412771922544,0.576346284935242,0.3745325981398506,0,3.2141036987304688,-0.0010919570922851562,0.44956140350877194,0.24812542603953647,0.15281847042062519
pcb3,1,0,bad/046.JPG,6140,0.4669381107491857,0.2686606410718505,0.8433224755700326,0.5799149752284227,0,6.917915344238281,0.036183297634124756,0.7003277665053846,0.3763843648208469,0.3112543341565722
pcb3,1,0,bad/047.JPG,56911,0.7669694786596616,0.5634258116937744,0.8932543796454112,0.6851886637310803,55,63.38693618774414,0.04697519540786743,0.7014599178249847,0.12628490098574963,0.12176285203730597
pcb3,1,0,bad/048.JPG,25418,0.7355810842709891,0.20830333628699244,0.8758360217168936,0.7421836542692086,26,28.310623168945312,0.04107677936553955,0.7075083056478406,0.14025493744590445,0.5338803179822162
pcb3,1,0,bad/049.JPG,1104,0.0,0.0,0.0,0.0,1,1.2857666015625,0.028997600078582764,0.7333333333333334,0.0,0.0
pcb3,1,0,bad/050.JPG,24033,0.5472475346398702,0.3564787162327407,0.721091832064245,0.4976625536962431,25,26.88768768310547,0.019283771514892578,0.640400604686319,0.1738442974243748,0.14118383746350244
pcb3,1,0,bad/051.JPG,4277,0.5831190086509236,0.36623912858338775,0.5010521393500117,0.3343031383284402,1,4.862373352050781,0.04587864875793457,0.7819444444444444,-0.0820668693009119,-0.03193599025494753
pcb3,1,0,bad/052.JPG,32315,0.8844190004641808,0.738660035612024,0.9146526380937645,0.8122593685541748,30,36.1361083984375,0.09343510866165161,0.8068027210884353,0.030233637629583754,0.07359933294215082
pcb3,1,0,bad/053.JPG,8396,0.18616007622677466,0.02213659204365913,0.26095759885659836,0.054105080332861676,6,9.208831787109375,0.025090336799621582,0.6643247462919594,0.0747975226298237,0.03196848828920255
pcb3,1,0,bad/054.JPG,2976,0.01881720430107527,0.0007077693193872032,0.0,0.0,3,3.4181671142578125,0.0670042634010315,0.7530864197530864,-0.01881720430107527,-0.0007077693193872032
pcb3,1,0,bad/055.JPG,2804,0.3616262482168331,0.19473080053646358,0.3359486447931526,0.2777433584028338,2,3.1119384765625,0.03153306245803833,0.7363945578231292,-0.025677603423680473,0.08301255786637024
pcb3,1,0,bad/056.JPG,1306,0.24961715160796324,0.058738366616612414,0.10490045941807044,0.01679541822172969,1,1.448974609375,0.022758930921554565,0.6565656565656566,-0.1447166921898928,-0.041942948394882724
pcb3,1,0,bad/057.JPG,3363,0.2830805828129646,0.13187503608294604,0.19417187035385072,0.08897124017279857,6,3.76025390625,0.04389864206314087,0.8945578231292517,-0.08890871245911389,-0.042903795910147466
pcb3,1,0,bad/058.JPG,1964,0.6359470468431772,0.3362873237035338,0.5656822810590632,0.21613548978817607,2,2.0714111328125,0.03183168172836304,0.724537037037037,-0.070264765784114,-0.12015183391535775
pcb3,1,0,bad/059.JPG,3995,0.6901126408010012,0.49424926814634573,0.9018773466833542,0.5037008342342061,4,4.372810363769531,0.06577238440513611,0.6877394636015325,0.21176470588235297,0.009451566087860352
pcb3,1,0,bad/060.JPG,2696,0.8468100890207715,0.6773690530930195,1.0,0.9571595990303935,2,2.9894943237304688,0.06344875693321228,0.7133458646616541,0.15318991097922852,0.27979054593737396
pcb3,1,0,bad/061.JPG,4095,1.0,0.9564031676977958,0.9865689865689866,0.9505965309268612,4,4.535804748535156,0.10819202661514282,0.8946886446886446,-0.013431013431013383,-0.005806636770934515
pcb3,1,0,bad/062.JPG,2672,0.8510479041916168,0.35485846028705786,0.7675898203592815,0.27973164121435207,1,2.9335289001464844,0.10241764783859253,0.7934782608695652,-0.08345808383233533,-0.0751268190727058
pcb3,1,0,bad/063.JPG,1574,0.9968233799237611,0.7560237109662011,0.9644218551461246,0.6725406434349176,1,1.7343482971191406,0.14654019474983215,0.8553113553113553,-0.03240152477763658,-0.08348306753128354
pcb3,1,0,bad/064.JPG,4689,0.6282789507357646,0.42633173297828786,0.7916400085306036,0.5083502493278123,2,5.2701416015625,0.014700919389724731,0.5884146341463415,0.163361057794839,0.0820185163495244
pcb3,1,0,bad/065.JPG,5366,0.8635855385762207,0.6435511437099204,0.8835259038389862,0.5322026878378975,3,5.903469085693359,0.09337005019187927,0.8820197044334975,0.019940365262765547,-0.11134845587202291
pcb3,1,0,bad/066.JPG,3587,1.0,0.9035094021068607,0.9972121550041818,0.9010478128545832,2,3.9486656188964844,0.17614132165908813,0.9674471730439749,-0.0027878449958181895,-0.002461589252277463
pcb3,1,0,bad/067.JPG,6832,1.0,0.9432128321173842,1.0,0.949346500102832,6,7.637947082519531,0.2633611559867859,0.9294839039345937,0.0,0.006133667985447788
pcb3,1,0,bad/068.JPG,2079,0.7724867724867724,0.3199235187122665,0.9345839345839346,0.5501330277326292,1,2.255035400390625,0.033595889806747437,0.6865079365079365,0.16209716209716218,0.2302095090203627
pcb3,1,0,bad/069.JPG,1993,0.9578524836929252,0.7343007920449637,1.0,0.7041689131103934,3,2.1936187744140625,0.109731525182724,0.787878787878788,0.042147516307074806,-0.030131878934570255
pcb3,1,0,bad/070.JPG,2554,0.9784651527016445,0.5786141709037971,0.9279561472200469,0.48590040230927956,3,2.8417396545410156,0.09830433130264282,0.9223300970873786,-0.050509005481597535,-0.09271376859451752
pcb3,1,0,bad/071.JPG,2244,0.9924242424242424,0.5469602204057248,1.0,0.7981077173269365,2,2.4947509765625,0.0824756920337677,0.8510101010101011,0.007575757575757569,0.25114749692121174
pcb3,1,0,bad/072.JPG,2374,0.7131423757371524,0.3941083135380463,0.780960404380792,0.43322781269336,2,2.60186767578125,0.03260049223899841,0.7164855072463767,0.0678180286436395,0.03911949915531371
pcb3,1,0,bad/073.JPG,2674,0.9341810022438295,0.36681871573543706,0.8855646970830217,0.23202762722276662,2,2.9081802368164062,0.06394341588020325,0.7735507246376812,-0.04861630516080784,-0.13479108851267044
pcb3,1,0,bad/074.JPG,3597,0.9594106199610787,0.9147751442972153,1.0,0.9826118891543073,4,3.9847869873046875,0.12739816308021545,0.888888888888889,0.04058938003892132,0.06783674485709201
pcb3,1,0,bad/075.JPG,2145,1.0,0.9409647388626369,1.0,0.9252677171596091,1,2.392822265625,0.15918856859207153,0.9841269841269842,0.0,-0.01569702170302778
pcb3,1,0,bad/076.JPG,4308,0.9765552460538532,0.9045601666046144,0.9851439182915506,0.8353435914909286,5,4.7801666259765625,0.09091833233833313,0.7999999999999999,0.008588672237697326,-0.06921657511368573
pcb3,1,0,bad/077.JPG,9799,0.8929482600265333,0.5982068769204396,0.9243800387794673,0.4888690593169577,9,10.77547836303711,0.10758504271507263,0.8614646744143147,0.031431778752934014,-0.10933781760348193
pcb3,1,0,bad/078.JPG,3020,0.6662251655629139,0.4072885758233358,0.9698675496688741,0.5679486357798776,3,3.3516273498535156,0.07141026854515076,0.726107226107226,0.30364238410596023,0.16066005995654187
pcb3,1,0,bad/079.JPG,2355,0.9762208067940552,0.5911433996632857,0.9847133757961783,0.8840127454143948,2,2.60223388671875,0.05286559462547302,0.767948717948718,0.00849256900212314,0.2928693457511091
pcb3,1,0,bad/080.JPG,5366,0.8945210585165859,0.251330357535412,0.9416697726425642,0.38622848909850266,6,6.02581787109375,0.09499353170394897,0.7319958847736625,0.04714871412597832,0.13489813156309066
pcb3,1,0,bad/081.JPG,5519,1.0,0.9165669610355393,1.0,0.9794900924441133,7,6.1329498291015625,0.4212040305137634,0.8235294117647058,0.0,0.06292313140857408
pcb3,1,0,bad/082.JPG,5323,0.9596092429081345,0.8752492148204788,1.0,0.9532262905439765,4,5.9132080078125,0.14713674783706665,0.7935185185185185,0.04039075709186546,0.07797707572349766
pcb3,1,0,bad/083.JPG,3337,0.5792628109080012,0.1563364044094775,0.9955049445609829,0.5414234474246932,4,3.6784706115722656,0.052912235260009766,0.7251602564102565,0.4162421336529817,0.3850870430152157
pcb3,1,0,bad/084.JPG,3341,0.9943130799161928,0.8253967156755677,0.9754564501646213,0.5363070365687862,2,3.688823699951172,0.17308303713798523,0.8697916666666666,-0.01885662975157143,-0.2890896791067815
pcb3,1,0,bad/085.JPG,3374,1.0,0.9790664890330947,0.9991108476585655,0.9820410660364722,3,3.7653541564941406,0.18414178490638733,0.9470085470085471,-0.000889152341434496,0.0029745770033775543
pcb3,1,0,bad/086.JPG,2098,0.9699714013346044,0.9298882114536663,1.0,0.9768967032113401,1,2.336761474609375,0.29886671900749207,0.8727272727272727,0.030028598665395645,0.047008491757673854
pcb3,1,0,bad/087.JPG,2491,0.951023685266961,0.9026584486408931,0.997591328783621,0.9590695041871031,0,2.755168914794922,0.15620627999305725,0.7909226190476191,0.046567643516659984,0.056411055546210065
pcb3,1,0,bad/088.JPG,3152,0.991751269035533,0.23567154362122616,0.9942893401015228,0.2359104406570233,3,3.468994140625,0.31946858763694763,0.8489583333333334,0.0025380710659898,0.00023889703579713095
pcb3,1,0,bad/089.JPG,4421,0.9380230717032345,0.6212158186660012,0.949785116489482,0.6810306763329174,3,4.985038757324219,0.0648135244846344,0.7388776541961577,0.011762044786247539,0.05981485766691619
pcb3,1,0,bad/090.JPG,2818,0.9943222143364088,0.8985564861079084,0.9808374733853797,0.9759719380233289,3,3.1632728576660156,0.18948835134506226,0.9,-0.013484740951029028,0.07741545191542054
pcb3,1,0,bad/091.JPG,3970,0.9478589420654912,0.8352485664182752,0.9962216624685138,0.9630070990499429,5,4.403350830078125,0.040057599544525146,0.7166666666666666,0.048362720403022696,0.1277585326316677
pcb3,1,0,bad/092.JPG,4316,0.9202965708989805,0.6847186520093119,0.9777571825764597,0.7322072137291703,4,4.867362976074219,0.004548788070678711,0.6330409356725146,0.05746061167747918,0.04748856171985838
pcb3,1,0,bad/093.JPG,2778,0.9956803455723542,0.9363412877028005,0.9949604031677466,0.9644914016812913,2,3.0868682861328125,0.20229756832122803,0.8785714285714286,-0.0007199424046075986,0.028150113978490876
pcb3,1,0,bad/094.JPG,3326,0.9248346361996392,0.8788845836720252,0.9807576668671076,0.923889056845233,3,3.68408203125,0.16805365681648254,0.9242798353909465,0.0559230306674684,0.04500447317320788
pcb3,1,0,bad/095.JPG,3172,1.0,0.9794507733885638,1.0,0.9876347704306812,3,3.4896621704101562,0.35187241435050964,0.8953703703703704,0.0,0.008183997042117364
pcb3,1,0,bad/096.JPG,1939,0.9850438370293966,0.9004803220513516,0.9979370809695719,0.9737382800006796,1,2.1683349609375,0.06318196654319763,0.7886904761904762,0.012893243940175325,0.07325795794932799
pcb3,1,0,bad/097.JPG,2150,0.9572093023255814,0.474530846990555,0.9916279069767442,0.7284796410748601,2,2.3624649047851562,0.010553181171417236,0.6388888888888888,0.034418604651162754,0.2539487940843051
pcb3,1,0,bad/098.JPG,2268,1.0,0.8797176290855154,1.0,0.8978059837382124,2,2.505207061767578,0.23576530814170837,0.7905982905982907,0.0,0.01808835465269698
pcb3,1,0,bad/099.JPG,3505,0.7937232524964337,0.5385180505788275,0.8045649072753209,0.534905819958062,3,3.87799072265625,0.19680330157279968,0.8125,0.01084165477888721,-0.003612230620765544
pcb3,1,1,bad/000.JPG,6119,0.9986925968295474,0.8052319056755739,1.0,0.8237371604025431,8,6.790409088134766,0.12117263674736023,0.9118629908103593,0.0013074031704526368,0.018505254726969178
pcb3,1,1,bad/001.JPG,24949,1.0,0.914311533009968,0.9973145216241132,0.9245674520095801,28,27.71434783935547,0.13770455121994019,0.8551949299020549,-0.0026854783758868406,0.01025591899961209
pcb3,1,1,bad/002.JPG,3028,0.9980184940554822,0.8885579585490634,0.9983487450462352,0.8926299409122526,2,3.2959442138671875,0.06079047918319702,0.8455555555555555,0.00033025099075301156,0.004071982363189175
pcb3,1,1,bad/003.JPG,3674,1.0,0.9523574924586715,1.0,0.9780455032713279,5,4.071533203125,0.13137707114219666,0.8717320261437908,0.0,0.02568801081265637
pcb3,1,1,bad/004.JPG,22765,1.0,0.9092265647023129,1.0,0.9039557796219135,27,25.311389923095703,0.11794361472129822,0.8223684210526316,0.0,-0.005270785080399354
pcb3,1,1,bad/005.JPG,25321,0.9572291773626634,0.731865543253585,0.9323881363295289,0.7434650252490327,25,28.0924072265625,0.14119994640350342,0.9138429752066115,-0.02484104103313456,0.011599481995447691
pcb3,1,1,bad/006.JPG,6170,1.0,0.9516297317397445,1.0,0.9669188924218671,7,6.887348175048828,0.15391433238983154,0.9236842105263158,0.0,0.015289160682122604
pcb3,1,1,bad/007.JPG,3217,0.9595896798259248,0.6959253143863928,0.9937830276655268,0.8019896321082806,3,3.556293487548828,0.05047622323036194,0.8385416666666666,0.03419334783960204,0.10606431772188774
pcb3,1,1,bad/008.JPG,10632,1.0,0.8278577276317752,1.0,0.9110493075777859,11,11.786148071289062,0.08253401517868042,0.8454749679075738,0.0,0.08319157994601067
pcb3,1,1,bad/009.JPG,23672,1.0,0.8807264115610566,0.9893122676579925,0.9146027488918242,26,26.254940032958984,0.13525816798210144,0.8858974358974359,-0.010687732342007483,0.03387633733076767
pcb3,1,1,bad/010.JPG,34629,0.9991914291489792,0.8786971666672455,0.9987871437234688,0.8999091699333807,36,38.4693717956543,0.19635659456253052,0.9413566243194192,-0.0004042854255104089,0.02121200326613515
pcb3,1,1,bad/011.JPG,49237,0.996567621910352,0.8876233017196572,1.0,0.8985581788936267,57,54.72507858276367,0.1465810239315033,0.9171448087431695,0.003432378089648025,0.01093487717396946
pcb3,1,1,bad/012.JPG,8661,0.9770234384020321,0.8720602796038814,0.9685948504791595,0.8967846775930233,8,9.642852783203125,0.13551145792007446,0.9121311475409836,-0.008428587922872599,0.024724397989141833
pcb3,1,1,bad/013.JPG,25780,0.9884794414274631,0.8770179738443775,0.9780837858805276,0.7912094924767799,29,28.67337417602539,0.09163603186607361,0.8407407407407407,-0.010395655546935556,-0.08580848136759767
pcb3,1,1,bad/014.JPG,2722,0.6675238795003674,0.34155892292542905,0.9276267450404114,0.6700209843282747,0,3.0204200744628906,0.04270985722541809,0.7316239316239317,0.260102865540044,0.3284620614028457
pcb3,1,1,bad/015.JPG,2985,1.0,0.6241424683318839,1.0,0.9138742476864518,3,3.3168678283691406,0.012605071067810059,0.6571180555555556,0.0,0.28973177935456784
pcb3,1,1,bad/016.JPG,3098,0.9954809554551324,0.8599285075772861,0.960619754680439,0.8529164860271629,2,3.4386940002441406,0.06389355659484863,0.7960069444444445,-0.034861200774693346,-0.00701202155012326
pcb3,1,1,bad/017.JPG,3083,1.0,0.9454960589149919,1.0,0.9634854689184724,2,3.4238204956054688,0.0315556526184082,0.8104575163398693,0.0,0.017989410003480533
pcb3,1,1,bad/018.JPG,5556,1.0,0.9308265750232555,1.0,0.9772630563550533,6,6.244667053222656,0.2160414159297943,0.9149659863945578,0.0,0.046436481331797785
pcb3,1,1,bad/019.JPG,23912,0.96796587487454,0.6756621915445844,0.9799682167949146,0.7264410842612288,26,26.561710357666016,0.14164412021636963,0.8528455284552845,0.012002341920374637,0.050778892716644375
pcb3,1,1,bad/020.JPG,4617,0.8600823045267489,0.29572374218728714,0.964479098982023,0.5997439493777021,5,5.0822906494140625,0.16308677196502686,0.8453661034306195,0.10439679445527406,0.304020207190415
pcb3,1,1,bad/021.JPG,1665,1.0,0.8094444804172549,0.9819819819819819,0.8980318584778901,1,1.84173583984375,0.014652758836746216,0.7323232323232323,-0.018018018018018056,0.08858737806063521
pcb3,1,1,bad/022.JPG,3383,0.7070647354419155,0.4409945425629451,0.9314218149571386,0.6960202099480159,3,3.7654571533203125,-0.0027213096618652344,0.5705128205128205,0.2243570795152231,0.2550256673850708
pcb3,1,1,bad/023.JPG,4768,0.9997902684563759,0.9097739272278905,1.0,0.9301092244258272,3,5.27557373046875,0.06848704814910889,0.8511111111111112,0.00020973154362413648,0.020335297197936697
pcb3,1,1,bad/024.JPG,5419,0.6139509134526665,0.22521402841223773,0.7645322015131943,0.4043001346960094,5,6.00042724609375,0.026410698890686035,0.7510504201680672,0.15058128806052784,0.17908610628377167
pcb3,1,1,bad/025.JPG,7279,0.7189174337134222,0.1317418734896093,0.8946283830196455,0.32086257078151287,5,8.051406860351562,0.05146890878677368,0.7647392290249433,0.17571094930622333,0.18912069729190356
pcb3,1,1,bad/026.JPG,3911,0.9427256456149322,0.2644136665175356,1.0,0.8147029929450612,3,4.3212890625,0.11495223641395569,0.8148148148148149,0.05727435438506778,0.5502893264275256
pcb3,1,1,bad/027.JPG,5578,0.8565794191466476,0.6584233089726932,0.9245249193259233,0.7165076962135226,7,6.250251770019531,0.06012722849845886,0.7800245098039216,0.0679455001792757,0.05808438724082943
pcb3,1,1,bad/028.JPG,2651,0.961146737080347,0.4060761734142927,0.982270841192003,0.568234110000855,3,3.0151443481445312,0.16945773363113403,0.9241071428571428,0.021124104111655995,0.1621579365865623
pcb3,1,1,bad/029.JPG,3220,0.9003105590062112,0.20937533156380667,0.937888198757764,0.33546102125741745,3,3.632465362548828,0.0560741126537323,0.6971014492753623,0.037577639751552816,0.12608568969361078
pcb3,1,1,bad/030.JPG,4072,0.3524066797642436,0.13202022965343319,0.4756876227897839,0.20603051631115255,5,4.555942535400391,0.027204394340515137,0.6588072122052704,0.12328094302554027,0.07401028665771936
pcb3,1,1,bad/031.JPG,6786,0.46330680813439434,0.31998736823274004,0.8087238432066018,0.4442291913418212,7,7.52001953125,0.10488981008529663,0.8562271062271063,0.3454170350722075,0.12424182310908116
pcb3,1,1,bad/032.JPG,3899,0.6953064888432932,0.4786074866552009,0.848166196460631,0.6040472172847297,2,4.2753448486328125,0.06517019867897034,0.8438880706921944,0.1528597076173378,0.12543973062952873
pcb3,1,1,bad/033.JPG,2747,0.9483072442664725,0.8773969101620379,1.0,0.9051641392227884,3,3.0609054565429688,0.19953137636184692,0.8923611111111112,0.051692755733527496,0.027767229060750465
pcb3,1,1,bad/034.JPG,6186,0.8918525703200776,0.4251351282911901,0.9642741674749434,0.5735230512754286,3,6.9490509033203125,0.043836772441864014,0.7806995782684197,0.07242159715486585,0.14838792298423847
pcb3,1,1,bad/035.JPG,4499,0.7601689264280951,0.31096032668732276,0.8341853745276728,0.43937297187043284,2,4.943939208984375,0.0378437340259552,0.7072310405643739,0.07401644809957775,0.12841264518311007
pcb3,1,1,bad/036.JPG,4648,0.9703098106712564,0.6794672884075871,0.9343803786574871,0.5773473772422039,6,5.1881256103515625,0.10788145661354065,0.8898225957049486,-0.0359294320137693,-0.10211991116538321
pcb3,1,1,bad/037.JPG,3563,0.48414257648049397,0.09349204158969428,0.47179343250070166,0.16808312960325403,1,3.969268798828125,0.04814261198043823,0.923941798941799,-0.01234914397979231,0.07459108801355975
pcb3,1,1,bad/038.JPG,3364,0.9340071343638525,0.7110293202620918,0.9001189060642093,0.697320884191715,2,3.7345809936523438,0.14637768268585205,0.8555555555555556,-0.03388822829964322,-0.01370843607037675
pcb3,1,1,bad/039.JPG,2339,1.0,0.8525843577514958,1.0,0.9595700808052965,4,2.6319427490234375,0.15519484877586365,0.9781746031746031,0.0,0.10698572305380072
pcb3,1,1,bad/040.JPG,3129,0.30233301374240973,0.25443214245103385,0.3218280600830936,0.27355019342342235,4,3.3773193359375,0.03232234716415405,0.7806122448979591,0.019495046340683886,0.0191180509723885
pcb3,1,1,bad/041.JPG,2321,0.12623869021973289,0.016079928786541096,0.11331322705730289,0.02531314111588782,2,2.504741668701172,0.01564893126487732,0.676595744680851,-0.012925463162429998,0.009233212329346725
pcb3,1,1,bad/042.JPG,2962,0.20661715057393654,0.06997760361819678,0.4274139095205942,0.09965604932193735,2,3.219268798828125,0.01068374514579773,0.5950854700854701,0.22079675894665768,0.029678445703740564
pcb3,1,1,bad/043.JPG,38947,0.07879939404832208,0.03471899822805784,0.06932498010116311,0.025202279210479933,37,43.615299224853516,0.026748061180114746,0.701387093995003,-0.009474413947158963,-0.009516719017577904
pcb3,1,1,bad/044.JPG,21556,0.9676656151419558,0.7591311256150015,0.986917795509371,0.8802436713456335,21,23.908432006835938,0.04160556197166443,0.7776376628835645,0.01925218036741516,0.12111254573063202
pcb3,1,1,bad/045.JPG,2934,0.4812542603953647,0.2704131811453368,0.5184049079754601,0.29755661143018847,0,3.2141036987304688,0.02484184503555298,0.6343201754385964,0.03715064758009545,0.027143430284851666
pcb3,1,1,bad/046.JPG,6140,0.46351791530944625,0.36405762362520483,0.5830618892508144,0.4786299083546151,0,6.917915344238281,0.021962404251098633,0.6694240674262526,0.11954397394136812,0.11457228472941028
pcb3,1,1,bad/047.JPG,56911,0.7339354430602169,0.4888669942130802,0.8810423292509356,0.7003806584596829,55,63.38693618774414,0.04148423671722412,0.6958650231663608,0.14710688619071877,0.21151366424660267
pcb3,1,1,bad/048.JPG,25418,0.6545361554803683,0.17003301093967424,0.7812180344637658,0.6570004099149723,26,28.310623168945312,0.03302866220474243,0.6594019933554818,0.12668187898339756,0.48696739897529806
pcb3,1,1,bad/049.JPG,1104,0.0,0.0,0.0,0.0,1,1.2857666015625,0.02940163016319275,0.7555555555555555,0.0,0.0
pcb3,1,1,bad/050.JPG,24033,0.49323846377897057,0.23437875868973806,0.6263054966088295,0.3769412030682288,25,26.88768768310547,0.0292070209980011,0.6623204837490552,0.13306703282985893,0.14256244437849075
pcb3,1,1,bad/051.JPG,4277,0.6062660743511807,0.3849233124849167,0.4727612812719196,0.34328023930498747,1,4.862373352050781,0.04443410038948059,0.8034722222222223,-0.13350479307926116,-0.04164307317992921
pcb3,1,1,bad/052.JPG,32315,0.8619526535664552,0.6960191327306238,0.921305895095157,0.7622441844684008,30,36.1361083984375,0.09587007761001587,0.8204081632653062,0.059353241528701806,0.06622505173777704
pcb3,1,1,bad/053.JPG,8396,0.033825631252977606,0.003386275709646202,0.1392329680800381,0.01569947401073307,6,9.208831787109375,0.03157526254653931,0.7240437158469945,0.1054073368270605,0.012313198301086866
pcb3,1,1,bad/054.JPG,2976,0.0,0.0,0.0,0.0,3,3.4181671142578125,0.03653448820114136,0.741690408357075,0.0,0.0
pcb3,1,1,bad/055.JPG,2804,0.19079885877318117,0.11026270169561107,0.2731811697574893,0.18900131362593825,2,3.1119384765625,0.03446933627128601,0.6598639455782312,0.08238231098430812,0.07873861193032718
pcb3,1,1,bad/056.JPG,1306,0.48162327718223585,0.15446171130392874,0.01914241960183767,0.00028167524339040457,1,1.448974609375,0.022908121347427368,0.7121212121212122,-0.4624808575803982,-0.15418003606053834
pcb3,1,1,bad/057.JPG,3363,0.22598870056497175,0.06312980267536965,0.26851025869759143,0.13428656650031462,6,3.76025390625,0.021717965602874756,0.7670068027210885,0.04252155813261968,0.07115676382494497
pcb3,1,1,bad/058.JPG,1964,0.8823828920570265,0.28476683072818637,0.4164969450101833,0.14775861154366596,2,2.0714111328125,0.04379916191101074,0.875,-0.46588594704684316,-0.1370082191845204
pcb3,1,1,bad/059.JPG,3995,0.9612015018773467,0.5470760271468206,0.8087609511889863,0.5222993994398526,4,4.372810363769531,0.06785887479782104,0.7337164750957854,-0.15244055068836038,-0.02477662770696798
pcb3,1,1,bad/060.JPG,2696,0.8089762611275965,0.601713095457305,1.0,0.8855091806587712,2,2.9894943237304688,0.09331390261650085,0.7359022556390978,0.19102373887240354,0.28379608520146615
pcb3,1,1,bad/061.JPG,4095,0.9987789987789988,0.9413303128852011,0.9868131868131869,0.9595147443328957,4,4.535804748535156,0.11275213956832886,0.8278388278388278,-0.011965811965811923,0.01818443144769466
pcb3,1,1,bad/062.JPG,2672,0.8589071856287425,0.3969811823616097,0.8454341317365269,0.3898434888430502,1,2.9335289001464844,0.08572259545326233,0.8206521739130435,-0.013473053892215536,-0.007137693518559474
pcb3,1,1,bad/063.JPG,1574,0.9974587039390089,0.8493310113575232,1.0,0.9243489872850492,1,1.7343482971191406,0.1400081217288971,0.8626373626373626,0.0025412960609910717,0.07501797592752601
pcb3,1,1,bad/064.JPG,4689,0.6749840051183621,0.45854977771154254,0.72552783109405,0.4608576426992972,2,5.2701416015625,0.00845259428024292,0.5762195121951219,0.05054382597568785,0.0023078649877546487
pcb3,1,1,bad/065.JPG,5366,0.6574729780096906,0.5089579947817526,0.7814014163250094,0.5977301920365069,3,5.903469085693359,0.10101869702339172,0.8342364532019705,0.12392843831531875,0.08877219725475427
pcb3,1,1,bad/066.JPG,3587,1.0,0.9427428182523214,1.0,0.9145935453377602,2,3.9486656188964844,0.1898600459098816,0.9868646487721302,0.0,-0.028149272914561263
pcb3,1,1,bad/067.JPG,6832,1.0,0.9685511308034139,1.0,0.9923040708718086,6,7.637947082519531,0.3199688196182251,0.9514563106796117,0.0,0.02375294006839468
pcb3,1,1,bad/068.JPG,2079,0.8427128427128427,0.38130492229435736,0.9826839826839827,0.6900632438855187,1,2.255035400390625,0.06574958562850952,0.8015873015873016,0.13997113997113997,0.3087583215911613
pcb3,1,1,bad/069.JPG,1993,1.0,0.831257883254235,0.9924736578023081,0.7073141155733281,3,2.1936187744140625,0.105828195810318,0.8757575757575757,-0.007526342197691882,-0.12394376768090687
pcb3,1,1,bad/070.JPG,2554,0.9267815191855913,0.49323748840599024,0.9815974941268598,0.6668330226076707,3,2.8417396545410156,0.0580366849899292,0.8558625840179238,0.05481597494126855,0.1735955342016805
pcb3,1,1,bad/071.JPG,2244,1.0,0.7892493897440019,1.0,0.7616144472265298,2,2.4947509765625,0.12119400501251221,0.9292929292929292,0.0,-0.027634942517472116
pcb3,1,1,bad/072.JPG,2374,0.7447346251053075,0.41756642876217,0.7645324347093513,0.4667162285783938,2,2.60186767578125,0.03726509213447571,0.8007246376811594,0.01979780960404376,0.049149799816223805
pcb3,1,1,bad/073.JPG,2674,0.9087509349289454,0.2947758419014884,0.9468960359012715,0.5127507716373934,2,2.9081802368164062,0.09861737489700317,0.808876811594203,0.03814510097232604,0.21797492973590493
pcb3,1,1,bad/074.JPG,3597,0.9719210453155407,0.9175797975186747,1.0,0.9448844075064583,4,3.9847869873046875,0.14728274941444397,0.895959595959596,0.028078954684459312,0.027304609987783612
pcb3,1,1,bad/075.JPG,2145,1.0,0.9257853035630814,1.0,0.8854750191086527,1,2.392822265625,0.17631375789642334,0.9702380952380952,0.0,-0.040310284454428746
pcb3,1,1,bad/076.JPG,4308,0.9925719591457753,0.8677849224000533,0.9990714948932219,0.9334031493594402,5,4.7801666259765625,0.08463269472122192,0.8251851851851851,0.00649953574744655,0.0656182269593869
pcb3,1,1,bad/077.JPG,9799,0.9330543933054394,0.5558900637144889,0.9956117971221553,0.7408699357223136,9,10.77547836303711,0.1201460063457489,0.8640472237594539,0.06255740381671593,0.18497987200782473
pcb3,1,1,bad/078.JPG,3020,0.7970198675496689,0.2937406622527174,0.9804635761589404,0.5911009205083081,3,3.3516273498535156,0.07184654474258423,0.8135198135198135,0.1834437086092715,0.2973602582555907
pcb3,1,1,bad/079.JPG,2355,0.975796178343949,0.4368065756620341,0.9889596602972399,0.8683210786232842,2,2.60223388671875,0.059079259634017944,0.8038461538461539,0.013163481953290868,0.4315145029612501
pcb3,1,1,bad/080.JPG,5366,0.9385016772269847,0.26372712057123326,0.9368244502422661,0.37859527826563855,6,6.02581787109375,0.07793807983398438,0.6646090534979423,-0.001677226984718616,0.11486815769440528
pcb3,1,1,bad/081.JPG,5519,1.0,0.8693375755861171,1.0,0.984044706767828,7,6.1329498291015625,0.4009481966495514,0.8274509803921569,0.0,0.11470713118171083
pcb3,1,1,bad/082.JPG,5323,0.919218485816269,0.8127870623332833,0.9938004884463648,0.9363054680554034,4,5.9132080078125,0.1343083679676056,0.7606481481481481,0.07458200263009584,0.12351840572212003
pcb3,1,1,bad/083.JPG,3337,0.7030266706622715,0.17686314009049792,0.9988013185495954,0.6511649285553625,4,3.6784706115722656,0.06673657894134521,0.7732371794871795,0.2957746478873239,0.47430178846486454
pcb3,1,1,bad/084.JPG,3341,1.0,0.8429654986656476,0.9892247829991021,0.8611687860728886,2,3.688823699951172,0.1553700864315033,0.875,-0.010775217000897896,0.018203287407240976
pcb3,1,1,bad/085.JPG,3374,1.0,0.979628462120913,0.9997036158861885,0.983623805659119,3,3.7653541564941406,0.19638213515281677,0.9401709401709403,-0.00029638411381149865,0.003995343538205964
pcb3,1,1,bad/086.JPG,2098,0.9790276453765491,0.9305896782711539,0.9928503336510963,0.9645675405803503,1,2.336761474609375,0.22553443908691406,0.8757575757575757,0.013822688274547246,0.033977862309196416
pcb3,1,1,bad/087.JPG,2491,0.9646728221597752,0.8980852784560228,1.0,0.9579734389207715,0,2.755168914794922,0.16086676716804504,0.8206845238095237,0.035327177840224766,0.05988816046474865
pcb3,1,1,bad/088.JPG,3152,0.983502538071066,0.22813284719464247,0.9825507614213198,0.22947110093757217,3,3.468994140625,0.2789916694164276,0.8394097222222222,-0.0009517766497462166,0.0013382537429297015
pcb3,1,1,bad/089.JPG,4421,0.9377968785342683,0.6229327408775622,1.0,0.8641078394216062,3,4.985038757324219,0.06665188074111938,0.757077856420627,0.0622031214657317,0.24117509854404395
pcb3,1,1,bad/090.JPG,2818,0.9950319375443577,0.9082923484284908,0.9847409510290986,0.9784995417673139,3,3.1632728576660156,0.1747683584690094,0.787878787878788,-0.01029098651525906,0.07020719333882308
pcb3,1,1,bad/091.JPG,3970,0.9662468513853905,0.8292763137794568,0.998992443324937,0.9695056557857645,5,4.403350830078125,0.04400026798248291,0.750925925925926,0.032745591939546514,0.14022934200630777
pcb3,1,1,bad/092.JPG,4316,0.914967562557924,0.7007534852095062,0.9763670064874884,0.8283699087936536,4,4.867362976074219,0.015413552522659302,0.6934697855750488,0.06139944392956442,0.12761642358414738
pcb3,1,1,bad/093.JPG,2778,1.0,0.9623420418280073,1.0,0.9793839476906994,2,3.0868682861328125,0.20790940523147583,0.9035714285714286,0.0,0.017041905862692053
pcb3,1,1,bad/094.JPG,3326,0.9648226097414312,0.8906892048765697,0.9897775105231509,0.9391048487734757,3,3.68408203125,0.1539950668811798,0.8872427983539095,0.02495490078171969,0.048415643896906
pcb3,1,1,bad/095.JPG,3172,1.0,0.9778685291772149,1.0,0.9891525342956282,3,3.4896621704101562,0.2908024787902832,0.9314814814814815,0.0,0.01128400511841332
pcb3,1,1,bad/096.JPG,1939,1.0,0.9457022409612184,1.0,0.9840194261066398,1,2.1683349609375,0.09284022450447083,0.8273809523809524,0.0,0.038317185145421484
pcb3,1,1,bad/097.JPG,2150,0.9493023255813954,0.4686396632755744,0.9827906976744186,0.5965447973816714,2,2.3624649047851562,0.0031471848487854004,0.6056763285024155,0.033488372093023244,0.12790513410609705
pcb3,1,1,bad/098.JPG,2268,1.0,0.8983809615580276,1.0,0.8830892313523093,2,2.505207061767578,0.21909400820732117,0.774928774928775,0.0,-0.015291730205718279
pcb3,1,1,bad/099.JPG,3505,0.762339514978602,0.4639884064050027,0.9158345221112696,0.7272191107884862,3,3.87799072265625,0.18754753470420837,0.802951388888889,0.15349500713266762,0.2632307043834835
pcb3,1,2,bad/000.JPG,6119,0.9965680666775617,0.8194004968832399,1.0,0.8344394950702868,8,6.790409088134766,0.17039799690246582,0.9076858813700919,0.0034319333224382964,0.015038998187046904
pcb3,1,2,bad/001.JPG,24949,1.0,0.9251033431947342,0.9986372199286545,0.9245119316773681,28,27.71434783935547,0.13140755891799927,0.8398309967351643,-0.001362780071345493,-0.0005914115173660806
pcb3,1,2,bad/002.JPG,3028,1.0,0.9094129607024559,1.0,0.9448709906690702,2,3.2959442138671875,0.09258720278739929,0.9111111111111111,0.0,0.03545802996661429
pcb3,1,2,bad/003.JPG,3674,1.0,0.9799512467120194,1.0,0.9777514437261011,5,4.071533203125,0.1533752977848053,0.8848039215686274,0.0,-0.0021998029859182644
pcb3,1,2,bad/004.JPG,22765,1.0,0.9218335363769289,1.0,0.9504974472083025,27,25.311389923095703,0.0955609381198883,0.7675438596491229,0.0,0.02866391083137365
pcb3,1,2,bad/005.JPG,25321,0.9288337743375065,0.7355316096789808,0.9457367402551242,0.755097756067394,25,28.0924072265625,0.11416655778884888,0.8673553719008265,0.01690296591761775,0.019566146388413252
pcb3,1,2,bad/006.JPG,6170,1.0,0.9646145431589709,1.0,0.9682946803041776,7,6.887348175048828,0.20138448476791382,0.9140350877192982,0.0,0.0036801371452067633
pcb3,1,2,bad/007.JPG,3217,1.0,0.8196963723177689,0.9841467205470935,0.8168834517763957,3,3.556293487548828,0.09025639295578003,0.9149305555555555,-0.015853279452906488,-0.002812920541373276
pcb3,1,2,bad/008.JPG,10632,1.0,0.9134046951983705,0.9997178329571106,0.9483429233239394,11,11.786148071289062,0.10740086436271667,0.8923299101412067,-0.0002821670428894141,0.034938228125568904
pcb3,1,2,bad/009.JPG,23672,0.9983524839472795,0.847388757961738,0.9870733355863467,0.944535112776449,26,26.254940032958984,0.13159433007240295,0.8626068376068377,-0.0112791483609328,0.09714635481471101
pcb3,1,2,bad/010.JPG,34629,1.0,0.9336625765119119,0.9999422449392128,0.9471927219324958,36,38.4693717956543,0.20325112342834473,0.9313747731397459,-5.775506078720127e-05,0.01353014542058395
pcb3,1,2,bad/011.JPG,49237,0.9991672928894937,0.8727613579352612,0.9999187602819019,0.9130303129815471,57,54.72507858276367,0.1263677179813385,0.865983606557377,0.0007514673924081672,0.040268955046285915
pcb3,1,2,bad/012.JPG,8661,0.9760997575337721,0.9034764391142938,0.9912250317515299,0.934544584152644,8,9.642852783203125,0.157538503408432,0.878688524590164,0.015125274217757778,0.031068145038350203
pcb3,1,2,bad/013.JPG,25780,0.9791698991466253,0.8656024727992934,0.9797517455391777,0.8093803832519081,29,28.67337417602539,0.07494717836380005,0.8126262626262626,0.000581846392552321,-0.05622208954738528
pcb3,1,2,bad/014.JPG,2722,0.8056576047024246,0.5784771042030138,0.9996326230712711,0.856919275386089,0,3.0204200744628906,0.0336093008518219,0.7076923076923077,0.19397501836884645,0.27844217118307524
pcb3,1,2,bad/015.JPG,2985,0.9946398659966499,0.8226746401735461,1.0,0.9571003760638119,3,3.3168678283691406,0.04077678918838501,0.771701388888889,0.005360134003350114,0.13442573589026585
pcb3,1,2,bad/016.JPG,3098,1.0,0.9248708860749244,1.0,0.9046528605582496,2,3.4386940002441406,0.10532581806182861,0.8463541666666666,0.0,-0.020218025516674842
pcb3,1,2,bad/017.JPG,3083,1.0,0.978523687843241,1.0,0.9807764906121291,2,3.4238204956054688,0.07701766490936279,0.9411764705882353,0.0,0.0022528027688881735
pcb3,1,2,bad/018.JPG,5556,1.0,0.9586329105358934,1.0,0.980893226131391,6,6.244667053222656,0.2892839014530182,0.9206349206349207,0.0,0.02226031559549757
pcb3,1,2,bad/019.JPG,23912,0.9859066577450653,0.7594020002358083,0.9866594178655068,0.8284677625399203,26,26.561710357666016,0.1250143051147461,0.8556910569105691,0.0007527601204415646,0.06906576230411199
pcb3,1,2,bad/020.JPG,4617,0.8793588910547975,0.30445902654601176,0.9709768247779944,0.5212042280977475,5,5.0822906494140625,0.11819815635681152,0.8509984639016898,0.09161793372319693,0.2167452015517357
pcb3,1,2,bad/021.JPG,1665,1.0,0.8174819039837211,0.9885885885885886,0.9194509017219116,1,1.84173583984375,0.028820425271987915,0.8282828282828283,-0.011411411411411443,0.10196899773819046
pcb3,1,2,bad/022.JPG,3383,0.6275495122672184,0.36531814987607464,0.9231451374519657,0.6218409577837437,3,3.7654571533203125,-0.014316707849502563,0.4348290598290598,0.29559562518474725,0.25652280790766907
pcb3,1,2,bad/023.JPG,4768,1.0,0.9421324065234865,1.0,0.9596117815095941,3,5.27557373046875,0.09038844704627991,0.8874074074074073,0.0,0.017479374986107632
pcb3,1,2,bad/024.JPG,5419,0.7291013102048348,0.2877390932492597,0.8018084517438642,0.3479734936850738,5,6.00042724609375,0.043727099895477295,0.6869747899159664,0.07270714153902935,0.06023440043581407
pcb3,1,2,bad/025.JPG,7279,0.6796263222970188,0.15977223201525537,0.9273251820304987,0.4514395596601112,5,8.051406860351562,0.061148613691329956,0.7772108843537415,0.24769885973347994,0.2916673276448558
pcb3,1,2,bad/026.JPG,3911,0.9734083354640757,0.6180497373173671,1.0,0.8089237072192714,3,4.3212890625,0.11764109134674072,0.8657407407407407,0.02659166453592432,0.1908739699019043
pcb3,1,2,bad/027.JPG,5578,0.857475797776981,0.6736152233786835,0.9204015776263894,0.789051780931739,7,6.250251770019531,0.038981348276138306,0.7555147058823529,0.06292577984940839,0.11543655755305549
pcb3,1,2,bad/028.JPG,2651,0.9490758204451151,0.38059056346570846,0.974349302150132,0.5547216824691673,3,3.0151443481445312,0.16952446103096008,0.8735119047619048,0.025273481705016976,0.17413111900345885
pcb3,1,2,bad/029.JPG,3220,0.9158385093167701,0.2666922251344036,0.9503105590062112,0.36593081595343924,3,3.632465362548828,0.0798635482788086,0.8033816425120772,0.034472049689441064,0.09923859081903563
pcb3,1,2,bad/030.JPG,4072,0.4567779960707269,0.14835243196877132,0.8101669941060904,0.4648544276423231,5,4.555942535400391,0.02696821093559265,0.6671289875173371,0.3533889980353635,0.31650199567355175
pcb3,1,2,bad/031.JPG,6786,0.5213675213675214,0.3265971851028172,0.8857942823460064,0.555533674148841,7,7.52001953125,0.07653772830963135,0.7866300366300366,0.36442676097848503,0.22893648904602382
pcb3,1,2,bad/032.JPG,3899,0.7937932803282893,0.5524292238055557,0.9743523980507822,0.7138416178961693,2,4.2753448486328125,0.05213978886604309,0.7731958762886598,0.1805591177224929,0.1614123940906136
pcb3,1,2,bad/033.JPG,2747,0.9504914452129596,0.8687968879021053,1.0,0.8412458723043426,3,3.0609054565429688,0.17016568779945374,0.8559027777777777,0.049508554787040415,-0.02755101559776274
pcb3,1,2,bad/034.JPG,6186,0.9172324603944391,0.5887258601825422,0.9395408988037504,0.7102272703924403,3,6.9490509033203125,0.055994272232055664,0.7677995534606797,0.022308438409311293,0.12150141020989802
pcb3,1,2,bad/035.JPG,4499,0.749499888864192,0.21811957792675377,0.8217381640364525,0.399407043153784,2,4.943939208984375,0.0019177496433258057,0.5551146384479717,0.07223827517226045,0.18128746522703024
pcb3,1,2,bad/036.JPG,4648,0.9427710843373494,0.6484266783432815,0.9322289156626506,0.5653283204186624,6,5.1881256103515625,0.08833244442939758,0.842203548085901,-0.010542168674698704,-0.08309835792461906
pcb3,1,2,bad/037.JPG,3563,0.8891383665450463,0.38603699382911405,0.8372158293572832,0.4124440773298056,1,3.969268798828125,0.06989118456840515,0.9166666666666666,-0.051922537187763074,0.02640708350069154
pcb3,1,2,bad/038.JPG,3364,0.933115338882283,0.6927422619885895,0.9271700356718192,0.7112312463868928,2,3.7345809936523438,0.13693955540657043,0.8035555555555555,-0.005945303210463826,0.018488984398303376
pcb3,1,2,bad/039.JPG,2339,1.0,0.8637582754733039,1.0,0.9401054523511954,4,2.6319427490234375,0.13102185726165771,0.9761904761904762,0.0,0.0763471768778915
pcb3,1,2,bad/040.JPG,3129,0.34260147011824865,0.2872523707969893,0.2767657398529882,0.20917399413546567,4,3.3773193359375,0.04375070333480835,0.7448979591836734,-0.06583573026526046,-0.07807837666152362
pcb3,1,2,bad/041.JPG,2321,0.0,0.0,0.024989228780697974,0.002914391259586989,2,2.504741668701172,-0.019043445587158203,0.2808510638297872,0.024989228780697974,0.002914391259586989
pcb3,1,2,bad/042.JPG,2962,0.041188386225523295,0.004485767646855649,0.9601620526671168,0.4849596534956288,2,3.219268798828125,0.006070882081985474,0.4818376068376068,0.9189736664415935,0.48047388584877315
pcb3,1,2,bad/043.JPG,38947,0.08724677125324158,0.0351392507547157,0.08691298431201376,0.03769481138951021,37,43.615299224853516,0.048085153102874756,0.7380890841733436,-0.0003337869412278205,0.002555560634794514
pcb3,1,2,bad/044.JPG,21556,0.8991928001484506,0.6797617841061128,0.9491092967155317,0.7765923664723653,21,23.908432006835938,0.04044681787490845,0.7866750735603195,0.04991649656708108,0.09683058236625253
pcb3,1,2,bad/045.JPG,2934,0.20279481935923654,0.13989771153910976,0.4700068166325835,0.24955317765143195,0,3.2141036987304688,-0.0054357945919036865,0.46326754385964913,0.26721199727334694,0.10965546611232219
pcb3,1,2,bad/046.JPG,6140,0.4333876221498371,0.29230959288825004,0.7982084690553746,0.5933122540963687,0,6.917915344238281,0.029722094535827637,0.708443889495864,0.36482084690553745,0.30100266120811864
pcb3,1,2,bad/047.JPG,56911,0.7645797824673614,0.519861275368711,0.9129166593452935,0.7019683575810909,55,63.38693618774414,0.040810585021972656,0.6995803829006033,0.14833687687793218,0.18210708221237992
pcb3,1,2,bad/048.JPG,25418,0.7232276339601857,0.202667484893899,0.7593831143284286,0.6012895562611037,26,28.310623168945312,0.037293195724487305,0.7201328903654485,0.0361554803682429,0.39862207136720473
pcb3,1,2,bad/049.JPG,1104,0.0,0.0,0.028079710144927536,0.0010776174725450093,1,1.2857666015625,0.044914692640304565,0.8222222222222222,0.028079710144927536,0.0010776174725450093
pcb3,1,2,bad/050.JPG,24033,0.6231431781300711,0.34397162219124744,0.6777763907959888,0.47420766276935516,25,26.88768768310547,0.03465810418128967,0.6923658352229781,0.054633212665917696,0.13023604057810773
pcb3,1,2,bad/051.JPG,4277,0.55810147299509,0.3204131354345398,0.4082300678045359,0.29741746664839974,1,4.862373352050781,0.024172961711883545,0.7694444444444444,-0.14987140519055414,-0.022995668786140067
pcb3,1,2,bad/052.JPG,32315,0.9201299706018876,0.706898161787319,0.9489401206869875,0.7918636510038837,30,36.1361083984375,0.08301839232444763,0.833843537414966,0.028810150085099906,0.08496548921656466
pcb3,1,2,bad/053.JPG,8396,0.07777513101476893,0.007536296621700848,0.1420914721295855,0.023595647543627894,6,9.208831787109375,0.02646845579147339,0.6736924277907884,0.06431634111481657,0.016059350921927045
pcb3,1,2,bad/054.JPG,2976,0.0,0.0,0.0,0.0,3,3.4181671142578125,0.04621005058288574,0.6609686609686609,0.0,0.0
pcb3,1,2,bad/055.JPG,2804,0.3980028530670471,0.266367842641263,0.2867332382310984,0.20457933347420554,2,3.1119384765625,0.02160230278968811,0.7619047619047619,-0.11126961483594866,-0.06178850916705747
pcb3,1,2,bad/056.JPG,1306,0.0,0.0,0.5183767228177641,0.13774642294019251,1,1.448974609375,0.02772313356399536,0.7045454545454546,0.5183767228177641,0.13774642294019251
pcb3,1,2,bad/057.JPG,3363,0.08742194469223907,0.042943886979939096,0.16176033303597978,0.07297495409648598,6,3.76025390625,0.028635650873184204,0.6938775510204082,0.07433838834374071,0.030031067116546885
pcb3,1,2,bad/058.JPG,1964,0.6308553971486762,0.2627361961977328,0.6644602851323829,0.3131013682657588,2,2.0714111328125,0.04121866822242737,0.7962962962962963,0.033604887983706644,0.05036517206802599
pcb3,1,2,bad/059.JPG,3995,0.9794743429286609,0.6960322847818691,0.9989987484355445,0.6080300796918395,4,4.372810363769531,0.0646158754825592,0.6992337164750958,0.019524405506883613,-0.08800220509002954
pcb3,1,2,bad/060.JPG,2696,0.8468100890207715,0.6702463920682719,1.0,0.9187203525217181,2,2.9894943237304688,0.04898187518119812,0.7471804511278195,0.15318991097922852,0.24847396045344627
pcb3,1,2,bad/061.JPG,4095,0.977045177045177,0.9029623391151587,0.9855921855921856,0.9368930659054114,4,4.535804748535156,0.11436200141906738,0.8727106227106228,0.008547008547008628,0.033930726790252774
pcb3,1,2,bad/062.JPG,2672,0.8510479041916168,0.3575841559773989,0.8102544910179641,0.31859026900412785,1,2.9335289001464844,0.07291671633720398,0.7504528985507246,-0.040793413173652704,-0.03899388697327105
pcb3,1,2,bad/063.JPG,1574,0.7598475222363406,0.5269285286039016,1.0,0.8547732446385229,1,1.7343482971191406,0.08262684941291809,0.9230769230769231,0.24015247776365944,0.3278447160346213
pcb3,1,2,bad/064.JPG,4689,0.5866922584772872,0.4071696541648524,0.6638942205161015,0.43791156784698365,2,5.2701416015625,-0.009761035442352295,0.49695121951219506,0.07720196203881424,0.03074191368213125
pcb3,1,2,bad/065.JPG,5366,0.7264256429370108,0.633651212800303,0.9001118151323145,0.6403146994693723,3,5.903469085693359,0.09584739804267883,0.8381773399014778,0.1736861721953037,0.006663486669069241
pcb3,1,2,bad/066.JPG,3587,1.0,0.9024141077582905,1.0,0.8392172489142143,2,3.9486656188964844,0.15765565633773804,0.9565962307252999,0.0,-0.06319685884407611
pcb3,1,2,bad/067.JPG,6832,1.0,0.9266695795979705,1.0,0.9832683184839042,6,7.637947082519531,0.2918872833251953,0.9351047521716913,0.0,0.0565987388859337
pcb3,1,2,bad/068.JPG,2079,0.7724867724867724,0.26994006428687006,0.9485329485329486,0.5335763664689356,1,2.255035400390625,0.015871405601501465,0.7023809523809523,0.17604617604617612,0.2636363021820655
pcb3,1,2,bad/069.JPG,1993,0.9859508278976418,0.7658666297109054,0.9824385348720521,0.610659943371305,3,2.1936187744140625,0.09309372305870056,0.8575757575757577,-0.003512293025589641,-0.15520668633960033
pcb3,1,2,bad/070.JPG,2554,0.9698512137823023,0.5527108553856709,0.995301487862177,0.6267450106510852,3,2.8417396545410156,0.07784789800643921,0.9014189693801344,0.025450274079874657,0.07403415526541435
pcb3,1,2,bad/071.JPG,2244,1.0,0.8956599016835726,1.0,0.857327765850995,2,2.4947509765625,0.0998174250125885,0.9570707070707071,0.0,-0.03833213583257755
pcb3,1,2,bad/072.JPG,2374,0.7645324347093513,0.45445693652354857,0.7645324347093513,0.4533726893338019,2,2.60186767578125,0.026333659887313843,0.6929347826086957,0.0,-0.0010842471897466455
pcb3,1,2,bad/073.JPG,2674,0.8919222139117428,0.24343200277071653,0.8915482423335827,0.31130534761932266,2,2.9081802368164062,0.07681229710578918,0.779891304347826,-0.00037397157816010385,0.06787334484860613
pcb3,1,2,bad/074.JPG,3597,0.99193772588268,0.949167510967181,1.0,0.9697996454124244,4,3.9847869873046875,0.14055758714675903,0.9181818181818182,0.008062274117319967,0.020632134445243366
pcb3,1,2,bad/075.JPG,2145,1.0,0.9660876862078063,1.0,0.9796429716850138,1,2.392822265625,0.1842959225177765,0.9801587301587302,0.0,0.013555285477207524
pcb3,1,2,bad/076.JPG,4308,0.9765552460538532,0.8985267722415757,0.9986072423398329,0.9077315211049055,5,4.7801666259765625,0.08864116668701172,0.7822222222222223,0.022051996285979647,0.009204748863329781
pcb3,1,2,bad/077.JPG,9799,0.8738646800693949,0.5100022088672942,0.9710174507602817,0.6932919817731155,9,10.77547836303711,0.1070641279220581,0.8431101272827892,0.09715277069088679,0.18328977290582127
pcb3,1,2,bad/078.JPG,3020,0.8278145695364238,0.5593130465814409,0.9943708609271523,0.7108607472231032,3,3.3516273498535156,0.09665665030479431,0.8566433566433567,0.16655629139072847,0.15154770064166234
pcb3,1,2,bad/079.JPG,2355,0.9498938428874735,0.3642807361877529,0.9932059447983015,0.8787772508542016,2,2.60223388671875,0.03748682141304016,0.6794871794871795,0.043312101910828016,0.5144965146664486
pcb3,1,2,bad/080.JPG,5366,0.9075661572866195,0.26560936227052007,0.9401789042117034,0.253943050153081,6,6.02581787109375,0.05955088138580322,0.6635802469135803,0.03261274692508387,-0.01166631211743907
pcb3,1,2,bad/081.JPG,5519,1.0,0.8778990510287571,1.0,0.9794873105819881,7,6.1329498291015625,0.45027458667755127,0.7209150326797387,0.0,0.10158825955323103
pcb3,1,2,bad/082.JPG,5323,0.9592335149351869,0.8640039674609187,1.0,0.9559447002320178,4,5.9132080078125,0.12820342183113098,0.7759259259259259,0.04076648506481306,0.09194073277109915
pcb3,1,2,bad/083.JPG,3337,0.5379083008690441,0.14194487641848047,0.9955049445609829,0.566138031193168,4,3.6784706115722656,0.023403704166412354,0.578525641025641,0.45759664369193886,0.4241931547746875
pcb3,1,2,bad/084.JPG,3341,0.9931158335827597,0.7736100450076572,0.9859323555821611,0.5785326690987941,2,3.688823699951172,0.13643434643745422,0.7872023809523809,-0.007183478000598598,-0.1950773759088631
pcb3,1,2,bad/085.JPG,3374,1.0,0.9767088333110787,1.0,0.9828068511681587,3,3.7653541564941406,0.1536215841770172,0.9401709401709402,0.0,0.006098017857079974
pcb3,1,2,bad/086.JPG,2098,1.0,0.958775068053126,0.996186844613918,0.9670161583892759,1,2.336761474609375,0.26632779836654663,0.8888888888888888,-0.0038131553860819567,0.008241090336149948
pcb3,1,2,bad/087.JPG,2491,0.9554395824969891,0.8747746154608086,1.0,0.9662744119160005,0,2.755168914794922,0.11965638399124146,0.7991071428571429,0.044560417503010874,0.0914997964551919
pcb3,1,2,bad/088.JPG,3152,0.9901649746192893,0.22860615030818907,0.9857233502538071,0.22213677962291095,3,3.468994140625,0.29300782084465027,0.8628472222222222,-0.004441624365482233,-0.006469370685278114
pcb3,1,2,bad/089.JPG,4421,0.9850712508482243,0.7041164330799687,0.9986428409862023,0.807880933947561,3,4.985038757324219,0.08796676993370056,0.7633973710819009,0.013571590137977929,0.10376450086759226
pcb3,1,2,bad/090.JPG,2818,0.9907735982966643,0.8213823649437724,0.9875798438608943,0.9780786560984803,3,3.1632728576660156,0.12502819299697876,0.8979797979797979,-0.0031937544357700798,0.15669629115470796
pcb3,1,2,bad/091.JPG,3970,0.9556675062972292,0.8215944378101497,0.9954659949622167,0.9716067714070755,5,4.403350830078125,0.04889950156211853,0.7518518518518518,0.039798488664987475,0.15001233359692578
pcb3,1,2,bad/092.JPG,4316,0.9330398517145505,0.7736424237771667,0.9847080630213161,0.895731096400465,4,4.867362976074219,0.03078007698059082,0.7168615984405459,0.05166821130676558,0.12208867262329826
pcb3,1,2,bad/093.JPG,2778,1.0,0.9509673700578427,1.0,0.9798606818918707,2,3.0868682861328125,0.1971764862537384,0.8642857142857143,0.0,0.02889331183402799
pcb3,1,2,bad/094.JPG,3326,0.9960914010823813,0.8275948514557565,1.0,0.9264396334270871,3,3.68408203125,0.11654609441757202,0.9160493827160494,0.003908598917618744,0.09884478197133062
pcb3,1,2,bad/095.JPG,3172,1.0,0.9735878154099655,1.0,0.9876734853059539,3,3.4896621704101562,0.3082316517829895,0.9222222222222222,0.0,0.014085669895988362
pcb3,1,2,bad/096.JPG,1939,0.9834966477565755,0.8966483287352894,1.0,0.9779899801032849,1,2.1683349609375,0.082591712474823,0.8288690476190477,0.016503352243424474,0.08134165136799543
pcb3,1,2,bad/097.JPG,2150,0.9488372093023256,0.46659753107727925,0.9925581395348837,0.7010878036932405,2,2.3624649047851562,0.016451776027679443,0.6539855072463768,0.043720930232558075,0.23449027261596128
pcb3,1,2,bad/098.JPG,2268,0.9872134038800705,0.7850601352102854,0.9973544973544973,0.8630319585571135,2,2.505207061767578,0.15634384751319885,0.7606837606837606,0.010141093474426821,0.07797182334682806
pcb3,1,2,bad/099.JPG,3505,0.8002853067047075,0.48920241620059846,0.8616262482168331,0.6081249763498345,3,3.87799072265625,0.16123667359352112,0.8203125,0.061340941512125546,0.11892256014923608
pcb3,4,0,bad/000.JPG,6119,1.0,0.9085829636499693,1.0,0.9414152546632826,8,6.790409088134766,0.1414400041103363,0.9390142021720969,0.0,0.03283229101331331
pcb3,4,0,bad/001.JPG,24949,0.9995991823319572,0.8969061821983645,1.0,0.906117219455605,28,27.71434783935547,0.1311468482017517,0.8482811599769542,0.0004008176680427855,0.009211037257240484
pcb3,4,0,bad/002.JPG,3028,1.0,0.9265455873337537,1.0,0.9598234193896833,2,3.2959442138671875,0.0808754563331604,0.9144444444444445,0.0,0.0332778320559296
pcb3,4,0,bad/003.JPG,3674,1.0,0.983899842240818,1.0,0.9907027245994956,5,4.071533203125,0.11060681939125061,0.8872549019607843,0.0,0.006802882358677653
pcb3,4,0,bad/004.JPG,22765,1.0,0.9204468028646151,1.0,0.9291884495996141,27,25.311389923095703,0.1029740571975708,0.827485380116959,0.0,0.008741646734998998
pcb3,4,0,bad/005.JPG,25321,0.9475534141621579,0.741660421242013,0.955767939654832,0.7331701763682164,25,28.0924072265625,0.11521142721176147,0.9049586776859504,0.008214525492674096,-0.008490244873796682
pcb3,4,0,bad/006.JPG,6170,1.0,0.9672737728976302,1.0,0.9780600213993087,7,6.887348175048828,0.18488481640815735,0.9421052631578948,0.0,0.01078624850167853
pcb3,4,0,bad/007.JPG,3217,1.0,0.9013315853859694,1.0,0.9026310122844486,3,3.556293487548828,0.06809139251708984,0.9244791666666667,0.0,0.0012994268984792834
pcb3,4,0,bad/008.JPG,10632,1.0,0.8892305223587018,1.0,0.9499020436969908,11,11.786148071289062,0.0987202525138855,0.8793324775353017,0.0,0.060671521338289014
pcb3,4,0,bad/009.JPG,23672,0.9995775599864819,0.9225308964477036,0.9953954038526529,0.9470770636783769,26,26.254940032958984,0.14287668466567993,0.8873931623931625,-0.004182156133828996,0.024546167230673266
pcb3,4,0,bad/010.JPG,34629,1.0,0.935052045915527,0.9999422449392128,0.9475181046060944,36,38.4693717956543,0.18565386533737183,0.9317150635208712,-5.775506078720127e-05,0.012466058690567383
pcb3,4,0,bad/011.JPG,49237,1.0,0.9031058373644543,1.0,0.9317605684873279,57,54.72507858276367,0.1415134072303772,0.9299863387978141,0.0,0.028654731122873645
pcb3,4,0,bad/012.JPG,8661,0.99907631913174,0.9119824377562546,0.9975753377208174,0.9345344917402948,8,9.642852783203125,0.15249979496002197,0.9380327868852459,-0.001500981410922586,0.022552053984040143
pcb3,4,0,bad/013.JPG,25780,0.9941427463149728,0.9135134074442275,0.9954615981380915,0.8945891004271146,29,28.67337417602539,0.09295627474784851,0.8796296296296297,0.0013188518231187496,-0.018924307017112896
pcb3,4,0,bad/014.JPG,2722,0.8872152828802351,0.5754267710985267,1.0,0.9150073931661545,0,3.0204200744628906,0.024141758680343628,0.7623931623931625,0.1127847171197649,0.33958062206762785
pcb3,4,0,bad/015.JPG,2985,1.0,0.9250222065768768,1.0,0.9753932860531922,3,3.3168678283691406,0.0342748761177063,0.8350694444444444,0.0,0.05037107947631536
pcb3,4,0,bad/016.JPG,3098,1.0,0.9527469757752656,1.0,0.9564851212460732,2,3.4386940002441406,0.08053207397460938,0.8350694444444444,0.0,0.003738145470807641
pcb3,4,0,bad/017.JPG,3083,1.0,0.9764878610734035,1.0,0.9878369033392205,2,3.4238204956054688,0.05961760878562927,0.9256535947712418,0.0,0.011349042265817011
pcb3,4,0,bad/018.JPG,5556,1.0,0.9523182547636269,1.0,0.9774213811616767,6,6.244667053222656,0.25332146883010864,0.9268707482993197,0.0,0.02510312639804979
pcb3,4,0,bad/019.JPG,23912,0.9913432586149213,0.825769630474423,0.9866175978588156,0.7503022833628029,26,26.561710357666016,0.1276111602783203,0.8595528455284552,-0.0047256607561056985,-0.07546734711162006
pcb3,4,0,bad/020.JPG,4617,0.9233268356075374,0.4285158790465769,0.9878709118475201,0.6401064390584429,5,5.0822906494140625,0.14489534497261047,0.8476702508960573,0.0645440762399827,0.211590560011866
pcb3,4,0,bad/021.JPG,1665,1.0,0.950839397775974,0.987987987987988,0.9288680608572571,1,1.84173583984375,0.027403056621551514,0.8686868686868687,-0.012012012012011963,-0.02197133691871689
pcb3,4,0,bad/022.JPG,3383,0.7933786579958617,0.6006354064322614,0.9840378362400236,0.8469281247662793,3,3.7654571533203125,0.0023128092288970947,0.5747863247863247,0.1906591782441619,0.2462927183340179
pcb3,4,0,bad/023.JPG,4768,1.0,0.9673896879913609,1.0,0.9686694475454329,3,5.27557373046875,0.07619777321815491,0.8822222222222222,0.0,0.001279759554072002
pcb3,4,0,bad/024.JPG,5419,0.6975456726333272,0.30369299608132905,0.8944454696438457,0.6531588311437969,5,6.00042724609375,0.026050537824630737,0.7484243697478992,0.19689979701051852,0.34946583506246787
pcb3,4,0,bad/025.JPG,7279,0.7801895864816596,0.22984959348369285,0.9311718642670697,0.4549048283491666,5,8.051406860351562,0.054657191038131714,0.7624716553287982,0.15098227778541007,0.22505523486547377
pcb3,4,0,bad/026.JPG,3911,0.9994886218358476,0.7674723269496393,1.0,0.9261900370383758,3,4.3212890625,0.0997323989868164,0.8851851851851853,0.0005113781641523651,0.15871771008873647
pcb3,4,0,bad/027.JPG,5578,0.8479741842954464,0.6447114210852134,0.9361778415202582,0.7556062956368245,7,6.250251770019531,0.06483146548271179,0.8063725490196079,0.08820365722481183,0.11089487455161107
pcb3,4,0,bad/028.JPG,2651,0.997359486986043,0.739104543778189,0.982648057336854,0.4782373599886365,3,3.0151443481445312,0.18156227469444275,0.9285714285714285,-0.014711429649189034,-0.26086718378955254
pcb3,4,0,bad/029.JPG,3220,0.9093167701863354,0.2743603402224231,0.9757763975155279,0.4524407308199285,3,3.632465362548828,0.053169429302215576,0.8618357487922705,0.06645962732919253,0.1780803905975054
pcb3,4,0,bad/030.JPG,4072,0.7161100196463654,0.270763535167928,0.9400785854616895,0.5943162700700222,5,4.555942535400391,0.030065089464187622,0.746879334257975,0.2239685658153241,0.3235527349020942
pcb3,4,0,bad/031.JPG,6786,0.8233127026230475,0.44598453449028164,0.8997936928971412,0.5486359368097429,7,7.52001953125,0.07535293698310852,0.8443223443223444,0.07648099027409372,0.10265140231946124
pcb3,4,0,bad/032.JPG,3899,0.976917158245704,0.7426822787000578,0.9946140035906643,0.8299848513964565,2,4.2753448486328125,0.04459837079048157,0.8748159057437408,0.0176968453449603,0.08730257269639874
pcb3,4,0,bad/033.JPG,2747,0.9989078995267565,0.9466319854313417,1.0,0.9268048994300728,3,3.0609054565429688,0.17431789636611938,0.8559027777777778,0.0010921004732434847,-0.019827086001268923
pcb3,4,0,bad/034.JPG,6186,0.9102812803103782,0.610553979451302,0.9702554154542515,0.803480104474274,3,6.9490509033203125,0.04152923822402954,0.836765070702059,0.059974135143873286,0.19292612502297202
pcb3,4,0,bad/035.JPG,4499,0.7452767281618138,0.33593874813025504,0.941320293398533,0.5556829584484055,2,4.943939208984375,0.02495148777961731,0.7279541446208113,0.19604356523671918,0.2197442103181505
pcb3,4,0,bad/036.JPG,4648,0.9700946643717728,0.6881627914624501,0.9703098106712564,0.7203367566431764,6,5.1881256103515625,0.06484299898147583,0.8818860877684407,0.00021514629948360398,0.03217396518072635
pcb3,4,0,bad/037.JPG,3563,0.9517260735335391,0.45200543357865225,0.9379736177378614,0.5158342950128011,1,3.969268798828125,0.043463170528411865,0.9437830687830688,-0.013752455795677743,0.06382886143414884
pcb3,4,0,bad/038.JPG,3364,0.9340071343638525,0.7297846747619843,0.9301426872770512,0.7185877418478228,2,3.7345809936523438,0.12371572852134705,0.8431111111111111,-0.003864447086801337,-0.011196932914161462
pcb3,4,0,bad/039.JPG,2339,1.0,0.9317037208855491,1.0,0.9801875570899404,4,2.6319427490234375,0.14188805222511292,0.9761904761904763,0.0,0.04848383620439134
pcb3,4,0,bad/040.JPG,3129,0.33716842441674655,0.3090280810265896,0.4301693831895174,0.28430194336234604,4,3.3773193359375,0.006579548120498657,0.6241496598639455,0.09300095877277087,-0.02472613766424353
pcb3,4,0,bad/041.JPG,2321,0.0,0.0,0.006462731581214994,0.00033863935109486727,2,2.504741668701172,0.0010136961936950684,0.5117021276595745,0.006462731581214994,0.00033863935109486727
pcb3,4,0,bad/042.JPG,2962,0.41357191087103307,0.0988249418871532,1.0,0.8577608062374117,2,3.219268798828125,0.026512116193771362,0.6933760683760684,0.5864280891289669,0.7589358643502585
pcb3,4,0,bad/043.JPG,38947,0.056050530207718184,0.02817133180341969,0.041903099083369706,0.015287606782193389,37,43.615299224853516,0.03271758556365967,0.7467045748255364,-0.014147431124348478,-0.0128837250212263
pcb3,4,0,bad/044.JPG,21556,0.8482093152718501,0.6536988644233762,0.9436351827797365,0.7482847331829318,21,23.908432006835938,0.04355418682098389,0.8131567885666247,0.0954258675078864,0.09458586875955555
pcb3,4,0,bad/045.JPG,2934,0.6158827539195637,0.349818856650735,0.7972051806407635,0.463349888950736,0,3.2141036987304688,0.00972256064414978,0.5696271929824561,0.1813224267211998,0.113531032300001
pcb3,4,0,bad/046.JPG,6140,0.5180781758957654,0.41350997057441274,0.9560260586319218,0.6769221241844393,0,6.917915344238281,0.016805708408355713,0.7011081629467769,0.43794788273615637,0.26341215361002657
pcb3,4,0,bad/047.JPG,56911,0.7872818962942137,0.5812896349788802,0.9150779286956827,0.7364678267890759,55,63.38693618774414,0.039579689502716064,0.7586327476177988,0.12779603240146897,0.15517819181019565
pcb3,4,0,bad/048.JPG,25418,0.7997482099299709,0.23302254428094207,0.897906995042883,0.8349321010800884,26,28.310623168945312,0.033837199211120605,0.7436544850498339,0.0981587851129121,0.6019095567991464
pcb3,4,0,bad/049.JPG,1104,0.0,0.0,0.01358695652173913,0.0002670242706474594,1,1.2857666015625,0.021763890981674194,0.8055555555555555,0.01358695652173913,0.0002670242706474594
pcb3,4,0,bad/050.JPG,24033,0.7272500312070902,0.4517695578054214,0.7468064744309907,0.5450014854941565,25,26.88768768310547,0.024471759796142578,0.7218442932728647,0.019556443223900488,0.09323192768873512
pcb3,4,0,bad/051.JPG,4277,0.6193593640402151,0.39356177038114293,0.4966097732055179,0.35636349944061907,1,4.862373352050781,0.02365240454673767,0.7805555555555556,-0.12274959083469716,-0.03719827094052386
pcb3,4,0,bad/052.JPG,32315,0.8970137706947238,0.7859295598526861,0.9582856258703388,0.860875554445002,30,36.1361083984375,0.07788786292076111,0.8020408163265306,0.061271855175615064,0.07494599459231588
pcb3,4,0,bad/053.JPG,8396,0.043353978084802285,0.003219321661847958,0.17818008575512148,0.023065660859570156,6,9.208831787109375,0.03521570563316345,0.71935987509758,0.1348261076703192,0.019846339197722197
pcb3,4,0,bad/054.JPG,2976,0.0,0.0,0.0,0.0,3,3.4181671142578125,0.039016664028167725,0.7018043684710351,0.0,0.0
pcb3,4,0,bad/055.JPG,2804,0.3166904422253923,0.2118567605802344,0.31383737517831667,0.22162228893275204,2,3.1119384765625,0.004421800374984741,0.695578231292517,-0.002853067047075608,0.00976552835251765
pcb3,4,0,bad/056.JPG,1306,0.0,0.0,1.0,0.5530619021359379,1,1.448974609375,0.009931296110153198,0.6994949494949495,1.0,0.5530619021359379
pcb3,4,0,bad/057.JPG,3363,0.6265239369610467,0.19448301861040204,0.3609872137972049,0.16493657534167266,6,3.76025390625,0.052990347146987915,0.870748299319728,-0.2655367231638418,-0.029546443268729378
pcb3,4,0,bad/058.JPG,1964,0.5672097759674134,0.12493468669109167,0.8370672097759674,0.41938603887336784,2,2.0714111328125,0.029142141342163086,0.8657407407407407,0.269857433808554,0.29445135218227614
pcb3,4,0,bad/059.JPG,3995,0.8633291614518148,0.5859206086104266,0.9752190237797247,0.6919861644565201,4,4.372810363769531,0.050962895154953,0.6685823754789272,0.11188986232790987,0.10606555584609345
pcb3,4,0,bad/060.JPG,2696,0.875,0.6894173501304414,1.0,0.8468498488593453,2,2.9894943237304688,0.054005056619644165,0.7453007518796994,0.125,0.15743249872890397
pcb3,4,0,bad/061.JPG,4095,0.9992673992673993,0.9620632497843042,0.9921855921855922,0.965848973856982,4,4.535804748535156,0.10542288422584534,0.8470695970695971,-0.007081807081807057,0.003785724072677743
pcb3,4,0,bad/062.JPG,2672,0.8510479041916168,0.4032742200650036,0.905314371257485,0.4431805057884026,1,2.9335289001464844,0.07807779312133789,0.7576992753623188,0.05426646706586824,0.03990628572339905
pcb3,4,0,bad/063.JPG,1574,1.0,0.9148007254685089,1.0,0.9550730069510605,1,1.7343482971191406,0.1146477460861206,0.8717948717948717,0.0,0.040272281482551575
pcb3,4,0,bad/064.JPG,4689,0.6400085306035402,0.4310747891284535,0.9343143527404564,0.622049189349552,2,5.2701416015625,-0.0007391571998596191,0.5447154471544716,0.29430582213691614,0.19097440022109852
pcb3,4,0,bad/065.JPG,5366,0.8669399925456579,0.741514114792971,0.964964591874767,0.7673265014578896,3,5.903469085693359,0.07869216799736023,0.8635467980295567,0.09802459932910912,0.025812386664918585
pcb3,4,0,bad/066.JPG,3587,1.0,0.9492416343206106,1.0,0.9651469034956541,2,3.9486656188964844,0.1296136975288391,0.9514563106796117,0.0,0.015905269175043535
pcb3,4,0,bad/067.JPG,6832,1.0,0.962000019616809,1.0,0.9848212387953182,6,7.637947082519531,0.2669183015823364,0.9596320899335717,0.0,0.02282121917850921
pcb3,4,0,bad/068.JPG,2079,0.8398268398268398,0.3786375326983558,0.9576719576719577,0.613336308267982,1,2.255035400390625,0.024367421865463257,0.6997354497354497,0.11784511784511786,0.2346987755696262
pcb3,4,0,bad/069.JPG,1993,1.0,0.8896006645633844,1.0,0.8977122854386219,3,2.1936187744140625,0.09502196311950684,0.8696969696969697,0.0,0.008111620875237535
pcb3,4,0,bad/070.JPG,2554,0.9941268598277212,0.6737008008547243,1.0,0.8834504259492161,3,2.8417396545410156,0.04145234823226929,0.8625840179238238,0.005873140172278801,0.2097496250944918
pcb3,4,0,bad/071.JPG,2244,1.0,0.9465696027964179,1.0,0.9059063680596979,2,2.4947509765625,0.11431938409805298,0.9823232323232324,0.0,-0.040663234736719955
pcb3,4,0,bad/072.JPG,2374,0.7569502948609941,0.44154915668156186,0.7645324347093513,0.4840732186450633,2,2.60186767578125,0.020021766424179077,0.7771739130434783,0.0075821398483572056,0.04252406196350145
pcb3,4,0,bad/073.JPG,2674,0.9353029169783097,0.3842033774261536,0.9442782348541511,0.46552228065082707,2,2.9081802368164062,0.06717532873153687,0.822463768115942,0.008975317875841382,0.08131890322467344
pcb3,4,0,bad/074.JPG,3597,1.0,0.9678646301786239,1.0,0.9795380193347948,4,3.9847869873046875,0.14506685733795166,0.9202020202020202,0.0,0.011673389156170888
pcb3,4,0,bad/075.JPG,2145,1.0,0.9590519886315682,1.0,0.9671483112924556,1,2.392822265625,0.17410215735435486,0.9801587301587302,0.0,0.008096322660887445
pcb3,4,0,bad/076.JPG,4308,0.9935004642525533,0.8987002175698063,1.0,0.9268781314372122,5,4.7801666259765625,0.08570557832717896,0.7977777777777777,0.006499535747446661,0.028177913867405868
pcb3,4,0,bad/077.JPG,9799,0.9336667006837432,0.5705397529377766,0.9909174405551587,0.800846685886383,9,10.77547836303711,0.10338917374610901,0.8682899833978971,0.05725073987141549,0.23030693294860638
pcb3,4,0,bad/078.JPG,3020,0.9572847682119205,0.5764728030737418,1.0,0.8317687421393777,3,3.3516273498535156,0.05778008699417114,0.8065268065268065,0.042715231788079455,0.25529593906563586
pcb3,4,0,bad/079.JPG,2355,0.9855626326963907,0.5187186474767408,1.0,0.958189663406622,2,2.60223388671875,0.03170198202133179,0.8,0.014437367303609339,0.43947101592988125
pcb3,4,0,bad/080.JPG,5366,0.9586284010436079,0.3540577619733351,0.9608647036898994,0.4721186417558321,6,6.02581787109375,0.07477569580078125,0.7448559670781894,0.002236302646291488,0.11806087978249702
pcb3,4,0,bad/081.JPG,5519,1.0,0.8707298594116969,1.0,0.9771372517748513,7,6.1329498291015625,0.4279670715332031,0.8267973856209151,0.0,0.10640739236315444
pcb3,4,0,bad/082.JPG,5323,0.9821529212849897,0.9092266329176544,1.0,0.959787418845124,4,5.9132080078125,0.12187597155570984,0.8032407407407408,0.017847078715010345,0.0505607859274696
pcb3,4,0,bad/083.JPG,3337,0.9661372490260713,0.28566380898441224,1.0,0.7370251943325471,4,3.6784706115722656,0.05877503752708435,0.7475961538461539,0.03386275097392866,0.45136138534813486
pcb3,4,0,bad/084.JPG,3341,0.9736605806644717,0.6184094481500482,0.9862316671655194,0.5585672671480532,2,3.688823699951172,0.12195786833763123,0.8928571428571428,0.012571086501047657,-0.05984218100199501
pcb3,4,0,bad/085.JPG,3374,1.0,0.9803825813123492,1.0,0.9844186286537351,3,3.7653541564941406,0.16879534721374512,0.9623931623931624,0.0,0.004036047341385851
pcb3,4,0,bad/086.JPG,2098,1.0,0.9614563930838261,1.0,0.9751976385733117,1,2.336761474609375,0.25031983852386475,0.8757575757575757,0.0,0.01374124548948552
pcb3,4,0,bad/087.JPG,2491,0.9951826575672421,0.9364933705956803,1.0,0.9743736977312167,0,2.755168914794922,0.15635338425636292,0.8437499999999999,0.004817342432757887,0.03788032713553646
pcb3,4,0,bad/088.JPG,3152,0.9968274111675127,0.24092893743513233,0.9958756345177665,0.23693225157821107,3,3.468994140625,0.27228423953056335,0.8619791666666666,-0.0009517766497462166,-0.003996685856921256
pcb3,4,0,bad/089.JPG,4421,0.9599638090929654,0.6727039509584705,0.9805473874688985,0.806570214980525,3,4.985038757324219,0.0632081925868988,0.7290192113245703,0.020583578375933054,0.13386626402205448
pcb3,4,0,bad/090.JPG,2818,0.9996451383960255,0.9512512789082153,0.9918381831085876,0.9824078764789576,3,3.1632728576660156,0.16044896841049194,0.9232323232323233,-0.007806955287437911,0.031156597570742295
pcb3,4,0,bad/091.JPG,3970,0.9788413098236776,0.895563349523607,0.9972292191435769,0.9815340774268216,5,4.403350830078125,0.039613693952560425,0.7333333333333334,0.01838790931989931,0.08597072790321458
pcb3,4,0,bad/092.JPG,4316,0.977062094531974,0.7783242993651931,0.9946709916589435,0.8587178562577454,4,4.867362976074219,0.010980755090713501,0.733430799220273,0.017608897126969447,0.08039355689255234
pcb3,4,0,bad/093.JPG,2778,1.0,0.9759309121352591,1.0,0.9883606026070304,2,3.0868682861328125,0.19006440043449402,0.8892857142857143,0.0,0.012429690471771337
pcb3,4,0,bad/094.JPG,3326,0.9942874323511726,0.9091383766168415,0.994588093806374,0.9582678823578927,3,3.68408203125,0.15219682455062866,0.931275720164609,0.0003006614552014675,0.04912950574105124
pcb3,4,0,bad/095.JPG,3172,1.0,0.9837036365897195,1.0,0.9898849645965615,3,3.4896621704101562,0.3093012571334839,0.9166666666666666,0.0,0.006181328006842013
pcb3,4,0,bad/096.JPG,1939,1.0,0.9704156867442898,1.0,0.9872176997547857,1,2.1683349609375,0.09821450710296631,0.8258928571428571,0.0,0.016802013010495886
pcb3,4,0,bad/097.JPG,2150,0.9586046511627907,0.4792025518599409,0.9925581395348837,0.7331628106354438,2,2.3624649047851562,0.006413102149963379,0.6920289855072465,0.033953488372093,0.2539602587755029
pcb3,4,0,bad/098.JPG,2268,1.0,0.9037967449842288,1.0,0.9311865727790913,2,2.505207061767578,0.18641164898872375,0.7649572649572649,0.0,0.027389827794862542
pcb3,4,0,bad/099.JPG,3505,0.8134094151212553,0.5490707982317994,0.84679029957204,0.6123065497944656,3,3.87799072265625,0.13578811287879944,0.8159722222222222,0.03338088445078469,0.06323575156266625
pcb3,4,1,bad/000.JPG,6119,1.0,0.919168310398833,1.0,0.9342778070827035,8,6.790409088134766,0.15736401081085205,0.9594820384294067,0.0,0.015109496683870516
pcb3,4,1,bad/001.JPG,24949,0.9948695338490521,0.8692607116258452,0.9992785281975229,0.8775244598075166,28,27.71434783935547,0.1201600432395935,0.8217783752640676,0.004408994348470863,0.008263748181671415
pcb3,4,1,bad/002.JPG,3028,1.0,0.9302997990187113,1.0,0.9617468640771915,2,3.2959442138671875,0.07132309675216675,0.91,0.0,0.03144706505848016
pcb3,4,1,bad/003.JPG,3674,1.0,0.9837572026950028,1.0,0.9936641259595952,5,4.071533203125,0.12895220518112183,0.894607843137255,0.0,0.009906923264592415
pcb3,4,1,bad/004.JPG,22765,1.0,0.9673661480179618,1.0,0.9755495642224123,27,25.311389923095703,0.13380077481269836,0.9498050682261208,0.0,0.008183416204450511
pcb3,4,1,bad/005.JPG,25321,0.9473559496070455,0.8812412280700916,0.9551755459894948,0.8630863350527487,25,28.0924072265625,0.13611918687820435,0.9045454545454545,0.007819596382449334,-0.018154893017342966
pcb3,4,1,bad/006.JPG,6170,1.0,0.9670201846132234,1.0,0.9716724116435822,7,6.887348175048828,0.1789272129535675,0.938157894736842,0.0,0.004652227030358835
pcb3,4,1,bad/007.JPG,3217,1.0,0.9526412821144294,1.0,0.9548830977127006,3,3.556293487548828,0.08261898159980774,0.9409722222222222,0.0,0.0022418155982711907
pcb3,4,1,bad/008.JPG,10632,0.9999059443190369,0.7129229018095449,1.0,0.889942283607808,11,11.786148071289062,0.07182589173316956,0.8934531450577664,9.405568096310102e-05,0.17701938179826315
pcb3,4,1,bad/009.JPG,23672,0.9994508279824265,0.9074577608562803,0.9971696519094289,0.9561301902421834,26,26.254940032958984,0.12011462450027466,0.8764957264957265,-0.002281176072997604,0.048672429385903104
pcb3,4,1,bad/010.JPG,34629,1.0,0.9441611839368971,1.0,0.9465512331513757,36,38.4693717956543,0.177627295255661,0.9423774954627948,0.0,0.0023900492144786067
pcb3,4,1,bad/011.JPG,49237,0.9980502467656437,0.8957391312246896,1.0,0.9281932752878611,57,54.72507858276367,0.1467663049697876,0.9263661202185792,0.0019497532343563106,0.032454144063171486
pcb3,4,1,bad/012.JPG,8661,1.0,0.9256579768214714,0.9912250317515299,0.9364448194219428,8,9.642852783203125,0.14226603507995605,0.9318032786885246,-0.008774968248470127,0.010786842600471358
pcb3,4,1,bad/013.JPG,25780,0.9945306439100078,0.9042172470728645,0.9923196276183087,0.865972789808534,29,28.67337417602539,0.1153663694858551,0.8727272727272727,-0.002211016291699064,-0.03824445726433057
pcb3,4,1,bad/014.JPG,2722,0.9092578986039677,0.6177166716884245,1.0,0.93054434274806,0,3.0204200744628906,0.038228750228881836,0.7777777777777778,0.09074210139603234,0.3128276710596355
pcb3,4,1,bad/015.JPG,2985,1.0,0.9460483201900499,1.0,0.9796809190919381,3,3.3168678283691406,0.03288981318473816,0.8142361111111112,0.0,0.03363259890188819
pcb3,4,1,bad/016.JPG,3098,1.0,0.9449395141080693,1.0,0.9603546703870075,2,3.4386940002441406,0.08778172731399536,0.8871527777777778,0.0,0.015415156278938191
pcb3,4,1,bad/017.JPG,3083,1.0,0.9773704579989945,1.0,0.9879640511340001,2,3.4238204956054688,0.04983446002006531,0.8856209150326797,0.0,0.01059359313500563
pcb3,4,1,bad/018.JPG,5556,1.0,0.9567717504440404,1.0,0.9842547195688675,6,6.244667053222656,0.2261291742324829,0.9285714285714286,0.0,0.02748296912482706
pcb3,4,1,bad/019.JPG,23912,0.99790899966544,0.9534232112579196,0.9961525593844095,0.9219638322773367,26,26.561710357666016,0.16035309433937073,0.8599593495934958,-0.0017564402810305024,-0.03145937898058293
pcb3,4,1,bad/020.JPG,4617,0.9038336582196231,0.3934029520664566,0.9898202295863114,0.7088352224661632,5,5.0822906494140625,0.12764137983322144,0.8236047107014849,0.0859865713666883,0.31543227039970656
pcb3,4,1,bad/021.JPG,1665,1.0,0.8867028469189189,1.0,0.9678759019460081,1,1.84173583984375,0.028428226709365845,0.7727272727272727,0.0,0.08117305502708927
pcb3,4,1,bad/022.JPG,3383,0.8510198049068873,0.7491911599466463,0.9733963937333727,0.9152991884279483,3,3.7654571533203125,0.0026915371417999268,0.5811965811965811,0.12237658882648539,0.16610802848130202
pcb3,4,1,bad/023.JPG,4768,1.0,0.9638671555942824,1.0,0.9779528263828327,3,5.27557373046875,0.050062716007232666,0.8644444444444445,0.0,0.014085670788550275
pcb3,4,1,bad/024.JPG,5419,0.7704373500645876,0.37400254779891257,0.9171433843882635,0.5716015559073575,5,6.00042724609375,0.02468094229698181,0.7857142857142857,0.1467060343236759,0.19759900810844494
pcb3,4,1,bad/025.JPG,7279,0.8211292759994505,0.24612856741615083,0.9153729907954389,0.43532895552627743,5,8.051406860351562,0.05295315384864807,0.7967687074829932,0.09424371479598836,0.1892003881101266
pcb3,4,1,bad/026.JPG,3911,0.9984658655075428,0.6976434258157144,1.0,0.8361303141516288,3,4.3212890625,0.09721937775611877,0.850925925925926,0.0015341344924572065,0.13848688833591438
pcb3,4,1,bad/027.JPG,5578,0.8761204732879169,0.6949243944345715,0.9593044101828613,0.8312637502166043,7,6.250251770019531,0.05594819784164429,0.7886029411764706,0.08318393689494441,0.1363393557820327
pcb3,4,1,bad/028.JPG,2651,1.0,0.787759373108608,1.0,0.6975727020118374,3,3.0151443481445312,0.1626187264919281,0.9196428571428571,0.0,-0.09018667109677059
pcb3,4,1,bad/029.JPG,3220,0.94472049689441,0.3559823756424588,0.9891304347826086,0.6809035423406192,3,3.632465362548828,0.08090582489967346,0.863768115942029,0.04440993788819869,0.3249211666981604
pcb3,4,1,bad/030.JPG,4072,0.6321218074656189,0.27314327432716795,0.9584970530451866,0.6520918980900758,5,4.555942535400391,0.026342451572418213,0.7226074895977809,0.32637524557956776,0.3789486237629079
pcb3,4,1,bad/031.JPG,6786,0.8162393162393162,0.5227884141636976,0.9584438549955792,0.6702068743995728,7,7.52001953125,0.08417811989784241,0.8690476190476191,0.14220453875626293,0.14741846023587524
pcb3,4,1,bad/032.JPG,3899,0.8091818414978199,0.6638735289819131,0.9689664016414465,0.820281196497857,2,4.2753448486328125,0.04220274090766907,0.8041237113402062,0.15978456014362663,0.15640766751594393
pcb3,4,1,bad/033.JPG,2747,0.9879868947943211,0.9318019898697774,1.0,0.9317085941254521,3,3.0609054565429688,0.15021800994873047,0.8784722222222222,0.012013105205678887,-9.33957443252087e-05
pcb3,4,1,bad/034.JPG,6186,0.9219204655674103,0.5003856146062633,0.9597478176527643,0.7631181477030188,3,6.9490509033203125,0.037149906158447266,0.8672785909203671,0.03782735208535404,0.2627325330967555
pcb3,4,1,bad/035.JPG,4499,0.7430540120026673,0.3369954728028904,0.95265614581018,0.6470073077778545,2,4.943939208984375,0.03181940317153931,0.7522045855379188,0.2096021338075127,0.31001183497496415
pcb3,4,1,bad/036.JPG,4648,0.9711703958691911,0.7475305724597373,0.9823580034423408,0.7345255012125376,6,5.1881256103515625,0.07380899786949158,0.8772175536881419,0.011187607573149738,-0.01300507124719974
pcb3,4,1,bad/037.JPG,3563,0.9887735054729161,0.739030124325974,0.9435868650014033,0.5734029643877716,1,3.969268798828125,0.06009754538536072,0.9272486772486772,-0.04518664047151277,-0.16562715993820243
pcb3,4,1,bad/038.JPG,3364,0.9340071343638525,0.723276739383115,0.9340071343638525,0.7310176217723253,2,3.7345809936523438,0.12173858284950256,0.8186666666666667,0.0,0.007740882389210335
pcb3,4,1,bad/039.JPG,2339,1.0,0.9566044953961302,1.0,0.9821318528864467,4,2.6319427490234375,0.1411486566066742,0.9742063492063492,0.0,0.025527357490316427
pcb3,4,1,bad/040.JPG,3129,0.3700862895493768,0.3366073843453908,0.281240012783637,0.22448216299819584,4,3.3773193359375,0.019040673971176147,0.7619047619047619,-0.0888462767657398,-0.11212522134719494
pcb3,4,1,bad/041.JPG,2321,0.0,0.0,0.02068074105988798,0.002052396847169381,2,2.504741668701172,0.010659724473953247,0.5148936170212766,0.02068074105988798,0.002052396847169381
pcb3,4,1,bad/042.JPG,2962,0.550303848750844,0.13272147033235893,0.9824442943956786,0.6613838483192632,2,3.219268798828125,0.01451730728149414,0.6891025641025641,0.43214044564483456,0.5286623779869043
pcb3,4,1,bad/043.JPG,38947,0.14637841168767812,0.053063244395578274,0.04729504198012684,0.017715916835469997,37,43.615299224853516,0.03083217144012451,0.7075902472645816,-0.09908336970755129,-0.03534732756010828
pcb3,4,1,bad/044.JPG,21556,0.9650213397661904,0.7324875744994277,0.9817220263499722,0.8388708240892861,21,23.908432006835938,0.021710246801376343,0.7629255989911727,0.016700686583781765,0.10638324958985845
pcb3,4,1,bad/045.JPG,2934,0.7859577368779823,0.5726778709916688,0.9137695978186776,0.6928020148024984,0,3.2141036987304688,0.008243024349212646,0.5734649122807017,0.1278118609406953,0.12012414381082959
pcb3,4,1,bad/046.JPG,6140,0.7127035830618893,0.42438209203578864,0.9490228013029316,0.699139938060038,0,6.917915344238281,0.024029552936553955,0.7176525675042922,0.2363192182410423,0.2747578460242494
pcb3,4,1,bad/047.JPG,56911,0.8480258649470226,0.7128287088637855,0.9672471051290612,0.8240513671679995,55,63.38693618774414,0.04363492131233215,0.7571466037241017,0.11922124018203861,0.11122265830421407
pcb3,4,1,bad/048.JPG,25418,0.8017546620505154,0.22996167403713483,0.9489338264222205,0.8261791810285742,26,28.310623168945312,0.033508241176605225,0.7133554817275747,0.14717916437170508,0.5962175069914394
pcb3,4,1,bad/049.JPG,1104,0.0,0.0,0.1621376811594203,0.007553342882421973,1,1.2857666015625,-0.000973135232925415,0.4666666666666666,0.1621376811594203,0.007553342882421973
pcb3,4,1,bad/050.JPG,24033,0.7126451129696667,0.4550198125918897,0.8203719885157907,0.5842864104606124,25,26.88768768310547,0.025207579135894775,0.7131519274376418,0.10772687554612403,0.12926659786872263
pcb3,4,1,bad/051.JPG,4277,0.6995557633855506,0.4594995199472017,0.5237315875613748,0.40158272894413294,1,4.862373352050781,0.025023162364959717,0.8013888888888889,-0.17582417582417575,-0.057916791003068735
pcb3,4,1,bad/052.JPG,32315,0.916695033266285,0.8688640885331541,0.9710660683892929,0.9074694592224655,30,36.1361083984375,0.0697813630104065,0.8715986394557823,0.054371035123007894,0.03860537068931136
pcb3,4,1,bad/053.JPG,8396,0.14804668889947595,0.03033768460095715,0.21188661267270129,0.04385574264725576,6,9.208831787109375,0.02569270133972168,0.765807962529274,0.06383992377322534,0.01351805804629861
pcb3,4,1,bad/054.JPG,2976,0.0,0.0,0.0,0.0,3,3.4181671142578125,0.04088890552520752,0.7255460588793922,0.0,0.0
pcb3,4,1,bad/055.JPG,2804,0.3309557774607703,0.2343162621881426,0.33951497860199714,0.26766440987145285,2,3.1119384765625,0.003944575786590576,0.6700680272108843,0.008559201141226824,0.033348147683310236
pcb3,4,1,bad/056.JPG,1306,0.01225114854517611,0.0004867041620487259,0.722052067381317,0.2732521613922157,1,1.448974609375,0.01613551378250122,0.7752525252525252,0.7098009188361409,0.272765457230167
pcb3,4,1,bad/057.JPG,3363,0.7951234017246506,0.6278823109143616,0.5637823371989296,0.3768221653229319,6,3.76025390625,0.052381545305252075,0.8554421768707482,-0.231341064525721,-0.25106014559142975
pcb3,4,1,bad/058.JPG,1964,0.789714867617108,0.19100410494405368,0.7326883910386965,0.3634865213874359,2,2.0714111328125,0.03678685426712036,0.9143518518518519,-0.05702647657841142,0.17248241644338225
pcb3,4,1,bad/059.JPG,3995,0.7121401752190237,0.4425235776322362,0.9439299123904881,0.5649361030277869,4,4.372810363769531,0.03869736194610596,0.6829501915708812,0.23178973717146434,0.12241252539555064
pcb3,4,1,bad/060.JPG,2696,0.9317507418397626,0.7439917144070449,1.0,0.9792560116654155,2,2.9894943237304688,0.05320250988006592,0.7711466165413534,0.06824925816023741,0.2352642972583706
pcb3,4,1,bad/061.JPG,4095,0.9968253968253968,0.9628481429615898,0.990964590964591,0.9738444184723796,4,4.535804748535156,0.12375861406326294,0.9358974358974359,-0.00586080586080584,0.010996275510789744
pcb3,4,1,bad/062.JPG,2672,0.8510479041916168,0.4443450166647056,0.8787425149700598,0.42515046856610367,1,2.9335289001464844,0.08193358778953552,0.791213768115942,0.02769461077844304,-0.019194548098601938
pcb3,4,1,bad/063.JPG,1574,1.0,0.9227759837022211,1.0,0.9847520548723021,1,1.7343482971191406,0.10234269499778748,0.9395604395604396,0.0,0.06197607117008097
pcb3,4,1,bad/064.JPG,4689,0.6323309874173598,0.44151419064820163,0.8524205587545319,0.6372800596964996,2,5.2701416015625,-0.004121452569961548,0.516260162601626,0.2200895713371721,0.19576586904829796
pcb3,4,1,bad/065.JPG,5366,0.8669399925456579,0.6948365286763799,0.9563920983973164,0.7920028198324232,3,5.903469085693359,0.08232074975967407,0.8945812807881774,0.08945210585165853,0.09716629115604325
pcb3,4,1,bad/066.JPG,3587,1.0,0.8526298464817141,0.9960970170058545,0.9567128575376546,2,3.9486656188964844,0.1521528959274292,0.9548829240434038,-0.0039029829941454874,0.10408301105594042
pcb3,4,1,bad/067.JPG,6832,1.0,0.9653495013488358,1.0,0.9902523047403796,6,7.637947082519531,0.27899032831192017,0.9632089933571794,0.0,0.024902803391543826
pcb3,4,1,bad/068.JPG,2079,0.823953823953824,0.3599004367106896,0.9865319865319865,0.7089052028504883,1,2.255035400390625,0.021980077028274536,0.6878306878306878,0.1625781625781625,0.3490047661397987
pcb3,4,1,bad/069.JPG,1993,1.0,0.9213836907796045,1.0,0.845677576585479,3,2.1936187744140625,0.09520396590232849,0.8454545454545455,0.0,-0.07570611419412543
pcb3,4,1,bad/070.JPG,2554,0.9886452623335944,0.7534484571566927,0.9909945184025059,0.7119325262705836,3,2.8417396545410156,0.0777541995048523,0.8469006721433906,0.002349256068911454,-0.041515930886109165
pcb3,4,1,bad/071.JPG,2244,1.0,0.90522672469325,1.0,0.9335717219041719,2,2.4947509765625,0.09676873683929443,0.9873737373737373,0.0,0.028344997210921874
pcb3,4,1,bad/072.JPG,2374,0.6975568660488627,0.38714013806712566,0.7645324347093513,0.47674448448343565,2,2.60186767578125,0.023319631814956665,0.7880434782608695,0.0669755686604886,0.08960434641630999
pcb3,4,1,bad/073.JPG,2674,0.9491398653702319,0.4867267914964624,0.9154824233358265,0.46191164543226415,2,2.9081802368164062,0.10436823964118958,0.8342391304347826,-0.03365744203440535,-0.024815146064198268
pcb3,4,1,bad/074.JPG,3597,1.0,0.9737951320714061,1.0,0.986054398837265,4,3.9847869873046875,0.1411823332309723,0.904040404040404,0.0,0.012259266765858867
pcb3,4,1,bad/075.JPG,2145,1.0,0.9548415401268253,1.0,0.9595303098306102,1,2.392822265625,0.1948980987071991,0.9801587301587301,0.0,0.004688769703784845
pcb3,4,1,bad/076.JPG,4308,1.0,0.9646016577419727,1.0,0.9653766768061917,5,4.7801666259765625,0.05754092335700989,0.8800000000000001,0.0,0.0007750190642189514
pcb3,4,1,bad/077.JPG,9799,0.9623430962343096,0.7065956672949494,0.995509745892438,0.8222698374592798,9,10.77547836303711,0.11158046126365662,0.8928242021767202,0.03316664965812843,0.11567417016433046
pcb3,4,1,bad/078.JPG,3020,0.9880794701986755,0.7276399695176087,0.9996688741721854,0.7738776418364948,3,3.3516273498535156,0.05940157175064087,0.8181818181818182,0.011589403973509937,0.04623767231888609
pcb3,4,1,bad/079.JPG,2355,0.9723991507430998,0.6755750963663918,0.9995753715498938,0.9619181534900528,2,2.60223388671875,0.044950127601623535,0.7730769230769231,0.02717622080679405,0.28634305712366104
pcb3,4,1,bad/080.JPG,5366,0.9368244502422661,0.24259226529560923,0.9707417070443534,0.6021398719072714,6,6.02581787109375,0.07854858040809631,0.7669753086419753,0.03391725680208724,0.35954760661166213
pcb3,4,1,bad/081.JPG,5519,1.0,0.9376716088882211,1.0,0.9821805898658389,7,6.1329498291015625,0.42430633306503296,0.8117647058823529,0.0,0.044508980977617796
pcb3,4,1,bad/082.JPG,5323,0.9838436971632538,0.9085778656486411,1.0,0.9575812865623812,4,5.9132080078125,0.13728711009025574,0.8546296296296296,0.016156302836746184,0.0490034209137401
pcb3,4,1,bad/083.JPG,3337,0.8471681150734193,0.26483730975178943,0.9994006592747977,0.7302665947688688,4,3.6784706115722656,0.04627928137779236,0.7483974358974359,0.15223254420137844,0.46542928501707936
pcb3,4,1,bad/084.JPG,3341,0.9907213409158935,0.7321762333074591,0.994612391499551,0.7800845750165186,2,3.688823699951172,0.14286896586418152,0.8660714285714285,0.0038910505836575737,0.047908341709059554
pcb3,4,1,bad/085.JPG,3374,1.0,0.9852855112556724,1.0,0.9879908240960165,3,3.7653541564941406,0.18245509266853333,0.9743589743589743,0.0,0.002705312840344032
pcb3,4,1,bad/086.JPG,2098,1.0,0.9736825151800661,1.0,0.9817455774741946,1,2.336761474609375,0.252598375082016,0.9181818181818182,0.0,0.008063062294128454
pcb3,4,1,bad/087.JPG,2491,0.9959855479727018,0.9543212306600186,1.0,0.9754329281890606,0,2.755168914794922,0.15665769577026367,0.8191964285714286,0.004014452027298221,0.02111169752904196
pcb3,4,1,bad/088.JPG,3152,0.9977791878172588,0.24273980512011745,0.995241116751269,0.24040735089068208,3,3.468994140625,0.29066476225852966,0.8333333333333334,-0.0025380710659898,-0.002332454229435371
pcb3,4,1,bad/089.JPG,4421,0.9457136394480886,0.6420105459645017,0.9812259669757973,0.8196300065182882,3,4.985038757324219,0.05489009618759155,0.8164812942366027,0.03551232752770872,0.17761946055378652
pcb3,4,1,bad/090.JPG,2818,0.9982256919801278,0.9443554309601779,0.9950319375443577,0.9830426609845635,3,3.1632728576660156,0.18040159344673157,0.898989898989899,-0.0031937544357700798,0.038687230024385566
pcb3,4,1,bad/091.JPG,3970,0.9962216624685138,0.9467582425227729,0.9997481108312343,0.981446827447362,5,4.403350830078125,0.025085866451263428,0.7555555555555555,0.0035264483627204246,0.03468858492458915
pcb3,4,1,bad/092.JPG,4316,0.9775254865616312,0.7922469215218234,0.9881835032437442,0.904613227115057,4,4.867362976074219,0.013759642839431763,0.6959064327485379,0.01065801668211297,0.11236630559323357
pcb3,4,1,bad/093.JPG,2778,1.0,0.9763001171306886,1.0,0.9859368547272435,2,3.0868682861328125,0.1908121109008789,0.8928571428571428,0.0,0.009636737596554812
pcb3,4,1,bad/094.JPG,3326,0.9834636199639206,0.9202868883168347,0.9963920625375827,0.9601000313062044,3,3.68408203125,0.16538920998573303,0.9156378600823045,0.012928442573662102,0.039813142989369665
pcb3,4,1,bad/095.JPG,3172,1.0,0.983520186392321,1.0,0.9897783448432459,3,3.4896621704101562,0.3109839856624603,0.9342592592592592,0.0,0.006258158450924922
pcb3,4,1,bad/096.JPG,1939,1.0,0.9629319499623018,1.0,0.98756355827398,1,2.1683349609375,0.08570194244384766,0.8690476190476191,0.0,0.02463160831167821
pcb3,4,1,bad/097.JPG,2150,0.9595348837209302,0.48214964912367014,0.9972093023255814,0.8230678469095892,2,2.3624649047851562,0.005913048982620239,0.7047101449275363,0.03767441860465115,0.3409181977859191
pcb3,4,1,bad/098.JPG,2268,1.0,0.871174521784391,1.0,0.9533305576524722,2,2.505207061767578,0.22156503796577454,0.8062678062678063,0.0,0.08215603586808118
pcb3,4,1,bad/099.JPG,3505,0.7283880171184023,0.44519070712225356,0.8935805991440798,0.6699004752726091,3,3.87799072265625,0.15046700835227966,0.8350694444444444,0.16519258202567755,0.22470976815035554
pcb3,4,2,bad/000.JPG,6119,1.0,0.9073407548679436,1.0,0.9016165307590331,8,6.790409088134766,0.16046494245529175,0.9444444444444444,0.0,-0.005724224108910492
pcb3,4,2,bad/001.JPG,24949,1.0,0.8763935279295562,0.998436811094633,0.882675581246943,28,27.71434783935547,0.1312965750694275,0.8398309967351641,-0.0015631889053669967,0.006282053317386849
pcb3,4,2,bad/002.JPG,3028,1.0,0.932075590813029,1.0,0.9780147429350539,2,3.2959442138671875,0.08611276745796204,0.8922222222222222,0.0,0.04593915212202482
pcb3,4,2,bad/003.JPG,3674,1.0,0.9868117970435858,1.0,0.9942842582823882,5,4.071533203125,0.12291863560676575,0.8464052287581699,0.0,0.007472461238802408
pcb3,4,2,bad/004.JPG,22765,1.0,0.9054564018894373,1.0,0.897203976353827,27,25.311389923095703,0.09123200178146362,0.8084795321637426,0.0,-0.008252425535610342
pcb3,4,2,bad/005.JPG,25321,0.9426168002843489,0.7901335855185543,0.9313613206429446,0.7849116553375293,25,28.0924072265625,0.09889689087867737,0.8975206611570248,-0.011255479641404276,-0.005221930181025014
pcb3,4,2,bad/006.JPG,6170,1.0,0.9631488948515051,1.0,0.9733624215779793,7,6.887348175048828,0.19387337565422058,0.9491228070175439,0.0,0.010213526726474131
pcb3,4,2,bad/007.JPG,3217,1.0,0.9234825582332246,1.0,0.9411309212867222,3,3.556293487548828,0.07287168502807617,0.9392361111111112,0.0,0.017648363053497595
pcb3,4,2,bad/008.JPG,10632,0.9995297215951844,0.8278894873371767,1.0,0.9184867805231384,11,11.786148071289062,0.10078209638595581,0.9167201540436457,0.0004702784048156161,0.09059729318596166
pcb3,4,2,bad/009.JPG,23672,0.9995353159851301,0.8714112358907247,0.9893967556606962,0.8996109043412387,26,26.254940032958984,0.11921778321266174,0.8606837606837607,-0.010138560324433943,0.028199668450514026
pcb3,4,2,bad/010.JPG,34629,0.999855612348032,0.924821331960512,0.999855612348032,0.9094443386616721,36,38.4693717956543,0.1551995873451233,0.930013611615245,0.0,-0.015376993298839903
pcb3,4,2,bad/011.JPG,49237,0.9982939659199382,0.8968895776935345,1.0,0.9084279927527485,57,54.72507858276367,0.1302742063999176,0.9193989071038251,0.001706034080061758,0.011538415059214047
pcb3,4,2,bad/012.JPG,8661,0.9927260131624523,0.9142712186406035,0.9938806142477774,0.9408735511022245,8,9.642852783203125,0.1517033576965332,0.9118032786885246,0.0011546010853250577,0.026602332461621025
pcb3,4,2,bad/013.JPG,25780,0.9921256788207913,0.905267812436191,0.9915050426687354,0.8615032151559563,29,28.67337417602539,0.10025930404663086,0.8734006734006734,-0.0006206361520558756,-0.04376459728023474
pcb3,4,2,bad/014.JPG,2722,0.9459955914768553,0.7570697878328433,1.0,0.9765310402518884,0,3.0204200744628906,0.03385677933692932,0.8094017094017094,0.0540044085231447,0.21946125241904513
pcb3,4,2,bad/015.JPG,2985,1.0,0.9627049721136272,1.0,0.9831422954183907,3,3.3168678283691406,0.04127967357635498,0.8585069444444444,0.0,0.020437323304763555
pcb3,4,2,bad/016.JPG,3098,1.0,0.9393431310053871,1.0,0.9592104105778206,2,3.4386940002441406,0.09242627024650574,0.8472222222222222,0.0,0.019867279572433505
pcb3,4,2,bad/017.JPG,3083,1.0,0.9688589922003354,1.0,0.981302673769159,2,3.4238204956054688,0.059566110372543335,0.9068627450980392,0.0,0.012443681568823584
pcb3,4,2,bad/018.JPG,5556,1.0,0.9553118000377355,1.0,0.9820812284858945,6,6.244667053222656,0.2571500837802887,0.9308390022675737,0.0,0.026769428448158994
pcb3,4,2,bad/019.JPG,23912,0.9957343593174975,0.936337524362757,0.9887504182000669,0.8458374414534615,26,26.561710357666016,0.12504729628562927,0.867479674796748,-0.006983941117430614,-0.09050008290929545
pcb3,4,2,bad/020.JPG,4617,0.9441195581546459,0.45250533049114916,0.9915529564652371,0.6824150877059956,5,5.0822906494140625,0.1270948052406311,0.8230926779313875,0.047433398310591235,0.2299097572148464
pcb3,4,2,bad/021.JPG,1665,1.0,0.9254032653616923,0.9903903903903903,0.9323218722334055,1,1.84173583984375,0.036132246255874634,0.8535353535353535,-0.00960960960960966,0.0069186068717131954
pcb3,4,2,bad/022.JPG,3383,0.837422406148389,0.7645824988189226,0.9852202187407626,0.8968753653095842,3,3.7654571533203125,-0.00999671220779419,0.45192307692307687,0.14779781259237357,0.13229286649066163
pcb3,4,2,bad/023.JPG,4768,1.0,0.9649577434988982,1.0,0.9721386902560536,3,5.27557373046875,0.05935463309288025,0.845925925925926,0.0,0.007180946757155415
pcb3,4,2,bad/024.JPG,5419,0.7093559697361137,0.33001359139646674,0.8750692009595866,0.6139489808090577,5,6.00042724609375,0.021818101406097412,0.7725840336134454,0.16571323122347292,0.28393538941259094
pcb3,4,2,bad/025.JPG,7279,0.841599120758346,0.2672883142420408,0.9513669460090671,0.5446278854131592,5,8.051406860351562,0.05578678846359253,0.798469387755102,0.10976782525072115,0.2773395711711184
pcb3,4,2,bad/026.JPG,3911,0.9838915878291997,0.6465980100126515,1.0,0.8452605782368201,3,4.3212890625,0.0930841863155365,0.862962962962963,0.01610841217080028,0.1986625682241686
pcb3,4,2,bad/027.JPG,5578,0.8664395840803155,0.7119905276700473,0.9442452491932593,0.7902513824669397,7,6.250251770019531,0.04326370358467102,0.7959558823529411,0.07780566511294373,0.07826085479689238
pcb3,4,2,bad/028.JPG,2651,0.994341757827235,0.7456277575108624,0.998113919275745,0.5975438582777604,3,3.0151443481445312,0.15705040097236633,0.9092261904761905,0.003772161448510003,-0.14808389923310206
pcb3,4,2,bad/029.JPG,3220,0.9490683229813665,0.33091076604878356,0.9838509316770186,0.5537707525521292,3,3.632465362548828,0.048515647649765015,0.8429951690821256,0.034782608695652195,0.2228599865033456
pcb3,4,2,bad/030.JPG,4072,0.7711198428290766,0.39991630048824695,0.8877701375245579,0.6845585847551655,5,4.555942535400391,0.022990554571151733,0.7260748959778086,0.11665029469548127,0.28464228426691857
pcb3,4,2,bad/031.JPG,6786,0.8545534924845269,0.5228060202247033,0.9188034188034188,0.6123469915388271,7,7.52001953125,0.08500373363494873,0.8598901098901099,0.06424992631889181,0.08954097131412375
pcb3,4,2,bad/032.JPG,3899,0.9286996665811746,0.7552615549977516,1.0,0.8815825917025266,2,4.2753448486328125,0.038360774517059326,0.8166421207658321,0.07130033341882536,0.126321036704775
pcb3,4,2,bad/033.JPG,2747,0.9916272297051328,0.9468584998098495,1.0,0.9603989517382344,3,3.0609054565429688,0.15502837300300598,0.8767361111111112,0.00837277029486716,0.013540451928384933
pcb3,4,2,bad/034.JPG,6186,0.9293566117038474,0.6200039202327788,0.9828645328160363,0.828256250597997,3,6.9490509033203125,0.034470558166503906,0.8623170429173903,0.05350792111218883,0.20825233036521817
pcb3,4,2,bad/035.JPG,4499,0.7437208268504112,0.3421642946609883,0.9466548121804845,0.5543623226613489,2,4.943939208984375,0.04413774609565735,0.7848324514991182,0.20293398533007334,0.21219802800036058
pcb3,4,2,bad/036.JPG,4648,0.9599827882960413,0.5598244933247606,0.9692340791738382,0.6508051693482403,6,5.1881256103515625,0.06369191408157349,0.8702147525676938,0.009251290877796858,0.0909806760234797
pcb3,4,2,bad/037.JPG,3563,0.8257086724670222,0.5717020446806252,0.8574235195060342,0.42277981258071434,1,3.969268798828125,0.03629985451698303,0.8921957671957672,0.03171484703901206,-0.1489222320999109
pcb3,4,2,bad/038.JPG,3364,0.9289536266349584,0.7150981247734414,0.9239001189060642,0.7161767222910739,2,3.7345809936523438,0.11424329876899719,0.8111111111111111,-0.005053507728894235,0.0010785975176325069
pcb3,4,2,bad/039.JPG,2339,1.0,0.9768558755536327,1.0,0.9700296656590703,4,2.6319427490234375,0.12735772132873535,0.9781746031746033,0.0,-0.006826209894562396
pcb3,4,2,bad/040.JPG,3129,0.44870565675934804,0.38411324751120923,0.3512304250559284,0.2513128980690502,4,3.3773193359375,0.02280968427658081,0.7993197278911565,-0.09747523170341965,-0.13280034944215902
pcb3,4,2,bad/041.JPG,2321,0.0,0.0,0.2675570874623007,0.06177438017992988,2,2.504741668701172,-0.0032759010791778564,0.424468085106383,0.2675570874623007,0.06177438017992988
pcb3,4,2,bad/042.JPG,2962,0.5530047265361242,0.09407850902673087,1.0,0.7992609886350246,2,3.219268798828125,0.017114222049713135,0.6292735042735043,0.4469952734638758,0.7051824796082937
pcb3,4,2,bad/043.JPG,38947,0.04233958969882148,0.011423856077680703,0.04970857832438955,0.025523733149339464,37,43.615299224853516,0.0321844220161438,0.689842336521065,0.0073689886255680764,0.01409987707165876
pcb3,4,2,bad/044.JPG,21556,0.9391352755613286,0.7162366448569287,0.9867322323251067,0.8510231505154011,21,23.908432006835938,0.036325693130493164,0.807061790668348,0.047596956763778064,0.1347865056584724
pcb3,4,2,bad/045.JPG,2934,0.7034764826175869,0.47186228019161985,0.8698023176550784,0.5587179126254744,0,3.2141036987304688,0.0008083879947662354,0.5581140350877193,0.16632583503749154,0.08685563243385458
pcb3,4,2,bad/046.JPG,6140,0.5649837133550488,0.3800874059370247,0.8576547231270358,0.6204050655458185,0,6.917915344238281,0.02030813694000244,0.698298735757765,0.292671009771987,0.2403176596087938
pcb3,4,2,bad/047.JPG,56911,0.8308587092126303,0.7176164342506591,0.9710600762594226,0.8389791536155999,55,63.38693618774414,0.043077439069747925,0.7480986100183582,0.1402013670467923,0.12136271936494081
pcb3,4,2,bad/048.JPG,25418,0.9032181918325596,0.25496464559874205,0.9537335746321505,0.7927224589327255,26,28.310623168945312,0.0409926176071167,0.7496345514950167,0.05051538279959089,0.5377578133339835
pcb3,4,2,bad/049.JPG,1104,0.0,0.0,0.13134057971014493,0.00907241537790565,1,1.2857666015625,0.014628112316131592,0.7777777777777778,0.13134057971014493,0.00907241537790565
pcb3,4,2,bad/050.JPG,24033,0.8450880039945076,0.5105985362180017,0.8790413181874922,0.59606757418878,25,26.88768768310547,0.02559623122215271,0.7305366591080876,0.03395331419298464,0.08546903797077832
pcb3,4,2,bad/051.JPG,4277,0.6700958615852233,0.44054467248512363,0.5174187514613047,0.38793633797786886,1,4.862373352050781,0.03096047043800354,0.8368055555555555,-0.1526771101239186,-0.05260833450725477
pcb3,4,2,bad/052.JPG,32315,0.918830264583011,0.822849676410308,0.9665170973232245,0.8877803695624998,30,36.1361083984375,0.06807821989059448,0.8491496598639456,0.04768683274021357,0.0649306931521918
pcb3,4,2,bad/053.JPG,8396,0.1615054787994283,0.029556781852171157,0.32372558361124343,0.06390764377765434,6,9.208831787109375,0.034014344215393066,0.7217017954722873,0.16222010481181512,0.034350861925483187
pcb3,4,2,bad/054.JPG,2976,0.0,0.0,0.0,0.0,3,3.4181671142578125,0.023884713649749756,0.6581196581196581,0.0,0.0
pcb3,4,2,bad/055.JPG,2804,0.4144079885877318,0.29120774689660267,0.3559201141226819,0.29676898077888225,2,3.1119384765625,0.015374749898910522,0.7448979591836734,-0.05848787446504994,0.0055612338822795815
pcb3,4,2,bad/056.JPG,1306,0.04058192955589587,0.0014634084315557547,0.7411944869831547,0.33850196243669345,1,1.448974609375,0.012418419122695923,0.8484848484848485,0.7006125574272588,0.3370385540051377
pcb3,4,2,bad/057.JPG,3363,0.7323818019625334,0.45855535147856014,0.5301813856675587,0.34957420168375997,6,3.76025390625,0.04055750370025635,0.8639455782312926,-0.20220041629497476,-0.10898114979480017
pcb3,4,2,bad/058.JPG,1964,0.46181262729124234,0.08666322985238549,0.7326883910386965,0.42794985566430704,2,2.0714111328125,0.017053723335266113,0.7731481481481481,0.2708757637474542,0.34128662581192154
pcb3,4,2,bad/059.JPG,3995,0.9016270337922403,0.6040888071057408,1.0,0.7570758785271205,4,4.372810363769531,0.06463512778282166,0.7595785440613027,0.0983729662077597,0.1529870714213798
pcb3,4,2,bad/060.JPG,2696,0.908753709198813,0.7521499118276939,1.0,0.9742777507108216,2,2.9894943237304688,0.07882440090179443,0.8110902255639098,0.09124629080118696,0.2221278388831277
pcb3,4,2,bad/061.JPG,4095,0.9985347985347985,0.9718893949040763,0.9973137973137973,0.9813476905902665,4,4.535804748535156,0.09381124377250671,0.891941391941392,-0.0012210012210012167,0.009458295686190166
pcb3,4,2,bad/062.JPG,2672,0.8510479041916168,0.4434117355621723,0.9098053892215568,0.49870710610063407,1,2.9335289001464844,0.07535234093666077,0.7685688405797102,0.05875748502994005,0.055295370538461786
pcb3,4,2,bad/063.JPG,1574,1.0,0.980046969228209,1.0,0.9710968944836867,1,1.7343482971191406,0.11095243692398071,0.9358974358974359,0.0,-0.008950074744522252
pcb3,4,2,bad/064.JPG,4689,0.7146513115802943,0.4788424918627471,0.8428236297718064,0.5485437946319555,2,5.2701416015625,-0.0006038844585418701,0.540650406504065,0.1281723181915121,0.06970130276920838
pcb3,4,2,bad/065.JPG,5366,0.8458814759597465,0.7381589357008924,0.9405516213194186,0.7922681449176046,3,5.903469085693359,0.0678553581237793,0.9014778325123153,0.09467014535967211,0.05410920921671214
pcb3,4,2,bad/066.JPG,3587,1.0,0.9515176715513349,1.0,0.9578069560911169,2,3.9486656188964844,0.13990062475204468,0.9491719017704169,0.0,0.0062892845397819475
pcb3,4,2,bad/067.JPG,6832,1.0,0.9538580706520485,1.0,0.9872678414263164,6,7.637947082519531,0.2943335771560669,0.9698518140010219,0.0,0.03340977077426788
pcb3,4,2,bad/068.JPG,2079,0.8465608465608465,0.35332444602781105,0.9725829725829725,0.6651113197635422,1,2.255035400390625,0.014011770486831665,0.6970899470899471,0.12602212602212604,0.31178687373573116
pcb3,4,2,bad/069.JPG,1993,1.0,0.9364875009579673,1.0,0.9133436756885845,3,2.1936187744140625,0.11999893188476562,0.790909090909091,0.0,-0.023143825269382745
pcb3,4,2,bad/070.JPG,2554,0.9996084573218481,0.8003731038916875,0.9628034455755677,0.5538464543629044,3,2.8417396545410156,0.09100061655044556,0.929798356982823,-0.03680501174628037,-0.24652664952878311
pcb3,4,2,bad/071.JPG,2244,1.0,0.9723481314013022,1.0,0.9800068576389015,2,2.4947509765625,0.12837031483650208,0.9924242424242424,0.0,0.007658726237599334
pcb3,4,2,bad/072.JPG,2374,0.7582139848357203,0.46171581363045555,0.7645324347093513,0.47944633794028646,2,2.60186767578125,0.0265081524848938,0.838768115942029,0.006318449873630949,0.01773052430983091
pcb3,4,2,bad/073.JPG,2674,0.9379207180254301,0.37682034411465015,0.9278234854151085,0.44740836103860265,2,2.9081802368164062,0.06945008039474487,0.8197463768115942,-0.010097232610321583,0.0705880169239525
pcb3,4,2,bad/074.JPG,3597,1.0,0.9708458389834431,1.0,0.9897818804770733,4,3.9847869873046875,0.1370338499546051,0.904040404040404,0.0,0.01893604149363015
pcb3,4,2,bad/075.JPG,2145,1.0,0.9549880431261812,1.0,0.9518053354389691,1,2.392822265625,0.21310794353485107,0.9801587301587301,0.0,-0.003182707687212183
pcb3,4,2,bad/076.JPG,4308,0.9851439182915506,0.8876432597693654,1.0,0.94713036405418,5,4.7801666259765625,0.05610179901123047,0.8770370370370371,0.014856081708449431,0.05948710428481463
pcb3,4,2,bad/077.JPG,9799,0.9199918359016226,0.6877565943858327,0.988774364731095,0.778291131424327,9,10.77547836303711,0.10497555136680603,0.86810551558753,0.06878252882947244,0.09053453703849434
pcb3,4,2,bad/078.JPG,3020,0.9920529801324504,0.6656441541210417,1.0,0.8280381037986325,3,3.3516273498535156,0.05435726046562195,0.8438228438228439,0.007947019867549643,0.1623939496775908
pcb3,4,2,bad/079.JPG,2355,1.0,0.7756316646587508,1.0,0.972491420714939,2,2.60223388671875,0.030644536018371582,0.8,0.0,0.19685975605618822
pcb3,4,2,bad/080.JPG,5366,0.958069325382035,0.43338611222159984,0.9737234439060752,0.5853150551109773,6,6.02581787109375,0.06577703356742859,0.7355967078189299,0.015654118524040195,0.15192894288937742
pcb3,4,2,bad/081.JPG,5519,1.0,0.9382574761078424,1.0,0.9823682855426543,7,6.1329498291015625,0.4102132022380829,0.8320261437908496,0.0,0.04411080943481194
pcb3,4,2,bad/082.JPG,5323,0.9697538981777193,0.8717948504252562,1.0,0.9538394283048011,4,5.9132080078125,0.12592077255249023,0.8101851851851852,0.030246101822280713,0.08204457787954489
pcb3,4,2,bad/083.JPG,3337,0.8954150434522026,0.27690583156483844,0.9976026370991908,0.6881208347206954,4,3.6784706115722656,0.05484819412231445,0.716346153846154,0.10218759364698826,0.41121500315585696
pcb3,4,2,bad/084.JPG,3341,0.9802454354983537,0.7721905144704677,0.9703681532475307,0.5237931964803428,2,3.688823699951172,0.15071547031402588,0.8400297619047619,-0.009877282250823072,-0.24839731799012488
pcb3,4,2,bad/085.JPG,3374,1.0,0.9799652831439806,1.0,0.9860140704314754,3,3.7653541564941406,0.1544036865234375,0.9589743589743591,0.0,0.006048787287494806
pcb3,4,2,bad/086.JPG,2098,0.9899904671115348,0.9508873050860702,1.0,0.9774920644538118,1,2.336761474609375,0.2644500732421875,0.9111111111111111,0.010009532888465178,0.026604759367741537
pcb3,4,2,bad/087.JPG,2491,0.9963869931754316,0.9543224930130569,1.0,0.972189286301426,0,2.755168914794922,0.13037681579589844,0.8549107142857143,0.0036130068245684432,0.017866793288369043
pcb3,4,2,bad/088.JPG,3152,0.9977791878172588,0.24318155637496736,0.9939720812182741,0.24144863239652917,3,3.468994140625,0.25439122319221497,0.8819444444444444,-0.0038071065989847552,-0.001732923978438189
pcb3,4,2,bad/089.JPG,4421,0.9479755711377517,0.6416390062550834,0.9821307396516625,0.8081557270580886,3,4.985038757324219,0.06384357810020447,0.7598584428715875,0.03415516851391087,0.16651672080300517
pcb3,4,2,bad/090.JPG,2818,0.9989354151880766,0.9495347582703586,0.9918381831085876,0.9759242522252018,3,3.1632728576660156,0.1525915265083313,0.8555555555555556,-0.00709723207948898,0.026389493954843246
pcb3,4,2,bad/091.JPG,3970,0.9644836272040302,0.8798987567835761,0.996977329974811,0.9775727761659537,5,4.403350830078125,0.0385204553604126,0.7472222222222222,0.032493702770780786,0.09767401938237763
pcb3,4,2,bad/092.JPG,4316,0.9932808155699722,0.8122228022838385,0.9958294717330862,0.8493222027477273,4,4.867362976074219,0.011977136135101318,0.695906432748538,0.0025486561631140603,0.03709940046388882
pcb3,4,2,bad/093.JPG,2778,1.0,0.9778914784996462,1.0,0.9864413520943701,2,3.0868682861328125,0.17622342705726624,0.8833333333333333,0.0,0.008549873594723922
pcb3,4,2,bad/094.JPG,3326,1.0,0.9462646703015029,1.0,0.9692659162104961,3,3.68408203125,0.14502602815628052,0.9222222222222223,0.0,0.023001245908993218
pcb3,4,2,bad/095.JPG,3172,1.0,0.9851153164191613,1.0,0.9894266247307815,3,3.4896621704101562,0.2797817587852478,0.9435185185185185,0.0,0.004311308311620188
pcb3,4,2,bad/096.JPG,1939,1.0,0.9531226997032152,1.0,0.9875049054157766,1,2.1683349609375,0.07416325807571411,0.8154761904761905,0.0,0.03438220571256145
pcb3,4,2,bad/097.JPG,2150,0.9469767441860465,0.4747106617374537,0.9902325581395349,0.698581114020699,2,2.3624649047851562,0.013382315635681152,0.6618357487922705,0.04325581395348843,0.2238704522832453
pcb3,4,2,bad/098.JPG,2268,1.0,0.8789851811920176,1.0,0.9050899401342438,2,2.505207061767578,0.185549795627594,0.7606837606837606,0.0,0.02610475894222619
pcb3,4,2,bad/099.JPG,3505,0.6174037089871612,0.3639945760133709,0.7891583452211127,0.4145197651674885,3,3.87799072265625,0.13319218158721924,0.8333333333333334,0.17175463623395149,0.05052518915411763
pcb4,1,0,bad/000.JPG,41643,0.8066661863938717,0.6875143127492733,0.7507864467017266,0.7033541612723118,33,34.90165710449219,0.037888526916503906,0.7631796690307329,-0.0558797396921451,0.015839848523038436
pcb4,1,0,bad/001.JPG,30863,0.7166834073162038,0.6247713559084473,0.8201730227132813,0.7375711716979378,25,26.060317993164062,0.04625317454338074,0.7306547619047619,0.10348961539707746,0.1127998157894905
pcb4,1,0,bad/002.JPG,39048,0.2174759270641262,0.5347583725145579,0.4981817250563409,0.598480437999959,31,32.683448791503906,0.041272759437561035,0.7156971297163784,0.28070579799221473,0.06372206548540105
pcb4,1,0,bad/003.JPG,15000,0.7034666666666667,0.1326649807432896,0.6624,0.11752549702775697,8,12.510299682617188,0.024074018001556396,0.6789584985461274,-0.041066666666666696,-0.015139483715532642
pcb4,1,0,bad/004.JPG,39939,0.5836901274443527,0.5682419140182671,0.7444102255940309,0.7157085257032823,37,33.406333923339844,0.031907498836517334,0.7077638848502471,0.16072009814967825,0.14746661168501518
pcb4,1,0,bad/005.JPG,3188,0.9949811794228356,0.8815505937271995,0.9661229611041405,0.8910227051403987,2,2.6531982421875,0.08890661597251892,0.8787878787878787,-0.02885821831869506,0.009472111413199258
pcb4,1,0,bad/006.JPG,25986,0.8017393981374586,0.5890155279674445,0.8639267297775726,0.6281689187889546,22,21.908477783203125,0.04578816890716553,0.7384615384615384,0.06218733164011392,0.03915339082151015
pcb4,1,0,bad/007.JPG,4272,0.8155430711610487,0.4227439355013399,0.9655898876404494,0.6794581096692323,2,3.611949920654297,0.03971540927886963,0.704812834224599,0.15004681647940066,0.2567141741678924
pcb4,1,0,bad/008.JPG,6558,1.0,0.9661751759424914,1.0,0.9924807051601733,5,5.46429443359375,0.16973468661308289,0.925595238095238,0.0,0.026305529217681922
pcb4,1,0,bad/009.JPG,25028,0.48018219594054656,0.06427372428316293,0.4854562889563689,0.07832940623572794,17,21.097618103027344,0.019673585891723633,0.6688442211055277,0.005274093015822323,0.014055681952565013
pcb4,1,0,bad/010.JPG,24121,0.8718129430786452,0.5308985096596514,0.9054350980473447,0.706293810826078,18,20.209285736083984,0.04116514325141907,0.7810421286031042,0.03362215496869947,0.17539530116642665
pcb4,1,0,bad/011.JPG,10161,0.9998031689794311,0.9441100959371075,1.0,0.9541913778705339,8,8.489936828613281,0.14039567112922668,0.8784013605442177,0.00019683102056888835,0.01008128193342639
pcb4,1,0,bad/012.JPG,5298,0.9881087202718006,0.7098574382580359,0.9701774254435636,0.7445081022740222,4,4.4952392578125,0.04957899451255798,0.8379629629629629,-0.017931294828237077,0.034650664015986266
pcb4,1,0,bad/013.JPG,15090,0.8502319416832339,0.2520968285193262,0.8274353876739563,0.22558162315348726,9,12.780132293701172,0.03872835636138916,0.7732,-0.022796554009277603,-0.02651520536583893
pcb4,1,0,bad/014.JPG,15318,0.5049614832223528,0.3955328816146389,0.5142316229272751,0.3377501218099499,9,12.847225189208984,0.026043236255645752,0.610372534696859,0.009270139704922298,-0.057782759804689
pcb4,1,0,bad/015.JPG,5640,1.0,0.9089491515880671,1.0,0.9317494814154772,3,4.7398529052734375,0.0937158465385437,0.8892773892773893,0.0,0.022800329827410093
pcb4,1,0,bad/016.JPG,21670,0.6836640516843563,0.17220541427253233,0.6333179510844485,0.17864255516898833,15,18.162822723388672,0.04226985573768616,0.7724586288416075,-0.05034610059990774,0.006437140896456001
pcb4,1,0,bad/017.JPG,27157,0.8974849946606768,0.2966252864556726,0.9255440586220864,0.4227482157272953,23,22.856689453125,0.09663009643554688,0.8448765566965262,0.02805906396140967,0.12612292927162272
pcb4,1,0,bad/018.JPG,10410,0.9982708933717579,0.9227876685842767,1.0,0.8423878447639722,8,8.749427795410156,0.12871626019477844,0.8655753968253967,0.0017291066282421053,-0.08039982382030453
pcb4,1,0,bad/019.JPG,40981,0.6535955686781679,0.4457626657752185,0.6401991166638198,0.4357985684955999,30,34.41836929321289,0.03497287631034851,0.7237611033193081,-0.013396452014348137,-0.009964097279618611
pcb4,1,0,bad/020.JPG,7706,0.995198546587075,0.8784394637244243,1.0,0.9643609113938775,7,6.382816314697266,0.09604528546333313,0.7875457875457876,0.004801453412925039,0.0859214476694532
pcb4,1,0,bad/021.JPG,5009,1.0,0.9684990455666007,1.0,0.9894272395256312,4,4.199146270751953,0.1068841814994812,0.8982683982683983,0.0,0.02092819395903045
pcb4,1,0,bad/022.JPG,6397,0.9626387369079256,0.8354984866562302,0.8993278099108958,0.8789414231267814,3,5.382068634033203,0.04847040772438049,0.784219001610306,-0.06331092699702978,0.0434429364705512
pcb4,1,0,bad/023.JPG,12841,0.9660462580795888,0.7339461434041334,0.8996184097811697,0.6978821140720639,10,10.765243530273438,0.05851835012435913,0.8853444290337493,-0.06642784829841908,-0.036064029332069536
pcb4,1,0,bad/024.JPG,13012,0.9737934214571166,0.6423395170647014,0.9685674761758377,0.6692312639023557,8,11.009986877441406,0.0787990391254425,0.9004407051282051,-0.005225945281278843,0.026891746837654273
pcb4,1,0,bad/025.JPG,8560,1.0,0.8958565378031808,1.0,0.938196388505857,6,7.219390869140625,0.16756001114845276,0.9019607843137255,0.0,0.04233985070267621
pcb4,1,0,bad/026.JPG,8292,0.9948142788229619,0.8768536533037704,0.999155812831645,0.8438310806812295,6,6.949253082275391,0.11471116542816162,0.8189403420942846,0.00434153400868309,-0.033022572622540936
pcb4,1,0,bad/027.JPG,10519,0.9903983268371518,0.9081683473351451,1.0,0.94585898766916,8,8.87729263305664,0.19033652544021606,0.9241830065359478,0.009601673162848212,0.037690640334014924
pcb4,1,0,bad/028.JPG,8842,0.9837140918344266,0.8732639790551355,0.9830355123275277,0.8813529734856513,7,7.397701263427734,0.1364297866821289,0.8534722222222222,-0.0006785795068988687,0.008088994430515806
pcb4,1,0,bad/029.JPG,10211,0.824502986974831,0.6227552105620469,0.8576045441190873,0.7362796133092467,7,8.724517822265625,0.06625273823738098,0.8127272727272727,0.03310155714425622,0.11352440274719988
pcb4,1,0,bad/030.JPG,3202,0.9818863210493441,0.6837598363813836,1.0,0.854822737560566,3,2.662841796875,0.11559531092643738,0.8708333333333332,0.018113678950655854,0.17106290117918244
pcb4,1,0,bad/031.JPG,40870,0.4167115243454857,0.5864738876628411,0.5738438952777098,0.6647510106911,37,34.27543640136719,0.029789865016937256,0.6722806128909712,0.15713237093222415,0.07827712302825884
pcb4,1,0,bad/032.JPG,5402,1.0,0.9939242114034454,1.0,0.9969619714088359,4,4.5205230712890625,0.23741677403450012,0.9953703703703705,0.0,0.0030377600053904663
pcb4,1,0,bad/033.JPG,14868,0.6569141781006188,0.0897781718265056,0.7214151197202044,0.11987524007632279,6,12.48419189453125,0.024489283561706543,0.6450441100155682,0.06450094161958564,0.030097068249817185
pcb4,1,0,bad/034.JPG,41408,0.48063176197836166,0.5037688772751637,0.47618817619783615,0.4646630419882289,31,34.71558380126953,0.029156386852264404,0.7235787628349611,-0.004443585780525505,-0.03910583528693484
pcb4,1,0,bad/035.JPG,23762,0.6745223466038213,0.1031404820893874,0.6956485144348119,0.1008629820341852,15,20.021602630615234,0.039994508028030396,0.7172413793103447,0.02112616783099064,-0.0022775000552022057
pcb4,1,0,bad/036.JPG,9215,0.9943570265870862,0.8622842485747536,0.9996744438415627,0.932035915077847,6,7.699005126953125,0.1494092345237732,0.7787396121883656,0.005317417254476431,0.06975166650309339
pcb4,1,0,bad/037.JPG,5142,0.9982497082847142,0.48819226000396065,1.0,0.6003772767653831,3,4.341991424560547,0.23186153173446655,0.9183006535947712,0.0017502917152858455,0.11218501676142245
pcb4,1,0,bad/038.JPG,2940,0.904421768707483,0.8159078085869162,1.0,0.9778394812250096,2,2.4901809692382812,0.09533509612083435,0.6545138888888887,0.09557823129251697,0.16193167263809338
pcb4,1,0,bad/039.JPG,31984,0.6541708354177088,0.6325674822926861,0.5827601300650325,0.6607923732221743,25,26.78582000732422,0.024180620908737183,0.6866666666666666,-0.07141070535267635,0.02822489092948821
pcb4,1,0,bad/040.JPG,43287,0.44405941737704163,0.30096137362280717,0.565389146857024,0.3998652938112329,38,36.36279296875,0.002316683530807495,0.5552983539094649,0.12132972947998238,0.09890392018842575
pcb4,1,0,bad/041.JPG,8140,1.0,0.9532851307724829,1.0,0.9855741236929183,6,6.836669921875,0.20812323689460754,0.9523809523809523,0.0,0.03228899292043541
pcb4,1,0,bad/042.JPG,26614,0.6383482377695949,0.4035879115280062,0.5306981288043887,0.3765190851478138,23,22.407745361328125,0.020942330360412598,0.6275187104202647,-0.10765010896520621,-0.027068826380192423
pcb4,1,0,bad/043.JPG,5359,0.9320768800149282,0.6108958007773039,0.9988803881321142,0.843524443351879,4,4.4996337890625,0.12514495849609375,0.7407407407407407,0.06680350811718605,0.23262864257457516
pcb4,1,0,bad/044.JPG,8220,0.9330900243309003,0.6956224524454385,0.9736009732360097,0.7559070261226012,7,6.923805236816406,0.05763387680053711,0.8308253533971728,0.04051094890510942,0.06028457367716267
pcb4,1,0,bad/045.JPG,41595,0.9291982209400168,0.42716113465091227,0.8612333213126577,0.532664801839208,36,34.9740104675293,0.047235310077667236,0.8103567318757192,-0.06796489962735908,0.10550366718829568
pcb4,1,0,bad/046.JPG,1247,0.9198075380914194,0.3843482817420669,0.9302325581395349,0.48805198781618664,0,1.09185791015625,0.05164223909378052,0.7916666666666667,0.010425020048115519,0.10370370607411972
pcb4,1,0,bad/047.JPG,32030,0.22051201998126757,0.2525229906448497,0.3726194192944115,0.5450114605431492,27,27.055492401123047,0.007791340351104736,0.5924034471752314,0.15210739931314393,0.2924884698982995
pcb4,1,0,bad/048.JPG,11341,0.9495635305528612,0.5683798761146128,0.9073273961731769,0.5816941089811215,6,9.66796875,0.024124503135681152,0.7218543046357615,-0.04223613437968432,0.01331423286650868
pcb4,1,0,bad/049.JPG,43033,0.8036390676922361,0.5726273532100102,0.7712220853763391,0.7348785464789892,38,36.2508544921875,0.038510799407958984,0.7914197937239411,-0.03241698231589707,0.16225119326897897
pcb4,1,0,bad/050.JPG,39962,0.6332766127821431,0.2809963087106794,0.6346529202742606,0.33475367728762057,31,33.363250732421875,0.02827078104019165,0.7078908188585609,0.001376307492117479,0.05375736857694119
pcb4,1,0,bad/051.JPG,8713,0.5803971077699989,0.27513438566115495,0.7566854126018593,0.33511791218281006,5,7.285400390625,0.02387911081314087,0.7168639053254439,0.17628830483186042,0.05998352652165512
pcb4,1,0,bad/052.JPG,48945,0.8434773725610379,0.2514885982401262,0.7860251302482378,0.24223960080828685,37,41.19390869140625,0.042148053646087646,0.7461601307189543,-0.057452242312800106,-0.00924899743183935
pcb4,1,0,bad/053.JPG,52344,0.7734410820724439,0.5576514461086386,0.6887513373070457,0.6146006490002012,39,44.020477294921875,0.04240387678146362,0.7463737018281692,-0.08468974476539814,0.05694920289156258
pcb4,1,0,bad/054.JPG,12770,0.8658574784651527,0.5384235593666377,0.9425998433829288,0.6567031127552836,7,10.57059097290039,0.024216949939727783,0.642161635832522,0.07674236491777608,0.11827955338864593
pcb4,1,0,bad/055.JPG,9179,1.0,0.8618266574727621,1.0,0.8525243696979107,6,7.847076416015625,0.05757176876068115,0.8035087719298245,0.0,-0.009302287774851425
pcb4,1,0,bad/056.JPG,29107,0.6775002576699763,0.19269048302593927,0.5701721235441647,0.26276924923505873,21,24.510040283203125,0.011286407709121704,0.6401630988786952,-0.10732813412581166,0.07007876620911946
pcb4,1,0,bad/057.JPG,52866,0.903605341807589,0.7196445972390683,0.8345061097870087,0.7277446562346597,45,44.4189453125,0.03590163588523865,0.7759824810606061,-0.06909923202058033,0.008100058995591408
pcb4,1,0,bad/058.JPG,4342,0.526715799170889,0.3197105698841708,0.7072777521879319,0.25447920481885117,4,3.6225662231445312,0.05158618092536926,0.6865671641791045,0.18056195301704292,-0.06523136506531962
pcb4,1,0,bad/059.JPG,7883,0.7814283902067741,0.3600746134628587,0.8263351515920335,0.4062509539899274,3,6.647621154785156,0.013925641775131226,0.6225,0.0449067613852594,0.046176340527068704
pcb4,1,0,bad/060.JPG,18506,0.8175186426023993,0.41037976432355,0.9258618826326597,0.5388753153694539,14,15.474014282226562,0.020529329776763916,0.6937587331159758,0.10834324003026041,0.12849555104590388
pcb4,1,0,bad/061.JPG,6984,0.7183562428407789,0.29518502628199034,0.7313860252004581,0.32931388390758554,2,5.8775634765625,0.028661668300628662,0.6933876811594203,0.01302978235967922,0.0341288576255952
pcb4,1,0,bad/062.JPG,50351,0.8637564298623662,0.6350364599089809,0.8156143870032373,0.6406773513198308,43,42.138031005859375,0.04526400566101074,0.7976068376068376,-0.04814204285912893,0.005640891410849891
pcb4,1,0,bad/063.JPG,3025,0.31867768595041324,0.11172011145117987,0.4515702479338843,0.1980164753479924,1,2.627593994140625,0.019598186016082764,0.682449494949495,0.13289256198347105,0.08629636389681254
pcb4,1,0,bad/064.JPG,34722,0.6089222971027014,0.4234216364803887,0.6859051897932147,0.4561416471415038,28,29.13336181640625,0.030181288719177246,0.7158999192897498,0.07698289269051328,0.03272001066111507
pcb4,1,0,bad/065.JPG,56071,0.7479624048081897,0.4927309352849635,0.7535981166735032,0.5599101673010722,46,46.933807373046875,0.04106524586677551,0.7382427307206068,0.005635711865313531,0.06717923201610876
pcb4,1,0,bad/066.JPG,5046,1.0,0.948973395439362,0.9875148632580262,0.80941595942322,6,4.2501220703125,0.09588158130645752,0.9184027777777778,-0.012485136741973824,-0.139557436016142
pcb4,1,0,bad/067.JPG,5007,0.9930097862991811,0.773931943159889,0.9984022368683843,0.7607363038426218,3,4.20947265625,0.07218369841575623,0.8125,0.005392450569203122,-0.013195639317267194
pcb4,1,0,bad/068.JPG,45838,0.8118809721192024,0.6492261771679336,0.7406300449408787,0.7106773553246928,35,38.606903076171875,0.04110786318778992,0.7838983050847458,-0.07125092717832371,0.061451178156759156
pcb4,1,0,bad/069.JPG,12432,0.9819015444015444,0.7078478486705699,0.9527027027027027,0.6208351554352806,10,10.36236572265625,0.049431294202804565,0.8480443974630021,-0.029198841698841682,-0.08701269323528937
pcb4,1,0,bad/070.JPG,35923,0.6717980124154441,0.47607023423823286,0.7614341786599115,0.47979762456364844,27,30.208972930908203,0.021115601062774658,0.6881102459522926,0.08963616624446735,0.0037273903254155805
pcb4,1,0,bad/071.JPG,15434,0.9596993650382273,0.570600278798076,0.9449267850200855,0.6560814746074745,11,12.989944458007812,0.045056283473968506,0.7587933978372225,-0.014772580018141745,0.0854811958093985
pcb4,1,0,bad/072.JPG,1204,0.7749169435215947,0.6328075401631517,0.9343853820598007,0.7644460956022516,1,1.010040283203125,-1.8984079360961914e-05,0.4708333333333333,0.15946843853820603,0.13163855543909997
pcb4,1,0,bad/073.JPG,40760,0.8987978410206084,0.44310322495735194,0.8417811579980373,0.5409917123333733,31,34.29541015625,0.059671491384506226,0.8052141157811261,-0.057016683022571124,0.09788848737602135
pcb4,1,0,bad/074.JPG,16109,0.5022037370414054,0.20494818050012284,0.6816065553417344,0.31947755100144953,5,13.606849670410156,0.00790095329284668,0.5651428571428572,0.179402818300329,0.1145293705013267
pcb4,1,0,bad/075.JPG,8402,0.6873363484884552,0.15907625809170117,0.715424898833611,0.1842225572702797,1,7.162971496582031,0.05152660608291626,0.7432033556004349,0.028088550345155894,0.025146299178578524
pcb4,1,0,bad/076.JPG,3932,0.9577822990844354,0.8363673264807282,0.9972024415055951,0.8929789750939354,0,3.3062782287597656,0.18796232342720032,0.8834422657952069,0.039420142421159765,0.05661164861320722
pcb4,1,0,bad/077.JPG,3255,0.96036866359447,0.5771331619044219,0.985867895545315,0.6280700289614468,1,2.6939544677734375,0.19243639707565308,0.7391941391941391,0.025499231950844914,0.05093686705702494
pcb4,1,0,bad/078.JPG,9020,0.47317073170731705,0.11348244950807915,0.44878048780487806,0.06742047734855697,0,7.581512451171875,0.01619088649749756,0.6326171187037689,-0.02439024390243899,-0.04606197215952218
pcb4,1,0,bad/079.JPG,37495,0.6385918122416322,0.28258012570891,0.6124283237765036,0.465299386558607,31,31.500228881835938,0.050300031900405884,0.7632993512511584,-0.026163488465128615,0.18271926084969697
pcb4,1,0,bad/080.JPG,21334,0.6533233336458236,0.12326186325649763,0.7266335427017906,0.22598978233497816,16,17.943283081054688,0.028976410627365112,0.6765432098765433,0.07331020905596697,0.10272791907848053
pcb4,1,0,bad/081.JPG,26202,0.6964735516372796,0.1192110092635445,0.6007938325318678,0.295909475940081,18,22.000022888183594,0.02090814709663391,0.6801716917922948,-0.09567971910541184,0.1766984666765365
pcb4,1,0,bad/082.JPG,31604,0.4086508036957347,0.22761408248722179,0.44532337678774836,0.27441574377829336,25,26.621749877929688,0.014426320791244507,0.6282142857142857,0.03667257309201366,0.04680166129107158
pcb4,1,0,bad/083.JPG,5662,1.0,0.5298150818038421,1.0,0.7363481413191667,6,4.826171875,-0.0020958781242370605,0.4898989898989899,0.0,0.20653305951532464
pcb4,1,0,bad/084.JPG,30811,0.6603810327480445,0.3511562858697422,0.6663853818441465,0.4484123954201133,24,26.039676666259766,0.0450366735458374,0.7365079365079366,0.006004349096102035,0.09725610955037112
pcb4,1,0,bad/085.JPG,20166,0.6486164831895269,0.1871087827644207,0.8231677080234058,0.2986647836501814,14,16.97974395751953,0.01734250783920288,0.6880208333333333,0.17455122483387886,0.1115560008857607
pcb4,1,0,bad/086.JPG,7073,0.9254913049625336,0.09057316177600701,0.9389226636505019,0.5899480237441108,4,5.964664459228516,0.050438374280929565,0.8273809523809524,0.013431358687968298,0.4993748619681038
pcb4,1,0,bad/087.JPG,25708,0.6649292049167574,0.244838062984975,0.7405476894351952,0.2377760779169706,18,21.647602081298828,0.040333688259124756,0.7264563106796116,0.07561848451843778,-0.0070619850680044005
pcb4,1,0,bad/088.JPG,47399,0.4039325724171396,0.5384987936824664,0.40635878394058944,0.5661978776898223,39,39.86620330810547,0.013207107782363892,0.67355568790947,0.0024262115234498505,0.02769908400735588
pcb4,1,0,bad/089.JPG,39729,0.8967504845327091,0.7879940745263443,0.8640036245563694,0.7797139163699751,30,33.448760986328125,0.06731170415878296,0.798731884057971,-0.03274685997633975,-0.008280158156369177
pcb4,1,0,bad/090.JPG,12576,0.9685114503816794,0.7520575191561039,0.9980916030534351,0.8710606549715912,9,10.51458740234375,0.05166700482368469,0.8049242424242424,0.029580152671755733,0.11900313581548738
pcb4,1,0,bad/091.JPG,6969,0.9998565073898694,0.8213831714772174,1.0,0.8614257932817345,6,5.82623291015625,0.06513413786888123,0.8482905982905983,0.00014349261013058,0.04004262180451712
pcb4,1,0,bad/092.JPG,28720,0.7184888579387186,0.5104236003541052,0.7892757660167131,0.5124941878338408,21,24.14279556274414,0.03573423624038696,0.7499190152251377,0.07078690807799448,0.0020705874797356527
pcb4,1,0,bad/093.JPG,5308,0.9621326299924642,0.5871753475249776,0.9747550866616428,0.6613999210722158,4,4.458984375,0.006591290235519409,0.6041666666666666,0.012622456669178606,0.07422457354723822
pcb4,1,0,bad/094.JPG,5832,0.9518175582990398,0.709003953996632,0.9789094650205762,0.7595430330560007,5,4.87255859375,0.01880684494972229,0.7482638888888888,0.027091906721536385,0.05053907905936872
pcb4,1,0,bad/095.JPG,23540,0.6554375531011045,0.5146675413197866,0.7873406966864911,0.5798120989076505,18,19.63681411743164,0.014243900775909424,0.5939245030154121,0.13190314358538657,0.06514455758786386
pcb4,1,0,bad/096.JPG,5609,0.9365305758602246,0.5689132048757586,0.955250490283473,0.4077616487324645,5,4.6480712890625,0.04034808278083801,0.7447916666666667,0.018719914423248385,-0.16115155614329407
pcb4,1,0,bad/097.JPG,30199,0.36001192092453393,0.17617868311674895,0.45342561011954036,0.1658521857414612,20,25.494869232177734,0.004714012145996094,0.5739244208419918,0.09341368919500642,-0.010326497375287735
pcb4,1,0,bad/098.JPG,29139,0.3694018325954906,0.19360477241900467,0.5727718864751707,0.3657956411764368,18,24.530120849609375,0.015452474355697632,0.6384375,0.20337005387968016,0.17219086875743214
pcb4,1,0,bad/099.JPG,5639,1.0,0.6665434415402064,1.0,0.7062592223646166,6,4.6434478759765625,0.03773057460784912,0.7063492063492063,0.0,0.039715780824410185
pcb4,1,1,bad/000.JPG,41643,0.7542444108253488,0.7235789055200494,0.7632975530101097,0.7505726293865723,33,34.90165710449219,0.03963086009025574,0.6949763593380615,0.009053142184760943,0.02699372386652288
pcb4,1,1,bad/001.JPG,30863,0.7503807147717332,0.6695350060057909,0.8035187765285293,0.7719173968456956,25,26.060317993164062,0.034580498933792114,0.7631802721088435,0.05313806175679614,0.10238239083990475
pcb4,1,1,bad/002.JPG,39048,0.4274482687973776,0.5661388950910364,0.5794662978897767,0.6484281633528174,31,32.683448791503906,0.05555611848831177,0.7406524146154502,0.1520180290923991,0.08228926826178096
pcb4,1,1,bad/003.JPG,15000,0.8202666666666667,0.385047836966957,0.8046666666666666,0.5174618080605289,8,12.510299682617188,0.03781825304031372,0.7301083795929156,-0.015600000000000058,0.1324139710935719
pcb4,1,1,bad/004.JPG,39939,0.609704799819725,0.5924869316802128,0.7350709832494554,0.7298199518957649,37,33.406333923339844,0.03463864326477051,0.7077638848502472,0.12536618342973038,0.13733302021555205
pcb4,1,1,bad/005.JPG,3188,0.6493099121706399,0.32675969602004795,0.8685696361355082,0.5982615135673778,2,2.6531982421875,0.03479871153831482,0.696969696969697,0.21925972396486826,0.2715018175473298
pcb4,1,1,bad/006.JPG,25986,0.8969060263218657,0.70806810507578,0.8406449626722081,0.7131761684727141,22,21.908477783203125,0.050609976053237915,0.7841880341880342,-0.05626106364965755,0.005108063396934148
pcb4,1,1,bad/007.JPG,4272,0.8139044943820225,0.3656887569126203,0.977996254681648,0.6660307028283255,2,3.611949920654297,0.03859466314315796,0.75,0.16409176029962547,0.30034194591570523
pcb4,1,1,bad/008.JPG,6558,1.0,0.9527726665311184,1.0,0.9804991347419869,5,5.46429443359375,0.19958576560020447,0.9057539682539684,0.0,0.02772646821086855
pcb4,1,1,bad/009.JPG,25028,0.7907943103723829,0.13714555316396115,0.7677001758031006,0.3566529679558579,17,21.097618103027344,0.03569835424423218,0.714070351758794,-0.023094134569282332,0.21950741479189673
pcb4,1,1,bad/010.JPG,24121,0.9103685585174744,0.6759411715505383,0.9029061813357655,0.7895284684614298,18,20.209285736083984,0.044524550437927246,0.7442719881744272,-0.007462377181708946,0.11358729691089142
pcb4,1,1,bad/011.JPG,10161,0.9980316897943116,0.9141972562082812,1.0,0.9479670720051048,8,8.489936828613281,0.1502549946308136,0.8835034013605442,0.0019683102056884394,0.03376981579682359
pcb4,1,1,bad/012.JPG,5298,0.9743299358248395,0.6065872427567078,0.8165345413363534,0.5406562994624443,4,4.4952392578125,0.06353399157524109,0.7839506172839507,-0.15779539448848612,-0.06593094329426352
pcb4,1,1,bad/013.JPG,15090,0.8239893969516235,0.5870042135346615,0.8662027833001988,0.6650969068501267,9,12.780132293701172,0.04769733548164368,0.8024,0.0422133863485753,0.0780926933154652
pcb4,1,1,bad/014.JPG,15318,0.8384906645776211,0.8526855445700118,0.7676589633111373,0.705569464998815,9,12.847225189208984,0.06034654378890991,0.7140978816654492,-0.07083170126648386,-0.14711607957119677
pcb4,1,1,bad/015.JPG,5640,1.0,0.8528173330189176,1.0,0.818933937345008,3,4.7398529052734375,0.1051454246044159,0.8624708624708624,0.0,-0.03388339567390963
pcb4,1,1,bad/016.JPG,21670,0.7489616982002769,0.3010391699758356,0.6933087217351177,0.482830748726758,15,18.162822723388672,0.02653518319129944,0.7031914893617021,-0.05565297646515921,0.18179157875092244
pcb4,1,1,bad/017.JPG,27157,0.6259896159369591,0.1692978046750881,0.8182420738667747,0.3770016793967066,23,22.856689453125,0.061954617500305176,0.7726676862573738,0.1922524579298156,0.2077038747216185
pcb4,1,1,bad/018.JPG,10410,0.976176753121998,0.7721090042205345,0.9993275696445725,0.8091115702491708,8,8.749427795410156,0.08964544534683228,0.7718253968253969,0.023150816522574447,0.037002566028636275
pcb4,1,1,bad/019.JPG,40981,0.7338766745565017,0.540681208736429,0.736658451477514,0.5462452237438418,30,34.41836929321289,0.04033958911895752,0.7639668069191211,0.0027817769210122245,0.00556401500741277
pcb4,1,1,bad/020.JPG,7706,0.9631456008305217,0.722043021780191,0.9927329353750325,0.7601294671281736,7,6.382816314697266,0.09212425351142883,0.7967032967032968,0.02958733454451079,0.03808644534798267
pcb4,1,1,bad/021.JPG,5009,1.0,0.8879610078054381,1.0,0.9587117916707895,4,4.199146270751953,0.0933893620967865,0.8419913419913421,0.0,0.07075078386535139
pcb4,1,1,bad/022.JPG,6397,0.5854306706268564,0.6147821583356011,0.6013756448335157,0.752713810558534,3,5.382068634033203,0.014753937721252441,0.6280193236714976,0.0159449742066593,0.1379316522229329
pcb4,1,1,bad/023.JPG,12841,0.9320146406043143,0.7226942500126128,0.9069387119383225,0.7334755956457636,10,10.765243530273438,0.07398927211761475,0.8585298196948683,-0.02507592866599173,0.010781345633150807
pcb4,1,1,bad/024.JPG,13012,0.691361819858592,0.3253119303037312,0.8075622502305564,0.5271233698698785,8,11.009986877441406,0.05121070146560669,0.8259214743589743,0.11620043037196437,0.20181143956614733
pcb4,1,1,bad/025.JPG,8560,1.0,0.8506563327568445,1.0,0.876566089069995,6,7.219390869140625,0.1354101598262787,0.881045751633987,0.0,0.02590975631315051
pcb4,1,1,bad/026.JPG,8292,0.9995176073323685,0.7821003280304654,0.9972262421611191,0.7143904276677648,6,6.949253082275391,0.11156529188156128,0.8239465999165624,-0.002291365171249393,-0.06770990036270053
pcb4,1,1,bad/027.JPG,10519,0.997052951801502,0.8839872993574943,0.9782298697594829,0.8664950652267944,8,8.87729263305664,0.19553497433662415,0.9581699346405228,-0.0188230820420191,-0.01749223413069989
pcb4,1,1,bad/028.JPG,8842,0.9979642614793033,0.9310881316261499,0.9933273015154942,0.9149145939838466,7,7.397701263427734,0.16526445746421814,0.8680555555555557,-0.004636959963809084,-0.016173537642303337
pcb4,1,1,bad/029.JPG,10211,0.8210753109391832,0.6492721690530273,0.8587797473313094,0.7701901555373905,7,8.724517822265625,0.05650383234024048,0.7537662337662338,0.03770443639212617,0.12091798648436314
pcb4,1,1,bad/030.JPG,3202,0.9893816364772018,0.5565396409496287,1.0,0.8087754053707515,3,2.662841796875,0.09856173396110535,0.7625000000000001,0.010618363522798213,0.25223576442112283
pcb4,1,1,bad/031.JPG,40870,0.39224369953511135,0.6044945895148355,0.4498164913139222,0.6470732701843253,37,34.27543640136719,0.014341413974761963,0.6297328099278207,0.05757279177881086,0.04257868066948978
pcb4,1,1,bad/032.JPG,5402,1.0,0.9937345082327161,1.0,0.9966177532352557,4,4.5205230712890625,0.230854332447052,0.9753086419753086,0.0,0.0028832450025395584
pcb4,1,1,bad/033.JPG,14868,0.8703927898843153,0.5137321047017287,0.8886198547215496,0.4812344878265932,6,12.48419189453125,0.027957290410995483,0.6900622729631551,0.01822706483723424,-0.03249761687513547
pcb4,1,1,bad/034.JPG,41408,0.3973386785162287,0.4684755447003351,0.4368479520865533,0.5356903868655085,31,34.71558380126953,0.019215762615203857,0.6741172051089407,0.03950927357032458,0.06721484216517343
pcb4,1,1,bad/035.JPG,23762,0.805614005555088,0.3257444863147813,0.8388603652891171,0.3544926189718592,15,20.021602630615234,0.08732190728187561,0.7904622157006602,0.03324635973402912,0.028748132657077874
pcb4,1,1,bad/036.JPG,9215,0.9801410743353228,0.7398629950334068,0.9964188822571893,0.954740571028837,6,7.699005126953125,0.14969730377197266,0.7576177285318559,0.016277807921866505,0.21487757599543023
pcb4,1,1,bad/037.JPG,5142,0.9982497082847142,0.48310780878093956,0.9982497082847142,0.49181845690130715,3,4.341991424560547,0.21607482433319092,0.9058823529411765,0.0,0.008710648120367592
pcb4,1,1,bad/038.JPG,2940,0.9207482993197279,0.8134709732714881,1.0,0.9855270758695612,2,2.4901809692382812,0.12460646033287048,0.6805555555555556,0.0792517006802721,0.17205610259807314
pcb4,1,1,bad/039.JPG,31984,0.8641508254127064,0.7921558047234972,0.7645697848924462,0.7867723891113845,25,26.78582000732422,0.03597649931907654,0.7576470588235295,-0.09958104052026018,-0.005383415612112752
pcb4,1,1,bad/040.JPG,43287,0.39635456372582994,0.3120720284411672,0.4132649525261626,0.35316376038953556,38,36.36279296875,0.0001093447208404541,0.5036008230452675,0.016910388800332632,0.04109173194836835
pcb4,1,1,bad/041.JPG,8140,1.0,0.937153186972601,1.0,0.9848188436916355,6,6.836669921875,0.21386852860450745,0.9658730158730159,0.0,0.047665656719034555
pcb4,1,1,bad/042.JPG,26614,0.7597505072518224,0.5007077046083465,0.8113774705042459,0.5053636882241994,23,22.407745361328125,0.028815805912017822,0.6637881404720782,0.05162696325242355,0.004655983615852954
pcb4,1,1,bad/043.JPG,5359,0.9531629035267773,0.7183535847207401,1.0,0.9034181599005444,4,4.4996337890625,0.27493345737457275,0.7831275720164609,0.04683709647322265,0.18506457517980435
pcb4,1,1,bad/044.JPG,8220,0.9832116788321168,0.7698690809015862,1.0,0.876676835498818,7,6.923805236816406,0.06135082244873047,0.8549931600547196,0.016788321167883202,0.1068077545972318
pcb4,1,1,bad/045.JPG,41595,0.9193412669792043,0.6053748814610179,0.7909604519774012,0.8026895095162497,36,34.9740104675293,0.051271677017211914,0.8489451476793249,-0.1283808150018031,0.1973146280552318
pcb4,1,1,bad/046.JPG,1247,0.0,0.0,0.5132317562149158,0.1775300760864111,0,1.09185791015625,0.02538803219795227,0.7416666666666667,0.5132317562149158,0.1775300760864111
pcb4,1,1,bad/047.JPG,32030,0.4576022478926007,0.23615397391724696,0.5941929441148923,0.5561188800188358,27,27.055492401123047,0.026009321212768555,0.6470635173954676,0.13659069622229164,0.31996490610158884
pcb4,1,1,bad/048.JPG,11341,0.8295564765011904,0.40850411745437754,0.8332598536284278,0.4372136451372214,6,9.66796875,0.03528928756713867,0.6839735099337748,0.0037033771272374505,0.02870952768284385
pcb4,1,1,bad/049.JPG,43033,0.7181697766830107,0.3635937553629163,0.7879069551274603,0.5934572688676226,38,36.2508544921875,0.04426229000091553,0.7300855826201449,0.0697371784444496,0.2298635135047063
pcb4,1,1,bad/050.JPG,39962,0.717406536209399,0.3721250948211857,0.7875231469896402,0.5379617118439151,31,33.363250732421875,0.033486366271972656,0.7080397022332506,0.07011661078024123,0.16583661702272934
pcb4,1,1,bad/051.JPG,8713,0.2645472282795822,0.0486147073226161,0.48444852519224146,0.13516852348502545,5,7.285400390625,0.013217628002166748,0.6221893491124261,0.21990129691265925,0.08655381616240934
pcb4,1,1,bad/052.JPG,48945,0.7649402390438247,0.21312105587159877,0.8414751251404637,0.2520117530183594,37,41.19390869140625,0.032254427671432495,0.7085784313725491,0.07653488609663905,0.038890697146760606
pcb4,1,1,bad/053.JPG,52344,0.6726463395995721,0.39847543633018995,0.7457779306128687,0.5686980967434192,39,44.020477294921875,0.044756293296813965,0.7195948845592652,0.07313159101329658,0.17022266041322925
pcb4,1,1,bad/054.JPG,12770,0.7127642913077525,0.3892707594690596,0.7974158183241974,0.5171719627006915,7,10.57059097290039,0.029036998748779297,0.6684518013631937,0.08465152701644485,0.12790120323163195
pcb4,1,1,bad/055.JPG,9179,0.9895413443730254,0.6874650038052286,0.9863819588190434,0.770542925669441,6,7.847076416015625,0.05448836088180542,0.7575438596491227,-0.003159385553981986,0.08307792186421248
pcb4,1,1,bad/056.JPG,29107,0.5927440134675508,0.3126818857128762,0.6264472463668533,0.3917316016926492,21,24.510040283203125,0.007979750633239746,0.6117906897723412,0.03370323289930255,0.079049715979773
pcb4,1,1,bad/057.JPG,52866,0.8070593576211553,0.4858519077289423,0.8051866984451254,0.541874971101082,45,44.4189453125,0.030193567276000977,0.6787997159090909,-0.0018726591760299671,0.056023063372139636
pcb4,1,1,bad/058.JPG,4342,0.45416858590511283,0.1879970816302898,0.5667894979272224,0.2275265165823197,4,3.6225662231445312,0.056458503007888794,0.7111940298507462,0.11262091202210961,0.0395294349520299
pcb4,1,1,bad/059.JPG,7883,0.5955854370163643,0.17320976632468746,0.8270962831409362,0.41490496278008754,3,6.647621154785156,-0.003479599952697754,0.5377083333333333,0.23151084612457185,0.24169519645540008
pcb4,1,1,bad/060.JPG,18506,0.6996109369934076,0.29546695784773525,0.6754025721387658,0.3777167120555206,14,15.474014282226562,0.02149626612663269,0.7109920819748486,-0.02420836485464184,0.08224975420778535
pcb4,1,1,bad/061.JPG,6984,0.3095647193585338,0.058569209775773484,0.4639175257731959,0.14837332969266737,2,5.8775634765625,0.024040043354034424,0.6499094202898551,0.1543528064146621,0.08980411991689388
pcb4,1,1,bad/062.JPG,50351,0.8616313479374789,0.5465994075497471,0.8143433099640524,0.575606100743288,43,42.138031005859375,0.05969661474227905,0.7893162393162392,-0.04728803797342651,0.029006693193540878
pcb4,1,1,bad/063.JPG,3025,0.0,0.0,0.5236363636363637,0.22556628022346306,1,2.627593994140625,0.010884612798690796,0.5713383838383839,0.5236363636363637,0.22556628022346306
pcb4,1,1,bad/064.JPG,34722,0.7077933298773113,0.4540214525247089,0.7016876908012212,0.5229042551259171,28,29.13336181640625,0.032849252223968506,0.7180906260809408,-0.006105639076090075,0.06888280260120822
pcb4,1,1,bad/065.JPG,56071,0.6863084303829073,0.3975359887973932,0.7698632091455476,0.47638784463572126,46,46.933807373046875,0.029805660247802734,0.7144121365360304,0.08355477876264028,0.07885185583832804
pcb4,1,1,bad/066.JPG,5046,0.9225128814902893,0.6759297626681062,0.9361870788743559,0.536785377787081,6,4.2501220703125,0.10011419653892517,0.8923611111111112,0.013674197384066611,-0.1391443848810252
pcb4,1,1,bad/067.JPG,5007,0.951068504094268,0.7295333260342608,0.933093668863591,0.7444148645232892,3,4.20947265625,0.07647281885147095,0.8368055555555556,-0.017974835230677,0.0148815384890284
pcb4,1,1,bad/068.JPG,45838,0.7765391160172782,0.5845374126603171,0.8271521445089227,0.7080151006648159,35,38.606903076171875,0.04716190695762634,0.7591958168049044,0.05061302849164451,0.12347768800449876
pcb4,1,1,bad/069.JPG,12432,0.8507078507078507,0.4858662990454095,0.8904440154440154,0.5029339811089336,10,10.36236572265625,0.04198130965232849,0.8208245243128963,0.0397361647361647,0.017067682063524103
pcb4,1,1,bad/070.JPG,35923,0.5768170809787602,0.286108250832898,0.7144726219970492,0.6037771850359479,27,30.208972930908203,0.02457597851753235,0.7160425163762205,0.13765554101828903,0.3176689342030499
pcb4,1,1,bad/071.JPG,15434,0.8201373590773616,0.3229715379029747,0.7018919269146041,0.4762073787898428,11,12.989944458007812,0.029056131839752197,0.7099601593625497,-0.11824543216275751,0.1532358408868681
pcb4,1,1,bad/072.JPG,1204,0.8081395348837209,0.5492818410614113,0.771594684385382,0.6311120487162809,1,1.010040283203125,-0.004798591136932373,0.525,-0.03654485049833889,0.08183020765486959
pcb4,1,1,bad/073.JPG,40760,0.8621197252208047,0.41849317681714115,0.8568449460255152,0.5363597582442767,31,34.29541015625,0.053142040967941284,0.7505947660586836,-0.005274779195289514,0.11786658142713557
pcb4,1,1,bad/074.JPG,16109,0.6915388913029983,0.3091662874526767,0.6980569867775778,0.4279589515407071,5,13.606849670410156,0.01946386694908142,0.6598095238095238,0.006518095474579488,0.11879266408803041
pcb4,1,1,bad/075.JPG,8402,0.8101642466079505,0.4700374351065601,0.8175434420376101,0.5484721698609043,1,7.162971496582031,0.07771778106689453,0.7627776914711824,0.007379195429659591,0.0784347347543442
pcb4,1,1,bad/076.JPG,3932,0.9575279755849441,0.7956374847216625,0.9804170905391658,0.8236878576765847,0,3.3062782287597656,0.21083274483680725,0.8366013071895425,0.022889114954221745,0.028050372954922187
pcb4,1,1,bad/077.JPG,3255,0.9634408602150538,0.5577700701053829,0.9837173579109063,0.5955484599184654,1,2.6939544677734375,0.19036895036697388,0.7545787545787546,0.02027649769585249,0.03777838981308246
pcb4,1,1,bad/078.JPG,9020,0.711529933481153,0.42966051553632717,0.8044345898004435,0.45124545746238603,0,7.581512451171875,0.03340780735015869,0.7540213690266526,0.09290465631929046,0.021584941926058865
pcb4,1,1,bad/079.JPG,37495,0.5850646752900387,0.27309307589385673,0.6976396852913722,0.648160371754238,31,31.500228881835938,0.035758018493652344,0.7439295644114922,0.11257501000133352,0.3750672958603813
pcb4,1,1,bad/080.JPG,21334,0.7076497609449705,0.33886788686103625,0.7712102746789162,0.4052756863224501,16,17.943283081054688,0.04632848501205444,0.7439955106621773,0.06356051373394578,0.06640779946141384
pcb4,1,1,bad/081.JPG,26202,0.5249217616975803,0.3851975291573247,0.5653003587512404,0.6261064897638743,18,22.000022888183594,0.01040080189704895,0.6306532663316583,0.04037859705366009,0.2409089606065496
pcb4,1,1,bad/082.JPG,31604,0.49547525629667133,0.3876299782754057,0.6505505632198456,0.49937978461132543,25,26.621749877929688,0.0130615234375,0.6507142857142857,0.15507530692317428,0.11174980633591974
pcb4,1,1,bad/083.JPG,5662,1.0,0.7272014444971577,1.0,0.8163506725252858,6,4.826171875,-0.017155081033706665,0.48484848484848486,0.0,0.08914922802812808
pcb4,1,1,bad/084.JPG,30811,0.6625880367401252,0.3209512529250787,0.7484664567849145,0.514396903469268,24,26.039676666259766,0.03556936979293823,0.7348214285714285,0.0858784200447893,0.19344565054418933
pcb4,1,1,bad/085.JPG,20166,0.8448874342953486,0.2996828034285857,0.843350193394823,0.3529025718623425,14,16.97974395751953,0.03519308567047119,0.7320312500000001,-0.0015372409005256493,0.05321976843375675
pcb4,1,1,bad/086.JPG,7073,0.9235119468400962,0.08846006967853025,0.8352891276685989,0.67086712274884,4,5.964664459228516,0.046801090240478516,0.7646103896103896,-0.08822281917149732,0.5824070530703097
pcb4,1,1,bad/087.JPG,25708,0.698070639489653,0.4446318508582961,0.7496110160261398,0.3188495454199851,18,21.647602081298828,0.03430148959159851,0.7320388349514564,0.0515403765364868,-0.12578230543831098
pcb4,1,1,bad/088.JPG,47399,0.3427709445346948,0.5203615154963541,0.3261039262431697,0.4705047916877654,39,39.86620330810547,0.00371667742729187,0.5436569386539607,-0.016667018291525115,-0.04985672380858874
pcb4,1,1,bad/089.JPG,39729,0.8807420272345138,0.7443452900920261,0.8654131742555816,0.7658162146233014,30,33.448760986328125,0.062196195125579834,0.7730072463768115,-0.015328852978932161,0.021470924531275304
pcb4,1,1,bad/090.JPG,12576,0.9767016539440203,0.6603326951935481,1.0,0.7683002417692881,9,10.51458740234375,0.03849780559539795,0.756155303030303,0.02329834605597969,0.10796754657574004
pcb4,1,1,bad/091.JPG,6969,1.0,0.8147117358154267,1.0,0.7799093398681147,6,5.82623291015625,0.057912856340408325,0.7948717948717948,0.0,-0.03480239594731194
pcb4,1,1,bad/092.JPG,28720,0.7462743732590529,0.5813514162280249,0.7606894150417828,0.5988359547274519,21,24.14279556274414,0.03888422250747681,0.7364215527480834,0.014415041782729898,0.017484538499426994
pcb4,1,1,bad/093.JPG,5308,0.9615674453654861,0.5852500034343332,0.9442351168048229,0.6354062294263987,4,4.458984375,0.01014968752861023,0.6440972222222222,-0.017332328560663246,0.050156225992065484
pcb4,1,1,bad/094.JPG,5832,0.9302126200274349,0.6470247035655552,0.9195816186556928,0.6527093537038153,5,4.87255859375,0.020837366580963135,0.7118055555555556,-0.01063100137174211,0.005684650138260139
pcb4,1,1,bad/095.JPG,23540,0.7259558198810535,0.4626966240230479,0.893840271877655,0.5788931365454139,18,19.63681411743164,0.01843315362930298,0.6448514630332811,0.1678844519966015,0.11619651252236596
pcb4,1,1,bad/096.JPG,5609,0.8759137101087537,0.45306334094784695,0.8504189695132822,0.33662177015172995,5,4.6480712890625,0.01681828498840332,0.6458333333333334,-0.02549474059547152,-0.116441570796117
pcb4,1,1,bad/097.JPG,30199,0.5891916950892414,0.21892344069020986,0.623331898407232,0.27293632636915865,20,25.494869232177734,0.02180314064025879,0.6712075733087047,0.034140203317990614,0.0540128856789488
pcb4,1,1,bad/098.JPG,29139,0.5484745530045644,0.3414628921752926,0.6101444799066543,0.39674005091519043,18,24.530120849609375,0.0217801034450531,0.6710416666666666,0.061669926902089944,0.05527715873989786
pcb4,1,1,bad/099.JPG,5639,0.9998226635928356,0.6486599278814176,0.9840397233552048,0.5964111435119862,6,4.6434478759765625,0.048678845167160034,0.7142857142857143,-0.015782940237630716,-0.05224878436943137
pcb4,1,2,bad/000.JPG,41643,0.7877914655524337,0.7116686772532568,0.7470643325408832,0.6979703085704605,33,34.90165710449219,0.03954228758811951,0.7196808510638297,-0.04072713301155051,-0.01369836868279628
pcb4,1,2,bad/001.JPG,30863,0.7225480348637527,0.63670589075116,0.7990474030392379,0.7486151574498701,25,26.060317993164062,0.046789199113845825,0.7961309523809524,0.0764993681754852,0.11190926669871004
pcb4,1,2,bad/002.JPG,39048,0.39656320426142183,0.573772980539233,0.48512087686949396,0.6023760418028841,31,32.683448791503906,0.05117058753967285,0.7355421173664934,0.08855767260807212,0.028603061263651086
pcb4,1,2,bad/003.JPG,15000,0.858,0.33204294676610463,0.7835333333333333,0.43949082060683636,8,12.510299682617188,0.04936978220939636,0.7549563838223632,-0.07446666666666668,0.10744787384073173
pcb4,1,2,bad/004.JPG,39939,0.5586519442149278,0.5660063185821993,0.6593054407972158,0.6852783303569112,37,33.406333923339844,0.02724325656890869,0.6987496365222448,0.10065349658228795,0.11927201177471192
pcb4,1,2,bad/005.JPG,3188,0.7129861982434128,0.3939310258685155,0.937892095357591,0.6228319036479142,2,2.6531982421875,0.04600071907043457,0.6161616161616161,0.2249058971141782,0.22890087777939866
pcb4,1,2,bad/006.JPG,25986,0.8093588855537597,0.6769015315645068,0.8552297390902793,0.6954186055537581,22,21.908477783203125,0.056320756673812866,0.7901709401709403,0.04587085353651965,0.018517073989251287
pcb4,1,2,bad/007.JPG,4272,0.7825374531835206,0.36294784098564653,0.8876404494382022,0.6015250618569624,2,3.611949920654297,0.039413005113601685,0.6681818181818183,0.10510299625468156,0.2385772208713159
pcb4,1,2,bad/008.JPG,6558,1.0,0.968080923638265,1.0,0.9821268549315901,5,5.46429443359375,0.1841229498386383,0.8680555555555556,0.0,0.014045931293325098
pcb4,1,2,bad/009.JPG,25028,0.7684193703052581,0.12680159345155198,0.7811251398433754,0.32257089604748995,17,21.097618103027344,0.03213220834732056,0.7253266331658291,0.012705769538117306,0.19576930259593797
pcb4,1,2,bad/010.JPG,24121,0.8813482028108287,0.7142352874625377,0.932921520666639,0.7286671227893154,18,20.209285736083984,0.05627027153968811,0.8085735402808574,0.05157331785581032,0.01443183532677772
pcb4,1,2,bad/011.JPG,10161,1.0,0.9284724156059176,1.0,0.9220345635673274,8,8.489936828613281,0.17138725519180298,0.9158163265306122,0.0,-0.006437852038590264
pcb4,1,2,bad/012.JPG,5298,0.8720271800679502,0.3987667009999649,0.9144960362400906,0.47893405798145194,4,4.4952392578125,0.033921897411346436,0.7160493827160495,0.04246885617214036,0.08016735698148703
pcb4,1,2,bad/013.JPG,15090,0.8587143803843605,0.5034855795772358,0.8508946322067594,0.5899421239027127,9,12.780132293701172,0.0680064857006073,0.8268,-0.007819748177601116,0.08645654432547689
pcb4,1,2,bad/014.JPG,15318,0.8696305000652826,0.8638421934534527,0.7914218566392479,0.7053394996267117,9,12.847225189208984,0.05600464344024658,0.768882395909423,-0.07820864342603473,-0.15850269382674098
pcb4,1,2,bad/015.JPG,5640,0.9936170212765958,0.793996014415796,0.9921985815602837,0.8042316904257569,3,4.7398529052734375,0.11642828583717346,0.8671328671328672,-0.0014184397163120588,0.010235676009960892
pcb4,1,2,bad/016.JPG,21670,0.720719889247808,0.25557434712981925,0.6911398246423627,0.4338049941825643,15,18.162822723388672,0.030961692333221436,0.7405437352245863,-0.029580064605445378,0.17823064705274505
pcb4,1,2,bad/017.JPG,27157,0.728615090032036,0.18689591215035622,0.882129837610929,0.35125449072790954,23,22.856689453125,0.0762464702129364,0.8032554074721433,0.15351474757889305,0.16435857857755332
pcb4,1,2,bad/018.JPG,10410,0.9984630163304515,0.7986670326767193,0.9927953890489913,0.7701451691337102,8,8.749427795410156,0.08416277170181274,0.7881944444444445,-0.005667627281460197,-0.02852186354300912
pcb4,1,2,bad/019.JPG,40981,0.725799760864791,0.41089164350410007,0.7355603816402724,0.43480317645415517,30,34.41836929321289,0.035726696252822876,0.7302477793361384,0.009760620775481343,0.023911532950055103
pcb4,1,2,bad/020.JPG,7706,0.9635349078640021,0.7036100271632196,0.9639242148974825,0.7199325380581904,7,6.382816314697266,0.11591118574142456,0.7747252747252746,0.00038930703348039053,0.01632251089497072
pcb4,1,2,bad/021.JPG,5009,1.0,0.8823895078149099,1.0,0.956957857440802,4,4.199146270751953,0.10089361667633057,0.8203463203463204,0.0,0.0745683496258921
pcb4,1,2,bad/022.JPG,6397,0.5425980928560262,0.6239382078052166,0.5507269032358918,0.7352905219859768,3,5.382068634033203,0.01544862985610962,0.6207729468599034,0.00812881037986557,0.11135231418076019
pcb4,1,2,bad/023.JPG,12841,0.9391791916517405,0.6963210894564529,0.9098979830231291,0.6846711213945786,10,10.765243530273438,0.0797075629234314,0.9112343966712899,-0.029281208628611388,-0.011649968061874239
pcb4,1,2,bad/024.JPG,13012,0.832616046726099,0.45850701989290177,0.8370734706424838,0.5149032119524249,8,11.009986877441406,0.06547567248344421,0.8407451923076923,0.004457423916384817,0.056396192059523176
pcb4,1,2,bad/025.JPG,8560,0.9961448598130841,0.791699675185743,1.0,0.8579422384739618,6,7.219390869140625,0.15317222476005554,0.8712418300653595,0.0038551401869159063,0.06624256328821876
pcb4,1,2,bad/026.JPG,8292,1.0,0.8416819718349208,0.9943318861553304,0.743231314770569,6,6.949253082275391,0.10417795181274414,0.8393825615352525,-0.005668113844669587,-0.09845065706435174
pcb4,1,2,bad/027.JPG,10519,0.9753778876319041,0.8851885174000426,0.9951516303831163,0.8803166434350997,8,8.87729263305664,0.20684432983398438,0.9202614379084967,0.01977374275121213,-0.004871873964942819
pcb4,1,2,bad/028.JPG,8842,0.9944582673603257,0.8737583965406789,0.982470029405112,0.8358101194774671,7,7.397701263427734,0.16681087017059326,0.8875000000000001,-0.011988237955213754,-0.0379482770632118
pcb4,1,2,bad/029.JPG,10211,0.9774752717657428,0.74715631523914,0.9085300166487121,0.7836800556828747,7,8.724517822265625,0.09007582068443298,0.8018181818181818,-0.06894525511703065,0.03652374044373474
pcb4,1,2,bad/030.JPG,3202,0.7976264834478451,0.5064390485787836,1.0,0.7756079959742085,3,2.662841796875,0.11542540788650513,0.7583333333333333,0.20237351655215485,0.26916894739542485
pcb4,1,2,bad/031.JPG,40870,0.46253976021531684,0.627240769349498,0.46630780523611454,0.6441494117212917,37,34.27543640136719,0.01691383123397827,0.6420159554261112,0.0037680450207976945,0.01690864237179368
pcb4,1,2,bad/032.JPG,5402,1.0,0.9862749116602193,1.0,0.9971305896688889,4,4.5205230712890625,0.16600742936134338,0.9753086419753085,0.0,0.0108556780086696
pcb4,1,2,bad/033.JPG,14868,0.9024078557976863,0.49625402335084756,0.9042238364272263,0.4762365792820609,6,12.48419189453125,0.033459872007369995,0.7197716658017643,0.001815980629539915,-0.02001744406878664
pcb4,1,2,bad/034.JPG,41408,0.2461118624420402,0.48949130265283997,0.31271734930448225,0.5024109531604734,31,34.71558380126953,0.02729693055152893,0.7122464312546957,0.06660548686244205,0.012919650507633385
pcb4,1,2,bad/035.JPG,23762,0.7862132817102937,0.3083536847159334,0.8121791095025671,0.31685857482523905,15,20.021602630615234,0.07577383518218994,0.7958180484225972,0.02596582779227341,0.008504890109305663
pcb4,1,2,bad/036.JPG,9215,0.992078133478025,0.8064388804402401,0.9965274009766685,0.9495693920296018,6,7.699005126953125,0.14085206389427185,0.7967451523545707,0.004449267498643494,0.14313051158936163
pcb4,1,2,bad/037.JPG,5142,0.9998055231427461,0.5459056455725245,0.9982497082847142,0.4932327367059001,3,4.341991424560547,0.23182278871536255,0.9032679738562093,-0.001555814858031912,-0.0526729088666244
pcb4,1,2,bad/038.JPG,2940,0.9387755102040817,0.8251970227259803,1.0,0.9633549999101265,2,2.4901809692382812,0.12625211477279663,0.6822916666666667,0.061224489795918324,0.13815797718414624
pcb4,1,2,bad/039.JPG,31984,0.7994622311155578,0.7706121660282808,0.7531890945472737,0.7740577164462326,25,26.78582000732422,0.03078332543373108,0.7339869281045752,-0.046273136568284134,0.0034455504179518037
pcb4,1,2,bad/040.JPG,43287,0.4034467623073902,0.3166642211559957,0.4670917365490794,0.3534824909723619,38,36.36279296875,0.0100327730178833,0.6180555555555556,0.06364497424168919,0.03681826981636621
pcb4,1,2,bad/041.JPG,8140,1.0,0.9496690080645659,1.0,0.9772520655768768,6,6.836669921875,0.250153124332428,0.9214285714285715,0.0,0.027583057512310938
pcb4,1,2,bad/042.JPG,26614,0.8068685654166979,0.5078034312081731,0.7664011422559555,0.48826428167877717,23,22.407745361328125,0.02638775110244751,0.6946459412780657,-0.04046742316074248,-0.019539149529395894
pcb4,1,2,bad/043.JPG,5359,0.9596939727561112,0.7410492477590365,1.0,0.9038960853159834,4,4.4996337890625,0.2648063898086548,0.8028806584362139,0.040306027243888765,0.16284683755694696
pcb4,1,2,bad/044.JPG,8220,0.9908759124087592,0.8143834230580551,1.0,0.8792769210554983,7,6.923805236816406,0.061908841133117676,0.8408572731418149,0.009124087591240837,0.06489349799744315
pcb4,1,2,bad/045.JPG,41595,0.9059021517009256,0.7517179990516312,0.793172256280803,0.7761408502849106,36,34.9740104675293,0.05284392833709717,0.8263904871499809,-0.11272989542012257,0.024422851233279474
pcb4,1,2,bad/046.JPG,1247,0.05292702485966319,0.0008469776914043169,0.5878107457898958,0.19407554120896175,0,1.09185791015625,0.046972066164016724,0.8208333333333333,0.5348837209302326,0.19322856351755743
pcb4,1,2,bad/047.JPG,32030,0.479675304402123,0.25599161288903566,0.5915704027474243,0.4652660319941948,27,27.055492401123047,0.009197324514389038,0.6490983083306735,0.11189509834530131,0.20927441910515915
pcb4,1,2,bad/048.JPG,11341,0.8966581430208976,0.527041508361432,0.8935719954148664,0.49249141547006836,6,9.66796875,0.021388649940490723,0.7221192052980132,-0.0030861476060312087,-0.03455009289136368
pcb4,1,2,bad/049.JPG,43033,0.7002997699439965,0.4742227191391507,0.8304324588106802,0.7060311453582604,38,36.2508544921875,0.048497021198272705,0.7836295808646039,0.13013268886668372,0.2318084262191097
pcb4,1,2,bad/050.JPG,39962,0.7427305940643611,0.4176274198437907,0.7860967919523547,0.5095946043940731,31,33.363250732421875,0.03626963496208191,0.7397022332506203,0.04336619788799356,0.09196718455028241
pcb4,1,2,bad/051.JPG,8713,0.34098473545277175,0.0794635800044662,0.41730747159416964,0.12546883600815212,5,7.285400390625,0.02468651533126831,0.6621301775147929,0.0763227361413979,0.04600525600368592
pcb4,1,2,bad/052.JPG,48945,0.8229441209520891,0.2256904677951587,0.8441311676371437,0.23913196648630278,37,41.19390869140625,0.03971034288406372,0.7298202614379086,0.021187046685054556,0.013441498691144083
pcb4,1,2,bad/053.JPG,52344,0.6752254317591319,0.37114916632386447,0.7183058230169647,0.5532654241532218,39,44.020477294921875,0.04417210817337036,0.7587331559522787,0.043080391257832806,0.1821162578293573
pcb4,1,2,bad/054.JPG,12770,0.6715740015661708,0.38045388072384667,0.9078308535630384,0.5356739586485952,7,10.57059097290039,0.031224042177200317,0.7176241480038948,0.23625685199686763,0.15522007792474857
pcb4,1,2,bad/055.JPG,9179,0.9966227257871227,0.7596821695154304,0.9693866434252097,0.659784990741065,6,7.847076416015625,0.08101126551628113,0.7954385964912281,-0.027236082361912994,-0.09989717877436544
pcb4,1,2,bad/056.JPG,29107,0.6283711821898512,0.29199233213825004,0.6357920775071288,0.3730857821305586,21,24.510040283203125,0.018120527267456055,0.6605504587155964,0.0074208953172776315,0.08109344999230855
pcb4,1,2,bad/057.JPG,52866,0.8301365717096054,0.4958578175699108,0.8063027276510423,0.5285845145098652,45,44.4189453125,0.03628802299499512,0.7548532196969697,-0.023833844058563147,0.03272669693995439
pcb4,1,2,bad/058.JPG,4342,0.6890833717181023,0.2834044921506665,0.6294334408106863,0.22367073722005615,4,3.6225662231445312,0.07549464702606201,0.7873134328358208,-0.05964993090741599,-0.05973375493061034
pcb4,1,2,bad/059.JPG,7883,0.6853989597868831,0.21774048962187853,0.8156793099073957,0.3462765054181461,3,6.647621154785156,0.018364906311035156,0.6291666666666667,0.13028035012051253,0.12853601579626756
pcb4,1,2,bad/060.JPG,18506,0.6994488274073274,0.31959610821881845,0.7326812925537664,0.37327269386071954,14,15.474014282226562,0.023913979530334473,0.7054028877503493,0.03323246514643896,0.05367658564190109
pcb4,1,2,bad/061.JPG,6984,0.34507445589919816,0.07933236277933124,0.5607101947308133,0.1749360184295498,2,5.8775634765625,0.043686747550964355,0.7246376811594203,0.21563573883161513,0.09560365565021857
pcb4,1,2,bad/062.JPG,50351,0.8845305952215448,0.5440686742529125,0.8196460844869019,0.5795582094286544,43,42.138031005859375,0.054597407579422,0.7990598290598291,-0.06488451073464285,0.03548953517574194
pcb4,1,2,bad/063.JPG,3025,0.15008264462809917,0.023728149694135645,0.4542148760330578,0.18932525541285328,1,2.627593994140625,0.03573441505432129,0.6843434343434344,0.30413223140495865,0.16559710571871764
pcb4,1,2,bad/064.JPG,34722,0.8104083866136743,0.4652660908702753,0.7194862047117102,0.47143612936386803,28,29.13336181640625,0.027599692344665527,0.7305430646835005,-0.0909221819019641,0.006170038493592711
pcb4,1,2,bad/065.JPG,56071,0.7587522961958945,0.43748851818558926,0.8011806459667208,0.4889172471168578,46,46.933807373046875,0.04088258743286133,0.7266118836915297,0.042428349770826324,0.05142872893126854
pcb4,1,2,bad/066.JPG,5046,0.985731272294887,0.8096359758114854,0.9976218787158145,0.6989857067917293,6,4.2501220703125,0.12384095788002014,0.8802083333333333,0.01189060642092754,-0.11065026901975605
pcb4,1,2,bad/067.JPG,5007,0.999800279608548,0.7430506366828848,1.0,0.6708149775643574,3,4.20947265625,0.08576837182044983,0.8454861111111112,0.00019972039145199627,-0.07223565911852747
pcb4,1,2,bad/068.JPG,45838,0.8087612897595882,0.6187352897711176,0.7705179109036171,0.6714209156877365,35,38.606903076171875,0.03347724676132202,0.7585647313379013,-0.038243378855971066,0.05268562591661896
pcb4,1,2,bad/069.JPG,12432,0.8592342342342343,0.5268871385232494,0.8819980694980695,0.4732114732749368,10,10.36236572265625,0.04089963436126709,0.8329809725158563,0.022763835263835186,-0.05367566524831263
pcb4,1,2,bad/070.JPG,35923,0.7229351668847257,0.48018691235258465,0.7253291762937394,0.607813580062487,27,30.208972930908203,0.033791035413742065,0.7667161043134346,0.0023940094090136865,0.12762666770990233
pcb4,1,2,bad/071.JPG,15434,0.8754049501101464,0.37498908746809295,0.7959051444861993,0.51911915148139,11,12.989944458007812,0.04852575063705444,0.7816733067729084,-0.0794998056239471,0.14413006401329703
pcb4,1,2,bad/072.JPG,1204,0.7533222591362126,0.45878175064978155,0.7848837209302325,0.6596393588624191,1,1.010040283203125,0.0024427175521850586,0.5208333333333334,0.03156146179401986,0.20085760821263754
pcb4,1,2,bad/073.JPG,40760,0.8982826300294406,0.3666076031678703,0.8767909715407262,0.516290621202153,31,34.29541015625,0.0527382493019104,0.7779540047581284,-0.021491658488714482,0.1496830180342827
pcb4,1,2,bad/074.JPG,16109,0.762679247625551,0.3474338539340204,0.7783226767645416,0.5114350682246106,5,13.606849670410156,0.02674981951713562,0.709047619047619,0.01564342913899064,0.16400121429059022
pcb4,1,2,bad/075.JPG,8402,0.8127826707926684,0.45360212395844096,0.8174244227564865,0.5374281805834017,1,7.162971496582031,0.08571803569793701,0.8031691781885971,0.004641751963818108,0.08382605662496073
pcb4,1,2,bad/076.JPG,3932,0.9443031536113937,0.8144266436284139,0.9778738555442523,0.8602639137301684,0,3.3062782287597656,0.1866089105606079,0.8338779956427015,0.033570701932858604,0.045837270101754535
pcb4,1,2,bad/077.JPG,3255,0.956989247311828,0.5537027998835121,0.985867895545315,0.5995393517691486,1,2.6939544677734375,0.2153315544128418,0.7435897435897436,0.02887864823348696,0.04583655188563651
pcb4,1,2,bad/078.JPG,9020,0.7208425720620842,0.4140100928944465,0.8009977827050998,0.4525326659842324,0,7.581512451171875,0.05068802833557129,0.7807913584595515,0.08015521064301556,0.038522573089785905
pcb4,1,2,bad/079.JPG,37495,0.8008001066808907,0.48813084113208727,0.7094545939458594,0.6129854548805121,31,31.500228881835938,0.047513365745544434,0.775625579240037,-0.09134551273503133,0.12485461374842488
pcb4,1,2,bad/080.JPG,21334,0.8002249929689698,0.2749668774177792,0.7823661760569982,0.34634966460441735,16,17.943283081054688,0.04894796013832092,0.7475869809203143,-0.017858816911971553,0.07138278718663815
pcb4,1,2,bad/081.JPG,26202,0.6478894740859477,0.2511616861258943,0.5714830928936723,0.6166668697671386,18,22.000022888183594,0.019605815410614014,0.6506490787269681,-0.07640638119227539,0.3655051836412443
pcb4,1,2,bad/082.JPG,31604,0.4502278192633844,0.35657792087446083,0.5384761422604734,0.4307145108129352,25,26.621749877929688,0.011073201894760132,0.6460714285714286,0.08824832299708896,0.07413658993847438
pcb4,1,2,bad/083.JPG,5662,1.0,0.6478860536631661,1.0,0.7590698077799449,6,4.826171875,0.0018937289714813232,0.5,0.0,0.11118375411677883
pcb4,1,2,bad/084.JPG,30811,0.6981922040829573,0.3281312760860952,0.7327253253708091,0.45535970003626425,24,26.039676666259766,0.045256584882736206,0.760515873015873,0.0345331212878518,0.12722842395016903
pcb4,1,2,bad/085.JPG,20166,0.7972825547951998,0.2588808063787752,0.8722602400079341,0.3209936533640365,14,16.97974395751953,0.03716328740119934,0.7377604166666667,0.07497768521273429,0.062112846985261316
pcb4,1,2,bad/086.JPG,7073,0.9301569348225647,0.08258650180900212,0.992506715679344,0.7584206829112258,4,5.964664459228516,0.05658060312271118,0.8046536796536796,0.062349780856779335,0.6758341811022237
pcb4,1,2,bad/087.JPG,25708,0.6786603391940252,0.38757189363944494,0.7722887817021938,0.27861645630269793,18,21.647602081298828,0.042104244232177734,0.7420711974110032,0.0936284425081686,-0.10895543733674701
pcb4,1,2,bad/088.JPG,47399,0.32743306820819007,0.4586226685687789,0.31310787147408176,0.43076443987543234,39,39.86620330810547,0.017185091972351074,0.6371054198927932,-0.014325196734108314,-0.027858228693346587
pcb4,1,2,bad/089.JPG,39729,0.8484734073346926,0.7114471904887217,0.8464094238465605,0.728717036640697,30,33.448760986328125,0.08223062753677368,0.8097826086956522,-0.0020639834881320818,0.017269846151975243
pcb4,1,2,bad/090.JPG,12576,0.9715330788804071,0.6874575274631629,1.0,0.7247143618514488,9,10.51458740234375,0.047708481550216675,0.8214962121212122,0.028466921119592925,0.037256834388285864
pcb4,1,2,bad/091.JPG,6969,1.0,0.7641852713164662,1.0,0.8072369738782385,6,5.82623291015625,0.08776059746742249,0.8440170940170939,0.0,0.043051702561772265
pcb4,1,2,bad/092.JPG,28720,0.7334610027855153,0.5197436433036567,0.7422353760445682,0.47003060731988694,21,24.14279556274414,0.03332662582397461,0.7462477054313789,0.008774373259052948,-0.049713035983769804
pcb4,1,2,bad/093.JPG,5308,0.9583647324792766,0.541698227835816,0.9998116051243406,0.6253694117774287,4,4.458984375,0.015461534261703491,0.6354166666666667,0.04144687264506408,0.08367118394161266
pcb4,1,2,bad/094.JPG,5832,0.975480109739369,0.6828988248846896,0.9684499314128944,0.688258636112354,5,4.87255859375,0.016511529684066772,0.6493055555555556,-0.007030178326474679,0.0053598112276644905
pcb4,1,2,bad/095.JPG,23540,0.7526338147833475,0.49919448518805115,0.744052676295667,0.44038128869555976,18,19.63681411743164,0.007402241230010986,0.5787357605539424,-0.008581138487680495,-0.05881319649249139
pcb4,1,2,bad/096.JPG,5609,0.5421643786771261,0.1692577532106935,0.5325369941165983,0.15585765438783017,5,4.6480712890625,0.027771055698394775,0.6614583333333334,-0.009627384560527807,-0.013400098822863332
pcb4,1,2,bad/097.JPG,30199,0.6300870889764562,0.21891748996601568,0.5944898837709858,0.2467473728521999,20,25.494869232177734,0.033799946308135986,0.7273916724390057,-0.035597205205470384,0.02782988288618421
pcb4,1,2,bad/098.JPG,29139,0.47060640378873675,0.21809471745188025,0.6322797625175881,0.2981370544073122,18,24.530120849609375,0.019829154014587402,0.675,0.16167335872885136,0.08004233695543195
pcb4,1,2,bad/099.JPG,5639,1.0,0.6689017340076716,0.9898918247916297,0.6162435928875626,6,4.6434478759765625,0.0781007707118988,0.753968253968254,-0.010108175208370263,-0.052658141120109025
pcb4,4,0,bad/000.JPG,41643,0.850563119852076,0.7707613592685433,0.8041207405806499,0.7591040693060989,33,34.90165710449219,0.03650403022766113,0.7643617021276595,-0.04644237927142614,-0.011657289962444417
pcb4,4,0,bad/001.JPG,30863,0.8125587272786184,0.7190362116336392,0.8427891002170884,0.8017102996108807,25,26.060317993164062,0.05316734313964844,0.8161139455782312,0.030230372938469974,0.08267408797724152
pcb4,4,0,bad/002.JPG,39048,0.4236580618725671,0.6032903460788152,0.5904015570579799,0.6580004121557567,31,32.683448791503906,0.059844255447387695,0.7973767140788689,0.16674349518541282,0.05471006607694151
pcb4,4,0,bad/003.JPG,15000,0.8582666666666666,0.3664551016834894,0.8007333333333333,0.41599245294109666,8,12.510299682617188,0.05107778310775757,0.7702881311128734,-0.057533333333333325,0.049537351257607276
pcb4,4,0,bad/004.JPG,39939,0.7561280953454017,0.6487434150091118,0.7077042489796941,0.7226741834753694,37,33.406333923339844,0.034124135971069336,0.7761946302219638,-0.04842384636570762,0.07393076846625757
pcb4,4,0,bad/005.JPG,3188,0.7176913425345044,0.3388301256243854,0.939146800501882,0.66632725461862,2,2.6531982421875,0.04651010036468506,0.8308080808080809,0.22145545796737764,0.32749712899423455
pcb4,4,0,bad/006.JPG,25986,0.976102516739783,0.7633424693103052,0.9457015315939352,0.7847625536095004,22,21.908477783203125,0.03861534595489502,0.8371794871794872,-0.03040098514584777,0.021420084299195175
pcb4,4,0,bad/007.JPG,4272,0.8316947565543071,0.38251443561453424,0.9770599250936329,0.6701809038884102,2,3.611949920654297,0.03496599197387695,0.677807486631016,0.1453651685393258,0.287666468273876
pcb4,4,0,bad/008.JPG,6558,1.0,0.9696093008221697,1.0,0.9906442498682955,5,5.46429443359375,0.1828894019126892,0.9335317460317459,0.0,0.021034949046125795
pcb4,4,0,bad/009.JPG,25028,0.7867987853603964,0.15601183666267565,0.7785280485855841,0.28055375893294027,17,21.097618103027344,0.03661245107650757,0.7529648241206031,-0.00827073677481227,0.12454192227026462
pcb4,4,0,bad/010.JPG,24121,0.9197794452966295,0.7140392922582114,0.9819244641598607,0.8002822473661151,18,20.209285736083984,0.0469210147857666,0.8466371027346637,0.062145018863231205,0.0862429551079037
pcb4,4,0,bad/011.JPG,10161,1.0,0.9452603342212174,1.0,0.9588729438792967,8,8.489936828613281,0.14969640970230103,0.9413265306122449,0.0,0.013612609658079311
pcb4,4,0,bad/012.JPG,5298,0.9898074745186863,0.6358147154735363,0.9379010947527369,0.6288995984399768,4,4.4952392578125,0.05004832148551941,0.8024691358024691,-0.05190637976594947,-0.006915117033559515
pcb4,4,0,bad/013.JPG,15090,0.8936381709741551,0.5373758347766375,0.8742213386348575,0.6295263458474498,9,12.780132293701172,0.05831149220466614,0.854,-0.019416832339297585,0.09215051107081229
pcb4,4,0,bad/014.JPG,15318,0.8429298864081473,0.8135374466326795,0.83346389868129,0.6864027361830949,9,12.847225189208984,0.05745953321456909,0.7634769905040175,-0.00946598772685725,-0.12713471044958458
pcb4,4,0,bad/015.JPG,5640,1.0,0.8915587144872813,1.0,0.8748190459323932,3,4.7398529052734375,0.10416066646575928,0.8986013986013985,0.0,-0.016739668554888065
pcb4,4,0,bad/016.JPG,21670,0.8470235348407937,0.312245962149758,0.7241808952468851,0.4715427580978272,15,18.162822723388672,0.03408026695251465,0.7483451536643027,-0.12284263959390862,0.15929679594806917
pcb4,4,0,bad/017.JPG,27157,0.8286629598261959,0.2619190617057507,0.9175903082078285,0.3858115261387549,23,22.856689453125,0.07736429572105408,0.8335154031024689,0.08892734838163263,0.12389246443300422
pcb4,4,0,bad/018.JPG,10410,0.9994236311239193,0.8561541865135288,0.9993275696445725,0.840917546763916,8,8.749427795410156,0.08898714184761047,0.8239087301587301,-9.606147934682063e-05,-0.015236639749612868
pcb4,4,0,bad/019.JPG,40981,0.8456113808838243,0.5436400936251635,0.7883165369317489,0.5866405825348183,30,34.41836929321289,0.04805746674537659,0.7983870967741935,-0.0572948439520754,0.0430004889096548
pcb4,4,0,bad/020.JPG,7706,0.8362315079159097,0.5710864664194324,0.9958473916428757,0.7780594844209068,7,6.382816314697266,0.06342080235481262,0.8113553113553114,0.159615883726966,0.20697301800147438
pcb4,4,0,bad/021.JPG,5009,1.0,0.9334357889452463,1.0,0.9771012483323157,4,4.199146270751953,0.09515911340713501,0.8571428571428572,0.0,0.04366545938706945
pcb4,4,0,bad/022.JPG,6397,0.9412224480225105,0.7151745691019623,0.9168360168829138,0.8380258322112529,3,5.382068634033203,0.02717512845993042,0.7355072463768115,-0.02438643113959671,0.12285126310929062
pcb4,4,0,bad/023.JPG,12841,0.9651896269760922,0.7424714996048849,0.9536640448563196,0.7998976930040849,10,10.765243530273438,0.061939895153045654,0.8955154877484974,-0.011525582119772615,0.057426193399199965
pcb4,4,0,bad/024.JPG,13012,0.9507377805102982,0.5622314795247368,0.942514601905933,0.6733257778432372,8,11.009986877441406,0.06860634684562683,0.8727964743589743,-0.008223178604365278,0.11109429831850037
pcb4,4,0,bad/025.JPG,8560,1.0,0.8479793459696026,0.9992990654205608,0.8955317784222624,6,7.219390869140625,0.1363106667995453,0.8908496732026143,-0.0007009345794392052,0.04755243245265983
pcb4,4,0,bad/026.JPG,8292,1.0,0.8267354289013096,1.0,0.809754594590954,6,6.949253082275391,0.11966478824615479,0.8510638297872339,0.0,-0.016980834310355575
pcb4,4,0,bad/027.JPG,10519,0.9977184142979371,0.8964238640002103,1.0,0.9012920963810346,8,8.87729263305664,0.183241069316864,0.9313725490196078,0.002281585702062938,0.004868232380824233
pcb4,4,0,bad/028.JPG,8842,0.9972856819724044,0.9269525338151643,0.9976249717258538,0.9489997211052356,7,7.397701263427734,0.1710616946220398,0.8909722222222222,0.00033928975344943435,0.02204718729007127
pcb4,4,0,bad/029.JPG,10211,0.9338948193125062,0.7780146897212264,0.9215551855841739,0.8122898368478711,7,8.724517822265625,0.06997117400169373,0.8537662337662337,-0.012339633728332244,0.0342751471266447
pcb4,4,0,bad/030.JPG,3202,0.9834478450968145,0.599280163889589,1.0,0.7737096344724897,3,2.662841796875,0.1125430166721344,0.7666666666666666,0.016552154903185512,0.1744294705829007
pcb4,4,0,bad/031.JPG,40870,0.5304869097137265,0.6532488058794247,0.5263029116711524,0.6699621743920161,37,34.27543640136719,0.01793205738067627,0.6888691908319615,-0.0041839980425740775,0.01671336851259142
pcb4,4,0,bad/032.JPG,5402,1.0,0.9946945673390369,1.0,0.9967972078554523,4,4.5205230712890625,0.17637485265731812,0.9938271604938271,0.0,0.0021026405164153994
pcb4,4,0,bad/033.JPG,14868,0.8469868173258004,0.4309065409665354,0.89924670433145,0.4919800561961146,6,12.48419189453125,0.022751986980438232,0.6613907628437986,0.05225988700564965,0.06107351522957921
pcb4,4,0,bad/034.JPG,41408,0.4273811823802164,0.517299495310567,0.3655090803709428,0.517740963891314,31,34.71558380126953,0.026241451501846313,0.7570748810418232,-0.061872102009273566,0.00044146858074700646
pcb4,4,0,bad/035.JPG,23762,0.7410571500715428,0.2583762563960193,0.8097803215217574,0.2830994143015446,15,20.021602630615234,0.05605804920196533,0.8161408657373441,0.06872317145021456,0.024723157905525317
pcb4,4,0,bad/036.JPG,9215,0.9888225718936516,0.7158234868692437,0.9984807379272924,0.924169338189377,6,7.699005126953125,0.14339929819107056,0.7905124653739612,0.00965816603364078,0.20834585132013328
pcb4,4,0,bad/037.JPG,5142,0.9998055231427461,0.5220326273834487,0.9982497082847142,0.49289857251062175,3,4.341991424560547,0.24227267503738403,0.9320261437908497,-0.001555814858031912,-0.029134054872826942
pcb4,4,0,bad/038.JPG,2940,0.9363945578231293,0.8281406563352794,1.0,0.9874257969231515,2,2.4901809692382812,0.08936294913291931,0.6527777777777778,0.0636054421768707,0.15928514058787202
pcb4,4,0,bad/039.JPG,31984,0.9031703351675838,0.8094174560604269,0.7912393696848424,0.7905348440983375,25,26.78582000732422,0.040840357542037964,0.7700653594771241,-0.1119309654827414,-0.018882611962089402
pcb4,4,0,bad/040.JPG,43287,0.44851803081756647,0.3337818410026678,0.46928639083327556,0.3930116626802302,38,36.36279296875,0.003973960876464844,0.5515689300411523,0.020768360015709086,0.05922982167756241
pcb4,4,0,bad/041.JPG,8140,1.0,0.9428695566737663,1.0,0.9894872954352704,6,6.836669921875,0.20570790767669678,0.9357142857142857,0.0,0.0466177387615041
pcb4,4,0,bad/042.JPG,26614,0.8057037649357481,0.49208287108170295,0.8019463440294582,0.48382417739609923,23,22.407745361328125,0.02958524227142334,0.708923431203224,-0.0037574209062899433,-0.008258693685603724
pcb4,4,0,bad/043.JPG,5359,0.9582011569322635,0.7385696661098203,1.0,0.9056072474488963,4,4.4996337890625,0.25908806920051575,0.8259259259259258,0.04179884306773651,0.16703758133907598
pcb4,4,0,bad/044.JPG,8220,0.9804136253041362,0.7717830346594625,1.0,0.8781026887311629,7,6.923805236816406,0.06208997964859009,0.8549931600547196,0.019586374695863773,0.10631965407170041
pcb4,4,0,bad/045.JPG,41595,0.9412910205553552,0.7249413819733926,0.8774371919701888,0.7544106137097545,36,34.9740104675293,0.051110804080963135,0.8592251630226314,-0.06385382858516642,0.029469231736361845
pcb4,4,0,bad/046.JPG,1247,0.6054530874097834,0.054478654032297555,0.8075380914194066,0.34873474625897466,0,1.09185791015625,0.047291576862335205,0.9125,0.20208500400962315,0.2942560922266771
pcb4,4,0,bad/047.JPG,32030,0.5657820793006556,0.2960891173994535,0.6506400249765845,0.5715379961791748,27,27.055492401123047,0.016682058572769165,0.6997286945419725,0.08485794567592886,0.2754488787797213
pcb4,4,0,bad/048.JPG,11341,0.9631425800193987,0.6164356683756963,0.9441848161537784,0.6025830873584835,6,9.66796875,0.019154250621795654,0.7125827814569536,-0.018957763865620314,-0.013852581017212762
pcb4,4,0,bad/049.JPG,43033,0.8073106685566891,0.4706271091691211,0.8482327516092302,0.7555185158106444,38,36.2508544921875,0.0518513023853302,0.815229317533465,0.04092208305254108,0.28489140664152335
pcb4,4,0,bad/050.JPG,39962,0.7686051749161703,0.38857804229564374,0.8005104849607126,0.4851218058663795,31,33.363250732421875,0.033174484968185425,0.7495285359801489,0.031905310044542334,0.09654376357073574
pcb4,4,0,bad/051.JPG,8713,0.6636061058188913,0.21320579376808813,0.7897394697578332,0.2989489990224256,5,7.285400390625,0.02438768744468689,0.7686390532544378,0.1261333639389418,0.08574320525433748
pcb4,4,0,bad/052.JPG,48945,0.8207171314741036,0.2362969641935939,0.8590050056185514,0.26429368887897736,37,41.19390869140625,0.03465089201927185,0.758578431372549,0.03828787414444779,0.027996724685383473
pcb4,4,0,bad/053.JPG,52344,0.6980933822405624,0.42341422961893155,0.7493504508635183,0.5459880378042182,39,44.020477294921875,0.04673659801483154,0.7589048150373359,0.05125706862295587,0.12257380818528668
pcb4,4,0,bad/054.JPG,12770,0.7819107282693813,0.4359019441984997,0.9449490994518402,0.6589317663261932,7,10.57059097290039,0.023845255374908447,0.7066699123661149,0.1630383711824589,0.2230298221276935
pcb4,4,0,bad/055.JPG,9179,1.0,0.8399312423303447,1.0,0.8663724154895649,6,7.847076416015625,0.04892987012863159,0.7894736842105263,0.0,0.026441173159220233
pcb4,4,0,bad/056.JPG,29107,0.7242931253650324,0.2976588626353055,0.6963960559315628,0.45322733075192984,21,24.510040283203125,0.026473641395568848,0.729527692830445,-0.02789706943346959,0.15556846811662434
pcb4,4,0,bad/057.JPG,52866,0.8699920553853138,0.535517791176319,0.8566753679113229,0.6073243104975904,45,44.4189453125,0.03601720929145813,0.7803622159090909,-0.01331668747399084,0.07180651932127136
pcb4,4,0,bad/058.JPG,4342,0.5948871487793643,0.26770655875794014,0.7618608935974206,0.36038741563462096,4,3.6225662231445312,0.07964035868644714,0.7626865671641792,0.16697374481805627,0.09268085687668082
pcb4,4,0,bad/059.JPG,7883,0.7285297475580362,0.2499691032875161,0.8429531904097425,0.49120751838857285,3,6.647621154785156,0.016989529132843018,0.6575,0.11442344285170625,0.24123841510105676
pcb4,4,0,bad/060.JPG,18506,0.7680752188479412,0.3788320399805359,0.8515076191505457,0.4784270537651832,14,15.474014282226562,0.026249229907989502,0.7624592454587797,0.08343240030260457,0.0995950137846473
pcb4,4,0,bad/061.JPG,6984,0.5266323024054983,0.16841092149671388,0.5579896907216495,0.18292347571633671,2,5.8775634765625,0.028255552053451538,0.754981884057971,0.0313573883161512,0.01451255421962283
pcb4,4,0,bad/062.JPG,50351,0.8698139063772319,0.5989863722023955,0.8144028917002641,0.588044049809983,43,42.138031005859375,0.05133551359176636,0.8206837606837606,-0.05541101467696774,-0.01094232239241244
pcb4,4,0,bad/063.JPG,3025,0.3867768595041322,0.10647283050977262,0.595702479338843,0.22421267200085665,1,2.627593994140625,0.018111765384674072,0.7083333333333334,0.2089256198347108,0.11773984149108403
pcb4,4,0,bad/064.JPG,34722,0.7923506710442947,0.48389826067241254,0.815016416105063,0.49949027684753244,28,29.13336181640625,0.02765864133834839,0.7507206272339444,0.02266574506076835,0.015592016175119905
pcb4,4,0,bad/065.JPG,56071,0.7556669222949475,0.4496941882913483,0.7913894883272993,0.5177426848699009,46,46.933807373046875,0.039373546838760376,0.7533501896333754,0.0357225660323518,0.06804849657855266
pcb4,4,0,bad/066.JPG,5046,0.9734443123265953,0.7581330163419983,0.9405469678953626,0.5367896707921038,6,4.2501220703125,0.11019158363342285,0.921875,-0.03289734443123271,-0.22134334554989443
pcb4,4,0,bad/067.JPG,5007,0.9708408228480128,0.674499228391347,0.9526662672258838,0.6678909800067206,3,4.20947265625,0.05418097972869873,0.8472222222222222,-0.018174555622128996,-0.0066082483846263695
pcb4,4,0,bad/068.JPG,45838,0.8338278284392862,0.6609223655553984,0.8615559143069069,0.7521956909450889,35,38.606903076171875,0.03239971399307251,0.7918319509556437,0.027728085867620766,0.09127332538969046
pcb4,4,0,bad/069.JPG,12432,0.8675997425997426,0.554728659722882,0.9553571428571429,0.6075341249844642,10,10.36236572265625,0.05608057975769043,0.8726215644820297,0.08775740025740031,0.05280546526158225
pcb4,4,0,bad/070.JPG,35923,0.8044428360660301,0.4695936685417193,0.8043593241099017,0.648884050488214,27,30.208972930908203,0.03219246864318848,0.8097268570016067,-8.351195612832374e-05,0.17929038194649466
pcb4,4,0,bad/071.JPG,15434,0.8798108073085396,0.42278262647611214,0.8129454451211611,0.5545685878585019,11,12.989944458007812,0.03975522518157959,0.7756402959590211,-0.06686536218737849,0.1317859613823898
pcb4,4,0,bad/072.JPG,1204,0.9900332225913622,0.6584457190388704,0.9435215946843853,0.7600517975299733,1,1.010040283203125,0.013751357793807983,0.6458333333333334,-0.04651162790697683,0.10160607849110292
pcb4,4,0,bad/073.JPG,40760,0.9035083415112856,0.4171089999182114,0.8575073601570167,0.5619320669275332,31,34.29541015625,0.061579227447509766,0.7961934972244251,-0.04600098135426889,0.1448230670093218
pcb4,4,0,bad/074.JPG,16109,0.8208454900987026,0.35868399392402495,0.8784530386740331,0.5990391687393487,5,13.606849670410156,0.021301448345184326,0.696,0.05760754857533057,0.24035517481532376
pcb4,4,0,bad/075.JPG,8402,0.8067126874553677,0.37301530339611844,0.8209950011901929,0.4935222681327617,1,7.162971496582031,0.0725334882736206,0.8013049557247165,0.014282313734825136,0.12050696473664324
pcb4,4,0,bad/076.JPG,3932,0.9633774160732451,0.8165663824863776,1.0,0.8841479172258102,0,3.3062782287597656,0.1870989203453064,0.8888888888888888,0.03662258392675488,0.06758153473943262
pcb4,4,0,bad/077.JPG,3255,0.978494623655914,0.5687010564891519,0.985867895545315,0.6106285805317407,1,2.6939544677734375,0.20424151420593262,0.7926739926739926,0.007373271889400956,0.041927524042588815
pcb4,4,0,bad/078.JPG,9020,0.7463414634146341,0.38917650856616026,0.7790465631929047,0.4128267470805323,0,7.581512451171875,0.03841233253479004,0.7659974169308441,0.03270509977827052,0.023650238514372035
pcb4,4,0,bad/079.JPG,37495,0.8192025603413788,0.35507784420239247,0.7809574609947993,0.6228324403468727,31,31.500228881835938,0.04425385594367981,0.8180722891566266,-0.03824509934657949,0.2677545961444802
pcb4,4,0,bad/080.JPG,21334,0.8650979656885722,0.37247343865407495,0.7803506140433112,0.3299683952530655,16,17.943283081054688,0.04071822762489319,0.7877665544332211,-0.08474735164526104,-0.04250504340100947
pcb4,4,0,bad/081.JPG,26202,0.6683077627662011,0.37400441470458595,0.762384550797649,0.6895443951957051,18,22.000022888183594,0.02158084511756897,0.6924204355108878,0.09407678803144792,0.31553998049111914
pcb4,4,0,bad/082.JPG,31604,0.5818250854322238,0.4011703314781251,0.645994177952158,0.4579714722783205,25,26.621749877929688,0.010162353515625,0.6392857142857142,0.06416909251993419,0.05680114080019544
pcb4,4,0,bad/083.JPG,5662,1.0,0.7311709971709252,1.0,0.820647233445231,6,4.826171875,0.005385339260101318,0.5681818181818181,0.0,0.0894762362743059
pcb4,4,0,bad/084.JPG,30811,0.8084450358638149,0.46433511937615957,0.8362273214111843,0.6184340427658759,24,26.039676666259766,0.03207963705062866,0.7509920634920635,0.02778228554736939,0.1540989233897163
pcb4,4,0,bad/085.JPG,20166,0.8249528910046613,0.3114570748949444,0.8830705147277595,0.36446626248392316,14,16.97974395751953,0.024253547191619873,0.744140625,0.058117623723098255,0.05300918758897877
pcb4,4,0,bad/086.JPG,7073,0.9577265658136576,0.0912722702559064,0.9382157500353456,0.7000034690837299,4,5.964664459228516,0.052414774894714355,0.8306277056277057,-0.01951081577831193,0.6087311988278234
pcb4,4,0,bad/087.JPG,25708,0.7193091644624241,0.3727812777024413,0.7926715419324724,0.31554350059983655,18,21.647602081298828,0.04976963996887207,0.7833333333333333,0.07336237747004826,-0.05723777710260475
pcb4,4,0,bad/088.JPG,47399,0.32791831051288,0.5345897463975058,0.3187830966898036,0.5105720416684051,39,39.86620330810547,0.015223264694213867,0.6424061941631923,-0.009135213823076416,-0.024017704729100697
pcb4,4,0,bad/089.JPG,39729,0.8862040323189609,0.7653953323220944,0.8664199954693046,0.7815227283491327,30,33.448760986328125,0.07059451937675476,0.8157608695652174,-0.01978403684965635,0.016127396027038277
pcb4,4,0,bad/090.JPG,12576,0.9982506361323156,0.7697002084013704,1.0,0.8313989953651021,9,10.51458740234375,0.05336853861808777,0.821969696969697,0.001749363867684428,0.061698786963731655
pcb4,4,0,bad/091.JPG,6969,1.0,0.8521390606788101,1.0,0.8690285023110317,6,5.82623291015625,0.06948420405387878,0.8397435897435898,0.0,0.016889441632221613
pcb4,4,0,bad/092.JPG,28720,0.7526114206128134,0.5797826177670005,0.7966922005571031,0.614004652539662,21,24.14279556274414,0.03295755386352539,0.7697872799913617,0.044080779944289716,0.0342220347726615
pcb4,4,0,bad/093.JPG,5308,0.9764506405425772,0.6953749359778034,1.0,0.7183662362615242,4,4.458984375,0.012873411178588867,0.6545138888888888,0.02354935945742276,0.02299130028372076
pcb4,4,0,bad/094.JPG,5832,0.9852537722908093,0.7221019447505193,0.9694787379972565,0.7320647039275132,5,4.87255859375,0.03163665533065796,0.7291666666666667,-0.01577503429355287,0.009962759176993963
pcb4,4,0,bad/095.JPG,23540,0.8118096856414614,0.5619954270761112,0.8989379779099406,0.6015360696512523,18,19.63681411743164,0.027132868766784668,0.7027027027027026,0.08712829226847918,0.039540642575141116
pcb4,4,0,bad/096.JPG,5609,0.9566767694776253,0.5916389746147656,0.9876983419504368,0.5367901652911747,5,4.6480712890625,0.02551242709159851,0.6996527777777778,0.031021572472811565,-0.05484880932359082
pcb4,4,0,bad/097.JPG,30199,0.5827014139541045,0.21769225507628123,0.6139938408556574,0.27001084306167555,20,25.494869232177734,0.025386571884155273,0.7068421457707996,0.03129242690155298,0.05231858798539432
pcb4,4,0,bad/098.JPG,29139,0.6275095233192628,0.28337642289673937,0.6127183499776931,0.3561077206196187,18,24.530120849609375,0.01541900634765625,0.6792708333333334,-0.014791173341569652,0.07273129772287934
pcb4,4,0,bad/099.JPG,5639,1.0,0.7323159920692814,1.0,0.8040501794795546,6,4.6434478759765625,0.05332168936729431,0.7420634920634921,0.0,0.07173418741027315
pcb4,4,1,bad/000.JPG,41643,0.8446557644742213,0.7841777993055815,0.8378839180654611,0.7656914794046334,33,34.90165710449219,0.03087860345840454,0.7446808510638299,-0.006771846408760163,-0.018486319900948067
pcb4,4,1,bad/001.JPG,30863,0.8661180053786087,0.7530588309024046,0.9112853578718855,0.8264607538809666,25,26.060317993164062,0.050789713859558105,0.8539540816326531,0.04516735249327675,0.07340192297856207
pcb4,4,1,bad/002.JPG,39048,0.6122720753943864,0.6385612881706568,0.6812896947346855,0.6597064364880103,31,32.683448791503906,0.059157609939575195,0.8029128694319052,0.06901761934029904,0.02114514831735348
pcb4,4,1,bad/003.JPG,15000,0.8608666666666667,0.29512053410675954,0.8082666666666667,0.33297547672980515,8,12.510299682617188,0.032892316579818726,0.7700237906423474,-0.05259999999999998,0.03785494262304562
pcb4,4,1,bad/004.JPG,39939,0.7664438268359248,0.6815038829874263,0.7459876311374847,0.7440384376936704,37,33.406333923339844,0.02625066041946411,0.7728990985751671,-0.02045619569844015,0.06253455470624414
pcb4,4,1,bad/005.JPG,3188,0.8491217063989962,0.6507482517464582,1.0,0.8943890062709636,2,2.6531982421875,0.029655039310455322,0.6893939393939394,0.1508782936010038,0.2436407545245054
pcb4,4,1,bad/006.JPG,25986,0.9276148695451397,0.7794936582499947,0.9346186408065882,0.7842066752532748,22,21.908477783203125,0.05286434292793274,0.8324786324786325,0.007003771261448466,0.0047130170032800844
pcb4,4,1,bad/007.JPG,4272,0.8431647940074907,0.41479444059798903,0.9847846441947565,0.7644089035394221,2,3.611949920654297,0.03797122836112976,0.7598930481283421,0.14161985018726586,0.3496144629414331
pcb4,4,1,bad/008.JPG,6558,1.0,0.984491099491965,1.0,0.9890834258011133,5,5.46429443359375,0.16710391640663147,0.9424603174603174,0.0,0.004592326309148298
pcb4,4,1,bad/009.JPG,25028,0.838980342016941,0.133986666924417,0.7724948058174844,0.19569806866372197,17,21.097618103027344,0.025545120239257812,0.7488442211055276,-0.06648553619945663,0.06171140173930498
pcb4,4,1,bad/010.JPG,24121,0.9858214833547532,0.8281309409587767,0.9878529082542183,0.810358322694412,18,20.209285736083984,0.056392818689346313,0.864190687361419,0.002031424899465173,-0.017772618264364715
pcb4,4,1,bad/011.JPG,10161,1.0,0.9699214828168109,1.0,0.9734019523953686,8,8.489936828613281,0.13402968645095825,0.9404761904761905,0.0,0.0034804695785577433
pcb4,4,1,bad/012.JPG,5298,1.0,0.8475820104933364,1.0,0.8219777760431665,4,4.4952392578125,0.05570492148399353,0.8626543209876544,0.0,-0.025604234450169905
pcb4,4,1,bad/013.JPG,15090,0.899403578528827,0.5452570108002373,0.8976805831676608,0.586040266473007,9,12.780132293701172,0.055341511964797974,0.8622,-0.0017229953611662685,0.04078325567276975
pcb4,4,1,bad/014.JPG,15318,0.9402663533098315,0.8715999875822608,0.8623841232536885,0.7088102072499244,9,12.847225189208984,0.04212009906768799,0.7607012417823229,-0.07788223005614303,-0.16278978033233638
pcb4,4,1,bad/015.JPG,5640,1.0,0.9250930852263036,1.0,0.9219607285922005,3,4.7398529052734375,0.12539204955101013,0.9044289044289044,0.0,-0.0031323566341031617
pcb4,4,1,bad/016.JPG,21670,0.7569912321181357,0.2479781743908166,0.7393631748961699,0.38211990487200564,15,18.162822723388672,0.028753995895385742,0.7703309692671395,-0.01762805722196581,0.13414173048118905
pcb4,4,1,bad/017.JPG,27157,0.8760172331258975,0.3170216254548251,0.9340501528151122,0.4554919491168713,23,22.856689453125,0.07859057188034058,0.8625737382564999,0.058032919689214646,0.1384703236620462
pcb4,4,1,bad/018.JPG,10410,0.9970220941402498,0.8488528987945271,0.995581171950048,0.8191396550076827,8,8.749427795410156,0.09690102934837341,0.8447420634920635,-0.0014409221902017544,-0.029713243786844368
pcb4,4,1,bad/019.JPG,40981,0.8305068202337669,0.6195565353218957,0.8322881335252922,0.6537644757569606,30,34.41836929321289,0.03783315420150757,0.8245675549322113,0.0017813132915253105,0.03420794043506492
pcb4,4,1,bad/020.JPG,7706,0.9958473916428757,0.8407350159696458,0.9985725408772386,0.9220523347063592,7,6.382816314697266,0.07120835781097412,0.8223443223443224,0.0027251492343628447,0.08131731873671333
pcb4,4,1,bad/021.JPG,5009,1.0,0.9669356795500841,1.0,0.9921921138260423,4,4.199146270751953,0.10017627477645874,0.8798701298701299,0.0,0.02525643427595825
pcb4,4,1,bad/022.JPG,6397,0.8614975769892137,0.8270792017547351,0.9638893231202126,0.8909233012635351,3,5.382068634033203,0.026071548461914062,0.7701288244766505,0.10239174613099888,0.06384409950879999
pcb4,4,1,bad/023.JPG,12841,0.9706409158165252,0.7779429765718056,0.969161280274122,0.841752251942506,10,10.765243530273438,0.0627245306968689,0.9056865464632455,-0.0014796355424032681,0.06380927537070047
pcb4,4,1,bad/024.JPG,13012,0.9558100215185982,0.6151600162166482,0.9899323701198893,0.6902397109642516,8,11.009986877441406,0.07194387912750244,0.8888221153846154,0.03412234860129115,0.07507969474760345
pcb4,4,1,bad/025.JPG,8560,1.0,0.8973738022868462,1.0,0.923850597016333,6,7.219390869140625,0.09314009547233582,0.9274509803921569,0.0,0.02647679472948683
pcb4,4,1,bad/026.JPG,8292,1.0,0.9216963671902719,0.9987940183309214,0.8529396458465532,6,6.949253082275391,0.1334139108657837,0.8715060492282019,-0.001205981669078593,-0.06875672134371869
pcb4,4,1,bad/027.JPG,10519,0.9751877554900656,0.8834824579711781,1.0,0.938258622941057,8,8.87729263305664,0.20549637079238892,0.9379084967320261,0.024812244509934356,0.054776164969878915
pcb4,4,1,bad/028.JPG,8842,0.9997738068310337,0.9199119049157961,1.0,0.8992459218218793,7,7.397701263427734,0.13919994235038757,0.8527777777777777,0.00022619316896632657,-0.020665983093916762
pcb4,4,1,bad/029.JPG,10211,0.9621976300068553,0.828995509010666,0.938301831358339,0.841692364095159,7,8.724517822265625,0.06288015842437744,0.8425974025974027,-0.02389579864851632,0.01269685508449303
pcb4,4,1,bad/030.JPG,3202,0.985946283572767,0.71617539507697,1.0,0.8379901228927644,3,2.662841796875,0.10844364762306213,0.8,0.014053716427232965,0.12181472781579439
pcb4,4,1,bad/031.JPG,40870,0.5499877660875948,0.6821658913513214,0.5582089552238806,0.6943465319007887,37,34.27543640136719,0.02014148235321045,0.7374952513612765,0.008221189136285778,0.012180640549467214
pcb4,4,1,bad/032.JPG,5402,1.0,0.9952663605758574,1.0,0.9988454176470404,4,4.5205230712890625,0.18519139289855957,0.9922839506172839,0.0,0.0035790570711830005
pcb4,4,1,bad/033.JPG,14868,0.8247242399784772,0.1747162956412119,0.9145816518697875,0.3849977573928051,6,12.48419189453125,0.020980894565582275,0.6965490399584847,0.08985741189131025,0.2102814617515932
pcb4,4,1,bad/034.JPG,41408,0.2946049072642968,0.5004502404573632,0.45232805255023184,0.5249871173143029,31,34.71558380126953,0.02007541060447693,0.7103055346857,0.15772314528593506,0.024536876856939727
pcb4,4,1,bad/035.JPG,23762,0.7135762982913896,0.13371438013909281,0.8301068933591449,0.18337950441639,15,20.021602630615234,0.04215434193611145,0.7866471019809246,0.11653059506775532,0.04966512427729719
pcb4,4,1,bad/036.JPG,9215,0.9981551817688551,0.8034134774122653,0.9996744438415627,0.9268605875642033,6,7.699005126953125,0.11802053451538086,0.8195983379501385,0.0015192620727075834,0.12344711015193799
pcb4,4,1,bad/037.JPG,5142,0.9982497082847142,0.4895268818873897,0.9982497082847142,0.49435823189515515,3,4.341991424560547,0.23606115579605103,0.9228758169934641,0.0,0.004831350007765467
pcb4,4,1,bad/038.JPG,2940,0.9472789115646258,0.8702093314126776,1.0,0.9898546618159088,2,2.4901809692382812,0.09353789687156677,0.7065972222222222,0.05272108843537415,0.11964533040323111
pcb4,4,1,bad/039.JPG,31984,0.9220547773886943,0.8150202843688084,0.8572723861930965,0.8227520658576565,25,26.78582000732422,0.03731352090835571,0.8117647058823529,-0.06478239119559781,0.007731781488848122
pcb4,4,1,bad/040.JPG,43287,0.5506734123408875,0.3668190630595604,0.6659967195693858,0.5191452282330129,38,36.36279296875,0.004748106002807617,0.5834619341563786,0.11532330722849826,0.1523261651734525
pcb4,4,1,bad/041.JPG,8140,1.0,0.955963141954674,1.0,0.993904579431187,6,6.836669921875,0.18232503533363342,0.9706349206349206,0.0,0.03794143747651302
pcb4,4,1,bad/042.JPG,26614,0.8443300518524085,0.514089180210704,0.8261065604569023,0.4900215533227863,23,22.407745361328125,0.03480654954910278,0.773517559009787,-0.018223491395506164,-0.024067626887917748
pcb4,4,1,bad/043.JPG,5359,0.9583877589102444,0.7494272796422136,1.0,0.9243674594462062,4,4.4996337890625,0.2046736478805542,0.7777777777777778,0.041612241089755586,0.17494017980399268
pcb4,4,1,bad/044.JPG,8220,1.0,0.8920515512453523,1.0,0.9198670278654909,7,6.923805236816406,0.0731932520866394,0.9051527587779298,0.0,0.027815476620138613
pcb4,4,1,bad/045.JPG,41595,0.9830508474576272,0.6998281868398422,0.9335016227912009,0.7758318533725733,36,34.9740104675293,0.04832768440246582,0.8545454545454545,-0.049549224666426306,0.07600366653273116
pcb4,4,1,bad/046.JPG,1247,0.8700882117080995,0.40463126206287175,0.942261427425822,0.5825084512344346,0,1.09185791015625,0.05437576770782471,0.9041666666666667,0.0721732157177225,0.17787718917156287
pcb4,4,1,bad/047.JPG,32030,0.46565719637839526,0.2821444479154151,0.7128941617233844,0.6268768475111525,27,27.055492401123047,0.013309776782989502,0.6780242578997766,0.24723696534498912,0.34473239959573737
pcb4,4,1,bad/048.JPG,11341,0.978308791111895,0.6668703436052056,0.9611145401640067,0.6902594112644563,6,9.66796875,0.023165881633758545,0.7242384105960264,-0.01719425094788829,0.02338906765925075
pcb4,4,1,bad/049.JPG,43033,0.860200311388934,0.651091043379827,0.8532753933028141,0.7399225338824207,38,36.2508544921875,0.05037525296211243,0.8734913320166776,-0.006924918086119947,0.08883149050259365
pcb4,4,1,bad/050.JPG,39962,0.8414493769080627,0.5296018583588642,0.8286872528902457,0.5625192074438782,31,33.363250732421875,0.029140442609786987,0.7800496277915632,-0.012762124017816956,0.03291734908501398
pcb4,4,1,bad/051.JPG,8713,0.5488350740273155,0.22765177787869048,0.9458280729943762,0.5457404245101443,5,7.285400390625,0.017828941345214844,0.722189349112426,0.39699299896706075,0.31808864663145375
pcb4,4,1,bad/052.JPG,48945,0.8845438757789356,0.27269276857417246,0.8806823986106854,0.31323906316609484,37,41.19390869140625,0.032743901014328,0.7794934640522876,-0.003861477168250138,0.04054629459192238
pcb4,4,1,bad/053.JPG,52344,0.7887819043252331,0.5907213918324055,0.7598578633654287,0.6643675789946859,39,44.020477294921875,0.04150724411010742,0.7772723371384431,-0.028924040959804387,0.07364618716228044
pcb4,4,1,bad/054.JPG,12770,0.8561472200469851,0.4768008892918585,0.9222396241190289,0.5938129429002691,7,10.57059097290039,0.02141791582107544,0.7093476144109055,0.06609240407204386,0.1170120536084106
pcb4,4,1,bad/055.JPG,9179,1.0,0.9103302538875641,1.0,0.869812522362029,6,7.847076416015625,0.060233354568481445,0.8189473684210525,0.0,-0.04051773152553506
pcb4,4,1,bad/056.JPG,29107,0.7389287800185522,0.3097801622000546,0.7274538770742434,0.4136919291137177,21,24.510040283203125,0.01562565565109253,0.6880733944954129,-0.011474902944308862,0.1039117669136631
pcb4,4,1,bad/057.JPG,52866,0.9149358756100329,0.7272183124210196,0.9107744107744108,0.7443056912550988,45,44.4189453125,0.041942477226257324,0.8298413825757576,-0.004161464835622075,0.01708737883407918
pcb4,4,1,bad/058.JPG,4342,0.7300783049286044,0.36830571067440016,0.831874712114233,0.44150507424753993,4,3.6225662231445312,0.06983524560928345,0.7843283582089552,0.10179640718562866,0.07319936357313978
pcb4,4,1,bad/059.JPG,7883,0.8092096917417227,0.39439592659552203,0.8550044399340353,0.5554380915798499,3,6.647621154785156,0.014076948165893555,0.6545833333333333,0.04579474819231255,0.16104216498432788
pcb4,4,1,bad/060.JPG,18506,0.8745812169026261,0.49727783544222953,0.8863071436290932,0.5627330358218341,14,15.474014282226562,0.024253785610198975,0.7643223102002794,0.011725926726467106,0.06545520037960456
pcb4,4,1,bad/061.JPG,6984,0.6533505154639175,0.3136732595051614,0.7053264604810997,0.3865945900270934,2,5.8775634765625,0.013249337673187256,0.7210144927536232,0.05197594501718217,0.072921330521932
pcb4,4,1,bad/062.JPG,50351,0.9199817282675617,0.727040116862403,0.8496554189589085,0.667596266042789,43,42.138031005859375,0.05192139744758606,0.8461538461538461,-0.07032630930865325,-0.05944385081961401
pcb4,4,1,bad/063.JPG,3025,0.23735537190082645,0.050728218168912355,0.5844628099173553,0.30435096713008797,1,2.627593994140625,0.02538919448852539,0.6994949494949494,0.3471074380165289,0.2536227489611756
pcb4,4,1,bad/064.JPG,34722,0.8410517827314095,0.5346403508106099,0.8548470710212546,0.551032652134948,28,29.13336181640625,0.029428184032440186,0.7688227833506284,0.013795288289845109,0.01639230132433811
pcb4,4,1,bad/065.JPG,56071,0.8005029337803856,0.5364735318785832,0.8264700112357547,0.5732292074222759,46,46.933807373046875,0.041486650705337524,0.774905183312263,0.02596707745536908,0.036755675543692745
pcb4,4,1,bad/066.JPG,5046,0.9867221561632976,0.8235371390882431,0.8737613951644867,0.5671870720581144,6,4.2501220703125,0.07472154498100281,0.9114583333333334,-0.11296076099881092,-0.25635006703012875
pcb4,4,1,bad/067.JPG,5007,1.0,0.8332011171157988,1.0,0.807917878798376,3,4.20947265625,0.07040029764175415,0.8489583333333333,0.0,-0.02528323831742285
pcb4,4,1,bad/068.JPG,45838,0.85296042584755,0.6970428454671713,0.8670535363672063,0.7769353978112459,35,38.606903076171875,0.03650796413421631,0.7967003245582402,0.014093110519656227,0.07989255234407455
pcb4,4,1,bad/069.JPG,12432,0.8743564993564994,0.5819183270348163,0.9358108108108109,0.6394030035327011,10,10.36236572265625,0.05198296904563904,0.8829281183932347,0.06145431145431146,0.0574846764978848
pcb4,4,1,bad/070.JPG,35923,0.8259889207471537,0.41201535497583025,0.8975865044678897,0.8084502786913081,27,30.208972930908203,0.027040541172027588,0.8340748980348536,0.07159758372073599,0.3964349237154779
pcb4,4,1,bad/071.JPG,15434,0.9273681482441363,0.4821512610383669,0.838019955941428,0.5694354864892496,11,12.989944458007812,0.03147822618484497,0.8235628912919749,-0.0893481923027083,0.08728422545088266
pcb4,4,1,bad/072.JPG,1204,0.9916943521594684,0.8431204329614368,0.9759136212624585,0.837069552034517,1,1.010040283203125,0.01475033164024353,0.675,-0.01578073089700993,-0.006050880926919744
pcb4,4,1,bad/073.JPG,40760,0.9623405299313053,0.5759383749974546,0.9004906771344455,0.5982169098572689,31,34.29541015625,0.042471617460250854,0.8199841395717684,-0.06184985279685973,0.022278534859814347
pcb4,4,1,bad/074.JPG,16109,0.7513812154696132,0.3341252264022464,0.8783909615742752,0.6278530463985011,5,13.606849670410156,0.016344815492630005,0.7097142857142857,0.12700974610466198,0.29372781999625475
pcb4,4,1,bad/075.JPG,8402,0.8292073315877172,0.37557135478377485,0.8295643894310878,0.40211074090841337,1,7.162971496582031,0.06988197565078735,0.8061208637564082,0.00035705784337058954,0.02653938612463852
pcb4,4,1,bad/076.JPG,3932,0.974059003051882,0.8823186947953016,0.9987283825025433,0.9068224968015589,0,3.3062782287597656,0.19474485516548157,0.880718954248366,0.024669379450661277,0.024503802006257347
pcb4,4,1,bad/077.JPG,3255,0.9735791090629801,0.5864221299922433,0.985867895545315,0.6264268723984467,1,2.6939544677734375,0.18222379684448242,0.7128205128205128,0.01228878648233489,0.04000474240620344
pcb4,4,1,bad/078.JPG,9020,0.8467849223946785,0.48741901442364605,0.8298226164079823,0.45336842931755605,0,7.581512451171875,0.03521871566772461,0.7984031936127745,-0.016962305986696236,-0.03405058510608999
pcb4,4,1,bad/079.JPG,37495,0.7771169489265235,0.3837752366005692,0.755780770769436,0.5520342300335165,31,31.500228881835938,0.04794541001319885,0.8025023169601483,-0.02133617815708755,0.16825899343294726
pcb4,4,1,bad/080.JPG,21334,0.8051467141651824,0.2812077038543013,0.8002718665041717,0.3321313819741875,16,17.943283081054688,0.036109358072280884,0.7938271604938272,-0.004874847661010651,0.050923678119886184
pcb4,4,1,bad/081.JPG,26202,0.742996717807801,0.5782070943544159,0.8380657965040836,0.7258855886554627,18,22.000022888183594,0.01878640055656433,0.7113693467336684,0.09506907869628267,0.14767849430104685
pcb4,4,1,bad/082.JPG,31604,0.5766991520060751,0.384565464154768,0.6642830021516264,0.4577832216109466,25,26.621749877929688,0.01009473204612732,0.6427678571428571,0.08758385014555126,0.07321775745617859
pcb4,4,1,bad/083.JPG,5662,1.0,0.7845861874177545,1.0,0.8378695310052666,6,4.826171875,0.012597471475601196,0.6843434343434344,0.0,0.05328334358751208
pcb4,4,1,bad/084.JPG,30811,0.8447307779689072,0.43836541093916465,0.8717665768718964,0.5548622005692314,24,26.039676666259766,0.03797215223312378,0.7982142857142858,0.02703579890298924,0.11649678963006677
pcb4,4,1,bad/085.JPG,20166,0.8931865516215413,0.34187247830506895,0.9286422691659229,0.40958827750270016,14,16.97974395751953,0.034108370542526245,0.7796875000000001,0.03545571754438159,0.06771579919763121
pcb4,4,1,bad/086.JPG,7073,0.9574438003675951,0.09389504699631457,0.9655026155803761,0.7523891578449496,4,5.964664459228516,0.06712102890014648,0.8847402597402597,0.008058815212780956,0.6584941108486351
pcb4,4,1,bad/087.JPG,25708,0.8039520771744204,0.6341750240376355,0.804730045122141,0.3190752595301431,18,21.647602081298828,0.05098772048950195,0.8095064724919094,0.0007779679477205592,-0.3150997645074924
pcb4,4,1,bad/088.JPG,47399,0.3809574041646448,0.6158380920035029,0.37180109285006013,0.5633478048275287,39,39.86620330810547,0.011715888977050781,0.6534246575342465,-0.009156311314584664,-0.05249028717597426
pcb4,4,1,bad/089.JPG,39729,0.9024390243902439,0.8090190188964452,0.8584661078808931,0.780924443746482,30,33.448760986328125,0.07582727074623108,0.8431159420289855,-0.04397291650935087,-0.028094575149963275
pcb4,4,1,bad/090.JPG,12576,1.0,0.8458276996046917,1.0,0.8822508526260527,9,10.51458740234375,0.049685657024383545,0.8205492424242424,0.0,0.03642315302136101
pcb4,4,1,bad/091.JPG,6969,1.0,0.9300050115074567,1.0,0.9173059046411305,6,5.82623291015625,0.0750322937965393,0.9049145299145298,0.0,-0.012699106866326249
pcb4,4,1,bad/092.JPG,28720,0.8065807799442897,0.6511893968265405,0.834958217270195,0.6143272974177049,21,24.14279556274414,0.03948396444320679,0.7965662455458374,0.028377437325905364,-0.03686209940883567
pcb4,4,1,bad/093.JPG,5308,1.0,0.7828229755999652,1.0,0.7768292596100812,4,4.458984375,0.020794183015823364,0.7065972222222222,0.0,-0.005993715989883963
pcb4,4,1,bad/094.JPG,5832,0.9934842249657064,0.8001531084300068,0.9963991769547325,0.8408868760236073,5,4.87255859375,0.023592233657836914,0.7395833333333333,0.0029149519890260267,0.04073376759360059
pcb4,4,1,bad/095.JPG,23540,0.8792693288020391,0.7157388558295004,0.9381478334749362,0.7425699451115281,18,19.63681411743164,0.026214957237243652,0.7259325441143624,0.058878504672897125,0.02683108928202771
pcb4,4,1,bad/096.JPG,5609,1.0,0.7147893301483779,1.0,0.6127339941918114,5,4.6480712890625,0.02732384204864502,0.7482638888888888,0.0,-0.10205533595656646
pcb4,4,1,bad/097.JPG,30199,0.5431305672373258,0.23362686708710473,0.637272757376072,0.28473303504404535,20,25.494869232177734,0.020217537879943848,0.7074578619256523,0.09414219013874625,0.05110616795694062
pcb4,4,1,bad/098.JPG,29139,0.6593911939325303,0.4833966537873648,0.5738700710388139,0.35690914769310866,18,24.530120849609375,0.017408907413482666,0.7111458333333334,-0.08552112289371638,-0.12648750609425613
pcb4,4,1,bad/099.JPG,5639,1.0,0.8219334714947103,1.0,0.7735660514789174,6,4.6434478759765625,0.05743515491485596,0.7222222222222223,0.0,-0.04836742001579286
pcb4,4,2,bad/000.JPG,41643,0.8279182575702999,0.7438557244486016,0.8443435871575055,0.7591084152342651,33,34.90165710449219,0.034203171730041504,0.744562647754137,0.01642532958720555,0.015252690785663492
pcb4,4,2,bad/001.JPG,30863,0.7860544989145579,0.6928831458815813,0.8293425784920455,0.7694657455629719,25,26.060317993164062,0.045197516679763794,0.8160076530612245,0.04328807957748759,0.07658259968139058
pcb4,4,2,bad/002.JPG,39048,0.5830260192583487,0.636169385225484,0.6336560131120672,0.6306047051278809,31,32.683448791503906,0.058074355125427246,0.7921812452090963,0.05062999385371847,-0.005564680097603136
pcb4,4,2,bad/003.JPG,15000,0.8130666666666667,0.34236468096537825,0.7936666666666666,0.42577525351535817,8,12.510299682617188,0.03342881798744202,0.7450436161776368,-0.019400000000000084,0.08341057254997991
pcb4,4,2,bad/004.JPG,39939,0.5764540924910488,0.6166879228200162,0.68306667668194,0.7018132675593088,37,33.406333923339844,0.02486550807952881,0.7206552292333043,0.10661258419089115,0.08512534473929267
pcb4,4,2,bad/005.JPG,3188,0.8751568381430364,0.5996416238821757,0.9404015056461732,0.6801487029535654,2,2.6531982421875,0.04584759473800659,0.8207070707070707,0.06524466750313684,0.08050707907138976
pcb4,4,2,bad/006.JPG,25986,0.8905949357346263,0.676536111121366,0.9203802047256215,0.739650099037933,22,21.908477783203125,0.05528336763381958,0.8132478632478632,0.029785268990995206,0.06311398791656697
pcb4,4,2,bad/007.JPG,4272,0.8707865168539326,0.4211615311241568,0.9796348314606742,0.6641755974502656,2,3.611949920654297,0.05603638291358948,0.6927807486631016,0.1088483146067416,0.24301406632610878
pcb4,4,2,bad/008.JPG,6558,1.0,0.9719810759439135,1.0,0.9880632220038416,5,5.46429443359375,0.17605119943618774,0.9236111111111112,0.0,0.016082146059928082
pcb4,4,2,bad/009.JPG,25028,0.8394997602684993,0.14199260973746353,0.8309093814927282,0.34222682924913833,17,21.097618103027344,0.035890132188797,0.7532663316582914,-0.008590378775771068,0.2002342195116748
pcb4,4,2,bad/010.JPG,24121,0.9660461838232246,0.7747837666604125,0.9540234650304714,0.8277490382487651,18,20.209285736083984,0.047831177711486816,0.8194752402069476,-0.012022718792753184,0.052965271588352625
pcb4,4,2,bad/011.JPG,10161,1.0,0.954186580651723,1.0,0.9626648761662873,8,8.489936828613281,0.14338716864585876,0.9234693877551021,0.0,0.008478295514564249
pcb4,4,2,bad/012.JPG,5298,0.9990562476406191,0.7023896587511732,0.9694224235560589,0.6849102810084743,4,4.4952392578125,0.05581849813461304,0.8040123456790123,-0.029633824084560167,-0.01747937774269892
pcb4,4,2,bad/013.JPG,15090,0.8785288270377734,0.570258166025514,0.8760106030483764,0.6006855317623029,9,12.780132293701172,0.04095521569252014,0.8186,-0.0025182239893969394,0.030427365736788836
pcb4,4,2,bad/014.JPG,15318,0.8421464943204073,0.871849569383766,0.842668755712234,0.6936327367550221,9,12.847225189208984,0.04220294952392578,0.7598246895544193,0.0005222613918266505,-0.17821683262874388
pcb4,4,2,bad/015.JPG,5640,1.0,0.9322798628714118,1.0,0.9071708218132302,3,4.7398529052734375,0.10060051083564758,0.8811188811188811,0.0,-0.02510904105818168
pcb4,4,2,bad/016.JPG,21670,0.8096446700507615,0.2637343355081569,0.7438855560682972,0.4367775515198753,15,18.162822723388672,0.029976457357406616,0.782033096926714,-0.06575911398246426,0.1730432160117184
pcb4,4,2,bad/017.JPG,27157,0.8588577530655079,0.24143545778282222,0.9488529660860919,0.4128567549256196,23,22.856689453125,0.07108438014984131,0.8248852960454446,0.089995213020584,0.17142129714279736
pcb4,4,2,bad/018.JPG,10410,1.0,0.9357379900220764,0.9999039385206532,0.8760881934115752,8,8.749427795410156,0.10356906056404114,0.8943452380952381,-9.606147934682063e-05,-0.05964979661050118
pcb4,4,2,bad/019.JPG,40981,0.8001268880700813,0.5581704575915036,0.7899514409116419,0.5812669774018052,30,34.41836929321289,0.045169979333877563,0.8129967274427302,-0.010175447158439321,0.023096519810301586
pcb4,4,2,bad/020.JPG,7706,0.9766415779911757,0.7292545025640176,0.9897482481183494,0.7810637729290095,7,6.382816314697266,0.09041467308998108,0.8186813186813187,0.013106670127173703,0.051809270364991944
pcb4,4,2,bad/021.JPG,5009,1.0,0.9632373321890828,1.0,0.977298487740299,4,4.199146270751953,0.09057867527008057,0.8625541125541125,0.0,0.014061155551216231
pcb4,4,2,bad/022.JPG,6397,0.9177739565421291,0.8261752030207494,0.9144911677348757,0.8371613603169235,3,5.382068634033203,0.022351861000061035,0.7548309178743962,-0.0032827888072534117,0.010986157296174026
pcb4,4,2,bad/023.JPG,12841,0.983879760143291,0.800373210700476,0.9459543649248501,0.808097106062843,10,10.765243530273438,0.055659711360931396,0.9098474341192788,-0.03792539521844096,0.007723895362367061
pcb4,4,2,bad/024.JPG,13012,0.8959422071933599,0.49046341608809974,0.9674915462649861,0.6423762939183956,8,11.009986877441406,0.05831381678581238,0.8784054487179487,0.0715493390716262,0.15191287783029583
pcb4,4,2,bad/025.JPG,8560,1.0,0.8263671694436805,1.0,0.9096915187431639,6,7.219390869140625,0.09591057896614075,0.8594771241830066,0.0,0.0833243492994834
pcb4,4,2,bad/026.JPG,8292,1.0,0.8548283532647035,0.9931259044862518,0.7808777926665467,6,6.949253082275391,0.11301606893539429,0.8385481852315395,-0.00687409551374818,-0.07395056059815686
pcb4,4,2,bad/027.JPG,10519,1.0,0.919540299651074,1.0,0.9269394524121825,8,8.87729263305664,0.20082876086235046,0.9823529411764707,0.0,0.007399152761108474
pcb4,4,2,bad/028.JPG,8842,0.9972856819724044,0.9074680509138039,0.9962678127120561,0.8995431685287908,7,7.397701263427734,0.15377357602119446,0.8791666666666668,-0.001017869260348303,-0.007924882385013099
pcb4,4,2,bad/029.JPG,10211,0.9525022035060229,0.7859065079378669,0.9012829301733425,0.8137908025647551,7,8.724517822265625,0.05796915292739868,0.8181818181818181,-0.05121927333268039,0.02788429462688824
pcb4,4,2,bad/030.JPG,3202,0.9219237976264835,0.5668252285412857,1.0,0.7729162012727276,3,2.662841796875,0.07440045475959778,0.7958333333333334,0.07807620237351653,0.20609097273144195
pcb4,4,2,bad/031.JPG,40870,0.48211402006361637,0.6415161809569838,0.5193540494250061,0.6715925293197511,37,34.27543640136719,0.010709822177886963,0.5955426111181461,0.037240029361389704,0.03007634836276729
pcb4,4,2,bad/032.JPG,5402,1.0,0.9917563075118077,1.0,0.9981691922144964,4,4.5205230712890625,0.1391022801399231,0.9907407407407407,0.0,0.006412884702688748
pcb4,4,2,bad/033.JPG,14868,0.8878127522195319,0.4489897623979421,0.9266881894000538,0.5255743501861327,6,12.48419189453125,0.02939826250076294,0.7292423456149456,0.03887543718052189,0.07658458778819066
pcb4,4,2,bad/034.JPG,41408,0.34821773570324577,0.4521064778633872,0.3655090803709428,0.5127607706885013,31,34.71558380126953,0.0245191752910614,0.7523791635361883,0.01729134466769705,0.06065429282511414
pcb4,4,2,bad/035.JPG,23762,0.757890749936874,0.23573553418861115,0.8487921892096625,0.23943384209032562,15,20.021602630615234,0.06055769324302673,0.7913426265590608,0.09090143927278849,0.003698307901714465
pcb4,4,2,bad/036.JPG,9215,0.9933803581117743,0.7465050240445823,0.9994574064026045,0.9047000924588379,6,7.699005126953125,0.1253211796283722,0.7981301939058172,0.006077048290830223,0.15819506841425557
pcb4,4,2,bad/037.JPG,5142,0.9982497082847142,0.48930157351816883,0.9982497082847142,0.4946596818050387,3,4.341991424560547,0.249349445104599,0.8836601307189542,0.0,0.005358108286869889
pcb4,4,2,bad/038.JPG,2940,0.923469387755102,0.8365271018602922,1.0,0.9493062235490379,2,2.4901809692382812,0.09239393472671509,0.6545138888888888,0.07653061224489799,0.11277912168874571
pcb4,4,2,bad/039.JPG,31984,0.9077663831915957,0.8219587312602119,0.7970860430215108,0.8088533433313111,25,26.78582000732422,0.03598296642303467,0.7788235294117648,-0.11068034017008499,-0.013105387928900813
pcb4,4,2,bad/040.JPG,43287,0.49850994524915104,0.3527429312733385,0.5710490447478458,0.3994535660565078,38,36.36279296875,0.007122635841369629,0.5767746913580247,0.07253909949869475,0.04671063478316928
pcb4,4,2,bad/041.JPG,8140,1.0,0.9721271515494118,1.0,0.9938670179083565,6,6.836669921875,0.22969621419906616,0.9777777777777777,0.0,0.02173986635894476
pcb4,4,2,bad/042.JPG,26614,0.823250920568122,0.5111975036908936,0.8400841662283008,0.4940692826612092,23,22.407745361328125,0.03871965408325195,0.7225100748416811,0.016833245660178853,-0.017128221029684365
pcb4,4,2,bad/043.JPG,5359,0.9509236797910058,0.7083514379467454,0.9958947564844187,0.817442397003381,4,4.4996337890625,0.15782752633094788,0.8139917695473251,0.04497107669341294,0.10909095905663557
pcb4,4,2,bad/044.JPG,8220,0.9962287104622871,0.8457482442750744,1.0,0.8767234992499473,7,6.923805236816406,0.06152904033660889,0.8814409484724122,0.0037712895377128852,0.030975254974872857
pcb4,4,2,bad/045.JPG,41595,0.9660055295107585,0.5879365958976557,0.9284769804062988,0.6696845522351547,36,34.9740104675293,0.04476439952850342,0.8708860759493671,-0.037528549104459685,0.08174795633749898
pcb4,4,2,bad/046.JPG,1247,0.7080994386527666,0.14780331447921255,0.7586206896551724,0.3009103447591254,0,1.09185791015625,0.050306886434555054,0.9041666666666667,0.05052125100240579,0.15310703027991288
pcb4,4,2,bad/047.JPG,32030,0.40290352794255385,0.29104232812778397,0.6571339369341243,0.5588511687907721,27,27.055492401123047,0.016960084438323975,0.682652409830833,0.2542304089915704,0.26780884066298816
pcb4,4,2,bad/048.JPG,11341,0.9730182523586985,0.6480703879976093,0.9358963054404373,0.6090834510401032,6,9.66796875,0.02303612232208252,0.7396026490066225,-0.037121946918261206,-0.0389869369575061
pcb4,4,2,bad/049.JPG,43033,0.8071480026956057,0.5090442758717878,0.8208351730067622,0.6959779830662924,38,36.2508544921875,0.04590144753456116,0.8055738424402019,0.013687170311156516,0.18693370719450464
pcb4,4,2,bad/050.JPG,39962,0.841274210499975,0.5100295262042522,0.8035133376707873,0.5542156888277412,31,33.363250732421875,0.03370720148086548,0.7671464019851116,-0.03776087282918772,0.044186162623488956
pcb4,4,2,bad/051.JPG,8713,0.5404567887065305,0.18210267373867897,0.7408470102146218,0.28823557048736076,5,7.285400390625,0.01569598913192749,0.7156804733727811,0.20039022150809138,0.10613289674868179
pcb4,4,2,bad/052.JPG,48945,0.8719174583716416,0.2749469158147892,0.8659311472060476,0.26402415825863396,37,41.19390869140625,0.04056471586227417,0.7601307189542483,-0.005986311165594005,-0.010922757556155238
pcb4,4,2,bad/053.JPG,52344,0.7322138162922207,0.47869141849424685,0.764251872229864,0.6219061730381539,39,44.020477294921875,0.04762840270996094,0.7531542356879237,0.032038055937643306,0.14321475454390703
pcb4,4,2,bad/054.JPG,12770,0.796945967110415,0.43500323540342367,0.8945184025058731,0.5378393198352298,7,10.57059097290039,0.02225819230079651,0.6881694255111976,0.09757243539545812,0.10283608443180614
pcb4,4,2,bad/055.JPG,9179,1.0,0.8184697429767396,1.0,0.8332808431545775,6,7.847076416015625,0.05432087182998657,0.8035087719298246,0.0,0.014811100177837933
pcb4,4,2,bad/056.JPG,29107,0.7793657882983475,0.30707181944618744,0.6828941491737383,0.44385863633053024,21,24.510040283203125,0.02607637643814087,0.7348793747876318,-0.09647163912460921,0.1367868168843428
pcb4,4,2,bad/057.JPG,52866,0.8943555404229562,0.6118321543710816,0.8499035296788106,0.6619929712178005,45,44.4189453125,0.031971365213394165,0.7685250946969696,-0.04445201074414562,0.050160816846718914
pcb4,4,2,bad/058.JPG,4342,0.7286964532473514,0.35330107925747606,0.7998618148318747,0.3763389894205975,4,3.6225662231445312,0.05519014596939087,0.7985074626865671,0.07116536158452325,0.023037910163121456
pcb4,4,2,bad/059.JPG,7883,0.7754661930737029,0.2985303547719099,0.8347075986299632,0.4003961014815882,3,6.647621154785156,0.0187666118144989,0.6341666666666668,0.05924140555626034,0.1018657467096783
pcb4,4,2,bad/060.JPG,18506,0.8195179941640549,0.41367460744725626,0.84664433156814,0.5057513759651907,14,15.474014282226562,0.02695751190185547,0.7561714019562179,0.0271263374040851,0.09207676851793445
pcb4,4,2,bad/061.JPG,6984,0.6837056128293242,0.28044536097125233,0.606815578465063,0.25074633314642014,2,5.8775634765625,0.025434106588363647,0.7572463768115942,-0.07689003436426123,-0.02969902782483219
pcb4,4,2,bad/062.JPG,50351,0.8937260431768982,0.6029341254175649,0.8359317590514588,0.6462377977842618,43,42.138031005859375,0.04425665736198425,0.8224786324786325,-0.05779428412543941,0.043303672366696966
pcb4,4,2,bad/063.JPG,3025,0.010578512396694216,1.9744580622824755e-05,0.5325619834710744,0.2174750712625343,1,2.627593994140625,0.035170137882232666,0.7190656565656566,0.5219834710743803,0.21745532668191148
pcb4,4,2,bad/064.JPG,34722,0.7948850872645585,0.4917746720129093,0.7660561027590577,0.4857615526712143,28,29.13336181640625,0.026738345623016357,0.7441485068603713,-0.028828984505500865,-0.006013119341695017
pcb4,4,2,bad/065.JPG,56071,0.7565943179183535,0.390939935387473,0.8145387098500116,0.4995828737495476,46,46.933807373046875,0.036126285791397095,0.7764222503160556,0.057944391931658124,0.10864293836207456
pcb4,4,2,bad/066.JPG,5046,0.9706698374950455,0.745304179523357,0.901307966706302,0.4693545849401468,6,4.2501220703125,0.08832219243049622,0.873263888888889,-0.06936187078874356,-0.2759495945832102
pcb4,4,2,bad/067.JPG,5007,0.9990013980427401,0.7958266987931764,0.969642500499301,0.7033313620290051,3,4.20947265625,0.06911256909370422,0.861111111111111,-0.029358897543439122,-0.09249533676417121
pcb4,4,2,bad/068.JPG,45838,0.8352458658754744,0.5456324569024625,0.8340678040054104,0.6953538840434295,35,38.606903076171875,0.03141438961029053,0.7851604760187523,-0.0011780618700640844,0.14972142714096692
pcb4,4,2,bad/069.JPG,12432,0.8946267696267697,0.538063906024185,0.9432110682110683,0.6162738643123683,10,10.36236572265625,0.05226600170135498,0.8670718816067654,0.04858429858429858,0.07820995828818333
pcb4,4,2,bad/070.JPG,35923,0.7617125518470061,0.5551659006192348,0.8042479748350639,0.6781660386241967,27,30.208972930908203,0.026675641536712646,0.781794586577679,0.04253542298805779,0.1230001380049619
pcb4,4,2,bad/071.JPG,15434,0.899507580666062,0.38077861547661324,0.7820396527147856,0.42943968421077433,11,12.989944458007812,0.03603851795196533,0.7961297666476949,-0.11746792795127636,0.048661068734161095
pcb4,4,2,bad/072.JPG,1204,0.9061461794019934,0.6403644574041715,0.9368770764119602,0.6980579214394425,1,1.010040283203125,-0.0021260082721710205,0.4833333333333334,0.030730897009966784,0.05769346403527098
pcb4,4,2,bad/073.JPG,40760,0.9099607458292444,0.3815902195047256,0.8699460255152109,0.5249769781327116,31,34.29541015625,0.04547309875488281,0.8036280729579699,-0.040014720314033414,0.143386758627986
pcb4,4,2,bad/074.JPG,16109,0.7825439195480787,0.37548365553653706,0.8353094543422931,0.5837600998409338,5,13.606849670410156,0.031728923320770264,0.7104761904761905,0.05276553479421442,0.20827644430439674
pcb4,4,2,bad/075.JPG,8402,0.8033801475839086,0.4202363663174728,0.842775529635801,0.47563821653147026,1,7.162971496582031,0.06768858432769775,0.7955569364610844,0.039395382051892414,0.05540185021399746
pcb4,4,2,bad/076.JPG,3932,0.9582909460834181,0.8042566472266791,0.991353001017294,0.8419611076110592,0,3.3062782287597656,0.15989646315574646,0.8954248366013072,0.03306205493387582,0.037704460384380134
pcb4,4,2,bad/077.JPG,3255,0.9735791090629801,0.577817430925728,0.985867895545315,0.6215951158359143,1,2.6939544677734375,0.17730087041854858,0.7487179487179487,0.01228878648233489,0.0437776849101863
pcb4,4,2,bad/078.JPG,9020,0.7491130820399113,0.421171230059539,0.7958980044345898,0.44541397712376735,0,7.581512451171875,0.045671939849853516,0.7872490313490665,0.04678492239467846,0.024242747064228354
pcb4,4,2,bad/079.JPG,37495,0.7406854247232965,0.4330801136530138,0.6957194292572343,0.6193086390914656,31,31.500228881835938,0.037633538246154785,0.7935125115848007,-0.04496599546606217,0.1862285254384518
pcb4,4,2,bad/080.JPG,21334,0.7604293615824506,0.296636940235309,0.7785694197056342,0.3237980022704826,16,17.943283081054688,0.03820747137069702,0.7647586980920315,0.018140058123183644,0.0271610620351736
pcb4,4,2,bad/081.JPG,26202,0.6971986871231204,0.4231115363641995,0.6937638348217693,0.6571828869354118,18,22.000022888183594,0.020830154418945312,0.7364949748743719,-0.003434852301351099,0.2340713505712123
pcb4,4,2,bad/082.JPG,31604,0.5677129477281356,0.3656434397496134,0.6358372357929376,0.4492652726423459,25,26.621749877929688,0.010454684495925903,0.6756249999999999,0.06812428806480197,0.0836218328927325
pcb4,4,2,bad/083.JPG,5662,1.0,0.782873489007387,1.0,0.7923131552619395,6,4.826171875,0.003543168306350708,0.5606060606060607,0.0,0.009439666254552503
pcb4,4,2,bad/084.JPG,30811,0.7438901690954529,0.3969971229814282,0.8544351043458505,0.5538561985481483,24,26.039676666259766,0.03603029251098633,0.7600198412698412,0.11054493525039755,0.15685907556672007
pcb4,4,2,bad/085.JPG,20166,0.8728057125855401,0.3226713697412173,0.8868888227710007,0.3509171170290151,14,16.97974395751953,0.03036177158355713,0.7776041666666668,0.014083110185460601,0.02824574728779783
pcb4,4,2,bad/086.JPG,7073,0.952778170507564,0.08906371567535161,0.9287431075922522,0.7305743161651502,4,5.964664459228516,0.054906100034713745,0.8257575757575758,-0.024035062915311767,0.6415106004897986
pcb4,4,2,bad/087.JPG,25708,0.759880192936051,0.4901907533271436,0.800606814999222,0.33169815602181213,18,21.647602081298828,0.05100417137145996,0.7936893203883495,0.040726622063171014,-0.1584925973053315
pcb4,4,2,bad/088.JPG,47399,0.35812991835270785,0.5707906792746654,0.3533407877803329,0.5207567399960215,39,39.86620330810547,0.011658549308776855,0.6041691483025611,-0.0047891305723749555,-0.05003393927864397
pcb4,4,2,bad/089.JPG,39729,0.8966498024113368,0.7881481928898559,0.8571320697727101,0.7824336959980946,30,33.448760986328125,0.07241004705429077,0.8298913043478261,-0.03951773263862679,-0.005714496891761289
pcb4,4,2,bad/090.JPG,12576,1.0,0.7932513897744737,1.0,0.8664550310740285,9,10.51458740234375,0.05383622646331787,0.8091856060606061,0.0,0.07320364129955481
pcb4,4,2,bad/091.JPG,6969,1.0,0.8486768380384122,1.0,0.829539954997677,6,5.82623291015625,0.0695798397064209,0.8600427350427351,0.0,-0.019136883040735242
pcb4,4,2,bad/092.JPG,28720,0.7744777158774373,0.5838644582783324,0.7986072423398328,0.5851133956829416,21,24.14279556274414,0.04452168941497803,0.7911672605550156,0.024129526462395523,0.001248937404609185
pcb4,4,2,bad/093.JPG,5308,0.9747550866616428,0.6642484567041379,0.996043707611153,0.6805401148931378,4,4.458984375,0.02688908576965332,0.6979166666666667,0.02128862094951023,0.016291658188999913
pcb4,4,2,bad/094.JPG,5832,0.9963991769547325,0.750876052411899,0.9545610425240055,0.7517462363540437,5,4.87255859375,0.026795774698257446,0.7100694444444445,-0.041838134430726925,0.0008701839421446644
pcb4,4,2,bad/095.JPG,23540,0.7799490229396772,0.5202491339094859,0.858623619371283,0.5646102641624663,18,19.63681411743164,0.02637559175491333,0.7143176234085324,0.07867459643160579,0.044361130252980385
pcb4,4,2,bad/096.JPG,5609,0.9588161882688536,0.5953017652174377,0.9955428775182742,0.5672164072633004,5,4.6480712890625,0.03442662954330444,0.7361111111111112,0.036726689249420574,-0.028085357954137358
pcb4,4,2,bad/097.JPG,30199,0.6414119672836849,0.2385092762915308,0.6708169144673665,0.28219516453374954,20,25.494869232177734,0.030113816261291504,0.7355499114908027,0.029404947183681585,0.04368588824221875
pcb4,4,2,bad/098.JPG,29139,0.5196472082089296,0.2887084336589317,0.6024571879611518,0.3375061603558423,18,24.530120849609375,0.015523552894592285,0.6703125,0.08280997975222215,0.048797726696910626
pcb4,4,2,bad/099.JPG,5639,1.0,0.7067835685286973,0.9760595850328072,0.6582297607437573,6,4.6434478759765625,0.06470975279808044,0.763888888888889,-0.02394041496719279,-0.048553807784940006
pipe_fryum,1,0,bad/000.JPG,2781,1.0,0.9882088512664252,1.0,0.9897976321657284,1,2.148101806640625,0.28729361295700073,0.9823232323232324,0.0,0.0015887808993031438
pipe_fryum,1,0,bad/001.JPG,1668,1.0,0.9724057171391611,1.0,0.963129957644453,1,1.2804718017578125,0.13614881038665771,0.8878787878787879,0.0,-0.009275759494708158
pipe_fryum,1,0,bad/002.JPG,2959,1.0,0.9760452865942111,1.0,0.9951370107034196,2,2.2651596069335938,0.21905368566513062,0.9407051282051282,0.0,0.019091724109208563
pipe_fryum,1,0,bad/003.JPG,3392,1.0,0.9755533918139625,1.0,0.9807506405776847,2,2.6121559143066406,0.2821004092693329,0.9739583333333334,0.0,0.005197248763722184
pipe_fryum,1,0,bad/004.JPG,4430,1.0,0.9247342181981666,1.0,0.9416730634715683,2,3.4028892517089844,0.2674173414707184,0.9595238095238094,0.0,0.016938845273401726
pipe_fryum,1,0,bad/005.JPG,3109,1.0,0.9378970252112536,1.0,0.9063063608048729,2,2.4336700439453125,0.2758083641529083,0.9761904761904762,0.0,-0.0315906644063807
pipe_fryum,1,0,bad/006.JPG,3199,0.9921850578305721,0.7169214149155101,1.0,0.8200886705327183,1,2.4793739318847656,0.1023024320602417,0.8031358885017421,0.007814942169427908,0.10316725561720819
pipe_fryum,1,0,bad/007.JPG,1305,1.0,0.9861212807697607,1.0,0.9972022089398086,1,1.0150833129882812,0.17761552333831787,0.811111111111111,0.0,0.01108092817004791
pipe_fryum,1,0,bad/008.JPG,3678,1.0,0.9893691444608321,1.0,0.9884853904248775,3,2.8317718505859375,0.3823845386505127,0.9841269841269842,0.0,-0.0008837540359546425
pipe_fryum,1,0,bad/009.JPG,2251,1.0,0.9933787348150178,1.0,0.996842844154216,1,1.7449684143066406,0.34168756008148193,0.9900793650793651,0.0,0.0034641093391981626
pipe_fryum,1,0,bad/010.JPG,1597,1.0,0.9285157553480619,1.0,0.9567555056950929,1,1.234619140625,0.25013670325279236,0.9671717171717172,0.0,0.02823975034703108
pipe_fryum,1,0,bad/011.JPG,6462,1.0,0.9460593264171226,1.0,0.9507943808455285,3,5.020648956298828,0.3189905881881714,0.9983552631578947,0.0,0.004735054428405827
pipe_fryum,1,0,bad/012.JPG,2847,1.0,0.9299635469049807,1.0,0.9582915022409324,1,2.2042236328125,0.22972440719604492,0.8864468864468865,0.0,0.02832795533595167
pipe_fryum,1,0,bad/013.JPG,3185,1.0,0.7643060740413863,1.0,0.8914775171274092,2,2.4743804931640625,0.21974441409111023,0.9586563307493541,0.0,0.1271714430860229
pipe_fryum,1,0,bad/014.JPG,3757,1.0,0.9305895938469688,1.0,0.9712716159848414,3,2.861907958984375,0.3050590455532074,0.9704861111111112,0.0,0.04068202213787253
pipe_fryum,1,0,bad/015.JPG,4228,0.9827341532639546,0.8721821572458632,0.9943235572374646,0.9106295318779326,3,3.2703590393066406,0.16828882694244385,0.8402777777777778,0.011589403973509937,0.038447374632069375
pipe_fryum,1,0,bad/016.JPG,1539,1.0,0.9326618913156717,1.0,0.7971081517489523,0,1.1683082580566406,0.13643720746040344,0.8909090909090909,0.0,-0.13555373956671934
pipe_fryum,1,0,bad/017.JPG,771,0.5110246433203631,0.238364299963253,0.9948119325551232,0.44289698109114156,0,0.5306243896484375,0.1502014696598053,0.8207070707070707,0.4837872892347601,0.20453268112788855
pipe_fryum,1,0,bad/018.JPG,1333,1.0,0.5735175955068766,1.0,0.6651555572116793,1,1.0357284545898438,0.06170809268951416,0.875,0.0,0.09163796170480265
pipe_fryum,1,0,bad/019.JPG,7551,0.9719242484439147,0.872509143181537,1.0,0.9507682666748964,6,5.831958770751953,0.23705652356147766,0.8735042735042735,0.028075751556085327,0.0782591234933594
pipe_fryum,1,0,bad/020.JPG,787,0.9796696315120712,0.34966600693490235,0.8996188055908514,0.24684240722235518,0,0.5916748046875,0.05532330274581909,0.7222222222222223,-0.08005082592121981,-0.10282359971254718
pipe_fryum,1,0,bad/021.JPG,1379,1.0,0.8914116287639556,1.0,0.8819755404251067,1,1.0355377197265625,0.13394403457641602,0.9,0.0,-0.009436088338848903
pipe_fryum,1,0,bad/022.JPG,2317,0.760897712559344,0.10583509927277271,1.0,0.455534316563837,1,1.7959060668945312,0.15876466035842896,0.8454545454545455,0.23910228744065598,0.34969921729106435
pipe_fryum,1,0,bad/023.JPG,5557,0.9960410293323736,0.9111325445359769,1.0,0.9474662570651488,3,4.305839538574219,0.24369928240776062,0.9153846153846154,0.003958970667626405,0.036333712529171835
pipe_fryum,1,0,bad/024.JPG,1489,1.0,0.9418668212585704,1.0,0.8379449973822051,0,1.0816688537597656,0.22376760840415955,0.9583333333333333,0.0,-0.10392182387636528
pipe_fryum,1,0,bad/025.JPG,2131,1.0,0.9516334002915374,1.0,0.8250967710497394,0,1.648040771484375,0.21910592913627625,0.9404761904761906,0.0,-0.12653662924179798
pipe_fryum,1,0,bad/026.JPG,10346,0.999033442876474,0.8643221479897323,1.0,0.9129998873036729,7,7.9384918212890625,0.27220791578292847,0.9134615384615384,0.0009665571235260018,0.04867773931394059
pipe_fryum,1,0,bad/027.JPG,2692,1.0,0.9595750647743948,0.99962852897474,0.9755610520780222,2,2.0256423950195312,0.1424373984336853,0.9606060606060606,-0.0003714710252600284,0.015985987303627436
pipe_fryum,1,0,bad/028.JPG,4083,0.9936321332353661,0.8165080289737694,1.0,0.8904669382215382,2,3.1531143188476562,0.16787368059158325,0.9007803790412486,0.006367866764633856,0.07395890924776882
pipe_fryum,1,0,bad/029.JPG,6236,0.8064464400256575,0.6243984128538503,0.881013470173188,0.7200451517689699,4,4.821563720703125,0.1646912693977356,0.8344988344988344,0.07456703014753052,0.09564673891511954
pipe_fryum,1,0,bad/030.JPG,325,1.0,0.999389891161663,1.0,0.9988768586866686,0,0.255126953125,0.3112015128135681,1.0,0.0,-0.000513032474994346
pipe_fryum,1,0,bad/031.JPG,400,1.0,0.7792219925561291,1.0,0.8477316543737904,0,0.3111572265625,0.16286534070968628,0.8914728682170543,0.0,0.06850966181766127
pipe_fryum,1,0,bad/032.JPG,610,1.0,0.9237764484191677,1.0,0.9745766933013283,0,0.474395751953125,0.23587286472320557,0.9719298245614035,0.0,0.05080024488216062
pipe_fryum,1,0,bad/033.JPG,367,1.0,0.9428676110192776,1.0,0.9883725728494203,0,0.2959632873535156,0.2518629729747772,0.85,0.0,0.04550496183014263
pipe_fryum,1,0,bad/034.JPG,301,1.0,0.9995693367786391,1.0,0.9994296622203599,0,0.2347412109375,0.2782449722290039,0.9791666666666666,0.0,-0.0001396745582792347
pipe_fryum,1,0,bad/035.JPG,374,1.0,0.9906749403592593,1.0,0.9975334988533893,0,0.2652587890625,0.13974547386169434,0.9693486590038315,0.0,0.006858558494129974
pipe_fryum,1,0,bad/036.JPG,488,1.0,0.9757233656870917,1.0,0.9943075524996555,0,0.39792633056640625,0.2804551124572754,1.0,0.0,0.018584186812563797
pipe_fryum,1,0,bad/037.JPG,290,1.0,0.9974513241625182,1.0,0.9986998959195295,0,0.2193756103515625,0.3938344717025757,0.9722222222222222,0.0,0.0012485717570112076
pipe_fryum,1,0,bad/038.JPG,601,1.0,0.9851373288482842,1.0,0.9852722051642004,0,0.4794960021972656,0.2259916067123413,0.9222222222222222,0.0,0.0001348763159162436
pipe_fryum,1,0,bad/039.JPG,246,1.0,0.9947373136297833,1.0,0.9972770303609274,0,0.19896697998046875,0.22808030247688293,0.9833333333333333,0.0,0.0025397167311440594
pipe_fryum,1,0,bad/040.JPG,5922,1.0,0.8708147723926918,1.0,0.8851599822047562,4,4.591419219970703,0.43099236488342285,0.9495145631067962,0.0,0.014345209812064441
pipe_fryum,1,0,bad/041.JPG,9061,0.9980134642975389,0.9247785054527954,1.0,0.9206006750436403,6,6.958942413330078,0.35822877287864685,0.9715384615384615,0.0019865357024611008,-0.004177830409155092
pipe_fryum,1,0,bad/042.JPG,4017,1.0,0.8848356193915375,1.0,0.9135814177263146,2,3.0917739868164062,0.44448554515838623,0.9289772727272727,0.0,0.028745798334777084
pipe_fryum,1,0,bad/043.JPG,1553,1.0,0.8857630766390803,1.0,0.9054132699465017,0,1.1835784912109375,0.4505019187927246,0.9673469387755103,0.0,0.01965019330742146
pipe_fryum,1,0,bad/044.JPG,6180,0.9936893203883496,0.8858506251893977,0.9996763754045307,0.9130796932323378,4,4.7497406005859375,0.3929137587547302,0.9276729559748428,0.005987055016181131,0.02722906804294012
pipe_fryum,1,0,bad/045.JPG,16148,0.9908347783007183,0.4335873368222215,0.9926925935100323,0.49341652788204377,10,12.433673858642578,0.42708107829093933,0.9560513860716701,0.00185781520931394,0.05982919105982226
pipe_fryum,1,0,bad/046.JPG,7567,0.9961675697105854,0.8852325120169746,0.9981498612395929,0.8816154211907504,5,5.867397308349609,0.31739139556884766,0.954978354978355,0.0019822915290075294,-0.0036170908262241896
pipe_fryum,1,0,bad/047.JPG,4536,1.0,0.43477226681065584,0.9984567901234568,0.4739828539314869,2,3.6069564819335938,0.45630955696105957,0.96875,-0.0015432098765432167,0.039210587120831086
pipe_fryum,1,0,bad/048.JPG,3220,1.0,0.9842699263903076,1.0,0.9877991726579446,3,2.4384613037109375,0.20328575372695923,0.9855769230769231,0.0,0.003529246267636954
pipe_fryum,1,0,bad/049.JPG,6848,0.9997079439252337,0.8275123709139826,0.9997079439252337,0.850008349754507,3,5.193660736083984,0.42522579431533813,0.9585218702865762,0.0,0.022495978840524455
pipe_fryum,1,0,bad/050.JPG,724,1.0,0.996273445230275,1.0,0.9983505962119934,1,0.55621337890625,0.242513507604599,0.9722222222222222,0.0,0.0020771509817184564
pipe_fryum,1,0,bad/051.JPG,552,1.0,0.8055514618650219,1.0,0.9521967932012034,0,0.4337310791015625,0.1934645175933838,0.8240740740740742,0.0,0.14664533133618152
pipe_fryum,1,0,bad/052.JPG,775,1.0,0.9984646295040561,1.0,0.9968491071716878,0,0.60723876953125,0.2573647201061249,0.95,0.0,-0.00161552233236828
pipe_fryum,1,0,bad/053.JPG,712,1.0,0.9880430418609046,1.0,0.9979624796653904,0,0.5612945556640625,0.18130290508270264,0.775,0.0,0.009919437804485787
pipe_fryum,1,0,bad/054.JPG,665,1.0,0.9967293243253413,1.0,0.998473454827177,0,0.5051002502441406,0.27774232625961304,1.0,0.0,0.001744130501835639
pipe_fryum,1,0,bad/055.JPG,595,1.0,0.9947940428715321,1.0,0.9982558634710786,0,0.459228515625,0.3319908082485199,1.0,0.0,0.0034618205995465834
pipe_fryum,1,0,bad/056.JPG,880,1.0,0.9751335567526759,1.0,0.9952625110095081,0,0.6734619140625,0.2448151707649231,0.9333333333333333,0.0,0.020128954256832254
pipe_fryum,1,0,bad/057.JPG,673,1.0,0.9975448292607949,1.0,0.9984003736694019,1,0.5202369689941406,0.20871558785438538,0.9907407407407408,0.0,0.000855544408607023
pipe_fryum,1,0,bad/058.JPG,640,1.0,0.990033665578742,1.0,0.9947814900736573,0,0.50518798828125,0.3256584405899048,0.9907407407407408,0.0,0.004747824494915398
pipe_fryum,1,0,bad/059.JPG,685,1.0,0.9096557238790549,1.0,0.8809297926303944,0,0.5254859924316406,0.15512722730636597,0.7725,0.0,-0.02872593124866052
pipe_fryum,1,0,bad/060.JPG,840,1.0,0.9983500094068998,1.0,0.9977103324784339,0,0.652984619140625,0.29061752557754517,1.0,0.0,-0.0006396769284658932
pipe_fryum,1,0,bad/061.JPG,585,1.0,0.9951099530011775,1.0,0.9977381075367953,0,0.44891357421875,0.2659547030925751,1.0,0.0,0.0026281545356177105
pipe_fryum,1,0,bad/062.JPG,537,1.0,0.9981393216585579,1.0,0.9989208614239605,0,0.413177490234375,0.25288742780685425,1.0,0.0,0.0007815397654026279
pipe_fryum,1,0,bad/063.JPG,460,1.0,0.8959763937676632,1.0,0.9746427652355318,0,0.3316230773925781,0.04788774251937866,0.7333333333333334,0.0,0.07866637146786859
pipe_fryum,1,0,bad/064.JPG,686,1.0,0.9952365970537203,1.0,0.9980126227138547,0,0.520416259765625,0.2674637734889984,0.9,0.0,0.0027760256601344624
pipe_fryum,1,0,bad/065.JPG,806,1.0,0.9977283671946077,1.0,0.9980011293195445,0,0.6376953125,0.3582461476325989,1.0,0.0,0.0002727621249368761
pipe_fryum,1,0,bad/066.JPG,949,1.0,0.9975041748075055,1.0,0.9957449186973233,0,0.72967529296875,0.34838148951530457,1.0,0.0,-0.001759256110182239
pipe_fryum,1,0,bad/067.JPG,1067,1.0,0.9881172041965433,1.0,0.9936292570578816,0,0.816253662109375,0.18407279253005981,0.8612244897959184,0.0,0.005512052861338379
pipe_fryum,1,0,bad/068.JPG,677,1.0,0.9979013554742903,1.0,0.9988289796621023,0,0.5253639221191406,0.16992846131324768,0.8708333333333333,0.0,0.000927624187812004
pipe_fryum,1,0,bad/069.JPG,681,1.0,0.9355332033404379,1.0,0.9710176259081993,0,0.5050735473632812,0.14547964930534363,0.9444444444444444,0.0,0.03548442256776141
pipe_fryum,1,0,bad/070.JPG,1851,0.9924365207995678,0.5292748415299932,1.0,0.7167357597495196,0,1.4591407775878906,0.36781013011932373,0.9165971643035863,0.0075634792004322104,0.18746091821952648
pipe_fryum,1,0,bad/071.JPG,7949,0.9825135237136747,0.6404188984643534,0.9964775443452006,0.6942630087709994,4,6.127582550048828,0.44114574790000916,0.8846988605534455,0.013964020631525909,0.05384411030664604
pipe_fryum,1,0,bad/072.JPG,4167,1.0,0.7730805826650662,1.0,0.9149530854822335,2,3.2808799743652344,0.31529220938682556,0.9059549745824256,0.0,0.14187250281716735
pipe_fryum,1,0,bad/073.JPG,3136,0.9955357142857143,0.7959006290885812,1.0,0.7757893413136815,1,2.433147430419922,0.26769784092903137,0.852328431372549,0.004464285714285698,-0.020111287774899678
pipe_fryum,1,0,bad/074.JPG,2796,0.9574391988555079,0.7873755031539864,1.0,0.9095169686418514,1,2.193878173828125,0.09253036975860596,0.7800480769230769,0.04256080114449212,0.12214146548786498
pipe_fryum,1,0,bad/075.JPG,2136,1.0,0.8676460524610093,1.0,0.9084209549842776,0,1.6530532836914062,0.42766356468200684,0.8344459279038718,0.0,0.04077490252326821
pipe_fryum,1,0,bad/076.JPG,4226,0.9555134879318504,0.574676233185769,0.9947941315664931,0.7936263099321886,0,3.306018829345703,0.32385700941085815,0.9328000000000001,0.039280643634642676,0.21895007674641964
pipe_fryum,1,0,bad/077.JPG,1592,1.0,0.9297954674220994,0.9868090452261307,0.8860401067575518,0,1.2244682312011719,0.39947691559791565,0.965686274509804,-0.013190954773869334,-0.04375536066454755
pipe_fryum,1,0,bad/078.JPG,5643,0.9923799397483608,0.5832415304605683,0.9833421938685096,0.67973308669181,1,4.356864929199219,0.32438477873802185,0.9376456876456877,-0.009037745879851178,0.09649155623124173
pipe_fryum,1,0,bad/079.JPG,5517,1.0,0.9788905306736262,1.0,0.989689187998028,3,4.249698638916016,0.37392929196357727,0.9632936507936507,0.0,0.010798657324401773
pipe_fryum,1,0,bad/080.JPG,1476,1.0,0.9492723384940807,1.0,0.9686130816694984,0,1.1579475402832031,0.3649527430534363,0.9553571428571428,0.0,0.019340743175417785
pipe_fryum,1,0,bad/081.JPG,2551,1.0,0.947851213461506,1.0,0.9488422809476912,1,1.9843826293945312,0.391049325466156,0.996031746031746,0.0,0.0009910674861851598
pipe_fryum,1,0,bad/082.JPG,1404,1.0,0.9192405799917103,1.0,0.9274804279963619,0,1.14288330078125,0.38926777243614197,0.9907407407407407,0.0,0.008239848004651606
pipe_fryum,1,0,bad/083.JPG,3307,1.0,0.9185371228394159,1.0,0.9331722179872359,0,2.540668487548828,0.2893410623073578,0.9453044375644996,0.0,0.01463509514782002
pipe_fryum,1,0,bad/084.JPG,4101,0.964155084125823,0.5791481081921049,0.9770787612777372,0.6569771762673924,0,3.0562095642089844,0.3679385781288147,0.8728070175438597,0.012923677151914226,0.07782906807528744
pipe_fryum,1,0,bad/085.JPG,5731,1.0,0.8963407875171022,1.0,0.9679954159245143,4,4.362552642822266,0.32999902963638306,0.8996913580246914,0.0,0.0716546284074121
pipe_fryum,1,0,bad/086.JPG,1877,1.0,0.9579567461708884,1.0,0.9771806400870303,0,1.4237060546875,0.4205166697502136,0.9945054945054945,0.0,0.019223893916141876
pipe_fryum,1,0,bad/087.JPG,3119,0.9961526130169926,0.9141798912836969,1.0,0.9397863286556718,0,2.382659912109375,0.354562908411026,0.8918219461697722,0.0038473869830073504,0.025606437371974877
pipe_fryum,1,0,bad/088.JPG,1352,1.0,0.9875072851250951,1.0,0.9922933515102608,0,1.025421142578125,0.3369010090827942,1.0,0.0,0.004786066385165655
pipe_fryum,1,0,bad/089.JPG,6227,0.9524650714629838,0.762149930657241,0.9788019913280873,0.863819358417848,3,4.841400146484375,0.20772844552993774,0.8612648221343874,0.02633691986510356,0.10166942776060695
pipe_fryum,1,0,bad/090.JPG,358090,0.6981848138736072,0.4759813288620189,0.7790108631908179,0.4799457907254141,274,275.48193359375,0.1413576602935791,0.8836554581975768,0.08082604931721071,0.003964461863395219
pipe_fryum,1,0,bad/091.JPG,388747,0.9210952110241365,0.6940644180367996,0.905797343773714,0.635894796200763,297,299.15264892578125,0.1160309910774231,0.8914673128966252,-0.015297867250422481,-0.05816962183603669
pipe_fryum,1,0,bad/092.JPG,231035,0.6435734845369749,0.2682690121232739,0.6603718051377497,0.3517227426133075,180,177.75048828125,0.10139349102973938,0.868856062604414,0.016798320600774796,0.08345373049003357
pipe_fryum,1,0,bad/093.JPG,189936,0.9941611911380676,0.7864571323881342,1.0,0.8058949741890287,148,146.06109619140625,0.2246406078338623,0.979055900621118,0.005838808861932443,0.019437841800894473
pipe_fryum,1,0,bad/094.JPG,227896,0.9999648962684733,0.8788898514462247,0.9999517323691508,0.8678713974192287,177,175.3273162841797,0.2175479531288147,0.9769828862925787,-1.316389932248807e-05,-0.011018454026995972
pipe_fryum,1,0,bad/095.JPG,134934,0.9209020706419435,0.6379758298926204,0.9523989505980701,0.6319862917782123,103,103.82737731933594,0.12846839427947998,0.9523021684032666,0.0314968799561266,-0.005989538114408055
pipe_fryum,1,0,bad/096.JPG,165633,1.0,0.9481491983378338,1.0,0.9423127617092047,128,127.4125747680664,0.24531716108322144,0.9922501415839518,0.0,-0.005836436628629094
pipe_fryum,1,0,bad/097.JPG,219832,0.9851750427599257,0.848542300068992,0.9961925470359183,0.8924976178364028,167,169.1221160888672,0.16677063703536987,0.9586591667809942,0.011017504275992573,0.043955317767410795
pipe_fryum,1,0,bad/098.JPG,410063,0.8848274533425352,0.6480381363316364,0.8721611069518587,0.6219977159599865,317,315.5506591796875,0.14728814363479614,0.9239084132055378,-0.012666346390676542,-0.026040420371649886
pipe_fryum,1,0,bad/099.JPG,231649,0.9982602989868292,0.9012154566444195,0.9992920323420347,0.8976541503549114,175,178.27835083007812,0.1696356236934662,0.9855462258374881,0.0010317333552054553,-0.003561306289508126
pipe_fryum,1,1,bad/000.JPG,2781,1.0,0.9909842474855529,1.0,0.9912020706522867,1,2.148101806640625,0.4399840533733368,0.9949494949494949,0.0,0.0002178231667337993
pipe_fryum,1,1,bad/001.JPG,1668,1.0,0.9662731024473298,1.0,0.9718069803719692,1,1.2804718017578125,0.15657922625541687,0.9272727272727272,0.0,0.005533877924639441
pipe_fryum,1,1,bad/002.JPG,2959,1.0,0.9910212099509366,1.0,0.9912614869542064,2,2.2651596069335938,0.3259529173374176,0.9583333333333334,0.0,0.0002402770032697843
pipe_fryum,1,1,bad/003.JPG,3392,1.0,0.9885704201354167,1.0,0.9910564551675594,2,2.6121559143066406,0.27991920709609985,0.9739583333333334,0.0,0.0024860350321426194
pipe_fryum,1,1,bad/004.JPG,4430,1.0,0.9271267291185872,1.0,0.9466424624856487,2,3.4028892517089844,0.3479565978050232,0.9563492063492063,0.0,0.019515733367061472
pipe_fryum,1,1,bad/005.JPG,3109,1.0,0.9486872509120527,1.0,0.911418447525863,2,2.4336700439453125,0.4090658724308014,0.9589947089947091,0.0,-0.037268803386189764
pipe_fryum,1,1,bad/006.JPG,3199,1.0,0.8504631078191843,1.0,0.8782450111183543,1,2.4793739318847656,0.1844715178012848,0.8519163763066202,0.0,0.027781903299169963
pipe_fryum,1,1,bad/007.JPG,1305,1.0,0.9942495494854366,1.0,0.9969454592988088,1,1.0150833129882812,0.4402771592140198,0.9388888888888889,0.0,0.0026959098133721993
pipe_fryum,1,1,bad/008.JPG,3678,1.0,0.9845305397354456,1.0,0.991961007323896,3,2.8317718505859375,0.49728846549987793,0.998015873015873,0.0,0.007430467588450451
pipe_fryum,1,1,bad/009.JPG,2251,1.0,0.9919516536034431,1.0,0.995985251973159,1,1.7449684143066406,0.439143568277359,1.0,0.0,0.004033598369715952
pipe_fryum,1,1,bad/010.JPG,1597,1.0,0.9309849529189129,1.0,0.9549920480854912,1,1.234619140625,0.3586418926715851,0.994949494949495,0.0,0.024007095166578285
pipe_fryum,1,1,bad/011.JPG,6462,1.0,0.9563729178942079,1.0,0.9526145651260817,3,5.020648956298828,0.33625760674476624,1.0,0.0,-0.003758352768126194
pipe_fryum,1,1,bad/012.JPG,2847,1.0,0.9775946886876892,1.0,0.9734652139171601,1,2.2042236328125,0.4033994972705841,0.9981684981684982,0.0,-0.004129474770529051
pipe_fryum,1,1,bad/013.JPG,3185,1.0,0.8770931089047707,1.0,0.9327699867652253,2,2.4743804931640625,0.3439359664916992,0.9341085271317829,0.0,0.05567687786045461
pipe_fryum,1,1,bad/014.JPG,3757,1.0,0.9632828171238556,1.0,0.9731324478052175,3,2.861907958984375,0.30821752548217773,0.9722222222222222,0.0,0.00984963068136191
pipe_fryum,1,1,bad/015.JPG,4228,1.0,0.9545641691620451,1.0,0.9477458671198769,3,3.2703590393066406,0.2014864683151245,0.9288194444444444,0.0,-0.006818302042168267
pipe_fryum,1,1,bad/016.JPG,1539,1.0,0.9478164773734873,1.0,0.9266279706062893,0,1.1683082580566406,0.2513323128223419,0.9272727272727272,0.0,-0.021188506767197968
pipe_fryum,1,1,bad/017.JPG,771,1.0,0.896896870189813,1.0,0.6339061948258693,0,0.5306243896484375,0.2380809783935547,0.9722222222222222,0.0,-0.2629906753639437
pipe_fryum,1,1,bad/018.JPG,1333,1.0,0.7660723241122847,1.0,0.8347808159358269,1,1.0357284545898438,0.15500035881996155,0.9469696969696969,0.0,0.06870849182354222
pipe_fryum,1,1,bad/019.JPG,7551,1.0,0.9274753445685802,1.0,0.9426347660378209,6,5.831958770751953,0.20203667879104614,0.8683760683760684,0.0,0.015159421469240764
pipe_fryum,1,1,bad/020.JPG,787,1.0,0.8972811250070084,1.0,0.9500831043721456,0,0.5916748046875,0.21590232849121094,0.8999999999999999,0.0,0.0528019793651372
pipe_fryum,1,1,bad/021.JPG,1379,1.0,0.8966400729910432,1.0,0.9613978630083566,1,1.0355377197265625,0.22737625241279602,0.9555555555555556,0.0,0.06475779001731341
pipe_fryum,1,1,bad/022.JPG,2317,0.9995684074233924,0.40490945075804113,1.0,0.48572510394738505,1,1.7959060668945312,0.2464030683040619,0.9090909090909092,0.0004315925766076312,0.08081565318934392
pipe_fryum,1,1,bad/023.JPG,5557,1.0,0.9415049958666185,1.0,0.949168409361669,3,4.305839538574219,0.18364453315734863,0.8940170940170941,0.0,0.007663413495050508
pipe_fryum,1,1,bad/024.JPG,1489,1.0,0.9486383327282655,1.0,0.8310524664257174,0,1.0816688537597656,0.25527650117874146,0.9629629629629629,0.0,-0.11758586630254808
pipe_fryum,1,1,bad/025.JPG,2131,1.0,0.9025194275369604,1.0,0.8236701348304034,0,1.648040771484375,0.2859598398208618,0.9702380952380951,0.0,-0.07884929270655694
pipe_fryum,1,1,bad/026.JPG,10346,0.9965203943553064,0.8534209244037252,1.0,0.9038162818102016,7,7.9384918212890625,0.2801060974597931,0.9138176638176637,0.0034796056446936285,0.05039535740647638
pipe_fryum,1,1,bad/027.JPG,2692,1.0,0.9666541730068481,1.0,0.9358762174874349,2,2.0256423950195312,0.2575390636920929,1.0,0.0,-0.030777955519413203
pipe_fryum,1,1,bad/028.JPG,4083,1.0,0.9197883166328082,1.0,0.9142014170828411,2,3.1531143188476562,0.2839786112308502,0.9620958751393534,0.0,-0.005586899549967161
pipe_fryum,1,1,bad/029.JPG,6236,0.8388389993585632,0.6116541636551865,0.7661962796664529,0.623980410381083,4,4.821563720703125,0.16908109188079834,0.8741258741258742,-0.07264271969211034,0.01232624672589644
pipe_fryum,1,1,bad/030.JPG,325,1.0,0.9992500192500192,1.0,0.9984161862640342,0,0.255126953125,0.32877790927886963,1.0,0.0,-0.0008338329859850502
pipe_fryum,1,1,bad/031.JPG,400,1.0,0.8621886705034667,1.0,0.9354984035919292,0,0.3111572265625,0.22706076502799988,0.91343669250646,0.0,0.07330973308846245
pipe_fryum,1,1,bad/032.JPG,610,1.0,0.9729277266195143,1.0,0.9928594091846688,0,0.474395751953125,0.36247488856315613,0.9982456140350877,0.0,0.01993168256515443
pipe_fryum,1,1,bad/033.JPG,367,1.0,0.931215096389126,1.0,0.9659160711308226,0,0.2959632873535156,0.389125257730484,0.8125,0.0,0.03470097474169653
pipe_fryum,1,1,bad/034.JPG,301,1.0,0.9994667093673076,1.0,0.9991008950480049,0,0.2347412109375,0.4241200387477875,1.0,0.0,-0.00036581431930271524
pipe_fryum,1,1,bad/035.JPG,374,1.0,0.9933127061873227,1.0,0.9973930096771599,0,0.2652587890625,0.24367588758468628,1.0,0.0,0.004080303489837234
pipe_fryum,1,1,bad/036.JPG,488,1.0,0.9777736974998593,1.0,0.9966551390123476,0,0.39792633056640625,0.2949720323085785,0.9903846153846153,0.0,0.018881441512488273
pipe_fryum,1,1,bad/037.JPG,290,1.0,0.9979543434912597,1.0,0.9975499419892089,0,0.2193756103515625,0.4353024959564209,0.9907407407407408,0.0,-0.0004044015020507885
pipe_fryum,1,1,bad/038.JPG,601,1.0,0.9852905517397986,1.0,0.9931428157745106,0,0.4794960021972656,0.4154370129108429,0.924074074074074,0.0,0.007852264034711953
pipe_fryum,1,1,bad/039.JPG,246,1.0,0.9934901697762119,1.0,0.9982380754738479,0,0.19896697998046875,0.2975393533706665,0.9916666666666667,0.0,0.004747905697636057
pipe_fryum,1,1,bad/040.JPG,5922,1.0,0.8463462214630955,1.0,0.8717691298428187,4,4.591419219970703,0.403455913066864,0.9449838187702266,0.0,0.025422908379723275
pipe_fryum,1,1,bad/041.JPG,9061,0.9973512857300518,0.8895332597641076,1.0,0.9168243073283696,6,6.958942413330078,0.30927419662475586,0.9684615384615385,0.0026487142699481714,0.02729104756426204
pipe_fryum,1,1,bad/042.JPG,4017,1.0,0.8937395556131297,1.0,0.9124404346560202,2,3.0917739868164062,0.4328320324420929,0.9337121212121212,0.0,0.018700879042890528
pipe_fryum,1,1,bad/043.JPG,1553,1.0,0.8989480937359157,1.0,0.9276814989335896,0,1.1835784912109375,0.4697280526161194,0.9741496598639456,0.0,0.028733405197673978
pipe_fryum,1,1,bad/044.JPG,6180,0.9917475728155339,0.8820749248135373,1.0,0.9269349009576291,4,4.7497406005859375,0.36485031247138977,0.9310796645702306,0.00825242718446606,0.04485997614409176
pipe_fryum,1,1,bad/045.JPG,16148,0.9925068119891008,0.45695997763263385,0.9967797869705227,0.5129512842019688,10,12.433673858642578,0.409855455160141,0.95368492224476,0.004272974981421873,0.05599130656933493
pipe_fryum,1,1,bad/046.JPG,7567,0.9957711114047839,0.8801471320567197,0.999207083388397,0.8915249272273734,5,5.867397308349609,0.3009337782859802,0.9456709956709957,0.0034359719836131175,0.011377795170653737
pipe_fryum,1,1,bad/047.JPG,4536,0.9947089947089947,0.3565038351524486,0.9975749559082893,0.4617846374154852,2,3.6069564819335938,0.42439785599708557,0.9430555555555555,0.002865961199294609,0.1052808022630366
pipe_fryum,1,1,bad/048.JPG,3220,1.0,0.975695254254248,1.0,0.9815545383918104,3,2.4384613037109375,0.25563061237335205,0.9871794871794871,0.0,0.005859284137562426
pipe_fryum,1,1,bad/049.JPG,6848,0.9989778037383178,0.8301268533980505,0.9998539719626168,0.8533186193713246,3,5.193660736083984,0.3811073899269104,0.9643036701860231,0.0008761682242990343,0.023191765973274103
pipe_fryum,1,1,bad/050.JPG,724,1.0,0.9957092101420131,1.0,0.9986353954981422,1,0.55621337890625,0.26078668236732483,0.962962962962963,0.0,0.0029261853561290962
pipe_fryum,1,1,bad/051.JPG,552,1.0,0.9661550769698773,1.0,0.9992558045634672,0,0.4337310791015625,0.22512692213058472,0.9074074074074074,0.0,0.03310072759358984
pipe_fryum,1,1,bad/052.JPG,775,1.0,0.9972620888510971,1.0,0.9974393389805577,0,0.60723876953125,0.3809427320957184,1.0,0.0,0.00017725012946057106
pipe_fryum,1,1,bad/053.JPG,712,1.0,0.9925745599160587,1.0,0.9979174985965485,0,0.5612945556640625,0.19789451360702515,0.8083333333333333,0.0,0.0053429386804898504
pipe_fryum,1,1,bad/054.JPG,665,1.0,0.9957808245148216,1.0,0.9986708513024303,0,0.5051002502441406,0.36877045035362244,1.0,0.0,0.002890026787608635
pipe_fryum,1,1,bad/055.JPG,595,1.0,0.9948214998588902,1.0,0.9983508234641721,0,0.459228515625,0.45232725143432617,1.0,0.0,0.003529323605281909
pipe_fryum,1,1,bad/056.JPG,880,1.0,0.9824415870962419,1.0,0.997968397349028,0,0.6734619140625,0.3022930324077606,0.95,0.0,0.015526810252786127
pipe_fryum,1,1,bad/057.JPG,673,1.0,0.9976898688234095,1.0,0.9990983123108562,1,0.5202369689941406,0.31257373094558716,0.9907407407407408,0.0,0.001408443487446731
pipe_fryum,1,1,bad/058.JPG,640,1.0,0.9932640512446883,1.0,0.9991019078387697,0,0.50518798828125,0.40252190828323364,0.9814814814814815,0.0,0.005837856594081425
pipe_fryum,1,1,bad/059.JPG,685,1.0,0.9119982784191794,1.0,0.9041569224091347,0,0.5254859924316406,0.2680726945400238,0.865,0.0,-0.007841356010044653
pipe_fryum,1,1,bad/060.JPG,840,1.0,0.998469559101024,1.0,0.9973478799596586,0,0.652984619140625,0.41559460759162903,1.0,0.0,-0.001121679141365406
pipe_fryum,1,1,bad/061.JPG,585,1.0,0.996764480487092,1.0,0.9990708657375325,0,0.44891357421875,0.38153648376464844,1.0,0.0,0.002306385250440468
pipe_fryum,1,1,bad/062.JPG,537,1.0,0.9982716255194507,1.0,0.999009251336998,0,0.413177490234375,0.3570753037929535,1.0,0.0,0.0007376258175473271
pipe_fryum,1,1,bad/063.JPG,460,1.0,0.9908546771953658,1.0,0.9874280120743976,0,0.3316230773925781,0.17285916209220886,0.775,0.0,-0.003426665120968231
pipe_fryum,1,1,bad/064.JPG,686,1.0,0.9951707334682147,1.0,0.9986761597658208,0,0.520416259765625,0.43748176097869873,0.9708333333333333,0.0,0.0035054262976060846
pipe_fryum,1,1,bad/065.JPG,806,1.0,0.9978635160171536,1.0,0.9989283753160533,0,0.6376953125,0.44885700941085815,1.0,0.0,0.0010648592988996564
pipe_fryum,1,1,bad/066.JPG,949,1.0,0.9988137910971703,1.0,0.9981688785766837,0,0.72967529296875,0.39022397994995117,1.0,0.0,-0.0006449125204865958
pipe_fryum,1,1,bad/067.JPG,1067,1.0,0.9868956986364591,1.0,0.9949309798578676,0,0.816253662109375,0.33475738763809204,0.9238095238095239,0.0,0.008035281221408508
pipe_fryum,1,1,bad/068.JPG,677,1.0,0.9980747105043486,1.0,0.9993571190168082,0,0.5253639221191406,0.33202528953552246,0.9500000000000001,0.0,0.001282408512459643
pipe_fryum,1,1,bad/069.JPG,681,1.0,0.9871704791181537,1.0,0.9988808220878764,0,0.5050735473632812,0.26865556836128235,0.9814814814814815,0.0,0.011710342969722731
pipe_fryum,1,1,bad/070.JPG,1851,0.9875742841707186,0.495448760526509,1.0,0.769167611418268,0,1.4591407775878906,0.34186118841171265,0.8824020016680567,0.012425715829281425,0.27371885089175896
pipe_fryum,1,1,bad/071.JPG,7949,0.9837715435903888,0.6580794135698426,0.9991193860863001,0.706785048601116,4,6.127582550048828,0.44714733958244324,0.9005697232772654,0.015347842495911368,0.04870563503127345
pipe_fryum,1,1,bad/072.JPG,4167,1.0,0.9130979720583605,1.0,0.9455058699468518,2,3.2808799743652344,0.36119890213012695,0.934640522875817,0.0,0.0324078978884913
pipe_fryum,1,1,bad/073.JPG,3136,0.9948979591836735,0.7931713236406918,0.9996811224489796,0.8193880447813996,1,2.433147430419922,0.28103122115135193,0.8517156862745099,0.004783163265306034,0.026216721140707833
pipe_fryum,1,1,bad/074.JPG,2796,0.971030042918455,0.9101288349925242,1.0,0.8725860903606573,1,2.193878173828125,0.17258739471435547,0.813301282051282,0.02896995708154504,-0.03754274463186691
pipe_fryum,1,1,bad/075.JPG,2136,0.9953183520599251,0.8187111475254055,1.0,0.8546095423420275,0,1.6530532836914062,0.386639803647995,0.8578104138851802,0.004681647940074862,0.03589839481662194
pipe_fryum,1,1,bad/076.JPG,4226,1.0,0.603104362474745,1.0,0.8464853344847207,0,3.306018829345703,0.3408670425415039,0.94496,0.0,0.24338097200997577
pipe_fryum,1,1,bad/077.JPG,1592,1.0,0.9330987597086157,0.9868090452261307,0.9185363759619952,0,1.2244682312011719,0.40521377325057983,0.9754901960784313,-0.013190954773869334,-0.014562383746620444
pipe_fryum,1,1,bad/078.JPG,5643,0.9953925217083112,0.6232331629631295,0.989190147084884,0.7033750588859933,1,4.356864929199219,0.34534722566604614,0.9498834498834499,-0.006202374623427209,0.0801418959228638
pipe_fryum,1,1,bad/079.JPG,5517,1.0,0.9799238475065289,1.0,0.988511163242547,3,4.249698638916016,0.37853914499282837,0.9642857142857142,0.0,0.008587315736018009
pipe_fryum,1,1,bad/080.JPG,1476,1.0,0.9810904851100873,1.0,0.9872618587456053,0,1.1579475402832031,0.45589956641197205,0.9613095238095238,0.0,0.006171373635518007
pipe_fryum,1,1,bad/081.JPG,2551,1.0,0.9448080759143695,1.0,0.9704074974676443,1,1.9843826293945312,0.4184678792953491,1.0,0.0,0.02559942155327477
pipe_fryum,1,1,bad/082.JPG,1404,1.0,0.9157164434742426,1.0,0.9337244668471645,0,1.14288330078125,0.35079166293144226,1.0,0.0,0.018008023372921844
pipe_fryum,1,1,bad/083.JPG,3307,0.999395222255821,0.8893572619360433,1.0,0.9262556647656264,0,2.540668487548828,0.3192625641822815,0.9097007223942208,0.000604777744178997,0.03689840282958312
pipe_fryum,1,1,bad/084.JPG,4101,0.964155084125823,0.5811130483324343,0.9851255791270422,0.6906943374360826,0,3.0562095642089844,0.3456302881240845,0.8870614035087719,0.02097049500121928,0.10958128910364828
pipe_fryum,1,1,bad/085.JPG,5731,1.0,0.9028663589344356,0.9940673529924969,0.9566549112132161,4,4.362552642822266,0.3151482343673706,0.8991769547325102,-0.005932647007503067,0.053788552278780544
pipe_fryum,1,1,bad/086.JPG,1877,1.0,0.966301280772382,1.0,0.9796835845379642,0,1.4237060546875,0.43050795793533325,0.9945054945054945,0.0,0.013382303765582249
pipe_fryum,1,1,bad/087.JPG,3119,1.0,0.9361837280598717,1.0,0.9531393621970735,0,2.382659912109375,0.3831323981285095,0.9461697722567288,0.0,0.016955634137201803
pipe_fryum,1,1,bad/088.JPG,1352,1.0,0.9859141290303222,1.0,0.9906349823622868,0,1.025421142578125,0.3625950813293457,1.0,0.0,0.004720853331964592
pipe_fryum,1,1,bad/089.JPG,6227,0.9898827685884053,0.8423098233386267,0.9873133129918099,0.8974421693543783,3,4.841400146484375,0.22786441445350647,0.866798418972332,-0.0025694555965953825,0.055132346015751565
pipe_fryum,1,1,bad/090.JPG,358090,0.7010276746069424,0.4441377482833346,0.8587729341785585,0.508048346924846,274,275.48193359375,0.15218597650527954,0.9050179778361221,0.15774525957161611,0.06391059864151144
pipe_fryum,1,1,bad/091.JPG,388747,0.8908570355526859,0.6536943504130255,0.9020905627567544,0.6183435108868199,297,299.15264892578125,0.13501369953155518,0.9019811222902189,0.01123352720406845,-0.035350839526205546
pipe_fryum,1,1,bad/092.JPG,231035,0.6496851126452702,0.26963650831172725,0.6616226978596317,0.33412772839183796,180,177.75048828125,0.12624001502990723,0.8878044491339137,0.011937585214361501,0.06449122008011071
pipe_fryum,1,1,bad/093.JPG,189936,0.9752442928144217,0.7339639647441015,0.9891542414286918,0.7714841737196805,148,146.06109619140625,0.18061542510986328,0.9527950310559006,0.013909948614270085,0.03752020897557895
pipe_fryum,1,1,bad/094.JPG,227896,0.9982316495243444,0.8832966564615752,0.9995041597921859,0.8541219448890288,177,175.3273162841797,0.19877266883850098,0.9697836103340464,0.0012725102678414757,-0.029174711572546363
pipe_fryum,1,1,bad/095.JPG,134934,0.9392073161693865,0.6440723527738712,0.9251708242548209,0.6151360154033956,103,103.82737731933594,0.11361557245254517,0.9428330047873839,-0.014036491914565574,-0.02893633737047563
pipe_fryum,1,1,bad/096.JPG,165633,0.9979533064063321,0.9174146043345005,0.9939444434382038,0.899509210135031,128,127.4125747680664,0.2181011438369751,0.9892992339563027,-0.004008862968128302,-0.01790539419946946
pipe_fryum,1,1,bad/097.JPG,219832,0.9956512245714909,0.8557923672823844,0.9993313075439426,0.8836446537053533,167,169.1221160888672,0.18496257066726685,0.9565326748067865,0.0036800829724517037,0.027852286422968886
pipe_fryum,1,1,bad/098.JPG,410063,0.83637636168101,0.6226133002203412,0.8719318738827936,0.628922840162425,317,315.5506591796875,0.13582691550254822,0.9217607383741568,0.035555512201783546,0.0063095399420837195
pipe_fryum,1,1,bad/099.JPG,231649,0.9923116439095355,0.8926005590309954,1.0,0.913194281215358,175,178.27835083007812,0.1312662959098816,0.9816430508178081,0.0076883560904644765,0.020593722184362506
pipe_fryum,1,2,bad/000.JPG,2781,1.0,0.991315372709442,1.0,0.9829162902251093,1,2.148101806640625,0.5080939531326294,0.9974747474747475,0.0,-0.008399082484332743
pipe_fryum,1,2,bad/001.JPG,1668,1.0,0.9515479896681545,1.0,0.9614825422700144,1,1.2804718017578125,0.12065410614013672,0.8878787878787878,0.0,0.009934552601859936
pipe_fryum,1,2,bad/002.JPG,2959,1.0,0.9912024296960378,1.0,0.9898147160387966,2,2.2651596069335938,0.36661043763160706,0.9823717948717949,0.0,-0.0013877136572412185
pipe_fryum,1,2,bad/003.JPG,3392,1.0,0.9855531911415921,1.0,0.9863246083815416,2,2.6121559143066406,0.4256899058818817,0.986111111111111,0.0,0.0007714172399494457
pipe_fryum,1,2,bad/004.JPG,4430,1.0,0.9397550067728979,1.0,0.9526428782446102,2,3.4028892517089844,0.3275030553340912,0.9674603174603175,0.0,0.012887871471712331
pipe_fryum,1,2,bad/005.JPG,3109,1.0,0.9426846429574511,1.0,0.9309349277468806,2,2.4336700439453125,0.47456204891204834,0.9775132275132276,0.0,-0.011749715210570555
pipe_fryum,1,2,bad/006.JPG,3199,1.0,0.8241201964330749,0.9996874023132228,0.857638457812554,1,2.4793739318847656,0.1642201840877533,0.8548199767711963,-0.0003125976867771607,0.03351826137947911
pipe_fryum,1,2,bad/007.JPG,1305,1.0,0.9941975132811565,1.0,0.9972377358968931,1,1.0150833129882812,0.49040117859840393,0.9555555555555556,0.0,0.003040222615736665
pipe_fryum,1,2,bad/008.JPG,3678,1.0,0.9875825932918644,1.0,0.9872690144357679,3,2.8317718505859375,0.5460455417633057,1.0,0.0,-0.00031357885609650804
pipe_fryum,1,2,bad/009.JPG,2251,1.0,0.9911144324416993,1.0,0.9944418374783437,1,1.7449684143066406,0.5223700404167175,1.0,0.0,0.0033274050366444152
pipe_fryum,1,2,bad/010.JPG,1597,1.0,0.9217672760096174,1.0,0.94542366802843,1,1.234619140625,0.41412442922592163,0.9873737373737373,0.0,0.023656392018812644
pipe_fryum,1,2,bad/011.JPG,6462,1.0,0.9428178017749927,0.9967502321262767,0.907481607581278,3,5.020648956298828,0.4145825505256653,0.9972587719298245,-0.0032497678737233304,-0.0353361941937147
pipe_fryum,1,2,bad/012.JPG,2847,1.0,0.9742635070268686,1.0,0.9667610347605817,1,2.2042236328125,0.48768728971481323,0.9981684981684982,0.0,-0.007502472266286864
pipe_fryum,1,2,bad/013.JPG,3185,1.0,0.9346401562395642,1.0,0.9504886982087754,2,2.4743804931640625,0.4261147379875183,0.9315245478036176,0.0,0.01584854196921115
pipe_fryum,1,2,bad/014.JPG,3757,1.0,0.9875879591448101,1.0,0.9892433520388466,3,2.861907958984375,0.4159143269062042,0.9861111111111112,0.0,0.0016553928940364893
pipe_fryum,1,2,bad/015.JPG,4228,1.0,0.9329381361439911,0.9988174077578051,0.920333580175873,3,3.2703590393066406,0.1912841796875,0.9184027777777777,-0.0011825922421948576,-0.012604555968118158
pipe_fryum,1,2,bad/016.JPG,1539,1.0,0.9640893187391927,1.0,0.926415906990016,0,1.1683082580566406,0.20649433135986328,0.9484848484848485,0.0,-0.03767341174917671
pipe_fryum,1,2,bad/017.JPG,771,1.0,0.9050034549544436,1.0,0.8238134540674436,0,0.5306243896484375,0.25295087695121765,1.0,0.0,-0.08119000088700001
pipe_fryum,1,2,bad/018.JPG,1333,1.0,0.8725480841603717,1.0,0.8931389297693711,1,1.0357284545898438,0.16606885194778442,0.9545454545454546,0.0,0.020590845608999486
pipe_fryum,1,2,bad/019.JPG,7551,1.0,0.8962760243861765,0.9972189114024632,0.9263739305721032,6,5.831958770751953,0.19054308533668518,0.8923076923076924,-0.002781088597536785,0.03009790618592667
pipe_fryum,1,2,bad/020.JPG,787,1.0,0.9333224002328305,1.0,0.9197286620554235,0,0.5916748046875,0.23724207282066345,0.9222222222222222,0.0,-0.013593738177407055
pipe_fryum,1,2,bad/021.JPG,1379,1.0,0.9354571670931178,1.0,0.9637268395534276,1,1.0355377197265625,0.28487905859947205,0.9777777777777777,0.0,0.02826967246030987
pipe_fryum,1,2,bad/022.JPG,2317,0.9935261113508848,0.24429881112784874,0.9974104445403539,0.3836462531714023,1,1.7959060668945312,0.19200897216796875,0.8848484848484849,0.0038843331894691246,0.13934744204355354
pipe_fryum,1,2,bad/023.JPG,5557,1.0,0.9464197996037375,1.0,0.9537439727475002,3,4.305839538574219,0.21786928176879883,0.8350427350427351,0.0,0.007324173143762769
pipe_fryum,1,2,bad/024.JPG,1489,1.0,0.9767831249604159,1.0,0.8545068452817707,0,1.0816688537597656,0.27952560782432556,0.9814814814814815,0.0,-0.12227627967864518
pipe_fryum,1,2,bad/025.JPG,2131,1.0,0.9771691835583274,1.0,0.9515652405065752,0,1.648040771484375,0.3139863610267639,0.9900793650793651,0.0,-0.025603943051752176
pipe_fryum,1,2,bad/026.JPG,10346,0.9989367871641214,0.887279143736653,1.0,0.915659437968839,7,7.9384918212890625,0.275261253118515,0.9344729344729344,0.0010632128358786241,0.02838029423218602
pipe_fryum,1,2,bad/027.JPG,2692,1.0,0.935458751509349,0.9992570579494799,0.9264580403656331,2,2.0256423950195312,0.18747133016586304,0.9848484848484849,-0.0007429420505200568,-0.009000711143715923
pipe_fryum,1,2,bad/028.JPG,4083,1.0,0.9142836894923773,1.0,0.9163916517788758,2,3.1531143188476562,0.26945626735687256,0.9698996655518395,0.0,0.002107962286498566
pipe_fryum,1,2,bad/029.JPG,6236,0.9312059012187299,0.761103285991468,0.8988133418858243,0.7667545329945864,4,4.821563720703125,0.1521366536617279,0.8997668997668997,-0.032392559332905635,0.005651247003118365
pipe_fryum,1,2,bad/030.JPG,325,1.0,0.9994609994609995,1.0,0.999143971105933,0,0.255126953125,0.46071866154670715,1.0,0.0,-0.0003170283550665287
pipe_fryum,1,2,bad/031.JPG,400,1.0,0.8805245098050248,1.0,0.9223910200820445,0,0.3111572265625,0.41747981309890747,0.9198966408268734,0.0,0.04186651027701971
pipe_fryum,1,2,bad/032.JPG,610,1.0,0.9706869456927383,1.0,0.9912857684825394,0,0.474395751953125,0.46548983454704285,0.9982456140350877,0.0,0.020598822789801075
pipe_fryum,1,2,bad/033.JPG,367,1.0,0.9872883987734534,1.0,0.9968784417489254,0,0.2959632873535156,0.4681546688079834,0.9666666666666667,0.0,0.009590042975471946
pipe_fryum,1,2,bad/034.JPG,301,1.0,0.9995082791763193,1.0,0.9996797796469561,0,0.2347412109375,0.5273538827896118,1.0,0.0,0.0001715004706367429
pipe_fryum,1,2,bad/035.JPG,374,1.0,0.9888551836465239,1.0,0.9968155110506934,0,0.2652587890625,0.44265854358673096,1.0,0.0,0.00796032740416952
pipe_fryum,1,2,bad/036.JPG,488,1.0,0.9700882902455762,1.0,0.9887573531264251,0,0.39792633056640625,0.48153090476989746,0.9942307692307693,0.0,0.018669062880848908
pipe_fryum,1,2,bad/037.JPG,290,1.0,0.9984104587138656,1.0,0.998536933951659,0,0.2193756103515625,0.5389459729194641,1.0,0.0,0.00012647523779341086
pipe_fryum,1,2,bad/038.JPG,601,1.0,0.9826608759327634,1.0,0.9920911504292218,0,0.4794960021972656,0.5274991989135742,0.912962962962963,0.0,0.00943027449645839
pipe_fryum,1,2,bad/039.JPG,246,1.0,0.9946378782731397,1.0,0.9981363860177633,0,0.19896697998046875,0.47322195768356323,1.0,0.0,0.00349850774462368
pipe_fryum,1,2,bad/040.JPG,5922,1.0,0.8585309170842516,1.0,0.8876844625860304,4,4.591419219970703,0.431621789932251,0.9598705501618123,0.0,0.029153545501778844
pipe_fryum,1,2,bad/041.JPG,9061,0.9991170952433506,0.9361557370001969,1.0,0.9217687909151253,6,6.958942413330078,0.3343018889427185,0.9738461538461538,0.0008829047566494275,-0.014386946085071628
pipe_fryum,1,2,bad/042.JPG,4017,1.0,0.89132887436284,1.0,0.9243963106300873,2,3.0917739868164062,0.4668206572532654,0.9422348484848485,0.0,0.033067436267247285
pipe_fryum,1,2,bad/043.JPG,1553,1.0,0.8898089725472119,1.0,0.9244223132373555,0,1.1835784912109375,0.46176284551620483,0.9687074829931973,0.0,0.034613340690143546
pipe_fryum,1,2,bad/044.JPG,6180,0.9925566343042072,0.9037882279265249,1.0,0.9295315499113149,4,4.7497406005859375,0.37859153747558594,0.9129979035639414,0.007443365695792847,0.025743321984790013
pipe_fryum,1,2,bad/045.JPG,16148,0.9974609858806044,0.462714517275893,0.9978944760961109,0.5208529501606662,10,12.433673858642578,0.4053434729576111,0.9567275185936442,0.0004334902155065379,0.05813843288477322
pipe_fryum,1,2,bad/046.JPG,7567,0.9974890973965904,0.9088282429199201,0.9981498612395929,0.9169797456766665,5,5.867397308349609,0.32318463921546936,0.9482683982683983,0.0006607638430025098,0.008151502756746365
pipe_fryum,1,2,bad/047.JPG,4536,0.9982363315696648,0.39744565327872916,1.0,0.5241530470018994,2,3.6069564819335938,0.4349440932273865,0.9451388888888889,0.0017636684303351524,0.1267073937231702
pipe_fryum,1,2,bad/048.JPG,3220,1.0,0.9877304220266747,1.0,0.9861785879227233,3,2.4384613037109375,0.34025564789772034,0.983974358974359,0.0,-0.0015518341039514327
pipe_fryum,1,2,bad/049.JPG,6848,0.9997079439252337,0.8153007968337661,1.0,0.8360987986492016,3,5.193660736083984,0.3296682834625244,0.9622926093514328,0.00029205607476634476,0.020798001815435452
pipe_fryum,1,2,bad/050.JPG,724,1.0,0.9961608469418767,1.0,0.9981758485488735,1,0.55621337890625,0.25492629408836365,0.962962962962963,0.0,0.002015001606996858
pipe_fryum,1,2,bad/051.JPG,552,1.0,0.9734453945175536,1.0,0.9990194674516678,0,0.4337310791015625,0.24462616443634033,0.9074074074074074,0.0,0.025574072934114178
pipe_fryum,1,2,bad/052.JPG,775,1.0,0.9975976693539418,1.0,0.9985564297870153,0,0.60723876953125,0.43422263860702515,1.0,0.0,0.0009587604330735244
pipe_fryum,1,2,bad/053.JPG,712,1.0,0.9837907417939697,1.0,0.9820703293749374,0,0.5612945556640625,0.18936175107955933,0.8,0.0,-0.0017204124190323133
pipe_fryum,1,2,bad/054.JPG,665,1.0,0.9969498422082586,1.0,0.9987684358476203,0,0.5051002502441406,0.3939211368560791,1.0,0.0,0.0018185936393617652
pipe_fryum,1,2,bad/055.JPG,595,1.0,0.9941611946145892,1.0,0.9983515715983479,0,0.459228515625,0.4638756811618805,1.0,0.0,0.004190376983758681
pipe_fryum,1,2,bad/056.JPG,880,1.0,0.9823036773236973,1.0,0.997470732061573,0,0.6734619140625,0.32505062222480774,0.9791666666666666,0.0,0.015167054737875718
pipe_fryum,1,2,bad/057.JPG,673,1.0,0.997612025100881,1.0,0.999663263267432,1,0.5202369689941406,0.4228864908218384,1.0,0.0,0.0020512381665510615
pipe_fryum,1,2,bad/058.JPG,640,1.0,0.9967753273168064,1.0,0.9990921437891848,0,0.50518798828125,0.38138505816459656,0.9814814814814815,0.0,0.002316816472378358
pipe_fryum,1,2,bad/059.JPG,685,1.0,0.5147210085091366,1.0,0.7900456445325061,0,0.5254859924316406,0.11023828387260437,0.81,0.0,0.27532463602336954
pipe_fryum,1,2,bad/060.JPG,840,1.0,0.9985499334598433,1.0,0.9971965578238517,0,0.652984619140625,0.4371667206287384,1.0,0.0,-0.0013533756359915827
pipe_fryum,1,2,bad/061.JPG,585,1.0,0.9960341256359497,1.0,0.9991748655134264,0,0.44891357421875,0.45495137572288513,1.0,0.0,0.0031407398774766504
pipe_fryum,1,2,bad/062.JPG,537,1.0,0.992837196359993,1.0,0.9961734518475618,0,0.413177490234375,0.3882642388343811,1.0,0.0,0.0033362554875687733
pipe_fryum,1,2,bad/063.JPG,460,1.0,0.9913767425431264,1.0,0.9929291730255737,0,0.3316230773925781,0.19749519228935242,0.8,0.0,0.0015524304824473534
pipe_fryum,1,2,bad/064.JPG,686,1.0,0.9944716054448235,1.0,0.9986327544855461,0,0.520416259765625,0.4607534110546112,0.8833333333333333,0.0,0.004161149040722623
pipe_fryum,1,2,bad/065.JPG,806,1.0,0.997587861634166,1.0,0.9988519309404711,0,0.6376953125,0.48867711424827576,1.0,0.0,0.0012640693063050712
pipe_fryum,1,2,bad/066.JPG,949,1.0,0.9985547871522887,1.0,0.9987828728638032,0,0.72967529296875,0.4782955050468445,1.0,0.0,0.00022808571151444745
pipe_fryum,1,2,bad/067.JPG,1067,1.0,0.9870334610762049,1.0,0.9952416165399982,0,0.816253662109375,0.38070517778396606,0.8965986394557823,0.0,0.008208155463793276
pipe_fryum,1,2,bad/068.JPG,677,1.0,0.997880677728842,1.0,0.9988470834290805,0,0.5253639221191406,0.4089336693286896,0.9541666666666666,0.0,0.0009664057002384263
pipe_fryum,1,2,bad/069.JPG,681,1.0,0.9944128534673559,1.0,0.9991249149487417,0,0.5050735473632812,0.2737139165401459,0.9907407407407408,0.0,0.00471206148138581
pipe_fryum,1,2,bad/070.JPG,1851,1.0,0.6575100664140613,0.9913560237709347,0.5255755711122009,0,1.4591407775878906,0.315035879611969,0.9241034195162635,-0.00864397622906532,-0.1319344953018604
pipe_fryum,1,2,bad/071.JPG,7949,0.9805006919109321,0.6615759901922907,0.9983645741602717,0.7292588989961422,4,6.127582550048828,0.3786197304725647,0.8947368421052632,0.017863882249339547,0.06768290880385142
pipe_fryum,1,2,bad/072.JPG,4167,1.0,0.9257050984926154,1.0,0.953868237190467,2,3.2808799743652344,0.3135206997394562,0.9219317356572259,0.0,0.028163138697851586
pipe_fryum,1,2,bad/073.JPG,3136,0.9945790816326531,0.7481919616218241,0.9968112244897959,0.7797858639251778,1,2.433147430419922,0.24601930379867554,0.8259803921568627,0.0022321428571427937,0.03159390230335368
pipe_fryum,1,2,bad/074.JPG,2796,0.952074391988555,0.9174788447877078,1.0,0.9296193291588675,1,2.193878173828125,0.17249423265457153,0.8084935897435898,0.047925608011444965,0.012140484371159665
pipe_fryum,1,2,bad/075.JPG,2136,0.9953183520599251,0.8148158889839744,1.0,0.8467136338292691,0,1.6530532836914062,0.34349289536476135,0.8437917222963952,0.004681647940074862,0.03189774484529473
pipe_fryum,1,2,bad/076.JPG,4226,0.9824893516327496,0.48773055715917724,1.0,0.8358648706833516,0,3.306018829345703,0.25014734268188477,0.9248000000000001,0.01751064836725036,0.34813431352417434
pipe_fryum,1,2,bad/077.JPG,1592,1.0,0.9317938722932723,0.9786432160804021,0.8828266199645433,0,1.2244682312011719,0.3298689126968384,0.9774509803921569,-0.021356783919597944,-0.048967252328729005
pipe_fryum,1,2,bad/078.JPG,5643,0.9872408293460925,0.5352032351495959,0.9950381003012582,0.6738523831907006,1,4.356864929199219,0.21544045209884644,0.9467754467754468,0.007797270955165692,0.13864914804110473
pipe_fryum,1,2,bad/079.JPG,5517,1.0,0.9819884211271702,1.0,0.9890945417326249,3,4.249698638916016,0.33354610204696655,0.9424603174603173,0.0,0.00710612060545468
pipe_fryum,1,2,bad/080.JPG,1476,1.0,0.9762513648930554,1.0,0.985945060816138,0,1.1579475402832031,0.41772836446762085,0.8973214285714286,0.0,0.009693695923082557
pipe_fryum,1,2,bad/081.JPG,2551,1.0,0.9222736469559695,1.0,0.95202361707099,1,1.9843826293945312,0.35576722025871277,0.9735449735449735,0.0,0.029749970115020563
pipe_fryum,1,2,bad/082.JPG,1404,1.0,0.9419128037620217,1.0,0.9460538761854165,0,1.14288330078125,0.36720898747444153,0.9775132275132274,0.0,0.004141072423394787
pipe_fryum,1,2,bad/083.JPG,3307,0.9975808890232839,0.8773611059296621,1.0,0.9172544993620374,0,2.540668487548828,0.2933473587036133,0.8771929824561403,0.002419110976716099,0.0398933934323753
pipe_fryum,1,2,bad/084.JPG,4101,0.9609851255791271,0.5683704543201368,0.9809802487198245,0.7615459983496242,0,3.0562095642089844,0.30330780148506165,0.8581871345029239,0.0199951231406974,0.19317554402948744
pipe_fryum,1,2,bad/085.JPG,5731,1.0,0.9011326847672587,0.9931949049031583,0.953173517806958,4,4.362552642822266,0.2101329267024994,0.8930041152263375,-0.0068050950968416846,0.05204083303969931
pipe_fryum,1,2,bad/086.JPG,1877,1.0,0.9616081219292774,1.0,0.9783970402766545,0,1.4237060546875,0.36817264556884766,0.9926739926739926,0.0,0.01678891834737717
pipe_fryum,1,2,bad/087.JPG,3119,1.0,0.9319905226372879,1.0,0.9494751022757011,0,2.382659912109375,0.3589504063129425,0.9409937888198757,0.0,0.01748457963841321
pipe_fryum,1,2,bad/088.JPG,1352,1.0,0.9846061366909139,1.0,0.9903691975821799,0,1.025421142578125,0.32463595271110535,1.0,0.0,0.005763060891265992
pipe_fryum,1,2,bad/089.JPG,6227,0.9145656014132005,0.74759255048863,0.963706439698089,0.8521295323909708,3,4.841400146484375,0.15363940596580505,0.7699604743083004,0.049140838284888466,0.10453698190234073
pipe_fryum,1,2,bad/090.JPG,358090,0.7478985729844453,0.4867683133661965,0.8382278198218325,0.4861327023220129,274,275.48193359375,0.13148713111877441,0.8891700671664611,0.09032924683738719,-0.0006356110441836371
pipe_fryum,1,2,bad/091.JPG,388747,0.8898332334397436,0.629789532507894,0.858177683686305,0.5888403958264639,297,299.15264892578125,0.09874165058135986,0.8704396941094379,-0.03165554975343865,-0.04094913668143019
pipe_fryum,1,2,bad/092.JPG,231035,0.5673296253814357,0.2603496081776741,0.6651113467656415,0.3325971859854023,180,177.75048828125,0.085868239402771,0.8481930888947508,0.09778172138420582,0.07224757780772817
pipe_fryum,1,2,bad/093.JPG,189936,0.9946245050964535,0.8313218283908881,0.999626189874484,0.8534504613268592,148,146.06109619140625,0.17653346061706543,0.9598757763975154,0.005001684778030535,0.022128632935971115
pipe_fryum,1,2,bad/094.JPG,227896,0.9934575420367185,0.8569106166685272,0.9930011935268719,0.8681717882016805,177,175.3273162841797,0.14590686559677124,0.9626254730952774,-0.0004563485098466602,0.011261171533153314
pipe_fryum,1,2,bad/095.JPG,134934,0.9453140053655862,0.5715048965069504,0.9762328249366357,0.632793546295131,103,103.82737731933594,0.08852460980415344,0.922803435651929,0.030918819571049472,0.061288649788180605
pipe_fryum,1,2,bad/096.JPG,165633,1.0,0.9226413937744175,0.9999517004461671,0.920075161270485,128,127.4125747680664,0.21764469146728516,0.9859310262600971,-4.829955383289786e-05,-0.0025662325039323974
pipe_fryum,1,2,bad/097.JPG,219832,0.9910795516576295,0.8371519329933033,0.9967338695003457,0.8914873948078252,167,169.1221160888672,0.13837382197380066,0.939772259569214,0.005654317842716194,0.05433546181452198
pipe_fryum,1,2,bad/098.JPG,410063,0.8346376044656553,0.6288155821347202,0.8995300722084167,0.6554299250493208,317,315.5506591796875,0.1055002510547638,0.8852236421725239,0.06489246774276147,0.02661434291460063
pipe_fryum,1,2,bad/099.JPG,231649,0.9604617330530242,0.8506366270569621,0.9923332282893516,0.9098822325143868,175,178.27835083007812,0.09925135970115662,0.956398145718534,0.031871495236327374,0.059245605457424744
pipe_fryum,4,0,bad/000.JPG,2781,1.0,0.9917394082024913,1.0,0.9925063624335353,1,2.148101806640625,0.39348211884498596,0.9949494949494949,0.0,0.0007669542310440036
pipe_fryum,4,0,bad/001.JPG,1668,1.0,0.9568917730696659,1.0,0.9706505439768706,1,1.2804718017578125,0.15566447377204895,0.9242424242424242,0.0,0.013758770907204676
pipe_fryum,4,0,bad/002.JPG,2959,1.0,0.990502092061373,1.0,0.9927644469423565,2,2.2651596069335938,0.31865036487579346,0.985576923076923,0.0,0.002262354880983586
pipe_fryum,4,0,bad/003.JPG,3392,1.0,0.9798180117479369,1.0,0.9848603429304709,2,2.6121559143066406,0.2899709641933441,0.9635416666666667,0.0,0.005042331182533943
pipe_fryum,4,0,bad/004.JPG,4430,1.0,0.9389683630338719,1.0,0.9370772957726716,2,3.4028892517089844,0.30031877756118774,0.9492063492063493,0.0,-0.0018910672612002521
pipe_fryum,4,0,bad/005.JPG,3109,1.0,0.9390863399295282,1.0,0.8924495806430068,2,2.4336700439453125,0.334412157535553,0.9603174603174603,0.0,-0.046636759286521334
pipe_fryum,4,0,bad/006.JPG,3199,0.8809002813379181,0.7756713249247846,0.9756173804313848,0.7930530657459811,1,2.4793739318847656,0.10515466332435608,0.8432055749128919,0.0947170990934667,0.01738174082119648
pipe_fryum,4,0,bad/007.JPG,1305,1.0,0.993968542349874,1.0,0.9970473102168015,1,1.0150833129882812,0.31737858057022095,0.9611111111111111,0.0,0.003078767866927512
pipe_fryum,4,0,bad/008.JPG,3678,1.0,0.9896245142708028,1.0,0.9885942872014316,3,2.8317718505859375,0.4047418534755707,0.9841269841269841,0.0,-0.0010302270693711701
pipe_fryum,4,0,bad/009.JPG,2251,1.0,0.9942340294668411,1.0,0.9959191704537229,1,1.7449684143066406,0.42549028992652893,1.0,0.0,0.0016851409868817724
pipe_fryum,4,0,bad/010.JPG,1597,1.0,0.9193955194098582,1.0,0.9342515789682371,1,1.234619140625,0.3054444491863251,0.9873737373737375,0.0,0.014856059558378876
pipe_fryum,4,0,bad/011.JPG,6462,1.0,0.9228792949018935,1.0,0.933688619060112,3,5.020648956298828,0.31496840715408325,0.9764254385964912,0.0,0.010809324158218558
pipe_fryum,4,0,bad/012.JPG,2847,1.0,0.9650429590769585,1.0,0.9629754150644684,1,2.2042236328125,0.3689330518245697,0.9871794871794872,0.0,-0.0020675440124900968
pipe_fryum,4,0,bad/013.JPG,3185,1.0,0.8597809366606665,1.0,0.8713223203378575,2,2.4743804931640625,0.2989545166492462,0.9483204134366925,0.0,0.011541383677191042
pipe_fryum,4,0,bad/014.JPG,3757,1.0,0.9638723304958746,1.0,0.9658184143827226,3,2.861907958984375,0.32037466764450073,0.986111111111111,0.0,0.0019460838868480268
pipe_fryum,4,0,bad/015.JPG,4228,1.0,0.9352972324173658,1.0,0.9580097442602331,3,3.2703590393066406,0.13985282182693481,0.9288194444444444,0.0,0.022712511842867267
pipe_fryum,4,0,bad/016.JPG,1539,1.0,0.9561276076321662,1.0,0.9129817254529361,0,1.1683082580566406,0.1706967055797577,0.9303030303030303,0.0,-0.0431458821792301
pipe_fryum,4,0,bad/017.JPG,771,1.0,0.8838669961694413,1.0,0.4754512136167463,0,0.5306243896484375,0.1856166124343872,0.9747474747474748,0.0,-0.408415782552695
pipe_fryum,4,0,bad/018.JPG,1333,1.0,0.9201700888748777,1.0,0.8382524528873804,1,1.0357284545898438,0.15218141674995422,0.9545454545454546,0.0,-0.08191763598749735
pipe_fryum,4,0,bad/019.JPG,7551,1.0,0.9203646052768849,1.0,0.9483806210192774,6,5.831958770751953,0.1728256344795227,0.8957264957264958,0.0,0.02801601574239254
pipe_fryum,4,0,bad/020.JPG,787,1.0,0.9768895557161587,1.0,0.9680194143289386,0,0.5916748046875,0.22258788347244263,0.9722222222222222,0.0,-0.008870141387220087
pipe_fryum,4,0,bad/021.JPG,1379,1.0,0.9643360470619202,1.0,0.9754786783246716,1,1.0355377197265625,0.22725838422775269,0.9666666666666667,0.0,0.01114263126275139
pipe_fryum,4,0,bad/022.JPG,2317,1.0,0.7686055947644177,1.0,0.8699822330200765,1,1.7959060668945312,0.20572736859321594,0.993939393939394,0.0,0.10137663825565879
pipe_fryum,4,0,bad/023.JPG,5557,1.0,0.9458093975763616,1.0,0.9527138846108526,3,4.305839538574219,0.25580450892448425,0.911111111111111,0.0,0.00690448703449098
pipe_fryum,4,0,bad/024.JPG,1489,1.0,0.9890939943278378,1.0,0.9535031709717476,0,1.0816688537597656,0.2611014246940613,0.9837962962962963,0.0,-0.03559082335609021
pipe_fryum,4,0,bad/025.JPG,2131,1.0,0.9817238090665437,1.0,0.964101817618826,0,1.648040771484375,0.2721256613731384,1.0,0.0,-0.0176219914477177
pipe_fryum,4,0,bad/026.JPG,10346,0.9999033442876474,0.8703200841351351,1.0,0.8981851170359789,7,7.9384918212890625,0.2776147425174713,0.9227207977207977,9.665571235262238e-05,0.027865032900843856
pipe_fryum,4,0,bad/027.JPG,2692,1.0,0.979949218859972,1.0,0.9882944295021676,2,2.0256423950195312,0.1843114197254181,0.9939393939393939,0.0,0.008345210642195622
pipe_fryum,4,0,bad/028.JPG,4083,1.0,0.9178315504558637,1.0,0.912265149027128,2,3.1531143188476562,0.22512686252593994,0.9648829431438128,0.0,-0.005566401428735768
pipe_fryum,4,0,bad/029.JPG,6236,0.8005131494547787,0.6221843534500643,0.7609044259140475,0.6315478051947202,4,4.821563720703125,0.18536144495010376,0.8624708624708625,-0.039608723540731194,0.009363451744655915
pipe_fryum,4,0,bad/030.JPG,325,1.0,0.9991976591976592,1.0,0.999035959035959,0,0.255126953125,0.29993224143981934,1.0,0.0,-0.00016170016170025114
pipe_fryum,4,0,bad/031.JPG,400,1.0,0.7172271670966046,1.0,0.6440718145597099,0,0.3111572265625,0.06479698419570923,0.8397932816537468,0.0,-0.07315535253689476
pipe_fryum,4,0,bad/032.JPG,610,1.0,0.9750586750718709,1.0,0.9967167452323744,0,0.474395751953125,0.20992234349250793,0.9789473684210527,0.0,0.021658070160503473
pipe_fryum,4,0,bad/033.JPG,367,1.0,0.9176243902842437,1.0,0.958410105260907,0,0.2959632873535156,0.17830654978752136,0.9333333333333333,0.0,0.04078571497666328
pipe_fryum,4,0,bad/034.JPG,301,1.0,0.9994481857938339,1.0,0.9991852317433714,0,0.2347412109375,0.29196569323539734,0.9583333333333334,0.0,-0.000262954050462505
pipe_fryum,4,0,bad/035.JPG,374,1.0,0.9941920509183269,1.0,0.9938858144526069,0,0.2652587890625,0.14936572313308716,0.9540229885057472,0.0,-0.00030623646571992236
pipe_fryum,4,0,bad/036.JPG,488,1.0,0.9758926892025338,1.0,0.9922483424393752,0,0.39792633056640625,0.20759978890419006,0.976923076923077,0.0,0.016355653236841405
pipe_fryum,4,0,bad/037.JPG,290,1.0,0.9981828882833335,1.0,0.9977728842024172,0,0.2193756103515625,0.37052419781684875,1.0,0.0,-0.00041000408091629303
pipe_fryum,4,0,bad/038.JPG,601,1.0,0.9848268216989142,1.0,0.9926113201650644,0,0.4794960021972656,0.36711326241493225,0.9592592592592593,0.0,0.007784498466150147
pipe_fryum,4,0,bad/039.JPG,246,1.0,0.9930317643994736,1.0,0.9970052117923567,0,0.19896697998046875,0.2278384566307068,0.9958333333333332,0.0,0.003973447392883078
pipe_fryum,4,0,bad/040.JPG,5922,1.0,0.83086461234602,1.0,0.8512448463157065,4,4.591419219970703,0.3795137405395508,0.9190938511326862,0.0,0.020380233969686468
pipe_fryum,4,0,bad/041.JPG,9061,1.0,0.9089398456604256,1.0,0.9094224337952284,6,6.958942413330078,0.3247140645980835,0.9702564102564103,0.0,0.00048258813480273055
pipe_fryum,4,0,bad/042.JPG,4017,1.0,0.8862351963483159,1.0,0.8958009106273498,2,3.0917739868164062,0.47773438692092896,0.9403409090909092,0.0,0.009565714279033855
pipe_fryum,4,0,bad/043.JPG,1553,1.0,0.8994905831917507,1.0,0.9235526429247117,0,1.1835784912109375,0.4078384041786194,0.9802721088435374,0.0,0.02406205973296105
pipe_fryum,4,0,bad/044.JPG,6180,0.9943365695792881,0.8999204489872342,1.0,0.9229513472188186,4,4.7497406005859375,0.3308175206184387,0.929245283018868,0.005663430420711935,0.02303089823158433
pipe_fryum,4,0,bad/045.JPG,16148,0.9970894228387417,0.4512707481351509,0.9949219717612088,0.4972334356019349,10,12.433673858642578,0.3859594464302063,0.9561640748253324,-0.0021674510775329114,0.045962687466784
pipe_fryum,4,0,bad/046.JPG,7567,0.9944495837187789,0.8905967590929611,0.998678472313995,0.9054815913538189,5,5.867397308349609,0.2628985643386841,0.9396103896103896,0.004228888595216085,0.014884832260857794
pipe_fryum,4,0,bad/047.JPG,4536,0.9966931216931217,0.3783373834183593,0.9975749559082893,0.4237132501268873,2,3.6069564819335938,0.396647185087204,0.9302083333333333,0.0008818342151675207,0.045375866708528
pipe_fryum,4,0,bad/048.JPG,3220,1.0,0.9850600627050989,1.0,0.984749301742382,3,2.4384613037109375,0.30624300241470337,0.9871794871794872,0.0,-0.0003107609627169827
pipe_fryum,4,0,bad/049.JPG,6848,1.0,0.8267094035620703,1.0,0.847521624182054,3,5.193660736083984,0.37721332907676697,0.9665661136249372,0.0,0.020812220619983668
pipe_fryum,4,0,bad/050.JPG,724,1.0,0.9943344069380328,1.0,0.9979324596664313,1,0.55621337890625,0.21235060691833496,0.962962962962963,0.0,0.0035980527283985264
pipe_fryum,4,0,bad/051.JPG,552,1.0,0.99672131692703,1.0,0.9987846311661069,0,0.4337310791015625,0.21367809176445007,0.9907407407407408,0.0,0.0020633142390769077
pipe_fryum,4,0,bad/052.JPG,775,1.0,0.9980476414287645,1.0,0.9985292102137979,0,0.60723876953125,0.300504207611084,1.0,0.0,0.00048156878503347045
pipe_fryum,4,0,bad/053.JPG,712,1.0,0.9924505471268527,1.0,0.9981087087751336,0,0.5612945556640625,0.20056098699569702,0.7625,0.0,0.005658161648280924
pipe_fryum,4,0,bad/054.JPG,665,1.0,0.9950274666727962,1.0,0.9978926565934626,0,0.5051002502441406,0.30167561769485474,1.0,0.0,0.002865189920666422
pipe_fryum,4,0,bad/055.JPG,595,1.0,0.9954096802533474,1.0,0.9983549325185078,0,0.459228515625,0.3633213937282562,1.0,0.0,0.002945252265160403
pipe_fryum,4,0,bad/056.JPG,880,1.0,0.9839259190485417,1.0,0.9972449551653756,0,0.6734619140625,0.2660587430000305,0.9708333333333333,0.0,0.013319036116833938
pipe_fryum,4,0,bad/057.JPG,673,1.0,0.9994750343231812,1.0,0.9984400531372467,1,0.5202369689941406,0.17537760734558105,0.712962962962963,0.0,-0.0010349811859344804
pipe_fryum,4,0,bad/058.JPG,640,1.0,0.9914292678877575,1.0,0.9985631229953679,0,0.50518798828125,0.3361387550830841,0.9907407407407408,0.0,0.007133855107610332
pipe_fryum,4,0,bad/059.JPG,685,1.0,0.8851180183227569,1.0,0.8529744902722786,0,0.5254859924316406,0.16669371724128723,0.8474999999999999,0.0,-0.032143528050478376
pipe_fryum,4,0,bad/060.JPG,840,1.0,0.9985987405490243,1.0,0.9984496281876996,0,0.652984619140625,0.3616408705711365,1.0,0.0,-0.0001491123613247547
pipe_fryum,4,0,bad/061.JPG,585,1.0,0.9964063042363566,1.0,0.9989314100425212,0,0.44891357421875,0.2892201542854309,1.0,0.0,0.002525105806164607
pipe_fryum,4,0,bad/062.JPG,537,1.0,0.9980610115785329,1.0,0.9980979032952794,0,0.413177490234375,0.24543985724449158,1.0,0.0,3.689171674647884e-05
pipe_fryum,4,0,bad/063.JPG,460,1.0,0.9918764784717695,1.0,0.9921593395632652,0,0.3316230773925781,0.14887303113937378,0.8458333333333333,0.0,0.0002828610914956675
pipe_fryum,4,0,bad/064.JPG,686,1.0,0.9948651301473512,1.0,0.9985109865817104,0,0.520416259765625,0.35145947337150574,0.9916666666666667,0.0,0.003645856434359218
pipe_fryum,4,0,bad/065.JPG,806,1.0,0.9978536457902922,1.0,0.9991435637904689,0,0.6376953125,0.35832521319389343,1.0,0.0,0.0012899180001766375
pipe_fryum,4,0,bad/066.JPG,949,1.0,0.9986226748619278,1.0,0.9987813026543537,0,0.72967529296875,0.3625389635562897,1.0,0.0,0.00015862779242592495
pipe_fryum,4,0,bad/067.JPG,1067,1.0,0.9837908018624275,1.0,0.9959194819506356,0,0.816253662109375,0.28016406297683716,0.9129251700680272,0.0,0.01212868008820811
pipe_fryum,4,0,bad/068.JPG,677,1.0,0.9976272296533474,1.0,0.9992729154649568,0,0.5253639221191406,0.2876759171485901,0.9541666666666666,0.0,0.0016456858116093986
pipe_fryum,4,0,bad/069.JPG,681,1.0,0.9840863023951398,1.0,0.9973597312805096,0,0.5050735473632812,0.21709781885147095,0.9907407407407408,0.0,0.013273428885369754
pipe_fryum,4,0,bad/070.JPG,1851,0.9929767693138843,0.5370140634992628,0.9810913019989195,0.4899655611733053,0,1.4591407775878906,0.33760273456573486,0.9199332777314428,-0.01188546731496487,-0.04704850232595753
pipe_fryum,4,0,bad/071.JPG,7949,0.9771040382438042,0.5899282036744099,0.9979871681972575,0.6964404131048804,4,6.127582550048828,0.35389912128448486,0.9017905588714054,0.020883129953453317,0.10651220943047046
pipe_fryum,4,0,bad/072.JPG,4167,1.0,0.9008348095029076,1.0,0.9467948727895256,2,3.2808799743652344,0.23291778564453125,0.9647785039941903,0.0,0.04596006328661795
pipe_fryum,4,0,bad/073.JPG,3136,0.998405612244898,0.8157566546862225,0.9952168367346939,0.796645605263352,1,2.433147430419922,0.24189743399620056,0.8492647058823529,-0.0031887755102041337,-0.019111049422870452
pipe_fryum,4,0,bad/074.JPG,2796,0.9996423462088698,0.9199603792165514,1.0,0.8818921009698921,1,2.193878173828125,0.08530047535896301,0.8481570512820513,0.0003576537911301747,-0.03806827824665926
pipe_fryum,4,0,bad/075.JPG,2136,0.9995318352059925,0.8150595592403898,1.0,0.8919501726358579,0,1.6530532836914062,0.3581160306930542,0.8785046728971962,0.000468164794007464,0.0768906133954681
pipe_fryum,4,0,bad/076.JPG,4226,0.9992901088499764,0.6366180142537492,0.997870326549929,0.8023673159268113,0,3.306018829345703,0.2663881182670593,0.9510399999999999,-0.0014197823000473564,0.16574930167306212
pipe_fryum,4,0,bad/077.JPG,1592,1.0,0.9468857998822519,1.0,0.9434116752642085,0,1.2244682312011719,0.31539100408554077,0.9068627450980392,0.0,-0.003474124618043306
pipe_fryum,4,0,bad/078.JPG,5643,0.998227892964735,0.582310635655805,0.9923799397483608,0.6978062843349093,1,4.356864929199219,0.1874784529209137,0.9481351981351982,-0.005847953216374213,0.11549564867910433
pipe_fryum,4,0,bad/079.JPG,5517,1.0,0.9821053744473992,1.0,0.9894287886760239,3,4.249698638916016,0.33416280150413513,0.9831349206349207,0.0,0.007323414228624703
pipe_fryum,4,0,bad/080.JPG,1476,1.0,0.9669759144600517,1.0,0.9858922125572923,0,1.1579475402832031,0.317788690328598,0.9389880952380953,0.0,0.018916298097240603
pipe_fryum,4,0,bad/081.JPG,2551,1.0,0.945124067064026,1.0,0.9613487534659523,1,1.9843826293945312,0.28265559673309326,0.9986772486772487,0.0,0.016224686401926314
pipe_fryum,4,0,bad/082.JPG,1404,1.0,0.9274615362802088,1.0,0.9284131293172876,0,1.14288330078125,0.29747870564460754,0.996031746031746,0.0,0.0009515930370788128
pipe_fryum,4,0,bad/083.JPG,3307,1.0,0.9104663588912667,1.0,0.9230558337272418,0,2.540668487548828,0.2856198251247406,0.9375644994840041,0.0,0.012589474835975056
pipe_fryum,4,0,bad/084.JPG,4101,0.9624481833699098,0.5742938932592406,0.986100950987564,0.7388863082102389,0,3.0562095642089844,0.3686443567276001,0.8673245614035088,0.023652767617654225,0.1645924149509983
pipe_fryum,4,0,bad/085.JPG,5731,1.0,0.9178487065224241,0.9984295934391904,0.9602786086500686,4,4.362552642822266,0.2981526255607605,0.9243827160493827,-0.0015704065608096451,0.042429902127644525
pipe_fryum,4,0,bad/086.JPG,1877,1.0,0.9660226503809721,1.0,0.9795037542461987,0,1.4237060546875,0.339141309261322,0.9945054945054945,0.0,0.013481103865226607
pipe_fryum,4,0,bad/087.JPG,3119,1.0,0.926725469427101,1.0,0.9326502695866709,0,2.382659912109375,0.3198631703853607,0.9389233954451346,0.0,0.005924800159569865
pipe_fryum,4,0,bad/088.JPG,1352,1.0,0.9849196701010055,1.0,0.9925211892063359,0,1.025421142578125,0.2739197611808777,1.0,0.0,0.007601519105330468
pipe_fryum,4,0,bad/089.JPG,6227,0.9964669985546812,0.8916263325703403,0.9881162678657459,0.901762342951567,3,4.841400146484375,0.2373219132423401,0.9177865612648222,-0.008350730688935326,0.01013601038122669
pipe_fryum,4,0,bad/090.JPG,358090,0.7476947136194811,0.4614611236425663,0.8132676142869111,0.47948650804478726,274,275.48193359375,0.1259741187095642,0.9049441685382597,0.06557290066742993,0.018025384402220956
pipe_fryum,4,0,bad/091.JPG,388747,0.8860492814092455,0.6560880228102242,0.8616529516626494,0.6091388387819682,297,299.15264892578125,0.09851312637329102,0.8712883424012976,-0.024396329746596113,-0.046949184028255986
pipe_fryum,4,0,bad/092.JPG,231035,0.6774125132555673,0.3278601536402361,0.6661674638041856,0.33945166428810514,180,177.75048828125,0.09098190069198608,0.8951463993669218,-0.011245049451381717,0.011591510647869063
pipe_fryum,4,0,bad/093.JPG,189936,0.9530894617134192,0.7161782439239794,0.9967252127032263,0.7739931163573011,148,146.06109619140625,0.16307076811790466,0.9466335403726709,0.0436357509898071,0.05781487243332162
pipe_fryum,4,0,bad/094.JPG,227896,0.9996840664162601,0.8726638571971304,0.9997542738793134,0.8429103440892219,177,175.3273162841797,0.15285903215408325,0.96834375514234,7.020746305330672e-05,-0.029753513107908414
pipe_fryum,4,0,bad/095.JPG,134934,0.8922954926112026,0.575519193985471,0.9282019357611869,0.5563568477368949,103,103.82737731933594,0.1036471426486969,0.9286116586876936,0.03590644314998437,-0.019162346248576156
pipe_fryum,4,0,bad/096.JPG,165633,0.9999154757807924,0.9282782389523538,0.9992875815809652,0.9366207559014134,128,127.4125747680664,0.2158098816871643,0.9884050195236818,-0.000627894199827228,0.00834251694905952
pipe_fryum,4,0,bad/097.JPG,219832,0.9994950689617527,0.808126939696465,0.9981804286910004,0.8772675469439397,167,169.1221160888672,0.13635694980621338,0.9448484017011936,-0.001314640270752232,0.06914060724747473
pipe_fryum,4,0,bad/098.JPG,410063,0.8397148730804779,0.5847362248212523,0.8713856163565111,0.5851205992434501,317,315.5506591796875,0.10317933559417725,0.8919684061057862,0.03167074327603325,0.00038437442219774187
pipe_fryum,4,0,bad/099.JPG,231649,0.9950399095182798,0.9091148867752885,0.9994215386209307,0.916107942840951,175,178.27835083007812,0.1235363781452179,0.9949050992740314,0.004381629102650941,0.006993056065662473
pipe_fryum,4,1,bad/000.JPG,2781,1.0,0.9864695752447402,1.0,0.984509896772321,1,2.148101806640625,0.2676360011100769,0.9974747474747475,0.0,-0.0019596784724191796
pipe_fryum,4,1,bad/001.JPG,1668,1.0,0.9645202568865676,1.0,0.9673503811985065,1,1.2804718017578125,0.14459821581840515,0.9242424242424243,0.0,0.002830124311938853
pipe_fryum,4,1,bad/002.JPG,2959,1.0,0.9891660589389797,1.0,0.9917701916759294,2,2.2651596069335938,0.301465779542923,0.9759615384615385,0.0,0.0026041327369497047
pipe_fryum,4,1,bad/003.JPG,3392,1.0,0.984180168875743,1.0,0.9827110362955171,2,2.6121559143066406,0.30542638897895813,0.9791666666666667,0.0,-0.0014691325802258515
pipe_fryum,4,1,bad/004.JPG,4430,0.9977426636568849,0.9320576529559984,1.0,0.9227005860962911,2,3.4028892517089844,0.27225857973098755,0.942063492063492,0.0022573363431150906,-0.009357066859707275
pipe_fryum,4,1,bad/005.JPG,3109,1.0,0.9428420038851881,1.0,0.8769372867621444,2,2.4336700439453125,0.3120137155056,0.9722222222222222,0.0,-0.06590471712304369
pipe_fryum,4,1,bad/006.JPG,3199,0.9334166927164739,0.7692969986309435,1.0,0.8299286291742322,1,2.4793739318847656,0.08854186534881592,0.8652729384436701,0.06658330728352613,0.060631630543288684
pipe_fryum,4,1,bad/007.JPG,1305,1.0,0.9940383547017001,1.0,0.9973443148486008,1,1.0150833129882812,0.32079195976257324,0.9222222222222222,0.0,0.003305960146900655
pipe_fryum,4,1,bad/008.JPG,3678,1.0,0.9740166995400751,1.0,0.9811088742143234,3,2.8317718505859375,0.38612455129623413,0.9880952380952381,0.0,0.007092174674248275
pipe_fryum,4,1,bad/009.JPG,2251,1.0,0.9919989620557581,1.0,0.9964515122593681,1,1.7449684143066406,0.3916582763195038,0.9880952380952381,0.0,0.004452550203610017
pipe_fryum,4,1,bad/010.JPG,1597,1.0,0.9080542544547229,1.0,0.925616337177016,1,1.234619140625,0.31217437982559204,0.9823232323232324,0.0,0.017562082722293093
pipe_fryum,4,1,bad/011.JPG,6462,1.0,0.9168086096077124,1.0,0.926463005068386,3,5.020648956298828,0.2872534394264221,0.9884868421052632,0.0,0.009654395460673593
pipe_fryum,4,1,bad/012.JPG,2847,1.0,0.967652962849649,1.0,0.9693565980659388,1,2.2042236328125,0.31592702865600586,0.9945054945054945,0.0,0.0017036352162898005
pipe_fryum,4,1,bad/013.JPG,3185,1.0,0.8302560455806232,1.0,0.8653380489995945,2,2.4743804931640625,0.28546497225761414,0.9198966408268734,0.0,0.035082003418971386
pipe_fryum,4,1,bad/014.JPG,3757,1.0,0.973072626292282,1.0,0.9160851640246259,3,2.861907958984375,0.3393203020095825,0.9878472222222222,0.0,-0.05698746226765605
pipe_fryum,4,1,bad/015.JPG,4228,1.0,0.926161299488766,1.0,0.9546429610331261,3,3.2703590393066406,0.16115695238113403,0.9288194444444444,0.0,0.02848166154436005
pipe_fryum,4,1,bad/016.JPG,1539,1.0,0.9604974266235267,1.0,0.9355430859764954,0,1.1683082580566406,0.17536306381225586,0.9515151515151515,0.0,-0.02495434064703128
pipe_fryum,4,1,bad/017.JPG,771,1.0,0.9343134428966046,0.8313878080415046,0.45612011458895957,0,0.5306243896484375,0.26450997591018677,0.9974747474747475,-0.16861219195849542,-0.478193328307645
pipe_fryum,4,1,bad/018.JPG,1333,1.0,0.8973690729974771,1.0,0.8200512560918353,1,1.0357284545898438,0.16175630688667297,0.9545454545454546,0.0,-0.07731781690564188
pipe_fryum,4,1,bad/019.JPG,7551,1.0,0.9125827410399825,1.0,0.9447821717995415,6,5.831958770751953,0.1866823434829712,0.8615384615384615,0.0,0.032199430759559
pipe_fryum,4,1,bad/020.JPG,787,1.0,0.9316694667939814,1.0,0.8598017275797343,0,0.5916748046875,0.19897201657295227,0.9555555555555555,0.0,-0.07186773921424716
pipe_fryum,4,1,bad/021.JPG,1379,1.0,0.958332886628187,1.0,0.9566976363633428,1,1.0355377197265625,0.23221993446350098,0.9666666666666667,0.0,-0.0016352502648442346
pipe_fryum,4,1,bad/022.JPG,2317,1.0,0.5254227662236708,1.0,0.6885731546164755,1,1.7959060668945312,0.23242396116256714,0.9939393939393939,0.0,0.1631503883928047
pipe_fryum,4,1,bad/023.JPG,5557,1.0,0.9397133859337742,1.0,0.9482719986765872,3,4.305839538574219,0.22867491841316223,0.8717948717948719,0.0,0.008558612742812999
pipe_fryum,4,1,bad/024.JPG,1489,1.0,0.9861687726996623,1.0,0.9335628631170312,0,1.0816688537597656,0.27772217988967896,0.9884259259259259,0.0,-0.052605909582631116
pipe_fryum,4,1,bad/025.JPG,2131,1.0,0.9809433592947044,1.0,0.9508873637039579,0,1.648040771484375,0.29957377910614014,0.996031746031746,0.0,-0.030055995590746565
pipe_fryum,4,1,bad/026.JPG,10346,1.0,0.8873565217916254,0.991784264450029,0.8837647900321727,7,7.9384918212890625,0.27517902851104736,0.9504985754985755,-0.008215735549971015,-0.00359173175945271
pipe_fryum,4,1,bad/027.JPG,2692,1.0,0.9790451474309925,1.0,0.9749312191192034,2,2.0256423950195312,0.19174838066101074,0.9939393939393939,0.0,-0.004113928311789028
pipe_fryum,4,1,bad/028.JPG,4083,1.0,0.9119490408737659,1.0,0.9100034112733354,2,3.1531143188476562,0.2516647279262543,0.967670011148272,0.0,-0.001945629600430543
pipe_fryum,4,1,bad/029.JPG,6236,0.7418216805644644,0.5932120221568585,0.7193713919178961,0.6066724131860307,4,4.821563720703125,0.17577216029167175,0.8659673659673659,-0.022450288646568284,0.01346039102917218
pipe_fryum,4,1,bad/030.JPG,325,1.0,0.9993886193886194,1.0,0.9992715792715792,0,0.255126953125,0.3440936207771301,1.0,0.0,-0.00011704011704027906
pipe_fryum,4,1,bad/031.JPG,400,0.9825,0.7187981201301313,1.0,0.8620645949784966,0,0.3111572265625,0.12293577194213867,0.9108527131782946,0.01749999999999996,0.1432664748483653
pipe_fryum,4,1,bad/032.JPG,610,1.0,0.9610133239067875,1.0,0.9931872169112063,0,0.474395751953125,0.2506362497806549,0.9859649122807018,0.0,0.03217389300441875
pipe_fryum,4,1,bad/033.JPG,367,1.0,0.8751016028998371,1.0,0.9868286127674943,0,0.2959632873535156,0.22768384218215942,0.8416666666666667,0.0,0.11172700986765727
pipe_fryum,4,1,bad/034.JPG,301,1.0,0.9995168259956305,1.0,0.9997339532223254,0,0.2347412109375,0.31611305475234985,1.0,0.0,0.00021712722669486872
pipe_fryum,4,1,bad/035.JPG,374,1.0,0.9923266596035387,1.0,0.9975253985049822,0,0.2652587890625,0.1983688473701477,0.9693486590038315,0.0,0.0051987389014435115
pipe_fryum,4,1,bad/036.JPG,488,1.0,0.9817222617522919,1.0,0.9899714113016524,0,0.39792633056640625,0.2895778715610504,0.9961538461538462,0.0,0.008249149549360513
pipe_fryum,4,1,bad/037.JPG,290,1.0,0.9983776673017638,1.0,0.9981222601912256,0,0.2193756103515625,0.43865060806274414,1.0,0.0,-0.000255407110538175
pipe_fryum,4,1,bad/038.JPG,601,1.0,0.9856825522182435,1.0,0.992804687823163,0,0.4794960021972656,0.2809580862522125,0.9444444444444444,0.0,0.007122135604919477
pipe_fryum,4,1,bad/039.JPG,246,1.0,0.9943764903114496,1.0,0.9978869858407933,0,0.19896697998046875,0.27816811203956604,0.9958333333333332,0.0,0.0035104955293436824
pipe_fryum,4,1,bad/040.JPG,5922,1.0,0.8392734182667474,1.0,0.8656586954501311,4,4.591419219970703,0.4152143597602844,0.943042071197411,0.0,0.026385277183383682
pipe_fryum,4,1,bad/041.JPG,9061,0.991060589338925,0.9142493347236111,1.0,0.9145188998673043,6,6.958942413330078,0.29894620180130005,0.968974358974359,0.008939410661074954,0.0002695651436931401
pipe_fryum,4,1,bad/042.JPG,4017,1.0,0.8804075031133315,1.0,0.9117363063919415,2,3.0917739868164062,0.4561457633972168,0.9365530303030303,0.0,0.031328803278609985
pipe_fryum,4,1,bad/043.JPG,1553,1.0,0.8992691133749992,1.0,0.9254942662606602,0,1.1835784912109375,0.4310550093650818,0.9789115646258503,0.0,0.026225152885661074
pipe_fryum,4,1,bad/044.JPG,6180,0.9912621359223301,0.8934006752637681,1.0,0.9262695678823781,4,4.7497406005859375,0.34580326080322266,0.9226939203354299,0.008737864077669855,0.032868892618610035
pipe_fryum,4,1,bad/045.JPG,16148,0.997584840227892,0.45260403901129426,0.9977086945751796,0.5060057223540972,10,12.433673858642578,0.39660337567329407,0.9567275185936445,0.0001238543472876774,0.053401683342802986
pipe_fryum,4,1,bad/046.JPG,7567,0.996299722479186,0.8835978084112436,0.9988106250825954,0.9041388127360317,5,5.867397308349609,0.2546185553073883,0.9428571428571428,0.0025109026034094706,0.020541004324788115
pipe_fryum,4,1,bad/047.JPG,4536,0.9958112874779541,0.35467500141591435,0.9991181657848325,0.45890869504188647,2,3.6069564819335938,0.40313729643821716,0.9270833333333333,0.003306878306878369,0.10423369362597212
pipe_fryum,4,1,bad/048.JPG,3220,1.0,0.9847326050115798,1.0,0.9862637272155486,3,2.4384613037109375,0.29988643527030945,0.9855769230769231,0.0,0.0015311222039687822
pipe_fryum,4,1,bad/049.JPG,6848,1.0,0.8093308583897402,1.0,0.8289316847429745,3,5.193660736083984,0.3874148428440094,0.9638009049773756,0.0,0.019600826353234346
pipe_fryum,4,1,bad/050.JPG,724,1.0,0.9941953921690566,1.0,0.9977331668048628,1,0.55621337890625,0.21497556567192078,0.9722222222222222,0.0,0.003537774635806179
pipe_fryum,4,1,bad/051.JPG,552,1.0,0.9963105490629393,1.0,0.9992394838949727,0,0.4337310791015625,0.2378128170967102,0.9722222222222222,0.0,0.002928934832033492
pipe_fryum,4,1,bad/052.JPG,775,1.0,0.9978662772689056,1.0,0.9986690992067337,0,0.60723876953125,0.3190103769302368,1.0,0.0,0.0008028219378281021
pipe_fryum,4,1,bad/053.JPG,712,1.0,0.9923161909083225,1.0,0.9980530289318009,0,0.5612945556640625,0.18795806169509888,0.85,0.0,0.005736838023478463
pipe_fryum,4,1,bad/054.JPG,665,1.0,0.9947025091880474,1.0,0.998770147916663,0,0.5051002502441406,0.34201472997665405,1.0,0.0,0.004067638728615597
pipe_fryum,4,1,bad/055.JPG,595,1.0,0.9955037098150801,1.0,0.9985134498147511,0,0.459228515625,0.3608115315437317,1.0,0.0,0.003009739999671024
pipe_fryum,4,1,bad/056.JPG,880,1.0,0.9854849582952687,1.0,0.9976543622064143,0,0.6734619140625,0.2730453908443451,0.9791666666666666,0.0,0.012169403911145626
pipe_fryum,4,1,bad/057.JPG,673,1.0,0.999569635317642,1.0,0.9985086251309384,1,0.5202369689941406,0.18561071157455444,0.8333333333333334,0.0,-0.0010610101867035704
pipe_fryum,4,1,bad/058.JPG,640,1.0,0.9921170842388934,1.0,0.9994472693101009,0,0.50518798828125,0.38995030522346497,0.9907407407407408,0.0,0.007330185071207418
pipe_fryum,4,1,bad/059.JPG,685,1.0,0.7192258245139113,1.0,0.8856908191406776,0,0.5254859924316406,0.08443751931190491,0.8099999999999999,0.0,0.16646499462676634
pipe_fryum,4,1,bad/060.JPG,840,1.0,0.997995089803565,1.0,0.9977431623911437,0,0.652984619140625,0.3460107445716858,1.0,0.0,-0.00025192741242130445
pipe_fryum,4,1,bad/061.JPG,585,1.0,0.9967208432562676,1.0,0.9991334168455734,0,0.44891357421875,0.3316475749015808,1.0,0.0,0.0024125735893058
pipe_fryum,4,1,bad/062.JPG,537,1.0,0.9983847072495311,1.0,0.998272168037837,0,0.413177490234375,0.2981179654598236,1.0,0.0,-0.00011253921169407377
pipe_fryum,4,1,bad/063.JPG,460,1.0,0.995002183277415,1.0,0.9926305826651824,0,0.3316230773925781,0.14480060338974,0.7708333333333333,0.0,-0.002371600612232516
pipe_fryum,4,1,bad/064.JPG,686,1.0,0.9947647206824752,1.0,0.9979805096860929,0,0.520416259765625,0.3517722189426422,0.9833333333333334,0.0,0.0032157890036176306
pipe_fryum,4,1,bad/065.JPG,806,1.0,0.9977308969413978,1.0,0.9986510803085443,0,0.6376953125,0.3161666989326477,1.0,0.0,0.0009201833671464987
pipe_fryum,4,1,bad/066.JPG,949,1.0,0.9987545123249322,1.0,0.9991222671718236,0,0.72967529296875,0.38458698987960815,1.0,0.0,0.0003677548468914438
pipe_fryum,4,1,bad/067.JPG,1067,1.0,0.9853655570232686,1.0,0.9921046859547369,0,0.816253662109375,0.33440619707107544,0.9170068027210885,0.0,0.00673912893146833
pipe_fryum,4,1,bad/068.JPG,677,1.0,0.9981068252926523,1.0,0.9991559559612841,0,0.5253639221191406,0.27824005484580994,0.9583333333333334,0.0,0.0010491306686318813
pipe_fryum,4,1,bad/069.JPG,681,1.0,0.9860416880098088,1.0,0.9992601309135907,0,0.5050735473632812,0.20296251773834229,0.9814814814814815,0.0,0.013218442903781824
pipe_fryum,4,1,bad/070.JPG,1851,0.9902755267423015,0.5049772362499049,1.0,0.5626849009771856,0,1.4591407775878906,0.3356626033782959,0.9174311926605504,0.00972447325769854,0.05770766472728073
pipe_fryum,4,1,bad/071.JPG,7949,0.9844005535287458,0.594545321420907,0.9918228708013587,0.6690222481545479,4,6.127582550048828,0.3058038055896759,0.8875474769397721,0.007422317272612888,0.07447692673364092
pipe_fryum,4,1,bad/072.JPG,4167,1.0,0.8853723579182039,1.0,0.9392084116184968,2,3.2808799743652344,0.1582547128200531,0.9262890341321713,0.0,0.053836053700292874
pipe_fryum,4,1,bad/073.JPG,3136,0.9996811224489796,0.8220514179000782,1.0,0.8292656749378088,1,2.433147430419922,0.2298341691493988,0.8357843137254902,0.0003188775510204467,0.007214257037730598
pipe_fryum,4,1,bad/074.JPG,2796,0.9799713876967096,0.7769458864805046,1.0,0.8518152573210769,1,2.193878173828125,0.07045593857765198,0.8096955128205128,0.02002861230329045,0.07486937084057232
pipe_fryum,4,1,bad/075.JPG,2136,1.0,0.8312472388964506,1.0,0.8948965400903354,0,1.6530532836914062,0.3011566996574402,0.8244325767690253,0.0,0.06364930119388479
pipe_fryum,4,1,bad/076.JPG,4226,1.0,0.6996609207904394,1.0,0.7901347970732087,0,3.306018829345703,0.22555965185165405,0.9526399999999999,0.0,0.09047387628276926
pipe_fryum,4,1,bad/077.JPG,1592,1.0,0.9440337269354768,1.0,0.9436568334356173,0,1.2244682312011719,0.328529417514801,0.9803921568627452,0.0,-0.0003768934998594764
pipe_fryum,4,1,bad/078.JPG,5643,0.9937976253765728,0.5862671489456187,0.9787347155768208,0.6369152403946767,1,4.356864929199219,0.1555880308151245,0.9446386946386947,-0.015062909799752,0.05064809144905802
pipe_fryum,4,1,bad/079.JPG,5517,1.0,0.9814035375711879,1.0,0.9898014202985569,3,4.249698638916016,0.3148983120918274,0.9583333333333333,0.0,0.008397882727368966
pipe_fryum,4,1,bad/080.JPG,1476,1.0,0.9323751947079884,1.0,0.9671081816399221,0,1.1579475402832031,0.211302250623703,0.8928571428571428,0.0,0.03473298693193372
pipe_fryum,4,1,bad/081.JPG,2551,1.0,0.9289768100193077,1.0,0.9552901358352306,1,1.9843826293945312,0.20199993252754211,0.996031746031746,0.0,0.02631332581592294
pipe_fryum,4,1,bad/082.JPG,1404,1.0,0.9407443520537928,1.0,0.9496894184020238,0,1.14288330078125,0.2589617967605591,0.9907407407407408,0.0,0.008945066348231001
pipe_fryum,4,1,bad/083.JPG,3307,1.0,0.8998596229070022,1.0,0.9251468117515679,0,2.540668487548828,0.2170710563659668,0.9226006191950464,0.0,0.02528718884456571
pipe_fryum,4,1,bad/084.JPG,4101,0.9624481833699098,0.5700282901022711,0.9868324798829554,0.6939917213779492,0,3.0562095642089844,0.3489821255207062,0.8797514619883041,0.024384296513045634,0.1239634312756781
pipe_fryum,4,1,bad/085.JPG,5731,1.0,0.8950809550142946,1.0,0.9433209580214219,4,4.362552642822266,0.2424418032169342,0.9032921810699589,0.0,0.048240003007127275
pipe_fryum,4,1,bad/086.JPG,1877,1.0,0.9673708938015485,1.0,0.9790436226289919,0,1.4237060546875,0.2806917726993561,0.9945054945054945,0.0,0.011672728827443413
pipe_fryum,4,1,bad/087.JPG,3119,0.9974350753446618,0.9242603346565861,1.0,0.9342351020551326,0,2.382659912109375,0.24502885341644287,0.9135610766045549,0.0025649246553381966,0.009974767398546525
pipe_fryum,4,1,bad/088.JPG,1352,1.0,0.9823816039772382,1.0,0.9858040801965495,0,1.025421142578125,0.2354806363582611,1.0,0.0,0.0034224762193113545
pipe_fryum,4,1,bad/089.JPG,6227,0.9964669985546812,0.8666398943650078,0.9873133129918099,0.9001517001570947,3,4.841400146484375,0.20361411571502686,0.901185770750988,-0.009153685562871328,0.0335118057920869
pipe_fryum,4,1,bad/090.JPG,358090,0.7107319388980424,0.4785701980948066,0.7310452679493982,0.4440304649222229,274,275.48193359375,0.11055803298950195,0.880977235103702,0.020313329051355744,-0.034539733172583686
pipe_fryum,4,1,bad/091.JPG,388747,0.9079452703171986,0.7248105670233823,0.8414084224444176,0.6155054939836192,297,299.15264892578125,0.09386223554611206,0.8935417864989487,-0.06653684787278102,-0.10930507303976311
pipe_fryum,4,1,bad/092.JPG,231035,0.6562339039539463,0.257767620138812,0.6741619235180817,0.31663561218392516,180,177.75048828125,0.09504279494285583,0.8791655675723203,0.017928019564135367,0.05886799204511317
pipe_fryum,4,1,bad/093.JPG,189936,0.97851381517985,0.7643865167175316,0.9977781989722854,0.8119575113010228,148,146.06109619140625,0.1798088252544403,0.9662857142857143,0.019264383792435336,0.04757099458349123
pipe_fryum,4,1,bad/094.JPG,227896,0.9996357987854109,0.9044054548873542,1.0,0.8852444591966286,177,175.3273162841797,0.17968708276748657,0.9778879381273655,0.0003642012145891327,-0.019160995690725602
pipe_fryum,4,1,bad/095.JPG,134934,0.9337231535417315,0.6280036086785237,0.9677027287414588,0.6309972772847441,103,103.82737731933594,0.11202824115753174,0.9539566319346662,0.033979575199727274,0.002993668606220412
pipe_fryum,4,1,bad/096.JPG,165633,0.9995230419059004,0.9344930399868903,1.0,0.9396802738335898,128,127.4125747680664,0.24161726236343384,0.993412620346359,0.0004769580940996443,0.005187233846699502
pipe_fryum,4,1,bad/097.JPG,219832,0.9988036318643327,0.8629155070237196,1.0,0.8943973668945211,167,169.1221160888672,0.14800876379013062,0.9546119723784698,0.0011963681356672584,0.03148185987080154
pipe_fryum,4,1,bad/098.JPG,410063,0.8369640762516979,0.612976547375381,0.8731975330619929,0.6050347427452415,317,315.5506591796875,0.1053357720375061,0.9141196308129216,0.036233456810294995,-0.007941804630139493
pipe_fryum,4,1,bad/099.JPG,231649,0.9965896679890697,0.9301450488511595,0.9998877612249567,0.9372614869440058,175,178.27835083007812,0.13923361897468567,0.9896352663342955,0.003298093235887034,0.007116438092846344
pipe_fryum,4,2,bad/000.JPG,2781,1.0,0.9939674858441883,1.0,0.987992676018116,1,2.148101806640625,0.4276816248893738,0.9949494949494949,0.0,-0.005974809826072236
pipe_fryum,4,2,bad/001.JPG,1668,1.0,0.974580900571636,1.0,0.9751168091705394,1,1.2804718017578125,0.12930727005004883,0.9454545454545455,0.0,0.0005359085989034007
pipe_fryum,4,2,bad/002.JPG,2959,1.0,0.9874586193147777,1.0,0.9923256462936936,2,2.2651596069335938,0.3255467116832733,0.953525641025641,0.0,0.004867026978915834
pipe_fryum,4,2,bad/003.JPG,3392,1.0,0.9876496545840419,1.0,0.985509529746898,2,2.6121559143066406,0.3332737386226654,0.9895833333333334,0.0,-0.0021401248371438752
pipe_fryum,4,2,bad/004.JPG,4430,1.0,0.9407662973489367,1.0,0.9378866763935098,2,3.4028892517089844,0.31563955545425415,0.9500000000000001,0.0,-0.0028796209554269314
pipe_fryum,4,2,bad/005.JPG,3109,1.0,0.943768935797365,1.0,0.8978243121439938,2,2.4336700439453125,0.36104390025138855,0.9576719576719578,0.0,-0.04594462365337115
pipe_fryum,4,2,bad/006.JPG,3199,0.8743357299155986,0.7337285133698207,0.9949984370115661,0.7944873627733207,1,2.4793739318847656,0.09069442749023438,0.8530778164924506,0.12066270709596749,0.06075884940349996
pipe_fryum,4,2,bad/007.JPG,1305,1.0,0.9935722021731402,1.0,0.9971902242544534,1,1.0150833129882812,0.3471066355705261,0.9166666666666666,0.0,0.0036180220813131214
pipe_fryum,4,2,bad/008.JPG,3678,1.0,0.9847937223900463,1.0,0.98158648913512,3,2.8317718505859375,0.4241862893104553,0.996031746031746,0.0,-0.003207233254926223
pipe_fryum,4,2,bad/009.JPG,2251,1.0,0.9940821954753478,1.0,0.9957285955362218,1,1.7449684143066406,0.4202554225921631,1.0,0.0,0.0016464000608740204
pipe_fryum,4,2,bad/010.JPG,1597,1.0,0.9209197040299716,1.0,0.9351735105101305,1,1.234619140625,0.34930816292762756,0.9873737373737375,0.0,0.014253806480158948
pipe_fryum,4,2,bad/011.JPG,6462,1.0,0.9274616103955058,1.0,0.9391662763872246,3,5.020648956298828,0.31793758273124695,0.9961622807017544,0.0,0.011704665991718821
pipe_fryum,4,2,bad/012.JPG,2847,1.0,0.976556885690433,1.0,0.9756853749552044,1,2.2042236328125,0.39668601751327515,0.9926739926739927,0.0,-0.00087151073522862
pipe_fryum,4,2,bad/013.JPG,3185,1.0,0.8566445020948562,1.0,0.8925930675633342,2,2.4743804931640625,0.32993823289871216,0.9418604651162791,0.0,0.03594856546847802
pipe_fryum,4,2,bad/014.JPG,3757,1.0,0.9779965061256735,1.0,0.9857676193539738,3,2.861907958984375,0.38950949907302856,0.9878472222222222,0.0,0.007771113228300375
pipe_fryum,4,2,bad/015.JPG,4228,1.0,0.9436956325742463,1.0,0.9468432940494406,3,3.2703590393066406,0.17957493662834167,0.9322916666666666,0.0,0.0031476614751942966
pipe_fryum,4,2,bad/016.JPG,1539,1.0,0.9402836308767581,1.0,0.9215142385417924,0,1.1683082580566406,0.19297456741333008,0.9575757575757575,0.0,-0.018769392334965773
pipe_fryum,4,2,bad/017.JPG,771,1.0,0.8774186838790354,1.0,0.7541780571892396,0,0.5306243896484375,0.15525555610656738,0.9671717171717172,0.0,-0.12324062668979585
pipe_fryum,4,2,bad/018.JPG,1333,1.0,0.9180546846003376,1.0,0.9200506230559541,1,1.0357284545898438,0.10130175948143005,0.9318181818181818,0.0,0.0019959384556165194
pipe_fryum,4,2,bad/019.JPG,7551,1.0,0.9108880871707731,1.0,0.9382129217784302,6,5.831958770751953,0.15040099620819092,0.8940170940170941,0.0,0.02732483460765711
pipe_fryum,4,2,bad/020.JPG,787,1.0,0.6718443574677827,1.0,0.7898134097506915,0,0.5916748046875,0.10903766751289368,0.8666666666666667,0.0,0.11796905228290877
pipe_fryum,4,2,bad/021.JPG,1379,1.0,0.9157105639743098,1.0,0.9558288790503239,1,1.0355377197265625,0.16052624583244324,0.9388888888888889,0.0,0.040118315076014044
pipe_fryum,4,2,bad/022.JPG,2317,0.9995684074233924,0.3195218830849604,1.0,0.5377201125546514,1,1.7959060668945312,0.2201235294342041,0.896969696969697,0.0004315925766076312,0.21819822946969097
pipe_fryum,4,2,bad/023.JPG,5557,1.0,0.9490156263976873,1.0,0.9519604106460172,3,4.305839538574219,0.24464714527130127,0.8564102564102565,0.0,0.0029447842483298903
pipe_fryum,4,2,bad/024.JPG,1489,1.0,0.9734710006996397,1.0,0.949108950255631,0,1.0816688537597656,0.24520531296730042,0.9953703703703703,0.0,-0.02436205044400863
pipe_fryum,4,2,bad/025.JPG,2131,1.0,0.9802875258998911,1.0,0.9590623223397482,0,1.648040771484375,0.25236600637435913,0.996031746031746,0.0,-0.021225203560142902
pipe_fryum,4,2,bad/026.JPG,10346,1.0,0.8823838104528481,1.0,0.9086461592952327,7,7.9384918212890625,0.290152370929718,0.9490740740740741,0.0,0.026262348842384653
pipe_fryum,4,2,bad/027.JPG,2692,1.0,0.9834029434348923,0.99962852897474,0.976816237866032,2,2.0256423950195312,0.21053138375282288,1.0,-0.0003714710252600284,-0.006586705568860318
pipe_fryum,4,2,bad/028.JPG,4083,1.0,0.8976413219902464,1.0,0.8953815154819791,2,3.1531143188476562,0.20146358013153076,0.9342251950947602,0.0,-0.0022598065082672925
pipe_fryum,4,2,bad/029.JPG,6236,0.7677998717126363,0.584459564881873,0.891276459268762,0.7617309020616755,4,4.821563720703125,0.14486628770828247,0.8671328671328671,0.12347658755612567,0.17727133717980248
pipe_fryum,4,2,bad/030.JPG,325,1.0,0.9994563794563796,1.0,0.9988984187082286,0,0.255126953125,0.3575790226459503,1.0,0.0,-0.0005579607481509541
pipe_fryum,4,2,bad/031.JPG,400,1.0,0.7754995091553255,1.0,0.8042623070400848,0,0.3111572265625,0.043874919414520264,0.872093023255814,0.0,0.028762797884759328
pipe_fryum,4,2,bad/032.JPG,610,1.0,0.9720015528114029,1.0,0.9950302345523745,0,0.474395751953125,0.27066630125045776,0.9929824561403509,0.0,0.023028681740971613
pipe_fryum,4,2,bad/033.JPG,367,1.0,0.9129783121746476,1.0,0.959564031578144,0,0.2959632873535156,0.28981661796569824,0.8375,0.0,0.04658571940349632
pipe_fryum,4,2,bad/034.JPG,301,1.0,0.9995061506689414,1.0,0.9996824066591509,0,0.2347412109375,0.3239031732082367,1.0,0.0,0.0001762559902094285
pipe_fryum,4,2,bad/035.JPG,374,1.0,0.9932564841238073,1.0,0.9977975053444923,0,0.2652587890625,0.19415152072906494,0.9808429118773947,0.0,0.004541021220685004
pipe_fryum,4,2,bad/036.JPG,488,1.0,0.9824277912465109,1.0,0.9951032390058051,0,0.39792633056640625,0.22154107689857483,0.9769230769230769,0.0,0.01267544775929419
pipe_fryum,4,2,bad/037.JPG,290,1.0,0.9963024275181259,1.0,0.9966678234618589,0,0.2193756103515625,0.355525404214859,1.0,0.0,0.00036539594373297124
pipe_fryum,4,2,bad/038.JPG,601,1.0,0.9852569550420178,1.0,0.9936512232393852,0,0.4794960021972656,0.33814483880996704,0.8981481481481481,0.0,0.008394268197367327
pipe_fryum,4,2,bad/039.JPG,246,1.0,0.9934427444852504,1.0,0.9977916578818293,0,0.19896697998046875,0.1994158923625946,1.0,0.0,0.004348913396578946
pipe_fryum,4,2,bad/040.JPG,5922,1.0,0.8596179594082828,1.0,0.8733807932446943,4,4.591419219970703,0.40939056873321533,0.9605177993527508,0.0,0.013762833836411525
pipe_fryum,4,2,bad/041.JPG,9061,0.9971305595408895,0.9186935002958346,1.0,0.9125111901969823,6,6.958942413330078,0.33776968717575073,0.9756410256410257,0.0028694404591105283,-0.006182310098852284
pipe_fryum,4,2,bad/042.JPG,4017,1.0,0.9008938214432199,1.0,0.9233135374572912,2,3.0917739868164062,0.46727654337882996,0.9488636363636364,0.0,0.022419716014071223
pipe_fryum,4,2,bad/043.JPG,1553,1.0,0.9002373635968453,1.0,0.9297466724517935,0,1.1835784912109375,0.4478977918624878,0.972108843537415,0.0,0.02950930885494829
pipe_fryum,4,2,bad/044.JPG,6180,0.9909385113268608,0.8975681557336029,1.0,0.9230837940188067,4,4.7497406005859375,0.4093594551086426,0.934748427672956,0.009061488673139162,0.025515638285203757
pipe_fryum,4,2,bad/045.JPG,16148,0.9938692098092643,0.46220058270628583,0.9926306663363884,0.5143113105696411,10,12.433673858642578,0.41552290320396423,0.9596574261888664,-0.001238543472875886,0.052110727863355244
pipe_fryum,4,2,bad/046.JPG,7567,0.998942777851196,0.8925692139967469,0.998942777851196,0.9004610719272651,5,5.867397308349609,0.3157018721103668,0.9577922077922079,0.0,0.007891857930518165
pipe_fryum,4,2,bad/047.JPG,4536,0.9964726631393298,0.38579122652762315,0.9975749559082893,0.47072442104268375,2,3.6069564819335938,0.43639054894447327,0.9510416666666666,0.0011022927689594564,0.0849331945150606
pipe_fryum,4,2,bad/048.JPG,3220,1.0,0.9838090543306629,1.0,0.9830829895731754,3,2.4384613037109375,0.3309699594974518,0.9807692307692308,0.0,-0.0007260647574874879
pipe_fryum,4,2,bad/049.JPG,6848,1.0,0.8168287163314942,1.0,0.8489300621420656,3,5.193660736083984,0.4015691876411438,0.9632981397687279,0.0,0.032101345810571336
pipe_fryum,4,2,bad/050.JPG,724,1.0,0.9950343990399241,1.0,0.9979565398469109,1,0.55621337890625,0.18566390872001648,0.8796296296296297,0.0,0.002922140806986828
pipe_fryum,4,2,bad/051.JPG,552,1.0,0.9192825517993077,1.0,0.9979041175774142,0,0.4337310791015625,0.2030593454837799,0.8333333333333334,0.0,0.07862156577810642
pipe_fryum,4,2,bad/052.JPG,775,1.0,0.9972267966891624,1.0,0.9986989020083405,0,0.60723876953125,0.2844015061855316,1.0,0.0,0.0014721053191781852
pipe_fryum,4,2,bad/053.JPG,712,1.0,0.9926317537408965,1.0,0.9984527912589403,0,0.5612945556640625,0.21267512440681458,0.8458333333333333,0.0,0.005821037518043748
pipe_fryum,4,2,bad/054.JPG,665,1.0,0.9952078373842244,1.0,0.9988372610231311,0,0.5051002502441406,0.3190913796424866,1.0,0.0,0.003629423638906726
pipe_fryum,4,2,bad/055.JPG,595,1.0,0.9955110088596516,1.0,0.9985952338893517,0,0.459228515625,0.3271907866001129,1.0,0.0,0.0030842250297000717
pipe_fryum,4,2,bad/056.JPG,880,1.0,0.9837238139039941,1.0,0.9975830645688002,0,0.6734619140625,0.2789624333381653,0.9750000000000001,0.0,0.013859250664806089
pipe_fryum,4,2,bad/057.JPG,673,1.0,0.9996501062831137,1.0,0.9981945603913039,1,0.5202369689941406,0.20950117707252502,0.9351851851851851,0.0,-0.0014555458918097397
pipe_fryum,4,2,bad/058.JPG,640,1.0,0.9958731590386682,1.0,0.9985487270303336,0,0.50518798828125,0.3289134204387665,0.9907407407407408,0.0,0.0026755679916653508
pipe_fryum,4,2,bad/059.JPG,685,0.9897810218978103,0.24681673667505002,1.0,0.5304060903106667,0,0.5254859924316406,0.02119329571723938,0.7925,0.010218978102189746,0.28358935363561666
pipe_fryum,4,2,bad/060.JPG,840,1.0,0.9985540333221349,1.0,0.997796901959398,0,0.652984619140625,0.33428505063056946,1.0,0.0,-0.0007571313627369181
pipe_fryum,4,2,bad/061.JPG,585,1.0,0.9970451222592253,1.0,0.9991122189153553,0,0.44891357421875,0.32499825954437256,1.0,0.0,0.0020670966561300297
pipe_fryum,4,2,bad/062.JPG,537,1.0,0.9981563152190017,1.0,0.9987691129204151,0,0.413177490234375,0.2605060040950775,1.0,0.0,0.0006127977014134256
pipe_fryum,4,2,bad/063.JPG,460,1.0,0.9943690916402759,1.0,0.9924063333037525,0,0.3316230773925781,0.15371137857437134,0.6583333333333333,0.0,-0.0019627583365233736
pipe_fryum,4,2,bad/064.JPG,686,1.0,0.9947385815498827,1.0,0.9986185329079245,0,0.520416259765625,0.3402610719203949,0.9583333333333334,0.0,0.0038799513580417555
pipe_fryum,4,2,bad/065.JPG,806,1.0,0.9978114005480082,1.0,0.9987671819988009,0,0.6376953125,0.3199402093887329,1.0,0.0,0.0009557814507926699
pipe_fryum,4,2,bad/066.JPG,949,1.0,0.998283677026118,1.0,0.998234696342393,0,0.72967529296875,0.3662324547767639,1.0,0.0,-4.89806837249418e-05
pipe_fryum,4,2,bad/067.JPG,1067,1.0,0.986737832994359,1.0,0.9937160211883463,0,0.816253662109375,0.29787200689315796,0.9428571428571428,0.0,0.0069781881939873225
pipe_fryum,4,2,bad/068.JPG,677,1.0,0.9975709098322111,1.0,0.999180503998838,0,0.5253639221191406,0.33109739422798157,0.9916666666666667,0.0,0.001609594166626871
pipe_fryum,4,2,bad/069.JPG,681,1.0,0.9929662027285349,1.0,0.9981749253174129,0,0.5050735473632812,0.18552669882774353,0.8888888888888888,0.0,0.005208722588878056
pipe_fryum,4,2,bad/070.JPG,1851,0.9994597514856834,0.6301221319418621,1.0,0.7660507758604479,0,1.4591407775878906,0.3672230839729309,0.944954128440367,0.0005402485143165547,0.13592864391858583
pipe_fryum,4,2,bad/071.JPG,7949,0.9872939992451881,0.6123859384493412,0.995345326456158,0.6915239037127302,4,6.127582550048828,0.2756568491458893,0.8872761801410743,0.008051327210969905,0.07913796526338901
pipe_fryum,4,2,bad/072.JPG,4167,1.0,0.8424353873282538,1.0,0.9033589861274499,2,3.2808799743652344,0.18578028678894043,0.910312273057371,0.0,0.060923598799196066
pipe_fryum,4,2,bad/073.JPG,3136,0.9964923469387755,0.8049856376240089,1.0,0.8228224848436386,1,2.433147430419922,0.23212817311286926,0.8192401960784315,0.0035076530612244694,0.017836847219629748
pipe_fryum,4,2,bad/074.JPG,2796,0.9978540772532188,0.8997713515402345,1.0,0.9088245983797735,1,2.193878173828125,0.08497735857963562,0.8489583333333333,0.0021459227467811592,0.009053246839539009
pipe_fryum,4,2,bad/075.JPG,2136,0.9967228464419475,0.8133822681334544,1.0,0.8722609726727021,0,1.6530532836914062,0.30568182468414307,0.8644859813084111,0.0032771535580524702,0.058878704539247706
pipe_fryum,4,2,bad/076.JPG,4226,1.0,0.6852732311499032,1.0,0.8180712085398403,0,3.306018829345703,0.22920900583267212,0.9510399999999999,0.0,0.13279797738993704
pipe_fryum,4,2,bad/077.JPG,1592,1.0,0.944878866968758,1.0,0.941790413869037,0,1.2244682312011719,0.3464648127555847,0.8970588235294119,0.0,-0.0030884530997210558
pipe_fryum,4,2,bad/078.JPG,5643,0.9682792840687577,0.5026162389468162,0.9629629629629629,0.5836800161745143,1,4.356864929199219,0.12649282813072205,0.9153069153069153,-0.00531632110579483,0.08106377722769809
pipe_fryum,4,2,bad/079.JPG,5517,1.0,0.9822049241723313,1.0,0.9898076836800318,3,4.249698638916016,0.3248918354511261,0.9821428571428571,0.0,0.007602759507700507
pipe_fryum,4,2,bad/080.JPG,1476,1.0,0.8971565331183758,1.0,0.9664308650824979,0,1.1579475402832031,0.20761460065841675,0.8303571428571428,0.0,0.06927433196412203
pipe_fryum,4,2,bad/081.JPG,2551,1.0,0.9460173944466488,1.0,0.9514813336677227,1,1.9843826293945312,0.24545010924339294,0.9973544973544973,0.0,0.00546393922107391
pipe_fryum,4,2,bad/082.JPG,1404,1.0,0.9398454263766476,1.0,0.9284348446414192,0,1.14288330078125,0.2764103412628174,1.0,0.0,-0.011410581735228353
pipe_fryum,4,2,bad/083.JPG,3307,1.0,0.9047341876486193,1.0,0.9276162109022809,0,2.540668487548828,0.2652042508125305,0.9287925696594427,0.0,0.02288202325366151
pipe_fryum,4,2,bad/084.JPG,4101,0.9683004145330407,0.5450556338458409,0.9902462813947818,0.7139169468517961,0,3.0562095642089844,0.33001336455345154,0.8775584795321638,0.021945866861741048,0.1688613130059552
pipe_fryum,4,2,bad/085.JPG,5731,1.0,0.9108675544690138,0.9998255103821323,0.9578195958206649,4,4.362552642822266,0.24523234367370605,0.9094650205761317,-0.00017448961786770134,0.0469520413516511
pipe_fryum,4,2,bad/086.JPG,1877,1.0,0.9678304850501213,1.0,0.9789327018595986,0,1.4237060546875,0.3195175528526306,0.9926739926739926,0.0,0.011102216809477317
pipe_fryum,4,2,bad/087.JPG,3119,0.991984610452068,0.9270276809969924,1.0,0.9391489279557874,0,2.382659912109375,0.29960888624191284,0.922360248447205,0.008015389547932017,0.012121246958795018
pipe_fryum,4,2,bad/088.JPG,1352,1.0,0.9827032582807589,1.0,0.9922498917792288,0,1.025421142578125,0.2708877921104431,1.0,0.0,0.009546633498469959
pipe_fryum,4,2,bad/089.JPG,6227,0.9804079010759595,0.8783947232148707,0.9869921310422354,0.9010368091884009,3,4.841400146484375,0.20538553595542908,0.8762845849802372,0.006584229966275834,0.022642085973530235
pipe_fryum,4,2,bad/090.JPG,358090,0.73401100282052,0.48085955439811506,0.782934457817867,0.4807069829657261,274,275.48193359375,0.12269216775894165,0.8857010301669144,0.04892345499734696,-0.00015257143238894821
pipe_fryum,4,2,bad/091.JPG,388747,0.8938486985108567,0.6489176465958169,0.87581383264694,0.6059265343515877,297,299.15264892578125,0.08959615230560303,0.8664699059886283,-0.01803486586391667,-0.042991112244229135
pipe_fryum,4,2,bad/092.JPG,231035,0.6086566970372455,0.24110297540304965,0.6661934338952973,0.2944536408595454,180,177.75048828125,0.08910766243934631,0.8760221577420206,0.05753673685805183,0.05335066545649575
pipe_fryum,4,2,bad/093.JPG,189936,0.9294867744924606,0.7200773530132873,0.9539845000421194,0.7532522266950139,148,146.06109619140625,0.18225112557411194,0.9572919254658385,0.02449772554965879,0.03317487368172656
pipe_fryum,4,2,bad/094.JPG,227896,0.9961342015656264,0.8367111161535847,0.999003931617931,0.8584309316628148,177,175.3273162841797,0.12161171436309814,0.9568249136086885,0.00286973005230462,0.021719815509230078
pipe_fryum,4,2,bad/095.JPG,134934,0.9160774897357227,0.5955898897968898,0.9266382083092475,0.57879638681359,103,103.82737731933594,0.12164553999900818,0.9492748521543226,0.010560718573524808,-0.016793502983299735
pipe_fryum,4,2,bad/096.JPG,165633,0.9994626674636093,0.9413730334048422,1.0,0.9484730982035877,128,127.4125747680664,0.2403888702392578,0.9916241914811172,0.0005373325363906556,0.007100064798745476
pipe_fryum,4,2,bad/097.JPG,219832,0.9920302776665818,0.8510114125798777,0.99979984715601,0.8828517153267457,167,169.1221160888672,0.13322916626930237,0.9388805048703526,0.007769569489428196,0.031840302746868
pipe_fryum,4,2,bad/098.JPG,410063,0.7609416114109295,0.5551835174127706,0.7996015246437742,0.5640338806290365,317,315.5506591796875,0.07654383778572083,0.8616524671636492,0.03865991323284468,0.008850363216265866
pipe_fryum,4,2,bad/099.JPG,231649,0.9947722632085613,0.9337885146684995,0.9983250521262772,0.9286632017485147,175,178.27835083007812,0.11208698153495789,0.9830753083180267,0.003552788917715932,-0.005125312919984859
