object,shot,split,name,C_feat,M_knn,TPR_knn,M_sa,TPR_sa,gt_covers_p95,d_defect,area_frac,n_cc,largest_cc_frac,perimeter2_over_area,elongation
tile,1,0,crack/000.png,0.4200131893157959,1.3352489471435547,0.9654809513786571,3.4488048553466797,0.9842664702167965,0.02693310657596372,0.7833239436149597,0.02693310657596372,1,1.0,410.6037299553949,2.0711545092661576
tile,1,0,crack/001.png,0.39422136545181274,0.9569549560546875,0.936874000505008,2.9325408935546875,0.9602727043178184,0.016838151927437643,0.7352429032325745,0.016838151927437643,1,1.0,913.650985669197,1.5623836126629422
tile,1,0,crack/002.png,0.4578534960746765,1.243863582611084,0.9573158112582781,4.495073318481445,0.9818398178807947,0.027392290249433106,0.7687938213348389,0.027392290249433106,1,1.0,516.9177917445206,1.4214700832058251
tile,1,0,crack/003.png,0.40937280654907227,1.40358567237854,0.9326796057311249,3.9004287719726562,0.8544863326897673,0.027893990929705216,0.7787454128265381,0.027893990929705216,1,1.0,376.87032663632095,2.0207493282616658
tile,1,0,crack/004.png,0.4344824552536011,1.7604053020477295,1.0,7.148443222045898,0.9145433724592041,0.009900793650793651,0.7269629836082458,0.009900793650793651,1,1.0,468.3095817818415,13.261131460375687
tile,1,0,crack/005.png,0.297890305519104,2.548017978668213,1.0,8.751716613769531,1.0,0.015063775510204082,0.5817999243736267,0.015063775510204082,1,1.0,72.91883925300748,8.178740973347276
tile,1,0,crack/006.png,0.3817285895347595,1.2886161804199219,0.9734959540283804,3.423124313354492,0.8262773151948712,0.03625425170068027,0.7582460045814514,0.03625425170068027,1,1.0,278.5547452551038,1.0752049509868822
tile,1,0,crack/007.png,0.41315126419067383,1.395923376083374,0.9912117452440034,4.145040512084961,0.939929693961952,0.02741496598639456,0.7827801704406738,0.02741496598639456,1,1.0,386.8114831508242,3.1897899934352636
tile,1,0,crack/008.png,0.43946337699890137,1.402479887008667,0.9830604578637749,5.13045597076416,0.9766106740378482,0.01999574829931973,0.7439582347869873,0.01999574829931973,1,1.0,443.297120420403,2.403191907676218
tile,1,0,crack/009.png,0.422680139541626,1.1030302047729492,0.9651046271735927,4.363430023193359,0.9512525788387858,0.024043367346938776,0.7968398332595825,0.024043367346938776,1,1.0,571.0880618258045,1.3275316455696202
tile,1,0,crack/010.png,0.3904743194580078,0.9767746925354004,0.8589365135592554,2.3345947265625,0.6650135789349392,0.03600765306122449,0.7194618582725525,0.03600765306122449,1,1.0,417.3370659105726,1.1565153218525828
tile,1,0,crack/011.png,0.4458407461643219,1.222938060760498,0.9701393497013935,4.2831830978393555,0.9829683698296837,0.012814625850340136,0.7148981094360352,0.012814625850340136,1,1.0,809.4585975337615,3.826704825149223
tile,1,0,crack/012.png,0.42935454845428467,1.3788182735443115,0.9732401157184185,4.4038848876953125,0.9658630665380906,0.02939342403628118,0.7455657720565796,0.02939342403628118,1,1.0,362.75011564614846,2.0398607311621233
tile,1,0,crack/013.png,0.4485267996788025,1.082864761352539,0.9526761727629676,3.556446075439453,0.9671419714817111,0.020573979591836735,0.710944414138794,0.020573979591836735,1,1.0,749.2822255040954,2.0409203069258304
tile,1,0,crack/014.png,0.41576817631721497,1.9170247316360474,1.0,6.585461616516113,1.0,0.0163109410430839,0.7075085639953613,0.0163109410430839,1,1.0,352.68607119569566,13.47078439553249
tile,1,0,crack/015.png,0.4210783839225769,2.0022759437561035,1.0,5.4004716873168945,1.0,0.008421201814058957,0.6565860509872437,0.008421201814058957,1,1.0,519.9374688556526,38.42639340164959
tile,1,0,crack/016.png,0.37216782569885254,1.2315213680267334,0.9057075312394461,2.873666763305664,0.9721040189125295,0.020982142857142855,0.6961665153503418,0.020982142857142855,1,1.0,661.2937111193415,1.2417920689765103
tile,1,0,glue_strip/000.png,0.4079890549182892,2.2066311836242676,1.0,8.743840217590332,1.0,0.06311649659863945,0.6764242649078369,0.06311649659863945,1,1.0,22.52251254936148,2.0416417324089484
tile,1,0,glue_strip/001.png,0.31442826986312866,1.3946974277496338,1.0,4.019523620605469,0.9964451967837494,0.08372307256235828,0.607742428779602,0.08372307256235828,1,1.0,27.349574513593215,3.0445980200889426
tile,1,0,glue_strip/002.png,0.29914963245391846,1.555614709854126,1.0,6.942874908447266,1.0,0.07766865079365079,0.6397987604141235,0.07766865079365079,1,1.0,18.093191228856384,1.1124740725678457
tile,1,0,glue_strip/003.png,0.13077449798583984,-1.205931544303894,0.23780826294454763,-5.686273097991943,0.2610195890493021,0.35486819727891156,0.6573586463928223,0.35486819727891156,1,1.0,22.893659262449482,1.3718069920597784
tile,1,0,glue_strip/004.png,0.40089091658592224,1.3834319114685059,0.8440049690203055,4.906435012817383,0.7673378933807742,0.1848185941043084,0.693030059337616,0.1848185941043084,1,1.0,23.619119793443012,1.9057313653322157
tile,1,0,glue_strip/005.png,0.3895585238933563,2.1041126251220703,1.0,9.40301513671875,1.0,0.05563775510204082,0.7078804969787598,0.05563775510204082,2,0.9999745274848438,20.97892261927259,1.6605281535105458
tile,1,0,glue_strip/006.png,0.3536672592163086,0.6306205987930298,0.752985679980082,3.205643653869629,0.8463750190746199,0.1764611678004535,0.7020388841629028,0.1764611678004535,1,1.0,23.070298677463093,1.8506466735206866
tile,1,0,glue_strip/007.png,0.2708631455898285,1.0199207067489624,0.9224023224869965,3.7989258766174316,0.9399721785411879,0.1405952380952381,0.6084155440330505,0.1405952380952381,1,1.0,27.393936885358816,2.755210586120225
tile,1,0,glue_strip/008.png,0.3814942240715027,1.662877082824707,0.9955536665903816,4.322707653045654,0.7933326794607731,0.130046768707483,0.62368243932724,0.130046768707483,1,1.0,22.744971731606807,1.893315675545628
tile,1,0,glue_strip/009.png,0.4349888563156128,3.2762930393218994,1.0,12.895589828491211,1.0,0.04940901360544218,0.6864516139030457,0.04940901360544218,1,1.0,22.441631896777373,1.4144167636347473
tile,1,0,glue_strip/010.png,0.25838416814804077,0.5930220484733582,0.8281268742395942,3.50811767578125,0.9223058073581576,0.1654109977324263,0.6101393699645996,0.1654109977324263,1,1.0,24.620752961687586,2.2787998200192967
tile,1,0,glue_strip/011.png,0.3427446186542511,2.207916259765625,1.0,8.622896194458008,1.0,0.09935799319727891,0.647864818572998,0.09935799319727891,1,1.0,18.691360752076434,1.9269310708835308
tile,1,0,glue_strip/012.png,0.3650714159011841,1.2963956594467163,0.9719804206905676,5.909116744995117,0.9997089562111391,0.10712868480725624,0.6772892475128174,0.10712868480725624,1,1.0,23.005702403667385,1.8609646312301704
tile,1,0,glue_strip/013.png,0.4394029974937439,3.110106945037842,1.0,11.24693775177002,1.0,0.02139172335600907,0.6209434270858765,0.02139172335600907,1,1.0,24.202932655723618,1.1325613308393387
tile,1,0,glue_strip/014.png,0.4929012060165405,2.6588356494903564,1.0,10.418951034545898,0.9820522485430138,0.04887896825396825,0.7194831371307373,0.04887896825396825,2,0.99997100524805,26.1513857402829,1.9655293942032632
tile,1,0,glue_strip/015.png,0.37706321477890015,2.2464513778686523,1.0,7.423044204711914,1.0,0.04838718820861678,0.617004930973053,0.04838718820861678,1,1.0,21.566224830498975,1.8848448287841468
tile,1,0,glue_strip/016.png,0.5176799297332764,3.3777501583099365,1.0,14.924776077270508,1.0,0.03397108843537415,0.7273776531219482,0.03397108843537415,1,1.0,26.16234558274533,1.2895536053156385
tile,1,0,glue_strip/017.png,0.35053032636642456,1.3097529411315918,0.8585358373473327,3.838973045349121,0.8782450253468276,0.15711734693877552,0.6607065200805664,0.15711734693877552,1,1.0,17.39316964831738,1.0043128530115475
tile,1,0,gray_stroke/000.png,0.15968897938728333,0.9780462980270386,1.0,2.589249610900879,1.0,0.018181689342403627,0.3456995487213135,0.018181689342403627,1,1.0,32.65705087320446,1.713680518156918
tile,1,0,gray_stroke/001.png,0.23516735434532166,1.1923325061798096,0.9999654182660719,3.3507490158081055,0.997752187294671,0.040982142857142856,0.4433068037033081,0.040982142857142856,1,1.0,45.48469590081677,2.101404915416677
tile,1,0,gray_stroke/002.png,0.11181211471557617,0.6275243163108826,0.8481298927225283,2.559079647064209,0.9816178602493476,0.02444019274376417,0.28301727771759033,0.02444019274376417,1,1.0,27.725199083501895,1.1533333333333333
tile,1,0,gray_stroke/003.png,0.12869217991828918,0.585640549659729,0.9574318233040342,1.418165683746338,0.9906186612576064,0.05030612244897959,0.2918968200683594,0.05030612244897959,1,1.0,88.80571768364757,2.102312521188517
tile,1,0,gray_stroke/004.png,0.14610281586647034,0.8552244901657104,1.0,4.2803754806518555,1.0,0.049638605442176874,0.4023745059967041,0.049638605442176874,1,1.0,17.38298121614371,1.1111111197076569
tile,1,0,gray_stroke/005.png,0.14381378889083862,0.5143948197364807,0.9030200338881691,2.4540045261383057,1.0,0.04265731292517007,0.3503457307815552,0.04265731292517007,1,1.0,68.13270374654432,2.3970985679196786
tile,1,0,gray_stroke/006.png,0.14358767867088318,0.8505269885063171,0.9960737299565413,2.3093667030334473,0.9996703132024577,0.0472859977324263,0.31352698802948,0.0472859977324263,1,1.0,29.519510270678023,2.1126402394283046
tile,1,0,gray_stroke/007.png,0.1598999798297882,0.6143561005592346,0.9952021756978654,1.4135503768920898,0.9027093596059114,0.05523809523809524,0.42054980993270874,0.05523809523809524,1,1.0,34.93463001848842,2.861308561017533
tile,1,0,gray_stroke/008.png,0.1784755289554596,1.1801841259002686,1.0,3.219233274459839,1.0,0.026138038548752834,0.3850628733634949,0.026138038548752834,1,1.0,23.967833678363792,2.392156862745098
tile,1,0,gray_stroke/009.png,0.15317875146865845,0.7508522868156433,0.9300288609973824,2.343832015991211,0.982515605074166,0.042230725623582765,0.3729135990142822,0.042230725623582765,1,1.0,39.95229209949796,3.851462492404192
tile,1,0,gray_stroke/010.png,0.15889346599578857,0.8944500088691711,1.0,2.1457109451293945,0.9880742957666034,0.062033730158730156,0.34773486852645874,0.062033730158730156,1,1.0,34.72845337537331,1.3657286116596077
tile,1,0,gray_stroke/011.png,0.13648611307144165,0.8691806793212891,0.9720550739418664,2.4393255710601807,0.9996940336562978,0.06947987528344671,0.3322746157646179,0.06947987528344671,1,1.0,40.885281850343944,3.4000721374342495
tile,1,0,gray_stroke/012.png,0.14727157354354858,0.6969571113586426,0.995049504950495,1.8746421337127686,1.0,0.02576530612244898,0.3104250431060791,0.02576530612244898,1,1.0,37.553850251711324,4.684931650016816
tile,1,0,gray_stroke/013.png,0.12835586071014404,0.7278689742088318,0.9805693013120261,1.9564785957336426,1.0,0.031217403628117913,0.3711271286010742,0.031217403628117913,1,1.0,33.63820794386664,2.0
tile,1,0,gray_stroke/014.png,0.16145166754722595,0.7652067542076111,1.0,3.655083417892456,1.0,0.07063208616780045,0.4017345905303955,0.07063208616780045,1,1.0,22.0098284304174,1.0380580367281
tile,1,0,gray_stroke/015.png,0.19415026903152466,1.334229826927185,1.0,2.5747604370117188,1.0,0.01804421768707483,0.3491002321243286,0.01804421768707483,1,1.0,35.49373093837335,3.1333913427374194
tile,1,0,oil/000.png,0.3098478615283966,1.322746992111206,0.977835399650871,10.284807205200195,0.9910296759725283,0.22245181405895692,0.6996512413024902,0.22245181405895692,1,1.0,22.80370599198017,1.6823061084843935
tile,1,0,oil/001.png,0.27394410967826843,1.2301294803619385,0.9928165811759279,8.230918884277344,1.0,0.12902919501133786,0.6238588690757751,0.12902919501133786,1,1.0,16.0794998013191,1.0758864312173833
tile,1,0,oil/002.png,0.2658650875091553,1.118806004524231,0.9487332779490205,6.379171371459961,0.9913352019068767,0.18253543083900226,0.6258381009101868,0.18253543083900226,1,1.0,15.29283806085035,1.0099227728871636
tile,1,0,oil/003.png,0.3029332756996155,1.1975995302200317,0.9876646413570933,11.165714263916016,0.9971149533091384,0.13901927437641723,0.7140610814094543,0.13901927437641723,1,1.0,15.73466347224812,1.0090252265800375
tile,1,0,oil/004.png,0.32357650995254517,1.3633207082748413,0.9992677858058124,11.741186141967773,1.0,0.13161706349206348,0.6634384393692017,0.13161706349206348,1,1.0,14.773958071385039,1.0113626064146881
tile,1,0,oil/005.png,0.28364428877830505,1.3915014266967773,1.0,10.169045448303223,0.9995642101883071,0.12357993197278912,0.7244350910186768,0.12357993197278912,1,1.0,14.923798176707223,1.0482656153405259
tile,1,0,oil/006.png,0.21672838926315308,1.1355525255203247,0.9321152480673647,5.885159492492676,0.9953796765773604,0.14171343537414965,0.5443066358566284,0.14171343537414965,1,1.0,14.915184129230528,1.105740181268882
tile,1,0,oil/007.png,0.2616874575614929,0.9922859072685242,0.9667532331718199,6.598138332366943,0.9999825705023181,0.16262471655328797,0.6699422597885132,0.16262471655328797,1,1.0,14.577619614894289,1.1545589846343238
tile,1,0,oil/008.png,0.25740182399749756,1.234625220298767,0.9947164238093752,7.8468146324157715,0.9995527681570928,0.1362627551020408,0.6676536202430725,0.1362627551020408,1,1.0,15.266593019413211,1.0524837219562857
tile,1,0,oil/009.png,0.3278716802597046,1.660396933555603,0.997667933108548,9.952865600585938,0.9997667933108548,0.1458517573696145,0.6569898128509521,0.1458517573696145,1,1.0,14.815682956810997,1.3291058186268863
tile,1,0,oil/010.png,0.29880064725875854,1.377852439880371,0.9996273931769115,10.929298400878906,1.0,0.12932114512471654,0.6997551918029785,0.12932114512471654,1,1.0,14.301238555099262,1.0600253126975048
tile,1,0,oil/011.png,0.30420276522636414,1.4305061101913452,0.9997086989768051,7.641454696655273,0.9984463945429608,0.11676445578231293,0.6629962921142578,0.11676445578231293,1,1.0,14.503204307099553,1.04987594906846
tile,1,0,oil/012.png,0.2799142897129059,1.5488166809082031,1.0,5.237802505493164,0.9967637905371882,0.1256859410430839,0.6278642416000366,0.1256859410430839,1,1.0,14.21940295924909,1.0424242424242425
tile,1,0,oil/013.png,0.2864779531955719,1.5935604572296143,0.9995365517241379,6.824601650238037,1.0,0.12843679138321995,0.5946414470672607,0.12843679138321995,1,1.0,14.475568740690008,1.0119760479041917
tile,1,0,oil/014.png,0.3218875527381897,1.3845473527908325,0.9854060913705583,11.843175888061523,0.999939978049115,0.16528344671201814,0.7248163223266602,0.16528344671201814,1,1.0,20.826589279167553,1.496607635055354
tile,1,0,oil/015.png,0.23082882165908813,0.9599665403366089,0.9567768350850534,6.564372539520264,0.9849792265899648,0.2350297619047619,0.7069447636604309,0.2350297619047619,1,1.0,28.01363842738505,1.0399997003892443
tile,1,0,oil/016.png,0.30838412046432495,1.1961166858673096,0.9653837898310818,9.315203666687012,0.9814755793759716,0.21788973922902494,0.682945728302002,0.21788973922902494,1,1.0,32.659162457776816,1.3445416402327204
tile,1,0,oil/017.png,0.33810099959373474,0.9835453033447266,0.9482639089491016,9.479853630065918,0.9878675833381478,0.19624716553287982,0.7979937195777893,0.19624716553287982,2,0.9999927783234156,43.90769197787639,1.0970090282776748
tile,1,0,rough/000.png,0.24103319644927979,1.426990032196045,1.0,4.762147903442383,1.0,0.0408999433106576,0.4250669479370117,0.0408999433106576,1,1.0,25.77166389463832,2.496559236133111
tile,1,0,rough/001.png,0.226534903049469,1.05251145362854,0.9520854618666987,3.5501575469970703,0.9609652022357112,0.09432539682539683,0.5258206129074097,0.09432539682539683,2,0.9957028667588197,31.092188368727417,2.8997611992030854
tile,1,0,rough/002.png,0.20435193181037903,1.0236761569976807,0.9762627941361881,4.398515701293945,0.9946817655621397,0.12364937641723356,0.5009042620658875,0.12364937641723356,1,1.0,33.17291997054424,2.795630079117775
tile,1,0,rough/003.png,0.19030162692070007,0.7880073189735413,0.8761871407675985,2.3585517406463623,0.8825528934302961,0.20638180272108844,0.40905696153640747,0.20638180272108844,1,1.0,28.83313678457965,3.0676080508431873
tile,1,0,rough/004.png,0.07720047235488892,0.24193483591079712,0.6893885945670905,1.4134483337402344,0.8737295346579952,0.3314498299319728,0.5684947967529297,0.3314498299319728,1,1.0,21.120963933794123,2.7240259740259742
tile,1,0,rough/005.png,0.16911685466766357,0.9403191208839417,0.9217901732082301,3.9139437675476074,0.9996350309463343,0.09319586167800453,0.42065972089767456,0.09319586167800453,1,1.0,24.02822731267477,1.4876325088339222
tile,1,0,rough/006.png,0.10441765189170837,0.4570809602737427,0.7797933811941866,1.9106733798980713,0.9413587812992471,0.08093820861678004,0.4248502254486084,0.08093820861678004,1,1.0,17.94906432036805,1.0326086956521738
tile,1,0,rough/007.png,0.08938372135162354,0.2270587682723999,0.6914449192612011,1.439692497253418,0.7908571838977269,0.11839710884353742,0.4801577925682068,0.11839710884353742,1,1.0,26.279823957728393,1.1417721518987343
tile,1,0,rough/008.png,0.11815434694290161,0.7833448648452759,0.9492954397900493,1.8853631019592285,0.9656178275221975,0.15498724489795918,0.4642975330352783,0.15498724489795918,1,1.0,21.455447028028892,1.6215384615384616
tile,1,0,rough/009.png,0.1819128692150116,0.7815910577774048,0.9234318029615298,2.928834915161133,0.9555175236252698,0.28569302721088435,0.5135032534599304,0.28569302721088435,1,1.0,24.554803736750067,3.0084143246634807
tile,1,0,rough/010.png,0.14814800024032593,0.8176592588424683,0.8744721554720855,1.7081694602966309,0.8770734666262278,0.1214937641723356,0.38908714056015015,0.1214937641723356,2,0.9926976646524975,25.160045346533042,2.666070093026098
tile,1,0,rough/011.png,0.26436635851860046,1.511441707611084,0.9446778222823887,7.188074588775635,0.982526900478696,0.10154903628117914,0.5636135339736938,0.10154903628117914,1,1.0,20.777903282806246,1.9370079137746505
tile,1,0,rough/012.png,0.035378336906433105,-0.1962781548500061,0.3290110591382155,-0.5302996635437012,0.3097169702441972,0.20875708616780045,0.3163541257381439,0.20875708616780045,1,1.0,23.297013847146964,3.356828193832599
tile,1,0,rough/013.png,0.17549946904182434,0.8673393726348877,0.8124866659737532,4.525147438049316,0.8582298977587896,0.2590745464852608,0.6433452367782593,0.2590745464852608,1,1.0,38.884551045716854,2.4051392091722406
tile,1,0,rough/014.png,0.11998939514160156,0.4880900979042053,0.8169027364539245,2.0493240356445312,0.9808385366466915,0.13527777777777777,0.46391844749450684,0.13527777777777777,1,1.0,39.548268416204145,5.4480519480519485
tile,1,1,crack/000.png,0.4074326157569885,1.2744653224945068,0.9587981477583667,3.28399658203125,0.9743738160387286,0.02693310657596372,0.7644165754318237,0.02693310657596372,1,1.0,410.6037299553949,2.0711545092661576
tile,1,1,crack/001.png,0.3918576240539551,0.9325642585754395,0.9564009763487922,2.5146923065185547,0.961114384311085,0.016838151927437643,0.7306161522865295,0.016838151927437643,1,1.0,913.650985669197,1.5623836126629422
tile,1,1,crack/002.png,0.44498181343078613,1.2347581386566162,0.9641970198675497,3.9089269638061523,0.9450538079470199,0.027392290249433106,0.7190836668014526,0.027392290249433106,1,1.0,516.9177917445206,1.4214700832058251
tile,1,1,crack/003.png,0.41725441813468933,1.3894870281219482,0.9948175998374149,3.5576095581054688,0.8424956813331979,0.027893990929705216,0.7645910382270813,0.027893990929705216,1,1.0,376.87032663632095,2.0207493282616658
tile,1,1,crack/004.png,0.446809321641922,1.9839098453521729,1.0,6.479825973510742,0.9079587746922416,0.009900793650793651,0.7039799690246582,0.009900793650793651,1,1.0,468.3095817818415,13.261131460375687
tile,1,1,crack/005.png,0.3067498207092285,2.50907826423645,1.0,7.449642658233643,1.0,0.015063775510204082,0.5940918326377869,0.015063775510204082,1,1.0,72.91883925300748,8.178740973347276
tile,1,1,crack/006.png,0.3618934750556946,1.3391988277435303,0.9934326257769438,3.2160396575927734,0.838630233376334,0.03625425170068027,0.7494548559188843,0.03625425170068027,1,1.0,278.5547452551038,1.0752049509868822
tile,1,1,crack/007.png,0.38401737809181213,1.5683341026306152,0.9735318444995864,3.7572784423828125,0.9080334987593052,0.02741496598639456,0.7767057418823242,0.02741496598639456,1,1.0,386.8114831508242,3.1897899934352636
tile,1,1,crack/008.png,0.39999550580978394,1.3940222263336182,0.9887305974909633,4.901946067810059,0.9719328088454178,0.01999574829931973,0.7148115634918213,0.01999574829931973,1,1.0,443.297120420403,2.403191907676218
tile,1,1,crack/009.png,0.40083861351013184,1.0111913681030273,0.9471853816681403,3.7152347564697266,0.941290893015031,0.024043367346938776,0.7502381205558777,0.024043367346938776,1,1.0,571.0880618258045,1.3275316455696202
tile,1,1,crack/010.png,0.3926650285720825,0.7511217594146729,0.8210729326563545,2.183429718017578,0.6765064745936159,0.03600765306122449,0.7188049554824829,0.03600765306122449,1,1.0,417.3370659105726,1.1565153218525828
tile,1,1,crack/011.png,0.4193804860115051,1.2113966941833496,0.9761114797611148,4.075470924377441,0.9827471798274718,0.012814625850340136,0.6595008969306946,0.012814625850340136,1,1.0,809.4585975337615,3.826704825149223
tile,1,1,crack/012.png,0.40995872020721436,1.4939079284667969,0.9797492767598843,3.3809385299682617,0.9349566055930569,0.02939342403628118,0.7404729127883911,0.02939342403628118,1,1.0,362.75011564614846,2.0398607311621233
tile,1,1,crack/013.png,0.4599515497684479,1.162081003189087,0.9420679203692223,3.6391372680664062,0.9499207825308259,0.020573979591836735,0.698865532875061,0.020573979591836735,1,1.0,749.2822255040954,2.0409203069258304
tile,1,1,crack/014.png,0.3999834954738617,1.97576904296875,1.0,5.438928604125977,1.0,0.0163109410430839,0.7153439521789551,0.0163109410430839,1,1.0,352.68607119569566,13.47078439553249
tile,1,1,crack/015.png,0.3859821557998657,1.8362008333206177,1.0,5.842872619628906,1.0,0.008421201814058957,0.594677209854126,0.008421201814058957,1,1.0,519.9374688556526,38.42639340164959
tile,1,1,crack/016.png,0.3684493601322174,0.9948759078979492,0.9300236406619385,3.173553466796875,0.9717662951705505,0.020982142857142855,0.6561481952667236,0.020982142857142855,1,1.0,661.2937111193415,1.2417920689765103
tile,1,1,glue_strip/000.png,0.4126202464103699,2.328503131866455,1.0,7.851142406463623,0.9992365555181318,0.06311649659863945,0.6671760082244873,0.06311649659863945,1,1.0,22.52251254936148,2.0416417324089484
tile,1,1,glue_strip/001.png,0.3317146301269531,1.4993891716003418,1.0,3.620267868041992,0.9742699957680914,0.08372307256235828,0.6073099374771118,0.08372307256235828,1,1.0,27.349574513593215,3.0445980200889426
tile,1,1,glue_strip/002.png,0.3088039457798004,1.6387666463851929,1.0,7.021018028259277,1.0,0.07766865079365079,0.6272982358932495,0.07766865079365079,1,1.0,18.093191228856384,1.1124740725678457
tile,1,1,glue_strip/003.png,0.11989602446556091,-1.303661584854126,0.2242856287066435,-5.778912544250488,0.25004093532219096,0.35486819727891156,0.622769832611084,0.35486819727891156,1,1.0,22.893659262449482,1.3718069920597784
tile,1,1,glue_strip/004.png,0.3812420964241028,1.2018554210662842,0.8316284277038218,4.70263671875,0.7886709404331023,0.1848185941043084,0.7091861367225647,0.1848185941043084,1,1.0,23.619119793443012,1.9057313653322157
tile,1,1,glue_strip/005.png,0.3844071328639984,2.2281689643859863,1.0,8.672954559326172,1.0,0.05563775510204082,0.6980138421058655,0.05563775510204082,2,0.9999745274848438,20.97892261927259,1.6605281535105458
tile,1,1,glue_strip/006.png,0.3239445686340332,0.443983793258667,0.6976813293604581,3.324687957763672,0.8643734288536756,0.1764611678004535,0.6449195146560669,0.1764611678004535,1,1.0,23.070298677463093,1.8506466735206866
tile,1,1,glue_strip/007.png,0.28224363923072815,0.9082437753677368,0.869622192653522,3.737356662750244,0.9469376234829241,0.1405952380952381,0.5843410491943359,0.1405952380952381,1,1.0,27.393936885358816,2.755210586120225
tile,1,1,glue_strip/008.png,0.3856402039527893,1.581001877784729,0.966815967567921,4.2364091873168945,0.8397140397336559,0.130046768707483,0.6356691122055054,0.130046768707483,1,1.0,22.744971731606807,1.893315675545628
tile,1,1,glue_strip/009.png,0.4308738708496094,3.2814552783966064,1.0,11.73917293548584,1.0,0.04940901360544218,0.7067118883132935,0.04940901360544218,1,1.0,22.441631896777373,1.4144167636347473
tile,1,1,glue_strip/010.png,0.2390323281288147,0.48363471031188965,0.8476189660195007,3.8061180114746094,0.9249276008019603,0.1654109977324263,0.6021360158920288,0.1654109977324263,1,1.0,24.620752961687586,2.2787998200192967
tile,1,1,glue_strip/011.png,0.34770458936691284,2.298922538757324,1.0,8.556062698364258,1.0,0.09935799319727891,0.6644141674041748,0.09935799319727891,1,1.0,18.691360752076434,1.9269310708835308
tile,1,1,glue_strip/012.png,0.37827956676483154,1.1599013805389404,0.9415663447545972,5.568061828613281,0.9990342637915068,0.10712868480725624,0.6945529580116272,0.10712868480725624,1,1.0,23.005702403667385,1.8609646312301704
tile,1,1,glue_strip/013.png,0.4436352849006653,3.236323595046997,1.0,10.288484573364258,1.0,0.02139172335600907,0.6488791704177856,0.02139172335600907,1,1.0,24.202932655723618,1.1325613308393387
tile,1,1,glue_strip/014.png,0.4820796549320221,2.446803569793701,1.0,10.426605224609375,0.9794717156194729,0.04887896825396825,0.7013531923294067,0.04887896825396825,2,0.99997100524805,26.1513857402829,1.9655293942032632
tile,1,1,glue_strip/015.png,0.36083370447158813,2.145888090133667,1.0,7.636924743652344,1.0,0.04838718820861678,0.6577650308609009,0.04838718820861678,1,1.0,21.566224830498975,1.8848448287841468
tile,1,1,glue_strip/016.png,0.517497181892395,3.3795082569122314,1.0,14.950307846069336,1.0,0.03397108843537415,0.701457142829895,0.03397108843537415,1,1.0,26.16234558274533,1.2895536053156385
tile,1,1,glue_strip/017.png,0.34647229313850403,1.1214702129364014,0.8629196658909275,3.9442968368530273,0.8752683516443868,0.15711734693877552,0.6215940713882446,0.15711734693877552,1,1.0,17.39316964831738,1.0043128530115475
tile,1,1,gray_stroke/000.png,0.1554541289806366,1.256559133529663,1.0,1.838839054107666,1.0,0.018181689342403627,0.34455955028533936,0.018181689342403627,1,1.0,32.65705087320446,1.713680518156918
tile,1,1,gray_stroke/001.png,0.25883254408836365,1.392849326133728,0.9994812739910779,3.3268117904663086,0.9955735380571982,0.040982142857142856,0.4497964382171631,0.040982142857142856,1,1.0,45.48469590081677,2.101404915416677
tile,1,1,gray_stroke/002.png,0.15247496962547302,0.6356363296508789,0.9475790084082343,2.2882816791534424,0.9961728037112206,0.02444019274376417,0.33615177869796753,0.02444019274376417,1,1.0,27.725199083501895,1.1533333333333333
tile,1,1,gray_stroke/003.png,0.1443168818950653,0.6996395587921143,0.9411201262114041,1.8604540824890137,1.0,0.05030612244897959,0.31805747747421265,0.05030612244897959,1,1.0,88.80571768364757,2.102312521188517
tile,1,1,gray_stroke/004.png,0.1973939836025238,0.9900155067443848,1.0,3.7247941493988037,1.0,0.049638605442176874,0.39120858907699585,0.049638605442176874,1,1.0,17.38298121614371,1.1111111197076569
tile,1,1,gray_stroke/005.png,0.1412116289138794,0.591848611831665,0.9669756470314629,2.4322586059570312,1.0,0.04265731292517007,0.31787943840026855,0.04265731292517007,1,1.0,68.13270374654432,2.3970985679196786
tile,1,1,gray_stroke/006.png,0.13943645358085632,0.9339186549186707,0.9787501873220441,2.497235059738159,1.0,0.0472859977324263,0.34197425842285156,0.0472859977324263,1,1.0,29.519510270678023,2.1126402394283046
tile,1,1,gray_stroke/007.png,0.17783519625663757,0.6421380639076233,0.948429802955665,1.4459319114685059,0.9439142036124795,0.05523809523809524,0.4373735785484314,0.05523809523809524,1,1.0,34.93463001848842,2.861308561017533
tile,1,1,gray_stroke/008.png,0.18524858355522156,1.1960619688034058,1.0,2.200986862182617,0.9944152252887274,0.026138038548752834,0.36883318424224854,0.026138038548752834,1,1.0,23.967833678363792,2.392156862745098
tile,1,1,gray_stroke/009.png,0.16694089770317078,0.6442126035690308,0.9366064836566212,1.9853229522705078,0.9813745888985838,0.042230725623582765,0.3908166289329529,0.042230725623582765,1,1.0,39.95229209949796,3.851462492404192
tile,1,1,gray_stroke/010.png,0.14391490817070007,0.7303674817085266,0.9968700737931507,2.1750080585479736,0.9997486920563844,0.062033730158730156,0.37168288230895996,0.062033730158730156,1,1.0,34.72845337537331,1.3657286116596077
tile,1,1,gray_stroke/011.png,0.1354810893535614,0.6848840117454529,0.9172055073941866,2.1449294090270996,0.9999184089750127,0.06947987528344671,0.34290385246276855,0.06947987528344671,1,1.0,40.885281850343944,3.4000721374342495
tile,1,1,gray_stroke/012.png,0.16446813941001892,1.0189992189407349,1.0,1.5217390060424805,1.0,0.02576530612244898,0.3226467967033386,0.02576530612244898,1,1.0,37.553850251711324,4.684931650016816
tile,1,1,gray_stroke/013.png,0.1567249298095703,0.7502086162567139,0.9925091932628138,2.0677011013031006,1.0,0.031217403628117913,0.3715810775756836,0.031217403628117913,1,1.0,33.63820794386664,2.0
tile,1,1,gray_stroke/014.png,0.18753206729888916,0.8194815516471863,0.9983947991492436,3.2001383304595947,1.0,0.07063208616780045,0.36667561531066895,0.07063208616780045,1,1.0,22.0098284304174,1.0380580367281
tile,1,1,gray_stroke/015.png,0.20896261930465698,1.1992878913879395,1.0,1.4506065845489502,1.0,0.01804421768707483,0.37253081798553467,0.01804421768707483,1,1.0,35.49373093837335,3.1333913427374194
tile,1,1,oil/000.png,0.3010163903236389,1.296067476272583,0.9784087868401269,10.649221420288086,0.9923484665078172,0.22245181405895692,0.7078661918640137,0.22245181405895692,1,1.0,22.80370599198017,1.6823061084843935
tile,1,1,oil/001.png,0.261591374874115,1.2754936218261719,0.9892797908680514,8.29687786102295,1.0,0.12902919501133786,0.6567100286483765,0.12902919501133786,1,1.0,16.0794998013191,1.0758864312173833
tile,1,1,oil/002.png,0.218126118183136,1.053412914276123,0.9447192092983532,6.5390753746032715,0.9907761826750623,0.18253543083900226,0.6528702974319458,0.18253543083900226,1,1.0,15.29283806085035,1.0099227728871636
tile,1,1,oil/003.png,0.2588493824005127,1.0897884368896484,0.9865534396281043,10.988018035888672,0.9976042898503445,0.13901927437641723,0.7133278846740723,0.13901927437641723,1,1.0,15.73466347224812,1.0090252265800375
tile,1,1,oil/004.png,0.27724015712738037,1.2455153465270996,0.9972757324833906,11.53346061706543,1.0,0.13161706349206348,0.6934511661529541,0.13161706349206348,1,1.0,14.773958071385039,1.0113626064146881
tile,1,1,oil/005.png,0.2570580244064331,1.3667213916778564,1.0,10.496780395507812,0.9990825477648569,0.12357993197278912,0.7329217791557312,0.12357993197278912,1,1.0,14.923798176707223,1.0482656153405259
tile,1,1,oil/006.png,0.21835404634475708,1.1209831237792969,0.9352254657826048,5.834704399108887,0.9961597311811827,0.14171343537414965,0.6145058274269104,0.14171343537414965,1,1.0,14.915184129230528,1.105740181268882
tile,1,1,oil/007.png,0.24096530675888062,0.940635621547699,0.9572280126886743,6.633007049560547,0.9991895283577927,0.16262471655328797,0.6717489957809448,0.16262471655328797,1,1.0,14.577619614894289,1.1545589846343238
tile,1,1,oil/008.png,0.21993154287338257,1.0992958545684814,0.9866246476749144,7.776089668273926,0.998824716319802,0.1362627551020408,0.6787776947021484,0.1362627551020408,1,1.0,15.266593019413211,1.0524837219562857
tile,1,1,oil/009.png,0.2934707999229431,1.516083002090454,0.9965407674443462,9.981559753417969,0.9997959441469979,0.1458517573696145,0.6675782203674316,0.1458517573696145,1,1.0,14.815682956810997,1.3291058186268863
tile,1,1,oil/010.png,0.2836403548717499,1.3391971588134766,0.9999890409757916,11.202245712280273,1.0,0.12932114512471654,0.6750828623771667,0.12932114512471654,1,1.0,14.301238555099262,1.0600253126975048
tile,1,1,oil/011.png,0.29213568568229675,1.4403454065322876,0.9935064146912816,7.779258728027344,0.9977302795276068,0.11676445578231293,0.6564781069755554,0.11676445578231293,1,1.0,14.503204307099553,1.04987594906846
tile,1,1,oil/012.png,0.28673335909843445,1.4643498659133911,0.9971922782012539,5.702573776245117,0.996921654413423,0.1256859410430839,0.6750894784927368,0.1256859410430839,1,1.0,14.21940295924909,1.0424242424242425
tile,1,1,oil/013.png,0.2830493450164795,1.5688776969909668,0.998951724137931,7.423698902130127,1.0,0.12843679138321995,0.6186793446540833,0.12843679138321995,1,1.0,14.475568740690008,1.0119760479041917
tile,1,1,oil/014.png,0.2908099889755249,1.3126291036605835,0.9865550830017835,12.724943161010742,1.0,0.16528344671201814,0.7191305160522461,0.16528344671201814,1,1.0,20.826589279167553,1.496607635055354
tile,1,1,oil/015.png,0.23617076873779297,0.9258990287780762,0.950988018355373,6.795889854431152,0.9834958423029843,0.2350297619047619,0.664067804813385,0.2350297619047619,1,1.0,28.01363842738505,1.0399997003892443
tile,1,1,oil/016.png,0.3075934648513794,1.1227436065673828,0.9644016312937825,9.43942642211914,0.9828740170284176,0.21788973922902494,0.6622436046600342,0.21788973922902494,1,1.0,32.659162457776816,1.3445416402327204
tile,1,1,oil/017.png,0.317461222410202,0.8386698961257935,0.8919926050031776,10.549234390258789,0.9882431105205385,0.19624716553287982,0.798035740852356,0.19624716553287982,2,0.9999927783234156,43.90769197787639,1.0970090282776748
tile,1,1,rough/000.png,0.2447875738143921,1.6464662551879883,1.0,5.07259464263916,1.0,0.0408999433106576,0.44810330867767334,0.0408999433106576,1,1.0,25.77166389463832,2.496559236133111
tile,1,1,rough/001.png,0.23830130696296692,1.3516695499420166,0.9602590299897831,3.1782240867614746,0.9575244906544864,0.09432539682539683,0.5411531329154968,0.09432539682539683,2,0.9957028667588197,31.092188368727417,2.8997611992030854
tile,1,1,rough/002.png,0.23994433879852295,1.126708745956421,0.9889165243504074,3.8195924758911133,0.9920226483432095,0.12364937641723356,0.4933358430862427,0.12364937641723356,1,1.0,33.17291997054424,2.795630079117775
tile,1,1,rough/003.png,0.187881201505661,0.7734768986701965,0.821525445843033,2.1638503074645996,0.902055307197352,0.20638180272108844,0.4115518033504486,0.20638180272108844,1,1.0,28.83313678457965,3.0676080508431873
tile,1,1,rough/004.png,0.08818906545639038,0.24794262647628784,0.6939594904883462,1.9798545837402344,0.9348786296719132,0.3314498299319728,0.520760715007782,0.3314498299319728,1,1.0,21.120963933794123,2.7240259740259742
tile,1,1,rough/005.png,0.17023566365242004,1.0164382457733154,0.9646588299700422,3.6456048488616943,1.0,0.09319586167800453,0.4241541028022766,0.09319586167800453,1,1.0,24.02822731267477,1.4876325088339222
tile,1,1,rough/006.png,0.09295263886451721,0.44626301527023315,0.834915076168797,2.1923718452453613,0.9481701978637717,0.08093820861678004,0.3956047296524048,0.08093820861678004,1,1.0,17.94906432036805,1.0326086956521738
tile,1,1,rough/007.png,0.09180194139480591,0.17166399955749512,0.6440191043918555,1.5094380378723145,0.8444715768305383,0.11839710884353742,0.39970213174819946,0.11839710884353742,1,1.0,26.279823957728393,1.1417721518987343
tile,1,1,rough/008.png,0.1396889090538025,0.8174489736557007,0.9391545277480592,1.5963716506958008,0.9495971982187108,0.15498724489795918,0.44269371032714844,0.15498724489795918,1,1.0,21.455447028028892,1.6215384615384616
tile,1,1,rough/009.png,0.17891430854797363,0.706967294216156,0.937505270729469,3.6790881156921387,0.9499367512463724,0.28569302721088435,0.48353704810142517,0.28569302721088435,1,1.0,24.554803736750067,3.0084143246634807
tile,1,1,rough/010.png,0.15857791900634766,0.7961902022361755,0.9012434967221147,1.497861385345459,0.9101672771387911,0.1214937641723356,0.39027559757232666,0.1214937641723356,2,0.9926976646524975,25.160045346533042,2.666070093026098
tile,1,1,rough/011.png,0.27626320719718933,1.4327538013458252,0.9440079270930736,6.647699356079102,0.9705385678199099,0.10154903628117914,0.5776478052139282,0.10154903628117914,1,1.0,20.777903282806246,1.9370079137746505
tile,1,1,rough/012.png,0.038348615169525146,-0.05211642384529114,0.44918838552875445,-0.21666383743286133,0.3409391781342711,0.20875708616780045,0.35184910893440247,0.20875708616780045,1,1.0,23.297013847146964,3.356828193832599
tile,1,1,rough/013.png,0.1980380117893219,0.9449961185455322,0.8535417908896462,3.685213565826416,0.8362226002855533,0.2590745464852608,0.6138951182365417,0.2590745464852608,1,1.0,38.884551045716854,2.4051392091722406
tile,1,1,rough/014.png,0.13295966386795044,0.362975537776947,0.7940116498344718,2.326274871826172,0.9900054477643213,0.13527777777777777,0.4432479739189148,0.13527777777777777,1,1.0,39.548268416204145,5.4480519480519485
tile,1,2,crack/000.png,0.40991926193237305,1.2507038116455078,0.9771100820879814,2.2489166259765625,0.9385918753946537,0.02693310657596372,0.7659754753112793,0.02693310657596372,1,1.0,410.6037299553949,2.0711545092661576
tile,1,2,crack/001.png,0.38039398193359375,0.9632158279418945,0.9245854726033162,2.611884117126465,0.9580843363353253,0.016838151927437643,0.743075966835022,0.016838151927437643,1,1.0,913.650985669197,1.5623836126629422
tile,1,2,crack/002.png,0.43612658977508545,1.2545158863067627,0.9650248344370861,3.5047664642333984,0.9463990066225165,0.027392290249433106,0.7278319597244263,0.027392290249433106,1,1.0,516.9177917445206,1.4214700832058251
tile,1,2,crack/003.png,0.4135309159755707,1.3415675163269043,0.9691088304034143,2.7403640747070312,0.8315211868712529,0.027893990929705216,0.7646896839141846,0.027893990929705216,1,1.0,376.87032663632095,2.0207493282616658
tile,1,2,crack/004.png,0.4545968174934387,1.9617664813995361,1.0,5.907805442810059,0.9901231033495562,0.009900793650793651,0.7242751121520996,0.009900793650793651,1,1.0,468.3095817818415,13.261131460375687
tile,1,2,crack/005.png,0.31070947647094727,2.5846378803253174,1.0,7.651288032531738,1.0,0.015063775510204082,0.5822997093200684,0.015063775510204082,1,1.0,72.91883925300748,8.178740973347276
tile,1,2,crack/006.png,0.36412233114242554,1.2790594100952148,0.9375317618545014,3.304920196533203,0.8913255932137133,0.03625425170068027,0.7185764908790588,0.03625425170068027,1,1.0,278.5547452551038,1.0752049509868822
tile,1,2,crack/007.png,0.3642677962779999,1.4727799892425537,0.991883788254756,2.8921375274658203,0.8645574855252275,0.02741496598639456,0.7653694152832031,0.02741496598639456,1,1.0,386.8114831508242,3.1897899934352636
tile,1,2,crack/008.png,0.3794156014919281,1.1891801357269287,0.9848323764972713,4.11949348449707,0.983981855553193,0.01999574829931973,0.6991450786590576,0.01999574829931973,1,1.0,443.297120420403,2.403191907676218
tile,1,2,crack/009.png,0.40611356496810913,1.0756287574768066,0.9418803418803419,3.6051368713378906,0.9480106100795755,0.024043367346938776,0.7438672780990601,0.024043367346938776,1,1.0,571.0880618258045,1.3275316455696202
tile,1,2,crack/010.png,0.3955952823162079,0.9587621688842773,0.8625969221080805,2.2030487060546875,0.7047270437281065,0.03600765306122449,0.7248609066009521,0.03600765306122449,1,1.0,417.3370659105726,1.1565153218525828
tile,1,2,crack/011.png,0.3884153664112091,1.2591547966003418,0.9677062596770626,3.629998207092285,0.9821942048219421,0.012814625850340136,0.6828665733337402,0.012814625850340136,1,1.0,809.4585975337615,3.826704825149223
tile,1,2,crack/012.png,0.43915560841560364,1.489088535308838,0.9624397299903568,3.287446975708008,0.9451783992285439,0.02939342403628118,0.7345631718635559,0.02939342403628118,1,1.0,362.75011564614846,2.0398607311621233
tile,1,2,crack/013.png,0.4520382583141327,1.1358015537261963,0.9339395191844045,3.04361629486084,0.9640421574705518,0.020573979591836735,0.6999819278717041,0.020573979591836735,1,1.0,749.2822255040954,2.0409203069258304
tile,1,2,crack/014.png,0.41746941208839417,1.9673912525177002,1.0,4.8405866622924805,1.0,0.0163109410430839,0.7138108015060425,0.0163109410430839,1,1.0,352.68607119569566,13.47078439553249
tile,1,2,crack/015.png,0.399908185005188,2.030900478363037,1.0,4.499149799346924,1.0,0.008421201814058957,0.6020468473434448,0.008421201814058957,1,1.0,519.9374688556526,38.42639340164959
tile,1,2,crack/016.png,0.35724759101867676,1.11757230758667,0.9115839243498818,2.4687767028808594,0.9706855791962175,0.020982142857142855,0.6285823583602905,0.020982142857142855,1,1.0,661.2937111193415,1.2417920689765103
tile,1,2,glue_strip/000.png,0.42630940675735474,2.3529157638549805,1.0,8.414365768432617,1.0,0.06311649659863945,0.685624897480011,0.06311649659863945,1,1.0,22.52251254936148,2.0416417324089484
tile,1,2,glue_strip/001.png,0.3248564302921295,1.388197898864746,1.0,4.408902168273926,0.9876766821836648,0.08372307256235828,0.6164345741271973,0.08372307256235828,1,1.0,27.349574513593215,3.0445980200889426
tile,1,2,glue_strip/002.png,0.29481634497642517,1.561741828918457,0.9945440943014069,7.138967514038086,1.0,0.07766865079365079,0.6428927183151245,0.07766865079365079,1,1.0,18.093191228856384,1.1124740725678457
tile,1,2,glue_strip/003.png,0.1255270540714264,-1.2929823398590088,0.21367040076678848,-5.062276363372803,0.26736156872142014,0.35486819727891156,0.6590726971626282,0.35486819727891156,1,1.0,22.893659262449482,1.3718069920597784
tile,1,2,glue_strip/004.png,0.3920934796333313,1.1719765663146973,0.7899592049567511,5.771617889404297,0.8848000122691859,0.1848185941043084,0.7017104625701904,0.1848185941043084,1,1.0,23.619119793443012,1.9057313653322157
tile,1,2,glue_strip/005.png,0.4154561161994934,2.1739184856414795,1.0,9.352609634399414,1.0,0.05563775510204082,0.706001877784729,0.05563775510204082,2,0.9999745274848438,20.97892261927259,1.6605281535105458
tile,1,2,glue_strip/006.png,0.3473045825958252,0.40844595432281494,0.6640859040566697,4.771671295166016,0.93019893824642,0.1764611678004535,0.7121257781982422,0.1764611678004535,1,1.0,23.070298677463093,1.8506466735206866
tile,1,2,glue_strip/007.png,0.2778874635696411,0.8794023394584656,0.8263779686302971,4.527308940887451,0.9928027095681625,0.1405952380952381,0.6075018048286438,0.1405952380952381,1,1.0,27.393936885358816,2.755210586120225
tile,1,2,glue_strip/008.png,0.3953118920326233,1.4531883001327515,0.963197872734604,4.509462356567383,0.9349178845043101,0.130046768707483,0.6472177505493164,0.130046768707483,1,1.0,22.744971731606807,1.893315675545628
tile,1,2,glue_strip/009.png,0.45143771171569824,3.2424354553222656,1.0,13.57157039642334,1.0,0.04940901360544218,0.7196550369262695,0.04940901360544218,1,1.0,22.441631896777373,1.4144167636347473
tile,1,2,glue_strip/010.png,0.2558321952819824,0.5234494209289551,0.8118991723357952,4.1638593673706055,0.9637147214558665,0.1654109977324263,0.629027247428894,0.1654109977324263,1,1.0,24.620752961687586,2.2787998200192967
tile,1,2,glue_strip/011.png,0.3716835379600525,2.3859333992004395,1.0,9.602285385131836,1.0,0.09935799319727891,0.6662420630455017,0.09935799319727891,1,1.0,18.691360752076434,1.9269310708835308
tile,1,2,glue_strip/012.png,0.3785949945449829,1.1632386445999146,0.9387485117078979,6.097119331359863,1.0,0.10712868480725624,0.6883989572525024,0.10712868480725624,1,1.0,23.005702403667385,1.8609646312301704
tile,1,2,glue_strip/013.png,0.449460506439209,3.1366660594940186,1.0,10.434772491455078,1.0,0.02139172335600907,0.6476085186004639,0.02139172335600907,1,1.0,24.202932655723618,1.1325613308393387
tile,1,2,glue_strip/014.png,0.491980642080307,2.4230446815490723,1.0,10.166691780090332,0.9844008234509554,0.04887896825396825,0.7226054668426514,0.04887896825396825,2,0.99997100524805,26.1513857402829,1.9655293942032632
tile,1,2,glue_strip/015.png,0.3698005676269531,2.0973517894744873,1.0,7.685967445373535,1.0,0.04838718820861678,0.6174971461296082,0.04838718820861678,1,1.0,21.566224830498975,1.8848448287841468
tile,1,2,glue_strip/016.png,0.5382745265960693,3.4509284496307373,1.0,15.56405258178711,1.0,0.03397108843537415,0.7379889488220215,0.03397108843537415,1,1.0,26.16234558274533,1.2895536053156385
tile,1,2,glue_strip/017.png,0.37231719493865967,1.187461495399475,0.8273078241417258,4.311817169189453,0.8874095722610091,0.15711734693877552,0.646613359451294,0.15711734693877552,1,1.0,17.39316964831738,1.0043128530115475
tile,1,2,gray_stroke/000.png,0.17285099625587463,1.6973202228546143,1.0,2.66709566116333,1.0,0.018181689342403627,0.38304805755615234,0.018181689342403627,1,1.0,32.65705087320446,1.713680518156918
tile,1,2,gray_stroke/001.png,0.2258473038673401,1.2858340740203857,1.0,3.102869987487793,0.997752187294671,0.040982142857142856,0.4521898031234741,0.040982142857142856,1,1.0,45.48469590081677,2.101404915416677
tile,1,2,gray_stroke/002.png,0.12637338042259216,0.709432065486908,0.9357494926065526,1.6032941341400146,0.987648593795303,0.02444019274376417,0.2809717059135437,0.02444019274376417,1,1.0,27.725199083501895,1.1533333333333333
tile,1,2,gray_stroke/003.png,0.14112058281898499,0.8291123509407043,0.9753211629479378,1.5419297218322754,0.998957629028623,0.05030612244897959,0.30902099609375,0.05030612244897959,1,1.0,88.80571768364757,2.102312521188517
tile,1,2,gray_stroke/004.png,0.18170422315597534,1.185590147972107,1.0,3.7651710510253906,1.0,0.049638605442176874,0.4124261140823364,0.049638605442176874,1,1.0,17.38298121614371,1.1111111197076569
tile,1,2,gray_stroke/005.png,0.13701125979423523,0.32854804396629333,0.919299644506462,2.331192970275879,1.0,0.04265731292517007,0.3276354670524597,0.04265731292517007,1,1.0,68.13270374654432,2.3970985679196786
tile,1,2,gray_stroke/006.png,0.13683608174324036,0.5401468873023987,0.9878315600179829,2.3715877532958984,1.0,0.0472859977324263,0.3212176561355591,0.0472859977324263,1,1.0,29.519510270678023,2.1126402394283046
tile,1,2,gray_stroke/007.png,0.1753806173801422,0.7187547087669373,0.9930213464696224,2.045501708984375,0.9896089901477833,0.05523809523809524,0.4342294931411743,0.05523809523809524,1,1.0,34.93463001848842,2.861308561017533
tile,1,2,gray_stroke/008.png,0.19852930307388306,1.407647728919983,1.0,1.9635541439056396,0.9969093965190045,0.026138038548752834,0.38957148790359497,0.026138038548752834,1,1.0,23.967833678363792,2.392156862745098
tile,1,2,gray_stroke/009.png,0.1470319628715515,0.6940653324127197,0.9477817303174709,2.472761631011963,0.986710517484395,0.042230725623582765,0.330099880695343,0.042230725623582765,1,1.0,39.95229209949796,3.851462492404192
tile,1,2,gray_stroke/010.png,0.1647738218307495,0.7618780136108398,0.9994516917593841,1.8161816596984863,0.9966187658495351,0.062033730158730156,0.34150516986846924,0.062033730158730156,1,1.0,34.72845337537331,1.3657286116596077
tile,1,2,gray_stroke/011.png,0.14026769995689392,0.6124213337898254,0.9713615502294748,2.27113676071167,0.9999796022437532,0.06947987528344671,0.34546202421188354,0.06947987528344671,1,1.0,40.885281850343944,3.4000721374342495
tile,1,2,gray_stroke/012.png,0.15281206369400024,0.7893182635307312,0.9842684268426842,1.49503493309021,1.0,0.02576530612244898,0.29699796438217163,0.02576530612244898,1,1.0,37.553850251711324,4.684931650016816
tile,1,2,gray_stroke/013.png,0.14428895711898804,0.5561425685882568,0.9913742225450584,2.2893013954162598,1.0,0.031217403628117913,0.47303175926208496,0.031217403628117913,1,1.0,33.63820794386664,2.0
tile,1,2,gray_stroke/014.png,0.19639763236045837,0.8837990164756775,1.0,2.9941773414611816,1.0,0.07063208616780045,0.40793466567993164,0.07063208616780045,1,1.0,22.0098284304174,1.0380580367281
tile,1,2,gray_stroke/015.png,0.1944866180419922,1.362270474433899,1.0,1.8817379474639893,1.0,0.01804421768707483,0.35266268253326416,0.01804421768707483,1,1.0,35.49373093837335,3.1333913427374194
tile,1,2,oil/000.png,0.31981462240219116,1.34987211227417,0.9820274971012092,10.378255844116211,0.9940367732317377,0.22245181405895692,0.7163699865341187,0.22245181405895692,1,1.0,22.80370599198017,1.6823061084843935
tile,1,2,oil/001.png,0.28270548582077026,1.3464559316635132,0.9888294542139429,8.50220012664795,1.0,0.12902919501133786,0.658703088760376,0.12902919501133786,1,1.0,16.0794998013191,1.0758864312173833
tile,1,2,oil/002.png,0.2624359726905823,1.02077317237854,0.9532364884275255,6.964764595031738,0.991855400358704,0.18253543083900226,0.6429667472839355,0.18253543083900226,1,1.0,15.29283806085035,1.0099227728871636
tile,1,2,oil/003.png,0.2959190905094147,1.2156009674072266,0.9925682012804307,11.358830451965332,0.9987154915793337,0.13901927437641723,0.7498295307159424,0.13901927437641723,1,1.0,15.73466347224812,1.0090252265800375
tile,1,2,oil/004.png,0.3241807222366333,1.5028194189071655,1.0,11.45465087890625,0.9995800536239219,0.13161706349206348,0.7003188133239746,0.13161706349206348,1,1.0,14.773958071385039,1.0113626064146881
tile,1,2,oil/005.png,0.2772611677646637,1.4727368354797363,1.0,10.713850021362305,0.9994495286589142,0.12357993197278912,0.7402336597442627,0.12357993197278912,1,1.0,14.923798176707223,1.0482656153405259
tile,1,2,oil/006.png,0.22788774967193604,1.1105040311813354,0.9633574350204515,6.2959113121032715,0.9964497514826037,0.14171343537414965,0.6006729602813721,0.14171343537414965,1,1.0,14.915184129230528,1.105740181268882
tile,1,2,oil/007.png,0.2758583426475525,1.0764373540878296,0.9840955833652875,7.023279666900635,0.9998954230139088,0.16262471655328797,0.6784772276878357,0.16262471655328797,1,1.0,14.577619614894289,1.1545589846343238
tile,1,2,oil/008.png,0.25118517875671387,1.1785227060317993,0.9914505912820993,7.756945610046387,0.998824716319802,0.1362627551020408,0.7024894952774048,0.1362627551020408,1,1.0,15.266593019413211,1.0524837219562857
tile,1,2,oil/009.png,0.329850971698761,1.6089576482772827,0.9961812404652474,9.912145614624023,0.9995433035670906,0.1458517573696145,0.6704254150390625,0.1458517573696145,1,1.0,14.815682956810997,1.3291058186268863
tile,1,2,oil/010.png,0.30393433570861816,1.5794024467468262,1.0,11.719647407531738,1.0,0.12932114512471654,0.7042999863624573,0.12932114512471654,1,1.0,14.301238555099262,1.0600253126975048
tile,1,2,oil/011.png,0.3122459352016449,1.5776156187057495,0.998980446418818,8.43576717376709,0.9982157812329315,0.11676445578231293,0.6634717583656311,0.11676445578231293,1,1.0,14.503204307099553,1.04987594906846
tile,1,2,oil/012.png,0.28816860914230347,1.494139552116394,0.9952528077217987,6.089557647705078,0.9971246222542961,0.1256859410430839,0.6840649843215942,0.1256859410430839,1,1.0,14.21940295924909,1.0424242424242425
tile,1,2,oil/013.png,0.2776913344860077,1.6034431457519531,1.0,7.543828010559082,1.0,0.12843679138321995,0.6334866881370544,0.12843679138321995,1,1.0,14.475568740690008,1.0119760479041917
tile,1,2,oil/014.png,0.32752835750579834,1.4488774538040161,0.9923857868020305,12.258387565612793,1.0,0.16528344671201814,0.7457274198532104,0.16528344671201814,1,1.0,20.826589279167553,1.496607635055354
tile,1,2,oil/015.png,0.24405795335769653,0.9935028553009033,0.9628309725815107,7.350859642028809,0.9852867574787291,0.2350297619047619,0.7039349675178528,0.2350297619047619,1,1.0,28.01363842738505,1.0399997003892443
tile,1,2,oil/016.png,0.33113718032836914,1.1902005672454834,0.970294582517578,9.645767211914062,0.9811438569560891,0.21788973922902494,0.6946653723716736,0.21788973922902494,1,1.0,32.659162457776816,1.3445416402327204
tile,1,2,oil/017.png,0.33224624395370483,0.8545886278152466,0.9244468195736322,10.481011390686035,0.9899185394881276,0.19624716553287982,0.8210862874984741,0.19624716553287982,2,0.9999927783234156,43.90769197787639,1.0970090282776748
tile,1,2,rough/000.png,0.2530186176300049,1.5382064580917358,0.9982674382341731,5.419188499450684,1.0,0.0408999433106576,0.45770883560180664,0.0408999433106576,1,1.0,25.77166389463832,2.496559236133111
tile,1,2,rough/001.png,0.2250422239303589,1.211155652999878,0.9516347136246168,3.864227771759033,0.9670653284452191,0.09432539682539683,0.6187152862548828,0.09432539682539683,2,0.9957028667588197,31.092188368727417,2.8997611992030854
tile,1,2,rough/002.png,0.20454761385917664,1.0456039905548096,0.980836017284262,4.32484245300293,0.9914724861599826,0.12364937641723356,0.4973512887954712,0.12364937641723356,1,1.0,33.17291997054424,2.795630079117775
tile,1,2,rough/003.png,0.18621709942817688,0.7800147533416748,0.8668616908043373,2.8400168418884277,0.9036278609834985,0.20638180272108844,0.42447519302368164,0.20638180272108844,1,1.0,28.83313678457965,3.0676080508431873
tile,1,2,rough/004.png,0.08159732818603516,0.2587924003601074,0.7157450047248269,2.1090149879455566,0.9442128352809882,0.3314498299319728,0.5741565823554993,0.3314498299319728,1,1.0,21.120963933794123,2.7240259740259742
tile,1,2,rough/005.png,0.192807137966156,1.0364446640014648,0.9456348180477196,4.27046012878418,0.9989202998829058,0.09319586167800453,0.43501073122024536,0.09319586167800453,1,1.0,24.02822731267477,1.4876325088339222
tile,1,2,rough/006.png,0.09639492630958557,0.41921156644821167,0.7889861670460515,2.2388617992401123,0.948853090527053,0.08093820861678004,0.3642626404762268,0.08093820861678004,1,1.0,17.94906432036805,1.0326086956521738
tile,1,2,rough/007.png,0.09527897834777832,0.3009636402130127,0.7590644114865754,1.7060081958770752,0.845309488754025,0.11839710884353742,0.39770686626434326,0.11839710884353742,1,1.0,26.279823957728393,1.1417721518987343
tile,1,2,rough/008.png,0.13629981875419617,0.7757675647735596,0.9531634341938021,2.167980194091797,0.9676935597435968,0.15498724489795918,0.4142191410064697,0.15498724489795918,1,1.0,21.455447028028892,1.6215384615384616
tile,1,2,rough/009.png,0.18302589654922485,0.8683782815933228,0.9279113029243248,3.8014049530029297,0.9596497755289332,0.28569302721088435,0.5098745226860046,0.28569302721088435,1,1.0,24.554803736750067,3.0084143246634807
tile,1,2,rough/010.png,0.15395674109458923,0.7703672647476196,0.8949560226769008,1.4571714401245117,0.8922497258707976,0.1214937641723356,0.4157925248146057,0.1214937641723356,2,0.9926976646524975,25.160045346533042,2.666070093026098
tile,1,2,rough/011.png,0.25746339559555054,1.3880314826965332,0.9372112821514801,8.01535701751709,0.9809079871045177,0.10154903628117914,0.5906980037689209,0.10154903628117914,1,1.0,20.777903282806246,1.9370079137746505
tile,1,2,rough/012.png,0.027469098567962646,-0.26481449604034424,0.25495760324238453,-0.44411253929138184,0.2806129030068093,0.20875708616780045,0.342438280582428,0.20875708616780045,1,1.0,23.297013847146964,3.356828193832599
tile,1,2,rough/013.png,0.1853063702583313,0.8796007633209229,0.8185314245389846,3.869797706604004,0.8151780878869603,0.2590745464852608,0.621088981628418,0.2590745464852608,1,1.0,38.884551045716854,2.4051392091722406
tile,1,2,rough/014.png,0.13289165496826172,0.47081810235977173,0.8365251644805767,2.3985369205474854,0.9890311360683904,0.13527777777777777,0.4835015535354614,0.13527777777777777,1,1.0,39.548268416204145,5.4480519480519485
tile,4,0,crack/000.png,0.3849017024040222,1.293419361114502,0.966691222900442,2.595611572265625,0.9842138497158492,0.02693310657596372,0.7305703163146973,0.02693310657596372,1,1.0,410.6037299553949,2.0711545092661576
tile,4,0,crack/001.png,0.3974132537841797,0.9584636688232422,0.9551384563588924,2.0561532974243164,0.9564851443481188,0.016838151927437643,0.6874748468399048,0.016838151927437643,1,1.0,913.650985669197,1.5623836126629422
tile,4,0,crack/002.png,0.4361226558685303,1.3561558723449707,0.9645074503311258,3.2975893020629883,0.9740790562913907,0.027392290249433106,0.7448270320892334,0.027392290249433106,1,1.0,516.9177917445206,1.4214700832058251
tile,4,0,crack/003.png,0.3979909420013428,1.3362643718719482,0.9631643125698608,2.5653724670410156,0.8602784269891272,0.027893990929705216,0.7607976794242859,0.027893990929705216,1,1.0,376.87032663632095,2.0207493282616658
tile,4,0,crack/004.png,0.396366149187088,1.8764147758483887,1.0,5.18386173248291,0.8403950758660178,0.009900793650793651,0.6902555227279663,0.009900793650793651,1,1.0,468.3095817818415,13.261131460375687
tile,4,0,crack/005.png,0.3136681318283081,3.005798578262329,1.0,5.600000858306885,1.0,0.015063775510204082,0.5608722567558289,0.015063775510204082,1,1.0,72.91883925300748,8.178740973347276
tile,4,0,crack/006.png,0.36510205268859863,1.3558480739593506,0.9790469489073922,2.2754297256469727,0.8356592783706658,0.03625425170068027,0.7223786115646362,0.03625425170068027,1,1.0,278.5547452551038,1.0752049509868822
tile,4,0,crack/007.png,0.38758763670921326,1.4152600765228271,0.9889888337468983,3.2418203353881836,0.9491315136476427,0.02741496598639456,0.7138068675994873,0.02741496598639456,1,1.0,386.8114831508242,3.1897899934352636
tile,4,0,crack/008.png,0.37087175250053406,1.4318363666534424,0.9826351973917358,3.7894859313964844,0.9664044227089092,0.01999574829931973,0.6608273386955261,0.01999574829931973,1,1.0,443.297120420403,2.403191907676218
tile,4,0,crack/009.png,0.3756901025772095,1.0946455001831055,0.9485411140583554,3.0435075759887695,0.9484232242852932,0.024043367346938776,0.7308073043823242,0.024043367346938776,1,1.0,571.0880618258045,1.3275316455696202
tile,4,0,crack/010.png,0.37591540813446045,0.9954943656921387,0.9174243318770418,1.728337287902832,0.6556067225567757,0.03600765306122449,0.7211910486221313,0.03600765306122449,1,1.0,417.3370659105726,1.1565153218525828
tile,4,0,crack/011.png,0.418194979429245,1.2286272048950195,0.9704711347047114,2.7779340744018555,0.9808670648086707,0.012814625850340136,0.6276942491531372,0.012814625850340136,1,1.0,809.4585975337615,3.826704825149223
tile,4,0,crack/012.png,0.40524816513061523,1.3494513034820557,0.9698649951783992,2.9761438369750977,0.9529893924783028,0.02939342403628118,0.6931619644165039,0.02939342403628118,1,1.0,362.75011564614846,2.0398607311621233
tile,4,0,crack/013.png,0.41574349999427795,1.180696964263916,0.9438589240201144,2.394656181335449,0.9667975477026934,0.020573979591836735,0.7014299631118774,0.020573979591836735,1,1.0,749.2822255040954,2.0409203069258304
tile,4,0,crack/014.png,0.3913511037826538,1.8522343635559082,1.0,4.953509330749512,0.9815796333304371,0.0163109410430839,0.6720807552337646,0.0163109410430839,1,1.0,352.68607119569566,13.47078439553249
tile,4,0,crack/015.png,0.4180629849433899,2.1597189903259277,1.0,3.3996810913085938,1.0,0.008421201814058957,0.589141845703125,0.008421201814058957,1,1.0,519.9374688556526,38.42639340164959
tile,4,0,crack/016.png,0.3707055151462555,1.1345386505126953,0.9192840256670044,2.0140371322631836,0.972306653157717,0.020982142857142855,0.6629462242126465,0.020982142857142855,1,1.0,661.2937111193415,1.2417920689765103
tile,4,0,glue_strip/000.png,0.39836743474006653,2.4144365787506104,1.0,4.9547271728515625,0.9988099247782642,0.06311649659863945,0.6271560192108154,0.06311649659863945,1,1.0,22.52251254936148,2.0416417324089484
tile,4,0,glue_strip/001.png,0.3426913022994995,1.593751072883606,1.0,1.8414573669433594,0.8897841726618705,0.08372307256235828,0.6056100130081177,0.08372307256235828,1,1.0,27.349574513593215,3.0445980200889426
tile,4,0,glue_strip/002.png,0.30478575825691223,1.7023547887802124,1.0,4.256656646728516,1.0,0.07766865079365079,0.6240664720535278,0.07766865079365079,1,1.0,18.093191228856384,1.1124740725678457
tile,4,0,glue_strip/003.png,0.1301710605621338,-1.339790940284729,0.21975678428083628,-3.497619152069092,0.26633119670919947,0.35486819727891156,0.6240261197090149,0.35486819727891156,1,1.0,22.893659262449482,1.3718069920597784
tile,4,0,glue_strip/004.png,0.3875958025455475,1.3203296661376953,0.8256088583522483,3.2627196311950684,0.7454220599963193,0.1848185941043084,0.6896810531616211,0.1848185941043084,1,1.0,23.619119793443012,1.9057313653322157
tile,4,0,glue_strip/005.png,0.39716288447380066,2.424237012863159,1.0,6.044132232666016,1.0,0.05563775510204082,0.6867040395736694,0.05563775510204082,2,0.9999745274848438,20.97892261927259,1.6605281535105458
tile,4,0,glue_strip/006.png,0.34819507598876953,0.5491608381271362,0.7234059641316831,1.9960074424743652,0.7778670157656753,0.1764611678004535,0.6739742755889893,0.1764611678004535,1,1.0,23.070298677463093,1.8506466735206866
tile,4,0,glue_strip/007.png,0.27738329768180847,1.0451403856277466,0.9299524212733358,2.2439627647399902,0.9302044272408371,0.1405952380952381,0.5782061219215393,0.1405952380952381,1,1.0,27.393936885358816,2.755210586120225
tile,4,0,glue_strip/008.png,0.33165863156318665,1.55963933467865,0.9879905406436286,2.5821456909179688,0.8076197949019736,0.130046768707483,0.5947254300117493,0.130046768707483,1,1.0,22.744971731606807,1.893315675545628
tile,4,0,glue_strip/009.png,0.4651108980178833,3.748465061187744,1.0,8.475133895874023,1.0,0.04940901360544218,0.6920677423477173,0.04940901360544218,1,1.0,22.441631896777373,1.4144167636347473
tile,4,0,glue_strip/010.png,0.23944789171218872,0.7097527980804443,0.9194783830560173,2.3367552757263184,0.8797573555871617,0.1654109977324263,0.5742709636688232,0.1654109977324263,1,1.0,24.620752961687586,2.2787998200192967
tile,4,0,glue_strip/011.png,0.3645482361316681,2.4383370876312256,1.0,5.283988952636719,1.0,0.09935799319727891,0.633690357208252,0.09935799319727891,1,1.0,18.691360752076434,1.9269310708835308
tile,4,0,glue_strip/012.png,0.3730723261833191,1.3165781497955322,0.9461568990607223,3.279879093170166,0.986664902764916,0.10712868480725624,0.697892963886261,0.10712868480725624,1,1.0,23.005702403667385,1.8609646312301704
tile,4,0,glue_strip/013.png,0.3546585738658905,2.9506633281707764,1.0,6.941309928894043,1.0,0.02139172335600907,0.5213335752487183,0.02139172335600907,1,1.0,24.202932655723618,1.1325613308393387
tile,4,0,glue_strip/014.png,0.4717405140399933,2.773613691329956,1.0,7.165727615356445,0.9223230595262257,0.04887896825396825,0.6990475654602051,0.04887896825396825,2,0.99997100524805,26.1513857402829,1.9655293942032632
tile,4,0,glue_strip/015.png,0.3764845132827759,2.448317766189575,1.0,4.566072463989258,1.0,0.04838718820861678,0.5974701642990112,0.04838718820861678,1,1.0,21.566224830498975,1.8848448287841468
tile,4,0,glue_strip/016.png,0.5104128122329712,3.6051065921783447,1.0,11.10560417175293,1.0,0.03397108843537415,0.6934843063354492,0.03397108843537415,1,1.0,26.16234558274533,1.2895536053156385
tile,4,0,glue_strip/017.png,0.34747323393821716,1.2374764680862427,0.8526095506124731,2.135685443878174,0.8381681730439645,0.15711734693877552,0.6181948184967041,0.15711734693877552,1,1.0,17.39316964831738,1.0043128530115475
tile,4,0,gray_stroke/000.png,0.12801122665405273,1.1716421842575073,1.0,1.2383947372436523,1.0,0.018181689342403627,0.3156684637069702,0.018181689342403627,1,1.0,32.65705087320446,1.713680518156918
tile,4,0,gray_stroke/001.png,0.20597335696220398,1.039461612701416,1.0,1.8512845039367676,0.9945015043054258,0.040982142857142856,0.3914005160331726,0.040982142857142856,1,1.0,45.48469590081677,2.101404915416677
tile,4,0,gray_stroke/002.png,0.14514216780662537,1.2188687324523926,0.9813859089591186,1.1375739574432373,0.9903740214554944,0.02444019274376417,0.3039005398750305,0.02444019274376417,1,1.0,27.725199083501895,1.1533333333333333
tile,4,0,gray_stroke/003.png,0.11563608050346375,0.7211742401123047,0.9861674554879423,0.41885149478912354,0.9247520847419427,0.05030612244897959,0.2776707410812378,0.05030612244897959,1,1.0,88.80571768364757,2.102312521188517
tile,4,0,gray_stroke/004.png,0.15217486023902893,0.9815453290939331,1.0,1.9992585182189941,1.0,0.049638605442176874,0.3619946241378784,0.049638605442176874,1,1.0,17.38298121614371,1.1111111197076569
tile,4,0,gray_stroke/005.png,0.12098416686058044,0.5508161783218384,0.9910628260075085,1.2713836431503296,1.0,0.04265731292517007,0.2872440814971924,0.04265731292517007,1,1.0,68.13270374654432,2.3970985679196786
tile,4,0,gray_stroke/006.png,0.12415552139282227,0.9846181273460388,0.998921025026225,0.9024728536605835,1.0,0.0472859977324263,0.28204113245010376,0.0472859977324263,1,1.0,29.519510270678023,2.1126402394283046
tile,4,0,gray_stroke/007.png,0.13882207870483398,0.6156841516494751,0.9903273809523809,0.8173694610595703,0.8991174055829229,0.05523809523809524,0.3843204379081726,0.05523809523809524,1,1.0,34.93463001848842,2.861308561017533
tile,4,0,gray_stroke/008.png,0.15602374076843262,1.2321717739105225,1.0,1.4777380228042603,0.9976142709971263,0.026138038548752834,0.35196125507354736,0.026138038548752834,1,1.0,23.967833678363792,2.392156862745098
tile,4,0,gray_stroke/009.png,0.127546489238739,0.7072027921676636,0.9211020873884154,1.0530970096588135,0.9793610309416739,0.042230725623582765,0.32807767391204834,0.042230725623582765,1,1.0,39.95229209949796,3.851462492404192
tile,4,0,gray_stroke/010.png,0.14427733421325684,0.6339517831802368,1.0,0.9536058902740479,0.9720134335518951,0.062033730158730156,0.3241894245147705,0.062033730158730156,1,1.0,34.72845337537331,1.3657286116596077
tile,4,0,gray_stroke/011.png,0.10984933376312256,0.8128838539123535,0.9673839877613463,1.2529767751693726,1.0,0.06947987528344671,0.3154953122138977,0.06947987528344671,1,1.0,40.885281850343944,3.4000721374342495
tile,4,0,gray_stroke/012.png,0.12047877907752991,0.7604281902313232,1.0,1.0488471984863281,1.0,0.02576530612244898,0.28544408082962036,0.02576530612244898,1,1.0,37.553850251711324,4.684931650016816
tile,4,0,gray_stroke/013.png,0.16152745485305786,0.8574185967445374,1.0,1.1218198537826538,1.0,0.031217403628117913,0.30498868227005005,0.031217403628117913,1,1.0,33.63820794386664,2.0
tile,4,0,gray_stroke/014.png,0.16359910368919373,0.6619370579719543,0.9877001484810787,1.8000820875167847,1.0,0.07063208616780045,0.35242700576782227,0.07063208616780045,1,1.0,22.0098284304174,1.0380580367281
tile,4,0,gray_stroke/015.png,0.16097503900527954,1.2707010507583618,1.0,1.1591118574142456,1.0,0.01804421768707483,0.3177368640899658,0.01804421768707483,1,1.0,35.49373093837335,3.1333913427374194
tile,4,0,oil/000.png,0.31983935832977295,1.4511229991912842,0.9895643531555408,7.647798538208008,0.9929473375721513,0.22245181405895692,0.7055691480636597,0.22245181405895692,1,1.0,22.80370599198017,1.6823061084843935
tile,4,0,oil/001.png,0.27163711190223694,1.3669602870941162,0.9868303988225344,5.510289192199707,1.0,0.12902919501133786,0.6048311591148376,0.12902919501133786,1,1.0,16.0794998013191,1.0758864312173833
tile,4,0,oil/002.png,0.2664911150932312,1.1487188339233398,0.9654417416554734,3.959320068359375,0.9907295977390778,0.18253543083900226,0.5988404154777527,0.18253543083900226,1,1.0,15.29283806085035,1.0099227728871636
tile,4,0,oil/003.png,0.3084164559841156,1.535383939743042,0.9942095175957265,7.533109664916992,0.997869347143498,0.13901927437641723,0.6251329183578491,0.13901927437641723,1,1.0,15.73466347224812,1.0090252265800375
tile,4,0,oil/004.png,0.3323119282722473,1.676186442375183,1.0,8.249359130859375,1.0,0.13161706349206348,0.6583418250083923,0.13161706349206348,1,1.0,14.773958071385039,1.0113626064146881
tile,4,0,oil/005.png,0.28197965025901794,1.5537989139556885,1.0,8.09478759765625,0.9990481433060391,0.12357993197278912,0.6841811537742615,0.12357993197278912,1,1.0,14.923798176707223,1.0482656153405259
tile,4,0,oil/006.png,0.22827988862991333,1.2873561382293701,0.9470262918404289,3.8395838737487793,0.9961097276809376,0.14171343537414965,0.5553150177001953,0.14171343537414965,1,1.0,14.915184129230528,1.105740181268882
tile,4,0,oil/007.png,0.2611987292766571,1.1588540077209473,0.9924094537595427,4.456951141357422,0.9995729773067941,0.16262471655328797,0.5995218753814697,0.16262471655328797,1,1.0,14.577619614894289,1.1545589846343238
tile,4,0,oil/008.png,0.26257842779159546,1.3324708938598633,0.9962765348892841,5.744433403015137,0.9989911281683256,0.1362627551020408,0.6461881399154663,0.1362627551020408,1,1.0,15.266593019413211,1.0524837219562857
tile,4,0,oil/009.png,0.32009047269821167,1.6495988368988037,0.9985618920836046,7.570393085479736,0.9997959441469979,0.1458517573696145,0.6175512075424194,0.1458517573696145,1,1.0,14.815682956810997,1.3291058186268863
tile,4,0,oil/010.png,0.3025300204753876,1.655707597732544,1.0,8.378209114074707,1.0,0.12932114512471654,0.6668730974197388,0.12932114512471654,1,1.0,14.301238555099262,1.0600253126975048
tile,4,0,oil/011.png,0.29354432225227356,1.5643963813781738,0.9991382344730486,5.9121198654174805,0.9981915061476654,0.11676445578231293,0.6230186820030212,0.11676445578231293,1,1.0,14.503204307099553,1.04987594906846
tile,4,0,oil/012.png,0.2720845341682434,1.5870816707611084,0.996290198908484,3.791069984436035,0.9948017680754139,0.1256859410430839,0.5922954082489014,0.1256859410430839,1,1.0,14.21940295924909,1.0424242424242425
tile,4,0,oil/013.png,0.2847062647342682,1.7106387615203857,1.0,4.978424549102783,1.0,0.12843679138321995,0.5770590305328369,0.12843679138321995,1,1.0,14.475568740690008,1.0119760479041917
tile,4,0,oil/014.png,0.3166065216064453,1.56766939163208,0.9974104815475374,9.622013092041016,1.0,0.16528344671201814,0.698820948600769,0.16528344671201814,1,1.0,20.826589279167553,1.496607635055354
tile,4,0,oil/015.png,0.24106162786483765,1.1552505493164062,0.97574726990961,3.4373621940612793,0.9780507365666287,0.2350297619047619,0.66713547706604,0.2350297619047619,1,1.0,28.01363842738505,1.0399997003892443
tile,4,0,oil/016.png,0.32787030935287476,1.220514178276062,0.9634975250905732,6.465709209442139,0.9817032320170674,0.21788973922902494,0.6679929494857788,0.21788973922902494,1,1.0,32.659162457776816,1.3445416402327204
tile,4,0,oil/017.png,0.3435351550579071,1.0001529455184937,0.9302169391645965,7.194159507751465,0.9878603616615633,0.19624716553287982,0.7927694320678711,0.19624716553287982,2,0.9999927783234156,43.90769197787639,1.0970090282776748
tile,4,0,rough/000.png,0.22935786843299866,1.6249582767486572,1.0,2.5080952644348145,1.0,0.0408999433106576,0.39842498302459717,0.0408999433106576,1,1.0,25.77166389463832,2.496559236133111
tile,4,0,rough/001.png,0.2032775580883026,1.2845261096954346,0.963414267684356,2.0347070693969727,0.9650369613558507,0.09432539682539683,0.4610688090324402,0.09432539682539683,2,0.9957028667588197,31.092188368727417,2.8997611992030854
tile,4,0,rough/002.png,0.2146381139755249,1.1026557683944702,0.9917361055394455,2.5325706005096436,0.9921716506011669,0.12364937641723356,0.4677138328552246,0.12364937641723356,1,1.0,33.17291997054424,2.795630079117775
tile,4,0,rough/003.png,0.18180090188980103,0.9425437450408936,0.8990544076141819,1.4264904260635376,0.9035454564182855,0.20638180272108844,0.39824554324150085,0.20638180272108844,1,1.0,28.83313678457965,3.0676080508431873
tile,4,0,rough/004.png,0.08565658330917358,0.3230884075164795,0.7407673461010557,0.8567132949829102,0.8847270503824758,0.3314498299319728,0.5179141163825989,0.3314498299319728,1,1.0,21.120963933794123,2.7240259740259742
tile,4,0,rough/005.png,0.18447497487068176,1.0914634466171265,0.9881232987119634,2.5663375854492188,0.9996958591219453,0.09319586167800453,0.42096298933029175,0.09319586167800453,1,1.0,24.02822731267477,1.4876325088339222
tile,4,0,rough/006.png,0.09417548775672913,0.5088425278663635,0.9033444230432499,1.181787133216858,0.951742251794782,0.08093820861678004,0.3631971478462219,0.08093820861678004,1,1.0,17.94906432036805,1.0326086956521738
tile,4,0,rough/007.png,0.08892732858657837,0.39395320415496826,0.788139955231563,0.9400510787963867,0.8575070923259238,0.11839710884353742,0.37228941917419434,0.11839710884353742,1,1.0,26.279823957728393,1.1417721518987343
tile,4,0,rough/008.png,0.1246548593044281,0.8376963138580322,0.9735641328102854,1.1148829460144043,0.971634707705813,0.15498724489795918,0.4214712381362915,0.15498724489795918,1,1.0,21.455447028028892,1.6215384615384616
tile,4,0,rough/009.png,0.19180810451507568,0.8553212881088257,0.9509735347372076,2.559037208557129,0.9563062727881538,0.28569302721088435,0.48576149344444275,0.28569302721088435,1,1.0,24.554803736750067,3.0084143246634807
tile,4,0,rough/010.png,0.14300888776779175,0.8845466375350952,0.9379301495462287,0.7704067230224609,0.8660849683876537,0.1214937641723356,0.40164095163345337,0.1214937641723356,2,0.9926976646524975,25.160045346533042,2.666070093026098
tile,4,0,rough/011.png,0.258858323097229,1.4269964694976807,0.9361645709181751,4.352519989013672,0.962402132499686,0.10154903628117914,0.5581486821174622,0.10154903628117914,1,1.0,20.777903282806246,1.9370079137746505
tile,4,0,rough/012.png,0.03423666954040527,-0.08257049322128296,0.40466669834825764,0.01078641414642334,0.5137780976109817,0.20875708616780045,0.25038832426071167,0.20875708616780045,1,1.0,23.297013847146964,3.356828193832599
tile,4,0,rough/013.png,0.18936699628829956,1.0347518920898438,0.8663916894142875,2.6412596702575684,0.8601499975383337,0.2590745464852608,0.5941069722175598,0.2590745464852608,1,1.0,38.884551045716854,2.4051392091722406
tile,4,0,rough/014.png,0.1128203272819519,0.44576966762542725,0.8536541926832335,1.2203999757766724,0.98265096593052,0.13527777777777777,0.4318122863769531,0.13527777777777777,1,1.0,39.548268416204145,5.4480519480519485
tile,4,1,crack/000.png,0.3880425691604614,1.0891354084014893,0.9479583245632498,1.5880565643310547,0.931803830772469,0.02693310657596372,0.739219069480896,0.02693310657596372,1,1.0,410.6037299553949,2.0711545092661576
tile,4,1,crack/001.png,0.38844454288482666,0.8936305046081543,0.9433549364531605,1.8641901016235352,0.9359481525124148,0.016838151927437643,0.7117305994033813,0.016838151927437643,1,1.0,913.650985669197,1.5623836126629422
tile,4,1,crack/002.png,0.4290487766265869,1.2289373874664307,0.9675082781456954,2.57596492767334,0.9285492549668874,0.027392290249433106,0.7003449201583862,0.027392290249433106,1,1.0,516.9177917445206,1.4214700832058251
tile,4,1,crack/003.png,0.3997677266597748,1.2240324020385742,0.9624530027436237,1.9205989837646484,0.8047454526978965,0.027893990929705216,0.7550208568572998,0.027893990929705216,1,1.0,376.87032663632095,2.0207493282616658
tile,4,1,crack/004.png,0.4300382137298584,1.746722936630249,1.0,4.247110366821289,0.7991697681076438,0.009900793650793651,0.6699256896972656,0.009900793650793651,1,1.0,468.3095817818415,13.261131460375687
tile,4,1,crack/005.png,0.28289613127708435,2.6706697940826416,1.0,5.236100673675537,1.0,0.015063775510204082,0.5929667949676514,0.015063775510204082,1,1.0,72.91883925300748,8.178740973347276
tile,4,1,crack/006.png,0.3403291702270508,1.2559616565704346,0.9773660138383957,2.384296417236328,0.8380438606778469,0.03625425170068027,0.7399988770484924,0.03625425170068027,1,1.0,278.5547452551038,1.0752049509868822
tile,4,1,crack/007.png,0.3846501410007477,1.3505759239196777,0.9839743589743589,1.923746109008789,0.8607320099255583,0.02741496598639456,0.7269456386566162,0.02741496598639456,1,1.0,386.8114831508242,3.1897899934352636
tile,4,1,crack/008.png,0.39678719639778137,1.388658046722412,0.9799418810688213,2.9875078201293945,0.9603798993550217,0.01999574829931973,0.688312292098999,0.01999574829931973,1,1.0,443.297120420403,2.403191907676218
tile,4,1,crack/009.png,0.3915032744407654,1.094815969467163,0.9538461538461539,2.405470848083496,0.9215443560271146,0.024043367346938776,0.720040500164032,0.024043367346938776,1,1.0,571.0880618258045,1.3275316455696202
tile,4,1,crack/010.png,0.3843121826648712,1.0269112586975098,0.892746093596253,1.6373310089111328,0.685992049435195,0.03600765306122449,0.7070022821426392,0.03600765306122449,1,1.0,417.3370659105726,1.1565153218525828
tile,4,1,crack/011.png,0.4077785313129425,1.361403465270996,0.9787657597876576,2.2156219482421875,0.9772174297721743,0.012814625850340136,0.655254065990448,0.012814625850340136,1,1.0,809.4585975337615,3.826704825149223
tile,4,1,crack/012.png,0.4124952554702759,1.4200046062469482,0.965718418514947,2.058135986328125,0.8993249758919961,0.02939342403628118,0.7047584652900696,0.02939342403628118,1,1.0,362.75011564614846,2.0398607311621233
tile,4,1,crack/013.png,0.42380478978157043,1.1097609996795654,0.9665908934352828,2.2652997970581055,0.950816284356272,0.020573979591836735,0.6614461541175842,0.020573979591836735,1,1.0,749.2822255040954,2.0409203069258304
tile,4,1,crack/014.png,0.39669618010520935,1.8148727416992188,1.0,5.10910701751709,0.9290989660265879,0.0163109410430839,0.6940593719482422,0.0163109410430839,1,1.0,352.68607119569566,13.47078439553249
tile,4,1,crack/015.png,0.408755898475647,2.1040234565734863,1.0,2.953592300415039,1.0,0.008421201814058957,0.6266835331916809,0.008421201814058957,1,1.0,519.9374688556526,38.42639340164959
tile,4,1,crack/016.png,0.35549336671829224,1.0490403175354004,0.9571090847686592,2.2823781967163086,0.9586626139817629,0.020982142857142855,0.6519989967346191,0.020982142857142855,1,1.0,661.2937111193415,1.2417920689765103
tile,4,1,glue_strip/000.png,0.39676621556282043,2.3928380012512207,1.0,5.124204158782959,1.0,0.06311649659863945,0.6701744794845581,0.06311649659863945,1,1.0,22.52251254936148,2.0416417324089484
tile,4,1,glue_strip/001.png,0.30094096064567566,1.4728847742080688,1.0,2.0373215675354004,0.9721540414727042,0.08372307256235828,0.5942590236663818,0.08372307256235828,1,1.0,27.349574513593215,3.0445980200889426
tile,4,1,glue_strip/002.png,0.27368614077568054,1.706705093383789,1.0,4.493895530700684,1.0,0.07766865079365079,0.6001558303833008,0.07766865079365079,1,1.0,18.093191228856384,1.1124740725678457
tile,4,1,glue_strip/003.png,0.10407692193984985,-1.208937406539917,0.2218295093751872,-3.6341681480407715,0.26591185926236544,0.35486819727891156,0.624690055847168,0.35486819727891156,1,1.0,22.893659262449482,1.3718069920597784
tile,4,1,glue_strip/004.png,0.37522363662719727,1.3110079765319824,0.8442426844978835,3.2662534713745117,0.7391110974786823,0.1848185941043084,0.6783764362335205,0.1848185941043084,1,1.0,23.619119793443012,1.9057313653322157
tile,4,1,glue_strip/005.png,0.40560224652290344,2.4083852767944336,1.0,4.500344276428223,1.0,0.05563775510204082,0.7103581428527832,0.05563775510204082,2,0.9999745274848438,20.97892261927259,1.6605281535105458
tile,4,1,glue_strip/006.png,0.33636176586151123,0.48130500316619873,0.6926938182168644,1.6873464584350586,0.7662294897639566,0.1764611678004535,0.6812247037887573,0.1764611678004535,1,1.0,23.070298677463093,1.8506466735206866
tile,4,1,glue_strip/007.png,0.2841797471046448,1.0978550910949707,0.9532276924317568,2.029726266860962,0.9247812588202089,0.1405952380952381,0.5654755234718323,0.1405952380952381,1,1.0,27.393936885358816,2.755210586120225
tile,4,1,glue_strip/008.png,0.3509925603866577,1.546370029449463,0.9879251533876048,2.603781223297119,0.8330118459912164,0.130046768707483,0.6234495043754578,0.130046768707483,1,1.0,22.744971731606807,1.893315675545628
tile,4,1,glue_strip/009.png,0.4416768550872803,3.444998025894165,1.0,8.547637939453125,1.0,0.04940901360544218,0.6664682626724243,0.04940901360544218,1,1.0,22.441631896777373,1.4144167636347473
tile,4,1,glue_strip/010.png,0.2395646572113037,0.5898557901382446,0.8641636821632366,2.262002944946289,0.8419641174152201,0.1654109977324263,0.5853020548820496,0.1654109977324263,1,1.0,24.620752961687586,2.2787998200192967
tile,4,1,glue_strip/011.png,0.3467676639556885,2.3667685985565186,1.0,5.0501251220703125,1.0,0.09935799319727891,0.6371622085571289,0.09935799319727891,1,1.0,18.691360752076434,1.9269310708835308
tile,4,1,glue_strip/012.png,0.363300621509552,1.311910629272461,0.9518851699960312,3.322272777557373,0.9964677867442784,0.10712868480725624,0.6637016534805298,0.10712868480725624,1,1.0,23.005702403667385,1.8609646312301704
tile,4,1,glue_strip/013.png,0.43282461166381836,3.2876596450805664,1.0,7.399055004119873,1.0,0.02139172335600907,0.6121002435684204,0.02139172335600907,1,1.0,24.202932655723618,1.1325613308393387
tile,4,1,glue_strip/014.png,0.47485169768333435,2.5325253009796143,1.0,7.922066688537598,0.9574936936414509,0.04887896825396825,0.7007194757461548,0.04887896825396825,2,0.99997100524805,26.1513857402829,1.9655293942032632
tile,4,1,glue_strip/015.png,0.3676770329475403,2.326125144958496,1.0,5.328765869140625,1.0,0.04838718820861678,0.6123130321502686,0.04838718820861678,1,1.0,21.566224830498975,1.8848448287841468
tile,4,1,glue_strip/016.png,0.49648794531822205,3.489419937133789,1.0,10.071734428405762,1.0,0.03397108843537415,0.7085624933242798,0.03397108843537415,1,1.0,26.16234558274533,1.2895536053156385
tile,4,1,glue_strip/017.png,0.32863175868988037,1.1350736618041992,0.8615125110497736,2.603121280670166,0.8619274413234471,0.15711734693877552,0.6012170314788818,0.15711734693877552,1,1.0,17.39316964831738,1.0043128530115475
tile,4,1,gray_stroke/000.png,0.1337922215461731,1.2400790452957153,1.0,1.3561286926269531,1.0,0.018181689342403627,0.29845696687698364,0.018181689342403627,1,1.0,32.65705087320446,1.713680518156918
tile,4,1,gray_stroke/001.png,0.2304312288761139,1.4296233654022217,1.0,1.4868485927581787,0.9962305910018329,0.040982142857142856,0.4288771152496338,0.040982142857142856,1,1.0,45.48469590081677,2.101404915416677
tile,4,1,gray_stroke/002.png,0.13922449946403503,0.9165049195289612,0.9785445056538127,1.1944514513015747,0.991823717019426,0.02444019274376417,0.2979241609573364,0.02444019274376417,1,1.0,27.725199083501895,1.1533333333333333
tile,4,1,gray_stroke/003.png,0.11574220657348633,0.7243582010269165,0.9800822627901735,0.6163588762283325,0.9923089925625422,0.05030612244897959,0.2784925103187561,0.05030612244897959,1,1.0,88.80571768364757,2.102312521188517
tile,4,1,gray_stroke/004.png,0.1734074056148529,1.1184608936309814,1.0,1.6463059186935425,1.0,0.049638605442176874,0.3987090587615967,0.049638605442176874,1,1.0,17.38298121614371,1.1111111197076569
tile,4,1,gray_stroke/005.png,0.12356707453727722,0.4888334274291992,0.9097312203063225,1.0074846744537354,1.0,0.04265731292517007,0.2955021858215332,0.04265731292517007,1,1.0,68.13270374654432,2.3970985679196786
tile,4,1,gray_stroke/006.png,0.12510919570922852,0.9246432185173035,1.0,0.9813921451568604,1.0,0.0472859977324263,0.28775376081466675,0.0472859977324263,1,1.0,29.519510270678023,2.1126402394283046
tile,4,1,gray_stroke/007.png,0.15706512331962585,0.6754695177078247,0.9954587438423645,0.6579411029815674,0.8834667487684729,0.05523809523809524,0.4272184371948242,0.05523809523809524,1,1.0,34.93463001848842,2.861308561017533
tile,4,1,gray_stroke/008.png,0.15905648469924927,1.2678850889205933,1.0,0.9797354936599731,0.9934934663557989,0.026138038548752834,0.3523932099342346,0.026138038548752834,1,1.0,23.967833678363792,2.392156862745098
tile,4,1,gray_stroke/009.png,0.12295538187026978,0.42866644263267517,0.9095912477347473,0.6583949327468872,0.9614068058258943,0.042230725623582765,0.3250027298927307,0.042230725623582765,1,1.0,39.95229209949796,3.851462492404192
tile,4,1,gray_stroke/010.png,0.15267127752304077,0.7088401317596436,0.9961389961389961,0.8379224538803101,0.9952479952479952,0.062033730158730156,0.34337735176086426,0.062033730158730156,1,1.0,34.72845337537331,1.3657286116596077
tile,4,1,gray_stroke/011.png,0.13588201999664307,0.8586215972900391,0.9756042835288118,0.8751060962677002,0.9991228964813871,0.06947987528344671,0.32930028438568115,0.06947987528344671,1,1.0,40.885281850343944,3.4000721374342495
tile,4,1,gray_stroke/012.png,0.13295391201972961,0.981361985206604,1.0,0.8816449642181396,1.0,0.02576530612244898,0.2826811671257019,0.02576530612244898,1,1.0,37.553850251711324,4.684931650016816
tile,4,1,gray_stroke/013.png,0.15286487340927124,0.9593862891197205,1.0,0.8568049669265747,0.9987288327961139,0.031217403628117913,0.35008662939071655,0.031217403628117913,1,1.0,33.63820794386664,2.0
tile,4,1,gray_stroke/014.png,0.17467758059501648,0.8405688405036926,1.0,1.8930779695510864,1.0,0.07063208616780045,0.3745352625846863,0.07063208616780045,1,1.0,22.0098284304174,1.0380580367281
tile,4,1,gray_stroke/015.png,0.17490655183792114,1.3193520307540894,1.0,0.9096554517745972,1.0,0.01804421768707483,0.31459248065948486,0.01804421768707483,1,1.0,35.49373093837335,3.1333913427374194
tile,4,1,oil/000.png,0.31329962611198425,1.39620041847229,0.9855187879869013,7.140703201293945,0.9937500796371096,0.22245181405895692,0.6791253089904785,0.22245181405895692,1,1.0,22.80370599198017,1.6823061084843935
tile,4,1,oil/001.png,0.27967002987861633,1.3986105918884277,0.9949913777006469,4.669403553009033,1.0,0.12902919501133786,0.6396250128746033,0.12902919501133786,1,1.0,16.0794998013191,1.0758864312173833
tile,4,1,oil/002.png,0.23497635126113892,1.0686739683151245,0.9582909539818474,3.776533603668213,0.9896348517434412,0.18253543083900226,0.5972640514373779,0.18253543083900226,1,1.0,15.29283806085035,1.0099227728871636
tile,4,1,oil/003.png,0.2852403521537781,1.3043606281280518,0.9942604901521022,5.932938575744629,0.9976756514292705,0.13901927437641723,0.6489260196685791,0.13901927437641723,1,1.0,15.73466347224812,1.0090252265800375
tile,4,1,oil/004.png,0.29668527841567993,1.4327059984207153,0.9994508393543594,6.704744815826416,1.0,0.13161706349206348,0.650740385055542,0.13161706349206348,1,1.0,14.773958071385039,1.0113626064146881
tile,4,1,oil/005.png,0.2651210427284241,1.4848411083221436,1.0,6.393991470336914,0.9989793343884034,0.12357993197278912,0.7016090750694275,0.12357993197278912,1,1.0,14.923798176707223,1.0482656153405259
tile,4,1,oil/006.png,0.22039920091629028,1.366648554801941,0.9542467972758093,3.332484245300293,0.9937595631694218,0.14171343537414965,0.5449448823928833,0.14171343537414965,1,1.0,14.915184129230528,1.105740181268882
tile,4,1,oil/007.png,0.26576557755470276,1.2034002542495728,0.9879910760971868,3.8077008724212646,0.999869278767386,0.16262471655328797,0.6391544342041016,0.16262471655328797,1,1.0,14.577619614894289,1.1545589846343238
tile,4,1,oil/008.png,0.24044257402420044,1.1956734657287598,0.9881743580142907,4.6748762130737305,0.9985646978064838,0.1362627551020408,0.6716101765632629,0.1362627551020408,1,1.0,15.266593019413211,1.0524837219562857
tile,4,1,oil/009.png,0.32963353395462036,1.712209701538086,0.9980274600876469,5.808332443237305,0.9995918882939959,0.1458517573696145,0.6622047424316406,0.1458517573696145,1,1.0,14.815682956810997,1.3291058186268863
tile,4,1,oil/010.png,0.2893875539302826,1.5909795761108398,1.0,6.820466995239258,1.0,0.12932114512471654,0.6834671497344971,0.12932114512471654,1,1.0,14.301238555099262,1.0600253126975048
tile,4,1,oil/011.png,0.3000974655151367,1.673801302909851,0.9992474723567466,4.5326642990112305,0.9977181419849738,0.11676445578231293,0.6712307929992676,0.11676445578231293,1,1.0,14.503204307099553,1.04987594906846
tile,4,1,oil/012.png,0.2699423134326935,1.6793766021728516,1.0,3.595773220062256,0.9963353028731226,0.1256859410430839,0.6254733204841614,0.1256859410430839,1,1.0,14.21940295924909,1.0424242424242425
tile,4,1,oil/013.png,0.28217390179634094,1.735935926437378,1.0,4.315752029418945,1.0,0.12843679138321995,0.5887595415115356,0.12843679138321995,1,1.0,14.475568740690008,1.0119760479041917
tile,4,1,oil/014.png,0.3076205849647522,1.516345500946045,0.9897533955275072,8.884126663208008,1.0,0.16528344671201814,0.7162028551101685,0.16528344671201814,1,1.0,20.826589279167553,1.496607635055354
tile,4,1,oil/015.png,0.2327370047569275,1.0217959880828857,0.9674921760523888,3.8971962928771973,0.9721654395581203,0.2350297619047619,0.685171365737915,0.2350297619047619,1,1.0,28.01363842738505,1.0399997003892443
tile,4,1,oil/016.png,0.3085450530052185,1.2477480173110962,0.962710497388499,5.9347825050354,0.9823211463286133,0.21788973922902494,0.6865235567092896,0.21788973922902494,1,1.0,32.659162457776816,1.3445416402327204
tile,4,1,oil/017.png,0.31450966000556946,0.9328048229217529,0.9395978970477786,6.726278305053711,0.9878098099254723,0.19624716553287982,0.7997770309448242,0.19624716553287982,2,0.9999927783234156,43.90769197787639,1.0970090282776748
tile,4,1,rough/000.png,0.23202142119407654,1.6954569816589355,1.0,1.5461922883987427,1.0,0.0408999433106576,0.44443243741989136,0.0408999433106576,1,1.0,25.77166389463832,2.496559236133111
tile,4,1,rough/001.png,0.2287595570087433,1.250639796257019,0.948194002043392,1.4550890922546387,0.9667648296171645,0.09432539682539683,0.4802618622779846,0.09432539682539683,2,0.9957028667588197,31.092188368727417,2.8997611992030854
tile,4,1,rough/002.png,0.2023829221725464,0.9545398354530334,0.9761137918782308,1.6600236892700195,0.9883549004550299,0.12364937641723356,0.4953259825706482,0.12364937641723356,1,1.0,33.17291997054424,2.795630079117775
tile,4,1,rough/003.png,0.1881382167339325,0.8726109266281128,0.8860962897344513,1.0245862007141113,0.899521366817055,0.20638180272108844,0.3940393030643463,0.20638180272108844,1,1.0,28.83313678457965,3.0676080508431873
tile,4,1,rough/004.png,0.07922643423080444,0.3997647762298584,0.8288287132650051,0.6796250343322754,0.8475911934356974,0.3314498299319728,0.5188091397285461,0.3314498299319728,1,1.0,21.120963933794123,2.7240259740259742
tile,4,1,rough/005.png,0.186953604221344,1.1394766569137573,0.9721102814823827,1.7495259046554565,1.0,0.09319586167800453,0.4041057825088501,0.09319586167800453,1,1.0,24.02822731267477,1.4876325088339222
tile,4,1,rough/006.png,0.08553016185760498,0.44893497228622437,0.869427420766941,0.9170173406600952,0.9411836806163544,0.08093820861678004,0.3129499554634094,0.08093820861678004,1,1.0,17.94906432036805,1.0326086956521738
tile,4,1,rough/007.png,0.08390218019485474,0.39703893661499023,0.7908691540680624,0.7386472225189209,0.7936462335859039,0.11839710884353742,0.34057700634002686,0.11839710884353742,1,1.0,26.279823957728393,1.1417721518987343
tile,4,1,rough/008.png,0.1341761350631714,0.8865841627120972,0.9705831253029015,0.7675871849060059,0.8930037765524557,0.15498724489795918,0.38968122005462646,0.15498724489795918,1,1.0,21.455447028028892,1.6215384615384616
tile,4,1,rough/009.png,0.18336951732635498,0.9049381017684937,0.9382245702805269,1.9721283912658691,0.9346131904655605,0.28569302721088435,0.5106155276298523,0.28569302721088435,1,1.0,24.554803736750067,3.0084143246634807
tile,4,1,rough/010.png,0.14380371570587158,0.8432338833808899,0.9336607330331521,0.1897599697113037,0.6994727387257075,0.1214937641723356,0.38362258672714233,0.1214937641723356,2,0.9926976646524975,25.160045346533042,2.666070093026098
tile,4,1,rough/011.png,0.24487271904945374,1.452587366104126,0.9479993859294098,3.231079578399658,0.9516558971710884,0.10154903628117914,0.5937598943710327,0.10154903628117914,1,1.0,20.777903282806246,1.9370079137746505
tile,4,1,rough/012.png,0.027087390422821045,-0.09784117341041565,0.38764010617858913,-0.23406541347503662,0.2678090143178161,0.20875708616780045,0.3128984272480011,0.20875708616780045,1,1.0,23.297013847146964,3.356828193832599
tile,4,1,rough/013.png,0.18368902802467346,1.0131208896636963,0.8443843919410513,2.4446334838867188,0.8606423308151397,0.2590745464852608,0.6098741888999939,0.2590745464852608,1,1.0,38.884551045716854,2.4051392091722406
tile,4,1,rough/014.png,0.11401379108428955,0.4749329388141632,0.8518836692787998,1.1657836437225342,0.9852805598625487,0.13527777777777777,0.4467652440071106,0.13527777777777777,1,1.0,39.548268416204145,5.4480519480519485
tile,4,2,crack/000.png,0.39286577701568604,1.173790454864502,0.9901073458219323,1.9067201614379883,0.9484845295727216,0.02693310657596372,0.7397826313972473,0.02693310657596372,1,1.0,410.6037299553949,2.0711545092661576
tile,4,2,crack/001.png,0.35224151611328125,0.9265360832214355,0.9275313525797492,1.972428321838379,0.9392307044861543,0.016838151927437643,0.6903935670852661,0.016838151927437643,1,1.0,913.650985669197,1.5623836126629422
tile,4,2,crack/002.png,0.4216587543487549,1.2194271087646484,0.9690604304635762,2.8077383041381836,0.9340335264900662,0.027392290249433106,0.6971735954284668,0.027392290249433106,1,1.0,516.9177917445206,1.4214700832058251
tile,4,2,crack/003.png,0.39301395416259766,1.2995848655700684,0.9878061172645056,2.094715118408203,0.8198861904278021,0.027893990929705216,0.7258333563804626,0.027893990929705216,1,1.0,376.87032663632095,2.0207493282616658
tile,4,2,crack/004.png,0.41382473707199097,1.839329481124878,1.0,4.850942611694336,0.8448325221872316,0.009900793650793651,0.6671793460845947,0.009900793650793651,1,1.0,468.3095817818415,13.261131460375687
tile,4,2,crack/005.png,0.30827492475509644,3.1030325889587402,1.0,5.768798351287842,1.0,0.015063775510204082,0.5684243440628052,0.015063775510204082,1,1.0,72.91883925300748,8.178740973347276
tile,4,2,crack/006.png,0.3558017611503601,1.3895821571350098,0.9645049059849107,2.3028173446655273,0.7986005238262773,0.03625425170068027,0.7236305475234985,0.03625425170068027,1,1.0,278.5547452551038,1.0752049509868822
tile,4,2,crack/007.png,0.3597302734851837,1.4267830848693848,0.9881617038875103,2.473851203918457,0.8992452440033085,0.02741496598639456,0.7236307263374329,0.02741496598639456,1,1.0,386.8114831508242,3.1897899934352636
tile,4,2,crack/008.png,0.3915032744407654,1.4816217422485352,0.980083634559501,3.5197629928588867,0.9778155787086257,0.01999574829931973,0.6817945837974548,0.01999574829931973,1,1.0,443.297120420403,2.403191907676218
tile,4,2,crack/009.png,0.3898746371269226,1.1389696598052979,0.961508989095196,2.7448835372924805,0.9463012083701738,0.024043367346938776,0.7151085138320923,0.024043367346938776,1,1.0,571.0880618258045,1.3275316455696202
tile,4,2,crack/010.png,0.36365893483161926,0.9659979343414307,0.8739717400716338,1.629446029663086,0.6356122328492148,0.03600765306122449,0.702601432800293,0.03600765306122449,1,1.0,417.3370659105726,1.1565153218525828
tile,4,2,crack/011.png,0.38061150908470154,1.2513086795806885,0.9948020349480203,2.7038497924804688,0.9808670648086707,0.012814625850340136,0.6302257776260376,0.012814625850340136,1,1.0,809.4585975337615,3.826704825149223
tile,4,2,crack/012.png,0.40789732336997986,1.449244499206543,0.9696239151398264,2.4874515533447266,0.9461427193828351,0.02939342403628118,0.6936924457550049,0.02939342403628118,1,1.0,362.75011564614846,2.0398607311621233
tile,4,2,crack/013.png,0.4146612882614136,1.1405079364776611,0.9506785148446649,2.368037223815918,0.9446855410897569,0.020573979591836735,0.6396504044532776,0.020573979591836735,1,1.0,749.2822255040954,2.0409203069258304
tile,4,2,crack/014.png,0.3624795973300934,1.7754991054534912,1.0,4.920564651489258,0.9816665218524633,0.0163109410430839,0.6453002691268921,0.0163109410430839,1,1.0,352.68607119569566,13.47078439553249
tile,4,2,crack/015.png,0.3906347155570984,2.0777037143707275,1.0,3.8889975547790527,1.0,0.008421201814058957,0.6003235578536987,0.008421201814058957,1,1.0,519.9374688556526,38.42639340164959
tile,4,2,crack/016.png,0.3304535150527954,1.0731823444366455,0.931644714623438,2.00783634185791,0.9403579871664978,0.020982142857142855,0.6299843788146973,0.020982142857142855,1,1.0,661.2937111193415,1.2417920689765103
tile,4,2,glue_strip/000.png,0.39472562074661255,2.310299873352051,1.0,5.70877742767334,0.9987874705287976,0.06311649659863945,0.6154335737228394,0.06311649659863945,1,1.0,22.52251254936148,2.0416417324089484
tile,4,2,glue_strip/001.png,0.29659247398376465,1.490655541419983,1.0,2.1269474029541016,0.9442573000423191,0.08372307256235828,0.5765271186828613,0.08372307256235828,1,1.0,27.349574513593215,3.0445980200889426
tile,4,2,glue_strip/002.png,0.29407405853271484,1.701829433441162,1.0,4.931788444519043,1.0,0.07766865079365079,0.5698087215423584,0.07766865079365079,1,1.0,18.093191228856384,1.1124740725678457
tile,4,2,glue_strip/003.png,0.1057879626750946,-1.3777742385864258,0.2055592164380279,-3.5313239097595215,0.28612392419976435,0.35486819727891156,0.54792720079422,0.35486819727891156,1,1.0,22.893659262449482,1.3718069920597784
tile,4,2,glue_strip/004.png,0.36583584547042847,1.2996962070465088,0.8483605300288326,4.0205583572387695,0.769646033985645,0.1848185941043084,0.7135361433029175,0.1848185941043084,1,1.0,23.619119793443012,1.9057313653322157
tile,4,2,glue_strip/005.png,0.36348018050193787,2.4396185874938965,1.0,6.130677223205566,1.0,0.05563775510204082,0.5983341932296753,0.05563775510204082,2,0.9999745274848438,20.97892261927259,1.6605281535105458
tile,4,2,glue_strip/006.png,0.29131221771240234,0.4679286479949951,0.6948542699038639,2.8962721824645996,0.8656022359470248,0.1764611678004535,0.6433933973312378,0.1764611678004535,1,1.0,23.070298677463093,1.8506466735206866
tile,4,2,glue_strip/007.png,0.25731539726257324,0.9995137453079224,0.9317668642393452,2.9323482513427734,0.9473105923148261,0.1405952380952381,0.5317692756652832,0.1405952380952381,1,1.0,27.393936885358816,2.755210586120225
tile,4,2,glue_strip/008.png,0.3629501163959503,1.5394761562347412,0.967480738004163,3.0461220741271973,0.9003825154477393,0.130046768707483,0.5913366079330444,0.130046768707483,1,1.0,22.744971731606807,1.893315675545628
tile,4,2,glue_strip/009.png,0.4285527467727661,3.562770366668701,1.0,10.262168884277344,1.0,0.04940901360544218,0.6421642303466797,0.04940901360544218,1,1.0,22.441631896777373,1.4144167636347473
tile,4,2,glue_strip/010.png,0.23089993000030518,0.5618003010749817,0.8529053926692599,3.2421715259552,0.9653254965128434,0.1654109977324263,0.5646002292633057,0.1654109977324263,1,1.0,24.620752961687586,2.2787998200192967
tile,4,2,glue_strip/011.png,0.3414788246154785,2.4370384216308594,1.0,6.435874938964844,1.0,0.09935799319727891,0.6132317781448364,0.09935799319727891,1,1.0,18.691360752076434,1.9269310708835308
tile,4,2,glue_strip/012.png,0.31476113200187683,1.1681010723114014,0.9055033734620982,4.211361408233643,1.0,0.10712868480725624,0.6344274282455444,0.10712868480725624,1,1.0,23.005702403667385,1.8609646312301704
tile,4,2,glue_strip/013.png,0.4013117253780365,3.2795944213867188,1.0,8.131046295166016,1.0,0.02139172335600907,0.5672374963760376,0.02139172335600907,1,1.0,24.202932655723618,1.1325613308393387
tile,4,2,glue_strip/014.png,0.44426339864730835,2.640979766845703,1.0,8.495061874389648,0.9826321435820117,0.04887896825396825,0.6448291540145874,0.04887896825396825,2,0.99997100524805,26.1513857402829,1.9655293942032632
tile,4,2,glue_strip/015.png,0.359231173992157,2.2787303924560547,1.0,5.735495567321777,1.0,0.04838718820861678,0.6042022705078125,0.04838718820861678,1,1.0,21.566224830498975,1.8848448287841468
tile,4,2,glue_strip/016.png,0.46492674946784973,3.3904073238372803,1.0,11.253867149353027,1.0,0.03397108843537415,0.6378825902938843,0.03397108843537415,1,1.0,26.16234558274533,1.2895536053156385
tile,4,2,glue_strip/017.png,0.32689225673675537,1.056635856628418,0.8484512276523967,3.283924102783203,0.8983601233966553,0.15711734693877552,0.579035758972168,0.15711734693877552,1,1.0,17.39316964831738,1.0043128530115475
tile,4,2,gray_stroke/000.png,0.15957188606262207,1.365602731704712,1.0,1.547466516494751,1.0,0.018181689342403627,0.3244842290878296,0.018181689342403627,1,1.0,32.65705087320446,1.713680518156918
tile,4,2,gray_stroke/001.png,0.23521387577056885,1.4298677444458008,1.0,1.6040887832641602,0.9890030086108518,0.040982142857142856,0.4227370023727417,0.040982142857142856,1,1.0,45.48469590081677,2.101404915416677
tile,4,2,gray_stroke/002.png,0.14616993069648743,0.9832473397254944,0.9821977384749203,1.235267162322998,0.9971585966946941,0.02444019274376417,0.30005860328674316,0.02444019274376417,1,1.0,27.725199083501895,1.1533333333333333
tile,4,2,gray_stroke/003.png,0.15144777297973633,0.9689518213272095,0.9934922244759973,0.876910924911499,0.9982814965066487,0.05030612244897959,0.3079524636268616,0.05030612244897959,1,1.0,88.80571768364757,2.102312521188517
tile,4,2,gray_stroke/004.png,0.1852993667125702,1.2201728820800781,1.0,2.109557628631592,1.0,0.049638605442176874,0.3990405797958374,0.049638605442176874,1,1.0,17.38298121614371,1.1111111197076569
tile,4,2,gray_stroke/005.png,0.15732398629188538,0.8971477746963501,0.9936210505332403,1.4149467945098877,1.0,0.04265731292517007,0.3426927924156189,0.04265731292517007,1,1.0,68.13270374654432,2.3970985679196786
tile,4,2,gray_stroke/006.png,0.14728322625160217,1.0037809610366821,0.9993106548778661,1.290657877922058,1.0,0.0472859977324263,0.30482912063598633,0.0472859977324263,1,1.0,29.519510270678023,2.1126402394283046
tile,4,2,gray_stroke/007.png,0.17261886596679688,0.7125154733657837,1.0,0.7771687507629395,0.8513957307060755,0.05523809523809524,0.4396267533302307,0.05523809523809524,1,1.0,34.93463001848842,2.861308561017533
tile,4,2,gray_stroke/008.png,0.18669334053993225,1.3258780241012573,1.0,1.1882857084274292,0.9886135661226482,0.026138038548752834,0.36824673414230347,0.026138038548752834,1,1.0,23.967833678363792,2.392156862745098
tile,4,2,gray_stroke/009.png,0.16178926825523376,0.9998008012771606,0.96902476676287,1.3672844171524048,0.9898986509161689,0.042230725623582765,0.3605695366859436,0.042230725623582765,1,1.0,39.95229209949796,3.851462492404192
tile,4,2,gray_stroke/010.png,0.16273975372314453,0.6876267790794373,1.0,1.0874321460723877,0.9884855269470654,0.062033730158730156,0.3525320291519165,0.062033730158730156,1,1.0,34.72845337537331,1.3657286116596077
tile,4,2,gray_stroke/011.png,0.14140093326568604,0.9429748058319092,0.9903926568077511,1.1927306652069092,0.9996532381438041,0.06947987528344671,0.34454381465911865,0.06947987528344671,1,1.0,40.885281850343944,3.4000721374342495
tile,4,2,gray_stroke/012.png,0.14342063665390015,0.8491608500480652,1.0,0.8839609622955322,1.0,0.02576530612244898,0.29579102993011475,0.02576530612244898,1,1.0,37.553850251711324,4.684931650016816
tile,4,2,gray_stroke/013.png,0.16240596771240234,1.011149287223816,0.9982294456803015,1.1017974615097046,1.0,0.031217403628117913,0.3406335115432739,0.031217403628117913,1,1.0,33.63820794386664,2.0
tile,4,2,gray_stroke/014.png,0.1813531517982483,0.9706219434738159,1.0,2.291172504425049,1.0,0.07063208616780045,0.37742286920547485,0.07063208616780045,1,1.0,22.0098284304174,1.0380580367281
tile,4,2,gray_stroke/015.png,0.18992847204208374,1.5363240242004395,1.0,1.5201963186264038,1.0,0.01804421768707483,0.3520697355270386,0.01804421768707483,1,1.0,35.49373093837335,3.1333913427374194
tile,4,2,oil/000.png,0.29111674427986145,1.3557534217834473,0.9847606427033294,7.401385307312012,0.9947630636714618,0.22245181405895692,0.6826081275939941,0.22245181405895692,1,1.0,22.80370599198017,1.6823061084843935
tile,4,2,oil/001.png,0.25711730122566223,1.2709001302719116,0.9872368001933153,5.631662845611572,1.0,0.12902919501133786,0.6090666651725769,0.12902919501133786,1,1.0,16.0794998013191,1.0758864312173833
tile,4,2,oil/002.png,0.2325514554977417,1.0143671035766602,0.9551697632708837,4.431647777557373,0.9915758907427968,0.18253543083900226,0.5972335338592529,0.18253543083900226,1,1.0,15.29283806085035,1.0099227728871636
tile,4,2,oil/003.png,0.2436399757862091,1.332688331604004,0.9967785344370591,7.455869197845459,0.9978591526322228,0.13901927437641723,0.6238003969192505,0.13901927437641723,1,1.0,15.73466347224812,1.0090252265800375
tile,4,2,oil/004.png,0.2780337333679199,1.5577832460403442,1.0,7.898772239685059,1.0,0.13161706349206348,0.6747093200683594,0.13161706349206348,1,1.0,14.773958071385039,1.0113626064146881
tile,4,2,oil/005.png,0.2473224401473999,1.4957070350646973,1.0,7.703026294708252,0.9993807197412785,0.12357993197278912,0.6899568438529968,0.12357993197278912,1,1.0,14.923798176707223,1.0482656153405259
tile,4,2,oil/006.png,0.21765363216400146,1.301496982574463,0.9710879761583311,4.097873687744141,0.9965297570829958,0.14171343537414965,0.5753518342971802,0.14171343537414965,1,1.0,14.915184129230528,1.105740181268882
tile,4,2,oil/007.png,0.2539551854133606,1.1038241386413574,0.9782828458883815,4.373085021972656,0.9998867082650678,0.16262471655328797,0.599590003490448,0.16262471655328797,1,1.0,14.577619614894289,1.1545589846343238
tile,4,2,oil/008.png,0.2354699969291687,1.2313153743743896,0.9943731993717952,5.535783290863037,0.9984086866984929,0.1362627551020408,0.6072534322738647,0.1362627551020408,1,1.0,15.266593019413211,1.0524837219562857
tile,4,2,oil/009.png,0.29854056239128113,1.5909016132354736,0.9973278400202112,6.769585609436035,0.9995724544032338,0.1458517573696145,0.630191445350647,0.1458517573696145,1,1.0,14.815682956810997,1.3291058186268863
tile,4,2,oil/010.png,0.2629535496234894,1.402646780014038,0.9979506624730135,8.34504222869873,1.0,0.12932114512471654,0.6486423015594482,0.12932114512471654,1,1.0,14.301238555099262,1.0600253126975048
tile,4,2,oil/011.png,0.27782219648361206,1.5402326583862305,0.9964679750937625,5.676680564880371,0.9975118037602108,0.11676445578231293,0.6457176208496094,0.11676445578231293,1,1.0,14.503204307099553,1.04987594906846
tile,4,2,oil/012.png,0.27246004343032837,1.571118712425232,0.9974967299625637,4.0488481521606445,0.9975643859095215,0.1256859410430839,0.619067907333374,0.1256859410430839,1,1.0,14.21940295924909,1.0424242424242425
tile,4,2,oil/013.png,0.27479785680770874,1.5718530416488647,0.9998786206896552,5.5872883796691895,1.0,0.12843679138321995,0.5868085026741028,0.12843679138321995,1,1.0,14.475568740690008,1.0119760479041917
tile,4,2,oil/014.png,0.2809709310531616,1.441921353340149,0.9924458087529153,8.72225284576416,1.0,0.16528344671201814,0.7069710493087769,0.16528344671201814,1,1.0,20.826589279167553,1.496607635055354
tile,4,2,oil/015.png,0.23124825954437256,1.067250370979309,0.9727443212310883,4.61444616317749,0.979491910731622,0.2350297619047619,0.6138166785240173,0.2350297619047619,1,1.0,28.01363842738505,1.0399997003892443
tile,4,2,oil/016.png,0.303276002407074,1.1991419792175293,0.959835569749517,6.475798606872559,0.9804739077551499,0.21788973922902494,0.6487256288528442,0.21788973922902494,1,1.0,32.659162457776816,1.3445416402327204
tile,4,2,oil/017.png,0.29625752568244934,0.8666931390762329,0.9398434340516494,7.007367134094238,0.988004795193252,0.19624716553287982,0.7664517760276794,0.19624716553287982,2,0.9999927783234156,43.90769197787639,1.0970090282776748
tile,4,2,rough/000.png,0.25026050209999084,1.737389087677002,1.0,2.9312124252319336,1.0,0.0408999433106576,0.4417967200279236,0.0408999433106576,1,1.0,25.77166389463832,2.496559236133111
tile,4,2,rough/001.png,0.2214047610759735,1.3628547191619873,0.9608450027044895,2.0066895484924316,0.9542340284872889,0.09432539682539683,0.4634038805961609,0.09432539682539683,2,0.9957028667588197,31.092188368727417,2.8997611992030854
tile,4,2,rough/002.png,0.22287416458129883,1.232469916343689,0.9934553623620297,2.3735511302948,0.9844235331873875,0.12364937641723356,0.4904906749725342,0.12364937641723356,1,1.0,33.17291997054424,2.795630079117775
tile,4,2,rough/003.png,0.17984789609909058,0.9163259267807007,0.9022819197516876,1.2211260795593262,0.8893444030132602,0.20638180272108844,0.39758121967315674,0.20638180272108844,1,1.0,28.83313678457965,3.0676080508431873
tile,4,2,rough/004.png,0.08068990707397461,0.33895230293273926,0.746398655669151,1.3997631072998047,0.9261045619166122,0.3314498299319728,0.5097641348838806,0.3314498299319728,1,1.0,21.120963933794123,2.7240259740259742
tile,4,2,rough/005.png,0.18435144424438477,1.0991809368133545,0.9846408856582369,2.436020851135254,0.9995437886829179,0.09319586167800453,0.3823397159576416,0.09319586167800453,1,1.0,24.02822731267477,1.4876325088339222
tile,4,2,rough/006.png,0.10208362340927124,0.6440050601959229,0.9243565049903695,1.3050459623336792,0.9603747154613903,0.08093820861678004,0.3460313677787781,0.08093820861678004,1,1.0,17.94906432036805,1.0326086956521738
tile,4,2,rough/007.png,0.093295156955719,0.5089278221130371,0.8572676889192133,1.1526110172271729,0.9230916555942591,0.11839710884353742,0.3517534136772156,0.11839710884353742,1,1.0,26.279823957728393,1.1417721518987343
tile,4,2,rough/008.png,0.13645720481872559,0.831072986125946,0.9707934417834837,1.2279260158538818,0.9869055130350497,0.15498724489795918,0.39014482498168945,0.15498724489795918,1,1.0,21.455447028028892,1.6215384615384616
tile,4,2,rough/009.png,0.19032031297683716,0.8522475361824036,0.9451298459706824,2.225900650024414,0.9422228836470967,0.28569302721088435,0.4814089238643646,0.28569302721088435,1,1.0,24.554803736750067,3.0084143246634807
tile,4,2,rough/010.png,0.16176122426986694,0.8122701048851013,0.9498635186524508,0.9363099336624146,0.9117187317733243,0.1214937641723356,0.392059326171875,0.1214937641723356,2,0.9926976646524975,25.160045346533042,2.666070093026098
tile,4,2,rough/011.png,0.25483977794647217,1.5345830917358398,0.9490042287133825,4.578813552856445,0.9663377667369126,0.10154903628117914,0.5719577074050903,0.10154903628117914,1,1.0,20.777903282806246,1.9370079137746505
tile,4,2,rough/012.png,0.03136909008026123,-0.006670340895652771,0.491972111148073,-0.1799091100692749,0.3090245011846652,0.20875708616780045,0.2977621853351593,0.20875708616780045,1,1.0,23.297013847146964,3.356828193832599
tile,4,2,rough/013.png,0.18967965245246887,1.0202957391738892,0.8594388494718358,2.1531715393066406,0.821397898283945,0.2590745464852608,0.605172336101532,0.2590745464852608,1,1.0,38.884551045716854,2.4051392091722406
tile,4,2,rough/014.png,0.14122790098190308,0.6030017137527466,0.8752147676318988,1.4940454959869385,0.994468423919876,0.13527777777777777,0.4264257550239563,0.13527777777777777,1,1.0,39.548268416204145,5.4480519480519485
transistor,1,0,bent_lead/000.png,0.12304416298866272,1.654686450958252,1.0,2.773648977279663,1.0,0.004277229309082031,0.34956324100494385,0.004277229309082031,1,1.0,22.159556269671157,2.8885055051495967
transistor,1,0,bent_lead/001.png,0.06009572744369507,-0.38519883155822754,0.026854219948849106,-0.23516559600830078,0.33972719522591643,0.0022373199462890625,0.18581342697143555,0.0022373199462890625,1,1.0,16.75901621149711,1.6418392151301775
transistor,1,0,bent_lead/002.png,0.046399086713790894,-0.11291927099227905,0.4581897638457013,0.8386428356170654,0.5470207580468947,0.011347770690917969,0.29940497875213623,0.011347770690917969,1,1.0,26.89493685871767,1.6886792452830188
transistor,1,0,bent_lead/003.png,0.03919684886932373,0.5044458508491516,0.7311794553173864,0.11947417259216309,0.5697421559490525,0.009209632873535156,0.30529701709747314,0.009209632873535156,1,1.0,23.039238634405464,1.3545454545454545
transistor,1,0,bent_lead/004.png,0.09953990578651428,2.267268180847168,1.0,2.7338991165161133,1.0,0.0038442611694335938,0.311413049697876,0.0038442611694335938,1,1.0,21.653179268806284,2.64609456551641
transistor,1,0,bent_lead/005.png,0.11892500519752502,0.7883527278900146,0.6700203617199665,1.6319196224212646,0.7024793388429752,0.015924453735351562,0.33963119983673096,0.015924453735351562,1,1.0,34.312356587932975,2.002919495151988
transistor,1,0,bent_lead/006.png,0.0471043586730957,-0.014075994491577148,0.49148703738243055,-0.49597764015197754,0.49111401241640246,0.03579235076904297,0.310139536857605,0.03579235076904297,1,1.0,65.36944454325813,1.4780966363182624
transistor,1,0,bent_lead/007.png,0.036774635314941406,0.1747807264328003,0.5806219880870425,0.7728111743927002,0.578676404561645,0.031861305236816406,0.35653138160705566,0.031861305236816406,1,1.0,47.0562253337623,1.339081741245029
transistor,1,0,bent_lead/008.png,0.02041614055633545,-0.13631665706634521,0.42661018278810703,-1.2317931652069092,0.4174315525221621,0.036469459533691406,0.3174116611480713,0.036469459533691406,1,1.0,51.72529216165064,1.9103820061514163
transistor,1,0,bent_lead/009.png,0.06541275978088379,1.1074758768081665,1.0,0.8864002227783203,0.9216663133347467,0.008996963500976562,0.292061448097229,0.008996963500976562,2,0.544625821496714,46.904299569926174,3.1588962390999953
transistor,1,0,cut_lead/000.png,0.0023207664489746094,-0.891879141330719,0.19538865813342376,-1.7268130779266357,0.18750529795710774,0.011250495910644531,0.2868848443031311,0.011250495910644531,1,1.0,19.472358536019705,1.8685752716053652
transistor,1,0,cut_lead/001.png,0.03775864839553833,-0.12958002090454102,0.43957856648752197,-1.6136118173599243,0.12339700952482308,0.017922401428222656,0.33779072761535645,0.017922401428222656,1,1.0,22.258661142721675,2.6223087034649333
transistor,1,0,cut_lead/002.png,0.041984885931015015,-0.29564887285232544,0.39547918772397317,-0.8583675622940063,0.30405219149131674,0.010378837585449219,0.35359710454940796,0.010378837585449219,1,1.0,17.63178583784096,1.6636510086254621
transistor,1,0,cut_lead/003.png,-0.004304081201553345,-0.41584694385528564,0.2484617442482611,-1.8670084476470947,0.10968432316746923,0.01425933837890625,0.2762630581855774,0.01425933837890625,1,1.0,28.935315954551548,2.890214356613059
transistor,1,0,cut_lead/004.png,0.0042476654052734375,-0.3575406074523926,0.34936742575575974,-1.7955988645553589,0.10344919430017313,0.035805702209472656,0.29648256301879883,0.035805702209472656,2,0.516473565055267,52.18805761705013,3.114488236724147
transistor,1,0,cut_lead/005.png,0.011894553899765015,-0.3469581604003906,0.29577227556004715,-1.1978305578231812,0.1842681488967492,0.011323928833007812,0.35769790410995483,0.011323928833007812,1,1.0,18.67978379761654,2.041949412993644
transistor,1,0,cut_lead/006.png,-0.006220966577529907,-0.33425265550613403,0.19985071841761523,-1.6872012615203857,0.0815450643776824,0.015332221984863281,0.22532033920288086,0.015332221984863281,1,1.0,24.871188971910673,2.487395044568698
transistor,1,0,cut_lead/007.png,-0.015173286199569702,-0.04758089780807495,0.40071087830885793,-2.2215540409088135,0.12926760826863717,0.010195732116699219,0.2844964265823364,0.010195732116699219,1,1.0,20.034125649738584,1.8254466662839617
transistor,1,0,cut_lead/008.png,0.008054494857788086,-0.33578914403915405,0.30984291684680787,-0.9671177864074707,0.10376134889753567,0.019852638244628906,0.3617996573448181,0.019852638244628906,1,1.0,29.960357698299724,3.5711223014995297
transistor,1,0,cut_lead/009.png,0.014945179224014282,0.2693902254104614,0.6144578313253012,-2.1271705627441406,0.21442526864213612,0.017572402954101562,0.33559727668762207,0.017572402954101562,1,1.0,28.139875690632163,3.3153016528592287
transistor,1,0,damaged_case/000.png,0.16793131828308105,1.2712945938110352,0.6307988450433109,2.3750643730163574,0.8101379531600899,0.014863014221191406,0.4839070439338684,0.014863014221191406,2,0.7991658646134103,74.50248935123015,3.736246598606433
transistor,1,0,damaged_case/001.png,0.24901196360588074,2.2028603553771973,0.9177567095555477,5.092487335205078,0.88774637345404,0.05351448059082031,0.5767757892608643,0.05351448059082031,1,1.0,25.117941170876826,2.396872292403915
transistor,1,0,damaged_case/002.png,0.22862690687179565,2.695676326751709,1.0,1.3863251209259033,1.0,0.0063343048095703125,0.3785851001739502,0.0063343048095703125,1,1.0,16.42049349293732,1.3826142105456047
transistor,1,0,damaged_case/003.png,0.1800253987312317,2.5073130130767822,0.9541847965190683,1.8897409439086914,0.9430509342206297,0.014904022216796875,0.4634271264076233,0.014904022216796875,1,1.0,30.94795926158744,1.4432483794815023
transistor,1,0,damaged_case/004.png,0.3259028196334839,2.4999465942382812,0.9999249756170755,9.084410667419434,1.0,0.025423049926757812,0.6076180934906006,0.025423049926757812,2,0.901230399879961,80.00437939996283,1.5918957403548313
transistor,1,0,damaged_case/005.png,0.10117360949516296,1.18894362449646,0.7765800676782011,2.373342990875244,0.9738565658770877,0.034946441650390625,0.5077822208404541,0.034946441650390625,1,1.0,69.77248794382609,2.199817160834279
transistor,1,0,damaged_case/006.png,0.11265251040458679,1.6294891834259033,0.8316836241425348,2.561534881591797,0.8630818102297316,0.020714759826660156,0.47179943323135376,0.020714759826660156,1,1.0,62.12158932435543,2.1014531618131227
transistor,1,0,damaged_case/007.png,0.34651103615760803,3.1607565879821777,1.0,9.841072082519531,1.0,0.012912750244140625,0.5288920402526855,0.012912750244140625,1,1.0,22.245313960416176,2.1862693385094496
transistor,1,0,damaged_case/008.png,0.28057390451431274,2.008802890777588,0.8592038673615832,5.538538932800293,0.9231059747715085,0.050502777099609375,0.5614495277404785,0.050502777099609375,1,1.0,29.231883707319206,1.604941871018025
transistor,1,0,damaged_case/009.png,0.24701416492462158,2.1271166801452637,0.8000488923991124,3.2097184658050537,0.6798864191959081,0.05071449279785156,0.5539504289627075,0.05071449279785156,1,1.0,21.005011535798904,2.148218886817872
transistor,1,0,misplaced/000.png,0.03786754608154297,-0.4378941059112549,0.22222090895767244,0.7897870540618896,0.6172458951289967,0.40343666076660156,0.36764439940452576,0.40343666076660156,1,1.0,41.26358138352181,1.3719441580234932
transistor,1,0,misplaced/001.png,0.03523239493370056,-0.8007465600967407,0.15199189563293192,0.6237277984619141,0.6147717962423934,0.40856456756591797,0.33155709505081177,0.40856456756591797,1,1.0,35.99555686537912,1.3385042512985623
transistor,1,0,misplaced/002.png,0.04922759532928467,0.3534259796142578,0.6494181485355649,-0.21591663360595703,0.3993049967814612,0.3792724609375,0.4619535207748413,0.3792724609375,1,1.0,31.313304265611215,1.4708892858744957
transistor,1,0,misplaced/003.png,0.05302226543426514,0.27987897396087646,0.6092561749534335,-0.3580622673034668,0.35381668103045205,0.37734127044677734,0.4573820233345032,0.37734127044677734,1,1.0,31.394348202116145,1.4797194197918448
transistor,1,0,misplaced/004.png,0.07720819115638733,0.8540700674057007,0.733895090444153,1.5531039237976074,0.7384220160978325,0.4042701721191406,0.39376741647720337,0.4042701721191406,1,1.0,22.46638118893875,1.4711191335740073
transistor,1,0,misplaced/005.png,0.08198696374893188,0.2084364891052246,0.556396923097427,0.3812994956970215,0.5155077933241965,0.4293375015258789,0.3683260381221771,0.4293375015258789,1,1.0,41.1046814741954,1.1041022011693593
transistor,1,0,misplaced/006.png,0.02473542094230652,-0.3726353049278259,0.29591553078311184,0.29379844665527344,0.5846058527254138,0.40482139587402344,0.31560611724853516,0.40482139587402344,1,1.0,42.530673019605196,1.358167193734293
transistor,1,0,misplaced/007.png,0.07374101877212524,-0.03661203384399414,0.4859883099349945,-0.3125128746032715,0.4639796945599838,0.4888267517089844,0.480884850025177,0.4888267517089844,1,1.0,37.69921417227786,1.168034530893935
transistor,1,0,misplaced/008.png,0.14046216011047363,0.6368272304534912,0.5748922486720821,1.5966687202453613,0.5945707639564315,0.49320507049560547,0.5064535140991211,0.49320507049560547,1,1.0,33.66638454641797,1.117656170252781
transistor,1,0,misplaced/009.png,0.03689950704574585,-0.1849658489227295,0.40917696257298375,1.5078811645507812,0.6905994737692543,0.39543819427490234,0.34817880392074585,0.39543819427490234,1,1.0,31.910756732720046,1.340791366608569
transistor,1,1,bent_lead/000.png,0.15204378962516785,2.055999994277954,1.0,2.895965576171875,1.0,0.004277229309082031,0.3670461177825928,0.004277229309082031,1,1.0,22.159556269671157,2.8885055051495967
transistor,1,1,bent_lead/001.png,0.07507625222206116,-0.3082798719406128,0.2041773231031543,0.2637009620666504,0.670929241261722,0.0022373199462890625,0.22436141967773438,0.0022373199462890625,1,1.0,16.75901621149711,1.6418392151301775
transistor,1,1,bent_lead/002.png,0.057730525732040405,-0.07350039482116699,0.452138835196235,0.4759941101074219,0.5308009076392974,0.011347770690917969,0.2754679322242737,0.011347770690917969,1,1.0,26.89493685871767,1.6886792452830188
transistor,1,1,bent_lead/003.png,0.04974895715713501,0.8879522681236267,0.8612405508957233,0.7931325435638428,0.7535466500983742,0.009209632873535156,0.34848642349243164,0.009209632873535156,1,1.0,23.039238634405464,1.3545454545454545
transistor,1,1,bent_lead/004.png,0.14210295677185059,1.9926289319992065,1.0,1.9862573146820068,1.0,0.0038442611694335938,0.34241026639938354,0.0038442611694335938,1,1.0,21.653179268806284,2.64609456551641
transistor,1,1,bent_lead/005.png,0.16165083646774292,0.7287980318069458,0.688166247454785,1.7033452987670898,0.6964307102647024,0.015924453735351562,0.35017555952072144,0.015924453735351562,1,1.0,34.312356587932975,2.002919495151988
transistor,1,1,bent_lead/006.png,0.06311476230621338,0.24150264263153076,0.6157309957102128,-0.744107723236084,0.48842290373291414,0.03579235076904297,0.35372471809387207,0.03579235076904297,1,1.0,65.36944454325813,1.4780966363182624
transistor,1,1,bent_lead/007.png,0.03376147150993347,0.1219627857208252,0.5811308330090694,0.13840770721435547,0.5361429554910353,0.031861305236816406,0.36626875400543213,0.031861305236816406,1,1.0,47.0562253337623,1.339081741245029
transistor,1,1,bent_lead/008.png,0.013390153646469116,0.022336363792419434,0.522135927407756,-0.8061487674713135,0.3438194607881593,0.036469459533691406,0.34827739000320435,0.036469459533691406,1,1.0,51.72529216165064,1.9103820061514163
transistor,1,1,bent_lead/009.png,0.0907292366027832,1.528032898902893,1.0,1.168612003326416,0.9700021199915201,0.008996963500976562,0.2863893508911133,0.008996963500976562,2,0.544625821496714,46.904299569926174,3.1588962390999953
transistor,1,1,cut_lead/000.png,-0.019573092460632324,-0.5272765755653381,0.22793930660337375,-2.097017288208008,0.16555056370263627,0.011250495910644531,0.2843788266181946,0.011250495910644531,1,1.0,19.472358536019705,1.8685752716053652
transistor,1,1,cut_lead/001.png,0.024449944496154785,0.06135392189025879,0.5314744851806523,-1.6626121997833252,0.11195657957750225,0.017922401428222656,0.38526052236557007,0.017922401428222656,1,1.0,22.258661142721675,2.6223087034649333
transistor,1,1,cut_lead/002.png,0.033690840005874634,-0.16545027494430542,0.388679592024258,-1.144212245941162,0.2607736837269135,0.010378837585449219,0.4073442220687866,0.010378837585449219,1,1.0,17.63178583784096,1.6636510086254621
transistor,1,1,cut_lead/003.png,-0.0037046968936920166,-0.12305223941802979,0.40014713750668807,-2.4475345611572266,0.06634563937934725,0.01425933837890625,0.29132288694381714,0.01425933837890625,1,1.0,28.935315954551548,2.890214356613059
transistor,1,1,cut_lead/004.png,0.009729057550430298,-0.014711499214172363,0.4915168464509256,-2.299798011779785,0.10158476494872819,0.035805702209472656,0.32286185026168823,0.035805702209472656,2,0.516473565055267,52.18805761705013,3.114488236724147
transistor,1,1,cut_lead/005.png,0.013787031173706055,-0.34506648778915405,0.3472292403570827,-1.156585693359375,0.17306720565942396,0.011323928833007812,0.36449313163757324,0.011323928833007812,1,1.0,18.67978379761654,2.041949412993644
transistor,1,1,cut_lead/006.png,-0.006689667701721191,-0.4043715000152588,0.1971760900665547,-2.1821160316467285,0.05119114262611184,0.015332221984863281,0.21281296014785767,0.015332221984863281,1,1.0,24.871188971910673,2.487395044568698
transistor,1,1,cut_lead/007.png,-0.0118790864944458,0.04874497652053833,0.5403610513516042,-2.475029945373535,0.12122345898419232,0.010195732116699219,0.26699018478393555,0.010195732116699219,1,1.0,20.034125649738584,1.8254466662839617
transistor,1,1,cut_lead/008.png,0.0024555325508117676,-0.01463782787322998,0.4926742566171879,-1.5181560516357422,0.09660373733006677,0.019852638244628906,0.39060187339782715,0.019852638244628906,1,1.0,29.960357698299724,3.5711223014995297
transistor,1,1,cut_lead/009.png,0.013694167137145996,0.16160345077514648,0.6022468251383915,-1.9905922412872314,0.1995007055248019,0.017572402954101562,0.4048357605934143,0.017572402954101562,1,1.0,28.139875690632163,3.3153016528592287
transistor,1,1,damaged_case/000.png,0.14283698797225952,1.2434287071228027,0.632659608598011,1.857210636138916,0.9826114854026308,0.014863014221191406,0.4878726005554199,0.014863014221191406,2,0.7991658646134103,74.50248935123015,3.736246598606433
transistor,1,1,damaged_case/001.png,0.24986058473587036,2.2567873001098633,0.9253127561749296,4.901106834411621,0.8748084257048152,0.05351448059082031,0.5819704532623291,0.05351448059082031,1,1.0,25.117941170876826,2.396872292403915
transistor,1,1,damaged_case/002.png,0.18071198463439941,1.815646767616272,1.0,1.429053544998169,1.0,0.0063343048095703125,0.3054006099700928,0.0063343048095703125,1,1.0,16.42049349293732,1.3826142105456047
transistor,1,1,damaged_case/003.png,0.1630464792251587,2.1971306800842285,0.9399155362170464,1.0976295471191406,0.9141924750447914,0.014904022216796875,0.38345617055892944,0.014904022216796875,1,1.0,30.94795926158744,1.4432483794815023
transistor,1,1,damaged_case/004.png,0.3227352499961853,2.3142430782318115,0.9911471228149148,7.702833652496338,1.0,0.025423049926757812,0.5849339962005615,0.025423049926757812,2,0.901230399879961,80.00437939996283,1.5918957403548313
transistor,1,1,damaged_case/005.png,0.09160605072975159,1.27528977394104,0.7742331623185241,1.7110364437103271,0.9762034712367645,0.034946441650390625,0.4512941241264343,0.034946441650390625,1,1.0,69.77248794382609,2.199817160834279
transistor,1,1,damaged_case/006.png,0.08318310976028442,1.3972431421279907,0.830394549053911,3.6453943252563477,0.9430044657244142,0.020714759826660156,0.45580947399139404,0.020714759826660156,1,1.0,62.12158932435543,2.1014531618131227
transistor,1,1,damaged_case/007.png,0.3078686594963074,2.7681312561035156,1.0,10.78216552734375,1.0,0.012912750244140625,0.49350160360336304,0.012912750244140625,1,1.0,22.245313960416176,2.1862693385094496
transistor,1,1,damaged_case/008.png,0.2631083130836487,1.8544135093688965,0.838016466500491,5.836648941040039,0.9673880202432208,0.050502777099609375,0.5111269950866699,0.050502777099609375,1,1.0,29.231883707319206,1.604941871018025
transistor,1,1,damaged_case/009.png,0.22851434350013733,1.8711713552474976,0.8053142276881418,3.6182639598846436,0.6831772537515514,0.05071449279785156,0.5268773436546326,0.05071449279785156,1,1.0,21.005011535798904,2.148218886817872
transistor,1,1,misplaced/000.png,0.057784318923950195,-0.4250409007072449,0.21278667908489626,0.9991629123687744,0.6295120486769386,0.40343666076660156,0.31288695335388184,0.40343666076660156,1,1.0,41.26358138352181,1.3719441580234932
transistor,1,1,misplaced/001.png,0.05150949954986572,-0.37673163414001465,0.3184161937952107,0.48570704460144043,0.6104091631634109,0.40856456756591797,0.3663322925567627,0.40856456756591797,1,1.0,35.99555686537912,1.3385042512985623
transistor,1,1,misplaced/002.png,0.061154842376708984,0.32253479957580566,0.6477460170582555,-0.2746133804321289,0.3779293731895719,0.3792724609375,0.4369279742240906,0.3792724609375,1,1.0,31.313304265611215,1.4708892858744957
transistor,1,1,misplaced/003.png,0.05483478307723999,0.06433391571044922,0.5244584515923583,-0.2922172546386719,0.3658216043126739,0.37734127044677734,0.4386763572692871,0.37734127044677734,1,1.0,31.394348202116145,1.4797194197918448
transistor,1,1,misplaced/004.png,0.08676034212112427,0.7297335863113403,0.6840422921954764,1.6694185733795166,0.7890084641007011,0.4042701721191406,0.3964526057243347,0.4042701721191406,1,1.0,22.46638118893875,1.4711191335740073
transistor,1,1,misplaced/005.png,0.07491055130958557,0.09944558143615723,0.5266141410461735,-0.19740533828735352,0.48723769583267623,0.4293375015258789,0.3610864281654358,0.4293375015258789,1,1.0,41.1046814741954,1.1041022011693593
transistor,1,1,misplaced/006.png,0.061503827571868896,-0.17207574844360352,0.4084916817044614,0.05213022232055664,0.5214612496054051,0.40482139587402344,0.3211497962474823,0.40482139587402344,1,1.0,42.530673019605196,1.358167193734293
transistor,1,1,misplaced/007.png,0.0737602710723877,-0.06187891960144043,0.4787737137416792,-0.22908496856689453,0.473794901009029,0.4888267517089844,0.4896630346775055,0.4888267517089844,1,1.0,37.69921417227786,1.168034530893935
transistor,1,1,misplaced/008.png,0.13972866535186768,0.5862553119659424,0.5906764405032843,1.2308502197265625,0.5718139155353341,0.49320507049560547,0.5418055653572083,0.49320507049560547,1,1.0,33.66638454641797,1.117656170252781
transistor,1,1,misplaced/009.png,0.08001232147216797,-0.02723515033721924,0.48838891876704765,1.173248529434204,0.6947403454022337,0.39543819427490234,0.3449207544326782,0.39543819427490234,1,1.0,31.910756732720046,1.340791366608569
transistor,1,2,bent_lead/000.png,0.12131237983703613,0.7928560972213745,0.9542920847268673,2.551058769226074,1.0,0.004277229309082031,0.40179675817489624,0.004277229309082031,1,1.0,22.159556269671157,2.8885055051495967
transistor,1,2,bent_lead/001.png,0.05970415472984314,-0.48208510875701904,0.12702472293265132,-0.13136982917785645,0.3874680306905371,0.0022373199462890625,0.26057904958724976,0.0022373199462890625,1,1.0,16.75901621149711,1.6418392151301775
transistor,1,2,bent_lead/002.png,0.08855339884757996,0.21146667003631592,0.5443314564249097,0.46197080612182617,0.5338263719640306,0.011347770690917969,0.36925041675567627,0.011347770690917969,1,1.0,26.89493685871767,1.6886792452830188
transistor,1,2,bent_lead/003.png,0.05751526355743408,0.7200139164924622,0.8342135238686963,0.8015255928039551,0.75965620793207,0.009209632873535156,0.35995370149612427,0.009209632873535156,1,1.0,23.039238634405464,1.3545454545454545
transistor,1,2,bent_lead/004.png,0.10453841090202332,1.6206525564193726,1.0,2.456756830215454,1.0,0.0038442611694335938,0.3851051926612854,0.0038442611694335938,1,1.0,21.653179268806284,2.64609456551641
transistor,1,2,bent_lead/005.png,0.11725825071334839,0.460086464881897,0.6426518145885735,1.7787466049194336,0.6755300035932447,0.015924453735351562,0.4311273694038391,0.015924453735351562,1,1.0,34.312356587932975,2.002919495151988
transistor,1,2,bent_lead/006.png,0.08369457721710205,-0.06777334213256836,0.4782712957288641,-0.5535693168640137,0.4919932855506115,0.03579235076904297,0.3864191174507141,0.03579235076904297,1,1.0,65.36944454325813,1.4780966363182624
transistor,1,2,bent_lead/007.png,0.04307869076728821,0.3780478239059448,0.6048370199646802,0.7611489295959473,0.5950492382292196,0.031861305236816406,0.3510517477989197,0.031861305236816406,1,1.0,47.0562253337623,1.339081741245029
transistor,1,2,bent_lead/008.png,0.021789997816085815,0.04425668716430664,0.5239664234721896,-1.5222737789154053,0.2602703904186606,0.036469459533691406,0.3784646987915039,0.036469459533691406,1,1.0,51.72529216165064,1.9103820061514163
transistor,1,2,bent_lead/009.png,0.08425605297088623,0.6721959114074707,0.8476786092855628,0.8350269794464111,0.9289802840788637,0.008996963500976562,0.3015061616897583,0.008996963500976562,2,0.544625821496714,46.904299569926174,3.1588962390999953
transistor,1,2,cut_lead/000.png,-0.018151402473449707,-1.352769374847412,0.20284818174112063,-1.6638561487197876,0.2024243451725015,0.011250495910644531,0.35040706396102905,0.011250495910644531,1,1.0,19.472358536019705,1.8685752716053652
transistor,1,2,cut_lead/001.png,0.023653090000152588,-0.25491833686828613,0.41824083435321663,-1.2910213470458984,0.1315915500452296,0.017922401428222656,0.38909536600112915,0.017922401428222656,1,1.0,22.258661142721675,2.6223087034649333
transistor,1,2,cut_lead/002.png,0.007889986038208008,-0.43872296810150146,0.32775889001194525,-1.2692532539367676,0.26242763943765507,0.010378837585449219,0.4148968458175659,0.010378837585449219,1,1.0,17.63178583784096,1.6636510086254621
transistor,1,2,cut_lead/003.png,-0.005873352289199829,-0.6422544717788696,0.26096843231674693,-2.1304640769958496,0.14459604066345638,0.01425933837890625,0.23262697458267212,0.01425933837890625,1,1.0,28.935315954551548,2.890214356613059
transistor,1,2,cut_lead/004.png,0.017154395580291748,-0.3803882598876953,0.4064988680250366,-1.5754241943359375,0.11729924091090692,0.035805702209472656,0.31866079568862915,0.035805702209472656,2,0.516473565055267,52.18805761705013,3.114488236724147
transistor,1,2,cut_lead/005.png,-0.0030910074710845947,-0.7911099791526794,0.21930267812026275,-1.0343177318572998,0.1864578069732188,0.011323928833007812,0.38546091318130493,0.011323928833007812,1,1.0,18.67978379761654,2.041949412993644
transistor,1,2,cut_lead/006.png,0.008721113204956055,-0.6776692271232605,0.15718106611930086,-1.6479674577713013,0.07576040306027244,0.015332221984863281,0.23033344745635986,0.015332221984863281,1,1.0,24.871188971910673,2.487395044568698
transistor,1,2,cut_lead/007.png,-0.025379538536071777,-0.7199728488922119,0.1744457955289496,-1.9791196584701538,0.14488822373959406,0.010195732116699219,0.338925838470459,0.010195732116699219,1,1.0,20.034125649738584,1.8254466662839617
transistor,1,2,cut_lead/008.png,0.012044459581375122,-0.5080059766769409,0.29149253014363263,-0.8624999523162842,0.11658740452514772,0.019852638244628906,0.3758540153503418,0.019852638244628906,1,1.0,29.960357698299724,3.5711223014995297
transistor,1,2,cut_lead/009.png,0.013580501079559326,-0.16452878713607788,0.4424725930750027,-1.3669331073760986,0.22120916096819712,0.017572402954101562,0.4017972946166992,0.017572402954101562,1,1.0,28.139875690632163,3.3153016528592287
transistor,1,2,damaged_case/000.png,0.13696607947349548,1.0458476543426514,0.7851138915623997,2.3947386741638184,0.8707731793391081,0.014863014221191406,0.4538227915763855,0.014863014221191406,2,0.7991658646134103,74.50248935123015,3.736246598606433
transistor,1,2,damaged_case/001.png,0.24116086959838867,1.9148284196853638,0.9093274405674163,4.09914493560791,0.8158570053819011,0.05351448059082031,0.5668612718582153,0.05351448059082031,1,1.0,25.117941170876826,2.396872292403915
transistor,1,2,damaged_case/002.png,0.2110353410243988,1.6980618238449097,1.0,1.3462400436401367,1.0,0.0063343048095703125,0.3220781683921814,0.0063343048095703125,1,1.0,16.42049349293732,1.3826142105456047
transistor,1,2,damaged_case/003.png,0.1625186800956726,1.7640730142593384,0.9475940619401075,1.720794439315796,0.9063859738930126,0.014904022216796875,0.3799014091491699,0.014904022216796875,1,1.0,30.94795926158744,1.4432483794815023
transistor,1,2,damaged_case/004.png,0.3306698203086853,2.1303086280822754,1.0,9.556523323059082,1.0,0.025423049926757812,0.6118791699409485,0.025423049926757812,2,0.901230399879961,80.00437939996283,1.5918957403548313
transistor,1,2,damaged_case/005.png,0.07424959540367126,0.3371490240097046,0.6467361641742168,2.1264760494232178,0.8107739329767493,0.034946441650390625,0.43752795457839966,0.034946441650390625,1,1.0,69.77248794382609,2.199817160834279
transistor,1,2,damaged_case/006.png,0.05730539560317993,1.04031503200531,0.8058100455780121,2.2809505462646484,0.8943879195248837,0.020714759826660156,0.4303596019744873,0.020714759826660156,1,1.0,62.12158932435543,2.1014531618131227
transistor,1,2,damaged_case/007.png,0.31264427304267883,2.4863741397857666,1.0,9.693838119506836,1.0,0.012912750244140625,0.4936806559562683,0.012912750244140625,1,1.0,22.245313960416176,2.1862693385094496
transistor,1,2,damaged_case/008.png,0.24553167819976807,1.1455854177474976,0.8268373744240501,5.165678977966309,0.9010121610393534,0.050502777099609375,0.49208492040634155,0.050502777099609375,1,1.0,29.231883707319206,1.604941871018025
transistor,1,2,damaged_case/009.png,0.1710115373134613,1.2706420421600342,0.8076648237993155,2.737926959991455,0.6655383805333033,0.05071449279785156,0.4653778076171875,0.05071449279785156,1,1.0,21.005011535798904,2.148218886817872
transistor,1,2,misplaced/000.png,0.038650453090667725,-0.7393327951431274,0.07746185885768048,0.6752760410308838,0.5929523395282649,0.40343666076660156,0.2778783440589905,0.40343666076660156,1,1.0,41.26358138352181,1.3719441580234932
transistor,1,2,misplaced/001.png,0.025732308626174927,-0.7656432390213013,0.10873203535856922,0.20992803573608398,0.5433287193839561,0.40856456756591797,0.42606016993522644,0.40856456756591797,1,1.0,35.99555686537912,1.3385042512985623
transistor,1,2,misplaced/002.png,0.04925599694252014,0.13769352436065674,0.5602394794013518,-0.1685166358947754,0.3737050410363695,0.3792724609375,0.4662536084651947,0.3792724609375,1,1.0,31.313304265611215,1.4708892858744957
transistor,1,2,misplaced/003.png,0.048792898654937744,-0.14308691024780273,0.4377045575743484,-0.30817556381225586,0.3278127535250246,0.37734127044677734,0.48189860582351685,0.37734127044677734,1,1.0,31.394348202116145,1.4797194197918448
transistor,1,2,misplaced/004.png,0.06238299608230591,0.455242395401001,0.6653330439623691,1.0284698009490967,0.6482444303952745,0.4042701721191406,0.38879579305648804,0.4042701721191406,1,1.0,22.46638118893875,1.4711191335740073
transistor,1,2,misplaced/005.png,0.07022064924240112,0.20702123641967773,0.5645289908994586,0.2984428405761719,0.5127045511591695,0.4293375015258789,0.3414321541786194,0.4293375015258789,1,1.0,41.1046814741954,1.1041022011693593
transistor,1,2,misplaced/006.png,0.012798070907592773,-0.6258484721183777,0.10634979716645543,-0.09650993347167969,0.45683249859830477,0.40482139587402344,0.28058987855911255,0.40482139587402344,1,1.0,42.530673019605196,1.358167193734293
transistor,1,2,misplaced/007.png,0.05520358681678772,-0.41662776470184326,0.3603279149075642,-0.4292001724243164,0.44528378452197936,0.4888267517089844,0.5346754789352417,0.4888267517089844,1,1.0,37.69921417227786,1.168034530893935
transistor,1,2,misplaced/008.png,0.10405462980270386,0.3406805992126465,0.5643539851072099,1.720911979675293,0.5918733552090927,0.49320507049560547,0.4688166081905365,0.49320507049560547,1,1.0,33.66638454641797,1.117656170252781
transistor,1,2,misplaced/009.png,0.03295862674713135,-0.7830307483673096,0.1489821462593483,0.6721944808959961,0.632021936731726,0.39543819427490234,0.3114415407180786,0.39543819427490234,1,1.0,31.910756732720046,1.340791366608569
transistor,4,0,bent_lead/000.png,0.1530212163925171,2.0425491333007812,1.0,0.9104773998260498,1.0,0.004277229309082031,0.37117552757263184,0.004277229309082031,1,1.0,22.159556269671157,2.8885055051495967
transistor,4,0,bent_lead/001.png,0.04421791434288025,-0.10380542278289795,0.329923273657289,-0.14284062385559082,0.2208013640238704,0.0022373199462890625,0.25778186321258545,0.0022373199462890625,1,1.0,16.75901621149711,1.6418392151301775
transistor,4,0,bent_lead/002.png,0.07589206099510193,0.42748749256134033,0.7434238171274897,0.5366326570510864,0.5666862761576603,0.011347770690917969,0.29679667949676514,0.011347770690917969,1,1.0,26.89493685871767,1.6886792452830188
transistor,4,0,bent_lead/003.png,0.04904165863990784,1.2832318544387817,0.9046287666977322,0.15660834312438965,0.714611162887025,0.009209632873535156,0.25786566734313965,0.009209632873535156,1,1.0,23.039238634405464,1.3545454545454545
transistor,4,0,bent_lead/004.png,0.09599566459655762,1.9577771425247192,1.0,1.0377004146575928,1.0,0.0038442611694335938,0.3379669785499573,0.0038442611694335938,1,1.0,21.653179268806284,2.64609456551641
transistor,4,0,bent_lead/005.png,0.14076361060142517,0.9102216958999634,0.7240388070427596,0.5762364864349365,0.683734578991496,0.015924453735351562,0.36772269010543823,0.015924453735351562,1,1.0,34.312356587932975,2.002919495151988
transistor,4,0,bent_lead/006.png,0.056590378284454346,0.41417622566223145,0.7453038821241107,-0.003187417984008789,0.4998534544776318,0.03579235076904297,0.3479453921318054,0.03579235076904297,1,1.0,65.36944454325813,1.4780966363182624
transistor,4,0,bent_lead/007.png,0.04684710502624512,0.7195918560028076,0.7090903648717412,0.4373898506164551,0.586817923314077,0.031861305236816406,0.3152090907096863,0.031861305236816406,1,1.0,47.0562253337623,1.339081741245029
transistor,4,0,bent_lead/008.png,0.029468417167663574,0.3795609474182129,0.7051070840197694,-0.7678279876708984,0.25969509165555293,0.036469459533691406,0.3270356059074402,0.036469459533691406,1,1.0,51.72529216165064,1.9103820061514163
transistor,4,0,bent_lead/009.png,0.08908510208129883,1.456071138381958,1.0,0.4641975164413452,0.9484842060631757,0.008996963500976562,0.254996657371521,0.008996963500976562,2,0.544625821496714,46.904299569926174,3.1588962390999953
transistor,4,0,cut_lead/000.png,-0.0009427070617675781,-0.3489290475845337,0.3297448503856913,-0.6227836012840271,0.20437399338814952,0.011250495910644531,0.2907705307006836,0.011250495910644531,1,1.0,19.472358536019705,1.8685752716053652
transistor,4,0,cut_lead/001.png,0.028683751821517944,0.26635152101516724,0.5700526791890598,-0.5919865965843201,0.13233650827435747,0.017922401428222656,0.3098302483558655,0.017922401428222656,1,1.0,22.258661142721675,2.6223087034649333
transistor,4,0,cut_lead/002.png,0.01858505606651306,0.39954274892807007,0.703206836350271,-0.32972025871276855,0.3108517871910319,0.010378837585449219,0.3651156425476074,0.010378837585449219,1,1.0,17.63178583784096,1.6636510086254621
transistor,4,0,cut_lead/003.png,-0.008767306804656982,0.047130584716796875,0.5298956661316212,-0.7835158109664917,0.11015248796147672,0.01425933837890625,0.25970542430877686,0.01425933837890625,1,1.0,28.935315954551548,2.890214356613059
transistor,4,0,cut_lead/004.png,0.017146915197372437,0.02714252471923828,0.5080037288587029,-0.5441218614578247,0.1096018111599414,0.035805702209472656,0.2649494409561157,0.035805702209472656,2,0.516473565055267,52.18805761705013,3.114488236724147
transistor,4,0,cut_lead/005.png,0.034122347831726074,-0.266825795173645,0.36895738588512716,-0.37826746702194214,0.19260569311099882,0.011323928833007812,0.2891966700553894,0.011323928833007812,1,1.0,18.67978379761654,2.041949412993644
transistor,4,0,cut_lead/006.png,0.0011635422706604004,-0.036571621894836426,0.4715431983579026,-0.5434510111808777,0.08023885053181563,0.015332221984863281,0.18643337488174438,0.015332221984863281,1,1.0,24.871188971910673,2.487395044568698
transistor,4,0,cut_lead/007.png,-0.010295212268829346,0.0583573579788208,0.5707604527172389,-0.7743691802024841,0.1441399307829015,0.010195732116699219,0.2726723551750183,0.010195732116699219,1,1.0,20.034125649738584,1.8254466662839617
transistor,4,0,cut_lead/008.png,0.015162110328674316,-0.05101633071899414,0.4719700244992074,-0.3548567295074463,0.11183167603401066,0.019852638244628906,0.35900890827178955,0.019852638244628906,1,1.0,29.960357698299724,3.5711223014995297
transistor,4,0,cut_lead/009.png,0.013708621263504028,0.33510756492614746,0.6730706610224683,-0.8710131645202637,0.23602518180831433,0.017572402954101562,0.3649672269821167,0.017572402954101562,1,1.0,28.139875690632163,3.3153016528592287
transistor,4,0,damaged_case/000.png,0.16109243035316467,1.8935812711715698,0.6969521976259223,1.2300689220428467,0.8888033365415463,0.014863014221191406,0.4459301233291626,0.014863014221191406,2,0.7991658646134103,74.50248935123015,3.736246598606433
transistor,4,0,damaged_case/001.png,0.22562214732170105,2.6423451900482178,0.9516163524254196,2.518667697906494,0.8760558862315999,0.05351448059082031,0.5403102040290833,0.05351448059082031,1,1.0,25.117941170876826,2.396872292403915
transistor,4,0,damaged_case/002.png,0.22343415021896362,2.6559548377990723,1.0,0.33485913276672363,1.0,0.0063343048095703125,0.3519354462623596,0.0063343048095703125,1,1.0,16.42049349293732,1.3826142105456047
transistor,4,0,damaged_case/003.png,0.16697728633880615,2.711251735687256,0.9671743025339135,1.0123310089111328,0.9473381110826721,0.014904022216796875,0.4010401964187622,0.014904022216796875,1,1.0,30.94795926158744,1.4432483794815023
transistor,4,0,damaged_case/004.png,0.30178678035736084,2.7219982147216797,0.9804186360567184,5.522729873657227,1.0,0.025423049926757812,0.535942792892456,0.025423049926757812,2,0.901230399879961,80.00437939996283,1.5918957403548313
transistor,4,0,damaged_case/005.png,0.07024729251861572,1.278127670288086,0.8043335880362406,1.2284528017044067,0.9890022923261652,0.034946441650390625,0.4621041417121887,0.034946441650390625,1,1.0,69.77248794382609,2.199817160834279
transistor,4,0,damaged_case/006.png,0.07416990399360657,1.9776406288146973,0.8697573776529626,1.5426287651062012,0.9139542378343538,0.020714759826660156,0.4226243495941162,0.020714759826660156,1,1.0,62.12158932435543,2.1014531618131227
transistor,4,0,damaged_case/007.png,0.2954851984977722,3.360893964767456,1.0,5.95694637298584,1.0,0.012912750244140625,0.4653294086456299,0.012912750244140625,1,1.0,22.245313960416176,2.1862693385094496
transistor,4,0,damaged_case/008.png,0.2370421290397644,2.1241564750671387,0.8615643175466425,3.5880942344665527,0.9612130825591056,0.050502777099609375,0.5032075643539429,0.050502777099609375,1,1.0,29.231883707319206,1.604941871018025
transistor,4,0,damaged_case/009.png,0.21004030108451843,2.2785048484802246,0.8692504419120689,1.8607234954833984,0.6920342998984542,0.05071449279785156,0.4563775062561035,0.05071449279785156,1,1.0,21.005011535798904,2.148218886817872
transistor,4,0,misplaced/000.png,0.031155109405517578,-0.6208187341690063,0.1494938941078022,0.46154844760894775,0.638620063635547,0.40343666076660156,0.2523956298828125,0.40343666076660156,1,1.0,41.26358138352181,1.3719441580234932
transistor,4,0,misplaced/001.png,0.035390704870224,-0.6047536134719849,0.2260212739635537,0.04390430450439453,0.5221271162505164,0.40856456756591797,0.29394978284835815,0.40856456756591797,1,1.0,35.99555686537912,1.3385042512985623
transistor,4,0,misplaced/002.png,0.04916372895240784,0.4609825611114502,0.700535082072739,0.00036644935607910156,0.5003947738976504,0.3792724609375,0.4350707530975342,0.3792724609375,1,1.0,31.313304265611215,1.4708892858744957
transistor,4,0,misplaced/003.png,0.04968184232711792,0.22497868537902832,0.5941906280723126,-0.07341384887695312,0.4193989450831625,0.37734127044677734,0.43902528285980225,0.37734127044677734,1,1.0,31.394348202116145,1.4797194197918448
transistor,4,0,misplaced/004.png,0.06771209836006165,0.8126012086868286,0.7011427007746964,0.9708744287490845,0.7641044754994009,0.4042701721191406,0.3625706136226654,0.4042701721191406,1,1.0,22.46638118893875,1.4711191335740073
transistor,4,0,misplaced/005.png,0.06990417838096619,0.12193417549133301,0.5355147681105659,-0.12662196159362793,0.48586495125423984,0.4293375015258789,0.34437307715415955,0.4293375015258789,1,1.0,41.1046814741954,1.1041022011693593
transistor,4,0,misplaced/006.png,0.02419176697731018,-0.44372206926345825,0.2577823532460434,0.11919116973876953,0.5777599261224163,0.40482139587402344,0.26137953996658325,0.40482139587402344,1,1.0,42.530673019605196,1.358167193734293
transistor,4,0,misplaced/007.png,0.07460638880729675,-0.11835598945617676,0.45979296567116423,-0.16481709480285645,0.46793621188828105,0.4888267517089844,0.4535982012748718,0.4888267517089844,1,1.0,37.69921417227786,1.168034530893935
transistor,4,0,misplaced/008.png,0.12765657901763916,0.6615936756134033,0.577481374344259,0.49117565155029297,0.546220437270261,0.49320507049560547,0.47186440229415894,0.49320507049560547,1,1.0,33.66638454641797,1.117656170252781
transistor,4,0,misplaced/009.png,0.04386529326438904,-0.3370169401168823,0.3455035246848524,0.3353053331375122,0.6525430064609173,0.39543819427490234,0.2930212616920471,0.39543819427490234,1,1.0,31.910756732720046,1.340791366608569
transistor,4,1,bent_lead/000.png,0.12148511409759521,1.870439887046814,1.0,1.9517755508422852,1.0,0.004277229309082031,0.3535764813423157,0.004277229309082031,1,1.0,22.159556269671157,2.8885055051495967
transistor,4,1,bent_lead/001.png,0.06997603178024292,-0.18537890911102295,0.3205456095481671,0.23137056827545166,0.8930093776641091,0.0022373199462890625,0.2270374298095703,0.0022373199462890625,1,1.0,16.75901621149711,1.6418392151301775
transistor,4,1,bent_lead/002.png,0.07644757628440857,0.7536906599998474,0.8265400453819649,0.5893924236297607,0.5530716866963611,0.011347770690917969,0.3076857924461365,0.011347770690917969,1,1.0,26.89493685871767,1.6886792452830188
transistor,4,1,bent_lead/003.png,0.05417656898498535,1.1213915348052979,0.9095992544268406,0.5137234926223755,0.7844050947499224,0.009209632873535156,0.3375745415687561,0.009209632873535156,1,1.0,23.039238634405464,1.3545454545454545
transistor,4,1,bent_lead/004.png,0.11630475521087646,2.0384507179260254,1.0,1.5509676933288574,1.0,0.0038442611694335938,0.29989194869995117,0.0038442611694335938,1,1.0,21.653179268806284,2.64609456551641
transistor,4,1,bent_lead/005.png,0.15012061595916748,1.0327730178833008,0.72966822373937,0.9770200252532959,0.7101449275362319,0.015924453735351562,0.38971638679504395,0.015924453735351562,1,1.0,34.312356587932975,2.002919495151988
transistor,4,1,bent_lead/006.png,0.05955100059509277,0.24711394309997559,0.610934960432709,-0.33628034591674805,0.4893821107884149,0.03579235076904297,0.3552819490432739,0.03579235076904297,1,1.0,65.36944454325813,1.4780966363182624
transistor,4,1,bent_lead/007.png,0.055305808782577515,0.9539617300033569,0.6928671914753509,0.21727120876312256,0.5687988266634739,0.031861305236816406,0.3044372797012329,0.031861305236816406,1,1.0,47.0562253337623,1.339081741245029
transistor,4,1,bent_lead/008.png,0.036838412284851074,0.3377187252044678,0.6242514578593656,-0.26674890518188477,0.45749326638947724,0.036469459533691406,0.27070218324661255,0.036469459533691406,1,1.0,51.72529216165064,1.9103820061514163
transistor,4,1,bent_lead/009.png,0.08529543876647949,1.4090098142623901,1.0,0.8677787780761719,0.98187407250371,0.008996963500976562,0.2777325510978699,0.008996963500976562,2,0.544625821496714,46.904299569926174,3.1588962390999953
transistor,4,1,cut_lead/000.png,-0.005835890769958496,-0.580704927444458,0.26243960328897176,-1.2245465517044067,0.18182588793761126,0.011250495910644531,0.31161391735076904,0.011250495910644531,1,1.0,19.472358536019705,1.8685752716053652
transistor,4,1,cut_lead/001.png,0.020077019929885864,0.2649720311164856,0.60511892726015,-0.9723526835441589,0.12243920608737296,0.017922401428222656,0.3727031350135803,0.017922401428222656,1,1.0,22.258661142721675,2.6223087034649333
transistor,4,1,cut_lead/002.png,0.01895543932914734,0.12477153539657593,0.5960672608655702,-0.5920127034187317,0.30873839933841773,0.010378837585449219,0.3646466135978699,0.010378837585449219,1,1.0,17.63178583784096,1.6636510086254621
transistor,4,1,cut_lead/003.png,-0.0053136348724365234,-0.02494800090789795,0.48528624933119313,-1.2348861694335938,0.09691011235955056,0.01425933837890625,0.26787644624710083,0.01425933837890625,1,1.0,28.935315954551548,2.890214356613059
transistor,4,1,cut_lead/004.png,0.011466741561889648,0.3794090747833252,0.6529764282860567,-1.1074084043502808,0.11583433213477161,0.035805702209472656,0.3075437545776367,0.035805702209472656,2,0.516473565055267,52.18805761705013,3.114488236724147
transistor,4,1,cut_lead/005.png,0.027247369289398193,-0.0967833399772644,0.449722081859525,-0.6782089471817017,0.19420582785918813,0.011323928833007812,0.3752269744873047,0.011323928833007812,1,1.0,18.67978379761654,2.041949412993644
transistor,4,1,cut_lead/006.png,-0.016988664865493774,-0.21012407541275024,0.3134913230080239,-1.0207250118255615,0.07408098525844374,0.015332221984863281,0.22568392753601074,0.015332221984863281,1,1.0,24.871188971910673,2.487395044568698
transistor,4,1,cut_lead/007.png,-0.014006227254867554,-0.019931554794311523,0.48723225142643345,-1.535008430480957,0.13628285473762977,0.010195732116699219,0.3101523518562317,0.010195732116699219,1,1.0,20.034125649738584,1.8254466662839617
transistor,4,1,cut_lead/008.png,0.015753865242004395,0.16199535131454468,0.598357111975789,-0.6378599405288696,0.11048662151126483,0.019852638244628906,0.3764849305152893,0.019852638244628906,1,1.0,29.960357698299724,3.5711223014995297
transistor,4,1,cut_lead/009.png,0.029031991958618164,0.26039886474609375,0.7255508520568762,-0.894701361656189,0.22826440898730055,0.017572402954101562,0.3560500144958496,0.017572402954101562,1,1.0,28.139875690632163,3.3153016528592287
transistor,4,1,damaged_case/000.png,0.1571202278137207,1.99428391456604,0.7137632338787295,1.1018147468566895,0.9430863009303818,0.014863014221191406,0.45013827085494995,0.014863014221191406,2,0.7991658646134103,74.50248935123015,3.736246598606433
transistor,4,1,damaged_case/001.png,0.23659062385559082,2.816636323928833,0.958887265210108,2.4337053298950195,0.8527461952453933,0.05351448059082031,0.5300300121307373,0.05351448059082031,1,1.0,25.117941170876826,2.396872292403915
transistor,4,1,damaged_case/002.png,0.23588833212852478,3.230724334716797,1.0,0.35309046506881714,1.0,0.0063343048095703125,0.33755117654800415,0.0063343048095703125,1,1.0,16.42049349293732,1.3826142105456047
transistor,4,1,damaged_case/003.png,0.18526029586791992,3.148230791091919,0.9954568722805222,0.6281982660293579,0.9202073201945227,0.014904022216796875,0.4181557893753052,0.014904022216796875,1,1.0,30.94795926158744,1.4432483794815023
transistor,4,1,damaged_case/004.png,0.2795562744140625,2.775036334991455,1.0,4.8895416259765625,1.0,0.025423049926757812,0.4595246911048889,0.025423049926757812,2,0.901230399879961,80.00437939996283,1.5918957403548313
transistor,4,1,damaged_case/005.png,0.0876471996307373,1.5565434694290161,0.9055234144744023,1.234556794166565,0.995197030891824,0.034946441650390625,0.42571234703063965,0.034946441650390625,1,1.0,69.77248794382609,2.199817160834279
transistor,4,1,damaged_case/006.png,0.08613976836204529,2.2067620754241943,0.901109525344137,1.2933940887451172,0.8729800653745223,0.020714759826660156,0.45243531465530396,0.020714759826660156,1,1.0,62.12158932435543,2.1014531618131227
transistor,4,1,damaged_case/007.png,0.2949804663658142,3.6028294563293457,1.0,6.385468482971191,1.0,0.012912750244140625,0.45230329036712646,0.012912750244140625,1,1.0,22.245313960416176,2.1862693385094496
transistor,4,1,damaged_case/008.png,0.2475130558013916,2.3866825103759766,0.9508648689478058,3.413053512573242,0.9562089281667799,0.050502777099609375,0.4604540467262268,0.050502777099609375,1,1.0,29.231883707319206,1.604941871018025
transistor,4,1,damaged_case/009.png,0.2338005006313324,2.481351613998413,0.875568844258904,1.8073307275772095,0.6784760615292038,0.05071449279785156,0.4896133542060852,0.05071449279785156,1,1.0,21.005011535798904,2.148218886817872
transistor,4,1,misplaced/000.png,0.020242929458618164,-0.4731943607330322,0.20430036356415796,0.09057295322418213,0.56456455036711,0.40343666076660156,0.21544606983661652,0.40343666076660156,1,1.0,41.26358138352181,1.3719441580234932
transistor,4,1,misplaced/001.png,0.02378302812576294,-0.5490409135818481,0.2503903961382878,0.017758727073669434,0.5119546416875383,0.40856456756591797,0.273876428604126,0.40856456756591797,1,1.0,35.99555686537912,1.3385042512985623
transistor,4,1,misplaced/002.png,0.046235620975494385,0.5464118719100952,0.7220163139684583,-0.24489092826843262,0.40420069600901193,0.3792724609375,0.4293912947177887,0.3792724609375,1,1.0,31.313304265611215,1.4708892858744957
transistor,4,1,misplaced/003.png,0.053174614906311035,0.3726229667663574,0.6478741176381387,-0.26893067359924316,0.38539847499564034,0.37734127044677734,0.42208635807037354,0.37734127044677734,1,1.0,31.394348202116145,1.4797194197918448
transistor,4,1,misplaced/004.png,0.08176380395889282,1.150261402130127,0.7483628523170122,0.8920923471450806,0.7806859035451088,0.4042701721191406,0.3763941526412964,0.4042701721191406,1,1.0,22.46638118893875,1.4711191335740073
transistor,4,1,misplaced/005.png,0.082421213388443,0.29866719245910645,0.5642002430068882,-0.07082366943359375,0.49243324529701704,0.4293375015258789,0.3720135986804962,0.4293375015258789,1,1.0,41.1046814741954,1.1041022011693593
transistor,4,1,misplaced/006.png,0.016954481601715088,-0.5110313892364502,0.200696842769844,-0.02050185203552246,0.48080737645057786,0.40482139587402344,0.22748833894729614,0.40482139587402344,1,1.0,42.530673019605196,1.358167193734293
transistor,4,1,misplaced/007.png,0.07117471098899841,-0.08028745651245117,0.4700432329506879,-0.15117931365966797,0.47229072208392187,0.4888267517089844,0.3972911238670349,0.4888267517089844,1,1.0,37.69921417227786,1.168034530893935
transistor,4,1,misplaced/008.png,0.14244621992111206,0.7336850166320801,0.6003387713351497,0.2651209831237793,0.5276131509794785,0.49320507049560547,0.4931357800960541,0.49320507049560547,1,1.0,33.66638454641797,1.117656170252781
transistor,4,1,misplaced/009.png,0.03295212984085083,-0.2729635238647461,0.3674667850002532,0.30097031593322754,0.6380921603195007,0.39543819427490234,0.27854615449905396,0.39543819427490234,1,1.0,31.910756732720046,1.340791366608569
transistor,4,2,bent_lead/000.png,0.1366785168647766,1.6551880836486816,1.0,1.1676470041275024,1.0,0.004277229309082031,0.3192406892776489,0.004277229309082031,1,1.0,22.159556269671157,2.8885055051495967
transistor,4,2,bent_lead/001.png,0.04778990149497986,-0.5377253293991089,0.09718670076726342,0.01900458335876465,0.5396419437340153,0.0022373199462890625,0.19013410806655884,0.0022373199462890625,1,1.0,16.75901621149711,1.6418392151301775
transistor,4,2,bent_lead/002.png,0.10053148865699768,0.8487271070480347,0.6165223968400706,0.5384047031402588,0.5560971510210942,0.011347770690917969,0.3350510597229004,0.011347770690917969,1,1.0,26.89493685871767,1.6886792452830188
transistor,4,2,bent_lead/003.png,0.05412966012954712,1.1590156555175781,0.8926167546857202,0.3594212532043457,0.7878223050636843,0.009209632873535156,0.30035263299942017,0.009209632873535156,1,1.0,23.039238634405464,1.3545454545454545
transistor,4,2,bent_lead/004.png,0.13134491443634033,2.3330698013305664,1.0,0.8149731159210205,1.0,0.0038442611694335938,0.3571321964263916,0.0038442611694335938,1,1.0,21.653179268806284,2.64609456551641
transistor,4,2,bent_lead/005.png,0.15641272068023682,1.0185574293136597,0.7079889807162535,0.8349263668060303,0.6921188166247455,0.015924453735351562,0.3638068437576294,0.015924453735351562,1,1.0,34.312356587932975,2.002919495151988
transistor,4,2,bent_lead/006.png,0.07323139905929565,-0.015198588371276855,0.49428472462764117,-0.11108887195587158,0.49593669233433696,0.03579235076904297,0.36087191104888916,0.03579235076904297,1,1.0,65.36944454325813,1.4780966363182624
transistor,4,2,bent_lead/007.png,0.045062124729156494,0.5659929513931274,0.6377024155167769,0.3750678300857544,0.5979825795444341,0.031861305236816406,0.313443660736084,0.031861305236816406,1,1.0,47.0562253337623,1.339081741245029
transistor,4,2,bent_lead/008.png,0.04502490162849426,0.2524372339248657,0.6130592819225439,-0.40845227241516113,0.42901597761564814,0.036469459533691406,0.3242145776748657,0.036469459533691406,1,1.0,51.72529216165064,1.9103820061514163
transistor,4,2,bent_lead/009.png,0.07998096942901611,0.9579979181289673,1.0,0.39198875427246094,0.9425482298070808,0.008996963500976562,0.26388120651245117,0.008996963500976562,2,0.544625821496714,46.904299569926174,3.1588962390999953
transistor,4,2,cut_lead/000.png,-0.014050960540771484,-1.2272114753723145,0.20929049758413157,-0.9931063652038574,0.1904721539374417,0.011250495910644531,0.2994536757469177,0.011250495910644531,1,1.0,19.472358536019705,1.8685752716053652
transistor,4,2,cut_lead/001.png,0.017912447452545166,0.03200656175613403,0.5093385835151386,-0.6802027225494385,0.13483743947214388,0.017922401428222656,0.3724612593650818,0.017922401428222656,1,1.0,22.258661142721675,2.6223087034649333
transistor,4,2,cut_lead/002.png,0.010202109813690186,-0.08511984348297119,0.45226500045943213,-0.5644227862358093,0.2808049251125609,0.010378837585449219,0.37497568130493164,0.010378837585449219,1,1.0,17.63178583784096,1.6636510086254621
transistor,4,2,cut_lead/003.png,-0.008111923933029175,-0.4952584505081177,0.2344168004280364,-1.0697894096374512,0.08353397538790797,0.01425933837890625,0.2847900986671448,0.01425933837890625,1,1.0,28.935315954551548,2.890214356613059
transistor,4,2,cut_lead/004.png,0.007807731628417969,0.07175540924072266,0.521827140764416,-0.7949430346488953,0.11618058330003996,0.035805702209472656,0.2943454384803772,0.035805702209472656,2,0.516473565055267,52.18805761705013,3.114488236724147
transistor,4,2,cut_lead/005.png,0.0018433034420013428,-0.4786714017391205,0.2911403065521307,-0.4839514493942261,0.19622705069900623,0.011323928833007812,0.36594468355178833,0.011323928833007812,1,1.0,18.67978379761654,2.041949412993644
transistor,4,2,cut_lead/006.png,0.0010748803615570068,-0.5474808812141418,0.17839149094980405,-0.7287615537643433,0.08670771910182248,0.015332221984863281,0.22150593996047974,0.015332221984863281,1,1.0,24.871188971910673,2.487395044568698
transistor,4,2,cut_lead/007.png,-0.018550485372543335,-0.3513295650482178,0.23823777008698904,-1.0037708282470703,0.14161444205406418,0.010195732116699219,0.3207607865333557,0.010195732116699219,1,1.0,20.034125649738584,1.8254466662839617
transistor,4,2,cut_lead/008.png,0.0144423246383667,-0.02565699815750122,0.486045059326512,-0.33015233278274536,0.11529038766392852,0.019852638244628906,0.38515418767929077,0.019852638244628906,1,1.0,29.960357698299724,3.5711223014995297
transistor,4,2,cut_lead/009.png,0.013315439224243164,0.07277005910873413,0.5401063714316726,-0.7104328870773315,0.25550852056876155,0.017572402954101562,0.362671434879303,0.017572402954101562,1,1.0,28.139875690632163,3.3153016528592287
transistor,4,2,damaged_case/000.png,0.16571703553199768,2.036348342895508,0.8803978184151428,1.2366943359375,0.8224574911774142,0.014863014221191406,0.4776536226272583,0.014863014221191406,2,0.7991658646134103,74.50248935123015,3.736246598606433
transistor,4,2,damaged_case/001.png,0.20234477519989014,2.587031841278076,0.9483194924617743,2.5856170654296875,0.8240546031293439,0.05351448059082031,0.5440194010734558,0.05351448059082031,1,1.0,25.117941170876826,2.396872292403915
transistor,4,2,damaged_case/002.png,0.21513882279396057,2.810685157775879,1.0,0.5770612359046936,1.0,0.0063343048095703125,0.3445664644241333,0.0063343048095703125,1,1.0,16.42049349293732,1.3826142105456047
transistor,4,2,damaged_case/003.png,0.16691789031028748,2.4737348556518555,0.9839390836959304,1.0192979574203491,0.9188635781929869,0.014904022216796875,0.40799933671951294,0.014904022216796875,1,1.0,30.94795926158744,1.4432483794815023
transistor,4,2,damaged_case/004.png,0.3255424499511719,2.9140312671661377,1.0,6.392001628875732,1.0,0.025423049926757812,0.5834619402885437,0.025423049926757812,2,0.901230399879961,80.00437939996283,1.5918957403548313
transistor,4,2,damaged_case/005.png,0.10465213656425476,1.4796032905578613,0.8970636393406833,1.4919465780258179,0.9644962340355856,0.034946441650390625,0.4695693254470825,0.034946441650390625,1,1.0,69.77248794382609,2.199817160834279
transistor,4,2,damaged_case/006.png,0.07318922877311707,1.8989291191101074,0.9453063855255283,1.4395942687988281,0.9100409741724599,0.020714759826660156,0.4287402033805847,0.020714759826660156,1,1.0,62.12158932435543,2.1014531618131227
transistor,4,2,damaged_case/007.png,0.29542872309684753,3.483264684677124,1.0,7.494472026824951,1.0,0.012912750244140625,0.46075594425201416,0.012912750244140625,1,1.0,22.245313960416176,2.1862693385094496
transistor,4,2,damaged_case/008.png,0.2579519748687744,2.156222343444824,0.9663494221617946,3.7956910133361816,0.9439345872044717,0.050502777099609375,0.4968443512916565,0.050502777099609375,1,1.0,29.231883707319206,1.604941871018025
transistor,4,2,damaged_case/009.png,0.21675235033035278,2.307678699493408,0.878408364361202,1.618198275566101,0.67149949227124,0.05071449279785156,0.4980735778808594,0.05071449279785156,1,1.0,21.005011535798904,2.148218886817872
transistor,4,2,misplaced/000.png,0.01574796438217163,-0.6949673891067505,0.0904206281291811,0.14436209201812744,0.5757102266011715,0.40343666076660156,0.21738533675670624,0.40343666076660156,1,1.0,41.26358138352181,1.3719441580234932
transistor,4,2,misplaced/001.png,0.01498568058013916,-0.5202970504760742,0.2293708611590272,0.08855843544006348,0.5455228740625241,0.40856456756591797,0.26276153326034546,0.40856456756591797,1,1.0,35.99555686537912,1.3385042512985623
transistor,4,2,misplaced/002.png,0.04715326428413391,0.4268457889556885,0.6761370494045703,-0.29273509979248047,0.3243809341808819,0.3792724609375,0.430316686630249,0.3792724609375,1,1.0,31.313304265611215,1.4708892858744957
transistor,4,2,misplaced/003.png,0.04429733753204346,0.0919654369354248,0.5359680138296716,-0.3602721691131592,0.3121355873945778,0.37734127044677734,0.43852049112319946,0.37734127044677734,1,1.0,31.394348202116145,1.4797194197918448
transistor,4,2,misplaced/004.png,0.08804434537887573,1.0930752754211426,0.7542485633675231,0.897422194480896,0.7693886409315229,0.4042701721191406,0.37106654047966003,0.4042701721191406,1,1.0,22.46638118893875,1.4711191335740073
transistor,4,2,misplaced/005.png,0.08073672652244568,0.1548299789428711,0.5411123673624423,0.01581287384033203,0.5015271228117718,0.4293375015258789,0.34796324372291565,0.4293375015258789,1,1.0,41.1046814741954,1.1041022011693593
transistor,4,2,misplaced/006.png,0.010410100221633911,-0.6744493246078491,0.11676003448876995,0.10173535346984863,0.5698656728372667,0.40482139587402344,0.2239171266555786,0.40482139587402344,1,1.0,42.530673019605196,1.358167193734293
transistor,4,2,misplaced/007.png,0.07114723324775696,-0.20244383811950684,0.43794237687583404,-0.17920541763305664,0.46470154436840094,0.4888267517089844,0.4606356620788574,0.4888267517089844,1,1.0,37.69921417227786,1.168034530893935
transistor,4,2,misplaced/008.png,0.13594740629196167,0.6247391700744629,0.582098874049381,0.5417385101318359,0.5597577552918519,0.49320507049560547,0.4542643427848816,0.49320507049560547,1,1.0,33.66638454641797,1.117656170252781
transistor,4,2,misplaced/009.png,0.027223020792007446,-0.6117892265319824,0.2031921128092088,0.3824690580368042,0.6534401551198972,0.39543819427490234,0.24926918745040894,0.39543819427490234,1,1.0,31.910756732720046,1.340791366608569
wood,1,0,color/000.png,0.3906141221523285,2.6740903854370117,1.0,9.349837303161621,1.0,0.02118968963623047,0.5375044941902161,0.02118968963623047,3,0.5894504703181961,59.57359338843148,2.139784946236559
wood,1,0,color/001.png,0.33544236421585083,2.594438076019287,0.9726469475417863,9.292057037353516,0.9641895350648773,0.04284954071044922,0.6175638437271118,0.04284954071044922,2,0.7540673477109345,40.73760506337645,1.9800571299713934
wood,1,0,color/002.png,0.2360207438468933,1.8824619054794312,1.0,2.52728271484375,1.0,0.037933349609375,0.43885982036590576,0.037933349609375,1,1.0,29.858592529362973,1.6181390176289399
wood,1,0,color/003.png,0.43593940138816833,2.3197572231292725,1.0,7.015664100646973,1.0,0.009740829467773438,0.6989030838012695,0.009740829467773438,5,0.2605247699236342,168.6296752261586,2.9530517962013465
wood,1,0,color/004.png,0.3614000380039215,2.3808727264404297,1.0,7.361092567443848,0.9911127946618491,0.032729148864746094,0.5371323823928833,0.032729148864746094,2,0.848247326553804,31.73581549166642,1.6615924892925
wood,1,0,color/005.png,0.2207804024219513,1.779358148574829,0.9998858838297386,3.2463245391845703,0.9726691772224124,0.016714096069335938,0.4338996410369873,0.016714096069335938,3,0.34674198333903916,94.96323137276016,5.304822930384258
wood,1,0,color/006.png,0.29186752438545227,1.3238449096679688,0.8844280171070893,5.049594879150391,0.9311892825785255,0.06734275817871094,0.5709824562072754,0.06734275817871094,2,0.850312969099612,28.893921830584834,1.358482072870756
wood,1,0,color/007.png,0.2813185453414917,2.002272605895996,0.9979920398723511,5.656820297241211,0.9885259421277206,0.026597023010253906,0.5335806608200073,0.026597023010253906,2,0.5781132346086271,45.11851457338073,2.2542202258678503
wood,1,0,combined/000.png,0.18159255385398865,1.1546698808670044,0.8582494995970782,3.145702362060547,0.8963581065273337,0.14674758911132812,0.591223418712616,0.14674758911132812,4,0.7992474459954769,54.34759464689208,1.3224073955353162
wood,1,0,combined/001.png,0.2565942406654358,1.678837776184082,1.0,2.415196418762207,0.9952478756393218,0.023680686950683594,0.5295592546463013,0.023680686950683594,3,0.5343320848938826,53.190763885526195,1.9659090909090908
wood,1,0,combined/002.png,0.09827408194541931,-0.2570081949234009,0.34441489361702127,-0.5576982498168945,0.21457066869300911,0.02008056640625,0.4338792562484741,0.02008056640625,4,0.821761018237082,163.34474713942964,20.852942265441506
wood,1,0,combined/003.png,0.33732354640960693,2.1026406288146973,0.9942980927244659,9.802602767944336,1.0,0.03830146789550781,0.6788231134414673,0.03830146789550781,3,0.8707484687017579,63.120120111548275,1.3019353033091712
wood,1,0,combined/004.png,0.14559680223464966,2.1208159923553467,0.997119317854468,3.8166251182556152,0.9894134931151697,0.06621170043945312,0.4813166856765747,0.06621170043945312,1,1.0,17.480800615599524,1.7517873093154943
wood,1,0,combined/005.png,0.42330223321914673,2.389453649520874,1.0,12.636988639831543,1.0,0.0094757080078125,0.6088168621063232,0.0094757080078125,13,0.2337962962962963,177.7123848399954,1.4803311177282084
wood,1,0,combined/006.png,0.1166008710861206,1.0894447565078735,0.9215081292807282,1.7650737762451172,0.8843081905512156,0.08716392517089844,0.5054788589477539,0.08716392517089844,2,0.5904177334296156,30.877309381519826,1.424038683038674
wood,1,0,combined/007.png,0.2888212203979492,1.3031467199325562,0.9277087232647054,5.205124855041504,0.9553198637039881,0.059615135192871094,0.5554039478302002,0.059615135192871094,3,0.4038969141431108,60.67960210519103,1.1968417878432285
wood,1,0,combined/008.png,0.3511243760585785,1.4204663038253784,0.9937014794199502,8.240652084350586,0.9999581493649166,0.04557514190673828,0.5793589353561401,0.04557514190673828,4,0.6195777270920086,108.07893393638071,4.832775554855365
wood,1,0,combined/009.png,0.18139353394508362,2.061389446258545,1.0,4.520974636077881,1.0,0.019811630249023438,0.42221373319625854,0.019811630249023438,3,0.8503417733705594,33.493220208131945,1.588235294117647
wood,1,0,combined/010.png,0.239295095205307,0.788079023361206,0.8259630853114908,5.087235450744629,0.90596947108595,0.07765865325927734,0.5396074056625366,0.07765865325927734,4,0.3470300008596235,61.42276972159487,1.5245503641035438
wood,1,0,hole/000.png,0.22791391611099243,2.119791269302368,0.9704023431478341,5.702517509460449,0.9693618005241251,0.024745941162109375,0.5561457872390747,0.024745941162109375,3,0.6940419300138739,58.64543434046509,1.0202487286507163
wood,1,0,hole/001.png,0.33285027742385864,3.3093485832214355,1.0,8.011706352233887,1.0,0.011246681213378906,0.5504703521728516,0.011246681213378906,3,0.5810226405494785,56.58202725156073,1.2884323745683008
wood,1,0,hole/002.png,0.30568942427635193,3.0316176414489746,1.0,8.471553802490234,1.0,0.009450912475585938,0.514268159866333,0.009450912475585938,4,0.30010090817356205,59.03613019026478,1.105263157894737
wood,1,0,hole/003.png,0.24438250064849854,2.5864415168762207,1.0,6.396235466003418,1.0,0.012354850769042969,0.44414567947387695,0.012354850769042969,3,0.4800463141644153,44.43075192197261,1.0344827586206897
wood,1,0,hole/004.png,0.24501794576644897,1.2660491466522217,0.9767623130511034,2.5054502487182617,0.9798801578408924,0.019576072692871094,0.49990957975387573,0.019576072692871094,3,0.817167632873776,306.68142804056697,35.297668437145745
wood,1,0,hole/005.png,0.28797173500061035,1.2031097412109375,1.0,3.1242198944091797,0.9848671596822788,0.013927459716796875,0.5142438411712646,0.013927459716796875,1,1.0,328.8459136013814,39.0501209092363
wood,1,0,hole/006.png,0.21114212274551392,2.591459274291992,1.0,4.371114730834961,1.0,0.0026273727416992188,0.3729863166809082,0.0026273727416992188,3,0.40798548094373865,44.14379076351209,1.0086705593104657
wood,1,0,hole/007.png,0.2596089243888855,2.9396328926086426,1.0,5.178514003753662,1.0,0.008355140686035156,0.5010595321655273,0.008355140686035156,3,0.6487843853441388,42.71357206744152,1.5841534777907207
wood,1,0,hole/008.png,0.29258206486701965,3.977742910385132,1.0,8.39808177947998,1.0,0.00347900390625,0.4539862275123596,0.00347900390625,2,0.5435855263157895,31.236049682014944,1.4118486347598982
wood,1,0,hole/009.png,0.23146793246269226,2.847567319869995,1.0,5.76257848739624,1.0,0.008646965026855469,0.5099536776542664,0.008646965026855469,3,0.6186169626116687,42.15177523491421,1.112340518956965
wood,1,0,liquid/000.png,0.31610655784606934,2.2574660778045654,1.0,5.059678077697754,0.9983602077070238,0.03489494323730469,0.6270843148231506,0.03489494323730469,2,0.5859797758950533,37.50795614477594,1.025414511629247
wood,1,0,liquid/001.png,0.25652429461479187,1.9551975727081299,0.9992902966746664,5.7058868408203125,0.998963459616947,0.1021261215209961,0.541901707649231,0.1021261215209961,1,1.0,45.43966985736839,4.002678975365845
wood,1,0,liquid/002.png,0.3693230450153351,2.157702922821045,1.0,5.191423416137695,0.9980548620790002,0.06226634979248047,0.6367315053939819,0.06226634979248047,3,0.3909880381675882,50.624779502792805,1.4917831889302833
wood,1,0,liquid/003.png,0.3729102909564972,3.2856059074401855,1.0,6.844524383544922,1.0,0.030364036560058594,0.6121796369552612,0.030364036560058594,3,0.4023367568076887,45.18555763900657,1.3028001222119883
wood,1,0,liquid/004.png,0.4063699245452881,3.6221420764923096,1.0,8.181589126586914,1.0,0.01969623565673828,0.6267231702804565,0.01969623565673828,3,0.558562920641069,43.64252046965415,1.2269442101167043
wood,1,0,liquid/005.png,0.3412124514579773,2.0044946670532227,0.990543341949684,7.32861328125,0.9936784992194099,0.07452583312988281,0.7069923281669617,0.07452583312988281,3,0.5477183733012566,37.0353551673386,1.4644936810859612
wood,1,0,liquid/006.png,0.2780205011367798,1.9770197868347168,0.984708023609859,5.028066635131836,0.9857966626409702,0.05606555938720703,0.6092865467071533,0.05606555938720703,1,1.0,17.496677270472233,1.7481813092131884
wood,1,0,liquid/007.png,0.3167385756969452,2.7392663955688477,1.0,5.644872665405273,1.0,0.039791107177734375,0.6334296464920044,0.039791107177734375,1,1.0,18.117110591515562,1.8122106319149698
wood,1,0,liquid/008.png,0.3242288827896118,2.161634683609009,1.0,8.255242347717285,1.0,0.06768417358398438,0.6602814197540283,0.06768417358398438,1,1.0,35.687178718727495,3.9571027746335763
wood,1,0,liquid/009.png,0.34538179636001587,2.9024658203125,1.0,6.452798366546631,1.0,0.03663349151611328,0.6353240609169006,0.03663349151611328,3,0.7862182073777106,41.67936240578715,1.2883027225212653
wood,1,0,scratch/000.png,0.1977420449256897,1.599966049194336,0.8923519241974153,5.053890228271484,0.9163458874996419,0.09984302520751953,0.5174806118011475,0.09984302520751953,2,0.9217521706322295,59.83954394732171,2.019967579519262
wood,1,0,scratch/001.png,0.21535933017730713,0.4406423568725586,0.9188427781991548,2.0456838607788086,1.0,0.008801460266113281,0.45024627447128296,0.008801460266113281,1,1.0,488.0128872770565,48.830800232609036
wood,1,0,scratch/002.png,0.32980114221572876,1.7944645881652832,1.0,4.605142116546631,1.0,0.05136585235595703,0.4877200126647949,0.05136585235595703,1,1.0,113.3756237523975,5.793667966695185
wood,1,0,scratch/003.png,0.2767914831638336,2.554313898086548,0.9980321639411006,4.319393634796143,0.992467937843523,0.014054298400878906,0.4783143401145935,0.014054298400878906,2,0.5237158173305286,89.6034470786021,4.627049681212138
wood,1,0,scratch/004.png,0.3014063835144043,1.6929879188537598,1.0,3.6308059692382812,0.9951110114375421,0.021262168884277344,0.5281490087509155,0.021262168884277344,2,0.5703969499887868,200.1956983512445,12.556480387605825
wood,1,0,scratch/005.png,0.2168068289756775,0.6866309642791748,0.7979060451565914,2.3790512084960938,0.9009195193008012,0.1047515869140625,0.5963168144226074,0.1047515869140625,1,1.0,99.80482283964572,2.1327788796837965
wood,1,0,scratch/006.png,0.025536566972732544,-0.4194406270980835,0.25471759154415335,-0.36992502212524414,0.35895753127729685,0.41269493103027344,0.38616806268692017,0.41269493103027344,5,0.5358134870199796,249.9510524028978,1.9014869888475836
wood,1,0,scratch/007.png,0.2994980812072754,1.4412033557891846,0.9158116905697119,7.960099220275879,0.9181218647096709,0.31539058685302734,0.6183937191963196,0.31539058685302734,2,0.9075446537913767,47.92593134076477,1.7329967153895633
wood,1,0,scratch/008.png,0.2219952940940857,1.2386367321014404,0.98559499782342,2.328488349914551,0.9972693814555385,0.02409839630126953,0.5045070052146912,0.02409839630126953,3,0.5127626736317227,156.73055547398403,3.398489469885569
wood,1,0,scratch/009.png,0.2405625283718109,2.0186469554901123,0.984577325963434,1.7795133590698242,0.7885276951026245,0.024672508239746094,0.5354999303817749,0.024672508239746094,4,0.6077461250048317,162.5456775364371,6.702293532449393
wood,1,0,scratch/010.png,0.1896977424621582,0.8609232902526855,0.7877025342750311,1.504380226135254,0.8151918016895167,0.027545928955078125,0.5123888254165649,0.027545928955078125,3,0.36947791164658633,401.52458167254923,25.07225708230453
wood,1,0,scratch/011.png,0.24433961510658264,1.4638557434082031,0.8451329158836235,2.16879940032959,0.7289670069167726,0.1222982406616211,0.5809962749481201,0.1222982406616211,2,0.7409056527265496,48.30942366592913,1.1831831831831832
wood,1,0,scratch/012.png,0.35330402851104736,1.7855160236358643,0.9654356125395109,6.1891374588012695,0.9678849495764973,0.06969547271728516,0.630386471748352,0.06969547271728516,2,0.5464347778492358,72.60409948834905,1.0309448351614752
wood,1,0,scratch/013.png,0.22886154055595398,2.570910930633545,1.0,3.798501968383789,0.9878048780487805,0.011495590209960938,0.489082932472229,0.011495590209960938,3,0.4181184668989547,98.31306220190459,5.048715804180099
wood,1,0,scratch/014.png,0.30762624740600586,2.5473508834838867,1.0,5.021416187286377,0.9995121768171413,0.025414466857910156,0.515011191368103,0.025414466857910156,2,0.6497804795677136,83.53480710024513,1.7003238562711323
wood,1,0,scratch/015.png,0.2781406044960022,1.3341903686523438,0.9757821649657018,3.04398775100708,0.9649489710557135,0.022800445556640625,0.5181857347488403,0.022800445556640625,6,0.33302660197423456,300.6767245756349,8.163999449161276
wood,1,0,scratch/016.png,0.12233105301856995,0.3503364324569702,0.8037609154333061,0.5138764381408691,0.7562643421478185,0.06192302703857422,0.35163503885269165,0.06192302703857422,5,0.3393756449153717,530.4349000207015,10.718004909959939
wood,1,0,scratch/017.png,0.3509460985660553,2.3129117488861084,0.9858424880086647,6.642430782318115,0.9910567847748724,0.06163597106933594,0.5230528116226196,0.06163597106933594,3,0.48254680488937024,69.09488283870442,1.0358118350713863
wood,1,0,scratch/018.png,0.300195574760437,2.405595302581787,1.0,5.739157199859619,1.0,0.044722557067871094,0.5254501700401306,0.044722557067871094,1,1.0,18.407754103003235,1.1116071428571428
wood,1,0,scratch/019.png,0.3264025151729584,2.48636794090271,1.0,3.7873306274414062,1.0,0.014759063720703125,0.4918109178543091,0.014759063720703125,1,1.0,267.92111546725374,13.695450973976884
wood,1,0,scratch/020.png,0.2809813618659973,1.8476686477661133,0.999050219636709,3.93386173248291,1.0,0.02409839630126953,0.47966432571411133,0.02409839630126953,7,0.4707348925560964,198.72571317577143,1.0168509002073698
wood,1,1,color/000.png,0.378828763961792,2.509286880493164,1.0,11.449525833129883,1.0,0.02118968963623047,0.5997671484947205,0.02118968963623047,3,0.5894504703181961,59.57359338843148,2.139784946236559
wood,1,1,color/001.png,0.3070996403694153,2.2464370727539062,0.975184171284859,9.060796737670898,0.9706216198170529,0.04284954071044922,0.6735575199127197,0.04284954071044922,2,0.7540673477109345,40.73760506337645,1.9800571299713934
wood,1,1,color/002.png,0.24516063928604126,1.7867157459259033,0.9919800884955752,3.089704751968384,0.9994971842316975,0.037933349609375,0.458671510219574,0.037933349609375,1,1.0,29.858592529362973,1.6181390176289399
wood,1,1,color/003.png,0.41050878167152405,2.3334224224090576,1.0,8.10522747039795,1.0,0.009740829467773438,0.6893388032913208,0.009740829467773438,5,0.2605247699236342,168.6296752261586,2.9530517962013465
wood,1,1,color/004.png,0.3773646652698517,2.28620982170105,0.9999125848655264,7.875776767730713,0.9977854832600017,0.032729148864746094,0.5946389436721802,0.032729148864746094,2,0.848247326553804,31.73581549166642,1.6615924892925
wood,1,1,color/005.png,0.26686862111091614,2.0486087799072266,1.0,3.688568592071533,0.995435353189547,0.016714096069335938,0.490334153175354,0.016714096069335938,3,0.34674198333903916,94.96323137276016,5.304822930384258
wood,1,1,color/006.png,0.29517000913619995,1.2722148895263672,0.9089557311581273,5.74685001373291,0.9712946441215623,0.06734275817871094,0.6256743669509888,0.06734275817871094,2,0.850312969099612,28.893921830584834,1.358482072870756
wood,1,1,color/007.png,0.2879121005535126,1.9633818864822388,0.9999641435691491,7.7281622886657715,0.9961992183298074,0.026597023010253906,0.5860803723335266,0.026597023010253906,2,0.5781132346086271,45.11851457338073,2.2542202258678503
wood,1,1,combined/000.png,0.1564793884754181,1.023852825164795,0.8517312641347579,2.3936023712158203,0.8471756479243027,0.14674758911132812,0.6020380258560181,0.14674758911132812,4,0.7992474459954769,54.34759464689208,1.3224073955353162
wood,1,1,combined/001.png,0.20410704612731934,1.9922947883605957,1.0,2.986020565032959,0.9996375498368975,0.023680686950683594,0.5351612567901611,0.023680686950683594,3,0.5343320848938826,53.190763885526195,1.9659090909090908
wood,1,1,combined/002.png,0.11979407072067261,0.3535316586494446,0.8998385258358662,-0.07637500762939453,0.4668977963525836,0.02008056640625,0.34952473640441895,0.02008056640625,4,0.821761018237082,163.34474713942964,20.852942265441506
wood,1,1,combined/003.png,0.3500937819480896,2.163231372833252,0.995418554852846,6.800131797790527,1.0,0.03830146789550781,0.7074396014213562,0.03830146789550781,3,0.8707484687017579,63.120120111548275,1.3019353033091712
wood,1,1,combined/004.png,0.13075783848762512,1.9983100891113281,1.0,4.079587936401367,0.9984156248199574,0.06621170043945312,0.48692071437835693,0.06621170043945312,1,1.0,17.480800615599524,1.7517873093154943
wood,1,1,combined/005.png,0.3706364035606384,2.2926688194274902,1.0,12.894550323486328,1.0,0.0094757080078125,0.6005026698112488,0.0094757080078125,13,0.2337962962962963,177.7123848399954,1.4803311177282084
wood,1,1,combined/006.png,0.10342156887054443,1.0778038501739502,0.9242434188931924,1.4271984100341797,0.8603579947044793,0.08716392517089844,0.5015475749969482,0.08716392517089844,2,0.5904177334296156,30.877309381519826,1.424038683038674
wood,1,1,combined/007.png,0.2957227826118469,1.3699826002120972,0.9306522052118827,6.040724277496338,0.9652221209067204,0.059615135192871094,0.6117580533027649,0.059615135192871094,3,0.4038969141431108,60.67960210519103,1.1968417878432285
wood,1,1,combined/008.png,0.3703591823577881,1.5523736476898193,0.9961706668898701,5.649387359619141,0.998158572056331,0.04557514190673828,0.6518439650535583,0.04557514190673828,4,0.6195777270920086,108.07893393638071,4.832775554855365
wood,1,1,combined/009.png,0.15519967675209045,2.1849029064178467,1.0,5.208932399749756,1.0,0.019811630249023438,0.4159313440322876,0.019811630249023438,3,0.8503417733705594,33.493220208131945,1.588235294117647
wood,1,1,combined/010.png,0.26238250732421875,1.0687819719314575,0.8536675221967064,4.321892261505127,0.8974469182498066,0.07765865325927734,0.5710377097129822,0.07765865325927734,4,0.3470300008596235,61.42276972159487,1.5245503641035438
wood,1,1,hole/000.png,0.17370134592056274,1.9579674005508423,0.9971481424387236,5.826357841491699,0.9957992908894713,0.024745941162109375,0.5655940771102905,0.024745941162109375,3,0.6940419300138739,58.64543434046509,1.0202487286507163
wood,1,1,hole/001.png,0.27002301812171936,2.9974846839904785,1.0,8.158258438110352,1.0,0.011246681213378906,0.5699136257171631,0.011246681213378906,3,0.5810226405494785,56.58202725156073,1.2884323745683008
wood,1,1,hole/002.png,0.1664176881313324,2.5099852085113525,1.0,9.133536338806152,1.0,0.009450912475585938,0.4398089647293091,0.009450912475585938,4,0.30010090817356205,59.03613019026478,1.105263157894737
wood,1,1,hole/003.png,0.18282923102378845,2.2812283039093018,1.0,6.27012825012207,0.9989965264376689,0.012354850769042969,0.42810535430908203,0.012354850769042969,3,0.4800463141644153,44.43075192197261,1.0344827586206897
wood,1,1,hole/004.png,0.2235134243965149,1.265918254852295,1.0,2.6010398864746094,0.980903200662542,0.019576072692871094,0.4982999563217163,0.019576072692871094,3,0.817167632873776,306.68142804056697,35.297668437145745
wood,1,1,hole/005.png,0.2546868622303009,1.4862231016159058,1.0,3.5188841819763184,0.9998630512188441,0.013927459716796875,0.5170007944107056,0.013927459716796875,1,1.0,328.8459136013814,39.0501209092363
wood,1,1,hole/006.png,0.08689373731613159,0.9847185015678406,1.0,5.444629669189453,1.0,0.0026273727416992188,0.3165489435195923,0.0026273727416992188,3,0.40798548094373865,44.14379076351209,1.0086705593104657
wood,1,1,hole/007.png,0.19918596744537354,2.546358108520508,1.0,5.230766296386719,1.0,0.008355140686035156,0.46024471521377563,0.008355140686035156,3,0.6487843853441388,42.71357206744152,1.5841534777907207
wood,1,1,hole/008.png,0.17549055814743042,3.228692054748535,1.0,10.189809799194336,1.0,0.00347900390625,0.4230920076370239,0.00347900390625,2,0.5435855263157895,31.236049682014944,1.4118486347598982
wood,1,1,hole/009.png,0.1432257890701294,2.527276039123535,1.0,7.081953048706055,1.0,0.008646965026855469,0.4766363501548767,0.008646965026855469,3,0.6186169626116687,42.15177523491421,1.112340518956965
wood,1,1,liquid/000.png,0.3130374550819397,2.476353645324707,1.0,4.987091541290283,1.0,0.03489494323730469,0.6167147159576416,0.03489494323730469,2,0.5859797758950533,37.50795614477594,1.025414511629247
wood,1,1,liquid/001.png,0.25512492656707764,1.8034873008728027,0.9840036605750465,4.530168533325195,0.9857965952916787,0.1021261215209961,0.5371001958847046,0.1021261215209961,1,1.0,45.43966985736839,4.002678975365845
wood,1,1,liquid/002.png,0.377498060464859,2.2635252475738525,1.0,4.506126403808594,0.993643840651851,0.06226634979248047,0.7122254371643066,0.06226634979248047,3,0.3909880381675882,50.624779502792805,1.4917831889302833
wood,1,1,liquid/003.png,0.32756808400154114,3.060244083404541,1.0,5.947105884552002,1.0,0.030364036560058594,0.6003204584121704,0.030364036560058594,3,0.4023367568076887,45.18555763900657,1.3028001222119883
wood,1,1,liquid/004.png,0.3617016673088074,3.632443428039551,1.0,7.79140567779541,1.0,0.01969623565673828,0.5591068267822266,0.01969623565673828,3,0.558562920641069,43.64252046965415,1.2269442101167043
wood,1,1,liquid/005.png,0.3208404779434204,1.8730319738388062,0.9848360760627544,4.920744895935059,0.9631203132597957,0.07452583312988281,0.7444275617599487,0.07452583312988281,3,0.5477183733012566,37.0353551673386,1.4644936810859612
wood,1,1,liquid/006.png,0.27079200744628906,2.0131030082702637,0.9999489700454166,4.85608434677124,0.9781931994080525,0.05606555938720703,0.6666553020477295,0.05606555938720703,1,1.0,17.496677270472233,1.7481813092131884
wood,1,1,liquid/007.png,0.331051766872406,2.790299892425537,1.0,4.6963701248168945,0.9987537148883137,0.039791107177734375,0.7209850549697876,0.039791107177734375,1,1.0,18.117110591515562,1.8122106319149698
wood,1,1,liquid/008.png,0.30770188570022583,2.503150463104248,1.0,6.929544925689697,1.0,0.06768417358398438,0.6655452251434326,0.06768417358398438,1,1.0,35.687178718727495,3.9571027746335763
wood,1,1,liquid/009.png,0.32805362343788147,2.9111504554748535,1.0,6.209043025970459,1.0,0.03663349151611328,0.6145761013031006,0.03663349151611328,3,0.7862182073777106,41.67936240578715,1.2883027225212653
wood,1,1,scratch/000.png,0.21240496635437012,1.6979862451553345,0.9048360444346805,5.946827411651611,0.9444184424937675,0.09984302520751953,0.5678493976593018,0.09984302520751953,2,0.9217521706322295,59.83954394732171,2.019967579519262
wood,1,1,scratch/001.png,0.15691637992858887,0.5824662446975708,0.9573084841261241,1.4199562072753906,1.0,0.008801460266113281,0.4239391088485718,0.008801460266113281,1,1.0,488.0128872770565,48.830800232609036
wood,1,1,scratch/002.png,0.3181402087211609,1.808050513267517,1.0,4.841467380523682,1.0,0.05136585235595703,0.5235355496406555,0.05136585235595703,1,1.0,113.3756237523975,5.793667966695185
wood,1,1,scratch/003.png,0.24339589476585388,2.3101117610931396,0.9946393431498948,4.39513635635376,0.9917215172694578,0.014054298400878906,0.4356803894042969,0.014054298400878906,2,0.5237158173305286,89.6034470786021,4.627049681212138
wood,1,1,scratch/004.png,0.276864618062973,1.5336655378341675,0.9998654406817672,3.5108723640441895,0.9945727741646109,0.021262168884277344,0.531975507736206,0.021262168884277344,2,0.5703969499887868,200.1956983512445,12.556480387605825
wood,1,1,scratch/005.png,0.22958916425704956,0.9690879583358765,0.8849508375819374,3.122270107269287,0.920948652585579,0.1047515869140625,0.6237448453903198,0.1047515869140625,1,1.0,99.80482283964572,2.1327788796837965
wood,1,1,scratch/006.png,0.046883076429367065,-0.25218212604522705,0.2897315259438649,0.17007064819335938,0.580038452472836,0.41269493103027344,0.3401047885417938,0.41269493103027344,5,0.5358134870199796,249.9510524028978,1.9014869888475836
wood,1,1,scratch/007.png,0.2776617705821991,1.6762412786483765,0.9470806837389745,8.305710792541504,0.9149559585257219,0.31539058685302734,0.6234492659568787,0.31539058685302734,2,0.9075446537913767,47.92593134076477,1.7329967153895633
wood,1,1,scratch/008.png,0.22145438194274902,1.2519171237945557,0.9854367010962048,2.4040212631225586,0.9984961810914559,0.02409839630126953,0.553712010383606,0.02409839630126953,3,0.5127626736317227,156.73055547398403,3.398489469885569
wood,1,1,scratch/009.png,0.2464979887008667,1.9397672414779663,0.9997680800896757,3.4409680366516113,0.9875536314792625,0.024672508239746094,0.526644766330719,0.024672508239746094,4,0.6077461250048317,162.5456775364371,6.702293532449393
wood,1,1,scratch/010.png,0.1960611343383789,0.6240252256393433,0.8370724276416008,0.9773154258728027,0.7602825093477358,0.027545928955078125,0.5240248441696167,0.027545928955078125,3,0.36947791164658633,401.52458167254923,25.07225708230453
wood,1,1,scratch/011.png,0.2244408130645752,1.3312017917633057,0.8866101575963631,4.242765426635742,0.8261137407496939,0.1222982406616211,0.6135352849960327,0.1222982406616211,2,0.7409056527265496,48.30942366592913,1.1831831831831832
wood,1,1,scratch/012.png,0.3409624695777893,1.8467357158660889,0.9770802260505467,7.4110002517700195,0.9781612183741328,0.06969547271728516,0.6918333768844604,0.06969547271728516,2,0.5464347778492358,72.60409948834905,1.0309448351614752
wood,1,1,scratch/013.png,0.15381529927253723,2.0815391540527344,0.9957690393230463,3.7853426933288574,0.9966815994690559,0.011495590209960938,0.46521151065826416,0.011495590209960938,3,0.4181184668989547,98.31306220190459,5.048715804180099
wood,1,1,scratch/014.png,0.34126532077789307,2.676767349243164,1.0,6.230595111846924,1.0,0.025414466857910156,0.5543529987335205,0.025414466857910156,2,0.6497804795677136,83.53480710024513,1.7003238562711323
wood,1,1,scratch/015.png,0.24666714668273926,1.3443562984466553,0.9761586079973231,2.0662317276000977,0.9093608833863142,0.022800445556640625,0.5439131259918213,0.022800445556640625,6,0.33302660197423456,300.6767245756349,8.163999449161276
wood,1,1,scratch/016.png,0.15104994177818298,0.35229384899139404,0.7597757619626989,0.509089469909668,0.7469313579030047,0.06192302703857422,0.3985100984573364,0.06192302703857422,5,0.3393756449153717,530.4349000207015,10.718004909959939
wood,1,1,scratch/017.png,0.34107160568237305,2.043229103088379,0.9893238434163701,7.814727783203125,0.9914590747330961,0.06163597106933594,0.5837069749832153,0.06163597106933594,3,0.48254680488937024,69.09488283870442,1.0358118350713863
wood,1,1,scratch/018.png,0.2787633538246155,1.9432560205459595,1.0,8.802865982055664,1.0,0.044722557067871094,0.5248264670372009,0.044722557067871094,1,1.0,18.407754103003235,1.1116071428571428
wood,1,1,scratch/019.png,0.26812535524368286,2.1018710136413574,1.0,3.9101247787475586,1.0,0.014759063720703125,0.4614400267601013,0.014759063720703125,1,1.0,267.92111546725374,13.695450973976884
wood,1,1,scratch/020.png,0.307357519865036,1.6841422319412231,0.9977046974553802,3.5056867599487305,1.0,0.02409839630126953,0.5325605273246765,0.02409839630126953,7,0.4707348925560964,198.72571317577143,1.0168509002073698
wood,1,2,color/000.png,0.3160077631473541,2.313086986541748,1.0,7.813411235809326,1.0,0.02118968963623047,0.4888327121734619,0.02118968963623047,3,0.5894504703181961,59.57359338843148,2.139784946236559
wood,1,2,color/001.png,0.37285178899765015,2.325484275817871,0.9641672787162539,7.034541130065918,0.9523936702944515,0.04284954071044922,0.581353485584259,0.04284954071044922,2,0.7540673477109345,40.73760506337645,1.9800571299713934
wood,1,2,color/002.png,0.22289255261421204,1.642340898513794,0.9990697908286403,2.201632022857666,0.9526598954143202,0.037933349609375,0.4410143494606018,0.037933349609375,1,1.0,29.858592529362973,1.6181390176289399
wood,1,2,color/003.png,0.4202297627925873,2.4135379791259766,1.0,5.984804153442383,1.0,0.009740829467773438,0.723737359046936,0.009740829467773438,5,0.2605247699236342,168.6296752261586,2.9530517962013465
wood,1,2,color/004.png,0.31549084186553955,2.036776304244995,0.9945802616626359,7.009235382080078,0.986829453072642,0.032729148864746094,0.551931619644165,0.032729148864746094,2,0.848247326553804,31.73581549166642,1.6615924892925
wood,1,2,color/005.png,0.24201896786689758,2.062070846557617,1.0,2.463529586791992,1.0,0.016714096069335938,0.4596670866012573,0.016714096069335938,3,0.34674198333903916,94.96323137276016,5.304822930384258
wood,1,2,color/006.png,0.27490952610969543,1.4033751487731934,0.9277905231257257,3.5304412841796875,0.8438553261392925,0.06734275817871094,0.5567634701728821,0.06734275817871094,2,0.850312969099612,28.893921830584834,1.358482072870756
wood,1,2,color/007.png,0.2585721015930176,1.5831339359283447,0.9887052242819749,3.8479738235473633,0.9770518842554412,0.026597023010253906,0.4385474920272827,0.026597023010253906,2,0.5781132346086271,45.11851457338073,2.2542202258678503
wood,1,2,combined/000.png,0.21070167422294617,1.280810832977295,0.9125269697678651,0.6839685440063477,0.6193883386622995,0.14674758911132812,0.5394710302352905,0.14674758911132812,4,0.7992474459954769,54.34759464689208,1.3224073955353162
wood,1,2,combined/001.png,0.21227288246154785,1.736555814743042,0.9944021585920825,2.746692180633545,1.0,0.023680686950683594,0.5677896738052368,0.023680686950683594,3,0.5343320848938826,53.190763885526195,1.9659090909090908
wood,1,2,combined/002.png,0.1282501220703125,0.044725894927978516,0.5423632218844985,-0.4120903015136719,0.24947758358662614,0.02008056640625,0.5029625296592712,0.02008056640625,4,0.821761018237082,163.34474713942964,20.852942265441506
wood,1,2,combined/003.png,0.30484044551849365,1.9429339170455933,0.9975847816343808,5.60770320892334,1.0,0.03830146789550781,0.6552751064300537,0.03830146789550781,3,0.8707484687017579,63.120120111548275,1.3019353033091712
wood,1,2,combined/004.png,0.16212546825408936,2.2687935829162598,0.9973929826582935,3.7167415618896484,0.99550613585297,0.06621170043945312,0.4843706488609314,0.06621170043945312,1,1.0,17.480800615599524,1.7517873093154943
wood,1,2,combined/005.png,0.3821711242198944,2.560494899749756,1.0,11.115982055664062,1.0,0.0094757080078125,0.5867884159088135,0.0094757080078125,13,0.2337962962962963,177.7123848399954,1.4803311177282084
wood,1,2,combined/006.png,0.1355728805065155,1.3308584690093994,0.9334886977833213,0.29433250427246094,0.5987877196437559,0.08716392517089844,0.4783732295036316,0.08716392517089844,2,0.5904177334296156,30.877309381519826,1.424038683038674
wood,1,2,combined/007.png,0.2778119444847107,1.1433695554733276,0.895266433107773,4.644688606262207,0.9165746828558173,0.059615135192871094,0.5620021820068359,0.059615135192871094,3,0.4038969141431108,60.67960210519103,1.1968417878432285
wood,1,2,combined/008.png,0.3265936076641083,1.3882328271865845,0.9945175668040762,4.850807189941406,0.9948942225198267,0.04557514190673828,0.5911633968353271,0.04557514190673828,4,0.6195777270920086,108.07893393638071,4.832775554855365
wood,1,2,combined/009.png,0.2014056146144867,2.3955864906311035,1.0,3.5026283264160156,1.0,0.019811630249023438,0.476712703704834,0.019811630249023438,3,0.8503417733705594,33.493220208131945,1.588235294117647
wood,1,2,combined/010.png,0.2085411548614502,0.725344181060791,0.7996340460021368,3.3758668899536133,0.8583831710282325,0.07765865325927734,0.513922929763794,0.07765865325927734,4,0.3470300008596235,61.42276972159487,1.5245503641035438
wood,1,2,hole/000.png,0.22768646478652954,2.1857008934020996,0.9899414213041468,3.475400924682617,0.935794666255588,0.024745941162109375,0.5712934136390686,0.024745941162109375,3,0.6940419300138739,58.64543434046509,1.0202487286507163
wood,1,2,hole/001.png,0.30107539892196655,2.936683177947998,1.0,7.093905448913574,1.0,0.011246681213378906,0.584946870803833,0.011246681213378906,3,0.5810226405494785,56.58202725156073,1.2884323745683008
wood,1,2,hole/002.png,0.34430810809135437,3.383822202682495,1.0,6.298632621765137,1.0,0.009450912475585938,0.5883805751800537,0.009450912475585938,4,0.30010090817356205,59.03613019026478,1.105263157894737
wood,1,2,hole/003.png,0.24377521872520447,2.4444923400878906,0.9908915476649942,3.9674320220947266,0.9853338479351602,0.012354850769042969,0.49457550048828125,0.012354850769042969,3,0.4800463141644153,44.43075192197261,1.0344827586206897
wood,1,2,hole/004.png,0.23762470483779907,1.2722889184951782,0.9809519169873825,2.832040786743164,0.9691138500511521,0.019576072692871094,0.4692656397819519,0.019576072692871094,3,0.817167632873776,306.68142804056697,35.297668437145745
wood,1,2,hole/005.png,0.27647432684898376,1.8279292583465576,1.0,3.396450996398926,0.9806902218570255,0.013927459716796875,0.47726839780807495,0.013927459716796875,1,1.0,328.8459136013814,39.0501209092363
wood,1,2,hole/006.png,0.30806484818458557,2.483090877532959,1.0,2.304659843444824,0.9960072595281306,0.0026273727416992188,0.4574406147003174,0.0026273727416992188,3,0.40798548094373865,44.14379076351209,1.0086705593104657
wood,1,2,hole/007.png,0.22849109768867493,2.513726234436035,1.0,4.839995384216309,1.0,0.008355140686035156,0.5405149459838867,0.008355140686035156,3,0.6487843853441388,42.71357206744152,1.5841534777907207
wood,1,2,hole/008.png,0.28274983167648315,3.4214706420898438,1.0,7.517034530639648,1.0,0.00347900390625,0.4892134666442871,0.00347900390625,2,0.5435855263157895,31.236049682014944,1.4118486347598982
wood,1,2,hole/009.png,0.3023536503314972,3.572577714920044,1.0,3.165154457092285,1.0,0.008646965026855469,0.5640653371810913,0.008646965026855469,3,0.6186169626116687,42.15177523491421,1.112340518956965
wood,1,2,liquid/000.png,0.3361400067806244,2.57474946975708,1.0,3.72397518157959,0.9905438644438371,0.03489494323730469,0.5948412418365479,0.03489494323730469,2,0.5859797758950533,37.50795614477594,1.025414511629247
wood,1,2,liquid/001.png,0.26564162969589233,2.00112247467041,0.9868704884813283,3.2746782302856445,0.9676711458907243,0.1021261215209961,0.5700699090957642,0.1021261215209961,1,1.0,45.43966985736839,4.002678975365845
wood,1,2,liquid/002.png,0.3847368061542511,2.111288547515869,1.0,4.972632884979248,1.0,0.06226634979248047,0.6931971311569214,0.06226634979248047,3,0.3909880381675882,50.624779502792805,1.4917831889302833
wood,1,2,liquid/003.png,0.36227521300315857,3.0978593826293945,1.0,5.248625755310059,1.0,0.030364036560058594,0.6157761812210083,0.030364036560058594,3,0.4023367568076887,45.18555763900657,1.3028001222119883
wood,1,2,liquid/004.png,0.37586259841918945,3.4867100715637207,1.0,6.430185794830322,1.0,0.01969623565673828,0.6338106393814087,0.01969623565673828,3,0.558562920641069,43.64252046965415,1.2269442101167043
wood,1,2,liquid/005.png,0.41553664207458496,2.5374231338500977,0.9950989174109999,4.5690460205078125,0.9551864458833466,0.07452583312988281,0.704393744468689,0.07452583312988281,3,0.5477183733012566,37.0353551673386,1.4644936810859612
wood,1,2,liquid/006.png,0.33197230100631714,2.3247931003570557,0.9956964738301383,2.4745635986328125,0.9008487982445695,0.05606555938720703,0.5937922596931458,0.05606555938720703,1,1.0,17.496677270472233,1.7481813092131884
wood,1,2,liquid/007.png,0.38504263758659363,3.3041257858276367,1.0,4.818978309631348,1.0,0.039791107177734375,0.6434026956558228,0.039791107177734375,1,1.0,18.117110591515562,1.8122106319149698
wood,1,2,liquid/008.png,0.34944939613342285,2.8770923614501953,1.0,4.614521026611328,0.9952798286648256,0.06768417358398438,0.6607928276062012,0.06768417358398438,1,1.0,35.687178718727495,3.9571027746335763
wood,1,2,liquid/009.png,0.34615325927734375,3.088451862335205,1.0,5.593552589416504,1.0,0.03663349151611328,0.6280021667480469,0.03663349151611328,3,0.7862182073777106,41.67936240578715,1.2883027225212653
wood,1,2,scratch/000.png,0.19457033276557922,1.6455578804016113,0.8793424584260647,3.9111886024475098,0.8356623652011118,0.09984302520751953,0.49127453565597534,0.09984302520751953,2,0.9217521706322295,59.83954394732171,2.019967579519262
wood,1,2,scratch/001.png,0.24742692708969116,1.0630958080291748,1.0,2.111453056335449,1.0,0.008801460266113281,0.4192793369293213,0.008801460266113281,1,1.0,488.0128872770565,48.830800232609036
wood,1,2,scratch/002.png,0.2892994284629822,1.6073004007339478,1.0,4.74050235748291,1.0,0.05136585235595703,0.4943907856941223,0.05136585235595703,1,1.0,113.3756237523975,5.793667966695185
wood,1,2,scratch/003.png,0.2600504755973816,2.496366024017334,0.987175137409242,4.106172561645508,0.9878537015674832,0.014054298400878906,0.45872753858566284,0.014054298400878906,2,0.5237158173305286,89.6034470786021,4.627049681212138
wood,1,2,scratch/004.png,0.31625983119010925,1.6843067407608032,1.0,3.660402297973633,0.9896389324960754,0.021262168884277344,0.4964839220046997,0.021262168884277344,2,0.5703969499887868,200.1956983512445,12.556480387605825
wood,1,2,scratch/005.png,0.22806411981582642,1.142385721206665,0.9474144209759651,1.7427606582641602,0.8617898761835397,0.1047515869140625,0.599605143070221,0.1047515869140625,1,1.0,99.80482283964572,2.1327788796837965
wood,1,2,scratch/006.png,0.03556323051452637,-0.287858784198761,0.3022932832958206,-0.7128939628601074,0.18530671855285596,0.41269493103027344,0.2955711781978607,0.41269493103027344,5,0.5358134870199796,249.9510524028978,1.9014869888475836
wood,1,2,scratch/007.png,0.29137495160102844,1.5603829622268677,0.9459588583385493,5.191155433654785,0.9059934504748859,0.31539058685302734,0.6026971340179443,0.31539058685302734,2,0.9075446537913767,47.92593134076477,1.7329967153895633
wood,1,2,scratch/008.png,0.2544551491737366,1.7137891054153442,0.9948157821837034,0.12970352172851562,0.55344493252602,0.02409839630126953,0.49148690700531006,0.02409839630126953,3,0.5127626736317227,156.73055547398403,3.398489469885569
wood,1,2,scratch/009.png,0.2394672930240631,1.876296043395996,1.0,2.94134521484375,0.8470874724595107,0.024672508239746094,0.49840080738067627,0.024672508239746094,4,0.6077461250048317,162.5456775364371,6.702293532449393
wood,1,2,scratch/010.png,0.1463891863822937,0.6304943561553955,0.8190347597285694,0.7923402786254883,0.6980335133638,0.027545928955078125,0.5067464113235474,0.027545928955078125,3,0.36947791164658633,401.52458167254923,25.07225708230453
wood,1,2,scratch/011.png,0.24971896409988403,1.4827189445495605,0.8611576821403785,4.015987396240234,0.808248660703842,0.1222982406616211,0.5486673712730408,0.1222982406616211,2,0.7409056527265496,48.30942366592913,1.1831831831831832
wood,1,2,scratch/012.png,0.3328666687011719,1.96051025390625,0.9675839137395492,7.752615928649902,0.9877396313679342,0.06969547271728516,0.6153419017791748,0.06969547271728516,2,0.5464347778492358,72.60409948834905,1.0309448351614752
wood,1,2,scratch/013.png,0.22807392477989197,2.5443451404571533,0.9995022399203584,4.153092861175537,0.9839057574249211,0.011495590209960938,0.47904902696609497,0.011495590209960938,3,0.4181184668989547,98.31306220190459,5.048715804180099
wood,1,2,scratch/014.png,0.27999186515808105,2.202540874481201,0.9987241547525235,4.734805107116699,0.9994746519569214,0.025414466857910156,0.5177655220031738,0.025414466857910156,2,0.6497804795677136,83.53480710024513,1.7003238562711323
wood,1,2,scratch/015.png,0.2518346905708313,1.1554601192474365,0.9604734816797724,1.6018171310424805,0.8845574703028275,0.022800445556640625,0.5220912098884583,0.022800445556640625,6,0.33302660197423456,300.6767245756349,8.163999449161276
wood,1,2,scratch/016.png,0.09500733017921448,0.28939783573150635,0.7728665814479987,0.10492515563964844,0.5448245060140765,0.06192302703857422,0.3437265157699585,0.06192302703857422,5,0.3393756449153717,530.4349000207015,10.718004909959939
wood,1,2,scratch/017.png,0.3300396203994751,2.050471782684326,0.9745010057248955,4.907111167907715,0.9601114033730466,0.06163597106933594,0.49804604053497314,0.06163597106933594,3,0.48254680488937024,69.09488283870442,1.0358118350713863
wood,1,2,scratch/018.png,0.27793991565704346,2.2463130950927734,1.0,4.3900227546691895,1.0,0.044722557067871094,0.4995342493057251,0.044722557067871094,1,1.0,18.407754103003235,1.1116071428571428
wood,1,2,scratch/019.png,0.28785061836242676,2.3756895065307617,1.0,5.011298656463623,1.0,0.014759063720703125,0.46016812324523926,0.014759063720703125,1,1.0,267.92111546725374,13.695450973976884
wood,1,2,scratch/020.png,0.2798641622066498,1.7772774696350098,0.9987336261822787,3.402337074279785,0.9853575527325973,0.02409839630126953,0.4924975037574768,0.02409839630126953,7,0.4707348925560964,198.72571317577143,1.0168509002073698
wood,4,0,color/000.png,0.3278585970401764,2.7495267391204834,1.0,4.999825477600098,1.0,0.02118968963623047,0.4968383312225342,0.02118968963623047,3,0.5894504703181961,59.57359338843148,2.139784946236559
wood,4,0,color/001.png,0.29180455207824707,2.4311728477478027,0.9860230130644766,6.560913562774658,0.9728249983307738,0.04284954071044922,0.5913684964179993,0.04284954071044922,2,0.7540673477109345,40.73760506337645,1.9800571299713934
wood,4,0,color/002.png,0.2272951304912567,2.0273709297180176,0.9970333869670153,1.8371549844741821,1.0,0.037933349609375,0.3937702775001526,0.037933349609375,1,1.0,29.858592529362973,1.6181390176289399
wood,4,0,color/003.png,0.40645933151245117,2.4274144172668457,1.0,6.0031232833862305,1.0,0.009740829467773438,0.6697230339050293,0.009740829467773438,5,0.2605247699236342,168.6296752261586,2.9530517962013465
wood,4,0,color/004.png,0.3280142545700073,2.5147836208343506,0.9999708616218421,3.3904623985290527,0.9949590605786882,0.032729148864746094,0.4987441301345825,0.032729148864746094,2,0.848247326553804,31.73581549166642,1.6615924892925
wood,4,0,color/005.png,0.20190903544425964,1.7646753787994385,1.0,2.195619821548462,0.9746662102019856,0.016714096069335938,0.4078299403190613,0.016714096069335938,3,0.34674198333903916,94.96323137276016,5.304822930384258
wood,4,0,color/006.png,0.3068431317806244,1.488839030265808,0.9139547398532869,3.2996442317962646,0.9583510352054834,0.06734275817871094,0.5589765310287476,0.06734275817871094,2,0.850312969099612,28.893921830584834,1.358482072870756
wood,4,0,color/007.png,0.2629658877849579,2.045170307159424,0.9995338663989386,3.6374998092651367,0.9984940299042633,0.026597023010253906,0.4626616835594177,0.026597023010253906,2,0.5781132346086271,45.11851457338073,2.2542202258678503
wood,4,0,combined/000.png,0.1533719003200531,1.3425124883651733,0.913943694923185,2.142721652984619,0.9219046504978035,0.14674758911132812,0.5178163051605225,0.14674758911132812,4,0.7992474459954769,54.34759464689208,1.3224073955353162
wood,4,0,combined/001.png,0.20220398902893066,1.7614686489105225,1.0,1.2237725257873535,0.9771253674841931,0.023680686950683594,0.4685940742492676,0.023680686950683594,3,0.5343320848938826,53.190763885526195,1.9659090909090908
wood,4,0,combined/002.png,0.13396087288856506,0.5202024579048157,0.8904825227963525,-0.09032893180847168,0.3839760638297872,0.02008056640625,0.34417110681533813,0.02008056640625,4,0.821761018237082,163.34474713942964,20.852942265441506
wood,4,0,combined/003.png,0.28925853967666626,1.8930355310440063,0.998605647129127,5.506928443908691,1.0,0.03830146789550781,0.6040973663330078,0.03830146789550781,3,0.8707484687017579,63.120120111548275,1.3019353033091712
wood,4,0,combined/004.png,0.11619323492050171,1.899795413017273,0.9952468744598721,2.7550442218780518,1.0,0.06621170043945312,0.3848848342895508,0.06621170043945312,1,1.0,17.480800615599524,1.7517873093154943
wood,4,0,combined/005.png,0.35068291425704956,2.3070125579833984,1.0,7.702400207519531,1.0,0.0094757080078125,0.5473246574401855,0.0094757080078125,13,0.2337962962962963,177.7123848399954,1.4803311177282084
wood,4,0,combined/006.png,0.09925249218940735,1.1338669061660767,0.9286745880653844,1.7241530418395996,0.9375478675682182,0.08716392517089844,0.4356820583343506,0.08716392517089844,2,0.5904177334296156,30.877309381519826,1.424038683038674
wood,4,0,combined/007.png,0.28182142972946167,1.3596100807189941,0.9355153492985234,3.025024175643921,0.9584233174961206,0.059615135192871094,0.5444191694259644,0.059615135192871094,3,0.4038969141431108,60.67960210519103,1.1968417878432285
wood,4,0,combined/008.png,0.34878024458885193,1.6568090915679932,0.9965473226056205,4.506869792938232,0.9999581493649166,0.04557514190673828,0.5607887506484985,0.04557514190673828,4,0.6195777270920086,108.07893393638071,4.832775554855365
wood,4,0,combined/009.png,0.14681395888328552,2.127678155899048,1.0,2.422593116760254,1.0,0.019811630249023438,0.3340635895729065,0.019811630249023438,3,0.8503417733705594,33.493220208131945,1.588235294117647
wood,4,0,combined/010.png,0.25050288438796997,1.1620197296142578,0.8549692377595756,1.900163173675537,0.8917488425783793,0.07765865325927734,0.49075329303741455,0.07765865325927734,4,0.3470300008596235,61.42276972159487,1.5245503641035438
wood,4,0,hole/000.png,0.16068941354751587,1.9702802896499634,0.9922151996300292,3.4510717391967773,0.9930245105595807,0.024745941162109375,0.5151761770248413,0.024745941162109375,3,0.6940419300138739,58.64543434046509,1.0202487286507163
wood,4,0,hole/001.png,0.2694266736507416,2.8629603385925293,1.0,4.986652374267578,1.0,0.011246681213378906,0.5359687805175781,0.011246681213378906,3,0.5810226405494785,56.58202725156073,1.2884323745683008
wood,4,0,hole/002.png,0.20968079566955566,2.667623281478882,1.0,5.443053722381592,1.0,0.009450912475585938,0.39209944009780884,0.009450912475585938,4,0.30010090817356205,59.03613019026478,1.105263157894737
wood,4,0,hole/003.png,0.17952728271484375,2.3747310638427734,1.0,3.5290260314941406,0.9999228097259746,0.012354850769042969,0.3528878092765808,0.012354850769042969,3,0.4800463141644153,44.43075192197261,1.0344827586206897
wood,4,0,hole/004.png,0.16122978925704956,1.1018966436386108,0.9924489696497296,1.1793785095214844,0.984021045452331,0.019576072692871094,0.3839511275291443,0.019576072692871094,3,0.817167632873776,306.68142804056697,35.297668437145745
wood,4,0,hole/005.png,0.1590481698513031,1.245889663696289,1.0,1.6254768371582031,1.0,0.013927459716796875,0.36674994230270386,0.013927459716796875,1,1.0,328.8459136013814,39.0501209092363
wood,4,0,hole/006.png,0.15684834122657776,1.8201992511749268,1.0,3.5288820266723633,1.0,0.0026273727416992188,0.29720836877822876,0.0026273727416992188,3,0.40798548094373865,44.14379076351209,1.0086705593104657
wood,4,0,hole/007.png,0.20466545224189758,2.9176828861236572,1.0,3.16513729095459,1.0,0.008355140686035156,0.4077545404434204,0.008355140686035156,3,0.6487843853441388,42.71357206744152,1.5841534777907207
wood,4,0,hole/008.png,0.21398252248764038,3.46867036819458,1.0,5.316991329193115,1.0,0.00347900390625,0.3513564467430115,0.00347900390625,2,0.5435855263157895,31.236049682014944,1.4118486347598982
wood,4,0,hole/009.png,0.15036147832870483,2.360140800476074,1.0,4.182309150695801,1.0,0.008646965026855469,0.4176398515701294,0.008646965026855469,3,0.6186169626116687,42.15177523491421,1.112340518956965
wood,4,0,liquid/000.png,0.315034955739975,2.7974445819854736,1.0,4.020801067352295,1.0,0.03489494323730469,0.5669991970062256,0.03489494323730469,2,0.5859797758950533,37.50795614477594,1.025414511629247
wood,4,0,liquid/001.png,0.2551784813404083,2.227043628692627,0.9937807577016818,3.788628578186035,0.9998132359670174,0.1021261215209961,0.5028398633003235,0.1021261215209961,1,1.0,45.43966985736839,4.002678975365845
wood,4,0,liquid/002.png,0.3626566231250763,2.339221954345703,1.0,3.045504093170166,0.9991576174357875,0.06226634979248047,0.6130892038345337,0.06226634979248047,3,0.3909880381675882,50.624779502792805,1.4917831889302833
wood,4,0,liquid/003.png,0.3660011887550354,3.619915008544922,1.0,3.3559703826904297,1.0,0.030364036560058594,0.5842303037643433,0.030364036560058594,3,0.4023367568076887,45.18555763900657,1.3028001222119883
wood,4,0,liquid/004.png,0.380195677280426,3.8853890895843506,1.0,4.978668212890625,1.0,0.01969623565673828,0.588111400604248,0.01969623565673828,3,0.558562920641069,43.64252046965415,1.2269442101167043
wood,4,0,liquid/005.png,0.3110058307647705,2.2621521949768066,0.995444424538684,5.002643585205078,0.9922708775881043,0.07452583312988281,0.6827787160873413,0.07452583312988281,3,0.5477183733012566,37.0353551673386,1.4644936810859612
wood,4,0,liquid/006.png,0.2619669735431671,2.3841423988342285,0.9988263110445832,3.582418203353882,0.9974144823011107,0.05606555938720703,0.5959166288375854,0.05606555938720703,1,1.0,17.496677270472233,1.7481813092131884
wood,4,0,liquid/007.png,0.3032723069190979,3.157104015350342,1.0,5.012327671051025,1.0,0.039791107177734375,0.6247380375862122,0.039791107177734375,1,1.0,18.117110591515562,1.8122106319149698
wood,4,0,liquid/008.png,0.30901843309402466,2.7873239517211914,1.0,5.767805099487305,1.0,0.06768417358398438,0.623082160949707,0.06768417358398438,1,1.0,35.687178718727495,3.9571027746335763
wood,4,0,liquid/009.png,0.3065902590751648,3.314911365509033,1.0,4.045141220092773,1.0,0.03663349151611328,0.559654712677002,0.03663349151611328,3,0.7862182073777106,41.67936240578715,1.2883027225212653
wood,4,0,scratch/000.png,0.19014552235603333,1.8884086608886719,0.9362326038990191,3.347421646118164,0.936719742485171,0.09984302520751953,0.47522294521331787,0.09984302520751953,2,0.9217521706322295,59.83954394732171,2.019967579519262
wood,4,0,scratch/001.png,0.17313438653945923,0.4738556146621704,0.9056235778524218,1.375279426574707,1.0,0.008801460266113281,0.36371225118637085,0.008801460266113281,1,1.0,488.0128872770565,48.830800232609036
wood,4,0,scratch/002.png,0.2646682560443878,1.7554616928100586,1.0,2.9651269912719727,1.0,0.05136585235595703,0.4427896738052368,0.05136585235595703,1,1.0,113.3756237523975,5.793667966695185
wood,4,0,scratch/003.png,0.21938550472259521,2.332583427429199,0.9950464816448396,2.835275888442993,0.9938929225758295,0.014054298400878906,0.3930043578147888,0.014054298400878906,2,0.5237158173305286,89.6034470786021,4.627049681212138
wood,4,0,scratch/004.png,0.2607640326023102,1.763364553451538,1.0,2.9197726249694824,1.0,0.021262168884277344,0.4969020485877991,0.021262168884277344,2,0.5703969499887868,200.1956983512445,12.556480387605825
wood,4,0,scratch/005.png,0.20888292789459229,1.0163742303848267,0.8838492352512746,1.2937111854553223,0.8691187181354698,0.1047515869140625,0.5671825408935547,0.1047515869140625,1,1.0,99.80482283964572,2.1327788796837965
wood,4,0,scratch/006.png,0.037423014640808105,-0.1760534942150116,0.35375581755410845,0.061197638511657715,0.5488859412767885,0.41269493103027344,0.27948278188705444,0.41269493103027344,5,0.5358134870199796,249.9510524028978,1.9014869888475836
wood,4,0,scratch/007.png,0.29046350717544556,1.8516737222671509,0.9470534696457027,4.716587066650391,0.8887820483745626,0.31539058685302734,0.6018327474594116,0.31539058685302734,2,0.9075446537913767,47.92593134076477,1.7329967153895633
wood,4,0,scratch/008.png,0.16431105136871338,1.112900972366333,0.9791839803712058,1.10406494140625,0.9992085163639242,0.02409839630126953,0.4406245946884155,0.02409839630126953,3,0.5127626736317227,156.73055547398403,3.398489469885569
wood,4,0,scratch/009.png,0.24269115924835205,2.1946258544921875,0.9986857871748289,2.3877720832824707,0.9921147230489737,0.024672508239746094,0.47904467582702637,0.024672508239746094,4,0.6077461250048317,162.5456775364371,6.702293532449393
wood,4,0,scratch/010.png,0.15901142358779907,0.5680891275405884,0.8058786871624429,0.46860527992248535,0.7224068688547293,0.027545928955078125,0.45461541414260864,0.027545928955078125,3,0.36947791164658633,401.52458167254923,25.07225708230453
wood,4,0,scratch/011.png,0.20900803804397583,1.5304092168807983,0.8846684705900701,3.099240303039551,0.8830309032353653,0.1222982406616211,0.5571027398109436,0.1222982406616211,2,0.7409056527265496,48.30942366592913,1.1831831831831832
wood,4,0,scratch/012.png,0.32020246982574463,2.3717634677886963,0.9820199504659214,4.339026927947998,0.986330236313132,0.06969547271728516,0.6160710453987122,0.06969547271728516,2,0.5464347778492358,72.60409948834905,1.0309448351614752
wood,4,0,scratch/013.png,0.209600031375885,2.5350422859191895,0.9986726397876223,3.4810831546783447,1.0,0.011495590209960938,0.423173725605011,0.011495590209960938,3,0.4181184668989547,98.31306220190459,5.048715804180099
wood,4,0,scratch/014.png,0.30581042170524597,2.7614030838012695,1.0,3.6222920417785645,1.0,0.025414466857910156,0.4700305461883545,0.025414466857910156,2,0.6497804795677136,83.53480710024513,1.7003238562711323
wood,4,0,scratch/015.png,0.24268245697021484,1.108290195465088,0.966412916178685,2.0068602561950684,0.9717249456248954,0.022800445556640625,0.44773489236831665,0.022800445556640625,6,0.33302660197423456,300.6767245756349,8.163999449161276
wood,4,0,scratch/016.png,0.13862285017967224,0.5382664203643799,0.8186690486824475,0.2193516492843628,0.7802282422879673,0.06192302703857422,0.35978198051452637,0.06192302703857422,5,0.3393756449153717,530.4349000207015,10.718004909959939
wood,4,0,scratch/017.png,0.32128840684890747,2.354403495788574,0.9916447470215071,4.113055229187012,0.9967352622621074,0.06163597106933594,0.5158792734146118,0.06163597106933594,3,0.48254680488937024,69.09488283870442,1.0358118350713863
wood,4,0,scratch/018.png,0.20760893821716309,2.3563222885131836,1.0,4.320997714996338,1.0,0.044722557067871094,0.41746455430984497,0.044722557067871094,1,1.0,18.407754103003235,1.1116071428571428
wood,4,0,scratch/019.png,0.26225829124450684,2.6119346618652344,1.0,2.624157667160034,1.0,0.014759063720703125,0.4577668309211731,0.014759063720703125,1,1.0,267.92111546725374,13.695450973976884
wood,4,0,scratch/020.png,0.2834998071193695,1.5939172506332397,0.9954093949107602,2.3322055339813232,0.9968340654556967,0.02409839630126953,0.4433184862136841,0.02409839630126953,7,0.4707348925560964,198.72571317577143,1.0168509002073698
wood,4,1,color/000.png,0.34870001673698425,3.02927827835083,1.0,6.955486297607422,1.0,0.02118968963623047,0.5192954540252686,0.02118968963623047,3,0.5894504703181961,59.57359338843148,2.139784946236559
wood,4,1,color/001.png,0.3228537142276764,2.218010663986206,0.9719124880372126,6.599897384643555,0.9718234626427188,0.04284954071044922,0.5845454931259155,0.04284954071044922,2,0.7540673477109345,40.73760506337645,1.9800571299713934
wood,4,1,color/002.png,0.248857319355011,1.914703130722046,0.9993966210780371,1.9200714826583862,1.0,0.037933349609375,0.4127650856971741,0.037933349609375,1,1.0,29.858592529362973,1.6181390176289399
wood,4,1,color/003.png,0.416868656873703,2.5402989387512207,1.0,5.963798522949219,1.0,0.009740829467773438,0.6919004321098328,0.009740829467773438,5,0.2605247699236342,168.6296752261586,2.9530517962013465
wood,4,1,color/004.png,0.3253791332244873,2.594881772994995,0.9876161892829045,5.639955520629883,0.9953378594947405,0.032729148864746094,0.52454674243927,0.032729148864746094,2,0.848247326553804,31.73581549166642,1.6615924892925
wood,4,1,color/005.png,0.1913873851299286,2.278362512588501,1.0,2.380378007888794,0.9884742668036061,0.016714096069335938,0.4191077947616577,0.016714096069335938,3,0.34674198333903916,94.96323137276016,5.304822930384258
wood,4,1,color/006.png,0.31024596095085144,1.4930378198623657,0.912312006117767,4.367818355560303,0.9777381255841617,0.06734275817871094,0.5693508982658386,0.06734275817871094,2,0.850312969099612,28.893921830584834,1.358482072870756
wood,4,1,color/007.png,0.2686591148376465,2.1423773765563965,1.0,4.906970977783203,0.9951235254042813,0.026597023010253906,0.4861544966697693,0.026597023010253906,2,0.5781132346086271,45.11851457338073,2.2542202258678503
wood,4,1,combined/000.png,0.16162511706352234,1.274520993232727,0.8858041539941252,1.4737024307250977,0.8679716135069796,0.14674758911132812,0.5696156620979309,0.14674758911132812,4,0.7992474459954769,54.34759464689208,1.3224073955353162
wood,4,1,combined/001.png,0.21646618843078613,1.9142168760299683,1.0,1.8548095226287842,0.9995972775965527,0.023680686950683594,0.4707455039024353,0.023680686950683594,3,0.5343320848938826,53.190763885526195,1.9659090909090908
wood,4,1,combined/002.png,0.10629898309707642,0.21554887294769287,0.7702317629179332,0.22389006614685059,0.6962386018237082,0.02008056640625,0.3850747346878052,0.02008056640625,4,0.821761018237082,163.34474713942964,20.852942265441506
wood,4,1,combined/003.png,0.2596600651741028,1.897080659866333,0.9989542353468452,4.473517417907715,0.999775907574324,0.03830146789550781,0.6277627944946289,0.03830146789550781,3,0.8707484687017579,63.120120111548275,1.3019353033091712
wood,4,1,combined/004.png,0.14234310388565063,2.2374086380004883,0.9966584087111828,2.5264365673065186,0.9987613066774212,0.06621170043945312,0.4136507511138916,0.06621170043945312,1,1.0,17.480800615599524,1.7517873093154943
wood,4,1,combined/005.png,0.39136481285095215,2.5144448280334473,1.0,8.856023788452148,1.0,0.0094757080078125,0.5758337378501892,0.0094757080078125,13,0.2337962962962963,177.7123848399954,1.4803311177282084
wood,4,1,combined/006.png,0.10597831010818481,1.30600905418396,0.9658198210026477,0.9194798469543457,0.7967898641108121,0.08716392517089844,0.4598405957221985,0.08716392517089844,2,0.5904177334296156,30.877309381519826,1.424038683038674
wood,4,1,combined/007.png,0.2860257029533386,1.364881157875061,0.9286205627809505,4.029001235961914,0.9707571467421734,0.059615135192871094,0.527255117893219,0.059615135192871094,3,0.4038969141431108,60.67960210519103,1.1968417878432285
wood,4,1,combined/008.png,0.32518360018730164,1.5192985534667969,0.9961497415723284,3.4436306953430176,0.9964008453828287,0.04557514190673828,0.5572019219398499,0.04557514190673828,4,0.6195777270920086,108.07893393638071,4.832775554855365
wood,4,1,combined/009.png,0.15842580795288086,1.7785890102386475,1.0,2.780095100402832,1.0,0.019811630249023438,0.3997126817703247,0.019811630249023438,3,0.8503417733705594,33.493220208131945,1.588235294117647
wood,4,1,combined/010.png,0.22420305013656616,0.9990028142929077,0.8562095516449509,2.9071531295776367,0.910378111530007,0.07765865325927734,0.46121054887771606,0.07765865325927734,4,0.3470300008596235,61.42276972159487,1.5245503641035438
wood,4,1,hole/000.png,0.2006129026412964,2.2122654914855957,0.9971866810544165,3.0638065338134766,0.9559118236472945,0.024745941162109375,0.48920196294784546,0.024745941162109375,3,0.6940419300138739,58.64543434046509,1.0202487286507163
wood,4,1,hole/001.png,0.30341196060180664,2.895998477935791,1.0,5.695581436157227,1.0,0.011246681213378906,0.5174386501312256,0.011246681213378906,3,0.5810226405494785,56.58202725156073,1.2884323745683008
wood,4,1,hole/002.png,0.26238515973091125,3.1400198936462402,1.0,5.650124549865723,1.0,0.009450912475585938,0.4598581790924072,0.009450912475585938,4,0.30010090817356205,59.03613019026478,1.105263157894737
wood,4,1,hole/003.png,0.20800486207008362,2.5405805110931396,1.0,3.5485048294067383,1.0,0.012354850769042969,0.3919389247894287,0.012354850769042969,3,0.4800463141644153,44.43075192197261,1.0344827586206897
wood,4,1,hole/004.png,0.17110049724578857,1.0292072296142578,1.0,1.2695837020874023,0.9871876065669606,0.019576072692871094,0.4517108201980591,0.019576072692871094,3,0.817167632873776,306.68142804056697,35.297668437145745
wood,4,1,hole/005.png,0.2147793471813202,1.3689711093902588,1.0,1.7393507957458496,1.0,0.013927459716796875,0.42809760570526123,0.013927459716796875,1,1.0,328.8459136013814,39.0501209092363
wood,4,1,hole/006.png,0.18621349334716797,1.8369660377502441,1.0,3.244016170501709,1.0,0.0026273727416992188,0.3179469108581543,0.0026273727416992188,3,0.40798548094373865,44.14379076351209,1.0086705593104657
wood,4,1,hole/007.png,0.22279703617095947,2.657555341720581,1.0,3.2819082736968994,1.0,0.008355140686035156,0.4303615689277649,0.008355140686035156,3,0.6487843853441388,42.71357206744152,1.5841534777907207
wood,4,1,hole/008.png,0.2123793363571167,3.3941195011138916,1.0,5.7358903884887695,1.0,0.00347900390625,0.3803149461746216,0.00347900390625,2,0.5435855263157895,31.236049682014944,1.4118486347598982
wood,4,1,hole/009.png,0.21809229254722595,2.851813316345215,1.0,3.777906656265259,1.0,0.008646965026855469,0.4120590090751648,0.008646965026855469,3,0.6186169626116687,42.15177523491421,1.112340518956965
wood,4,1,liquid/000.png,0.32043394446372986,2.9018564224243164,1.0,3.773075580596924,1.0,0.03489494323730469,0.581358015537262,0.03489494323730469,2,0.5859797758950533,37.50795614477594,1.025414511629247
wood,4,1,liquid/001.png,0.26494139432907104,2.2805774211883545,0.9930617161746991,3.330984592437744,0.9918290735570144,0.1021261215209961,0.5527311563491821,0.1021261215209961,1,1.0,45.43966985736839,4.002678975365845
wood,4,1,liquid/002.png,0.3943983316421509,2.513760805130005,1.0,3.1682143211364746,0.9971818474215436,0.06226634979248047,0.65900057554245,0.06226634979248047,3,0.3909880381675882,50.624779502792805,1.4917831889302833
wood,4,1,liquid/003.png,0.35954785346984863,3.505544424057007,1.0,4.473079681396484,1.0,0.030364036560058594,0.6088883876800537,0.030364036560058594,3,0.4023367568076887,45.18555763900657,1.3028001222119883
wood,4,1,liquid/004.png,0.38530904054641724,3.8347902297973633,1.0,5.985656261444092,1.0,0.01969623565673828,0.601983904838562,0.01969623565673828,3,0.558562920641069,43.64252046965415,1.2269442101167043
wood,4,1,liquid/005.png,0.338395893573761,2.2086081504821777,0.9905945281908223,4.578878402709961,0.9927443503186344,0.07452583312988281,0.7050748467445374,0.07452583312988281,3,0.5477183733012566,37.0353551673386,1.4644936810859612
wood,4,1,liquid/006.png,0.29304587841033936,2.336822271347046,0.9952712242086105,3.6254100799560547,0.989657929204443,0.05606555938720703,0.6068443059921265,0.05606555938720703,1,1.0,17.496677270472233,1.7481813092131884
wood,4,1,liquid/007.png,0.3149350881576538,3.3499159812927246,1.0,3.7160677909851074,1.0,0.039791107177734375,0.643573522567749,0.039791107177734375,1,1.0,18.117110591515562,1.8122106319149698
wood,4,1,liquid/008.png,0.328011155128479,2.8316943645477295,1.0,4.487943649291992,1.0,0.06768417358398438,0.6355831623077393,0.06768417358398438,1,1.0,35.687178718727495,3.9571027746335763
wood,4,1,liquid/009.png,0.3605206310749054,3.251976728439331,1.0,4.326904296875,1.0,0.03663349151611328,0.6108101606369019,0.03663349151611328,3,0.7862182073777106,41.67936240578715,1.2883027225212653
wood,4,1,scratch/000.png,0.21407455205917358,2.075380802154541,0.911321673846389,3.394486427307129,0.9370922602275223,0.09984302520751953,0.5230261087417603,0.09984302520751953,2,0.9217521706322295,59.83954394732171,2.019967579519262
wood,4,1,scratch/001.png,0.1894260048866272,0.5913964509963989,0.97063603857406,1.0628960132598877,1.0,0.008801460266113281,0.3935239911079407,0.008801460266113281,1,1.0,488.0128872770565,48.830800232609036
wood,4,1,scratch/002.png,0.30395931005477905,1.8650131225585938,1.0,2.7489218711853027,1.0,0.05136585235595703,0.4811352491378784,0.05136585235595703,1,1.0,113.3756237523975,5.793667966695185
wood,4,1,scratch/003.png,0.2515615224838257,2.5846118927001953,0.9942322046549501,2.3107736110687256,0.9948429123973672,0.014054298400878906,0.4321897029876709,0.014054298400878906,2,0.5237158173305286,89.6034470786021,4.627049681212138
wood,4,1,scratch/004.png,0.2707150876522064,1.4740400314331055,1.0,2.350794792175293,0.992016147118188,0.021262168884277344,0.5073543787002563,0.021262168884277344,2,0.5703969499887868,200.1956983512445,12.556480387605825
wood,4,1,scratch/005.png,0.2329973578453064,1.145758867263794,0.9155134741442098,1.9407920837402344,0.8915422432629279,0.1047515869140625,0.6261227130889893,0.1047515869140625,1,1.0,99.80482283964572,2.1327788796837965
wood,4,1,scratch/006.png,0.0426030158996582,-0.22691744565963745,0.32562820340988397,0.16398835182189941,0.6115468339102745,0.41269493103027344,0.27811795473098755,0.41269493103027344,5,0.5358134870199796,249.9510524028978,1.9014869888475836
wood,4,1,scratch/007.png,0.2963164150714874,1.910715937614441,0.9450456743198744,5.469782829284668,0.9043303669971667,0.31539058685302734,0.6107041239738464,0.31539058685302734,2,0.9075446537913767,47.92593134076477,1.7329967153895633
wood,4,1,scratch/008.png,0.2158743143081665,1.1379828453063965,0.9823103407337054,0.7951345443725586,0.9350191934781749,0.02409839630126953,0.4900655150413513,0.02409839630126953,3,0.5127626736317227,156.73055547398403,3.398489469885569
wood,4,1,scratch/009.png,0.23505011200904846,2.2605831623077393,0.9998840400448379,1.674954891204834,0.9834563797301998,0.024672508239746094,0.4666826128959656,0.024672508239746094,4,0.6077461250048317,162.5456775364371,6.702293532449393
wood,4,1,scratch/010.png,0.12323826551437378,0.5191015005111694,0.8090292203295942,0.3440384864807129,0.6798573604763883,0.027545928955078125,0.49026209115982056,0.027545928955078125,3,0.36947791164658633,401.52458167254923,25.07225708230453
wood,4,1,scratch/011.png,0.23848435282707214,1.7085347175598145,0.8772370339756237,3.4684195518493652,0.8474021163608575,0.1222982406616211,0.559617280960083,0.1222982406616211,2,0.7409056527265496,48.30942366592913,1.1831831831831832
wood,4,1,scratch/012.png,0.3725498914718628,2.243774890899658,0.9870828259055021,3.7089548110961914,0.9742614359409423,0.06969547271728516,0.6527469158172607,0.06969547271728516,2,0.5464347778492358,72.60409948834905,1.0309448351614752
wood,4,1,scratch/013.png,0.2133777141571045,2.7116615772247314,0.9999170399867264,2.2489676475524902,0.9733698357391737,0.011495590209960938,0.4520148038864136,0.011495590209960938,3,0.4181184668989547,98.31306220190459,5.048715804180099
wood,4,1,scratch/014.png,0.3094007074832916,3.0547609329223633,1.0,4.2818121910095215,1.0,0.025414466857910156,0.5179721117019653,0.025414466857910156,2,0.6497804795677136,83.53480710024513,1.7003238562711323
wood,4,1,scratch/015.png,0.24189168214797974,1.1629180908203125,0.9712648485862473,1.2242846488952637,0.8621800234231219,0.022800445556640625,0.5069266557693481,0.022800445556640625,6,0.33302660197423456,300.6767245756349,8.163999449161276
wood,4,1,scratch/016.png,0.13289037346839905,0.44603562355041504,0.8096594846837412,0.27225828170776367,0.8057784417304523,0.06192302703857422,0.37220829725265503,0.06192302703857422,5,0.3393756449153717,530.4349000207015,10.718004909959939
wood,4,1,scratch/017.png,0.32380756735801697,2.425281047821045,0.9931455980194956,4.257483005523682,0.9909175305585641,0.06163597106933594,0.5198506116867065,0.06163597106933594,3,0.48254680488937024,69.09488283870442,1.0358118350713863
wood,4,1,scratch/018.png,0.29359686374664307,2.6340889930725098,1.0,4.064452171325684,1.0,0.044722557067871094,0.5354717969894409,0.044722557067871094,1,1.0,18.407754103003235,1.1116071428571428
wood,4,1,scratch/019.png,0.2888103425502777,2.3844571113586426,1.0,2.212200403213501,1.0,0.014759063720703125,0.48471391201019287,0.014759063720703125,1,1.0,267.92111546725374,13.695450973976884
wood,4,1,scratch/020.png,0.2761984169483185,1.6089988946914673,0.9989710712731015,2.274792194366455,1.0,0.02409839630126953,0.4809184670448303,0.02409839630126953,7,0.4707348925560964,198.72571317577143,1.0168509002073698
wood,4,2,color/000.png,0.3309189975261688,2.724116325378418,1.0,6.467031002044678,1.0,0.02118968963623047,0.4888327121734619,0.02118968963623047,3,0.5894504703181961,59.57359338843148,2.139784946236559
wood,4,2,color/001.png,0.34849461913108826,2.792202949523926,0.9729362800738911,5.517014980316162,0.972335358661058,0.04284954071044922,0.581353485584259,0.04284954071044922,2,0.7540673477109345,40.73760506337645,1.9800571299713934
wood,4,2,color/002.png,0.24044939875602722,1.8878930807113647,1.0,1.9051501750946045,1.0,0.037933349609375,0.40922224521636963,0.037933349609375,1,1.0,29.858592529362973,1.6181390176289399
wood,4,2,color/003.png,0.4530770480632782,2.6904149055480957,1.0,6.552011489868164,1.0,0.009740829467773438,0.680366039276123,0.009740829467773438,5,0.2605247699236342,168.6296752261586,2.9530517962013465
wood,4,2,color/004.png,0.34354785084724426,2.7288920879364014,1.0,5.819333076477051,1.0,0.032729148864746094,0.551931619644165,0.032729148864746094,2,0.848247326553804,31.73581549166642,1.6615924892925
wood,4,2,color/005.png,0.2267237901687622,2.1621804237365723,1.0,2.3423421382904053,0.9983453155312108,0.016714096069335938,0.4331790804862976,0.016714096069335938,3,0.34674198333903916,94.96323137276016,5.304822930384258
wood,4,2,color/006.png,0.277996689081192,1.4695812463760376,0.9337525136658453,4.64973258972168,0.9849888124168013,0.06734275817871094,0.5567634701728821,0.06734275817871094,2,0.850312969099612,28.893921830584834,1.358482072870756
wood,4,2,color/007.png,0.261791467666626,2.1321396827697754,0.9975976191329915,5.235894203186035,0.9987450249202194,0.026597023010253906,0.4385474920272827,0.026597023010253906,2,0.5781132346086271,45.11851457338073,2.2542202258678503
wood,4,2,combined/000.png,0.19935861229896545,1.4370629787445068,0.9223270685487015,1.8087644577026367,0.8988276274402766,0.14674758911132812,0.5364744663238525,0.14674758911132812,4,0.7992474459954769,54.34759464689208,1.3224073955353162
wood,4,2,combined/001.png,0.19153636693954468,1.805796504020691,0.9990737384720711,0.7930662631988525,0.9817969473641819,0.023680686950683594,0.4614919424057007,0.023680686950683594,3,0.5343320848938826,53.190763885526195,1.9659090909090908
wood,4,2,combined/002.png,0.1284237802028656,0.23553282022476196,0.8085581306990881,-0.1955399513244629,0.3226158814589666,0.02008056640625,0.3623136281967163,0.02008056640625,4,0.821761018237082,163.34474713942964,20.852942265441506
wood,4,2,combined/003.png,0.30995625257492065,1.9175037145614624,0.9999751008415916,3.830658435821533,0.9999751008415916,0.03830146789550781,0.6222034096717834,0.03830146789550781,3,0.8707484687017579,63.120120111548275,1.3019353033091712
wood,4,2,combined/004.png,0.13772502541542053,2.221869945526123,0.9986316759808723,2.3478662967681885,0.9993086362850723,0.06621170043945312,0.3965975046157837,0.06621170043945312,1,1.0,17.480800615599524,1.7517873093154943
wood,4,2,combined/005.png,0.37357524037361145,2.6620430946350098,1.0,9.064990997314453,1.0,0.0094757080078125,0.5825759172439575,0.0094757080078125,13,0.2337962962962963,177.7123848399954,1.4803311177282084
wood,4,2,combined/006.png,0.13269367814064026,1.3421106338500977,0.9571872469857109,0.8754286766052246,0.8533447121381211,0.08716392517089844,0.47437584400177,0.08716392517089844,2,0.5904177334296156,30.877309381519826,1.424038683038674
wood,4,2,combined/007.png,0.2767254114151001,1.4030556678771973,0.9252931484058806,3.592714309692383,0.9690134536321607,0.059615135192871094,0.5257571935653687,0.059615135192871094,3,0.4038969141431108,60.67960210519103,1.1968417878432285
wood,4,2,combined/008.png,0.3569677770137787,1.79429292678833,0.9968402770512043,3.203817367553711,0.986817049948733,0.04557514190673828,0.5634843707084656,0.04557514190673828,4,0.6195777270920086,108.07893393638071,4.832775554855365
wood,4,2,combined/009.png,0.16710269451141357,2.080778121948242,1.0,2.33919095993042,1.0,0.019811630249023438,0.3546738028526306,0.019811630249023438,3,0.8503417733705594,33.493220208131945,1.588235294117647
wood,4,2,combined/010.png,0.22856846451759338,1.0986263751983643,0.8459063501614864,3.093555450439453,0.9115938647443849,0.07765865325927734,0.48442238569259644,0.07765865325927734,4,0.3470300008596235,61.42276972159487,1.5245503641035438
wood,4,2,hole/000.png,0.1937372088432312,2.1844735145568848,0.9961075998150146,3.2839651107788086,0.9921381223986434,0.024745941162109375,0.4966503977775574,0.024745941162109375,3,0.6940419300138739,58.64543434046509,1.0202487286507163
wood,4,2,hole/001.png,0.293018639087677,2.9414913654327393,1.0,4.553799629211426,1.0,0.011246681213378906,0.5222674608230591,0.011246681213378906,3,0.5810226405494785,56.58202725156073,1.2884323745683008
wood,4,2,hole/002.png,0.2156815528869629,3.164483070373535,1.0,4.425090312957764,1.0,0.009450912475585938,0.4340149760246277,0.009450912475585938,4,0.30010090817356205,59.03613019026478,1.105263157894737
wood,4,2,hole/003.png,0.1958225965499878,2.3789007663726807,1.0,3.1352550983428955,1.0,0.012354850769042969,0.36706387996673584,0.012354850769042969,3,0.4800463141644153,44.43075192197261,1.0344827586206897
wood,4,2,hole/004.png,0.16665160655975342,0.8560141324996948,1.0,1.4097566604614258,0.9810493496370634,0.019576072692871094,0.3803935647010803,0.019576072692871094,3,0.817167632873776,306.68142804056697,35.297668437145745
wood,4,2,hole/005.png,0.18182045221328735,1.209778070449829,1.0,1.99869966506958,1.0,0.013927459716796875,0.3833710551261902,0.013927459716796875,1,1.0,328.8459136013814,39.0501209092363
wood,4,2,hole/006.png,0.21267163753509521,1.995991587638855,1.0,2.674799919128418,1.0,0.0026273727416992188,0.3513336777687073,0.0026273727416992188,3,0.40798548094373865,44.14379076351209,1.0086705593104657
wood,4,2,hole/007.png,0.2046140432357788,2.549708843231201,1.0,2.4935765266418457,1.0,0.008355140686035156,0.40934038162231445,0.008355140686035156,3,0.6487843853441388,42.71357206744152,1.5841534777907207
wood,4,2,hole/008.png,0.21853944659233093,3.710658550262451,1.0,4.6707658767700195,1.0,0.00347900390625,0.37122172117233276,0.00347900390625,2,0.5435855263157895,31.236049682014944,1.4118486347598982
wood,4,2,hole/009.png,0.22743463516235352,3.332725763320923,1.0,3.4205095767974854,1.0,0.008646965026855469,0.43099725246429443,0.008646965026855469,3,0.6186169626116687,42.15177523491421,1.112340518956965
wood,4,2,liquid/000.png,0.3454154133796692,2.9862356185913086,1.0,4.11527156829834,1.0,0.03489494323730469,0.5948412418365479,0.03489494323730469,2,0.5859797758950533,37.50795614477594,1.025414511629247
wood,4,2,liquid/001.png,0.27214154601097107,2.541517496109009,0.9935099498538571,3.2325496673583984,0.9934445824423133,0.1021261215209961,0.5355679392814636,0.1021261215209961,1,1.0,45.43966985736839,4.002678975365845
wood,4,2,liquid/002.png,0.3824532926082611,2.4556334018707275,1.0,3.2711844444274902,1.0,0.06226634979248047,0.6554505825042725,0.06226634979248047,3,0.3909880381675882,50.624779502792805,1.4917831889302833
wood,4,2,liquid/003.png,0.37486156821250916,3.4207611083984375,1.0,3.924529552459717,1.0,0.030364036560058594,0.5992354154586792,0.030364036560058594,3,0.4023367568076887,45.18555763900657,1.3028001222119883
wood,4,2,liquid/004.png,0.3978843092918396,3.9072372913360596,1.0,5.116506099700928,1.0,0.01969623565673828,0.5984550714492798,0.01969623565673828,3,0.558562920641069,43.64252046965415,1.2269442101167043
wood,4,2,liquid/005.png,0.41155415773391724,2.7563040256500244,0.9956875591840914,5.320018768310547,0.9965705218437284,0.07452583312988281,0.704393744468689,0.07452583312988281,3,0.5477183733012566,37.0353551673386,1.4644936810859612
wood,4,2,liquid/006.png,0.33197230100631714,2.4799532890319824,0.9999149500756944,4.248035430908203,0.9974995322254163,0.05606555938720703,0.5937922596931458,0.05606555938720703,1,1.0,17.496677270472233,1.7481813092131884
wood,4,2,liquid/007.png,0.3726749122142792,3.670051336288452,1.0,5.656151294708252,1.0,0.039791107177734375,0.6079189777374268,0.039791107177734375,1,1.0,18.117110591515562,1.8122106319149698
wood,4,2,liquid/008.png,0.34240686893463135,3.12400221824646,1.0,5.5872626304626465,1.0,0.06768417358398438,0.6402970552444458,0.06768417358398438,1,1.0,35.687178718727495,3.9571027746335763
wood,4,2,liquid/009.png,0.35401612520217896,3.3474881649017334,1.0,4.674492835998535,1.0,0.03663349151611328,0.5986361503601074,0.03663349151611328,3,0.7862182073777106,41.67936240578715,1.2883027225212653
wood,4,2,scratch/000.png,0.19143065810203552,1.8385233879089355,0.920863859092776,3.6681888103485107,0.9561288720353797,0.09984302520751953,0.49127453565597534,0.09984302520751953,2,0.9217521706322295,59.83954394732171,2.019967579519262
wood,4,2,scratch/001.png,0.19905126094818115,0.6812004446983337,0.9984830425831618,1.226027488708496,1.0,0.008801460266113281,0.3549564480781555,0.008801460266113281,1,1.0,488.0128872770565,48.830800232609036
wood,4,2,scratch/002.png,0.2614107131958008,1.5835344791412354,0.9992016486882902,3.641002655029297,1.0,0.05136585235595703,0.4364807605743408,0.05136585235595703,1,1.0,113.3756237523975,5.793667966695185
wood,4,2,scratch/003.png,0.2028605043888092,2.171644449234009,0.9907036710320961,3.1761717796325684,0.9965393227929701,0.014054298400878906,0.35680091381073,0.014054298400878906,2,0.5237158173305286,89.6034470786021,4.627049681212138
wood,4,2,scratch/004.png,0.27213388681411743,1.5245124101638794,1.0,2.736238479614258,0.9928235030275847,0.021262168884277344,0.46327733993530273,0.021262168884277344,2,0.5703969499887868,200.1956983512445,12.556480387605825
wood,4,2,scratch/005.png,0.19728922843933105,1.006635308265686,0.8814912600145667,1.4840741157531738,0.8806809905316825,0.1047515869140625,0.5672388076782227,0.1047515869140625,1,1.0,99.80482283964572,2.1327788796837965
wood,4,2,scratch/006.png,0.03987383842468262,-0.19301286339759827,0.33495015505774806,0.0214993953704834,0.5148217644693605,0.41269493103027344,0.2906356453895569,0.41269493103027344,5,0.5358134870199796,249.9510524028978,1.9014869888475836
wood,4,2,scratch/007.png,0.2794250547885895,1.6871583461761475,0.9274925841595835,5.257791042327881,0.8990326901735957,0.31539058685302734,0.5878027081489563,0.31539058685302734,2,0.9075446537913767,47.92593134076477,1.7329967153895633
wood,4,2,scratch/008.png,0.23614150285720825,1.401207447052002,0.9824686374609205,1.7587194442749023,0.9994063872729432,0.02409839630126953,0.48169147968292236,0.02409839630126953,3,0.5127626736317227,156.73055547398403,3.398489469885569
wood,4,2,scratch/009.png,0.22730010747909546,2.1716785430908203,0.9968304278922345,2.688490867614746,0.9960573615244869,0.024672508239746094,0.4612225294113159,0.024672508239746094,4,0.6077461250048317,162.5456775364371,6.702293532449393
wood,4,2,scratch/010.png,0.1531277894973755,0.5863311290740967,0.839599778424041,0.14354562759399414,0.594550616258136,0.027545928955078125,0.45923542976379395,0.027545928955078125,3,0.36947791164658633,401.52458167254923,25.07225708230453
wood,4,2,scratch/011.png,0.23535886406898499,1.619351863861084,0.8628654309531422,3.7631709575653076,0.8747884808833506,0.1222982406616211,0.5421885251998901,0.1222982406616211,2,0.7409056527265496,48.30942366592913,1.1831831831831832
wood,4,2,scratch/012.png,0.34425830841064453,2.182995319366455,0.9835661799920636,5.3786821365356445,0.9895184794953544,0.06969547271728516,0.6153419017791748,0.06969547271728516,2,0.5464347778492358,72.60409948834905,1.0309448351614752
wood,4,2,scratch/013.png,0.1952565312385559,2.6894688606262207,1.0,3.479814291000366,1.0,0.011495590209960938,0.396889865398407,0.011495590209960938,3,0.4181184668989547,98.31306220190459,5.048715804180099
wood,4,2,scratch/014.png,0.29403603076934814,2.6339497566223145,1.0,3.5618896484375,0.9998874254193403,0.025414466857910156,0.5096376538276672,0.025414466857910156,2,0.6497804795677136,83.53480710024513,1.7003238562711323
wood,4,2,scratch/015.png,0.2244420051574707,1.2519029378890991,0.9720595616530032,1.8165955543518066,0.9491383637276225,0.022800445556640625,0.4774329662322998,0.022800445556640625,6,0.33302660197423456,300.6767245756349,8.163999449161276
wood,4,2,scratch/016.png,0.10828500986099243,0.36798977851867676,0.7647502733671128,0.3797328472137451,0.7984783847468852,0.06192302703857422,0.3094562888145447,0.06192302703857422,5,0.3393756449153717,530.4349000207015,10.718004909959939
wood,4,2,scratch/017.png,0.32595038414001465,2.2805750370025635,0.9859043787714683,4.0922956466674805,0.9916911650936098,0.06163597106933594,0.4925573468208313,0.06163597106933594,3,0.48254680488937024,69.09488283870442,1.0358118350713863
wood,4,2,scratch/018.png,0.28144073486328125,2.7524638175964355,1.0,5.280801296234131,1.0,0.044722557067871094,0.4995342493057251,0.044722557067871094,1,1.0,18.407754103003235,1.1116071428571428
wood,4,2,scratch/019.png,0.24489936232566833,2.281970977783203,1.0,3.1106903553009033,1.0,0.014759063720703125,0.41154664754867554,0.014759063720703125,1,1.0,267.92111546725374,13.695450973976884
wood,4,2,scratch/020.png,0.2585275173187256,1.4285154342651367,0.9925996280026911,1.8282592296600342,0.9921247378210456,0.02409839630126953,0.42850470542907715,0.02409839630126953,7,0.4707348925560964,198.72571317577143,1.0168509002073698
zipper,1,0,broken_teeth/000.png,0.045364320278167725,0.27909743785858154,0.6565379825653799,0.06954050064086914,0.5317914961750578,0.026803016662597656,0.3463627099990845,0.026803016662597656,2,0.52453300124533,29.799039968670264,1.163687425103122
zipper,1,0,broken_teeth/001.png,0.1033080518245697,1.8633981943130493,0.9201581027667984,3.7951974868774414,0.9857707509881423,0.013270378112792969,0.4392321705818176,0.013270378112792969,2,0.5704635285662953,41.06852857096082,1.8841049921897302
zipper,1,0,broken_teeth/002.png,-0.0007398128509521484,0.5191224813461304,0.7251184834123223,1.552030086517334,0.9098152345628134,0.013884544372558594,0.298891544342041,0.013884544372558594,2,0.61487739542551,31.95827879620458,1.5885093822395142
zipper,1,0,broken_teeth/003.png,0.2337091565132141,3.0778565406799316,0.9644869104164365,7.306644439697266,1.0,0.017267227172851562,0.5318353176116943,0.017267227172851562,2,0.7250082845465592,32.30389431845472,1.4252746996752774
zipper,1,0,broken_teeth/004.png,0.28579816222190857,3.7363688945770264,0.9459802181080396,7.775735378265381,0.9993659650012681,0.015041351318359375,0.47864800691604614,0.015041351318359375,1,1.0,25.549861018020817,1.979177871232068
zipper,1,0,broken_teeth/005.png,0.11982613801956177,2.8957314491271973,0.9991733585262164,6.908830165863037,1.0,0.008075714111328125,0.4310927391052246,0.008075714111328125,1,1.0,15.689032278772503,1.3296703296703296
zipper,1,0,broken_teeth/006.png,0.1899425983428955,3.4930357933044434,0.9802160318362706,6.407812595367432,0.9999431495167709,0.016775131225585938,0.5070567727088928,0.016775131225585938,2,0.8198976691301876,32.99732171808237,1.5040649811148243
zipper,1,0,broken_teeth/007.png,0.15924972295761108,2.3524322509765625,0.9237463988556923,6.89723014831543,0.9188911497471645,0.04733753204345703,0.5336382389068604,0.04733753204345703,3,0.6605757801639905,53.09296060159787,1.1107667039481648
zipper,1,0,broken_teeth/008.png,0.07844078540802002,1.3132514953613281,0.8464529887725021,2.8249568939208984,0.9968638273850593,0.015204429626464844,0.39584338665008545,0.015204429626464844,1,1.0,16.975593769653994,1.23570954931122
zipper,1,0,broken_teeth/009.png,0.018721938133239746,0.6033036708831787,0.7179430589273891,1.3569746017456055,0.9305892738909733,0.008642196655273438,0.34701061248779297,0.008642196655273438,1,1.0,16.17688682063015,1.0809673303710776
zipper,1,0,broken_teeth/010.png,0.08588063716888428,2.7015435695648193,0.9516431461561236,5.902275085449219,0.9602289548998322,0.009663581848144531,0.48843950033187866,0.009663581848144531,1,1.0,15.813008364173124,1.3603880595760536
zipper,1,0,broken_teeth/011.png,0.21559324860572815,3.0276002883911133,0.9997802439292386,7.845878601074219,1.0,0.008679389953613281,0.4265899062156677,0.008679389953613281,1,1.0,15.846728404052428,1.0959893469599797
zipper,1,0,broken_teeth/012.png,0.11805352568626404,1.7637914419174194,0.9063184980463166,4.821267127990723,0.9795101496235585,0.010006904602050781,0.48474621772766113,0.010006904602050781,1,1.0,17.101048045122557,1.2578169651166562
zipper,1,0,broken_teeth/013.png,0.236300528049469,3.4588589668273926,0.9736436332341234,6.319711208343506,0.9989242299279234,0.026595115661621094,0.508185625076294,0.026595115661621094,2,0.7067809373543228,34.15288964437346,1.1632162010316114
zipper,1,0,broken_teeth/014.png,0.06303733587265015,2.090177297592163,0.9808956609173176,5.623473167419434,0.9941217418207131,0.012330055236816406,0.45228540897369385,0.012330055236816406,1,1.0,17.45123238901158,1.116452647042831
zipper,1,0,broken_teeth/015.png,0.022718340158462524,0.31392067670822144,0.7658673347649726,1.2595710754394531,0.9692794082557862,0.015987396240234375,0.3623197674751282,0.015987396240234375,1,1.0,18.979869059617204,1.7238087851404271
zipper,1,0,broken_teeth/016.png,0.03764456510543823,1.448760986328125,0.914389451557424,1.9390294551849365,1.0,0.009981155395507812,0.37895774841308594,0.009981155395507812,1,1.0,18.223051007915927,1.43646904229804
zipper,1,0,broken_teeth/017.png,0.19725728034973145,4.81289005279541,0.9998692981309633,10.39493179321289,1.0,0.021889686584472656,0.5397588014602661,0.021889686584472656,1,1.0,19.43332907689207,1.9013885962231922
zipper,1,0,broken_teeth/018.png,0.1753658950328827,3.2385170459747314,0.9373657659457569,7.952221870422363,0.9989011537885221,0.01909351348876953,0.5263325572013855,0.01909351348876953,1,1.0,22.40896143006606,1.4895138651855069
zipper,1,0,combined/000.png,0.0542016327381134,0.30447912216186523,0.651184536140645,0.5288505554199219,0.6272439281942978,0.11830997467041016,0.5474859476089478,0.11830997467041016,2,0.6521276509991375,37.393037679786175,2.608798730412939
zipper,1,0,combined/001.png,0.037606239318847656,0.46809858083724976,0.7779600945129955,0.850529670715332,0.8441629474052682,0.043590545654296875,0.4052526354789734,0.043590545654296875,2,0.6477421895510632,29.10260126867705,1.2046783625730995
zipper,1,0,combined/002.png,0.003044992685317993,-0.5732758641242981,0.1933798882681564,-0.7261886596679688,0.10377094972067039,0.03414154052734375,0.23055797815322876,0.03414154052734375,2,0.74768156424581,28.399864367104104,1.172850181266274
zipper,1,0,combined/003.png,0.32372337579727173,4.658212661743164,1.0,9.833181381225586,1.0,0.013919830322265625,0.5233474969863892,0.013919830322265625,2,0.6659358728418745,32.66971346668644,1.0803372244779583
zipper,1,0,combined/004.png,0.31856441497802734,2.7722227573394775,0.7547387338510054,9.054754257202148,0.7977349021735445,0.02812480926513672,0.533899188041687,0.02812480926513672,3,0.4258587365636974,61.13490510035372,1.212822783800672
zipper,1,0,combined/005.png,0.02375572919845581,0.3779788017272949,0.5803937842947388,-0.3282470703125,0.4534744316871859,0.04136466979980469,0.501444935798645,0.04136466979980469,2,0.6188730575921059,32.19809854483467,1.5072603442903603
zipper,1,0,combined/006.png,0.30748361349105835,3.494753122329712,0.9262044389573221,7.448005676269531,0.9478380425937877,0.033987998962402344,0.6088441610336304,0.033987998962402344,2,0.5184488902606695,42.46772439034659,1.0286143314734142
zipper,1,0,combined/007.png,0.07951509952545166,1.1363804340362549,0.7281174955625935,2.149080276489258,0.7034768384784046,0.02740192413330078,0.42657172679901123,0.02740192413330078,2,0.643162913722897,30.805001309020543,1.1445724231811496
zipper,1,0,combined/008.png,0.14899873733520508,1.7502665519714355,0.7820467169918816,3.8043127059936523,0.8409770687936191,0.026782989501953125,0.46885406970977783,0.026782989501953125,2,0.5730665147414898,40.334233199395605,2.140850919705592
zipper,1,0,combined/009.png,0.1903802454471588,2.6264305114746094,0.9589104187913281,6.312694549560547,0.9595683784584005,0.02898883819580078,0.4303376078605652,0.02898883819580078,2,0.6212455176497681,38.4789886628492,1.2974341773752143
zipper,1,0,combined/010.png,0.24845796823501587,3.5412888526916504,0.9220070059756852,8.399826049804688,0.9487602170478742,0.027769088745117188,0.5743558406829834,0.027769088745117188,2,0.8500583831307095,33.20112389770815,1.1803150444318207
zipper,1,0,combined/011.png,0.3330942988395691,3.6463260650634766,0.9969870442904489,12.072452545166016,1.0,0.04114818572998047,0.5817948579788208,0.04114818572998047,2,0.5977240596101698,50.12982255565546,1.104077703467435
zipper,1,0,combined/012.png,0.2068360447883606,2.7984118461608887,0.7592555811551601,7.446163177490234,0.7624731866211171,0.048015594482421875,0.5744214057922363,0.048015594482421875,2,0.6072733772940335,40.43127952778554,1.2115425026896505
zipper,1,0,combined/013.png,0.04682999849319458,0.6046524047851562,0.7130024410089504,1.6687984466552734,0.5954109031733117,0.02930164337158203,0.6239843368530273,0.02930164337158203,3,0.5171684296175753,43.56682002284526,1.1203007518796992
zipper,1,0,combined/014.png,0.09551134705543518,1.0985984802246094,0.7445209768315592,2.920748233795166,0.8349478802165826,0.05178260803222656,0.48768627643585205,0.05178260803222656,2,0.6610740727098604,29.26876664622808,1.3559322033898304
zipper,1,0,combined/015.png,0.04735252261161804,0.2692614793777466,0.6237802820703151,0.912513256072998,0.9119373776908023,0.0706624984741211,0.5668983459472656,0.0706624984741211,4,0.41819286051690396,64.57187712243686,1.354739622539541
zipper,1,0,fabric_border/000.png,0.4165334701538086,5.7369914054870605,1.0,15.321670532226562,1.0,0.008051872253417969,0.6084631681442261,0.008051872253417969,3,0.6726282127205969,43.5208465163842,1.6411149876423456
zipper,1,0,fabric_border/001.png,0.4161708950996399,6.204003810882568,1.0,11.542004585266113,1.0,0.009697914123535156,0.6322669386863708,0.009697914123535156,2,0.5386960369751205,45.746903857773674,1.2786040013261755
zipper,1,0,fabric_border/002.png,0.26794302463531494,1.705000638961792,0.9880810488676997,10.599946975708008,1.0,0.003200531005859375,0.4236459732055664,0.003200531005859375,2,0.9997020262216925,53.96870121150072,5.083333333333333
zipper,1,0,fabric_border/003.png,0.382148802280426,6.076203346252441,1.0,11.797908782958984,1.0,0.0069980621337890625,0.6543100476264954,0.0069980621337890625,1,1.0,55.21308874886534,3.931642976318405
zipper,1,0,fabric_border/004.png,0.3577023446559906,4.490854263305664,1.0,7.746218204498291,1.0,0.01843738555908203,0.5715104341506958,0.01843738555908203,2,0.7474266797703408,40.025930028579516,1.2892406987895009
zipper,1,0,fabric_border/005.png,0.31616196036338806,3.9540088176727295,0.9624476433488999,6.882939338684082,0.987434403735978,0.01980876922607422,0.6192237138748169,0.01980876922607422,2,0.6094554908285591,55.46856999592677,1.9009279632807745
zipper,1,0,fabric_border/006.png,0.46939894556999207,5.322978973388672,1.0,18.923566818237305,1.0,0.02014923095703125,0.6072729825973511,0.02014923095703125,3,0.5306228701249527,38.439455320063786,1.1598885304235218
zipper,1,0,fabric_border/007.png,0.40441226959228516,4.790144920349121,1.0,12.990379333496094,1.0,0.01667308807373047,0.6064237356185913,0.01667308807373047,2,0.656294686266659,45.072546822251994,1.7203913672218982
zipper,1,0,fabric_border/008.png,0.37172195315361023,4.721174240112305,1.0,10.211625099182129,1.0,0.02070140838623047,0.5286017656326294,0.02070140838623047,2,0.545768646058875,35.23390134021439,1.1667395721873295
zipper,1,0,fabric_border/009.png,0.39620134234428406,5.041127681732178,1.0,12.597128868103027,1.0,0.024288177490234375,0.571802020072937,0.024288177490234375,2,0.5133108214229621,55.87593281193648,1.4759311821129
zipper,1,0,fabric_border/010.png,0.3183499872684479,5.010870933532715,0.9908999665439946,12.252412796020508,1.0,0.014252662658691406,0.6416609883308411,0.014252662658691406,2,0.5949815991970558,88.80360024257662,1.9151177550354335
zipper,1,0,fabric_border/011.png,0.34987613558769226,4.738697528839111,0.9998182809376703,11.246501922607422,0.9997728511720879,0.020992279052734375,0.553557276725769,0.020992279052734375,2,0.6431491913501727,36.067970919501704,1.0079166266737887
zipper,1,0,fabric_border/012.png,0.45186126232147217,5.0848588943481445,1.0,16.72480583190918,1.0,0.025297164916992188,0.5927767157554626,0.025297164916992188,2,0.6501922641936213,44.5849294345727,1.1240259549489682
zipper,1,0,fabric_border/013.png,0.4233911633491516,6.470468997955322,1.0,10.382993698120117,1.0,0.010809898376464844,0.6368443965911865,0.010809898376464844,1,1.0,25.173489190288752,1.1745199823205779
zipper,1,0,fabric_border/014.png,0.30831798911094666,4.656000137329102,1.0,10.283050537109375,1.0,0.009568214416503906,0.49618232250213623,0.009568214416503906,1,1.0,26.87282848029153,1.9843731218129002
zipper,1,0,fabric_border/015.png,0.3626072406768799,3.93683123588562,1.0,10.474248886108398,1.0,0.022640228271484375,0.549873948097229,0.022640228271484375,2,0.5328138163437237,53.76812100373771,1.0420728458618624
zipper,1,0,fabric_border/016.png,0.2972698211669922,3.543191909790039,0.9373203777199945,9.700180053710938,0.9797728205830026,0.034842491149902344,0.5824994444847107,0.034842491149902344,3,0.4072806897495552,86.04385829237485,2.4568856803696124
zipper,1,0,fabric_interior/000.png,0.33786681294441223,3.939391851425171,0.9990514583827366,12.58563232421875,1.0,0.02010822296142578,0.49087369441986084,0.02010822296142578,2,0.5358311595921271,35.85099939864337,1.5615916023404424
zipper,1,0,fabric_interior/001.png,0.32825762033462524,4.118653297424316,0.9924812030075187,12.018152236938477,0.9981203007518797,0.028411865234375,0.5916876792907715,0.028411865234375,2,0.7130437701396348,34.10952989936442,1.3739555905663972
zipper,1,0,fabric_interior/002.png,0.2787610590457916,3.1398611068725586,0.9710807793423848,6.29312801361084,0.96564266935571,0.026480674743652344,0.511637270450592,0.026480674743652344,3,0.47210717758490295,59.119834994745524,1.1550440551278718
zipper,1,0,fabric_interior/003.png,0.41005203127861023,5.2861857414245605,1.0,15.066915512084961,1.0,0.007946968078613281,0.5733616948127747,0.007946968078613281,1,1.0,22.7204216397835,2.1999430321903075
zipper,1,0,fabric_interior/004.png,0.326339453458786,4.9301838874816895,1.0,11.454421043395996,1.0,0.009833335876464844,0.4662776589393616,0.009833335876464844,1,1.0,17.619452498247995,1.4578455096180787
zipper,1,0,fabric_interior/005.png,0.4099486172199249,4.697349548339844,1.0,13.14107894897461,1.0,0.010247230529785156,0.571843147277832,0.010247230529785156,1,1.0,19.989013776253106,1.5861781014885314
zipper,1,0,fabric_interior/006.png,0.3107653260231018,3.948392629623413,0.9697737986768609,12.887674331665039,0.9570970169948104,0.02407360076904297,0.5826442241668701,0.02407360076904297,1,1.0,25.121032335757917,1.358635688692051
zipper,1,0,fabric_interior/007.png,0.25307413935661316,3.407928943634033,1.0,3.445382833480835,1.0,0.0015916824340820312,0.3373206853866577,0.0015916824340820312,1,1.0,15.81537616370469,1.56521740494895
zipper,1,0,fabric_interior/008.png,0.4216248393058777,5.673395156860352,1.0,17.777542114257812,1.0,0.02762317657470703,0.6391842365264893,0.02762317657470703,1,1.0,21.051386732008023,1.1065902661556524
zipper,1,0,fabric_interior/009.png,0.34287115931510925,4.253903388977051,0.9895383104125737,9.195554733276367,1.0,0.01941680908203125,0.4998081922531128,0.01941680908203125,1,1.0,17.83182160997546,1.0439612441634616
zipper,1,0,fabric_interior/010.png,0.3451160192489624,4.324846267700195,1.0,12.691579818725586,1.0,0.02252960205078125,0.49586254358291626,0.02252960205078125,2,0.5008889265154081,38.303425244635285,1.0412714397944074
zipper,1,0,fabric_interior/011.png,0.3785560131072998,4.184752941131592,0.9945916363519299,15.048772811889648,0.9987122943695071,0.029623985290527344,0.6074625253677368,0.029623985290527344,2,0.6804558477931945,41.26308695721457,1.4847341502156377
zipper,1,0,fabric_interior/012.png,0.277202844619751,3.7453551292419434,1.0,6.721983432769775,0.9994831596175381,0.011071205139160156,0.4180998206138611,0.011071205139160156,1,1.0,17.472421792109813,1.4972659707786145
zipper,1,0,fabric_interior/013.png,0.3068355917930603,3.844057559967041,0.9806036069193964,11.766892433166504,0.9790209790209791,0.025911331176757812,0.4940706491470337,0.025911331176757812,2,0.5231873389768127,35.066127460651614,1.7631241310998353
zipper,1,0,fabric_interior/014.png,0.32249709963798523,4.854740142822266,1.0,14.147393226623535,1.0,0.015735626220703125,0.4918202757835388,0.015735626220703125,1,1.0,16.720122720336214,1.0067567567567568
zipper,1,0,fabric_interior/015.png,0.3374212682247162,3.5979535579681396,0.9511941127464593,10.502262115478516,0.9773673979450153,0.013736724853515625,0.48531150817871094,0.013736724853515625,2,0.6594001666203833,41.47113299014508,1.5123871603762395
zipper,1,0,rough/000.png,0.0064153969287872314,-0.5290482044219971,0.3780388978930308,-0.46265554428100586,0.42045879566138883,0.030597686767578125,0.46544063091278076,0.030597686767578125,1,1.0,17.949110603643813,1.543004598091581
zipper,1,0,rough/001.png,0.024953216314315796,0.267397403717041,0.5759843875559637,1.6027159690856934,0.8137068074847893,0.04153728485107422,0.45346778631210327,0.04153728485107422,2,0.513144300309953,34.537398426176146,1.4118230940860843
zipper,1,0,rough/002.png,0.027200371026992798,0.5875884890556335,0.7289061377030329,1.7587835788726807,0.9165691287295427,0.04644298553466797,0.44040852785110474,0.04644298553466797,2,0.6037084950409659,33.564042218396004,1.6103889355689267
zipper,1,0,rough/003.png,0.00011068582534790039,-0.2431035041809082,0.43282951062255576,1.145402431488037,0.7694482612831625,0.07218170166015625,0.4861835241317749,0.07218170166015625,2,0.6389123771271535,37.40422457237266,2.478188910126021
zipper,1,0,rough/004.png,0.010226547718048096,0.1903623342514038,0.5732744165861164,1.4633193016052246,0.8452843587872093,0.04834461212158203,0.42740726470947266,0.04834461212158203,2,0.5395616751819778,34.31913384481337,1.579837067456469
zipper,1,0,rough/005.png,0.0006403326988220215,-0.3116982579231262,0.4114296746790231,0.0525355339050293,0.5120185346075876,0.04939556121826172,0.4004563093185425,0.04939556121826172,2,0.5232744473404769,33.60855358541205,1.8578820660580067
zipper,1,0,rough/006.png,0.024232447147369385,0.4011082649230957,0.663176303905074,1.9331393241882324,0.9345723014256619,0.08615875244140625,0.4339700937271118,0.08615875244140625,2,0.5371911803772248,40.826184856720964,1.8235294117647058
zipper,1,0,rough/007.png,0.027905434370040894,0.5959466099739075,0.7418278680045516,1.395681381225586,0.9158994517430433,0.036876678466796875,0.3588131070137024,0.036876678466796875,1,1.0,17.301416000396475,1.9276315789473684
zipper,1,0,rough/008.png,0.016750425100326538,0.05926543474197388,0.5208432022738039,0.9483497142791748,0.8767961471656402,0.04831695556640625,0.33507949113845825,0.04831695556640625,1,1.0,18.555594627503176,2.246913580246914
zipper,1,0,rough/009.png,0.04394221305847168,0.7872635722160339,0.8034052276653848,0.9338264465332031,0.721172602128964,0.03422355651855469,0.3043241500854492,0.03422355651855469,1,1.0,16.946319795110856,1.7704917583833644
zipper,1,0,rough/010.png,0.011811643838882446,0.5734764933586121,0.6195537493650112,2.1698970794677734,0.7581571646281896,0.024405479431152344,0.45601749420166016,0.024405479431152344,1,1.0,15.851885155671303,1.3612563101217212
zipper,1,0,rough/011.png,0.06871962547302246,0.9722729921340942,0.7472358843202833,2.4251255989074707,0.826519771788314,0.024237632751464844,0.4349279999732971,0.024237632751464844,1,1.0,17.392829294907077,1.3554935190037563
zipper,1,0,rough/012.png,0.03939497470855713,0.13689029216766357,0.5717410131078721,1.1519596576690674,0.8591747765203224,0.0649709701538086,0.3979753255844116,0.0649709701538086,2,0.5740602110763721,34.282125033996095,1.9679487179487178
zipper,1,0,rough/013.png,0.033998072147369385,1.2966971397399902,0.8146887940166276,2.42041015625,0.8076268738163259,0.029709815979003906,0.4938865900039673,0.029709815979003906,1,1.0,16.79077255472581,1.6781549989955948
zipper,1,0,rough/014.png,0.05171000957489014,1.5961840152740479,0.8632640407270828,2.4942679405212402,0.9218418562151225,0.02922344207763672,0.4476916193962097,0.02922344207763672,1,1.0,16.244204839396744,1.3827681903335873
zipper,1,0,rough/015.png,0.05601814389228821,0.8999594449996948,0.6644371968279721,4.130381107330322,0.8479049053854941,0.05760478973388672,0.6502074599266052,0.05760478973388672,2,0.5191795109514428,33.85053432579086,1.636242576561443
zipper,1,0,rough/016.png,0.0037869513034820557,0.5300228595733643,0.6178774161097937,1.4236245155334473,0.7716461881152548,0.026544570922851562,0.5205811262130737,0.026544570922851562,1,1.0,16.743794508490264,1.6114347449925797
zipper,1,0,split_teeth/000.png,0.03702002763748169,0.18291115760803223,0.6730474365117394,0.7763731479644775,0.8732390991854336,0.039806365966796875,0.31714504957199097,0.039806365966796875,1,1.0,18.779017321726958,1.81812108766806
zipper,1,0,split_teeth/001.png,0.022955775260925293,0.5373263359069824,0.7814542483660131,0.7824525833129883,0.7435383244206774,0.0256805419921875,0.3023221492767334,0.0256805419921875,1,1.0,17.27149048965865,1.433178876904417
zipper,1,0,split_teeth/002.png,0.01672118902206421,1.1224150657653809,0.9057946458827516,1.7486777305603027,0.8786004744154524,0.011257171630859375,0.3983764052391052,0.011257171630859375,1,1.0,15.26249358566901,1.003430557787693
zipper,1,0,split_teeth/003.png,0.012303143739700317,-0.06058621406555176,0.4709176601053507,0.1894388198852539,0.6188522317715554,0.03439903259277344,0.3302956819534302,0.03439903259277344,1,1.0,15.717313052457829,1.7191589195101964
zipper,1,0,split_teeth/004.png,0.05016905069351196,0.6086412668228149,0.8804503701406923,1.2661442756652832,0.931165458703151,0.04921150207519531,0.4610084891319275,0.04921150207519531,1,1.0,15.578093036255863,1.7945945945945947
zipper,1,0,split_teeth/005.png,0.017174124717712402,0.20853960514068604,0.5836217137544548,1.220773696899414,0.9186250710190589,0.03692817687988281,0.34456390142440796,0.03692817687988281,2,0.9999741748876607,18.5386305392165,1.7958131956926509
zipper,1,0,split_teeth/006.png,0.014606684446334839,0.10465013980865479,0.5659350106023268,0.12189722061157227,0.6357957476073127,0.03328132629394531,0.30454230308532715,0.03328132629394531,2,0.9999713450627543,17.869440568138423,1.5426829268292683
zipper,1,0,split_teeth/007.png,0.036754876375198364,1.029872179031372,0.7880101295412487,1.6081819534301758,0.7907373137235804,0.019582748413085938,0.4028123617172241,0.019582748413085938,1,1.0,16.000866467034143,1.5298932130678278
zipper,1,0,split_teeth/008.png,0.009397327899932861,0.6870646476745605,0.7941223067173637,1.1956861019134521,0.8837135614702155,0.0120391845703125,0.2673500180244446,0.0120391845703125,1,1.0,19.030918285054447,2.5111561571235095
zipper,1,0,split_teeth/009.png,0.032885849475860596,0.7801501154899597,0.8401560328206967,1.3997423648834229,0.8708693897681926,0.021269798278808594,0.4231730103492737,0.021269798278808594,1,1.0,24.50265743224947,2.634782608695652
zipper,1,0,split_teeth/010.png,0.011243313550949097,-0.103077232837677,0.4363023844793807,0.04381418228149414,0.5214794284895111,0.03991508483886719,0.44315946102142334,0.03991508483886719,1,1.0,17.978260385214238,1.8157617630755891
zipper,1,0,split_teeth/011.png,0.01595655083656311,0.42205727100372314,0.675409199086891,0.8767437934875488,0.8870270532808782,0.01963520050048828,0.40966081619262695,0.01963520050048828,1,1.0,16.16238791966186,1.54154949645432
zipper,1,0,split_teeth/012.png,0.03279486298561096,0.5265487432479858,0.6621137590142796,1.8460907936096191,0.8895601509145613,0.03993797302246094,0.38088369369506836,0.03993797302246094,1,1.0,18.300481157956224,1.7070907549656078
zipper,1,0,split_teeth/013.png,0.008983254432678223,0.529170036315918,0.8182223594387843,0.6151623725891113,0.8447051559123187,0.027800559997558594,0.30201977491378784,0.027800559997558594,1,1.0,15.067312505352877,1.2477341670277966
zipper,1,0,split_teeth/014.png,0.03508418798446655,0.2491551637649536,0.6498607796340493,1.9133625030517578,0.9436406125696102,0.038360595703125,0.40191763639450073,0.038360595703125,1,1.0,16.887987748002125,1.6220797680375805
zipper,1,0,split_teeth/015.png,0.013368427753448486,0.07999026775360107,0.5272111164176388,0.6054878234863281,0.6136999385958928,0.04193401336669922,0.5132579803466797,0.04193401336669922,1,1.0,17.487404523372014,1.3896203544062005
zipper,1,0,split_teeth/016.png,0.11358180642127991,0.6177935600280762,0.7207461266648546,3.429074764251709,0.8608317477575428,0.02806854248046875,0.42314934730529785,0.02806854248046875,1,1.0,16.74251161735111,1.2449167183573233
zipper,1,0,split_teeth/017.png,0.05674123764038086,1.0075304508209229,0.7199912463070358,2.1990890502929688,0.845533792902214,0.026146888732910156,0.3426724076271057,0.026146888732910156,1,1.0,14.89308343018428,1.1213872832369942
zipper,1,0,squeezed_teeth/000.png,0.011616408824920654,-0.1395092010498047,0.4596759400794864,0.4038419723510742,0.5592173647202691,0.015597343444824219,0.43643832206726074,0.015597343444824219,1,1.0,14.59530399583108,1.1276062082476648
zipper,1,0,squeezed_teeth/001.png,0.016291677951812744,0.20911729335784912,0.6923463083101637,0.0465388298034668,0.5232468334877973,0.02469635009765625,0.2997625470161438,0.02469635009765625,1,1.0,16.92998247268485,1.9659223896213514
zipper,1,0,squeezed_teeth/002.png,0.05409702658653259,0.5858359336853027,0.8146780779772893,1.1829543113708496,0.7457627118644068,0.01704883575439453,0.30191028118133545,0.01704883575439453,1,1.0,15.985409161376824,1.5585501288866068
zipper,1,0,squeezed_teeth/003.png,0.013499736785888672,0.12813711166381836,0.6159495489742157,0.2564873695373535,0.5540033527580426,0.011946678161621094,0.346430242061615,0.011946678161621094,1,1.0,14.78703612955118,1.1221374116827645
zipper,1,0,squeezed_teeth/004.png,0.02276673913002014,0.41971999406814575,0.7694188890182835,0.8297169208526611,0.8908815651566321,0.008189201354980469,0.2503657937049866,0.008189201354980469,1,1.0,15.037133510425189,1.3902439024390243
zipper,1,0,squeezed_teeth/005.png,0.014222532510757446,0.29977530241012573,0.8477526630293583,0.14478015899658203,0.5426084697323981,0.0073413848876953125,0.2631213068962097,0.0073413848876953125,1,1.0,14.889189454918288,1.3132530120481927
zipper,1,0,squeezed_teeth/006.png,0.04403910040855408,0.6957564353942871,0.7752017608217168,2.1125106811523438,0.856052824651504,0.006499290466308594,0.2948245406150818,0.006499290466308594,1,1.0,16.046683191545657,1.2857142857142858
zipper,1,0,squeezed_teeth/007.png,0.022383540868759155,-0.07227873802185059,0.4615914753750729,0.6589803695678711,0.8653978688437682,0.017989158630371094,0.24234408140182495,0.017989158630371094,1,1.0,15.96784981307507,1.2362626899289826
zipper,1,0,squeezed_teeth/008.png,0.012386977672576904,-0.27238962054252625,0.3002592803389616,0.4671971797943115,0.7349016631885158,0.015080451965332031,0.14883297681808472,0.015080451965332031,1,1.0,15.961401222948911,1.0164129615130666
zipper,1,0,squeezed_teeth/009.png,0.024221271276474,-0.7357662916183472,0.02500656340246784,0.40933990478515625,0.69526122341822,0.014530181884765625,0.23499512672424316,0.014530181884765625,1,1.0,14.606555023930405,1.1076923076923078
zipper,1,0,squeezed_teeth/010.png,0.03572893142700195,0.29973894357681274,0.576033309637453,0.6487016677856445,0.7628110084289631,0.04695415496826172,0.330976665019989,0.04695415496826172,1,1.0,22.289841669872583,2.7866088074043684
zipper,1,0,squeezed_teeth/011.png,0.03754299879074097,0.6389050483703613,0.7513589991808772,-0.2171192169189453,0.43152878099635117,0.012806892395019531,0.3626179099082947,0.012806892395019531,1,1.0,14.73517625915433,1.146551724137931
zipper,1,0,squeezed_teeth/012.png,-0.001880049705505371,0.39856022596359253,0.7408634728271161,-0.6769001483917236,0.42075364514296537,0.010072708129882812,0.22202950716018677,0.010072708129882812,1,1.0,15.271778402949431,1.3333333333333333
zipper,1,0,squeezed_teeth/013.png,0.02826288342475891,0.2729530930519104,0.5892887600204674,2.04398775100708,0.9313491386662118,0.011182785034179688,0.3301946520805359,0.011182785034179688,1,1.0,17.038126108128594,1.7269797887462017
zipper,1,0,squeezed_teeth/014.png,0.12142831087112427,1.81940758228302,0.8384311905314458,5.089418411254883,0.9835692736133673,0.020546913146972656,0.39629286527633667,0.020546913146972656,1,1.0,16.773966624714095,1.4289099883113563
zipper,1,0,squeezed_teeth/015.png,0.06888383626937866,1.063531756401062,0.9008830200907323,3.2702159881591797,0.8836276733635774,0.0235443115234375,0.37093615531921387,0.0235443115234375,2,0.5324044069993519,30.25106379061467,1.0839277117723092
zipper,1,1,broken_teeth/000.png,0.030088037252426147,-0.06387114524841309,0.4466109233232521,0.7691617012023926,0.9058530510585305,0.026803016662597656,0.2803070545196533,0.026803016662597656,2,0.52453300124533,29.799039968670264,1.163687425103122
zipper,1,1,broken_teeth/001.png,0.08468165993690491,1.2971453666687012,0.8428314768235717,4.233373641967773,0.9803808839381962,0.013270378112792969,0.40144890546798706,0.013270378112792969,2,0.5704635285662953,41.06852857096082,1.8841049921897302
zipper,1,1,broken_teeth/002.png,0.007851392030715942,0.40861594676971436,0.645648739611237,1.688004970550537,0.8916821210247956,0.013884544372558594,0.3503125309944153,0.013884544372558594,2,0.61487739542551,31.95827879620458,1.5885093822395142
zipper,1,1,broken_teeth/003.png,0.2525239884853363,2.9238200187683105,0.9701204020766596,7.706835746765137,1.0,0.017267227172851562,0.536210298538208,0.017267227172851562,2,0.7250082845465592,32.30389431845472,1.4252746996752774
zipper,1,1,broken_teeth/004.png,0.2740848958492279,3.221560001373291,0.9319046411361908,7.764908313751221,1.0,0.015041351318359375,0.47516727447509766,0.015041351318359375,1,1.0,25.549861018020817,1.979177871232068
zipper,1,1,broken_teeth/005.png,0.1807371973991394,3.266000986099243,1.0,6.5965256690979,1.0,0.008075714111328125,0.4210355281829834,0.008075714111328125,1,1.0,15.689032278772503,1.3296703296703296
zipper,1,1,broken_teeth/006.png,0.20818257331848145,3.243626356124878,0.9780557134735646,6.985434055328369,1.0,0.016775131225585938,0.44694608449935913,0.016775131225585938,2,0.8198976691301876,32.99732171808237,1.5040649811148243
zipper,1,1,broken_teeth/007.png,0.1550883650779724,2.309281826019287,0.9162519894433588,6.933509826660156,0.9251566371859702,0.04733753204345703,0.538871169090271,0.04733753204345703,3,0.6605757801639905,53.09296060159787,1.1107667039481648
zipper,1,1,broken_teeth/008.png,0.056513428688049316,1.039673089981079,0.8401806435426206,2.646097183227539,0.9914068870350624,0.015204429626464844,0.4101908206939697,0.015204429626464844,1,1.0,16.975593769653994,1.23570954931122
zipper,1,1,broken_teeth/009.png,0.009234905242919922,0.3813202977180481,0.6883690134628118,1.6776542663574219,0.9898477157360406,0.008642196655273438,0.25698357820510864,0.008642196655273438,1,1.0,16.17688682063015,1.0809673303710776
zipper,1,1,broken_teeth/010.png,0.08159035444259644,2.7116193771362305,0.9066416658442712,5.567464828491211,0.9832231323398796,0.009663581848144531,0.48227715492248535,0.009663581848144531,1,1.0,15.813008364173124,1.3603880595760536
zipper,1,1,broken_teeth/011.png,0.1959545612335205,2.863469362258911,1.0,7.124800205230713,1.0,0.008679389953613281,0.4183196425437927,0.008679389953613281,1,1.0,15.846728404052428,1.0959893469599797
zipper,1,1,broken_teeth/012.png,0.11638221144676208,1.7380101680755615,0.8580958734394358,4.4882612228393555,0.9435814352425427,0.010006904602050781,0.46106261014938354,0.010006904602050781,1,1.0,17.101048045122557,1.2578169651166562
zipper,1,1,broken_teeth/013.png,0.24953794479370117,3.2300209999084473,0.9174167174669201,6.729621410369873,0.9998565639903898,0.026595115661621094,0.5009273290634155,0.026595115661621094,2,0.7067809373543228,34.15288964437346,1.1632162010316114
zipper,1,1,broken_teeth/014.png,0.08308181166648865,1.9606064558029175,0.9296155928532756,5.444460391998291,1.0,0.012330055236816406,0.4511945843696594,0.012330055236816406,1,1.0,17.45123238901158,1.116452647042831
zipper,1,1,broken_teeth/015.png,0.029565662145614624,0.31448835134506226,0.7324027678358387,1.3299765586853027,0.9358744929611071,0.015987396240234375,0.30817657709121704,0.015987396240234375,1,1.0,18.979869059617204,1.7238087851404271
zipper,1,1,broken_teeth/016.png,0.03771090507507324,0.8113731741905212,0.9032103955665965,2.6392757892608643,1.0,0.009981155395507812,0.3118668794631958,0.009981155395507812,1,1.0,18.223051007915927,1.43646904229804
zipper,1,1,broken_teeth/017.png,0.2158089280128479,4.272121429443359,0.9994336252341742,10.764778137207031,1.0,0.021889686584472656,0.5102109313011169,0.021889686584472656,1,1.0,19.43332907689207,1.9013885962231922
zipper,1,1,broken_teeth/018.png,0.18206161260604858,2.942699909210205,0.921532390989461,8.169452667236328,1.0,0.01909351348876953,0.4758067727088928,0.01909351348876953,1,1.0,22.40896143006606,1.4895138651855069
zipper,1,1,combined/000.png,0.053190916776657104,0.08145284652709961,0.5551480367895403,0.8462085723876953,0.733243589640246,0.11830997467041016,0.5623828172683716,0.11830997467041016,2,0.6521276509991375,37.393037679786175,2.608798730412939
zipper,1,1,combined/001.png,0.0323832631111145,0.31558239459991455,0.71895510632712,1.0824861526489258,0.9248271637350136,0.043590545654296875,0.32042205333709717,0.043590545654296875,2,0.6477421895510632,29.10260126867705,1.2046783625730995
zipper,1,1,combined/002.png,0.0048202574253082275,-0.40974152088165283,0.21405027932960893,-0.17560291290283203,0.3073463687150838,0.03414154052734375,0.27338844537734985,0.03414154052734375,2,0.74768156424581,28.399864367104104,1.172850181266274
zipper,1,1,combined/003.png,0.33668991923332214,4.464896202087402,1.0,10.556360244750977,1.0,0.013919830322265625,0.5073977708816528,0.013919830322265625,2,0.6659358728418745,32.66971346668644,1.0803372244779583
zipper,1,1,combined/004.png,0.3512510359287262,2.8341169357299805,0.7921399749075989,9.918639183044434,0.8111966362619104,0.02812480926513672,0.5529670715332031,0.02812480926513672,3,0.4258587365636974,61.13490510035372,1.212822783800672
zipper,1,1,combined/005.png,0.037976622581481934,0.1777559518814087,0.5399778669248859,0.2136697769165039,0.5368654032369622,0.04136466979980469,0.4859813451766968,0.04136466979980469,2,0.6188730575921059,32.19809854483467,1.5072603442903603
zipper,1,1,combined/006.png,0.29616135358810425,3.3590478897094727,0.9084991161368164,7.839401721954346,0.9638317573444821,0.033987998962402344,0.5691425204277039,0.033987998962402344,2,0.5184488902606695,42.46772439034659,1.0286143314734142
zipper,1,1,combined/007.png,0.07144367694854736,0.8269475698471069,0.6224898200675182,2.824796676635742,0.769011241429715,0.02740192413330078,0.4565296769142151,0.02740192413330078,2,0.643162913722897,30.805001309020543,1.1445724231811496
zipper,1,1,combined/008.png,0.18107068538665771,1.5355992317199707,0.7688007406352372,3.823709487915039,0.8326805298390543,0.026782989501953125,0.4659067392349243,0.026782989501953125,2,0.5730665147414898,40.334233199395605,2.140850919705592
zipper,1,1,combined/009.png,0.18901991844177246,2.5402679443359375,0.9439418363654308,7.236854076385498,0.9792413725038656,0.02898883819580078,0.45833879709243774,0.02898883819580078,2,0.6212455176497681,38.4789886628492,1.2974341773752143
zipper,1,1,combined/010.png,0.2487626075744629,3.2150051593780518,0.9114980424479703,8.449976921081543,0.9633559997252559,0.027769088745117188,0.5681201219558716,0.027769088745117188,2,0.8500583831307095,33.20112389770815,1.1803150444318207
zipper,1,1,combined/011.png,0.378831684589386,4.263444900512695,0.9955500961828169,13.260783195495605,0.9983312860685564,0.04114818572998047,0.591141939163208,0.04114818572998047,2,0.5977240596101698,50.12982255565546,1.104077703467435
zipper,1,1,combined/012.png,0.23908430337905884,2.6619272232055664,0.8084730277270199,8.256776809692383,0.7889886390720585,0.048015594482421875,0.5221337080001831,0.048015594482421875,2,0.6072733772940335,40.43127952778554,1.2115425026896505
zipper,1,1,combined/013.png,0.05941024422645569,0.9122264385223389,0.7228641171684296,1.7178194522857666,0.6183238405207486,0.02930164337158203,0.6121694445610046,0.02930164337158203,3,0.5171684296175753,43.56682002284526,1.1203007518796992
zipper,1,1,combined/014.png,0.0941503643989563,1.052124261856079,0.7263066779623559,2.894672393798828,0.8542671921617739,0.05178260803222656,0.49739134311676025,0.05178260803222656,2,0.6610740727098604,29.26876664622808,1.3559322033898304
zipper,1,1,combined/015.png,0.05597198009490967,0.03705549240112305,0.5159592415142722,1.1387314796447754,0.9046089479721978,0.0706624984741211,0.5026241540908813,0.0706624984741211,4,0.41819286051690396,64.57187712243686,1.354739622539541
zipper,1,1,fabric_border/000.png,0.409768283367157,5.406085968017578,1.0,16.3245906829834,1.0,0.008051872253417969,0.5668431520462036,0.008051872253417969,3,0.6726282127205969,43.5208465163842,1.6411149876423456
zipper,1,1,fabric_border/001.png,0.42390429973602295,5.246767997741699,1.0,12.326988220214844,1.0,0.009697914123535156,0.6045635938644409,0.009697914123535156,2,0.5386960369751205,45.746903857773674,1.2786040013261755
zipper,1,1,fabric_border/002.png,0.30345064401626587,1.6995337009429932,1.0,8.655957221984863,1.0,0.003200531005859375,0.4638931155204773,0.003200531005859375,2,0.9997020262216925,53.96870121150072,5.083333333333333
zipper,1,1,fabric_border/003.png,0.3353744149208069,5.677135944366455,1.0,12.754761695861816,1.0,0.0069980621337890625,0.6005287170410156,0.0069980621337890625,1,1.0,55.21308874886534,3.931642976318405
zipper,1,1,fabric_border/004.png,0.3606782853603363,3.4539830684661865,0.9995861997620649,8.282343864440918,1.0,0.01843738555908203,0.5693761110305786,0.01843738555908203,2,0.7474266797703408,40.025930028579516,1.2892406987895009
zipper,1,1,fabric_border/005.png,0.33037257194519043,3.7389702796936035,0.9665398873429301,6.437410831451416,0.9853160656684801,0.01980876922607422,0.5972745418548584,0.01980876922607422,2,0.6094554908285591,55.46856999592677,1.9009279632807745
zipper,1,1,fabric_border/006.png,0.4740634858608246,5.113219261169434,1.0,21.208240509033203,1.0,0.02014923095703125,0.6118186712265015,0.02014923095703125,3,0.5306228701249527,38.439455320063786,1.1598885304235218
zipper,1,1,fabric_border/007.png,0.37700319290161133,4.57423210144043,1.0,13.955046653747559,1.0,0.01667308807373047,0.5457092523574829,0.01667308807373047,2,0.656294686266659,45.072546822251994,1.7203913672218982
zipper,1,1,fabric_border/008.png,0.4187709093093872,5.170357704162598,1.0,10.968868255615234,1.0,0.02070140838623047,0.549985408782959,0.02070140838623047,2,0.545768646058875,35.23390134021439,1.1667395721873295
zipper,1,1,fabric_border/009.png,0.3914996087551117,4.208070755004883,1.0,13.362728118896484,1.0,0.024288177490234375,0.5451087951660156,0.024288177490234375,2,0.5133108214229621,55.87593281193648,1.4759311821129
zipper,1,1,fabric_border/010.png,0.329707533121109,4.180538177490234,0.9917698226831716,12.207780838012695,1.0,0.014252662658691406,0.5927513837814331,0.014252662658691406,2,0.5949815991970558,88.80360024257662,1.9151177550354335
zipper,1,1,fabric_border/011.png,0.385560542345047,4.5536370277404785,1.0,11.634634017944336,0.9996819916409231,0.020992279052734375,0.5497008562088013,0.020992279052734375,2,0.6431491913501727,36.067970919501704,1.0079166266737887
zipper,1,1,fabric_border/012.png,0.4577341079711914,5.040597915649414,1.0,17.94576072692871,1.0,0.025297164916992188,0.589921236038208,0.025297164916992188,2,0.6501922641936213,44.5849294345727,1.1240259549489682
zipper,1,1,fabric_border/013.png,0.4097250699996948,5.9655866622924805,1.0,10.108498573303223,1.0,0.010809898376464844,0.6102272868156433,0.010809898376464844,1,1.0,25.173489190288752,1.1745199823205779
zipper,1,1,fabric_border/014.png,0.3335821032524109,4.763258457183838,1.0,10.096048355102539,1.0,0.009568214416503906,0.47676557302474976,0.009568214416503906,1,1.0,26.87282848029153,1.9843731218129002
zipper,1,1,fabric_border/015.png,0.3664243221282959,4.128325462341309,1.0,11.63037109375,1.0,0.022640228271484375,0.550753116607666,0.022640228271484375,2,0.5328138163437237,53.76812100373771,1.0420728458618624
zipper,1,1,fabric_border/016.png,0.33187586069107056,3.2145497798919678,0.9635691802381279,10.442201614379883,0.9545093745723279,0.034842491149902344,0.5581016540527344,0.034842491149902344,3,0.4072806897495552,86.04385829237485,2.4568856803696124
zipper,1,1,fabric_interior/000.png,0.39000236988067627,3.677617311477661,0.9979606355228836,13.455076217651367,1.0,0.02010822296142578,0.5603421926498413,0.02010822296142578,2,0.5358311595921271,35.85099939864337,1.5615916023404424
zipper,1,1,fabric_interior/001.png,0.3188064694404602,3.606917381286621,0.9856337271750806,12.823013305664062,0.9991944146079484,0.028411865234375,0.5829640626907349,0.028411865234375,2,0.7130437701396348,34.10952989936442,1.3739555905663972
zipper,1,1,fabric_interior/002.png,0.29216477274894714,2.642796039581299,0.9255951309107934,7.313357353210449,0.9770230849569633,0.026480674743652344,0.5239986181259155,0.026480674743652344,3,0.47210717758490295,59.119834994745524,1.1550440551278718
zipper,1,1,fabric_interior/003.png,0.4225221276283264,4.813581466674805,1.0,15.906633377075195,1.0,0.007946968078613281,0.5395005941390991,0.007946968078613281,1,1.0,22.7204216397835,2.1999430321903075
zipper,1,1,fabric_interior/004.png,0.3345479965209961,4.427001953125,1.0,11.40324592590332,1.0,0.009833335876464844,0.4970415234565735,0.009833335876464844,1,1.0,17.619452498247995,1.4578455096180787
zipper,1,1,fabric_interior/005.png,0.3659522235393524,4.42127799987793,1.0,13.590425491333008,1.0,0.010247230529785156,0.5299180746078491,0.010247230529785156,1,1.0,19.989013776253106,1.5861781014885314
zipper,1,1,fabric_interior/006.png,0.3344516158103943,3.596176862716675,0.9492928732717981,14.063373565673828,0.9885116666006417,0.02407360076904297,0.5918984413146973,0.02407360076904297,1,1.0,25.121032335757917,1.358635688692051
zipper,1,1,fabric_interior/007.png,0.25716957449913025,3.2073752880096436,1.0,3.8819878101348877,1.0,0.0015916824340820312,0.39310067892074585,0.0015916824340820312,1,1.0,15.81537616370469,1.56521740494895
zipper,1,1,fabric_interior/008.png,0.39790040254592896,5.044230937957764,1.0,18.734861373901367,1.0,0.02762317657470703,0.6254435777664185,0.02762317657470703,1,1.0,21.051386732008023,1.1065902661556524
zipper,1,1,fabric_interior/009.png,0.34026262164115906,4.451939105987549,0.9919941060903733,9.592522621154785,1.0,0.01941680908203125,0.4929840564727783,0.01941680908203125,1,1.0,17.83182160997546,1.0439612441634616
zipper,1,1,fabric_interior/010.png,0.3971082270145416,4.37748384475708,1.0,13.222271919250488,1.0,0.02252960205078125,0.5614755153656006,0.02252960205078125,2,0.5008889265154081,38.303425244635285,1.0412714397944074
zipper,1,1,fabric_interior/011.png,0.4035358726978302,4.398547649383545,0.991694298683321,16.456470489501953,0.9969738917683417,0.029623985290527344,0.6269873976707458,0.029623985290527344,2,0.6804558477931945,41.26308695721457,1.4847341502156377
zipper,1,1,fabric_interior/012.png,0.32997986674308777,4.483509063720703,1.0,7.555027008056641,1.0,0.011071205139160156,0.4509512782096863,0.011071205139160156,1,1.0,17.472421792109813,1.4972659707786145
zipper,1,1,fabric_interior/013.png,0.3607042729854584,4.098085403442383,0.9859771807140228,13.165448188781738,0.9854619065145381,0.025911331176757812,0.5599989891052246,0.025911331176757812,2,0.5231873389768127,35.066127460651614,1.7631241310998353
zipper,1,1,fabric_interior/014.png,0.35952869057655334,5.2783918380737305,1.0,14.191231727600098,1.0,0.015735626220703125,0.5358626842498779,0.015735626220703125,1,1.0,16.720122720336214,1.0067567567567568
zipper,1,1,fabric_interior/015.png,0.3194449245929718,3.325462818145752,0.9501527353512913,11.471839904785156,0.9771591224659817,0.013736724853515625,0.47431206703186035,0.013736724853515625,2,0.6594001666203833,41.47113299014508,1.5123871603762395
zipper,1,1,rough/000.png,0.006502389907836914,-0.2022022008895874,0.4543386111457424,0.048053741455078125,0.5086335868345593,0.030597686767578125,0.4404594898223877,0.030597686767578125,1,1.0,17.949110603643813,1.543004598091581
zipper,1,1,rough/001.png,0.021143555641174316,0.16399621963500977,0.5481345425324302,1.808483600616455,0.833337159912754,0.04153728485107422,0.45561152696609497,0.04153728485107422,2,0.513144300309953,34.537398426176146,1.4118230940860843
zipper,1,1,rough/002.png,0.021985352039337158,0.514460563659668,0.6918006529908212,1.6812145709991455,0.9336947370582558,0.04644298553466797,0.4340031147003174,0.04644298553466797,2,0.6037084950409659,33.564042218396004,1.6103889355689267
zipper,1,1,rough/003.png,0.021795570850372314,0.01734006404876709,0.5048884895888384,1.315901756286621,0.7911822217524574,0.07218170166015625,0.45410656929016113,0.07218170166015625,2,0.6389123771271535,37.40422457237266,2.478188910126021
zipper,1,1,rough/004.png,0.012389302253723145,0.19292128086090088,0.5647525299350995,1.7398724555969238,0.9093760479750655,0.04834461212158203,0.391981840133667,0.04834461212158203,2,0.5395616751819778,34.31913384481337,1.579837067456469
zipper,1,1,rough/005.png,0.0068367719650268555,-0.4128633737564087,0.3851143932812047,0.19371438026428223,0.538797181195096,0.04939556121826172,0.3688752055168152,0.04939556121826172,2,0.5232744473404769,33.60855358541205,1.8578820660580067
zipper,1,1,rough/006.png,0.03599122166633606,0.35724151134490967,0.5938966616488089,1.9912660121917725,0.9486296821039581,0.08615875244140625,0.4453422427177429,0.08615875244140625,2,0.5371911803772248,40.826184856720964,1.8235294117647058
zipper,1,1,rough/007.png,0.039866626262664795,0.5776118040084839,0.7232078204199855,1.567444086074829,0.9488724526740457,0.036876678466796875,0.3665023446083069,0.036876678466796875,1,1.0,17.301416000396475,1.9276315789473684
zipper,1,1,rough/008.png,0.012841969728469849,0.20376932621002197,0.5957879362071687,1.3738713264465332,0.9520369493131218,0.04831695556640625,0.35687416791915894,0.04831695556640625,1,1.0,18.555594627503176,2.246913580246914
zipper,1,1,rough/009.png,0.028610676527023315,0.23659253120422363,0.5919021345371454,1.2355539798736572,0.8624254583960319,0.03422355651855469,0.36490893363952637,0.03422355651855469,1,1.0,16.946319795110856,1.7704917583833644
zipper,1,1,rough/010.png,0.01689934730529785,0.6673558950424194,0.6376069712008128,2.349996328353882,0.8048923449650268,0.024405479431152344,0.4347018599510193,0.024405479431152344,1,1.0,15.851885155671303,1.3612563101217212
zipper,1,1,rough/011.png,0.07595691084861755,0.8178178071975708,0.726145976785363,2.175548553466797,0.83183159551446,0.024237632751464844,0.417926549911499,0.024237632751464844,1,1.0,17.392829294907077,1.3554935190037563
zipper,1,1,rough/012.png,0.0264090895652771,-0.3378257751464844,0.37428625948596006,1.256227970123291,0.820394263654645,0.0649709701538086,0.4112662076950073,0.0649709701538086,2,0.5740602110763721,34.282125033996095,1.9679487179487178
zipper,1,1,rough/013.png,0.02640208601951599,1.0206462144851685,0.7195775687734729,2.8472211360931396,0.8858536898533047,0.029709815979003906,0.48536956310272217,0.029709815979003906,1,1.0,16.79077255472581,1.6781549989955948
zipper,1,1,rough/014.png,0.03296542167663574,1.1441398859024048,0.7527983552524231,2.9366672039031982,0.9769604803707209,0.02922344207763672,0.44315648078918457,0.02922344207763672,1,1.0,16.244204839396744,1.3827681903335873
zipper,1,1,rough/015.png,0.03771495819091797,0.4850078225135803,0.5943578961309869,4.891426086425781,0.9513269208483023,0.05760478973388672,0.5396320223808289,0.05760478973388672,2,0.5191795109514428,33.85053432579086,1.636242576561443
zipper,1,1,rough/016.png,-0.001416027545928955,0.37457799911499023,0.5827046058777036,1.8124768733978271,0.8426744269598333,0.026544570922851562,0.5315108895301819,0.026544570922851562,1,1.0,16.743794508490264,1.6114347449925797
zipper,1,1,split_teeth/000.png,0.03057318925857544,0.03508669137954712,0.5148298993770963,0.9219646453857422,0.9309774796358409,0.039806365966796875,0.2851930260658264,0.039806365966796875,1,1.0,18.779017321726958,1.81812108766806
zipper,1,1,split_teeth/001.png,0.022419065237045288,0.010675191879272461,0.5047162804515746,1.0303664207458496,0.8752970885323826,0.0256805419921875,0.32261067628860474,0.0256805419921875,1,1.0,17.27149048965865,1.433178876904417
zipper,1,1,split_teeth/002.png,0.018209010362625122,1.0936766862869263,0.9228227719417147,1.956639289855957,0.92197560149102,0.011257171630859375,0.36263227462768555,0.011257171630859375,1,1.0,15.26249358566901,1.003430557787693
zipper,1,1,split_teeth/003.png,0.01438969373703003,0.013945221900939941,0.5145273080121985,0.5409178733825684,0.8494316606598281,0.03439903259277344,0.3760450482368469,0.03439903259277344,1,1.0,15.717313052457829,1.7191589195101964
zipper,1,1,split_teeth/004.png,0.04808461666107178,0.3218381404876709,0.7896011782489051,1.5808181762695312,0.9972481686756327,0.04921150207519531,0.4704294800758362,0.04921150207519531,1,1.0,15.578093036255863,1.7945945945945947
zipper,1,1,split_teeth/005.png,0.049436867237091064,0.6638050079345703,0.8373017922627963,1.3329520225524902,0.981173493104695,0.03692817687988281,0.36272597312927246,0.03692817687988281,2,0.9999741748876607,18.5386305392165,1.7958131956926509
zipper,1,1,split_teeth/006.png,0.019984036684036255,0.030733168125152588,0.5209181041893518,0.5606274604797363,0.8807668061206946,0.03328132629394531,0.3058730363845825,0.03328132629394531,2,0.9999713450627543,17.869440568138423,1.5426829268292683
zipper,1,1,split_teeth/007.png,0.046523094177246094,0.8967800140380859,0.8045680335054056,2.0709962844848633,0.829161390863933,0.019582748413085938,0.4020887017250061,0.019582748413085938,1,1.0,16.000866467034143,1.5298932130678278
zipper,1,1,split_teeth/008.png,0.01226133108139038,0.6791234016418457,0.8227186311787072,1.7093822956085205,1.0,0.0120391845703125,0.2827323079109192,0.0120391845703125,1,1.0,19.030918285054447,2.5111561571235095
zipper,1,1,split_teeth/009.png,0.04860639572143555,0.937993049621582,0.9183966282562884,1.5059998035430908,0.9662377258664754,0.021269798278808594,0.4142014980316162,0.021269798278808594,1,1.0,24.50265743224947,2.634782608695652
zipper,1,1,split_teeth/010.png,0.012660980224609375,0.00859975814819336,0.5068810627419124,0.4434185028076172,0.7754097577292492,0.03991508483886719,0.3757514953613281,0.03991508483886719,1,1.0,17.978260385214238,1.8157617630755891
zipper,1,1,split_teeth/011.png,0.03778621554374695,0.6332144737243652,0.7874107533148769,0.9148311614990234,0.9311768420030113,0.01963520050048828,0.37059175968170166,0.01963520050048828,1,1.0,16.16238791966186,1.54154949645432
zipper,1,1,split_teeth/012.png,0.02989998459815979,0.8291899561882019,0.7657242466211376,1.8070893287658691,0.9617221452791442,0.03993797302246094,0.40932387113571167,0.03993797302246094,1,1.0,18.300481157956224,1.7070907549656078
zipper,1,1,split_teeth/013.png,-0.003848165273666382,0.31736791133880615,0.6747967479674797,1.0023765563964844,0.9446674213577578,0.027800559997558594,0.21983671188354492,0.027800559997558594,1,1.0,15.067312505352877,1.2477341670277966
zipper,1,1,split_teeth/014.png,0.05885174870491028,0.7804736495018005,0.9012778440731901,1.9480857849121094,0.9406324582338902,0.038360595703125,0.40491241216659546,0.038360595703125,1,1.0,16.887987748002125,1.6220797680375805
zipper,1,1,split_teeth/015.png,0.03595587611198425,0.48827695846557617,0.737213163221214,1.302556037902832,0.7758977507902935,0.04193401336669922,0.4632077217102051,0.04193401336669922,1,1.0,17.487404523372014,1.3896203544062005
zipper,1,1,split_teeth/016.png,0.10155138373374939,0.8526566028594971,0.7167368850231041,3.3952383995056152,0.8775482468061974,0.02806854248046875,0.3774906396865845,0.02806854248046875,1,1.0,16.74251161735111,1.2449167183573233
zipper,1,1,split_teeth/017.png,0.059902966022491455,0.9629416465759277,0.759747601852865,2.8485360145568848,0.9097275413064887,0.026146888732910156,0.37151920795440674,0.026146888732910156,1,1.0,14.89308343018428,1.1213872832369942
zipper,1,1,squeezed_teeth/000.png,0.02270832657814026,0.16944164037704468,0.5641088352185876,0.44339895248413086,0.5836135738306328,0.015597343444824219,0.44213080406188965,0.015597343444824219,1,1.0,14.59530399583108,1.1276062082476648
zipper,1,1,squeezed_teeth/001.png,-0.007368564605712891,-0.24455326795578003,0.3158016682113068,0.4580965042114258,0.7062480691998765,0.02469635009765625,0.36638760566711426,0.02469635009765625,1,1.0,16.92998247268485,1.9659223896213514
zipper,1,1,squeezed_teeth/002.png,0.04516071081161499,0.2989940643310547,0.734854841416345,2.250513792037964,0.8789506069250993,0.01704883575439453,0.3400360345840454,0.01704883575439453,1,1.0,15.985409161376824,1.5585501288866068
zipper,1,1,squeezed_teeth/003.png,0.018196910619735718,-0.2937694787979126,0.2765227109443602,0.9228389263153076,0.8488864053644128,0.011946678161621094,0.38591980934143066,0.011946678161621094,1,1.0,14.78703612955118,1.1221374116827645
zipper,1,1,squeezed_teeth/004.png,0.010150700807571411,0.24222230911254883,0.6846395714452078,0.9589717388153076,1.0,0.008189201354980469,0.27651023864746094,0.008189201354980469,1,1.0,15.037133510425189,1.3902439024390243
zipper,1,1,squeezed_teeth/005.png,-0.004099816083908081,-0.4813004434108734,0.26318524292023904,0.28106236457824707,0.5693686671862821,0.0073413848876953125,0.29134291410446167,0.0073413848876953125,1,1.0,14.889189454918288,1.3132530120481927
zipper,1,1,squeezed_teeth/006.png,0.03858673572540283,0.7153210043907166,0.7859134262655906,2.7000460624694824,0.9327953044754219,0.006499290466308594,0.32171905040740967,0.006499290466308594,1,1.0,16.046683191545657,1.2857142857142858
zipper,1,1,squeezed_teeth/007.png,0.0262606143951416,0.03846484422683716,0.5286539786884377,0.8338642120361328,0.9347929809680326,0.017989158630371094,0.26295721530914307,0.017989158630371094,1,1.0,15.96784981307507,1.2362626899289826
zipper,1,1,squeezed_teeth/008.png,0.0024233460426330566,0.011344432830810547,0.517169417567824,0.5351676940917969,0.8181243280844874,0.015080451965332031,0.25440043210983276,0.015080451965332031,1,1.0,15.961401222948911,1.0164129615130666
zipper,1,1,squeezed_teeth/009.png,0.028593897819519043,-0.48087024688720703,0.2793384090312418,0.527381420135498,0.7750065634024679,0.014530181884765625,0.28185564279556274,0.014530181884765625,1,1.0,14.606555023930405,1.1076923076923078
zipper,1,1,squeezed_teeth/010.png,0.03640258312225342,0.0615009069442749,0.5249517619579568,1.1241745948791504,0.8377983142073728,0.04695415496826172,0.46645790338516235,0.04695415496826172,1,1.0,22.289841669872583,2.7866088074043684
zipper,1,1,squeezed_teeth/011.png,0.0273360013961792,-0.19138747453689575,0.3875195472484921,-0.03597211837768555,0.4897609650755827,0.012806892395019531,0.4037259817123413,0.012806892395019531,1,1.0,14.73517625915433,1.146551724137931
zipper,1,1,squeezed_teeth/012.png,-0.022680073976516724,-0.06623238325119019,0.46316985419428136,0.3674039840698242,0.5837909486839614,0.010072708129882812,0.2381446361541748,0.010072708129882812,1,1.0,15.271778402949431,1.3333333333333333
zipper,1,1,squeezed_teeth/013.png,0.026786357164382935,0.6786023378372192,0.7879072147364831,2.2508509159088135,0.9600034112229234,0.011182785034179688,0.3790971636772156,0.011182785034179688,1,1.0,17.038126108128594,1.7269797887462017
zipper,1,1,squeezed_teeth/014.png,0.16051697731018066,1.8487123250961304,0.8808076119749362,5.025873184204102,0.997818519378046,0.020546913146972656,0.3916360139846802,0.020546913146972656,1,1.0,16.773966624714095,1.4289099883113563
zipper,1,1,squeezed_teeth/015.png,0.06460818648338318,0.5553574562072754,0.689646791963707,3.9500436782836914,0.9208927414128322,0.0235443115234375,0.37925994396209717,0.0235443115234375,2,0.5324044069993519,30.25106379061467,1.0839277117723092
zipper,1,2,broken_teeth/000.png,0.024949699640274048,0.03581500053405762,0.5249955523928127,1.0793910026550293,0.987973670165451,0.026803016662597656,0.3645040988922119,0.026803016662597656,2,0.52453300124533,29.799039968670264,1.163687425103122
zipper,1,2,broken_teeth/001.png,0.08619421720504761,1.450920581817627,0.8226374416097736,4.160494804382324,0.9812432626661876,0.013270378112792969,0.4921894073486328,0.013270378112792969,2,0.5704635285662953,41.06852857096082,1.8841049921897302
zipper,1,2,broken_teeth/002.png,0.006685882806777954,0.4631226062774658,0.6526547152963802,1.2748773097991943,0.9983515351329075,0.013884544372558594,0.3714751601219177,0.013884544372558594,2,0.61487739542551,31.95827879620458,1.5885093822395142
zipper,1,2,broken_teeth/003.png,0.25672274827957153,2.941370725631714,0.956533745719651,6.592148780822754,0.9998895393792113,0.017267227172851562,0.5555546283721924,0.017267227172851562,2,0.7250082845465592,32.30389431845472,1.4252746996752774
zipper,1,2,broken_teeth/004.png,0.2583277225494385,3.3417861461639404,0.9301293431397413,6.56956672668457,0.9697565305604869,0.015041351318359375,0.47449547052383423,0.015041351318359375,1,1.0,25.549861018020817,1.979177871232068
zipper,1,2,broken_teeth/005.png,0.14609256386756897,3.0119822025299072,0.9975200755786491,5.911107063293457,1.0,0.008075714111328125,0.46591687202453613,0.008075714111328125,1,1.0,15.689032278772503,1.3296703296703296
zipper,1,2,broken_teeth/006.png,0.19452500343322754,3.2467641830444336,0.9727117680500285,5.671377658843994,1.0,0.016775131225585938,0.46766000986099243,0.016775131225585938,2,0.8198976691301876,32.99732171808237,1.5040649811148243
zipper,1,2,broken_teeth/007.png,0.15018808841705322,2.054245948791504,0.8661885287184963,7.1358184814453125,0.9317041722908315,0.04733753204345703,0.5394057631492615,0.04733753204345703,3,0.6605757801639905,53.09296060159787,1.1107667039481648
zipper,1,2,broken_teeth/008.png,0.05710071325302124,1.1577661037445068,0.8329047230759581,2.5448555946350098,0.9709590415856488,0.015204429626464844,0.42315399646759033,0.015204429626464844,1,1.0,16.975593769653994,1.23570954931122
zipper,1,2,broken_teeth/009.png,0.008885681629180908,0.35844480991363525,0.6404767159567425,1.5559673309326172,0.9159126020745972,0.008642196655273438,0.37634921073913574,0.008642196655273438,1,1.0,16.17688682063015,1.0809673303710776
zipper,1,2,broken_teeth/010.png,0.06797316670417786,2.298036575317383,0.8630218099279582,5.27452278137207,0.9824336326852857,0.009663581848144531,0.507506251335144,0.009663581848144531,1,1.0,15.813008364173124,1.3603880595760536
zipper,1,2,broken_teeth/011.png,0.21911460161209106,2.5667781829833984,0.9941764641248214,5.545915603637695,1.0,0.008679389953613281,0.4320754408836365,0.008679389953613281,1,1.0,15.846728404052428,1.0959893469599797
zipper,1,2,broken_teeth/012.png,0.10856086015701294,1.5277341604232788,0.792718955494139,3.761522054672241,0.9907557419231869,0.010006904602050781,0.4688081741333008,0.010006904602050781,1,1.0,17.101048045122557,1.2578169651166562
zipper,1,2,broken_teeth/013.png,0.21311670541763306,2.9230501651763916,0.9166636784164665,5.67839241027832,1.0,0.026595115661621094,0.5215541124343872,0.026595115661621094,2,0.7067809373543228,34.15288964437346,1.1632162010316114
zipper,1,2,broken_teeth/014.png,0.0496537983417511,1.5818760395050049,0.8295305128006807,4.455726146697998,1.0,0.012330055236816406,0.47405290603637695,0.012330055236816406,1,1.0,17.45123238901158,1.116452647042831
zipper,1,2,broken_teeth/015.png,0.025224536657333374,0.4981083273887634,0.8465163445478406,1.3236675262451172,0.9985087091386304,0.015987396240234375,0.30143946409225464,0.015987396240234375,1,1.0,18.979869059617204,1.7238087851404271
zipper,1,2,broken_teeth/016.png,0.01571798324584961,1.17484450340271,0.8725396522071469,1.7130818367004395,1.0,0.009981155395507812,0.43838202953338623,0.009981155395507812,1,1.0,18.223051007915927,1.43646904229804
zipper,1,2,broken_teeth/017.png,0.18198224902153015,4.304628849029541,0.9857099289853178,9.585169792175293,1.0,0.021889686584472656,0.5432921648025513,0.021889686584472656,1,1.0,19.43332907689207,1.9013885962231922
zipper,1,2,broken_teeth/018.png,0.1963784098625183,2.890857458114624,0.8823235602617252,7.523983955383301,1.0,0.01909351348876953,0.5310461521148682,0.01909351348876953,1,1.0,22.40896143006606,1.4895138651855069
zipper,1,2,combined/000.png,0.053187549114227295,-0.012464046478271484,0.4903794223623012,0.5974998474121094,0.725529393746423,0.11830997467041016,0.5384013056755066,0.11830997467041016,2,0.6521276509991375,37.393037679786175,2.608798730412939
zipper,1,2,combined/001.png,0.04314658045768738,0.5055181384086609,0.7931215542137043,1.072859764099121,0.9475146582655115,0.043590545654296875,0.462135910987854,0.043590545654296875,2,0.6477421895510632,29.10260126867705,1.2046783625730995
zipper,1,2,combined/002.png,8.869171142578125e-05,-0.5098841190338135,0.16463687150837988,-0.036238670349121094,0.46854748603351953,0.03414154052734375,0.23371928930282593,0.03414154052734375,2,0.74768156424581,28.399864367104104,1.172850181266274
zipper,1,2,combined/003.png,0.31612905859947205,3.8897838592529297,1.0,8.840505599975586,1.0,0.013919830322265625,0.4693833589553833,0.013919830322265625,2,0.6659358728418745,32.66971346668644,1.0803372244779583
zipper,1,2,combined/004.png,0.3573000729084015,2.790402412414551,0.7855616967888508,7.1034135818481445,0.8832186090671731,0.02812480926513672,0.5398545265197754,0.02812480926513672,3,0.4258587365636974,61.13490510035372,1.212822783800672
zipper,1,2,combined/005.png,0.021367549896240234,0.2098468542098999,0.5476322220685204,0.7131588459014893,0.7086272882371928,0.04136466979980469,0.49890023469924927,0.04136466979980469,2,0.6188730575921059,32.19809854483467,1.5072603442903603
zipper,1,2,combined/006.png,0.30075520277023315,3.5108962059020996,0.8975560481494992,6.514573097229004,0.9666376722130251,0.033987998962402344,0.6129289865493774,0.033987998962402344,2,0.5184488902606695,42.46772439034659,1.0286143314734142
zipper,1,2,combined/007.png,0.07489919662475586,0.8213939666748047,0.6388473184143667,2.4751100540161133,0.9072495040545714,0.02740192413330078,0.4434419274330139,0.02740192413330078,2,0.643162913722897,30.805001309020543,1.1445724231811496
zipper,1,2,combined/008.png,0.15486085414886475,1.2636381387710571,0.7502136447799459,3.5145678520202637,0.8888334995014955,0.026782989501953125,0.47625958919525146,0.026782989501953125,2,0.5730665147414898,40.334233199395605,2.140850919705592
zipper,1,2,combined/009.png,0.18669947981834412,2.5079329013824463,0.9322630522748956,5.466927528381348,0.9800967200710596,0.02898883819580078,0.44085270166397095,0.02898883819580078,2,0.6212455176497681,38.4789886628492,1.2974341773752143
zipper,1,2,combined/010.png,0.21482449769973755,2.95206880569458,0.8883851912906107,7.5325117111206055,0.9717700391510405,0.027769088745117188,0.5584366321563721,0.027769088745117188,2,0.8500583831307095,33.20112389770815,1.1803150444318207
zipper,1,2,combined/011.png,0.36646711826324463,3.849794626235962,0.9932324379447006,11.454121589660645,0.9998841170880942,0.04114818572998047,0.5526871085166931,0.04114818572998047,2,0.5977240596101698,50.12982255565546,1.104077703467435
zipper,1,2,combined/012.png,0.2386389970779419,2.612274646759033,0.8106180980376579,8.151289939880371,0.8654564232938746,0.048015594482421875,0.5899564027786255,0.048015594482421875,2,0.6072733772940335,40.43127952778554,1.2115425026896505
zipper,1,2,combined/013.png,0.05476614832878113,0.6934092044830322,0.5745809601301871,1.4455151557922363,0.8707892595606184,0.02930164337158203,0.6134542226791382,0.02930164337158203,3,0.5171684296175753,43.56682002284526,1.1203007518796992
zipper,1,2,combined/014.png,0.09681177139282227,1.1672282218933105,0.7547055140152492,2.375789165496826,0.83610814394637,0.05178260803222656,0.47378188371658325,0.05178260803222656,2,0.6610740727098604,29.26876664622808,1.3559322033898304
zipper,1,2,combined/015.png,0.03874582052230835,-0.009547948837280273,0.4961063499561374,0.9502229690551758,0.8649301572305823,0.0706624984741211,0.5499402284622192,0.0706624984741211,4,0.41819286051690396,64.57187712243686,1.354739622539541
zipper,1,2,fabric_border/000.png,0.40253981947898865,5.516030311584473,1.0,14.280374526977539,1.0,0.008051872253417969,0.588672399520874,0.008051872253417969,3,0.6726282127205969,43.5208465163842,1.6411149876423456
zipper,1,2,fabric_border/001.png,0.42351919412612915,5.598511219024658,1.0,11.357171058654785,1.0,0.009697914123535156,0.6552429795265198,0.009697914123535156,2,0.5386960369751205,45.746903857773674,1.2786040013261755
zipper,1,2,fabric_border/002.png,0.3198684751987457,2.124523639678955,1.0,6.211542129516602,1.0,0.003200531005859375,0.49514466524124146,0.003200531005859375,2,0.9997020262216925,53.96870121150072,5.083333333333333
zipper,1,2,fabric_border/003.png,0.37079986929893494,5.805766582489014,1.0,11.82809066772461,1.0,0.0069980621337890625,0.6391741633415222,0.0069980621337890625,1,1.0,55.21308874886534,3.931642976318405
zipper,1,2,fabric_border/004.png,0.3651488125324249,3.923095226287842,1.0,8.637421607971191,1.0,0.01843738555908203,0.5956690311431885,0.01843738555908203,2,0.7474266797703408,40.025930028579516,1.2892406987895009
zipper,1,2,fabric_border/005.png,0.3414517641067505,3.7628490924835205,0.9549853160656685,5.504642963409424,0.9856530739974002,0.01980876922607422,0.5914456844329834,0.01980876922607422,2,0.6094554908285591,55.46856999592677,1.9009279632807745
zipper,1,2,fabric_border/006.png,0.46749943494796753,4.945655345916748,1.0,18.46570587158203,1.0,0.02014923095703125,0.631259024143219,0.02014923095703125,3,0.5306228701249527,38.439455320063786,1.1598885304235218
zipper,1,2,fabric_border/007.png,0.36986207962036133,4.287782669067383,1.0,12.056756973266602,1.0,0.01667308807373047,0.6091217994689941,0.01667308807373047,2,0.656294686266659,45.072546822251994,1.7203913672218982
zipper,1,2,fabric_border/008.png,0.3949405550956726,4.503424167633057,1.0,8.821412086486816,1.0,0.02070140838623047,0.5647575855255127,0.02070140838623047,2,0.545768646058875,35.23390134021439,1.1667395721873295
zipper,1,2,fabric_border/009.png,0.40774109959602356,4.529491901397705,0.9997251452803518,11.69346809387207,1.0,0.024288177490234375,0.5600671768188477,0.024288177490234375,2,0.5133108214229621,55.87593281193648,1.4759311821129
zipper,1,2,fabric_border/010.png,0.32818514108657837,4.4490838050842285,0.9980595516895283,11.044475555419922,1.0,0.014252662658691406,0.6528152227401733,0.014252662658691406,2,0.5949815991970558,88.80360024257662,1.9151177550354335
zipper,1,2,fabric_border/011.png,0.36248406767845154,4.67235803604126,0.9999091404688352,10.327676773071289,0.9995002725785935,0.020992279052734375,0.5899175405502319,0.020992279052734375,2,0.6431491913501727,36.067970919501704,1.0079166266737887
zipper,1,2,fabric_border/012.png,0.4568767547607422,5.007030487060547,0.9999246022770112,15.132902145385742,0.9999623011385056,0.025297164916992188,0.6035522818565369,0.025297164916992188,2,0.6501922641936213,44.5849294345727,1.1240259549489682
zipper,1,2,fabric_border/013.png,0.429290235042572,6.0701093673706055,1.0,10.298543930053711,1.0,0.010809898376464844,0.6357518434524536,0.010809898376464844,1,1.0,25.173489190288752,1.1745199823205779
zipper,1,2,fabric_border/014.png,0.35696202516555786,5.254924297332764,1.0,7.644305229187012,1.0,0.009568214416503906,0.524124264717102,0.009568214416503906,1,1.0,26.87282848029153,1.9843731218129002
zipper,1,2,fabric_border/015.png,0.3844045400619507,4.165882110595703,1.0,9.463274002075195,1.0,0.022640228271484375,0.552127480506897,0.022640228271484375,2,0.5328138163437237,53.76812100373771,1.0420728458618624
zipper,1,2,fabric_border/016.png,0.34617578983306885,3.3850972652435303,0.9543177774736554,7.770806312561035,0.9322841111263173,0.034842491149902344,0.6217450499534607,0.034842491149902344,3,0.4072806897495552,86.04385829237485,2.4568856803696124
zipper,1,2,fabric_interior/000.png,0.3618190884590149,3.7022204399108887,0.9991463125444628,12.126834869384766,1.0,0.02010822296142578,0.5466936826705933,0.02010822296142578,2,0.5358311595921271,35.85099939864337,1.5615916023404424
zipper,1,2,fabric_interior/001.png,0.3278651237487793,3.549189567565918,0.9815051020408163,11.848098754882812,0.9992951127819549,0.028411865234375,0.5911802649497986,0.028411865234375,2,0.7130437701396348,34.10952989936442,1.3739555905663972
zipper,1,2,fabric_interior/002.png,0.2864230275154114,2.48677396774292,0.9389923290236611,6.7768168449401855,0.9737818273490114,0.026480674743652344,0.5058655738830566,0.026480674743652344,3,0.47210717758490295,59.119834994745524,1.1550440551278718
zipper,1,2,fabric_interior/003.png,0.4081130027770996,5.089961528778076,1.0,13.064189910888672,1.0,0.007946968078613281,0.5388001203536987,0.007946968078613281,1,1.0,22.7204216397835,2.1999430321903075
zipper,1,2,fabric_interior/004.png,0.3156629502773285,3.9511852264404297,1.0,10.466743469238281,1.0,0.009833335876464844,0.49607527256011963,0.009833335876464844,1,1.0,17.619452498247995,1.4578455096180787
zipper,1,2,fabric_interior/005.png,0.41302689909935,4.056772232055664,1.0,12.593561172485352,1.0,0.010247230529785156,0.5626633763313293,0.010247230529785156,1,1.0,19.989013776253106,1.5861781014885314
zipper,1,2,fabric_interior/006.png,0.32213807106018066,3.3177003860473633,0.9097571604009033,13.512951850891113,1.0,0.02407360076904297,0.5984060764312744,0.02407360076904297,1,1.0,25.121032335757917,1.358635688692051
zipper,1,2,fabric_interior/007.png,0.26416724920272827,2.7068088054656982,1.0,2.629549026489258,1.0,0.0015916824340820312,0.3609239459037781,0.0015916824340820312,1,1.0,15.81537616370469,1.56521740494895
zipper,1,2,fabric_interior/008.png,0.4187425374984741,4.87076473236084,0.9977213878819264,18.361478805541992,1.0,0.02762317657470703,0.6339973211288452,0.02762317657470703,1,1.0,21.051386732008023,1.1065902661556524
zipper,1,2,fabric_interior/009.png,0.35680046677589417,4.0063276290893555,0.9956777996070727,8.931694030761719,1.0,0.01941680908203125,0.5107568502426147,0.01941680908203125,1,1.0,17.83182160997546,1.0439612441634616
zipper,1,2,fabric_interior/010.png,0.36458954215049744,3.8894431591033936,1.0,10.73414421081543,1.0,0.02252960205078125,0.5331083536148071,0.02252960205078125,2,0.5008889265154081,38.303425244635285,1.0412714397944074
zipper,1,2,fabric_interior/011.png,0.4140028655529022,4.166489601135254,0.9844509545117986,13.407008171081543,0.992692270546953,0.029623985290527344,0.6134564876556396,0.029623985290527344,2,0.6804558477931945,41.26308695721457,1.4847341502156377
zipper,1,2,fabric_interior/012.png,0.2959672808647156,3.709620237350464,0.9994831596175381,6.06418514251709,1.0,0.011071205139160156,0.46730709075927734,0.011071205139160156,1,1.0,17.472421792109813,1.4972659707786145
zipper,1,2,fabric_interior/013.png,0.3419308364391327,3.8318932056427,0.989804931910195,11.308509826660156,0.9813397129186603,0.025911331176757812,0.5731073617935181,0.025911331176757812,2,0.5231873389768127,35.066127460651614,1.7631241310998353
zipper,1,2,fabric_interior/014.png,0.36752817034721375,4.9172186851501465,1.0,12.916427612304688,1.0,0.015735626220703125,0.53305983543396,0.015735626220703125,1,1.0,16.720122720336214,1.0067567567567568
zipper,1,2,fabric_interior/015.png,0.29080265760421753,2.9677324295043945,0.9462649264093307,10.135335922241211,0.9947236878644821,0.013736724853515625,0.4715561866760254,0.013736724853515625,2,0.6594001666203833,41.47113299014508,1.5123871603762395
zipper,1,2,rough/000.png,-0.005706161260604858,-0.5984624624252319,0.37062087021568385,0.16348028182983398,0.5411731704276275,0.030597686767578125,0.47276055812835693,0.030597686767578125,1,1.0,17.949110603643813,1.543004598091581
zipper,1,2,rough/001.png,0.008841276168823242,0.0566178560256958,0.5140626793709103,1.7651464939117432,0.9209046033750431,0.04153728485107422,0.5126599669456482,0.04153728485107422,2,0.513144300309953,34.537398426176146,1.4118230940860843
zipper,1,2,rough/002.png,0.013006389141082764,0.513568103313446,0.7122528183330253,1.6836981773376465,0.855151029795273,0.04644298553466797,0.42078548669815063,0.04644298553466797,2,0.6037084950409659,33.564042218396004,1.6103889355689267
zipper,1,2,rough/003.png,0.0010353624820709229,-0.36679840087890625,0.4017281471303245,1.1908955574035645,0.7675325018496988,0.07218170166015625,0.5130022764205933,0.07218170166015625,2,0.6389123771271535,37.40422457237266,2.478188910126021
zipper,1,2,rough/004.png,0.0073472559452056885,0.2925853729248047,0.5872013887518986,1.5437602996826172,0.8576332037953958,0.04834461212158203,0.41782552003860474,0.04834461212158203,2,0.5395616751819778,34.31913384481337,1.579837067456469
zipper,1,2,rough/005.png,-0.018831223249435425,-0.6372331380844116,0.3395501496283425,0.0911405086517334,0.5318080895839367,0.04939556121826172,0.4131738543510437,0.04939556121826172,2,0.5232744473404769,33.60855358541205,1.8578820660580067
zipper,1,2,rough/006.png,0.019395947456359863,0.13757747411727905,0.5364385017267334,1.7259142398834229,0.9574183122288143,0.08615875244140625,0.4679431915283203,0.08615875244140625,2,0.5371911803772248,40.826184856720964,1.8235294117647058
zipper,1,2,rough/007.png,0.022061675786972046,0.30334973335266113,0.639210716871832,1.5121266841888428,0.9316230474811213,0.036876678466796875,0.4396635890007019,0.036876678466796875,1,1.0,17.301416000396475,1.9276315789473684
zipper,1,2,rough/008.png,-0.004500836133956909,0.016493499279022217,0.5069279962103269,0.9365928173065186,0.9217590399494711,0.04831695556640625,0.405611515045166,0.04831695556640625,1,1.0,18.555594627503176,2.246913580246914
zipper,1,2,rough/009.png,0.01987701654434204,0.15441346168518066,0.5531405004737223,1.7534186840057373,0.9917795240483754,0.03422355651855469,0.32943105697631836,0.03422355651855469,1,1.0,16.946319795110856,1.7704917583833644
zipper,1,2,rough/010.png,0.015186399221420288,0.6255922913551331,0.6063069047712086,2.0761945247650146,0.8123168301355945,0.024405479431152344,0.47915828227996826,0.024405479431152344,1,1.0,15.851885155671303,1.3612563101217212
zipper,1,2,rough/011.png,0.06986063718795776,0.45766007900238037,0.6241589612433602,2.8438656330108643,0.9044658666142043,0.024237632751464844,0.47179079055786133,0.024237632751464844,1,1.0,17.392829294907077,1.3554935190037563
zipper,1,2,rough/012.png,0.01274213194847107,-0.5598981976509094,0.33281958694790614,1.3027091026306152,0.9251985262817972,0.0649709701538086,0.4167975187301636,0.0649709701538086,2,0.5740602110763721,34.282125033996095,1.9679487179487178
zipper,1,2,rough/013.png,0.019631683826446533,0.8491838574409485,0.6680576509485443,2.665248155593872,0.874939813180111,0.029709815979003906,0.5467073917388916,0.029709815979003906,1,1.0,16.79077255472581,1.6781549989955948
zipper,1,2,rough/014.png,0.019839197397232056,0.942438542842865,0.7086773488235486,2.001683473587036,0.968867278008028,0.02922344207763672,0.44449079036712646,0.02922344207763672,1,1.0,16.244204839396744,1.3827681903335873
zipper,1,2,rough/015.png,0.03165140748023987,0.6568531394004822,0.6147542340612221,3.8636248111724854,0.9302518086849991,0.05760478973388672,0.6467466354370117,0.05760478973388672,2,0.5191795109514428,33.85053432579086,1.636242576561443
zipper,1,2,rough/016.png,-0.013650327920913696,0.27859723567962646,0.5556872889272113,1.213709831237793,0.8060645254005893,0.026544570922851562,0.553992509841919,0.026544570922851562,1,1.0,16.743794508490264,1.6114347449925797
zipper,1,2,split_teeth/000.png,0.03080505132675171,-0.039640605449676514,0.46341638715860084,1.0562903881072998,0.9540488739817921,0.039806365966796875,0.33336806297302246,0.039806365966796875,1,1.0,18.779017321726958,1.81812108766806
zipper,1,2,split_teeth/001.png,0.01802387833595276,0.035513997077941895,0.5139631610219846,1.2001607418060303,0.9035947712418301,0.0256805419921875,0.3112207055091858,0.0256805419921875,1,1.0,17.27149048965865,1.433178876904417
zipper,1,2,split_teeth/002.png,0.02320176362991333,1.12235689163208,0.939173161640122,2.1765949726104736,0.9745848864791596,0.011257171630859375,0.35895025730133057,0.011257171630859375,1,1.0,15.26249358566901,1.003430557787693
zipper,1,2,split_teeth/003.png,0.016009539365768433,-0.115101158618927,0.44053229830884394,0.46160435676574707,0.782145827557527,0.03439903259277344,0.3762025833129883,0.03439903259277344,1,1.0,15.717313052457829,1.7191589195101964
zipper,1,2,split_teeth/004.png,0.04115372896194458,0.3210603594779968,0.7860548040773614,1.4683876037597656,0.9089763962637107,0.04921150207519531,0.4438159465789795,0.04921150207519531,1,1.0,15.578093036255863,1.7945945945945947
zipper,1,2,split_teeth/005.png,0.03400886058807373,0.3702101707458496,0.7140643561799493,0.9572849273681641,0.7872527245493518,0.03692817687988281,0.356764018535614,0.03692817687988281,2,0.9999741748876607,18.5386305392165,1.7958131956926509
zipper,1,2,split_teeth/006.png,0.01565590500831604,0.10152554512023926,0.5605765373373832,0.4403369426727295,0.8134277035933292,0.03328132629394531,0.265865683555603,0.03328132629394531,2,0.9999713450627543,17.869440568138423,1.5426829268292683
zipper,1,2,split_teeth/007.png,0.05604878067970276,1.240705966949463,0.8396318301353852,1.8732807636260986,0.8516119606506283,0.019582748413085938,0.4478793144226074,0.019582748413085938,1,1.0,16.000866467034143,1.5298932130678278
zipper,1,2,split_teeth/008.png,0.010197281837463379,0.8117605447769165,0.846958174904943,1.6369352340698242,0.9892268694550064,0.0120391845703125,0.2685973644256592,0.0120391845703125,1,1.0,19.030918285054447,2.5111561571235095
zipper,1,2,split_teeth/009.png,0.03160718083381653,0.5321470499038696,0.7452809039142716,1.5062987804412842,0.9101017800295924,0.021269798278808594,0.40200942754745483,0.021269798278808594,1,1.0,24.50265743224947,2.634782608695652
zipper,1,2,split_teeth/010.png,0.01891082525253296,-0.08702212572097778,0.44812921106704257,0.2954730987548828,0.7291537248530606,0.03991508483886719,0.4332461953163147,0.03991508483886719,1,1.0,17.978260385214238,1.8157617630755891
zipper,1,2,split_teeth/011.png,0.01804444193840027,0.4956238865852356,0.7184418864442178,1.0147864818572998,0.8630822283743746,0.01963520050048828,0.3933354616165161,0.01963520050048828,1,1.0,16.16238791966186,1.54154949645432
zipper,1,2,split_teeth/012.png,0.025195449590682983,0.7852924466133118,0.7261569320406897,1.9130280017852783,0.877023735612971,0.03993797302246094,0.4541506767272949,0.03993797302246094,1,1.0,18.300481157956224,1.7070907549656078
zipper,1,2,split_teeth/013.png,0.010911792516708374,0.5337592363357544,0.791156392576584,1.0209479331970215,0.93866419676855,0.027800559997558594,0.39506661891937256,0.027800559997558594,1,1.0,15.067312505352877,1.2477341670277966
zipper,1,2,split_teeth/014.png,0.055216193199157715,0.6368102431297302,0.8659506762132061,1.8443775177001953,0.9365801511535402,0.038360595703125,0.4076440930366516,0.038360595703125,1,1.0,16.887987748002125,1.6220797680375805
zipper,1,2,split_teeth/015.png,0.04119846224784851,0.46146464347839355,0.6563416797434672,1.6827268600463867,0.8607946146323714,0.04193401336669922,0.5569498538970947,0.04193401336669922,1,1.0,17.487404523372014,1.3896203544062005
zipper,1,2,split_teeth/016.png,0.12425079941749573,0.8003649711608887,0.7228187007338951,3.944242000579834,0.9625917368850231,0.02806854248046875,0.41362202167510986,0.02806854248046875,1,1.0,16.74251161735111,1.2449167183573233
zipper,1,2,split_teeth/017.png,0.07209748029708862,0.776958167552948,0.6982529087792245,3.0433106422424316,1.0,0.026146888732910156,0.38436442613601685,0.026146888732910156,1,1.0,14.89308343018428,1.1213872832369942
zipper,1,2,squeezed_teeth/000.png,0.018732309341430664,0.037183284759521484,0.5096300825435647,1.011249303817749,0.8073372057474778,0.015597343444824219,0.4300087094306946,0.015597343444824219,1,1.0,14.59530399583108,1.1276062082476648
zipper,1,2,squeezed_teeth/001.png,-0.020453542470932007,-0.2279401421546936,0.3270003089280198,1.077155351638794,0.9944006796416435,0.02469635009765625,0.313793420791626,0.02469635009765625,1,1.0,16.92998247268485,1.9659223896213514
zipper,1,2,squeezed_teeth/002.png,0.05169922113418579,0.4221816062927246,0.7302120042512726,3.073910713195801,0.9707445320803266,0.01704883575439453,0.366081178188324,0.01704883575439453,1,1.0,15.985409161376824,1.5585501288866068
zipper,1,2,squeezed_teeth/003.png,-0.000986546277999878,-0.4091620445251465,0.2564061626885926,1.420180082321167,0.9804422447513371,0.011946678161621094,0.41485172510147095,0.011946678161621094,1,1.0,14.78703612955118,1.1221374116827645
zipper,1,2,squeezed_teeth/004.png,0.008077859878540039,0.20418250560760498,0.6315360428554793,0.9803369045257568,1.0,0.008189201354980469,0.27053308486938477,0.008189201354980469,1,1.0,15.037133510425189,1.3902439024390243
zipper,1,2,squeezed_teeth/005.png,-0.011720031499862671,-0.6520079970359802,0.25785918420368925,0.7282066345214844,0.9716809560924916,0.0073413848876953125,0.28013551235198975,0.0073413848876953125,1,1.0,14.889189454918288,1.3132530120481927
zipper,1,2,squeezed_teeth/006.png,0.048112452030181885,0.5043468475341797,0.7099046221570066,2.0713815689086914,0.9484959647835657,0.006499290466308594,0.3274005055427551,0.006499290466308594,1,1.0,16.046683191545657,1.2857142857142858
zipper,1,2,squeezed_teeth/007.png,0.01820853352546692,-0.041091859340667725,0.4672639558924879,0.9951295852661133,0.9182526639452897,0.017989158630371094,0.2498803734779358,0.017989158630371094,1,1.0,15.96784981307507,1.2362626899289826
zipper,1,2,squeezed_teeth/008.png,-0.006142705678939819,-0.23934945464134216,0.30443306140517296,0.24170589447021484,0.6010244735344337,0.015080451965332031,0.2496955394744873,0.015080451965332031,1,1.0,15.961401222948911,1.0164129615130666
zipper,1,2,squeezed_teeth/009.png,0.04166838526725769,-0.7137799263000488,0.14190076135468627,0.6425390243530273,0.8997112102914151,0.014530181884765625,0.26676928997039795,0.014530181884765625,1,1.0,14.606555023930405,1.1076923076923078
zipper,1,2,squeezed_teeth/010.png,0.03421425819396973,0.11681842803955078,0.5522494160658068,1.215496301651001,0.8483802173250736,0.04695415496826172,0.41670024394989014,0.04695415496826172,1,1.0,22.289841669872583,2.7866088074043684
zipper,1,2,squeezed_teeth/011.png,0.0133589506149292,0.026166200637817383,0.5284086678084742,1.6634252071380615,0.9702137165835133,0.012806892395019531,0.40746307373046875,0.012806892395019531,1,1.0,14.73517625915433,1.146551724137931
zipper,1,2,squeezed_teeth/012.png,-0.022931188344955444,-0.24211543798446655,0.41081234614656315,0.8031642436981201,0.9723537208861958,0.010072708129882812,0.2523126006126404,0.010072708129882812,1,1.0,15.271778402949431,1.3333333333333333
zipper,1,2,squeezed_teeth/013.png,0.03287896513938904,0.6409988403320312,0.7097049292171244,1.8395662307739258,0.9871226334640969,0.011182785034179688,0.377805233001709,0.011182785034179688,1,1.0,17.038126108128594,1.7269797887462017
zipper,1,2,squeezed_teeth/014.png,0.15102216601371765,1.473594307899475,0.7850545370155488,4.644741535186768,0.9666279879322348,0.020546913146972656,0.39127349853515625,0.020546913146972656,1,1.0,16.773966624714095,1.4289099883113563
zipper,1,2,squeezed_teeth/015.png,0.07278871536254883,0.5858207941055298,0.7177981205443941,4.52343225479126,0.9571856772521062,0.0235443115234375,0.3848971128463745,0.0235443115234375,2,0.5324044069993519,30.25106379061467,1.0839277117723092
zipper,4,0,broken_teeth/000.png,0.032376110553741455,0.1947007179260254,0.6560754314178971,0.5933047533035278,0.9039316847536025,0.026803016662597656,0.29623985290527344,0.026803016662597656,2,0.52453300124533,29.799039968670264,1.163687425103122
zipper,4,0,broken_teeth/001.png,0.07419443130493164,1.5790355205535889,0.9006108515989939,3.2986209392547607,0.974200503054258,0.013270378112792969,0.3678244352340698,0.013270378112792969,2,0.5704635285662953,41.06852857096082,1.8841049921897302
zipper,4,0,broken_teeth/002.png,0.007096827030181885,0.7920055985450745,0.7807541726766948,1.3311306238174438,0.9442956246994986,0.013884544372558594,0.27787572145462036,0.013884544372558594,2,0.61487739542551,31.95827879620458,1.5885093822395142
zipper,4,0,broken_teeth/003.png,0.25833040475845337,3.4127657413482666,0.9713906992157296,6.386593818664551,1.0,0.017267227172851562,0.5085893869400024,0.017267227172851562,2,0.7250082845465592,32.30389431845472,1.4252746996752774
zipper,4,0,broken_teeth/004.png,0.28570830821990967,3.950377941131592,0.9283540451432919,7.042688369750977,0.999682982500634,0.015041351318359375,0.4323124885559082,0.015041351318359375,1,1.0,25.549861018020817,1.979177871232068
zipper,4,0,broken_teeth/005.png,0.15866893529891968,3.481557846069336,1.0,6.16827917098999,1.0,0.008075714111328125,0.4079325795173645,0.008075714111328125,1,1.0,15.689032278772503,1.3296703296703296
zipper,4,0,broken_teeth/006.png,0.23188596963882446,3.964367389678955,0.988345650938033,5.912119388580322,1.0,0.016775131225585938,0.4362972378730774,0.016775131225585938,2,0.8198976691301876,32.99732171808237,1.5040649811148243
zipper,4,0,broken_teeth/007.png,0.15275001525878906,2.6712441444396973,0.9083949473175252,5.990796089172363,0.925499123637609,0.04733753204345703,0.5163952708244324,0.04733753204345703,3,0.6605757801639905,53.09296060159787,1.1107667039481648
zipper,4,0,broken_teeth/008.png,0.06186971068382263,1.4990110397338867,0.8914257040707521,1.9736111164093018,0.9951702941729913,0.015204429626464844,0.39940983057022095,0.015204429626464844,1,1.0,16.975593769653994,1.23570954931122
zipper,4,0,broken_teeth/009.png,0.024887919425964355,0.33998435735702515,0.6474288236592364,1.2365353107452393,0.9655705142352682,0.008642196655273438,0.25586581230163574,0.008642196655273438,1,1.0,16.17688682063015,1.0809673303710776
zipper,4,0,broken_teeth/010.png,0.09821003675460815,3.1505837440490723,0.9397019638803908,5.142756462097168,0.9924010658245337,0.009663581848144531,0.4704483151435852,0.009663581848144531,1,1.0,15.813008364173124,1.3603880595760536
zipper,4,0,broken_teeth/011.png,0.20044976472854614,2.950148105621338,1.0,5.8425822257995605,1.0,0.008679389953613281,0.34588730335235596,0.008679389953613281,1,1.0,15.846728404052428,1.0959893469599797
zipper,4,0,broken_teeth/012.png,0.12790393829345703,2.352112054824829,0.9059372915276851,3.636300802230835,0.9641665872486419,0.010006904602050781,0.4460102915763855,0.010006904602050781,1,1.0,17.101048045122557,1.2578169651166562
zipper,4,0,broken_teeth/013.png,0.23711830377578735,4.0374674797058105,0.9547459389679779,6.004621505737305,0.9967009717789651,0.026595115661621094,0.47107428312301636,0.026595115661621094,2,0.7067809373543228,34.15288964437346,1.1632162010316114
zipper,4,0,broken_teeth/014.png,0.0625760555267334,2.3979475498199463,0.981669115940908,3.792097568511963,1.0,0.012330055236816406,0.4156917929649353,0.012330055236816406,1,1.0,17.45123238901158,1.116452647042831
zipper,4,0,broken_teeth/015.png,0.017287909984588623,0.5058571100234985,0.8299331901694107,1.1159077882766724,0.9982701026008113,0.015987396240234375,0.25613558292388916,0.015987396240234375,1,1.0,18.979869059617204,1.7238087851404271
zipper,4,0,broken_teeth/016.png,0.012885510921478271,1.5466769933700562,0.9696158991018536,2.0351548194885254,1.0,0.009981155395507812,0.3611398935317993,0.009981155395507812,1,1.0,18.223051007915927,1.43646904229804
zipper,4,0,broken_teeth/017.png,0.16220003366470337,4.82174825668335,1.0,7.767630100250244,1.0,0.021889686584472656,0.46618562936782837,0.021889686584472656,1,1.0,19.43332907689207,1.9013885962231922
zipper,4,0,broken_teeth/018.png,0.1784210205078125,3.51401948928833,0.9660856101093851,6.996683597564697,1.0,0.01909351348876953,0.47235655784606934,0.01909351348876953,1,1.0,22.40896143006606,1.4895138651855069
zipper,4,0,combined/000.png,0.04597863554954529,0.18095552921295166,0.579797996082446,0.7501778602600098,0.765801204285127,0.11830997467041016,0.5362085103988647,0.11830997467041016,2,0.6521276509991375,37.393037679786175,2.608798730412939
zipper,4,0,combined/001.png,0.019385069608688354,0.38607269525527954,0.7882865143957294,0.9070637226104736,0.9326376126717424,0.043590545654296875,0.3658406138420105,0.043590545654296875,2,0.6477421895510632,29.10260126867705,1.2046783625730995
zipper,4,0,combined/002.png,-0.006730079650878906,-0.6025741100311279,0.16955307262569833,-0.1100003719329834,0.41282122905027935,0.03414154052734375,0.22209233045578003,0.03414154052734375,2,0.74768156424581,28.399864367104104,1.172850181266274
zipper,4,0,combined/003.png,0.31312957406044006,4.740947723388672,1.0,8.715484619140625,1.0,0.013919830322265625,0.45056724548339844,0.013919830322265625,2,0.6659358728418745,32.66971346668644,1.0803372244779583
zipper,4,0,combined/004.png,0.3472745418548584,3.2370128631591797,0.7945813977145569,7.8140645027160645,0.8329998982740497,0.02812480926513672,0.5559734106063843,0.02812480926513672,3,0.4258587365636974,61.13490510035372,1.212822783800672
zipper,4,0,combined/005.png,0.0369584858417511,0.6036772727966309,0.610088993406188,1.0726385116577148,0.7058837091345045,0.04136466979980469,0.4291619658470154,0.04136466979980469,2,0.6188730575921059,32.19809854483467,1.5072603442903603
zipper,4,0,combined/006.png,0.2976304292678833,3.7290711402893066,0.9184039956227728,6.406135559082031,0.9535340497769298,0.033987998962402344,0.564760684967041,0.033987998962402344,2,0.5184488902606695,42.46772439034659,1.0286143314734142
zipper,4,0,combined/007.png,0.0717119574546814,1.0967495441436768,0.6769568092437267,2.107811212539673,0.8556363762920683,0.02740192413330078,0.4218214750289917,0.02740192413330078,2,0.643162913722897,30.805001309020543,1.1445724231811496
zipper,4,0,combined/008.png,0.20070070028305054,1.7669248580932617,0.7764563452499644,3.7446184158325195,0.8799672411337416,0.026782989501953125,0.44347018003463745,0.026782989501953125,2,0.5730665147414898,40.334233199395605,2.140850919705592
zipper,4,0,combined/009.png,0.21856045722961426,3.2091245651245117,0.9537125374214561,5.954244136810303,0.9905911767608646,0.02898883819580078,0.41865867376327515,0.02898883819580078,2,0.6212455176497681,38.4789886628492,1.2974341773752143
zipper,4,0,combined/010.png,0.23241093754768372,3.92157244682312,0.9171989834466653,7.154838562011719,0.9601620990452641,0.027769088745117188,0.5331238508224487,0.027769088745117188,2,0.8500583831307095,33.20112389770815,1.1803150444318207
zipper,4,0,combined/011.png,0.359755277633667,4.77868127822876,0.9970102208728301,11.071462631225586,0.9998841170880942,0.04114818572998047,0.5688236355781555,0.04114818572998047,2,0.5977240596101698,50.12982255565546,1.104077703467435
zipper,4,0,combined/012.png,0.22997257113456726,3.414949893951416,0.8143918328434099,8.15014934539795,0.9247040597441805,0.048015594482421875,0.5668820142745972,0.048015594482421875,2,0.6072733772940335,40.43127952778554,1.2115425026896505
zipper,4,0,combined/013.png,0.05599537491798401,0.849122166633606,0.7007323026851099,1.2039985656738281,0.7636452400325467,0.02930164337158203,0.6026880741119385,0.02930164337158203,3,0.5171684296175753,43.56682002284526,1.1203007518796992
zipper,4,0,combined/014.png,0.09216028451919556,1.5716006755828857,0.7711333750782717,2.4677629470825195,0.8454823382076688,0.05178260803222656,0.4582732915878296,0.05178260803222656,2,0.6610740727098604,29.26876664622808,1.3559322033898304
zipper,4,0,combined/015.png,0.04334482550621033,0.19948410987854004,0.5625885687293339,1.0616803169250488,0.9269046494365342,0.0706624984741211,0.5240103006362915,0.0706624984741211,4,0.41819286051690396,64.57187712243686,1.354739622539541
zipper,4,0,fabric_border/000.png,0.4204643964767456,6.606448650360107,1.0,13.125164985656738,1.0,0.008051872253417969,0.5584790706634521,0.008051872253417969,3,0.6726282127205969,43.5208465163842,1.6411149876423456
zipper,4,0,fabric_border/001.png,0.43115997314453125,6.580920219421387,1.0,10.811376571655273,1.0,0.009697914123535156,0.6230942606925964,0.009697914123535156,2,0.5386960369751205,45.746903857773674,1.2786040013261755
zipper,4,0,fabric_border/002.png,0.3068978786468506,2.4142751693725586,1.0,6.871654510498047,1.0,0.003200531005859375,0.4615855813026428,0.003200531005859375,2,0.9997020262216925,53.96870121150072,5.083333333333333
zipper,4,0,fabric_border/003.png,0.3709568977355957,6.6692891120910645,1.0,10.870327949523926,1.0,0.0069980621337890625,0.6154361963272095,0.0069980621337890625,1,1.0,55.21308874886534,3.931642976318405
zipper,4,0,fabric_border/004.png,0.3367804288864136,4.529951095581055,1.0,6.790042400360107,1.0,0.01843738555908203,0.5435510873794556,0.01843738555908203,2,0.7474266797703408,40.025930028579516,1.2892406987895009
zipper,4,0,fabric_border/005.png,0.316040962934494,4.433483123779297,0.9709209956188917,5.771643161773682,1.0,0.01980876922607422,0.5932028293609619,0.01980876922607422,2,0.6094554908285591,55.46856999592677,1.9009279632807745
zipper,4,0,fabric_border/006.png,0.469065397977829,6.059535980224609,1.0,16.572032928466797,1.0,0.02014923095703125,0.6057214736938477,0.02014923095703125,3,0.5306228701249527,38.439455320063786,1.1598885304235218
zipper,4,0,fabric_border/007.png,0.3809104561805725,5.593654155731201,1.0,11.003618240356445,1.0,0.01667308807373047,0.5615836381912231,0.01667308807373047,2,0.656294686266659,45.072546822251994,1.7203913672218982
zipper,4,0,fabric_border/008.png,0.41181066632270813,5.515875339508057,1.0,8.347891807556152,1.0,0.02070140838623047,0.5233588218688965,0.02070140838623047,2,0.545768646058875,35.23390134021439,1.1667395721873295
zipper,4,0,fabric_border/009.png,0.40800943970680237,5.663084506988525,1.0,10.877769470214844,1.0,0.024288177490234375,0.55485600233078,0.024288177490234375,2,0.5133108214229621,55.87593281193648,1.4759311821129
zipper,4,0,fabric_border/010.png,0.3294372856616974,5.239373207092285,0.9990632318501171,10.21593952178955,1.0,0.014252662658691406,0.6135701537132263,0.014252662658691406,2,0.5949815991970558,88.80360024257662,1.9151177550354335
zipper,4,0,fabric_border/011.png,0.3528732359409332,5.040139198303223,0.9999545702344176,9.40707778930664,0.9998182809376703,0.020992279052734375,0.5476149916648865,0.020992279052734375,2,0.6431491913501727,36.067970919501704,1.0079166266737887
zipper,4,0,fabric_border/012.png,0.45108509063720703,5.7815141677856445,1.0,14.52423095703125,1.0,0.025297164916992188,0.5695900917053223,0.025297164916992188,2,0.6501922641936213,44.5849294345727,1.1240259549489682
zipper,4,0,fabric_border/013.png,0.4056975841522217,7.360270023345947,1.0,9.919267654418945,1.0,0.010809898376464844,0.627834677696228,0.010809898376464844,1,1.0,25.173489190288752,1.1745199823205779
zipper,4,0,fabric_border/014.png,0.29670077562332153,5.344447135925293,1.0,8.595637321472168,1.0,0.009568214416503906,0.4575146436691284,0.009568214416503906,1,1.0,26.87282848029153,1.9843731218129002
zipper,4,0,fabric_border/015.png,0.40102672576904297,4.937734603881836,1.0,9.633651733398438,1.0,0.022640228271484375,0.5293964147567749,0.022640228271484375,2,0.5328138163437237,53.76812100373771,1.0420728458618624
zipper,4,0,fabric_border/016.png,0.3489408791065216,3.9484925270080566,0.9472286848227727,8.048754692077637,0.9628027918434378,0.034842491149902344,0.5685918927192688,0.034842491149902344,3,0.4072806897495552,86.04385829237485,2.4568856803696124
zipper,4,0,fabric_interior/000.png,0.3664069175720215,4.356388092041016,0.9998102916765473,11.366277694702148,1.0,0.02010822296142578,0.5232776999473572,0.02010822296142578,2,0.5358311595921271,35.85099939864337,1.5615916023404424
zipper,4,0,fabric_interior/001.png,0.32809126377105713,4.160351276397705,0.9936224489795918,10.459001541137695,0.9993958109559613,0.028411865234375,0.5589720010757446,0.028411865234375,2,0.7130437701396348,34.10952989936442,1.3739555905663972
zipper,4,0,fabric_interior/002.png,0.28148701786994934,3.1028103828430176,0.9631216912161918,6.053257942199707,0.9931933590233011,0.026480674743652344,0.4938202500343323,0.026480674743652344,3,0.47210717758490295,59.119834994745524,1.1550440551278718
zipper,4,0,fabric_interior/003.png,0.4135192036628723,6.063107967376709,1.0,13.561875343322754,1.0,0.007946968078613281,0.538960874080658,0.007946968078613281,1,1.0,22.7204216397835,2.1999430321903075
zipper,4,0,fabric_interior/004.png,0.3205154538154602,4.716660499572754,1.0,9.921566009521484,1.0,0.009833335876464844,0.43109971284866333,0.009833335876464844,1,1.0,17.619452498247995,1.4578455096180787
zipper,4,0,fabric_interior/005.png,0.3941709101200104,5.187763214111328,1.0,11.479870796203613,1.0,0.010247230529785156,0.5179311633110046,0.010247230529785156,1,1.0,19.989013776253106,1.5861781014885314
zipper,4,0,fabric_interior/006.png,0.3310231566429138,4.347525119781494,0.9455690686526957,11.463671684265137,0.9848670918670522,0.02407360076904297,0.5547389388084412,0.02407360076904297,1,1.0,25.121032335757917,1.358635688692051
zipper,4,0,fabric_interior/007.png,0.288301944732666,3.9923672676086426,1.0,3.326810121536255,1.0,0.0015916824340820312,0.36760908365249634,0.0015916824340820312,1,1.0,15.81537616370469,1.56521740494895
zipper,4,0,fabric_interior/008.png,0.41775089502334595,5.612821578979492,1.0,15.8482666015625,1.0,0.02762317657470703,0.6020218133926392,0.02762317657470703,1,1.0,21.051386732008023,1.1065902661556524
zipper,4,0,fabric_interior/009.png,0.34003761410713196,4.929372787475586,0.9955304518664048,8.519035339355469,1.0,0.01941680908203125,0.47371941804885864,0.01941680908203125,1,1.0,17.83182160997546,1.0439612441634616
zipper,4,0,fabric_interior/010.png,0.34934717416763306,4.371422290802002,1.0,11.020262718200684,1.0,0.02252960205078125,0.5193623900413513,0.02252960205078125,2,0.5008889265154081,38.303425244635285,1.0412714397944074
zipper,4,0,fabric_interior/011.png,0.39797502756118774,4.856123924255371,0.9893442359076715,13.03094482421875,0.9984225606026462,0.029623985290527344,0.5955082178115845,0.029623985290527344,2,0.6804558477931945,41.26308695721457,1.4847341502156377
zipper,4,0,fabric_interior/012.png,0.28760412335395813,4.580655097961426,1.0,6.512424945831299,1.0,0.011071205139160156,0.3839889168739319,0.011071205139160156,1,1.0,17.472421792109813,1.4972659707786145
zipper,4,0,fabric_interior/013.png,0.33823397755622864,4.07758903503418,0.9864556496135444,10.897356986999512,0.9916083916083916,0.025911331176757812,0.5194031000137329,0.025911331176757812,2,0.5231873389768127,35.066127460651614,1.7631241310998353
zipper,4,0,fabric_interior/014.png,0.35375815629959106,5.816610813140869,1.0,12.42803955078125,1.0,0.015735626220703125,0.49572277069091797,0.015735626220703125,1,1.0,16.720122720336214,1.0067567567567568
zipper,4,0,fabric_interior/015.png,0.36132529377937317,4.534200668334961,0.953971119133574,9.938785552978516,0.9814634823660094,0.013736724853515625,0.45877575874328613,0.013736724853515625,2,0.6594001666203833,41.47113299014508,1.5123871603762395
zipper,4,0,rough/000.png,0.002618730068206787,-0.42682862281799316,0.40708764493205335,0.6077935695648193,0.6288804388480239,0.030597686767578125,0.3618660569190979,0.030597686767578125,1,1.0,17.949110603643813,1.543004598091581
zipper,4,0,rough/001.png,0.029393821954727173,0.30938172340393066,0.5697394099414533,1.7159602642059326,0.869865687062335,0.04153728485107422,0.43840473890304565,0.04153728485107422,2,0.513144300309953,34.537398426176146,1.4118230940860843
zipper,4,0,rough/002.png,0.011849939823150635,0.5775743126869202,0.7014928437955605,1.5508514642715454,0.9828538573687344,0.04644298553466797,0.3934484124183655,0.04644298553466797,2,0.6037084950409659,33.564042218396004,1.6103889355689267
zipper,4,0,rough/003.png,0.006608843803405762,-0.07748830318450928,0.47617852235493074,0.8135349750518799,0.7547035197125039,0.07218170166015625,0.4614033102989197,0.07218170166015625,2,0.6389123771271535,37.40422457237266,2.478188910126021
zipper,4,0,rough/004.png,0.014000684022903442,0.4837692975997925,0.6523385871816622,1.4462227821350098,0.892253368315152,0.04834461212158203,0.37120521068573,0.04834461212158203,2,0.5395616751819778,34.31913384481337,1.579837067456469
zipper,4,0,rough/005.png,0.0010534226894378662,-0.2774655222892761,0.4290375518872478,0.06696605682373047,0.5176368375325804,0.04939556121826172,0.3938975930213928,0.04939556121826172,2,0.5232744473404769,33.60855358541205,1.8578820660580067
zipper,4,0,rough/006.png,0.020720750093460083,0.4400150179862976,0.6047662268662003,1.375765323638916,0.9538873638537146,0.08615875244140625,0.44570082426071167,0.08615875244140625,2,0.5371911803772248,40.826184856720964,1.8235294117647058
zipper,4,0,rough/007.png,0.03258386254310608,0.8253963589668274,0.7439226233578152,1.2004894018173218,0.9396658735905659,0.036876678466796875,0.3623858094215393,0.036876678466796875,1,1.0,17.301416000396475,1.9276315789473684
zipper,4,0,rough/008.png,-0.0001036524772644043,0.033754050731658936,0.5143691773251223,0.9784246683120728,0.949569714195484,0.04831695556640625,0.3277367949485779,0.04831695556640625,1,1.0,18.555594627503176,2.246913580246914
zipper,4,0,rough/009.png,0.030364543199539185,0.7048791646957397,0.7229281613999888,1.0985312461853027,0.879256534581731,0.03422355651855469,0.25627487897872925,0.03422355651855469,1,1.0,16.946319795110856,1.7704917583833644
zipper,4,0,rough/010.png,0.008881032466888428,0.8697562217712402,0.6561291078894924,2.1160826683044434,0.8716736352623969,0.024405479431152344,0.3916640877723694,0.024405479431152344,1,1.0,15.851885155671303,1.3612563101217212
zipper,4,0,rough/011.png,0.06647893786430359,0.9998030662536621,0.7362187684438324,2.178788661956787,0.8635844973440882,0.024237632751464844,0.3782750368118286,0.024237632751464844,1,1.0,17.392829294907077,1.3554935190037563
zipper,4,0,rough/012.png,0.026277780532836914,-0.33213329315185547,0.384238260895093,0.9702475070953369,0.8610976558486356,0.0649709701538086,0.3966500163078308,0.0649709701538086,2,0.5740602110763721,34.282125033996095,1.9679487179487178
zipper,4,0,rough/013.png,0.03032556176185608,1.3872078657150269,0.7570057458350721,2.184962272644043,0.9030911950694958,0.029709815979003906,0.43634897470474243,0.029709815979003906,1,1.0,16.79077255472581,1.6781549989955948
zipper,4,0,rough/014.png,0.04273506999015808,1.5918335914611816,0.8195672747446399,2.2423782348632812,0.9977482622458637,0.02922344207763672,0.40868014097213745,0.02922344207763672,1,1.0,16.244204839396744,1.3827681903335873
zipper,4,0,rough/015.png,0.04108095169067383,0.8964998126029968,0.6531794778405046,3.6118128299713135,0.9396056487260567,0.05760478973388672,0.5372140407562256,0.05760478973388672,2,0.5191795109514428,33.85053432579086,1.636242576561443
zipper,4,0,rough/016.png,-0.004305988550186157,0.588098406791687,0.6263921822231803,1.4207744598388672,0.798412014083495,0.026544570922851562,0.4556829333305359,0.026544570922851562,1,1.0,16.743794508490264,1.6114347449925797
zipper,4,0,split_teeth/000.png,0.03281766176223755,0.05198317766189575,0.536152371825587,0.7468774318695068,0.9693818878773359,0.039806365966796875,0.28489506244659424,0.039806365966796875,1,1.0,18.779017321726958,1.81812108766806
zipper,4,0,split_teeth/001.png,0.023627638816833496,0.09194827079772949,0.5444890077243019,1.047412395477295,0.9731134878193701,0.0256805419921875,0.27427947521209717,0.0256805419921875,1,1.0,17.27149048965865,1.433178876904417
zipper,4,0,split_teeth/002.png,0.020507723093032837,1.3856613636016846,0.9428159945781092,2.2317426204681396,0.9961030159268045,0.011257171630859375,0.37729912996292114,0.011257171630859375,1,1.0,15.26249358566901,1.003430557787693
zipper,4,0,split_teeth/003.png,0.0005852580070495605,-0.16982406377792358,0.4151095092874965,0.6064414978027344,0.9251178264485722,0.03439903259277344,0.2958168387413025,0.03439903259277344,1,1.0,15.717313052457829,1.7191589195101964
zipper,4,0,split_teeth/004.png,0.03431934118270874,0.4808797240257263,0.8745978838029533,1.1076066493988037,0.9767450873997132,0.04921150207519531,0.44458502531051636,0.04921150207519531,1,1.0,15.578093036255863,1.7945945945945947
zipper,4,0,split_teeth/005.png,0.03402990102767944,0.5358549356460571,0.8573420794380455,1.0311039686203003,0.9560456587986158,0.03692817687988281,0.2728024125099182,0.03692817687988281,2,0.9999741748876607,18.5386305392165,1.7958131956926509
zipper,4,0,split_teeth/006.png,0.016389816999435425,0.24581694602966309,0.62963493609949,0.49887871742248535,0.9393948077253711,0.03328132629394531,0.27789074182510376,0.03328132629394531,2,0.9999713450627543,17.869440568138423,1.5426829268292683
zipper,4,0,split_teeth/007.png,0.05024614930152893,0.9498801231384277,0.7817765656959189,2.010009288787842,0.903477159832473,0.019582748413085938,0.3610113859176636,0.019582748413085938,1,1.0,16.000866467034143,1.5298932130678278
zipper,4,0,split_teeth/008.png,0.011968791484832764,0.9098456501960754,0.8197084917617237,1.3960411548614502,1.0,0.0120391845703125,0.2588549256324768,0.0120391845703125,1,1.0,19.030918285054447,2.5111561571235095
zipper,4,0,split_teeth/009.png,0.033372700214385986,0.9211366772651672,0.944536609424741,1.1163097620010376,0.9305922970004036,0.021269798278808594,0.39192748069763184,0.021269798278808594,1,1.0,24.50265743224947,2.634782608695652
zipper,4,0,split_teeth/010.png,0.006565719842910767,0.018584728240966797,0.5127347445883309,0.6645479202270508,0.9969895350504133,0.03991508483886719,0.3721369504928589,0.03991508483886719,1,1.0,17.978260385214238,1.8157617630755891
zipper,4,0,split_teeth/011.png,0.014584720134735107,0.575023353099823,0.7305357229588615,1.018488883972168,0.9602700471125358,0.01963520050048828,0.40243053436279297,0.01963520050048828,1,1.0,16.16238791966186,1.54154949645432
zipper,4,0,split_teeth/012.png,0.012923598289489746,0.6614359617233276,0.692416065714695,1.7143561840057373,0.9962510148526673,0.03993797302246094,0.3890562057495117,0.03993797302246094,1,1.0,18.300481157956224,1.7070907549656078
zipper,4,0,split_teeth/013.png,0.018425583839416504,0.5966442823410034,0.8395252306953449,1.064589262008667,0.9752667146924634,0.027800559997558594,0.3331156373023987,0.027800559997558594,1,1.0,15.067312505352877,1.2477341670277966
zipper,4,0,split_teeth/014.png,0.04638737440109253,0.5428370237350464,0.8584427207637232,1.5516793727874756,0.9403589896579156,0.038360595703125,0.3482925295829773,0.038360595703125,1,1.0,16.887987748002125,1.6220797680375805
zipper,4,0,split_teeth/015.png,0.03696855902671814,0.6093342304229736,0.770439607923404,1.627652883529663,0.8942029974301244,0.04193401336669922,0.46323442459106445,0.04193401336669922,1,1.0,17.487404523372014,1.3896203544062005
zipper,4,0,split_teeth/016.png,0.08913907408714294,0.6745368242263794,0.669305517803751,2.546536684036255,0.9069720032617559,0.02806854248046875,0.3878810405731201,0.02806854248046875,1,1.0,16.74251161735111,1.2449167183573233
zipper,4,0,split_teeth/017.png,0.08184900879859924,1.2030632495880127,0.8257285625706678,2.545933723449707,0.9681219681219682,0.026146888732910156,0.35247915983200073,0.026146888732910156,1,1.0,14.89308343018428,1.1213872832369942
zipper,4,0,squeezed_teeth/000.png,0.023839354515075684,0.32002031803131104,0.589850198715989,0.8645374774932861,0.9312748394986242,0.015597343444824219,0.3995594382286072,0.015597343444824219,1,1.0,14.59530399583108,1.1276062082476648
zipper,4,0,squeezed_teeth/001.png,-0.0019321739673614502,-0.030657291412353516,0.48169601482854496,0.5199272632598877,0.8557692307692307,0.02469635009765625,0.33218324184417725,0.02469635009765625,1,1.0,16.92998247268485,1.9659223896213514
zipper,4,0,squeezed_teeth/002.png,0.06833446025848389,0.6743107438087463,0.8041058343122448,1.89393949508667,0.9445656430049785,0.01704883575439453,0.31863319873809814,0.01704883575439453,1,1.0,15.985409161376824,1.5585501288866068
zipper,4,0,squeezed_teeth/003.png,0.016738831996917725,-0.09430122375488281,0.3897980362417179,0.8313915729522705,0.9003751895904846,0.011946678161621094,0.3690337538719177,0.011946678161621094,1,1.0,14.78703612955118,1.1221374116827645
zipper,4,0,squeezed_teeth/004.png,0.014907002449035645,0.4078517556190491,0.6682194014207523,0.8355462551116943,0.9987189938278793,0.008189201354980469,0.24161583185195923,0.008189201354980469,1,1.0,15.037133510425189,1.3902439024390243
zipper,4,0,squeezed_teeth/005.png,3.522634506225586e-05,-0.1833305060863495,0.37918939984411537,0.4608985185623169,0.8073525591062614,0.0073413848876953125,0.2724010944366455,0.0073413848876953125,1,1.0,14.889189454918288,1.3132530120481927
zipper,4,0,squeezed_teeth/006.png,0.05154305696487427,1.0292316675186157,0.7828319882611886,1.753664255142212,0.9335289801907557,0.006499290466308594,0.2681887149810791,0.006499290466308594,1,1.0,16.046683191545657,1.2857142857142858
zipper,4,0,squeezed_teeth/007.png,0.024484753608703613,0.28355199098587036,0.7202459842018767,0.7089111804962158,0.9470391772252558,0.017989158630371094,0.22890812158584595,0.017989158630371094,1,1.0,15.96784981307507,1.2362626899289826
zipper,4,0,squeezed_teeth/008.png,-0.004368096590042114,-0.13116949796676636,0.4197811926895592,0.2940882444381714,0.796812749003984,0.015080451965332031,0.23072516918182373,0.015080451965332031,1,1.0,15.961401222948911,1.0164129615130666
zipper,4,0,squeezed_teeth/009.png,0.026453405618667603,-0.4294334650039673,0.21140719348910475,0.5399472713470459,0.9162509845103701,0.014530181884765625,0.2467392086982727,0.014530181884765625,1,1.0,14.606555023930405,1.1076923076923078
zipper,4,0,squeezed_teeth/010.png,0.031988441944122314,0.11496984958648682,0.5498121255204631,0.8605248928070068,0.8873362445414847,0.04695415496826172,0.4158228635787964,0.04695415496826172,1,1.0,22.289841669872583,2.7866088074043684
zipper,4,0,squeezed_teeth/011.png,0.01487240195274353,0.13011908531188965,0.6238737061583141,0.7000393867492676,0.9043115645245364,0.012806892395019531,0.3616318702697754,0.012806892395019531,1,1.0,14.73517625915433,1.146551724137931
zipper,4,0,squeezed_teeth/012.png,-0.011871486902236938,0.013315021991729736,0.5035031244082561,0.400160551071167,0.8094110963832607,0.010072708129882812,0.20600783824920654,0.010072708129882812,1,1.0,15.271778402949431,1.3333333333333333
zipper,4,0,squeezed_teeth/013.png,0.033065736293792725,0.6283683776855469,0.7378475183353232,1.8104767799377441,0.9971857410881801,0.011182785034179688,0.34852415323257446,0.011182785034179688,1,1.0,17.038126108128594,1.7269797887462017
zipper,4,0,squeezed_teeth/014.png,0.13444647192955017,2.2646501064300537,0.8914365281967974,3.7424113750457764,0.9940125319099559,0.020546913146972656,0.3488861918449402,0.020546913146972656,1,1.0,16.773966624714095,1.4289099883113563
zipper,4,0,squeezed_teeth/015.png,0.0674467384815216,0.9559766054153442,0.8006723914452365,2.8511130809783936,0.9408214517174336,0.0235443115234375,0.3485439419746399,0.0235443115234375,2,0.5324044069993519,30.25106379061467,1.0839277117723092
zipper,4,1,broken_teeth/000.png,0.024802982807159424,0.18374121189117432,0.6279665539939513,0.6953552961349487,0.9652019213663049,0.026803016662597656,0.30926084518432617,0.026803016662597656,2,0.52453300124533,29.799039968670264,1.163687425103122
zipper,4,1,broken_teeth/001.png,0.09377777576446533,1.9228897094726562,0.9017606899029824,3.051266670227051,0.9631333093783687,0.013270378112792969,0.432819128036499,0.013270378112792969,2,0.5704635285662953,41.06852857096082,1.8841049921897302
zipper,4,1,broken_teeth/002.png,0.0030295848846435547,0.6484593152999878,0.7521807816470911,1.119513750076294,0.9069991070815303,0.013884544372558594,0.260642409324646,0.013884544372558594,2,0.61487739542551,31.95827879620458,1.5885093822395142
zipper,4,1,broken_teeth/003.png,0.25714680552482605,3.3415932655334473,0.9504031812658787,5.178657531738281,1.0,0.017267227172851562,0.5259419679641724,0.017267227172851562,2,0.7250082845465592,32.30389431845472,1.4252746996752774
zipper,4,1,broken_teeth/004.png,0.241621732711792,3.845456123352051,0.9381181841237636,4.821909427642822,0.9992391580015216,0.015041351318359375,0.4348791241645813,0.015041351318359375,1,1.0,25.549861018020817,1.979177871232068
zipper,4,1,broken_teeth/005.png,0.14134445786476135,3.4158616065979004,1.0,4.672205924987793,1.0,0.008075714111328125,0.396753191947937,0.008075714111328125,1,1.0,15.689032278772503,1.3296703296703296
zipper,4,1,broken_teeth/006.png,0.21818053722381592,4.033329486846924,0.9953382603752132,3.869875431060791,1.0,0.016775131225585938,0.4216034412384033,0.016775131225585938,2,0.8198976691301876,32.99732171808237,1.5040649811148243
zipper,4,1,broken_teeth/007.png,0.15212559700012207,2.5472145080566406,0.899873078550275,5.180323123931885,0.925136490924109,0.04733753204345703,0.5163952708244324,0.04733753204345703,3,0.6605757801639905,53.09296060159787,1.1107667039481648
zipper,4,1,broken_teeth/008.png,0.056983739137649536,1.54896879196167,0.8590604026845637,2.0689849853515625,0.9996236592862071,0.015204429626464844,0.3911125659942627,0.015204429626464844,1,1.0,16.975593769653994,1.23570954931122
zipper,4,1,broken_teeth/009.png,0.026043295860290527,0.6553685069084167,0.7241227102184948,1.4456967115402222,1.0,0.008642196655273438,0.31502199172973633,0.008642196655273438,1,1.0,16.17688682063015,1.0809673303710776
zipper,4,1,broken_teeth/010.png,0.09540992975234985,3.146526336669922,0.9331885917299911,3.656107187271118,0.9938813776768972,0.009663581848144531,0.45269328355789185,0.009663581848144531,1,1.0,15.813008364173124,1.3603880595760536
zipper,4,1,broken_teeth/011.png,0.21459323167800903,3.030470371246338,1.0,4.491683006286621,1.0,0.008679389953613281,0.3394891023635864,0.008679389953613281,1,1.0,15.846728404052428,1.0959893469599797
zipper,4,1,broken_teeth/012.png,0.12430939078330994,2.0102219581604004,0.8718193081101687,2.778839349746704,0.9395787667969122,0.010006904602050781,0.4434993863105774,0.010006904602050781,1,1.0,17.101048045122557,1.2578169651166562
zipper,4,1,broken_teeth/013.png,0.22255975008010864,3.8758463859558105,0.9384300928748163,4.261514663696289,0.9921468784738409,0.026595115661621094,0.4843970537185669,0.026595115661621094,2,0.7067809373543228,34.15288964437346,1.1632162010316114
zipper,4,1,broken_teeth/014.png,0.056832462549209595,2.3485982418060303,0.9459354938510326,3.4208908081054688,1.0,0.012330055236816406,0.4291200041770935,0.012330055236816406,1,1.0,17.45123238901158,1.116452647042831
zipper,4,1,broken_teeth/015.png,0.013323366641998291,0.5525678396224976,0.8502147458840372,1.08099365234375,0.9999403483655452,0.015987396240234375,0.2564584016799927,0.015987396240234375,1,1.0,18.979869059617204,1.7238087851404271
zipper,4,1,broken_teeth/016.png,0.02300429344177246,1.477046012878418,0.9534683737817695,1.9034184217453003,1.0,0.009981155395507812,0.3714252710342407,0.009981155395507812,1,1.0,18.223051007915927,1.43646904229804
zipper,4,1,broken_teeth/017.png,0.18909808993339539,5.023396015167236,1.0,7.231789588928223,1.0,0.021889686584472656,0.5116637945175171,0.021889686584472656,1,1.0,19.43332907689207,1.9013885962231922
zipper,4,1,broken_teeth/018.png,0.18906760215759277,3.6163463592529297,0.9584436341841067,5.038644790649414,1.0,0.01909351348876953,0.4928033947944641,0.01909351348876953,1,1.0,22.40896143006606,1.4895138651855069
zipper,4,1,combined/000.png,0.04115498065948486,0.1344311237335205,0.5625962259284039,0.6267356872558594,0.8386628727117373,0.11830997467041016,0.5383279323577881,0.11830997467041016,2,0.6521276509991375,37.393037679786175,2.608798730412939
zipper,4,1,combined/001.png,0.023028641939163208,0.4875500798225403,0.7637612671742364,0.9351415634155273,0.9694801785245472,0.043590545654296875,0.3601699471473694,0.043590545654296875,2,0.6477421895510632,29.10260126867705,1.2046783625730995
zipper,4,1,combined/002.png,-0.0120469331741333,-0.547235369682312,0.20156424581005586,-0.3125784397125244,0.13472067039106145,0.03414154052734375,0.22949999570846558,0.03414154052734375,2,0.74768156424581,28.399864367104104,1.172850181266274
zipper,4,1,combined/003.png,0.3106324076652527,4.962507247924805,1.0,6.539386749267578,1.0,0.013919830322265625,0.48655450344085693,0.013919830322265625,2,0.6659358728418745,32.66971346668644,1.0803372244779583
zipper,4,1,combined/004.png,0.3704473376274109,3.3084716796875,0.7790851446203927,5.634654998779297,0.8019734834356245,0.02812480926513672,0.5454901456832886,0.02812480926513672,3,0.4258587365636974,61.13490510035372,1.212822783800672
zipper,4,1,combined/005.png,0.02349737286567688,0.5124739408493042,0.5947111172591876,0.36136460304260254,0.5887397980356895,0.04136466979980469,0.43754762411117554,0.04136466979980469,2,0.6188730575921059,32.19809854483467,1.5072603442903603
zipper,4,1,combined/006.png,0.2984822988510132,3.770756244659424,0.9198350122057297,4.424978256225586,0.9517382642610623,0.033987998962402344,0.5779715776443481,0.033987998962402344,2,0.5184488902606695,42.46772439034659,1.0286143314734142
zipper,4,1,combined/007.png,0.06707358360290527,0.9976907968521118,0.6776876761911391,1.3653614521026611,0.6852747711690391,0.02740192413330078,0.41889065504074097,0.02740192413330078,2,0.643162913722897,30.805001309020543,1.1445724231811496
zipper,4,1,combined/008.png,0.1854335069656372,1.6383697986602783,0.7521008403361344,2.286320686340332,0.8723116365190143,0.026782989501953125,0.4151287078857422,0.026782989501953125,2,0.5730665147414898,40.334233199395605,2.140850919705592
zipper,4,1,combined/009.png,0.19326922297477722,3.183372974395752,0.9507188209362766,3.7047319412231445,0.9966444056979307,0.02898883819580078,0.4080509543418884,0.02898883819580078,2,0.6212455176497681,38.4789886628492,1.2974341773752143
zipper,4,1,combined/010.png,0.25990355014801025,3.9292140007019043,0.9152070883989285,5.485257148742676,0.9691256267600796,0.027769088745117188,0.5362941026687622,0.027769088745117188,2,0.8500583831307095,33.20112389770815,1.1803150444318207
zipper,4,1,combined/011.png,0.3686235845088959,4.8742570877075195,0.9976128120147403,7.94305419921875,0.9957355088418661,0.04114818572998047,0.5553659796714783,0.04114818572998047,2,0.5977240596101698,50.12982255565546,1.104077703467435
zipper,4,1,combined/012.png,0.2346959412097931,3.2623088359832764,0.809843489314372,6.201823711395264,0.7829705251449909,0.048015594482421875,0.5520821809768677,0.048015594482421875,2,0.6072733772940335,40.43127952778554,1.2115425026896505
zipper,4,1,combined/013.png,0.06138455867767334,1.0737589597702026,0.7077949552481693,0.9053295850753784,0.7229292107404394,0.02930164337158203,0.5981990694999695,0.02930164337158203,3,0.5171684296175753,43.56682002284526,1.1203007518796992
zipper,4,1,combined/014.png,0.0925760269165039,1.4462330341339111,0.7482596044053188,1.9502558708190918,0.8005819735533537,0.05178260803222656,0.4556382894515991,0.05178260803222656,2,0.6610740727098604,29.26876664622808,1.3559322033898304
zipper,4,1,combined/015.png,0.042411983013153076,0.19727766513824463,0.5680950131587826,0.861600399017334,0.9223024495579999,0.0706624984741211,0.5106951594352722,0.0706624984741211,4,0.41819286051690396,64.57187712243686,1.354739622539541
zipper,4,1,fabric_border/000.png,0.4358718991279602,6.6623945236206055,1.0,9.274465560913086,1.0,0.008051872253417969,0.5851597785949707,0.008051872253417969,3,0.6726282127205969,43.5208465163842,1.6411149876423456
zipper,4,1,fabric_border/001.png,0.43449002504348755,7.0011749267578125,1.0,8.02414321899414,1.0,0.009697914123535156,0.6190434694290161,0.009697914123535156,2,0.5386960369751205,45.746903857773674,1.2786040013261755
zipper,4,1,fabric_border/002.png,0.36664941906929016,2.670992851257324,1.0,4.782822608947754,1.0,0.003200531005859375,0.5183756351470947,0.003200531005859375,2,0.9997020262216925,53.96870121150072,5.083333333333333
zipper,4,1,fabric_border/003.png,0.3675898313522339,6.711331844329834,1.0,7.690647125244141,1.0,0.0069980621337890625,0.6062110066413879,0.0069980621337890625,1,1.0,55.21308874886534,3.931642976318405
zipper,4,1,fabric_border/004.png,0.3487730622291565,4.948811054229736,1.0,5.580178737640381,1.0,0.01843738555908203,0.5472100973129272,0.01843738555908203,2,0.7474266797703408,40.025930028579516,1.2892406987895009
zipper,4,1,fabric_border/005.png,0.30914559960365295,4.136661052703857,0.9630253719127629,4.21537971496582,0.9922006643878485,0.01980876922607422,0.5832080841064453,0.01980876922607422,2,0.6094554908285591,55.46856999592677,1.9009279632807745
zipper,4,1,fabric_border/006.png,0.4696981906890869,6.441533088684082,1.0,13.865100860595703,1.0,0.02014923095703125,0.6057214736938477,0.02014923095703125,3,0.5306228701249527,38.439455320063786,1.1598885304235218
zipper,4,1,fabric_border/007.png,0.3791959285736084,5.36905574798584,1.0,7.9585795402526855,1.0,0.01667308807373047,0.5615836381912231,0.01667308807373047,2,0.656294686266659,45.072546822251994,1.7203913672218982
zipper,4,1,fabric_border/008.png,0.40348294377326965,5.534354209899902,1.0,6.378989219665527,1.0,0.02070140838623047,0.5305043458938599,0.02070140838623047,2,0.545768646058875,35.23390134021439,1.1667395721873295
zipper,4,1,fabric_border/009.png,0.3970670998096466,5.426051139831543,1.0,8.474096298217773,1.0,0.024288177490234375,0.5500590801239014,0.024288177490234375,2,0.5133108214229621,55.87593281193648,1.4759311821129
zipper,4,1,fabric_border/010.png,0.35830482840538025,5.746026039123535,0.9995985279357644,7.152224063873291,1.0,0.014252662658691406,0.6172686815261841,0.014252662658691406,2,0.5949815991970558,88.80360024257662,1.9151177550354335
zipper,4,1,fabric_border/011.png,0.35141435265541077,5.201915740966797,0.9999091404688352,7.076637268066406,0.9996819916409231,0.020992279052734375,0.5326416492462158,0.020992279052734375,2,0.6431491913501727,36.067970919501704,1.0079166266737887
zipper,4,1,fabric_border/012.png,0.4589049816131592,5.96074104309082,1.0,11.413247108459473,1.0,0.025297164916992188,0.5812427997589111,0.025297164916992188,2,0.6501922641936213,44.5849294345727,1.1240259549489682
zipper,4,1,fabric_border/013.png,0.40018710494041443,7.175878524780273,1.0,7.499738693237305,1.0,0.010809898376464844,0.5919370651245117,0.010809898376464844,1,1.0,25.173489190288752,1.1745199823205779
zipper,4,1,fabric_border/014.png,0.303114652633667,5.702939987182617,1.0,6.083309173583984,1.0,0.009568214416503906,0.4575146436691284,0.009568214416503906,1,1.0,26.87282848029153,1.9843731218129002
zipper,4,1,fabric_border/015.png,0.40339910984039307,5.050999641418457,1.0,6.636981010437012,1.0,0.022640228271484375,0.5346248149871826,0.022640228271484375,2,0.5328138163437237,53.76812100373771,1.0420728458618624
zipper,4,1,fabric_border/016.png,0.3439946174621582,4.111924648284912,0.9618448063500753,5.334924221038818,0.9300944299986315,0.034842491149902344,0.5974552631378174,0.034842491149902344,3,0.4072806897495552,86.04385829237485,2.4568856803696124
zipper,4,1,fabric_interior/000.png,0.38491952419281006,4.838903427124023,1.0,9.984477043151855,1.0,0.02010822296142578,0.5311509370803833,0.02010822296142578,2,0.5358311595921271,35.85099939864337,1.5615916023404424
zipper,4,1,fabric_interior/001.png,0.3451036810874939,4.266628265380859,0.9901651450053706,8.861136436462402,0.9991608485499462,0.028411865234375,0.5589720010757446,0.028411865234375,2,0.7130437701396348,34.10952989936442,1.3739555905663972
zipper,4,1,fabric_interior/002.png,0.2863444983959198,3.1417059898376465,0.9597723916879749,5.1840410232543945,0.9778514063456621,0.026480674743652344,0.48892247676849365,0.026480674743652344,3,0.47210717758490295,59.119834994745524,1.1550440551278718
zipper,4,1,fabric_interior/003.png,0.414244681596756,6.129071235656738,1.0,10.738608360290527,1.0,0.007946968078613281,0.5161349773406982,0.007946968078613281,1,1.0,22.7204216397835,2.1999430321903075
zipper,4,1,fabric_interior/004.png,0.3094382584095001,4.917374610900879,1.0,7.7961530685424805,1.0,0.009833335876464844,0.4201793670654297,0.009833335876464844,1,1.0,17.619452498247995,1.4578455096180787
zipper,4,1,fabric_interior/005.png,0.3841850161552429,5.024975776672363,1.0,8.613546371459961,1.0,0.010247230529785156,0.5157884359359741,0.010247230529785156,1,1.0,19.989013776253106,1.5861781014885314
zipper,4,1,fabric_interior/006.png,0.3310285210609436,4.167252063751221,0.9498078675276315,9.576181411743164,0.9910866378798082,0.02407360076904297,0.541149377822876,0.02407360076904297,1,1.0,25.121032335757917,1.358635688692051
zipper,4,1,fabric_interior/007.png,0.2807300388813019,3.7132372856140137,1.0,2.538801670074463,1.0,0.0015916824340820312,0.33340078592300415,0.0015916824340820312,1,1.0,15.81537616370469,1.56521740494895
zipper,4,1,fabric_interior/008.png,0.4342752695083618,5.955216407775879,1.0,12.900979995727539,1.0,0.02762317657470703,0.6020218133926392,0.02762317657470703,1,1.0,21.051386732008023,1.1065902661556524
zipper,4,1,fabric_interior/009.png,0.3393317461013794,4.916935920715332,0.9947445972495088,6.92597770690918,0.9983791748526523,0.01941680908203125,0.47104692459106445,0.01941680908203125,1,1.0,17.83182160997546,1.0439612441634616
zipper,4,1,fabric_interior/010.png,0.37094298005104065,4.881911277770996,1.0,9.676862716674805,1.0,0.02252960205078125,0.5354014039039612,0.02252960205078125,2,0.5008889265154081,38.303425244635285,1.0412714397944074
zipper,4,1,fabric_interior/011.png,0.4164982736110687,4.876128196716309,0.9881209155587033,10.96362590789795,0.9981972121173099,0.029623985290527344,0.5834970474243164,0.029623985290527344,2,0.6804558477931945,41.26308695721457,1.4847341502156377
zipper,4,1,fabric_interior/012.png,0.2742004096508026,4.238627910614014,1.0,4.973475933074951,1.0,0.011071205139160156,0.3860522508621216,0.011071205139160156,1,1.0,17.472421792109813,1.4972659707786145
zipper,4,1,fabric_interior/013.png,0.3469071686267853,4.503020286560059,0.9906146485093853,10.432973861694336,0.990909090909091,0.025911331176757812,0.517791211605072,0.025911331176757812,2,0.5231873389768127,35.066127460651614,1.7631241310998353
zipper,4,1,fabric_interior/014.png,0.3428061604499817,5.465073585510254,1.0,11.313491821289062,1.0,0.015735626220703125,0.4735286235809326,0.015735626220703125,1,1.0,16.720122720336214,1.0067567567567568
zipper,4,1,fabric_interior/015.png,0.3297939896583557,4.47504997253418,0.9529297417384059,6.962909698486328,0.9797278533740628,0.013736724853515625,0.4499396085739136,0.013736724853515625,2,0.6594001666203833,41.47113299014508,1.5123871603762395
zipper,4,1,rough/000.png,0.009650319814682007,-0.44435107707977295,0.4076798404189004,-0.3065834045410156,0.4057162448572497,0.030597686767578125,0.3777528405189514,0.030597686767578125,1,1.0,17.949110603643813,1.543004598091581
zipper,4,1,rough/001.png,0.016066521406173706,0.22113800048828125,0.5578923200551027,1.3166842460632324,0.849661347721272,0.04153728485107422,0.4254227876663208,0.04153728485107422,2,0.513144300309953,34.537398426176146,1.4118230940860843
zipper,4,1,rough/002.png,0.012611418962478638,0.6237576007843018,0.7304051417893591,1.124555230140686,0.9687262572126738,0.04644298553466797,0.3774109482765198,0.04644298553466797,2,0.6037084950409659,33.564042218396004,1.6103889355689267
zipper,4,1,rough/003.png,0.00757068395614624,-0.02186882495880127,0.49401490328717895,0.8635966777801514,0.7939831941655217,0.07218170166015625,0.4944831132888794,0.07218170166015625,2,0.6389123771271535,37.40422457237266,2.478188910126021
zipper,4,1,rough/004.png,0.009381204843521118,0.48396432399749756,0.6388653265736887,1.050685167312622,0.9056477225652457,0.04834461212158203,0.38147079944610596,0.04834461212158203,2,0.5395616751819778,34.31913384481337,1.579837067456469
zipper,4,1,rough/005.png,0.001789003610610962,-0.44419169425964355,0.3863693406699488,-0.05124497413635254,0.48141712520513563,0.04939556121826172,0.357231080532074,0.04939556121826172,2,0.5232744473404769,33.60855358541205,1.8578820660580067
zipper,4,1,rough/006.png,0.02305629849433899,0.49972665309906006,0.6252103072699903,1.0180091857910156,0.9682989462498893,0.08615875244140625,0.411162793636322,0.08615875244140625,2,0.5371911803772248,40.826184856720964,1.8235294117647058
zipper,4,1,rough/007.png,0.03568166494369507,0.8399041295051575,0.7646115651184442,1.1795873641967773,0.94145029481742,0.036876678466796875,0.38431286811828613,0.036876678466796875,1,1.0,17.301416000396475,1.9276315789473684
zipper,4,1,rough/008.png,0.008496850728988647,0.30290091037750244,0.6332306963524396,0.8631902933120728,0.97295910311069,0.04831695556640625,0.2955530881881714,0.04831695556640625,1,1.0,18.555594627503176,2.246913580246914
zipper,4,1,rough/009.png,0.020547151565551758,0.6588701009750366,0.7328484645822884,0.9936659336090088,0.9145070501031043,0.03422355651855469,0.28791332244873047,0.03422355651855469,1,1.0,16.946319795110856,1.7704917583833644
zipper,4,1,rough/010.png,0.010089188814163208,0.9571646451950073,0.6732054237817983,1.4058219194412231,0.8320894064319487,0.024405479431152344,0.3916640877723694,0.024405479431152344,1,1.0,15.851885155671303,1.3612563101217212
zipper,4,1,rough/011.png,0.07120680809020996,1.1908786296844482,0.7584890812512296,1.5876669883728027,0.834861302380484,0.024237632751464844,0.4190461039543152,0.024237632751464844,1,1.0,17.392829294907077,1.3554935190037563
zipper,4,1,rough/012.png,0.016398519277572632,-0.3561970591545105,0.387262025335036,0.8031858205795288,0.8583527823036388,0.0649709701538086,0.386909544467926,0.0649709701538086,2,0.5740602110763721,34.282125033996095,1.9679487179487178
zipper,4,1,rough/013.png,0.03130868077278137,1.4055893421173096,0.7674381279491542,2.0476417541503906,0.9134272782717555,0.029709815979003906,0.4401235580444336,0.029709815979003906,1,1.0,16.79077255472581,1.6781549989955948
zipper,4,1,rough/014.png,0.041575878858566284,1.676889181137085,0.838984433639004,1.7231453657150269,0.9853800215383611,0.02922344207763672,0.3985569477081299,0.02922344207763672,1,1.0,16.244204839396744,1.3827681903335873
zipper,4,1,rough/015.png,0.04158627986907959,1.0082839727401733,0.6600665529857789,3.7604663372039795,0.9709451517308743,0.05760478973388672,0.6099720001220703,0.05760478973388672,2,0.5191795109514428,33.85053432579086,1.636242576561443
zipper,4,1,rough/016.png,-0.00263822078704834,0.5951495170593262,0.6250628727455629,1.030144214630127,0.7201983186031472,0.026544570922851562,0.4556829333305359,0.026544570922851562,1,1.0,16.743794508490264,1.6114347449925797
zipper,4,1,split_teeth/000.png,0.024391651153564453,0.15665030479431152,0.5991375179683757,0.6424589157104492,0.994585529468136,0.039806365966796875,0.26762622594833374,0.039806365966796875,1,1.0,18.779017321726958,1.81812108766806
zipper,4,1,split_teeth/001.png,0.019179701805114746,0.12143945693969727,0.5552956030897207,0.6233491897583008,0.9289958407605466,0.0256805419921875,0.2802808880805969,0.0256805419921875,1,1.0,17.27149048965865,1.433178876904417
zipper,4,1,split_teeth/002.png,0.017799049615859985,1.3276656866073608,0.9514571331751949,1.421043872833252,0.9694171467299221,0.011257171630859375,0.3260815739631653,0.011257171630859375,1,1.0,15.26249358566901,1.003430557787693
zipper,4,1,split_teeth/003.png,0.003778010606765747,-0.028872013092041016,0.48414194621569173,0.32155871391296387,0.939090657055725,0.03439903259277344,0.2655000686645508,0.03439903259277344,1,1.0,15.717313052457829,1.7191589195101964
zipper,4,1,split_teeth/004.png,0.024208009243011475,0.39671754837036133,0.8366342389829852,0.8446779251098633,0.9839347312119685,0.04921150207519531,0.44458502531051636,0.04921150207519531,1,1.0,15.578093036255863,1.7945945945945947
zipper,4,1,split_teeth/005.png,0.033809512853622437,0.5094748139381409,0.7952585093745158,0.7709968090057373,0.9307886989308404,0.03692817687988281,0.2728024125099182,0.03692817687988281,2,0.9999741748876607,18.5386305392165,1.7958131956926509
zipper,4,1,split_teeth/006.png,0.012021392583847046,0.2674805521965027,0.6510115192847727,0.4221346378326416,0.9846696085735572,0.03328132629394531,0.24416744709014893,0.03328132629394531,2,0.9999713450627543,17.869440568138423,1.5426829268292683
zipper,4,1,split_teeth/007.png,0.04227891564369202,1.0297632217407227,0.7942436933865784,1.128544807434082,0.7926366027077043,0.019582748413085938,0.3610113859176636,0.019582748413085938,1,1.0,16.000866467034143,1.5298932130678278
zipper,4,1,split_teeth/008.png,0.0035243332386016846,0.8360878229141235,0.8211343472750317,1.0987268686294556,0.9923162230671736,0.0120391845703125,0.2515246868133545,0.0120391845703125,1,1.0,19.030918285054447,2.5111561571235095
zipper,4,1,split_teeth/009.png,0.040709078311920166,1.1777422428131104,0.9784333946105905,1.016234278678894,1.0,0.021269798278808594,0.3324549198150635,0.021269798278808594,1,1.0,24.50265743224947,2.634782608695652
zipper,4,1,split_teeth/010.png,0.006367534399032593,-0.014447927474975586,0.4882209585702681,0.16146504878997803,0.715296029053376,0.03991508483886719,0.35055088996887207,0.03991508483886719,1,1.0,17.978260385214238,1.8157617630755891
zipper,4,1,split_teeth/011.png,0.019980251789093018,0.547504186630249,0.7232502792753412,0.6790649890899658,0.9682840351644082,0.01963520050048828,0.37025582790374756,0.01963520050048828,1,1.0,16.16238791966186,1.54154949645432
zipper,4,1,split_teeth/012.png,0.01595759391784668,0.8036101460456848,0.7192798127895315,1.4058198928833008,0.9976837480299919,0.03993797302246094,0.3648836016654968,0.03993797302246094,1,1.0,18.300481157956224,1.7070907549656078
zipper,4,1,split_teeth/013.png,0.010596483945846558,0.5574496388435364,0.8086858083770712,0.6143782138824463,0.9462454118212068,0.027800559997558594,0.326580286026001,0.027800559997558594,1,1.0,15.067312505352877,1.2477341670277966
zipper,4,1,split_teeth/014.png,0.02994677424430847,0.4168381094932556,0.7814986077963405,1.3025381565093994,0.9293953858392999,0.038360595703125,0.3737882971763611,0.038360595703125,1,1.0,16.887987748002125,1.6220797680375805
zipper,4,1,split_teeth/015.png,0.024570733308792114,0.5501425266265869,0.7062382024516158,1.2680237293243408,0.9028905414932569,0.04193401336669922,0.492448091506958,0.04193401336669922,1,1.0,17.487404523372014,1.3896203544062005
zipper,4,1,split_teeth/016.png,0.0827590823173523,0.6757520437240601,0.7025006795324816,2.3133912086486816,0.891580592552324,0.02806854248046875,0.36100703477859497,0.02806854248046875,1,1.0,16.74251161735111,1.2449167183573233
zipper,4,1,split_teeth/017.png,0.06543481349945068,0.9787025451660156,0.7516504358609621,1.8111789226531982,0.9156362840573367,0.026146888732910156,0.34712427854537964,0.026146888732910156,1,1.0,14.89308343018428,1.1213872832369942
zipper,4,1,squeezed_teeth/000.png,0.022986769676208496,0.2100706696510315,0.5690614490981352,0.310382604598999,0.6151024151635586,0.015597343444824219,0.3914746642112732,0.015597343444824219,1,1.0,14.59530399583108,1.1276062082476648
zipper,4,1,squeezed_teeth/001.png,-0.010785102844238281,-0.1323569416999817,0.41994902687673774,0.16498005390167236,0.6450803212851406,0.02469635009765625,0.2883405089378357,0.02469635009765625,1,1.0,16.92998247268485,1.9659223896213514
zipper,4,1,squeezed_teeth/002.png,0.07315430045127869,0.7081266641616821,0.7989036191754769,1.4493755102157593,0.9168204956088829,0.01704883575439453,0.28341853618621826,0.01704883575439453,1,1.0,15.985409161376824,1.5585501288866068
zipper,4,1,squeezed_teeth/003.png,0.012846291065216064,-0.1855156421661377,0.34964476730262634,0.482399582862854,0.8108884808812964,0.011946678161621094,0.36911559104919434,0.011946678161621094,1,1.0,14.78703612955118,1.1221374116827645
zipper,4,1,squeezed_teeth/004.png,0.014933347702026367,0.40237998962402344,0.625946197740771,0.4947270154953003,0.8304413648538489,0.008189201354980469,0.24294108152389526,0.008189201354980469,1,1.0,15.037133510425189,1.3902439024390243
zipper,4,1,squeezed_teeth/005.png,0.0077689290046691895,-0.45478716492652893,0.31423746427643545,0.12166523933410645,0.5593660691088594,0.0073413848876953125,0.25964999198913574,0.0073413848876953125,1,1.0,14.889189454918288,1.3132530120481927
zipper,4,1,squeezed_teeth/006.png,0.05589190125465393,0.8204090595245361,0.7762289068231841,1.6360541582107544,0.9816581071166545,0.006499290466308594,0.2681207060813904,0.006499290466308594,1,1.0,16.046683191545657,1.2857142857142858
zipper,4,1,squeezed_teeth/007.png,0.027619749307632446,0.07757723331451416,0.5554259661771722,0.43931758403778076,0.8621640248104755,0.017989158630371094,0.21835368871688843,0.017989158630371094,1,1.0,15.96784981307507,1.2362626899289826
zipper,4,1,squeezed_teeth/008.png,0.0049155354499816895,-0.0006605386734008789,0.4994624675899576,0.1958237886428833,0.8633402896351103,0.015080451965332031,0.1947597861289978,0.015080451965332031,1,1.0,15.961401222948911,1.0164129615130666
zipper,4,1,squeezed_teeth/009.png,0.019242793321609497,-0.5600895285606384,0.16047519033867158,0.12603044509887695,0.6453793646626411,0.014530181884765625,0.2557433843612671,0.014530181884765625,1,1.0,14.606555023930405,1.1076923076923078
zipper,4,1,squeezed_teeth/010.png,0.022600293159484863,0.12239062786102295,0.5573271047019397,0.20238256454467773,0.6182593683355336,0.04695415496826172,0.39354246854782104,0.04695415496826172,1,1.0,22.289841669872583,2.7866088074043684
zipper,4,1,squeezed_teeth/011.png,0.008426755666732788,0.019234061241149902,0.5153771688137613,0.13771677017211914,0.5727902300990394,0.012806892395019531,0.36966264247894287,0.012806892395019531,1,1.0,14.73517625915433,1.146551724137931
zipper,4,1,squeezed_teeth/012.png,-0.013631552457809448,-0.053584396839141846,0.4856087862147321,0.34590089321136475,0.7878242757053588,0.010072708129882812,0.2024509310722351,0.010072708129882812,1,1.0,15.271778402949431,1.3333333333333333
zipper,4,1,squeezed_teeth/013.png,0.030389755964279175,0.625740647315979,0.7314514753539144,1.207810640335083,0.9901074535220876,0.011182785034179688,0.3334965705871582,0.011182785034179688,1,1.0,17.038126108128594,1.7269797887462017
zipper,4,1,squeezed_teeth/014.png,0.1456693410873413,2.1682488918304443,0.8534694824785333,3.054429054260254,0.9857043397540033,0.020546913146972656,0.36921966075897217,0.020546913146972656,1,1.0,16.773966624714095,1.4289099883113563
zipper,4,1,squeezed_teeth/015.png,0.07105657458305359,0.9964243173599243,0.8165910563836681,1.9890425205230713,0.8909591704471809,0.0235443115234375,0.3644281029701233,0.0235443115234375,2,0.5324044069993519,30.25106379061467,1.0839277117723092
zipper,4,2,broken_teeth/000.png,0.022416800260543823,0.16735804080963135,0.611812844689557,0.7139272689819336,0.9896103896103896,0.026803016662597656,0.18816310167312622,0.026803016662597656,2,0.52453300124533,29.799039968670264,1.163687425103122
zipper,4,2,broken_teeth/001.png,0.06562364101409912,1.7483161687850952,0.9134746676248653,2.4733147621154785,0.9651455264103486,0.013270378112792969,0.31906402111053467,0.013270378112792969,2,0.5704635285662953,41.06852857096082,1.8841049921897302
zipper,4,2,broken_teeth/002.png,0.00906267762184143,0.4296015501022339,0.6837008036266227,0.9620804786682129,0.9987636513496806,0.013884544372558594,0.19487249851226807,0.013884544372558594,2,0.61487739542551,31.95827879620458,1.5885093822395142
zipper,4,2,broken_teeth/003.png,0.2246350347995758,3.256772041320801,0.968242571523252,5.362672805786133,1.0,0.017267227172851562,0.51567143201828,0.017267227172851562,2,0.7250082845465592,32.30389431845472,1.4252746996752774
zipper,4,2,broken_teeth/004.png,0.29697686433792114,3.8945302963256836,0.9436342886127315,5.221220970153809,0.9964494040071012,0.015041351318359375,0.4888409376144409,0.015041351318359375,1,1.0,25.549861018020817,1.979177871232068
zipper,4,2,broken_teeth/005.png,0.12940797209739685,3.533280849456787,1.0,4.233860492706299,1.0,0.008075714111328125,0.39368772506713867,0.008075714111328125,1,1.0,15.689032278772503,1.3296703296703296
zipper,4,2,broken_teeth/006.png,0.20456856489181519,4.025544166564941,0.9859010801591813,4.3898773193359375,1.0,0.016775131225585938,0.4745136499404907,0.016775131225585938,2,0.8198976691301876,32.99732171808237,1.5040649811148243
zipper,4,2,broken_teeth/007.png,0.13457804918289185,2.657382011413574,0.8964280677720249,4.700706481933594,0.9256200012087757,0.04733753204345703,0.5039118528366089,0.04733753204345703,3,0.6605757801639905,53.09296060159787,1.1107667039481648
zipper,4,2,broken_teeth/008.png,0.06304910778999329,1.622826099395752,0.9323213949695791,1.5246777534484863,0.9973656150034498,0.015204429626464844,0.38062429428100586,0.015204429626464844,1,1.0,16.975593769653994,1.23570954931122
zipper,4,2,broken_teeth/009.png,0.024374663829803467,0.5512402653694153,0.7645111454425072,1.0148520469665527,0.9715294636945486,0.008642196655273438,0.20987236499786377,0.008642196655273438,1,1.0,16.17688682063015,1.0809673303710776
zipper,4,2,broken_teeth/010.png,0.08366701006889343,2.9317660331726074,0.9224316589361492,3.73138165473938,0.9806572584624494,0.009663581848144531,0.4327547550201416,0.009663581848144531,1,1.0,15.813008364173124,1.3603880595760536
zipper,4,2,broken_teeth/011.png,0.21010714769363403,3.2851147651672363,1.0,3.9226880073547363,1.0,0.008679389953613281,0.35948091745376587,0.008679389953613281,1,1.0,15.846728404052428,1.0959893469599797
zipper,4,2,broken_teeth/012.png,0.13580480217933655,2.2388014793395996,0.8757266749261412,2.521665334701538,0.9838940245878205,0.010006904602050781,0.4533308148384094,0.010006904602050781,1,1.0,17.101048045122557,1.2578169651166562
zipper,4,2,broken_teeth/013.png,0.23114311695098877,3.7084102630615234,0.9411912360598128,4.576848983764648,0.9979201778606519,0.026595115661621094,0.4723817706108093,0.026595115661621094,2,0.7067809373543228,34.15288964437346,1.1632162010316114
zipper,4,2,broken_teeth/014.png,0.0649048388004303,2.439535140991211,0.9504988784902157,2.9703166484832764,1.0,0.012330055236816406,0.40434396266937256,0.012330055236816406,1,1.0,17.45123238901158,1.116452647042831
zipper,4,2,broken_teeth/015.png,0.017143726348876953,0.466966450214386,0.7801837270341208,0.7407084703445435,0.9935576234788833,0.015987396240234375,0.311822772026062,0.015987396240234375,1,1.0,18.979869059617204,1.7238087851404271
zipper,4,2,broken_teeth/016.png,0.008768677711486816,1.2497056722640991,0.9194534683737817,1.4866981506347656,1.0,0.009981155395507812,0.28624671697616577,0.009981155395507812,1,1.0,18.223051007915927,1.43646904229804
zipper,4,2,broken_teeth/017.png,0.18369796872138977,4.992486000061035,1.0,6.915005683898926,1.0,0.021889686584472656,0.47304028272628784,0.021889686584472656,1,1.0,19.43332907689207,1.9013885962231922
zipper,4,2,broken_teeth/018.png,0.1854657530784607,3.7554683685302734,0.9907597023125718,5.727499485015869,1.0,0.01909351348876953,0.4811670780181885,0.01909351348876953,1,1.0,22.40896143006606,1.4895138651855069
zipper,4,2,combined/000.png,0.03710976243019104,0.12080729007720947,0.5610566110739418,0.4848487377166748,0.733267772072515,0.11830997467041016,0.5578420162200928,0.11830997467041016,2,0.6521276509991375,37.393037679786175,2.608798730412939
zipper,4,2,combined/001.png,0.026842772960662842,0.33312082290649414,0.74264898923602,0.5456480979919434,0.857967970595957,0.043590545654296875,0.26225709915161133,0.043590545654296875,2,0.6477421895510632,29.10260126867705,1.2046783625730995
zipper,4,2,combined/002.png,-0.003549903631210327,-0.605025589466095,0.1854189944134078,-0.06760275363922119,0.4280167597765363,0.03414154052734375,0.22243332862854004,0.03414154052734375,2,0.74768156424581,28.399864367104104,1.172850181266274
zipper,4,2,combined/003.png,0.3448619246482849,5.166775703430176,1.0,5.9468889236450195,1.0,0.013919830322265625,0.4952300190925598,0.013919830322265625,2,0.6659358728418745,32.66971346668644,1.0803372244779583
zipper,4,2,combined/004.png,0.3247208595275879,3.296973705291748,0.8008205893323387,5.478915214538574,0.794683123664847,0.02812480926513672,0.5445075035095215,0.02812480926513672,3,0.4258587365636974,61.13490510035372,1.212822783800672
zipper,4,2,combined/005.png,0.015329599380493164,0.684532642364502,0.6224466270115737,0.566338062286377,0.6885691889150182,0.04136466979980469,0.3274760842323303,0.04136466979980469,2,0.6188730575921059,32.19809854483467,1.5072603442903603
zipper,4,2,combined/006.png,0.2830055356025696,3.6642332077026367,0.9210976738965739,5.3031792640686035,0.9567327927270687,0.033987998962402344,0.5972320437431335,0.033987998962402344,2,0.5184488902606695,42.46772439034659,1.0286143314734142
zipper,4,2,combined/007.png,0.0611799955368042,0.9630324840545654,0.6333832179027599,1.5820951461791992,0.8727943479622734,0.02740192413330078,0.4579281806945801,0.02740192413330078,2,0.643162913722897,30.805001309020543,1.1445724231811496
zipper,4,2,combined/008.png,0.20246803760528564,1.640679121017456,0.7370388833499502,2.824228525161743,0.8907206950576841,0.026782989501953125,0.47739195823669434,0.026782989501953125,2,0.5730665147414898,40.334233199395605,2.140850919705592
zipper,4,2,combined/009.png,0.22214829921722412,3.0601086616516113,0.9588117248412672,4.031844139099121,0.9932230154291541,0.02898883819580078,0.43116623163223267,0.02898883819580078,2,0.6212455176497681,38.4789886628492,1.2974341773752143
zipper,4,2,combined/010.png,0.25072145462036133,4.280457019805908,0.9164434370492479,5.43093204498291,0.9422693866336974,0.027769088745117188,0.5549883842468262,0.027769088745117188,2,0.8500583831307095,33.20112389770815,1.1803150444318207
zipper,4,2,combined/011.png,0.32760706543922424,4.387215614318848,0.9969175145433055,8.206859588623047,0.9986094050571303,0.04114818572998047,0.5943951606750488,0.04114818572998047,2,0.5977240596101698,50.12982255565546,1.104077703467435
zipper,4,2,combined/012.png,0.22563138604164124,3.3459692001342773,0.8050568046397076,5.84592342376709,0.8481369667116867,0.048015594482421875,0.5453354120254517,0.048015594482421875,2,0.6072733772940335,40.43127952778554,1.2115425026896505
zipper,4,2,combined/013.png,0.07115894556045532,1.009037971496582,0.6921074043938161,0.7332370281219482,0.657379983726607,0.02930164337158203,0.5745939612388611,0.02930164337158203,3,0.5171684296175753,43.56682002284526,1.1203007518796992
zipper,4,2,combined/014.png,0.09610921144485474,1.5493896007537842,0.7963645069799993,1.6588099002838135,0.8306383292202291,0.05178260803222656,0.4762560725212097,0.05178260803222656,2,0.6610740727098604,29.26876664622808,1.3559322033898304
zipper,4,2,combined/015.png,0.04206565022468567,0.423328161239624,0.6869154463863958,0.7105491161346436,0.818017410081652,0.0706624984741211,0.5250809192657471,0.0706624984741211,4,0.41819286051690396,64.57187712243686,1.354739622539541
zipper,4,2,fabric_border/000.png,0.39821043610572815,6.3194193840026855,1.0,9.272591590881348,1.0,0.008051872253417969,0.5730025172233582,0.008051872253417969,3,0.6726282127205969,43.5208465163842,1.6411149876423456
zipper,4,2,fabric_border/001.png,0.4102725386619568,6.772127151489258,1.0,8.550494194030762,1.0,0.009697914123535156,0.624886155128479,0.009697914123535156,2,0.5386960369751205,45.746903857773674,1.2786040013261755
zipper,4,2,fabric_border/002.png,0.31602945923805237,2.3491806983947754,1.0,4.673978805541992,1.0,0.003200531005859375,0.48352640867233276,0.003200531005859375,2,0.9997020262216925,53.96870121150072,5.083333333333333
zipper,4,2,fabric_border/003.png,0.36208754777908325,7.171448230743408,1.0,9.170064926147461,1.0,0.0069980621337890625,0.605184018611908,0.0069980621337890625,1,1.0,55.21308874886534,3.931642976318405
zipper,4,2,fabric_border/004.png,0.3398056626319885,4.475122928619385,1.0,5.7451581954956055,1.0,0.01843738555908203,0.5399690866470337,0.01843738555908203,2,0.7474266797703408,40.025930028579516,1.2892406987895009
zipper,4,2,fabric_border/005.png,0.2879225015640259,4.098623275756836,0.9722690289345722,3.9992735385894775,0.990130470367339,0.01980876922607422,0.5804075002670288,0.01980876922607422,2,0.6094554908285591,55.46856999592677,1.9009279632807745
zipper,4,2,fabric_border/006.png,0.4641897976398468,6.33005428314209,1.0,11.961370468139648,1.0,0.02014923095703125,0.6029321551322937,0.02014923095703125,3,0.5306228701249527,38.439455320063786,1.1598885304235218
zipper,4,2,fabric_border/007.png,0.38165825605392456,5.751036643981934,1.0,8.260252952575684,1.0,0.01667308807373047,0.5653066039085388,0.01667308807373047,2,0.656294686266659,45.072546822251994,1.7203913672218982
zipper,4,2,fabric_border/008.png,0.3846500515937805,5.12174129486084,1.0,6.505719184875488,1.0,0.02070140838623047,0.5161485075950623,0.02070140838623047,2,0.545768646058875,35.23390134021439,1.1667395721873295
zipper,4,2,fabric_border/009.png,0.40116533637046814,5.509640216827393,1.0,8.30725383758545,1.0,0.024288177490234375,0.5574651956558228,0.024288177490234375,2,0.5133108214229621,55.87593281193648,1.4759311821129
zipper,4,2,fabric_border/010.png,0.33575794100761414,5.600342750549316,0.9988624958179994,6.764636993408203,1.0,0.014252662658691406,0.6516602039337158,0.014252662658691406,2,0.5949815991970558,88.80360024257662,1.9151177550354335
zipper,4,2,fabric_border/011.png,0.32015302777290344,4.784101486206055,0.9998182809376703,7.322273254394531,0.9998182809376703,0.020992279052734375,0.5258933305740356,0.020992279052734375,2,0.6431491913501727,36.067970919501704,1.0079166266737887
zipper,4,2,fabric_border/012.png,0.4535042643547058,5.773618698120117,1.0,10.609309196472168,1.0,0.025297164916992188,0.576497495174408,0.025297164916992188,2,0.6501922641936213,44.5849294345727,1.1240259549489682
zipper,4,2,fabric_border/013.png,0.42306214570999146,7.083764553070068,1.0,8.954107284545898,1.0,0.010809898376464844,0.6234268546104431,0.010809898376464844,1,1.0,25.173489190288752,1.1745199823205779
zipper,4,2,fabric_border/014.png,0.29776835441589355,5.377315998077393,1.0,6.444583892822266,1.0,0.009568214416503906,0.46685123443603516,0.009568214416503906,1,1.0,26.87282848029153,1.9843731218129002
zipper,4,2,fabric_border/015.png,0.36289459466934204,4.879554271697998,1.0,6.70816707611084,1.0,0.022640228271484375,0.5017191171646118,0.022640228271484375,2,0.5328138163437237,53.76812100373771,1.0420728458618624
zipper,4,2,fabric_border/016.png,0.32834774255752563,3.8350777626037598,0.943944163131244,5.638379096984863,0.9504310934720132,0.034842491149902344,0.5840421915054321,0.034842491149902344,3,0.4072806897495552,86.04385829237485,2.4568856803696124
zipper,4,2,fabric_interior/000.png,0.40551817417144775,4.8870439529418945,1.0,7.638594627380371,1.0,0.02010822296142578,0.5255652070045471,0.02010822296142578,2,0.5358311595921271,35.85099939864337,1.5615916023404424
zipper,4,2,fabric_interior/001.png,0.33239805698394775,4.30575704574585,0.991843447905478,7.7459588050842285,0.9983888292158969,0.028411865234375,0.5557864904403687,0.028411865234375,2,0.7130437701396348,34.10952989936442,1.3739555905663972
zipper,4,2,fabric_interior/002.png,0.290541410446167,3.1497504711151123,0.9657867252493968,4.2137370109558105,0.9796881189901682,0.026480674743652344,0.5098215937614441,0.026480674743652344,3,0.47210717758490295,59.119834994745524,1.1550440551278718
zipper,4,2,fabric_interior/003.png,0.4420536160469055,6.286684036254883,1.0,9.993011474609375,1.0,0.007946968078613281,0.5730790495872498,0.007946968078613281,1,1.0,22.7204216397835,2.1999430321903075
zipper,4,2,fabric_interior/004.png,0.33110183477401733,5.008923530578613,1.0,6.6301164627075195,1.0,0.009833335876464844,0.43796277046203613,0.009833335876464844,1,1.0,17.619452498247995,1.4578455096180787
zipper,4,2,fabric_interior/005.png,0.39377880096435547,4.988158226013184,1.0,8.926355361938477,1.0,0.010247230529785156,0.5382241010665894,0.010247230529785156,1,1.0,19.989013776253106,1.5861781014885314
zipper,4,2,fabric_interior/006.png,0.3276030421257019,4.702270030975342,0.9568989422810285,9.42184066772461,0.9881155171730777,0.02407360076904297,0.5582994222640991,0.02407360076904297,1,1.0,25.121032335757917,1.358635688692051
zipper,4,2,fabric_interior/007.png,0.26566192507743835,3.4706649780273438,1.0,2.0763425827026367,1.0,0.0015916824340820312,0.3368288278579712,0.0015916824340820312,1,1.0,15.81537616370469,1.56521740494895
zipper,4,2,fabric_interior/008.png,0.4108631908893585,5.867140769958496,1.0,13.20474624633789,1.0,0.02762317657470703,0.622041642665863,0.02762317657470703,1,1.0,21.051386732008023,1.1065902661556524
zipper,4,2,fabric_interior/009.png,0.3493494391441345,4.834347724914551,0.9958742632612967,5.50737190246582,1.0,0.01941680908203125,0.46941614151000977,0.01941680908203125,1,1.0,17.83182160997546,1.0439612441634616
zipper,4,2,fabric_interior/010.png,0.3705558776855469,4.720841407775879,1.0,7.470788955688477,1.0,0.02252960205078125,0.5237513780593872,0.02252960205078125,2,0.5008889265154081,38.303425244635285,1.0412714397944074
zipper,4,2,fabric_interior/011.png,0.40685582160949707,5.065875053405762,0.9957183787786112,10.718839645385742,0.9971348549721534,0.029623985290527344,0.593629002571106,0.029623985290527344,2,0.6804558477931945,41.26308695721457,1.4847341502156377
zipper,4,2,fabric_interior/012.png,0.28939980268478394,4.801547050476074,1.0,4.328934192657471,1.0,0.011071205139160156,0.41447722911834717,0.011071205139160156,1,1.0,17.472421792109813,1.4972659707786145
zipper,4,2,fabric_interior/013.png,0.35869476199150085,4.394808769226074,0.9891424365108575,7.5032501220703125,0.9892896577107103,0.025911331176757812,0.5186904072761536,0.025911331176757812,2,0.5231873389768127,35.066127460651614,1.7631241310998353
zipper,4,2,fabric_interior/014.png,0.35473811626434326,6.149259567260742,1.0,8.361625671386719,1.0,0.015735626220703125,0.48849910497665405,0.015735626220703125,1,1.0,16.720122720336214,1.0067567567567568
zipper,4,2,fabric_interior/015.png,0.3677683472633362,4.392769813537598,0.9490419327964454,7.126018524169922,0.9899333518467093,0.013736724853515625,0.48816460371017456,0.013736724853515625,2,0.6594001666203833,41.47113299014508,1.5123871603762395
zipper,4,2,rough/000.png,0.007967948913574219,-0.38482844829559326,0.41924323650417655,0.4909634590148926,0.646085276150106,0.030597686767578125,0.33792567253112793,0.030597686767578125,1,1.0,17.949110603643813,1.543004598091581
zipper,4,2,rough/001.png,0.011822015047073364,0.2574772834777832,0.5621627826885547,1.3291194438934326,0.8966823556422914,0.04153728485107422,0.34524810314178467,0.04153728485107422,2,0.513144300309953,34.537398426176146,1.4118230940860843
zipper,4,2,rough/002.png,0.01601940393447876,0.8583009243011475,0.8535493541961847,1.1249902248382568,0.9417031150536972,0.04644298553466797,0.36569732427597046,0.04644298553466797,2,0.6037084950409659,33.564042218396004,1.6103889355689267
zipper,4,2,rough/003.png,0.002032548189163208,-0.0640254020690918,0.48073670859317197,0.8532681465148926,0.7964802874960364,0.07218170166015625,0.3753148913383484,0.07218170166015625,2,0.6389123771271535,37.40422457237266,2.478188910126021
zipper,4,2,rough/004.png,0.011073797941207886,0.6150426268577576,0.6917917661215552,1.0898094177246094,0.9083108121436885,0.04834461212158203,0.2863328456878662,0.04834461212158203,2,0.5395616751819778,34.31913384481337,1.579837067456469
zipper,4,2,rough/005.png,-0.0006414055824279785,-0.45742267370224,0.38783666377063425,0.11548447608947754,0.5420600444058307,0.04939556121826172,0.3064367175102234,0.04939556121826172,2,0.5232744473404769,33.60855358541205,1.8578820660580067
zipper,4,2,rough/006.png,0.022964835166931152,0.585175096988678,0.6510448950677411,1.1206183433532715,0.963329053395909,0.08615875244140625,0.4094734787940979,0.08615875244140625,2,0.5371911803772248,40.826184856720964,1.8235294117647058
zipper,4,2,rough/007.png,0.03100353479385376,1.0076860189437866,0.7796369090721009,0.833770751953125,0.9225974966380469,0.036876678466796875,0.27577877044677734,0.036876678466796875,1,1.0,17.301416000396475,1.9276315789473684
zipper,4,2,rough/008.png,0.003678262233734131,0.3655979633331299,0.676792199589452,0.6926131248474121,0.9295752408021475,0.04831695556640625,0.29868263006210327,0.04831695556640625,1,1.0,18.555594627503176,2.246913580246914
zipper,4,2,rough/009.png,0.025047004222869873,0.9134308099746704,0.7624143119879618,0.9885931015014648,1.0,0.03422355651855469,0.24778562784194946,0.03422355651855469,1,1.0,16.946319795110856,1.7704917583833644
zipper,4,2,rough/010.png,0.010836958885192871,0.9673511981964111,0.7634324567230667,1.3276863098144531,0.8167715212379352,0.024405479431152344,0.3652005195617676,0.024405479431152344,1,1.0,15.851885155671303,1.3612563101217212
zipper,4,2,rough/011.png,0.07228049635887146,1.2344214916229248,0.7597875270509542,1.6260457038879395,0.8794806216801102,0.024237632751464844,0.332095742225647,0.024237632751464844,1,1.0,17.392829294907077,1.3554935190037563
zipper,4,2,rough/012.png,0.017960309982299805,-0.298525333404541,0.39727274061678924,0.8115221261978149,0.8960324100576864,0.0649709701538086,0.3726370930671692,0.0649709701538086,2,0.5740602110763721,34.282125033996095,1.9679487179487178
zipper,4,2,rough/013.png,0.024965345859527588,1.2592203617095947,0.7923795461111289,1.5250186920166016,0.8705421628735596,0.029709815979003906,0.29770445823669434,0.029709815979003906,1,1.0,16.79077255472581,1.6781549989955948
zipper,4,2,rough/014.png,0.02727484703063965,1.497772216796875,0.8151290669973567,1.5050517320632935,0.9959533988186535,0.02922344207763672,0.3797452449798584,0.02922344207763672,1,1.0,16.244204839396744,1.3827681903335873
zipper,4,2,rough/015.png,0.032364070415496826,0.8503240942955017,0.6546529145903349,2.9994521141052246,0.9599523202489942,0.05760478973388672,0.5199201107025146,0.05760478973388672,2,0.5191795109514428,33.85053432579086,1.636242576561443
zipper,4,2,rough/016.png,-0.0007877349853515625,0.5581213235855103,0.6353380757347129,1.1877237558364868,0.8870446216857081,0.026544570922851562,0.30094480514526367,0.026544570922851562,1,1.0,16.743794508490264,1.6114347449925797
zipper,4,2,split_teeth/000.png,0.026237308979034424,0.31842654943466187,0.7865356971729756,0.5626869201660156,0.9258744609487303,0.039806365966796875,0.26485204696655273,0.039806365966796875,1,1.0,18.779017321726958,1.81812108766806
zipper,4,2,split_teeth/001.png,0.020637154579162598,0.23814928531646729,0.6096628045157457,0.688491940498352,0.8816102198455139,0.0256805419921875,0.2662653923034668,0.0256805419921875,1,1.0,17.27149048965865,1.433178876904417
zipper,4,2,split_teeth/002.png,0.02354341745376587,1.3791866302490234,0.9343442900711623,1.6347415447235107,0.998559810233819,0.011257171630859375,0.28081244230270386,0.011257171630859375,1,1.0,15.26249358566901,1.003430557787693
zipper,4,2,split_teeth/003.png,0.01074478030204773,0.03116816282272339,0.5203493207651788,0.25393009185791016,0.7888550041585806,0.03439903259277344,0.22685575485229492,0.03439903259277344,1,1.0,15.717313052457829,1.7191589195101964
zipper,4,2,split_teeth/004.png,0.029084861278533936,0.5217517018318176,0.8796945854811828,1.0227088928222656,0.9332002635556761,0.04921150207519531,0.45531487464904785,0.04921150207519531,1,1.0,15.578093036255863,1.7945945945945947
zipper,4,2,split_teeth/005.png,0.034401655197143555,0.6331677436828613,0.8672072723516348,0.6561692953109741,0.8363720882185838,0.03692817687988281,0.24212777614593506,0.03692817687988281,2,0.9999741748876607,18.5386305392165,1.7958131956926509
zipper,4,2,split_teeth/006.png,0.013308018445968628,0.16017937660217285,0.610378818270388,0.24857163429260254,0.7768353487305862,0.03328132629394531,0.18318462371826172,0.03328132629394531,2,0.9999713450627543,17.869440568138423,1.5426829268292683
zipper,4,2,split_teeth/007.png,0.048814475536346436,1.0946955680847168,0.8155254699522743,1.5287635326385498,0.8671958702639525,0.019582748413085938,0.28263378143310547,0.019582748413085938,1,1.0,16.000866467034143,1.5298932130678278
zipper,4,2,split_teeth/008.png,-0.0013569295406341553,0.7573378086090088,0.8080640050697085,1.0193783044815063,0.98154309252218,0.0120391845703125,0.2603035569190979,0.0120391845703125,1,1.0,19.030918285054447,2.5111561571235095
zipper,4,2,split_teeth/009.png,0.032268136739730835,1.2828369140625,0.9360175761108371,1.0754379034042358,0.9308613191050531,0.021269798278808594,0.3739134669303894,0.021269798278808594,1,1.0,24.50265743224947,2.634782608695652
zipper,4,2,split_teeth/010.png,0.009339183568954468,0.1493828296661377,0.6499976107421035,0.23229777812957764,0.7288670139054809,0.03991508483886719,0.2546992301940918,0.03991508483886719,1,1.0,17.978260385214238,1.8157617630755891
zipper,4,2,split_teeth/011.png,0.023335307836532593,0.7730306386947632,0.790324930788285,0.8657664060592651,0.9256399048035359,0.01963520050048828,0.3270036578178406,0.01963520050048828,1,1.0,16.16238791966186,1.54154949645432
zipper,4,2,split_teeth/012.png,0.021174252033233643,0.9098902940750122,0.76586751993887,1.2180168628692627,0.9244949615549931,0.03993797302246094,0.3537052273750305,0.03993797302246094,1,1.0,18.300481157956224,1.7070907549656078
zipper,4,2,split_teeth/013.png,0.008583247661590576,0.336478590965271,0.7923570374944255,0.6838438510894775,0.9559877877259785,0.027800559997558594,0.22903990745544434,0.027800559997558594,1,1.0,15.067312505352877,1.2477341670277966
zipper,4,2,split_teeth/014.png,0.04668131470680237,0.5725357532501221,0.8622712808273667,1.2533738613128662,0.9285998408910103,0.038360595703125,0.33874768018722534,0.038360595703125,1,1.0,16.887987748002125,1.6220797680375805
zipper,4,2,split_teeth/015.png,0.024761736392974854,0.5357768535614014,0.7121057060335221,1.1920244693756104,0.8379613836392168,0.04193401336669922,0.4377579689025879,0.04193401336669922,1,1.0,17.487404523372014,1.3896203544062005
zipper,4,2,split_teeth/016.png,0.09978774189949036,0.9468370676040649,0.7514270182114705,2.1295697689056396,0.9169951073661321,0.02806854248046875,0.33521169424057007,0.02806854248046875,1,1.0,16.74251161735111,1.2449167183573233
zipper,4,2,split_teeth/017.png,0.060702621936798096,1.2424801588058472,0.7980814822920086,1.7510184049606323,0.9529489003173214,0.026146888732910156,0.34387969970703125,0.026146888732910156,1,1.0,14.89308343018428,1.1213872832369942
zipper,4,2,squeezed_teeth/000.png,0.031463444232940674,0.35160112380981445,0.5891164781412412,0.5092310905456543,0.7482726994802813,0.015597343444824219,0.30088019371032715,0.015597343444824219,1,1.0,14.59530399583108,1.1276062082476648
zipper,4,2,squeezed_teeth/001.png,-0.011231780052185059,0.1572413444519043,0.6716867469879518,0.49965572357177734,0.9041550818659252,0.02469635009765625,0.33152371644973755,0.02469635009765625,1,1.0,16.92998247268485,1.9659223896213514
zipper,4,2,squeezed_teeth/002.png,0.06339675188064575,0.8899588584899902,0.8225093695810259,1.6863771677017212,0.9374615427644459,0.01704883575439453,0.28563761711120605,0.01704883575439453,1,1.0,15.985409161376824,1.5585501288866068
zipper,4,2,squeezed_teeth/003.png,0.029247045516967773,0.0979604721069336,0.58816955376387,0.6170258522033691,0.8811367446315957,0.011946678161621094,0.3541433811187744,0.011946678161621094,1,1.0,14.78703612955118,1.1221374116827645
zipper,4,2,squeezed_teeth/004.png,0.0027129650115966797,0.26033252477645874,0.6421334575521137,0.6494807004928589,1.0,0.008189201354980469,0.2265293002128601,0.008189201354980469,1,1.0,15.037133510425189,1.3902439024390243
zipper,4,2,squeezed_teeth/005.png,0.006289005279541016,0.045049846172332764,0.5323460639127046,0.17905807495117188,0.5876851130163678,0.0073413848876953125,0.2692021131515503,0.0073413848876953125,1,1.0,14.889189454918288,1.3132530120481927
zipper,4,2,squeezed_teeth/006.png,0.046057045459747314,0.8115044236183167,0.7948642699926632,1.3651609420776367,0.9404255319148936,0.006499290466308594,0.267150342464447,0.006499290466308594,1,1.0,16.046683191545657,1.2857142857142858
zipper,4,2,squeezed_teeth/007.png,0.010779321193695068,0.08686786890029907,0.5598791284525261,0.5274012088775635,0.9179875947622329,0.017989158630371094,0.21376138925552368,0.017989158630371094,1,1.0,15.96784981307507,1.2362626899289826
zipper,4,2,squeezed_teeth/008.png,0.008035838603973389,-0.07272735238075256,0.4598115474609499,0.25425034761428833,0.7816353633086701,0.015080451965332031,0.14938855171203613,0.015080451965332031,1,1.0,15.961401222948911,1.0164129615130666
zipper,4,2,squeezed_teeth/009.png,0.026050209999084473,-0.25306499004364014,0.36249671829876606,0.35162222385406494,0.8687319506432134,0.014530181884765625,0.250028133392334,0.014530181884765625,1,1.0,14.606555023930405,1.1076923076923078
zipper,4,2,squeezed_teeth/010.png,0.02511674165725708,0.3109731078147888,0.6156189702447445,0.7594056129455566,0.854128160861176,0.04695415496826172,0.35233885049819946,0.04695415496826172,1,1.0,22.289841669872583,2.7866088074043684
zipper,4,2,squeezed_teeth/011.png,0.017118602991104126,0.11994338035583496,0.5746518728125698,0.6085456609725952,0.8714721870578599,0.012806892395019531,0.3664349317550659,0.012806892395019531,1,1.0,14.73517625915433,1.146551724137931
zipper,4,2,squeezed_teeth/012.png,-0.024152815341949463,0.07999134063720703,0.5247112289339141,0.3110154867172241,0.8827873508805151,0.010072708129882812,0.21724027395248413,0.010072708129882812,1,1.0,15.271778402949431,1.3333333333333333
zipper,4,2,squeezed_teeth/013.png,0.030334681272506714,0.7381495833396912,0.7737506396042981,1.2850968837738037,0.9993177554153164,0.011182785034179688,0.32855331897735596,0.011182785034179688,1,1.0,17.038126108128594,1.7269797887462017
zipper,4,2,squeezed_teeth/014.png,0.13527685403823853,2.321925640106201,0.9042469250406127,2.8774843215942383,0.9623578556509631,0.020546913146972656,0.3560367822647095,0.020546913146972656,1,1.0,16.773966624714095,1.4289099883113563
zipper,4,2,squeezed_teeth/015.png,0.06962484121322632,1.0655156373977661,0.8281351263771873,2.614670753479004,0.9371759559300065,0.0235443115234375,0.36122381687164307,0.0235443115234375,2,0.5324044069993519,30.25106379061467,1.0839277117723092
