object,layer,group,n,p99_threshold,frac_over_p99
screw,mid,D,7,0.3329647302627565,0.0
screw,mid,N_H,7,0.3329647302627565,0.0
screw,mid,N_R_all,7,0.3329647302627565,0.0
screw,mid,N_R_far,7,0.3329647302627565,0.0
screw,mid,D,7,0.3329647302627565,0.0
screw,mid,N_H,5,0.3329647302627565,0.0
screw,mid,N_R_all,5,0.3329647302627565,0.0
screw,mid,N_R_far,5,0.3329647302627565,0.2
screw,mid,D,6,0.3329647302627565,0.0
screw,mid,N_H,9,0.3329647302627565,0.0
screw,mid,N_R_all,9,0.3329647302627565,0.0
screw,mid,N_R_far,9,0.3329647302627565,0.0
screw,mid,D,9,0.3329647302627565,0.3333333333333333
screw,mid,N_H,9,0.3329647302627565,0.0
screw,mid,N_R_all,9,0.3329647302627565,0.1111111111111111
screw,mid,N_R_far,9,0.3329647302627565,0.0
screw,mid,D,5,0.3329647302627565,0.0
screw,mid,N_H,7,0.3329647302627565,0.0
screw,mid,N_R_all,7,0.3329647302627565,0.0
screw,mid,N_R_far,7,0.3329647302627565,0.0
screw,mid,D,7,0.3329647302627565,0.0
screw,mid,N_H,7,0.3329647302627565,0.0
screw,mid,N_R_all,7,0.3329647302627565,0.0
screw,mid,N_R_far,7,0.3329647302627565,0.0
screw,mid,D,6,0.3329647302627565,0.0
screw,mid,N_H,8,0.3329647302627565,0.0
screw,mid,N_R_all,8,0.3329647302627565,0.0
screw,mid,N_R_far,8,0.3329647302627565,0.0
screw,mid,D,9,0.3329647302627565,0.0
screw,mid,N_H,10,0.3329647302627565,0.0
screw,mid,N_R_all,10,0.3329647302627565,0.1
screw,mid,N_R_far,10,0.3329647302627565,0.1
screw,mid,D,7,0.3329647302627565,0.0
screw,mid,N_H,6,0.3329647302627565,0.0
screw,mid,N_R_all,6,0.3329647302627565,0.0
screw,mid,N_R_far,6,0.3329647302627565,0.0
screw,mid,D,12,0.3329647302627565,0.0
screw,mid,N_H,10,0.3329647302627565,0.0
screw,mid,N_R_all,10,0.3329647302627565,0.1
screw,mid,N_R_far,10,0.3329647302627565,0.0
screw,mid,D,8,0.3329647302627565,0.0
screw,mid,N_H,5,0.3329647302627565,0.0
screw,mid,N_R_all,5,0.3329647302627565,0.0
screw,mid,N_R_far,5,0.3329647302627565,0.0
screw,mid,D,6,0.3329647302627565,0.0
screw,mid,N_H,8,0.3329647302627565,0.0
screw,mid,N_R_all,8,0.3329647302627565,0.0
screw,mid,N_R_far,8,0.3329647302627565,0.0
screw,mid,D,3,0.3329647302627565,0.0
screw,mid,N_H,7,0.3329647302627565,0.14285714285714285
screw,mid,N_R_all,7,0.3329647302627565,0.0
screw,mid,N_R_far,7,0.3329647302627565,0.0
screw,mid,D,7,0.3329647302627565,0.0
screw,mid,N_H,5,0.3329647302627565,0.2
screw,mid,N_R_all,5,0.3329647302627565,0.0
screw,mid,N_R_far,5,0.3329647302627565,0.0
screw,mid,D,6,0.3329647302627565,0.0
screw,mid,N_H,9,0.3329647302627565,0.0
screw,mid,N_R_all,9,0.3329647302627565,0.0
screw,mid,N_R_far,9,0.3329647302627565,0.0
screw,mid,D,9,0.3329647302627565,0.1111111111111111
screw,mid,N_H,9,0.3329647302627565,0.0
screw,mid,N_R_all,9,0.3329647302627565,0.0
screw,mid,N_R_far,9,0.3329647302627565,0.0
screw,mid,D,11,0.3329647302627565,0.0
screw,mid,N_H,4,0.3329647302627565,0.0
screw,mid,N_R_all,4,0.3329647302627565,0.25
screw,mid,N_R_far,4,0.3329647302627565,0.0
screw,mid,D,3,0.3329647302627565,0.0
screw,mid,N_H,7,0.3329647302627565,0.0
screw,mid,N_R_all,7,0.3329647302627565,0.0
screw,mid,N_R_far,7,0.3329647302627565,0.14285714285714285
screw,mid,D,6,0.3329647302627565,0.0
screw,mid,N_H,3,0.3329647302627565,0.3333333333333333
screw,mid,N_R_all,3,0.3329647302627565,0.0
screw,mid,N_R_far,3,0.3329647302627565,0.0
screw,mid,D,4,0.3329647302627565,0.0
screw,mid,N_H,5,0.3329647302627565,0.0
screw,mid,N_R_all,5,0.3329647302627565,0.0
screw,mid,N_R_far,5,0.3329647302627565,0.0
screw,mid,D,3,0.3329647302627565,0.0
screw,mid,N_H,10,0.3329647302627565,0.0
screw,mid,N_R_all,10,0.3329647302627565,0.0
screw,mid,N_R_far,10,0.3329647302627565,0.0
screw,mid,D,3,0.3329647302627565,0.0
screw,mid,N_H,5,0.3329647302627565,0.0
screw,mid,N_R_all,5,0.3329647302627565,0.0
screw,mid,N_R_far,5,0.3329647302627565,0.0
screw,mid,D,3,0.3329647302627565,0.0
screw,mid,N_H,8,0.3329647302627565,0.0
screw,mid,N_R_all,8,0.3329647302627565,0.0
screw,mid,N_R_far,8,0.3329647302627565,0.0
screw,mid,D,6,0.3329647302627565,0.0
screw,mid,N_H,6,0.3329647302627565,0.0
screw,mid,N_R_all,6,0.3329647302627565,0.0
screw,mid,N_R_far,6,0.3329647302627565,0.0
screw,mid,D,5,0.3329647302627565,0.0
screw,mid,N_H,8,0.3329647302627565,0.0
screw,mid,N_R_all,8,0.3329647302627565,0.0
screw,mid,N_R_far,8,0.3329647302627565,0.0
screw,mid,D,6,0.3329647302627565,0.0
screw,mid,N_H,8,0.3329647302627565,0.0
screw,mid,N_R_all,8,0.3329647302627565,0.0
screw,mid,N_R_far,8,0.3329647302627565,0.0
screw,mid,D,6,0.3329647302627565,0.0
screw,mid,N_H,3,0.3329647302627565,0.0
screw,mid,N_R_all,3,0.3329647302627565,0.0
screw,mid,N_R_far,3,0.3329647302627565,0.0
screw,mid,D,5,0.3329647302627565,0.0
screw,mid,N_H,3,0.3329647302627565,0.0
screw,mid,N_R_all,3,0.3329647302627565,0.0
screw,mid,N_R_far,3,0.3329647302627565,0.0
screw,mid,D,5,0.3329647302627565,0.0
screw,mid,N_H,4,0.3329647302627565,0.0
screw,mid,N_R_all,4,0.3329647302627565,0.0
screw,mid,N_R_far,4,0.3329647302627565,0.0
screw,mid,D,4,0.3329647302627565,0.0
screw,mid,N_H,9,0.3329647302627565,0.3333333333333333
screw,mid,N_R_all,9,0.3329647302627565,0.1111111111111111
screw,mid,N_R_far,9,0.3329647302627565,0.0
screw,mid,D,5,0.3329647302627565,0.0
screw,mid,N_H,5,0.3329647302627565,0.0
screw,mid,N_R_all,5,0.3329647302627565,0.0
screw,mid,N_R_far,5,0.3329647302627565,0.0
screw,mid,D,6,0.3329647302627565,0.16666666666666666
screw,mid,N_H,5,0.3329647302627565,0.0
screw,mid,N_R_all,5,0.3329647302627565,0.0
screw,mid,N_R_far,5,0.3329647302627565,0.4
screw,mid,D,6,0.3329647302627565,0.0
screw,mid,N_H,3,0.3329647302627565,0.0
screw,mid,N_R_all,3,0.3329647302627565,0.0
screw,mid,N_R_far,3,0.3329647302627565,0.0
screw,mid,D,7,0.3329647302627565,0.0
screw,mid,N_H,6,0.3329647302627565,0.0
screw,mid,N_R_all,6,0.3329647302627565,0.0
screw,mid,N_R_far,6,0.3329647302627565,0.0
screw,mid,D,5,0.3329647302627565,0.0
screw,mid,N_H,7,0.3329647302627565,0.0
screw,mid,N_R_all,7,0.3329647302627565,0.14285714285714285
screw,mid,N_R_far,7,0.3329647302627565,0.0
screw,mid,D,5,0.3329647302627565,0.0
screw,mid,N_H,4,0.3329647302627565,0.0
screw,mid,N_R_all,4,0.3329647302627565,0.0
screw,mid,N_R_far,4,0.3329647302627565,0.0
screw,mid,D,7,0.3329647302627565,0.0
screw,mid,N_H,6,0.3329647302627565,0.0
screw,mid,N_R_all,6,0.3329647302627565,0.0
screw,mid,N_R_far,6,0.3329647302627565,0.0
screw,mid,D,4,0.3329647302627565,0.0
screw,mid,N_H,2,0.3329647302627565,0.0
screw,mid,N_R_all,2,0.3329647302627565,0.0
screw,mid,N_R_far,2,0.3329647302627565,0.0
screw,mid,D,5,0.3329647302627565,0.0
screw,mid,N_H,4,0.3329647302627565,0.0
screw,mid,N_R_all,4,0.3329647302627565,0.0
screw,mid,N_R_far,4,0.3329647302627565,0.0
screw,mid,D,8,0.3329647302627565,0.0
screw,mid,N_H,1,0.3329647302627565,0.0
screw,mid,N_R_all,1,0.3329647302627565,0.0
screw,mid,N_R_far,1,0.3329647302627565,0.0
screw,mid,D,4,0.3329647302627565,0.0
screw,mid,N_H,5,0.3329647302627565,0.0
screw,mid,N_R_all,5,0.3329647302627565,0.0
screw,mid,N_R_far,5,0.3329647302627565,0.0
screw,mid,D,6,0.3329647302627565,0.0
screw,mid,N_H,4,0.3329647302627565,0.0
screw,mid,N_R_all,4,0.3329647302627565,0.0
screw,mid,N_R_far,4,0.3329647302627565,0.0
screw,mid,D,7,0.3329647302627565,0.0
screw,mid,N_H,3,0.3329647302627565,0.0
screw,mid,N_R_all,3,0.3329647302627565,0.0
screw,mid,N_R_far,3,0.3329647302627565,0.0
screw,mid,D,5,0.3329647302627565,0.0
screw,mid,N_H,1,0.3329647302627565,0.0
screw,mid,N_R_all,1,0.3329647302627565,0.0
screw,mid,N_R_far,1,0.3329647302627565,0.0
screw,mid,D,6,0.3329647302627565,0.0
screw,mid,N_H,6,0.3329647302627565,0.0
screw,mid,N_R_all,6,0.3329647302627565,0.0
screw,mid,N_R_far,6,0.3329647302627565,0.0
screw,mid,D,3,0.3329647302627565,0.0
screw,mid,N_H,8,0.3329647302627565,0.0
screw,mid,N_R_all,8,0.3329647302627565,0.125
screw,mid,N_R_far,8,0.3329647302627565,0.0
screw,mid,D,4,0.3329647302627565,0.0
screw,mid,N_H,5,0.3329647302627565,0.0
screw,mid,N_R_all,5,0.3329647302627565,0.0
screw,mid,N_R_far,5,0.3329647302627565,0.0
screw,mid,D,6,0.3329647302627565,0.0
screw,mid,N_H,4,0.3329647302627565,0.0
screw,mid,N_R_all,4,0.3329647302627565,0.0
screw,mid,N_R_far,4,0.3329647302627565,0.0
screw,mid,D,4,0.3329647302627565,0.0
screw,mid,N_H,10,0.3329647302627565,0.0
screw,mid,N_R_all,10,0.3329647302627565,0.1
screw,mid,N_R_far,10,0.3329647302627565,0.0
screw,mid,D,11,0.3329647302627565,0.0
screw,mid,N_H,3,0.3329647302627565,0.0
screw,mid,N_R_all,3,0.3329647302627565,0.0
screw,mid,N_R_far,3,0.3329647302627565,0.0
screw,mid,D,6,0.3329647302627565,0.0
screw,mid,N_H,7,0.3329647302627565,0.0
screw,mid,N_R_all,7,0.3329647302627565,0.0
screw,mid,N_R_far,7,0.3329647302627565,0.0
screw,mid,D,6,0.3329647302627565,0.0
screw,mid,N_H,4,0.3329647302627565,0.0
screw,mid,N_R_all,4,0.3329647302627565,0.0
screw,mid,N_R_far,4,0.3329647302627565,0.0
screw,mid,D,7,0.3329647302627565,0.0
screw,mid,N_H,1,0.3329647302627565,0.0
screw,mid,N_R_all,1,0.3329647302627565,0.0
screw,mid,N_R_far,1,0.3329647302627565,0.0
screw,mid,D,6,0.3329647302627565,0.0
screw,mid,N_H,9,0.3329647302627565,0.0
screw,mid,N_R_all,9,0.3329647302627565,0.1111111111111111
screw,mid,N_R_far,9,0.3329647302627565,0.1111111111111111
screw,mid,D,6,0.3329647302627565,0.0
screw,mid,N_H,1,0.3329647302627565,0.0
screw,mid,N_R_all,1,0.3329647302627565,0.0
screw,mid,N_R_far,1,0.3329647302627565,0.0
screw,mid,D,9,0.3329647302627565,0.0
screw,mid,N_H,1,0.3329647302627565,0.0
screw,mid,N_R_all,1,0.3329647302627565,0.0
screw,mid,N_R_far,1,0.3329647302627565,1.0
screw,mid,D,4,0.3329647302627565,0.0
screw,mid,N_H,6,0.3329647302627565,0.0
screw,mid,N_R_all,6,0.3329647302627565,0.0
screw,mid,N_R_far,6,0.3329647302627565,0.0
screw,mid,D,8,0.3329647302627565,0.0
screw,mid,N_H,4,0.3329647302627565,0.0
screw,mid,N_R_all,4,0.3329647302627565,0.0
screw,mid,N_R_far,4,0.3329647302627565,0.0
screw,mid,D,3,0.3329647302627565,0.0
screw,mid,N_H,10,0.3329647302627565,0.0
screw,mid,N_R_all,10,0.3329647302627565,0.0
screw,mid,N_R_far,10,0.3329647302627565,0.0
screw,mid,D,6,0.3329647302627565,0.0
screw,mid,N_H,7,0.3329647302627565,0.0
screw,mid,N_R_all,7,0.3329647302627565,0.0
screw,mid,N_R_far,7,0.3329647302627565,0.0
screw,mid,D,5,0.3329647302627565,0.0
screw,mid,N_H,3,0.3329647302627565,0.0
screw,mid,N_R_all,3,0.3329647302627565,0.0
screw,mid,N_R_far,3,0.3329647302627565,0.0
screw,mid,D,6,0.3329647302627565,0.0
screw,mid,N_H,2,0.3329647302627565,0.0
screw,mid,N_R_all,2,0.3329647302627565,0.0
screw,mid,N_R_far,2,0.3329647302627565,0.0
screw,mid,D,8,0.3329647302627565,0.0
screw,mid,N_H,1,0.3329647302627565,0.0
screw,mid,N_R_all,1,0.3329647302627565,0.0
screw,mid,N_R_far,1,0.3329647302627565,0.0
screw,mid,D,8,0.3329647302627565,0.0
screw,mid,N_H,8,0.3329647302627565,0.0
screw,mid,N_R_all,8,0.3329647302627565,0.0
screw,mid,N_R_far,8,0.3329647302627565,0.0
screw,mid,D,4,0.3329647302627565,0.0
screw,mid,N_H,5,0.3329647302627565,0.0
screw,mid,N_R_all,5,0.3329647302627565,0.0
screw,mid,N_R_far,5,0.3329647302627565,0.0
screw,mid,D,7,0.3329647302627565,0.0
screw,mid,N_H,2,0.3329647302627565,0.0
screw,mid,N_R_all,2,0.3329647302627565,0.0
screw,mid,N_R_far,2,0.3329647302627565,0.0
screw,mid,D,5,0.3329647302627565,0.0
screw,mid,N_H,5,0.3329647302627565,0.0
screw,mid,N_R_all,5,0.3329647302627565,0.0
screw,mid,N_R_far,5,0.3329647302627565,0.4
screw,mid,D,3,0.3329647302627565,0.0
screw,mid,N_H,5,0.3329647302627565,0.0
screw,mid,N_R_all,5,0.3329647302627565,0.0
screw,mid,N_R_far,5,0.3329647302627565,0.0
screw,mid,D,3,0.3329647302627565,0.0
screw,mid,N_H,5,0.3329647302627565,0.0
screw,mid,N_R_all,5,0.3329647302627565,0.0
screw,mid,N_R_far,5,0.3329647302627565,0.0
screw,mid,D,6,0.3329647302627565,0.0
screw,mid,N_H,7,0.3329647302627565,0.0
screw,mid,N_R_all,7,0.3329647302627565,0.0
screw,mid,N_R_far,7,0.3329647302627565,0.0
screw,mid,D,5,0.3329647302627565,0.0
screw,mid,N_H,9,0.3329647302627565,0.1111111111111111
screw,mid,N_R_all,9,0.3329647302627565,0.1111111111111111
screw,mid,N_R_far,9,0.3329647302627565,0.1111111111111111
screw,mid,D,15,0.3329647302627565,0.0
screw,mid,N_H,4,0.3329647302627565,0.0
screw,mid,N_R_all,4,0.3329647302627565,0.0
screw,mid,N_R_far,4,0.3329647302627565,0.0
screw,mid,D,6,0.3329647302627565,0.0
screw,mid,N_H,9,0.3329647302627565,0.0
screw,mid,N_R_all,9,0.3329647302627565,0.0
screw,mid,N_R_far,9,0.3329647302627565,0.0
screw,mid,D,7,0.3329647302627565,0.0
screw,mid,N_H,5,0.3329647302627565,0.0
screw,mid,N_R_all,5,0.3329647302627565,0.0
screw,mid,N_R_far,5,0.3329647302627565,0.0
screw,mid,D,4,0.3329647302627565,0.0
screw,mid,N_H,9,0.3329647302627565,0.0
screw,mid,N_R_all,9,0.3329647302627565,0.0
screw,mid,N_R_far,9,0.3329647302627565,0.1111111111111111
screw,mid,D,5,0.3329647302627565,0.0
screw,mid,N_H,10,0.3329647302627565,0.0
screw,mid,N_R_all,10,0.3329647302627565,0.3
screw,mid,N_R_far,10,0.3329647302627565,0.1
screw,mid,D,10,0.3329647302627565,0.0
screw,mid,N_H,7,0.3329647302627565,0.0
screw,mid,N_R_all,7,0.3329647302627565,0.0
screw,mid,N_R_far,7,0.3329647302627565,0.0
screw,mid,D,10,0.3329647302627565,0.0
screw,mid,N_H,4,0.3329647302627565,0.0
screw,mid,N_R_all,4,0.3329647302627565,0.0
screw,mid,N_R_far,4,0.3329647302627565,0.0
screw,mid,D,5,0.3329647302627565,0.0
screw,mid,N_H,7,0.3329647302627565,0.2857142857142857
screw,mid,N_R_all,7,0.3329647302627565,0.0
screw,mid,N_R_far,7,0.3329647302627565,0.14285714285714285
screw,mid,D,6,0.3329647302627565,0.0
screw,mid,N_H,9,0.3329647302627565,0.0
screw,mid,N_R_all,9,0.3329647302627565,0.0
screw,mid,N_R_far,9,0.3329647302627565,0.0
screw,mid,D,7,0.3329647302627565,0.0
screw,mid,N_H,6,0.3329647302627565,0.0
screw,mid,N_R_all,6,0.3329647302627565,0.0
screw,mid,N_R_far,6,0.3329647302627565,0.0
screw,mid,D,5,0.3329647302627565,0.0
screw,mid,N_H,8,0.3329647302627565,0.0
screw,mid,N_R_all,8,0.3329647302627565,0.0
screw,mid,N_R_far,8,0.3329647302627565,0.0
screw,mid,D,8,0.3329647302627565,0.0
screw,mid,N_H,6,0.3329647302627565,0.0
screw,mid,N_R_all,6,0.3329647302627565,0.0
screw,mid,N_R_far,6,0.3329647302627565,0.0
screw,mid,D,4,0.3329647302627565,0.0
screw,mid,N_H,8,0.3329647302627565,0.0
screw,mid,N_R_all,8,0.3329647302627565,0.0
screw,mid,N_R_far,8,0.3329647302627565,0.0
screw,mid,D,6,0.3329647302627565,0.0
screw,mid,N_H,5,0.3329647302627565,0.0
screw,mid,N_R_all,5,0.3329647302627565,0.0
screw,mid,N_R_far,5,0.3329647302627565,0.0
screw,mid,D,7,0.3329647302627565,0.0
screw,mid,N_H,7,0.3329647302627565,0.0
screw,mid,N_R_all,7,0.3329647302627565,0.0
screw,mid,N_R_far,7,0.3329647302627565,0.0
screw,mid,D,12,0.3329647302627565,0.0
screw,mid,N_H,8,0.3329647302627565,0.0
screw,mid,N_R_all,8,0.3329647302627565,0.0
screw,mid,N_R_far,8,0.3329647302627565,0.0
screw,mid,D,9,0.3329647302627565,0.0
screw,mid,N_H,2,0.3329647302627565,0.0
screw,mid,N_R_all,2,0.3329647302627565,0.0
screw,mid,N_R_far,2,0.3329647302627565,0.0
screw,mid,D,7,0.3329647302627565,0.42857142857142855
screw,mid,N_H,7,0.3329647302627565,0.42857142857142855
screw,mid,N_R_all,7,0.3329647302627565,0.0
screw,mid,N_R_far,7,0.3329647302627565,0.0
screw,mid,D,4,0.3329647302627565,0.0
screw,mid,N_H,10,0.3329647302627565,0.0
screw,mid,N_R_all,10,0.3329647302627565,0.0
screw,mid,N_R_far,10,0.3329647302627565,0.0
screw,mid,D,4,0.3329647302627565,0.0
screw,mid,N_H,7,0.3329647302627565,0.0
screw,mid,N_R_all,7,0.3329647302627565,0.0
screw,mid,N_R_far,7,0.3329647302627565,0.0
screw,mid,D,7,0.3329647302627565,0.0
screw,mid,N_H,3,0.3329647302627565,0.0
screw,mid,N_R_all,3,0.3329647302627565,0.0
screw,mid,N_R_far,3,0.3329647302627565,0.0
screw,mid,D,8,0.3329647302627565,0.0
screw,mid,N_H,4,0.3329647302627565,0.0
screw,mid,N_R_all,4,0.3329647302627565,0.0
screw,mid,N_R_far,4,0.3329647302627565,0.0
screw,mid,D,12,0.3329647302627565,0.0
screw,mid,N_H,5,0.3329647302627565,0.0
screw,mid,N_R_all,5,0.3329647302627565,0.0
screw,mid,N_R_far,5,0.3329647302627565,0.0
screw,mid,D,11,0.3329647302627565,0.0
screw,mid,N_H,2,0.3329647302627565,0.0
screw,mid,N_R_all,2,0.3329647302627565,0.0
screw,mid,N_R_far,2,0.3329647302627565,0.0
screw,mid,D,11,0.3329647302627565,0.0
screw,mid,N_H,6,0.3329647302627565,0.0
screw,mid,N_R_all,6,0.3329647302627565,0.0
screw,mid,N_R_far,6,0.3329647302627565,0.0
screw,mid,D,9,0.3329647302627565,0.0
screw,mid,N_H,9,0.3329647302627565,0.0
screw,mid,N_R_all,9,0.3329647302627565,0.0
screw,mid,N_R_far,9,0.3329647302627565,0.0
screw,mid,D,11,0.3329647302627565,0.0
screw,mid,N_H,7,0.3329647302627565,0.0
screw,mid,N_R_all,7,0.3329647302627565,0.42857142857142855
screw,mid,N_R_far,7,0.3329647302627565,0.0
screw,mid,D,18,0.3329647302627565,0.0
screw,mid,N_H,3,0.3329647302627565,0.0
screw,mid,N_R_all,3,0.3329647302627565,0.0
screw,mid,N_R_far,3,0.3329647302627565,0.0
screw,mid,D,12,0.3329647302627565,0.0
screw,mid,N_H,1,0.3329647302627565,0.0
screw,mid,N_R_all,1,0.3329647302627565,0.0
screw,mid,N_R_far,1,0.3329647302627565,0.0
screw,mid,D,11,0.3329647302627565,0.0
screw,mid,N_H,5,0.3329647302627565,0.0
screw,mid,N_R_all,5,0.3329647302627565,0.0
screw,mid,N_R_far,5,0.3329647302627565,0.0
screw,mid,D,9,0.3329647302627565,0.0
screw,mid,N_H,3,0.3329647302627565,0.0
screw,mid,N_R_all,3,0.3329647302627565,0.0
screw,mid,N_R_far,3,0.3329647302627565,0.0
screw,mid,D,12,0.3329647302627565,0.16666666666666666
screw,mid,N_H,9,0.3329647302627565,0.0
screw,mid,N_R_all,9,0.3329647302627565,0.0
screw,mid,N_R_far,9,0.3329647302627565,0.0
screw,mid,D,11,0.3329647302627565,0.0
screw,mid,N_H,3,0.3329647302627565,0.0
screw,mid,N_R_all,3,0.3329647302627565,0.0
screw,mid,N_R_far,3,0.3329647302627565,0.6666666666666666
screw,mid,D,4,0.3329647302627565,0.0
screw,mid,N_H,6,0.3329647302627565,0.0
screw,mid,N_R_all,6,0.3329647302627565,0.0
screw,mid,N_R_far,6,0.3329647302627565,0.0
screw,mid,D,5,0.3329647302627565,0.0
screw,mid,N_H,7,0.3329647302627565,0.0
screw,mid,N_R_all,7,0.3329647302627565,0.0
screw,mid,N_R_far,7,0.3329647302627565,0.0
screw,mid,D,10,0.3329647302627565,0.2
screw,mid,N_H,10,0.3329647302627565,0.0
screw,mid,N_R_all,10,0.3329647302627565,0.0
screw,mid,N_R_far,10,0.3329647302627565,0.0
screw,mid,D,6,0.3329647302627565,0.0
screw,mid,N_H,7,0.3329647302627565,0.14285714285714285
screw,mid,N_R_all,7,0.3329647302627565,0.0
screw,mid,N_R_far,7,0.3329647302627565,0.0
screw,mid,D,9,0.3329647302627565,0.0
screw,mid,N_H,8,0.3329647302627565,0.0
screw,mid,N_R_all,8,0.3329647302627565,0.0
screw,mid,N_R_far,8,0.3329647302627565,0.0
screw,mid,D,3,0.3329647302627565,0.0
screw,mid,N_H,6,0.3329647302627565,0.0
screw,mid,N_R_all,6,0.3329647302627565,0.0
screw,mid,N_R_far,6,0.3329647302627565,0.0
screw,mid,D,10,0.3329647302627565,0.0
screw,mid,N_H,4,0.3329647302627565,0.0
screw,mid,N_R_all,4,0.3329647302627565,0.0
screw,mid,N_R_far,4,0.3329647302627565,0.0
screw,mid,D,12,0.3329647302627565,0.0
screw,mid,N_H,1,0.3329647302627565,0.0
screw,mid,N_R_all,1,0.3329647302627565,0.0
screw,mid,N_R_far,1,0.3329647302627565,0.0
screw,mid,D,11,0.3329647302627565,0.0
screw,mid,N_H,2,0.3329647302627565,0.0
screw,mid,N_R_all,2,0.3329647302627565,0.0
screw,mid,N_R_far,2,0.3329647302627565,0.0
screw,mid,D,8,0.3329647302627565,0.0
screw,mid,N_H,4,0.3329647302627565,0.0
screw,mid,N_R_all,4,0.3329647302627565,0.0
screw,mid,N_R_far,4,0.3329647302627565,0.0
screw,mid,D,9,0.3329647302627565,0.0
screw,mid,N_H,7,0.3329647302627565,0.0
screw,mid,N_R_all,7,0.3329647302627565,0.14285714285714285
screw,mid,N_R_far,7,0.3329647302627565,0.14285714285714285
screw,midlate,D,7,0.32969702184200306,0.0
screw,midlate,N_H,7,0.32969702184200306,0.0
screw,midlate,N_R_all,7,0.32969702184200306,0.0
screw,midlate,N_R_far,7,0.32969702184200306,0.0
screw,midlate,D,7,0.32969702184200306,0.0
screw,midlate,N_H,5,0.32969702184200306,0.2
screw,midlate,N_R_all,5,0.32969702184200306,0.0
screw,midlate,N_R_far,5,0.32969702184200306,0.2
screw,midlate,D,6,0.32969702184200306,0.0
screw,midlate,N_H,9,0.32969702184200306,0.0
screw,midlate,N_R_all,9,0.32969702184200306,0.0
screw,midlate,N_R_far,9,0.32969702184200306,0.0
screw,midlate,D,9,0.32969702184200306,0.3333333333333333
screw,midlate,N_H,9,0.32969702184200306,0.1111111111111111
screw,midlate,N_R_all,9,0.32969702184200306,0.0
screw,midlate,N_R_far,9,0.32969702184200306,0.0
screw,midlate,D,5,0.32969702184200306,0.0
screw,midlate,N_H,7,0.32969702184200306,0.0
screw,midlate,N_R_all,7,0.32969702184200306,0.0
screw,midlate,N_R_far,7,0.32969702184200306,0.0
screw,midlate,D,7,0.32969702184200306,0.0
screw,midlate,N_H,7,0.32969702184200306,0.0
screw,midlate,N_R_all,7,0.32969702184200306,0.0
screw,midlate,N_R_far,7,0.32969702184200306,0.0
screw,midlate,D,6,0.32969702184200306,0.0
screw,midlate,N_H,8,0.32969702184200306,0.0
screw,midlate,N_R_all,8,0.32969702184200306,0.0
screw,midlate,N_R_far,8,0.32969702184200306,0.0
screw,midlate,D,9,0.32969702184200306,0.0
screw,midlate,N_H,10,0.32969702184200306,0.0
screw,midlate,N_R_all,10,0.32969702184200306,0.0
screw,midlate,N_R_far,10,0.32969702184200306,0.1
screw,midlate,D,7,0.32969702184200306,0.0
screw,midlate,N_H,6,0.32969702184200306,0.0
screw,midlate,N_R_all,6,0.32969702184200306,0.0
screw,midlate,N_R_far,6,0.32969702184200306,0.0
screw,midlate,D,12,0.32969702184200306,0.0
screw,midlate,N_H,10,0.32969702184200306,0.0
screw,midlate,N_R_all,10,0.32969702184200306,0.1
screw,midlate,N_R_far,10,0.32969702184200306,0.0
screw,midlate,D,8,0.32969702184200306,0.0
screw,midlate,N_H,5,0.32969702184200306,0.0
screw,midlate,N_R_all,5,0.32969702184200306,0.0
screw,midlate,N_R_far,5,0.32969702184200306,0.0
screw,midlate,D,6,0.32969702184200306,0.0
screw,midlate,N_H,8,0.32969702184200306,0.0
screw,midlate,N_R_all,8,0.32969702184200306,0.125
screw,midlate,N_R_far,8,0.32969702184200306,0.0
screw,midlate,D,3,0.32969702184200306,0.0
screw,midlate,N_H,7,0.32969702184200306,0.14285714285714285
screw,midlate,N_R_all,7,0.32969702184200306,0.0
screw,midlate,N_R_far,7,0.32969702184200306,0.0
screw,midlate,D,7,0.32969702184200306,0.0
screw,midlate,N_H,5,0.32969702184200306,0.0
screw,midlate,N_R_all,5,0.32969702184200306,0.0
screw,midlate,N_R_far,5,0.32969702184200306,0.0
screw,midlate,D,6,0.32969702184200306,0.0
screw,midlate,N_H,9,0.32969702184200306,0.0
screw,midlate,N_R_all,9,0.32969702184200306,0.0
screw,midlate,N_R_far,9,0.32969702184200306,0.0
screw,midlate,D,9,0.32969702184200306,0.2222222222222222
screw,midlate,N_H,9,0.32969702184200306,0.0
screw,midlate,N_R_all,9,0.32969702184200306,0.0
screw,midlate,N_R_far,9,0.32969702184200306,0.0
screw,midlate,D,11,0.32969702184200306,0.0
screw,midlate,N_H,4,0.32969702184200306,0.0
screw,midlate,N_R_all,4,0.32969702184200306,0.0
screw,midlate,N_R_far,4,0.32969702184200306,0.0
screw,midlate,D,3,0.32969702184200306,0.0
screw,midlate,N_H,7,0.32969702184200306,0.0
screw,midlate,N_R_all,7,0.32969702184200306,0.0
screw,midlate,N_R_far,7,0.32969702184200306,0.0
screw,midlate,D,6,0.32969702184200306,0.0
screw,midlate,N_H,3,0.32969702184200306,0.3333333333333333
screw,midlate,N_R_all,3,0.32969702184200306,0.0
screw,midlate,N_R_far,3,0.32969702184200306,0.0
screw,midlate,D,4,0.32969702184200306,0.0
screw,midlate,N_H,5,0.32969702184200306,0.0
screw,midlate,N_R_all,5,0.32969702184200306,0.2
screw,midlate,N_R_far,5,0.32969702184200306,0.0
screw,midlate,D,3,0.32969702184200306,0.0
screw,midlate,N_H,10,0.32969702184200306,0.0
screw,midlate,N_R_all,10,0.32969702184200306,0.0
screw,midlate,N_R_far,10,0.32969702184200306,0.0
screw,midlate,D,3,0.32969702184200306,0.0
screw,midlate,N_H,5,0.32969702184200306,0.0
screw,midlate,N_R_all,5,0.32969702184200306,0.0
screw,midlate,N_R_far,5,0.32969702184200306,0.0
screw,midlate,D,3,0.32969702184200306,0.0
screw,midlate,N_H,8,0.32969702184200306,0.0
screw,midlate,N_R_all,8,0.32969702184200306,0.0
screw,midlate,N_R_far,8,0.32969702184200306,0.0
screw,midlate,D,6,0.32969702184200306,0.0
screw,midlate,N_H,6,0.32969702184200306,0.0
screw,midlate,N_R_all,6,0.32969702184200306,0.0
screw,midlate,N_R_far,6,0.32969702184200306,0.0
screw,midlate,D,5,0.32969702184200306,0.0
screw,midlate,N_H,8,0.32969702184200306,0.125
screw,midlate,N_R_all,8,0.32969702184200306,0.375
screw,midlate,N_R_far,8,0.32969702184200306,0.0
screw,midlate,D,6,0.32969702184200306,0.0
screw,midlate,N_H,8,0.32969702184200306,0.0
screw,midlate,N_R_all,8,0.32969702184200306,0.0
screw,midlate,N_R_far,8,0.32969702184200306,0.0
screw,midlate,D,6,0.32969702184200306,0.0
screw,midlate,N_H,3,0.32969702184200306,0.0
screw,midlate,N_R_all,3,0.32969702184200306,0.0
screw,midlate,N_R_far,3,0.32969702184200306,0.0
screw,midlate,D,5,0.32969702184200306,0.0
screw,midlate,N_H,3,0.32969702184200306,0.0
screw,midlate,N_R_all,3,0.32969702184200306,0.0
screw,midlate,N_R_far,3,0.32969702184200306,0.0
screw,midlate,D,5,0.32969702184200306,0.0
screw,midlate,N_H,4,0.32969702184200306,0.0
screw,midlate,N_R_all,4,0.32969702184200306,0.0
screw,midlate,N_R_far,4,0.32969702184200306,0.0
screw,midlate,D,4,0.32969702184200306,0.0
screw,midlate,N_H,9,0.32969702184200306,0.3333333333333333
screw,midlate,N_R_all,9,0.32969702184200306,0.1111111111111111
screw,midlate,N_R_far,9,0.32969702184200306,0.0
screw,midlate,D,5,0.32969702184200306,0.0
screw,midlate,N_H,5,0.32969702184200306,0.0
screw,midlate,N_R_all,5,0.32969702184200306,0.0
screw,midlate,N_R_far,5,0.32969702184200306,0.0
screw,midlate,D,6,0.32969702184200306,0.0
screw,midlate,N_H,5,0.32969702184200306,0.0
screw,midlate,N_R_all,5,0.32969702184200306,0.0
screw,midlate,N_R_far,5,0.32969702184200306,0.4
screw,midlate,D,6,0.32969702184200306,0.0
screw,midlate,N_H,3,0.32969702184200306,0.0
screw,midlate,N_R_all,3,0.32969702184200306,0.0
screw,midlate,N_R_far,3,0.32969702184200306,0.0
screw,midlate,D,7,0.32969702184200306,0.0
screw,midlate,N_H,6,0.32969702184200306,0.0
screw,midlate,N_R_all,6,0.32969702184200306,0.0
screw,midlate,N_R_far,6,0.32969702184200306,0.0
screw,midlate,D,5,0.32969702184200306,0.0
screw,midlate,N_H,7,0.32969702184200306,0.0
screw,midlate,N_R_all,7,0.32969702184200306,0.0
screw,midlate,N_R_far,7,0.32969702184200306,0.0
screw,midlate,D,5,0.32969702184200306,0.0
screw,midlate,N_H,4,0.32969702184200306,0.0
screw,midlate,N_R_all,4,0.32969702184200306,0.0
screw,midlate,N_R_far,4,0.32969702184200306,0.0
screw,midlate,D,7,0.32969702184200306,0.0
screw,midlate,N_H,6,0.32969702184200306,0.0
screw,midlate,N_R_all,6,0.32969702184200306,0.0
screw,midlate,N_R_far,6,0.32969702184200306,0.0
screw,midlate,D,4,0.32969702184200306,0.0
screw,midlate,N_H,2,0.32969702184200306,0.0
screw,midlate,N_R_all,2,0.32969702184200306,0.0
screw,midlate,N_R_far,2,0.32969702184200306,0.0
screw,midlate,D,5,0.32969702184200306,0.0
screw,midlate,N_H,4,0.32969702184200306,0.0
screw,midlate,N_R_all,4,0.32969702184200306,0.0
screw,midlate,N_R_far,4,0.32969702184200306,0.0
screw,midlate,D,8,0.32969702184200306,0.0
screw,midlate,N_H,1,0.32969702184200306,0.0
screw,midlate,N_R_all,1,0.32969702184200306,0.0
screw,midlate,N_R_far,1,0.32969702184200306,0.0
screw,midlate,D,4,0.32969702184200306,0.0
screw,midlate,N_H,5,0.32969702184200306,0.0
screw,midlate,N_R_all,5,0.32969702184200306,0.0
screw,midlate,N_R_far,5,0.32969702184200306,0.0
screw,midlate,D,6,0.32969702184200306,0.0
screw,midlate,N_H,4,0.32969702184200306,0.0
screw,midlate,N_R_all,4,0.32969702184200306,0.0
screw,midlate,N_R_far,4,0.32969702184200306,0.0
screw,midlate,D,7,0.32969702184200306,0.0
screw,midlate,N_H,3,0.32969702184200306,0.0
screw,midlate,N_R_all,3,0.32969702184200306,0.0
screw,midlate,N_R_far,3,0.32969702184200306,0.0
screw,midlate,D,5,0.32969702184200306,0.0
screw,midlate,N_H,1,0.32969702184200306,0.0
screw,midlate,N_R_all,1,0.32969702184200306,0.0
screw,midlate,N_R_far,1,0.32969702184200306,0.0
screw,midlate,D,6,0.32969702184200306,0.0
screw,midlate,N_H,6,0.32969702184200306,0.0
screw,midlate,N_R_all,6,0.32969702184200306,0.0
screw,midlate,N_R_far,6,0.32969702184200306,0.0
screw,midlate,D,3,0.32969702184200306,0.0
screw,midlate,N_H,8,0.32969702184200306,0.0
screw,midlate,N_R_all,8,0.32969702184200306,0.125
screw,midlate,N_R_far,8,0.32969702184200306,0.0
screw,midlate,D,4,0.32969702184200306,0.0
screw,midlate,N_H,5,0.32969702184200306,0.0
screw,midlate,N_R_all,5,0.32969702184200306,0.0
screw,midlate,N_R_far,5,0.32969702184200306,0.0
screw,midlate,D,6,0.32969702184200306,0.0
screw,midlate,N_H,4,0.32969702184200306,0.0
screw,midlate,N_R_all,4,0.32969702184200306,0.0
screw,midlate,N_R_far,4,0.32969702184200306,0.0
screw,midlate,D,4,0.32969702184200306,0.0
screw,midlate,N_H,10,0.32969702184200306,0.0
screw,midlate,N_R_all,10,0.32969702184200306,0.1
screw,midlate,N_R_far,10,0.32969702184200306,0.0
screw,midlate,D,11,0.32969702184200306,0.0
screw,midlate,N_H,3,0.32969702184200306,0.0
screw,midlate,N_R_all,3,0.32969702184200306,0.0
screw,midlate,N_R_far,3,0.32969702184200306,0.0
screw,midlate,D,6,0.32969702184200306,0.0
screw,midlate,N_H,7,0.32969702184200306,0.0
screw,midlate,N_R_all,7,0.32969702184200306,0.0
screw,midlate,N_R_far,7,0.32969702184200306,0.0
screw,midlate,D,6,0.32969702184200306,0.0
screw,midlate,N_H,4,0.32969702184200306,0.0
screw,midlate,N_R_all,4,0.32969702184200306,0.0
screw,midlate,N_R_far,4,0.32969702184200306,0.0
screw,midlate,D,7,0.32969702184200306,0.0
screw,midlate,N_H,1,0.32969702184200306,0.0
screw,midlate,N_R_all,1,0.32969702184200306,0.0
screw,midlate,N_R_far,1,0.32969702184200306,0.0
screw,midlate,D,6,0.32969702184200306,0.0
screw,midlate,N_H,9,0.32969702184200306,0.0
screw,midlate,N_R_all,9,0.32969702184200306,0.1111111111111111
screw,midlate,N_R_far,9,0.32969702184200306,0.1111111111111111
screw,midlate,D,6,0.32969702184200306,0.0
screw,midlate,N_H,1,0.32969702184200306,0.0
screw,midlate,N_R_all,1,0.32969702184200306,0.0
screw,midlate,N_R_far,1,0.32969702184200306,0.0
screw,midlate,D,9,0.32969702184200306,0.0
screw,midlate,N_H,1,0.32969702184200306,0.0
screw,midlate,N_R_all,1,0.32969702184200306,0.0
screw,midlate,N_R_far,1,0.32969702184200306,1.0
screw,midlate,D,4,0.32969702184200306,0.0
screw,midlate,N_H,6,0.32969702184200306,0.0
screw,midlate,N_R_all,6,0.32969702184200306,0.0
screw,midlate,N_R_far,6,0.32969702184200306,0.0
screw,midlate,D,8,0.32969702184200306,0.0
screw,midlate,N_H,4,0.32969702184200306,0.0
screw,midlate,N_R_all,4,0.32969702184200306,0.0
screw,midlate,N_R_far,4,0.32969702184200306,0.0
screw,midlate,D,3,0.32969702184200306,0.0
screw,midlate,N_H,10,0.32969702184200306,0.0
screw,midlate,N_R_all,10,0.32969702184200306,0.0
screw,midlate,N_R_far,10,0.32969702184200306,0.0
screw,midlate,D,6,0.32969702184200306,0.0
screw,midlate,N_H,7,0.32969702184200306,0.0
screw,midlate,N_R_all,7,0.32969702184200306,0.0
screw,midlate,N_R_far,7,0.32969702184200306,0.0
screw,midlate,D,5,0.32969702184200306,0.0
screw,midlate,N_H,3,0.32969702184200306,0.0
screw,midlate,N_R_all,3,0.32969702184200306,0.0
screw,midlate,N_R_far,3,0.32969702184200306,0.0
screw,midlate,D,6,0.32969702184200306,0.0
screw,midlate,N_H,2,0.32969702184200306,0.0
screw,midlate,N_R_all,2,0.32969702184200306,0.0
screw,midlate,N_R_far,2,0.32969702184200306,0.0
screw,midlate,D,8,0.32969702184200306,0.0
screw,midlate,N_H,1,0.32969702184200306,0.0
screw,midlate,N_R_all,1,0.32969702184200306,0.0
screw,midlate,N_R_far,1,0.32969702184200306,0.0
screw,midlate,D,8,0.32969702184200306,0.0
screw,midlate,N_H,8,0.32969702184200306,0.0
screw,midlate,N_R_all,8,0.32969702184200306,0.0
screw,midlate,N_R_far,8,0.32969702184200306,0.0
screw,midlate,D,4,0.32969702184200306,0.0
screw,midlate,N_H,5,0.32969702184200306,0.0
screw,midlate,N_R_all,5,0.32969702184200306,0.0
screw,midlate,N_R_far,5,0.32969702184200306,0.0
screw,midlate,D,7,0.32969702184200306,0.0
screw,midlate,N_H,2,0.32969702184200306,0.0
screw,midlate,N_R_all,2,0.32969702184200306,0.0
screw,midlate,N_R_far,2,0.32969702184200306,0.0
screw,midlate,D,5,0.32969702184200306,0.0
screw,midlate,N_H,5,0.32969702184200306,0.0
screw,midlate,N_R_all,5,0.32969702184200306,0.0
screw,midlate,N_R_far,5,0.32969702184200306,0.2
screw,midlate,D,3,0.32969702184200306,0.0
screw,midlate,N_H,5,0.32969702184200306,0.0
screw,midlate,N_R_all,5,0.32969702184200306,0.0
screw,midlate,N_R_far,5,0.32969702184200306,0.0
screw,midlate,D,3,0.32969702184200306,0.0
screw,midlate,N_H,5,0.32969702184200306,0.0
screw,midlate,N_R_all,5,0.32969702184200306,0.0
screw,midlate,N_R_far,5,0.32969702184200306,0.0
screw,midlate,D,6,0.32969702184200306,0.0
screw,midlate,N_H,7,0.32969702184200306,0.0
screw,midlate,N_R_all,7,0.32969702184200306,0.0
screw,midlate,N_R_far,7,0.32969702184200306,0.0
screw,midlate,D,5,0.32969702184200306,0.0
screw,midlate,N_H,9,0.32969702184200306,0.1111111111111111
screw,midlate,N_R_all,9,0.32969702184200306,0.1111111111111111
screw,midlate,N_R_far,9,0.32969702184200306,0.2222222222222222
screw,midlate,D,15,0.32969702184200306,0.0
screw,midlate,N_H,4,0.32969702184200306,0.0
screw,midlate,N_R_all,4,0.32969702184200306,0.0
screw,midlate,N_R_far,4,0.32969702184200306,0.0
screw,midlate,D,6,0.32969702184200306,0.0
screw,midlate,N_H,9,0.32969702184200306,0.0
screw,midlate,N_R_all,9,0.32969702184200306,0.0
screw,midlate,N_R_far,9,0.32969702184200306,0.0
screw,midlate,D,7,0.32969702184200306,0.0
screw,midlate,N_H,5,0.32969702184200306,0.0
screw,midlate,N_R_all,5,0.32969702184200306,0.0
screw,midlate,N_R_far,5,0.32969702184200306,0.0
screw,midlate,D,4,0.32969702184200306,0.0
screw,midlate,N_H,9,0.32969702184200306,0.0
screw,midlate,N_R_all,9,0.32969702184200306,0.0
screw,midlate,N_R_far,9,0.32969702184200306,0.0
screw,midlate,D,5,0.32969702184200306,0.0
screw,midlate,N_H,10,0.32969702184200306,0.0
screw,midlate,N_R_all,10,0.32969702184200306,0.2
screw,midlate,N_R_far,10,0.32969702184200306,0.0
screw,midlate,D,10,0.32969702184200306,0.0
screw,midlate,N_H,7,0.32969702184200306,0.0
screw,midlate,N_R_all,7,0.32969702184200306,0.0
screw,midlate,N_R_far,7,0.32969702184200306,0.0
screw,midlate,D,10,0.32969702184200306,0.0
screw,midlate,N_H,4,0.32969702184200306,0.0
screw,midlate,N_R_all,4,0.32969702184200306,0.0
screw,midlate,N_R_far,4,0.32969702184200306,0.25
screw,midlate,D,5,0.32969702184200306,0.0
screw,midlate,N_H,7,0.32969702184200306,0.14285714285714285
screw,midlate,N_R_all,7,0.32969702184200306,0.0
screw,midlate,N_R_far,7,0.32969702184200306,0.14285714285714285
screw,midlate,D,6,0.32969702184200306,0.0
screw,midlate,N_H,9,0.32969702184200306,0.0
screw,midlate,N_R_all,9,0.32969702184200306,0.0
screw,midlate,N_R_far,9,0.32969702184200306,0.0
screw,midlate,D,7,0.32969702184200306,0.0
screw,midlate,N_H,6,0.32969702184200306,0.0
screw,midlate,N_R_all,6,0.32969702184200306,0.0
screw,midlate,N_R_far,6,0.32969702184200306,0.0
screw,midlate,D,5,0.32969702184200306,0.0
screw,midlate,N_H,8,0.32969702184200306,0.0
screw,midlate,N_R_all,8,0.32969702184200306,0.0
screw,midlate,N_R_far,8,0.32969702184200306,0.0
screw,midlate,D,8,0.32969702184200306,0.0
screw,midlate,N_H,6,0.32969702184200306,0.0
screw,midlate,N_R_all,6,0.32969702184200306,0.0
screw,midlate,N_R_far,6,0.32969702184200306,0.0
screw,midlate,D,4,0.32969702184200306,0.0
screw,midlate,N_H,8,0.32969702184200306,0.0
screw,midlate,N_R_all,8,0.32969702184200306,0.0
screw,midlate,N_R_far,8,0.32969702184200306,0.0
screw,midlate,D,6,0.32969702184200306,0.0
screw,midlate,N_H,5,0.32969702184200306,0.0
screw,midlate,N_R_all,5,0.32969702184200306,0.0
screw,midlate,N_R_far,5,0.32969702184200306,0.0
screw,midlate,D,7,0.32969702184200306,0.0
screw,midlate,N_H,7,0.32969702184200306,0.0
screw,midlate,N_R_all,7,0.32969702184200306,0.0
screw,midlate,N_R_far,7,0.32969702184200306,0.0
screw,midlate,D,12,0.32969702184200306,0.0
screw,midlate,N_H,8,0.32969702184200306,0.0
screw,midlate,N_R_all,8,0.32969702184200306,0.25
screw,midlate,N_R_far,8,0.32969702184200306,0.25
screw,midlate,D,9,0.32969702184200306,0.0
screw,midlate,N_H,2,0.32969702184200306,0.0
screw,midlate,N_R_all,2,0.32969702184200306,0.0
screw,midlate,N_R_far,2,0.32969702184200306,0.0
screw,midlate,D,7,0.32969702184200306,0.0
screw,midlate,N_H,7,0.32969702184200306,0.5714285714285714
screw,midlate,N_R_all,7,0.32969702184200306,0.0
screw,midlate,N_R_far,7,0.32969702184200306,0.0
screw,midlate,D,4,0.32969702184200306,0.25
screw,midlate,N_H,10,0.32969702184200306,0.2
screw,midlate,N_R_all,10,0.32969702184200306,0.0
screw,midlate,N_R_far,10,0.32969702184200306,0.0
screw,midlate,D,4,0.32969702184200306,0.0
screw,midlate,N_H,7,0.32969702184200306,0.0
screw,midlate,N_R_all,7,0.32969702184200306,0.0
screw,midlate,N_R_far,7,0.32969702184200306,0.0
screw,midlate,D,7,0.32969702184200306,0.0
screw,midlate,N_H,3,0.32969702184200306,0.0
screw,midlate,N_R_all,3,0.32969702184200306,0.0
screw,midlate,N_R_far,3,0.32969702184200306,0.0
screw,midlate,D,8,0.32969702184200306,0.0
screw,midlate,N_H,4,0.32969702184200306,0.0
screw,midlate,N_R_all,4,0.32969702184200306,0.0
screw,midlate,N_R_far,4,0.32969702184200306,0.0
screw,midlate,D,12,0.32969702184200306,0.0
screw,midlate,N_H,5,0.32969702184200306,0.0
screw,midlate,N_R_all,5,0.32969702184200306,0.0
screw,midlate,N_R_far,5,0.32969702184200306,0.0
screw,midlate,D,11,0.32969702184200306,0.0
screw,midlate,N_H,2,0.32969702184200306,0.0
screw,midlate,N_R_all,2,0.32969702184200306,0.0
screw,midlate,N_R_far,2,0.32969702184200306,0.0
screw,midlate,D,11,0.32969702184200306,0.0
screw,midlate,N_H,6,0.32969702184200306,0.0
screw,midlate,N_R_all,6,0.32969702184200306,0.0
screw,midlate,N_R_far,6,0.32969702184200306,0.0
screw,midlate,D,9,0.32969702184200306,0.0
screw,midlate,N_H,9,0.32969702184200306,0.0
screw,midlate,N_R_all,9,0.32969702184200306,0.0
screw,midlate,N_R_far,9,0.32969702184200306,0.0
screw,midlate,D,11,0.32969702184200306,0.09090909090909091
screw,midlate,N_H,7,0.32969702184200306,0.0
screw,midlate,N_R_all,7,0.32969702184200306,0.42857142857142855
screw,midlate,N_R_far,7,0.32969702184200306,0.0
screw,midlate,D,18,0.32969702184200306,0.0
screw,midlate,N_H,3,0.32969702184200306,0.0
screw,midlate,N_R_all,3,0.32969702184200306,0.0
screw,midlate,N_R_far,3,0.32969702184200306,0.0
screw,midlate,D,12,0.32969702184200306,0.0
screw,midlate,N_H,1,0.32969702184200306,1.0
screw,midlate,N_R_all,1,0.32969702184200306,0.0
screw,midlate,N_R_far,1,0.32969702184200306,0.0
screw,midlate,D,11,0.32969702184200306,0.0
screw,midlate,N_H,5,0.32969702184200306,0.0
screw,midlate,N_R_all,5,0.32969702184200306,0.0
screw,midlate,N_R_far,5,0.32969702184200306,0.0
screw,midlate,D,9,0.32969702184200306,0.0
screw,midlate,N_H,3,0.32969702184200306,0.0
screw,midlate,N_R_all,3,0.32969702184200306,0.0
screw,midlate,N_R_far,3,0.32969702184200306,0.0
screw,midlate,D,12,0.32969702184200306,0.0
screw,midlate,N_H,9,0.32969702184200306,0.0
screw,midlate,N_R_all,9,0.32969702184200306,0.0
screw,midlate,N_R_far,9,0.32969702184200306,0.0
screw,midlate,D,11,0.32969702184200306,0.0
screw,midlate,N_H,3,0.32969702184200306,0.0
screw,midlate,N_R_all,3,0.32969702184200306,0.0
screw,midlate,N_R_far,3,0.32969702184200306,0.6666666666666666
screw,midlate,D,4,0.32969702184200306,0.0
screw,midlate,N_H,6,0.32969702184200306,0.0
screw,midlate,N_R_all,6,0.32969702184200306,0.0
screw,midlate,N_R_far,6,0.32969702184200306,0.0
screw,midlate,D,5,0.32969702184200306,0.0
screw,midlate,N_H,7,0.32969702184200306,0.0
screw,midlate,N_R_all,7,0.32969702184200306,0.0
screw,midlate,N_R_far,7,0.32969702184200306,0.0
screw,midlate,D,10,0.32969702184200306,0.0
screw,midlate,N_H,10,0.32969702184200306,0.0
screw,midlate,N_R_all,10,0.32969702184200306,0.0
screw,midlate,N_R_far,10,0.32969702184200306,0.0
screw,midlate,D,6,0.32969702184200306,0.0
screw,midlate,N_H,7,0.32969702184200306,0.42857142857142855
screw,midlate,N_R_all,7,0.32969702184200306,0.0
screw,midlate,N_R_far,7,0.32969702184200306,0.0
screw,midlate,D,9,0.32969702184200306,0.0
screw,midlate,N_H,8,0.32969702184200306,0.0
screw,midlate,N_R_all,8,0.32969702184200306,0.0
screw,midlate,N_R_far,8,0.32969702184200306,0.0
screw,midlate,D,3,0.32969702184200306,0.0
screw,midlate,N_H,6,0.32969702184200306,0.0
screw,midlate,N_R_all,6,0.32969702184200306,0.0
screw,midlate,N_R_far,6,0.32969702184200306,0.0
screw,midlate,D,10,0.32969702184200306,0.0
screw,midlate,N_H,4,0.32969702184200306,0.0
screw,midlate,N_R_all,4,0.32969702184200306,0.0
screw,midlate,N_R_far,4,0.32969702184200306,0.0
screw,midlate,D,12,0.32969702184200306,0.0
screw,midlate,N_H,1,0.32969702184200306,0.0
screw,midlate,N_R_all,1,0.32969702184200306,0.0
screw,midlate,N_R_far,1,0.32969702184200306,0.0
screw,midlate,D,11,0.32969702184200306,0.0
screw,midlate,N_H,2,0.32969702184200306,0.0
screw,midlate,N_R_all,2,0.32969702184200306,0.0
screw,midlate,N_R_far,2,0.32969702184200306,0.0
screw,midlate,D,8,0.32969702184200306,0.0
screw,midlate,N_H,4,0.32969702184200306,0.0
screw,midlate,N_R_all,4,0.32969702184200306,0.0
screw,midlate,N_R_far,4,0.32969702184200306,0.0
screw,midlate,D,9,0.32969702184200306,0.0
screw,midlate,N_H,7,0.32969702184200306,0.0
screw,midlate,N_R_all,7,0.32969702184200306,0.0
screw,midlate,N_R_far,7,0.32969702184200306,0.14285714285714285
screw,final,D,7,0.24838202595710787,0.0
screw,final,N_H,7,0.24838202595710787,0.0
screw,final,N_R_all,7,0.24838202595710787,0.0
screw,final,N_R_far,7,0.24838202595710787,0.0
screw,final,D,7,0.24838202595710787,0.0
screw,final,N_H,5,0.24838202595710787,0.0
screw,final,N_R_all,5,0.24838202595710787,0.0
screw,final,N_R_far,5,0.24838202595710787,0.0
screw,final,D,6,0.24838202595710787,0.0
screw,final,N_H,9,0.24838202595710787,0.0
screw,final,N_R_all,9,0.24838202595710787,0.0
screw,final,N_R_far,9,0.24838202595710787,0.0
screw,final,D,9,0.24838202595710787,0.0
screw,final,N_H,9,0.24838202595710787,0.0
screw,final,N_R_all,9,0.24838202595710787,0.0
screw,final,N_R_far,9,0.24838202595710787,0.0
screw,final,D,5,0.24838202595710787,0.0
screw,final,N_H,7,0.24838202595710787,0.0
screw,final,N_R_all,7,0.24838202595710787,0.0
screw,final,N_R_far,7,0.24838202595710787,0.14285714285714285
screw,final,D,7,0.24838202595710787,0.0
screw,final,N_H,7,0.24838202595710787,0.0
screw,final,N_R_all,7,0.24838202595710787,0.0
screw,final,N_R_far,7,0.24838202595710787,0.0
screw,final,D,6,0.24838202595710787,0.0
screw,final,N_H,8,0.24838202595710787,0.0
screw,final,N_R_all,8,0.24838202595710787,0.0
screw,final,N_R_far,8,0.24838202595710787,0.0
screw,final,D,9,0.24838202595710787,0.0
screw,final,N_H,10,0.24838202595710787,0.0
screw,final,N_R_all,10,0.24838202595710787,0.1
screw,final,N_R_far,10,0.24838202595710787,0.0
screw,final,D,7,0.24838202595710787,0.0
screw,final,N_H,6,0.24838202595710787,0.0
screw,final,N_R_all,6,0.24838202595710787,0.0
screw,final,N_R_far,6,0.24838202595710787,0.0
screw,final,D,12,0.24838202595710787,0.0
screw,final,N_H,10,0.24838202595710787,0.0
screw,final,N_R_all,10,0.24838202595710787,0.0
screw,final,N_R_far,10,0.24838202595710787,0.0
screw,final,D,8,0.24838202595710787,0.0
screw,final,N_H,5,0.24838202595710787,0.0
screw,final,N_R_all,5,0.24838202595710787,0.0
screw,final,N_R_far,5,0.24838202595710787,0.0
screw,final,D,6,0.24838202595710787,0.0
screw,final,N_H,8,0.24838202595710787,0.0
screw,final,N_R_all,8,0.24838202595710787,0.0
screw,final,N_R_far,8,0.24838202595710787,0.0
screw,final,D,3,0.24838202595710787,0.0
screw,final,N_H,7,0.24838202595710787,0.0
screw,final,N_R_all,7,0.24838202595710787,0.0
screw,final,N_R_far,7,0.24838202595710787,0.0
screw,final,D,7,0.24838202595710787,0.0
screw,final,N_H,5,0.24838202595710787,0.0
screw,final,N_R_all,5,0.24838202595710787,0.0
screw,final,N_R_far,5,0.24838202595710787,0.0
screw,final,D,6,0.24838202595710787,0.0
screw,final,N_H,9,0.24838202595710787,0.0
screw,final,N_R_all,9,0.24838202595710787,0.0
screw,final,N_R_far,9,0.24838202595710787,0.0
screw,final,D,9,0.24838202595710787,0.2222222222222222
screw,final,N_H,9,0.24838202595710787,0.0
screw,final,N_R_all,9,0.24838202595710787,0.0
screw,final,N_R_far,9,0.24838202595710787,0.0
screw,final,D,11,0.24838202595710787,0.0
screw,final,N_H,4,0.24838202595710787,0.0
screw,final,N_R_all,4,0.24838202595710787,0.0
screw,final,N_R_far,4,0.24838202595710787,0.0
screw,final,D,3,0.24838202595710787,0.0
screw,final,N_H,7,0.24838202595710787,0.0
screw,final,N_R_all,7,0.24838202595710787,0.0
screw,final,N_R_far,7,0.24838202595710787,0.0
screw,final,D,6,0.24838202595710787,0.0
screw,final,N_H,3,0.24838202595710787,0.0
screw,final,N_R_all,3,0.24838202595710787,0.0
screw,final,N_R_far,3,0.24838202595710787,0.0
screw,final,D,4,0.24838202595710787,0.0
screw,final,N_H,5,0.24838202595710787,0.2
screw,final,N_R_all,5,0.24838202595710787,0.0
screw,final,N_R_far,5,0.24838202595710787,0.0
screw,final,D,3,0.24838202595710787,0.0
screw,final,N_H,10,0.24838202595710787,0.0
screw,final,N_R_all,10,0.24838202595710787,0.0
screw,final,N_R_far,10,0.24838202595710787,0.0
screw,final,D,3,0.24838202595710787,0.0
screw,final,N_H,5,0.24838202595710787,0.0
screw,final,N_R_all,5,0.24838202595710787,0.0
screw,final,N_R_far,5,0.24838202595710787,0.0
screw,final,D,3,0.24838202595710787,0.0
screw,final,N_H,8,0.24838202595710787,0.0
screw,final,N_R_all,8,0.24838202595710787,0.0
screw,final,N_R_far,8,0.24838202595710787,0.0
screw,final,D,6,0.24838202595710787,0.0
screw,final,N_H,6,0.24838202595710787,0.0
screw,final,N_R_all,6,0.24838202595710787,0.0
screw,final,N_R_far,6,0.24838202595710787,0.0
screw,final,D,5,0.24838202595710787,0.0
screw,final,N_H,8,0.24838202595710787,0.0
screw,final,N_R_all,8,0.24838202595710787,0.0
screw,final,N_R_far,8,0.24838202595710787,0.0
screw,final,D,6,0.24838202595710787,0.0
screw,final,N_H,8,0.24838202595710787,0.0
screw,final,N_R_all,8,0.24838202595710787,0.0
screw,final,N_R_far,8,0.24838202595710787,0.0
screw,final,D,6,0.24838202595710787,0.0
screw,final,N_H,3,0.24838202595710787,0.0
screw,final,N_R_all,3,0.24838202595710787,0.0
screw,final,N_R_far,3,0.24838202595710787,0.0
screw,final,D,5,0.24838202595710787,0.0
screw,final,N_H,3,0.24838202595710787,0.0
screw,final,N_R_all,3,0.24838202595710787,0.0
screw,final,N_R_far,3,0.24838202595710787,0.0
screw,final,D,5,0.24838202595710787,0.0
screw,final,N_H,4,0.24838202595710787,0.0
screw,final,N_R_all,4,0.24838202595710787,0.0
screw,final,N_R_far,4,0.24838202595710787,0.0
screw,final,D,4,0.24838202595710787,0.5
screw,final,N_H,9,0.24838202595710787,0.0
screw,final,N_R_all,9,0.24838202595710787,0.0
screw,final,N_R_far,9,0.24838202595710787,0.0
screw,final,D,5,0.24838202595710787,0.0
screw,final,N_H,5,0.24838202595710787,0.0
screw,final,N_R_all,5,0.24838202595710787,0.0
screw,final,N_R_far,5,0.24838202595710787,0.0
screw,final,D,6,0.24838202595710787,0.0
screw,final,N_H,5,0.24838202595710787,0.0
screw,final,N_R_all,5,0.24838202595710787,0.0
screw,final,N_R_far,5,0.24838202595710787,0.0
screw,final,D,6,0.24838202595710787,0.0
screw,final,N_H,3,0.24838202595710787,0.0
screw,final,N_R_all,3,0.24838202595710787,0.0
screw,final,N_R_far,3,0.24838202595710787,0.0
screw,final,D,7,0.24838202595710787,0.0
screw,final,N_H,6,0.24838202595710787,0.0
screw,final,N_R_all,6,0.24838202595710787,0.0
screw,final,N_R_far,6,0.24838202595710787,0.0
screw,final,D,5,0.24838202595710787,0.0
screw,final,N_H,7,0.24838202595710787,0.0
screw,final,N_R_all,7,0.24838202595710787,0.0
screw,final,N_R_far,7,0.24838202595710787,0.0
screw,final,D,5,0.24838202595710787,0.2
screw,final,N_H,4,0.24838202595710787,0.0
screw,final,N_R_all,4,0.24838202595710787,0.0
screw,final,N_R_far,4,0.24838202595710787,0.0
screw,final,D,7,0.24838202595710787,0.0
screw,final,N_H,6,0.24838202595710787,0.0
screw,final,N_R_all,6,0.24838202595710787,0.0
screw,final,N_R_far,6,0.24838202595710787,0.0
screw,final,D,4,0.24838202595710787,0.0
screw,final,N_H,2,0.24838202595710787,0.0
screw,final,N_R_all,2,0.24838202595710787,0.0
screw,final,N_R_far,2,0.24838202595710787,0.0
screw,final,D,5,0.24838202595710787,0.0
screw,final,N_H,4,0.24838202595710787,0.0
screw,final,N_R_all,4,0.24838202595710787,0.0
screw,final,N_R_far,4,0.24838202595710787,0.0
screw,final,D,8,0.24838202595710787,0.0
screw,final,N_H,1,0.24838202595710787,0.0
screw,final,N_R_all,1,0.24838202595710787,0.0
screw,final,N_R_far,1,0.24838202595710787,0.0
screw,final,D,4,0.24838202595710787,0.0
screw,final,N_H,5,0.24838202595710787,0.0
screw,final,N_R_all,5,0.24838202595710787,0.0
screw,final,N_R_far,5,0.24838202595710787,0.0
screw,final,D,6,0.24838202595710787,0.0
screw,final,N_H,4,0.24838202595710787,0.0
screw,final,N_R_all,4,0.24838202595710787,0.0
screw,final,N_R_far,4,0.24838202595710787,0.0
screw,final,D,7,0.24838202595710787,0.0
screw,final,N_H,3,0.24838202595710787,0.0
screw,final,N_R_all,3,0.24838202595710787,0.0
screw,final,N_R_far,3,0.24838202595710787,0.0
screw,final,D,5,0.24838202595710787,0.0
screw,final,N_H,1,0.24838202595710787,0.0
screw,final,N_R_all,1,0.24838202595710787,0.0
screw,final,N_R_far,1,0.24838202595710787,0.0
screw,final,D,6,0.24838202595710787,0.0
screw,final,N_H,6,0.24838202595710787,0.0
screw,final,N_R_all,6,0.24838202595710787,0.0
screw,final,N_R_far,6,0.24838202595710787,0.0
screw,final,D,3,0.24838202595710787,0.0
screw,final,N_H,8,0.24838202595710787,0.0
screw,final,N_R_all,8,0.24838202595710787,0.0
screw,final,N_R_far,8,0.24838202595710787,0.0
screw,final,D,4,0.24838202595710787,0.0
screw,final,N_H,5,0.24838202595710787,0.0
screw,final,N_R_all,5,0.24838202595710787,0.0
screw,final,N_R_far,5,0.24838202595710787,0.0
screw,final,D,6,0.24838202595710787,0.0
screw,final,N_H,4,0.24838202595710787,0.0
screw,final,N_R_all,4,0.24838202595710787,0.0
screw,final,N_R_far,4,0.24838202595710787,0.0
screw,final,D,4,0.24838202595710787,0.0
screw,final,N_H,10,0.24838202595710787,0.0
screw,final,N_R_all,10,0.24838202595710787,0.0
screw,final,N_R_far,10,0.24838202595710787,0.0
screw,final,D,11,0.24838202595710787,0.0
screw,final,N_H,3,0.24838202595710787,0.0
screw,final,N_R_all,3,0.24838202595710787,0.0
screw,final,N_R_far,3,0.24838202595710787,0.0
screw,final,D,6,0.24838202595710787,0.0
screw,final,N_H,7,0.24838202595710787,0.0
screw,final,N_R_all,7,0.24838202595710787,0.0
screw,final,N_R_far,7,0.24838202595710787,0.0
screw,final,D,6,0.24838202595710787,0.0
screw,final,N_H,4,0.24838202595710787,0.0
screw,final,N_R_all,4,0.24838202595710787,0.0
screw,final,N_R_far,4,0.24838202595710787,0.0
screw,final,D,7,0.24838202595710787,0.0
screw,final,N_H,1,0.24838202595710787,0.0
screw,final,N_R_all,1,0.24838202595710787,0.0
screw,final,N_R_far,1,0.24838202595710787,0.0
screw,final,D,6,0.24838202595710787,0.0
screw,final,N_H,9,0.24838202595710787,0.0
screw,final,N_R_all,9,0.24838202595710787,0.0
screw,final,N_R_far,9,0.24838202595710787,0.0
screw,final,D,6,0.24838202595710787,0.16666666666666666
screw,final,N_H,1,0.24838202595710787,0.0
screw,final,N_R_all,1,0.24838202595710787,0.0
screw,final,N_R_far,1,0.24838202595710787,0.0
screw,final,D,9,0.24838202595710787,0.0
screw,final,N_H,1,0.24838202595710787,0.0
screw,final,N_R_all,1,0.24838202595710787,0.0
screw,final,N_R_far,1,0.24838202595710787,0.0
screw,final,D,4,0.24838202595710787,0.0
screw,final,N_H,6,0.24838202595710787,0.0
screw,final,N_R_all,6,0.24838202595710787,0.0
screw,final,N_R_far,6,0.24838202595710787,0.0
screw,final,D,8,0.24838202595710787,0.0
screw,final,N_H,4,0.24838202595710787,0.0
screw,final,N_R_all,4,0.24838202595710787,0.0
screw,final,N_R_far,4,0.24838202595710787,0.0
screw,final,D,3,0.24838202595710787,0.0
screw,final,N_H,10,0.24838202595710787,0.9
screw,final,N_R_all,10,0.24838202595710787,0.0
screw,final,N_R_far,10,0.24838202595710787,0.0
screw,final,D,6,0.24838202595710787,0.0
screw,final,N_H,7,0.24838202595710787,0.0
screw,final,N_R_all,7,0.24838202595710787,0.0
screw,final,N_R_far,7,0.24838202595710787,0.0
screw,final,D,5,0.24838202595710787,0.0
screw,final,N_H,3,0.24838202595710787,0.0
screw,final,N_R_all,3,0.24838202595710787,0.0
screw,final,N_R_far,3,0.24838202595710787,0.0
screw,final,D,6,0.24838202595710787,0.0
screw,final,N_H,2,0.24838202595710787,0.0
screw,final,N_R_all,2,0.24838202595710787,0.0
screw,final,N_R_far,2,0.24838202595710787,0.0
screw,final,D,8,0.24838202595710787,0.0
screw,final,N_H,1,0.24838202595710787,0.0
screw,final,N_R_all,1,0.24838202595710787,0.0
screw,final,N_R_far,1,0.24838202595710787,0.0
screw,final,D,8,0.24838202595710787,0.0
screw,final,N_H,8,0.24838202595710787,0.0
screw,final,N_R_all,8,0.24838202595710787,0.0
screw,final,N_R_far,8,0.24838202595710787,0.0
screw,final,D,4,0.24838202595710787,0.0
screw,final,N_H,5,0.24838202595710787,0.0
screw,final,N_R_all,5,0.24838202595710787,0.0
screw,final,N_R_far,5,0.24838202595710787,0.0
screw,final,D,7,0.24838202595710787,0.0
screw,final,N_H,2,0.24838202595710787,0.0
screw,final,N_R_all,2,0.24838202595710787,0.0
screw,final,N_R_far,2,0.24838202595710787,0.0
screw,final,D,5,0.24838202595710787,0.0
screw,final,N_H,5,0.24838202595710787,0.0
screw,final,N_R_all,5,0.24838202595710787,0.0
screw,final,N_R_far,5,0.24838202595710787,0.0
screw,final,D,3,0.24838202595710787,0.0
screw,final,N_H,5,0.24838202595710787,0.0
screw,final,N_R_all,5,0.24838202595710787,0.0
screw,final,N_R_far,5,0.24838202595710787,0.0
screw,final,D,3,0.24838202595710787,0.0
screw,final,N_H,5,0.24838202595710787,0.0
screw,final,N_R_all,5,0.24838202595710787,0.0
screw,final,N_R_far,5,0.24838202595710787,0.0
screw,final,D,6,0.24838202595710787,0.0
screw,final,N_H,7,0.24838202595710787,0.0
screw,final,N_R_all,7,0.24838202595710787,0.0
screw,final,N_R_far,7,0.24838202595710787,0.0
screw,final,D,5,0.24838202595710787,0.0
screw,final,N_H,9,0.24838202595710787,0.0
screw,final,N_R_all,9,0.24838202595710787,0.0
screw,final,N_R_far,9,0.24838202595710787,0.0
screw,final,D,15,0.24838202595710787,0.0
screw,final,N_H,4,0.24838202595710787,0.0
screw,final,N_R_all,4,0.24838202595710787,0.0
screw,final,N_R_far,4,0.24838202595710787,0.0
screw,final,D,6,0.24838202595710787,0.0
screw,final,N_H,9,0.24838202595710787,0.0
screw,final,N_R_all,9,0.24838202595710787,0.0
screw,final,N_R_far,9,0.24838202595710787,0.0
screw,final,D,7,0.24838202595710787,0.0
screw,final,N_H,5,0.24838202595710787,0.0
screw,final,N_R_all,5,0.24838202595710787,0.0
screw,final,N_R_far,5,0.24838202595710787,0.0
screw,final,D,4,0.24838202595710787,0.0
screw,final,N_H,9,0.24838202595710787,0.0
screw,final,N_R_all,9,0.24838202595710787,0.0
screw,final,N_R_far,9,0.24838202595710787,0.0
screw,final,D,5,0.24838202595710787,0.0
screw,final,N_H,10,0.24838202595710787,0.0
screw,final,N_R_all,10,0.24838202595710787,0.0
screw,final,N_R_far,10,0.24838202595710787,0.0
screw,final,D,10,0.24838202595710787,0.0
screw,final,N_H,7,0.24838202595710787,0.0
screw,final,N_R_all,7,0.24838202595710787,0.0
screw,final,N_R_far,7,0.24838202595710787,0.0
screw,final,D,10,0.24838202595710787,0.0
screw,final,N_H,4,0.24838202595710787,0.0
screw,final,N_R_all,4,0.24838202595710787,0.0
screw,final,N_R_far,4,0.24838202595710787,0.25
screw,final,D,5,0.24838202595710787,0.0
screw,final,N_H,7,0.24838202595710787,0.0
screw,final,N_R_all,7,0.24838202595710787,0.0
screw,final,N_R_far,7,0.24838202595710787,0.0
screw,final,D,6,0.24838202595710787,0.0
screw,final,N_H,9,0.24838202595710787,0.0
screw,final,N_R_all,9,0.24838202595710787,0.0
screw,final,N_R_far,9,0.24838202595710787,0.0
screw,final,D,7,0.24838202595710787,0.0
screw,final,N_H,6,0.24838202595710787,0.0
screw,final,N_R_all,6,0.24838202595710787,0.0
screw,final,N_R_far,6,0.24838202595710787,0.0
screw,final,D,5,0.24838202595710787,0.0
screw,final,N_H,8,0.24838202595710787,0.0
screw,final,N_R_all,8,0.24838202595710787,0.0
screw,final,N_R_far,8,0.24838202595710787,0.0
screw,final,D,8,0.24838202595710787,0.0
screw,final,N_H,6,0.24838202595710787,0.0
screw,final,N_R_all,6,0.24838202595710787,0.16666666666666666
screw,final,N_R_far,6,0.24838202595710787,0.3333333333333333
screw,final,D,4,0.24838202595710787,0.0
screw,final,N_H,8,0.24838202595710787,0.0
screw,final,N_R_all,8,0.24838202595710787,0.0
screw,final,N_R_far,8,0.24838202595710787,0.0
screw,final,D,6,0.24838202595710787,0.0
screw,final,N_H,5,0.24838202595710787,0.0
screw,final,N_R_all,5,0.24838202595710787,0.0
screw,final,N_R_far,5,0.24838202595710787,0.0
screw,final,D,7,0.24838202595710787,0.0
screw,final,N_H,7,0.24838202595710787,0.0
screw,final,N_R_all,7,0.24838202595710787,0.0
screw,final,N_R_far,7,0.24838202595710787,0.0
screw,final,D,12,0.24838202595710787,0.0
screw,final,N_H,8,0.24838202595710787,0.0
screw,final,N_R_all,8,0.24838202595710787,0.0
screw,final,N_R_far,8,0.24838202595710787,0.0
screw,final,D,9,0.24838202595710787,0.0
screw,final,N_H,2,0.24838202595710787,0.0
screw,final,N_R_all,2,0.24838202595710787,0.0
screw,final,N_R_far,2,0.24838202595710787,0.0
screw,final,D,7,0.24838202595710787,0.0
screw,final,N_H,7,0.24838202595710787,0.0
screw,final,N_R_all,7,0.24838202595710787,0.0
screw,final,N_R_far,7,0.24838202595710787,0.0
screw,final,D,4,0.24838202595710787,0.0
screw,final,N_H,10,0.24838202595710787,0.2
screw,final,N_R_all,10,0.24838202595710787,0.0
screw,final,N_R_far,10,0.24838202595710787,0.0
screw,final,D,4,0.24838202595710787,0.0
screw,final,N_H,7,0.24838202595710787,0.0
screw,final,N_R_all,7,0.24838202595710787,0.0
screw,final,N_R_far,7,0.24838202595710787,0.0
screw,final,D,7,0.24838202595710787,0.0
screw,final,N_H,3,0.24838202595710787,0.0
screw,final,N_R_all,3,0.24838202595710787,0.0
screw,final,N_R_far,3,0.24838202595710787,0.0
screw,final,D,8,0.24838202595710787,0.0
screw,final,N_H,4,0.24838202595710787,0.0
screw,final,N_R_all,4,0.24838202595710787,0.0
screw,final,N_R_far,4,0.24838202595710787,0.0
screw,final,D,12,0.24838202595710787,0.0
screw,final,N_H,5,0.24838202595710787,0.0
screw,final,N_R_all,5,0.24838202595710787,0.0
screw,final,N_R_far,5,0.24838202595710787,0.0
screw,final,D,11,0.24838202595710787,0.0
screw,final,N_H,2,0.24838202595710787,0.0
screw,final,N_R_all,2,0.24838202595710787,0.0
screw,final,N_R_far,2,0.24838202595710787,0.0
screw,final,D,11,0.24838202595710787,0.0
screw,final,N_H,6,0.24838202595710787,0.0
screw,final,N_R_all,6,0.24838202595710787,0.0
screw,final,N_R_far,6,0.24838202595710787,0.0
screw,final,D,9,0.24838202595710787,0.0
screw,final,N_H,9,0.24838202595710787,0.0
screw,final,N_R_all,9,0.24838202595710787,0.0
screw,final,N_R_far,9,0.24838202595710787,0.0
screw,final,D,11,0.24838202595710787,0.0
screw,final,N_H,7,0.24838202595710787,0.0
screw,final,N_R_all,7,0.24838202595710787,0.0
screw,final,N_R_far,7,0.24838202595710787,0.0
screw,final,D,18,0.24838202595710787,0.0
screw,final,N_H,3,0.24838202595710787,0.0
screw,final,N_R_all,3,0.24838202595710787,0.0
screw,final,N_R_far,3,0.24838202595710787,0.0
screw,final,D,12,0.24838202595710787,0.0
screw,final,N_H,1,0.24838202595710787,0.0
screw,final,N_R_all,1,0.24838202595710787,0.0
screw,final,N_R_far,1,0.24838202595710787,0.0
screw,final,D,11,0.24838202595710787,0.0
screw,final,N_H,5,0.24838202595710787,0.0
screw,final,N_R_all,5,0.24838202595710787,0.0
screw,final,N_R_far,5,0.24838202595710787,0.0
screw,final,D,9,0.24838202595710787,0.0
screw,final,N_H,3,0.24838202595710787,0.0
screw,final,N_R_all,3,0.24838202595710787,0.0
screw,final,N_R_far,3,0.24838202595710787,0.0
screw,final,D,12,0.24838202595710787,0.0
screw,final,N_H,9,0.24838202595710787,0.0
screw,final,N_R_all,9,0.24838202595710787,0.0
screw,final,N_R_far,9,0.24838202595710787,0.0
screw,final,D,11,0.24838202595710787,0.0
screw,final,N_H,3,0.24838202595710787,0.0
screw,final,N_R_all,3,0.24838202595710787,0.0
screw,final,N_R_far,3,0.24838202595710787,0.0
screw,final,D,4,0.24838202595710787,0.0
screw,final,N_H,6,0.24838202595710787,0.0
screw,final,N_R_all,6,0.24838202595710787,0.0
screw,final,N_R_far,6,0.24838202595710787,0.0
screw,final,D,5,0.24838202595710787,0.0
screw,final,N_H,7,0.24838202595710787,0.0
screw,final,N_R_all,7,0.24838202595710787,0.0
screw,final,N_R_far,7,0.24838202595710787,0.0
screw,final,D,10,0.24838202595710787,0.0
screw,final,N_H,10,0.24838202595710787,0.0
screw,final,N_R_all,10,0.24838202595710787,0.0
screw,final,N_R_far,10,0.24838202595710787,0.0
screw,final,D,6,0.24838202595710787,0.0
screw,final,N_H,7,0.24838202595710787,0.0
screw,final,N_R_all,7,0.24838202595710787,0.0
screw,final,N_R_far,7,0.24838202595710787,0.0
screw,final,D,9,0.24838202595710787,0.0
screw,final,N_H,8,0.24838202595710787,0.0
screw,final,N_R_all,8,0.24838202595710787,0.0
screw,final,N_R_far,8,0.24838202595710787,0.0
screw,final,D,3,0.24838202595710787,0.0
screw,final,N_H,6,0.24838202595710787,0.0
screw,final,N_R_all,6,0.24838202595710787,0.0
screw,final,N_R_far,6,0.24838202595710787,0.0
screw,final,D,10,0.24838202595710787,0.0
screw,final,N_H,4,0.24838202595710787,0.0
screw,final,N_R_all,4,0.24838202595710787,0.0
screw,final,N_R_far,4,0.24838202595710787,0.0
screw,final,D,12,0.24838202595710787,0.0
screw,final,N_H,1,0.24838202595710787,0.0
screw,final,N_R_all,1,0.24838202595710787,0.0
screw,final,N_R_far,1,0.24838202595710787,0.0
screw,final,D,11,0.24838202595710787,0.0
screw,final,N_H,2,0.24838202595710787,0.0
screw,final,N_R_all,2,0.24838202595710787,0.0
screw,final,N_R_far,2,0.24838202595710787,0.0
screw,final,D,8,0.24838202595710787,0.0
screw,final,N_H,4,0.24838202595710787,0.0
screw,final,N_R_all,4,0.24838202595710787,0.0
screw,final,N_R_far,4,0.24838202595710787,0.0
screw,final,D,9,0.24838202595710787,0.0
screw,final,N_H,7,0.24838202595710787,0.0
screw,final,N_R_all,7,0.24838202595710787,0.0
screw,final,N_R_far,7,0.24838202595710787,0.0
cable,mid,D,89,0.20393827259540565,0.033707865168539325
cable,mid,N_H,1,0.20393827259540565,0.0
cable,mid,N_R_all,1,0.20393827259540565,0.0
cable,mid,N_R_far,1,0.20393827259540565,0.0
cable,mid,D,81,0.20393827259540565,0.06172839506172839
cable,mid,N_H,3,0.20393827259540565,0.0
cable,mid,N_R_all,3,0.20393827259540565,0.0
cable,mid,N_R_far,3,0.20393827259540565,0.0
cable,mid,D,74,0.20393827259540565,0.013513513513513514
cable,mid,N_H,4,0.20393827259540565,0.0
cable,mid,N_R_all,4,0.20393827259540565,0.0
cable,mid,N_R_far,4,0.20393827259540565,0.0
cable,mid,D,75,0.20393827259540565,0.013333333333333334
cable,mid,N_H,5,0.20393827259540565,0.0
cable,mid,N_R_all,5,0.20393827259540565,0.0
cable,mid,N_R_far,5,0.20393827259540565,0.0
cable,mid,D,75,0.20393827259540565,0.013333333333333334
cable,mid,N_H,7,0.20393827259540565,0.0
cable,mid,N_R_all,7,0.20393827259540565,0.0
cable,mid,N_R_far,7,0.20393827259540565,0.0
cable,mid,D,81,0.20393827259540565,0.024691358024691357
cable,mid,N_H,5,0.20393827259540565,0.0
cable,mid,N_R_all,5,0.20393827259540565,0.2
cable,mid,N_R_far,5,0.20393827259540565,0.0
cable,mid,D,87,0.20393827259540565,0.022988505747126436
cable,mid,N_H,1,0.20393827259540565,0.0
cable,mid,N_R_all,1,0.20393827259540565,0.0
cable,mid,N_R_far,1,0.20393827259540565,0.0
cable,mid,D,81,0.20393827259540565,0.0
cable,mid,N_H,6,0.20393827259540565,0.0
cable,mid,N_R_all,6,0.20393827259540565,0.0
cable,mid,N_R_far,6,0.20393827259540565,0.0
cable,mid,D,81,0.20393827259540565,0.0
cable,mid,N_H,1,0.20393827259540565,0.0
cable,mid,N_R_all,1,0.20393827259540565,0.0
cable,mid,N_R_far,1,0.20393827259540565,0.0
cable,mid,D,74,0.20393827259540565,0.0
cable,mid,N_H,5,0.20393827259540565,0.0
cable,mid,N_R_all,5,0.20393827259540565,0.0
cable,mid,N_R_far,5,0.20393827259540565,0.0
cable,mid,D,76,0.20393827259540565,0.013157894736842105
cable,mid,N_H,7,0.20393827259540565,0.0
cable,mid,N_R_all,7,0.20393827259540565,0.0
cable,mid,N_R_far,7,0.20393827259540565,0.0
cable,mid,D,71,0.20393827259540565,0.04225352112676056
cable,mid,N_H,4,0.20393827259540565,0.25
cable,mid,N_R_all,4,0.20393827259540565,0.0
cable,mid,N_R_far,4,0.20393827259540565,0.0
cable,mid,D,76,0.20393827259540565,0.0
cable,mid,N_H,1,0.20393827259540565,0.0
cable,mid,N_R_all,1,0.20393827259540565,0.0
cable,mid,N_R_far,1,0.20393827259540565,0.0
cable,mid,D,40,0.20393827259540565,0.05
cable,mid,N_H,1,0.20393827259540565,0.0
cable,mid,N_R_all,1,0.20393827259540565,0.0
cable,mid,N_R_far,1,0.20393827259540565,0.0
cable,mid,D,44,0.20393827259540565,0.0
cable,mid,N_H,1,0.20393827259540565,0.0
cable,mid,N_R_all,1,0.20393827259540565,0.0
cable,mid,N_R_far,1,0.20393827259540565,0.0
cable,mid,D,22,0.20393827259540565,0.0
cable,mid,N_H,2,0.20393827259540565,0.0
cable,mid,N_R_all,2,0.20393827259540565,0.0
cable,mid,N_R_far,2,0.20393827259540565,0.0
cable,mid,D,12,0.20393827259540565,0.0
cable,mid,N_H,2,0.20393827259540565,0.0
cable,mid,N_R_all,2,0.20393827259540565,0.0
cable,mid,N_R_far,2,0.20393827259540565,0.0
cable,mid,D,45,0.20393827259540565,0.0
cable,mid,N_H,1,0.20393827259540565,0.0
cable,mid,N_R_all,1,0.20393827259540565,0.0
cable,mid,N_R_far,1,0.20393827259540565,0.0
cable,mid,D,18,0.20393827259540565,0.05555555555555555
cable,mid,N_H,1,0.20393827259540565,0.0
cable,mid,N_R_all,1,0.20393827259540565,0.0
cable,mid,N_R_far,1,0.20393827259540565,0.0
cable,mid,D,31,0.20393827259540565,0.0
cable,mid,N_H,5,0.20393827259540565,0.0
cable,mid,N_R_all,5,0.20393827259540565,0.0
cable,mid,N_R_far,5,0.20393827259540565,0.0
cable,mid,D,23,0.20393827259540565,0.0
cable,mid,N_H,1,0.20393827259540565,0.0
cable,mid,N_R_all,1,0.20393827259540565,0.0
cable,mid,N_R_far,1,0.20393827259540565,0.0
cable,mid,D,25,0.20393827259540565,0.0
cable,mid,N_H,1,0.20393827259540565,0.0
cable,mid,N_R_all,1,0.20393827259540565,0.0
cable,mid,N_R_far,1,0.20393827259540565,0.0
cable,mid,D,26,0.20393827259540565,0.0
cable,mid,N_H,4,0.20393827259540565,0.0
cable,mid,N_R_all,4,0.20393827259540565,0.0
cable,mid,N_R_far,4,0.20393827259540565,0.0
cable,mid,D,12,0.20393827259540565,0.0
cable,mid,N_H,1,0.20393827259540565,0.0
cable,mid,N_R_all,1,0.20393827259540565,0.0
cable,mid,N_R_far,1,0.20393827259540565,0.0
cable,mid,D,3,0.20393827259540565,0.0
cable,mid,N_H,5,0.20393827259540565,0.0
cable,mid,N_R_all,5,0.20393827259540565,0.0
cable,mid,N_R_far,5,0.20393827259540565,0.0
cable,mid,D,19,0.20393827259540565,0.10526315789473684
cable,mid,N_H,1,0.20393827259540565,0.0
cable,mid,N_R_all,1,0.20393827259540565,0.0
cable,mid,N_R_far,1,0.20393827259540565,1.0
cable,midlate,D,89,0.2435453295707703,0.033707865168539325
cable,midlate,N_H,1,0.2435453295707703,0.0
cable,midlate,N_R_all,1,0.2435453295707703,0.0
cable,midlate,N_R_far,1,0.2435453295707703,0.0
cable,midlate,D,81,0.2435453295707703,0.0
cable,midlate,N_H,3,0.2435453295707703,0.0
cable,midlate,N_R_all,3,0.2435453295707703,0.0
cable,midlate,N_R_far,3,0.2435453295707703,0.0
cable,midlate,D,74,0.2435453295707703,0.0
cable,midlate,N_H,4,0.2435453295707703,0.0
cable,midlate,N_R_all,4,0.2435453295707703,0.0
cable,midlate,N_R_far,4,0.2435453295707703,0.0
cable,midlate,D,75,0.2435453295707703,0.02666666666666667
cable,midlate,N_H,5,0.2435453295707703,0.0
cable,midlate,N_R_all,5,0.2435453295707703,0.0
cable,midlate,N_R_far,5,0.2435453295707703,0.0
cable,midlate,D,75,0.2435453295707703,0.0
cable,midlate,N_H,7,0.2435453295707703,0.0
cable,midlate,N_R_all,7,0.2435453295707703,0.0
cable,midlate,N_R_far,7,0.2435453295707703,0.0
cable,midlate,D,81,0.2435453295707703,0.012345679012345678
cable,midlate,N_H,5,0.2435453295707703,0.0
cable,midlate,N_R_all,5,0.2435453295707703,0.0
cable,midlate,N_R_far,5,0.2435453295707703,0.0
cable,midlate,D,87,0.2435453295707703,0.011494252873563218
cable,midlate,N_H,1,0.2435453295707703,0.0
cable,midlate,N_R_all,1,0.2435453295707703,0.0
cable,midlate,N_R_far,1,0.2435453295707703,0.0
cable,midlate,D,81,0.2435453295707703,0.0
cable,midlate,N_H,6,0.2435453295707703,0.0
cable,midlate,N_R_all,6,0.2435453295707703,0.0
cable,midlate,N_R_far,6,0.2435453295707703,0.0
cable,midlate,D,81,0.2435453295707703,0.012345679012345678
cable,midlate,N_H,1,0.2435453295707703,0.0
cable,midlate,N_R_all,1,0.2435453295707703,0.0
cable,midlate,N_R_far,1,0.2435453295707703,0.0
cable,midlate,D,74,0.2435453295707703,0.0
cable,midlate,N_H,5,0.2435453295707703,0.0
cable,midlate,N_R_all,5,0.2435453295707703,0.0
cable,midlate,N_R_far,5,0.2435453295707703,0.0
cable,midlate,D,76,0.2435453295707703,0.0
cable,midlate,N_H,7,0.2435453295707703,0.0
cable,midlate,N_R_all,7,0.2435453295707703,0.0
cable,midlate,N_R_far,7,0.2435453295707703,0.0
cable,midlate,D,71,0.2435453295707703,0.0
cable,midlate,N_H,4,0.2435453295707703,0.0
cable,midlate,N_R_all,4,0.2435453295707703,0.0
cable,midlate,N_R_far,4,0.2435453295707703,0.0
cable,midlate,D,76,0.2435453295707703,0.013157894736842105
cable,midlate,N_H,1,0.2435453295707703,0.0
cable,midlate,N_R_all,1,0.2435453295707703,0.0
cable,midlate,N_R_far,1,0.2435453295707703,0.0
cable,midlate,D,40,0.2435453295707703,0.025
cable,midlate,N_H,1,0.2435453295707703,0.0
cable,midlate,N_R_all,1,0.2435453295707703,0.0
cable,midlate,N_R_far,1,0.2435453295707703,0.0
cable,midlate,D,44,0.2435453295707703,0.0
cable,midlate,N_H,1,0.2435453295707703,0.0
cable,midlate,N_R_all,1,0.2435453295707703,0.0
cable,midlate,N_R_far,1,0.2435453295707703,0.0
cable,midlate,D,22,0.2435453295707703,0.0
cable,midlate,N_H,2,0.2435453295707703,0.0
cable,midlate,N_R_all,2,0.2435453295707703,0.0
cable,midlate,N_R_far,2,0.2435453295707703,0.0
cable,midlate,D,12,0.2435453295707703,0.0
cable,midlate,N_H,2,0.2435453295707703,0.0
cable,midlate,N_R_all,2,0.2435453295707703,0.0
cable,midlate,N_R_far,2,0.2435453295707703,0.0
cable,midlate,D,45,0.2435453295707703,0.022222222222222223
cable,midlate,N_H,1,0.2435453295707703,0.0
cable,midlate,N_R_all,1,0.2435453295707703,0.0
cable,midlate,N_R_far,1,0.2435453295707703,0.0
cable,midlate,D,18,0.2435453295707703,0.0
cable,midlate,N_H,1,0.2435453295707703,0.0
cable,midlate,N_R_all,1,0.2435453295707703,0.0
cable,midlate,N_R_far,1,0.2435453295707703,0.0
cable,midlate,D,31,0.2435453295707703,0.0
cable,midlate,N_H,5,0.2435453295707703,0.0
cable,midlate,N_R_all,5,0.2435453295707703,0.0
cable,midlate,N_R_far,5,0.2435453295707703,0.0
cable,midlate,D,23,0.2435453295707703,0.0
cable,midlate,N_H,1,0.2435453295707703,0.0
cable,midlate,N_R_all,1,0.2435453295707703,0.0
cable,midlate,N_R_far,1,0.2435453295707703,0.0
cable,midlate,D,25,0.2435453295707703,0.0
cable,midlate,N_H,1,0.2435453295707703,0.0
cable,midlate,N_R_all,1,0.2435453295707703,0.0
cable,midlate,N_R_far,1,0.2435453295707703,0.0
cable,midlate,D,26,0.2435453295707703,0.0
cable,midlate,N_H,4,0.2435453295707703,0.0
cable,midlate,N_R_all,4,0.2435453295707703,0.0
cable,midlate,N_R_far,4,0.2435453295707703,0.0
cable,midlate,D,12,0.2435453295707703,0.0
cable,midlate,N_H,1,0.2435453295707703,0.0
cable,midlate,N_R_all,1,0.2435453295707703,0.0
cable,midlate,N_R_far,1,0.2435453295707703,0.0
cable,midlate,D,3,0.2435453295707703,0.0
cable,midlate,N_H,5,0.2435453295707703,0.0
cable,midlate,N_R_all,5,0.2435453295707703,0.0
cable,midlate,N_R_far,5,0.2435453295707703,0.0
cable,midlate,D,19,0.2435453295707703,0.10526315789473684
cable,midlate,N_H,1,0.2435453295707703,0.0
cable,midlate,N_R_all,1,0.2435453295707703,0.0
cable,midlate,N_R_far,1,0.2435453295707703,1.0
cable,final,D,89,0.2288883924484253,0.0449438202247191
cable,final,N_H,1,0.2288883924484253,0.0
cable,final,N_R_all,1,0.2288883924484253,0.0
cable,final,N_R_far,1,0.2288883924484253,0.0
cable,final,D,81,0.2288883924484253,0.07407407407407407
cable,final,N_H,3,0.2288883924484253,0.0
cable,final,N_R_all,3,0.2288883924484253,0.0
cable,final,N_R_far,3,0.2288883924484253,0.0
cable,final,D,74,0.2288883924484253,0.0
cable,final,N_H,4,0.2288883924484253,0.0
cable,final,N_R_all,4,0.2288883924484253,0.0
cable,final,N_R_far,4,0.2288883924484253,0.0
cable,final,D,75,0.2288883924484253,0.02666666666666667
cable,final,N_H,5,0.2288883924484253,0.0
cable,final,N_R_all,5,0.2288883924484253,0.0
cable,final,N_R_far,5,0.2288883924484253,0.0
cable,final,D,75,0.2288883924484253,0.0
cable,final,N_H,7,0.2288883924484253,0.0
cable,final,N_R_all,7,0.2288883924484253,0.0
cable,final,N_R_far,7,0.2288883924484253,0.0
cable,final,D,81,0.2288883924484253,0.012345679012345678
cable,final,N_H,5,0.2288883924484253,0.0
cable,final,N_R_all,5,0.2288883924484253,0.0
cable,final,N_R_far,5,0.2288883924484253,0.0
cable,final,D,87,0.2288883924484253,0.011494252873563218
cable,final,N_H,1,0.2288883924484253,0.0
cable,final,N_R_all,1,0.2288883924484253,0.0
cable,final,N_R_far,1,0.2288883924484253,0.0
cable,final,D,81,0.2288883924484253,0.0
cable,final,N_H,6,0.2288883924484253,0.0
cable,final,N_R_all,6,0.2288883924484253,0.0
cable,final,N_R_far,6,0.2288883924484253,0.0
cable,final,D,81,0.2288883924484253,0.012345679012345678
cable,final,N_H,1,0.2288883924484253,0.0
cable,final,N_R_all,1,0.2288883924484253,0.0
cable,final,N_R_far,1,0.2288883924484253,0.0
cable,final,D,74,0.2288883924484253,0.0
cable,final,N_H,5,0.2288883924484253,0.0
cable,final,N_R_all,5,0.2288883924484253,0.0
cable,final,N_R_far,5,0.2288883924484253,0.0
cable,final,D,76,0.2288883924484253,0.0
cable,final,N_H,7,0.2288883924484253,0.14285714285714285
cable,final,N_R_all,7,0.2288883924484253,0.0
cable,final,N_R_far,7,0.2288883924484253,0.0
cable,final,D,71,0.2288883924484253,0.028169014084507043
cable,final,N_H,4,0.2288883924484253,0.0
cable,final,N_R_all,4,0.2288883924484253,0.0
cable,final,N_R_far,4,0.2288883924484253,0.0
cable,final,D,76,0.2288883924484253,0.0
cable,final,N_H,1,0.2288883924484253,0.0
cable,final,N_R_all,1,0.2288883924484253,0.0
cable,final,N_R_far,1,0.2288883924484253,0.0
cable,final,D,40,0.2288883924484253,0.025
cable,final,N_H,1,0.2288883924484253,0.0
cable,final,N_R_all,1,0.2288883924484253,0.0
cable,final,N_R_far,1,0.2288883924484253,0.0
cable,final,D,44,0.2288883924484253,0.0
cable,final,N_H,1,0.2288883924484253,0.0
cable,final,N_R_all,1,0.2288883924484253,0.0
cable,final,N_R_far,1,0.2288883924484253,0.0
cable,final,D,22,0.2288883924484253,0.0
cable,final,N_H,2,0.2288883924484253,0.0
cable,final,N_R_all,2,0.2288883924484253,0.0
cable,final,N_R_far,2,0.2288883924484253,0.0
cable,final,D,12,0.2288883924484253,0.0
cable,final,N_H,2,0.2288883924484253,0.0
cable,final,N_R_all,2,0.2288883924484253,0.0
cable,final,N_R_far,2,0.2288883924484253,0.0
cable,final,D,45,0.2288883924484253,0.044444444444444446
cable,final,N_H,1,0.2288883924484253,0.0
cable,final,N_R_all,1,0.2288883924484253,0.0
cable,final,N_R_far,1,0.2288883924484253,0.0
cable,final,D,18,0.2288883924484253,0.0
cable,final,N_H,1,0.2288883924484253,0.0
cable,final,N_R_all,1,0.2288883924484253,0.0
cable,final,N_R_far,1,0.2288883924484253,1.0
cable,final,D,31,0.2288883924484253,0.0
cable,final,N_H,5,0.2288883924484253,0.0
cable,final,N_R_all,5,0.2288883924484253,0.0
cable,final,N_R_far,5,0.2288883924484253,0.2
cable,final,D,23,0.2288883924484253,0.0
cable,final,N_H,1,0.2288883924484253,0.0
cable,final,N_R_all,1,0.2288883924484253,0.0
cable,final,N_R_far,1,0.2288883924484253,0.0
cable,final,D,25,0.2288883924484253,0.0
cable,final,N_H,1,0.2288883924484253,0.0
cable,final,N_R_all,1,0.2288883924484253,0.0
cable,final,N_R_far,1,0.2288883924484253,0.0
cable,final,D,26,0.2288883924484253,0.0
cable,final,N_H,4,0.2288883924484253,0.0
cable,final,N_R_all,4,0.2288883924484253,0.0
cable,final,N_R_far,4,0.2288883924484253,0.0
cable,final,D,12,0.2288883924484253,0.0
cable,final,N_H,1,0.2288883924484253,0.0
cable,final,N_R_all,1,0.2288883924484253,0.0
cable,final,N_R_far,1,0.2288883924484253,0.0
cable,final,D,3,0.2288883924484253,0.0
cable,final,N_H,5,0.2288883924484253,0.0
cable,final,N_R_all,5,0.2288883924484253,0.0
cable,final,N_R_far,5,0.2288883924484253,0.0
cable,final,D,19,0.2288883924484253,0.0
cable,final,N_H,1,0.2288883924484253,0.0
cable,final,N_R_all,1,0.2288883924484253,0.0
cable,final,N_R_far,1,0.2288883924484253,0.0
bottle,mid,D,28,0.11372939050197607,0.0
bottle,mid,N_H,3,0.11372939050197607,0.0
bottle,mid,N_R_all,3,0.11372939050197607,0.3333333333333333
bottle,mid,N_R_far,3,0.11372939050197607,0.0
bottle,mid,D,24,0.11372939050197607,0.0
bottle,mid,N_H,1,0.11372939050197607,0.0
bottle,mid,N_R_all,1,0.11372939050197607,0.0
bottle,mid,N_R_far,1,0.11372939050197607,0.0
bottle,midlate,D,28,0.15046306252479558,0.0
bottle,midlate,N_H,3,0.15046306252479558,0.0
bottle,midlate,N_R_all,3,0.15046306252479558,0.3333333333333333
bottle,midlate,N_R_far,3,0.15046306252479558,0.0
bottle,midlate,D,24,0.15046306252479558,0.0
bottle,midlate,N_H,1,0.15046306252479558,0.0
bottle,midlate,N_R_all,1,0.15046306252479558,0.0
bottle,midlate,N_R_far,1,0.15046306252479558,0.0
bottle,final,D,28,0.12214003801345853,0.0
bottle,final,N_H,3,0.12214003801345853,0.0
bottle,final,N_R_all,3,0.12214003801345853,0.3333333333333333
bottle,final,N_R_far,3,0.12214003801345853,0.0
bottle,final,D,24,0.12214003801345853,0.0
bottle,final,N_H,1,0.12214003801345853,0.0
bottle,final,N_R_all,1,0.12214003801345853,0.0
bottle,final,N_R_far,1,0.12214003801345853,0.0
macaroni2,mid,D,3,0.29020802855491634,0.0
macaroni2,mid,N_H,11,0.29020802855491634,0.0
macaroni2,mid,N_R_all,11,0.29020802855491634,0.0
macaroni2,mid,N_R_far,11,0.29020802855491634,0.0
macaroni2,mid,D,2,0.29020802855491634,0.0
macaroni2,mid,N_H,11,0.29020802855491634,0.0
macaroni2,mid,N_R_all,11,0.29020802855491634,0.0
macaroni2,mid,N_R_far,11,0.29020802855491634,0.0
macaroni2,mid,D,3,0.29020802855491634,0.0
macaroni2,mid,N_H,10,0.29020802855491634,0.0
macaroni2,mid,N_R_all,10,0.29020802855491634,0.0
macaroni2,mid,N_R_far,10,0.29020802855491634,0.0
macaroni2,mid,D,1,0.29020802855491634,0.0
macaroni2,mid,N_H,15,0.29020802855491634,0.0
macaroni2,mid,N_R_all,15,0.29020802855491634,0.0
macaroni2,mid,N_R_far,15,0.29020802855491634,0.0
macaroni2,mid,D,3,0.29020802855491634,0.0
macaroni2,mid,N_H,10,0.29020802855491634,0.0
macaroni2,mid,N_R_all,10,0.29020802855491634,0.0
macaroni2,mid,N_R_far,10,0.29020802855491634,0.0
macaroni2,mid,D,2,0.29020802855491634,0.0
macaroni2,mid,N_H,11,0.29020802855491634,0.0
macaroni2,mid,N_R_all,11,0.29020802855491634,0.0
macaroni2,mid,N_R_far,11,0.29020802855491634,0.0
macaroni2,mid,D,4,0.29020802855491634,0.0
macaroni2,mid,N_H,12,0.29020802855491634,0.0
macaroni2,mid,N_R_all,12,0.29020802855491634,0.0
macaroni2,mid,N_R_far,12,0.29020802855491634,0.0
macaroni2,mid,D,2,0.29020802855491634,0.0
macaroni2,mid,N_H,8,0.29020802855491634,0.0
macaroni2,mid,N_R_all,8,0.29020802855491634,0.0
macaroni2,mid,N_R_far,8,0.29020802855491634,0.0
macaroni2,mid,D,2,0.29020802855491634,0.0
macaroni2,mid,N_H,8,0.29020802855491634,0.0
macaroni2,mid,N_R_all,8,0.29020802855491634,0.0
macaroni2,mid,N_R_far,8,0.29020802855491634,0.0
macaroni2,mid,D,4,0.29020802855491634,0.0
macaroni2,mid,N_H,10,0.29020802855491634,0.0
macaroni2,mid,N_R_all,10,0.29020802855491634,0.0
macaroni2,mid,N_R_far,10,0.29020802855491634,0.0
macaroni2,mid,D,2,0.29020802855491634,0.0
macaroni2,mid,N_H,10,0.29020802855491634,0.0
macaroni2,mid,N_R_all,10,0.29020802855491634,0.0
macaroni2,mid,N_R_far,10,0.29020802855491634,0.0
macaroni2,mid,D,1,0.29020802855491634,0.0
macaroni2,mid,N_H,13,0.29020802855491634,0.0
macaroni2,mid,N_R_all,13,0.29020802855491634,0.0
macaroni2,mid,N_R_far,13,0.29020802855491634,0.0
macaroni2,mid,D,1,0.29020802855491634,0.0
macaroni2,mid,N_H,12,0.29020802855491634,0.0
macaroni2,mid,N_R_all,12,0.29020802855491634,0.0
macaroni2,mid,N_R_far,12,0.29020802855491634,0.0
macaroni2,mid,D,1,0.29020802855491634,0.0
macaroni2,mid,N_H,13,0.29020802855491634,0.0
macaroni2,mid,N_R_all,13,0.29020802855491634,0.0
macaroni2,mid,N_R_far,13,0.29020802855491634,0.0
macaroni2,mid,D,2,0.29020802855491634,0.0
macaroni2,mid,N_H,12,0.29020802855491634,0.0
macaroni2,mid,N_R_all,12,0.29020802855491634,0.0
macaroni2,mid,N_R_far,12,0.29020802855491634,0.0
macaroni2,mid,D,1,0.29020802855491634,0.0
macaroni2,mid,N_H,13,0.29020802855491634,0.0
macaroni2,mid,N_R_all,13,0.29020802855491634,0.0
macaroni2,mid,N_R_far,13,0.29020802855491634,0.0
macaroni2,mid,D,1,0.29020802855491634,0.0
macaroni2,mid,N_H,14,0.29020802855491634,0.0
macaroni2,mid,N_R_all,14,0.29020802855491634,0.0
macaroni2,mid,N_R_far,14,0.29020802855491634,0.07142857142857142
macaroni2,mid,D,2,0.29020802855491634,0.0
macaroni2,mid,N_H,11,0.29020802855491634,0.0
macaroni2,mid,N_R_all,11,0.29020802855491634,0.0
macaroni2,mid,N_R_far,11,0.29020802855491634,0.0
macaroni2,mid,D,1,0.29020802855491634,0.0
macaroni2,mid,N_H,13,0.29020802855491634,0.0
macaroni2,mid,N_R_all,13,0.29020802855491634,0.0
macaroni2,mid,N_R_far,13,0.29020802855491634,0.0
macaroni2,mid,D,2,0.29020802855491634,0.0
macaroni2,mid,N_H,13,0.29020802855491634,0.0
macaroni2,mid,N_R_all,13,0.29020802855491634,0.0
macaroni2,mid,N_R_far,13,0.29020802855491634,0.0
macaroni2,mid,D,1,0.29020802855491634,0.0
macaroni2,mid,N_H,13,0.29020802855491634,0.0
macaroni2,mid,N_R_all,13,0.29020802855491634,0.0
macaroni2,mid,N_R_far,13,0.29020802855491634,0.0
macaroni2,mid,D,1,0.29020802855491634,0.0
macaroni2,mid,N_H,14,0.29020802855491634,0.0
macaroni2,mid,N_R_all,14,0.29020802855491634,0.0
macaroni2,mid,N_R_far,14,0.29020802855491634,0.0
macaroni2,mid,D,2,0.29020802855491634,0.0
macaroni2,mid,N_H,13,0.29020802855491634,0.0
macaroni2,mid,N_R_all,13,0.29020802855491634,0.0
macaroni2,mid,N_R_far,13,0.29020802855491634,0.0
macaroni2,mid,D,2,0.29020802855491634,0.0
macaroni2,mid,N_H,13,0.29020802855491634,0.0
macaroni2,mid,N_R_all,13,0.29020802855491634,0.0
macaroni2,mid,N_R_far,13,0.29020802855491634,0.0
macaroni2,mid,D,2,0.29020802855491634,0.0
macaroni2,mid,N_H,12,0.29020802855491634,0.0
macaroni2,mid,N_R_all,12,0.29020802855491634,0.0
macaroni2,mid,N_R_far,12,0.29020802855491634,0.0
macaroni2,mid,D,1,0.29020802855491634,0.0
macaroni2,mid,N_H,13,0.29020802855491634,0.0
macaroni2,mid,N_R_all,13,0.29020802855491634,0.0
macaroni2,mid,N_R_far,13,0.29020802855491634,0.0
macaroni2,mid,D,1,0.29020802855491634,0.0
macaroni2,mid,N_H,13,0.29020802855491634,0.0
macaroni2,mid,N_R_all,13,0.29020802855491634,0.0
macaroni2,mid,N_R_far,13,0.29020802855491634,0.0
macaroni2,mid,D,1,0.29020802855491634,0.0
macaroni2,mid,N_H,14,0.29020802855491634,0.0
macaroni2,mid,N_R_all,14,0.29020802855491634,0.0
macaroni2,mid,N_R_far,14,0.29020802855491634,0.0
macaroni2,mid,D,2,0.29020802855491634,0.0
macaroni2,mid,N_H,13,0.29020802855491634,0.0
macaroni2,mid,N_R_all,13,0.29020802855491634,0.0
macaroni2,mid,N_R_far,13,0.29020802855491634,0.0
macaroni2,mid,D,2,0.29020802855491634,0.0
macaroni2,mid,N_H,12,0.29020802855491634,0.0
macaroni2,mid,N_R_all,12,0.29020802855491634,0.0
macaroni2,mid,N_R_far,12,0.29020802855491634,0.0
macaroni2,mid,D,1,0.29020802855491634,0.0
macaroni2,mid,N_H,15,0.29020802855491634,0.0
macaroni2,mid,N_R_all,15,0.29020802855491634,0.0
macaroni2,mid,N_R_far,15,0.29020802855491634,0.0
macaroni2,mid,D,1,0.29020802855491634,0.0
macaroni2,mid,N_H,11,0.29020802855491634,0.0
macaroni2,mid,N_R_all,11,0.29020802855491634,0.0
macaroni2,mid,N_R_far,11,0.29020802855491634,0.0
macaroni2,mid,D,1,0.29020802855491634,0.0
macaroni2,mid,N_H,15,0.29020802855491634,0.0
macaroni2,mid,N_R_all,15,0.29020802855491634,0.0
macaroni2,mid,N_R_far,15,0.29020802855491634,0.0
macaroni2,mid,D,1,0.29020802855491634,0.0
macaroni2,mid,N_H,14,0.29020802855491634,0.0
macaroni2,mid,N_R_all,14,0.29020802855491634,0.0
macaroni2,mid,N_R_far,14,0.29020802855491634,0.0
macaroni2,mid,D,2,0.29020802855491634,0.0
macaroni2,mid,N_H,11,0.29020802855491634,0.0
macaroni2,mid,N_R_all,11,0.29020802855491634,0.0
macaroni2,mid,N_R_far,11,0.29020802855491634,0.0
macaroni2,mid,D,2,0.29020802855491634,0.0
macaroni2,mid,N_H,13,0.29020802855491634,0.0
macaroni2,mid,N_R_all,13,0.29020802855491634,0.0
macaroni2,mid,N_R_far,13,0.29020802855491634,0.0
macaroni2,mid,D,1,0.29020802855491634,0.0
macaroni2,mid,N_H,10,0.29020802855491634,0.0
macaroni2,mid,N_R_all,10,0.29020802855491634,0.0
macaroni2,mid,N_R_far,10,0.29020802855491634,0.0
macaroni2,mid,D,1,0.29020802855491634,0.0
macaroni2,mid,N_H,13,0.29020802855491634,0.0
macaroni2,mid,N_R_all,13,0.29020802855491634,0.0
macaroni2,mid,N_R_far,13,0.29020802855491634,0.0
macaroni2,mid,D,2,0.29020802855491634,0.0
macaroni2,mid,N_H,12,0.29020802855491634,0.0
macaroni2,mid,N_R_all,12,0.29020802855491634,0.0
macaroni2,mid,N_R_far,12,0.29020802855491634,0.0
macaroni2,mid,D,1,0.29020802855491634,0.0
macaroni2,mid,N_H,12,0.29020802855491634,0.0
macaroni2,mid,N_R_all,12,0.29020802855491634,0.0
macaroni2,mid,N_R_far,12,0.29020802855491634,0.0
macaroni2,mid,D,2,0.29020802855491634,0.0
macaroni2,mid,N_H,12,0.29020802855491634,0.0
macaroni2,mid,N_R_all,12,0.29020802855491634,0.0
macaroni2,mid,N_R_far,12,0.29020802855491634,0.0
macaroni2,mid,D,4,0.29020802855491634,0.0
macaroni2,mid,N_H,10,0.29020802855491634,0.0
macaroni2,mid,N_R_all,10,0.29020802855491634,0.0
macaroni2,mid,N_R_far,10,0.29020802855491634,0.0
macaroni2,mid,D,2,0.29020802855491634,0.0
macaroni2,mid,N_H,13,0.29020802855491634,0.0
macaroni2,mid,N_R_all,13,0.29020802855491634,0.0
macaroni2,mid,N_R_far,13,0.29020802855491634,0.0
macaroni2,mid,D,1,0.29020802855491634,0.0
macaroni2,mid,N_H,11,0.29020802855491634,0.0
macaroni2,mid,N_R_all,11,0.29020802855491634,0.0
macaroni2,mid,N_R_far,11,0.29020802855491634,0.0
macaroni2,mid,D,6,0.29020802855491634,0.0
macaroni2,mid,N_H,11,0.29020802855491634,0.0
macaroni2,mid,N_R_all,11,0.29020802855491634,0.0
macaroni2,mid,N_R_far,11,0.29020802855491634,0.0
macaroni2,mid,D,2,0.29020802855491634,0.0
macaroni2,mid,N_H,12,0.29020802855491634,0.0
macaroni2,mid,N_R_all,12,0.29020802855491634,0.0
macaroni2,mid,N_R_far,12,0.29020802855491634,0.0
macaroni2,mid,D,6,0.29020802855491634,0.0
macaroni2,mid,N_H,14,0.29020802855491634,0.0
macaroni2,mid,N_R_all,14,0.29020802855491634,0.0
macaroni2,mid,N_R_far,14,0.29020802855491634,0.0
macaroni2,mid,D,6,0.29020802855491634,0.0
macaroni2,mid,N_H,14,0.29020802855491634,0.0
macaroni2,mid,N_R_all,14,0.29020802855491634,0.0
macaroni2,mid,N_R_far,14,0.29020802855491634,0.0
macaroni2,mid,D,1,0.29020802855491634,0.0
macaroni2,mid,N_H,12,0.29020802855491634,0.0
macaroni2,mid,N_R_all,12,0.29020802855491634,0.0
macaroni2,mid,N_R_far,12,0.29020802855491634,0.0
macaroni2,mid,D,1,0.29020802855491634,0.0
macaroni2,mid,N_H,11,0.29020802855491634,0.0
macaroni2,mid,N_R_all,11,0.29020802855491634,0.0
macaroni2,mid,N_R_far,11,0.29020802855491634,0.0
macaroni2,mid,D,4,0.29020802855491634,0.0
macaroni2,mid,N_H,15,0.29020802855491634,0.0
macaroni2,mid,N_R_all,15,0.29020802855491634,0.0
macaroni2,mid,N_R_far,15,0.29020802855491634,0.0
macaroni2,mid,D,3,0.29020802855491634,0.0
macaroni2,mid,N_H,14,0.29020802855491634,0.0
macaroni2,mid,N_R_all,14,0.29020802855491634,0.0
macaroni2,mid,N_R_far,14,0.29020802855491634,0.07142857142857142
macaroni2,mid,D,5,0.29020802855491634,0.0
macaroni2,mid,N_H,13,0.29020802855491634,0.0
macaroni2,mid,N_R_all,13,0.29020802855491634,0.0
macaroni2,mid,N_R_far,13,0.29020802855491634,0.0
macaroni2,mid,D,3,0.29020802855491634,0.0
macaroni2,mid,N_H,14,0.29020802855491634,0.0
macaroni2,mid,N_R_all,14,0.29020802855491634,0.0
macaroni2,mid,N_R_far,14,0.29020802855491634,0.0
macaroni2,mid,D,3,0.29020802855491634,0.0
macaroni2,mid,N_H,15,0.29020802855491634,0.0
macaroni2,mid,N_R_all,15,0.29020802855491634,0.0
macaroni2,mid,N_R_far,15,0.29020802855491634,0.0
macaroni2,mid,D,4,0.29020802855491634,0.0
macaroni2,mid,N_H,14,0.29020802855491634,0.0
macaroni2,mid,N_R_all,14,0.29020802855491634,0.0
macaroni2,mid,N_R_far,14,0.29020802855491634,0.0
macaroni2,mid,D,5,0.29020802855491634,0.0
macaroni2,mid,N_H,13,0.29020802855491634,0.0
macaroni2,mid,N_R_all,13,0.29020802855491634,0.0
macaroni2,mid,N_R_far,13,0.29020802855491634,0.0
macaroni2,mid,D,3,0.29020802855491634,0.0
macaroni2,mid,N_H,13,0.29020802855491634,0.0
macaroni2,mid,N_R_all,13,0.29020802855491634,0.0
macaroni2,mid,N_R_far,13,0.29020802855491634,0.0
macaroni2,mid,D,3,0.29020802855491634,0.0
macaroni2,mid,N_H,5,0.29020802855491634,0.0
macaroni2,mid,N_R_all,5,0.29020802855491634,0.0
macaroni2,mid,N_R_far,5,0.29020802855491634,0.0
macaroni2,mid,D,7,0.29020802855491634,0.0
macaroni2,mid,N_H,10,0.29020802855491634,0.0
macaroni2,mid,N_R_all,10,0.29020802855491634,0.0
macaroni2,mid,N_R_far,10,0.29020802855491634,0.0
macaroni2,mid,D,3,0.29020802855491634,0.0
macaroni2,mid,N_H,13,0.29020802855491634,0.0
macaroni2,mid,N_R_all,13,0.29020802855491634,0.0
macaroni2,mid,N_R_far,13,0.29020802855491634,0.0
macaroni2,mid,D,2,0.29020802855491634,0.0
macaroni2,mid,N_H,10,0.29020802855491634,0.0
macaroni2,mid,N_R_all,10,0.29020802855491634,0.0
macaroni2,mid,N_R_far,10,0.29020802855491634,0.0
macaroni2,mid,D,2,0.29020802855491634,0.0
macaroni2,mid,N_H,12,0.29020802855491634,0.0
macaroni2,mid,N_R_all,12,0.29020802855491634,0.0
macaroni2,mid,N_R_far,12,0.29020802855491634,0.0
macaroni2,mid,D,3,0.29020802855491634,0.0
macaroni2,mid,N_H,13,0.29020802855491634,0.0
macaroni2,mid,N_R_all,13,0.29020802855491634,0.0
macaroni2,mid,N_R_far,13,0.29020802855491634,0.0
macaroni2,mid,D,4,0.29020802855491634,0.0
macaroni2,mid,N_H,12,0.29020802855491634,0.0
macaroni2,mid,N_R_all,12,0.29020802855491634,0.0
macaroni2,mid,N_R_far,12,0.29020802855491634,0.0
macaroni2,mid,D,4,0.29020802855491634,0.0
macaroni2,mid,N_H,9,0.29020802855491634,0.0
macaroni2,mid,N_R_all,9,0.29020802855491634,0.0
macaroni2,mid,N_R_far,9,0.29020802855491634,0.0
macaroni2,mid,D,6,0.29020802855491634,0.0
macaroni2,mid,N_H,12,0.29020802855491634,0.0
macaroni2,mid,N_R_all,12,0.29020802855491634,0.0
macaroni2,mid,N_R_far,12,0.29020802855491634,0.0
macaroni2,mid,D,1,0.29020802855491634,0.0
macaroni2,mid,N_H,14,0.29020802855491634,0.0
macaroni2,mid,N_R_all,14,0.29020802855491634,0.0
macaroni2,mid,N_R_far,14,0.29020802855491634,0.0
macaroni2,mid,D,5,0.29020802855491634,0.0
macaroni2,mid,N_H,8,0.29020802855491634,0.0
macaroni2,mid,N_R_all,8,0.29020802855491634,0.0
macaroni2,mid,N_R_far,8,0.29020802855491634,0.0
macaroni2,mid,D,4,0.29020802855491634,0.0
macaroni2,mid,N_H,3,0.29020802855491634,0.0
macaroni2,mid,N_R_all,3,0.29020802855491634,0.0
macaroni2,mid,N_R_far,3,0.29020802855491634,0.0
macaroni2,mid,D,2,0.29020802855491634,0.0
macaroni2,mid,N_H,6,0.29020802855491634,0.0
macaroni2,mid,N_R_all,6,0.29020802855491634,0.0
macaroni2,mid,N_R_far,6,0.29020802855491634,0.0
macaroni2,mid,D,4,0.29020802855491634,0.0
macaroni2,mid,N_H,4,0.29020802855491634,0.0
macaroni2,mid,N_R_all,4,0.29020802855491634,0.0
macaroni2,mid,N_R_far,4,0.29020802855491634,0.0
macaroni2,mid,D,1,0.29020802855491634,0.0
macaroni2,mid,N_H,9,0.29020802855491634,0.0
macaroni2,mid,N_R_all,9,0.29020802855491634,0.0
macaroni2,mid,N_R_far,9,0.29020802855491634,0.0
macaroni2,mid,D,9,0.29020802855491634,0.0
macaroni2,mid,N_H,5,0.29020802855491634,0.0
macaroni2,mid,N_R_all,5,0.29020802855491634,0.0
macaroni2,mid,N_R_far,5,0.29020802855491634,0.0
macaroni2,mid,D,1,0.29020802855491634,0.0
macaroni2,mid,N_H,11,0.29020802855491634,0.0
macaroni2,mid,N_R_all,11,0.29020802855491634,0.0
macaroni2,mid,N_R_far,11,0.29020802855491634,0.0
macaroni2,mid,D,6,0.29020802855491634,0.0
macaroni2,mid,N_H,3,0.29020802855491634,0.0
macaroni2,mid,N_R_all,3,0.29020802855491634,0.0
macaroni2,mid,N_R_far,3,0.29020802855491634,0.0
macaroni2,mid,D,3,0.29020802855491634,0.0
macaroni2,mid,N_H,12,0.29020802855491634,0.0
macaroni2,mid,N_R_all,12,0.29020802855491634,0.0
macaroni2,mid,N_R_far,12,0.29020802855491634,0.0
macaroni2,mid,D,3,0.29020802855491634,0.0
macaroni2,mid,N_H,10,0.29020802855491634,0.0
macaroni2,mid,N_R_all,10,0.29020802855491634,0.0
macaroni2,mid,N_R_far,10,0.29020802855491634,0.0
macaroni2,mid,D,5,0.29020802855491634,0.0
macaroni2,mid,N_H,7,0.29020802855491634,0.0
macaroni2,mid,N_R_all,7,0.29020802855491634,0.0
macaroni2,mid,N_R_far,7,0.29020802855491634,0.0
macaroni2,mid,D,3,0.29020802855491634,0.0
macaroni2,mid,N_H,7,0.29020802855491634,0.0
macaroni2,mid,N_R_all,7,0.29020802855491634,0.0
macaroni2,mid,N_R_far,7,0.29020802855491634,0.0
macaroni2,mid,D,4,0.29020802855491634,0.0
macaroni2,mid,N_H,8,0.29020802855491634,0.0
macaroni2,mid,N_R_all,8,0.29020802855491634,0.0
macaroni2,mid,N_R_far,8,0.29020802855491634,0.0
macaroni2,mid,D,6,0.29020802855491634,0.0
macaroni2,mid,N_H,7,0.29020802855491634,0.0
macaroni2,mid,N_R_all,7,0.29020802855491634,0.0
macaroni2,mid,N_R_far,7,0.29020802855491634,0.0
macaroni2,mid,D,2,0.29020802855491634,0.0
macaroni2,mid,N_H,11,0.29020802855491634,0.0
macaroni2,mid,N_R_all,11,0.29020802855491634,0.0
macaroni2,mid,N_R_far,11,0.29020802855491634,0.0
macaroni2,mid,D,4,0.29020802855491634,0.0
macaroni2,mid,N_H,8,0.29020802855491634,0.0
macaroni2,mid,N_R_all,8,0.29020802855491634,0.0
macaroni2,mid,N_R_far,8,0.29020802855491634,0.0
macaroni2,mid,D,6,0.29020802855491634,0.0
macaroni2,mid,N_H,13,0.29020802855491634,0.0
macaroni2,mid,N_R_all,13,0.29020802855491634,0.0
macaroni2,mid,N_R_far,13,0.29020802855491634,0.0
macaroni2,mid,D,3,0.29020802855491634,0.0
macaroni2,mid,N_H,11,0.29020802855491634,0.0
macaroni2,mid,N_R_all,11,0.29020802855491634,0.0
macaroni2,mid,N_R_far,11,0.29020802855491634,0.0
macaroni2,mid,D,3,0.29020802855491634,0.0
macaroni2,mid,N_H,10,0.29020802855491634,0.0
macaroni2,mid,N_R_all,10,0.29020802855491634,0.0
macaroni2,mid,N_R_far,10,0.29020802855491634,0.0
macaroni2,mid,D,5,0.29020802855491634,0.0
macaroni2,mid,N_H,10,0.29020802855491634,0.0
macaroni2,mid,N_R_all,10,0.29020802855491634,0.0
macaroni2,mid,N_R_far,10,0.29020802855491634,0.0
macaroni2,mid,D,4,0.29020802855491634,0.0
macaroni2,mid,N_H,9,0.29020802855491634,0.0
macaroni2,mid,N_R_all,9,0.29020802855491634,0.0
macaroni2,mid,N_R_far,9,0.29020802855491634,0.0
macaroni2,mid,D,2,0.29020802855491634,0.0
macaroni2,mid,N_H,8,0.29020802855491634,0.0
macaroni2,mid,N_R_all,8,0.29020802855491634,0.0
macaroni2,mid,N_R_far,8,0.29020802855491634,0.0
macaroni2,midlate,D,3,0.2740444880723953,0.0
macaroni2,midlate,N_H,11,0.2740444880723953,0.0
macaroni2,midlate,N_R_all,11,0.2740444880723953,0.0
macaroni2,midlate,N_R_far,11,0.2740444880723953,0.0
macaroni2,midlate,D,2,0.2740444880723953,0.0
macaroni2,midlate,N_H,11,0.2740444880723953,0.0
macaroni2,midlate,N_R_all,11,0.2740444880723953,0.0
macaroni2,midlate,N_R_far,11,0.2740444880723953,0.0
macaroni2,midlate,D,3,0.2740444880723953,0.0
macaroni2,midlate,N_H,10,0.2740444880723953,0.0
macaroni2,midlate,N_R_all,10,0.2740444880723953,0.0
macaroni2,midlate,N_R_far,10,0.2740444880723953,0.0
macaroni2,midlate,D,1,0.2740444880723953,0.0
macaroni2,midlate,N_H,15,0.2740444880723953,0.0
macaroni2,midlate,N_R_all,15,0.2740444880723953,0.0
macaroni2,midlate,N_R_far,15,0.2740444880723953,0.0
macaroni2,midlate,D,3,0.2740444880723953,0.0
macaroni2,midlate,N_H,10,0.2740444880723953,0.0
macaroni2,midlate,N_R_all,10,0.2740444880723953,0.0
macaroni2,midlate,N_R_far,10,0.2740444880723953,0.0
macaroni2,midlate,D,2,0.2740444880723953,0.0
macaroni2,midlate,N_H,11,0.2740444880723953,0.0
macaroni2,midlate,N_R_all,11,0.2740444880723953,0.0
macaroni2,midlate,N_R_far,11,0.2740444880723953,0.0
macaroni2,midlate,D,4,0.2740444880723953,0.0
macaroni2,midlate,N_H,12,0.2740444880723953,0.0
macaroni2,midlate,N_R_all,12,0.2740444880723953,0.0
macaroni2,midlate,N_R_far,12,0.2740444880723953,0.0
macaroni2,midlate,D,2,0.2740444880723953,0.0
macaroni2,midlate,N_H,8,0.2740444880723953,0.0
macaroni2,midlate,N_R_all,8,0.2740444880723953,0.0
macaroni2,midlate,N_R_far,8,0.2740444880723953,0.0
macaroni2,midlate,D,2,0.2740444880723953,1.0
macaroni2,midlate,N_H,8,0.2740444880723953,0.0
macaroni2,midlate,N_R_all,8,0.2740444880723953,0.0
macaroni2,midlate,N_R_far,8,0.2740444880723953,0.0
macaroni2,midlate,D,4,0.2740444880723953,0.0
macaroni2,midlate,N_H,10,0.2740444880723953,0.0
macaroni2,midlate,N_R_all,10,0.2740444880723953,0.0
macaroni2,midlate,N_R_far,10,0.2740444880723953,0.0
macaroni2,midlate,D,2,0.2740444880723953,0.0
macaroni2,midlate,N_H,10,0.2740444880723953,0.0
macaroni2,midlate,N_R_all,10,0.2740444880723953,0.0
macaroni2,midlate,N_R_far,10,0.2740444880723953,0.0
macaroni2,midlate,D,1,0.2740444880723953,0.0
macaroni2,midlate,N_H,13,0.2740444880723953,0.0
macaroni2,midlate,N_R_all,13,0.2740444880723953,0.0
macaroni2,midlate,N_R_far,13,0.2740444880723953,0.0
macaroni2,midlate,D,1,0.2740444880723953,0.0
macaroni2,midlate,N_H,12,0.2740444880723953,0.0
macaroni2,midlate,N_R_all,12,0.2740444880723953,0.0
macaroni2,midlate,N_R_far,12,0.2740444880723953,0.0
macaroni2,midlate,D,1,0.2740444880723953,0.0
macaroni2,midlate,N_H,13,0.2740444880723953,0.0
macaroni2,midlate,N_R_all,13,0.2740444880723953,0.0
macaroni2,midlate,N_R_far,13,0.2740444880723953,0.0
macaroni2,midlate,D,2,0.2740444880723953,0.0
macaroni2,midlate,N_H,12,0.2740444880723953,0.0
macaroni2,midlate,N_R_all,12,0.2740444880723953,0.0
macaroni2,midlate,N_R_far,12,0.2740444880723953,0.0
macaroni2,midlate,D,1,0.2740444880723953,0.0
macaroni2,midlate,N_H,13,0.2740444880723953,0.0
macaroni2,midlate,N_R_all,13,0.2740444880723953,0.0
macaroni2,midlate,N_R_far,13,0.2740444880723953,0.07692307692307693
macaroni2,midlate,D,1,0.2740444880723953,0.0
macaroni2,midlate,N_H,14,0.2740444880723953,0.0
macaroni2,midlate,N_R_all,14,0.2740444880723953,0.0
macaroni2,midlate,N_R_far,14,0.2740444880723953,0.0
macaroni2,midlate,D,2,0.2740444880723953,0.0
macaroni2,midlate,N_H,11,0.2740444880723953,0.0
macaroni2,midlate,N_R_all,11,0.2740444880723953,0.0
macaroni2,midlate,N_R_far,11,0.2740444880723953,0.0
macaroni2,midlate,D,1,0.2740444880723953,0.0
macaroni2,midlate,N_H,13,0.2740444880723953,0.0
macaroni2,midlate,N_R_all,13,0.2740444880723953,0.0
macaroni2,midlate,N_R_far,13,0.2740444880723953,0.0
macaroni2,midlate,D,2,0.2740444880723953,0.0
macaroni2,midlate,N_H,13,0.2740444880723953,0.0
macaroni2,midlate,N_R_all,13,0.2740444880723953,0.0
macaroni2,midlate,N_R_far,13,0.2740444880723953,0.0
macaroni2,midlate,D,1,0.2740444880723953,0.0
macaroni2,midlate,N_H,13,0.2740444880723953,0.0
macaroni2,midlate,N_R_all,13,0.2740444880723953,0.0
macaroni2,midlate,N_R_far,13,0.2740444880723953,0.0
macaroni2,midlate,D,1,0.2740444880723953,0.0
macaroni2,midlate,N_H,14,0.2740444880723953,0.0
macaroni2,midlate,N_R_all,14,0.2740444880723953,0.0
macaroni2,midlate,N_R_far,14,0.2740444880723953,0.0
macaroni2,midlate,D,2,0.2740444880723953,0.0
macaroni2,midlate,N_H,13,0.2740444880723953,0.0
macaroni2,midlate,N_R_all,13,0.2740444880723953,0.0
macaroni2,midlate,N_R_far,13,0.2740444880723953,0.0
macaroni2,midlate,D,2,0.2740444880723953,0.0
macaroni2,midlate,N_H,13,0.2740444880723953,0.0
macaroni2,midlate,N_R_all,13,0.2740444880723953,0.0
macaroni2,midlate,N_R_far,13,0.2740444880723953,0.0
macaroni2,midlate,D,2,0.2740444880723953,0.0
macaroni2,midlate,N_H,12,0.2740444880723953,0.0
macaroni2,midlate,N_R_all,12,0.2740444880723953,0.0
macaroni2,midlate,N_R_far,12,0.2740444880723953,0.0
macaroni2,midlate,D,1,0.2740444880723953,0.0
macaroni2,midlate,N_H,13,0.2740444880723953,0.0
macaroni2,midlate,N_R_all,13,0.2740444880723953,0.0
macaroni2,midlate,N_R_far,13,0.2740444880723953,0.0
macaroni2,midlate,D,1,0.2740444880723953,0.0
macaroni2,midlate,N_H,13,0.2740444880723953,0.0
macaroni2,midlate,N_R_all,13,0.2740444880723953,0.0
macaroni2,midlate,N_R_far,13,0.2740444880723953,0.0
macaroni2,midlate,D,1,0.2740444880723953,0.0
macaroni2,midlate,N_H,14,0.2740444880723953,0.0
macaroni2,midlate,N_R_all,14,0.2740444880723953,0.0
macaroni2,midlate,N_R_far,14,0.2740444880723953,0.0
macaroni2,midlate,D,2,0.2740444880723953,0.0
macaroni2,midlate,N_H,13,0.2740444880723953,0.0
macaroni2,midlate,N_R_all,13,0.2740444880723953,0.0
macaroni2,midlate,N_R_far,13,0.2740444880723953,0.0
macaroni2,midlate,D,2,0.2740444880723953,0.0
macaroni2,midlate,N_H,12,0.2740444880723953,0.0
macaroni2,midlate,N_R_all,12,0.2740444880723953,0.0
macaroni2,midlate,N_R_far,12,0.2740444880723953,0.0
macaroni2,midlate,D,1,0.2740444880723953,0.0
macaroni2,midlate,N_H,15,0.2740444880723953,0.0
macaroni2,midlate,N_R_all,15,0.2740444880723953,0.0
macaroni2,midlate,N_R_far,15,0.2740444880723953,0.0
macaroni2,midlate,D,1,0.2740444880723953,0.0
macaroni2,midlate,N_H,11,0.2740444880723953,0.0
macaroni2,midlate,N_R_all,11,0.2740444880723953,0.0
macaroni2,midlate,N_R_far,11,0.2740444880723953,0.0
macaroni2,midlate,D,1,0.2740444880723953,0.0
macaroni2,midlate,N_H,15,0.2740444880723953,0.0
macaroni2,midlate,N_R_all,15,0.2740444880723953,0.0
macaroni2,midlate,N_R_far,15,0.2740444880723953,0.0
macaroni2,midlate,D,1,0.2740444880723953,0.0
macaroni2,midlate,N_H,14,0.2740444880723953,0.0
macaroni2,midlate,N_R_all,14,0.2740444880723953,0.0
macaroni2,midlate,N_R_far,14,0.2740444880723953,0.0
macaroni2,midlate,D,2,0.2740444880723953,0.0
macaroni2,midlate,N_H,11,0.2740444880723953,0.0
macaroni2,midlate,N_R_all,11,0.2740444880723953,0.0
macaroni2,midlate,N_R_far,11,0.2740444880723953,0.0
macaroni2,midlate,D,2,0.2740444880723953,0.0
macaroni2,midlate,N_H,13,0.2740444880723953,0.0
macaroni2,midlate,N_R_all,13,0.2740444880723953,0.0
macaroni2,midlate,N_R_far,13,0.2740444880723953,0.0
macaroni2,midlate,D,1,0.2740444880723953,0.0
macaroni2,midlate,N_H,10,0.2740444880723953,0.0
macaroni2,midlate,N_R_all,10,0.2740444880723953,0.0
macaroni2,midlate,N_R_far,10,0.2740444880723953,0.0
macaroni2,midlate,D,1,0.2740444880723953,0.0
macaroni2,midlate,N_H,13,0.2740444880723953,0.0
macaroni2,midlate,N_R_all,13,0.2740444880723953,0.0
macaroni2,midlate,N_R_far,13,0.2740444880723953,0.0
macaroni2,midlate,D,2,0.2740444880723953,0.0
macaroni2,midlate,N_H,12,0.2740444880723953,0.0
macaroni2,midlate,N_R_all,12,0.2740444880723953,0.0
macaroni2,midlate,N_R_far,12,0.2740444880723953,0.0
macaroni2,midlate,D,1,0.2740444880723953,0.0
macaroni2,midlate,N_H,12,0.2740444880723953,0.0
macaroni2,midlate,N_R_all,12,0.2740444880723953,0.0
macaroni2,midlate,N_R_far,12,0.2740444880723953,0.0
macaroni2,midlate,D,2,0.2740444880723953,0.0
macaroni2,midlate,N_H,12,0.2740444880723953,0.0
macaroni2,midlate,N_R_all,12,0.2740444880723953,0.0
macaroni2,midlate,N_R_far,12,0.2740444880723953,0.0
macaroni2,midlate,D,4,0.2740444880723953,0.0
macaroni2,midlate,N_H,10,0.2740444880723953,0.0
macaroni2,midlate,N_R_all,10,0.2740444880723953,0.0
macaroni2,midlate,N_R_far,10,0.2740444880723953,0.0
macaroni2,midlate,D,2,0.2740444880723953,0.0
macaroni2,midlate,N_H,13,0.2740444880723953,0.0
macaroni2,midlate,N_R_all,13,0.2740444880723953,0.0
macaroni2,midlate,N_R_far,13,0.2740444880723953,0.0
macaroni2,midlate,D,1,0.2740444880723953,0.0
macaroni2,midlate,N_H,11,0.2740444880723953,0.0
macaroni2,midlate,N_R_all,11,0.2740444880723953,0.0
macaroni2,midlate,N_R_far,11,0.2740444880723953,0.0
macaroni2,midlate,D,6,0.2740444880723953,0.0
macaroni2,midlate,N_H,11,0.2740444880723953,0.0
macaroni2,midlate,N_R_all,11,0.2740444880723953,0.0
macaroni2,midlate,N_R_far,11,0.2740444880723953,0.0
macaroni2,midlate,D,2,0.2740444880723953,0.0
macaroni2,midlate,N_H,12,0.2740444880723953,0.0
macaroni2,midlate,N_R_all,12,0.2740444880723953,0.0
macaroni2,midlate,N_R_far,12,0.2740444880723953,0.0
macaroni2,midlate,D,6,0.2740444880723953,0.0
macaroni2,midlate,N_H,14,0.2740444880723953,0.0
macaroni2,midlate,N_R_all,14,0.2740444880723953,0.0
macaroni2,midlate,N_R_far,14,0.2740444880723953,0.0
macaroni2,midlate,D,6,0.2740444880723953,0.0
macaroni2,midlate,N_H,14,0.2740444880723953,0.0
macaroni2,midlate,N_R_all,14,0.2740444880723953,0.0
macaroni2,midlate,N_R_far,14,0.2740444880723953,0.0
macaroni2,midlate,D,1,0.2740444880723953,0.0
macaroni2,midlate,N_H,12,0.2740444880723953,0.0
macaroni2,midlate,N_R_all,12,0.2740444880723953,0.0
macaroni2,midlate,N_R_far,12,0.2740444880723953,0.0
macaroni2,midlate,D,1,0.2740444880723953,0.0
macaroni2,midlate,N_H,11,0.2740444880723953,0.0
macaroni2,midlate,N_R_all,11,0.2740444880723953,0.0
macaroni2,midlate,N_R_far,11,0.2740444880723953,0.0
macaroni2,midlate,D,4,0.2740444880723953,0.0
macaroni2,midlate,N_H,15,0.2740444880723953,0.0
macaroni2,midlate,N_R_all,15,0.2740444880723953,0.0
macaroni2,midlate,N_R_far,15,0.2740444880723953,0.0
macaroni2,midlate,D,3,0.2740444880723953,0.0
macaroni2,midlate,N_H,14,0.2740444880723953,0.0
macaroni2,midlate,N_R_all,14,0.2740444880723953,0.0
macaroni2,midlate,N_R_far,14,0.2740444880723953,0.0
macaroni2,midlate,D,5,0.2740444880723953,0.0
macaroni2,midlate,N_H,13,0.2740444880723953,0.0
macaroni2,midlate,N_R_all,13,0.2740444880723953,0.0
macaroni2,midlate,N_R_far,13,0.2740444880723953,0.0
macaroni2,midlate,D,3,0.2740444880723953,0.0
macaroni2,midlate,N_H,14,0.2740444880723953,0.0
macaroni2,midlate,N_R_all,14,0.2740444880723953,0.0
macaroni2,midlate,N_R_far,14,0.2740444880723953,0.07142857142857142
macaroni2,midlate,D,3,0.2740444880723953,0.0
macaroni2,midlate,N_H,15,0.2740444880723953,0.0
macaroni2,midlate,N_R_all,15,0.2740444880723953,0.0
macaroni2,midlate,N_R_far,15,0.2740444880723953,0.0
macaroni2,midlate,D,4,0.2740444880723953,0.0
macaroni2,midlate,N_H,14,0.2740444880723953,0.0
macaroni2,midlate,N_R_all,14,0.2740444880723953,0.0
macaroni2,midlate,N_R_far,14,0.2740444880723953,0.0
macaroni2,midlate,D,5,0.2740444880723953,0.0
macaroni2,midlate,N_H,13,0.2740444880723953,0.0
macaroni2,midlate,N_R_all,13,0.2740444880723953,0.0
macaroni2,midlate,N_R_far,13,0.2740444880723953,0.0
macaroni2,midlate,D,3,0.2740444880723953,0.0
macaroni2,midlate,N_H,13,0.2740444880723953,0.0
macaroni2,midlate,N_R_all,13,0.2740444880723953,0.0
macaroni2,midlate,N_R_far,13,0.2740444880723953,0.0
macaroni2,midlate,D,3,0.2740444880723953,0.0
macaroni2,midlate,N_H,5,0.2740444880723953,0.0
macaroni2,midlate,N_R_all,5,0.2740444880723953,0.0
macaroni2,midlate,N_R_far,5,0.2740444880723953,0.0
macaroni2,midlate,D,7,0.2740444880723953,0.0
macaroni2,midlate,N_H,10,0.2740444880723953,0.0
macaroni2,midlate,N_R_all,10,0.2740444880723953,0.0
macaroni2,midlate,N_R_far,10,0.2740444880723953,0.0
macaroni2,midlate,D,3,0.2740444880723953,0.0
macaroni2,midlate,N_H,13,0.2740444880723953,0.0
macaroni2,midlate,N_R_all,13,0.2740444880723953,0.0
macaroni2,midlate,N_R_far,13,0.2740444880723953,0.0
macaroni2,midlate,D,2,0.2740444880723953,0.0
macaroni2,midlate,N_H,10,0.2740444880723953,0.0
macaroni2,midlate,N_R_all,10,0.2740444880723953,0.0
macaroni2,midlate,N_R_far,10,0.2740444880723953,0.0
macaroni2,midlate,D,2,0.2740444880723953,0.0
macaroni2,midlate,N_H,12,0.2740444880723953,0.0
macaroni2,midlate,N_R_all,12,0.2740444880723953,0.0
macaroni2,midlate,N_R_far,12,0.2740444880723953,0.0
macaroni2,midlate,D,3,0.2740444880723953,0.0
macaroni2,midlate,N_H,13,0.2740444880723953,0.0
macaroni2,midlate,N_R_all,13,0.2740444880723953,0.0
macaroni2,midlate,N_R_far,13,0.2740444880723953,0.0
macaroni2,midlate,D,4,0.2740444880723953,0.0
macaroni2,midlate,N_H,12,0.2740444880723953,0.0
macaroni2,midlate,N_R_all,12,0.2740444880723953,0.0
macaroni2,midlate,N_R_far,12,0.2740444880723953,0.0
macaroni2,midlate,D,4,0.2740444880723953,0.0
macaroni2,midlate,N_H,9,0.2740444880723953,0.0
macaroni2,midlate,N_R_all,9,0.2740444880723953,0.0
macaroni2,midlate,N_R_far,9,0.2740444880723953,0.0
macaroni2,midlate,D,6,0.2740444880723953,0.0
macaroni2,midlate,N_H,12,0.2740444880723953,0.0
macaroni2,midlate,N_R_all,12,0.2740444880723953,0.0
macaroni2,midlate,N_R_far,12,0.2740444880723953,0.0
macaroni2,midlate,D,1,0.2740444880723953,0.0
macaroni2,midlate,N_H,14,0.2740444880723953,0.0
macaroni2,midlate,N_R_all,14,0.2740444880723953,0.0
macaroni2,midlate,N_R_far,14,0.2740444880723953,0.0
macaroni2,midlate,D,5,0.2740444880723953,0.0
macaroni2,midlate,N_H,8,0.2740444880723953,0.0
macaroni2,midlate,N_R_all,8,0.2740444880723953,0.0
macaroni2,midlate,N_R_far,8,0.2740444880723953,0.0
macaroni2,midlate,D,4,0.2740444880723953,0.0
macaroni2,midlate,N_H,3,0.2740444880723953,0.0
macaroni2,midlate,N_R_all,3,0.2740444880723953,0.0
macaroni2,midlate,N_R_far,3,0.2740444880723953,0.0
macaroni2,midlate,D,2,0.2740444880723953,0.0
macaroni2,midlate,N_H,6,0.2740444880723953,0.0
macaroni2,midlate,N_R_all,6,0.2740444880723953,0.0
macaroni2,midlate,N_R_far,6,0.2740444880723953,0.0
macaroni2,midlate,D,4,0.2740444880723953,0.0
macaroni2,midlate,N_H,4,0.2740444880723953,0.0
macaroni2,midlate,N_R_all,4,0.2740444880723953,0.0
macaroni2,midlate,N_R_far,4,0.2740444880723953,0.0
macaroni2,midlate,D,1,0.2740444880723953,0.0
macaroni2,midlate,N_H,9,0.2740444880723953,0.0
macaroni2,midlate,N_R_all,9,0.2740444880723953,0.0
macaroni2,midlate,N_R_far,9,0.2740444880723953,0.0
macaroni2,midlate,D,9,0.2740444880723953,0.0
macaroni2,midlate,N_H,5,0.2740444880723953,0.0
macaroni2,midlate,N_R_all,5,0.2740444880723953,0.0
macaroni2,midlate,N_R_far,5,0.2740444880723953,0.0
macaroni2,midlate,D,1,0.2740444880723953,0.0
macaroni2,midlate,N_H,11,0.2740444880723953,0.0
macaroni2,midlate,N_R_all,11,0.2740444880723953,0.0
macaroni2,midlate,N_R_far,11,0.2740444880723953,0.0
macaroni2,midlate,D,6,0.2740444880723953,0.0
macaroni2,midlate,N_H,3,0.2740444880723953,0.0
macaroni2,midlate,N_R_all,3,0.2740444880723953,0.0
macaroni2,midlate,N_R_far,3,0.2740444880723953,0.0
macaroni2,midlate,D,3,0.2740444880723953,0.0
macaroni2,midlate,N_H,12,0.2740444880723953,0.0
macaroni2,midlate,N_R_all,12,0.2740444880723953,0.0
macaroni2,midlate,N_R_far,12,0.2740444880723953,0.0
macaroni2,midlate,D,3,0.2740444880723953,0.0
macaroni2,midlate,N_H,10,0.2740444880723953,0.0
macaroni2,midlate,N_R_all,10,0.2740444880723953,0.0
macaroni2,midlate,N_R_far,10,0.2740444880723953,0.0
macaroni2,midlate,D,5,0.2740444880723953,0.0
macaroni2,midlate,N_H,7,0.2740444880723953,0.0
macaroni2,midlate,N_R_all,7,0.2740444880723953,0.0
macaroni2,midlate,N_R_far,7,0.2740444880723953,0.0
macaroni2,midlate,D,3,0.2740444880723953,0.0
macaroni2,midlate,N_H,7,0.2740444880723953,0.0
macaroni2,midlate,N_R_all,7,0.2740444880723953,0.0
macaroni2,midlate,N_R_far,7,0.2740444880723953,0.0
macaroni2,midlate,D,4,0.2740444880723953,0.0
macaroni2,midlate,N_H,8,0.2740444880723953,0.0
macaroni2,midlate,N_R_all,8,0.2740444880723953,0.0
macaroni2,midlate,N_R_far,8,0.2740444880723953,0.0
macaroni2,midlate,D,6,0.2740444880723953,0.0
macaroni2,midlate,N_H,7,0.2740444880723953,0.0
macaroni2,midlate,N_R_all,7,0.2740444880723953,0.0
macaroni2,midlate,N_R_far,7,0.2740444880723953,0.0
macaroni2,midlate,D,2,0.2740444880723953,0.0
macaroni2,midlate,N_H,11,0.2740444880723953,0.0
macaroni2,midlate,N_R_all,11,0.2740444880723953,0.0
macaroni2,midlate,N_R_far,11,0.2740444880723953,0.0
macaroni2,midlate,D,4,0.2740444880723953,0.0
macaroni2,midlate,N_H,8,0.2740444880723953,0.0
macaroni2,midlate,N_R_all,8,0.2740444880723953,0.0
macaroni2,midlate,N_R_far,8,0.2740444880723953,0.0
macaroni2,midlate,D,6,0.2740444880723953,0.0
macaroni2,midlate,N_H,13,0.2740444880723953,0.07692307692307693
macaroni2,midlate,N_R_all,13,0.2740444880723953,0.0
macaroni2,midlate,N_R_far,13,0.2740444880723953,0.0
macaroni2,midlate,D,3,0.2740444880723953,0.0
macaroni2,midlate,N_H,11,0.2740444880723953,0.0
macaroni2,midlate,N_R_all,11,0.2740444880723953,0.0
macaroni2,midlate,N_R_far,11,0.2740444880723953,0.0
macaroni2,midlate,D,3,0.2740444880723953,0.0
macaroni2,midlate,N_H,10,0.2740444880723953,0.0
macaroni2,midlate,N_R_all,10,0.2740444880723953,0.0
macaroni2,midlate,N_R_far,10,0.2740444880723953,0.0
macaroni2,midlate,D,5,0.2740444880723953,0.0
macaroni2,midlate,N_H,10,0.2740444880723953,0.0
macaroni2,midlate,N_R_all,10,0.2740444880723953,0.0
macaroni2,midlate,N_R_far,10,0.2740444880723953,0.0
macaroni2,midlate,D,4,0.2740444880723953,0.0
macaroni2,midlate,N_H,9,0.2740444880723953,0.0
macaroni2,midlate,N_R_all,9,0.2740444880723953,0.0
macaroni2,midlate,N_R_far,9,0.2740444880723953,0.0
macaroni2,midlate,D,2,0.2740444880723953,0.0
macaroni2,midlate,N_H,8,0.2740444880723953,0.0
macaroni2,midlate,N_R_all,8,0.2740444880723953,0.0
macaroni2,midlate,N_R_far,8,0.2740444880723953,0.0
macaroni2,final,D,3,0.18592152059078204,0.0
macaroni2,final,N_H,11,0.18592152059078204,0.0
macaroni2,final,N_R_all,11,0.18592152059078204,0.0
macaroni2,final,N_R_far,11,0.18592152059078204,0.0
macaroni2,final,D,2,0.18592152059078204,0.0
macaroni2,final,N_H,11,0.18592152059078204,0.0
macaroni2,final,N_R_all,11,0.18592152059078204,0.0
macaroni2,final,N_R_far,11,0.18592152059078204,0.0
macaroni2,final,D,3,0.18592152059078204,0.0
macaroni2,final,N_H,10,0.18592152059078204,0.0
macaroni2,final,N_R_all,10,0.18592152059078204,0.0
macaroni2,final,N_R_far,10,0.18592152059078204,0.0
macaroni2,final,D,1,0.18592152059078204,0.0
macaroni2,final,N_H,15,0.18592152059078204,0.0
macaroni2,final,N_R_all,15,0.18592152059078204,0.0
macaroni2,final,N_R_far,15,0.18592152059078204,0.0
macaroni2,final,D,3,0.18592152059078204,0.0
macaroni2,final,N_H,10,0.18592152059078204,0.0
macaroni2,final,N_R_all,10,0.18592152059078204,0.0
macaroni2,final,N_R_far,10,0.18592152059078204,0.0
macaroni2,final,D,2,0.18592152059078204,0.0
macaroni2,final,N_H,11,0.18592152059078204,0.0
macaroni2,final,N_R_all,11,0.18592152059078204,0.0
macaroni2,final,N_R_far,11,0.18592152059078204,0.0
macaroni2,final,D,4,0.18592152059078204,0.0
macaroni2,final,N_H,12,0.18592152059078204,0.0
macaroni2,final,N_R_all,12,0.18592152059078204,0.0
macaroni2,final,N_R_far,12,0.18592152059078204,0.0
macaroni2,final,D,2,0.18592152059078204,0.0
macaroni2,final,N_H,8,0.18592152059078204,0.0
macaroni2,final,N_R_all,8,0.18592152059078204,0.0
macaroni2,final,N_R_far,8,0.18592152059078204,0.0
macaroni2,final,D,2,0.18592152059078204,1.0
macaroni2,final,N_H,8,0.18592152059078204,0.0
macaroni2,final,N_R_all,8,0.18592152059078204,0.0
macaroni2,final,N_R_far,8,0.18592152059078204,0.0
macaroni2,final,D,4,0.18592152059078204,0.0
macaroni2,final,N_H,10,0.18592152059078204,0.0
macaroni2,final,N_R_all,10,0.18592152059078204,0.0
macaroni2,final,N_R_far,10,0.18592152059078204,0.0
macaroni2,final,D,2,0.18592152059078204,0.0
macaroni2,final,N_H,10,0.18592152059078204,0.0
macaroni2,final,N_R_all,10,0.18592152059078204,0.0
macaroni2,final,N_R_far,10,0.18592152059078204,0.0
macaroni2,final,D,1,0.18592152059078204,0.0
macaroni2,final,N_H,13,0.18592152059078204,0.0
macaroni2,final,N_R_all,13,0.18592152059078204,0.0
macaroni2,final,N_R_far,13,0.18592152059078204,0.07692307692307693
macaroni2,final,D,1,0.18592152059078204,0.0
macaroni2,final,N_H,12,0.18592152059078204,0.08333333333333333
macaroni2,final,N_R_all,12,0.18592152059078204,0.0
macaroni2,final,N_R_far,12,0.18592152059078204,0.0
macaroni2,final,D,1,0.18592152059078204,0.0
macaroni2,final,N_H,13,0.18592152059078204,0.0
macaroni2,final,N_R_all,13,0.18592152059078204,0.0
macaroni2,final,N_R_far,13,0.18592152059078204,0.0
macaroni2,final,D,2,0.18592152059078204,0.0
macaroni2,final,N_H,12,0.18592152059078204,0.0
macaroni2,final,N_R_all,12,0.18592152059078204,0.0
macaroni2,final,N_R_far,12,0.18592152059078204,0.0
macaroni2,final,D,1,0.18592152059078204,0.0
macaroni2,final,N_H,13,0.18592152059078204,0.0
macaroni2,final,N_R_all,13,0.18592152059078204,0.0
macaroni2,final,N_R_far,13,0.18592152059078204,0.07692307692307693
macaroni2,final,D,1,0.18592152059078204,0.0
macaroni2,final,N_H,14,0.18592152059078204,0.0
macaroni2,final,N_R_all,14,0.18592152059078204,0.0
macaroni2,final,N_R_far,14,0.18592152059078204,0.0
macaroni2,final,D,2,0.18592152059078204,0.0
macaroni2,final,N_H,11,0.18592152059078204,0.0
macaroni2,final,N_R_all,11,0.18592152059078204,0.0
macaroni2,final,N_R_far,11,0.18592152059078204,0.0
macaroni2,final,D,1,0.18592152059078204,0.0
macaroni2,final,N_H,13,0.18592152059078204,0.0
macaroni2,final,N_R_all,13,0.18592152059078204,0.0
macaroni2,final,N_R_far,13,0.18592152059078204,0.0
macaroni2,final,D,2,0.18592152059078204,0.0
macaroni2,final,N_H,13,0.18592152059078204,0.0
macaroni2,final,N_R_all,13,0.18592152059078204,0.0
macaroni2,final,N_R_far,13,0.18592152059078204,0.0
macaroni2,final,D,1,0.18592152059078204,0.0
macaroni2,final,N_H,13,0.18592152059078204,0.0
macaroni2,final,N_R_all,13,0.18592152059078204,0.0
macaroni2,final,N_R_far,13,0.18592152059078204,0.0
macaroni2,final,D,1,0.18592152059078204,0.0
macaroni2,final,N_H,14,0.18592152059078204,0.0
macaroni2,final,N_R_all,14,0.18592152059078204,0.0
macaroni2,final,N_R_far,14,0.18592152059078204,0.0
macaroni2,final,D,2,0.18592152059078204,0.0
macaroni2,final,N_H,13,0.18592152059078204,0.0
macaroni2,final,N_R_all,13,0.18592152059078204,0.0
macaroni2,final,N_R_far,13,0.18592152059078204,0.0
macaroni2,final,D,2,0.18592152059078204,0.0
macaroni2,final,N_H,13,0.18592152059078204,0.0
macaroni2,final,N_R_all,13,0.18592152059078204,0.0
macaroni2,final,N_R_far,13,0.18592152059078204,0.0
macaroni2,final,D,2,0.18592152059078204,0.0
macaroni2,final,N_H,12,0.18592152059078204,0.0
macaroni2,final,N_R_all,12,0.18592152059078204,0.0
macaroni2,final,N_R_far,12,0.18592152059078204,0.08333333333333333
macaroni2,final,D,1,0.18592152059078204,0.0
macaroni2,final,N_H,13,0.18592152059078204,0.0
macaroni2,final,N_R_all,13,0.18592152059078204,0.0
macaroni2,final,N_R_far,13,0.18592152059078204,0.0
macaroni2,final,D,1,0.18592152059078204,0.0
macaroni2,final,N_H,13,0.18592152059078204,0.0
macaroni2,final,N_R_all,13,0.18592152059078204,0.0
macaroni2,final,N_R_far,13,0.18592152059078204,0.0
macaroni2,final,D,1,0.18592152059078204,0.0
macaroni2,final,N_H,14,0.18592152059078204,0.0
macaroni2,final,N_R_all,14,0.18592152059078204,0.0
macaroni2,final,N_R_far,14,0.18592152059078204,0.0
macaroni2,final,D,2,0.18592152059078204,0.0
macaroni2,final,N_H,13,0.18592152059078204,0.0
macaroni2,final,N_R_all,13,0.18592152059078204,0.0
macaroni2,final,N_R_far,13,0.18592152059078204,0.0
macaroni2,final,D,2,0.18592152059078204,0.0
macaroni2,final,N_H,12,0.18592152059078204,0.0
macaroni2,final,N_R_all,12,0.18592152059078204,0.0
macaroni2,final,N_R_far,12,0.18592152059078204,0.0
macaroni2,final,D,1,0.18592152059078204,0.0
macaroni2,final,N_H,15,0.18592152059078204,0.0
macaroni2,final,N_R_all,15,0.18592152059078204,0.0
macaroni2,final,N_R_far,15,0.18592152059078204,0.0
macaroni2,final,D,1,0.18592152059078204,0.0
macaroni2,final,N_H,11,0.18592152059078204,0.0
macaroni2,final,N_R_all,11,0.18592152059078204,0.0
macaroni2,final,N_R_far,11,0.18592152059078204,0.0
macaroni2,final,D,1,0.18592152059078204,0.0
macaroni2,final,N_H,15,0.18592152059078204,0.0
macaroni2,final,N_R_all,15,0.18592152059078204,0.0
macaroni2,final,N_R_far,15,0.18592152059078204,0.0
macaroni2,final,D,1,0.18592152059078204,0.0
macaroni2,final,N_H,14,0.18592152059078204,0.0
macaroni2,final,N_R_all,14,0.18592152059078204,0.0
macaroni2,final,N_R_far,14,0.18592152059078204,0.0
macaroni2,final,D,2,0.18592152059078204,0.0
macaroni2,final,N_H,11,0.18592152059078204,0.0
macaroni2,final,N_R_all,11,0.18592152059078204,0.0
macaroni2,final,N_R_far,11,0.18592152059078204,0.0
macaroni2,final,D,2,0.18592152059078204,0.0
macaroni2,final,N_H,13,0.18592152059078204,0.0
macaroni2,final,N_R_all,13,0.18592152059078204,0.0
macaroni2,final,N_R_far,13,0.18592152059078204,0.0
macaroni2,final,D,1,0.18592152059078204,0.0
macaroni2,final,N_H,10,0.18592152059078204,0.0
macaroni2,final,N_R_all,10,0.18592152059078204,0.0
macaroni2,final,N_R_far,10,0.18592152059078204,0.0
macaroni2,final,D,1,0.18592152059078204,0.0
macaroni2,final,N_H,13,0.18592152059078204,0.0
macaroni2,final,N_R_all,13,0.18592152059078204,0.0
macaroni2,final,N_R_far,13,0.18592152059078204,0.0
macaroni2,final,D,2,0.18592152059078204,0.0
macaroni2,final,N_H,12,0.18592152059078204,0.0
macaroni2,final,N_R_all,12,0.18592152059078204,0.0
macaroni2,final,N_R_far,12,0.18592152059078204,0.0
macaroni2,final,D,1,0.18592152059078204,0.0
macaroni2,final,N_H,12,0.18592152059078204,0.0
macaroni2,final,N_R_all,12,0.18592152059078204,0.0
macaroni2,final,N_R_far,12,0.18592152059078204,0.0
macaroni2,final,D,2,0.18592152059078204,0.0
macaroni2,final,N_H,12,0.18592152059078204,0.0
macaroni2,final,N_R_all,12,0.18592152059078204,0.0
macaroni2,final,N_R_far,12,0.18592152059078204,0.0
macaroni2,final,D,4,0.18592152059078204,0.0
macaroni2,final,N_H,10,0.18592152059078204,0.0
macaroni2,final,N_R_all,10,0.18592152059078204,0.0
macaroni2,final,N_R_far,10,0.18592152059078204,0.0
macaroni2,final,D,2,0.18592152059078204,0.0
macaroni2,final,N_H,13,0.18592152059078204,0.15384615384615385
macaroni2,final,N_R_all,13,0.18592152059078204,0.0
macaroni2,final,N_R_far,13,0.18592152059078204,0.0
macaroni2,final,D,1,0.18592152059078204,0.0
macaroni2,final,N_H,11,0.18592152059078204,0.0
macaroni2,final,N_R_all,11,0.18592152059078204,0.0
macaroni2,final,N_R_far,11,0.18592152059078204,0.0
macaroni2,final,D,6,0.18592152059078204,0.0
macaroni2,final,N_H,11,0.18592152059078204,0.09090909090909091
macaroni2,final,N_R_all,11,0.18592152059078204,0.0
macaroni2,final,N_R_far,11,0.18592152059078204,0.0
macaroni2,final,D,2,0.18592152059078204,0.0
macaroni2,final,N_H,12,0.18592152059078204,0.0
macaroni2,final,N_R_all,12,0.18592152059078204,0.0
macaroni2,final,N_R_far,12,0.18592152059078204,0.0
macaroni2,final,D,6,0.18592152059078204,0.0
macaroni2,final,N_H,14,0.18592152059078204,0.0
macaroni2,final,N_R_all,14,0.18592152059078204,0.0
macaroni2,final,N_R_far,14,0.18592152059078204,0.0
macaroni2,final,D,6,0.18592152059078204,0.0
macaroni2,final,N_H,14,0.18592152059078204,0.0
macaroni2,final,N_R_all,14,0.18592152059078204,0.0
macaroni2,final,N_R_far,14,0.18592152059078204,0.0
macaroni2,final,D,1,0.18592152059078204,0.0
macaroni2,final,N_H,12,0.18592152059078204,0.0
macaroni2,final,N_R_all,12,0.18592152059078204,0.0
macaroni2,final,N_R_far,12,0.18592152059078204,0.0
macaroni2,final,D,1,0.18592152059078204,0.0
macaroni2,final,N_H,11,0.18592152059078204,0.0
macaroni2,final,N_R_all,11,0.18592152059078204,0.0
macaroni2,final,N_R_far,11,0.18592152059078204,0.09090909090909091
macaroni2,final,D,4,0.18592152059078204,0.0
macaroni2,final,N_H,15,0.18592152059078204,0.0
macaroni2,final,N_R_all,15,0.18592152059078204,0.0
macaroni2,final,N_R_far,15,0.18592152059078204,0.0
macaroni2,final,D,3,0.18592152059078204,0.0
macaroni2,final,N_H,14,0.18592152059078204,0.0
macaroni2,final,N_R_all,14,0.18592152059078204,0.0
macaroni2,final,N_R_far,14,0.18592152059078204,0.0
macaroni2,final,D,5,0.18592152059078204,0.0
macaroni2,final,N_H,13,0.18592152059078204,0.0
macaroni2,final,N_R_all,13,0.18592152059078204,0.0
macaroni2,final,N_R_far,13,0.18592152059078204,0.0
macaroni2,final,D,3,0.18592152059078204,0.3333333333333333
macaroni2,final,N_H,14,0.18592152059078204,0.0
macaroni2,final,N_R_all,14,0.18592152059078204,0.0
macaroni2,final,N_R_far,14,0.18592152059078204,0.0
macaroni2,final,D,3,0.18592152059078204,0.0
macaroni2,final,N_H,15,0.18592152059078204,0.0
macaroni2,final,N_R_all,15,0.18592152059078204,0.0
macaroni2,final,N_R_far,15,0.18592152059078204,0.0
macaroni2,final,D,4,0.18592152059078204,0.0
macaroni2,final,N_H,14,0.18592152059078204,0.0
macaroni2,final,N_R_all,14,0.18592152059078204,0.0
macaroni2,final,N_R_far,14,0.18592152059078204,0.0
macaroni2,final,D,5,0.18592152059078204,0.0
macaroni2,final,N_H,13,0.18592152059078204,0.0
macaroni2,final,N_R_all,13,0.18592152059078204,0.0
macaroni2,final,N_R_far,13,0.18592152059078204,0.07692307692307693
macaroni2,final,D,3,0.18592152059078204,0.0
macaroni2,final,N_H,13,0.18592152059078204,0.0
macaroni2,final,N_R_all,13,0.18592152059078204,0.0
macaroni2,final,N_R_far,13,0.18592152059078204,0.0
macaroni2,final,D,3,0.18592152059078204,0.0
macaroni2,final,N_H,5,0.18592152059078204,0.0
macaroni2,final,N_R_all,5,0.18592152059078204,0.0
macaroni2,final,N_R_far,5,0.18592152059078204,0.0
macaroni2,final,D,7,0.18592152059078204,0.0
macaroni2,final,N_H,10,0.18592152059078204,0.0
macaroni2,final,N_R_all,10,0.18592152059078204,0.0
macaroni2,final,N_R_far,10,0.18592152059078204,0.0
macaroni2,final,D,3,0.18592152059078204,0.0
macaroni2,final,N_H,13,0.18592152059078204,0.0
macaroni2,final,N_R_all,13,0.18592152059078204,0.0
macaroni2,final,N_R_far,13,0.18592152059078204,0.0
macaroni2,final,D,2,0.18592152059078204,0.0
macaroni2,final,N_H,10,0.18592152059078204,0.0
macaroni2,final,N_R_all,10,0.18592152059078204,0.0
macaroni2,final,N_R_far,10,0.18592152059078204,0.0
macaroni2,final,D,2,0.18592152059078204,0.5
macaroni2,final,N_H,12,0.18592152059078204,0.0
macaroni2,final,N_R_all,12,0.18592152059078204,0.0
macaroni2,final,N_R_far,12,0.18592152059078204,0.08333333333333333
macaroni2,final,D,3,0.18592152059078204,0.0
macaroni2,final,N_H,13,0.18592152059078204,0.0
macaroni2,final,N_R_all,13,0.18592152059078204,0.0
macaroni2,final,N_R_far,13,0.18592152059078204,0.0
macaroni2,final,D,4,0.18592152059078204,0.0
macaroni2,final,N_H,12,0.18592152059078204,0.0
macaroni2,final,N_R_all,12,0.18592152059078204,0.0
macaroni2,final,N_R_far,12,0.18592152059078204,0.0
macaroni2,final,D,4,0.18592152059078204,0.0
macaroni2,final,N_H,9,0.18592152059078204,0.0
macaroni2,final,N_R_all,9,0.18592152059078204,0.0
macaroni2,final,N_R_far,9,0.18592152059078204,0.0
macaroni2,final,D,6,0.18592152059078204,0.0
macaroni2,final,N_H,12,0.18592152059078204,0.0
macaroni2,final,N_R_all,12,0.18592152059078204,0.0
macaroni2,final,N_R_far,12,0.18592152059078204,0.0
macaroni2,final,D,1,0.18592152059078204,0.0
macaroni2,final,N_H,14,0.18592152059078204,0.0
macaroni2,final,N_R_all,14,0.18592152059078204,0.0
macaroni2,final,N_R_far,14,0.18592152059078204,0.0
macaroni2,final,D,5,0.18592152059078204,0.0
macaroni2,final,N_H,8,0.18592152059078204,0.0
macaroni2,final,N_R_all,8,0.18592152059078204,0.0
macaroni2,final,N_R_far,8,0.18592152059078204,0.0
macaroni2,final,D,4,0.18592152059078204,0.0
macaroni2,final,N_H,3,0.18592152059078204,0.3333333333333333
macaroni2,final,N_R_all,3,0.18592152059078204,0.0
macaroni2,final,N_R_far,3,0.18592152059078204,0.0
macaroni2,final,D,2,0.18592152059078204,0.0
macaroni2,final,N_H,6,0.18592152059078204,0.0
macaroni2,final,N_R_all,6,0.18592152059078204,0.0
macaroni2,final,N_R_far,6,0.18592152059078204,0.0
macaroni2,final,D,4,0.18592152059078204,0.0
macaroni2,final,N_H,4,0.18592152059078204,0.0
macaroni2,final,N_R_all,4,0.18592152059078204,0.0
macaroni2,final,N_R_far,4,0.18592152059078204,0.0
macaroni2,final,D,1,0.18592152059078204,0.0
macaroni2,final,N_H,9,0.18592152059078204,0.0
macaroni2,final,N_R_all,9,0.18592152059078204,0.0
macaroni2,final,N_R_far,9,0.18592152059078204,0.0
macaroni2,final,D,9,0.18592152059078204,0.0
macaroni2,final,N_H,5,0.18592152059078204,0.0
macaroni2,final,N_R_all,5,0.18592152059078204,0.0
macaroni2,final,N_R_far,5,0.18592152059078204,0.0
macaroni2,final,D,1,0.18592152059078204,0.0
macaroni2,final,N_H,11,0.18592152059078204,0.0
macaroni2,final,N_R_all,11,0.18592152059078204,0.0
macaroni2,final,N_R_far,11,0.18592152059078204,0.0
macaroni2,final,D,6,0.18592152059078204,0.0
macaroni2,final,N_H,3,0.18592152059078204,0.3333333333333333
macaroni2,final,N_R_all,3,0.18592152059078204,0.0
macaroni2,final,N_R_far,3,0.18592152059078204,0.0
macaroni2,final,D,3,0.18592152059078204,0.0
macaroni2,final,N_H,12,0.18592152059078204,0.0
macaroni2,final,N_R_all,12,0.18592152059078204,0.0
macaroni2,final,N_R_far,12,0.18592152059078204,0.0
macaroni2,final,D,3,0.18592152059078204,0.0
macaroni2,final,N_H,10,0.18592152059078204,0.0
macaroni2,final,N_R_all,10,0.18592152059078204,0.0
macaroni2,final,N_R_far,10,0.18592152059078204,0.0
macaroni2,final,D,5,0.18592152059078204,0.0
macaroni2,final,N_H,7,0.18592152059078204,0.0
macaroni2,final,N_R_all,7,0.18592152059078204,0.0
macaroni2,final,N_R_far,7,0.18592152059078204,0.0
macaroni2,final,D,3,0.18592152059078204,0.0
macaroni2,final,N_H,7,0.18592152059078204,0.0
macaroni2,final,N_R_all,7,0.18592152059078204,0.0
macaroni2,final,N_R_far,7,0.18592152059078204,0.0
macaroni2,final,D,4,0.18592152059078204,0.0
macaroni2,final,N_H,8,0.18592152059078204,0.0
macaroni2,final,N_R_all,8,0.18592152059078204,0.0
macaroni2,final,N_R_far,8,0.18592152059078204,0.0
macaroni2,final,D,6,0.18592152059078204,0.0
macaroni2,final,N_H,7,0.18592152059078204,0.0
macaroni2,final,N_R_all,7,0.18592152059078204,0.0
macaroni2,final,N_R_far,7,0.18592152059078204,0.0
macaroni2,final,D,2,0.18592152059078204,0.0
macaroni2,final,N_H,11,0.18592152059078204,0.09090909090909091
macaroni2,final,N_R_all,11,0.18592152059078204,0.0
macaroni2,final,N_R_far,11,0.18592152059078204,0.0
macaroni2,final,D,4,0.18592152059078204,0.0
macaroni2,final,N_H,8,0.18592152059078204,0.0
macaroni2,final,N_R_all,8,0.18592152059078204,0.0
macaroni2,final,N_R_far,8,0.18592152059078204,0.0
macaroni2,final,D,6,0.18592152059078204,0.0
macaroni2,final,N_H,13,0.18592152059078204,0.0
macaroni2,final,N_R_all,13,0.18592152059078204,0.0
macaroni2,final,N_R_far,13,0.18592152059078204,0.0
macaroni2,final,D,3,0.18592152059078204,0.0
macaroni2,final,N_H,11,0.18592152059078204,0.0
macaroni2,final,N_R_all,11,0.18592152059078204,0.0
macaroni2,final,N_R_far,11,0.18592152059078204,0.0
macaroni2,final,D,3,0.18592152059078204,0.0
macaroni2,final,N_H,10,0.18592152059078204,0.0
macaroni2,final,N_R_all,10,0.18592152059078204,0.0
macaroni2,final,N_R_far,10,0.18592152059078204,0.0
macaroni2,final,D,5,0.18592152059078204,0.0
macaroni2,final,N_H,10,0.18592152059078204,0.0
macaroni2,final,N_R_all,10,0.18592152059078204,0.0
macaroni2,final,N_R_far,10,0.18592152059078204,0.0
macaroni2,final,D,4,0.18592152059078204,0.0
macaroni2,final,N_H,9,0.18592152059078204,0.0
macaroni2,final,N_R_all,9,0.18592152059078204,0.0
macaroni2,final,N_R_far,9,0.18592152059078204,0.0
macaroni2,final,D,2,0.18592152059078204,0.0
macaroni2,final,N_H,8,0.18592152059078204,0.0
macaroni2,final,N_R_all,8,0.18592152059078204,0.0
macaroni2,final,N_R_far,8,0.18592152059078204,0.0
pcb2,mid,D,5,0.15853905856609343,0.0
pcb2,mid,N_H,9,0.15853905856609343,0.0
pcb2,mid,N_R_all,9,0.15853905856609343,0.0
pcb2,mid,N_R_far,9,0.15853905856609343,0.0
pcb2,mid,D,9,0.15853905856609343,0.1111111111111111
pcb2,mid,N_H,5,0.15853905856609343,0.0
pcb2,mid,N_R_all,5,0.15853905856609343,0.0
pcb2,mid,N_R_far,5,0.15853905856609343,0.0
pcb2,mid,D,7,0.15853905856609343,0.0
pcb2,mid,N_H,6,0.15853905856609343,0.0
pcb2,mid,N_R_all,6,0.15853905856609343,0.0
pcb2,mid,N_R_far,6,0.15853905856609343,0.0
pcb2,mid,D,9,0.15853905856609343,0.0
pcb2,mid,N_H,10,0.15853905856609343,0.0
pcb2,mid,N_R_all,10,0.15853905856609343,0.0
pcb2,mid,N_R_far,10,0.15853905856609343,0.0
pcb2,mid,D,11,0.15853905856609343,0.0
pcb2,mid,N_H,7,0.15853905856609343,0.0
pcb2,mid,N_R_all,7,0.15853905856609343,0.0
pcb2,mid,N_R_far,7,0.15853905856609343,0.0
pcb2,mid,D,10,0.15853905856609343,0.0
pcb2,mid,N_H,9,0.15853905856609343,0.0
pcb2,mid,N_R_all,9,0.15853905856609343,0.0
pcb2,mid,N_R_far,9,0.15853905856609343,0.0
pcb2,mid,D,13,0.15853905856609343,0.0
pcb2,mid,N_H,2,0.15853905856609343,0.0
pcb2,mid,N_R_all,2,0.15853905856609343,0.0
pcb2,mid,N_R_far,2,0.15853905856609343,0.0
pcb2,mid,D,11,0.15853905856609343,0.0
pcb2,mid,N_H,3,0.15853905856609343,0.0
pcb2,mid,N_R_all,3,0.15853905856609343,0.0
pcb2,mid,N_R_far,3,0.15853905856609343,0.0
pcb2,mid,D,15,0.15853905856609343,0.0
pcb2,mid,N_H,5,0.15853905856609343,0.0
pcb2,mid,N_R_all,5,0.15853905856609343,0.0
pcb2,mid,N_R_far,5,0.15853905856609343,0.0
pcb2,mid,D,14,0.15853905856609343,0.0
pcb2,mid,N_H,5,0.15853905856609343,0.0
pcb2,mid,N_R_all,5,0.15853905856609343,0.0
pcb2,mid,N_R_far,5,0.15853905856609343,0.0
pcb2,mid,D,7,0.15853905856609343,0.0
pcb2,mid,N_H,9,0.15853905856609343,0.0
pcb2,mid,N_R_all,9,0.15853905856609343,0.0
pcb2,mid,N_R_far,9,0.15853905856609343,0.0
pcb2,mid,D,7,0.15853905856609343,0.0
pcb2,mid,N_H,7,0.15853905856609343,0.0
pcb2,mid,N_R_all,7,0.15853905856609343,0.0
pcb2,mid,N_R_far,7,0.15853905856609343,0.14285714285714285
pcb2,mid,D,22,0.15853905856609343,0.0
pcb2,mid,N_H,1,0.15853905856609343,0.0
pcb2,mid,N_R_all,1,0.15853905856609343,0.0
pcb2,mid,N_R_far,1,0.15853905856609343,0.0
pcb2,mid,D,17,0.15853905856609343,0.0
pcb2,mid,N_H,5,0.15853905856609343,0.0
pcb2,mid,N_R_all,5,0.15853905856609343,0.0
pcb2,mid,N_R_far,5,0.15853905856609343,0.0
pcb2,mid,D,13,0.15853905856609343,0.0
pcb2,mid,N_H,5,0.15853905856609343,0.0
pcb2,mid,N_R_all,5,0.15853905856609343,0.0
pcb2,mid,N_R_far,5,0.15853905856609343,0.0
pcb2,mid,D,7,0.15853905856609343,0.0
pcb2,mid,N_H,5,0.15853905856609343,0.0
pcb2,mid,N_R_all,5,0.15853905856609343,0.0
pcb2,mid,N_R_far,5,0.15853905856609343,0.0
pcb2,mid,D,10,0.15853905856609343,0.0
pcb2,mid,N_H,7,0.15853905856609343,0.0
pcb2,mid,N_R_all,7,0.15853905856609343,0.0
pcb2,mid,N_R_far,7,0.15853905856609343,0.0
pcb2,mid,D,9,0.15853905856609343,0.0
pcb2,mid,N_H,9,0.15853905856609343,0.0
pcb2,mid,N_R_all,9,0.15853905856609343,0.0
pcb2,mid,N_R_far,9,0.15853905856609343,0.0
pcb2,mid,D,15,0.15853905856609343,0.0
pcb2,mid,N_H,12,0.15853905856609343,0.0
pcb2,mid,N_R_all,12,0.15853905856609343,0.0
pcb2,mid,N_R_far,12,0.15853905856609343,0.0
pcb2,mid,D,5,0.15853905856609343,0.0
pcb2,mid,N_H,8,0.15853905856609343,0.0
pcb2,mid,N_R_all,8,0.15853905856609343,0.0
pcb2,mid,N_R_far,8,0.15853905856609343,0.0
pcb2,mid,D,13,0.15853905856609343,0.0
pcb2,mid,N_H,6,0.15853905856609343,0.0
pcb2,mid,N_R_all,6,0.15853905856609343,0.0
pcb2,mid,N_R_far,6,0.15853905856609343,0.0
pcb2,mid,D,7,0.15853905856609343,0.14285714285714285
pcb2,mid,N_H,7,0.15853905856609343,0.0
pcb2,mid,N_R_all,7,0.15853905856609343,0.0
pcb2,mid,N_R_far,7,0.15853905856609343,0.0
pcb2,mid,D,9,0.15853905856609343,0.0
pcb2,mid,N_H,11,0.15853905856609343,0.0
pcb2,mid,N_R_all,11,0.15853905856609343,0.0
pcb2,mid,N_R_far,11,0.15853905856609343,0.0
pcb2,mid,D,14,0.15853905856609343,0.0
pcb2,mid,N_H,4,0.15853905856609343,0.0
pcb2,mid,N_R_all,4,0.15853905856609343,0.0
pcb2,mid,N_R_far,4,0.15853905856609343,0.0
pcb2,mid,D,13,0.15853905856609343,0.0
pcb2,mid,N_H,3,0.15853905856609343,0.0
pcb2,mid,N_R_all,3,0.15853905856609343,0.0
pcb2,mid,N_R_far,3,0.15853905856609343,0.0
pcb2,mid,D,11,0.15853905856609343,0.0
pcb2,mid,N_H,4,0.15853905856609343,0.0
pcb2,mid,N_R_all,4,0.15853905856609343,0.0
pcb2,mid,N_R_far,4,0.15853905856609343,0.0
pcb2,mid,D,10,0.15853905856609343,0.0
pcb2,mid,N_H,8,0.15853905856609343,0.0
pcb2,mid,N_R_all,8,0.15853905856609343,0.0
pcb2,mid,N_R_far,8,0.15853905856609343,0.0
pcb2,mid,D,15,0.15853905856609343,0.0
pcb2,mid,N_H,1,0.15853905856609343,0.0
pcb2,mid,N_R_all,1,0.15853905856609343,0.0
pcb2,mid,N_R_far,1,0.15853905856609343,0.0
pcb2,mid,D,8,0.15853905856609343,0.0
pcb2,mid,N_H,4,0.15853905856609343,0.0
pcb2,mid,N_R_all,4,0.15853905856609343,0.0
pcb2,mid,N_R_far,4,0.15853905856609343,0.0
pcb2,mid,D,7,0.15853905856609343,0.0
pcb2,mid,N_H,5,0.15853905856609343,0.0
pcb2,mid,N_R_all,5,0.15853905856609343,0.0
pcb2,mid,N_R_far,5,0.15853905856609343,0.0
pcb2,mid,D,7,0.15853905856609343,0.0
pcb2,mid,N_H,5,0.15853905856609343,0.0
pcb2,mid,N_R_all,5,0.15853905856609343,0.0
pcb2,mid,N_R_far,5,0.15853905856609343,0.0
pcb2,mid,D,7,0.15853905856609343,0.0
pcb2,mid,N_H,8,0.15853905856609343,0.0
pcb2,mid,N_R_all,8,0.15853905856609343,0.0
pcb2,mid,N_R_far,8,0.15853905856609343,0.0
pcb2,mid,D,7,0.15853905856609343,0.0
pcb2,mid,N_H,6,0.15853905856609343,0.0
pcb2,mid,N_R_all,6,0.15853905856609343,0.0
pcb2,mid,N_R_far,6,0.15853905856609343,0.0
pcb2,mid,D,9,0.15853905856609343,0.0
pcb2,mid,N_H,9,0.15853905856609343,0.0
pcb2,mid,N_R_all,9,0.15853905856609343,0.0
pcb2,mid,N_R_far,9,0.15853905856609343,0.0
pcb2,mid,D,5,0.15853905856609343,0.0
pcb2,mid,N_H,8,0.15853905856609343,0.0
pcb2,mid,N_R_all,8,0.15853905856609343,0.0
pcb2,mid,N_R_far,8,0.15853905856609343,0.0
pcb2,mid,D,6,0.15853905856609343,0.0
pcb2,mid,N_H,11,0.15853905856609343,0.0
pcb2,mid,N_R_all,11,0.15853905856609343,0.0
pcb2,mid,N_R_far,11,0.15853905856609343,0.0
pcb2,mid,D,13,0.15853905856609343,0.0
pcb2,mid,N_H,6,0.15853905856609343,0.0
pcb2,mid,N_R_all,6,0.15853905856609343,0.0
pcb2,mid,N_R_far,6,0.15853905856609343,0.0
pcb2,mid,D,10,0.15853905856609343,0.0
pcb2,mid,N_H,10,0.15853905856609343,0.0
pcb2,mid,N_R_all,10,0.15853905856609343,0.0
pcb2,mid,N_R_far,10,0.15853905856609343,0.0
pcb2,mid,D,8,0.15853905856609343,0.0
pcb2,mid,N_H,8,0.15853905856609343,0.0
pcb2,mid,N_R_all,8,0.15853905856609343,0.0
pcb2,mid,N_R_far,8,0.15853905856609343,0.0
pcb2,mid,D,35,0.15853905856609343,0.0
pcb2,mid,N_H,7,0.15853905856609343,0.0
pcb2,mid,N_R_all,7,0.15853905856609343,0.0
pcb2,mid,N_R_far,7,0.15853905856609343,0.0
pcb2,mid,D,30,0.15853905856609343,0.0
pcb2,mid,N_H,7,0.15853905856609343,0.0
pcb2,mid,N_R_all,7,0.15853905856609343,0.0
pcb2,mid,N_R_far,7,0.15853905856609343,0.0
pcb2,mid,D,35,0.15853905856609343,0.02857142857142857
pcb2,mid,N_H,7,0.15853905856609343,0.14285714285714285
pcb2,mid,N_R_all,7,0.15853905856609343,0.0
pcb2,mid,N_R_far,7,0.15853905856609343,0.0
pcb2,mid,D,19,0.15853905856609343,0.0
pcb2,mid,N_H,5,0.15853905856609343,0.2
pcb2,mid,N_R_all,5,0.15853905856609343,0.0
pcb2,mid,N_R_far,5,0.15853905856609343,0.0
pcb2,mid,D,75,0.15853905856609343,0.0
pcb2,mid,N_H,7,0.15853905856609343,0.0
pcb2,mid,N_R_all,7,0.15853905856609343,0.0
pcb2,mid,N_R_far,7,0.15853905856609343,0.0
pcb2,mid,D,33,0.15853905856609343,0.0
pcb2,mid,N_H,2,0.15853905856609343,0.0
pcb2,mid,N_R_all,2,0.15853905856609343,0.0
pcb2,mid,N_R_far,2,0.15853905856609343,0.0
pcb2,mid,D,73,0.15853905856609343,0.0
pcb2,mid,N_H,5,0.15853905856609343,0.0
pcb2,mid,N_R_all,5,0.15853905856609343,0.0
pcb2,mid,N_R_far,5,0.15853905856609343,0.0
pcb2,mid,D,6,0.15853905856609343,0.0
pcb2,mid,N_H,9,0.15853905856609343,0.0
pcb2,mid,N_R_all,9,0.15853905856609343,0.0
pcb2,mid,N_R_far,9,0.15853905856609343,0.0
pcb2,mid,D,47,0.15853905856609343,0.0
pcb2,mid,N_H,3,0.15853905856609343,0.0
pcb2,mid,N_R_all,3,0.15853905856609343,0.0
pcb2,mid,N_R_far,3,0.15853905856609343,0.0
pcb2,mid,D,15,0.15853905856609343,0.0
pcb2,mid,N_H,5,0.15853905856609343,0.0
pcb2,mid,N_R_all,5,0.15853905856609343,0.0
pcb2,mid,N_R_far,5,0.15853905856609343,0.0
pcb2,mid,D,6,0.15853905856609343,0.0
pcb2,mid,N_H,9,0.15853905856609343,0.0
pcb2,mid,N_R_all,9,0.15853905856609343,0.0
pcb2,mid,N_R_far,9,0.15853905856609343,0.0
pcb2,mid,D,12,0.15853905856609343,0.0
pcb2,mid,N_H,3,0.15853905856609343,0.0
pcb2,mid,N_R_all,3,0.15853905856609343,0.0
pcb2,mid,N_R_far,3,0.15853905856609343,0.0
pcb2,mid,D,35,0.15853905856609343,0.0
pcb2,mid,N_H,5,0.15853905856609343,0.0
pcb2,mid,N_R_all,5,0.15853905856609343,0.0
pcb2,mid,N_R_far,5,0.15853905856609343,0.0
pcb2,mid,D,4,0.15853905856609343,0.0
pcb2,mid,N_H,10,0.15853905856609343,0.0
pcb2,mid,N_R_all,10,0.15853905856609343,0.0
pcb2,mid,N_R_far,10,0.15853905856609343,0.0
pcb2,mid,D,21,0.15853905856609343,0.0
pcb2,mid,N_H,2,0.15853905856609343,0.0
pcb2,mid,N_R_all,2,0.15853905856609343,0.0
pcb2,mid,N_R_far,2,0.15853905856609343,0.0
pcb2,mid,D,4,0.15853905856609343,0.0
pcb2,mid,N_H,11,0.15853905856609343,0.0
pcb2,mid,N_R_all,11,0.15853905856609343,0.0
pcb2,mid,N_R_far,11,0.15853905856609343,0.0
pcb2,mid,D,5,0.15853905856609343,0.0
pcb2,mid,N_H,12,0.15853905856609343,0.0
pcb2,mid,N_R_all,12,0.15853905856609343,0.0
pcb2,mid,N_R_far,12,0.15853905856609343,0.0
pcb2,mid,D,8,0.15853905856609343,0.0
pcb2,mid,N_H,13,0.15853905856609343,0.0
pcb2,mid,N_R_all,13,0.15853905856609343,0.0
pcb2,mid,N_R_far,13,0.15853905856609343,0.0
pcb2,mid,D,1,0.15853905856609343,0.0
pcb2,mid,N_H,12,0.15853905856609343,0.0
pcb2,mid,N_R_all,12,0.15853905856609343,0.0
pcb2,mid,N_R_far,12,0.15853905856609343,0.0
pcb2,mid,D,12,0.15853905856609343,0.0
pcb2,mid,N_H,11,0.15853905856609343,0.0
pcb2,mid,N_R_all,11,0.15853905856609343,0.0
pcb2,mid,N_R_far,11,0.15853905856609343,0.0
pcb2,mid,D,6,0.15853905856609343,0.0
pcb2,mid,N_H,10,0.15853905856609343,0.0
pcb2,mid,N_R_all,10,0.15853905856609343,0.0
pcb2,mid,N_R_far,10,0.15853905856609343,0.0
pcb2,mid,D,7,0.15853905856609343,0.0
pcb2,mid,N_H,2,0.15853905856609343,0.0
pcb2,mid,N_R_all,2,0.15853905856609343,0.0
pcb2,mid,N_R_far,2,0.15853905856609343,0.0
pcb2,mid,D,5,0.15853905856609343,0.0
pcb2,mid,N_H,11,0.15853905856609343,0.0
pcb2,mid,N_R_all,11,0.15853905856609343,0.0
pcb2,mid,N_R_far,11,0.15853905856609343,0.0
pcb2,mid,D,4,0.15853905856609343,0.0
pcb2,mid,N_H,11,0.15853905856609343,0.0
pcb2,mid,N_R_all,11,0.15853905856609343,0.0
pcb2,mid,N_R_far,11,0.15853905856609343,0.0
pcb2,mid,D,8,0.15853905856609343,0.0
pcb2,mid,N_H,6,0.15853905856609343,0.0
pcb2,mid,N_R_all,6,0.15853905856609343,0.0
pcb2,mid,N_R_far,6,0.15853905856609343,0.0
pcb2,mid,D,8,0.15853905856609343,0.0
pcb2,mid,N_H,9,0.15853905856609343,0.0
pcb2,mid,N_R_all,9,0.15853905856609343,0.0
pcb2,mid,N_R_far,9,0.15853905856609343,0.0
pcb2,mid,D,8,0.15853905856609343,0.0
pcb2,mid,N_H,6,0.15853905856609343,0.0
pcb2,mid,N_R_all,6,0.15853905856609343,0.0
pcb2,mid,N_R_far,6,0.15853905856609343,0.0
pcb2,mid,D,4,0.15853905856609343,0.0
pcb2,mid,N_H,8,0.15853905856609343,0.0
pcb2,mid,N_R_all,8,0.15853905856609343,0.0
pcb2,mid,N_R_far,8,0.15853905856609343,0.0
pcb2,mid,D,6,0.15853905856609343,0.0
pcb2,mid,N_H,5,0.15853905856609343,0.0
pcb2,mid,N_R_all,5,0.15853905856609343,0.0
pcb2,mid,N_R_far,5,0.15853905856609343,0.0
pcb2,mid,D,5,0.15853905856609343,0.0
pcb2,mid,N_H,10,0.15853905856609343,0.0
pcb2,mid,N_R_all,10,0.15853905856609343,0.0
pcb2,mid,N_R_far,10,0.15853905856609343,0.0
pcb2,mid,D,5,0.15853905856609343,0.0
pcb2,mid,N_H,8,0.15853905856609343,0.0
pcb2,mid,N_R_all,8,0.15853905856609343,0.0
pcb2,mid,N_R_far,8,0.15853905856609343,0.0
pcb2,mid,D,11,0.15853905856609343,0.0
pcb2,mid,N_H,7,0.15853905856609343,0.14285714285714285
pcb2,mid,N_R_all,7,0.15853905856609343,0.14285714285714285
pcb2,mid,N_R_far,7,0.15853905856609343,0.0
pcb2,mid,D,6,0.15853905856609343,0.0
pcb2,mid,N_H,7,0.15853905856609343,0.14285714285714285
pcb2,mid,N_R_all,7,0.15853905856609343,0.0
pcb2,mid,N_R_far,7,0.15853905856609343,0.0
pcb2,mid,D,3,0.15853905856609343,0.0
pcb2,mid,N_H,12,0.15853905856609343,0.08333333333333333
pcb2,mid,N_R_all,12,0.15853905856609343,0.0
pcb2,mid,N_R_far,12,0.15853905856609343,0.0
pcb2,mid,D,8,0.15853905856609343,0.0
pcb2,mid,N_H,6,0.15853905856609343,0.0
pcb2,mid,N_R_all,6,0.15853905856609343,0.0
pcb2,mid,N_R_far,6,0.15853905856609343,0.0
pcb2,mid,D,12,0.15853905856609343,0.0
pcb2,mid,N_H,8,0.15853905856609343,0.0
pcb2,mid,N_R_all,8,0.15853905856609343,0.0
pcb2,mid,N_R_far,8,0.15853905856609343,0.0
pcb2,mid,D,4,0.15853905856609343,0.0
pcb2,mid,N_H,13,0.15853905856609343,0.0
pcb2,mid,N_R_all,13,0.15853905856609343,0.0
pcb2,mid,N_R_far,13,0.15853905856609343,0.0
pcb2,mid,D,10,0.15853905856609343,0.0
pcb2,mid,N_H,6,0.15853905856609343,0.0
pcb2,mid,N_R_all,6,0.15853905856609343,0.0
pcb2,mid,N_R_far,6,0.15853905856609343,0.0
pcb2,mid,D,6,0.15853905856609343,0.0
pcb2,mid,N_H,6,0.15853905856609343,0.0
pcb2,mid,N_R_all,6,0.15853905856609343,0.0
pcb2,mid,N_R_far,6,0.15853905856609343,0.0
pcb2,mid,D,8,0.15853905856609343,0.0
pcb2,mid,N_H,6,0.15853905856609343,0.0
pcb2,mid,N_R_all,6,0.15853905856609343,0.0
pcb2,mid,N_R_far,6,0.15853905856609343,0.0
pcb2,mid,D,5,0.15853905856609343,0.0
pcb2,mid,N_H,10,0.15853905856609343,0.0
pcb2,mid,N_R_all,10,0.15853905856609343,0.0
pcb2,mid,N_R_far,10,0.15853905856609343,0.0
pcb2,mid,D,10,0.15853905856609343,0.0
pcb2,mid,N_H,5,0.15853905856609343,0.0
pcb2,mid,N_R_all,5,0.15853905856609343,0.0
pcb2,mid,N_R_far,5,0.15853905856609343,0.0
pcb2,mid,D,4,0.15853905856609343,0.0
pcb2,mid,N_H,7,0.15853905856609343,0.0
pcb2,mid,N_R_all,7,0.15853905856609343,0.0
pcb2,mid,N_R_far,7,0.15853905856609343,0.0
pcb2,mid,D,3,0.15853905856609343,0.0
pcb2,mid,N_H,12,0.15853905856609343,0.08333333333333333
pcb2,mid,N_R_all,12,0.15853905856609343,0.0
pcb2,mid,N_R_far,12,0.15853905856609343,0.0
pcb2,mid,D,14,0.15853905856609343,0.0
pcb2,mid,N_H,1,0.15853905856609343,0.0
pcb2,mid,N_R_all,1,0.15853905856609343,0.0
pcb2,mid,N_R_far,1,0.15853905856609343,0.0
pcb2,mid,D,11,0.15853905856609343,0.0
pcb2,mid,N_H,5,0.15853905856609343,0.0
pcb2,mid,N_R_all,5,0.15853905856609343,0.0
pcb2,mid,N_R_far,5,0.15853905856609343,0.0
pcb2,mid,D,13,0.15853905856609343,0.0
pcb2,mid,N_H,4,0.15853905856609343,0.0
pcb2,mid,N_R_all,4,0.15853905856609343,0.0
pcb2,mid,N_R_far,4,0.15853905856609343,0.0
pcb2,mid,D,11,0.15853905856609343,0.0
pcb2,mid,N_H,3,0.15853905856609343,0.0
pcb2,mid,N_R_all,3,0.15853905856609343,0.0
pcb2,mid,N_R_far,3,0.15853905856609343,0.0
pcb2,mid,D,13,0.15853905856609343,0.0
pcb2,mid,N_H,5,0.15853905856609343,0.2
pcb2,mid,N_R_all,5,0.15853905856609343,0.0
pcb2,mid,N_R_far,5,0.15853905856609343,0.0
pcb2,mid,D,11,0.15853905856609343,0.0
pcb2,mid,N_H,2,0.15853905856609343,0.0
pcb2,mid,N_R_all,2,0.15853905856609343,0.0
pcb2,mid,N_R_far,2,0.15853905856609343,0.5
pcb2,mid,D,9,0.15853905856609343,0.0
pcb2,mid,N_H,5,0.15853905856609343,0.0
pcb2,mid,N_R_all,5,0.15853905856609343,0.0
pcb2,mid,N_R_far,5,0.15853905856609343,0.0
pcb2,mid,D,10,0.15853905856609343,0.0
pcb2,mid,N_H,2,0.15853905856609343,0.0
pcb2,mid,N_R_all,2,0.15853905856609343,0.0
pcb2,mid,N_R_far,2,0.15853905856609343,0.0
pcb2,mid,D,21,0.15853905856609343,0.0
pcb2,mid,N_H,4,0.15853905856609343,0.0
pcb2,mid,N_R_all,4,0.15853905856609343,0.0
pcb2,mid,N_R_far,4,0.15853905856609343,0.0
pcb2,mid,D,10,0.15853905856609343,0.0
pcb2,mid,N_H,4,0.15853905856609343,0.0
pcb2,mid,N_R_all,4,0.15853905856609343,0.0
pcb2,mid,N_R_far,4,0.15853905856609343,0.0
pcb2,mid,D,16,0.15853905856609343,0.0
pcb2,mid,N_H,3,0.15853905856609343,0.0
pcb2,mid,N_R_all,3,0.15853905856609343,0.0
pcb2,mid,N_R_far,3,0.15853905856609343,0.0
pcb2,mid,D,14,0.15853905856609343,0.0
pcb2,mid,N_H,5,0.15853905856609343,0.2
pcb2,mid,N_R_all,5,0.15853905856609343,0.0
pcb2,mid,N_R_far,5,0.15853905856609343,0.0
pcb2,mid,D,15,0.15853905856609343,0.0
pcb2,mid,N_H,2,0.15853905856609343,0.0
pcb2,mid,N_R_all,2,0.15853905856609343,0.0
pcb2,mid,N_R_far,2,0.15853905856609343,0.0
pcb2,mid,D,9,0.15853905856609343,0.0
pcb2,mid,N_H,6,0.15853905856609343,0.0
pcb2,mid,N_R_all,6,0.15853905856609343,0.0
pcb2,mid,N_R_far,6,0.15853905856609343,0.0
pcb2,mid,D,15,0.15853905856609343,0.0
pcb2,mid,N_H,1,0.15853905856609343,0.0
pcb2,mid,N_R_all,1,0.15853905856609343,0.0
pcb2,mid,N_R_far,1,0.15853905856609343,0.0
pcb2,mid,D,7,0.15853905856609343,0.0
pcb2,mid,N_H,3,0.15853905856609343,0.0
pcb2,mid,N_R_all,3,0.15853905856609343,0.0
pcb2,mid,N_R_far,3,0.15853905856609343,0.0
pcb2,midlate,D,5,0.1752377194166183,0.0
pcb2,midlate,N_H,9,0.1752377194166183,0.0
pcb2,midlate,N_R_all,9,0.1752377194166183,0.0
pcb2,midlate,N_R_far,9,0.1752377194166183,0.0
pcb2,midlate,D,9,0.1752377194166183,0.1111111111111111
pcb2,midlate,N_H,5,0.1752377194166183,0.0
pcb2,midlate,N_R_all,5,0.1752377194166183,0.0
pcb2,midlate,N_R_far,5,0.1752377194166183,0.0
pcb2,midlate,D,7,0.1752377194166183,0.0
pcb2,midlate,N_H,6,0.1752377194166183,0.0
pcb2,midlate,N_R_all,6,0.1752377194166183,0.0
pcb2,midlate,N_R_far,6,0.1752377194166183,0.0
pcb2,midlate,D,9,0.1752377194166183,0.0
pcb2,midlate,N_H,10,0.1752377194166183,0.0
pcb2,midlate,N_R_all,10,0.1752377194166183,0.0
pcb2,midlate,N_R_far,10,0.1752377194166183,0.0
pcb2,midlate,D,11,0.1752377194166183,0.0
pcb2,midlate,N_H,7,0.1752377194166183,0.0
pcb2,midlate,N_R_all,7,0.1752377194166183,0.0
pcb2,midlate,N_R_far,7,0.1752377194166183,0.0
pcb2,midlate,D,10,0.1752377194166183,0.0
pcb2,midlate,N_H,9,0.1752377194166183,0.0
pcb2,midlate,N_R_all,9,0.1752377194166183,0.0
pcb2,midlate,N_R_far,9,0.1752377194166183,0.0
pcb2,midlate,D,13,0.1752377194166183,0.0
pcb2,midlate,N_H,2,0.1752377194166183,0.0
pcb2,midlate,N_R_all,2,0.1752377194166183,0.0
pcb2,midlate,N_R_far,2,0.1752377194166183,0.0
pcb2,midlate,D,11,0.1752377194166183,0.0
pcb2,midlate,N_H,3,0.1752377194166183,0.0
pcb2,midlate,N_R_all,3,0.1752377194166183,0.0
pcb2,midlate,N_R_far,3,0.1752377194166183,0.0
pcb2,midlate,D,15,0.1752377194166183,0.0
pcb2,midlate,N_H,5,0.1752377194166183,0.0
pcb2,midlate,N_R_all,5,0.1752377194166183,0.0
pcb2,midlate,N_R_far,5,0.1752377194166183,0.0
pcb2,midlate,D,14,0.1752377194166183,0.0
pcb2,midlate,N_H,5,0.1752377194166183,0.2
pcb2,midlate,N_R_all,5,0.1752377194166183,0.2
pcb2,midlate,N_R_far,5,0.1752377194166183,0.0
pcb2,midlate,D,7,0.1752377194166183,0.0
pcb2,midlate,N_H,9,0.1752377194166183,0.0
pcb2,midlate,N_R_all,9,0.1752377194166183,0.0
pcb2,midlate,N_R_far,9,0.1752377194166183,0.0
pcb2,midlate,D,7,0.1752377194166183,0.0
pcb2,midlate,N_H,7,0.1752377194166183,0.0
pcb2,midlate,N_R_all,7,0.1752377194166183,0.0
pcb2,midlate,N_R_far,7,0.1752377194166183,0.14285714285714285
pcb2,midlate,D,22,0.1752377194166183,0.0
pcb2,midlate,N_H,1,0.1752377194166183,0.0
pcb2,midlate,N_R_all,1,0.1752377194166183,0.0
pcb2,midlate,N_R_far,1,0.1752377194166183,0.0
pcb2,midlate,D,17,0.1752377194166183,0.0
pcb2,midlate,N_H,5,0.1752377194166183,0.0
pcb2,midlate,N_R_all,5,0.1752377194166183,0.0
pcb2,midlate,N_R_far,5,0.1752377194166183,0.0
pcb2,midlate,D,13,0.1752377194166183,0.0
pcb2,midlate,N_H,5,0.1752377194166183,0.0
pcb2,midlate,N_R_all,5,0.1752377194166183,0.0
pcb2,midlate,N_R_far,5,0.1752377194166183,0.0
pcb2,midlate,D,7,0.1752377194166183,0.0
pcb2,midlate,N_H,5,0.1752377194166183,0.0
pcb2,midlate,N_R_all,5,0.1752377194166183,0.0
pcb2,midlate,N_R_far,5,0.1752377194166183,0.0
pcb2,midlate,D,10,0.1752377194166183,0.0
pcb2,midlate,N_H,7,0.1752377194166183,0.0
pcb2,midlate,N_R_all,7,0.1752377194166183,0.0
pcb2,midlate,N_R_far,7,0.1752377194166183,0.0
pcb2,midlate,D,9,0.1752377194166183,0.1111111111111111
pcb2,midlate,N_H,9,0.1752377194166183,0.0
pcb2,midlate,N_R_all,9,0.1752377194166183,0.0
pcb2,midlate,N_R_far,9,0.1752377194166183,0.0
pcb2,midlate,D,15,0.1752377194166183,0.0
pcb2,midlate,N_H,12,0.1752377194166183,0.0
pcb2,midlate,N_R_all,12,0.1752377194166183,0.0
pcb2,midlate,N_R_far,12,0.1752377194166183,0.08333333333333333
pcb2,midlate,D,5,0.1752377194166183,0.0
pcb2,midlate,N_H,8,0.1752377194166183,0.0
pcb2,midlate,N_R_all,8,0.1752377194166183,0.0
pcb2,midlate,N_R_far,8,0.1752377194166183,0.0
pcb2,midlate,D,13,0.1752377194166183,0.0
pcb2,midlate,N_H,6,0.1752377194166183,0.0
pcb2,midlate,N_R_all,6,0.1752377194166183,0.0
pcb2,midlate,N_R_far,6,0.1752377194166183,0.0
pcb2,midlate,D,7,0.1752377194166183,0.14285714285714285
pcb2,midlate,N_H,7,0.1752377194166183,0.0
pcb2,midlate,N_R_all,7,0.1752377194166183,0.0
pcb2,midlate,N_R_far,7,0.1752377194166183,0.0
pcb2,midlate,D,9,0.1752377194166183,0.0
pcb2,midlate,N_H,11,0.1752377194166183,0.0
pcb2,midlate,N_R_all,11,0.1752377194166183,0.0
pcb2,midlate,N_R_far,11,0.1752377194166183,0.0
pcb2,midlate,D,14,0.1752377194166183,0.0
pcb2,midlate,N_H,4,0.1752377194166183,0.0
pcb2,midlate,N_R_all,4,0.1752377194166183,0.0
pcb2,midlate,N_R_far,4,0.1752377194166183,0.0
pcb2,midlate,D,13,0.1752377194166183,0.0
pcb2,midlate,N_H,3,0.1752377194166183,0.0
pcb2,midlate,N_R_all,3,0.1752377194166183,0.0
pcb2,midlate,N_R_far,3,0.1752377194166183,0.0
pcb2,midlate,D,11,0.1752377194166183,0.0
pcb2,midlate,N_H,4,0.1752377194166183,0.0
pcb2,midlate,N_R_all,4,0.1752377194166183,0.0
pcb2,midlate,N_R_far,4,0.1752377194166183,0.0
pcb2,midlate,D,10,0.1752377194166183,0.0
pcb2,midlate,N_H,8,0.1752377194166183,0.0
pcb2,midlate,N_R_all,8,0.1752377194166183,0.0
pcb2,midlate,N_R_far,8,0.1752377194166183,0.0
pcb2,midlate,D,15,0.1752377194166183,0.0
pcb2,midlate,N_H,1,0.1752377194166183,0.0
pcb2,midlate,N_R_all,1,0.1752377194166183,0.0
pcb2,midlate,N_R_far,1,0.1752377194166183,0.0
pcb2,midlate,D,8,0.1752377194166183,0.0
pcb2,midlate,N_H,4,0.1752377194166183,0.0
pcb2,midlate,N_R_all,4,0.1752377194166183,0.0
pcb2,midlate,N_R_far,4,0.1752377194166183,0.0
pcb2,midlate,D,7,0.1752377194166183,0.0
pcb2,midlate,N_H,5,0.1752377194166183,0.0
pcb2,midlate,N_R_all,5,0.1752377194166183,0.0
pcb2,midlate,N_R_far,5,0.1752377194166183,0.0
pcb2,midlate,D,7,0.1752377194166183,0.0
pcb2,midlate,N_H,5,0.1752377194166183,0.0
pcb2,midlate,N_R_all,5,0.1752377194166183,0.0
pcb2,midlate,N_R_far,5,0.1752377194166183,0.0
pcb2,midlate,D,7,0.1752377194166183,0.0
pcb2,midlate,N_H,8,0.1752377194166183,0.0
pcb2,midlate,N_R_all,8,0.1752377194166183,0.0
pcb2,midlate,N_R_far,8,0.1752377194166183,0.0
pcb2,midlate,D,7,0.1752377194166183,0.0
pcb2,midlate,N_H,6,0.1752377194166183,0.0
pcb2,midlate,N_R_all,6,0.1752377194166183,0.0
pcb2,midlate,N_R_far,6,0.1752377194166183,0.0
pcb2,midlate,D,9,0.1752377194166183,0.0
pcb2,midlate,N_H,9,0.1752377194166183,0.0
pcb2,midlate,N_R_all,9,0.1752377194166183,0.0
pcb2,midlate,N_R_far,9,0.1752377194166183,0.0
pcb2,midlate,D,5,0.1752377194166183,0.0
pcb2,midlate,N_H,8,0.1752377194166183,0.0
pcb2,midlate,N_R_all,8,0.1752377194166183,0.0
pcb2,midlate,N_R_far,8,0.1752377194166183,0.0
pcb2,midlate,D,6,0.1752377194166183,0.0
pcb2,midlate,N_H,11,0.1752377194166183,0.0
pcb2,midlate,N_R_all,11,0.1752377194166183,0.0
pcb2,midlate,N_R_far,11,0.1752377194166183,0.0
pcb2,midlate,D,13,0.1752377194166183,0.0
pcb2,midlate,N_H,6,0.1752377194166183,0.0
pcb2,midlate,N_R_all,6,0.1752377194166183,0.16666666666666666
pcb2,midlate,N_R_far,6,0.1752377194166183,0.0
pcb2,midlate,D,10,0.1752377194166183,0.0
pcb2,midlate,N_H,10,0.1752377194166183,0.0
pcb2,midlate,N_R_all,10,0.1752377194166183,0.1
pcb2,midlate,N_R_far,10,0.1752377194166183,0.0
pcb2,midlate,D,8,0.1752377194166183,0.0
pcb2,midlate,N_H,8,0.1752377194166183,0.0
pcb2,midlate,N_R_all,8,0.1752377194166183,0.0
pcb2,midlate,N_R_far,8,0.1752377194166183,0.0
pcb2,midlate,D,35,0.1752377194166183,0.0
pcb2,midlate,N_H,7,0.1752377194166183,0.0
pcb2,midlate,N_R_all,7,0.1752377194166183,0.0
pcb2,midlate,N_R_far,7,0.1752377194166183,0.0
pcb2,midlate,D,30,0.1752377194166183,0.0
pcb2,midlate,N_H,7,0.1752377194166183,0.0
pcb2,midlate,N_R_all,7,0.1752377194166183,0.0
pcb2,midlate,N_R_far,7,0.1752377194166183,0.0
pcb2,midlate,D,35,0.1752377194166183,0.0
pcb2,midlate,N_H,7,0.1752377194166183,0.0
pcb2,midlate,N_R_all,7,0.1752377194166183,0.0
pcb2,midlate,N_R_far,7,0.1752377194166183,0.0
pcb2,midlate,D,19,0.1752377194166183,0.0
pcb2,midlate,N_H,5,0.1752377194166183,0.0
pcb2,midlate,N_R_all,5,0.1752377194166183,0.0
pcb2,midlate,N_R_far,5,0.1752377194166183,0.0
pcb2,midlate,D,75,0.1752377194166183,0.0
pcb2,midlate,N_H,7,0.1752377194166183,0.0
pcb2,midlate,N_R_all,7,0.1752377194166183,0.0
pcb2,midlate,N_R_far,7,0.1752377194166183,0.0
pcb2,midlate,D,33,0.1752377194166183,0.030303030303030304
pcb2,midlate,N_H,2,0.1752377194166183,0.0
pcb2,midlate,N_R_all,2,0.1752377194166183,0.0
pcb2,midlate,N_R_far,2,0.1752377194166183,0.0
pcb2,midlate,D,73,0.1752377194166183,0.0
pcb2,midlate,N_H,5,0.1752377194166183,0.0
pcb2,midlate,N_R_all,5,0.1752377194166183,0.0
pcb2,midlate,N_R_far,5,0.1752377194166183,0.0
pcb2,midlate,D,6,0.1752377194166183,0.0
pcb2,midlate,N_H,9,0.1752377194166183,0.0
pcb2,midlate,N_R_all,9,0.1752377194166183,0.0
pcb2,midlate,N_R_far,9,0.1752377194166183,0.0
pcb2,midlate,D,47,0.1752377194166183,0.0
pcb2,midlate,N_H,3,0.1752377194166183,0.0
pcb2,midlate,N_R_all,3,0.1752377194166183,0.0
pcb2,midlate,N_R_far,3,0.1752377194166183,0.0
pcb2,midlate,D,15,0.1752377194166183,0.0
pcb2,midlate,N_H,5,0.1752377194166183,0.0
pcb2,midlate,N_R_all,5,0.1752377194166183,0.0
pcb2,midlate,N_R_far,5,0.1752377194166183,0.0
pcb2,midlate,D,6,0.1752377194166183,0.0
pcb2,midlate,N_H,9,0.1752377194166183,0.0
pcb2,midlate,N_R_all,9,0.1752377194166183,0.0
pcb2,midlate,N_R_far,9,0.1752377194166183,0.0
pcb2,midlate,D,12,0.1752377194166183,0.0
pcb2,midlate,N_H,3,0.1752377194166183,0.0
pcb2,midlate,N_R_all,3,0.1752377194166183,0.0
pcb2,midlate,N_R_far,3,0.1752377194166183,0.0
pcb2,midlate,D,35,0.1752377194166183,0.0
pcb2,midlate,N_H,5,0.1752377194166183,0.0
pcb2,midlate,N_R_all,5,0.1752377194166183,0.0
pcb2,midlate,N_R_far,5,0.1752377194166183,0.0
pcb2,midlate,D,4,0.1752377194166183,0.0
pcb2,midlate,N_H,10,0.1752377194166183,0.0
pcb2,midlate,N_R_all,10,0.1752377194166183,0.0
pcb2,midlate,N_R_far,10,0.1752377194166183,0.0
pcb2,midlate,D,21,0.1752377194166183,0.0
pcb2,midlate,N_H,2,0.1752377194166183,0.0
pcb2,midlate,N_R_all,2,0.1752377194166183,0.0
pcb2,midlate,N_R_far,2,0.1752377194166183,0.0
pcb2,midlate,D,4,0.1752377194166183,0.0
pcb2,midlate,N_H,11,0.1752377194166183,0.0
pcb2,midlate,N_R_all,11,0.1752377194166183,0.0
pcb2,midlate,N_R_far,11,0.1752377194166183,0.0
pcb2,midlate,D,5,0.1752377194166183,0.0
pcb2,midlate,N_H,12,0.1752377194166183,0.0
pcb2,midlate,N_R_all,12,0.1752377194166183,0.0
pcb2,midlate,N_R_far,12,0.1752377194166183,0.0
pcb2,midlate,D,8,0.1752377194166183,0.0
pcb2,midlate,N_H,13,0.1752377194166183,0.0
pcb2,midlate,N_R_all,13,0.1752377194166183,0.0
pcb2,midlate,N_R_far,13,0.1752377194166183,0.0
pcb2,midlate,D,1,0.1752377194166183,0.0
pcb2,midlate,N_H,12,0.1752377194166183,0.0
pcb2,midlate,N_R_all,12,0.1752377194166183,0.0
pcb2,midlate,N_R_far,12,0.1752377194166183,0.0
pcb2,midlate,D,12,0.1752377194166183,0.0
pcb2,midlate,N_H,11,0.1752377194166183,0.0
pcb2,midlate,N_R_all,11,0.1752377194166183,0.0
pcb2,midlate,N_R_far,11,0.1752377194166183,0.09090909090909091
pcb2,midlate,D,6,0.1752377194166183,0.0
pcb2,midlate,N_H,10,0.1752377194166183,0.0
pcb2,midlate,N_R_all,10,0.1752377194166183,0.0
pcb2,midlate,N_R_far,10,0.1752377194166183,0.0
pcb2,midlate,D,7,0.1752377194166183,0.0
pcb2,midlate,N_H,2,0.1752377194166183,0.0
pcb2,midlate,N_R_all,2,0.1752377194166183,0.0
pcb2,midlate,N_R_far,2,0.1752377194166183,0.0
pcb2,midlate,D,5,0.1752377194166183,0.0
pcb2,midlate,N_H,11,0.1752377194166183,0.0
pcb2,midlate,N_R_all,11,0.1752377194166183,0.0
pcb2,midlate,N_R_far,11,0.1752377194166183,0.0
pcb2,midlate,D,4,0.1752377194166183,0.0
pcb2,midlate,N_H,11,0.1752377194166183,0.09090909090909091
pcb2,midlate,N_R_all,11,0.1752377194166183,0.0
pcb2,midlate,N_R_far,11,0.1752377194166183,0.0
pcb2,midlate,D,8,0.1752377194166183,0.0
pcb2,midlate,N_H,6,0.1752377194166183,0.0
pcb2,midlate,N_R_all,6,0.1752377194166183,0.0
pcb2,midlate,N_R_far,6,0.1752377194166183,0.0
pcb2,midlate,D,8,0.1752377194166183,0.0
pcb2,midlate,N_H,9,0.1752377194166183,0.0
pcb2,midlate,N_R_all,9,0.1752377194166183,0.0
pcb2,midlate,N_R_far,9,0.1752377194166183,0.0
pcb2,midlate,D,8,0.1752377194166183,0.0
pcb2,midlate,N_H,6,0.1752377194166183,0.0
pcb2,midlate,N_R_all,6,0.1752377194166183,0.0
pcb2,midlate,N_R_far,6,0.1752377194166183,0.0
pcb2,midlate,D,4,0.1752377194166183,0.0
pcb2,midlate,N_H,8,0.1752377194166183,0.0
pcb2,midlate,N_R_all,8,0.1752377194166183,0.0
pcb2,midlate,N_R_far,8,0.1752377194166183,0.0
pcb2,midlate,D,6,0.1752377194166183,0.0
pcb2,midlate,N_H,5,0.1752377194166183,0.0
pcb2,midlate,N_R_all,5,0.1752377194166183,0.0
pcb2,midlate,N_R_far,5,0.1752377194166183,0.0
pcb2,midlate,D,5,0.1752377194166183,0.0
pcb2,midlate,N_H,10,0.1752377194166183,0.0
pcb2,midlate,N_R_all,10,0.1752377194166183,0.0
pcb2,midlate,N_R_far,10,0.1752377194166183,0.0
pcb2,midlate,D,5,0.1752377194166183,0.0
pcb2,midlate,N_H,8,0.1752377194166183,0.0
pcb2,midlate,N_R_all,8,0.1752377194166183,0.0
pcb2,midlate,N_R_far,8,0.1752377194166183,0.0
pcb2,midlate,D,11,0.1752377194166183,0.0
pcb2,midlate,N_H,7,0.1752377194166183,0.0
pcb2,midlate,N_R_all,7,0.1752377194166183,0.0
pcb2,midlate,N_R_far,7,0.1752377194166183,0.0
pcb2,midlate,D,6,0.1752377194166183,0.0
pcb2,midlate,N_H,7,0.1752377194166183,0.14285714285714285
pcb2,midlate,N_R_all,7,0.1752377194166183,0.0
pcb2,midlate,N_R_far,7,0.1752377194166183,0.0
pcb2,midlate,D,3,0.1752377194166183,0.0
pcb2,midlate,N_H,12,0.1752377194166183,0.08333333333333333
pcb2,midlate,N_R_all,12,0.1752377194166183,0.0
pcb2,midlate,N_R_far,12,0.1752377194166183,0.0
pcb2,midlate,D,8,0.1752377194166183,0.0
pcb2,midlate,N_H,6,0.1752377194166183,0.0
pcb2,midlate,N_R_all,6,0.1752377194166183,0.0
pcb2,midlate,N_R_far,6,0.1752377194166183,0.0
pcb2,midlate,D,12,0.1752377194166183,0.0
pcb2,midlate,N_H,8,0.1752377194166183,0.0
pcb2,midlate,N_R_all,8,0.1752377194166183,0.0
pcb2,midlate,N_R_far,8,0.1752377194166183,0.0
pcb2,midlate,D,4,0.1752377194166183,0.0
pcb2,midlate,N_H,13,0.1752377194166183,0.0
pcb2,midlate,N_R_all,13,0.1752377194166183,0.0
pcb2,midlate,N_R_far,13,0.1752377194166183,0.0
pcb2,midlate,D,10,0.1752377194166183,0.0
pcb2,midlate,N_H,6,0.1752377194166183,0.0
pcb2,midlate,N_R_all,6,0.1752377194166183,0.0
pcb2,midlate,N_R_far,6,0.1752377194166183,0.0
pcb2,midlate,D,6,0.1752377194166183,0.0
pcb2,midlate,N_H,6,0.1752377194166183,0.0
pcb2,midlate,N_R_all,6,0.1752377194166183,0.0
pcb2,midlate,N_R_far,6,0.1752377194166183,0.0
pcb2,midlate,D,8,0.1752377194166183,0.0
pcb2,midlate,N_H,6,0.1752377194166183,0.0
pcb2,midlate,N_R_all,6,0.1752377194166183,0.0
pcb2,midlate,N_R_far,6,0.1752377194166183,0.0
pcb2,midlate,D,5,0.1752377194166183,0.0
pcb2,midlate,N_H,10,0.1752377194166183,0.1
pcb2,midlate,N_R_all,10,0.1752377194166183,0.0
pcb2,midlate,N_R_far,10,0.1752377194166183,0.0
pcb2,midlate,D,10,0.1752377194166183,0.0
pcb2,midlate,N_H,5,0.1752377194166183,0.0
pcb2,midlate,N_R_all,5,0.1752377194166183,0.0
pcb2,midlate,N_R_far,5,0.1752377194166183,0.0
pcb2,midlate,D,4,0.1752377194166183,0.0
pcb2,midlate,N_H,7,0.1752377194166183,0.0
pcb2,midlate,N_R_all,7,0.1752377194166183,0.0
pcb2,midlate,N_R_far,7,0.1752377194166183,0.0
pcb2,midlate,D,3,0.1752377194166183,0.0
pcb2,midlate,N_H,12,0.1752377194166183,0.0
pcb2,midlate,N_R_all,12,0.1752377194166183,0.0
pcb2,midlate,N_R_far,12,0.1752377194166183,0.0
pcb2,midlate,D,14,0.1752377194166183,0.0
pcb2,midlate,N_H,1,0.1752377194166183,0.0
pcb2,midlate,N_R_all,1,0.1752377194166183,0.0
pcb2,midlate,N_R_far,1,0.1752377194166183,0.0
pcb2,midlate,D,11,0.1752377194166183,0.0
pcb2,midlate,N_H,5,0.1752377194166183,0.0
pcb2,midlate,N_R_all,5,0.1752377194166183,0.0
pcb2,midlate,N_R_far,5,0.1752377194166183,0.0
pcb2,midlate,D,13,0.1752377194166183,0.0
pcb2,midlate,N_H,4,0.1752377194166183,0.0
pcb2,midlate,N_R_all,4,0.1752377194166183,0.0
pcb2,midlate,N_R_far,4,0.1752377194166183,0.0
pcb2,midlate,D,11,0.1752377194166183,0.0
pcb2,midlate,N_H,3,0.1752377194166183,0.0
pcb2,midlate,N_R_all,3,0.1752377194166183,0.0
pcb2,midlate,N_R_far,3,0.1752377194166183,0.0
pcb2,midlate,D,13,0.1752377194166183,0.0
pcb2,midlate,N_H,5,0.1752377194166183,0.2
pcb2,midlate,N_R_all,5,0.1752377194166183,0.0
pcb2,midlate,N_R_far,5,0.1752377194166183,0.2
pcb2,midlate,D,11,0.1752377194166183,0.0
pcb2,midlate,N_H,2,0.1752377194166183,0.0
pcb2,midlate,N_R_all,2,0.1752377194166183,0.0
pcb2,midlate,N_R_far,2,0.1752377194166183,0.0
pcb2,midlate,D,9,0.1752377194166183,0.1111111111111111
pcb2,midlate,N_H,5,0.1752377194166183,0.0
pcb2,midlate,N_R_all,5,0.1752377194166183,0.0
pcb2,midlate,N_R_far,5,0.1752377194166183,0.0
pcb2,midlate,D,10,0.1752377194166183,0.0
pcb2,midlate,N_H,2,0.1752377194166183,0.0
pcb2,midlate,N_R_all,2,0.1752377194166183,0.5
pcb2,midlate,N_R_far,2,0.1752377194166183,0.0
pcb2,midlate,D,21,0.1752377194166183,0.0
pcb2,midlate,N_H,4,0.1752377194166183,0.0
pcb2,midlate,N_R_all,4,0.1752377194166183,0.0
pcb2,midlate,N_R_far,4,0.1752377194166183,0.0
pcb2,midlate,D,10,0.1752377194166183,0.0
pcb2,midlate,N_H,4,0.1752377194166183,0.0
pcb2,midlate,N_R_all,4,0.1752377194166183,0.0
pcb2,midlate,N_R_far,4,0.1752377194166183,0.0
pcb2,midlate,D,16,0.1752377194166183,0.0
pcb2,midlate,N_H,3,0.1752377194166183,0.0
pcb2,midlate,N_R_all,3,0.1752377194166183,0.0
pcb2,midlate,N_R_far,3,0.1752377194166183,0.0
pcb2,midlate,D,14,0.1752377194166183,0.0
pcb2,midlate,N_H,5,0.1752377194166183,0.2
pcb2,midlate,N_R_all,5,0.1752377194166183,0.0
pcb2,midlate,N_R_far,5,0.1752377194166183,0.0
pcb2,midlate,D,15,0.1752377194166183,0.0
pcb2,midlate,N_H,2,0.1752377194166183,0.0
pcb2,midlate,N_R_all,2,0.1752377194166183,0.0
pcb2,midlate,N_R_far,2,0.1752377194166183,0.0
pcb2,midlate,D,9,0.1752377194166183,0.0
pcb2,midlate,N_H,6,0.1752377194166183,0.0
pcb2,midlate,N_R_all,6,0.1752377194166183,0.0
pcb2,midlate,N_R_far,6,0.1752377194166183,0.0
pcb2,midlate,D,15,0.1752377194166183,0.0
pcb2,midlate,N_H,1,0.1752377194166183,0.0
pcb2,midlate,N_R_all,1,0.1752377194166183,0.0
pcb2,midlate,N_R_far,1,0.1752377194166183,0.0
pcb2,midlate,D,7,0.1752377194166183,0.0
pcb2,midlate,N_H,3,0.1752377194166183,0.0
pcb2,midlate,N_R_all,3,0.1752377194166183,0.0
pcb2,midlate,N_R_far,3,0.1752377194166183,0.0
pcb2,final,D,5,0.1641264688968649,0.0
pcb2,final,N_H,9,0.1641264688968649,0.0
pcb2,final,N_R_all,9,0.1641264688968649,0.0
pcb2,final,N_R_far,9,0.1641264688968649,0.0
pcb2,final,D,9,0.1641264688968649,0.0
pcb2,final,N_H,5,0.1641264688968649,0.0
pcb2,final,N_R_all,5,0.1641264688968649,0.0
pcb2,final,N_R_far,5,0.1641264688968649,0.0
pcb2,final,D,7,0.1641264688968649,0.0
pcb2,final,N_H,6,0.1641264688968649,0.0
pcb2,final,N_R_all,6,0.1641264688968649,0.0
pcb2,final,N_R_far,6,0.1641264688968649,0.0
pcb2,final,D,9,0.1641264688968649,0.0
pcb2,final,N_H,10,0.1641264688968649,0.0
pcb2,final,N_R_all,10,0.1641264688968649,0.0
pcb2,final,N_R_far,10,0.1641264688968649,0.0
pcb2,final,D,11,0.1641264688968649,0.0
pcb2,final,N_H,7,0.1641264688968649,0.0
pcb2,final,N_R_all,7,0.1641264688968649,0.0
pcb2,final,N_R_far,7,0.1641264688968649,0.0
pcb2,final,D,10,0.1641264688968649,0.1
pcb2,final,N_H,9,0.1641264688968649,0.1111111111111111
pcb2,final,N_R_all,9,0.1641264688968649,0.0
pcb2,final,N_R_far,9,0.1641264688968649,0.0
pcb2,final,D,13,0.1641264688968649,0.0
pcb2,final,N_H,2,0.1641264688968649,0.0
pcb2,final,N_R_all,2,0.1641264688968649,0.0
pcb2,final,N_R_far,2,0.1641264688968649,0.0
pcb2,final,D,11,0.1641264688968649,0.0
pcb2,final,N_H,3,0.1641264688968649,0.0
pcb2,final,N_R_all,3,0.1641264688968649,0.0
pcb2,final,N_R_far,3,0.1641264688968649,0.0
pcb2,final,D,15,0.1641264688968649,0.0
pcb2,final,N_H,5,0.1641264688968649,0.0
pcb2,final,N_R_all,5,0.1641264688968649,0.0
pcb2,final,N_R_far,5,0.1641264688968649,0.0
pcb2,final,D,14,0.1641264688968649,0.0
pcb2,final,N_H,5,0.1641264688968649,0.0
pcb2,final,N_R_all,5,0.1641264688968649,0.0
pcb2,final,N_R_far,5,0.1641264688968649,0.0
pcb2,final,D,7,0.1641264688968649,0.0
pcb2,final,N_H,9,0.1641264688968649,0.0
pcb2,final,N_R_all,9,0.1641264688968649,0.0
pcb2,final,N_R_far,9,0.1641264688968649,0.0
pcb2,final,D,7,0.1641264688968649,0.0
pcb2,final,N_H,7,0.1641264688968649,0.0
pcb2,final,N_R_all,7,0.1641264688968649,0.0
pcb2,final,N_R_far,7,0.1641264688968649,0.0
pcb2,final,D,22,0.1641264688968649,0.0
pcb2,final,N_H,1,0.1641264688968649,0.0
pcb2,final,N_R_all,1,0.1641264688968649,0.0
pcb2,final,N_R_far,1,0.1641264688968649,0.0
pcb2,final,D,17,0.1641264688968649,0.0
pcb2,final,N_H,5,0.1641264688968649,0.0
pcb2,final,N_R_all,5,0.1641264688968649,0.0
pcb2,final,N_R_far,5,0.1641264688968649,0.0
pcb2,final,D,13,0.1641264688968649,0.0
pcb2,final,N_H,5,0.1641264688968649,0.0
pcb2,final,N_R_all,5,0.1641264688968649,0.0
pcb2,final,N_R_far,5,0.1641264688968649,0.0
pcb2,final,D,7,0.1641264688968649,0.0
pcb2,final,N_H,5,0.1641264688968649,0.0
pcb2,final,N_R_all,5,0.1641264688968649,0.0
pcb2,final,N_R_far,5,0.1641264688968649,0.0
pcb2,final,D,10,0.1641264688968649,0.0
pcb2,final,N_H,7,0.1641264688968649,0.0
pcb2,final,N_R_all,7,0.1641264688968649,0.0
pcb2,final,N_R_far,7,0.1641264688968649,0.0
pcb2,final,D,9,0.1641264688968649,0.0
pcb2,final,N_H,9,0.1641264688968649,0.0
pcb2,final,N_R_all,9,0.1641264688968649,0.0
pcb2,final,N_R_far,9,0.1641264688968649,0.0
pcb2,final,D,15,0.1641264688968649,0.0
pcb2,final,N_H,12,0.1641264688968649,0.0
pcb2,final,N_R_all,12,0.1641264688968649,0.0
pcb2,final,N_R_far,12,0.1641264688968649,0.0
pcb2,final,D,5,0.1641264688968649,0.0
pcb2,final,N_H,8,0.1641264688968649,0.0
pcb2,final,N_R_all,8,0.1641264688968649,0.0
pcb2,final,N_R_far,8,0.1641264688968649,0.0
pcb2,final,D,13,0.1641264688968649,0.0
pcb2,final,N_H,6,0.1641264688968649,0.0
pcb2,final,N_R_all,6,0.1641264688968649,0.0
pcb2,final,N_R_far,6,0.1641264688968649,0.0
pcb2,final,D,7,0.1641264688968649,0.0
pcb2,final,N_H,7,0.1641264688968649,0.0
pcb2,final,N_R_all,7,0.1641264688968649,0.0
pcb2,final,N_R_far,7,0.1641264688968649,0.0
pcb2,final,D,9,0.1641264688968649,0.0
pcb2,final,N_H,11,0.1641264688968649,0.0
pcb2,final,N_R_all,11,0.1641264688968649,0.0
pcb2,final,N_R_far,11,0.1641264688968649,0.09090909090909091
pcb2,final,D,14,0.1641264688968649,0.0
pcb2,final,N_H,4,0.1641264688968649,0.0
pcb2,final,N_R_all,4,0.1641264688968649,0.0
pcb2,final,N_R_far,4,0.1641264688968649,0.0
pcb2,final,D,13,0.1641264688968649,0.0
pcb2,final,N_H,3,0.1641264688968649,0.0
pcb2,final,N_R_all,3,0.1641264688968649,0.0
pcb2,final,N_R_far,3,0.1641264688968649,0.0
pcb2,final,D,11,0.1641264688968649,0.0
pcb2,final,N_H,4,0.1641264688968649,0.0
pcb2,final,N_R_all,4,0.1641264688968649,0.0
pcb2,final,N_R_far,4,0.1641264688968649,0.0
pcb2,final,D,10,0.1641264688968649,0.0
pcb2,final,N_H,8,0.1641264688968649,0.0
pcb2,final,N_R_all,8,0.1641264688968649,0.0
pcb2,final,N_R_far,8,0.1641264688968649,0.0
pcb2,final,D,15,0.1641264688968649,0.0
pcb2,final,N_H,1,0.1641264688968649,0.0
pcb2,final,N_R_all,1,0.1641264688968649,0.0
pcb2,final,N_R_far,1,0.1641264688968649,0.0
pcb2,final,D,8,0.1641264688968649,0.0
pcb2,final,N_H,4,0.1641264688968649,0.0
pcb2,final,N_R_all,4,0.1641264688968649,0.0
pcb2,final,N_R_far,4,0.1641264688968649,0.0
pcb2,final,D,7,0.1641264688968649,0.0
pcb2,final,N_H,5,0.1641264688968649,0.0
pcb2,final,N_R_all,5,0.1641264688968649,0.0
pcb2,final,N_R_far,5,0.1641264688968649,0.0
pcb2,final,D,7,0.1641264688968649,0.0
pcb2,final,N_H,5,0.1641264688968649,0.0
pcb2,final,N_R_all,5,0.1641264688968649,0.0
pcb2,final,N_R_far,5,0.1641264688968649,0.0
pcb2,final,D,7,0.1641264688968649,0.0
pcb2,final,N_H,8,0.1641264688968649,0.0
pcb2,final,N_R_all,8,0.1641264688968649,0.0
pcb2,final,N_R_far,8,0.1641264688968649,0.0
pcb2,final,D,7,0.1641264688968649,0.0
pcb2,final,N_H,6,0.1641264688968649,0.0
pcb2,final,N_R_all,6,0.1641264688968649,0.0
pcb2,final,N_R_far,6,0.1641264688968649,0.0
pcb2,final,D,9,0.1641264688968649,0.0
pcb2,final,N_H,9,0.1641264688968649,0.0
pcb2,final,N_R_all,9,0.1641264688968649,0.0
pcb2,final,N_R_far,9,0.1641264688968649,0.0
pcb2,final,D,5,0.1641264688968649,0.0
pcb2,final,N_H,8,0.1641264688968649,0.0
pcb2,final,N_R_all,8,0.1641264688968649,0.0
pcb2,final,N_R_far,8,0.1641264688968649,0.0
pcb2,final,D,6,0.1641264688968649,0.0
pcb2,final,N_H,11,0.1641264688968649,0.0
pcb2,final,N_R_all,11,0.1641264688968649,0.0
pcb2,final,N_R_far,11,0.1641264688968649,0.0
pcb2,final,D,13,0.1641264688968649,0.0
pcb2,final,N_H,6,0.1641264688968649,0.0
pcb2,final,N_R_all,6,0.1641264688968649,0.0
pcb2,final,N_R_far,6,0.1641264688968649,0.0
pcb2,final,D,10,0.1641264688968649,0.0
pcb2,final,N_H,10,0.1641264688968649,0.0
pcb2,final,N_R_all,10,0.1641264688968649,0.0
pcb2,final,N_R_far,10,0.1641264688968649,0.0
pcb2,final,D,8,0.1641264688968649,0.0
pcb2,final,N_H,8,0.1641264688968649,0.0
pcb2,final,N_R_all,8,0.1641264688968649,0.0
pcb2,final,N_R_far,8,0.1641264688968649,0.0
pcb2,final,D,35,0.1641264688968649,0.0
pcb2,final,N_H,7,0.1641264688968649,0.0
pcb2,final,N_R_all,7,0.1641264688968649,0.0
pcb2,final,N_R_far,7,0.1641264688968649,0.0
pcb2,final,D,30,0.1641264688968649,0.0
pcb2,final,N_H,7,0.1641264688968649,0.0
pcb2,final,N_R_all,7,0.1641264688968649,0.0
pcb2,final,N_R_far,7,0.1641264688968649,0.0
pcb2,final,D,35,0.1641264688968649,0.0
pcb2,final,N_H,7,0.1641264688968649,0.0
pcb2,final,N_R_all,7,0.1641264688968649,0.0
pcb2,final,N_R_far,7,0.1641264688968649,0.0
pcb2,final,D,19,0.1641264688968649,0.0
pcb2,final,N_H,5,0.1641264688968649,0.0
pcb2,final,N_R_all,5,0.1641264688968649,0.0
pcb2,final,N_R_far,5,0.1641264688968649,0.0
pcb2,final,D,75,0.1641264688968649,0.0
pcb2,final,N_H,7,0.1641264688968649,0.0
pcb2,final,N_R_all,7,0.1641264688968649,0.0
pcb2,final,N_R_far,7,0.1641264688968649,0.0
pcb2,final,D,33,0.1641264688968649,0.0
pcb2,final,N_H,2,0.1641264688968649,0.0
pcb2,final,N_R_all,2,0.1641264688968649,0.0
pcb2,final,N_R_far,2,0.1641264688968649,0.0
pcb2,final,D,73,0.1641264688968649,0.0136986301369863
pcb2,final,N_H,5,0.1641264688968649,0.0
pcb2,final,N_R_all,5,0.1641264688968649,0.0
pcb2,final,N_R_far,5,0.1641264688968649,0.0
pcb2,final,D,6,0.1641264688968649,0.0
pcb2,final,N_H,9,0.1641264688968649,0.0
pcb2,final,N_R_all,9,0.1641264688968649,0.0
pcb2,final,N_R_far,9,0.1641264688968649,0.0
pcb2,final,D,47,0.1641264688968649,0.0
pcb2,final,N_H,3,0.1641264688968649,0.0
pcb2,final,N_R_all,3,0.1641264688968649,0.0
pcb2,final,N_R_far,3,0.1641264688968649,0.0
pcb2,final,D,15,0.1641264688968649,0.0
pcb2,final,N_H,5,0.1641264688968649,0.0
pcb2,final,N_R_all,5,0.1641264688968649,0.0
pcb2,final,N_R_far,5,0.1641264688968649,0.0
pcb2,final,D,6,0.1641264688968649,0.0
pcb2,final,N_H,9,0.1641264688968649,0.1111111111111111
pcb2,final,N_R_all,9,0.1641264688968649,0.0
pcb2,final,N_R_far,9,0.1641264688968649,0.0
pcb2,final,D,12,0.1641264688968649,0.0
pcb2,final,N_H,3,0.1641264688968649,0.0
pcb2,final,N_R_all,3,0.1641264688968649,0.0
pcb2,final,N_R_far,3,0.1641264688968649,0.0
pcb2,final,D,35,0.1641264688968649,0.0
pcb2,final,N_H,5,0.1641264688968649,0.0
pcb2,final,N_R_all,5,0.1641264688968649,0.0
pcb2,final,N_R_far,5,0.1641264688968649,0.0
pcb2,final,D,4,0.1641264688968649,0.0
pcb2,final,N_H,10,0.1641264688968649,0.0
pcb2,final,N_R_all,10,0.1641264688968649,0.0
pcb2,final,N_R_far,10,0.1641264688968649,0.0
pcb2,final,D,21,0.1641264688968649,0.0
pcb2,final,N_H,2,0.1641264688968649,0.0
pcb2,final,N_R_all,2,0.1641264688968649,0.0
pcb2,final,N_R_far,2,0.1641264688968649,0.0
pcb2,final,D,4,0.1641264688968649,0.0
pcb2,final,N_H,11,0.1641264688968649,0.0
pcb2,final,N_R_all,11,0.1641264688968649,0.0
pcb2,final,N_R_far,11,0.1641264688968649,0.0
pcb2,final,D,5,0.1641264688968649,0.0
pcb2,final,N_H,12,0.1641264688968649,0.0
pcb2,final,N_R_all,12,0.1641264688968649,0.0
pcb2,final,N_R_far,12,0.1641264688968649,0.0
pcb2,final,D,8,0.1641264688968649,0.0
pcb2,final,N_H,13,0.1641264688968649,0.0
pcb2,final,N_R_all,13,0.1641264688968649,0.0
pcb2,final,N_R_far,13,0.1641264688968649,0.0
pcb2,final,D,1,0.1641264688968649,0.0
pcb2,final,N_H,12,0.1641264688968649,0.0
pcb2,final,N_R_all,12,0.1641264688968649,0.0
pcb2,final,N_R_far,12,0.1641264688968649,0.0
pcb2,final,D,12,0.1641264688968649,0.0
pcb2,final,N_H,11,0.1641264688968649,0.0
pcb2,final,N_R_all,11,0.1641264688968649,0.0
pcb2,final,N_R_far,11,0.1641264688968649,0.0
pcb2,final,D,6,0.1641264688968649,0.0
pcb2,final,N_H,10,0.1641264688968649,0.0
pcb2,final,N_R_all,10,0.1641264688968649,0.0
pcb2,final,N_R_far,10,0.1641264688968649,0.0
pcb2,final,D,7,0.1641264688968649,0.0
pcb2,final,N_H,2,0.1641264688968649,0.0
pcb2,final,N_R_all,2,0.1641264688968649,0.0
pcb2,final,N_R_far,2,0.1641264688968649,0.0
pcb2,final,D,5,0.1641264688968649,0.0
pcb2,final,N_H,11,0.1641264688968649,0.0
pcb2,final,N_R_all,11,0.1641264688968649,0.0
pcb2,final,N_R_far,11,0.1641264688968649,0.0
pcb2,final,D,4,0.1641264688968649,0.0
pcb2,final,N_H,11,0.1641264688968649,0.09090909090909091
pcb2,final,N_R_all,11,0.1641264688968649,0.0
pcb2,final,N_R_far,11,0.1641264688968649,0.0
pcb2,final,D,8,0.1641264688968649,0.0
pcb2,final,N_H,6,0.1641264688968649,0.0
pcb2,final,N_R_all,6,0.1641264688968649,0.0
pcb2,final,N_R_far,6,0.1641264688968649,0.0
pcb2,final,D,8,0.1641264688968649,0.0
pcb2,final,N_H,9,0.1641264688968649,0.1111111111111111
pcb2,final,N_R_all,9,0.1641264688968649,0.0
pcb2,final,N_R_far,9,0.1641264688968649,0.0
pcb2,final,D,8,0.1641264688968649,0.0
pcb2,final,N_H,6,0.1641264688968649,0.0
pcb2,final,N_R_all,6,0.1641264688968649,0.0
pcb2,final,N_R_far,6,0.1641264688968649,0.0
pcb2,final,D,4,0.1641264688968649,0.0
pcb2,final,N_H,8,0.1641264688968649,0.0
pcb2,final,N_R_all,8,0.1641264688968649,0.0
pcb2,final,N_R_far,8,0.1641264688968649,0.0
pcb2,final,D,6,0.1641264688968649,0.0
pcb2,final,N_H,5,0.1641264688968649,0.0
pcb2,final,N_R_all,5,0.1641264688968649,0.0
pcb2,final,N_R_far,5,0.1641264688968649,0.0
pcb2,final,D,5,0.1641264688968649,0.0
pcb2,final,N_H,10,0.1641264688968649,0.0
pcb2,final,N_R_all,10,0.1641264688968649,0.0
pcb2,final,N_R_far,10,0.1641264688968649,0.0
pcb2,final,D,5,0.1641264688968649,0.0
pcb2,final,N_H,8,0.1641264688968649,0.0
pcb2,final,N_R_all,8,0.1641264688968649,0.0
pcb2,final,N_R_far,8,0.1641264688968649,0.0
pcb2,final,D,11,0.1641264688968649,0.0
pcb2,final,N_H,7,0.1641264688968649,0.0
pcb2,final,N_R_all,7,0.1641264688968649,0.0
pcb2,final,N_R_far,7,0.1641264688968649,0.0
pcb2,final,D,6,0.1641264688968649,0.0
pcb2,final,N_H,7,0.1641264688968649,0.0
pcb2,final,N_R_all,7,0.1641264688968649,0.0
pcb2,final,N_R_far,7,0.1641264688968649,0.0
pcb2,final,D,3,0.1641264688968649,0.0
pcb2,final,N_H,12,0.1641264688968649,0.0
pcb2,final,N_R_all,12,0.1641264688968649,0.0
pcb2,final,N_R_far,12,0.1641264688968649,0.0
pcb2,final,D,8,0.1641264688968649,0.0
pcb2,final,N_H,6,0.1641264688968649,0.0
pcb2,final,N_R_all,6,0.1641264688968649,0.0
pcb2,final,N_R_far,6,0.1641264688968649,0.0
pcb2,final,D,12,0.1641264688968649,0.0
pcb2,final,N_H,8,0.1641264688968649,0.0
pcb2,final,N_R_all,8,0.1641264688968649,0.0
pcb2,final,N_R_far,8,0.1641264688968649,0.0
pcb2,final,D,4,0.1641264688968649,0.0
pcb2,final,N_H,13,0.1641264688968649,0.0
pcb2,final,N_R_all,13,0.1641264688968649,0.0
pcb2,final,N_R_far,13,0.1641264688968649,0.0
pcb2,final,D,10,0.1641264688968649,0.0
pcb2,final,N_H,6,0.1641264688968649,0.0
pcb2,final,N_R_all,6,0.1641264688968649,0.0
pcb2,final,N_R_far,6,0.1641264688968649,0.0
pcb2,final,D,6,0.1641264688968649,0.0
pcb2,final,N_H,6,0.1641264688968649,0.0
pcb2,final,N_R_all,6,0.1641264688968649,0.0
pcb2,final,N_R_far,6,0.1641264688968649,0.0
pcb2,final,D,8,0.1641264688968649,0.0
pcb2,final,N_H,6,0.1641264688968649,0.0
pcb2,final,N_R_all,6,0.1641264688968649,0.0
pcb2,final,N_R_far,6,0.1641264688968649,0.0
pcb2,final,D,5,0.1641264688968649,0.0
pcb2,final,N_H,10,0.1641264688968649,0.0
pcb2,final,N_R_all,10,0.1641264688968649,0.0
pcb2,final,N_R_far,10,0.1641264688968649,0.0
pcb2,final,D,10,0.1641264688968649,0.0
pcb2,final,N_H,5,0.1641264688968649,0.0
pcb2,final,N_R_all,5,0.1641264688968649,0.0
pcb2,final,N_R_far,5,0.1641264688968649,0.0
pcb2,final,D,4,0.1641264688968649,0.0
pcb2,final,N_H,7,0.1641264688968649,0.0
pcb2,final,N_R_all,7,0.1641264688968649,0.0
pcb2,final,N_R_far,7,0.1641264688968649,0.0
pcb2,final,D,3,0.1641264688968649,0.0
pcb2,final,N_H,12,0.1641264688968649,0.0
pcb2,final,N_R_all,12,0.1641264688968649,0.0
pcb2,final,N_R_far,12,0.1641264688968649,0.0
pcb2,final,D,14,0.1641264688968649,0.0
pcb2,final,N_H,1,0.1641264688968649,0.0
pcb2,final,N_R_all,1,0.1641264688968649,0.0
pcb2,final,N_R_far,1,0.1641264688968649,0.0
pcb2,final,D,11,0.1641264688968649,0.0
pcb2,final,N_H,5,0.1641264688968649,0.0
pcb2,final,N_R_all,5,0.1641264688968649,0.0
pcb2,final,N_R_far,5,0.1641264688968649,0.0
pcb2,final,D,13,0.1641264688968649,0.0
pcb2,final,N_H,4,0.1641264688968649,0.0
pcb2,final,N_R_all,4,0.1641264688968649,0.0
pcb2,final,N_R_far,4,0.1641264688968649,0.0
pcb2,final,D,11,0.1641264688968649,0.0
pcb2,final,N_H,3,0.1641264688968649,0.0
pcb2,final,N_R_all,3,0.1641264688968649,0.0
pcb2,final,N_R_far,3,0.1641264688968649,0.0
pcb2,final,D,13,0.1641264688968649,0.0
pcb2,final,N_H,5,0.1641264688968649,0.2
pcb2,final,N_R_all,5,0.1641264688968649,0.0
pcb2,final,N_R_far,5,0.1641264688968649,0.0
pcb2,final,D,11,0.1641264688968649,0.09090909090909091
pcb2,final,N_H,2,0.1641264688968649,0.0
pcb2,final,N_R_all,2,0.1641264688968649,0.0
pcb2,final,N_R_far,2,0.1641264688968649,0.0
pcb2,final,D,9,0.1641264688968649,0.0
pcb2,final,N_H,5,0.1641264688968649,0.0
pcb2,final,N_R_all,5,0.1641264688968649,0.0
pcb2,final,N_R_far,5,0.1641264688968649,0.0
pcb2,final,D,10,0.1641264688968649,0.0
pcb2,final,N_H,2,0.1641264688968649,0.0
pcb2,final,N_R_all,2,0.1641264688968649,0.0
pcb2,final,N_R_far,2,0.1641264688968649,0.0
pcb2,final,D,21,0.1641264688968649,0.0
pcb2,final,N_H,4,0.1641264688968649,0.0
pcb2,final,N_R_all,4,0.1641264688968649,0.0
pcb2,final,N_R_far,4,0.1641264688968649,0.0
pcb2,final,D,10,0.1641264688968649,0.0
pcb2,final,N_H,4,0.1641264688968649,0.0
pcb2,final,N_R_all,4,0.1641264688968649,0.0
pcb2,final,N_R_far,4,0.1641264688968649,0.0
pcb2,final,D,16,0.1641264688968649,0.0
pcb2,final,N_H,3,0.1641264688968649,0.0
pcb2,final,N_R_all,3,0.1641264688968649,0.0
pcb2,final,N_R_far,3,0.1641264688968649,0.0
pcb2,final,D,14,0.1641264688968649,0.0
pcb2,final,N_H,5,0.1641264688968649,0.0
pcb2,final,N_R_all,5,0.1641264688968649,0.0
pcb2,final,N_R_far,5,0.1641264688968649,0.0
pcb2,final,D,15,0.1641264688968649,0.0
pcb2,final,N_H,2,0.1641264688968649,0.0
pcb2,final,N_R_all,2,0.1641264688968649,0.0
pcb2,final,N_R_far,2,0.1641264688968649,0.0
pcb2,final,D,9,0.1641264688968649,0.0
pcb2,final,N_H,6,0.1641264688968649,0.0
pcb2,final,N_R_all,6,0.1641264688968649,0.0
pcb2,final,N_R_far,6,0.1641264688968649,0.0
pcb2,final,D,15,0.1641264688968649,0.0
pcb2,final,N_H,1,0.1641264688968649,0.0
pcb2,final,N_R_all,1,0.1641264688968649,0.0
pcb2,final,N_R_far,1,0.1641264688968649,0.0
pcb2,final,D,7,0.1641264688968649,0.0
pcb2,final,N_H,3,0.1641264688968649,0.0
pcb2,final,N_R_all,3,0.1641264688968649,0.0
pcb2,final,N_R_far,3,0.1641264688968649,0.0
chewinggum,mid,D,10,0.15206696808338163,0.0
chewinggum,mid,N_H,1,0.15206696808338163,0.0
chewinggum,mid,N_R_all,1,0.15206696808338163,0.0
chewinggum,mid,N_R_far,1,0.15206696808338163,0.0
chewinggum,mid,D,9,0.15206696808338163,0.0
chewinggum,mid,N_H,2,0.15206696808338163,0.0
chewinggum,mid,N_R_all,2,0.15206696808338163,0.0
chewinggum,mid,N_R_far,2,0.15206696808338163,0.0
chewinggum,mid,D,8,0.15206696808338163,0.0
chewinggum,mid,N_H,4,0.15206696808338163,0.0
chewinggum,mid,N_R_all,4,0.15206696808338163,0.0
chewinggum,mid,N_R_far,4,0.15206696808338163,0.0
chewinggum,mid,D,8,0.15206696808338163,0.125
chewinggum,mid,N_H,7,0.15206696808338163,0.0
chewinggum,mid,N_R_all,7,0.15206696808338163,0.0
chewinggum,mid,N_R_far,7,0.15206696808338163,0.0
chewinggum,mid,D,6,0.15206696808338163,0.16666666666666666
chewinggum,mid,N_H,10,0.15206696808338163,0.0
chewinggum,mid,N_R_all,10,0.15206696808338163,0.0
chewinggum,mid,N_R_far,10,0.15206696808338163,0.0
chewinggum,mid,D,6,0.15206696808338163,0.0
chewinggum,mid,N_H,5,0.15206696808338163,0.0
chewinggum,mid,N_R_all,5,0.15206696808338163,0.0
chewinggum,mid,N_R_far,5,0.15206696808338163,0.0
chewinggum,mid,D,5,0.15206696808338163,0.0
chewinggum,mid,N_H,5,0.15206696808338163,0.0
chewinggum,mid,N_R_all,5,0.15206696808338163,0.0
chewinggum,mid,N_R_far,5,0.15206696808338163,0.0
chewinggum,mid,D,3,0.15206696808338163,0.0
chewinggum,mid,N_H,9,0.15206696808338163,0.0
chewinggum,mid,N_R_all,9,0.15206696808338163,0.0
chewinggum,mid,N_R_far,9,0.15206696808338163,0.0
chewinggum,mid,D,13,0.15206696808338163,0.0
chewinggum,mid,N_H,9,0.15206696808338163,0.0
chewinggum,mid,N_R_all,9,0.15206696808338163,0.0
chewinggum,mid,N_R_far,9,0.15206696808338163,0.0
chewinggum,mid,D,4,0.15206696808338163,0.0
chewinggum,mid,N_H,9,0.15206696808338163,0.0
chewinggum,mid,N_R_all,9,0.15206696808338163,0.0
chewinggum,mid,N_R_far,9,0.15206696808338163,0.0
chewinggum,mid,D,5,0.15206696808338163,0.0
chewinggum,mid,N_H,5,0.15206696808338163,0.0
chewinggum,mid,N_R_all,5,0.15206696808338163,0.0
chewinggum,mid,N_R_far,5,0.15206696808338163,0.0
chewinggum,mid,D,6,0.15206696808338163,0.0
chewinggum,mid,N_H,2,0.15206696808338163,0.0
chewinggum,mid,N_R_all,2,0.15206696808338163,0.0
chewinggum,mid,N_R_far,2,0.15206696808338163,0.0
chewinggum,mid,D,11,0.15206696808338163,0.0
chewinggum,mid,N_H,1,0.15206696808338163,0.0
chewinggum,mid,N_R_all,1,0.15206696808338163,0.0
chewinggum,mid,N_R_far,1,0.15206696808338163,0.0
chewinggum,mid,D,5,0.15206696808338163,0.0
chewinggum,mid,N_H,9,0.15206696808338163,0.0
chewinggum,mid,N_R_all,9,0.15206696808338163,0.0
chewinggum,mid,N_R_far,9,0.15206696808338163,0.0
chewinggum,mid,D,13,0.15206696808338163,0.0
chewinggum,mid,N_H,3,0.15206696808338163,0.0
chewinggum,mid,N_R_all,3,0.15206696808338163,0.3333333333333333
chewinggum,mid,N_R_far,3,0.15206696808338163,0.0
chewinggum,mid,D,18,0.15206696808338163,0.0
chewinggum,mid,N_H,1,0.15206696808338163,0.0
chewinggum,mid,N_R_all,1,0.15206696808338163,0.0
chewinggum,mid,N_R_far,1,0.15206696808338163,0.0
chewinggum,mid,D,3,0.15206696808338163,0.0
chewinggum,mid,N_H,2,0.15206696808338163,0.0
chewinggum,mid,N_R_all,2,0.15206696808338163,0.0
chewinggum,mid,N_R_far,2,0.15206696808338163,0.0
chewinggum,mid,D,4,0.15206696808338163,0.0
chewinggum,mid,N_H,1,0.15206696808338163,0.0
chewinggum,mid,N_R_all,1,0.15206696808338163,0.0
chewinggum,mid,N_R_far,1,0.15206696808338163,0.0
chewinggum,mid,D,5,0.15206696808338163,0.0
chewinggum,mid,N_H,1,0.15206696808338163,0.0
chewinggum,mid,N_R_all,1,0.15206696808338163,0.0
chewinggum,mid,N_R_far,1,0.15206696808338163,0.0
chewinggum,mid,D,4,0.15206696808338163,0.0
chewinggum,mid,N_H,7,0.15206696808338163,0.0
chewinggum,mid,N_R_all,7,0.15206696808338163,0.0
chewinggum,mid,N_R_far,7,0.15206696808338163,0.0
chewinggum,mid,D,7,0.15206696808338163,0.0
chewinggum,mid,N_H,3,0.15206696808338163,0.0
chewinggum,mid,N_R_all,3,0.15206696808338163,0.0
chewinggum,mid,N_R_far,3,0.15206696808338163,0.0
chewinggum,mid,D,6,0.15206696808338163,0.0
chewinggum,mid,N_H,4,0.15206696808338163,0.0
chewinggum,mid,N_R_all,4,0.15206696808338163,0.0
chewinggum,mid,N_R_far,4,0.15206696808338163,0.0
chewinggum,mid,D,4,0.15206696808338163,0.0
chewinggum,mid,N_H,5,0.15206696808338163,0.0
chewinggum,mid,N_R_all,5,0.15206696808338163,0.0
chewinggum,mid,N_R_far,5,0.15206696808338163,0.0
chewinggum,mid,D,7,0.15206696808338163,0.0
chewinggum,mid,N_H,2,0.15206696808338163,0.0
chewinggum,mid,N_R_all,2,0.15206696808338163,0.0
chewinggum,mid,N_R_far,2,0.15206696808338163,0.0
chewinggum,mid,D,5,0.15206696808338163,0.0
chewinggum,mid,N_H,3,0.15206696808338163,0.0
chewinggum,mid,N_R_all,3,0.15206696808338163,0.0
chewinggum,mid,N_R_far,3,0.15206696808338163,0.0
chewinggum,mid,D,5,0.15206696808338163,0.0
chewinggum,mid,N_H,1,0.15206696808338163,0.0
chewinggum,mid,N_R_all,1,0.15206696808338163,0.0
chewinggum,mid,N_R_far,1,0.15206696808338163,0.0
chewinggum,mid,D,4,0.15206696808338163,0.0
chewinggum,mid,N_H,3,0.15206696808338163,0.0
chewinggum,mid,N_R_all,3,0.15206696808338163,0.0
chewinggum,mid,N_R_far,3,0.15206696808338163,0.0
chewinggum,mid,D,5,0.15206696808338163,0.0
chewinggum,mid,N_H,4,0.15206696808338163,0.0
chewinggum,mid,N_R_all,4,0.15206696808338163,0.0
chewinggum,mid,N_R_far,4,0.15206696808338163,0.0
chewinggum,mid,D,6,0.15206696808338163,0.0
chewinggum,mid,N_H,1,0.15206696808338163,0.0
chewinggum,mid,N_R_all,1,0.15206696808338163,0.0
chewinggum,mid,N_R_far,1,0.15206696808338163,0.0
chewinggum,mid,D,4,0.15206696808338163,0.0
chewinggum,mid,N_H,1,0.15206696808338163,0.0
chewinggum,mid,N_R_all,1,0.15206696808338163,0.0
chewinggum,mid,N_R_far,1,0.15206696808338163,0.0
chewinggum,mid,D,7,0.15206696808338163,0.0
chewinggum,mid,N_H,1,0.15206696808338163,0.0
chewinggum,mid,N_R_all,1,0.15206696808338163,0.0
chewinggum,mid,N_R_far,1,0.15206696808338163,0.0
chewinggum,midlate,D,10,0.15430351853370666,0.0
chewinggum,midlate,N_H,1,0.15430351853370666,0.0
chewinggum,midlate,N_R_all,1,0.15430351853370666,0.0
chewinggum,midlate,N_R_far,1,0.15430351853370666,0.0
chewinggum,midlate,D,9,0.15430351853370666,0.0
chewinggum,midlate,N_H,2,0.15430351853370666,0.0
chewinggum,midlate,N_R_all,2,0.15430351853370666,0.0
chewinggum,midlate,N_R_far,2,0.15430351853370666,0.0
chewinggum,midlate,D,8,0.15430351853370666,0.0
chewinggum,midlate,N_H,4,0.15430351853370666,0.0
chewinggum,midlate,N_R_all,4,0.15430351853370666,0.0
chewinggum,midlate,N_R_far,4,0.15430351853370666,0.0
chewinggum,midlate,D,8,0.15430351853370666,0.0
chewinggum,midlate,N_H,7,0.15430351853370666,0.0
chewinggum,midlate,N_R_all,7,0.15430351853370666,0.0
chewinggum,midlate,N_R_far,7,0.15430351853370666,0.0
chewinggum,midlate,D,6,0.15430351853370666,0.16666666666666666
chewinggum,midlate,N_H,10,0.15430351853370666,0.0
chewinggum,midlate,N_R_all,10,0.15430351853370666,0.0
chewinggum,midlate,N_R_far,10,0.15430351853370666,0.0
chewinggum,midlate,D,6,0.15430351853370666,0.0
chewinggum,midlate,N_H,5,0.15430351853370666,0.0
chewinggum,midlate,N_R_all,5,0.15430351853370666,0.0
chewinggum,midlate,N_R_far,5,0.15430351853370666,0.0
chewinggum,midlate,D,5,0.15430351853370666,0.0
chewinggum,midlate,N_H,5,0.15430351853370666,0.0
chewinggum,midlate,N_R_all,5,0.15430351853370666,0.0
chewinggum,midlate,N_R_far,5,0.15430351853370666,0.0
chewinggum,midlate,D,3,0.15430351853370666,0.0
chewinggum,midlate,N_H,9,0.15430351853370666,0.0
chewinggum,midlate,N_R_all,9,0.15430351853370666,0.0
chewinggum,midlate,N_R_far,9,0.15430351853370666,0.0
chewinggum,midlate,D,13,0.15430351853370666,0.0
chewinggum,midlate,N_H,9,0.15430351853370666,0.0
chewinggum,midlate,N_R_all,9,0.15430351853370666,0.0
chewinggum,midlate,N_R_far,9,0.15430351853370666,0.0
chewinggum,midlate,D,4,0.15430351853370666,0.0
chewinggum,midlate,N_H,9,0.15430351853370666,0.1111111111111111
chewinggum,midlate,N_R_all,9,0.15430351853370666,0.0
chewinggum,midlate,N_R_far,9,0.15430351853370666,0.0
chewinggum,midlate,D,5,0.15430351853370666,0.0
chewinggum,midlate,N_H,5,0.15430351853370666,0.0
chewinggum,midlate,N_R_all,5,0.15430351853370666,0.0
chewinggum,midlate,N_R_far,5,0.15430351853370666,0.0
chewinggum,midlate,D,6,0.15430351853370666,0.0
chewinggum,midlate,N_H,2,0.15430351853370666,0.0
chewinggum,midlate,N_R_all,2,0.15430351853370666,0.0
chewinggum,midlate,N_R_far,2,0.15430351853370666,0.0
chewinggum,midlate,D,11,0.15430351853370666,0.0
chewinggum,midlate,N_H,1,0.15430351853370666,0.0
chewinggum,midlate,N_R_all,1,0.15430351853370666,0.0
chewinggum,midlate,N_R_far,1,0.15430351853370666,0.0
chewinggum,midlate,D,5,0.15430351853370666,0.0
chewinggum,midlate,N_H,9,0.15430351853370666,0.0
chewinggum,midlate,N_R_all,9,0.15430351853370666,0.0
chewinggum,midlate,N_R_far,9,0.15430351853370666,0.0
chewinggum,midlate,D,13,0.15430351853370666,0.0
chewinggum,midlate,N_H,3,0.15430351853370666,0.0
chewinggum,midlate,N_R_all,3,0.15430351853370666,0.0
chewinggum,midlate,N_R_far,3,0.15430351853370666,0.0
chewinggum,midlate,D,18,0.15430351853370666,0.0
chewinggum,midlate,N_H,1,0.15430351853370666,0.0
chewinggum,midlate,N_R_all,1,0.15430351853370666,0.0
chewinggum,midlate,N_R_far,1,0.15430351853370666,0.0
chewinggum,midlate,D,3,0.15430351853370666,0.0
chewinggum,midlate,N_H,2,0.15430351853370666,0.0
chewinggum,midlate,N_R_all,2,0.15430351853370666,0.0
chewinggum,midlate,N_R_far,2,0.15430351853370666,0.0
chewinggum,midlate,D,4,0.15430351853370666,0.0
chewinggum,midlate,N_H,1,0.15430351853370666,0.0
chewinggum,midlate,N_R_all,1,0.15430351853370666,0.0
chewinggum,midlate,N_R_far,1,0.15430351853370666,0.0
chewinggum,midlate,D,5,0.15430351853370666,0.0
chewinggum,midlate,N_H,1,0.15430351853370666,0.0
chewinggum,midlate,N_R_all,1,0.15430351853370666,0.0
chewinggum,midlate,N_R_far,1,0.15430351853370666,0.0
chewinggum,midlate,D,4,0.15430351853370666,0.0
chewinggum,midlate,N_H,7,0.15430351853370666,0.0
chewinggum,midlate,N_R_all,7,0.15430351853370666,0.0
chewinggum,midlate,N_R_far,7,0.15430351853370666,0.0
chewinggum,midlate,D,7,0.15430351853370666,0.0
chewinggum,midlate,N_H,3,0.15430351853370666,0.0
chewinggum,midlate,N_R_all,3,0.15430351853370666,0.0
chewinggum,midlate,N_R_far,3,0.15430351853370666,0.0
chewinggum,midlate,D,6,0.15430351853370666,0.0
chewinggum,midlate,N_H,4,0.15430351853370666,0.0
chewinggum,midlate,N_R_all,4,0.15430351853370666,0.0
chewinggum,midlate,N_R_far,4,0.15430351853370666,0.0
chewinggum,midlate,D,4,0.15430351853370666,0.0
chewinggum,midlate,N_H,5,0.15430351853370666,0.0
chewinggum,midlate,N_R_all,5,0.15430351853370666,0.0
chewinggum,midlate,N_R_far,5,0.15430351853370666,0.0
chewinggum,midlate,D,7,0.15430351853370666,0.0
chewinggum,midlate,N_H,2,0.15430351853370666,0.0
chewinggum,midlate,N_R_all,2,0.15430351853370666,0.0
chewinggum,midlate,N_R_far,2,0.15430351853370666,0.0
chewinggum,midlate,D,5,0.15430351853370666,0.0
chewinggum,midlate,N_H,3,0.15430351853370666,0.0
chewinggum,midlate,N_R_all,3,0.15430351853370666,0.0
chewinggum,midlate,N_R_far,3,0.15430351853370666,0.0
chewinggum,midlate,D,5,0.15430351853370666,0.0
chewinggum,midlate,N_H,1,0.15430351853370666,0.0
chewinggum,midlate,N_R_all,1,0.15430351853370666,0.0
chewinggum,midlate,N_R_far,1,0.15430351853370666,0.0
chewinggum,midlate,D,4,0.15430351853370666,0.0
chewinggum,midlate,N_H,3,0.15430351853370666,0.0
chewinggum,midlate,N_R_all,3,0.15430351853370666,0.0
chewinggum,midlate,N_R_far,3,0.15430351853370666,0.0
chewinggum,midlate,D,5,0.15430351853370666,0.0
chewinggum,midlate,N_H,4,0.15430351853370666,0.0
chewinggum,midlate,N_R_all,4,0.15430351853370666,0.0
chewinggum,midlate,N_R_far,4,0.15430351853370666,0.0
chewinggum,midlate,D,6,0.15430351853370666,0.0
chewinggum,midlate,N_H,1,0.15430351853370666,0.0
chewinggum,midlate,N_R_all,1,0.15430351853370666,0.0
chewinggum,midlate,N_R_far,1,0.15430351853370666,0.0
chewinggum,midlate,D,4,0.15430351853370666,0.0
chewinggum,midlate,N_H,1,0.15430351853370666,0.0
chewinggum,midlate,N_R_all,1,0.15430351853370666,0.0
chewinggum,midlate,N_R_far,1,0.15430351853370666,0.0
chewinggum,midlate,D,7,0.15430351853370666,0.0
chewinggum,midlate,N_H,1,0.15430351853370666,0.0
chewinggum,midlate,N_R_all,1,0.15430351853370666,0.0
chewinggum,midlate,N_R_far,1,0.15430351853370666,0.0
chewinggum,final,D,10,0.1289129710197448,0.0
chewinggum,final,N_H,1,0.1289129710197448,0.0
chewinggum,final,N_R_all,1,0.1289129710197448,0.0
chewinggum,final,N_R_far,1,0.1289129710197448,0.0
chewinggum,final,D,9,0.1289129710197448,0.0
chewinggum,final,N_H,2,0.1289129710197448,0.0
chewinggum,final,N_R_all,2,0.1289129710197448,0.0
chewinggum,final,N_R_far,2,0.1289129710197448,0.0
chewinggum,final,D,8,0.1289129710197448,0.0
chewinggum,final,N_H,4,0.1289129710197448,0.0
chewinggum,final,N_R_all,4,0.1289129710197448,0.0
chewinggum,final,N_R_far,4,0.1289129710197448,0.0
chewinggum,final,D,8,0.1289129710197448,0.0
chewinggum,final,N_H,7,0.1289129710197448,0.0
chewinggum,final,N_R_all,7,0.1289129710197448,0.0
chewinggum,final,N_R_far,7,0.1289129710197448,0.0
chewinggum,final,D,6,0.1289129710197448,0.0
chewinggum,final,N_H,10,0.1289129710197448,0.0
chewinggum,final,N_R_all,10,0.1289129710197448,0.0
chewinggum,final,N_R_far,10,0.1289129710197448,0.1
chewinggum,final,D,6,0.1289129710197448,0.0
chewinggum,final,N_H,5,0.1289129710197448,0.0
chewinggum,final,N_R_all,5,0.1289129710197448,0.0
chewinggum,final,N_R_far,5,0.1289129710197448,0.0
chewinggum,final,D,5,0.1289129710197448,0.0
chewinggum,final,N_H,5,0.1289129710197448,0.0
chewinggum,final,N_R_all,5,0.1289129710197448,0.0
chewinggum,final,N_R_far,5,0.1289129710197448,0.0
chewinggum,final,D,3,0.1289129710197448,0.0
chewinggum,final,N_H,9,0.1289129710197448,0.0
chewinggum,final,N_R_all,9,0.1289129710197448,0.0
chewinggum,final,N_R_far,9,0.1289129710197448,0.1111111111111111
chewinggum,final,D,13,0.1289129710197448,0.0
chewinggum,final,N_H,9,0.1289129710197448,0.0
chewinggum,final,N_R_all,9,0.1289129710197448,0.1111111111111111
chewinggum,final,N_R_far,9,0.1289129710197448,0.0
chewinggum,final,D,4,0.1289129710197448,0.0
chewinggum,final,N_H,9,0.1289129710197448,0.1111111111111111
chewinggum,final,N_R_all,9,0.1289129710197448,0.0
chewinggum,final,N_R_far,9,0.1289129710197448,0.0
chewinggum,final,D,5,0.1289129710197448,0.0
chewinggum,final,N_H,5,0.1289129710197448,0.0
chewinggum,final,N_R_all,5,0.1289129710197448,0.0
chewinggum,final,N_R_far,5,0.1289129710197448,0.0
chewinggum,final,D,6,0.1289129710197448,0.0
chewinggum,final,N_H,2,0.1289129710197448,0.0
chewinggum,final,N_R_all,2,0.1289129710197448,0.0
chewinggum,final,N_R_far,2,0.1289129710197448,0.0
chewinggum,final,D,11,0.1289129710197448,0.0
chewinggum,final,N_H,1,0.1289129710197448,0.0
chewinggum,final,N_R_all,1,0.1289129710197448,0.0
chewinggum,final,N_R_far,1,0.1289129710197448,0.0
chewinggum,final,D,5,0.1289129710197448,0.0
chewinggum,final,N_H,9,0.1289129710197448,0.0
chewinggum,final,N_R_all,9,0.1289129710197448,0.0
chewinggum,final,N_R_far,9,0.1289129710197448,0.0
chewinggum,final,D,13,0.1289129710197448,0.0
chewinggum,final,N_H,3,0.1289129710197448,0.0
chewinggum,final,N_R_all,3,0.1289129710197448,0.0
chewinggum,final,N_R_far,3,0.1289129710197448,0.0
chewinggum,final,D,18,0.1289129710197448,0.0
chewinggum,final,N_H,1,0.1289129710197448,0.0
chewinggum,final,N_R_all,1,0.1289129710197448,0.0
chewinggum,final,N_R_far,1,0.1289129710197448,0.0
chewinggum,final,D,3,0.1289129710197448,0.0
chewinggum,final,N_H,2,0.1289129710197448,0.0
chewinggum,final,N_R_all,2,0.1289129710197448,0.0
chewinggum,final,N_R_far,2,0.1289129710197448,0.0
chewinggum,final,D,4,0.1289129710197448,0.0
chewinggum,final,N_H,1,0.1289129710197448,0.0
chewinggum,final,N_R_all,1,0.1289129710197448,0.0
chewinggum,final,N_R_far,1,0.1289129710197448,0.0
chewinggum,final,D,5,0.1289129710197448,0.0
chewinggum,final,N_H,1,0.1289129710197448,0.0
chewinggum,final,N_R_all,1,0.1289129710197448,0.0
chewinggum,final,N_R_far,1,0.1289129710197448,0.0
chewinggum,final,D,4,0.1289129710197448,0.0
chewinggum,final,N_H,7,0.1289129710197448,0.0
chewinggum,final,N_R_all,7,0.1289129710197448,0.0
chewinggum,final,N_R_far,7,0.1289129710197448,0.0
chewinggum,final,D,7,0.1289129710197448,0.0
chewinggum,final,N_H,3,0.1289129710197448,0.0
chewinggum,final,N_R_all,3,0.1289129710197448,0.0
chewinggum,final,N_R_far,3,0.1289129710197448,0.0
chewinggum,final,D,6,0.1289129710197448,0.0
chewinggum,final,N_H,4,0.1289129710197448,0.0
chewinggum,final,N_R_all,4,0.1289129710197448,0.0
chewinggum,final,N_R_far,4,0.1289129710197448,0.0
chewinggum,final,D,4,0.1289129710197448,0.0
chewinggum,final,N_H,5,0.1289129710197448,0.0
chewinggum,final,N_R_all,5,0.1289129710197448,0.0
chewinggum,final,N_R_far,5,0.1289129710197448,0.0
chewinggum,final,D,7,0.1289129710197448,0.0
chewinggum,final,N_H,2,0.1289129710197448,0.0
chewinggum,final,N_R_all,2,0.1289129710197448,0.0
chewinggum,final,N_R_far,2,0.1289129710197448,0.0
chewinggum,final,D,5,0.1289129710197448,0.0
chewinggum,final,N_H,3,0.1289129710197448,0.0
chewinggum,final,N_R_all,3,0.1289129710197448,0.0
chewinggum,final,N_R_far,3,0.1289129710197448,0.0
chewinggum,final,D,5,0.1289129710197448,0.0
chewinggum,final,N_H,1,0.1289129710197448,0.0
chewinggum,final,N_R_all,1,0.1289129710197448,0.0
chewinggum,final,N_R_far,1,0.1289129710197448,0.0
chewinggum,final,D,4,0.1289129710197448,0.0
chewinggum,final,N_H,3,0.1289129710197448,0.0
chewinggum,final,N_R_all,3,0.1289129710197448,0.0
chewinggum,final,N_R_far,3,0.1289129710197448,0.0
chewinggum,final,D,5,0.1289129710197448,0.0
chewinggum,final,N_H,4,0.1289129710197448,0.0
chewinggum,final,N_R_all,4,0.1289129710197448,0.0
chewinggum,final,N_R_far,4,0.1289129710197448,0.0
chewinggum,final,D,6,0.1289129710197448,0.0
chewinggum,final,N_H,1,0.1289129710197448,0.0
chewinggum,final,N_R_all,1,0.1289129710197448,0.0
chewinggum,final,N_R_far,1,0.1289129710197448,1.0
chewinggum,final,D,4,0.1289129710197448,0.0
chewinggum,final,N_H,1,0.1289129710197448,0.0
chewinggum,final,N_R_all,1,0.1289129710197448,0.0
chewinggum,final,N_R_far,1,0.1289129710197448,0.0
chewinggum,final,D,7,0.1289129710197448,0.0
chewinggum,final,N_H,1,0.1289129710197448,0.0
chewinggum,final,N_R_all,1,0.1289129710197448,0.0
chewinggum,final,N_R_far,1,0.1289129710197448,0.0
