object,image,group,n,d1,d2,d5,d10
screw,manipulated_front/000.png,D,7,0.09923086847577776,0.11192385639463152,0.1294488821710859,0.162653420652662
screw,manipulated_front/000.png,N_H,7,0.16802485500063216,0.17913333007267543,0.19985005685261317,0.2226691586630685
screw,manipulated_front/000.png,N_R_all,7,0.06258665663855416,0.07150340931756156,0.08883879865918841,0.10197980914797102
screw,manipulated_front/000.png,N_R_far,7,0.0669398307800293,0.07408431598118373,0.09333975825990949,0.10957967383520943
screw,manipulated_front/001.png,D,7,0.20277328150612967,0.21888125794274466,0.2503438762256077,0.28452554770878385
screw,manipulated_front/001.png,N_H,5,0.2707953691482544,0.27987017631530764,0.30372941493988037,0.31828491687774657
screw,manipulated_front/001.png,N_R_all,5,0.13709744215011596,0.1396423578262329,0.15755783319473265,0.16863389015197755
screw,manipulated_front/001.png,N_R_far,5,0.14115921258926392,0.15026578903198243,0.1584263801574707,0.16561625003814698
screw,manipulated_front/002.png,D,6,0.11126514275868733,0.12270346283912659,0.1484613617261251,0.1837152143319448
screw,manipulated_front/002.png,N_H,9,0.18391472101211548,0.19511360592312282,0.22222930192947388,0.24814724922180176
screw,manipulated_front/002.png,N_R_all,9,0.08368076218499078,0.0946304202079773,0.11580364571677314,0.13683274719450209
screw,manipulated_front/002.png,N_R_far,9,0.08058742682139079,0.0867705610063341,0.10440113147099812,0.11982574727800158
screw,manipulated_front/003.png,D,9,0.20687302615907457,0.22118046548631456,0.2683976689974467,0.30511534214019775
screw,manipulated_front/003.png,N_H,9,0.26211701499091256,0.2749968436029222,0.30258680052227444,0.32729053497314453
screw,manipulated_front/003.png,N_R_all,9,0.12943198283513388,0.13648984829584757,0.150098012553321,0.16929945680830213
screw,manipulated_front/003.png,N_R_far,9,0.11677837371826172,0.12979570362302992,0.14504155847761366,0.16374827755822075
screw,manipulated_front/004.png,D,5,0.14693074226379393,0.16216236352920532,0.20505502223968505,0.3039772868156433
screw,manipulated_front/004.png,N_H,7,0.23569894688470022,0.2639384865760803,0.2826946037156241,0.3038130487714495
screw,manipulated_front/004.png,N_R_all,7,0.08110907248088292,0.09178406000137329,0.111093955380576,0.12930125849587576
screw,manipulated_front/004.png,N_R_far,7,0.07526943513325282,0.08200584990637642,0.0969740663255964,0.11578315496444702
screw,manipulated_front/005.png,D,7,0.16899079935891287,0.18068392787660872,0.219565144606999,0.2530264513833182
screw,manipulated_front/005.png,N_H,7,0.2555488773754665,0.28671430689947947,0.30991662400109427,0.34463400500161306
screw,manipulated_front/005.png,N_R_all,7,0.11553531033652169,0.1243228656905038,0.1443076389176505,0.1619988509586879
screw,manipulated_front/005.png,N_R_far,7,0.11341731037412371,0.12030906336648124,0.13703640018190658,0.1528714214052473
screw,manipulated_front/006.png,D,6,0.10611956318219502,0.13360395034154257,0.1721195181210836,0.20157324274381003
screw,manipulated_front/006.png,N_H,8,0.18074145913124084,0.19051581621170044,0.21384593099355698,0.23353791236877441
screw,manipulated_front/006.png,N_R_all,8,0.07535994797945023,0.0865236222743988,0.10390333831310272,0.11786790937185287
screw,manipulated_front/006.png,N_R_far,8,0.048389166593551636,0.06102228909730911,0.07876941561698914,0.09720195084810257
screw,manipulated_front/007.png,D,9,0.1494811773300171,0.16921121544308132,0.20569911268022326,0.24026199181874594
screw,manipulated_front/007.png,N_H,10,0.3502149224281311,0.35614665150642394,0.3667804837226868,0.3799994647502899
screw,manipulated_front/007.png,N_R_all,10,0.09928386807441711,0.10863704681396484,0.1290832579135895,0.14896662831306456
screw,manipulated_front/007.png,N_R_far,10,0.06487788558006287,0.071254563331604,0.08560606837272644,0.10444485545158386
screw,manipulated_front/008.png,D,7,0.17033785581588745,0.19047353097370692,0.22292852401733398,0.28881245851516724
screw,manipulated_front/008.png,N_H,6,0.24907338619232178,0.25895992914835614,0.2819129228591919,0.29914674162864685
screw,manipulated_front/008.png,N_R_all,6,0.0930676559607188,0.1006123423576355,0.12365758419036865,0.14581562081972757
screw,manipulated_front/008.png,N_R_far,6,0.09180120627085368,0.10294031103452046,0.11968924601872762,0.1399853229522705
screw,manipulated_front/009.png,D,12,0.10837579270203908,0.1249891072511673,0.16334555546442667,0.19045697152614594
screw,manipulated_front/009.png,N_H,10,0.45341049432754515,0.45973898768424987,0.47070287466049193,0.4846290469169617
screw,manipulated_front/009.png,N_R_all,10,0.06105288863182068,0.07304139733314514,0.09099069237709045,0.10606157183647155
screw,manipulated_front/009.png,N_R_far,10,0.08897199630737304,0.10065202116966247,0.118133807182312,0.1341995120048523
screw,manipulated_front/010.png,D,8,0.14978209137916565,0.1713443025946617,0.21344680339097977,0.2479468360543251
screw,manipulated_front/010.png,N_H,5,0.1743297815322876,0.17357636690139772,0.18759796619415284,0.2083523154258728
screw,manipulated_front/010.png,N_R_all,5,0.06868091821670533,0.07734569311141967,0.10002588033676148,0.12645355463027955
screw,manipulated_front/010.png,N_R_far,5,0.05267490148544311,0.06493467092514038,0.07918708324432373,0.10160282850265503
screw,manipulated_front/011.png,D,6,0.228084663550059,0.24548996488253275,0.27686689297358197,0.31254684925079346
screw,manipulated_front/011.png,N_H,8,0.25591040402650833,0.2667039483785629,0.2846022769808769,0.30648399144411087
screw,manipulated_front/011.png,N_R_all,8,0.10800692439079285,0.12143285572528839,0.14292757213115692,0.15808730572462082
screw,manipulated_front/011.png,N_R_far,8,0.09390486031770706,0.10568510740995407,0.12563872337341309,0.14023111015558243
screw,manipulated_front/012.png,D,3,0.11671912670135498,0.1376498540242513,0.18634394804636636,0.21957395474116007
screw,manipulated_front/012.png,N_H,7,0.1676743541445051,0.17800463948931014,0.1994134783744812,0.2171167986733573
screw,manipulated_front/012.png,N_R_all,7,0.06293455192020961,0.0745569041797093,0.09077135154179164,0.11302839858191353
screw,manipulated_front/012.png,N_R_far,7,0.05317502362387521,0.06343057325908116,0.08296098879405431,0.09912721599851336
screw,manipulated_front/013.png,D,7,0.22998206104551042,0.23940403972353255,0.25773022856031147,0.29218826975141254
screw,manipulated_front/013.png,N_H,5,0.2689808964729309,0.27443363666534426,0.2926321864128113,0.308612585067749
screw,manipulated_front/013.png,N_R_all,5,0.14042036533355712,0.14395910501480103,0.1623049259185791,0.17785896062850953
screw,manipulated_front/013.png,N_R_far,5,0.1308451533317566,0.13541886806488038,0.1609656572341919,0.17810659408569335
screw,manipulated_front/014.png,D,6,0.18625951806704202,0.21003744999567667,0.24064441521962485,0.2810126642386119
screw,manipulated_front/014.png,N_H,9,0.261099378267924,0.2669602632522583,0.26981327931086224,0.2863401108317905
screw,manipulated_front/014.png,N_R_all,9,0.11071572701136272,0.11724374691645305,0.1291011373202006,0.1426749891704983
screw,manipulated_front/014.png,N_R_far,9,0.15069127082824707,0.15503089957767063,0.16993965042961967,0.18007435401280722
screw,manipulated_front/015.png,D,9,0.128532780541314,0.14583151870303684,0.1764664583735996,0.2260491450627645
screw,manipulated_front/015.png,N_H,9,0.25724538829591537,0.2763276828659905,0.30056821637683445,0.32297365532981026
screw,manipulated_front/015.png,N_R_all,9,0.07125920057296753,0.08224272065692478,0.10553589794370863,0.12379364834891425
screw,manipulated_front/015.png,N_R_far,9,0.06395284334818523,0.07527582512961493,0.09173245562447442,0.10973264111412896
screw,manipulated_front/016.png,D,11,0.1753170923753218,0.2039806300943548,0.24843507463281805,0.2778845862908797
screw,manipulated_front/016.png,N_H,4,0.2589212656021118,0.2870864272117615,0.30362027883529663,0.31691743433475494
screw,manipulated_front/016.png,N_R_all,4,0.06260110437870026,0.07096657156944275,0.08809693157672882,0.09812624752521515
screw,manipulated_front/016.png,N_R_far,4,0.06867292523384094,0.07918943464756012,0.0979529619216919,0.11018747091293335
screw,manipulated_front/017.png,D,3,0.19271709521611533,0.20007665952046713,0.22601022322972616,0.2508816917737325
screw,manipulated_front/017.png,N_H,7,0.24558412177222116,0.25712147780827116,0.2808529904910496,0.29980260133743286
screw,manipulated_front/017.png,N_R_all,7,0.07731258017676217,0.08544086558478219,0.10155141353607178,0.12469784702573504
screw,manipulated_front/017.png,N_R_far,7,0.09207952874047416,0.10425829887390137,0.11432265383856637,0.12967037303107126
screw,manipulated_front/018.png,D,6,0.21971561511357626,0.23360923926035562,0.2477350334326426,0.26626960436503094
screw,manipulated_front/018.png,N_H,3,0.3065641125043233,0.32115111748377484,0.3396986722946167,0.37065090735753375
screw,manipulated_front/018.png,N_R_all,3,0.09745466709136963,0.10884088277816772,0.13511590162913004,0.15861070156097412
screw,manipulated_front/018.png,N_R_far,3,0.07678274313608806,0.09318933884302776,0.11427680651346843,0.13425091902414957
screw,manipulated_front/019.png,D,4,0.1549869030714035,0.18665531277656555,0.22303548455238342,0.2695729583501816
screw,manipulated_front/019.png,N_H,5,0.2490222692489624,0.2830283522605896,0.310902738571167,0.3367648720741272
screw,manipulated_front/019.png,N_R_all,5,0.0739254117012024,0.08502448797225952,0.09833484888076782,0.1175644874572754
screw,manipulated_front/019.png,N_R_far,5,0.06374694108963012,0.07287423610687256,0.08637306690216065,0.10008771419525146
screw,manipulated_front/020.png,D,3,0.08450474341710408,0.09498121341069539,0.11577872435251872,0.15455027421315512
screw,manipulated_front/020.png,N_H,10,0.1505858838558197,0.15282954573631286,0.1664247155189514,0.18537654876708984
screw,manipulated_front/020.png,N_R_all,10,0.04568172693252563,0.05813696384429932,0.07301030158996583,0.08827900886535645
screw,manipulated_front/020.png,N_R_far,10,0.06767142415046692,0.07566314935684204,0.0940837323665619,0.11543726921081543
screw,manipulated_front/021.png,D,3,0.24553688367207846,0.25735342502593994,0.292270302772522,0.32690930366516113
screw,manipulated_front/021.png,N_H,5,0.25778592824935914,0.26902744770050047,0.287765645980835,0.31208430528640746
screw,manipulated_front/021.png,N_R_all,5,0.0891113519668579,0.0940775990486145,0.10826997756958008,0.12041608095169068
screw,manipulated_front/021.png,N_R_far,5,0.12254581451416016,0.13083864450454713,0.14727609157562255,0.1632131814956665
screw,manipulated_front/022.png,D,3,0.2140902280807495,0.22432100772857666,0.2632233699162801,0.3115862011909485
screw,manipulated_front/022.png,N_H,8,0.2528839409351349,0.26096200197935104,0.27318834513425827,0.2897263467311859
screw,manipulated_front/022.png,N_R_all,8,0.11869208514690399,0.13021530210971832,0.14152158796787262,0.15661010891199112
screw,manipulated_front/022.png,N_R_far,8,0.09350303560495377,0.10153929144144058,0.118758425116539,0.133259579539299
screw,manipulated_front/023.png,D,6,0.11424549420674641,0.12994509935379028,0.1627207895119985,0.20870543519655863
screw,manipulated_front/023.png,N_H,6,0.1736616094907125,0.1894082029660543,0.206069548924764,0.2241977055867513
screw,manipulated_front/023.png,N_R_all,6,0.03388069073359171,0.0426251490910848,0.057545751333236694,0.07450096805890401
screw,manipulated_front/023.png,N_R_far,6,0.0409274697303772,0.05889221032460531,0.07999666531880696,0.11009540160497029
screw,scratch_head/000.png,D,5,0.1912973165512085,0.2009015440940857,0.2116005539894104,0.2321438193321228
screw,scratch_head/000.png,N_H,8,0.2762991413474083,0.2879117801785469,0.30199842154979706,0.31927429139614105
screw,scratch_head/000.png,N_R_all,8,0.1467551738023758,0.15252622961997986,0.1665775254368782,0.18137483298778534
screw,scratch_head/000.png,N_R_far,8,0.12437008321285248,0.1381513774394989,0.1536134108901024,0.16779615730047226
screw,scratch_head/001.png,D,6,0.27159469326337177,0.28542329867680866,0.31091341376304626,0.34379128615061444
screw,scratch_head/001.png,N_H,8,0.3561912998557091,0.3705419600009918,0.38585078716278076,0.4028631001710892
screw,scratch_head/001.png,N_R_all,8,0.09079486131668091,0.09954939782619476,0.12946121394634247,0.15128613263368607
screw,scratch_head/001.png,N_R_far,8,0.1017005518078804,0.11141083389520645,0.1303352266550064,0.1466602459549904
screw,scratch_head/002.png,D,6,0.2351578970750173,0.24386194348335266,0.2638580997784932,0.2830786605676015
screw,scratch_head/002.png,N_H,3,0.27010512351989746,0.27750025192896527,0.28495997190475464,0.3007943630218506
screw,scratch_head/002.png,N_R_all,3,0.11379224061965942,0.12039043505986531,0.13897941509882608,0.15181074539820352
screw,scratch_head/002.png,N_R_far,3,0.0973204771677653,0.1062546968460083,0.11756821473439534,0.13761107126871744
screw,scratch_head/003.png,D,5,0.18826010227203369,0.2015053629875183,0.23338476419448853,0.2599083662033081
screw,scratch_head/003.png,N_H,3,0.23145141204198202,0.24387792746225992,0.2854875127474467,0.3401506344477336
screw,scratch_head/003.png,N_R_all,3,0.03668145338694254,0.048049092292785645,0.06354081630706787,0.07976565758387248
screw,scratch_head/003.png,N_R_far,3,0.029558102289835613,0.046146233876546226,0.06455735365549724,0.08058643341064453
screw,scratch_head/004.png,D,5,0.20934234857559203,0.22934819459915162,0.25594850778579714,0.2949081301689148
screw,scratch_head/004.png,N_H,4,0.17250989377498627,0.19729533791542053,0.22545687854290009,0.24990420043468475
screw,scratch_head/004.png,N_R_all,4,0.05778057873249054,0.0607009083032608,0.07742553949356079,0.10151134431362152
screw,scratch_head/004.png,N_R_far,4,0.06108376383781433,0.06828512251377106,0.08689597249031067,0.1025896966457367
screw,scratch_head/005.png,D,4,0.1881827712059021,0.19748567044734955,0.22610583901405334,0.2898893654346466
screw,scratch_head/005.png,N_H,9,0.3923199640380012,0.40121780501471627,0.41738443904452854,0.4412661592165629
screw,scratch_head/005.png,N_R_all,9,0.0835212270418803,0.1003227432568868,0.11492781506644355,0.13473024633195665
screw,scratch_head/005.png,N_R_far,9,0.1239115662044949,0.13342011637157863,0.14337140984005398,0.1557233068678114
screw,scratch_head/006.png,D,5,0.29320967197418213,0.30202182531356814,0.3312718629837036,0.36936352252960203
screw,scratch_head/006.png,N_H,5,0.1958323359489441,0.2116268038749695,0.24426897764205932,0.2713874340057373
screw,scratch_head/006.png,N_R_all,5,0.08182893991470337,0.09728102684020996,0.12420574426651002,0.15148802995681762
screw,scratch_head/006.png,N_R_far,5,0.08000348806381226,0.0863686203956604,0.1021773338317871,0.11554108858108521
screw,scratch_head/007.png,D,6,0.31823615233103436,0.3311026394367218,0.35278751452763873,0.3774577776590983
screw,scratch_head/007.png,N_H,5,0.2894372582435608,0.3065896511077881,0.31735284328460694,0.3378803849220276
screw,scratch_head/007.png,N_R_all,5,0.09481939077377319,0.10450682640075684,0.11567575931549072,0.13172415494918824
screw,scratch_head/007.png,N_R_far,5,0.08625361919403077,0.09566776752471924,0.1085620403289795,0.1250741720199585
screw,scratch_head/008.png,D,6,0.23905148108800253,0.24805821975072226,0.26643240451812744,0.2810419499874115
screw,scratch_head/008.png,N_H,3,0.3802836338678996,0.40103163321812946,0.4155931274096171,0.43286391099294025
screw,scratch_head/008.png,N_R_all,3,0.08866588274637859,0.09713226556777954,0.11565343538920085,0.13567533095677695
screw,scratch_head/008.png,N_R_far,3,0.05740088224411011,0.06426576773325603,0.08506486813227336,0.09755406777064006
screw,scratch_head/009.png,D,7,0.22584234816687448,0.24981812068394252,0.28821602889469694,0.3284124306270054
screw,scratch_head/009.png,N_H,6,0.22573182980219522,0.2369610865910848,0.2597200274467468,0.2727475663026174
screw,scratch_head/009.png,N_R_all,6,0.10248334209124248,0.11371745665868123,0.130049337943395,0.15065606435139975
screw,scratch_head/009.png,N_R_far,6,0.09523688753445943,0.10229076941808064,0.1210248072942098,0.1356143057346344
screw,scratch_head/010.png,D,5,0.14556974172592163,0.15663987398147583,0.17872097492218017,0.1936974048614502
screw,scratch_head/010.png,N_H,7,0.15013693060193742,0.16235466514314925,0.18164666209902083,0.19827594927379064
screw,scratch_head/010.png,N_R_all,7,0.03586493219648089,0.047823778220585415,0.06536284514835902,0.07885367529732841
screw,scratch_head/010.png,N_R_far,7,0.05113186155046735,0.053950062819889615,0.0740080646106175,0.09170241015298027
screw,scratch_head/011.png,D,5,0.30242592096328735,0.31734544038772583,0.3528280258178711,0.3736283302307129
screw,scratch_head/011.png,N_H,4,0.27012941241264343,0.2887449562549591,0.30359551310539246,0.3285415321588516
screw,scratch_head/011.png,N_R_all,4,0.11596886813640594,0.12601152062416077,0.15064531564712524,0.1703745722770691
screw,scratch_head/011.png,N_R_far,4,0.12194955348968506,0.13397474586963654,0.15566444396972656,0.1691368669271469
screw,scratch_head/012.png,D,7,0.21709012133734568,0.2352109636579241,0.25218970435006277,0.2708463413374765
screw,scratch_head/012.png,N_H,6,0.26089394092559814,0.26732038458188373,0.2789207597573598,0.29380273818969727
screw,scratch_head/012.png,N_R_all,6,0.09588093558947246,0.10262576738993327,0.12096347411473592,0.13521008690198263
screw,scratch_head/012.png,N_R_far,6,0.09419267376263936,0.100521981716156,0.11297466357549031,0.12476727366447449
screw,scratch_head/013.png,D,4,0.2955451160669327,0.30559511482715607,0.3316880464553833,0.35427530109882355
screw,scratch_head/013.png,N_H,2,0.23689833283424377,0.2582493722438812,0.28121867775917053,0.3002457916736603
screw,scratch_head/013.png,N_R_all,2,0.07506188750267029,0.07596573233604431,0.11192262172698975,0.1349949836730957
screw,scratch_head/013.png,N_R_far,2,0.08175152540206909,0.08996209502220154,0.10453951358795166,0.11957323551177979
screw,scratch_head/014.png,D,5,0.27377617359161377,0.2897993803024292,0.31086686849594114,0.3336095929145813
screw,scratch_head/014.png,N_H,4,0.27010180056095123,0.2762461006641388,0.2938951402902603,0.310799777507782
screw,scratch_head/014.png,N_R_all,4,0.08854718506336212,0.11011065542697906,0.1276237964630127,0.1467147171497345
screw,scratch_head/014.png,N_R_far,4,0.10173523426055908,0.10834220051765442,0.12787199020385742,0.14573083817958832
screw,scratch_head/015.png,D,8,0.2707407623529434,0.28191960602998734,0.3068310171365738,0.33003106713294983
screw,scratch_head/015.png,N_H,1,0.2595866322517395,0.27917736768722534,0.32667380571365356,0.36335426568984985
screw,scratch_head/015.png,N_R_all,1,0.0494806170463562,0.05804342031478882,0.06426936388015747,0.08384877443313599
screw,scratch_head/015.png,N_R_far,1,0.11799353361129761,0.12567788362503052,0.13058137893676758,0.15045112371444702
screw,scratch_head/016.png,D,4,0.24881836771965027,0.28293947875499725,0.31209130585193634,0.3286362886428833
screw,scratch_head/016.png,N_H,5,0.19619181156158447,0.20378173589706422,0.21392757892608644,0.2269052743911743
screw,scratch_head/016.png,N_R_all,5,0.06260404586791993,0.07683454751968384,0.08736603260040283,0.10163978338241578
screw,scratch_head/016.png,N_R_far,5,0.08714888095855713,0.09188969135284424,0.10646532773971558,0.11704077720642089
screw,scratch_head/017.png,D,6,0.23318183422088623,0.247919629017512,0.27931341528892517,0.3152456184228261
screw,scratch_head/017.png,N_H,4,0.23589806258678436,0.25281499326229095,0.2787778377532959,0.318101167678833
screw,scratch_head/017.png,N_R_all,4,0.09086555242538452,0.10243435204029083,0.11750830709934235,0.14361193776130676
screw,scratch_head/017.png,N_R_far,4,0.11687733232975006,0.12321975827217102,0.1419685035943985,0.16433025896549225
screw,scratch_head/018.png,D,7,0.2105002658707755,0.22139290400913783,0.2533473457608904,0.2981493813650949
screw,scratch_head/018.png,N_H,3,0.21555155515670776,0.22068870067596436,0.2335854172706604,0.24987075726191202
screw,scratch_head/018.png,N_R_all,3,0.06398165225982666,0.07014564673105876,0.09677269061406453,0.11405221621195476
screw,scratch_head/018.png,N_R_far,3,0.03173182408014933,0.0669068694114685,0.08126668135325114,0.10673544804255168
screw,scratch_head/019.png,D,5,0.32166614532470705,0.3311948418617249,0.34818660020828246,0.37406383752822875
screw,scratch_head/019.png,N_H,1,0.24973082542419434,0.27370840311050415,0.28085756301879883,0.3139246702194214
screw,scratch_head/019.png,N_R_all,1,0.07666414976119995,0.07739830017089844,0.08293211460113525,0.09637922048568726
screw,scratch_head/019.png,N_R_far,1,0.10973656177520752,0.12287193536758423,0.13491123914718628,0.14617210626602173
screw,scratch_head/020.png,D,6,0.2984844545523326,0.3125788966814677,0.34064632654190063,0.3566817243893941
screw,scratch_head/020.png,N_H,6,0.29113756616910297,0.3037410378456116,0.3262526293595632,0.34326380491256714
screw,scratch_head/020.png,N_R_all,6,0.09289439519246419,0.09897521138191223,0.1153160830338796,0.12621170282363892
screw,scratch_head/020.png,N_R_far,6,0.09746921062469482,0.11621224880218506,0.12680459022521973,0.142153670390447
screw,scratch_head/021.png,D,3,0.2164997657140096,0.23229171832402548,0.24645161628723145,0.2570699055989583
screw,scratch_head/021.png,N_H,8,0.2767685651779175,0.2930885776877403,0.3181094527244568,0.34148793667554855
screw,scratch_head/021.png,N_R_all,8,0.06767962872982025,0.07611911743879318,0.09082113206386566,0.10577639192342758
screw,scratch_head/021.png,N_R_far,8,0.08573842793703079,0.10459385067224503,0.12034536153078079,0.13663817942142487
screw,scratch_head/022.png,D,4,0.2872290760278702,0.2951939254999161,0.3177001476287842,0.33525611460208893
screw,scratch_head/022.png,N_H,5,0.2963028192520142,0.3030231833457947,0.32200897932052613,0.34444441795349123
screw,scratch_head/022.png,N_R_all,5,0.105561363697052,0.11101502180099487,0.13576233386993408,0.15590142011642455
screw,scratch_head/022.png,N_R_far,5,0.0680925726890564,0.07373975515365601,0.08675284385681152,0.0976863145828247
screw,scratch_head/023.png,D,6,0.18816497921943665,0.19611955682436624,0.22421056032180786,0.2534601191679637
screw,scratch_head/023.png,N_H,4,0.21381540596485138,0.2273085117340088,0.2541319578886032,0.2771729379892349
screw,scratch_head/023.png,N_R_all,4,0.11434900760650635,0.12311278283596039,0.14829197525978088,0.16114899516105652
screw,scratch_head/023.png,N_R_far,4,0.0834612101316452,0.09404952824115753,0.11634549498558044,0.136496901512146
screw,scratch_neck/000.png,D,4,0.2223520427942276,0.24324798583984375,0.2970694750547409,0.33061063289642334
screw,scratch_neck/000.png,N_H,10,0.4512991189956665,0.4559266746044159,0.46957231163978574,0.4828293561935425
screw,scratch_neck/000.png,N_R_all,10,0.13485741019248962,0.15109067559242248,0.16538290977478026,0.18384620547294617
screw,scratch_neck/000.png,N_R_far,10,0.13086857795715331,0.1370355725288391,0.1518126368522644,0.17087092995643616
screw,scratch_neck/001.png,D,11,0.27859270030801947,0.2914434942332181,0.3097602833401073,0.3362889669158242
screw,scratch_neck/001.png,N_H,3,0.2795716126759847,0.2823230028152466,0.28947603702545166,0.306635320186615
screw,scratch_neck/001.png,N_R_all,3,0.10059996445973714,0.1096980373064677,0.13132242361704508,0.14930574099222818
screw,scratch_neck/001.png,N_R_far,3,0.11296594142913818,0.11870386203130086,0.13174994786580405,0.15105990568796793
screw,scratch_neck/002.png,D,6,0.23198684056599936,0.2459124227364858,0.27024908860524494,0.3026704688866933
screw,scratch_neck/002.png,N_H,7,0.27287633078438894,0.2766487683568682,0.2994955096926008,0.3209937470299857
screw,scratch_neck/002.png,N_R_all,7,0.12551302569253103,0.13756982769284928,0.15068855455943517,0.16555792093276978
screw,scratch_neck/002.png,N_R_far,7,0.10325820105416435,0.10596401350838798,0.11838680505752563,0.13037539379937307
screw,scratch_neck/003.png,D,6,0.3685269057750702,0.3880833387374878,0.41439364353815716,0.43370498220125836
screw,scratch_neck/003.png,N_H,4,0.14069686830043793,0.15587802231311798,0.1831296682357788,0.21748889982700348
screw,scratch_neck/003.png,N_R_all,4,0.07511349022388458,0.08219055831432343,0.09335312247276306,0.10302326083183289
screw,scratch_neck/003.png,N_R_far,4,0.0506068617105484,0.06431728601455688,0.08589810132980347,0.10848908126354218
screw,scratch_neck/004.png,D,7,0.32803466490336824,0.33529368468693327,0.42579374994550434,0.4528830221721104
screw,scratch_neck/004.png,N_H,1,0.2927403450012207,0.3022910952568054,0.32839804887771606,0.3604174852371216
screw,scratch_neck/004.png,N_R_all,1,0.04635739326477051,0.058955609798431396,0.09808200597763062,0.11191684007644653
screw,scratch_neck/004.png,N_R_far,1,0.057234883308410645,0.05804884433746338,0.07253050804138184,0.08967030048370361
screw,scratch_neck/005.png,D,6,0.17814353108406067,0.18576414386431375,0.20533141493797302,0.22918413082758585
screw,scratch_neck/005.png,N_H,9,0.298247582382626,0.3250812027189467,0.33993709087371826,0.3637583057085673
screw,scratch_neck/005.png,N_R_all,9,0.1305232842763265,0.13991204235288832,0.1529830363061693,0.16639988289939034
screw,scratch_neck/005.png,N_R_far,9,0.14838849173651802,0.15743832455741036,0.174791329436832,0.19075204266442192
screw,scratch_neck/007.png,D,6,0.31675873200098675,0.3476441701253255,0.393055538336436,0.43060949444770813
screw,scratch_neck/007.png,N_H,1,0.19429004192352295,0.1973382830619812,0.21242839097976685,0.23809164762496948
screw,scratch_neck/007.png,N_R_all,1,0.05983453989028931,0.08871150016784668,0.10921943187713623,0.1364458203315735
screw,scratch_neck/007.png,N_R_far,1,0.08060520887374878,0.08560115098953247,0.11428409814834595,0.13549906015396118
screw,scratch_neck/008.png,D,9,0.379138363732232,0.3903052873081631,0.4631567398707072,0.49758202499813503
screw,scratch_neck/008.png,N_H,1,0.4043072462081909,0.4104453921318054,0.44267821311950684,0.4877038598060608
screw,scratch_neck/008.png,N_R_all,1,0.16751223802566528,0.16896343231201172,0.1813751459121704,0.19326025247573853
screw,scratch_neck/008.png,N_R_far,1,0.14202404022216797,0.15230435132980347,0.1701255440711975,0.19011902809143066
screw,scratch_neck/009.png,D,4,0.4137361943721771,0.4208068549633026,0.5104381442070007,0.5572483241558075
screw,scratch_neck/009.png,N_H,6,0.30362335840861004,0.3100324173768361,0.33770668506622314,0.36256717642148334
screw,scratch_neck/009.png,N_R_all,6,0.12394124269485474,0.12871140241622925,0.14426896969477335,0.15889842311541238
screw,scratch_neck/009.png,N_R_far,6,0.08848780393600464,0.09456673264503479,0.10815211137135823,0.12814931074778238
screw,scratch_neck/010.png,D,8,0.28531692922115326,0.30416470021009445,0.36070965230464935,0.38703126460313797
screw,scratch_neck/010.png,N_H,4,0.2689370661973953,0.27603188157081604,0.2906355857849121,0.30681584775447845
screw,scratch_neck/010.png,N_R_all,4,0.12684588134288788,0.13988347351551056,0.15103238821029663,0.1610889881849289
screw,scratch_neck/010.png,N_R_far,4,0.12282001972198486,0.13489483296871185,0.15087273716926575,0.1716633141040802
screw,scratch_neck/011.png,D,3,0.32619086901346844,0.33519407113393146,0.4078611930211385,0.4480674664179484
screw,scratch_neck/011.png,N_H,10,0.4403037130832672,0.44653688073158265,0.4576882064342499,0.46692724227905275
screw,scratch_neck/011.png,N_R_all,10,0.07184821367263794,0.08961704969406128,0.10304285287857055,0.12184560298919678
screw,scratch_neck/011.png,N_R_far,10,0.06016384363174439,0.06976311206817627,0.08654106855392456,0.10381982922554016
screw,scratch_neck/012.png,D,6,0.26074012120564777,0.2680552005767822,0.3606954018274943,0.40078023076057434
screw,scratch_neck/012.png,N_H,7,0.2955326352800642,0.311813337462289,0.3302264298711504,0.34802900893347605
screw,scratch_neck/012.png,N_R_all,7,0.1247415542602539,0.12889705385480607,0.15098706313541957,0.16816444907869613
screw,scratch_neck/012.png,N_R_far,7,0.12294346945626396,0.1323219793183463,0.1604945489338466,0.17284142119543894
screw,scratch_neck/013.png,D,5,0.23915985822677613,0.2630027770996094,0.3480934023857117,0.3826484203338623
screw,scratch_neck/013.png,N_H,3,0.2567950089772542,0.2742890914281209,0.29010363419850665,0.31304516394933063
screw,scratch_neck/013.png,N_R_all,3,0.04645150899887085,0.05600235859553019,0.07380094130833943,0.08909310897191365
screw,scratch_neck/013.png,N_R_far,3,0.05411688486735026,0.0666385293006897,0.08945258458455403,0.10483650366465251
screw,scratch_neck/015.png,D,6,0.46463338534037274,0.4745542009671529,0.5392954448858897,0.5801355342070261
screw,scratch_neck/015.png,N_H,2,0.33590540289878845,0.36142635345458984,0.378185898065567,0.41240960359573364
screw,scratch_neck/015.png,N_R_all,2,0.03708219528198242,0.055384039878845215,0.07333216071128845,0.09238165616989136
screw,scratch_neck/015.png,N_R_far,2,0.05093374848365784,0.059708863496780396,0.06791040301322937,0.12717124819755554
screw,scratch_neck/016.png,D,8,0.2790004312992096,0.28337786346673965,0.36914052814245224,0.4035550057888031
screw,scratch_neck/016.png,N_H,1,0.2474149465560913,0.2658623456954956,0.3134083151817322,0.411052942276001
screw,scratch_neck/016.png,N_R_all,1,0.0563015341758728,0.06814438104629517,0.07390785217285156,0.07676786184310913
screw,scratch_neck/016.png,N_R_far,1,0.06793218851089478,0.0730777382850647,0.0890054702758789,0.09846699237823486
screw,scratch_neck/017.png,D,8,0.19601675868034363,0.21736668795347214,0.2707481235265732,0.3034752532839775
screw,scratch_neck/017.png,N_H,8,0.2758576199412346,0.28606224060058594,0.29577038437128067,0.312716044485569
screw,scratch_neck/017.png,N_R_all,8,0.12864359468221664,0.13682961463928223,0.15143799036741257,0.1693929135799408
screw,scratch_neck/017.png,N_R_far,8,0.10904897749423981,0.12008102238178253,0.13308652490377426,0.15803084522485733
screw,scratch_neck/018.png,D,4,0.36914727091789246,0.3783906400203705,0.4760545939207077,0.5179895311594009
screw,scratch_neck/018.png,N_H,5,0.27677985429763796,0.28657653331756594,0.30293965339660645,0.3266771674156189
screw,scratch_neck/018.png,N_R_all,5,0.11340073347091675,0.12318004369735717,0.13901461362838746,0.15350687503814697
screw,scratch_neck/018.png,N_R_far,5,0.08296380043029786,0.08774627447128296,0.10255008935928345,0.11783605813980103
screw,scratch_neck/019.png,D,7,0.4295049820627485,0.4414635215486799,0.5385799322809491,0.5841828414372036
screw,scratch_neck/019.png,N_H,2,0.21678537130355835,0.2206447422504425,0.24334600567817688,0.2605248987674713
screw,scratch_neck/019.png,N_R_all,2,0.0959501564502716,0.09972405433654785,0.11139565706253052,0.12145712971687317
screw,scratch_neck/019.png,N_R_far,2,0.09086069464683533,0.10670304298400879,0.12284883856773376,0.14095672965049744
screw,scratch_neck/021.png,D,5,0.2815600514411926,0.2917351245880127,0.4272942662239075,0.4774580359458923
screw,scratch_neck/021.png,N_H,5,0.23053005933761597,0.242247474193573,0.2637131571769714,0.28888061046600344
screw,scratch_neck/021.png,N_R_all,5,0.06930943727493286,0.08230093717575074,0.10237823724746704,0.11739513874053956
screw,scratch_neck/021.png,N_R_far,5,0.047365224361419676,0.060904288291931154,0.07129148244857789,0.08738211393356324
screw,scratch_neck/022.png,D,3,0.4159957965215047,0.4413649837176005,0.4968349138895671,0.5125107367833456
screw,scratch_neck/022.png,N_H,5,0.22865469455718995,0.2420932173728943,0.2614916920661926,0.2812148451805115
screw,scratch_neck/022.png,N_R_all,5,0.09301555156707764,0.09809550046920776,0.11883713006973266,0.14152854681015015
screw,scratch_neck/022.png,N_R_far,5,0.07968236207962036,0.08956623077392578,0.11225134134292603,0.13338447809219361
screw,scratch_neck/023.png,D,3,0.270962397257487,0.2845672567685445,0.3818921049435933,0.41402868429819745
screw,scratch_neck/023.png,N_H,5,0.25970777273178103,0.274739134311676,0.2828959584236145,0.2923967599868774
screw,scratch_neck/023.png,N_R_all,5,0.08742530345916748,0.09542088508605957,0.11075375080108643,0.12140976190567017
screw,scratch_neck/023.png,N_R_far,5,0.11708910465240478,0.12717489004135132,0.13888673782348632,0.14974817037582397
screw,scratch_neck/024.png,D,6,0.35593222578366596,0.3730940024058024,0.4697118004163106,0.5011687278747559
screw,scratch_neck/024.png,N_H,7,0.4135072997638157,0.4263124806540353,0.4431212544441223,0.4574382560593741
screw,scratch_neck/024.png,N_R_all,7,0.15435647112982614,0.1606816393988473,0.1791249087878636,0.19753201518739974
screw,scratch_neck/024.png,N_R_far,7,0.11702237810407366,0.12327561208180018,0.13926824501582555,0.14837650741849626
screw,thread_side/000.png,D,5,0.02868391275405884,0.038093852996826175,0.047617340087890626,0.06334071159362793
screw,thread_side/000.png,N_H,9,0.1641469200452169,0.16798386971155801,0.19705741935306126,0.23396006557676527
screw,thread_side/000.png,N_R_all,9,0.06783278120888604,0.07910867532094319,0.09438171651628283,0.10875006516774495
screw,thread_side/000.png,N_R_far,9,0.04720383220248752,0.05961508221096463,0.08499407768249512,0.10977735122044881
screw,thread_side/001.png,D,15,0.21248849630355834,0.2391687075297038,0.2751652161280314,0.30877797603607177
screw,thread_side/001.png,N_H,4,0.2736983895301819,0.2724051922559738,0.2888951152563095,0.3165534436702728
screw,thread_side/001.png,N_R_all,4,0.06825657188892365,0.07950440049171448,0.11088111996650696,0.12747544050216675
screw,thread_side/001.png,N_R_far,4,0.07244381308555603,0.07934063673019409,0.09656187891960144,0.11377803981304169
screw,thread_side/002.png,D,6,0.13385404149691263,0.14230825503667197,0.1618869105974833,0.1835291882356008
screw,thread_side/002.png,N_H,9,0.22105232874552408,0.23500525289111668,0.2550073067347209,0.27054403887854683
screw,thread_side/002.png,N_R_all,9,0.10487495528327094,0.11496280961566502,0.12973009877734715,0.14168334669537014
screw,thread_side/002.png,N_R_far,9,0.10416773292753431,0.10808017518785265,0.12327692243787977,0.13779573308096993
screw,thread_side/003.png,D,7,0.2442246675491333,0.26086415563310894,0.2945335251944406,0.3293625627245222
screw,thread_side/003.png,N_H,5,0.16134501695632936,0.18258708715438843,0.20946831703186036,0.23764569759368898
screw,thread_side/003.png,N_R_all,5,0.061385059356689455,0.07153849601745606,0.09549744129180908,0.11905999183654785
screw,thread_side/003.png,N_R_far,5,0.05295428037643433,0.06703134775161743,0.08045859336853027,0.11127711534500122
screw,thread_side/004.png,D,4,0.1275397539138794,0.1404341459274292,0.14978733658790588,0.16289183497428894
screw,thread_side/004.png,N_H,9,0.21218758821487427,0.21302717261844212,0.23749036921395195,0.271472970644633
screw,thread_side/004.png,N_R_all,9,0.10425472921795315,0.11223625474505955,0.13128617074754503,0.14620107412338257
screw,thread_side/004.png,N_R_far,9,0.07520023981730144,0.08847049209806654,0.10981502135594685,0.13240151272879708
screw,thread_side/005.png,D,5,0.1759020447731018,0.18306899070739746,0.194290828704834,0.21528441905975343
screw,thread_side/005.png,N_H,10,0.3477255940437317,0.3588677763938904,0.3849994659423828,0.3986140966415405
screw,thread_side/005.png,N_R_all,10,0.13673509955406188,0.14839882254600525,0.16202080249786377,0.17093245387077333
screw,thread_side/005.png,N_R_far,10,0.13609176278114318,0.1424673616886139,0.1561826527118683,0.17063629627227783
screw,thread_side/006.png,D,10,0.1661735236644745,0.1762319028377533,0.1948158860206604,0.2113147795200348
screw,thread_side/006.png,N_H,7,0.277829110622406,0.2977058121136257,0.31505770342690603,0.3357697640146528
screw,thread_side/006.png,N_R_all,7,0.13392880133220128,0.13937783241271973,0.15322595834732056,0.16735433680670603
screw,thread_side/006.png,N_R_far,7,0.11695959738322667,0.12329721450805664,0.14752609389168875,0.15982467787606375
screw,thread_side/007.png,D,10,0.1898049533367157,0.19941778779029845,0.21770215630531312,0.2315021812915802
screw,thread_side/007.png,N_H,4,0.2621306926012039,0.27029725909233093,0.28695282340049744,0.3072386384010315
screw,thread_side/007.png,N_R_all,4,0.13446515798568726,0.13868188858032227,0.14993906021118164,0.16568510234355927
screw,thread_side/007.png,N_R_far,4,0.11355753242969513,0.12424641847610474,0.13728971779346466,0.15036185085773468
screw,thread_side/008.png,D,5,0.15288833379745484,0.16771918535232544,0.1909268617630005,0.2214709758758545
screw,thread_side/008.png,N_H,7,0.27048148427690777,0.278800972870418,0.2925183262143816,0.3026042325156076
screw,thread_side/008.png,N_R_all,7,0.09745710236685616,0.106667160987854,0.12107694149017334,0.14197889396122523
screw,thread_side/008.png,N_R_far,7,0.1193637592451913,0.13436180353164673,0.15798631736210414,0.17618330887385777
screw,thread_side/009.png,D,6,0.1275074084599813,0.1360120177268982,0.1468672255674998,0.16009127100308737
screw,thread_side/009.png,N_H,9,0.22672313451766968,0.24015043841467965,0.26207588778601754,0.2946150104204814
screw,thread_side/009.png,N_R_all,9,0.09629470772213405,0.1070210271411472,0.12298277351591322,0.13910153177049425
screw,thread_side/009.png,N_R_far,9,0.06914712985356648,0.08172643846935695,0.09302031993865967,0.10649802949693468
screw,thread_side/010.png,D,7,0.19264023644583567,0.2049580216407776,0.2176181503704616,0.23128159557070052
screw,thread_side/010.png,N_H,6,0.30132192373275757,0.323628435532252,0.3508407076199849,0.3732203443845113
screw,thread_side/010.png,N_R_all,6,0.12889374295870462,0.14062564571698508,0.16886053482691446,0.18516776959101358
screw,thread_side/010.png,N_R_far,6,0.10767794648806255,0.10797702272733052,0.13017876942952475,0.1486911674340566
screw,thread_side/011.png,D,5,0.1412360668182373,0.15464762449264527,0.17054986953735352,0.18324449062347412
screw,thread_side/011.png,N_H,8,0.2802179083228111,0.3002511188387871,0.32868050038814545,0.34210946410894394
screw,thread_side/011.png,N_R_all,8,0.09721532464027405,0.10686900466680527,0.12438825517892838,0.140762597322464
screw,thread_side/011.png,N_R_far,8,0.12296990305185318,0.1362754926085472,0.16024569422006607,0.18184851109981537
screw,thread_side/012.png,D,8,0.08498670905828476,0.0910375639796257,0.10943815112113953,0.12880974262952805
screw,thread_side/012.png,N_H,6,0.14601408441861471,0.15594245990117392,0.18047615885734558,0.1985728641351064
screw,thread_side/012.png,N_R_all,6,0.04490670561790466,0.052210877339045204,0.06695722540219624,0.08518771330515544
screw,thread_side/012.png,N_R_far,6,0.03331871827443441,0.04236126939455668,0.05091188351313273,0.07694380482037862
screw,thread_side/013.png,D,4,0.19081255793571472,0.2230353057384491,0.2548654079437256,0.2728347182273865
screw,thread_side/013.png,N_H,8,0.3002713546156883,0.31343287974596024,0.3494337946176529,0.37460604310035706
screw,thread_side/013.png,N_R_all,8,0.06011808663606644,0.06660863012075424,0.08269432932138443,0.09765977412462234
screw,thread_side/013.png,N_R_far,8,0.05864301323890686,0.07139776647090912,0.08600331842899323,0.10002052783966064
screw,thread_side/014.png,D,6,0.22311779856681824,0.2293065388997396,0.24988635381062826,0.26658738652865094
screw,thread_side/014.png,N_H,5,0.26192536354064944,0.285434889793396,0.29962953329086306,0.3109676122665405
screw,thread_side/014.png,N_R_all,5,0.10499284267425538,0.11016098260879517,0.12681708335876465,0.14647822380065917
screw,thread_side/014.png,N_R_far,5,0.10272536277770997,0.11701277494430543,0.1298186182975769,0.13964598178863524
screw,thread_side/015.png,D,7,0.1486318281718663,0.15949414457593644,0.17572777611868723,0.19370486055101668
screw,thread_side/015.png,N_H,7,0.23330212490899221,0.24350446462631226,0.27264435802187237,0.2940337743077959
screw,thread_side/015.png,N_R_all,7,0.10584732464381627,0.11388065133775983,0.1369922501700265,0.15848015887396677
screw,thread_side/015.png,N_R_far,7,0.0716450640133449,0.077263457434518,0.09456706047058105,0.1090259211403983
screw,thread_side/016.png,D,12,0.1511326183875402,0.16547142962614694,0.184513991077741,0.19815141956011453
screw,thread_side/016.png,N_H,8,0.29775308817625046,0.31038951128721237,0.33649560809135437,0.35986052453517914
screw,thread_side/016.png,N_R_all,8,0.12468887120485306,0.1344366893172264,0.1572229340672493,0.17477259784936905
screw,thread_side/016.png,N_R_far,8,0.07205891609191895,0.07940366864204407,0.09691780060529709,0.11243744939565659
screw,thread_side/017.png,D,9,0.22297508186764187,0.2372324996524387,0.2606993450058831,0.2829399307568868
screw,thread_side/017.png,N_H,2,0.20436421036720276,0.2155727744102478,0.23815977573394775,0.28024792671203613
screw,thread_side/017.png,N_R_all,2,0.06361222267150879,0.06433358788490295,0.09884756803512573,0.1255137324333191
screw,thread_side/017.png,N_R_far,2,0.035807788372039795,0.046704769134521484,0.09277653694152832,0.11101114749908447
screw,thread_side/018.png,D,7,0.1504919273512704,0.1591848816190447,0.1786166684968131,0.1903029339654105
screw,thread_side/018.png,N_H,7,0.2777663469314575,0.28924329791750225,0.30602288246154785,0.3159800682749067
screw,thread_side/018.png,N_R_all,7,0.11116528511047363,0.11622011661529541,0.12520283460617065,0.14148179973874772
screw,thread_side/018.png,N_R_far,7,0.1314173766544887,0.1387258768081665,0.1472646508898054,0.16067485298429215
screw,thread_side/019.png,D,4,0.16899360716342926,0.17820537090301514,0.19577018916606903,0.20785683393478394
screw,thread_side/019.png,N_H,10,0.24934083223342896,0.25581522583961486,0.273216187953949,0.2893765687942505
screw,thread_side/019.png,N_R_all,10,0.12097479701042176,0.12980751395225526,0.14156803488731384,0.16227837800979614
screw,thread_side/019.png,N_R_far,10,0.11343019604682922,0.12084011435508728,0.13533860445022583,0.14731284379959106
screw,thread_side/020.png,D,4,0.14929500222206116,0.16141043603420258,0.18101422488689423,0.1939672976732254
screw,thread_side/020.png,N_H,7,0.1707334007535662,0.18644542353493826,0.21027073689869472,0.23567834070750646
screw,thread_side/020.png,N_R_all,7,0.05026437555040632,0.05907594306128366,0.07490420341491699,0.09375055347170148
screw,thread_side/020.png,N_R_far,7,0.06051549741200039,0.06603541544505528,0.08397765670503889,0.1008277450289045
screw,thread_side/021.png,D,7,0.1791528037616185,0.19402368579592025,0.20696296010698592,0.22359826735087804
screw,thread_side/021.png,N_H,3,0.2595268487930298,0.2742980519930522,0.2923537294069926,0.3032563130060832
screw,thread_side/021.png,N_R_all,3,0.1778316100438436,0.1806080142656962,0.19405867656071982,0.21110997597376505
screw,thread_side/021.png,N_R_far,3,0.10472261905670166,0.10911442836125691,0.11588104565938313,0.13016748428344727
screw,thread_side/022.png,D,8,0.20050563663244247,0.21315529942512512,0.24640388786792755,0.2705572694540024
screw,thread_side/022.png,N_H,4,0.27085524797439575,0.28470689058303833,0.311557874083519,0.33618345856666565
screw,thread_side/022.png,N_R_all,4,0.06360894441604614,0.06911388039588928,0.08724997937679291,0.09966413676738739
screw,thread_side/022.png,N_R_far,4,0.09063923358917236,0.09495612978935242,0.10406793653964996,0.12338894605636597
screw,thread_top/000.png,D,12,0.23830787340799967,0.24402191241582236,0.2575262288252513,0.27190718054771423
screw,thread_top/000.png,N_H,5,0.3139918088912964,0.3300191879272461,0.36173964738845826,0.3879368662834167
screw,thread_top/000.png,N_R_all,5,0.15728474855422975,0.16701508760452272,0.17991658449172973,0.19660392999649048
screw,thread_top/000.png,N_R_far,5,0.10778077840805053,0.11065605878829957,0.12189927101135253,0.13376594781875611
screw,thread_top/001.png,D,11,0.2623263922604648,0.2782963622700084,0.2911601012403315,0.3142697269266302
screw,thread_top/001.png,N_H,2,0.3008382022380829,0.3226751685142517,0.339731901884079,0.37737759947776794
screw,thread_top/001.png,N_R_all,2,0.05717170238494873,0.07084351778030396,0.10549220442771912,0.13555532693862915
screw,thread_top/001.png,N_R_far,2,0.07681861519813538,0.08508831262588501,0.1027643084526062,0.11803930997848511
screw,thread_top/002.png,D,11,0.16456312483007257,0.17078280448913574,0.18370002508163452,0.19834340160543268
screw,thread_top/002.png,N_H,6,0.18842236200968424,0.19863563776016235,0.2256255845228831,0.23889846603075662
screw,thread_top/002.png,N_R_all,6,0.047584593296051025,0.05964321891466776,0.07480525970458984,0.09567704796791077
screw,thread_top/002.png,N_R_far,6,0.06287769476572673,0.075065811475118,0.09259967009226482,0.10556559761365254
screw,thread_top/003.png,D,9,0.0975243714120653,0.10956209897994995,0.12631634208891127,0.14456850290298462
screw,thread_top/003.png,N_H,9,0.1796296106444465,0.19164812564849854,0.20945239067077637,0.23059542973836264
screw,thread_top/003.png,N_R_all,9,0.05833772818247477,0.06568596760431926,0.08578177293141682,0.10997270875506931
screw,thread_top/003.png,N_R_far,9,0.059228201707204185,0.0651206440395779,0.08660452233420478,0.10366587506400214
screw,thread_top/004.png,D,11,0.2329585931517861,0.24580980972810226,0.2683371034535495,0.2898425676605918
screw,thread_top/004.png,N_H,7,0.37172592537743704,0.3769486887114389,0.3865736126899719,0.39704589332853046
screw,thread_top/004.png,N_R_all,7,0.11211593661989484,0.11817347151892525,0.13863050937652588,0.15794733592442103
screw,thread_top/004.png,N_R_far,7,0.13593875510352,0.14659019027437484,0.1662932804652623,0.1860502873148237
screw,thread_top/005.png,D,18,0.14659094479348925,0.16160049703386095,0.19595758782492745,0.21525128020180595
screw,thread_top/005.png,N_H,3,0.22355830669403076,0.23759897549947104,0.25465428829193115,0.2801646987597148
screw,thread_top/005.png,N_R_all,3,0.13336767752965292,0.14009944597880045,0.15772944688796997,0.16982521613438925
screw,thread_top/005.png,N_R_far,3,0.10985678434371948,0.11601090431213379,0.12246183554331462,0.1318609118461609
screw,thread_top/007.png,D,12,0.21754057208697,0.23719356954097748,0.27753062049547833,0.30780476331710815
screw,thread_top/007.png,N_H,1,0.24710088968276978,0.2508968114852905,0.25723737478256226,0.26745593547821045
screw,thread_top/007.png,N_R_all,1,0.14453333616256714,0.15138965845108032,0.1565346121788025,0.16368627548217773
screw,thread_top/007.png,N_R_far,1,0.09798961877822876,0.12209731340408325,0.16797226667404175,0.192294180393219
screw,thread_top/008.png,D,11,0.13905141028490933,0.14571593566374344,0.16553191705183548,0.18931022015484897
screw,thread_top/008.png,N_H,5,0.23375550508499146,0.24812906980514526,0.2648168206214905,0.28898861408233645
screw,thread_top/008.png,N_R_all,5,0.09024312496185302,0.09674313068389892,0.12755776643753053,0.1455127477645874
screw,thread_top/008.png,N_R_far,5,0.10854535102844239,0.11253422498703003,0.12953970432281495,0.1449940323829651
screw,thread_top/009.png,D,9,0.23466985093222725,0.24129460255304971,0.25453190008799237,0.2642300526301066
screw,thread_top/009.png,N_H,3,0.2567833463350932,0.26989126205444336,0.2993850310643514,0.3206863005956014
screw,thread_top/009.png,N_R_all,3,0.11731457710266113,0.13673490285873413,0.15049999952316284,0.16538443168004355
screw,thread_top/009.png,N_R_far,3,0.09852023919423421,0.10885580380757649,0.12497995297114055,0.1418207287788391
screw,thread_top/010.png,D,12,0.1548591603835424,0.16356570521990457,0.1745975911617279,0.18536068995793661
screw,thread_top/010.png,N_H,9,0.3395971523390876,0.3412784669134352,0.36981870730717975,0.40252161688274807
screw,thread_top/010.png,N_R_all,9,0.11888835165235731,0.12504384915033975,0.14222720596525404,0.15749732653299967
screw,thread_top/010.png,N_R_far,9,0.1050112181239658,0.11488488647672865,0.12808636824289957,0.1414143509334988
screw,thread_top/011.png,D,11,0.20954468033530496,0.21933005614714188,0.23339914191852917,0.2504265308380127
screw,thread_top/011.png,N_H,3,0.1629920999209086,0.1797629396120707,0.20786869525909424,0.22963140408198038
screw,thread_top/011.png,N_R_all,3,0.05147355794906616,0.06005181868871053,0.07419806718826294,0.09332261482874553
screw,thread_top/011.png,N_R_far,3,0.05689821640650431,0.06811946630477905,0.08750039339065552,0.1038352648417155
screw,thread_top/012.png,D,4,0.1715860515832901,0.18314114212989807,0.20606933534145355,0.22678902745246887
screw,thread_top/012.png,N_H,6,0.22086425622304282,0.23002496361732483,0.2419683039188385,0.2575618624687195
screw,thread_top/012.png,N_R_all,6,0.1259982685248057,0.138889213403066,0.15242157379786173,0.16823638478914896
screw,thread_top/012.png,N_R_far,6,0.1495972474416097,0.1623370349407196,0.1807104448477427,0.20344030857086182
screw,thread_top/013.png,D,5,0.23410433530807495,0.2459077477455139,0.26852009296417234,0.29441170692443847
screw,thread_top/013.png,N_H,7,0.3324794428689139,0.34480280535561697,0.37494621106556486,0.4002387949398586
screw,thread_top/013.png,N_R_all,7,0.06466650111334664,0.08070313930511475,0.09984817675181798,0.13513693639210292
screw,thread_top/013.png,N_R_far,7,0.062229037284851074,0.08657274075916835,0.10880295719419207,0.13610216549464635
screw,thread_top/014.png,D,10,0.21280130743980408,0.22346602082252504,0.2372765898704529,0.25385966897010803
screw,thread_top/014.png,N_H,10,0.45338802933692934,0.46096339225769045,0.47649321556091306,0.49124940633773806
screw,thread_top/014.png,N_R_all,10,0.1738603711128235,0.18253399729728698,0.19601988196372985,0.2071579337120056
screw,thread_top/014.png,N_R_far,10,0.11151838898658753,0.11791479587554932,0.12913238406181335,0.14088975191116332
screw,thread_top/015.png,D,6,0.19039690494537354,0.19385130206743875,0.22431641817092896,0.2473520835240682
screw,thread_top/015.png,N_H,7,0.22939205169677734,0.23721917186464583,0.24979613508496964,0.26047528641564505
screw,thread_top/015.png,N_R_all,7,0.10801164593015398,0.1183908496584211,0.1329412886074611,0.1444906677518572
screw,thread_top/015.png,N_R_far,7,0.10394163642610822,0.11417469808033534,0.12650036811828613,0.13869243008749826
screw,thread_top/016.png,D,9,0.13578908310996163,0.1570290658209059,0.1870964765548706,0.23251289791531032
screw,thread_top/016.png,N_H,8,0.17284396290779114,0.18867624551057816,0.2114163264632225,0.2303704023361206
screw,thread_top/016.png,N_R_all,8,0.06232598423957825,0.07835962623357773,0.10641085356473923,0.13603252172470093
screw,thread_top/016.png,N_R_far,8,0.051671914756298065,0.05863945931196213,0.08646503835916519,0.11065727472305298
screw,thread_top/017.png,D,3,0.17785022656122842,0.1833960215250651,0.20754738648732504,0.22083542744318643
screw,thread_top/017.png,N_H,6,0.20431928833325705,0.21117398142814636,0.24083363016446432,0.2623792886734009
screw,thread_top/017.png,N_R_all,6,0.10172079006830852,0.12068456411361694,0.12901600201924643,0.14490308364232382
screw,thread_top/017.png,N_R_far,6,0.12209820747375488,0.13393719991048178,0.14852721492449442,0.1669002572695414
screw,thread_top/018.png,D,10,0.15325764417648316,0.1626387894153595,0.17862032651901244,0.1960262417793274
screw,thread_top/018.png,N_H,4,0.2634895592927933,0.2633405178785324,0.2697650045156479,0.27784135937690735
screw,thread_top/018.png,N_R_all,4,0.12846742570400238,0.13276125490665436,0.1401660442352295,0.15659677982330322
screw,thread_top/018.png,N_R_far,4,0.09846343100070953,0.11008016765117645,0.12865190207958221,0.1433645635843277
screw,thread_top/019.png,D,12,0.23838156461715698,0.24806863069534302,0.2672366499900818,0.2885853747526805
screw,thread_top/019.png,N_H,1,0.20629233121871948,0.21069496870040894,0.21995937824249268,0.23521465063095093
screw,thread_top/019.png,N_R_all,1,0.06465178728103638,0.06561720371246338,0.07877624034881592,0.09952050447463989
screw,thread_top/019.png,N_R_far,1,0.10598403215408325,0.10651761293411255,0.11314117908477783,0.13820898532867432
screw,thread_top/020.png,D,11,0.2721169211647727,0.29141862284053455,0.32125506617806177,0.34967794201590796
screw,thread_top/020.png,N_H,2,0.31195488572120667,0.3668086528778076,0.3948492407798767,0.4134381115436554
screw,thread_top/020.png,N_R_all,2,0.05109149217605591,0.056236058473587036,0.10233688354492188,0.12152090668678284
screw,thread_top/020.png,N_R_far,2,0.08479252457618713,0.09107425808906555,0.09944701194763184,0.13487660884857178
screw,thread_top/021.png,D,8,0.21867763996124268,0.22709211707115173,0.24819301813840866,0.26242125779390335
screw,thread_top/021.png,N_H,4,0.28607964515686035,0.29272857308387756,0.3231884688138962,0.3459128141403198
screw,thread_top/021.png,N_R_all,4,0.15469783544540405,0.16503621637821198,0.1895526647567749,0.20544321835041046
screw,thread_top/021.png,N_R_far,4,0.09522059559822083,0.09926475584506989,0.11558546125888824,0.12744911015033722
screw,thread_top/022.png,D,9,0.13539742761188084,0.14976073635949028,0.1804558833440145,0.2038649188147651
screw,thread_top/022.png,N_H,7,0.18759701933179582,0.1968544806752886,0.2205368791307722,0.251688505922045
screw,thread_top/022.png,N_R_all,7,0.06771546602249146,0.07744443416595459,0.09054533924375262,0.10024801322392055
screw,thread_top/022.png,N_R_far,7,0.08151182106563024,0.09362689937864031,0.11282839093889509,0.13089599779673985
cable,cable_swap/000.png,D,89,0.12636337253484833,0.13866267713268152,0.15704139029042105,0.17480474375606922
cable,cable_swap/000.png,N_H,1,0.21394950151443481,0.21524053812026978,0.22150635719299316,0.22736114263534546
cable,cable_swap/000.png,N_R_all,1,0.12895631790161133,0.12993943691253662,0.14525312185287476,0.15394079685211182
cable,cable_swap/000.png,N_R_far,1,0.07082784175872803,0.0773513913154602,0.09319454431533813,0.10294008255004883
cable,cable_swap/001.png,D,81,0.1421592868404624,0.15157615844114328,0.17032607543615647,0.18773107175473813
cable,cable_swap/001.png,N_H,3,0.2601137359937032,0.2689249912897746,0.29309723774592084,0.30720438559850055
cable,cable_swap/001.png,N_R_all,3,0.08611241976420085,0.09652181466420491,0.10974212487538655,0.12229734659194946
cable,cable_swap/001.png,N_R_far,3,0.07064255078633626,0.07589560747146606,0.08342975378036499,0.09084198872248332
cable,cable_swap/002.png,D,74,0.1438514759411683,0.15474009191667712,0.1754565577249269,0.1957800259461274
cable,cable_swap/002.png,N_H,4,0.2652128040790558,0.2884885370731354,0.3120386451482773,0.32977619767189026
cable,cable_swap/002.png,N_R_all,4,0.11456058919429779,0.1279849112033844,0.14010083675384521,0.15687346458435059
cable,cable_swap/002.png,N_R_far,4,0.0611262172460556,0.06726863980293274,0.08635729551315308,0.09898239374160767
cable,cable_swap/003.png,D,75,0.13302041292190553,0.14190282106399535,0.1593030341466268,0.1752061708768209
cable,cable_swap/003.png,N_H,5,0.2902553200721741,0.3040000081062317,0.34013092517852783,0.3621335983276367
cable,cable_swap/003.png,N_R_all,5,0.08039350509643554,0.0874584436416626,0.09900790452957153,0.11521164178848267
cable,cable_swap/003.png,N_R_far,5,0.09790502786636353,0.10215727090835572,0.11554511785507202,0.1330783486366272
cable,cable_swap/004.png,D,75,0.13761709531148275,0.14858611106872557,0.16932721296946207,0.18664698680241903
cable,cable_swap/004.png,N_H,7,0.2865645544869559,0.2975843037877764,0.3245609998703003,0.3532640167645046
cable,cable_swap/004.png,N_R_all,7,0.0842174802507673,0.09178705726351057,0.10995462111064366,0.12732931545802526
cable,cable_swap/004.png,N_R_far,7,0.07482627459934779,0.08357272829328265,0.09568922008786883,0.10534858703613281
cable,cable_swap/005.png,D,81,0.13215723596973183,0.14329863330464304,0.15846494686456375,0.17611160763987788
cable,cable_swap/005.png,N_H,5,0.20606505870819092,0.212240731716156,0.23910902738571166,0.2576142907142639
cable,cable_swap/005.png,N_R_all,5,0.07208867073059082,0.0843119502067566,0.10157078504562378,0.11133052110671997
cable,cable_swap/005.png,N_R_far,5,0.1203467607498169,0.1364099621772766,0.14797877073287963,0.1611120343208313
cable,cable_swap/006.png,D,87,0.12340291135612576,0.13330810165953363,0.15351977019474425,0.17541238494303035
cable,cable_swap/006.png,N_H,1,0.2706986665725708,0.2719910144805908,0.323757529258728,0.35733848810195923
cable,cable_swap/006.png,N_R_all,1,0.047462642192840576,0.05338013172149658,0.06383144855499268,0.09602433443069458
cable,cable_swap/006.png,N_R_far,1,0.11528283357620239,0.12064266204833984,0.1536393165588379,0.1603604555130005
cable,cable_swap/007.png,D,81,0.12066937081607772,0.13189880641890162,0.14910579537167962,0.16508415525342213
cable,cable_swap/007.png,N_H,6,0.2362942397594452,0.2555425961812337,0.285783052444458,0.3242193063100179
cable,cable_swap/007.png,N_R_all,6,0.08605688810348511,0.09585488835970561,0.11478833357493083,0.1375884215037028
cable,cable_swap/007.png,N_R_far,6,0.060018946727116905,0.07406461238861084,0.09048585096995036,0.10148645440737407
cable,cable_swap/008.png,D,81,0.19373483422361773,0.20310892661412558,0.22105867774398238,0.2374356366969921
cable,cable_swap/008.png,N_H,1,0.27009618282318115,0.276677668094635,0.28771036863327026,0.30930495262145996
cable,cable_swap/008.png,N_R_all,1,0.052477478981018066,0.07421058416366577,0.08448904752731323,0.09799909591674805
cable,cable_swap/008.png,N_R_far,1,0.09618896245956421,0.1114354133605957,0.13638824224472046,0.14151698350906372
cable,cable_swap/009.png,D,74,0.14570143335574381,0.15859097242355347,0.17521938601055662,0.19182536086520632
cable,cable_swap/009.png,N_H,5,0.2740923404693604,0.2778648614883423,0.31759592294692995,0.3503537178039551
cable,cable_swap/009.png,N_R_all,5,0.10752230882644653,0.11352338790893554,0.13239997625350952,0.15537021160125733
cable,cable_swap/009.png,N_R_far,5,0.08855140209197998,0.0957248330116272,0.109688138961792,0.12062183618545533
cable,cable_swap/010.png,D,76,0.1271881806223016,0.1384385745776327,0.15715969393127843,0.17740241791072645
cable,cable_swap/010.png,N_H,7,0.23181708369936263,0.2433094722884042,0.26538415466036114,0.28442348752702984
cable,cable_swap/010.png,N_R_all,7,0.10159324748175484,0.11248015505926949,0.1406398926462446,0.16110849380493164
cable,cable_swap/010.png,N_R_far,7,0.09574963365282331,0.10102886813027519,0.11517316954476493,0.13106217554637364
cable,cable_swap/011.png,D,71,0.15122442514124051,0.16354757379478133,0.17916915786098425,0.1973550059425999
cable,cable_swap/011.png,N_H,4,0.25062955915927887,0.2573383152484894,0.28766871988773346,0.32132047414779663
cable,cable_swap/011.png,N_R_all,4,0.09632714092731476,0.10221238434314728,0.1110573261976242,0.12825870513916016
cable,cable_swap/011.png,N_R_far,4,0.0693892389535904,0.08637209236621857,0.09991005063056946,0.1140756905078888
cable,combined/004.png,D,76,0.19930947924915113,0.21900402480050138,0.2462534857423682,0.26946144433397995
cable,combined/004.png,N_H,1,0.2876652479171753,0.29242849349975586,0.2959306836128235,0.3383778929710388
cable,combined/004.png,N_R_all,1,0.12758475542068481,0.1344882845878601,0.14312297105789185,0.1747446060180664
cable,combined/004.png,N_R_far,1,0.04189443588256836,0.058354198932647705,0.08128917217254639,0.11137998104095459
cable,cut_inner_insulation/005.png,D,40,0.20044490694999695,0.21432829648256302,0.23104134798049927,0.24605319499969483
cable,cut_inner_insulation/005.png,N_H,1,0.2666710615158081,0.27539175748825073,0.3025805354118347,0.30852413177490234
cable,cut_inner_insulation/005.png,N_R_all,1,0.08981961011886597,0.09298813343048096,0.12384599447250366,0.14206910133361816
cable,cut_inner_insulation/005.png,N_R_far,1,0.059606313705444336,0.08490288257598877,0.08785003423690796,0.09872817993164062
cable,cut_inner_insulation/010.png,D,44,0.22027373991229318,0.22873498770323666,0.24320472505959598,0.2607451013543389
cable,cut_inner_insulation/010.png,N_H,1,0.27063459157943726,0.27531248331069946,0.3068108558654785,0.31791573762893677
cable,cut_inner_insulation/010.png,N_R_all,1,0.04780679941177368,0.06255674362182617,0.07554745674133301,0.09232842922210693
cable,cut_inner_insulation/010.png,N_R_far,1,0.03864789009094238,0.04460489749908447,0.06047379970550537,0.0715288519859314
cable,cut_outer_insulation/002.png,D,22,0.27539909969676624,0.28623380986126984,0.3009994355115024,0.31869793751023034
cable,cut_outer_insulation/002.png,N_H,2,0.3530119061470032,0.37600401043891907,0.41018545627593994,0.4395601451396942
cable,cut_outer_insulation/002.png,N_R_all,2,0.11002570390701294,0.1201033890247345,0.14097487926483154,0.15388166904449463
cable,cut_outer_insulation/002.png,N_R_far,2,0.0752301812171936,0.08633503317832947,0.1151866614818573,0.12551438808441162
cable,cut_outer_insulation/003.png,D,12,0.2524644484122594,0.31064213812351227,0.33005183935165405,0.36108318467934925
cable,cut_outer_insulation/003.png,N_H,2,0.2919350862503052,0.3017079830169678,0.31913435459136963,0.34444645047187805
cable,cut_outer_insulation/003.png,N_R_all,2,0.1088995635509491,0.11230963468551636,0.13732832670211792,0.15598034858703613
cable,cut_outer_insulation/003.png,N_R_far,2,0.13358333706855774,0.13767552375793457,0.14576900005340576,0.15746712684631348
cable,cut_outer_insulation/004.png,D,45,0.15936266978581745,0.17292359934912788,0.19932009643978543,0.2239207214779324
cable,cut_outer_insulation/004.png,N_H,1,0.31173402070999146,0.3427656888961792,0.36153489351272583,0.37337177991867065
cable,cut_outer_insulation/004.png,N_R_all,1,0.08295643329620361,0.10615265369415283,0.1231643557548523,0.13163262605667114
cable,cut_outer_insulation/004.png,N_R_far,1,0.10398876667022705,0.10666471719741821,0.11623603105545044,0.12895572185516357
cable,cut_outer_insulation/006.png,D,18,0.30956178572442794,0.323625299665663,0.33974534935421413,0.3579304913679759
cable,cut_outer_insulation/006.png,N_H,1,0.34306424856185913,0.3195529580116272,0.3151269555091858,0.36718887090682983
cable,cut_outer_insulation/006.png,N_R_all,1,0.05960369110107422,0.06834959983825684,0.08430260419845581,0.08772855997085571
cable,cut_outer_insulation/006.png,N_R_far,1,0.08736002445220947,0.09924793243408203,0.10858237743377686,0.13173019886016846
cable,missing_wire/000.png,D,31,0.19112613508778234,0.19821161800815212,0.21646943399983068,0.2358876620569537
cable,missing_wire/000.png,N_H,5,0.27034956216812134,0.2837274193763733,0.2993342876434326,0.3259281158447266
cable,missing_wire/000.png,N_R_all,5,0.0685502052307129,0.08213565349578858,0.10508608818054199,0.11843273639678956
cable,missing_wire/000.png,N_R_far,5,0.08916758298873902,0.09836122989654542,0.11174019575119018,0.1303813099861145
cable,missing_wire/002.png,D,23,0.23982424062231314,0.25119301547174866,0.27158323578212573,0.2909800798996635
cable,missing_wire/002.png,N_H,1,0.28274011611938477,0.28991085290908813,0.3285418152809143,0.3408963084220886
cable,missing_wire/002.png,N_R_all,1,0.060985028743743896,0.0648646354675293,0.0695149302482605,0.07378828525543213
cable,missing_wire/002.png,N_R_far,1,0.06689244508743286,0.0710940957069397,0.07513231039047241,0.08397942781448364
cable,missing_wire/006.png,D,25,0.22378469944000245,0.2366087794303894,0.25979827880859374,0.2789821672439575
cable,missing_wire/006.png,N_H,1,0.2975367307662964,0.33819764852523804,0.35607677698135376,0.3912988305091858
cable,missing_wire/006.png,N_R_all,1,0.11119753122329712,0.11843830347061157,0.12776505947113037,0.14958947896957397
cable,missing_wire/006.png,N_R_far,1,0.07737290859222412,0.10340869426727295,0.12453067302703857,0.14664584398269653
cable,missing_wire/008.png,D,26,0.21094984733141386,0.22406955407215998,0.24178990033956674,0.2636107618992145
cable,missing_wire/008.png,N_H,4,0.352100133895874,0.37484343349933624,0.4151403307914734,0.45266343653202057
cable,missing_wire/008.png,N_R_all,4,0.10530351102352142,0.11567887663841248,0.12949925661087036,0.1439189910888672
cable,missing_wire/008.png,N_R_far,4,0.1348067671060562,0.14266009628772736,0.1710825115442276,0.1886485517024994
cable,poke_insulation/000.png,D,12,0.36625200013319653,0.37196921308835346,0.38284100592136383,0.3924376666545868
cable,poke_insulation/000.png,N_H,1,0.31007009744644165,0.33863842487335205,0.36428302526474,0.3790031671524048
cable,poke_insulation/000.png,N_R_all,1,0.12735223770141602,0.1293904185295105,0.14539504051208496,0.15962517261505127
cable,poke_insulation/000.png,N_R_far,1,0.07536381483078003,0.07615208625793457,0.08196777105331421,0.08875811100006104
cable,poke_insulation/002.png,D,3,0.379161278406779,0.4011017481486003,0.4783138434092204,0.48991674184799194
cable,poke_insulation/002.png,N_H,5,0.3151886224746704,0.3440632224082947,0.3757024765014648,0.395065176486969
cable,poke_insulation/002.png,N_R_all,5,0.09677153825759888,0.10380141735076905,0.11240185499191284,0.12664893865585328
cable,poke_insulation/002.png,N_R_far,5,0.1019258975982666,0.11812527179718017,0.13778766393661498,0.15079129934310914
cable,poke_insulation/005.png,D,19,0.31796908378601074,0.3305917978286743,0.34180949549925954,0.3553256737558465
cable,poke_insulation/005.png,N_H,1,0.36470794677734375,0.40804749727249146,0.42260968685150146,0.44378119707107544
cable,poke_insulation/005.png,N_R_all,1,0.10108917951583862,0.12322711944580078,0.13517910242080688,0.1959371566772461
cable,poke_insulation/005.png,N_R_far,1,0.09475892782211304,0.110232412815094,0.12021833658218384,0.14104920625686646
bottle,broken_small/008.png,D,28,0.2630603952067239,0.27230021144662586,0.2929453594344003,0.3109917427812304
bottle,broken_small/008.png,N_H,3,0.3344149390856425,0.33784353733062744,0.3579242030779521,0.3836612105369568
bottle,broken_small/008.png,N_R_all,3,0.04097268978754679,0.044016500314076744,0.05174573262532552,0.05803477764129639
bottle,broken_small/008.png,N_R_far,3,0.032632529735565186,0.03550591071446737,0.043090502421061196,0.05858908096949259
bottle,broken_small/015.png,D,24,0.2672639911373456,0.2770443285504977,0.2966793328523636,0.3204456915458043
bottle,broken_small/015.png,N_H,1,0.28039950132369995,0.29101163148880005,0.3122440576553345,0.32964009046554565
bottle,broken_small/015.png,N_R_all,1,0.01932847499847412,0.02452629804611206,0.03319591283798218,0.04084813594818115
bottle,broken_small/015.png,N_R_far,1,0.022074878215789795,0.02963334321975708,0.03883332014083862,0.04760652780532837
macaroni2,bad/000.JPG,D,3,0.2598186135292053,0.2691671848297119,0.30515919129053753,0.32663484414418537
macaroni2,bad/000.JPG,N_H,11,0.17627925764430652,0.19067148728804154,0.2321469025178389,0.25306918946179474
macaroni2,bad/000.JPG,N_R_all,11,0.06792952255769209,0.07629441131245006,0.09208484671332619,0.10643414475701073
macaroni2,bad/000.JPG,N_R_far,11,0.052250699563459915,0.06231422857804732,0.0785438906062733,0.09298131682656029
macaroni2,bad/001.JPG,D,2,0.41269156336784363,0.42313554883003235,0.4432868957519531,0.4601072072982788
macaroni2,bad/001.JPG,N_H,11,0.19470519911159168,0.20665407180786133,0.2198813178322532,0.241927217353474
macaroni2,bad/001.JPG,N_R_all,11,0.04444575309753418,0.05085857348008589,0.06290283528241244,0.07722983035174283
macaroni2,bad/001.JPG,N_R_far,11,0.05171946503899314,0.061589717864990234,0.07805141535672275,0.09328143705021251
macaroni2,bad/002.JPG,D,3,0.2764996488889058,0.2844473123550415,0.30084866285324097,0.32356566190719604
macaroni2,bad/002.JPG,N_H,10,0.19054461717605592,0.20629701614379883,0.22448840737342834,0.237535560131073
macaroni2,bad/002.JPG,N_R_all,10,0.05317209362983703,0.0665571928024292,0.08317312002182006,0.09784724116325379
macaroni2,bad/002.JPG,N_R_far,10,0.03824843168258667,0.05287054181098938,0.06926484107971191,0.0824049472808838
macaroni2,bad/003.JPG,D,1,0.16369688510894775,0.16500186920166016,0.2144741415977478,0.24632936716079712
macaroni2,bad/003.JPG,N_H,15,0.18640859921773276,0.20464621782302855,0.2210623065630595,0.2337771495183309
macaroni2,bad/003.JPG,N_R_all,15,0.05201917092005412,0.059831547737121585,0.07048578262329101,0.08260931571324666
macaroni2,bad/003.JPG,N_R_far,15,0.05992272694905599,0.06957719326019288,0.08296362161636353,0.10027656555175782
macaroni2,bad/004.JPG,D,3,0.3247663180033366,0.35625139872233075,0.3715436061223348,0.3816850185394287
macaroni2,bad/004.JPG,N_H,10,0.19616782665252686,0.2060329496860504,0.22726097106933593,0.24211832880973816
macaroni2,bad/004.JPG,N_R_all,10,0.04909543395042419,0.05464932322502136,0.07170535326004028,0.08853741884231567
macaroni2,bad/004.JPG,N_R_far,10,0.0456678032875061,0.05164799690246582,0.06090058088302612,0.07873482704162597
macaroni2,bad/005.JPG,D,2,0.2685066759586334,0.31395184993743896,0.33130723237991333,0.34383779764175415
macaroni2,bad/005.JPG,N_H,11,0.14679664373397827,0.15648835355585272,0.1754502762447704,0.1955858198079196
macaroni2,bad/005.JPG,N_R_all,11,0.049257852814414284,0.06263645128770308,0.07844686508178711,0.09048717672174628
macaroni2,bad/005.JPG,N_R_far,11,0.04292418198152022,0.06010234355926514,0.07468882474032315,0.0860324122688987
macaroni2,bad/006.JPG,D,4,0.2880878895521164,0.30008819699287415,0.326908215880394,0.34384793043136597
macaroni2,bad/006.JPG,N_H,12,0.15439067284266153,0.16807433466116586,0.1858669271071752,0.20111349721749625
macaroni2,bad/006.JPG,N_R_all,12,0.059970339139302574,0.07216767966747284,0.09376261631647746,0.11188424130280812
macaroni2,bad/006.JPG,N_R_far,12,0.05371644099553426,0.06280562281608582,0.07479634881019592,0.08547006050745647
macaroni2,bad/007.JPG,D,2,0.37327685952186584,0.3781568109989166,0.40135422348976135,0.42140838503837585
macaroni2,bad/007.JPG,N_H,8,0.158316969871521,0.16359589248895645,0.18169666826725006,0.20059765130281448
macaroni2,bad/007.JPG,N_R_all,8,0.06263217329978943,0.07135763019323349,0.08378586173057556,0.09860245138406754
macaroni2,bad/007.JPG,N_R_far,8,0.07518263906240463,0.08316488564014435,0.09908188879489899,0.11230868101119995
macaroni2,bad/008.JPG,D,2,0.3145013153553009,0.3265799582004547,0.348139226436615,0.3664442300796509
macaroni2,bad/008.JPG,N_H,8,0.17346740514039993,0.18567341566085815,0.20488053560256958,0.22581005096435547
macaroni2,bad/008.JPG,N_R_all,8,0.036875925958156586,0.04168570786714554,0.05048567056655884,0.06157322973012924
macaroni2,bad/008.JPG,N_R_far,8,0.051113806664943695,0.060634225606918335,0.06836625933647156,0.08566638827323914
macaroni2,bad/009.JPG,D,4,0.2832118421792984,0.30355480313301086,0.32599136233329773,0.34469522535800934
macaroni2,bad/009.JPG,N_H,10,0.17494704127311705,0.1874725937843323,0.20545936822891236,0.2244410514831543
macaroni2,bad/009.JPG,N_R_all,10,0.05849339365959168,0.06854929327964783,0.08367130160331726,0.09783235192298889
macaroni2,bad/009.JPG,N_R_far,10,0.04059163928031921,0.04415116310119629,0.051525461673736575,0.06400083899497985
macaroni2,bad/010.JPG,D,2,0.25648120045661926,0.2656072974205017,0.29305991530418396,0.3142837882041931
macaroni2,bad/010.JPG,N_H,10,0.17263668179512023,0.1841520071029663,0.19882662892341613,0.21560860872268678
macaroni2,bad/010.JPG,N_R_all,10,0.05026956200599671,0.05961753129959106,0.0740012526512146,0.09024009704589844
macaroni2,bad/010.JPG,N_R_far,10,0.053597211837768555,0.0696101188659668,0.08248650431632995,0.09473915696144104
macaroni2,bad/011.JPG,D,1,0.2836398482322693,0.3042612075805664,0.35034191608428955,0.3777799606323242
macaroni2,bad/011.JPG,N_H,13,0.17281471307461077,0.18053570618996254,0.19767358669867882,0.21462848094793466
macaroni2,bad/011.JPG,N_R_all,13,0.05147319115125216,0.061169372155116156,0.0732715496650109,0.08389959885523869
macaroni2,bad/011.JPG,N_R_far,13,0.06027466058731079,0.07129181348360501,0.0855291852584252,0.09772328230050895
macaroni2,bad/012.JPG,D,1,0.2657541036605835,0.2793121337890625,0.2828165292739868,0.32024627923965454
macaroni2,bad/012.JPG,N_H,12,0.2027584115664164,0.21748225887616476,0.24679803848266602,0.2625146309534709
macaroni2,bad/012.JPG,N_R_all,12,0.06828140219052632,0.0767036924759547,0.09485645592212677,0.10911122461160024
macaroni2,bad/012.JPG,N_R_far,12,0.04337554176648458,0.048862357934316,0.05872878928979238,0.0722122589747111
macaroni2,bad/013.JPG,D,1,0.3409572243690491,0.35032546520233154,0.37135159969329834,0.38430386781692505
macaroni2,bad/013.JPG,N_H,13,0.19250703774965727,0.19907546043395996,0.2117386506153987,0.2282171341089102
macaroni2,bad/013.JPG,N_R_all,13,0.057926255923051104,0.06592738628387451,0.08093838049815251,0.09509139794569749
macaroni2,bad/013.JPG,N_R_far,13,0.06088465452194214,0.06878013335741483,0.07915368446936974,0.09007822550260104
macaroni2,bad/014.JPG,D,2,0.32312312722206116,0.33370912075042725,0.37091532349586487,0.3978480100631714
macaroni2,bad/014.JPG,N_H,12,0.1568176249663035,0.16056303679943085,0.17832556863625845,0.19346935550371805
macaroni2,bad/014.JPG,N_R_all,12,0.07198486228783925,0.08167378107706706,0.0994602640469869,0.11455882092316945
macaroni2,bad/014.JPG,N_R_far,12,0.062093883752822876,0.07390014827251434,0.0916821559270223,0.10784186919530232
macaroni2,bad/015.JPG,D,1,0.30937910079956055,0.3327699303627014,0.34099137783050537,0.3562001585960388
macaroni2,bad/015.JPG,N_H,13,0.1720029849272508,0.18260851731667152,0.19890592189935538,0.2119133059795086
macaroni2,bad/015.JPG,N_R_all,13,0.08628420187876774,0.0958667855996352,0.10946781360186063,0.12870247547443098
macaroni2,bad/015.JPG,N_R_far,13,0.04688315666638888,0.05608150592217079,0.06907945412855881,0.08156392207512489
macaroni2,bad/016.JPG,D,1,0.2724657654762268,0.28352993726730347,0.2991008162498474,0.31033772230148315
macaroni2,bad/016.JPG,N_H,14,0.23379760129111155,0.24534461327961513,0.26428660324641634,0.27983173727989197
macaroni2,bad/016.JPG,N_R_all,14,0.07241254619189672,0.07660308906010219,0.08840448941503253,0.10642936825752258
macaroni2,bad/016.JPG,N_R_far,14,0.0588847781930651,0.06730311257498604,0.08231742041451591,0.09465882182121277
macaroni2,bad/017.JPG,D,2,0.31636080145835876,0.33745235204696655,0.35049647092819214,0.3663487434387207
macaroni2,bad/017.JPG,N_H,11,0.16060423851013184,0.17040753906423395,0.18807680498469959,0.20813402804461392
macaroni2,bad/017.JPG,N_R_all,11,0.04975346543572166,0.05939704721624201,0.0719788670539856,0.08385410633954135
macaroni2,bad/017.JPG,N_R_far,11,0.03763435103676536,0.04909257997166027,0.061248166994615036,0.07549114660783247
macaroni2,bad/018.JPG,D,1,0.3159990906715393,0.31775492429733276,0.3358762264251709,0.3610997200012207
macaroni2,bad/018.JPG,N_H,13,0.15399486284989578,0.15471654671889085,0.1806724896797767,0.19564500221839318
macaroni2,bad/018.JPG,N_R_all,13,0.06194100930140568,0.07019254794487587,0.08726446903668918,0.10327507899357723
macaroni2,bad/018.JPG,N_R_far,13,0.046892326611738935,0.05399914429737972,0.0668369118983929,0.07941863170036903
macaroni2,bad/019.JPG,D,2,0.18465912342071533,0.19592434167861938,0.26474079489707947,0.3261685371398926
macaroni2,bad/019.JPG,N_H,13,0.1595398187637329,0.1609928195293133,0.182208579320174,0.2011573727314289
macaroni2,bad/019.JPG,N_R_all,13,0.05150339695123526,0.0600285346691425,0.07519890711857723,0.09150984654059777
macaroni2,bad/019.JPG,N_R_far,13,0.049986573366018444,0.05793642997741699,0.06898966660866371,0.0817075830239516
macaroni2,bad/020.JPG,D,1,0.3321552276611328,0.332775354385376,0.34118086099624634,0.36782312393188477
macaroni2,bad/020.JPG,N_H,13,0.15625576331065252,0.16632163524627686,0.1839913038107065,0.20513109977428728
macaroni2,bad/020.JPG,N_R_all,13,0.06219606216137226,0.07373634209999672,0.09481888092481174,0.1089440079835745
macaroni2,bad/020.JPG,N_R_far,13,0.04516958731871385,0.052136751321645886,0.06335897629077618,0.07617189792486337
macaroni2,bad/021.JPG,D,1,0.2804132103919983,0.3185443878173828,0.34440451860427856,0.37494778633117676
macaroni2,bad/021.JPG,N_H,14,0.1541703769138881,0.16259835873331344,0.17927701132638113,0.1988500314099448
macaroni2,bad/021.JPG,N_R_all,14,0.06094783970287868,0.07075110929352897,0.08481474007878985,0.10166127341134208
macaroni2,bad/021.JPG,N_R_far,14,0.05477687290736607,0.06398691024099078,0.07877581460135323,0.09314969182014465
macaroni2,bad/022.JPG,D,2,0.26443129777908325,0.2680569589138031,0.30952516198158264,0.35057663917541504
macaroni2,bad/022.JPG,N_H,13,0.17086520561805138,0.17708000311484703,0.19776502022376427,0.22030800580978394
macaroni2,bad/022.JPG,N_R_all,13,0.06568615253155048,0.07290135897122897,0.08637866148581871,0.09811999247624324
macaroni2,bad/022.JPG,N_R_far,13,0.05045569860018217,0.055972782465127796,0.07390835193487313,0.08925015192765456
macaroni2,bad/023.JPG,D,2,0.27082955837249756,0.296084463596344,0.3156113624572754,0.3504656255245209
macaroni2,bad/023.JPG,N_H,13,0.17016182954494768,0.1807803328220661,0.203431459573599,0.2215652374120859
macaroni2,bad/023.JPG,N_R_all,13,0.04735742623989399,0.058243948679703936,0.07700585401975192,0.09082703865491427
macaroni2,bad/023.JPG,N_R_far,13,0.04827273808992826,0.0534588281924908,0.06559034494253305,0.07957412646367
macaroni2,bad/024.JPG,D,2,0.28558972477912903,0.30735620856285095,0.32034778594970703,0.3412419855594635
macaroni2,bad/024.JPG,N_H,12,0.16148050129413605,0.17622248828411102,0.19643080731232962,0.21754473944505057
macaroni2,bad/024.JPG,N_R_all,12,0.04946295917034149,0.06127359469731649,0.07054307063420613,0.08537342647711436
macaroni2,bad/024.JPG,N_R_far,12,0.057422841588656105,0.06626246372858684,0.08036565780639648,0.09467050433158875
macaroni2,bad/025.JPG,D,1,0.41149699687957764,0.42912107706069946,0.43395519256591797,0.4588531255722046
macaroni2,bad/025.JPG,N_H,13,0.18183120855918297,0.1882950342618502,0.19920563239317673,0.21590143900651199
macaroni2,bad/025.JPG,N_R_all,13,0.0655777225127587,0.07182643505243155,0.0885311823624831,0.10260354097072895
macaroni2,bad/025.JPG,N_R_far,13,0.057436929299281195,0.06338668328065139,0.07572716933030349,0.08918978159244244
macaroni2,bad/026.JPG,D,1,0.29566138982772827,0.3028069734573364,0.33715105056762695,0.36271023750305176
macaroni2,bad/026.JPG,N_H,13,0.16778062398617083,0.1701630399777339,0.18192788270803598,0.2013315512583806
macaroni2,bad/026.JPG,N_R_all,13,0.060153305530548096,0.06992679834365845,0.08059758406419021,0.0907680346415593
macaroni2,bad/026.JPG,N_R_far,13,0.04247013422159048,0.051538086854494534,0.06349091804944552,0.07239493956932655
macaroni2,bad/027.JPG,D,1,0.3586077094078064,0.3626294732093811,0.3769058585166931,0.3843495845794678
macaroni2,bad/027.JPG,N_H,14,0.16804112706865584,0.17941409349441528,0.19954716733523778,0.21869062525885447
macaroni2,bad/027.JPG,N_R_all,14,0.07038093038967677,0.0794973075389862,0.0920994324343545,0.1068190165928432
macaroni2,bad/027.JPG,N_R_far,14,0.060647819723401754,0.06753619653838021,0.08117736663137164,0.09485406109264918
macaroni2,bad/028.JPG,D,2,0.2454415261745453,0.27853745222091675,0.2936292588710785,0.3446400463581085
macaroni2,bad/028.JPG,N_H,13,0.1713663523013775,0.17909961021863496,0.1978481228534992,0.21247651943793663
macaroni2,bad/028.JPG,N_R_all,13,0.07048882887913631,0.07930364058567928,0.09194584076221173,0.10465573347531833
macaroni2,bad/028.JPG,N_R_far,13,0.05413551055468046,0.06448407815052913,0.07752131957274216,0.09038166816417988
macaroni2,bad/029.JPG,D,2,0.3034071922302246,0.30855363607406616,0.3273686170578003,0.3510923981666565
macaroni2,bad/029.JPG,N_H,12,0.1627108653386434,0.17370944718519846,0.1956727703412374,0.21170065303643545
macaroni2,bad/029.JPG,N_R_all,12,0.05955197413762411,0.07373044391473134,0.08874426782131195,0.09835426012674968
macaroni2,bad/029.JPG,N_R_far,12,0.05924344559510549,0.07351081569989522,0.08778088291486104,0.1008003701766332
macaroni2,bad/030.JPG,D,1,0.1712590456008911,0.1746819019317627,0.20871776342391968,0.22671055793762207
macaroni2,bad/030.JPG,N_H,15,0.2694091240564982,0.27358944018681847,0.28441975514094037,0.2963079253832499
macaroni2,bad/030.JPG,N_R_all,15,0.0627799908320109,0.07412785291671753,0.09339834451675415,0.10737982988357545
macaroni2,bad/030.JPG,N_R_far,15,0.0761439601580302,0.08631489276885987,0.09901518821716308,0.11738663911819458
macaroni2,bad/032.JPG,D,1,0.1807684302330017,0.20009011030197144,0.24378448724746704,0.27399885654449463
macaroni2,bad/032.JPG,N_H,11,0.17376946861093695,0.18490362167358398,0.20220843770287253,0.22218240391124378
macaroni2,bad/032.JPG,N_R_all,11,0.04942050847140225,0.05754448067058216,0.07771946625276045,0.08806978572498668
macaroni2,bad/032.JPG,N_R_far,11,0.04887656732039018,0.05802196806127375,0.07024092024022882,0.08430149338462135
macaroni2,bad/033.JPG,D,1,0.19094198942184448,0.2160712480545044,0.22261881828308105,0.26592016220092773
macaroni2,bad/033.JPG,N_H,15,0.2764921466509501,0.2915229439735413,0.31282691955566405,0.3283163984616598
macaroni2,bad/033.JPG,N_R_all,15,0.06753044525782267,0.07568588654200235,0.09152934948603313,0.10162769953409831
macaroni2,bad/033.JPG,N_R_far,15,0.04916874567667643,0.05676038265228271,0.0716717799504598,0.08975636959075928
macaroni2,bad/034.JPG,D,1,0.18023627996444702,0.20730292797088623,0.21691006422042847,0.27557843923568726
macaroni2,bad/034.JPG,N_H,14,0.2094337216445378,0.21591090730258397,0.2325511404446193,0.24937005128179277
macaroni2,bad/034.JPG,N_R_all,14,0.056879239422934394,0.06207700712340219,0.07465507728712899,0.08625691277640206
macaroni2,bad/034.JPG,N_R_far,14,0.050265571900776455,0.05880973594529288,0.07094436032431466,0.08372071385383606
macaroni2,bad/035.JPG,D,2,0.25891852378845215,0.25540730357170105,0.2998674809932709,0.3235129117965698
macaroni2,bad/035.JPG,N_H,11,0.1700326529416171,0.17792747237465598,0.19215545871041037,0.2094167633490129
macaroni2,bad/035.JPG,N_R_all,11,0.053609842603856865,0.05850938775322654,0.06972977789965543,0.08377385139465332
macaroni2,bad/035.JPG,N_R_far,11,0.06825108419765126,0.07544870268214833,0.08742042563178322,0.09968887134031816
macaroni2,bad/036.JPG,D,2,0.302754670381546,0.3078124225139618,0.3180210590362549,0.3487720191478729
macaroni2,bad/036.JPG,N_H,13,0.18421181807151207,0.18931391605964074,0.2024306058883667,0.21637165087919968
macaroni2,bad/036.JPG,N_R_all,13,0.061935149706327,0.0703612703543443,0.0818514686364394,0.09703234984324528
macaroni2,bad/036.JPG,N_R_far,13,0.06310233703026405,0.0739100850545443,0.08901935815811157,0.1016725622690641
macaroni2,bad/037.JPG,D,1,0.3578053116798401,0.3649553656578064,0.3908369541168213,0.42037129402160645
macaroni2,bad/037.JPG,N_H,10,0.17650845646858215,0.20165557861328126,0.22165836095809938,0.23431025743484496
macaroni2,bad/037.JPG,N_R_all,10,0.05510561466217041,0.06668704748153687,0.07818607687950134,0.09216472506523132
macaroni2,bad/037.JPG,N_R_far,10,0.06338632106781006,0.07318135499954223,0.08604830503463745,0.09612740874290467
macaroni2,bad/038.JPG,D,1,0.2025718092918396,0.21856701374053955,0.2394503355026245,0.26986628770828247
macaroni2,bad/038.JPG,N_H,13,0.145951128922976,0.1559451956015367,0.1682825363599337,0.185848029760214
macaroni2,bad/038.JPG,N_R_all,13,0.05389169087776771,0.06309694968737088,0.07836233194057758,0.09172254342299241
macaroni2,bad/038.JPG,N_R_far,13,0.044610569110283486,0.05000724242283748,0.05817006184504582,0.06962476326869084
macaroni2,bad/039.JPG,D,2,0.2273661494255066,0.2463977336883545,0.2639676630496979,0.3082403242588043
macaroni2,bad/039.JPG,N_H,12,0.18434415757656097,0.1960668514172236,0.2148361454407374,0.24932120740413666
macaroni2,bad/039.JPG,N_R_all,12,0.05223873754342397,0.05681320528189341,0.06575611233711243,0.08009568850199382
macaroni2,bad/039.JPG,N_R_far,12,0.06076688567797343,0.06952551503976186,0.08416286110877991,0.0996015618244807
macaroni2,bad/040.JPG,D,1,0.2888350486755371,0.2902413606643677,0.3348920941352844,0.37197035551071167
macaroni2,bad/040.JPG,N_H,12,0.1813158392906189,0.19323565065860748,0.20957501232624054,0.227093239625295
macaroni2,bad/040.JPG,N_R_all,12,0.06615827977657318,0.08122422297795613,0.09218671421209972,0.10463395714759827
macaroni2,bad/040.JPG,N_R_far,12,0.04958401620388031,0.057634969552357994,0.07089418172836304,0.0849686215321223
macaroni2,bad/041.JPG,D,2,0.2378113567829132,0.2693696916103363,0.29639336466789246,0.33968278765678406
macaroni2,bad/041.JPG,N_H,12,0.1607964684565862,0.1754982570807139,0.1925502965847651,0.20708956321080527
macaroni2,bad/041.JPG,N_R_all,12,0.06409541269143422,0.07172290484110515,0.09165193637212117,0.10798121988773346
macaroni2,bad/041.JPG,N_R_far,12,0.06199374794960022,0.06996713081995647,0.08141940832138062,0.09648128350575765
macaroni2,bad/042.JPG,D,4,0.3590160012245178,0.36577455699443817,0.38792453706264496,0.3942783772945404
macaroni2,bad/042.JPG,N_H,10,0.14483531713485717,0.15516847968101502,0.17996807694435119,0.19635915756225586
macaroni2,bad/042.JPG,N_R_all,10,0.04261257648468018,0.044627636671066284,0.06160856485366821,0.07544414401054382
macaroni2,bad/042.JPG,N_R_far,10,0.06797991394996643,0.07466652989387512,0.08705735802650452,0.09803912043571472
macaroni2,bad/043.JPG,D,2,0.304006963968277,0.3126460313796997,0.32828882336616516,0.3595220446586609
macaroni2,bad/043.JPG,N_H,13,0.2238365228359516,0.23331874150496262,0.24505093005987313,0.2576966194006113
macaroni2,bad/043.JPG,N_R_all,13,0.0921317797440749,0.10401165943879348,0.11899411678314209,0.13552104051296526
macaroni2,bad/043.JPG,N_R_far,13,0.05252439700640165,0.06767444427196796,0.08210671406525832,0.09571136419589703
macaroni2,bad/045.JPG,D,1,0.16465044021606445,0.20250743627548218,0.2180120348930359,0.2343207597732544
macaroni2,bad/045.JPG,N_H,11,0.17468402602455832,0.18246291442350906,0.19806355779821222,0.21111837300387296
macaroni2,bad/045.JPG,N_R_all,11,0.07868103547529741,0.08755515922199596,0.1096070571379228,0.12458180297504771
macaroni2,bad/045.JPG,N_R_far,11,0.0646563551642678,0.0729053562337702,0.08781876347281715,0.10136723518371582
macaroni2,bad/046.JPG,D,6,0.15405126412709555,0.1683748960494995,0.1972434918085734,0.21620453397432962
macaroni2,bad/046.JPG,N_H,11,0.17504120414907282,0.1900526230985468,0.20490230755372482,0.22099946303801102
macaroni2,bad/046.JPG,N_R_all,11,0.055677527731115166,0.05786833438006314,0.07260475917295976,0.08749845353039828
macaroni2,bad/046.JPG,N_R_far,11,0.06848178126595238,0.07497602159326727,0.08687913417816162,0.0997252410108393
macaroni2,bad/047.JPG,D,2,0.15416881442070007,0.1603190302848816,0.18654882907867432,0.210038423538208
macaroni2,bad/047.JPG,N_H,12,0.17109029491742453,0.19495310386021933,0.2119385153055191,0.22397551437218985
macaroni2,bad/047.JPG,N_R_all,12,0.06317539513111115,0.07197965184847514,0.08389166990915935,0.09459372361501057
macaroni2,bad/047.JPG,N_R_far,12,0.05733590324719747,0.06311131517092387,0.07947248220443726,0.09064196050167084
macaroni2,bad/048.JPG,D,6,0.09108381470044453,0.10090074936548869,0.12652560075124106,0.15167683362960815
macaroni2,bad/048.JPG,N_H,14,0.17882821815354483,0.18896876062665666,0.21194133162498474,0.23323515057563782
macaroni2,bad/048.JPG,N_R_all,14,0.055806291954857964,0.0658687140260424,0.08176852549825396,0.09483409779412406
macaroni2,bad/048.JPG,N_R_far,14,0.04925764884267535,0.055890985897609165,0.07180176036698478,0.08918724741254534
macaroni2,bad/049.JPG,D,6,0.11698037385940552,0.1428945561250051,0.17244977752367655,0.20130767424901327
macaroni2,bad/049.JPG,N_H,14,0.19427091309002467,0.19999119639396667,0.2170585606779371,0.2301015215260642
macaroni2,bad/049.JPG,N_R_all,14,0.05077322466032846,0.05631983705929348,0.07557699084281921,0.08853076185498919
macaroni2,bad/049.JPG,N_R_far,14,0.058179885149002075,0.06583856684820992,0.07959762641361781,0.09265349592481341
macaroni2,bad/050.JPG,D,1,0.10772103071212769,0.1764671802520752,0.18886995315551758,0.21140724420547485
macaroni2,bad/050.JPG,N_H,12,0.15974226593971252,0.16796238720417023,0.18895178536574045,0.20621357858181
macaroni2,bad/050.JPG,N_R_all,12,0.05153340597947439,0.057789708177248635,0.06980959077676137,0.08083531260490417
macaroni2,bad/050.JPG,N_R_far,12,0.06732021272182465,0.07376829286416371,0.08782640596230824,0.10466333230336507
macaroni2,bad/051.JPG,D,1,0.17488956451416016,0.17663288116455078,0.19866007566452026,0.2121252417564392
macaroni2,bad/051.JPG,N_H,11,0.14400035684758966,0.15554887056350708,0.17284031889655374,0.1867284124547785
macaroni2,bad/051.JPG,N_R_all,11,0.06082353808663108,0.07324191656979648,0.08775552836331454,0.1034823168407787
macaroni2,bad/051.JPG,N_R_far,11,0.060446408661929046,0.07019838961687955,0.08690097115256569,0.09693124077536842
macaroni2,bad/052.JPG,D,4,0.11847549676895142,0.13883888721466064,0.1627768576145172,0.1808597296476364
macaroni2,bad/052.JPG,N_H,15,0.16051287253697713,0.17871763706207275,0.1926201105117798,0.20413941939671834
macaroni2,bad/052.JPG,N_R_all,15,0.07249331076939901,0.08137710094451904,0.10117586453755696,0.11518245140711467
macaroni2,bad/052.JPG,N_R_far,15,0.07226394812266032,0.07891528209050497,0.09127765893936157,0.10381842851638794
macaroni2,bad/053.JPG,D,3,0.12975561618804932,0.15181724230448404,0.17623412609100342,0.19099408388137817
macaroni2,bad/053.JPG,N_H,14,0.15774124435016088,0.16331215415682113,0.1830178882394518,0.1978033823626382
macaroni2,bad/053.JPG,N_R_all,14,0.05611221705164228,0.06505233900887626,0.07996479528290885,0.09409065757478986
macaroni2,bad/053.JPG,N_R_far,14,0.05000947202954974,0.05671998006956918,0.06990827407155718,0.08169667209897723
macaroni2,bad/054.JPG,D,5,0.13985261917114258,0.15772931575775145,0.17460447549819946,0.19456621408462524
macaroni2,bad/054.JPG,N_H,13,0.15501112204331619,0.16460691507046038,0.17943374468730047,0.20574197860864493
macaroni2,bad/054.JPG,N_R_all,13,0.06604717786495502,0.07260262507658738,0.0850606239759005,0.10192970129159781
macaroni2,bad/054.JPG,N_R_far,13,0.05111161103615394,0.05994163109705998,0.07174004041231595,0.08732849818009597
macaroni2,bad/055.JPG,D,3,0.16451015075047812,0.18361063798268637,0.20980159441630045,0.23406698306401572
macaroni2,bad/055.JPG,N_H,14,0.20130774804524013,0.21400072744914464,0.23590869988713944,0.2503858634403774
macaroni2,bad/055.JPG,N_R_all,14,0.0466781599181039,0.05351748636790684,0.06480792590550014,0.07843457801001412
macaroni2,bad/055.JPG,N_R_far,14,0.05846144897597177,0.06983042189053126,0.08237802130835396,0.09281349607876369
macaroni2,bad/056.JPG,D,3,0.12031521399815877,0.12595756848653158,0.14662979046503702,0.15906047821044922
macaroni2,bad/056.JPG,N_H,15,0.166892937819163,0.1744762897491455,0.19426570733388265,0.20842073758443197
macaroni2,bad/056.JPG,N_R_all,15,0.042932005723317464,0.048365847269694014,0.05977557102839152,0.0711689551671346
macaroni2,bad/056.JPG,N_R_far,15,0.05141695737838745,0.06195002794265747,0.08361987670262655,0.10098339716593424
macaroni2,bad/057.JPG,D,4,0.13601776957511902,0.15001310408115387,0.14676111936569214,0.17549832165241241
macaroni2,bad/057.JPG,N_H,14,0.1682403598512922,0.18158261265073503,0.1999806719166892,0.2228990878377642
macaroni2,bad/057.JPG,N_R_all,14,0.06835204788616725,0.07999001656259809,0.09253546595573425,0.10496913535254342
macaroni2,bad/057.JPG,N_R_far,14,0.0530561591897692,0.0675847317491259,0.08664930718285697,0.10154294116156441
macaroni2,bad/058.JPG,D,5,0.11119076013565063,0.13187100887298583,0.15034620761871337,0.17140917778015136
macaroni2,bad/058.JPG,N_H,13,0.16662020408190215,0.17061425630862898,0.19307138828130868,0.20831154401485735
macaroni2,bad/058.JPG,N_R_all,13,0.0553094194485591,0.06343669157761794,0.07738045545724723,0.09560095346890964
macaroni2,bad/058.JPG,N_R_far,13,0.04713527514384343,0.055102054889385514,0.06973444956999558,0.08883636731367844
macaroni2,bad/059.JPG,D,3,0.15056586265563965,0.15472213427225748,0.17995981375376383,0.19991238911946616
macaroni2,bad/059.JPG,N_H,13,0.16216670549832857,0.16723658946844247,0.18235317101845375,0.20020318489808303
macaroni2,bad/059.JPG,N_R_all,13,0.04947500503980196,0.057084354070516735,0.06719759335884681,0.08088591924080482
macaroni2,bad/059.JPG,N_R_far,13,0.043771835473867565,0.05330332425924448,0.06367957592010498,0.07367091453992404
macaroni2,bad/060.JPG,D,3,0.1799404819806417,0.19064501921335855,0.21749438842137656,0.236820658047994
macaroni2,bad/060.JPG,N_H,5,0.1789774179458618,0.1850947618484497,0.20408108234405517,0.21988190412521363
macaroni2,bad/060.JPG,N_R_all,5,0.049508070945739745,0.05346205234527588,0.07182297706604004,0.0880801796913147
macaroni2,bad/060.JPG,N_R_far,5,0.08427205085754394,0.08820061683654785,0.10402568578720092,0.11268231868743897
macaroni2,bad/061.JPG,D,7,0.12305549212864467,0.15041192940303258,0.17101589271000453,0.1891390425818307
macaroni2,bad/061.JPG,N_H,10,0.16589519381523132,0.17160022854804993,0.18862627148628236,0.20627367496490479
macaroni2,bad/061.JPG,N_R_all,10,0.05412107706069946,0.06231011152267456,0.07762975096702576,0.08968703746795655
macaroni2,bad/061.JPG,N_R_far,10,0.056247925758361815,0.06788310408592224,0.08786031603813171,0.10369819402694702
macaroni2,bad/062.JPG,D,3,0.11434721946716309,0.14075895150502524,0.15921549002329508,0.17927338679631552
macaroni2,bad/062.JPG,N_H,13,0.14622265100479126,0.1527452147923983,0.17424224431698138,0.19189529694043672
macaroni2,bad/062.JPG,N_R_all,13,0.0478620116527264,0.06120605652148907,0.07739211045778714,0.09005912450643686
macaroni2,bad/062.JPG,N_R_far,13,0.061646571526160605,0.06970904882137592,0.08156585693359375,0.09601046488835262
macaroni2,bad/063.JPG,D,2,0.1468617022037506,0.15313038229942322,0.17492717504501343,0.2019617259502411
macaroni2,bad/063.JPG,N_H,10,0.16706109642982483,0.17544255256652833,0.20275797247886657,0.2204773962497711
macaroni2,bad/063.JPG,N_R_all,10,0.06150434613227844,0.06939840316772461,0.08546481132507325,0.09986273050308228
macaroni2,bad/063.JPG,N_R_far,10,0.07035854458808899,0.07498171925544739,0.09017369747161866,0.10713780522346497
macaroni2,bad/064.JPG,D,2,0.13955101370811462,0.146876722574234,0.19563248753547668,0.20984217524528503
macaroni2,bad/064.JPG,N_H,12,0.15311896800994873,0.1556395540634791,0.17487349609533945,0.19671538472175598
macaroni2,bad/064.JPG,N_R_all,12,0.045258671045303345,0.058015634616216026,0.07580724358558655,0.09329521656036377
macaroni2,bad/064.JPG,N_R_far,12,0.0559761126836141,0.0604469378789266,0.07494302093982697,0.08863877753416698
macaroni2,bad/065.JPG,D,3,0.13165205717086792,0.15153215328852335,0.16789193948109946,0.19150147835413614
macaroni2,bad/065.JPG,N_H,13,0.1730329073392428,0.1821012130150428,0.19394581134502703,0.2086236155950106
macaroni2,bad/065.JPG,N_R_all,13,0.053005745777717,0.06462560708706196,0.080691580589001,0.09288233977097732
macaroni2,bad/065.JPG,N_R_far,13,0.05432933568954468,0.06925339423693143,0.08853402504554161,0.10452703329233023
macaroni2,bad/066.JPG,D,4,0.1484171450138092,0.17725679278373718,0.1942548006772995,0.21161998808383942
macaroni2,bad/066.JPG,N_H,12,0.1745950629313787,0.18291211624940237,0.20305902262528738,0.2201882004737854
macaroni2,bad/066.JPG,N_R_all,12,0.05833398302396139,0.0704443206389745,0.08581676582495372,0.10181653499603271
macaroni2,bad/066.JPG,N_R_far,12,0.060617382327715554,0.06986160079638164,0.08088508745034535,0.09154647092024486
macaroni2,bad/067.JPG,D,4,0.1236378401517868,0.13328348100185394,0.1564052700996399,0.1801602840423584
macaroni2,bad/067.JPG,N_H,9,0.17606700791252983,0.18644756078720093,0.20201165808571708,0.21378997961680093
macaroni2,bad/067.JPG,N_R_all,9,0.05416731701956855,0.06340120236078899,0.07726154062483045,0.09099151028527154
macaroni2,bad/067.JPG,N_R_far,9,0.042466163635253906,0.0499827331966824,0.06243368652131823,0.0717661910586887
macaroni2,bad/068.JPG,D,6,0.15325835347175598,0.15852983792622885,0.18733522295951843,0.2052414814631144
macaroni2,bad/068.JPG,N_H,12,0.1712955335776011,0.18861298759778342,0.20806397000948587,0.2273990660905838
macaroni2,bad/068.JPG,N_R_all,12,0.05085962017377218,0.05687294900417328,0.07220428188641866,0.08696434398492177
macaroni2,bad/068.JPG,N_R_far,12,0.059859832127889,0.06439320246378581,0.07623590032259624,0.08864993353684743
macaroni2,bad/069.JPG,D,1,0.10883593559265137,0.11770963668823242,0.13088512420654297,0.13975292444229126
macaroni2,bad/069.JPG,N_H,14,0.14553345952715194,0.15298680748258317,0.17342937844140188,0.19414338043757848
macaroni2,bad/069.JPG,N_R_all,14,0.04785431282860892,0.05580987249101911,0.06856864265033177,0.08029253142220634
macaroni2,bad/069.JPG,N_R_far,14,0.05045120630945478,0.05668954338346209,0.07142271314348493,0.08651417919567653
macaroni2,bad/070.JPG,D,5,0.1901739001274109,0.21277904510498047,0.2514310240745544,0.274729061126709
macaroni2,bad/070.JPG,N_H,8,0.1886906996369362,0.200446255505085,0.22174791246652603,0.2373339980840683
macaroni2,bad/070.JPG,N_R_all,8,0.04453448951244354,0.050366535782814026,0.061932265758514404,0.07377715408802032
macaroni2,bad/070.JPG,N_R_far,8,0.044460222125053406,0.05234330892562866,0.06763316690921783,0.08654309809207916
macaroni2,bad/071.JPG,D,4,0.2381329983472824,0.24540074169635773,0.2589327096939087,0.28147196769714355
macaroni2,bad/071.JPG,N_H,3,0.18485532204310098,0.19936046997706094,0.2170214056968689,0.23392017682393393
macaroni2,bad/071.JPG,N_R_all,3,0.0545417865117391,0.06305352846781413,0.07923376560211182,0.09549872080485027
macaroni2,bad/071.JPG,N_R_far,3,0.041183133920033775,0.04470994075139364,0.0636240045229594,0.07709195216496785
macaroni2,bad/075.JPG,D,2,0.2004474401473999,0.19841477274894714,0.1993732750415802,0.2292383313179016
macaroni2,bad/075.JPG,N_H,6,0.15221605698267618,0.16268242398897806,0.1852312982082367,0.20621105035146078
macaroni2,bad/075.JPG,N_R_all,6,0.06327471137046814,0.0734601120154063,0.09424067536989848,0.10299903154373169
macaroni2,bad/075.JPG,N_R_far,6,0.054553081591924034,0.06042284766832987,0.07711972792943318,0.09535459677378337
macaroni2,bad/077.JPG,D,4,0.19103311002254486,0.21409255266189575,0.23479190468788147,0.2612573504447937
macaroni2,bad/077.JPG,N_H,4,0.19455468654632568,0.20026879012584686,0.22047315537929535,0.23411040008068085
macaroni2,bad/077.JPG,N_R_all,4,0.05567921698093414,0.0682799369096756,0.083473801612854,0.09860773384571075
macaroni2,bad/077.JPG,N_R_far,4,0.06282170116901398,0.0706392228603363,0.07852184772491455,0.09104308485984802
macaroni2,bad/079.JPG,D,1,0.25382697582244873,0.27285051345825195,0.32783764600753784,0.35943537950515747
macaroni2,bad/079.JPG,N_H,9,0.15616867277357313,0.16638037231233385,0.18652166260613334,0.2047386434343126
macaroni2,bad/079.JPG,N_R_all,9,0.03785965840021769,0.044827441374460854,0.05283779568142361,0.06756387816535102
macaroni2,bad/079.JPG,N_R_far,9,0.050861643420325384,0.059597949186960854,0.07447781165440877,0.09101690848668416
macaroni2,bad/083.JPG,D,9,0.15807708104451498,0.17638057470321655,0.20954710907406277,0.2248701055844625
macaroni2,bad/083.JPG,N_H,5,0.15905271768569945,0.17171897888183593,0.18007614612579345,0.19603652954101564
macaroni2,bad/083.JPG,N_R_all,5,0.04858042001724243,0.05468860864639282,0.06608754396438599,0.07638725042343139
macaroni2,bad/083.JPG,N_R_far,5,0.034001946449279785,0.04179812669754028,0.05651642084121704,0.07692942619323731
macaroni2,bad/084.JPG,D,1,0.2439524531364441,0.25898879766464233,0.28319621086120605,0.29638606309890747
macaroni2,bad/084.JPG,N_H,11,0.16967869888652454,0.18118959665298462,0.19847111810337414,0.21517763354561545
macaroni2,bad/084.JPG,N_R_all,11,0.04331159591674805,0.05222544344988736,0.0682006911797957,0.07886996052481911
macaroni2,bad/084.JPG,N_R_far,11,0.05816906690597534,0.06397839026017622,0.07767224311828613,0.0919061465696855
macaroni2,bad/085.JPG,D,6,0.21456692616144815,0.22542850176493326,0.2512955963611603,0.2763291597366333
macaroni2,bad/085.JPG,N_H,3,0.17147690057754517,0.1845655838648478,0.20704062779744467,0.22320528825124106
macaroni2,bad/085.JPG,N_R_all,3,0.0490647554397583,0.07477045059204102,0.0891796350479126,0.10578676064809163
macaroni2,bad/085.JPG,N_R_far,3,0.03346989552179972,0.0416268507639567,0.05855415264765421,0.07075206438700359
macaroni2,bad/086.JPG,D,3,0.17537575960159302,0.20364346106847128,0.22367231051127115,0.24637973308563232
macaroni2,bad/086.JPG,N_H,12,0.2024814635515213,0.212346742550532,0.22520401577154794,0.24016142388184866
macaroni2,bad/086.JPG,N_R_all,12,0.06234640379746755,0.06917358934879303,0.08222262561321259,0.09788407882054646
macaroni2,bad/086.JPG,N_R_far,12,0.06781906882921855,0.07759066919485728,0.09217711786429088,0.10638544460137685
macaroni2,bad/087.JPG,D,3,0.22790789604187012,0.24971900383631387,0.2781447370847066,0.2993056575457255
macaroni2,bad/087.JPG,N_H,10,0.2175048053264618,0.22097405195236205,0.2332290530204773,0.2454187035560608
macaroni2,bad/087.JPG,N_R_all,10,0.05243946313858032,0.05682536959648132,0.06469112038612365,0.07513410449028016
macaroni2,bad/087.JPG,N_R_far,10,0.05157074928283691,0.06329350471496582,0.0766836941242218,0.09598080515861511
macaroni2,bad/088.JPG,D,5,0.2669923663139343,0.2834908127784729,0.30637210607528687,0.32667083740234376
macaroni2,bad/088.JPG,N_H,7,0.17995956114360265,0.18712305171149118,0.20347894089562552,0.22344390835080827
macaroni2,bad/088.JPG,N_R_all,7,0.053147077560424805,0.06085738965443203,0.07571578877312797,0.09172859362193517
macaroni2,bad/088.JPG,N_R_far,7,0.050278621060507636,0.05697026423045567,0.06674973453794207,0.07872976575578962
macaroni2,bad/089.JPG,D,3,0.2895503640174866,0.3031720519065857,0.32478787501653034,0.3479093710581462
macaroni2,bad/089.JPG,N_H,7,0.18230258566992624,0.1872749584061759,0.2014597143445696,0.22342125858579362
macaroni2,bad/089.JPG,N_R_all,7,0.049592631203787665,0.05740879263196673,0.06832852533885411,0.08241838216781616
macaroni2,bad/089.JPG,N_R_far,7,0.051499392305101664,0.06367668083735875,0.07976491110665458,0.09176208291734968
macaroni2,bad/090.JPG,D,4,0.2697865217924118,0.2940061539411545,0.339352548122406,0.3812972605228424
macaroni2,bad/090.JPG,N_H,8,0.18903164565563202,0.19402602314949036,0.21504057943820953,0.23802770674228668
macaroni2,bad/090.JPG,N_R_all,8,0.04974304139614105,0.05923410505056381,0.07301897555589676,0.0846245065331459
macaroni2,bad/090.JPG,N_R_far,8,0.058713823556900024,0.06623557955026627,0.0814530998468399,0.09377671778202057
macaroni2,bad/091.JPG,D,6,0.3025570213794708,0.3076391816139221,0.32887622714042664,0.3596380154291789
macaroni2,bad/091.JPG,N_H,7,0.182792706148965,0.19452805178506033,0.2046409249305725,0.22220664364950998
macaroni2,bad/091.JPG,N_R_all,7,0.05969810485839844,0.0687130263873509,0.0911773783820016,0.10485221658434186
macaroni2,bad/091.JPG,N_R_far,7,0.049653121403285434,0.054078212806156704,0.06865906715393066,0.08132199730191912
macaroni2,bad/092.JPG,D,2,0.24817904829978943,0.2542482018470764,0.26309099793434143,0.2772665023803711
macaroni2,bad/092.JPG,N_H,11,0.16133140433918347,0.17779701406305487,0.2012226473201405,0.2210176099430431
macaroni2,bad/092.JPG,N_R_all,11,0.043322167613289574,0.04824066703969782,0.06096678972244263,0.07792137427763506
macaroni2,bad/092.JPG,N_R_far,11,0.03741938417608088,0.04774859276684848,0.05889295989816839,0.07366188005967574
macaroni2,bad/093.JPG,D,4,0.26580795645713806,0.28798672556877136,0.3379104435443878,0.3541214317083359
macaroni2,bad/093.JPG,N_H,8,0.16743635386228561,0.18038567900657654,0.19261875748634338,0.20941493660211563
macaroni2,bad/093.JPG,N_R_all,8,0.05544723570346832,0.06463678181171417,0.07686370611190796,0.08894480764865875
macaroni2,bad/093.JPG,N_R_far,8,0.07455995678901672,0.08048524707555771,0.09624806046485901,0.11216413229703903
macaroni2,bad/094.JPG,D,6,0.17426416277885437,0.22885399063428244,0.2567570408185323,0.27529709537823993
macaroni2,bad/094.JPG,N_H,13,0.24486160278320312,0.2622774701852065,0.281558816249554,0.29676424540006197
macaroni2,bad/094.JPG,N_R_all,13,0.06791507739287156,0.0784678367468027,0.09232222575407761,0.10388869047164917
macaroni2,bad/094.JPG,N_R_far,13,0.05677160849938026,0.06373896507116464,0.07210357372577374,0.0855703353881836
macaroni2,bad/095.JPG,D,3,0.24849486351013184,0.2724408308664958,0.30863046646118164,0.33586535851160687
macaroni2,bad/095.JPG,N_H,11,0.2036555897105824,0.20874271609566428,0.22111816297877918,0.23674754121086813
macaroni2,bad/095.JPG,N_R_all,11,0.06751827218315819,0.07680248130451549,0.09333620288155296,0.10836004669016058
macaroni2,bad/095.JPG,N_R_far,11,0.057214032519947396,0.06911680915138939,0.0878921693021601,0.10103990273042159
macaroni2,bad/096.JPG,D,3,0.23673653602600098,0.29471466938654584,0.3049370249112447,0.3327326973279317
macaroni2,bad/096.JPG,N_H,10,0.18024912476539612,0.1902863621711731,0.2093026578426361,0.2245964765548706
macaroni2,bad/096.JPG,N_R_all,10,0.056371408700942996,0.07000373601913452,0.08220149874687195,0.09490842819213867
macaroni2,bad/096.JPG,N_R_far,10,0.09260188341140747,0.10261806845664978,0.12058771848678589,0.13651944994926452
macaroni2,bad/097.JPG,D,5,0.18293697834014894,0.2024773359298706,0.24952969551086426,0.2736779570579529
macaroni2,bad/097.JPG,N_H,10,0.2010152220726013,0.21671006083488464,0.23884458541870118,0.2550985097885132
macaroni2,bad/097.JPG,N_R_all,10,0.05652528405189514,0.06329360604286194,0.0808851659297943,0.09296298027038574
macaroni2,bad/097.JPG,N_R_far,10,0.06147499084472656,0.0678432047367096,0.08032088279724121,0.09501680731773376
macaroni2,bad/098.JPG,D,4,0.22277428209781647,0.2467544823884964,0.27020202577114105,0.30402062833309174
macaroni2,bad/098.JPG,N_H,9,0.21612723668416342,0.23454271422492134,0.262027641137441,0.27847299310896134
macaroni2,bad/098.JPG,N_R_all,9,0.06035937865575155,0.06672443283928765,0.08718660142686632,0.10038247373369005
macaroni2,bad/098.JPG,N_R_far,9,0.06773849328358968,0.0738449494043986,0.08383833699756199,0.09673153029547797
macaroni2,bad/099.JPG,D,2,0.20171716809272766,0.2587836682796478,0.27833765745162964,0.3049674332141876
macaroni2,bad/099.JPG,N_H,8,0.17426619678735733,0.1729210838675499,0.18462570756673813,0.2099260538816452
macaroni2,bad/099.JPG,N_R_all,8,0.059536658227443695,0.06628526002168655,0.07654748111963272,0.08733128756284714
macaroni2,bad/099.JPG,N_R_far,8,0.05865081399679184,0.06904865801334381,0.08396092802286148,0.09822610765695572
pcb2,bad/000.JPG,D,5,0.11641913652420044,0.1195519208908081,0.12858643531799316,0.13582093715667726
pcb2,bad/000.JPG,N_H,9,0.1521756649017334,0.1679426630338033,0.1871453987227546,0.2091588709089491
pcb2,bad/000.JPG,N_R_all,9,0.033758322397867836,0.04065612289640638,0.05322252379523383,0.06882031758626302
pcb2,bad/000.JPG,N_R_far,9,0.042497747474246554,0.0491752823193868,0.06574022769927979,0.08633099661933051
pcb2,bad/001.JPG,D,9,0.15155459112591213,0.16029544671376547,0.1700830724504259,0.18088573217391968
pcb2,bad/001.JPG,N_H,5,0.1887382984161377,0.19967082738876343,0.22980135679244995,0.2552809834480286
pcb2,bad/001.JPG,N_R_all,5,0.04561662673950195,0.05098743438720703,0.0700723648071289,0.09680861234664917
pcb2,bad/001.JPG,N_R_far,5,0.026629436016082763,0.032280778884887694,0.044411516189575194,0.05542453527450562
pcb2,bad/002.JPG,D,7,0.16908082791737147,0.17832244294030325,0.1860965575490679,0.19722279480525426
pcb2,bad/002.JPG,N_H,6,0.1784493327140808,0.20507046580314636,0.24468070268630981,0.2690182526906331
pcb2,bad/002.JPG,N_R_all,6,0.03996432820955912,0.0435911218325297,0.06382073958714803,0.07284962137540181
pcb2,bad/002.JPG,N_R_far,6,0.03385088841120402,0.03814999262491862,0.04518810907999674,0.06313035885492961
pcb2,bad/003.JPG,D,9,0.12173254622353448,0.12418868806627062,0.13110598590638903,0.14026806089613172
pcb2,bad/003.JPG,N_H,10,0.18461421132087708,0.1974761962890625,0.22696308493614198,0.2549367964267731
pcb2,bad/003.JPG,N_R_all,10,0.03756785988807678,0.04453387260437012,0.059132063388824464,0.08093063831329346
pcb2,bad/003.JPG,N_R_far,10,0.03681062459945679,0.04037665128707886,0.044726324081420896,0.058554542064666745
pcb2,bad/004.JPG,D,11,0.1757587736303156,0.18335399302569302,0.19090200012380426,0.19952771880409934
pcb2,bad/004.JPG,N_H,7,0.25727459362574984,0.27883122648511616,0.29540014266967773,0.317219078540802
pcb2,bad/004.JPG,N_R_all,7,0.08037807260240827,0.09275218418666295,0.10526300328118461,0.11953168255942208
pcb2,bad/004.JPG,N_R_far,7,0.049427662576947896,0.0548701456614903,0.06507372004645211,0.0772315434047154
pcb2,bad/005.JPG,D,10,0.0700540840625763,0.0741453230381012,0.08195340037345886,0.09173163771629333
pcb2,bad/005.JPG,N_H,9,0.11854817469914754,0.13082438707351685,0.1534317135810852,0.17338622278637356
pcb2,bad/005.JPG,N_R_all,9,0.03594104448954264,0.044128755728403725,0.05948246187633938,0.06941656933890449
pcb2,bad/005.JPG,N_R_far,9,0.02703380584716797,0.03183627128601074,0.043343027432759605,0.05783730083041721
pcb2,bad/006.JPG,D,13,0.15095447576962984,0.1585196119088393,0.16423413386711708,0.17528969507951003
pcb2,bad/006.JPG,N_H,2,0.17696347832679749,0.19320347905158997,0.203241229057312,0.22216087579727173
pcb2,bad/006.JPG,N_R_all,2,0.031219393014907837,0.033581435680389404,0.045312196016311646,0.0567241907119751
pcb2,bad/006.JPG,N_R_far,2,0.021145284175872803,0.02308705449104309,0.034934401512145996,0.04606810212135315
pcb2,bad/007.JPG,D,11,0.20630009065974841,0.21048974990844727,0.21882044727152045,0.2265277938409285
pcb2,bad/007.JPG,N_H,3,0.23325711488723755,0.24565873543421426,0.2692484458287557,0.2896490891774495
pcb2,bad/007.JPG,N_R_all,3,0.021623313426971436,0.030415852864583332,0.03539206584294637,0.049487014611562095
pcb2,bad/007.JPG,N_R_far,3,0.03636038303375244,0.041936119397481285,0.04790377616882324,0.05548318227132162
pcb2,bad/008.JPG,D,15,0.14981135129928588,0.15409282445907593,0.16100629568099975,0.16903926928838095
pcb2,bad/008.JPG,N_H,5,0.18633877038955687,0.1952935576438904,0.23679578304290771,0.2604368567466736
pcb2,bad/008.JPG,N_R_all,5,0.03745304346084595,0.04224073886871338,0.05702022314071655,0.06906695365905761
pcb2,bad/008.JPG,N_R_far,5,0.027762401103973388,0.03480534553527832,0.04887963533401489,0.06198554039001465
pcb2,bad/009.JPG,D,14,0.16770940167563303,0.17853950602667673,0.18572136759757996,0.19401807018688746
pcb2,bad/009.JPG,N_H,5,0.2094050168991089,0.19921762943267823,0.20267746448516846,0.2598404884338379
pcb2,bad/009.JPG,N_R_all,5,0.03504067659378052,0.04863879680633545,0.062181270122528075,0.074543035030365
pcb2,bad/009.JPG,N_R_far,5,0.0295390248298645,0.03854160308837891,0.04780176877975464,0.060442912578582766
pcb2,bad/010.JPG,D,7,0.10803557293755668,0.12089099202837263,0.1375414218221392,0.15056997537612915
pcb2,bad/010.JPG,N_H,9,0.19927512937121922,0.20988300773832533,0.24801835086610582,0.28067471583684284
pcb2,bad/010.JPG,N_R_all,9,0.03385525279574924,0.039397855599721275,0.054067651430765785,0.06773545344670613
pcb2,bad/010.JPG,N_R_far,9,0.03787026802698771,0.05287324057685004,0.07083451747894287,0.0817522340350681
pcb2,bad/012.JPG,D,7,0.14024730239595687,0.1479449442454747,0.1558281353541783,0.1642019067491804
pcb2,bad/012.JPG,N_H,7,0.1604125670024327,0.17046672105789185,0.19766814368111746,0.2405047161238534
pcb2,bad/012.JPG,N_R_all,7,0.0354192852973938,0.03957361834389823,0.05118089062826974,0.06385363851274763
pcb2,bad/012.JPG,N_R_far,7,0.03019082546234131,0.03801138060433524,0.049487522670200894,0.06419995852879115
pcb2,bad/013.JPG,D,22,0.17948256026614795,0.18331810561093417,0.19188615408810702,0.1987473341551694
pcb2,bad/013.JPG,N_H,1,0.29073894023895264,0.3011487126350403,0.32154595851898193,0.36895042657852173
pcb2,bad/013.JPG,N_R_all,1,0.16169118881225586,0.16655856370925903,0.1800680160522461,0.19008874893188477
pcb2,bad/013.JPG,N_R_far,1,0.03695356845855713,0.03956109285354614,0.04478192329406738,0.0537756085395813
pcb2,bad/014.JPG,D,17,0.1156669399317573,0.12127348955939798,0.13226938247680664,0.14219826109269085
pcb2,bad/014.JPG,N_H,5,0.14611247777938843,0.16022441387176514,0.18084062337875367,0.2112548828125
pcb2,bad/014.JPG,N_R_all,5,0.030062365531921386,0.034323465824127194,0.04876638650894165,0.05897514820098877
pcb2,bad/014.JPG,N_R_far,5,0.046762382984161376,0.05318918228149414,0.06943955421447753,0.08031197786331176
pcb2,bad/015.JPG,D,13,0.11144712338080773,0.12204057895220242,0.14315446065022394,0.16045987606048584
pcb2,bad/015.JPG,N_H,5,0.14143495559692382,0.16424545049667358,0.18588027954101563,0.20130878686904907
pcb2,bad/015.JPG,N_R_all,5,0.033756363391876223,0.04204369783401489,0.06469792127609253,0.084969162940979
pcb2,bad/015.JPG,N_R_far,5,0.04755874872207642,0.055887258052825926,0.06313860416412354,0.07292733192443848
pcb2,bad/016.JPG,D,7,0.27230769395828247,0.2799567835671561,0.2891022733279637,0.3038057770047869
pcb2,bad/016.JPG,N_H,5,0.2820344686508179,0.28861079216003416,0.30938369035720825,0.34561355113983155
pcb2,bad/016.JPG,N_R_all,5,0.10067263841629029,0.10275448560714721,0.12162922620773316,0.1385129451751709
pcb2,bad/016.JPG,N_R_far,5,0.040715265274047854,0.050255417823791504,0.06553119421005249,0.07682579755783081
pcb2,bad/017.JPG,D,10,0.11830008625984192,0.13325639367103576,0.14513592720031737,0.15974946618080138
pcb2,bad/017.JPG,N_H,7,0.1480274030140468,0.16955969163349696,0.19587987661361694,0.22969985008239746
pcb2,bad/017.JPG,N_R_all,7,0.05192246607371739,0.05961044345583234,0.06853436572211129,0.08272689580917358
pcb2,bad/017.JPG,N_R_far,7,0.03246358462742397,0.04338593142373221,0.05448944228036063,0.0681873049054827
pcb2,bad/018.JPG,D,9,0.1119485894838969,0.12109094858169556,0.13076774941550362,0.14191483789020115
pcb2,bad/018.JPG,N_H,9,0.22290794716940987,0.22740595870547825,0.24130413267347547,0.25587942865159774
pcb2,bad/018.JPG,N_R_all,9,0.050119890107048884,0.05617958969540066,0.06981731785668267,0.07851631111568874
pcb2,bad/018.JPG,N_R_far,9,0.04250804583231608,0.05225951141781277,0.07116450866063435,0.08818774753146702
pcb2,bad/019.JPG,D,15,0.16659465233484905,0.177803635597229,0.19012855688730876,0.19843831459681194
pcb2,bad/019.JPG,N_H,12,0.30372490485509235,0.3407791306575139,0.36621031661828357,0.3868703047434489
pcb2,bad/019.JPG,N_R_all,12,0.05579545100529989,0.0669277012348175,0.07682410379250844,0.09095195929209392
pcb2,bad/019.JPG,N_R_far,12,0.04035363097985586,0.04688855012257894,0.06249587734540304,0.0777999609708786
pcb2,bad/020.JPG,D,5,0.20166746377944947,0.21493180990219116,0.23034478425979615,0.2426650881767273
pcb2,bad/020.JPG,N_H,8,0.15897369384765625,0.17709404230117798,0.19440621882677078,0.22556710988283157
pcb2,bad/020.JPG,N_R_all,8,0.05697619169950485,0.06937234848737717,0.08142536878585815,0.09958027303218842
pcb2,bad/020.JPG,N_R_far,8,0.04639286547899246,0.05075719952583313,0.06273531913757324,0.07802145183086395
pcb2,bad/021.JPG,D,13,0.17419315759952253,0.1826004019150367,0.19276932569650504,0.20799851876038772
pcb2,bad/021.JPG,N_H,6,0.20779947439829508,0.21271458268165588,0.2500384251276652,0.2775774498780568
pcb2,bad/021.JPG,N_R_all,6,0.04342690110206604,0.04742136597633362,0.05753673116366068,0.06912316878636678
pcb2,bad/021.JPG,N_R_far,6,0.03218024969100952,0.03892850875854492,0.05210027098655701,0.061987737814585366
pcb2,bad/022.JPG,D,7,0.09981740372521537,0.10899783032281059,0.1252474273954119,0.1424551350729806
pcb2,bad/022.JPG,N_H,7,0.12506312983376638,0.13327139616012573,0.1493627769606454,0.16744215999330794
pcb2,bad/022.JPG,N_R_all,7,0.03416297265461513,0.038577139377593994,0.04646610362189157,0.057410129478999546
pcb2,bad/022.JPG,N_R_far,7,0.0417323282786778,0.048627759729112895,0.0648985845702035,0.08378579786845616
pcb2,bad/023.JPG,D,9,0.10141032271915013,0.11952902873357137,0.13873107565773857,0.1550681789716085
pcb2,bad/023.JPG,N_H,11,0.23274434154683893,0.24547463113611395,0.27638884566046973,0.2990320053967563
pcb2,bad/023.JPG,N_R_all,11,0.0468834096735174,0.05232107097452337,0.06786941398273814,0.08173116770657626
pcb2,bad/023.JPG,N_R_far,11,0.04042144797065041,0.04762335798957131,0.07246959209442139,0.08666854013096202
pcb2,bad/024.JPG,D,14,0.1562204190662929,0.1652694685118539,0.1803986600467137,0.1930855427469526
pcb2,bad/024.JPG,N_H,4,0.17559367418289185,0.1919506937265396,0.21638654172420502,0.2328769862651825
pcb2,bad/024.JPG,N_R_all,4,0.043134093284606934,0.04871787130832672,0.056429505348205566,0.06615062057971954
pcb2,bad/024.JPG,N_R_far,4,0.033519163727760315,0.035347387194633484,0.04465712606906891,0.0556957870721817
pcb2,bad/025.JPG,D,13,0.21151547248546892,0.2247955111356882,0.24205071651018584,0.2562173559115483
pcb2,bad/025.JPG,N_H,3,0.1826773683230082,0.19788781801859537,0.22622495889663696,0.2631976803143819
pcb2,bad/025.JPG,N_R_all,3,0.07028033336003621,0.07967321077982585,0.09195091327031453,0.10490149259567261
pcb2,bad/025.JPG,N_R_far,3,0.04468365510304769,0.04887974262237549,0.058543503284454346,0.07175058126449585
pcb2,bad/026.JPG,D,11,0.2300220402804288,0.23633220520886508,0.24495902928439053,0.2547439011660489
pcb2,bad/026.JPG,N_H,4,0.1977250725030899,0.21284550428390503,0.23620298504829407,0.2605326771736145
pcb2,bad/026.JPG,N_R_all,4,0.037469714879989624,0.044534847140312195,0.06533779203891754,0.07833285629749298
pcb2,bad/026.JPG,N_R_far,4,0.038558438420295715,0.052834734320640564,0.061049848794937134,0.07209885120391846
pcb2,bad/027.JPG,D,10,0.16711475253105162,0.17168378829956055,0.17880842685699463,0.1886563241481781
pcb2,bad/027.JPG,N_H,8,0.19599167257547379,0.20631446689367294,0.2285832241177559,0.25201378762722015
pcb2,bad/027.JPG,N_R_all,8,0.0357372909784317,0.04683171957731247,0.05775768309831619,0.07128790020942688
pcb2,bad/027.JPG,N_R_far,8,0.04240971803665161,0.053238704800605774,0.06802346557378769,0.08439767360687256
pcb2,bad/028.JPG,D,15,0.24996561606725057,0.25905722777048745,0.27186219692230223,0.28462268511454264
pcb2,bad/028.JPG,N_H,1,0.17320936918258667,0.1764611005783081,0.23022055625915527,0.24994248151779175
pcb2,bad/028.JPG,N_R_all,1,0.04201024770736694,0.06452333927154541,0.07982724905014038,0.09626990556716919
pcb2,bad/028.JPG,N_R_far,1,0.04962480068206787,0.05700373649597168,0.07681703567504883,0.09612637758255005
pcb2,bad/029.JPG,D,8,0.2071618288755417,0.2157508283853531,0.23012109100818634,0.24062415212392807
pcb2,bad/029.JPG,N_H,4,0.18188150227069855,0.18805992603302002,0.21551403403282166,0.24771516025066376
pcb2,bad/029.JPG,N_R_all,4,0.05732639133930206,0.06490308046340942,0.08801816403865814,0.104813352227211
pcb2,bad/029.JPG,N_R_far,4,0.036921754479408264,0.0584767609834671,0.07705971598625183,0.08915954828262329
pcb2,bad/030.JPG,D,7,0.16999179976327078,0.1784554464476449,0.19100471905299596,0.1980967606816973
pcb2,bad/030.JPG,N_H,5,0.16431502103805543,0.18240319490432738,0.21865829229354858,0.238708758354187
pcb2,bad/030.JPG,N_R_all,5,0.07158527374267579,0.08069645166397095,0.0984687328338623,0.13972158432006837
pcb2,bad/030.JPG,N_R_far,5,0.04313956499099732,0.046679341793060304,0.05743155479431152,0.06737173795700073
pcb2,bad/031.JPG,D,7,0.13704380818775722,0.1452453817640032,0.15465480940682547,0.17304583106722152
pcb2,bad/031.JPG,N_H,5,0.2155362844467163,0.22269463539123535,0.2387239933013916,0.26310425996780396
pcb2,bad/031.JPG,N_R_all,5,0.03389667272567749,0.039161849021911624,0.0496063232421875,0.06395050287246704
pcb2,bad/031.JPG,N_R_far,5,0.04887242317199707,0.05837326049804688,0.06597764492034912,0.07722636461257934
pcb2,bad/032.JPG,D,7,0.12887694154466903,0.1388026305607387,0.1587409462247576,0.17833526645387923
pcb2,bad/032.JPG,N_H,8,0.156808502972126,0.17081324011087418,0.19108672440052032,0.21476683765649796
pcb2,bad/032.JPG,N_R_all,8,0.03213861584663391,0.03743366897106171,0.04698579013347626,0.05942828953266144
pcb2,bad/032.JPG,N_R_far,8,0.026494599878787994,0.03264380246400833,0.04470411688089371,0.06369784474372864
pcb2,bad/033.JPG,D,7,0.1279232587133135,0.13700929709843226,0.14988672733306885,0.16004785469600133
pcb2,bad/033.JPG,N_H,6,0.17304203907648721,0.1786132554213206,0.21666057904561362,0.24018736680348715
pcb2,bad/033.JPG,N_R_all,6,0.027464747428894043,0.03718449672063192,0.04899877309799194,0.06316134333610535
pcb2,bad/033.JPG,N_R_far,6,0.03307590881983439,0.04024570186932882,0.057267844676971436,0.0715705653031667
pcb2,bad/034.JPG,D,9,0.23627924919128418,0.24279362625545925,0.2505108846558465,0.26305847035513985
pcb2,bad/034.JPG,N_H,9,0.2834697763125102,0.3369668589697944,0.3596055640114678,0.37623583608203465
pcb2,bad/034.JPG,N_R_all,9,0.04229946268929376,0.053731938203175865,0.0737852586640252,0.09240250455008613
pcb2,bad/034.JPG,N_R_far,9,0.08799778090582953,0.09887200593948364,0.12113862567477757,0.14520775609546238
pcb2,bad/035.JPG,D,5,0.10841796398162842,0.12387671470642089,0.13991721868515014,0.15483205318450927
pcb2,bad/035.JPG,N_H,8,0.17133159935474396,0.18667840212583542,0.20415133982896805,0.2289135605096817
pcb2,bad/035.JPG,N_R_all,8,0.042590394616127014,0.04868268966674805,0.062490664422512054,0.0772685706615448
pcb2,bad/035.JPG,N_R_far,8,0.061005204916000366,0.08903662860393524,0.10782043635845184,0.12119631469249725
pcb2,bad/036.JPG,D,6,0.09652768572171529,0.10064075390497844,0.11248401800791423,0.1228485902150472
pcb2,bad/036.JPG,N_H,11,0.15078110044652765,0.1630606922236356,0.197389310056513,0.22388739477504382
pcb2,bad/036.JPG,N_R_all,11,0.04802904345772483,0.05411368066614324,0.06971581415696577,0.08708580515601418
pcb2,bad/036.JPG,N_R_far,11,0.042814086784016,0.04755737022920088,0.06158966367894953,0.07244316556236961
pcb2,bad/037.JPG,D,13,0.1394006976714501,0.14842170018416184,0.1639622083077064,0.17853805193534264
pcb2,bad/037.JPG,N_H,6,0.22811822096506754,0.24340777595837912,0.26761292417844135,0.29680169622103375
pcb2,bad/037.JPG,N_R_all,6,0.054422994454701744,0.06230576833089193,0.07119953632354736,0.08430617054303487
pcb2,bad/037.JPG,N_R_far,6,0.04299291968345642,0.047411978244781494,0.06620426972707112,0.08995534976323445
pcb2,bad/038.JPG,D,10,0.07273085117340088,0.0760567843914032,0.08910132050514222,0.09822099208831787
pcb2,bad/038.JPG,N_H,10,0.14091413617134094,0.16080114245414734,0.17761982679367067,0.19674376249313355
pcb2,bad/038.JPG,N_R_all,10,0.035056060552597045,0.04627386927604675,0.06308584213256836,0.07586367130279541
pcb2,bad/038.JPG,N_R_far,10,0.03529399633407593,0.041981130838394165,0.05729391574859619,0.06957864165306091
pcb2,bad/039.JPG,D,8,0.1181669533252716,0.12353908270597458,0.13826884329319,0.1472153291106224
pcb2,bad/039.JPG,N_H,8,0.13111571222543716,0.14686790853738785,0.16761397570371628,0.18962544947862625
pcb2,bad/039.JPG,N_R_all,8,0.048577651381492615,0.06157923489809036,0.07166516780853271,0.08781085908412933
pcb2,bad/039.JPG,N_R_far,8,0.042266130447387695,0.053381457924842834,0.06946930289268494,0.08196575194597244
pcb2,bad/040.JPG,D,35,0.09864528008869716,0.10434584958212716,0.11377469641821725,0.12122220822743007
pcb2,bad/040.JPG,N_H,7,0.2414242114339556,0.2471526094845363,0.26012066432407926,0.2726574625287737
pcb2,bad/040.JPG,N_R_all,7,0.08729772056852068,0.09493554489953178,0.11037783111844744,0.1304733157157898
pcb2,bad/040.JPG,N_R_far,7,0.03489610127040318,0.04278971467699323,0.055081537791660855,0.06511060680661883
pcb2,bad/041.JPG,D,30,0.15239134033521015,0.1589010755221049,0.17076258063316346,0.18033746679623922
pcb2,bad/041.JPG,N_H,7,0.26000634261540007,0.26688029936381746,0.28799652201788767,0.3072838612965175
pcb2,bad/041.JPG,N_R_all,7,0.059354151998247416,0.0694800785609654,0.0898327146257673,0.10570149762289864
pcb2,bad/041.JPG,N_R_far,7,0.05054872376578195,0.05485890592847552,0.06192730154309954,0.07615070683615548
pcb2,bad/042.JPG,D,35,0.0981502686228071,0.10689820562090192,0.11719775199890137,0.12999905177525112
pcb2,bad/042.JPG,N_H,7,0.14502989394324167,0.1535214696611677,0.18169976132256643,0.2047010830470494
pcb2,bad/042.JPG,N_R_all,7,0.03371701070240566,0.03853788546153477,0.0562030417578561,0.06889369658061437
pcb2,bad/042.JPG,N_R_far,7,0.03921122210366385,0.05060845613479614,0.0640236394745963,0.08016044752938407
pcb2,bad/043.JPG,D,19,0.11001175955722206,0.11999669827912983,0.13455470925883242,0.14949931910163478
pcb2,bad/043.JPG,N_H,5,0.15557985305786132,0.1685512661933899,0.18524929285049438,0.20989542007446288
pcb2,bad/043.JPG,N_R_all,5,0.046322619915008544,0.05682979822158814,0.068187415599823,0.09105559587478637
pcb2,bad/043.JPG,N_R_far,5,0.04026768207550049,0.04795396327972412,0.05687679052352905,0.06578667163848877
pcb2,bad/044.JPG,D,75,0.09710922956466675,0.10367610295613607,0.11615505139033,0.12858913977940878
pcb2,bad/044.JPG,N_H,7,0.24526068993977138,0.2563432455062866,0.26956121410642353,0.2876674788338797
pcb2,bad/044.JPG,N_R_all,7,0.044895453112466,0.05242363895688738,0.06263372727802821,0.07970576626913888
pcb2,bad/044.JPG,N_R_far,7,0.04755258560180664,0.056037579263959615,0.07677775621414185,0.09087928703853063
pcb2,bad/045.JPG,D,33,0.05302774906158447,0.06302231911456946,0.07552825501470854,0.09009437488787102
pcb2,bad/045.JPG,N_H,2,0.12216019630432129,0.14093220233917236,0.187849223613739,0.2050589919090271
pcb2,bad/045.JPG,N_R_all,2,0.04867756366729736,0.07551249861717224,0.0868004858493805,0.10132625699043274
pcb2,bad/045.JPG,N_R_far,2,0.0425475537776947,0.045394450426101685,0.06879079341888428,0.07881411910057068
pcb2,bad/046.JPG,D,73,0.11387591982541019,0.11991863054771947,0.12906848649456076,0.13774340936582383
pcb2,bad/046.JPG,N_H,5,0.25761090517044066,0.2797622323036194,0.30396193265914917,0.32679301500320435
pcb2,bad/046.JPG,N_R_all,5,0.07885853052139283,0.08440452814102173,0.09320994615554809,0.10406713485717774
pcb2,bad/046.JPG,N_R_far,5,0.08530000448226929,0.09008371829986572,0.10033332109451294,0.11227338314056397
pcb2,bad/047.JPG,D,6,0.061372578144073486,0.06626201669375102,0.07650208473205566,0.08752171198527019
pcb2,bad/047.JPG,N_H,9,0.2399374312824673,0.25455280807283187,0.27172260814242893,0.28297213051054215
pcb2,bad/047.JPG,N_R_all,9,0.05717692110273573,0.06783380111058553,0.0791503455903795,0.09103292226791382
pcb2,bad/047.JPG,N_R_far,9,0.09199509355756971,0.10967017544640435,0.12749265299903023,0.14393053452173868
pcb2,bad/048.JPG,D,47,0.11189364118778959,0.12091247325247907,0.13852179811355916,0.15346024645135758
pcb2,bad/048.JPG,N_H,3,0.2110408147176107,0.22788468996683756,0.26970750093460083,0.3089830279350281
pcb2,bad/048.JPG,N_R_all,3,0.038792967796325684,0.045075416564941406,0.05917322635650635,0.0680337945620219
pcb2,bad/048.JPG,N_R_far,3,0.042820096015930176,0.04995201031366984,0.06214074293772379,0.07831337054570515
pcb2,bad/049.JPG,D,15,0.112071160475413,0.121986985206604,0.14123142162958782,0.15909080505371093
pcb2,bad/049.JPG,N_H,5,0.15443819761276245,0.15600553750991822,0.17080368995666503,0.19658956527709961
pcb2,bad/049.JPG,N_R_all,5,0.035430967807769775,0.04099932909011841,0.05243915319442749,0.06393901109695435
pcb2,bad/049.JPG,N_R_far,5,0.0678909182548523,0.07398775815963746,0.08419718742370605,0.09993460178375244
pcb2,bad/050.JPG,D,6,0.07765936851501465,0.08757313092549641,0.11333449681599934,0.13467286030451456
pcb2,bad/050.JPG,N_H,9,0.15113580226898193,0.1649926569726732,0.20173397991392347,0.22736961974038017
pcb2,bad/050.JPG,N_R_all,9,0.038531098100874156,0.042749921480814614,0.05341964297824436,0.07273291216956244
pcb2,bad/050.JPG,N_R_far,9,0.04186873303519355,0.04902713166342841,0.062183101971944175,0.0754121012157864
pcb2,bad/051.JPG,D,12,0.04747749865055084,0.054519712924957275,0.06668823957443237,0.08121062815189362
pcb2,bad/051.JPG,N_H,3,0.1811309258143107,0.20886598030726114,0.22029670079549155,0.24594509601593018
pcb2,bad/051.JPG,N_R_all,3,0.029085795084635418,0.0348022977511088,0.04316335916519165,0.049801806608835854
pcb2,bad/051.JPG,N_R_far,3,0.028134604295094807,0.03061024347941081,0.03825596968332926,0.05095583200454712
pcb2,bad/052.JPG,D,35,0.08939335516520909,0.09897289787020003,0.11267408813749041,0.12471542698996407
pcb2,bad/052.JPG,N_H,5,0.15531245470046998,0.1721502423286438,0.19864658117294312,0.2187187671661377
pcb2,bad/052.JPG,N_R_all,5,0.05056992769241333,0.054827404022216794,0.06657315492630005,0.08505460023880004
pcb2,bad/052.JPG,N_R_far,5,0.04505443572998047,0.050373196601867676,0.059820568561553954,0.07452702522277832
pcb2,bad/053.JPG,D,4,0.0807604044675827,0.09545472264289856,0.12030211091041565,0.14066217839717865
pcb2,bad/053.JPG,N_H,10,0.10962076783180237,0.11773179769515991,0.137742280960083,0.16120914220809937
pcb2,bad/053.JPG,N_R_all,10,0.02668188214302063,0.030532324314117433,0.04355879426002503,0.05411478281021118
pcb2,bad/053.JPG,N_R_far,10,0.034205883741378784,0.03902138471603393,0.04743407964706421,0.05972591638565063
pcb2,bad/054.JPG,D,21,0.11652248530160814,0.13012723979495822,0.14801281690597534,0.16336105834870113
pcb2,bad/054.JPG,N_H,2,0.2915075123310089,0.2955305576324463,0.3149870038032532,0.3294704854488373
pcb2,bad/054.JPG,N_R_all,2,0.06017494201660156,0.07710665464401245,0.09690403938293457,0.11938643455505371
pcb2,bad/054.JPG,N_R_far,2,0.04590129852294922,0.047344982624053955,0.059929221868515015,0.07281699776649475
pcb2,bad/055.JPG,D,4,0.04113447666168213,0.047883063554763794,0.055877283215522766,0.0702209621667862
pcb2,bad/055.JPG,N_H,11,0.14867019111459906,0.16018236767161975,0.18810003995895386,0.2161570895801891
pcb2,bad/055.JPG,N_R_all,11,0.034170871431177315,0.03925885395570235,0.0505027716810053,0.06134252656589855
pcb2,bad/055.JPG,N_R_far,11,0.04592811519449407,0.050247002731670036,0.06378199295564131,0.07940945842049339
pcb2,bad/056.JPG,D,5,0.0329190731048584,0.04695215225219727,0.05825539827346802,0.07412675619125367
pcb2,bad/056.JPG,N_H,12,0.1390425662199656,0.15147617956002554,0.1931938628355662,0.22574196259180704
pcb2,bad/056.JPG,N_R_all,12,0.03637184202671051,0.041960532466570534,0.05405688285827637,0.07821083068847656
pcb2,bad/056.JPG,N_R_far,12,0.02079695959885915,0.027954518795013428,0.03776598473389944,0.04808522264162699
pcb2,bad/057.JPG,D,8,0.03199457377195358,0.035887591540813446,0.04710233211517334,0.06393477320671082
pcb2,bad/057.JPG,N_H,13,0.12882387179594773,0.14894910959097055,0.18665216060785148,0.2084362919513996
pcb2,bad/057.JPG,N_R_all,13,0.03431962545101459,0.04001732972952036,0.057691179789029635,0.06804369504635151
pcb2,bad/057.JPG,N_R_far,13,0.03439590564140907,0.04221416895206158,0.054841119509476885,0.0715325795687162
pcb2,bad/058.JPG,D,1,0.24992382526397705,0.25538599491119385,0.30476588010787964,0.3170965313911438
pcb2,bad/058.JPG,N_H,12,0.15154334902763367,0.17203513284524283,0.1972490201393763,0.21784858405590057
pcb2,bad/058.JPG,N_R_all,12,0.04923620820045471,0.056331281860669456,0.07341136535008748,0.0895759512980779
pcb2,bad/058.JPG,N_R_far,12,0.039186050494511925,0.047372629245122276,0.058781325817108154,0.0758183201154073
pcb2,bad/059.JPG,D,12,0.09251724183559418,0.09929979344209035,0.11595557630062103,0.13455046713352203
pcb2,bad/059.JPG,N_H,11,0.15428539297797464,0.1659352725202387,0.2009390646761114,0.2279244607145136
pcb2,bad/059.JPG,N_R_all,11,0.04147204485806552,0.04491251165216619,0.056031579321080986,0.06811505014246161
pcb2,bad/059.JPG,N_R_far,11,0.03475776585665616,0.041561007499694824,0.05292428623546253,0.06253771890293468
pcb2,bad/060.JPG,D,6,0.10054083665211995,0.11160386602083842,0.1241198480129242,0.131640096505483
pcb2,bad/060.JPG,N_H,10,0.15716766119003295,0.16705512404441833,0.1953319787979126,0.22367554903030396
pcb2,bad/060.JPG,N_R_all,10,0.03960047364234924,0.050492340326309205,0.07090142965316773,0.08676722645759583
pcb2,bad/060.JPG,N_R_far,10,0.039906299114227294,0.044277483224868776,0.056020820140838624,0.06704155206680298
pcb2,bad/061.JPG,D,7,0.23549833468028478,0.24356321777616227,0.25253214154924664,0.2606395823614938
pcb2,bad/061.JPG,N_H,2,0.20550847053527832,0.20873332023620605,0.2300204336643219,0.26848727464675903
pcb2,bad/061.JPG,N_R_all,2,0.01466330885887146,0.01641899347305298,0.022379040718078613,0.03439226746559143
pcb2,bad/061.JPG,N_R_far,2,0.04117944836616516,0.05102077126502991,0.06035315990447998,0.07920318841934204
pcb2,bad/062.JPG,D,5,0.09252041578292847,0.1212526798248291,0.1406238079071045,0.15901871919631957
pcb2,bad/062.JPG,N_H,11,0.15572360428896817,0.16311691565947098,0.18909871036356146,0.21383627436377786
pcb2,bad/062.JPG,N_R_all,11,0.04314124042337591,0.0511982874436812,0.06488837979056618,0.08124239878220992
pcb2,bad/062.JPG,N_R_far,11,0.0317777774550698,0.038213995369997894,0.05001866817474365,0.06529946218837392
pcb2,bad/063.JPG,D,4,0.09679804742336273,0.10814271867275238,0.11688950657844543,0.14780372381210327
pcb2,bad/063.JPG,N_H,11,0.1610336574641141,0.19301357594403354,0.223485605283217,0.24681780555031516
pcb2,bad/063.JPG,N_R_all,11,0.04648975892500444,0.06107787110588767,0.07669242403723976,0.08652950416911732
pcb2,bad/063.JPG,N_R_far,11,0.042002889243039215,0.04732157425446944,0.05546074563806707,0.06743065335533836
pcb2,bad/064.JPG,D,8,0.14583338797092438,0.18237777799367905,0.2022305279970169,0.22396190464496613
pcb2,bad/064.JPG,N_H,6,0.1901398003101349,0.2031858762105306,0.23419766624768576,0.2679163118203481
pcb2,bad/064.JPG,N_R_all,6,0.03791293501853943,0.044913401206334434,0.05983354647954305,0.07189899682998657
pcb2,bad/064.JPG,N_R_far,6,0.03154597679773966,0.03866430123647054,0.05181732773780823,0.0670968492825826
pcb2,bad/065.JPG,D,8,0.15147317200899124,0.16272271424531937,0.1810014694929123,0.19715777784585953
pcb2,bad/065.JPG,N_H,9,0.17196508248647055,0.1838042007552253,0.2127195331785414,0.23628518978754678
pcb2,bad/065.JPG,N_R_all,9,0.04180328713523017,0.047705776161617704,0.06299339400397407,0.07794665628009373
pcb2,bad/065.JPG,N_R_far,9,0.041495409276750356,0.0476221309767829,0.05796568261252509,0.07182459036509196
pcb2,bad/066.JPG,D,8,0.1152237132191658,0.12158456444740295,0.13069168478250504,0.14852335304021835
pcb2,bad/066.JPG,N_H,6,0.16378759344418845,0.1866330405076345,0.21334663033485413,0.23303462068239847
pcb2,bad/066.JPG,N_R_all,6,0.037179768085479736,0.04451479514439901,0.05434393882751465,0.06414943933486938
pcb2,bad/066.JPG,N_R_far,6,0.04180105527242025,0.05168368419011434,0.0630400578180949,0.07556112607320149
pcb2,bad/067.JPG,D,4,0.16878999769687653,0.17977572977542877,0.19261915981769562,0.20813235640525818
pcb2,bad/067.JPG,N_H,8,0.1739446446299553,0.1907237395644188,0.21028602868318558,0.2358722984790802
pcb2,bad/067.JPG,N_R_all,8,0.040356799960136414,0.04836434870958328,0.05913170427083969,0.0779164507985115
pcb2,bad/067.JPG,N_R_far,8,0.04739121347665787,0.05569712072610855,0.06870713084936142,0.08556024730205536
pcb2,bad/068.JPG,D,6,0.2603852450847626,0.2647161881128947,0.28492262959480286,0.2974642912546794
pcb2,bad/068.JPG,N_H,5,0.22760405540466308,0.2356268882751465,0.2633879780769348,0.2857772946357727
pcb2,bad/068.JPG,N_R_all,5,0.05062342882156372,0.05320472717285156,0.0753248691558838,0.09277596473693847
pcb2,bad/068.JPG,N_R_far,5,0.024354267120361327,0.0322934627532959,0.04454638957977295,0.057799351215362546
pcb2,bad/069.JPG,D,5,0.0846238374710083,0.09617562294006347,0.11555826663970947,0.1330145001411438
pcb2,bad/069.JPG,N_H,10,0.15460410714149475,0.1688524603843689,0.1927485466003418,0.20918123722076415
pcb2,bad/069.JPG,N_R_all,10,0.044700217247009275,0.05985954999923706,0.07448129653930664,0.08956960439682007
pcb2,bad/069.JPG,N_R_far,10,0.042256015539169314,0.047396141290664676,0.06138342022895813,0.07626948356628419
pcb2,bad/070.JPG,D,5,0.2002233386039734,0.20523207187652587,0.2366514563560486,0.25806732177734376
pcb2,bad/070.JPG,N_H,8,0.15716007351875305,0.17959891259670258,0.21882369369268417,0.2384006530046463
pcb2,bad/070.JPG,N_R_all,8,0.033477865159511566,0.040230900049209595,0.05756567418575287,0.07618396729230881
pcb2,bad/070.JPG,N_R_far,8,0.031089231371879578,0.035521358251571655,0.04409821331501007,0.05641260743141174
pcb2,bad/071.JPG,D,11,0.18903017044067383,0.19159166379408402,0.20325490561398593,0.21193851666017013
pcb2,bad/071.JPG,N_H,7,0.20072122982570104,0.2269225035394941,0.24970051220485143,0.2684548922947475
pcb2,bad/071.JPG,N_R_all,7,0.0379838262285505,0.04477607352393014,0.05528207336153303,0.07068895442145211
pcb2,bad/071.JPG,N_R_far,7,0.03307032585144043,0.04145064524241856,0.05686436380658831,0.07461778606687273
pcb2,bad/072.JPG,D,6,0.07663272817929585,0.090609610080719,0.10502788424491882,0.11855077743530273
pcb2,bad/072.JPG,N_H,7,0.2071072288921901,0.2304086344582694,0.2545654433114188,0.2892968739782061
pcb2,bad/072.JPG,N_R_all,7,0.027756920882633755,0.031710411821092875,0.04758025918688093,0.0609352673803057
pcb2,bad/072.JPG,N_R_far,7,0.03663975851876395,0.039258326802934916,0.052623118673052104,0.07037737539836339
pcb2,bad/073.JPG,D,3,0.12070022026697795,0.13276801506678262,0.15497851371765137,0.17082566022872925
pcb2,bad/073.JPG,N_H,12,0.2067365199327469,0.22148261964321136,0.243068794409434,0.2695460915565491
pcb2,bad/073.JPG,N_R_all,12,0.03320857882499695,0.04266770680745443,0.05571420987447103,0.07308639585971832
pcb2,bad/073.JPG,N_R_far,12,0.043211087584495544,0.05037034054597219,0.0609957625468572,0.07392025987307231
pcb2,bad/074.JPG,D,8,0.16937915235757828,0.18703266233205795,0.19663135707378387,0.20818182826042175
pcb2,bad/074.JPG,N_H,6,0.1810782551765442,0.18617921074231467,0.20075026154518127,0.22784711917241415
pcb2,bad/074.JPG,N_R_all,6,0.039123982191085815,0.04155211647351583,0.05205462376276652,0.06589602430661519
pcb2,bad/074.JPG,N_R_far,6,0.034749637047449745,0.04329073429107666,0.0546861986319224,0.0706894298394521
pcb2,bad/075.JPG,D,12,0.11942451695601146,0.12522063155968985,0.14048279325167337,0.155271515250206
pcb2,bad/075.JPG,N_H,8,0.15818143635988235,0.16789960116147995,0.1808067262172699,0.20346804708242416
pcb2,bad/075.JPG,N_R_all,8,0.03716665506362915,0.04576578736305237,0.06611248850822449,0.08410443365573883
pcb2,bad/075.JPG,N_R_far,8,0.035672418773174286,0.044165849685668945,0.06337498128414154,0.08162790536880493
pcb2,bad/076.JPG,D,4,0.10425172746181488,0.11492906510829926,0.1538156121969223,0.1754119098186493
pcb2,bad/076.JPG,N_H,13,0.2912957255656903,0.3218129093830402,0.34780420706822324,0.3679245114326477
pcb2,bad/076.JPG,N_R_all,13,0.03199202739275419,0.03610813617706299,0.0470081797012916,0.056047219496506914
pcb2,bad/076.JPG,N_R_far,13,0.047875711551079385,0.057700734872084394,0.07852696455441989,0.09244962838979867
pcb2,bad/077.JPG,D,10,0.13488317728042604,0.14816802144050598,0.17080071568489075,0.18903071880340577
pcb2,bad/077.JPG,N_H,6,0.15864160656929016,0.17376799384752908,0.1979508399963379,0.22448994716008505
pcb2,bad/077.JPG,N_R_all,6,0.031054139137268066,0.038706312576929726,0.048376609881718956,0.059928695360819496
pcb2,bad/077.JPG,N_R_far,6,0.0472839872042338,0.0549528698126475,0.06720980008443196,0.07653973499933879
pcb2,bad/078.JPG,D,6,0.25073307752609253,0.2646595537662506,0.2793942888577779,0.29933075110117596
pcb2,bad/078.JPG,N_H,6,0.19254417220751444,0.20540151993433634,0.2299610674381256,0.26750755310058594
pcb2,bad/078.JPG,N_R_all,6,0.02617185314496358,0.04482773939768473,0.055648873249689736,0.06783176461855571
pcb2,bad/078.JPG,N_R_far,6,0.03332545359929403,0.03836907943089803,0.05194658041000366,0.06373636921246846
pcb2,bad/079.JPG,D,8,0.26814886182546616,0.2774162292480469,0.2905113026499748,0.3090083822607994
pcb2,bad/079.JPG,N_H,6,0.24874837199846903,0.26812679568926495,0.28321091334025067,0.31205220023790997
pcb2,bad/079.JPG,N_R_all,6,0.057558933893839516,0.06097441911697388,0.07763546705245972,0.09310757120450337
pcb2,bad/079.JPG,N_R_far,6,0.04888258377710978,0.0600448747475942,0.0758621593316396,0.09816070397694905
pcb2,bad/080.JPG,D,5,0.14747079610824584,0.15765360593795777,0.1701379418373108,0.18396666049957275
pcb2,bad/080.JPG,N_H,10,0.14003119468688965,0.14638426899909973,0.1615413784980774,0.18012478947639465
pcb2,bad/080.JPG,N_R_all,10,0.04803856611251831,0.05721516609191894,0.06842344403266906,0.08624165058135987
pcb2,bad/080.JPG,N_R_far,10,0.03778679966926575,0.04146785736083984,0.061067605018615724,0.07333287596702576
pcb2,bad/081.JPG,D,10,0.17447229027748107,0.19292593002319336,0.2092881977558136,0.22352147698402405
pcb2,bad/081.JPG,N_H,5,0.22019569873809813,0.23907268047332764,0.26335307359695437,0.30215499401092527
pcb2,bad/081.JPG,N_R_all,5,0.03485383987426758,0.044142866134643556,0.05344245433807373,0.06738542318344116
pcb2,bad/081.JPG,N_R_far,5,0.043004190921783446,0.05294057130813599,0.061561620235443114,0.07693260908126831
pcb2,bad/082.JPG,D,4,0.221953883767128,0.2577381283044815,0.27861136198043823,0.29758821427822113
pcb2,bad/082.JPG,N_H,7,0.2403991733278547,0.26464708362306866,0.28763467924935476,0.30918788058417185
pcb2,bad/082.JPG,N_R_all,7,0.03874727657863072,0.04779292855943952,0.06399435656411308,0.07964377743857247
pcb2,bad/082.JPG,N_R_far,7,0.0401491607938494,0.04298132658004761,0.05247916494097028,0.06676807573863439
pcb2,bad/083.JPG,D,3,0.12570403019587198,0.1385759711265564,0.1504188378651937,0.16559555133183798
pcb2,bad/083.JPG,N_H,12,0.21507389346758524,0.2333461046218872,0.2501467317342758,0.2806214193503062
pcb2,bad/083.JPG,N_R_all,12,0.04222629964351654,0.05119088292121887,0.07202635208765666,0.09000885486602783
pcb2,bad/083.JPG,N_R_far,12,0.041509086887041725,0.04751800994078318,0.05867809057235718,0.07241654396057129
pcb2,bad/084.JPG,D,14,0.1771009181227003,0.18180334993771144,0.1972311394555228,0.21043479868343898
pcb2,bad/084.JPG,N_H,1,0.21025294065475464,0.21295416355133057,0.25854694843292236,0.28098660707473755
pcb2,bad/084.JPG,N_R_all,1,0.038906753063201904,0.04822033643722534,0.07906663417816162,0.10615640878677368
pcb2,bad/084.JPG,N_R_far,1,0.05437421798706055,0.060042500495910645,0.06768184900283813,0.07784026861190796
pcb2,bad/085.JPG,D,11,0.23323247649452902,0.2377755804495378,0.2571634596044367,0.2786651903932745
pcb2,bad/085.JPG,N_H,5,0.19146002531051637,0.20495059490203857,0.22046465873718263,0.24501277208328248
pcb2,bad/085.JPG,N_R_all,5,0.044631016254425046,0.05037926435470581,0.06119544506072998,0.07568185329437256
pcb2,bad/085.JPG,N_R_far,5,0.0529179573059082,0.054573118686676025,0.08559463024139405,0.10257536172866821
pcb2,bad/086.JPG,D,13,0.26770468858572155,0.28514398061312163,0.30177319049835205,0.32562578641451323
pcb2,bad/086.JPG,N_H,4,0.2179349958896637,0.2273099571466446,0.24127237498760223,0.27350106835365295
pcb2,bad/086.JPG,N_R_all,4,0.06993526220321655,0.07855458557605743,0.0926552414894104,0.11325615644454956
pcb2,bad/086.JPG,N_R_far,4,0.033576175570487976,0.0453801155090332,0.05947709083557129,0.07365056872367859
pcb2,bad/087.JPG,D,11,0.22933719916777176,0.2588233080777255,0.2790140184489163,0.31228539076718415
pcb2,bad/087.JPG,N_H,3,0.27078282833099365,0.29182281096776325,0.3159565329551697,0.3481620152791341
pcb2,bad/087.JPG,N_R_all,3,0.020541866620381672,0.026981472969055176,0.05481626590092977,0.06681780020395915
pcb2,bad/087.JPG,N_R_far,3,0.02897689739863078,0.03228445847829183,0.044121007124582924,0.052078028519948326
pcb2,bad/088.JPG,D,13,0.18639447138859674,0.20065921086531419,0.2153852811226478,0.23276130511210516
pcb2,bad/088.JPG,N_H,5,0.1628618836402893,0.19139652252197265,0.22166135311126708,0.2609402060508728
pcb2,bad/088.JPG,N_R_all,5,0.05184791088104248,0.06419326066970825,0.07783681154251099,0.0894667387008667
pcb2,bad/088.JPG,N_R_far,5,0.03355759382247925,0.03720295429229736,0.057802796363830566,0.07030678987503051
pcb2,bad/089.JPG,D,11,0.2561642039905895,0.2645355354655873,0.28114132989536633,0.2997993664308028
pcb2,bad/089.JPG,N_H,2,0.16996893286705017,0.19489428400993347,0.24783149361610413,0.30028417706489563
pcb2,bad/089.JPG,N_R_all,2,0.03376418352127075,0.0361025333404541,0.055005550384521484,0.06759324669837952
pcb2,bad/089.JPG,N_R_far,2,0.024576157331466675,0.032278865575790405,0.037616729736328125,0.0430128276348114
pcb2,bad/090.JPG,D,9,0.3297327359517415,0.3457501331965129,0.36198684242036605,0.3788672950532701
pcb2,bad/090.JPG,N_H,5,0.16784969568252564,0.18266599178314208,0.20260975360870362,0.22944238185882568
pcb2,bad/090.JPG,N_R_all,5,0.05510878562927246,0.06523044109344482,0.0805867075920105,0.10107825994491577
pcb2,bad/090.JPG,N_R_far,5,0.043413078784942626,0.04803798198699951,0.06437422037124634,0.07711224555969239
pcb2,bad/091.JPG,D,10,0.28936479091644285,0.2982701241970062,0.3269773542881012,0.3475653648376465
pcb2,bad/091.JPG,N_H,2,0.1460883915424347,0.1761583387851715,0.1902434229850769,0.2267453670501709
pcb2,bad/091.JPG,N_R_all,2,0.03135335445404053,0.04614618420600891,0.04842114448547363,0.06398344039916992
pcb2,bad/091.JPG,N_R_far,2,0.022901475429534912,0.02582421898841858,0.03707030415534973,0.05185535550117493
pcb2,bad/092.JPG,D,21,0.1468609855288551,0.15825109822409494,0.1748677378609067,0.19078506174541654
pcb2,bad/092.JPG,N_H,4,0.2221636325120926,0.246824249625206,0.27852945029735565,0.29325897991657257
pcb2,bad/092.JPG,N_R_all,4,0.02775166928768158,0.03151635825634003,0.041549861431121826,0.05165630578994751
pcb2,bad/092.JPG,N_R_far,4,0.028500229120254517,0.03372344374656677,0.044784724712371826,0.055710673332214355
pcb2,bad/093.JPG,D,10,0.27190234661102297,0.27920669317245483,0.294219571352005,0.31192774176597593
pcb2,bad/093.JPG,N_H,4,0.1538442075252533,0.16304799914360046,0.19111455976963043,0.23097854852676392
pcb2,bad/093.JPG,N_R_all,4,0.05325192213058472,0.05488771200180054,0.0718098133802414,0.08962607383728027
pcb2,bad/093.JPG,N_R_far,4,0.037800997495651245,0.04950574040412903,0.06543983519077301,0.08823619782924652
pcb2,bad/094.JPG,D,16,0.2056807428598404,0.21335439756512642,0.23227651789784431,0.24466592445969582
pcb2,bad/094.JPG,N_H,3,0.2263317902882894,0.23379409313201904,0.2528814872105916,0.2711038788159688
pcb2,bad/094.JPG,N_R_all,3,0.034026920795440674,0.0410309632619222,0.05509626865386963,0.07034889856974284
pcb2,bad/094.JPG,N_R_far,3,0.025411248207092285,0.03964318831761678,0.05460927883783976,0.06391020615895589
pcb2,bad/095.JPG,D,14,0.18043230261121476,0.18888035416603088,0.20366413252694265,0.2199915988104684
pcb2,bad/095.JPG,N_H,5,0.18500878810882568,0.2003438353538513,0.22915267944335938,0.25317797660827634
pcb2,bad/095.JPG,N_R_all,5,0.02702600955963135,0.030936884880065917,0.04232999086380005,0.0567682147026062
pcb2,bad/095.JPG,N_R_far,5,0.027767860889434816,0.03187495470046997,0.04385024309158325,0.05622484683990479
pcb2,bad/096.JPG,D,15,0.200881294409434,0.2181825081507365,0.23379327456156412,0.24731399615605673
pcb2,bad/096.JPG,N_H,2,0.23908239603042603,0.25490641593933105,0.26991623640060425,0.2993072271347046
pcb2,bad/096.JPG,N_R_all,2,0.022973984479904175,0.028959214687347412,0.04170987010002136,0.05635097622871399
pcb2,bad/096.JPG,N_R_far,2,0.040192604064941406,0.04418894648551941,0.055971235036849976,0.06851625442504883
pcb2,bad/097.JPG,D,9,0.18951322635014853,0.20129913091659546,0.21144615279303658,0.2262741724650065
pcb2,bad/097.JPG,N_H,6,0.1511733035246531,0.17867355545361838,0.20607621471087137,0.23427693049112955
pcb2,bad/097.JPG,N_R_all,6,0.037848313649495445,0.04784571131070455,0.060872832934061684,0.07715289791425069
pcb2,bad/097.JPG,N_R_far,6,0.03768505652745565,0.04723901549975077,0.053771247466405235,0.06899880369504292
pcb2,bad/098.JPG,D,15,0.2516747752825419,0.2584178407986959,0.26679452657699587,0.2750859538714091
pcb2,bad/098.JPG,N_H,1,0.15321671962738037,0.15976309776306152,0.18272888660430908,0.19320911169052124
pcb2,bad/098.JPG,N_R_all,1,0.0465550422668457,0.048310935497283936,0.05684274435043335,0.07949388027191162
pcb2,bad/098.JPG,N_R_far,1,0.027927756309509277,0.054629504680633545,0.06034958362579346,0.0765421986579895
pcb2,bad/099.JPG,D,7,0.24212906190327235,0.24819467748914445,0.2514269862856184,0.2656709977558681
pcb2,bad/099.JPG,N_H,3,0.17810203631718954,0.18560707569122314,0.20801387230555216,0.2190163532892863
pcb2,bad/099.JPG,N_R_all,3,0.039479970932006836,0.043969035148620605,0.05425496896107992,0.06520370642344157
pcb2,bad/099.JPG,N_R_far,3,0.039012789726257324,0.048961897691090904,0.06289486090342204,0.07596147060394287
chewinggum,bad/003.JPG,D,10,0.3421287894248962,0.38018434643745425,0.4247948586940765,0.454133141040802
chewinggum,bad/003.JPG,N_H,1,0.35745078325271606,0.3717235326766968,0.412800133228302,0.4432385563850403
chewinggum,bad/003.JPG,N_R_all,1,0.09630638360977173,0.10030984878540039,0.10400962829589844,0.12023842334747314
chewinggum,bad/003.JPG,N_R_far,1,0.06371492147445679,0.06907826662063599,0.0719289779663086,0.07781291007995605
chewinggum,bad/023.JPG,D,9,0.3478471239407857,0.4041716853777568,0.42430363098780316,0.4503914713859558
chewinggum,bad/023.JPG,N_H,2,0.2941293716430664,0.32362961769104004,0.3839292824268341,0.41902491450309753
chewinggum,bad/023.JPG,N_R_all,2,0.0682111382484436,0.07868856191635132,0.0877438485622406,0.10453349351882935
chewinggum,bad/023.JPG,N_R_far,2,0.05858123302459717,0.07058721780776978,0.08016794919967651,0.08802631497383118
chewinggum,bad/025.JPG,D,8,0.15288783609867096,0.16134414076805115,0.17627647519111633,0.19532321393489838
chewinggum,bad/025.JPG,N_H,4,0.21072565019130707,0.23546569049358368,0.2659154683351517,0.28855685889720917
chewinggum,bad/025.JPG,N_R_all,4,0.06829294562339783,0.07562963664531708,0.08562840521335602,0.09519001841545105
chewinggum,bad/025.JPG,N_R_far,4,0.04680933058261871,0.05399186909198761,0.06722413003444672,0.09423300623893738
chewinggum,bad/026.JPG,D,8,0.1305718868970871,0.14786383509635925,0.17463183403015137,0.1966250166296959
chewinggum,bad/026.JPG,N_H,7,0.17509602648871286,0.1866598469870431,0.20684375933238439,0.23155898707253592
chewinggum,bad/026.JPG,N_R_all,7,0.07168717895235334,0.08108064106532506,0.09123206990105766,0.10149142571857997
chewinggum,bad/026.JPG,N_R_far,7,0.0584054844720023,0.06410114254270281,0.07289098841803414,0.08166864088603429
chewinggum,bad/027.JPG,D,6,0.22141782442728677,0.2384060819943746,0.26307400067647296,0.30354851484298706
chewinggum,bad/027.JPG,N_H,10,0.3622493326663971,0.3691229999065399,0.3852567315101624,0.3967189848423004
chewinggum,bad/027.JPG,N_R_all,10,0.10739579200744628,0.11260154247283935,0.11833059787750244,0.13324664235115052
chewinggum,bad/027.JPG,N_R_far,10,0.12576761841773987,0.1321713626384735,0.14397270679473878,0.15596165060997008
chewinggum,bad/028.JPG,D,6,0.17197583119074503,0.1794535517692566,0.1999060114224752,0.22525925437609354
chewinggum,bad/028.JPG,N_H,5,0.1991709589958191,0.2040788173675537,0.22499250173568724,0.24963831901550293
chewinggum,bad/028.JPG,N_R_all,5,0.044373703002929685,0.04533549547195435,0.05815365314483643,0.07219191789627075
chewinggum,bad/028.JPG,N_R_far,5,0.05480412244796753,0.06437290906906128,0.07673332691192628,0.08807357549667358
chewinggum,bad/029.JPG,D,5,0.2586769700050354,0.2712465047836304,0.28782435655593874,0.31740914583206176
chewinggum,bad/029.JPG,N_H,5,0.17904056310653688,0.1958996534347534,0.22433749437332154,0.26005983352661133
chewinggum,bad/029.JPG,N_R_all,5,0.07534511089324951,0.0795935869216919,0.08943649530410766,0.09901833534240723
chewinggum,bad/029.JPG,N_R_far,5,0.06114929914474487,0.06688648462295532,0.07365297079086304,0.07968522310256958
chewinggum,bad/031.JPG,D,3,0.082978089650472,0.10159732898076375,0.11720105012257893,0.13317426045735678
chewinggum,bad/031.JPG,N_H,9,0.13963244358698526,0.1523321403397454,0.18279790216022068,0.2141303684976366
chewinggum,bad/031.JPG,N_R_all,9,0.05492115683025784,0.066139817237854,0.07754174868265788,0.09435170226626927
chewinggum,bad/031.JPG,N_R_far,9,0.05493136246999105,0.06631863117218018,0.08185133669111463,0.09914832644992405
chewinggum,bad/032.JPG,D,13,0.06853455763596755,0.07412425371316764,0.09934272674413827,0.12476756481023935
chewinggum,bad/032.JPG,N_H,9,0.12776882118648952,0.13891777065065172,0.15776250759760538,0.17853181229697335
chewinggum,bad/032.JPG,N_R_all,9,0.044747518168555364,0.055641770362854004,0.06830198897255792,0.08108240365982056
chewinggum,bad/032.JPG,N_R_far,9,0.04871896240446302,0.05396944946712918,0.06936530272165935,0.08348747094472249
chewinggum,bad/033.JPG,D,4,0.0789463073015213,0.09173625707626343,0.11235450208187103,0.14736630022525787
chewinggum,bad/033.JPG,N_H,9,0.12610252698262533,0.13652415408028495,0.15319132804870605,0.16435911258061728
chewinggum,bad/033.JPG,N_R_all,9,0.04711652464336819,0.05458082755406698,0.06652353869544135,0.0801481737030877
chewinggum,bad/033.JPG,N_R_far,9,0.04651845826043023,0.05459579494264391,0.06625213225682576,0.07749644252989027
chewinggum,bad/034.JPG,D,5,0.13866983652114867,0.16144074201583863,0.18241761922836303,0.20745537281036378
chewinggum,bad/034.JPG,N_H,5,0.1555815815925598,0.1545607328414917,0.18892555236816405,0.20870026350021362
chewinggum,bad/034.JPG,N_R_all,5,0.053381931781768796,0.05733386278152466,0.06617897748947144,0.07810670137405396
chewinggum,bad/034.JPG,N_R_far,5,0.05152432918548584,0.05972644090652466,0.06800869703292847,0.07630746364593506
chewinggum,bad/035.JPG,D,6,0.4009772539138794,0.4068176746368408,0.42469972372055054,0.45535407463709515
chewinggum,bad/035.JPG,N_H,2,0.27097615599632263,0.2733098268508911,0.292836993932724,0.30594536662101746
chewinggum,bad/035.JPG,N_R_all,2,0.051937639713287354,0.06536328792572021,0.07770687341690063,0.09409233927726746
chewinggum,bad/035.JPG,N_R_far,2,0.07807785272598267,0.09736335277557373,0.11257228255271912,0.13431289792060852
chewinggum,bad/036.JPG,D,11,0.2711029323664578,0.29240128127011383,0.3202371759848161,0.3648412823677063
chewinggum,bad/036.JPG,N_H,1,0.24639546871185303,0.25449639558792114,0.26386427879333496,0.30790168046951294
chewinggum,bad/036.JPG,N_R_all,1,0.07591348886489868,0.08052980899810791,0.1039537787437439,0.11961144208908081
chewinggum,bad/036.JPG,N_R_far,1,0.0690234899520874,0.06945425271987915,0.07317095994949341,0.09006702899932861
chewinggum,bad/037.JPG,D,5,0.14996552467346191,0.1594792366027832,0.18336042165756225,0.1974490165710449
chewinggum,bad/037.JPG,N_H,9,0.14523752530415854,0.1553371681107415,0.17288712660471597,0.18598941961924234
chewinggum,bad/037.JPG,N_R_all,9,0.06756207678053114,0.07698850499259101,0.09521275096469456,0.10517055458492702
chewinggum,bad/037.JPG,N_R_far,9,0.0533232225312127,0.0586577852567037,0.07019363509284125,0.08012980884975857
chewinggum,bad/039.JPG,D,13,0.2305578039242671,0.2394541731247535,0.25868441508366513,0.27868945782001203
chewinggum,bad/039.JPG,N_H,3,0.2643219033877055,0.278303066889445,0.31066811084747314,0.3500532905260722
chewinggum,bad/039.JPG,N_R_all,3,0.07322760423024495,0.07635392745335896,0.08539233605066936,0.09992162386576335
chewinggum,bad/039.JPG,N_R_far,3,0.05662008126576742,0.060942490895589195,0.07175423701604207,0.08637680610020955
chewinggum,bad/059.JPG,D,18,0.5016273094548119,0.5110692414972517,0.5248695943090651,0.5367292430665758
chewinggum,bad/059.JPG,N_H,1,0.47293001413345337,0.48936086893081665,0.5101099610328674,0.5286314487457275
chewinggum,bad/059.JPG,N_R_all,1,0.07680946588516235,0.10148012638092041,0.11139500141143799,0.13321775197982788
chewinggum,bad/059.JPG,N_R_far,1,0.06824332475662231,0.07004159688949585,0.08074873685836792,0.09171390533447266
chewinggum,bad/067.JPG,D,3,0.3695957064628601,0.38444769382476807,0.4474559227625529,0.45965637763341266
chewinggum,bad/067.JPG,N_H,2,0.2907406687736511,0.3045015037059784,0.314727783203125,0.3553200662136078
chewinggum,bad/067.JPG,N_R_all,2,0.05718499422073364,0.0733230710029602,0.09121975302696228,0.09922802448272705
chewinggum,bad/067.JPG,N_R_far,2,0.04697775840759277,0.053274571895599365,0.05669963359832764,0.06156030297279358
chewinggum,bad/068.JPG,D,4,0.4122798442840576,0.4122055470943451,0.47627243399620056,0.494105726480484
chewinggum,bad/068.JPG,N_H,1,0.3414374589920044,0.35777556896209717,0.3891342878341675,0.40924662351608276
chewinggum,bad/068.JPG,N_R_all,1,0.04183697700500488,0.05080002546310425,0.058516085147857666,0.06542646884918213
chewinggum,bad/068.JPG,N_R_far,1,0.06518512964248657,0.06739252805709839,0.07083064317703247,0.07979506254196167
chewinggum,bad/071.JPG,D,5,0.3572294354438782,0.3774668574333191,0.4101685404777527,0.4240562438964844
chewinggum,bad/071.JPG,N_H,1,0.32895416021347046,0.3504798412322998,0.3865396976470947,0.3960360884666443
chewinggum,bad/071.JPG,N_R_all,1,0.05116546154022217,0.06469869613647461,0.08663022518157959,0.10177117586135864
chewinggum,bad/071.JPG,N_R_far,1,0.08435022830963135,0.08857506513595581,0.09624993801116943,0.11010682582855225
chewinggum,bad/075.JPG,D,4,0.3586863875389099,0.3653838336467743,0.3898966312408447,0.408899649977684
chewinggum,bad/075.JPG,N_H,7,0.25787585973739624,0.2707874689783369,0.2970965589795794,0.322275561945779
chewinggum,bad/075.JPG,N_R_all,7,0.06354836055210658,0.06703236273356847,0.07797868762697492,0.0876189044543675
chewinggum,bad/075.JPG,N_R_far,7,0.057911617415291924,0.06298819610050746,0.07374424593789237,0.08439012084688459
chewinggum,bad/078.JPG,D,7,0.4052035127367292,0.4241654872894287,0.4478384852409363,0.4711109399795532
chewinggum,bad/078.JPG,N_H,3,0.2344327767690023,0.2517295281092326,0.2879158854484558,0.3712814847628276
chewinggum,bad/078.JPG,N_R_all,3,0.06537834803263347,0.07530675331751506,0.1013067364692688,0.1128632624944051
chewinggum,bad/078.JPG,N_R_far,3,0.06029637654622396,0.06323474645614624,0.0772520899772644,0.0875138243039449
chewinggum,bad/082.JPG,D,6,0.4666108290354411,0.4763159354527791,0.488813837369283,0.5059940020243326
chewinggum,bad/082.JPG,N_H,4,0.38825230300426483,0.39119742810726166,0.40446068346500397,0.4178004860877991
chewinggum,bad/082.JPG,N_R_all,4,0.13402950763702393,0.14473411440849304,0.15466979146003723,0.1677931845188141
chewinggum,bad/082.JPG,N_R_far,4,0.10757982730865479,0.11412610113620758,0.12814325094223022,0.13755351305007935
chewinggum,bad/084.JPG,D,4,0.46477192640304565,0.48929964005947113,0.5044129490852356,0.5168148428201675
chewinggum,bad/084.JPG,N_H,5,0.4082205057144165,0.4132839679718018,0.44713852405548093,0.4752887964248657
chewinggum,bad/084.JPG,N_R_all,5,0.14646648168563842,0.15807161331176758,0.17136099338531494,0.18262501955032348
chewinggum,bad/084.JPG,N_R_far,5,0.13302228450775147,0.13729579448699952,0.15254226922988892,0.16535086631774903
chewinggum,bad/085.JPG,D,7,0.3400629929133824,0.354144241128649,0.3638825331415449,0.38624177660260883
chewinggum,bad/085.JPG,N_H,2,0.18550437688827515,0.1896345317363739,0.22508755326271057,0.30938705801963806
chewinggum,bad/085.JPG,N_R_all,2,0.03976273536682129,0.04852229356765747,0.059531331062316895,0.07464435696601868
chewinggum,bad/085.JPG,N_R_far,2,0.06387031078338623,0.06741565465927124,0.08013665676116943,0.09035980701446533
chewinggum,bad/086.JPG,D,5,0.18601768016815184,0.20001096725463868,0.21688953638076783,0.24118373394012452
chewinggum,bad/086.JPG,N_H,3,0.26094740629196167,0.26990548769632977,0.3064913749694824,0.33666884899139404
chewinggum,bad/086.JPG,N_R_all,3,0.07897528012593587,0.0895807941754659,0.1048937439918518,0.11722594499588013
chewinggum,bad/086.JPG,N_R_far,3,0.05522451798121134,0.061251203219095864,0.07357247670491536,0.08567875623703003
chewinggum,bad/087.JPG,D,5,0.3411967992782593,0.3622023344039917,0.38570265769958495,0.4037763476371765
chewinggum,bad/087.JPG,N_H,1,0.26773715019226074,0.3651173710823059,0.3934348225593567,0.39570730924606323
chewinggum,bad/087.JPG,N_R_all,1,0.04026663303375244,0.050704240798950195,0.05637603998184204,0.06452876329421997
chewinggum,bad/087.JPG,N_R_far,1,0.03262120485305786,0.0406796932220459,0.0642470121383667,0.07658308744430542
chewinggum,bad/089.JPG,D,4,0.4028667062520981,0.4287724792957306,0.4416770488023758,0.4538958966732025
chewinggum,bad/089.JPG,N_H,3,0.18892149130503336,0.20058969656626383,0.22996052106221518,0.2542427182197571
chewinggum,bad/089.JPG,N_R_all,3,0.05969057480494181,0.06501164038976033,0.07473913828531902,0.0871501366297404
chewinggum,bad/089.JPG,N_R_far,3,0.05728693803151449,0.06393611431121826,0.07327387730280559,0.08189262946446736
chewinggum,bad/092.JPG,D,5,0.4467551827430725,0.465680456161499,0.47972056865692136,0.4992606997489929
chewinggum,bad/092.JPG,N_H,4,0.38767874240875244,0.39019033312797546,0.4063938409090042,0.4183965176343918
chewinggum,bad/092.JPG,N_R_all,4,0.08840341866016388,0.09651663899421692,0.11114104092121124,0.12265478074550629
chewinggum,bad/092.JPG,N_R_far,4,0.08195149898529053,0.08934985101222992,0.09901054203510284,0.1085999608039856
chewinggum,bad/093.JPG,D,6,0.4649389684200287,0.4734196066856384,0.48743783434232074,0.5015642742315928
chewinggum,bad/093.JPG,N_H,1,0.44756388664245605,0.4674142599105835,0.49773281812667847,0.5098239183425903
chewinggum,bad/093.JPG,N_R_all,1,0.05594074726104736,0.05671370029449463,0.06110203266143799,0.07290595769882202
chewinggum,bad/093.JPG,N_R_far,1,0.1604442000389099,0.18118762969970703,0.19134187698364258,0.21232283115386963
chewinggum,bad/095.JPG,D,4,0.4541199058294296,0.4628055542707443,0.48173853754997253,0.5089348703622818
chewinggum,bad/095.JPG,N_H,1,0.1894868016242981,0.23590928316116333,0.27846503257751465,0.34738367795944214
chewinggum,bad/095.JPG,N_R_all,1,0.03320401906967163,0.05813330411911011,0.06102508306503296,0.07982701063156128
chewinggum,bad/095.JPG,N_R_far,1,0.05209320783615112,0.05577176809310913,0.06494331359863281,0.07520461082458496
chewinggum,bad/099.JPG,D,7,0.4631943532398769,0.47634221826280865,0.4904002547264099,0.5047331622668675
chewinggum,bad/099.JPG,N_H,1,0.3104754090309143,0.31860578060150146,0.37882596254348755,0.399955689907074
chewinggum,bad/099.JPG,N_R_all,1,0.06252408027648926,0.06506407260894775,0.07242238521575928,0.09345412254333496
chewinggum,bad/099.JPG,N_R_far,1,0.04154837131500244,0.0563848614692688,0.07313805818557739,0.08630204200744629
