object,image,group,n,distinct_support_images,neighbour_spatial_std,frac_from_one_image
screw,manipulated_front/000.png,D,7,2.4285714285714284,4.779930634074883,0.5857142857142856
screw,manipulated_front/000.png,N_H,7,3.142857142857143,4.843819412188948,0.6
screw,manipulated_front/000.png,N_R_all,7,3.142857142857143,7.7196886086258365,0.5
screw,manipulated_front/000.png,N_R_far,7,2.7142857142857144,4.949222223316776,0.5714285714285714
screw,manipulated_front/001.png,D,7,2.5714285714285716,7.077741370751647,0.5857142857142857
screw,manipulated_front/001.png,N_H,5,3.0,8.723083540265433,0.5
screw,manipulated_front/001.png,N_R_all,5,2.0,5.46367582227109,0.6599999999999999
screw,manipulated_front/001.png,N_R_far,5,3.0,8.7612619077348,0.4999999999999999
screw,manipulated_front/002.png,D,6,1.6666666666666667,4.221974202262561,0.8833333333333333
screw,manipulated_front/002.png,N_H,9,2.4444444444444446,6.488702720925102,0.688888888888889
screw,manipulated_front/002.png,N_R_all,9,2.2222222222222223,5.5720715276076005,0.6333333333333333
screw,manipulated_front/002.png,N_R_far,9,1.8888888888888888,4.5674216095967655,0.7
screw,manipulated_front/003.png,D,9,3.111111111111111,9.991328671697227,0.5222222222222221
screw,manipulated_front/003.png,N_H,9,2.888888888888889,8.755074063310749,0.5555555555555556
screw,manipulated_front/003.png,N_R_all,9,2.3333333333333335,4.096919821412269,0.5777777777777778
screw,manipulated_front/003.png,N_R_far,9,2.2222222222222223,5.673229239129246,0.6222222222222222
screw,manipulated_front/004.png,D,5,1.6,6.864756103297827,0.9199999999999999
screw,manipulated_front/004.png,N_H,7,2.857142857142857,7.380407478994068,0.6714285714285715
screw,manipulated_front/004.png,N_R_all,7,2.4285714285714284,4.23061073260282,0.7000000000000001
screw,manipulated_front/004.png,N_R_far,7,2.4285714285714284,4.343628244198828,0.6285714285714284
screw,manipulated_front/005.png,D,7,2.5714285714285716,5.35617962563943,0.7285714285714286
screw,manipulated_front/005.png,N_H,7,2.857142857142857,7.974061866984349,0.6142857142857144
screw,manipulated_front/005.png,N_R_all,7,2.5714285714285716,8.319982505238894,0.6714285714285715
screw,manipulated_front/005.png,N_R_far,7,2.2857142857142856,4.363005111081187,0.6857142857142857
screw,manipulated_front/006.png,D,6,3.0,5.0783391486518115,0.5666666666666668
screw,manipulated_front/006.png,N_H,8,2.5,6.5303500566493,0.6499999999999999
screw,manipulated_front/006.png,N_R_all,8,2.875,3.977063571224502,0.48750000000000004
screw,manipulated_front/006.png,N_R_far,8,2.25,4.944295709722116,0.7375
screw,manipulated_front/007.png,D,9,2.3333333333333335,3.969418235593207,0.5666666666666667
screw,manipulated_front/007.png,N_H,10,3.3,6.238458705908618,0.5199999999999999
screw,manipulated_front/007.png,N_R_all,10,2.9,4.382263377233805,0.5399999999999999
screw,manipulated_front/007.png,N_R_far,10,2.4,3.6946343348687294,0.51
screw,manipulated_front/008.png,D,7,2.0,8.344915172870396,0.8857142857142858
screw,manipulated_front/008.png,N_H,6,2.1666666666666665,5.408223167814103,0.7833333333333333
screw,manipulated_front/008.png,N_R_all,6,2.5,3.878212411121101,0.6833333333333332
screw,manipulated_front/008.png,N_R_far,6,2.1666666666666665,5.22363125517255,0.7833333333333333
screw,manipulated_front/009.png,D,12,2.5833333333333335,4.2420834356841395,0.6416666666666667
screw,manipulated_front/009.png,N_H,10,2.7,8.504702270762033,0.61
screw,manipulated_front/009.png,N_R_all,10,2.2,4.854668207002052,0.69
screw,manipulated_front/009.png,N_R_far,10,2.8,5.97080684486419,0.6300000000000001
screw,manipulated_front/010.png,D,8,1.875,4.054138964932782,0.8250000000000001
screw,manipulated_front/010.png,N_H,5,2.0,6.345317845177802,0.7
screw,manipulated_front/010.png,N_R_all,5,2.0,4.432570699843348,0.82
screw,manipulated_front/010.png,N_R_far,5,1.4,3.2175348421306866,0.96
screw,manipulated_front/011.png,D,6,3.0,15.393830400663857,0.6833333333333335
screw,manipulated_front/011.png,N_H,8,3.125,14.36838897479614,0.4875
screw,manipulated_front/011.png,N_R_all,8,2.375,6.76046209305179,0.675
screw,manipulated_front/011.png,N_R_far,8,2.625,4.549436398039041,0.575
screw,manipulated_front/012.png,D,3,2.0,4.1014894629591545,0.8333333333333334
screw,manipulated_front/012.png,N_H,7,2.5714285714285716,6.949808122703026,0.6285714285714287
screw,manipulated_front/012.png,N_R_all,7,2.0,5.598580116164379,0.7714285714285715
screw,manipulated_front/012.png,N_R_far,7,2.142857142857143,4.081716555217535,0.6857142857142857
screw,manipulated_front/013.png,D,7,2.5714285714285716,6.899306085479369,0.5857142857142856
screw,manipulated_front/013.png,N_H,5,3.2,9.830534584658505,0.54
screw,manipulated_front/013.png,N_R_all,5,3.0,4.913721815774274,0.5399999999999999
screw,manipulated_front/013.png,N_R_far,5,3.2,4.922300571111769,0.5199999999999999
screw,manipulated_front/014.png,D,6,2.5,14.85848343191543,0.6833333333333332
screw,manipulated_front/014.png,N_H,9,3.0,10.397993805077457,0.5222222222222224
screw,manipulated_front/014.png,N_R_all,9,2.7777777777777777,7.0460991048723765,0.6000000000000001
screw,manipulated_front/014.png,N_R_far,9,3.0,6.099040942479411,0.5333333333333334
screw,manipulated_front/015.png,D,9,2.2222222222222223,3.53986279168298,0.5777777777777777
screw,manipulated_front/015.png,N_H,9,3.0,6.857296014496532,0.5555555555555556
screw,manipulated_front/015.png,N_R_all,9,1.8888888888888888,4.389521262546916,0.7777777777777778
screw,manipulated_front/015.png,N_R_far,9,1.6666666666666667,5.1113595996409,0.8666666666666667
screw,manipulated_front/016.png,D,11,1.6363636363636365,3.535488992787485,0.9000000000000002
screw,manipulated_front/016.png,N_H,4,2.75,6.606435540871802,0.55
screw,manipulated_front/016.png,N_R_all,4,1.75,4.3709110246867615,0.825
screw,manipulated_front/016.png,N_R_far,4,2.25,6.334985891236888,0.7749999999999999
screw,manipulated_front/017.png,D,3,2.6666666666666665,11.792509427593089,0.6
screw,manipulated_front/017.png,N_H,7,3.0,13.685938478673572,0.5285714285714286
screw,manipulated_front/017.png,N_R_all,7,3.2857142857142856,6.508139066826358,0.5
screw,manipulated_front/017.png,N_R_far,7,3.0,5.722449493203834,0.5571428571428572
screw,manipulated_front/018.png,D,6,3.0,10.893064155585051,0.5
screw,manipulated_front/018.png,N_H,3,2.3333333333333335,8.892871545163468,0.7333333333333334
screw,manipulated_front/018.png,N_R_all,3,3.3333333333333335,6.215132663487014,0.5333333333333333
screw,manipulated_front/018.png,N_R_far,3,2.6666666666666665,7.036689695975155,0.6333333333333334
screw,manipulated_front/019.png,D,4,2.25,3.4705014314382208,0.65
screw,manipulated_front/019.png,N_H,5,2.8,4.950139857022542,0.72
screw,manipulated_front/019.png,N_R_all,5,1.8,4.357322619519377,0.82
screw,manipulated_front/019.png,N_R_far,5,1.6,3.7230891779294,0.8400000000000001
screw,manipulated_front/020.png,D,3,2.6666666666666665,4.938906242013782,0.5666666666666668
screw,manipulated_front/020.png,N_H,10,2.5,6.863956736086595,0.6299999999999999
screw,manipulated_front/020.png,N_R_all,10,2.3,4.900278221248991,0.6900000000000001
screw,manipulated_front/020.png,N_R_far,10,2.6,4.2590880830271844,0.6599999999999999
screw,manipulated_front/021.png,D,3,2.3333333333333335,11.43841129441612,0.7999999999999999
screw,manipulated_front/021.png,N_H,5,2.6,10.649071423499766,0.6
screw,manipulated_front/021.png,N_R_all,5,2.4,5.1453212348567074,0.62
screw,manipulated_front/021.png,N_R_far,5,2.4,5.713664837654164,0.7
screw,manipulated_front/022.png,D,3,2.0,13.861335509698137,0.6333333333333333
screw,manipulated_front/022.png,N_H,8,3.25,7.35645042911894,0.6000000000000001
screw,manipulated_front/022.png,N_R_all,8,3.625,8.21103901368668,0.5
screw,manipulated_front/022.png,N_R_far,8,3.5,4.407903155386991,0.4625
screw,manipulated_front/023.png,D,6,2.0,3.134743806421355,0.65
screw,manipulated_front/023.png,N_H,6,2.8333333333333335,6.1369684754310425,0.6833333333333332
screw,manipulated_front/023.png,N_R_all,6,2.3333333333333335,4.670774332333502,0.6166666666666667
screw,manipulated_front/023.png,N_R_far,6,2.0,5.193082951733524,0.6666666666666666
screw,scratch_head/000.png,D,5,2.0,6.495602924932406,0.6200000000000001
screw,scratch_head/000.png,N_H,8,2.625,11.212103174617033,0.6625
screw,scratch_head/000.png,N_R_all,8,2.25,6.770878134502161,0.6875
screw,scratch_head/000.png,N_R_far,8,2.5,5.853409084918759,0.6
screw,scratch_head/001.png,D,6,2.0,3.3174473729844043,0.75
screw,scratch_head/001.png,N_H,8,2.75,4.423772507204296,0.55
screw,scratch_head/001.png,N_R_all,8,2.375,5.686003936067768,0.725
screw,scratch_head/001.png,N_R_far,8,2.125,6.343553954224947,0.7875000000000001
screw,scratch_head/002.png,D,6,2.5,5.5536134445688035,0.7333333333333334
screw,scratch_head/002.png,N_H,3,2.6666666666666665,12.569639411383179,0.6666666666666666
screw,scratch_head/002.png,N_R_all,3,2.6666666666666665,9.741061400713264,0.6333333333333333
screw,scratch_head/002.png,N_R_far,3,2.0,5.602847735328159,0.7333333333333334
screw,scratch_head/003.png,D,5,1.8,4.456599402918673,0.86
screw,scratch_head/003.png,N_H,3,2.6666666666666665,10.342386541299046,0.5333333333333333
screw,scratch_head/003.png,N_R_all,3,1.6666666666666667,3.816161887443851,0.9333333333333332
screw,scratch_head/003.png,N_R_far,3,1.6666666666666667,4.722373568777885,0.7000000000000001
screw,scratch_head/004.png,D,5,2.8,7.513114511462883,0.6
screw,scratch_head/004.png,N_H,4,3.0,6.824437526840956,0.475
screw,scratch_head/004.png,N_R_all,4,2.5,4.557049805175243,0.55
screw,scratch_head/004.png,N_R_far,4,1.75,3.5362196501596106,0.7500000000000001
screw,scratch_head/005.png,D,4,2.0,3.6707448954754542,0.65
screw,scratch_head/005.png,N_H,9,2.5555555555555554,11.494704994920653,0.7333333333333333
screw,scratch_head/005.png,N_R_all,9,2.7777777777777777,5.9531165852358345,0.5555555555555556
screw,scratch_head/005.png,N_R_far,9,2.4444444444444446,4.347061574023911,0.5777777777777777
screw,scratch_head/006.png,D,5,2.6,10.739295122438127,0.7
screw,scratch_head/006.png,N_H,5,2.0,5.269481571938226,0.78
screw,scratch_head/006.png,N_R_all,5,2.8,4.332576864689584,0.6399999999999999
screw,scratch_head/006.png,N_R_far,5,2.8,5.380462584781942,0.52
screw,scratch_head/007.png,D,6,2.0,5.968129111062829,0.6166666666666666
screw,scratch_head/007.png,N_H,5,2.8,12.288562935987002,0.7200000000000001
screw,scratch_head/007.png,N_R_all,5,2.0,3.5751975148617903,0.6599999999999999
screw,scratch_head/007.png,N_R_far,5,2.6,4.985464941084414,0.6799999999999999
screw,scratch_head/008.png,D,6,1.6666666666666667,4.2135855164323415,0.85
screw,scratch_head/008.png,N_H,3,3.0,12.427462816388255,0.6
screw,scratch_head/008.png,N_R_all,3,2.0,3.023649611933925,0.7666666666666666
screw,scratch_head/008.png,N_R_far,3,3.0,5.231589245814123,0.5333333333333333
screw,scratch_head/009.png,D,7,2.142857142857143,5.464648490610336,0.7428571428571429
screw,scratch_head/009.png,N_H,6,2.6666666666666665,6.712402768372322,0.5499999999999999
screw,scratch_head/009.png,N_R_all,6,2.0,4.805306381973995,0.6833333333333332
screw,scratch_head/009.png,N_R_far,6,2.3333333333333335,4.612647093911981,0.6666666666666666
screw,scratch_head/010.png,D,5,2.0,4.43678082511286,0.7
screw,scratch_head/010.png,N_H,7,2.5714285714285716,6.114884047286778,0.5428571428571428
screw,scratch_head/010.png,N_R_all,7,2.0,4.800320756167986,0.6714285714285715
screw,scratch_head/010.png,N_R_far,7,2.142857142857143,3.4637339985492197,0.6285714285714287
screw,scratch_head/011.png,D,5,2.0,3.7592285194492936,0.6799999999999999
screw,scratch_head/011.png,N_H,4,2.5,7.128460371532032,0.65
screw,scratch_head/011.png,N_R_all,4,1.75,3.991247304006974,0.875
screw,scratch_head/011.png,N_R_far,4,2.0,3.8989439826803514,0.875
screw,scratch_head/012.png,D,7,2.142857142857143,6.189015143348676,0.7142857142857143
screw,scratch_head/012.png,N_H,6,3.0,11.882119620094523,0.5333333333333333
screw,scratch_head/012.png,N_R_all,6,2.8333333333333335,7.480437367413359,0.6333333333333333
screw,scratch_head/012.png,N_R_far,6,2.8333333333333335,5.046487926933637,0.5499999999999999
screw,scratch_head/013.png,D,4,2.25,10.187464156762944,0.8
screw,scratch_head/013.png,N_H,2,3.5,5.449550411842052,0.45
screw,scratch_head/013.png,N_R_all,2,3.0,6.35667749970702,0.5
screw,scratch_head/013.png,N_R_far,2,3.0,3.06674279918883,0.6
screw,scratch_head/014.png,D,5,2.2,5.234286606566823,0.62
screw,scratch_head/014.png,N_H,4,2.5,6.548322462996255,0.625
screw,scratch_head/014.png,N_R_all,4,2.25,4.897077582286144,0.7749999999999999
screw,scratch_head/014.png,N_R_far,4,1.5,3.5244576237854504,0.8
screw,scratch_head/015.png,D,8,2.0,5.494281158459933,0.75
screw,scratch_head/015.png,N_H,1,2.0,8.201103313753684,0.6
screw,scratch_head/015.png,N_R_all,1,1.0,4.644846258660452,1.0
screw,scratch_head/015.png,N_R_far,1,3.0,3.621731383701068,0.5
screw,scratch_head/016.png,D,4,2.5,5.970585808121425,0.8
screw,scratch_head/016.png,N_H,5,2.0,6.577605142187768,0.74
screw,scratch_head/016.png,N_R_all,5,2.8,5.995059473996819,0.6
screw,scratch_head/016.png,N_R_far,5,2.8,6.014774129572163,0.6
screw,scratch_head/017.png,D,6,1.8333333333333333,5.774835433871412,0.75
screw,scratch_head/017.png,N_H,4,3.25,8.445688018516432,0.5499999999999999
screw,scratch_head/017.png,N_R_all,4,2.25,4.800931720648819,0.775
screw,scratch_head/017.png,N_R_far,4,2.25,4.341278612978859,0.7749999999999999
screw,scratch_head/018.png,D,7,1.4285714285714286,4.50345044402028,0.9285714285714286
screw,scratch_head/018.png,N_H,3,2.6666666666666665,6.035953408520324,0.5666666666666668
screw,scratch_head/018.png,N_R_all,3,1.6666666666666667,3.269677031539756,0.7999999999999999
screw,scratch_head/018.png,N_R_far,3,1.6666666666666667,3.632566770325939,0.8333333333333334
screw,scratch_head/019.png,D,5,1.8,4.457944041777077,0.86
screw,scratch_head/019.png,N_H,1,3.0,5.355000741250109,0.8
screw,scratch_head/019.png,N_R_all,1,1.0,3.79228206310986,1.0
screw,scratch_head/019.png,N_R_far,1,3.0,3.3100241913748274,0.5
screw,scratch_head/020.png,D,6,2.3333333333333335,6.198229749541828,0.5333333333333333
screw,scratch_head/020.png,N_H,6,2.8333333333333335,13.903709478477245,0.6
screw,scratch_head/020.png,N_R_all,6,2.0,5.12228334521619,0.7666666666666666
screw,scratch_head/020.png,N_R_far,6,2.0,5.442094966247059,0.7666666666666666
screw,scratch_head/021.png,D,3,2.0,4.522750345333592,0.5666666666666667
screw,scratch_head/021.png,N_H,8,3.25,4.3215455464879176,0.4625
screw,scratch_head/021.png,N_R_all,8,2.5,5.465283736903046,0.625
screw,scratch_head/021.png,N_R_far,8,2.25,5.729893211708132,0.6125
screw,scratch_head/022.png,D,4,1.75,4.613948884527742,0.725
screw,scratch_head/022.png,N_H,5,2.6,12.847453811422204,0.64
screw,scratch_head/022.png,N_R_all,5,2.2,3.297659946309637,0.76
screw,scratch_head/022.png,N_R_far,5,2.8,5.879858988228453,0.6799999999999999
screw,scratch_head/023.png,D,6,1.8333333333333333,7.460235133631143,0.85
screw,scratch_head/023.png,N_H,4,2.25,7.122894601756258,0.7250000000000001
screw,scratch_head/023.png,N_R_all,4,2.5,4.4145612904253495,0.75
screw,scratch_head/023.png,N_R_far,4,2.75,7.104913314690849,0.6499999999999999
screw,scratch_neck/000.png,D,4,2.5,4.249928533333803,0.675
screw,scratch_neck/000.png,N_H,10,3.4,6.72322253061534,0.48
screw,scratch_neck/000.png,N_R_all,10,2.3,5.54851786382816,0.58
screw,scratch_neck/000.png,N_R_far,10,2.2,7.443106834774414,0.6900000000000001
screw,scratch_neck/001.png,D,11,2.8181818181818183,2.575828866763064,0.5727272727272726
screw,scratch_neck/001.png,N_H,3,2.6666666666666665,13.84658184513276,0.5333333333333333
screw,scratch_neck/001.png,N_R_all,3,2.3333333333333335,4.802786004720819,0.7333333333333334
screw,scratch_neck/001.png,N_R_far,3,3.3333333333333335,8.066797980503706,0.4666666666666666
screw,scratch_neck/002.png,D,6,3.3333333333333335,5.042028126939862,0.5499999999999999
screw,scratch_neck/002.png,N_H,7,3.142857142857143,11.677777303415285,0.5428571428571429
screw,scratch_neck/002.png,N_R_all,7,2.2857142857142856,7.143155080338282,0.6714285714285714
screw,scratch_neck/002.png,N_R_far,7,2.4285714285714284,5.776459081470446,0.6571428571428573
screw,scratch_neck/003.png,D,6,3.0,4.741214899323642,0.65
screw,scratch_neck/003.png,N_H,4,2.0,5.741544865625301,0.8500000000000001
screw,scratch_neck/003.png,N_R_all,4,2.5,5.409368201042341,0.6499999999999999
screw,scratch_neck/003.png,N_R_far,4,2.25,5.15994292794945,0.7499999999999999
screw,scratch_neck/004.png,D,7,3.7142857142857144,5.668061767537779,0.5
screw,scratch_neck/004.png,N_H,1,2.0,4.0768699031306035,0.5
screw,scratch_neck/004.png,N_R_all,1,2.0,3.7278820596099704,0.6
screw,scratch_neck/004.png,N_R_far,1,2.0,4.069500247338871,0.8
screw,scratch_neck/005.png,D,6,2.8333333333333335,5.377788515888415,0.55
screw,scratch_neck/005.png,N_H,9,2.888888888888889,6.206945147876827,0.5222222222222223
screw,scratch_neck/005.png,N_R_all,9,2.7777777777777777,5.3872722850207975,0.5444444444444445
screw,scratch_neck/005.png,N_R_far,9,2.7777777777777777,3.538294596641314,0.5666666666666667
screw,scratch_neck/007.png,D,6,3.3333333333333335,4.723401283498044,0.5333333333333333
screw,scratch_neck/007.png,N_H,1,3.0,2.978067951799998,0.7
screw,scratch_neck/007.png,N_R_all,1,1.0,4.5097445176069035,1.0
screw,scratch_neck/007.png,N_R_far,1,2.0,5.692099788303083,0.6
screw,scratch_neck/008.png,D,9,3.2222222222222223,6.806277641855272,0.5
screw,scratch_neck/008.png,N_H,1,3.0,7.648714500122308,0.5
screw,scratch_neck/008.png,N_R_all,1,2.0,4.523804926447141,0.8
screw,scratch_neck/008.png,N_R_far,1,2.0,4.528934340261385,0.8
screw,scratch_neck/009.png,D,4,4.0,7.443746568616986,0.42500000000000004
screw,scratch_neck/009.png,N_H,6,3.0,13.766600373323568,0.5
screw,scratch_neck/009.png,N_R_all,6,2.5,6.762053922972953,0.6166666666666667
screw,scratch_neck/009.png,N_R_far,6,2.5,6.12833440838081,0.6166666666666667
screw,scratch_neck/010.png,D,8,3.0,5.368667591872109,0.5125
screw,scratch_neck/010.png,N_H,4,3.25,13.290223911198936,0.525
screw,scratch_neck/010.png,N_R_all,4,3.0,7.577082378002786,0.5
screw,scratch_neck/010.png,N_R_far,4,3.25,9.375529370833114,0.625
screw,scratch_neck/011.png,D,3,3.3333333333333335,5.035616919032292,0.5666666666666665
screw,scratch_neck/011.png,N_H,10,2.5,9.015423886794757,0.6799999999999999
screw,scratch_neck/011.png,N_R_all,10,2.6,5.512464634504497,0.7
screw,scratch_neck/011.png,N_R_far,10,2.2,5.610653377912987,0.7300000000000001
screw,scratch_neck/012.png,D,6,3.1666666666666665,2.8921158863652825,0.5166666666666667
screw,scratch_neck/012.png,N_H,7,2.5714285714285716,12.076241335580496,0.6285714285714284
screw,scratch_neck/012.png,N_R_all,7,2.5714285714285716,6.092385751470254,0.6714285714285715
screw,scratch_neck/012.png,N_R_far,7,3.0,5.344571039119552,0.5142857142857143
screw,scratch_neck/013.png,D,5,2.6,4.31274245173452,0.78
screw,scratch_neck/013.png,N_H,3,2.3333333333333335,4.701334032400825,0.6666666666666666
screw,scratch_neck/013.png,N_R_all,3,2.0,4.425796771496444,0.5333333333333333
screw,scratch_neck/013.png,N_R_far,3,2.0,4.740884400876824,0.6666666666666666
screw,scratch_neck/015.png,D,6,3.6666666666666665,5.488706172057044,0.43333333333333335
screw,scratch_neck/015.png,N_H,2,3.5,10.431204234752071,0.45
screw,scratch_neck/015.png,N_R_all,2,1.5,3.408146611745231,0.85
screw,scratch_neck/015.png,N_R_far,2,1.5,3.0606816861659008,0.75
screw,scratch_neck/016.png,D,8,3.125,5.311621112787806,0.46249999999999997
screw,scratch_neck/016.png,N_H,1,2.0,14.127594993098931,0.7
screw,scratch_neck/016.png,N_R_all,1,3.0,6.661430142978191,0.6
screw,scratch_neck/016.png,N_R_far,1,2.0,3.236995998791604,0.6
screw,scratch_neck/017.png,D,8,3.25,3.9689257808036675,0.6124999999999999
screw,scratch_neck/017.png,N_H,8,3.125,10.979208470003105,0.5125
screw,scratch_neck/017.png,N_R_all,8,2.25,5.108541280292301,0.6625
screw,scratch_neck/017.png,N_R_far,8,2.75,6.721765507107534,0.625
screw,scratch_neck/018.png,D,4,3.25,3.763261879156162,0.475
screw,scratch_neck/018.png,N_H,5,3.4,14.203061883745198,0.5
screw,scratch_neck/018.png,N_R_all,5,2.4,3.4604903550418413,0.64
screw,scratch_neck/018.png,N_R_far,5,2.6,4.889169028256882,0.56
screw,scratch_neck/019.png,D,7,4.0,6.346649217593873,0.5142857142857143
screw,scratch_neck/019.png,N_H,2,1.5,7.072324521329315,0.95
screw,scratch_neck/019.png,N_R_all,2,2.5,7.325602128147958,0.65
screw,scratch_neck/019.png,N_R_far,2,2.5,4.206682355637733,0.5
screw,scratch_neck/021.png,D,5,3.6,4.688685299077797,0.5
screw,scratch_neck/021.png,N_H,5,3.2,4.906243270142446,0.5599999999999999
screw,scratch_neck/021.png,N_R_all,5,2.6,4.2769822678500145,0.58
screw,scratch_neck/021.png,N_R_far,5,2.4,7.010305528481448,0.54
screw,scratch_neck/022.png,D,3,3.6666666666666665,4.406642043239579,0.4666666666666666
screw,scratch_neck/022.png,N_H,5,2.2,5.5179612427488935,0.74
screw,scratch_neck/022.png,N_R_all,5,1.6,3.4875512984487047,0.8
screw,scratch_neck/022.png,N_R_far,5,2.8,5.423178480190183,0.6599999999999999
screw,scratch_neck/023.png,D,3,3.0,3.9249355040542375,0.5
screw,scratch_neck/023.png,N_H,5,3.0,15.172728550457311,0.64
screw,scratch_neck/023.png,N_R_all,5,2.6,7.256005923324887,0.52
screw,scratch_neck/023.png,N_R_far,5,2.4,5.948623243474048,0.5599999999999999
screw,scratch_neck/024.png,D,6,3.3333333333333335,6.604088181718995,0.48333333333333334
screw,scratch_neck/024.png,N_H,7,2.7142857142857144,6.730589430412967,0.6
screw,scratch_neck/024.png,N_R_all,7,2.4285714285714284,7.80979323405115,0.5428571428571429
screw,scratch_neck/024.png,N_R_far,7,2.857142857142857,6.13930315685639,0.5857142857142856
screw,thread_side/000.png,D,5,1.0,3.862478563970187,1.0
screw,thread_side/000.png,N_H,9,1.7777777777777777,3.78671861094427,0.8444444444444444
screw,thread_side/000.png,N_R_all,9,2.6666666666666665,8.061812778990465,0.7
screw,thread_side/000.png,N_R_far,9,1.5555555555555556,3.777160267888657,0.8999999999999999
screw,thread_side/001.png,D,15,2.7333333333333334,4.88397545879887,0.6599999999999999
screw,thread_side/001.png,N_H,4,3.5,11.624867196504457,0.5
screw,thread_side/001.png,N_R_all,4,2.5,3.5264246674901076,0.6499999999999999
screw,thread_side/001.png,N_R_far,4,2.0,5.481835783591459,0.6
screw,thread_side/002.png,D,6,1.8333333333333333,5.4910547515577335,0.8333333333333334
screw,thread_side/002.png,N_H,9,3.2222222222222223,6.668359371484314,0.5444444444444445
screw,thread_side/002.png,N_R_all,9,2.3333333333333335,5.2163174204301415,0.7222222222222223
screw,thread_side/002.png,N_R_far,9,2.3333333333333335,5.200840931646809,0.6666666666666667
screw,thread_side/003.png,D,7,2.142857142857143,5.482242410347596,0.8428571428571429
screw,thread_side/003.png,N_H,5,2.0,6.424720381759275,0.6399999999999999
screw,thread_side/003.png,N_R_all,5,2.4,3.5778581723979697,0.72
screw,thread_side/003.png,N_R_far,5,2.2,4.519934494306685,0.6599999999999999
screw,thread_side/004.png,D,4,1.5,4.384443956282286,0.95
screw,thread_side/004.png,N_H,9,2.7777777777777777,6.7493814175262505,0.6444444444444444
screw,thread_side/004.png,N_R_all,9,2.3333333333333335,4.811502888988231,0.6333333333333333
screw,thread_side/004.png,N_R_far,9,2.7777777777777777,4.8939802690441105,0.6111111111111112
screw,thread_side/005.png,D,5,2.6,5.1380053317667045,0.6799999999999999
screw,thread_side/005.png,N_H,10,3.4,5.8143269817394,0.51
screw,thread_side/005.png,N_R_all,10,2.7,7.250192949501971,0.62
screw,thread_side/005.png,N_R_far,10,2.7,8.543366807417126,0.56
screw,thread_side/006.png,D,10,3.0,3.9144747920214478,0.63
screw,thread_side/006.png,N_H,7,2.5714285714285716,7.42385815663071,0.6857142857142856
screw,thread_side/006.png,N_R_all,7,2.857142857142857,7.181827963865685,0.5
screw,thread_side/006.png,N_R_far,7,2.7142857142857144,7.331025589602148,0.6285714285714287
screw,thread_side/007.png,D,10,2.3,5.061045292164657,0.6100000000000001
screw,thread_side/007.png,N_H,4,2.0,7.041454685521074,0.7
screw,thread_side/007.png,N_R_all,4,2.25,4.114981948541299,0.75
screw,thread_side/007.png,N_R_far,4,2.75,6.447768768176567,0.575
screw,thread_side/008.png,D,5,2.2,3.2914250109344962,0.72
screw,thread_side/008.png,N_H,7,3.0,12.893246299009293,0.5285714285714286
screw,thread_side/008.png,N_R_all,7,2.4285714285714284,4.272543019890984,0.6714285714285715
screw,thread_side/008.png,N_R_far,7,2.2857142857142856,6.706673315316572,0.6571428571428571
screw,thread_side/009.png,D,6,2.3333333333333335,4.574266917022999,0.7833333333333332
screw,thread_side/009.png,N_H,9,2.6666666666666665,7.816998366985479,0.6333333333333333
screw,thread_side/009.png,N_R_all,9,2.6666666666666665,5.292712797068898,0.6
screw,thread_side/009.png,N_R_far,9,2.5555555555555554,6.3336749710520985,0.6000000000000001
screw,thread_side/010.png,D,7,2.0,5.188137086692222,0.8
screw,thread_side/010.png,N_H,6,3.5,11.133645217115605,0.5666666666666668
screw,thread_side/010.png,N_R_all,6,2.3333333333333335,6.777871152945278,0.7166666666666667
screw,thread_side/010.png,N_R_far,6,2.8333333333333335,4.992556014699823,0.6333333333333334
screw,thread_side/011.png,D,5,1.6,4.523482065513124,0.8800000000000001
screw,thread_side/011.png,N_H,8,2.25,8.555483352380957,0.6875
screw,thread_side/011.png,N_R_all,8,2.625,6.2484942051606485,0.6625000000000001
screw,thread_side/011.png,N_R_far,8,2.125,3.982155765761214,0.6625
screw,thread_side/012.png,D,8,2.25,3.6980257522290407,0.6375
screw,thread_side/012.png,N_H,6,2.8333333333333335,7.879621476517461,0.5499999999999999
screw,thread_side/012.png,N_R_all,6,2.0,5.118327053738899,0.6
screw,thread_side/012.png,N_R_far,6,2.5,6.346713082443565,0.5333333333333333
screw,thread_side/013.png,D,4,2.25,5.22564137085306,0.8
screw,thread_side/013.png,N_H,8,2.375,5.689100259424203,0.625
screw,thread_side/013.png,N_R_all,8,2.5,4.4689188890667495,0.6875
screw,thread_side/013.png,N_R_far,8,2.875,4.161246176663217,0.5375
screw,thread_side/014.png,D,6,2.1666666666666665,4.9352478289042665,0.8000000000000002
screw,thread_side/014.png,N_H,5,3.4,7.45969673280956,0.58
screw,thread_side/014.png,N_R_all,5,2.8,5.49645402693711,0.54
screw,thread_side/014.png,N_R_far,5,3.0,5.294317735748544,0.48
screw,thread_side/015.png,D,7,2.4285714285714284,4.048374008688257,0.6142857142857142
screw,thread_side/015.png,N_H,7,2.2857142857142856,5.586937197432578,0.7142857142857142
screw,thread_side/015.png,N_R_all,7,2.2857142857142856,5.70064855350568,0.7
screw,thread_side/015.png,N_R_far,7,2.5714285714285716,6.558055750884323,0.5857142857142856
screw,thread_side/016.png,D,12,2.25,5.446367118048353,0.7250000000000001
screw,thread_side/016.png,N_H,8,2.875,10.892626599636527,0.5625
screw,thread_side/016.png,N_R_all,8,2.625,6.131644968861489,0.5874999999999999
screw,thread_side/016.png,N_R_far,8,2.875,6.714158802510834,0.5625
screw,thread_side/017.png,D,9,2.0,5.509556760252124,0.7888888888888889
screw,thread_side/017.png,N_H,2,3.0,6.838906375344586,0.45
screw,thread_side/017.png,N_R_all,2,1.5,2.610730355156953,0.9
screw,thread_side/017.png,N_R_far,2,2.0,6.713095564865149,0.7
screw,thread_side/018.png,D,7,2.857142857142857,6.65738892967033,0.5142857142857143
screw,thread_side/018.png,N_H,7,2.857142857142857,8.342658090215457,0.6857142857142857
screw,thread_side/018.png,N_R_all,7,3.142857142857143,6.7498618344688905,0.5
screw,thread_side/018.png,N_R_far,7,3.142857142857143,5.908529064528578,0.5
screw,thread_side/019.png,D,4,3.25,10.330070164741507,0.5499999999999999
screw,thread_side/019.png,N_H,10,2.7,9.201272816833077,0.5900000000000001
screw,thread_side/019.png,N_R_all,10,2.8,4.637600051752841,0.56
screw,thread_side/019.png,N_R_far,10,3.1,4.808154775556287,0.5000000000000001
screw,thread_side/020.png,D,4,2.5,4.259512976934462,0.5
screw,thread_side/020.png,N_H,7,3.4285714285714284,6.1060857116578715,0.48571428571428565
screw,thread_side/020.png,N_R_all,7,2.0,3.3187793594935746,0.7571428571428571
screw,thread_side/020.png,N_R_far,7,2.4285714285714284,6.089312260153463,0.7000000000000001
screw,thread_side/021.png,D,7,2.4285714285714284,6.159410518811827,0.5714285714285714
screw,thread_side/021.png,N_H,3,3.0,12.703472822121498,0.6
screw,thread_side/021.png,N_R_all,3,3.0,10.700107831393295,0.5333333333333333
screw,thread_side/021.png,N_R_far,3,3.3333333333333335,9.706080186154615,0.5
screw,thread_side/022.png,D,8,2.25,5.524272255749812,0.7375
screw,thread_side/022.png,N_H,4,2.75,6.210403052629769,0.5499999999999999
screw,thread_side/022.png,N_R_all,4,1.75,4.620402834563851,0.875
screw,thread_side/022.png,N_R_far,4,2.25,5.140966189285173,0.775
screw,thread_top/000.png,D,12,2.75,6.389137747454988,0.625
screw,thread_top/000.png,N_H,5,3.4,7.692164971736152,0.45999999999999996
screw,thread_top/000.png,N_R_all,5,2.6,5.342189517270823,0.7
screw,thread_top/000.png,N_R_far,5,2.4,5.371096317103635,0.62
screw,thread_top/001.png,D,11,1.9090909090909092,4.5011855334784086,0.7818181818181817
screw,thread_top/001.png,N_H,2,2.0,7.143521411608409,0.85
screw,thread_top/001.png,N_R_all,2,1.0,3.54861626522409,1.0
screw,thread_top/001.png,N_R_far,2,2.0,3.442061575193082,0.75
screw,thread_top/002.png,D,11,2.3636363636363638,4.019269055737998,0.5909090909090908
screw,thread_top/002.png,N_H,6,3.5,6.451214217516564,0.4666666666666666
screw,thread_top/002.png,N_R_all,6,2.1666666666666665,3.2018287897851265,0.5833333333333334
screw,thread_top/002.png,N_R_far,6,3.0,5.2586945514107075,0.5499999999999999
screw,thread_top/003.png,D,9,2.111111111111111,4.295926498470592,0.8222222222222222
screw,thread_top/003.png,N_H,9,2.6666666666666665,5.523284108697148,0.6444444444444444
screw,thread_top/003.png,N_R_all,9,2.5555555555555554,5.757480491418552,0.5888888888888888
screw,thread_top/003.png,N_R_far,9,2.3333333333333335,5.2600566943757325,0.7111111111111111
screw,thread_top/004.png,D,11,2.6363636363636362,5.221723093878512,0.6727272727272727
screw,thread_top/004.png,N_H,7,3.857142857142857,3.3280219276513883,0.3857142857142857
screw,thread_top/004.png,N_R_all,7,2.5714285714285716,4.830482875137493,0.6285714285714284
screw,thread_top/004.png,N_R_far,7,2.857142857142857,6.109972424866193,0.6571428571428571
screw,thread_top/005.png,D,18,1.7222222222222223,3.0821121398308398,0.8888888888888888
screw,thread_top/005.png,N_H,3,3.3333333333333335,9.982917313037666,0.5333333333333333
screw,thread_top/005.png,N_R_all,3,2.3333333333333335,3.837846950908696,0.6333333333333333
screw,thread_top/005.png,N_R_far,3,2.6666666666666665,5.149835350324444,0.6
screw,thread_top/007.png,D,12,2.75,3.7211064058948877,0.625
screw,thread_top/007.png,N_H,1,2.0,8.660059523282289,0.6
screw,thread_top/007.png,N_R_all,1,3.0,5.212836387130981,0.8
screw,thread_top/007.png,N_R_far,1,2.0,5.859422413817179,0.8
screw,thread_top/008.png,D,11,1.4545454545454546,4.0546628987370354,0.9545454545454546
screw,thread_top/008.png,N_H,5,2.6,5.353955888528236,0.64
screw,thread_top/008.png,N_R_all,5,2.2,4.392587369066993,0.78
screw,thread_top/008.png,N_R_far,5,3.0,6.065315057607225,0.5399999999999999
screw,thread_top/009.png,D,9,3.2222222222222223,9.51852781767433,0.4888888888888888
screw,thread_top/009.png,N_H,3,3.0,10.741413275257747,0.6
screw,thread_top/009.png,N_R_all,3,3.3333333333333335,5.441727456474183,0.5333333333333333
screw,thread_top/009.png,N_R_far,3,3.0,6.21351377844996,0.5333333333333333
screw,thread_top/010.png,D,12,2.4166666666666665,4.282598100151659,0.6166666666666666
screw,thread_top/010.png,N_H,9,2.5555555555555554,7.816401321577309,0.6111111111111112
screw,thread_top/010.png,N_R_all,9,2.4444444444444446,4.829295055366133,0.5666666666666667
screw,thread_top/010.png,N_R_far,9,2.2222222222222223,5.402636073216957,0.6888888888888889
screw,thread_top/011.png,D,11,2.6363636363636362,4.170351377806458,0.6272727272727273
screw,thread_top/011.png,N_H,3,3.0,5.635600021562521,0.5666666666666668
screw,thread_top/011.png,N_R_all,3,2.3333333333333335,4.363583442502398,0.6333333333333333
screw,thread_top/011.png,N_R_far,3,2.0,2.92585740488702,0.5666666666666667
screw,thread_top/012.png,D,4,1.5,5.652931452836638,0.85
screw,thread_top/012.png,N_H,6,2.5,6.961771996161803,0.6999999999999998
screw,thread_top/012.png,N_R_all,6,2.6666666666666665,5.084024765898858,0.7166666666666668
screw,thread_top/012.png,N_R_far,6,2.3333333333333335,7.001198401077147,0.7666666666666666
screw,thread_top/013.png,D,5,1.2,4.029777817186778,0.9800000000000001
screw,thread_top/013.png,N_H,7,2.4285714285714284,4.527422055008801,0.7285714285714285
screw,thread_top/013.png,N_R_all,7,1.8571428571428572,4.606533299984922,0.8142857142857143
screw,thread_top/013.png,N_R_far,7,1.7142857142857142,3.6646532776642995,0.8285714285714286
screw,thread_top/014.png,D,10,2.6,4.206455185588118,0.5900000000000001
screw,thread_top/014.png,N_H,10,2.4,7.376908149096586,0.74
screw,thread_top/014.png,N_R_all,10,2.5,5.798655422435503,0.6199999999999999
screw,thread_top/014.png,N_R_far,10,2.6,6.367785290241913,0.59
screw,thread_top/015.png,D,6,3.6666666666666665,4.109740716682601,0.4666666666666666
screw,thread_top/015.png,N_H,7,3.142857142857143,8.59293302483512,0.6
screw,thread_top/015.png,N_R_all,7,3.142857142857143,4.19746867220178,0.5285714285714286
screw,thread_top/015.png,N_R_far,7,3.142857142857143,6.452043611450869,0.6142857142857144
screw,thread_top/016.png,D,9,1.0,3.0754762175274664,1.0
screw,thread_top/016.png,N_H,8,2.25,8.479318128292272,0.6499999999999999
screw,thread_top/016.png,N_R_all,8,1.875,4.233187044434312,0.8375
screw,thread_top/016.png,N_R_far,8,1.875,6.1463808685439805,0.8
screw,thread_top/017.png,D,3,1.6666666666666667,3.9964370744624227,0.8333333333333334
screw,thread_top/017.png,N_H,6,2.3333333333333335,5.839994036364984,0.7000000000000001
screw,thread_top/017.png,N_R_all,6,2.3333333333333335,4.764712146170973,0.5833333333333334
screw,thread_top/017.png,N_R_far,6,2.5,4.113936321773465,0.6666666666666666
screw,thread_top/018.png,D,10,2.6,3.216392552880228,0.6500000000000001
screw,thread_top/018.png,N_H,4,2.75,9.841073784032936,0.44999999999999996
screw,thread_top/018.png,N_R_all,4,3.25,5.718940355233167,0.525
screw,thread_top/018.png,N_R_far,4,3.0,3.0761684262625897,0.575
screw,thread_top/019.png,D,12,1.3333333333333333,4.873497018437806,0.9500000000000001
screw,thread_top/019.png,N_H,1,4.0,8.08993159423004,0.5
screw,thread_top/019.png,N_R_all,1,4.0,12.801817428249109,0.4
screw,thread_top/019.png,N_R_far,1,2.0,6.326500271715631,0.8
screw,thread_top/020.png,D,11,2.3636363636363638,5.071880599769071,0.7454545454545454
screw,thread_top/020.png,N_H,2,2.5,9.866556741588287,0.7
screw,thread_top/020.png,N_R_all,2,1.5,3.4241969487913204,0.8
screw,thread_top/020.png,N_R_far,2,1.0,2.8517934725225187,1.0
screw,thread_top/021.png,D,8,2.875,6.265710335601973,0.55
screw,thread_top/021.png,N_H,4,2.75,13.942107384419591,0.575
screw,thread_top/021.png,N_R_all,4,3.0,4.20716071546719,0.525
screw,thread_top/021.png,N_R_far,4,3.25,8.167118099205723,0.525
screw,thread_top/022.png,D,9,2.6666666666666665,5.790499052739791,0.5222222222222221
screw,thread_top/022.png,N_H,7,3.4285714285714284,5.225375894639292,0.45714285714285713
screw,thread_top/022.png,N_R_all,7,2.4285714285714284,4.3551007859888635,0.6285714285714287
screw,thread_top/022.png,N_R_far,7,2.4285714285714284,4.627519630235246,0.6857142857142857
cable,cable_swap/000.png,D,89,3.146067415730337,5.31334716562149,0.5157303370786517
cable,cable_swap/000.png,N_H,1,4.0,7.959544531877546,0.4
cable,cable_swap/000.png,N_R_all,1,3.0,4.916104300052575,0.5
cable,cable_swap/000.png,N_R_far,1,4.0,8.179572651269128,0.4
cable,cable_swap/001.png,D,81,2.888888888888889,6.215431466094393,0.5901234567901235
cable,cable_swap/001.png,N_H,3,3.3333333333333335,12.082406388858743,0.5666666666666667
cable,cable_swap/001.png,N_R_all,3,3.6666666666666665,4.8555643418553425,0.4666666666666666
cable,cable_swap/001.png,N_R_far,3,2.6666666666666665,3.840252454225974,0.5666666666666667
cable,cable_swap/002.png,D,74,2.5135135135135136,6.146932588825095,0.6391891891891892
cable,cable_swap/002.png,N_H,4,3.5,9.730983730622551,0.5
cable,cable_swap/002.png,N_R_all,4,4.0,4.695899603930935,0.42500000000000004
cable,cable_swap/002.png,N_R_far,4,3.0,5.596179381341627,0.5
cable,cable_swap/003.png,D,75,2.72,5.995510745364683,0.5906666666666667
cable,cable_swap/003.png,N_H,5,2.6,10.315852106587228,0.54
cable,cable_swap/003.png,N_R_all,5,3.0,3.8582613035849214,0.56
cable,cable_swap/003.png,N_R_far,5,2.8,5.344219373393105,0.58
cable,cable_swap/004.png,D,75,2.6266666666666665,5.588305644773044,0.6093333333333334
cable,cable_swap/004.png,N_H,7,3.5714285714285716,24.71543107089755,0.5142857142857143
cable,cable_swap/004.png,N_R_all,7,2.7142857142857144,5.422795260685915,0.5571428571428572
cable,cable_swap/004.png,N_R_far,7,2.857142857142857,9.264022024383767,0.557142857142857
cable,cable_swap/005.png,D,81,2.814814814814815,5.7938061384913055,0.5814814814814815
cable,cable_swap/005.png,N_H,5,3.8,7.68417736333632,0.56
cable,cable_swap/005.png,N_R_all,5,2.6,5.206365741576171,0.62
cable,cable_swap/005.png,N_R_far,5,3.0,5.068397200796106,0.54
cable,cable_swap/006.png,D,87,2.6551724137931036,5.279085649365932,0.6482758620689656
cable,cable_swap/006.png,N_H,1,4.0,8.744085139058507,0.3
cable,cable_swap/006.png,N_R_all,1,4.0,3.180350850198276,0.4
cable,cable_swap/006.png,N_R_far,1,3.0,5.689502264264685,0.6
cable,cable_swap/007.png,D,81,3.3333333333333335,5.23208969474746,0.5172839506172839
cable,cable_swap/007.png,N_H,6,3.5,13.790333604297729,0.48333333333333334
cable,cable_swap/007.png,N_R_all,6,3.1666666666666665,6.31755075946768,0.5
cable,cable_swap/007.png,N_R_far,6,3.5,4.80094650309978,0.43333333333333335
cable,cable_swap/008.png,D,81,2.493827160493827,6.9028183264228105,0.6679012345679013
cable,cable_swap/008.png,N_H,1,3.0,8.259654024735367,0.5
cable,cable_swap/008.png,N_R_all,1,3.0,3.035477149032877,0.6
cable,cable_swap/008.png,N_R_far,1,3.0,5.700490849037891,0.6
cable,cable_swap/009.png,D,74,2.9594594594594597,5.725710755264738,0.5675675675675674
cable,cable_swap/009.png,N_H,5,3.2,23.302996126204295,0.6
cable,cable_swap/009.png,N_R_all,5,3.2,6.944473692861242,0.56
cable,cable_swap/009.png,N_R_far,5,2.8,6.136847047056085,0.5599999999999999
cable,cable_swap/010.png,D,76,2.3421052631578947,6.028014245932895,0.6947368421052632
cable,cable_swap/010.png,N_H,7,3.7142857142857144,10.684135048217902,0.42857142857142855
cable,cable_swap/010.png,N_R_all,7,3.0,5.829409970099393,0.5857142857142856
cable,cable_swap/010.png,N_R_far,7,2.857142857142857,9.526517054132004,0.6
cable,cable_swap/011.png,D,71,2.971830985915493,5.922048913851715,0.5718309859154929
cable,cable_swap/011.png,N_H,4,3.75,9.230223600060683,0.475
cable,cable_swap/011.png,N_R_all,4,3.25,6.770031764488424,0.525
cable,cable_swap/011.png,N_R_far,4,3.0,9.358898086705834,0.6000000000000001
cable,combined/004.png,D,76,2.6973684210526314,5.668416797023187,0.6328947368421054
cable,combined/004.png,N_H,1,3.0,12.534621028845347,0.6
cable,combined/004.png,N_R_all,1,1.0,5.488789208035885,1.0
cable,combined/004.png,N_R_far,1,1.0,3.751239080943434,1.0
cable,cut_inner_insulation/005.png,D,40,2.175,4.117096567365541,0.7074999999999999
cable,cut_inner_insulation/005.png,N_H,1,3.0,7.344911821864598,0.4
cable,cut_inner_insulation/005.png,N_R_all,1,2.0,4.694258713429947,0.8
cable,cut_inner_insulation/005.png,N_R_far,1,2.0,4.329485772882628,0.5
cable,cut_inner_insulation/010.png,D,44,1.75,3.903753001981086,0.85
cable,cut_inner_insulation/010.png,N_H,1,4.0,19.8409018344678,0.4
cable,cut_inner_insulation/010.png,N_R_all,1,4.0,2.3712315177207977,0.4
cable,cut_inner_insulation/010.png,N_R_far,1,4.0,1.8547236990991407,0.4
cable,cut_outer_insulation/002.png,D,22,3.1363636363636362,8.285767574570084,0.5227272727272728
cable,cut_outer_insulation/002.png,N_H,2,2.5,9.851793526850262,0.6499999999999999
cable,cut_outer_insulation/002.png,N_R_all,2,2.5,9.917758128808693,0.55
cable,cut_outer_insulation/002.png,N_R_far,2,3.0,4.995521319357863,0.55
cable,cut_outer_insulation/003.png,D,12,3.5,9.635838478246283,0.4583333333333333
cable,cut_outer_insulation/003.png,N_H,2,3.5,6.601988485413268,0.5
cable,cut_outer_insulation/003.png,N_R_all,2,3.0,4.936980192399694,0.55
cable,cut_outer_insulation/003.png,N_R_far,2,3.0,4.796215477276725,0.6
cable,cut_outer_insulation/004.png,D,45,3.4,5.641331222251733,0.4933333333333334
cable,cut_outer_insulation/004.png,N_H,1,3.0,7.722470719209049,0.7
cable,cut_outer_insulation/004.png,N_R_all,1,1.0,5.667936070268894,1.0
cable,cut_outer_insulation/004.png,N_R_far,1,3.0,3.857444592831595,0.7
cable,cut_outer_insulation/006.png,D,18,3.5,8.350180040034987,0.5444444444444445
cable,cut_outer_insulation/006.png,N_H,1,4.0,13.854582124778263,0.5
cable,cut_outer_insulation/006.png,N_R_all,1,3.0,6.361463499121933,0.6
cable,cut_outer_insulation/006.png,N_R_far,1,4.0,3.7608076696567463,0.5
cable,missing_wire/000.png,D,31,1.2580645161290323,6.716472528978155,0.967741935483871
cable,missing_wire/000.png,N_H,5,3.4,7.858997144856057,0.62
cable,missing_wire/000.png,N_R_all,5,2.6,6.240473796246386,0.6
cable,missing_wire/000.png,N_R_far,5,2.4,5.54357987763654,0.7
cable,missing_wire/002.png,D,23,2.217391304347826,3.8552033247043638,0.6173913043478261
cable,missing_wire/002.png,N_H,1,4.0,8.846888223409556,0.4
cable,missing_wire/002.png,N_R_all,1,3.0,2.7973665961010274,0.6
cable,missing_wire/002.png,N_R_far,1,2.0,10.004609309992592,0.6
cable,missing_wire/006.png,D,25,1.24,6.363488932748255,0.9719999999999999
cable,missing_wire/006.png,N_H,1,3.0,6.524099870362662,0.6
cable,missing_wire/006.png,N_R_all,1,4.0,4.360782720793013,0.5
cable,missing_wire/006.png,N_R_far,1,3.0,6.325896629276308,0.4
cable,missing_wire/008.png,D,26,1.1538461538461537,5.2387643064953044,0.9807692307692307
cable,missing_wire/008.png,N_H,4,3.0,15.646044242952856,0.6499999999999999
cable,missing_wire/008.png,N_R_all,4,3.0,7.540115307441749,0.575
cable,missing_wire/008.png,N_R_far,4,3.0,5.526499160358615,0.6
cable,poke_insulation/000.png,D,12,3.5833333333333335,7.163257850748763,0.42500000000000004
cable,poke_insulation/000.png,N_H,1,4.0,5.433508037639434,0.6
cable,poke_insulation/000.png,N_R_all,1,3.0,4.911184331767753,0.5
cable,poke_insulation/000.png,N_R_far,1,3.0,4.106742410125364,0.5
cable,poke_insulation/002.png,D,3,3.6666666666666665,11.837344354820358,0.6333333333333334
cable,poke_insulation/002.png,N_H,5,3.2,12.930177050326872,0.58
cable,poke_insulation/002.png,N_R_all,5,2.8,5.687826405329536,0.62
cable,poke_insulation/002.png,N_R_far,5,3.2,5.028547933132564,0.58
cable,poke_insulation/005.png,D,19,3.0,4.132763113269533,0.5421052631578948
cable,poke_insulation/005.png,N_H,1,4.0,16.690479895735344,0.4
cable,poke_insulation/005.png,N_R_all,1,4.0,2.2681944833532555,0.4
cable,poke_insulation/005.png,N_R_far,1,2.0,3.713906261172774,0.7
bottle,broken_small/008.png,D,28,3.1785714285714284,10.707094810285096,0.5642857142857143
bottle,broken_small/008.png,N_H,3,3.3333333333333335,13.21354694115915,0.5333333333333333
bottle,broken_small/008.png,N_R_all,3,3.6666666666666665,1.7511000134621393,0.43333333333333335
bottle,broken_small/008.png,N_R_far,3,4.0,2.5023040504643608,0.3333333333333333
bottle,broken_small/015.png,D,24,2.8333333333333335,9.414811195599919,0.6124999999999999
bottle,broken_small/015.png,N_H,1,3.0,12.998315738444294,0.4
bottle,broken_small/015.png,N_R_all,1,4.0,1.2328542387370673,0.3
bottle,broken_small/015.png,N_R_far,1,4.0,3.778072486884499,0.3
macaroni2,bad/000.JPG,D,3,3.3333333333333335,17.22263608861333,0.5333333333333333
macaroni2,bad/000.JPG,N_H,11,2.6363636363636362,10.344558203075861,0.5909090909090909
macaroni2,bad/000.JPG,N_R_all,11,3.1818181818181817,7.202139547309873,0.5727272727272728
macaroni2,bad/000.JPG,N_R_far,11,3.3636363636363638,6.261658851619168,0.5272727272727272
macaroni2,bad/001.JPG,D,2,3.5,11.524654582121592,0.4
macaroni2,bad/001.JPG,N_H,11,2.3636363636363638,10.96315637785132,0.7181818181818183
macaroni2,bad/001.JPG,N_R_all,11,3.090909090909091,5.939742576423317,0.5272727272727272
macaroni2,bad/001.JPG,N_R_far,11,3.0,4.31146805853686,0.5818181818181818
macaroni2,bad/002.JPG,D,3,3.6666666666666665,14.049360080421557,0.6
macaroni2,bad/002.JPG,N_H,10,3.0,18.697738920917352,0.61
macaroni2,bad/002.JPG,N_R_all,10,3.2,7.28694524396487,0.5399999999999999
macaroni2,bad/002.JPG,N_R_far,10,2.6,5.6311907861827,0.69
macaroni2,bad/003.JPG,D,1,4.0,15.874007519563985,0.5
macaroni2,bad/003.JPG,N_H,15,3.466666666666667,10.591199220426349,0.4866666666666667
macaroni2,bad/003.JPG,N_R_all,15,3.1333333333333333,5.705316639027301,0.5466666666666666
macaroni2,bad/003.JPG,N_R_far,15,3.2,6.795377944212654,0.5533333333333333
macaroni2,bad/004.JPG,D,3,3.0,15.083442744210203,0.6666666666666666
macaroni2,bad/004.JPG,N_H,10,3.2,13.660227338252335,0.53
macaroni2,bad/004.JPG,N_R_all,10,2.3,5.349484294786415,0.66
macaroni2,bad/004.JPG,N_R_far,10,2.6,4.1943516204760565,0.6799999999999999
macaroni2,bad/005.JPG,D,2,4.0,16.006057052551633,0.4
macaroni2,bad/005.JPG,N_H,11,3.4545454545454546,8.765952330332489,0.5181818181818181
macaroni2,bad/005.JPG,N_R_all,11,3.090909090909091,5.17872516914846,0.49090909090909096
macaroni2,bad/005.JPG,N_R_far,11,3.272727272727273,4.879942683602761,0.5363636363636364
macaroni2,bad/006.JPG,D,4,3.75,11.768232849487267,0.475
macaroni2,bad/006.JPG,N_H,12,2.9166666666666665,11.074653629852383,0.5583333333333335
macaroni2,bad/006.JPG,N_R_all,12,2.9166666666666665,5.968780984004848,0.5166666666666666
macaroni2,bad/006.JPG,N_R_far,12,3.0833333333333335,5.095542183190662,0.5583333333333333
macaroni2,bad/007.JPG,D,2,4.0,11.69376724224237,0.5
macaroni2,bad/007.JPG,N_H,8,3.75,8.009417868151566,0.4375
macaroni2,bad/007.JPG,N_R_all,8,2.875,4.705520731796314,0.5249999999999999
macaroni2,bad/007.JPG,N_R_far,8,3.25,5.3976918478539835,0.45
macaroni2,bad/008.JPG,D,2,3.5,12.317571599777027,0.55
macaroni2,bad/008.JPG,N_H,8,3.0,9.363782736091832,0.525
macaroni2,bad/008.JPG,N_R_all,8,3.25,3.4618922330125548,0.5125
macaroni2,bad/008.JPG,N_R_far,8,2.75,4.609687105294771,0.625
macaroni2,bad/009.JPG,D,4,3.5,12.917938857965524,0.5499999999999999
macaroni2,bad/009.JPG,N_H,10,3.0,9.172784664124615,0.53
macaroni2,bad/009.JPG,N_R_all,10,3.6,5.699296166380786,0.42000000000000004
macaroni2,bad/009.JPG,N_R_far,10,3.5,5.979077221301145,0.43999999999999995
macaroni2,bad/010.JPG,D,2,3.5,11.703660716556225,0.5
macaroni2,bad/010.JPG,N_H,10,3.4,11.091759057713626,0.51
macaroni2,bad/010.JPG,N_R_all,10,3.0,8.129351028573051,0.54
macaroni2,bad/010.JPG,N_R_far,10,3.4,7.115206276293984,0.47000000000000003
macaroni2,bad/011.JPG,D,1,3.0,21.056955271253333,0.8
macaroni2,bad/011.JPG,N_H,13,3.3846153846153846,8.566403442132174,0.47692307692307695
macaroni2,bad/011.JPG,N_R_all,13,3.230769230769231,5.442656919231169,0.5
macaroni2,bad/011.JPG,N_R_far,13,3.3846153846153846,5.595944844094522,0.5000000000000001
macaroni2,bad/012.JPG,D,1,3.0,10.675425933249617,0.5
macaroni2,bad/012.JPG,N_H,12,3.1666666666666665,9.699449129416992,0.5416666666666666
macaroni2,bad/012.JPG,N_R_all,12,3.4166666666666665,7.221872379800506,0.5083333333333334
macaroni2,bad/012.JPG,N_R_far,12,3.25,4.745438919388421,0.5
macaroni2,bad/013.JPG,D,1,4.0,15.667770358922574,0.4
macaroni2,bad/013.JPG,N_H,13,3.1538461538461537,11.12635610310981,0.5384615384615384
macaroni2,bad/013.JPG,N_R_all,13,3.230769230769231,8.312750807963614,0.4538461538461538
macaroni2,bad/013.JPG,N_R_far,13,3.1538461538461537,7.020018155151529,0.49999999999999994
macaroni2,bad/014.JPG,D,2,4.0,13.121479725013252,0.6
macaroni2,bad/014.JPG,N_H,12,3.75,8.67884064531617,0.4916666666666667
macaroni2,bad/014.JPG,N_R_all,12,3.1666666666666665,6.577219205185628,0.525
macaroni2,bad/014.JPG,N_R_far,12,2.75,6.636087008176947,0.6416666666666667
macaroni2,bad/015.JPG,D,1,3.0,17.577275851805872,0.7
macaroni2,bad/015.JPG,N_H,13,3.3076923076923075,8.765218990472578,0.5384615384615384
macaroni2,bad/015.JPG,N_R_all,13,3.3076923076923075,7.3953011015422785,0.5307692307692308
macaroni2,bad/015.JPG,N_R_far,13,2.923076923076923,6.209395434685062,0.5692307692307692
macaroni2,bad/016.JPG,D,1,3.0,12.926471521954431,0.5
macaroni2,bad/016.JPG,N_H,14,3.2142857142857144,10.899541153915862,0.5928571428571429
macaroni2,bad/016.JPG,N_R_all,14,3.0714285714285716,4.759175754801705,0.5714285714285714
macaroni2,bad/016.JPG,N_R_far,14,2.857142857142857,5.496746996334094,0.5071428571428572
macaroni2,bad/017.JPG,D,2,3.0,13.206307207775566,0.5
macaroni2,bad/017.JPG,N_H,11,3.1818181818181817,10.907128189357573,0.5
macaroni2,bad/017.JPG,N_R_all,11,3.0,4.941084293657733,0.5363636363636364
macaroni2,bad/017.JPG,N_R_far,11,3.1818181818181817,5.104008668688943,0.5000000000000001
macaroni2,bad/018.JPG,D,1,4.0,14.116650165000324,0.3
macaroni2,bad/018.JPG,N_H,13,3.230769230769231,9.685214500121766,0.5153846153846154
macaroni2,bad/018.JPG,N_R_all,13,2.8461538461538463,5.144042394554047,0.5538461538461539
macaroni2,bad/018.JPG,N_R_far,13,2.769230769230769,5.337695097619777,0.5846153846153846
macaroni2,bad/019.JPG,D,2,3.0,20.09054920721891,0.45
macaroni2,bad/019.JPG,N_H,13,2.923076923076923,8.772277178736939,0.6076923076923076
macaroni2,bad/019.JPG,N_R_all,13,3.076923076923077,4.563491886701555,0.5384615384615385
macaroni2,bad/019.JPG,N_R_far,13,2.4615384615384617,5.591036709494473,0.6923076923076923
macaroni2,bad/020.JPG,D,1,3.0,10.05421766825733,0.6
macaroni2,bad/020.JPG,N_H,13,3.6153846153846154,10.167180567181742,0.46153846153846156
macaroni2,bad/020.JPG,N_R_all,13,2.923076923076923,7.385793809942222,0.5384615384615385
macaroni2,bad/020.JPG,N_R_far,13,2.923076923076923,5.345601872951547,0.5384615384615384
macaroni2,bad/021.JPG,D,1,4.0,11.959794102977536,0.4
macaroni2,bad/021.JPG,N_H,14,3.142857142857143,9.615197783681667,0.5857142857142856
macaroni2,bad/021.JPG,N_R_all,14,3.4285714285714284,7.093537545857596,0.4428571428571429
macaroni2,bad/021.JPG,N_R_far,14,2.9285714285714284,5.962365986685676,0.55
macaroni2,bad/022.JPG,D,2,4.0,13.416219168876047,0.5
macaroni2,bad/022.JPG,N_H,13,3.3076923076923075,10.369050939397356,0.5076923076923078
macaroni2,bad/022.JPG,N_R_all,13,2.8461538461538463,5.56155796473872,0.5923076923076923
macaroni2,bad/022.JPG,N_R_far,13,3.076923076923077,6.811381753481717,0.5846153846153845
macaroni2,bad/023.JPG,D,2,4.0,12.11870766156305,0.5
macaroni2,bad/023.JPG,N_H,13,3.0,13.193833093516178,0.5307692307692308
macaroni2,bad/023.JPG,N_R_all,13,3.3846153846153846,5.294513634788264,0.49230769230769234
macaroni2,bad/023.JPG,N_R_far,13,2.769230769230769,4.84535803191398,0.6307692307692307
macaroni2,bad/024.JPG,D,2,3.0,7.840294875858222,0.5
macaroni2,bad/024.JPG,N_H,12,3.1666666666666665,8.847749935148283,0.5416666666666666
macaroni2,bad/024.JPG,N_R_all,12,3.3333333333333335,5.637710575826248,0.5
macaroni2,bad/024.JPG,N_R_far,12,2.8333333333333335,5.686193108292273,0.5583333333333333
macaroni2,bad/025.JPG,D,1,3.0,15.182843125793688,0.4
macaroni2,bad/025.JPG,N_H,13,3.6153846153846154,10.382444789517118,0.4692307692307693
macaroni2,bad/025.JPG,N_R_all,13,3.0,4.865438245335715,0.46923076923076934
macaroni2,bad/025.JPG,N_R_far,13,2.6923076923076925,5.807498333078962,0.6230769230769232
macaroni2,bad/026.JPG,D,1,4.0,12.118707661563052,0.5
macaroni2,bad/026.JPG,N_H,13,3.3846153846153846,10.711939927950892,0.49230769230769234
macaroni2,bad/026.JPG,N_R_all,13,3.1538461538461537,6.366356992930681,0.5230769230769231
macaroni2,bad/026.JPG,N_R_far,13,3.1538461538461537,8.210684060069303,0.45384615384615395
macaroni2,bad/027.JPG,D,1,4.0,16.58808519106486,0.4
macaroni2,bad/027.JPG,N_H,14,3.2142857142857144,10.048022531346584,0.48571428571428577
macaroni2,bad/027.JPG,N_R_all,14,3.2857142857142856,5.33849206368734,0.5071428571428572
macaroni2,bad/027.JPG,N_R_far,14,2.7142857142857144,5.339991661128695,0.6214285714285713
macaroni2,bad/028.JPG,D,2,4.0,15.096339114003063,0.4
macaroni2,bad/028.JPG,N_H,13,3.076923076923077,9.475782459129682,0.5307692307692308
macaroni2,bad/028.JPG,N_R_all,13,3.0,6.186055570590483,0.5615384615384615
macaroni2,bad/028.JPG,N_R_far,13,3.1538461538461537,6.330487329481854,0.49230769230769234
macaroni2,bad/029.JPG,D,2,4.0,13.864291621435711,0.55
macaroni2,bad/029.JPG,N_H,12,3.0833333333333335,9.854529805074128,0.5333333333333333
macaroni2,bad/029.JPG,N_R_all,12,3.3333333333333335,6.827264887903904,0.5416666666666666
macaroni2,bad/029.JPG,N_R_far,12,3.0,6.813392594615642,0.525
macaroni2,bad/030.JPG,D,1,3.0,15.438738233458972,0.5
macaroni2,bad/030.JPG,N_H,15,2.8666666666666667,17.679493238236738,0.6666666666666665
macaroni2,bad/030.JPG,N_R_all,15,3.2666666666666666,7.200335558615437,0.4866666666666667
macaroni2,bad/030.JPG,N_R_far,15,3.1333333333333333,6.5741762109298385,0.5666666666666667
macaroni2,bad/032.JPG,D,1,3.0,18.730433660002916,0.5
macaroni2,bad/032.JPG,N_H,11,3.5454545454545454,12.25630320893265,0.4818181818181818
macaroni2,bad/032.JPG,N_R_all,11,3.090909090909091,6.79615054615636,0.5181818181818182
macaroni2,bad/032.JPG,N_R_far,11,3.3636363636363638,4.9953127298541995,0.49090909090909085
macaroni2,bad/033.JPG,D,1,3.0,15.576464389196143,0.5
macaroni2,bad/033.JPG,N_H,15,3.466666666666667,18.45551600362207,0.52
macaroni2,bad/033.JPG,N_R_all,15,3.2,6.489990885877869,0.5600000000000002
macaroni2,bad/033.JPG,N_R_far,15,3.2666666666666666,5.900979856400659,0.5
macaroni2,bad/034.JPG,D,1,3.0,18.542650154310873,0.5
macaroni2,bad/034.JPG,N_H,14,2.7857142857142856,11.739825989153276,0.6571428571428571
macaroni2,bad/034.JPG,N_R_all,14,2.857142857142857,4.726407935679651,0.5571428571428572
macaroni2,bad/034.JPG,N_R_far,14,3.4285714285714284,6.692089387179292,0.5000000000000001
macaroni2,bad/035.JPG,D,2,3.5,18.8504505904678,0.45
macaroni2,bad/035.JPG,N_H,11,3.3636363636363638,9.705864088099112,0.4727272727272727
macaroni2,bad/035.JPG,N_R_all,11,2.4545454545454546,4.837005711262678,0.6181818181818182
macaroni2,bad/035.JPG,N_R_far,11,3.272727272727273,5.305692717462953,0.5181818181818182
macaroni2,bad/036.JPG,D,2,4.0,18.586600109914666,0.5
macaroni2,bad/036.JPG,N_H,13,3.076923076923077,9.866594049296301,0.5230769230769231
macaroni2,bad/036.JPG,N_R_all,13,3.230769230769231,6.216343609415625,0.476923076923077
macaroni2,bad/036.JPG,N_R_far,13,3.076923076923077,5.401777243359806,0.5384615384615384
macaroni2,bad/037.JPG,D,1,4.0,20.964216409504708,0.5
macaroni2,bad/037.JPG,N_H,10,3.6,11.820866175246916,0.48999999999999994
macaroni2,bad/037.JPG,N_R_all,10,3.2,4.734172519040017,0.51
macaroni2,bad/037.JPG,N_R_far,10,3.0,5.7095127106277355,0.5800000000000001
macaroni2,bad/038.JPG,D,1,4.0,14.378539034083145,0.5
macaroni2,bad/038.JPG,N_H,13,2.3076923076923075,10.106769873328563,0.7153846153846154
macaroni2,bad/038.JPG,N_R_all,13,3.0,5.555868176879708,0.5692307692307692
macaroni2,bad/038.JPG,N_R_far,13,3.1538461538461537,5.136798919640524,0.5538461538461538
macaroni2,bad/039.JPG,D,2,3.5,15.446582894405255,0.45
macaroni2,bad/039.JPG,N_H,12,3.4166666666666665,12.299128392335755,0.46666666666666673
macaroni2,bad/039.JPG,N_R_all,12,3.25,5.048071105431528,0.5416666666666666
macaroni2,bad/039.JPG,N_R_far,12,3.1666666666666665,4.483660934538319,0.5083333333333334
macaroni2,bad/040.JPG,D,1,3.0,17.419652618596793,0.4
macaroni2,bad/040.JPG,N_H,12,3.4166666666666665,10.018160858217083,0.525
macaroni2,bad/040.JPG,N_R_all,12,3.25,4.603995835354921,0.5083333333333334
macaroni2,bad/040.JPG,N_R_far,12,3.3333333333333335,5.070567352608774,0.5
macaroni2,bad/041.JPG,D,2,3.0,8.909251770416017,0.6
macaroni2,bad/041.JPG,N_H,12,3.3333333333333335,9.1266956296423,0.4416666666666667
macaroni2,bad/041.JPG,N_R_all,12,2.9166666666666665,5.673072313693578,0.5249999999999999
macaroni2,bad/041.JPG,N_R_far,12,3.0,5.247380044366396,0.5583333333333333
macaroni2,bad/042.JPG,D,4,3.25,15.848455038324744,0.55
macaroni2,bad/042.JPG,N_H,10,3.7,11.438945704689448,0.43
macaroni2,bad/042.JPG,N_R_all,10,2.7,4.985562232436221,0.6300000000000001
macaroni2,bad/042.JPG,N_R_far,10,3.3,7.263913154065787,0.52
macaroni2,bad/043.JPG,D,2,3.0,13.887715552473713,0.55
macaroni2,bad/043.JPG,N_H,13,2.4615384615384617,11.673067814227844,0.676923076923077
macaroni2,bad/043.JPG,N_R_all,13,3.076923076923077,7.177486953248147,0.6230769230769231
macaroni2,bad/043.JPG,N_R_far,13,2.923076923076923,4.7810797630817445,0.5769230769230769
macaroni2,bad/045.JPG,D,1,3.0,11.739156996026823,0.6
macaroni2,bad/045.JPG,N_H,11,2.727272727272727,7.994131022119163,0.6818181818181818
macaroni2,bad/045.JPG,N_R_all,11,3.1818181818181817,5.595200357198604,0.5454545454545454
macaroni2,bad/045.JPG,N_R_far,11,3.0,6.613884071624653,0.5727272727272728
macaroni2,bad/046.JPG,D,6,3.1666666666666665,16.351893519161052,0.4166666666666667
macaroni2,bad/046.JPG,N_H,11,2.6363636363636362,9.642736187634455,0.6636363636363636
macaroni2,bad/046.JPG,N_R_all,11,2.909090909090909,5.898090868596446,0.5818181818181819
macaroni2,bad/046.JPG,N_R_far,11,2.909090909090909,6.840393490813506,0.5909090909090908
macaroni2,bad/047.JPG,D,2,3.5,17.871532604185674,0.45
macaroni2,bad/047.JPG,N_H,12,3.6666666666666665,6.858337177165162,0.4916666666666667
macaroni2,bad/047.JPG,N_R_all,12,2.8333333333333335,4.536795735335566,0.575
macaroni2,bad/047.JPG,N_R_far,12,2.6666666666666665,5.8998929704278185,0.5916666666666667
macaroni2,bad/048.JPG,D,6,3.6666666666666665,7.571769464634602,0.48333333333333334
macaroni2,bad/048.JPG,N_H,14,3.2857142857142856,8.63802323946128,0.4857142857142857
macaroni2,bad/048.JPG,N_R_all,14,3.2142857142857144,6.035258252877346,0.5142857142857143
macaroni2,bad/048.JPG,N_R_far,14,3.5714285714285716,6.01474856170705,0.4428571428571429
macaroni2,bad/049.JPG,D,6,2.3333333333333335,12.261810579378322,0.7833333333333332
macaroni2,bad/049.JPG,N_H,14,2.357142857142857,12.403053404998916,0.7285714285714286
macaroni2,bad/049.JPG,N_R_all,14,3.2142857142857144,5.496168330772351,0.5214285714285715
macaroni2,bad/049.JPG,N_R_far,14,3.357142857142857,5.08973697250305,0.47857142857142865
macaroni2,bad/050.JPG,D,1,3.0,8.947633573150636,0.5
macaroni2,bad/050.JPG,N_H,12,3.75,12.766230551341309,0.4583333333333333
macaroni2,bad/050.JPG,N_R_all,12,3.1666666666666665,5.793977042356139,0.4750000000000001
macaroni2,bad/050.JPG,N_R_far,12,3.1666666666666665,6.335523756191782,0.5000000000000001
macaroni2,bad/051.JPG,D,1,3.0,18.58562696162082,0.5
macaroni2,bad/051.JPG,N_H,11,3.1818181818181817,10.821935523635597,0.5454545454545454
macaroni2,bad/051.JPG,N_R_all,11,2.727272727272727,6.4301566075071435,0.5181818181818182
macaroni2,bad/051.JPG,N_R_far,11,2.909090909090909,5.1637357457246145,0.6454545454545454
macaroni2,bad/052.JPG,D,4,3.5,13.100068013121748,0.525
macaroni2,bad/052.JPG,N_H,15,3.4,9.902998598049102,0.5066666666666667
macaroni2,bad/052.JPG,N_R_all,15,3.4,7.2496673386009665,0.5066666666666666
macaroni2,bad/052.JPG,N_R_far,15,3.066666666666667,5.257520427112717,0.5466666666666667
macaroni2,bad/053.JPG,D,3,3.6666666666666665,12.037722963640947,0.4666666666666666
macaroni2,bad/053.JPG,N_H,14,3.0714285714285716,8.565799532426647,0.5428571428571428
macaroni2,bad/053.JPG,N_R_all,14,3.357142857142857,6.967160453833606,0.4785714285714286
macaroni2,bad/053.JPG,N_R_far,14,3.4285714285714284,6.199998305299348,0.4714285714285715
macaroni2,bad/054.JPG,D,5,3.4,10.1286349781727,0.48
macaroni2,bad/054.JPG,N_H,13,2.923076923076923,9.411713774620093,0.6153846153846154
macaroni2,bad/054.JPG,N_R_all,13,2.923076923076923,5.846093469431627,0.5615384615384615
macaroni2,bad/054.JPG,N_R_far,13,2.8461538461538463,4.604533185919551,0.5769230769230769
macaroni2,bad/055.JPG,D,3,3.0,15.177301965674625,0.6666666666666666
macaroni2,bad/055.JPG,N_H,14,2.7857142857142856,11.04817269637354,0.5857142857142857
macaroni2,bad/055.JPG,N_R_all,14,2.857142857142857,5.061120628242105,0.5785714285714285
macaroni2,bad/055.JPG,N_R_far,14,3.2142857142857144,5.858755423270884,0.55
macaroni2,bad/056.JPG,D,3,3.3333333333333335,11.240168565357976,0.4666666666666666
macaroni2,bad/056.JPG,N_H,15,2.7333333333333334,8.311329467923802,0.62
macaroni2,bad/056.JPG,N_R_all,15,3.2666666666666666,4.952889473904657,0.5266666666666666
macaroni2,bad/056.JPG,N_R_far,15,3.1333333333333333,6.362122326566098,0.58
macaroni2,bad/057.JPG,D,4,4.0,9.796549268647674,0.375
macaroni2,bad/057.JPG,N_H,14,3.0,9.996071311875612,0.5714285714285714
macaroni2,bad/057.JPG,N_R_all,14,3.2142857142857144,6.480454494679181,0.5428571428571428
macaroni2,bad/057.JPG,N_R_far,14,3.2142857142857144,5.633368158171249,0.5285714285714286
macaroni2,bad/058.JPG,D,5,3.8,11.108324441066948,0.4
macaroni2,bad/058.JPG,N_H,13,3.4615384615384617,7.963185920684949,0.5307692307692308
macaroni2,bad/058.JPG,N_R_all,13,3.4615384615384617,5.592816528335669,0.46153846153846156
macaroni2,bad/058.JPG,N_R_far,13,3.230769230769231,4.8530561237107745,0.5384615384615385
macaroni2,bad/059.JPG,D,3,3.6666666666666665,13.898320255945388,0.5666666666666668
macaroni2,bad/059.JPG,N_H,13,2.923076923076923,10.167910172825033,0.6076923076923076
macaroni2,bad/059.JPG,N_R_all,13,2.8461538461538463,5.8494419369671045,0.5692307692307692
macaroni2,bad/059.JPG,N_R_far,13,2.923076923076923,5.751502167919502,0.5692307692307692
macaroni2,bad/060.JPG,D,3,3.0,16.95122546975108,0.6333333333333334
macaroni2,bad/060.JPG,N_H,5,3.6,11.366711041645793,0.5
macaroni2,bad/060.JPG,N_R_all,5,3.0,3.3928267395688145,0.56
macaroni2,bad/060.JPG,N_R_far,5,3.0,8.752289548402446,0.52
macaroni2,bad/061.JPG,D,7,3.7142857142857144,12.975121995236227,0.4428571428571428
macaroni2,bad/061.JPG,N_H,10,2.7,11.024865464836946,0.7
macaroni2,bad/061.JPG,N_R_all,10,2.9,6.2139701492854815,0.61
macaroni2,bad/061.JPG,N_R_far,10,3.1,5.1640190124178345,0.59
macaroni2,bad/062.JPG,D,3,3.3333333333333335,9.974606766697015,0.5666666666666667
macaroni2,bad/062.JPG,N_H,13,3.6153846153846154,10.16726968420284,0.4538461538461539
macaroni2,bad/062.JPG,N_R_all,13,3.0,5.682058626106651,0.6076923076923078
macaroni2,bad/062.JPG,N_R_far,13,3.0,6.005753885355318,0.5769230769230769
macaroni2,bad/063.JPG,D,2,3.0,10.407395004017733,0.5
macaroni2,bad/063.JPG,N_H,10,3.2,10.780187877197866,0.5000000000000001
macaroni2,bad/063.JPG,N_R_all,10,3.3,5.390718434174898,0.53
macaroni2,bad/063.JPG,N_R_far,10,2.9,7.94497699448827,0.55
macaroni2,bad/064.JPG,D,2,3.5,14.554639129038819,0.6
macaroni2,bad/064.JPG,N_H,12,3.4166666666666665,10.373152001075441,0.4583333333333333
macaroni2,bad/064.JPG,N_R_all,12,3.75,6.507277386993163,0.4416666666666667
macaroni2,bad/064.JPG,N_R_far,12,3.4166666666666665,5.171260936658175,0.5
macaroni2,bad/065.JPG,D,3,3.3333333333333335,7.628588945578343,0.5333333333333333
macaroni2,bad/065.JPG,N_H,13,2.230769230769231,7.860562441339822,0.8076923076923077
macaroni2,bad/065.JPG,N_R_all,13,2.923076923076923,5.304630196153935,0.5538461538461538
macaroni2,bad/065.JPG,N_R_far,13,3.230769230769231,5.69482434618063,0.5846153846153846
macaroni2,bad/066.JPG,D,4,3.75,8.209520778447022,0.525
macaroni2,bad/066.JPG,N_H,12,3.5833333333333335,12.188641897890891,0.45
macaroni2,bad/066.JPG,N_R_all,12,3.5833333333333335,6.186157261061713,0.4333333333333334
macaroni2,bad/066.JPG,N_R_far,12,3.25,6.464022980497911,0.46666666666666673
macaroni2,bad/067.JPG,D,4,3.5,12.04811752310398,0.44999999999999996
macaroni2,bad/067.JPG,N_H,9,3.5555555555555554,9.314497753716596,0.5111111111111112
macaroni2,bad/067.JPG,N_R_all,9,3.2222222222222223,7.3020882948418055,0.4666666666666667
macaroni2,bad/067.JPG,N_R_far,9,2.888888888888889,4.599290347037069,0.5444444444444444
macaroni2,bad/068.JPG,D,6,3.6666666666666665,13.600276066969043,0.6833333333333332
macaroni2,bad/068.JPG,N_H,12,3.5,10.88622856070337,0.4916666666666667
macaroni2,bad/068.JPG,N_R_all,12,2.4166666666666665,5.875280242395701,0.6416666666666667
macaroni2,bad/068.JPG,N_R_far,12,2.9166666666666665,5.593893305445689,0.5916666666666667
macaroni2,bad/069.JPG,D,1,3.0,7.8651847677617095,0.6
macaroni2,bad/069.JPG,N_H,14,3.357142857142857,9.293397715601708,0.47857142857142865
macaroni2,bad/069.JPG,N_R_all,14,3.2857142857142856,5.210692634654324,0.5071428571428572
macaroni2,bad/069.JPG,N_R_far,14,2.857142857142857,5.561435147607519,0.5571428571428572
macaroni2,bad/070.JPG,D,5,3.4,11.414164120173854,0.6
macaroni2,bad/070.JPG,N_H,8,3.25,13.865635190010275,0.5125000000000001
macaroni2,bad/070.JPG,N_R_all,8,3.625,6.21687981399235,0.5125
macaroni2,bad/070.JPG,N_R_far,8,3.25,6.062809607396318,0.55
macaroni2,bad/071.JPG,D,4,4.0,14.109102485832242,0.375
macaroni2,bad/071.JPG,N_H,3,3.6666666666666665,11.879980358205835,0.4666666666666666
macaroni2,bad/071.JPG,N_R_all,3,2.3333333333333335,6.2084014862994765,0.7000000000000001
macaroni2,bad/071.JPG,N_R_far,3,2.6666666666666665,3.617794265836024,0.5333333333333333
macaroni2,bad/075.JPG,D,2,3.5,14.049627544292685,0.55
macaroni2,bad/075.JPG,N_H,6,3.0,13.446788197326667,0.6
macaroni2,bad/075.JPG,N_R_all,6,3.1666666666666665,6.259148028361918,0.6
macaroni2,bad/075.JPG,N_R_far,6,3.3333333333333335,6.914666613896967,0.5333333333333333
macaroni2,bad/077.JPG,D,4,2.75,16.958386906099847,0.575
macaroni2,bad/077.JPG,N_H,4,3.25,22.431976176338967,0.5
macaroni2,bad/077.JPG,N_R_all,4,3.5,4.724967630801707,0.475
macaroni2,bad/077.JPG,N_R_far,4,2.75,3.326019517160795,0.6
macaroni2,bad/079.JPG,D,1,3.0,16.209507061841666,0.5
macaroni2,bad/079.JPG,N_H,9,3.2222222222222223,11.528226950421235,0.5111111111111111
macaroni2,bad/079.JPG,N_R_all,9,2.7777777777777777,4.976914919125185,0.5666666666666667
macaroni2,bad/079.JPG,N_R_far,9,3.2222222222222223,6.880334491871356,0.48888888888888893
macaroni2,bad/083.JPG,D,9,3.3333333333333335,12.87664342052752,0.4888888888888888
macaroni2,bad/083.JPG,N_H,5,3.4,9.368616210624397,0.5
macaroni2,bad/083.JPG,N_R_all,5,2.4,5.123695077977959,0.6199999999999999
macaroni2,bad/083.JPG,N_R_far,5,3.0,4.6421213842873374,0.54
macaroni2,bad/084.JPG,D,1,4.0,16.594448961098752,0.4
macaroni2,bad/084.JPG,N_H,11,3.0,11.104706913702499,0.6090909090909091
macaroni2,bad/084.JPG,N_R_all,11,3.4545454545454546,5.540253563325762,0.4818181818181818
macaroni2,bad/084.JPG,N_R_far,11,3.272727272727273,4.739065331141196,0.5090909090909091
macaroni2,bad/085.JPG,D,6,3.6666666666666665,13.889798598200763,0.5166666666666666
macaroni2,bad/085.JPG,N_H,3,3.3333333333333335,10.999681088685037,0.4666666666666666
macaroni2,bad/085.JPG,N_R_all,3,3.3333333333333335,5.021596026056154,0.43333333333333335
macaroni2,bad/085.JPG,N_R_far,3,2.3333333333333335,6.138605724027879,0.5
macaroni2,bad/086.JPG,D,3,4.0,15.254443222951286,0.3666666666666667
macaroni2,bad/086.JPG,N_H,12,3.0833333333333335,14.105825489284024,0.6083333333333334
macaroni2,bad/086.JPG,N_R_all,12,3.0833333333333335,6.114330564331339,0.5583333333333333
macaroni2,bad/086.JPG,N_R_far,12,3.0833333333333335,6.231143900991999,0.55
macaroni2,bad/087.JPG,D,3,3.6666666666666665,11.162674226773587,0.5333333333333333
macaroni2,bad/087.JPG,N_H,10,2.5,4.301330159116641,0.6700000000000002
macaroni2,bad/087.JPG,N_R_all,10,2.9,5.2573547630354005,0.5700000000000001
macaroni2,bad/087.JPG,N_R_far,10,3.0,5.70196013364894,0.55
macaroni2,bad/088.JPG,D,5,3.4,17.787260808632123,0.6
macaroni2,bad/088.JPG,N_H,7,3.2857142857142856,8.673637414534161,0.5
macaroni2,bad/088.JPG,N_R_all,7,2.7142857142857144,4.96118417251209,0.6142857142857142
macaroni2,bad/088.JPG,N_R_far,7,2.7142857142857144,5.0566404655386235,0.5571428571428572
macaroni2,bad/089.JPG,D,3,3.3333333333333335,11.203671169216316,0.5666666666666667
macaroni2,bad/089.JPG,N_H,7,2.7142857142857144,10.942043853644382,0.5571428571428572
macaroni2,bad/089.JPG,N_R_all,7,2.2857142857142856,5.780274532663192,0.7285714285714285
macaroni2,bad/089.JPG,N_R_far,7,3.2857142857142856,6.208247958030695,0.39999999999999997
macaroni2,bad/090.JPG,D,4,3.0,16.628121597837293,0.625
macaroni2,bad/090.JPG,N_H,8,3.25,9.467772637635957,0.525
macaroni2,bad/090.JPG,N_R_all,8,3.0,4.8464157777458805,0.6125
macaroni2,bad/090.JPG,N_R_far,8,2.75,4.8415157968253,0.5875
macaroni2,bad/091.JPG,D,6,3.0,14.106330439099331,0.6166666666666667
macaroni2,bad/091.JPG,N_H,7,3.0,13.05691821760964,0.5428571428571428
macaroni2,bad/091.JPG,N_R_all,7,3.142857142857143,7.33273715391149,0.5
macaroni2,bad/091.JPG,N_R_far,7,3.142857142857143,6.821225317941374,0.5428571428571429
macaroni2,bad/092.JPG,D,2,4.0,16.734595626609874,0.35
macaroni2,bad/092.JPG,N_H,11,3.3636363636363638,9.788661017673565,0.4454545454545455
macaroni2,bad/092.JPG,N_R_all,11,3.1818181818181817,4.681730394206488,0.49090909090909096
macaroni2,bad/092.JPG,N_R_far,11,3.1818181818181817,6.522504203638865,0.5272727272727272
macaroni2,bad/093.JPG,D,4,3.75,13.924148426049928,0.42500000000000004
macaroni2,bad/093.JPG,N_H,8,3.5,8.273822129038697,0.525
macaroni2,bad/093.JPG,N_R_all,8,2.875,6.311761437823597,0.5874999999999999
macaroni2,bad/093.JPG,N_R_far,8,3.0,5.502117229210972,0.575
macaroni2,bad/094.JPG,D,6,3.6666666666666665,14.074332530645691,0.5166666666666667
macaroni2,bad/094.JPG,N_H,13,3.1538461538461537,17.323200906784276,0.5538461538461539
macaroni2,bad/094.JPG,N_R_all,13,3.076923076923077,7.4387744262023565,0.4846153846153846
macaroni2,bad/094.JPG,N_R_far,13,3.3846153846153846,4.143062799295283,0.48461538461538467
macaroni2,bad/095.JPG,D,3,3.3333333333333335,17.636649480973198,0.6666666666666666
macaroni2,bad/095.JPG,N_H,11,2.5454545454545454,9.002351513429119,0.6545454545454544
macaroni2,bad/095.JPG,N_R_all,11,3.090909090909091,7.503836627459105,0.5818181818181819
macaroni2,bad/095.JPG,N_R_far,11,2.727272727272727,4.789848358664671,0.6090909090909091
macaroni2,bad/096.JPG,D,3,4.0,13.918931404550998,0.39999999999999997
macaroni2,bad/096.JPG,N_H,10,2.9,9.540854536756921,0.6100000000000001
macaroni2,bad/096.JPG,N_R_all,10,2.8,4.499441747471514,0.5599999999999999
macaroni2,bad/096.JPG,N_R_far,10,2.9,6.977430209239235,0.53
macaroni2,bad/097.JPG,D,5,3.0,15.40739083237045,0.5
macaroni2,bad/097.JPG,N_H,10,3.1,10.201327499786434,0.56
macaroni2,bad/097.JPG,N_R_all,10,2.6,8.313334058978729,0.7
macaroni2,bad/097.JPG,N_R_far,10,3.1,5.856034899717505,0.53
macaroni2,bad/098.JPG,D,4,3.25,16.297356379560924,0.5750000000000001
macaroni2,bad/098.JPG,N_H,9,3.4444444444444446,10.756824289976667,0.5444444444444445
macaroni2,bad/098.JPG,N_R_all,9,3.3333333333333335,6.782426092253816,0.5222222222222223
macaroni2,bad/098.JPG,N_R_far,9,3.2222222222222223,6.795008092104487,0.5
macaroni2,bad/099.JPG,D,2,3.5,16.09361107008354,0.6
macaroni2,bad/099.JPG,N_H,8,2.75,10.442465776745756,0.6000000000000001
macaroni2,bad/099.JPG,N_R_all,8,3.25,4.770429890203286,0.525
macaroni2,bad/099.JPG,N_R_far,8,3.5,7.869871195720316,0.45000000000000007
pcb2,bad/000.JPG,D,5,3.0,2.12275045899048,0.44000000000000006
pcb2,bad/000.JPG,N_H,9,2.7777777777777777,9.694331449000913,0.5
pcb2,bad/000.JPG,N_R_all,9,3.5555555555555554,3.253611813365554,0.5111111111111111
pcb2,bad/000.JPG,N_R_far,9,3.6666666666666665,3.220710548616284,0.4222222222222222
pcb2,bad/001.JPG,D,9,3.888888888888889,3.8613088448799227,0.41111111111111115
pcb2,bad/001.JPG,N_H,5,2.6,14.233163500954362,0.52
pcb2,bad/001.JPG,N_R_all,5,3.4,3.8713747590371446,0.48
pcb2,bad/001.JPG,N_R_far,5,3.4,2.3603053952554798,0.48
pcb2,bad/002.JPG,D,7,4.0,1.9124272082078126,0.3571428571428571
pcb2,bad/002.JPG,N_H,6,2.5,14.980593226414582,0.48333333333333334
pcb2,bad/002.JPG,N_R_all,6,3.8333333333333335,3.33136774239302,0.44999999999999996
pcb2,bad/002.JPG,N_R_far,6,3.3333333333333335,3.0672671293671363,0.5166666666666667
pcb2,bad/003.JPG,D,9,3.7777777777777777,2.1173267994125258,0.4111111111111111
pcb2,bad/003.JPG,N_H,10,3.0,12.742013996569979,0.5
pcb2,bad/003.JPG,N_R_all,10,3.5,4.064546144387482,0.45
pcb2,bad/003.JPG,N_R_far,10,3.6,2.448848843110114,0.4699999999999999
pcb2,bad/004.JPG,D,11,3.5454545454545454,2.418547393040596,0.47272727272727283
pcb2,bad/004.JPG,N_H,7,2.857142857142857,12.091509463447602,0.6142857142857142
pcb2,bad/004.JPG,N_R_all,7,3.2857142857142856,5.475639696305175,0.5428571428571428
pcb2,bad/004.JPG,N_R_far,7,3.5714285714285716,3.2824948835026078,0.45714285714285724
pcb2,bad/005.JPG,D,10,3.4,2.3295341581641194,0.45
pcb2,bad/005.JPG,N_H,9,3.5555555555555554,6.580124931208123,0.41111111111111115
pcb2,bad/005.JPG,N_R_all,9,3.7777777777777777,2.846331909166606,0.43333333333333335
pcb2,bad/005.JPG,N_R_far,9,3.3333333333333335,3.1098072223796747,0.47777777777777775
pcb2,bad/006.JPG,D,13,3.6153846153846154,2.930749171135458,0.4
pcb2,bad/006.JPG,N_H,2,4.0,18.267991948107216,0.45
pcb2,bad/006.JPG,N_R_all,2,3.5,3.0909673645990856,0.55
pcb2,bad/006.JPG,N_R_far,2,4.0,9.300123628668857,0.4
pcb2,bad/007.JPG,D,11,3.3636363636363638,2.5130643810555346,0.49090909090909096
pcb2,bad/007.JPG,N_H,3,3.3333333333333335,10.590911551580538,0.5
pcb2,bad/007.JPG,N_R_all,3,3.3333333333333335,2.848367068948844,0.4666666666666666
pcb2,bad/007.JPG,N_R_far,3,2.6666666666666665,3.8264787439850845,0.5666666666666668
pcb2,bad/008.JPG,D,15,3.3333333333333335,2.3468873460917528,0.4533333333333333
pcb2,bad/008.JPG,N_H,5,2.8,13.707606928526298,0.76
pcb2,bad/008.JPG,N_R_all,5,3.6,4.488829062511755,0.38
pcb2,bad/008.JPG,N_R_far,5,3.4,3.4914559447228912,0.4800000000000001
pcb2,bad/009.JPG,D,14,3.4285714285714284,2.933723239859389,0.4357142857142858
pcb2,bad/009.JPG,N_H,5,3.0,6.392220869881908,0.5800000000000001
pcb2,bad/009.JPG,N_R_all,5,4.0,4.980008132469798,0.48
pcb2,bad/009.JPG,N_R_far,5,3.4,8.42257670190086,0.44000000000000006
pcb2,bad/010.JPG,D,7,3.5714285714285716,3.6045013966478234,0.4857142857142857
pcb2,bad/010.JPG,N_H,9,3.2222222222222223,11.868003172234507,0.4555555555555555
pcb2,bad/010.JPG,N_R_all,9,3.6666666666666665,4.771962852981821,0.43333333333333335
pcb2,bad/010.JPG,N_R_far,9,3.7777777777777777,2.9486120145601213,0.3888888888888889
pcb2,bad/012.JPG,D,7,3.4285714285714284,2.424606105322088,0.48571428571428577
pcb2,bad/012.JPG,N_H,7,3.4285714285714284,11.400849612939997,0.5428571428571428
pcb2,bad/012.JPG,N_R_all,7,3.4285714285714284,2.5414843884292604,0.47142857142857136
pcb2,bad/012.JPG,N_R_far,7,3.857142857142857,4.600810092497565,0.37142857142857144
pcb2,bad/013.JPG,D,22,3.5454545454545454,2.391016761718598,0.45909090909090905
pcb2,bad/013.JPG,N_H,1,3.0,11.682762851924092,0.6
pcb2,bad/013.JPG,N_R_all,1,4.0,11.430151409881773,0.4
pcb2,bad/013.JPG,N_R_far,1,4.0,2.345683229480096,0.4
pcb2,bad/014.JPG,D,17,3.6470588235294117,2.4827018176519644,0.43529411764705883
pcb2,bad/014.JPG,N_H,5,3.4,7.306437682407444,0.52
pcb2,bad/014.JPG,N_R_all,5,3.0,3.4549260890680458,0.54
pcb2,bad/014.JPG,N_R_far,5,3.4,3.2144423184276327,0.54
pcb2,bad/015.JPG,D,13,3.923076923076923,5.591975596073246,0.41538461538461546
pcb2,bad/015.JPG,N_H,5,3.4,5.488952322029528,0.52
pcb2,bad/015.JPG,N_R_all,5,4.0,6.2915770303199325,0.41999999999999993
pcb2,bad/015.JPG,N_R_far,5,3.6,3.6989381168162665,0.38000000000000006
pcb2,bad/016.JPG,D,7,3.857142857142857,8.921695406954383,0.39999999999999997
pcb2,bad/016.JPG,N_H,5,3.0,7.2845678987837115,0.43999999999999995
pcb2,bad/016.JPG,N_R_all,5,3.6,5.695608223405513,0.48
pcb2,bad/016.JPG,N_R_far,5,3.8,2.6793619857070703,0.48
pcb2,bad/017.JPG,D,10,3.8,6.538632000665193,0.45000000000000007
pcb2,bad/017.JPG,N_H,7,3.7142857142857144,5.595586543048144,0.4857142857142857
pcb2,bad/017.JPG,N_R_all,7,3.4285714285714284,3.334482742176849,0.42857142857142855
pcb2,bad/017.JPG,N_R_far,7,3.2857142857142856,4.762463706792252,0.4857142857142857
pcb2,bad/018.JPG,D,9,3.7777777777777777,5.1695028314522755,0.47777777777777775
pcb2,bad/018.JPG,N_H,9,3.3333333333333335,7.292545803729954,0.5444444444444445
pcb2,bad/018.JPG,N_R_all,9,3.5555555555555554,2.962225933474304,0.4444444444444444
pcb2,bad/018.JPG,N_R_far,9,3.6666666666666665,5.082265396113879,0.43333333333333335
pcb2,bad/019.JPG,D,15,3.6666666666666665,5.276693264334507,0.4333333333333334
pcb2,bad/019.JPG,N_H,12,3.75,11.172456724569528,0.41666666666666674
pcb2,bad/019.JPG,N_R_all,12,3.8333333333333335,4.034024350132361,0.43333333333333335
pcb2,bad/019.JPG,N_R_far,12,3.5833333333333335,4.233063990199647,0.45
pcb2,bad/020.JPG,D,5,3.8,6.607652231113309,0.4
pcb2,bad/020.JPG,N_H,8,3.25,10.538462682772863,0.5375
pcb2,bad/020.JPG,N_R_all,8,3.25,3.4554249748039747,0.5625
pcb2,bad/020.JPG,N_R_far,8,3.75,3.47042851875508,0.45
pcb2,bad/021.JPG,D,13,3.5384615384615383,3.4864964334205144,0.4307692307692309
pcb2,bad/021.JPG,N_H,6,3.6666666666666665,10.552110323686225,0.4166666666666666
pcb2,bad/021.JPG,N_R_all,6,3.6666666666666665,2.5650700584184776,0.4166666666666667
pcb2,bad/021.JPG,N_R_far,6,3.8333333333333335,3.663990703925156,0.3833333333333333
pcb2,bad/022.JPG,D,7,3.857142857142857,5.156486532383234,0.4428571428571428
pcb2,bad/022.JPG,N_H,7,3.7142857142857144,8.719102650980966,0.4714285714285715
pcb2,bad/022.JPG,N_R_all,7,3.7142857142857144,3.2191994092829637,0.37142857142857144
pcb2,bad/022.JPG,N_R_far,7,3.857142857142857,4.967922605326167,0.4428571428571429
pcb2,bad/023.JPG,D,9,3.888888888888889,5.396597225623708,0.4222222222222223
pcb2,bad/023.JPG,N_H,11,3.1818181818181817,9.641728166845416,0.5090909090909091
pcb2,bad/023.JPG,N_R_all,11,3.4545454545454546,3.9352801628955234,0.4454545454545454
pcb2,bad/023.JPG,N_R_far,11,3.727272727272727,4.5375686668470445,0.4272727272727273
pcb2,bad/024.JPG,D,14,3.4285714285714284,5.491369995502798,0.4428571428571429
pcb2,bad/024.JPG,N_H,4,3.25,7.0953938109281385,0.475
pcb2,bad/024.JPG,N_R_all,4,3.75,2.7381683454439587,0.4
pcb2,bad/024.JPG,N_R_far,4,3.5,5.104893122308055,0.425
pcb2,bad/025.JPG,D,13,3.6153846153846154,6.970522803145798,0.4615384615384616
pcb2,bad/025.JPG,N_H,3,3.3333333333333335,14.212852703436885,0.5
pcb2,bad/025.JPG,N_R_all,3,4.0,3.495570559646596,0.3666666666666667
pcb2,bad/025.JPG,N_R_far,3,3.3333333333333335,3.1248477104243766,0.5666666666666668
pcb2,bad/026.JPG,D,11,3.4545454545454546,3.506486220704112,0.4727272727272727
pcb2,bad/026.JPG,N_H,4,3.25,9.405703591833207,0.45
pcb2,bad/026.JPG,N_R_all,4,3.25,4.275287578026769,0.475
pcb2,bad/026.JPG,N_R_far,4,2.75,3.886900847869783,0.65
pcb2,bad/027.JPG,D,10,3.5,3.807405508243337,0.48999999999999994
pcb2,bad/027.JPG,N_H,8,3.75,9.583131557715028,0.44999999999999996
pcb2,bad/027.JPG,N_R_all,8,3.375,3.8401909084988652,0.44999999999999996
pcb2,bad/027.JPG,N_R_far,8,3.375,3.2017291278439757,0.46249999999999997
pcb2,bad/028.JPG,D,15,3.8,6.340022367682376,0.4666666666666668
pcb2,bad/028.JPG,N_H,1,4.0,6.268013805534646,0.4
pcb2,bad/028.JPG,N_R_all,1,4.0,3.14899959967968,0.4
pcb2,bad/028.JPG,N_R_far,1,4.0,2.925187784871564,0.3
pcb2,bad/029.JPG,D,8,3.75,3.4040816709906485,0.4375
pcb2,bad/029.JPG,N_H,4,3.25,7.47439583576096,0.5499999999999999
pcb2,bad/029.JPG,N_R_all,4,4.0,2.939748094491894,0.4
pcb2,bad/029.JPG,N_R_far,4,3.0,4.854601838192676,0.525
pcb2,bad/030.JPG,D,7,3.2857142857142856,3.335126923911272,0.4428571428571429
pcb2,bad/030.JPG,N_H,5,3.6,14.37969163820118,0.45999999999999996
pcb2,bad/030.JPG,N_R_all,5,3.0,4.513326275476878,0.54
pcb2,bad/030.JPG,N_R_far,5,3.8,3.8192955363463144,0.42000000000000004
pcb2,bad/031.JPG,D,7,3.7142857142857144,4.0497869444270815,0.4142857142857142
pcb2,bad/031.JPG,N_H,5,3.4,9.298962188001648,0.44000000000000006
pcb2,bad/031.JPG,N_R_all,5,3.6,4.559282541416138,0.45999999999999996
pcb2,bad/031.JPG,N_R_far,5,3.6,5.91546038569267,0.42000000000000004
pcb2,bad/032.JPG,D,7,3.4285714285714284,6.424744846047623,0.45714285714285713
pcb2,bad/032.JPG,N_H,8,3.125,10.872131356241521,0.5125
pcb2,bad/032.JPG,N_R_all,8,3.75,2.440618291867077,0.375
pcb2,bad/032.JPG,N_R_far,8,3.75,2.8874868572637196,0.4375
pcb2,bad/033.JPG,D,7,3.857142857142857,4.000353474831477,0.41428571428571426
pcb2,bad/033.JPG,N_H,6,3.8333333333333335,11.474809130013128,0.39999999999999997
pcb2,bad/033.JPG,N_R_all,6,3.8333333333333335,3.23652347615555,0.45
pcb2,bad/033.JPG,N_R_far,6,3.5,3.524051443177886,0.48333333333333334
pcb2,bad/034.JPG,D,9,3.3333333333333335,3.899886482443377,0.47777777777777775
pcb2,bad/034.JPG,N_H,9,4.0,10.251924673712347,0.3555555555555555
pcb2,bad/034.JPG,N_R_all,9,3.7777777777777777,3.7187089623508567,0.4222222222222223
pcb2,bad/034.JPG,N_R_far,9,3.3333333333333335,4.369448043656267,0.48888888888888893
pcb2,bad/035.JPG,D,5,4.0,4.5731404091052354,0.33999999999999997
pcb2,bad/035.JPG,N_H,8,3.125,7.670049054019192,0.5125
pcb2,bad/035.JPG,N_R_all,8,3.625,3.9409367735456367,0.42500000000000004
pcb2,bad/035.JPG,N_R_far,8,3.875,5.964653029874018,0.4625
pcb2,bad/036.JPG,D,6,3.8333333333333335,3.3667492483218475,0.44999999999999996
pcb2,bad/036.JPG,N_H,11,3.090909090909091,10.107635103609347,0.5454545454545454
pcb2,bad/036.JPG,N_R_all,11,3.8181818181818183,3.880491617499572,0.4636363636363637
pcb2,bad/036.JPG,N_R_far,11,3.727272727272727,2.898749474557303,0.3909090909090909
pcb2,bad/037.JPG,D,13,3.8461538461538463,6.472552358912291,0.4153846153846154
pcb2,bad/037.JPG,N_H,6,3.5,10.64544633697411,0.5
pcb2,bad/037.JPG,N_R_all,6,3.6666666666666665,2.9537246987757553,0.4166666666666667
pcb2,bad/037.JPG,N_R_far,6,3.5,3.001422097057162,0.44999999999999996
pcb2,bad/038.JPG,D,10,3.2,2.937904261685984,0.5200000000000001
pcb2,bad/038.JPG,N_H,10,3.4,11.45216922200997,0.5000000000000001
pcb2,bad/038.JPG,N_R_all,10,3.6,3.9672527959037773,0.45
pcb2,bad/038.JPG,N_R_far,10,3.2,4.060985328999065,0.53
pcb2,bad/039.JPG,D,8,3.875,3.18954319506223,0.42500000000000004
pcb2,bad/039.JPG,N_H,8,2.875,5.861946845158171,0.6125
pcb2,bad/039.JPG,N_R_all,8,3.375,4.108335669001102,0.4875
pcb2,bad/039.JPG,N_R_far,8,3.375,3.210262965228228,0.525
pcb2,bad/040.JPG,D,35,3.5142857142857142,4.011685194470004,0.4742857142857143
pcb2,bad/040.JPG,N_H,7,3.4285714285714284,4.714708444486043,0.4714285714285714
pcb2,bad/040.JPG,N_R_all,7,3.5714285714285716,7.569443181314804,0.5285714285714286
pcb2,bad/040.JPG,N_R_far,7,3.142857142857143,3.2332182144074815,0.5
pcb2,bad/041.JPG,D,30,3.6333333333333333,7.388306262459555,0.45
pcb2,bad/041.JPG,N_H,7,4.0,4.279381431656975,0.35714285714285715
pcb2,bad/041.JPG,N_R_all,7,3.857142857142857,4.682856130356686,0.39999999999999997
pcb2,bad/041.JPG,N_R_far,7,3.7142857142857144,3.624314818982699,0.41428571428571426
pcb2,bad/042.JPG,D,35,3.2857142857142856,4.384744440109422,0.4542857142857143
pcb2,bad/042.JPG,N_H,7,3.0,5.625710492011082,0.5714285714285714
pcb2,bad/042.JPG,N_R_all,7,3.857142857142857,4.48566886735812,0.39999999999999997
pcb2,bad/042.JPG,N_R_far,7,3.4285714285714284,2.704688796882923,0.5142857142857142
pcb2,bad/043.JPG,D,19,3.789473684210526,3.308541216433824,0.39999999999999997
pcb2,bad/043.JPG,N_H,5,3.6,5.553766714693738,0.4
pcb2,bad/043.JPG,N_R_all,5,2.6,2.7465019949281126,0.6599999999999999
pcb2,bad/043.JPG,N_R_far,5,3.4,3.5778699520767154,0.5199999999999999
pcb2,bad/044.JPG,D,75,3.44,3.7230226319543114,0.46666666666666656
pcb2,bad/044.JPG,N_H,7,1.5714285714285714,9.168257843772711,0.9285714285714286
pcb2,bad/044.JPG,N_R_all,7,3.4285714285714284,3.472315115381953,0.5
pcb2,bad/044.JPG,N_R_far,7,3.5714285714285716,3.618359143272077,0.4571428571428572
pcb2,bad/045.JPG,D,33,3.303030303030303,4.3177534150524455,0.5363636363636365
pcb2,bad/045.JPG,N_H,2,4.0,15.93667289200155,0.45
pcb2,bad/045.JPG,N_R_all,2,4.0,1.9743794906437033,0.35
pcb2,bad/045.JPG,N_R_far,2,3.0,2.466450742170934,0.6
pcb2,bad/046.JPG,D,73,3.5753424657534247,5.401659244625542,0.4561643835616438
pcb2,bad/046.JPG,N_H,5,2.6,10.67328183424703,0.5399999999999999
pcb2,bad/046.JPG,N_R_all,5,3.6,3.6151264243390164,0.42000000000000004
pcb2,bad/046.JPG,N_R_far,5,4.0,3.1168165386113427,0.4
pcb2,bad/047.JPG,D,6,3.3333333333333335,3.2470675351081333,0.5166666666666666
pcb2,bad/047.JPG,N_H,9,3.4444444444444446,8.71451253229433,0.5
pcb2,bad/047.JPG,N_R_all,9,3.5555555555555554,4.136248907323075,0.43333333333333335
pcb2,bad/047.JPG,N_R_far,9,3.2222222222222223,5.923768843429563,0.4666666666666667
pcb2,bad/048.JPG,D,47,3.5106382978723403,4.642167855563797,0.43829787234042555
pcb2,bad/048.JPG,N_H,3,3.3333333333333335,6.003129265969503,0.4000000000000001
pcb2,bad/048.JPG,N_R_all,3,3.3333333333333335,1.8826594992800292,0.46666666666666673
pcb2,bad/048.JPG,N_R_far,3,3.6666666666666665,4.6580731724611555,0.4000000000000001
pcb2,bad/049.JPG,D,15,3.6666666666666665,4.641948277826683,0.4333333333333334
pcb2,bad/049.JPG,N_H,5,3.4,8.858524084480937,0.5
pcb2,bad/049.JPG,N_R_all,5,3.6,3.3724583974366285,0.48
pcb2,bad/049.JPG,N_R_far,5,3.8,3.3326268921986495,0.45999999999999996
pcb2,bad/050.JPG,D,6,3.6666666666666665,3.5477901025391585,0.4666666666666666
pcb2,bad/050.JPG,N_H,9,3.7777777777777777,9.263172002856669,0.48888888888888893
pcb2,bad/050.JPG,N_R_all,9,3.7777777777777777,2.7424415148599657,0.4
pcb2,bad/050.JPG,N_R_far,9,3.7777777777777777,4.37037121311881,0.4666666666666667
pcb2,bad/051.JPG,D,12,3.5,2.6965038267694084,0.4666666666666666
pcb2,bad/051.JPG,N_H,3,3.3333333333333335,12.454197510230605,0.39999999999999997
pcb2,bad/051.JPG,N_R_all,3,3.3333333333333335,2.3202992974153682,0.5666666666666665
pcb2,bad/051.JPG,N_R_far,3,4.0,3.8991361862892213,0.3666666666666667
pcb2,bad/052.JPG,D,35,3.5428571428571427,6.740528623174377,0.46
pcb2,bad/052.JPG,N_H,5,3.8,6.576058688656159,0.44000000000000006
pcb2,bad/052.JPG,N_R_all,5,3.8,3.7776199943014417,0.42000000000000004
pcb2,bad/052.JPG,N_R_far,5,3.6,2.8828448560483766,0.4600000000000001
pcb2,bad/053.JPG,D,4,3.25,6.137366692701819,0.575
pcb2,bad/053.JPG,N_H,10,3.7,6.620685929120819,0.4600000000000001
pcb2,bad/053.JPG,N_R_all,10,3.4,3.8882918075672115,0.43
pcb2,bad/053.JPG,N_R_far,10,3.2,2.879292520933343,0.48999999999999994
pcb2,bad/054.JPG,D,21,3.2857142857142856,5.210983562181612,0.4666666666666667
pcb2,bad/054.JPG,N_H,2,4.0,18.739648323472693,0.35
pcb2,bad/054.JPG,N_R_all,2,3.5,1.8662143203840782,0.5
pcb2,bad/054.JPG,N_R_far,2,2.5,3.217880046656066,0.5
pcb2,bad/055.JPG,D,4,3.5,3.2977536874054865,0.55
pcb2,bad/055.JPG,N_H,11,3.5454545454545454,9.428790643361605,0.4181818181818182
pcb2,bad/055.JPG,N_R_all,11,3.5454545454545454,3.357628850568054,0.4636363636363637
pcb2,bad/055.JPG,N_R_far,11,3.4545454545454546,3.8789975459337316,0.4636363636363637
pcb2,bad/056.JPG,D,5,3.8,4.7048792661314085,0.44000000000000006
pcb2,bad/056.JPG,N_H,12,3.1666666666666665,7.02875233766436,0.5000000000000001
pcb2,bad/056.JPG,N_R_all,12,3.5833333333333335,3.69694282144534,0.4083333333333334
pcb2,bad/056.JPG,N_R_far,12,3.75,2.733450054382169,0.4583333333333334
pcb2,bad/057.JPG,D,8,3.625,2.3705658478775415,0.44999999999999996
pcb2,bad/057.JPG,N_H,13,3.3846153846153846,11.334756887164978,0.4923076923076923
pcb2,bad/057.JPG,N_R_all,13,3.5384615384615383,3.9909867630188773,0.4307692307692308
pcb2,bad/057.JPG,N_R_far,13,3.5384615384615383,3.218452256906747,0.4
pcb2,bad/058.JPG,D,1,3.0,4.025940669922601,0.4
pcb2,bad/058.JPG,N_H,12,3.4166666666666665,9.010511362689494,0.44166666666666665
pcb2,bad/058.JPG,N_R_all,12,3.8333333333333335,4.134100652421585,0.43333333333333335
pcb2,bad/058.JPG,N_R_far,12,3.75,3.8712904333069456,0.4166666666666667
pcb2,bad/059.JPG,D,12,3.5833333333333335,4.145752994575355,0.4666666666666666
pcb2,bad/059.JPG,N_H,11,3.6363636363636362,8.129376107183747,0.4818181818181818
pcb2,bad/059.JPG,N_R_all,11,3.8181818181818183,2.8276071804709226,0.42727272727272736
pcb2,bad/059.JPG,N_R_far,11,3.6363636363636362,4.198673485084751,0.4636363636363636
pcb2,bad/060.JPG,D,6,3.5,3.672123806972582,0.45
pcb2,bad/060.JPG,N_H,10,3.6,11.491293467698677,0.47000000000000003
pcb2,bad/060.JPG,N_R_all,10,3.7,3.153686831935131,0.45999999999999996
pcb2,bad/060.JPG,N_R_far,10,3.4,3.7399807896957205,0.52
pcb2,bad/061.JPG,D,7,3.857142857142857,3.64004662221118,0.39999999999999997
pcb2,bad/061.JPG,N_H,2,4.0,7.528575046078826,0.45
pcb2,bad/061.JPG,N_R_all,2,4.0,2.578292480188845,0.35
pcb2,bad/061.JPG,N_R_far,2,3.5,2.9362647465234373,0.44999999999999996
pcb2,bad/062.JPG,D,5,3.8,5.061412929202142,0.44000000000000006
pcb2,bad/062.JPG,N_H,11,3.5454545454545454,7.602602024258387,0.4272727272727273
pcb2,bad/062.JPG,N_R_all,11,3.272727272727273,3.8442190735600716,0.48181818181818187
pcb2,bad/062.JPG,N_R_far,11,3.272727272727273,3.3585540678755064,0.4727272727272727
pcb2,bad/063.JPG,D,4,4.0,6.609256028418206,0.42500000000000004
pcb2,bad/063.JPG,N_H,11,3.0,8.604193355355303,0.5363636363636364
pcb2,bad/063.JPG,N_R_all,11,3.4545454545454546,3.754365129799567,0.4727272727272727
pcb2,bad/063.JPG,N_R_far,11,3.4545454545454546,4.2897569255617105,0.43636363636363645
pcb2,bad/064.JPG,D,8,3.75,8.301282649267186,0.42500000000000004
pcb2,bad/064.JPG,N_H,6,3.6666666666666665,8.33928567425337,0.44999999999999996
pcb2,bad/064.JPG,N_R_all,6,3.5,5.587247796929172,0.44999999999999996
pcb2,bad/064.JPG,N_R_far,6,3.5,4.482977515060008,0.4666666666666666
pcb2,bad/065.JPG,D,8,3.875,6.887984933389179,0.41250000000000003
pcb2,bad/065.JPG,N_H,9,3.5555555555555554,8.98029163960178,0.4444444444444444
pcb2,bad/065.JPG,N_R_all,9,3.2222222222222223,3.3716496684659893,0.5
pcb2,bad/065.JPG,N_R_far,9,3.5555555555555554,4.865597103849121,0.43333333333333335
pcb2,bad/066.JPG,D,8,4.0,2.9961426210766717,0.3625
pcb2,bad/066.JPG,N_H,6,3.5,12.205246262530208,0.5
pcb2,bad/066.JPG,N_R_all,6,3.1666666666666665,5.406681942411283,0.5333333333333333
pcb2,bad/066.JPG,N_R_far,6,3.5,2.0753614810618894,0.43333333333333335
pcb2,bad/067.JPG,D,4,4.0,5.905811268500381,0.37500000000000006
pcb2,bad/067.JPG,N_H,8,3.125,5.919729880358943,0.5
pcb2,bad/067.JPG,N_R_all,8,3.125,4.211766130387284,0.5125
pcb2,bad/067.JPG,N_R_far,8,3.375,3.0862411582813483,0.5125
pcb2,bad/068.JPG,D,6,4.0,5.537524314048686,0.3833333333333333
pcb2,bad/068.JPG,N_H,5,3.6,6.323862006391488,0.45999999999999996
pcb2,bad/068.JPG,N_R_all,5,3.8,4.772772870775426,0.54
pcb2,bad/068.JPG,N_R_far,5,4.0,2.887567694672213,0.36
pcb2,bad/069.JPG,D,5,4.0,6.162684805925167,0.4
pcb2,bad/069.JPG,N_H,10,3.1,5.112075404736197,0.51
pcb2,bad/069.JPG,N_R_all,10,3.4,4.901591544635441,0.48999999999999994
pcb2,bad/069.JPG,N_R_far,10,3.5,4.96390811688472,0.43
pcb2,bad/070.JPG,D,5,3.8,6.489980461382868,0.45999999999999996
pcb2,bad/070.JPG,N_H,8,3.5,9.630676179366526,0.45
pcb2,bad/070.JPG,N_R_all,8,3.125,3.845382392331607,0.525
pcb2,bad/070.JPG,N_R_far,8,3.375,3.2044168918811176,0.45
pcb2,bad/071.JPG,D,11,3.5454545454545454,2.58146296607216,0.5181818181818182
pcb2,bad/071.JPG,N_H,7,3.2857142857142856,9.840849828890551,0.42857142857142855
pcb2,bad/071.JPG,N_R_all,7,3.7142857142857144,4.088417130305708,0.41428571428571426
pcb2,bad/071.JPG,N_R_far,7,3.7142857142857144,3.6320137943223676,0.42857142857142855
pcb2,bad/072.JPG,D,6,3.1666666666666665,3.5423501162183673,0.49999999999999994
pcb2,bad/072.JPG,N_H,7,2.857142857142857,7.177443238922339,0.49999999999999994
pcb2,bad/072.JPG,N_R_all,7,3.7142857142857144,3.553491410607314,0.41428571428571426
pcb2,bad/072.JPG,N_R_far,7,3.5714285714285716,3.3345718154904165,0.41428571428571426
pcb2,bad/073.JPG,D,3,4.0,5.825096187150194,0.4666666666666666
pcb2,bad/073.JPG,N_H,12,3.25,8.509169780295936,0.49166666666666664
pcb2,bad/073.JPG,N_R_all,12,3.6666666666666665,4.531807125100804,0.39166666666666666
pcb2,bad/073.JPG,N_R_far,12,3.5833333333333335,3.285373246012908,0.425
pcb2,bad/074.JPG,D,8,3.75,5.996341563877987,0.4375
pcb2,bad/074.JPG,N_H,6,3.3333333333333335,7.674195634128747,0.4666666666666666
pcb2,bad/074.JPG,N_R_all,6,4.0,3.9730144714981623,0.4000000000000001
pcb2,bad/074.JPG,N_R_far,6,3.8333333333333335,3.4459130452247564,0.3833333333333333
pcb2,bad/075.JPG,D,12,3.9166666666666665,3.4762319122816714,0.375
pcb2,bad/075.JPG,N_H,8,3.625,5.146057314509719,0.5375000000000001
pcb2,bad/075.JPG,N_R_all,8,3.0,4.6677221555606305,0.6
pcb2,bad/075.JPG,N_R_far,8,3.5,6.559089808709171,0.425
pcb2,bad/076.JPG,D,4,3.75,3.786755627480212,0.42500000000000004
pcb2,bad/076.JPG,N_H,13,3.6923076923076925,9.823989532946543,0.4461538461538463
pcb2,bad/076.JPG,N_R_all,13,3.4615384615384617,4.00408482756176,0.47692307692307695
pcb2,bad/076.JPG,N_R_far,13,3.6153846153846154,3.4395911392229497,0.44615384615384623
pcb2,bad/077.JPG,D,10,3.8,3.684118462579145,0.39999999999999997
pcb2,bad/077.JPG,N_H,6,3.6666666666666665,5.91145352005703,0.45
pcb2,bad/077.JPG,N_R_all,6,3.5,3.285802713421642,0.5166666666666667
pcb2,bad/077.JPG,N_R_far,6,3.6666666666666665,3.630538283202499,0.4666666666666666
pcb2,bad/078.JPG,D,6,4.0,7.293602252045169,0.4166666666666667
pcb2,bad/078.JPG,N_H,6,3.1666666666666665,10.142192687496454,0.5333333333333333
pcb2,bad/078.JPG,N_R_all,6,3.3333333333333335,4.578673555190163,0.4000000000000001
pcb2,bad/078.JPG,N_R_far,6,3.8333333333333335,6.205381120436553,0.43333333333333335
pcb2,bad/079.JPG,D,8,3.875,4.0861016498109795,0.4375
pcb2,bad/079.JPG,N_H,6,3.0,7.728220369756514,0.45
pcb2,bad/079.JPG,N_R_all,6,3.3333333333333335,5.389732115323575,0.5
pcb2,bad/079.JPG,N_R_far,6,3.3333333333333335,4.75185456003215,0.5
pcb2,bad/080.JPG,D,5,3.6,2.1502004634169407,0.38
pcb2,bad/080.JPG,N_H,10,3.4,8.314003729194464,0.4600000000000001
pcb2,bad/080.JPG,N_R_all,10,3.3,3.549713582888065,0.48
pcb2,bad/080.JPG,N_R_far,10,3.8,3.9859772931173696,0.43
pcb2,bad/081.JPG,D,10,3.9,5.660730039491829,0.4
pcb2,bad/081.JPG,N_H,5,3.8,17.379611211519677,0.43999999999999995
pcb2,bad/081.JPG,N_R_all,5,3.2,3.3436693317627104,0.54
pcb2,bad/081.JPG,N_R_far,5,3.4,2.672171443912138,0.5599999999999999
pcb2,bad/082.JPG,D,4,3.25,8.163236615024555,0.5
pcb2,bad/082.JPG,N_H,7,2.4285714285714284,10.491510313490751,0.7000000000000001
pcb2,bad/082.JPG,N_R_all,7,4.0,3.1259544023652492,0.3571428571428571
pcb2,bad/082.JPG,N_R_far,7,3.7142857142857144,3.192120612561765,0.39999999999999997
pcb2,bad/083.JPG,D,3,4.0,3.3593287112314787,0.3666666666666667
pcb2,bad/083.JPG,N_H,12,3.4166666666666665,9.8449469094824,0.4583333333333333
pcb2,bad/083.JPG,N_R_all,12,3.8333333333333335,6.0528043317102975,0.4000000000000001
pcb2,bad/083.JPG,N_R_far,12,3.5,3.064533981274763,0.45
pcb2,bad/084.JPG,D,14,3.857142857142857,4.566579400120003,0.4142857142857143
pcb2,bad/084.JPG,N_H,1,3.0,5.389805191284746,0.5
pcb2,bad/084.JPG,N_R_all,1,3.0,2.7931712199461307,0.6
pcb2,bad/084.JPG,N_R_far,1,4.0,2.9982776482536044,0.4
pcb2,bad/085.JPG,D,11,3.0,5.133578953864343,0.5272727272727272
pcb2,bad/085.JPG,N_H,5,3.8,14.755204040625458,0.48
pcb2,bad/085.JPG,N_R_all,5,3.2,3.4656833535972043,0.56
pcb2,bad/085.JPG,N_R_far,5,3.0,5.093346938609628,0.5199999999999999
pcb2,bad/086.JPG,D,13,3.230769230769231,9.360378135804536,0.4923076923076924
pcb2,bad/086.JPG,N_H,4,2.5,14.347608989180625,0.525
pcb2,bad/086.JPG,N_R_all,4,3.75,3.1443250392156,0.425
pcb2,bad/086.JPG,N_R_far,4,3.75,3.7468860595040674,0.4
pcb2,bad/087.JPG,D,11,3.909090909090909,7.290873729303225,0.5
pcb2,bad/087.JPG,N_H,3,3.0,10.560005957314553,0.6666666666666666
pcb2,bad/087.JPG,N_R_all,3,3.6666666666666665,5.519778485274801,0.4000000000000001
pcb2,bad/087.JPG,N_R_far,3,3.6666666666666665,2.0835978990317754,0.39999999999999997
pcb2,bad/088.JPG,D,13,3.6153846153846154,7.3772527439176665,0.40769230769230774
pcb2,bad/088.JPG,N_H,5,3.2,9.654445848473664,0.6599999999999999
pcb2,bad/088.JPG,N_R_all,5,3.8,4.686164816088678,0.45999999999999996
pcb2,bad/088.JPG,N_R_far,5,3.8,3.424108603389432,0.42000000000000004
pcb2,bad/089.JPG,D,11,3.3636363636363638,5.333675955247718,0.4727272727272727
pcb2,bad/089.JPG,N_H,2,3.0,20.808071117046893,0.45
pcb2,bad/089.JPG,N_R_all,2,4.0,2.9008033527037407,0.35
pcb2,bad/089.JPG,N_R_far,2,3.0,2.8650764457963875,0.6000000000000001
pcb2,bad/090.JPG,D,9,3.6666666666666665,6.664045709628277,0.48888888888888893
pcb2,bad/090.JPG,N_H,5,3.0,8.203572168495363,0.56
pcb2,bad/090.JPG,N_R_all,5,3.8,3.8676102578449774,0.38
pcb2,bad/090.JPG,N_R_far,5,3.6,3.8430324183613274,0.42000000000000004
pcb2,bad/091.JPG,D,10,3.2,6.652977613005854,0.49000000000000005
pcb2,bad/091.JPG,N_H,2,4.0,19.574750297075152,0.4
pcb2,bad/091.JPG,N_R_all,2,3.0,2.429961826757899,0.6499999999999999
pcb2,bad/091.JPG,N_R_far,2,4.0,1.448351669141568,0.45
pcb2,bad/092.JPG,D,21,3.5714285714285716,3.7824502508176803,0.4428571428571429
pcb2,bad/092.JPG,N_H,4,2.0,13.08736480174922,0.7749999999999999
pcb2,bad/092.JPG,N_R_all,4,3.25,2.227229388569568,0.55
pcb2,bad/092.JPG,N_R_far,4,3.0,3.104686744940341,0.5249999999999999
pcb2,bad/093.JPG,D,10,3.4,4.65640627120732,0.5700000000000001
pcb2,bad/093.JPG,N_H,4,2.25,11.784989084062062,0.6
pcb2,bad/093.JPG,N_R_all,4,3.5,6.3155612296737305,0.6000000000000001
pcb2,bad/093.JPG,N_R_far,4,3.75,3.397937110689968,0.35000000000000003
pcb2,bad/094.JPG,D,16,3.3125,5.770678616634006,0.5375
pcb2,bad/094.JPG,N_H,3,3.6666666666666665,11.373153115664442,0.39999999999999997
pcb2,bad/094.JPG,N_R_all,3,4.0,3.5016600115261576,0.4000000000000001
pcb2,bad/094.JPG,N_R_far,3,3.6666666666666665,2.9249241538982838,0.3666666666666667
pcb2,bad/095.JPG,D,14,3.2142857142857144,5.303154318386169,0.557142857142857
pcb2,bad/095.JPG,N_H,5,3.4,12.283272126426956,0.48
pcb2,bad/095.JPG,N_R_all,5,3.6,4.288859627188243,0.44000000000000006
pcb2,bad/095.JPG,N_R_far,5,3.8,3.306305633633129,0.36000000000000004
pcb2,bad/096.JPG,D,15,3.3333333333333335,5.547258409645627,0.4800000000000001
pcb2,bad/096.JPG,N_H,2,4.0,12.629014871524486,0.4
pcb2,bad/096.JPG,N_R_all,2,4.0,2.335349731681027,0.4
pcb2,bad/096.JPG,N_R_far,2,3.5,3.331302357869986,0.45
pcb2,bad/097.JPG,D,9,3.5555555555555554,4.524169568945773,0.4888888888888888
pcb2,bad/097.JPG,N_H,6,3.5,10.190948380843508,0.5
pcb2,bad/097.JPG,N_R_all,6,3.5,4.078285195608589,0.4166666666666667
pcb2,bad/097.JPG,N_R_far,6,3.8333333333333335,4.501152678323183,0.43333333333333335
pcb2,bad/098.JPG,D,15,3.8,3.502656895757379,0.46666666666666673
pcb2,bad/098.JPG,N_H,1,3.0,3.152078617470478,0.5
pcb2,bad/098.JPG,N_R_all,1,4.0,3.6732137494637014,0.4
pcb2,bad/098.JPG,N_R_far,1,4.0,5.41354249528812,0.5
pcb2,bad/099.JPG,D,7,3.7142857142857144,5.786446914517713,0.45714285714285713
pcb2,bad/099.JPG,N_H,3,3.0,9.171491202498677,0.5
pcb2,bad/099.JPG,N_R_all,3,4.0,3.9072260715835285,0.3333333333333333
pcb2,bad/099.JPG,N_R_far,3,4.0,3.77882497883416,0.39999999999999997
chewinggum,bad/003.JPG,D,10,2.5,6.867003109576733,0.65
chewinggum,bad/003.JPG,N_H,1,4.0,10.072730397796615,0.4
chewinggum,bad/003.JPG,N_R_all,1,2.0,5.510215414239989,0.8
chewinggum,bad/003.JPG,N_R_far,1,2.0,5.269071079786496,0.6
chewinggum,bad/023.JPG,D,9,3.0,8.585097234232704,0.4666666666666667
chewinggum,bad/023.JPG,N_H,2,3.0,12.21481794726175,0.55
chewinggum,bad/023.JPG,N_R_all,2,3.5,3.559457569260732,0.5
chewinggum,bad/023.JPG,N_R_far,2,3.5,3.3161347559839305,0.4
chewinggum,bad/025.JPG,D,8,3.625,3.0052513657951003,0.41250000000000003
chewinggum,bad/025.JPG,N_H,4,3.5,18.430402175668405,0.5
chewinggum,bad/025.JPG,N_R_all,4,3.25,3.8256626183935247,0.525
chewinggum,bad/025.JPG,N_R_far,4,3.75,3.49794651150183,0.35000000000000003
chewinggum,bad/026.JPG,D,8,3.375,3.7000743623320336,0.45
chewinggum,bad/026.JPG,N_H,7,3.4285714285714284,10.151063861640647,0.5
chewinggum,bad/026.JPG,N_R_all,7,3.2857142857142856,3.4528056020678406,0.45714285714285713
chewinggum,bad/026.JPG,N_R_far,7,3.7142857142857144,3.498369394309127,0.4428571428571429
chewinggum,bad/027.JPG,D,6,3.8333333333333335,2.4289255130971754,0.4166666666666667
chewinggum,bad/027.JPG,N_H,10,3.1,5.7343674352468,0.53
chewinggum,bad/027.JPG,N_R_all,10,3.0,3.7297463324009597,0.53
chewinggum,bad/027.JPG,N_R_far,10,3.7,3.350894972817103,0.41
chewinggum,bad/028.JPG,D,6,3.3333333333333335,4.5695801369989155,0.5166666666666667
chewinggum,bad/028.JPG,N_H,5,2.6,13.357872105568472,0.5599999999999999
chewinggum,bad/028.JPG,N_R_all,5,3.2,4.376429504989337,0.52
chewinggum,bad/028.JPG,N_R_far,5,3.4,3.915961823109304,0.54
chewinggum,bad/029.JPG,D,5,3.2,5.425915741323101,0.48
chewinggum,bad/029.JPG,N_H,5,3.2,17.88623682227849,0.58
chewinggum,bad/029.JPG,N_R_all,5,3.6,3.1956476325149787,0.45999999999999996
chewinggum,bad/029.JPG,N_R_far,5,3.6,4.668329108849654,0.5
chewinggum,bad/031.JPG,D,3,4.0,2.1454633458252723,0.3666666666666667
chewinggum,bad/031.JPG,N_H,9,3.5555555555555554,4.9076971685256,0.4444444444444444
chewinggum,bad/031.JPG,N_R_all,9,3.888888888888889,3.7492631439422928,0.4666666666666667
chewinggum,bad/031.JPG,N_R_far,9,3.111111111111111,4.022762244177077,0.47777777777777786
chewinggum,bad/032.JPG,D,13,3.923076923076923,4.110020754957089,0.3846153846153845
chewinggum,bad/032.JPG,N_H,9,3.4444444444444446,6.911929224663392,0.5222222222222223
chewinggum,bad/032.JPG,N_R_all,9,3.6666666666666665,3.730887494194223,0.4222222222222222
chewinggum,bad/032.JPG,N_R_far,9,3.6666666666666665,5.274237159677478,0.4444444444444444
chewinggum,bad/033.JPG,D,4,4.0,2.9159562387981857,0.4
chewinggum,bad/033.JPG,N_H,9,3.5555555555555554,4.993180720190957,0.47777777777777775
chewinggum,bad/033.JPG,N_R_all,9,3.5555555555555554,3.8128073991551994,0.4444444444444444
chewinggum,bad/033.JPG,N_R_far,9,3.5555555555555554,3.106038309115475,0.39999999999999997
chewinggum,bad/034.JPG,D,5,3.6,3.4973355481686768,0.45999999999999996
chewinggum,bad/034.JPG,N_H,5,3.6,10.310612029561435,0.5
chewinggum,bad/034.JPG,N_R_all,5,3.4,3.1465858529362025,0.42000000000000004
chewinggum,bad/034.JPG,N_R_far,5,4.0,4.949580613347308,0.38
chewinggum,bad/035.JPG,D,6,3.1666666666666665,9.136549729242295,0.48333333333333334
chewinggum,bad/035.JPG,N_H,2,3.5,12.59015081596963,0.5
chewinggum,bad/035.JPG,N_R_all,2,3.5,2.780829809838231,0.44999999999999996
chewinggum,bad/035.JPG,N_R_far,2,3.5,3.0302336066580375,0.45
chewinggum,bad/036.JPG,D,11,3.272727272727273,3.0024594045153936,0.509090909090909
chewinggum,bad/036.JPG,N_H,1,4.0,6.544242199937808,0.5
chewinggum,bad/036.JPG,N_R_all,1,2.0,3.2027756377319947,0.7
chewinggum,bad/036.JPG,N_R_far,1,4.0,2.3,0.4
chewinggum,bad/037.JPG,D,5,3.0,4.0209165211975915,0.42000000000000004
chewinggum,bad/037.JPG,N_H,9,3.5555555555555554,6.628535787352269,0.47777777777777775
chewinggum,bad/037.JPG,N_R_all,9,3.5555555555555554,6.916253120864621,0.5111111111111111
chewinggum,bad/037.JPG,N_R_far,9,3.6666666666666665,3.223173774974951,0.4444444444444444
chewinggum,bad/039.JPG,D,13,3.3846153846153846,5.374382902192471,0.5153846153846153
chewinggum,bad/039.JPG,N_H,3,3.3333333333333335,5.910850135137934,0.5666666666666667
chewinggum,bad/039.JPG,N_R_all,3,3.6666666666666665,6.118897167734857,0.5
chewinggum,bad/039.JPG,N_R_far,3,3.6666666666666665,3.77295496291505,0.4000000000000001
chewinggum,bad/059.JPG,D,18,2.388888888888889,6.768783157753304,0.6555555555555554
chewinggum,bad/059.JPG,N_H,1,4.0,7.032279276917832,0.4
chewinggum,bad/059.JPG,N_R_all,1,4.0,3.1497954954446596,0.4
chewinggum,bad/059.JPG,N_R_far,1,3.0,1.9306623862918073,0.4
chewinggum,bad/067.JPG,D,3,3.3333333333333335,3.9786904565923797,0.5
chewinggum,bad/067.JPG,N_H,2,4.0,7.073162972773104,0.45
chewinggum,bad/067.JPG,N_R_all,2,4.0,2.8433851722456547,0.35
chewinggum,bad/067.JPG,N_R_far,2,3.5,3.6551453036393413,0.5
chewinggum,bad/068.JPG,D,4,3.75,3.1913319594440988,0.4
chewinggum,bad/068.JPG,N_H,1,4.0,5.550925820105818,0.6
chewinggum,bad/068.JPG,N_R_all,1,4.0,4.797081789051546,0.3
chewinggum,bad/068.JPG,N_R_far,1,3.0,3.2715633383201093,0.6
chewinggum,bad/071.JPG,D,5,3.6,3.8837761516709812,0.52
chewinggum,bad/071.JPG,N_H,1,4.0,6.929822128134704,0.6
chewinggum,bad/071.JPG,N_R_all,1,4.0,4.439009138899249,0.4
chewinggum,bad/071.JPG,N_R_far,1,3.0,5.226978479818451,0.6
chewinggum,bad/075.JPG,D,4,2.5,3.7464217572442706,0.55
chewinggum,bad/075.JPG,N_H,7,3.7142857142857144,9.863139059023386,0.39999999999999997
chewinggum,bad/075.JPG,N_R_all,7,3.7142857142857144,3.858813428481291,0.4714285714285715
chewinggum,bad/075.JPG,N_R_far,7,3.5714285714285716,3.59266067652851,0.5
chewinggum,bad/078.JPG,D,7,2.7142857142857144,3.6440686120800483,0.5
chewinggum,bad/078.JPG,N_H,3,4.0,12.074032867301275,0.3666666666666667
chewinggum,bad/078.JPG,N_R_all,3,3.6666666666666665,4.322338200019168,0.5333333333333333
chewinggum,bad/078.JPG,N_R_far,3,3.6666666666666665,3.3049147938522476,0.3666666666666667
chewinggum,bad/082.JPG,D,6,3.0,4.865640883908877,0.4333333333333333
chewinggum,bad/082.JPG,N_H,4,3.0,3.7773985237175634,0.55
chewinggum,bad/082.JPG,N_R_all,4,3.25,2.8276570122751483,0.475
chewinggum,bad/082.JPG,N_R_far,4,3.25,3.7908575057985496,0.65
chewinggum,bad/084.JPG,D,4,3.0,5.345945461950525,0.525
chewinggum,bad/084.JPG,N_H,5,3.2,9.769535529499084,0.52
chewinggum,bad/084.JPG,N_R_all,5,3.0,4.240745216374139,0.58
chewinggum,bad/084.JPG,N_R_far,5,3.4,4.158215787063453,0.6
chewinggum,bad/085.JPG,D,7,3.5714285714285716,5.588781605244965,0.4857142857142857
chewinggum,bad/085.JPG,N_H,2,4.0,5.715226215821656,0.4
chewinggum,bad/085.JPG,N_R_all,2,3.5,4.981033952459294,0.35
chewinggum,bad/085.JPG,N_R_far,2,3.5,2.9860404820662882,0.45
chewinggum,bad/086.JPG,D,5,3.6,4.520783695427875,0.43999999999999995
chewinggum,bad/086.JPG,N_H,3,4.0,5.193550200022627,0.4000000000000001
chewinggum,bad/086.JPG,N_R_all,3,3.0,3.8464520273536684,0.6999999999999998
chewinggum,bad/086.JPG,N_R_far,3,4.0,4.069932871881452,0.4666666666666666
chewinggum,bad/087.JPG,D,5,4.0,5.874531013272615,0.48
chewinggum,bad/087.JPG,N_H,1,3.0,10.952672203979937,0.5
chewinggum,bad/087.JPG,N_R_all,1,3.0,5.461308297438093,0.6
chewinggum,bad/087.JPG,N_R_far,1,4.0,4.195756000002056,0.5
chewinggum,bad/089.JPG,D,4,3.5,4.59560454643052,0.5
chewinggum,bad/089.JPG,N_H,3,4.0,12.338653794533608,0.4000000000000001
chewinggum,bad/089.JPG,N_R_all,3,3.3333333333333335,7.400353493486359,0.6
chewinggum,bad/089.JPG,N_R_far,3,3.6666666666666665,4.2631419065030265,0.4666666666666666
chewinggum,bad/092.JPG,D,5,3.8,2.165408077950654,0.44000000000000006
chewinggum,bad/092.JPG,N_H,4,3.5,3.5029683890021643,0.525
chewinggum,bad/092.JPG,N_R_all,4,3.0,2.795391124714307,0.575
chewinggum,bad/092.JPG,N_R_far,4,3.75,3.898272425660784,0.5
chewinggum,bad/093.JPG,D,6,3.0,4.495347391825708,0.5166666666666667
chewinggum,bad/093.JPG,N_H,1,2.0,4.1696679352864825,0.8
chewinggum,bad/093.JPG,N_R_all,1,3.0,6.304345773288535,0.4
chewinggum,bad/093.JPG,N_R_far,1,2.0,3.21049731745428,0.9
chewinggum,bad/095.JPG,D,4,4.0,8.835257217251957,0.5750000000000001
chewinggum,bad/095.JPG,N_H,1,4.0,6.300000000000001,0.4
chewinggum,bad/095.JPG,N_R_all,1,4.0,3.7620499351813312,0.5
chewinggum,bad/095.JPG,N_R_far,1,4.0,2.9157064055372626,0.3
chewinggum,bad/099.JPG,D,7,2.857142857142857,6.254007675710058,0.48571428571428577
chewinggum,bad/099.JPG,N_H,1,3.0,20.262667577480517,0.6
chewinggum,bad/099.JPG,N_R_all,1,3.0,3.4967281870047233,0.5
chewinggum,bad/099.JPG,N_R_far,1,4.0,6.020417156781397,0.3
