object,fold,probe,image,n_eligible,n_defect,n_clean,patch_auc_probe,patch_ap_probe,patch_auc_1nn,patch_ap_1nn
screw,0,logreg,good/001.png,1024,0,1024,,,,
screw,0,logreg,good/003.png,1024,0,1024,,,,
screw,0,logreg,good/005.png,1024,0,1024,,,,
screw,0,logreg,good/016.png,1024,0,1024,,,,
screw,0,logreg,good/021.png,1024,0,1024,,,,
screw,0,logreg,good/022.png,1024,0,1024,,,,
screw,0,logreg,good/023.png,1024,0,1024,,,,
screw,0,logreg,good/034.png,1024,0,1024,,,,
screw,0,logreg,good/036.png,1024,0,1024,,,,
screw,0,logreg,manipulated_front/003.png,1022,9,1013,0.9989031479653395,0.8872285122285124,0.9235494131841615,0.08949712880684582
screw,0,logreg,manipulated_front/007.png,1021,9,1012,0.9995608256477821,0.9598765432098768,0.7658102766798419,0.05753552200521898
screw,0,logreg,manipulated_front/014.png,1022,6,1016,0.9950787401574803,0.5955701218859113,0.8290682414698163,0.025430794331311072
screw,0,logreg,manipulated_front/018.png,1021,6,1015,0.99688013136289,0.7240740740740741,0.9343185550082103,0.2612485028667445
screw,0,logreg,scratch_head/005.png,1024,4,1020,0.9985294117647059,0.7678571428571428,0.7855392156862745,0.06754044176922665
screw,0,logreg,scratch_head/007.png,1024,6,1018,1.0,1.0,0.9945972495088409,0.7727272727272727
screw,0,logreg,scratch_head/014.png,1023,5,1018,0.9988212180746562,0.8392857142857142,0.9952848722986247,0.513095238095238
screw,0,logreg,scratch_head/016.png,1021,4,1017,1.0,1.0,0.9995083579154376,0.9166666666666666
screw,0,logreg,scratch_head/023.png,1022,6,1016,0.9980314960629921,0.7271825396825397,0.9105971128608924,0.2167904803461692
screw,0,logreg,scratch_neck/008.png,1023,9,1014,1.0,1.0,0.9810431733508655,0.7881986255549476
screw,0,logreg,scratch_neck/011.png,1021,3,1018,1.0,1.0,0.9800261951538966,0.08637061862868314
screw,0,logreg,scratch_neck/017.png,1024,8,1016,0.9988927165354331,0.9064685314685315,0.8679872047244094,0.13924078257589906
screw,0,logreg,scratch_neck/018.png,1022,4,1018,1.0,1.0,1.0,1.0
screw,0,logreg,scratch_neck/020.png,1022,13,1009,0.9993901044446138,0.9601055806938157,0.9962643897232599,0.900143680686667
screw,0,logreg,scratch_neck/024.png,1022,6,1016,1.0,1.0,0.9916338582677166,0.2894949494949495
screw,0,logreg,thread_side/003.png,1021,7,1014,0.858974358974359,0.6467201442091032,0.8750352211890673,0.7392303118750339
screw,0,logreg,thread_side/009.png,1021,6,1015,0.99064039408867,0.4912628794207742,0.7441707717569787,0.06659570944577303
screw,0,logreg,thread_side/010.png,1023,7,1016,0.9985939257592801,0.8210884353741494,0.8284589426321709,0.09799346095027159
screw,0,logreg,thread_side/019.png,1022,4,1018,0.9452357563850687,0.04490927462813475,0.7224950884086444,0.01864592858725217
screw,0,logreg,thread_side/022.png,1023,8,1015,0.993103448275862,0.5842063492063492,0.897536945812808,0.2322995573936541
screw,0,logreg,thread_top/012.png,1024,4,1020,0.996078431372549,0.36736111111111114,0.6943627450980392,0.16969230261119253
screw,0,logreg,thread_top/015.png,1019,6,1013,0.9993418887792036,0.8972222222222221,0.7889108259295821,0.1884137694892267
screw,0,logreg,thread_top/022.png,1023,9,1014,0.9992329607714223,0.9115961199294533,0.9673460442691211,0.19027004870842407
screw,1,logreg,good/002.png,1024,0,1024,,,,
screw,1,logreg,good/006.png,1024,0,1024,,,,
screw,1,logreg,good/008.png,1024,0,1024,,,,
screw,1,logreg,good/013.png,1024,0,1024,,,,
screw,1,logreg,good/018.png,1024,0,1024,,,,
screw,1,logreg,good/029.png,1024,0,1024,,,,
screw,1,logreg,good/031.png,1024,0,1024,,,,
screw,1,logreg,good/032.png,1024,0,1024,,,,
screw,1,logreg,manipulated_front/002.png,1023,6,1017,0.977548344804982,0.1815951658722134,0.7002622091117666,0.10456668349571674
screw,1,logreg,manipulated_front/004.png,1021,5,1016,1.0,1.0,0.9116141732283464,0.09695767195767195
screw,1,logreg,manipulated_front/006.png,1019,6,1013,0.9976966107272129,0.8833333333333333,0.6699572227706482,0.15472899748814226
screw,1,logreg,manipulated_front/012.png,1022,3,1019,0.9973830552829571,0.45833333333333326,0.9352306182531893,0.08240410347903657
screw,1,logreg,scratch_head/002.png,1022,6,1016,1.0,1.0,0.8876312335958005,0.31471556053852534
screw,1,logreg,scratch_head/006.png,1023,5,1018,0.9996070726915521,0.9428571428571428,0.9854616895874263,0.6564912280701755
screw,1,logreg,scratch_head/018.png,1022,7,1015,1.0,0.9999999999999998,0.984658691062632,0.6066326530612245
screw,1,logreg,scratch_head/019.png,1021,5,1016,1.0,1.0,0.9988188976377953,0.8083333333333333
screw,1,logreg,scratch_head/022.png,1024,4,1020,0.9784313725490196,0.14332399626517273,0.8659313725490196,0.6268248175182481
screw,1,logreg,scratch_neck/001.png,1021,11,1010,1.0,1.0,0.9486048604860486,0.702506444737566
screw,1,logreg,scratch_neck/003.png,1022,6,1016,1.0,1.0,0.9983595800524935,0.8958333333333333
screw,1,logreg,scratch_neck/006.png,1017,9,1008,0.9236111111111112,0.7832550860719876,0.919973544973545,0.7828861381706912
screw,1,logreg,scratch_neck/007.png,1022,6,1016,1.0,1.0,1.0,1.0
screw,1,logreg,scratch_neck/010.png,1019,8,1011,1.0,1.0,0.9779920870425322,0.7715811965811965
screw,1,logreg,scratch_neck/012.png,1021,6,1015,1.0,1.0,0.9903119868637109,0.26902799929115717
screw,1,logreg,thread_side/001.png,1016,15,1001,0.997935397935398,0.8982169876906718,0.9194805194805195,0.42377457876274255
screw,1,logreg,thread_side/002.png,1021,6,1015,0.9957307060755337,0.4221861471861472,0.45615763546798027,0.17151514153251116
screw,1,logreg,thread_side/005.png,1021,5,1016,0.9927165354330709,0.42644110275689223,0.7224409448818898,0.023484838433224423
screw,1,logreg,thread_side/008.png,1019,5,1014,0.9968441814595661,0.5688888888888889,0.7560157790927021,0.028840781776077414
screw,1,logreg,thread_side/013.png,1019,4,1015,0.9921182266009851,0.5154761904761904,0.7172413793103449,0.21145819261012863
screw,1,logreg,thread_top/001.png,1024,11,1013,0.9993718029256035,0.9461760461760462,0.9751413443417393,0.646740177506799
screw,1,logreg,thread_top/003.png,1023,9,1014,0.9983563445101906,0.8862044817927173,0.7694499232960772,0.06895651511267238
screw,1,logreg,thread_top/011.png,1021,11,1010,0.9998199819981998,0.9841597796143251,0.9193069306930692,0.6652378081056867
screw,1,logreg,thread_top/013.png,1023,5,1018,0.9992141453831042,0.8761904761904762,0.9777996070726914,0.23384176107580362
screw,2,logreg,good/007.png,1024,0,1024,,,,
screw,2,logreg,good/014.png,1024,0,1024,,,,
screw,2,logreg,good/020.png,1024,0,1024,,,,
screw,2,logreg,good/027.png,1024,0,1024,,,,
screw,2,logreg,good/030.png,1024,0,1024,,,,
screw,2,logreg,good/033.png,1024,0,1024,,,,
screw,2,logreg,good/037.png,1024,0,1024,,,,
screw,2,logreg,good/038.png,1024,0,1024,,,,
screw,2,logreg,manipulated_front/009.png,1021,12,1009,0.9985959696068715,0.9084049994266713,0.7059795176742649,0.02855575930726558
screw,2,logreg,manipulated_front/011.png,1023,6,1017,0.9960668633235005,0.7284920634920634,0.9688626679777123,0.3992974539584709
screw,2,logreg,manipulated_front/013.png,1023,7,1016,0.9981721034870641,0.7897186147186146,0.9420697412823397,0.30531396529467886
screw,2,logreg,manipulated_front/023.png,1024,6,1018,0.9980353634577602,0.7089646464646464,0.7449246889325474,0.2698892641594869
screw,2,logreg,scratch_head/003.png,1023,5,1018,0.9948919449901767,0.832258064516129,0.9791748526522593,0.20037878787878788
screw,2,logreg,scratch_head/008.png,1022,6,1016,1.0,1.0,0.9512795275590551,0.25615457082422366
screw,2,logreg,scratch_head/010.png,1023,5,1018,0.9884086444007859,0.5179155435759208,0.8616895874263262,0.43458645811586993
screw,2,logreg,scratch_head/012.png,1023,7,1016,0.999859392575928,0.982142857142857,0.8352080989876265,0.4400062126597566
screw,2,logreg,scratch_neck/000.png,1020,4,1016,0.9975393700787402,0.8214285714285714,0.8673720472440944,0.03078528881315101
screw,2,logreg,scratch_neck/005.png,1021,6,1015,0.9545155993431855,0.6080999645515773,0.7817733990147784,0.03665960245348661
screw,2,logreg,scratch_neck/009.png,1022,4,1018,1.0,1.0,1.0,1.0
screw,2,logreg,scratch_neck/013.png,1023,5,1018,1.0,1.0,0.9954813359528487,0.3793040293040293
screw,2,logreg,scratch_neck/015.png,1021,6,1015,1.0,1.0,1.0,1.0
screw,2,logreg,scratch_neck/023.png,1022,3,1019,1.0,1.0,0.9977101733725875,0.7666666666666666
screw,2,logreg,thread_side/004.png,1017,4,1013,0.9965449160908194,0.8055555555555556,0.8131786771964462,0.016724705547525164
screw,2,logreg,thread_side/006.png,1020,10,1010,0.9943564356435644,0.6722686859528965,0.7413861386138614,0.05416663588883004
screw,2,logreg,thread_side/011.png,1023,5,1018,0.9980353634577602,0.6342424242424243,0.7220039292730844,0.013353946686451177
screw,2,logreg,thread_side/015.png,1023,7,1016,0.9974690663667042,0.8071428571428572,0.6948818897637795,0.15118899991512713
screw,2,logreg,thread_side/017.png,1023,9,1014,0.9979180363795748,0.8564213564213565,0.9676747753670831,0.6885511867858743
screw,2,logreg,thread_side/018.png,1023,7,1016,0.9985939257592801,0.8468614718614718,0.5060461192350956,0.07781920631844254
screw,2,logreg,thread_top/008.png,1021,11,1010,0.9977497749774977,0.8759061200237672,0.6413141314131413,0.09781838716838424
screw,2,logreg,thread_top/009.png,1023,9,1014,0.9984659215428446,0.8995370370370372,0.9067499452114837,0.2918588089278768
screw,2,logreg,thread_top/010.png,1021,12,1009,0.9988437396762471,0.9261904761904763,0.6509745622728774,0.04366004613439113
screw,2,logreg,thread_top/021.png,1020,8,1012,0.9998764822134387,0.9861111111111112,0.8347332015810276,0.35923845887059985
screw,3,logreg,good/004.png,1024,0,1024,,,,
screw,3,logreg,good/017.png,1024,0,1024,,,,
screw,3,logreg,good/024.png,1024,0,1024,,,,
screw,3,logreg,good/025.png,1024,0,1024,,,,
screw,3,logreg,good/026.png,1024,0,1024,,,,
screw,3,logreg,good/028.png,1024,0,1024,,,,
screw,3,logreg,good/035.png,1024,0,1024,,,,
screw,3,logreg,good/039.png,1024,0,1024,,,,
screw,3,logreg,manipulated_front/010.png,1022,8,1014,0.9993836291913215,0.932426948051948,0.9672090729783037,0.41375889436234264
screw,3,logreg,manipulated_front/019.png,1021,4,1017,0.9995083579154376,0.9166666666666666,0.890117994100295,0.14120855670151447
screw,3,logreg,manipulated_front/020.png,1021,3,1018,0.9996725605762934,0.9166666666666665,0.6715782580222658,0.031593508911944665
screw,3,logreg,manipulated_front/021.png,1022,3,1019,0.99084069349035,0.27058029689608637,0.9947661105659144,0.34444444444444444
screw,3,logreg,manipulated_front/022.png,1023,3,1020,0.9833333333333333,0.6851851851851851,0.8777777777777778,0.19714714714714712
screw,3,logreg,scratch_head/001.png,1023,6,1017,0.9996722386102918,0.9484126984126984,0.9880367092756472,0.22734487734487735
screw,3,logreg,scratch_head/009.png,1022,7,1015,1.0,0.9999999999999998,0.98972554539057,0.49647009966777406
screw,3,logreg,scratch_head/011.png,1021,5,1016,1.0,1.0,0.9982283464566929,0.6433333333333333
screw,3,logreg,scratch_head/013.png,1022,4,1018,0.9995088408644401,0.9166666666666666,0.9503929273084479,0.7548543689320388
screw,3,logreg,scratch_neck/002.png,1022,6,1016,0.9977034120734909,0.8833333333333333,0.9173228346456692,0.31395905594543
screw,3,logreg,scratch_neck/004.png,1021,7,1014,0.9998591152437306,0.982142857142857,1.0,0.9999999999999998
screw,3,logreg,scratch_neck/014.png,1022,6,1016,1.0,1.0,1.0,1.0
screw,3,logreg,scratch_neck/021.png,1020,5,1015,1.0,1.0,1.0,1.0
screw,3,logreg,scratch_neck/022.png,1023,3,1020,1.0,1.0,0.9996732026143791,0.9166666666666665
screw,3,logreg,thread_side/000.png,1022,5,1017,0.9913470993117011,0.2644172494172494,0.2471976401179941,0.0037111131996752445
screw,3,logreg,thread_side/007.png,1019,10,1009,0.9976214073339941,0.7945896209054103,0.7317145688800792,0.2383528377206765
screw,3,logreg,thread_side/016.png,1023,12,1011,0.9956313880646226,0.7369512432012433,0.8185789647213979,0.06505844537291393
screw,3,logreg,thread_side/020.png,1022,4,1018,0.9975442043222004,0.7644230769230769,0.9373772102161101,0.32846878568709553
screw,3,logreg,thread_top/000.png,1022,12,1010,0.9991749174917491,0.9375013330895684,0.8386138613861386,0.4322822214553981
screw,3,logreg,thread_top/004.png,1020,11,1009,0.9996396071718173,0.9757575757575758,0.8166050995585188,0.15161290355620446
screw,3,logreg,thread_top/005.png,1018,18,1000,0.9965555555555555,0.87474381965324,0.6547222222222222,0.25261593512135766
screw,3,logreg,thread_top/007.png,1020,12,1008,0.9996693121693122,0.9791666666666669,0.933614417989418,0.5106467049185265
screw,3,logreg,thread_top/017.png,1022,3,1019,0.9986915276414785,0.7222222222222222,0.741249591102388,0.33764292481901553
screw,3,logreg,thread_top/020.png,1020,11,1009,0.9999099017929542,0.9924242424242424,0.988467429498153,0.7195275095275095
screw,4,logreg,good/000.png,1024,0,1024,,,,
screw,4,logreg,good/009.png,1024,0,1024,,,,
screw,4,logreg,good/010.png,1024,0,1024,,,,
screw,4,logreg,good/011.png,1024,0,1024,,,,
screw,4,logreg,good/012.png,1024,0,1024,,,,
screw,4,logreg,good/015.png,1024,0,1024,,,,
screw,4,logreg,good/019.png,1024,0,1024,,,,
screw,4,logreg,good/040.png,1024,0,1024,,,,
screw,4,logreg,manipulated_front/000.png,1021,7,1014,0.9923922231614539,0.6364067366076865,0.6866723020569174,0.1302127459865409
screw,4,logreg,manipulated_front/001.png,1023,7,1016,0.9966254218222722,0.8452380952380951,0.9183070866141732,0.09852699359188075
screw,4,logreg,manipulated_front/005.png,1021,7,1014,0.9960552268244577,0.6825091575091575,0.7176669484361792,0.10789827424793057
screw,4,logreg,manipulated_front/008.png,1021,7,1014,0.9991546914623838,0.8260204081632654,0.9150464919695689,0.15752619850334082
screw,4,logreg,manipulated_front/015.png,1023,9,1014,0.9968222660530353,0.8645481180978141,0.8506465044926583,0.1025035342743676
screw,4,logreg,manipulated_front/016.png,1019,11,1008,0.9999098124098124,0.9924242424242424,0.9731240981240982,0.5084764425303967
screw,4,logreg,manipulated_front/017.png,1023,3,1020,0.996078431372549,0.5769230769230769,0.8833333333333333,0.3504069355980184
screw,4,logreg,scratch_head/000.png,1021,5,1016,1.0,1.0,0.8127952755905511,0.06825137571484498
screw,4,logreg,scratch_head/004.png,1023,5,1018,1.0,1.0,0.9960707269155207,0.6555555555555556
screw,4,logreg,scratch_head/015.png,1023,8,1015,0.9998768472906404,0.9861111111111112,0.9801724137931034,0.5421762650929318
screw,4,logreg,scratch_head/017.png,1023,6,1017,0.9973779088823337,0.8531746031746031,0.8908554572271387,0.5543199122467415
screw,4,logreg,scratch_head/020.png,1024,6,1018,1.0,1.0,0.972822527832351,0.6574016563146997
screw,4,logreg,scratch_head/021.png,1021,3,1018,1.0,1.0,0.988867059593975,0.18846153846153846
screw,4,logreg,scratch_neck/016.png,1023,8,1015,0.998152709359606,0.9184782608695652,0.9927339901477832,0.8745265151515151
screw,4,logreg,scratch_neck/019.png,1021,7,1014,1.0,0.9999999999999998,1.0,0.9999999999999998
screw,4,logreg,thread_side/012.png,1021,8,1013,0.9944471865745311,0.6600694444444444,0.674111549851925,0.1636097999462912
screw,4,logreg,thread_side/014.png,1020,6,1014,0.9963839579224195,0.6804093567251461,0.8875739644970414,0.24974668723625895
screw,4,logreg,thread_side/021.png,1024,7,1017,0.9987357774968394,0.9034013605442177,0.7715971344289929,0.1604298769195642
screw,4,logreg,thread_top/002.png,1020,11,1009,0.999729705378863,0.9750688705234161,0.8395350932516443,0.4458813656987264
screw,4,logreg,thread_top/006.png,1021,12,1009,0.9998348199537496,0.9880952380952382,0.9679550710274198,0.8551853764921948
screw,4,logreg,thread_top/014.png,1021,10,1011,0.9980217606330366,0.8908974358974359,0.6599406528189911,0.06345814753698428
screw,4,logreg,thread_top/016.png,1022,9,1013,0.9983547219480092,0.8862044817927173,0.9083031699023801,0.25434213817054013
screw,4,logreg,thread_top/018.png,1024,10,1014,0.9962524654832348,0.8156223893065998,0.6821499013806707,0.030457942275586236
screw,4,logreg,thread_top/019.png,1018,12,1006,0.9988402915838304,0.9551282051282053,0.8053346587143804,0.7536653033434245
screw,0,linsvm,good/001.png,1024,0,1024,,,,
screw,0,linsvm,good/003.png,1024,0,1024,,,,
screw,0,linsvm,good/005.png,1024,0,1024,,,,
screw,0,linsvm,good/016.png,1024,0,1024,,,,
screw,0,linsvm,good/021.png,1024,0,1024,,,,
screw,0,linsvm,good/022.png,1024,0,1024,,,,
screw,0,linsvm,good/023.png,1024,0,1024,,,,
screw,0,linsvm,good/034.png,1024,0,1024,,,,
screw,0,linsvm,good/036.png,1024,0,1024,,,,
screw,0,linsvm,manipulated_front/003.png,1022,9,1013,0.9972578699133487,0.7557285307285309,0.9235494131841615,0.08949712880684582
screw,0,linsvm,manipulated_front/007.png,1021,9,1012,0.9982433025911287,0.8819716775599129,0.7658102766798419,0.05753552200521898
screw,0,linsvm,manipulated_front/014.png,1022,6,1016,0.9904855643044619,0.5650462962962963,0.8290682414698163,0.025430794331311072
screw,0,linsvm,manipulated_front/018.png,1021,6,1015,0.997208538587849,0.7331649831649831,0.9343185550082103,0.2612485028667445
screw,0,linsvm,scratch_head/005.png,1024,4,1020,0.995343137254902,0.37900641025641024,0.7855392156862745,0.06754044176922665
screw,0,linsvm,scratch_head/007.png,1024,6,1018,1.0,1.0,0.9945972495088409,0.7727272727272727
screw,0,linsvm,scratch_head/014.png,1023,5,1018,0.9982318271119842,0.8,0.9952848722986247,0.513095238095238
screw,0,linsvm,scratch_head/016.png,1021,4,1017,1.0,1.0,0.9995083579154376,0.9166666666666666
screw,0,linsvm,scratch_head/023.png,1022,6,1016,0.9968832020997376,0.7161236424394318,0.9105971128608924,0.2167904803461692
screw,0,linsvm,scratch_neck/008.png,1023,9,1014,1.0,1.0000000000000002,0.9810431733508655,0.7881986255549476
screw,0,linsvm,scratch_neck/011.png,1021,3,1018,1.0,1.0,0.9800261951538966,0.08637061862868314
screw,0,linsvm,scratch_neck/017.png,1024,8,1016,0.9990157480314961,0.9128787878787878,0.8679872047244094,0.13924078257589906
screw,0,linsvm,scratch_neck/018.png,1022,4,1018,1.0,1.0,1.0,1.0
screw,0,linsvm,scratch_neck/020.png,1022,13,1009,0.999390104444614,0.9583579881656803,0.9962643897232599,0.900143680686667
screw,0,linsvm,scratch_neck/024.png,1022,6,1016,1.0,1.0,0.9916338582677166,0.2894949494949495
screw,0,linsvm,thread_side/003.png,1021,7,1014,0.9234995773457313,0.6212069934356721,0.8750352211890673,0.7392303118750339
screw,0,linsvm,thread_side/009.png,1021,6,1015,0.9917898193760263,0.5672055984555985,0.7441707717569787,0.06659570944577303
screw,0,linsvm,thread_side/010.png,1023,7,1016,0.9984533183352081,0.8392857142857142,0.8284589426321709,0.09799346095027159
screw,0,linsvm,thread_side/019.png,1022,4,1018,0.9511296660117878,0.04947786131996658,0.7224950884086444,0.01864592858725217
screw,0,linsvm,thread_side/022.png,1023,8,1015,0.9883004926108375,0.5156083864965444,0.897536945812808,0.2322995573936541
screw,0,linsvm,thread_top/012.png,1024,4,1020,0.9936274509803922,0.26957070707070707,0.6943627450980392,0.16969230261119253
screw,0,linsvm,thread_top/015.png,1019,6,1013,0.9995064165844028,0.9150793650793649,0.7889108259295821,0.1884137694892267
screw,0,linsvm,thread_top/022.png,1023,9,1014,0.9984659215428445,0.8370863160078847,0.9673460442691211,0.19027004870842407
screw,1,linsvm,good/002.png,1024,0,1024,,,,
screw,1,linsvm,good/006.png,1024,0,1024,,,,
screw,1,linsvm,good/008.png,1024,0,1024,,,,
screw,1,linsvm,good/013.png,1024,0,1024,,,,
screw,1,linsvm,good/018.png,1024,0,1024,,,,
screw,1,linsvm,good/029.png,1024,0,1024,,,,
screw,1,linsvm,good/031.png,1024,0,1024,,,,
screw,1,linsvm,good/032.png,1024,0,1024,,,,
screw,1,linsvm,manipulated_front/002.png,1023,6,1017,0.9772205834152736,0.3151339629172142,0.7002622091117666,0.10456668349571674
screw,1,linsvm,manipulated_front/004.png,1021,5,1016,0.9978346456692914,0.7388888888888889,0.9116141732283464,0.09695767195767195
screw,1,linsvm,manipulated_front/006.png,1019,6,1013,0.9962158604804212,0.7117224880382774,0.6699572227706482,0.15472899748814226
screw,1,linsvm,manipulated_front/012.png,1022,3,1019,0.9980372914622179,0.6333333333333333,0.9352306182531893,0.08240410347903657
screw,1,linsvm,scratch_head/002.png,1022,6,1016,0.9998359580052494,0.976190476190476,0.8876312335958005,0.31471556053852534
screw,1,linsvm,scratch_head/006.png,1023,5,1018,0.999803536345776,0.9666666666666666,0.9854616895874263,0.6564912280701755
screw,1,linsvm,scratch_head/018.png,1022,7,1015,1.0,0.9999999999999998,0.984658691062632,0.6066326530612245
screw,1,linsvm,scratch_head/019.png,1021,5,1016,1.0,1.0,0.9988188976377953,0.8083333333333333
screw,1,linsvm,scratch_head/022.png,1024,4,1020,0.9740196078431372,0.12005357826253349,0.8659313725490196,0.6268248175182481
screw,1,linsvm,scratch_neck/001.png,1021,11,1010,1.0,1.0,0.9486048604860486,0.702506444737566
screw,1,linsvm,scratch_neck/003.png,1022,6,1016,1.0,1.0,0.9983595800524935,0.8958333333333333
screw,1,linsvm,scratch_neck/006.png,1017,9,1008,0.9153439153439153,0.7826367423141618,0.919973544973545,0.7828861381706912
screw,1,linsvm,scratch_neck/007.png,1022,6,1016,0.9991797900262467,0.8968253968253967,1.0,1.0
screw,1,linsvm,scratch_neck/010.png,1019,8,1011,1.0,1.0,0.9779920870425322,0.7715811965811965
screw,1,linsvm,scratch_neck/012.png,1021,6,1015,1.0,1.0,0.9903119868637109,0.26902799929115717
screw,1,linsvm,thread_side/001.png,1016,15,1001,0.9937395937395938,0.8033711262282691,0.9194805194805195,0.42377457876274255
screw,1,linsvm,thread_side/002.png,1021,6,1015,0.9932676518883415,0.3250915750915751,0.45615763546798027,0.17151514153251116
screw,1,linsvm,thread_side/005.png,1021,5,1016,0.9895669291338584,0.2378205128205128,0.7224409448818898,0.023484838433224423
screw,1,linsvm,thread_side/008.png,1019,5,1014,0.9970414201183432,0.6033333333333333,0.7560157790927021,0.028840781776077414
screw,1,linsvm,thread_side/013.png,1019,4,1015,0.9886699507389163,0.33333333333333337,0.7172413793103449,0.21145819261012863
screw,1,linsvm,thread_top/001.png,1024,11,1013,0.998564120972808,0.900118316027407,0.9751413443417393,0.646740177506799
screw,1,linsvm,thread_top/003.png,1023,9,1014,0.9990138067061144,0.9251543209876545,0.7694499232960772,0.06895651511267238
screw,1,linsvm,thread_top/011.png,1021,11,1010,0.9995499549954996,0.9653679653679654,0.9193069306930692,0.6652378081056867
screw,1,linsvm,thread_top/013.png,1023,5,1018,0.9980353634577603,0.731111111111111,0.9777996070726914,0.23384176107580362
screw,2,linsvm,good/007.png,1024,0,1024,,,,
screw,2,linsvm,good/014.png,1024,0,1024,,,,
screw,2,linsvm,good/020.png,1024,0,1024,,,,
screw,2,linsvm,good/027.png,1024,0,1024,,,,
screw,2,linsvm,good/030.png,1024,0,1024,,,,
screw,2,linsvm,good/033.png,1024,0,1024,,,,
screw,2,linsvm,good/037.png,1024,0,1024,,,,
screw,2,linsvm,good/038.png,1024,0,1024,,,,
screw,2,linsvm,manipulated_front/009.png,1021,12,1009,0.994796828543112,0.7765096618357489,0.7059795176742649,0.02855575930726558
screw,2,linsvm,manipulated_front/011.png,1023,6,1017,0.9891838741396264,0.56504329004329,0.9688626679777123,0.3992974539584709
screw,2,linsvm,manipulated_front/013.png,1023,7,1016,0.998734533183352,0.8401360544217686,0.9420697412823397,0.30531396529467886
screw,2,linsvm,manipulated_front/023.png,1024,6,1018,0.9977079240340537,0.6949786324786325,0.7449246889325474,0.2698892641594869
screw,2,linsvm,scratch_head/003.png,1023,5,1018,0.9950884086444007,0.506060606060606,0.9791748526522593,0.20037878787878788
screw,2,linsvm,scratch_head/008.png,1022,6,1016,1.0,1.0,0.9512795275590551,0.25615457082422366
screw,2,linsvm,scratch_head/010.png,1023,5,1018,0.9878192534381139,0.45555555555555555,0.8616895874263262,0.43458645811586993
screw,2,linsvm,scratch_head/012.png,1023,7,1016,0.999859392575928,0.982142857142857,0.8352080989876265,0.4400062126597566
screw,2,linsvm,scratch_neck/000.png,1020,4,1016,0.9963090551181103,0.8026315789473684,0.8673720472440944,0.03078528881315101
screw,2,linsvm,scratch_neck/005.png,1021,6,1015,0.929392446633826,0.4857625466841956,0.7817733990147784,0.03665960245348661
screw,2,linsvm,scratch_neck/009.png,1022,4,1018,1.0,1.0,1.0,1.0
screw,2,linsvm,scratch_neck/013.png,1023,5,1018,1.0,1.0,0.9954813359528487,0.3793040293040293
screw,2,linsvm,scratch_neck/015.png,1021,6,1015,1.0,1.0,1.0,1.0
screw,2,linsvm,scratch_neck/023.png,1022,3,1019,1.0,1.0,0.9977101733725875,0.7666666666666666
screw,2,linsvm,thread_side/004.png,1017,4,1013,0.9960513326752221,0.8,0.8131786771964462,0.016724705547525164
screw,2,linsvm,thread_side/006.png,1020,10,1010,0.993960396039604,0.6773934398934398,0.7413861386138614,0.05416663588883004
screw,2,linsvm,thread_side/011.png,1023,5,1018,0.9980353634577603,0.5977777777777777,0.7220039292730844,0.013353946686451177
screw,2,linsvm,thread_side/015.png,1023,7,1016,0.9966254218222722,0.7144300144300144,0.6948818897637795,0.15118899991512713
screw,2,linsvm,thread_side/017.png,1023,9,1014,0.9975893052816129,0.8196349459507355,0.9676747753670831,0.6885511867858743
screw,2,linsvm,thread_side/018.png,1023,7,1016,0.9969066366704162,0.7179962894248608,0.5060461192350956,0.07781920631844254
screw,2,linsvm,thread_top/008.png,1021,11,1010,0.9952295229522952,0.7401663695781344,0.6413141314131413,0.09781838716838424
screw,2,linsvm,thread_top/009.png,1023,9,1014,0.9923296077142231,0.6364197530864197,0.9067499452114837,0.2918588089278768
screw,2,linsvm,thread_top/010.png,1021,12,1009,0.9987611496531219,0.9296791443850269,0.6509745622728774,0.04366004613439113
screw,2,linsvm,thread_top/021.png,1020,8,1012,0.9998764822134387,0.9861111111111112,0.8347332015810276,0.35923845887059985
screw,3,linsvm,good/004.png,1024,0,1024,,,,
screw,3,linsvm,good/017.png,1024,0,1024,,,,
screw,3,linsvm,good/024.png,1024,0,1024,,,,
screw,3,linsvm,good/025.png,1024,0,1024,,,,
screw,3,linsvm,good/026.png,1024,0,1024,,,,
screw,3,linsvm,good/028.png,1024,0,1024,,,,
screw,3,linsvm,good/035.png,1024,0,1024,,,,
screw,3,linsvm,good/039.png,1024,0,1024,,,,
screw,3,linsvm,manipulated_front/010.png,1022,8,1014,0.998767258382643,0.8886113886113887,0.9672090729783037,0.41375889436234264
screw,3,linsvm,manipulated_front/019.png,1021,4,1017,1.0,1.0,0.890117994100295,0.14120855670151447
screw,3,linsvm,manipulated_front/020.png,1021,3,1018,1.0,1.0,0.6715782580222658,0.031593508911944665
screw,3,linsvm,manipulated_front/021.png,1022,3,1019,0.9872423945044161,0.24537037037037035,0.9947661105659144,0.34444444444444444
screw,3,linsvm,manipulated_front/022.png,1023,3,1020,0.965359477124183,0.5648148148148149,0.8777777777777778,0.19714714714714712
screw,3,linsvm,scratch_head/001.png,1023,6,1017,0.9980334316617503,0.7659090909090909,0.9880367092756472,0.22734487734487735
screw,3,linsvm,scratch_head/009.png,1022,7,1015,0.994088669950739,0.8775510204081631,0.98972554539057,0.49647009966777406
screw,3,linsvm,scratch_head/011.png,1021,5,1016,0.9998031496062992,0.9666666666666666,0.9982283464566929,0.6433333333333333
screw,3,linsvm,scratch_head/013.png,1022,4,1018,0.9995088408644401,0.9166666666666666,0.9503929273084479,0.7548543689320388
screw,3,linsvm,scratch_neck/002.png,1022,6,1016,0.9891732283464567,0.6897058823529412,0.9173228346456692,0.31395905594543
screw,3,linsvm,scratch_neck/004.png,1021,7,1014,0.9998591152437306,0.982142857142857,1.0,0.9999999999999998
screw,3,linsvm,scratch_neck/014.png,1022,6,1016,1.0,1.0,1.0,1.0
screw,3,linsvm,scratch_neck/021.png,1020,5,1015,1.0,1.0,1.0,1.0
screw,3,linsvm,scratch_neck/022.png,1023,3,1020,1.0,1.0,0.9996732026143791,0.9166666666666665
screw,3,linsvm,thread_side/000.png,1022,5,1017,0.9844641101278269,0.2570332480818414,0.2471976401179941,0.0037111131996752445
screw,3,linsvm,thread_side/007.png,1019,10,1009,0.9979187314172447,0.8208910533910533,0.7317145688800792,0.2383528377206765
screw,3,linsvm,thread_side/016.png,1023,12,1011,0.9930761622156281,0.7237626315359315,0.8185789647213979,0.06505844537291393
screw,3,linsvm,thread_side/020.png,1022,4,1018,0.9982809430255403,0.7875,0.9373772102161101,0.32846878568709553
screw,3,linsvm,thread_top/000.png,1022,12,1010,0.9986798679867986,0.9069113756613757,0.8386138613861386,0.4322822214553981
screw,3,linsvm,thread_top/004.png,1020,11,1009,0.9990990179295433,0.9508264462809919,0.8166050995585188,0.15161290355620446
screw,3,linsvm,thread_top/005.png,1018,18,1000,0.9945555555555555,0.835659741372236,0.6547222222222222,0.25261593512135766
screw,3,linsvm,thread_top/007.png,1020,12,1008,0.9990906084656085,0.9497655122655123,0.933614417989418,0.5106467049185265
screw,3,linsvm,thread_top/017.png,1022,3,1019,0.9993457638207393,0.8055555555555556,0.741249591102388,0.33764292481901553
screw,3,linsvm,thread_top/020.png,1020,11,1009,0.9995495089647717,0.9653679653679654,0.988467429498153,0.7195275095275095
screw,4,linsvm,good/000.png,1024,0,1024,,,,
screw,4,linsvm,good/009.png,1024,0,1024,,,,
screw,4,linsvm,good/010.png,1024,0,1024,,,,
screw,4,linsvm,good/011.png,1024,0,1024,,,,
screw,4,linsvm,good/012.png,1024,0,1024,,,,
screw,4,linsvm,good/015.png,1024,0,1024,,,,
screw,4,linsvm,good/019.png,1024,0,1024,,,,
screw,4,linsvm,good/040.png,1024,0,1024,,,,
screw,4,linsvm,manipulated_front/000.png,1021,7,1014,0.9845026768103691,0.4658831953834165,0.6866723020569174,0.1302127459865409
screw,4,linsvm,manipulated_front/001.png,1023,7,1016,0.9812992125984252,0.5276855344070754,0.9183070866141732,0.09852699359188075
screw,4,linsvm,manipulated_front/005.png,1021,7,1014,0.996618765849535,0.702295918367347,0.7176669484361792,0.10789827424793057
screw,4,linsvm,manipulated_front/008.png,1021,7,1014,0.9992955762186532,0.8736394557823128,0.9150464919695689,0.15752619850334082
screw,4,linsvm,manipulated_front/015.png,1023,9,1014,0.9943019943019943,0.8065941511063464,0.8506465044926583,0.1025035342743676
screw,4,linsvm,manipulated_front/016.png,1019,11,1008,0.9999098124098124,0.9924242424242424,0.9731240981240982,0.5084764425303967
screw,4,linsvm,manipulated_front/017.png,1023,3,1020,0.9915032679738562,0.7011494252873562,0.8833333333333333,0.3504069355980184
screw,4,linsvm,scratch_head/000.png,1021,5,1016,0.9998031496062992,0.9666666666666666,0.8127952755905511,0.06825137571484498
screw,4,linsvm,scratch_head/004.png,1023,5,1018,0.993713163064833,0.827027027027027,0.9960707269155207,0.6555555555555556
screw,4,linsvm,scratch_head/015.png,1023,8,1015,0.9998768472906404,0.9861111111111112,0.9801724137931034,0.5421762650929318
screw,4,linsvm,scratch_head/017.png,1023,6,1017,0.9975417895771878,0.8383458646616541,0.8908554572271387,0.5543199122467415
screw,4,linsvm,scratch_head/020.png,1024,6,1018,1.0,1.0,0.972822527832351,0.6574016563146997
screw,4,linsvm,scratch_head/021.png,1021,3,1018,1.0,1.0,0.988867059593975,0.18846153846153846
screw,4,linsvm,scratch_neck/016.png,1023,8,1015,0.9966748768472906,0.8482142857142857,0.9927339901477832,0.8745265151515151
screw,4,linsvm,scratch_neck/019.png,1021,7,1014,1.0,0.9999999999999998,1.0,0.9999999999999998
screw,4,linsvm,thread_side/012.png,1021,8,1013,0.9942003948667325,0.4655483405483406,0.674111549851925,0.1636097999462912
screw,4,linsvm,thread_side/014.png,1020,6,1014,0.9863576594345825,0.2600449273832095,0.8875739644970414,0.24974668723625895
screw,4,linsvm,thread_side/021.png,1024,7,1017,0.9998595308329822,0.9821428571428572,0.7715971344289929,0.1604298769195642
screw,4,linsvm,thread_top/002.png,1020,11,1009,0.9988287233084062,0.9185606060606062,0.8395350932516443,0.4458813656987264
screw,4,linsvm,thread_top/006.png,1021,12,1009,0.9995044598612487,0.9722222222222224,0.9679550710274198,0.8551853764921948
screw,4,linsvm,thread_top/014.png,1021,10,1011,0.9977250247279921,0.8619306418219461,0.6599406528189911,0.06345814753698428
screw,4,linsvm,thread_top/016.png,1022,9,1013,0.9982450367445431,0.8879629629629631,0.9083031699023801,0.25434213817054013
screw,4,linsvm,thread_top/018.png,1024,10,1014,0.9921104536489151,0.7175907425907425,0.6821499013806707,0.030457942275586236
screw,4,linsvm,thread_top/019.png,1018,12,1006,0.9993373094764745,0.9623538011695907,0.8053346587143804,0.7536653033434245
cable,0,logreg,bent_wire/009.png,1014,57,957,0.9904489541513135,0.8689671539545952,0.986727529377257,0.9610964181243578
cable,0,logreg,combined/000.png,1010,76,934,0.9954637664825876,0.9483280686435267,0.986715316127578,0.864464412827042
cable,0,logreg,combined/004.png,1010,76,934,0.9494815733122958,0.7208816485427386,0.863039558210301,0.5461195977682969
cable,0,logreg,cut_inner_insulation/004.png,1016,55,961,0.9764260713272159,0.9111949362981104,0.9684987229211994,0.8415339479259714
cable,0,logreg,cut_inner_insulation/007.png,1014,66,948,0.987805267868559,0.8410029599545708,0.9416315049226442,0.6094070277303081
cable,0,logreg,cut_inner_insulation/008.png,1020,41,979,0.9866713171728245,0.780169808065699,0.9692319190811928,0.6869796196062077
cable,0,logreg,cut_inner_insulation/013.png,1015,39,976,0.9865226986128626,0.7641412119201091,0.969577553593947,0.6498109074824413
cable,0,logreg,cut_outer_insulation/004.png,1015,45,970,0.917479954180985,0.3618633885334876,0.7693470790378008,0.25274115606719366
cable,0,logreg,good/000.png,1024,0,1024,,,,
cable,0,logreg,good/007.png,1024,0,1024,,,,
cable,0,logreg,good/014.png,1024,0,1024,,,,
cable,0,logreg,good/021.png,1024,0,1024,,,,
cable,0,logreg,good/023.png,1024,0,1024,,,,
cable,0,logreg,good/027.png,1024,0,1024,,,,
cable,0,logreg,good/028.png,1024,0,1024,,,,
cable,0,logreg,good/029.png,1024,0,1024,,,,
cable,0,logreg,good/030.png,1024,0,1024,,,,
cable,0,logreg,good/034.png,1024,0,1024,,,,
cable,0,logreg,good/049.png,1024,0,1024,,,,
cable,0,logreg,missing_cable/003.png,1021,87,934,0.9903763321765242,0.9382843372878089,0.9622314110610648,0.923569150396155
cable,0,logreg,missing_cable/004.png,1019,90,929,0.9928357851931586,0.9453579982899764,0.9653510345652434,0.8818994032033691
cable,0,logreg,missing_cable/006.png,1013,259,754,0.9984433087881364,0.995984482284822,0.9666028286717941,0.9396898944962379
cable,0,logreg,missing_cable/007.png,1017,179,838,0.9976333648884681,0.9906175537816511,0.9669471073719017,0.9401412282100614
cable,0,logreg,missing_cable/008.png,1014,163,851,0.9926683151543114,0.9740697193564144,0.9683230843540259,0.9315697945481145
cable,0,logreg,missing_wire/000.png,1022,31,991,0.9792649978841835,0.6620181399962041,0.9586601998632858,0.34479305970255003
cable,0,logreg,missing_wire/001.png,1017,23,994,1.0,1.0,0.9991689266030969,0.9661448014519043
cable,0,logreg,missing_wire/002.png,1017,23,994,0.9991251858979967,0.9604643991859633,0.988671157379057,0.7116266156207756
cable,0,logreg,missing_wire/005.png,1019,25,994,0.9995171026156942,0.9832367816091955,0.9868812877263581,0.6662266805004461
cable,0,logreg,missing_wire/007.png,1019,28,991,0.9996756522992648,0.9896945646945646,0.9850079284993514,0.7171305845877187
cable,0,logreg,poke_insulation/006.png,1014,35,979,0.9969648329198891,0.9426365348273793,0.981584707427404,0.8779336018922781
cable,1,logreg,bent_wire/002.png,1019,49,970,0.9939196297075531,0.9448577307168274,0.9917736166631601,0.8772827419558293
cable,1,logreg,bent_wire/005.png,1014,49,965,0.9948609495611717,0.933930677131528,0.9732261816643755,0.9027976303990953
cable,1,logreg,bent_wire/008.png,1018,27,991,0.9974212355645251,0.9077994125842439,0.9948050977314348,0.8346785634029881
cable,1,logreg,bent_wire/012.png,1009,102,907,0.9952439630758588,0.9508364593406202,0.9911364766413732,0.9357976471434342
cable,1,logreg,cable_swap/000.png,1015,89,926,0.9488193753488484,0.5962622804807248,0.8986458611400975,0.40081895585530514
cable,1,logreg,cable_swap/011.png,1019,71,948,0.8576840791584952,0.2992238667029637,0.8685446009389671,0.2691018414136321
cable,1,logreg,combined/003.png,1011,59,952,0.9869676684233015,0.8847167672667423,0.9860774818401937,0.9415735640738405
cable,1,logreg,cut_inner_insulation/001.png,1016,38,978,0.9946991712409858,0.9172346875010864,0.984312775804542,0.8560542614897617
cable,1,logreg,cut_inner_insulation/003.png,1015,89,926,0.9739850025481107,0.7969095296168356,0.9652728905283083,0.769466706066844
cable,1,logreg,cut_inner_insulation/011.png,1015,71,944,0.9681755788971115,0.7056223162544223,0.9573734781570782,0.7354111407645946
cable,1,logreg,cut_outer_insulation/005.png,1021,12,1009,0.9907499174099769,0.8601404955014849,0.9944664684506113,0.9293248945147679
cable,1,logreg,cut_outer_insulation/007.png,1012,40,972,0.9628086419753086,0.5876551274579374,0.8588734567901235,0.4777464130590736
cable,1,logreg,cut_outer_insulation/008.png,1015,48,967,0.8885513615994485,0.39966154558164013,0.895273181661496,0.4945987006408202
cable,1,logreg,good/002.png,1024,0,1024,,,,
cable,1,logreg,good/004.png,1024,0,1024,,,,
cable,1,logreg,good/013.png,1024,0,1024,,,,
cable,1,logreg,good/018.png,1024,0,1024,,,,
cable,1,logreg,good/019.png,1024,0,1024,,,,
cable,1,logreg,good/024.png,1024,0,1024,,,,
cable,1,logreg,good/037.png,1024,0,1024,,,,
cable,1,logreg,good/041.png,1024,0,1024,,,,
cable,1,logreg,good/047.png,1024,0,1024,,,,
cable,1,logreg,good/054.png,1024,0,1024,,,,
cable,1,logreg,good/057.png,1024,0,1024,,,,
cable,1,logreg,missing_cable/009.png,1015,171,844,0.9903342479421302,0.9531249879889637,0.9514010143843019,0.9148619491619514
cable,1,logreg,missing_wire/003.png,1015,54,961,0.9990364974756234,0.9908472838174383,0.9941997148032529,0.9357573606232193
cable,1,logreg,missing_wire/004.png,1013,56,957,0.9992722794446932,0.988340789477198,0.969286460665771,0.5309223420470756
cable,1,logreg,poke_insulation/000.png,1021,12,1009,0.9544928972580112,0.7559210440720214,0.9222001982160555,0.7835949280598141
cable,1,logreg,poke_insulation/008.png,1018,56,962,0.9769267894267893,0.8470390394235722,0.9296109296109296,0.768530071593774
cable,1,logreg,poke_insulation/009.png,1018,48,970,0.9701030927835051,0.854766016460688,0.9726374570446734,0.8562108141320798
cable,2,logreg,bent_wire/000.png,1014,35,979,0.9724500218882242,0.7106873056115997,0.9923537137020283,0.7812173450023776
cable,2,logreg,bent_wire/001.png,1019,22,997,0.9986778517370293,0.9659090909090908,0.9964438770858028,0.9288074431546454
cable,2,logreg,bent_wire/003.png,1019,21,998,0.9957056971085027,0.9180628464472405,0.9867353755129307,0.9154977075988547
cable,2,logreg,bent_wire/010.png,1011,69,942,0.9952613926582357,0.9019941652144207,0.9979076279270132,0.9620079927846404
cable,2,logreg,combined/001.png,1011,60,951,0.9972134595162986,0.9712189897787524,0.9885559060637925,0.9014987001142425
cable,2,logreg,combined/005.png,1012,174,838,0.9669917427920884,0.8638530921143682,0.8742421748552931,0.7201373007235159
cable,2,logreg,combined/007.png,1007,108,899,0.9612326453260824,0.76153016302559,0.8855209492028179,0.5347789907154427
cable,2,logreg,combined/009.png,1008,123,885,0.9519360617334987,0.6943815745153589,0.9094024160580588,0.611294887216413
cable,2,logreg,cut_inner_insulation/005.png,1019,40,979,0.9916241062308477,0.8600384299601094,0.9410367722165476,0.47586599785770317
cable,2,logreg,cut_inner_insulation/006.png,1020,31,989,0.9868227926546854,0.8363429257597838,0.9814736292768844,0.7264579621757914
cable,2,logreg,cut_inner_insulation/009.png,1010,82,928,0.9798938183347351,0.8537740255260525,0.969446488645921,0.7309362823878279
cable,2,logreg,cut_outer_insulation/000.png,1020,34,986,0.9566877460923517,0.802044552450958,0.9448753132084476,0.7396156659380678
cable,2,logreg,cut_outer_insulation/006.png,1017,18,999,0.9939383828272716,0.8929713804713805,0.9931042153264376,0.8787940315841849
cable,2,logreg,good/005.png,1024,0,1024,,,,
cable,2,logreg,good/006.png,1024,0,1024,,,,
cable,2,logreg,good/010.png,1024,0,1024,,,,
cable,2,logreg,good/011.png,1024,0,1024,,,,
cable,2,logreg,good/022.png,1024,0,1024,,,,
cable,2,logreg,good/033.png,1024,0,1024,,,,
cable,2,logreg,good/036.png,1024,0,1024,,,,
cable,2,logreg,good/038.png,1024,0,1024,,,,
cable,2,logreg,good/040.png,1024,0,1024,,,,
cable,2,logreg,good/042.png,1024,0,1024,,,,
cable,2,logreg,good/050.png,1024,0,1024,,,,
cable,2,logreg,good/055.png,1024,0,1024,,,,
cable,2,logreg,missing_cable/000.png,1016,85,931,0.9960447336829469,0.9685533481020334,0.9705692803437165,0.9448478829184457
cable,2,logreg,missing_cable/010.png,1019,95,924,0.9972431077694235,0.9804005115262154,0.9553315105946685,0.9102976018837254
cable,2,logreg,poke_insulation/002.png,1021,3,1018,1.0,1.0,0.9993451211525868,0.8666666666666667
cable,2,logreg,poke_insulation/003.png,1017,27,990,0.9983164983164984,0.9259727516762906,0.9969322858211748,0.8369706473276928
cable,2,logreg,poke_insulation/007.png,1016,60,956,0.9917712691771269,0.9394704409530064,0.9732043235704323,0.8656854883826407
cable,3,logreg,bent_wire/004.png,1012,51,961,0.9921854277611148,0.8122279021787506,0.9965926016608517,0.9115971140192506
cable,3,logreg,bent_wire/006.png,1017,61,956,0.9897798202894574,0.8590276841115976,0.9928150078880581,0.9368807913178798
cable,3,logreg,bent_wire/007.png,1013,56,957,0.9983019853709509,0.9763370176871726,0.9931519629795492,0.9495193444265404
cable,3,logreg,bent_wire/011.png,1000,158,842,0.9977299377612076,0.9837325601460201,0.9950539703538892,0.9809707586681792
cable,3,logreg,cable_swap/002.png,1013,74,939,0.9068733270011224,0.342231291778319,0.8386869297412428,0.21682942073044512
cable,3,logreg,cable_swap/003.png,1014,75,939,0.8753567625133121,0.2600370412724425,0.7828470003549877,0.18152652317941873
cable,3,logreg,cable_swap/004.png,1017,75,942,0.927515923566879,0.40971962340985923,0.8119745222929937,0.21333735858332437
cable,3,logreg,cable_swap/006.png,1014,87,927,0.864524048655284,0.3182032483611941,0.7538965145259086,0.18999418664181927
cable,3,logreg,cable_swap/007.png,1019,81,938,0.9102371739187659,0.3564118290953444,0.8380057385032509,0.2375514176524936
cable,3,logreg,cable_swap/009.png,1015,74,941,0.9341126461211477,0.38482406164745625,0.8533762242582645,0.26247987263103056
cable,3,logreg,cable_swap/010.png,1011,76,935,0.919969040247678,0.3769024562649246,0.8185054883197298,0.2054896065320191
cable,3,logreg,cut_inner_insulation/000.png,1016,45,971,0.9857420757523745,0.8567996891524221,0.9888774459320289,0.78399905952104
cable,3,logreg,cut_inner_insulation/010.png,1017,44,973,0.9826216948519106,0.790290773641733,0.9416518733065496,0.6570326011157616
cable,3,logreg,cut_outer_insulation/002.png,1021,22,999,0.9668304668304669,0.68545698623302,0.9650104650104652,0.6172997201652002
cable,3,logreg,cut_outer_insulation/003.png,1017,12,1005,0.9872305140961858,0.7330559745265628,0.9780265339966833,0.5881857847164828
cable,3,logreg,good/001.png,1024,0,1024,,,,
cable,3,logreg,good/003.png,1024,0,1024,,,,
cable,3,logreg,good/009.png,1024,0,1024,,,,
cable,3,logreg,good/015.png,1024,0,1024,,,,
cable,3,logreg,good/016.png,1024,0,1024,,,,
cable,3,logreg,good/020.png,1024,0,1024,,,,
cable,3,logreg,good/025.png,1024,0,1024,,,,
cable,3,logreg,good/031.png,1024,0,1024,,,,
cable,3,logreg,good/032.png,1024,0,1024,,,,
cable,3,logreg,good/045.png,1024,0,1024,,,,
cable,3,logreg,good/053.png,1024,0,1024,,,,
cable,3,logreg,good/056.png,1024,0,1024,,,,
cable,3,logreg,poke_insulation/001.png,1019,46,973,0.9655257160731043,0.8658494170437036,0.970954913088163,0.9105294667956421
cable,3,logreg,poke_insulation/004.png,1020,44,976,0.9493992175856929,0.6993183688328533,0.9158671758569299,0.7380733089540228
cable,3,logreg,poke_insulation/005.png,1017,19,998,0.9059170973525998,0.15143277483517298,0.9896635376015188,0.8241221518626646
cable,4,logreg,cable_swap/001.png,1012,81,931,0.9043773454801023,0.31490268432132285,0.8374109877869276,0.25530986044799786
cable,4,logreg,cable_swap/005.png,1014,81,933,0.9290619665753641,0.5631554909120863,0.8578989850872666,0.25689761623983276
cable,4,logreg,cable_swap/008.png,1017,81,936,0.9280494882346734,0.45639636386741483,0.9139363722697056,0.5257064912057731
cable,4,logreg,combined/002.png,1016,39,977,0.98105136078524,0.6987167183222902,0.977350864761305,0.8227554199961931
cable,4,logreg,combined/006.png,1016,114,902,0.9971019566654997,0.9794180174830958,0.952454584354456,0.8532480160632128
cable,4,logreg,combined/008.png,1007,76,931,0.9952936853411725,0.9411135922580729,0.9935694499406411,0.9185184336648416
cable,4,logreg,combined/010.png,1011,99,912,0.9805843522948787,0.8921901186327517,0.9223927875243665,0.8428953531277499
cable,4,logreg,cut_inner_insulation/002.png,1017,38,979,0.991344551368206,0.8973300339900921,0.9876888339336595,0.858082782864968
cable,4,logreg,cut_inner_insulation/012.png,1007,132,875,0.9634545454545455,0.8338848821717885,0.9284761904761905,0.7579006318162852
cable,4,logreg,cut_outer_insulation/001.png,1020,12,1008,0.9990079365079365,0.9254120879120881,0.9996693121693122,0.9763888888888891
cable,4,logreg,cut_outer_insulation/009.png,1016,19,997,0.9875415720846751,0.625326581263647,0.9548118038325503,0.5486509231036832
cable,4,logreg,good/008.png,1024,0,1024,,,,
cable,4,logreg,good/012.png,1024,0,1024,,,,
cable,4,logreg,good/017.png,1024,0,1024,,,,
cable,4,logreg,good/026.png,1024,0,1024,,,,
cable,4,logreg,good/035.png,1024,0,1024,,,,
cable,4,logreg,good/039.png,1024,0,1024,,,,
cable,4,logreg,good/043.png,1024,0,1024,,,,
cable,4,logreg,good/044.png,1024,0,1024,,,,
cable,4,logreg,good/046.png,1024,0,1024,,,,
cable,4,logreg,good/048.png,1024,0,1024,,,,
cable,4,logreg,good/051.png,1024,0,1024,,,,
cable,4,logreg,good/052.png,1024,0,1024,,,,
cable,4,logreg,missing_cable/001.png,1016,83,933,0.995222045739227,0.9624892634759822,0.9484626609331215,0.9131324008726905
cable,4,logreg,missing_cable/002.png,1021,81,940,0.9728526398739165,0.7272639734004118,0.9545442605726293,0.8809679727881009
cable,4,logreg,missing_cable/005.png,1020,82,938,0.9939934473971604,0.9511352257015154,0.9533777107493888,0.862213278165369
cable,4,logreg,missing_cable/011.png,1021,92,929,0.9925352178593159,0.9561842199264304,0.9501216829690644,0.9231509445885342
cable,4,logreg,missing_wire/006.png,1020,25,995,0.9981909547738693,0.941571890691382,0.9439195979899498,0.5520528247741557
cable,4,logreg,missing_wire/008.png,1018,26,992,0.9969758064516129,0.9374538955733309,0.9506436104218363,0.2840480102607299
cable,4,logreg,missing_wire/009.png,1022,28,994,1.0,1.0,0.9997125610807703,0.9899594703781895
cable,0,linsvm,bent_wire/009.png,1014,57,957,0.989752332765037,0.8617377509560357,0.986727529377257,0.9610964181243578
cable,0,linsvm,combined/000.png,1010,76,934,0.9953933280739321,0.9466139527262288,0.986715316127578,0.864464412827042
cable,0,linsvm,combined/004.png,1010,76,934,0.9495801870844134,0.715891840353512,0.863039558210301,0.5461195977682969
cable,0,linsvm,cut_inner_insulation/004.png,1016,55,961,0.97421246807303,0.9043567426744795,0.9684987229211994,0.8415339479259714
cable,0,linsvm,cut_inner_insulation/007.png,1014,66,948,0.9872938243191408,0.8329198026870126,0.9416315049226442,0.6094070277303081
cable,0,linsvm,cut_inner_insulation/008.png,1020,41,979,0.9873688930964897,0.7852290705021728,0.9692319190811928,0.6869796196062077
cable,0,linsvm,cut_inner_insulation/013.png,1015,39,976,0.9855506515342581,0.750990989547679,0.969577553593947,0.6498109074824413
cable,0,linsvm,cut_outer_insulation/004.png,1015,45,970,0.9126002290950744,0.34046204867900076,0.7693470790378008,0.25274115606719366
cable,0,linsvm,good/000.png,1024,0,1024,,,,
cable,0,linsvm,good/007.png,1024,0,1024,,,,
cable,0,linsvm,good/014.png,1024,0,1024,,,,
cable,0,linsvm,good/021.png,1024,0,1024,,,,
cable,0,linsvm,good/023.png,1024,0,1024,,,,
cable,0,linsvm,good/027.png,1024,0,1024,,,,
cable,0,linsvm,good/028.png,1024,0,1024,,,,
cable,0,linsvm,good/029.png,1024,0,1024,,,,
cable,0,linsvm,good/030.png,1024,0,1024,,,,
cable,0,linsvm,good/034.png,1024,0,1024,,,,
cable,0,linsvm,good/049.png,1024,0,1024,,,,
cable,0,linsvm,missing_cable/003.png,1021,87,934,0.9904993969824509,0.9368297203517737,0.9622314110610648,0.923569150396155
cable,0,linsvm,missing_cable/004.png,1019,90,929,0.992967348403301,0.9450020116902236,0.9653510345652434,0.8818994032033691
cable,0,linsvm,missing_cable/006.png,1013,259,754,0.998340894892619,0.9956336806135909,0.9666028286717941,0.9396898944962379
cable,0,linsvm,missing_cable/007.png,1017,179,838,0.9978200290662791,0.9910432178472649,0.9669471073719017,0.9401412282100614
cable,0,linsvm,missing_cable/008.png,1014,163,851,0.9933027185627878,0.9753297730515916,0.9683230843540259,0.9315697945481145
cable,0,linsvm,missing_wire/000.png,1022,31,991,0.9781257120536441,0.6436672893040202,0.9586601998632858,0.34479305970255003
cable,0,linsvm,missing_wire/001.png,1017,23,994,1.0,1.0,0.9991689266030969,0.9661448014519043
cable,0,linsvm,missing_wire/002.png,1017,23,994,0.9990377044877964,0.9563275554933539,0.988671157379057,0.7116266156207756
cable,0,linsvm,missing_wire/005.png,1019,25,994,0.9994366197183099,0.9796794693562311,0.9868812877263581,0.6662266805004461
cable,0,linsvm,missing_wire/007.png,1019,28,991,0.9998558454663399,0.9950207860922146,0.9850079284993514,0.7171305845877187
cable,0,linsvm,poke_insulation/006.png,1014,35,979,0.996672989931417,0.9382721428635875,0.981584707427404,0.8779336018922781
cable,1,linsvm,bent_wire/002.png,1019,49,970,0.9936881969282558,0.9405296670867535,0.9917736166631601,0.8772827419558293
cable,1,linsvm,bent_wire/005.png,1014,49,965,0.9949666913397484,0.9336252790327333,0.9732261816643755,0.9027976303990953
cable,1,linsvm,bent_wire/008.png,1018,27,991,0.996823261202676,0.8908884140472184,0.9948050977314348,0.8346785634029881
cable,1,linsvm,bent_wire/012.png,1009,102,907,0.994919687831031,0.9469854387098551,0.9911364766413732,0.9357976471434342
cable,1,linsvm,cable_swap/000.png,1015,89,926,0.9494503361079427,0.5990615152468736,0.8986458611400975,0.40081895585530514
cable,1,linsvm,cable_swap/011.png,1019,71,948,0.8626463421881501,0.30648180390590135,0.8685446009389671,0.2691018414136321
cable,1,linsvm,combined/003.png,1011,59,952,0.9862555191568153,0.8799576640543013,0.9860774818401937,0.9415735640738405
cable,1,linsvm,cut_inner_insulation/001.png,1016,38,978,0.9945915402001938,0.9132122060733395,0.984312775804542,0.8560542614897617
cable,1,linsvm,cut_inner_insulation/003.png,1015,89,926,0.9736695221685636,0.7922064551376368,0.9652728905283083,0.769466706066844
cable,1,linsvm,cut_inner_insulation/011.png,1015,71,944,0.9678771783241824,0.6989981965835561,0.9573734781570782,0.7354111407645946
cable,1,linsvm,cut_outer_insulation/005.png,1021,12,1009,0.9894284770399736,0.8321169832469268,0.9944664684506113,0.9293248945147679
cable,1,linsvm,cut_outer_insulation/007.png,1012,40,972,0.9640174897119341,0.5884297380485377,0.8588734567901235,0.4777464130590736
cable,1,linsvm,cut_outer_insulation/008.png,1015,48,967,0.8782531885556704,0.4007348037007278,0.895273181661496,0.4945987006408202
cable,1,linsvm,good/002.png,1024,0,1024,,,,
cable,1,linsvm,good/004.png,1024,0,1024,,,,
cable,1,linsvm,good/013.png,1024,0,1024,,,,
cable,1,linsvm,good/018.png,1024,0,1024,,,,
cable,1,linsvm,good/019.png,1024,0,1024,,,,
cable,1,linsvm,good/024.png,1024,0,1024,,,,
cable,1,linsvm,good/037.png,1024,0,1024,,,,
cable,1,linsvm,good/041.png,1024,0,1024,,,,
cable,1,linsvm,good/047.png,1024,0,1024,,,,
cable,1,linsvm,good/054.png,1024,0,1024,,,,
cable,1,linsvm,good/057.png,1024,0,1024,,,,
cable,1,linsvm,missing_cable/009.png,1015,171,844,0.9897868684349103,0.9496827416392215,0.9514010143843019,0.9148619491619514
cable,1,linsvm,missing_wire/003.png,1015,54,961,0.9992484680309863,0.9915697859094084,0.9941997148032529,0.9357573606232193
cable,1,linsvm,missing_wire/004.png,1013,56,957,0.9992909389461113,0.9886480714809086,0.969286460665771,0.5309223420470756
cable,1,linsvm,poke_insulation/000.png,1021,12,1009,0.9521803766105055,0.7619551050116556,0.9222001982160555,0.7835949280598141
cable,1,linsvm,poke_insulation/008.png,1018,56,962,0.9767040392040391,0.8456562228566311,0.9296109296109296,0.768530071593774
cable,1,linsvm,poke_insulation/009.png,1018,48,970,0.9693298969072164,0.8537141024793595,0.9726374570446734,0.8562108141320798
cable,2,linsvm,bent_wire/000.png,1014,35,979,0.9660878447395301,0.6688852423532929,0.9923537137020283,0.7812173450023776
cable,2,linsvm,bent_wire/001.png,1019,22,997,0.9980395732652503,0.9556238769092541,0.9964438770858028,0.9288074431546454
cable,2,linsvm,bent_wire/003.png,1019,21,998,0.9959442694913636,0.919343256814293,0.9867353755129307,0.9154977075988547
cable,2,linsvm,bent_wire/010.png,1011,69,942,0.9950460014154282,0.8959908040693748,0.9979076279270132,0.9620079927846404
cable,2,linsvm,combined/001.png,1011,60,951,0.9969155275148966,0.9686952401323674,0.9885559060637925,0.9014987001142425
cable,2,linsvm,combined/005.png,1012,174,838,0.965681836885853,0.8590079839332503,0.8742421748552931,0.7201373007235159
cable,2,linsvm,combined/007.png,1007,108,899,0.9622419972809293,0.7712602199730096,0.8855209492028179,0.5347789907154427
cable,2,linsvm,combined/009.png,1008,123,885,0.9510265950117128,0.6906162103156256,0.9094024160580588,0.611294887216413
cable,2,linsvm,cut_inner_insulation/005.png,1019,40,979,0.9911133810010215,0.8526597167467764,0.9410367722165476,0.47586599785770317
cable,2,linsvm,cut_inner_insulation/006.png,1020,31,989,0.9870511106037378,0.8332904209756072,0.9814736292768844,0.7264579621757914
cable,2,linsvm,cut_inner_insulation/009.png,1010,82,928,0.9797098402018503,0.8560002517775221,0.969446488645921,0.7309362823878279
cable,2,linsvm,cut_outer_insulation/000.png,1020,34,986,0.955196277293879,0.799492968904611,0.9448753132084476,0.7396156659380678
cable,2,linsvm,cut_outer_insulation/006.png,1017,18,999,0.9939383828272718,0.8913891778363104,0.9931042153264376,0.8787940315841849
cable,2,linsvm,good/005.png,1024,0,1024,,,,
cable,2,linsvm,good/006.png,1024,0,1024,,,,
cable,2,linsvm,good/010.png,1024,0,1024,,,,
cable,2,linsvm,good/011.png,1024,0,1024,,,,
cable,2,linsvm,good/022.png,1024,0,1024,,,,
cable,2,linsvm,good/033.png,1024,0,1024,,,,
cable,2,linsvm,good/036.png,1024,0,1024,,,,
cable,2,linsvm,good/038.png,1024,0,1024,,,,
cable,2,linsvm,good/040.png,1024,0,1024,,,,
cable,2,linsvm,good/042.png,1024,0,1024,,,,
cable,2,linsvm,good/050.png,1024,0,1024,,,,
cable,2,linsvm,good/055.png,1024,0,1024,,,,
cable,2,linsvm,missing_cable/000.png,1016,85,931,0.9957920010109307,0.9667272624620704,0.9705692803437165,0.9448478829184457
cable,2,linsvm,missing_cable/010.png,1019,95,924,0.9973912052859422,0.9810562128062352,0.9553315105946685,0.9102976018837254
cable,2,linsvm,poke_insulation/002.png,1021,3,1018,1.0,1.0,0.9993451211525868,0.8666666666666667
cable,2,linsvm,poke_insulation/003.png,1017,27,990,0.9983164983164984,0.9259727516762906,0.9969322858211748,0.8369706473276928
cable,2,linsvm,poke_insulation/007.png,1016,60,956,0.9919456066945608,0.9393909640942296,0.9732043235704323,0.8656854883826407
cable,3,linsvm,bent_wire/004.png,1012,51,961,0.9906755626287975,0.7875004172858017,0.9965926016608517,0.9115971140192506
cable,3,linsvm,bent_wire/006.png,1017,61,956,0.9881507647986831,0.8357992866194399,0.9928150078880581,0.9368807913178798
cable,3,linsvm,bent_wire/007.png,1013,56,957,0.9983393043737872,0.9762473116349312,0.9931519629795492,0.9495193444265404
cable,3,linsvm,bent_wire/011.png,1000,158,842,0.9977675215731081,0.9846226886454046,0.9950539703538892,0.9809707586681792
cable,3,linsvm,cable_swap/002.png,1013,74,939,0.9054629709581786,0.3377101010135389,0.8386869297412428,0.21682942073044512
cable,3,linsvm,cable_swap/003.png,1014,75,939,0.8763507277245297,0.2638103033266973,0.7828470003549877,0.18152652317941873
cable,3,linsvm,cable_swap/004.png,1017,75,942,0.9284501061571127,0.40984226653258476,0.8119745222929937,0.21333735858332437
cable,3,linsvm,cable_swap/006.png,1014,87,927,0.8622549566640628,0.3135741483344886,0.7538965145259086,0.18999418664181927
cable,3,linsvm,cable_swap/007.png,1019,81,938,0.9145542130616757,0.3754341726811017,0.8380057385032509,0.2375514176524936
cable,3,linsvm,cable_swap/009.png,1015,74,941,0.9319010828043771,0.3767431465010028,0.8533762242582645,0.26247987263103056
cable,3,linsvm,cable_swap/010.png,1011,76,935,0.9212637207993245,0.3819524766653941,0.8185054883197298,0.2054896065320191
cable,3,linsvm,cut_inner_insulation/000.png,1016,45,971,0.9848952969447304,0.8397080258907583,0.9888774459320289,0.78399905952104
cable,3,linsvm,cut_inner_insulation/010.png,1017,44,973,0.9803092590862375,0.760054765885785,0.9416518733065496,0.6570326011157616
cable,3,linsvm,cut_outer_insulation/002.png,1021,22,999,0.9694694694694694,0.6963623355141401,0.9650104650104652,0.6172997201652002
cable,3,linsvm,cut_outer_insulation/003.png,1017,12,1005,0.9860696517412936,0.717547905047905,0.9780265339966833,0.5881857847164828
cable,3,linsvm,good/001.png,1024,0,1024,,,,
cable,3,linsvm,good/003.png,1024,0,1024,,,,
cable,3,linsvm,good/009.png,1024,0,1024,,,,
cable,3,linsvm,good/015.png,1024,0,1024,,,,
cable,3,linsvm,good/016.png,1024,0,1024,,,,
cable,3,linsvm,good/020.png,1024,0,1024,,,,
cable,3,linsvm,good/025.png,1024,0,1024,,,,
cable,3,linsvm,good/031.png,1024,0,1024,,,,
cable,3,linsvm,good/032.png,1024,0,1024,,,,
cable,3,linsvm,good/045.png,1024,0,1024,,,,
cable,3,linsvm,good/053.png,1024,0,1024,,,,
cable,3,linsvm,good/056.png,1024,0,1024,,,,
cable,3,linsvm,poke_insulation/001.png,1019,46,973,0.9662183296840788,0.8669804480418686,0.970954913088163,0.9105294667956421
cable,3,linsvm,poke_insulation/004.png,1020,44,976,0.9484910581222057,0.6942266536033121,0.9158671758569299,0.7380733089540228
cable,3,linsvm,poke_insulation/005.png,1017,19,998,0.903702141124354,0.14462915879406565,0.9896635376015188,0.8241221518626646
cable,4,linsvm,cable_swap/001.png,1012,81,931,0.9037673548951745,0.31430378007608206,0.8374109877869276,0.25530986044799786
cable,4,linsvm,cable_swap/005.png,1014,81,933,0.9309012478001404,0.5649895947769337,0.8578989850872666,0.25689761623983276
cable,4,linsvm,cable_swap/008.png,1017,81,936,0.9267832647462276,0.4539200703432643,0.9139363722697056,0.5257064912057731
cable,4,linsvm,combined/002.png,1016,39,977,0.9801852872477234,0.6977561682727139,0.977350864761305,0.8227554199961931
cable,4,linsvm,combined/006.png,1016,114,902,0.9969269070681137,0.9788627855998789,0.952454584354456,0.8532480160632128
cable,4,linsvm,combined/008.png,1007,76,931,0.9950534230312624,0.9389732958179189,0.9935694499406411,0.9185184336648416
cable,4,linsvm,combined/010.png,1011,99,912,0.9815368598263335,0.8974610202075031,0.9223927875243665,0.8428953531277499
cable,4,linsvm,cut_inner_insulation/002.png,1017,38,979,0.9913714316434601,0.9064388757681524,0.9876888339336595,0.858082782864968
cable,4,linsvm,cut_inner_insulation/012.png,1007,132,875,0.9618614718614719,0.8240207799133775,0.9284761904761905,0.7579006318162852
cable,4,linsvm,cut_outer_insulation/001.png,1020,12,1008,0.9991732804232805,0.9364357864357865,0.9996693121693122,0.9763888888888891
cable,4,linsvm,cut_outer_insulation/009.png,1016,19,997,0.9868025128015626,0.5898621336112924,0.9548118038325503,0.5486509231036832
cable,4,linsvm,good/008.png,1024,0,1024,,,,
cable,4,linsvm,good/012.png,1024,0,1024,,,,
cable,4,linsvm,good/017.png,1024,0,1024,,,,
cable,4,linsvm,good/026.png,1024,0,1024,,,,
cable,4,linsvm,good/035.png,1024,0,1024,,,,
cable,4,linsvm,good/039.png,1024,0,1024,,,,
cable,4,linsvm,good/043.png,1024,0,1024,,,,
cable,4,linsvm,good/044.png,1024,0,1024,,,,
cable,4,linsvm,good/046.png,1024,0,1024,,,,
cable,4,linsvm,good/048.png,1024,0,1024,,,,
cable,4,linsvm,good/051.png,1024,0,1024,,,,
cable,4,linsvm,good/052.png,1024,0,1024,,,,
cable,4,linsvm,missing_cable/001.png,1016,83,933,0.9954544867573186,0.9638057862254686,0.9484626609331215,0.9131324008726905
cable,4,linsvm,missing_cable/002.png,1021,81,940,0.9659311794063566,0.6623183133559598,0.9545442605726293,0.8809679727881009
cable,4,linsvm,missing_cable/005.png,1020,82,938,0.9942014665349213,0.9523070732547402,0.9533777107493888,0.862213278165369
cable,4,linsvm,missing_cable/011.png,1021,92,929,0.992102307296298,0.9549125886186263,0.9501216829690644,0.9231509445885342
cable,4,linsvm,missing_wire/006.png,1020,25,995,0.9975879396984925,0.9220109524347916,0.9439195979899498,0.5520528247741557
cable,4,linsvm,missing_wire/008.png,1018,26,992,0.996549317617866,0.9347612913402387,0.9506436104218363,0.2840480102607299
cable,4,linsvm,missing_wire/009.png,1022,28,994,0.9999281402701926,0.9974929627023222,0.9997125610807703,0.9899594703781895
bottle,0,logreg,broken_large/001.png,1012,127,885,0.9983006361492949,0.9893751895731214,0.9879176119934161,0.9460195653925537
bottle,0,logreg,broken_large/017.png,1002,176,826,0.9957764692934183,0.9839779076504773,0.979590854061193,0.9464112593630338
bottle,0,logreg,broken_large/018.png,1008,167,841,0.991598254145692,0.9670526058545417,0.9910642448752911,0.9668994982349736
bottle,0,logreg,broken_small/001.png,1020,27,993,0.9947409645294841,0.8711537593671376,0.990563574652195,0.7607180179272103
bottle,0,logreg,broken_small/007.png,1019,29,990,0.9997213514454893,0.9903639441436706,0.9967258794845001,0.9369119709532032
bottle,0,logreg,broken_small/008.png,1015,28,987,0.9991315675206253,0.9692203137362031,0.993450571718049,0.727520986258427
bottle,0,logreg,broken_small/010.png,1012,60,952,0.9990721288515406,0.9867886162526165,0.9908963585434174,0.9348143507758125
bottle,0,logreg,broken_small/012.png,1013,97,916,0.9959595732228874,0.9717375799168065,0.9812722279746094,0.9030413484706803
bottle,0,logreg,broken_small/013.png,1015,43,972,0.9981577184419561,0.9690685506150859,0.9800220116757583,0.7738844560020909
bottle,0,logreg,broken_small/016.png,1012,26,986,0.9998829770635045,0.9960212201591512,0.9968793883601186,0.9709724238026124
bottle,0,logreg,contamination/004.png,1019,30,989,0.9930232558139536,0.7784626541867278,0.9898213683855747,0.6506293261514968
bottle,0,logreg,contamination/008.png,1006,187,819,0.9726809138573844,0.9435656231140265,0.9732555026672673,0.9128567640776046
bottle,0,logreg,contamination/013.png,1020,64,956,0.9857805962343096,0.8751817097176579,0.9926941684100419,0.9620021282477892
bottle,0,logreg,good/004.png,1024,0,1024,,,,
bottle,0,logreg,good/006.png,1024,0,1024,,,,
bottle,0,logreg,good/008.png,1024,0,1024,,,,
bottle,0,logreg,good/011.png,1024,0,1024,,,,
bottle,1,logreg,broken_large/004.png,1017,55,962,0.9972972972972973,0.9588799967309858,0.9966924966924967,0.9556140305977792
bottle,1,logreg,broken_large/014.png,1017,64,953,0.9973603095487933,0.967998503593103,0.9834896379853095,0.8965086673014553
bottle,1,logreg,broken_large/015.png,1011,118,893,0.998728339058971,0.994626519450091,0.9705430182018334,0.872164384791215
bottle,1,logreg,broken_small/000.png,1022,15,1007,1.0,1.0,0.9809996689837802,0.8543667679837893
bottle,1,logreg,broken_small/004.png,1015,44,971,0.9895140904409699,0.9395559224516298,0.9945697968355024,0.8452153446220122
bottle,1,logreg,broken_small/018.png,1016,74,942,0.9989814655419751,0.9870285728638851,0.9915504676651173,0.9453530389304144
bottle,1,logreg,contamination/001.png,1019,88,931,0.8207572502685284,0.36157054111634296,0.9717556879211015,0.7559468476589497
bottle,1,logreg,contamination/002.png,1019,25,994,0.9617706237424547,0.30900567951295405,0.9839436619718309,0.7982412601868139
bottle,1,logreg,contamination/006.png,1012,172,840,0.9999031007751938,0.9995279395818116,0.9819213732004428,0.9350908845628917
bottle,1,logreg,contamination/007.png,1014,80,934,0.9950080299785867,0.9380318942928118,0.9956370449678801,0.9770929832530489
bottle,1,logreg,contamination/015.png,1011,61,950,0.9821225194132874,0.7380754533697234,0.9872131147540983,0.8987273214709265
bottle,1,logreg,contamination/017.png,1011,111,900,0.9877477477477478,0.9694358435854417,0.9964564564564564,0.9843942314575259
bottle,1,logreg,contamination/018.png,1019,15,1004,0.9980743691899071,0.878368067118067,0.997875166002656,0.9506280193236714
bottle,1,logreg,good/000.png,1024,0,1024,,,,
bottle,1,logreg,good/009.png,1024,0,1024,,,,
bottle,1,logreg,good/012.png,1024,0,1024,,,,
bottle,1,logreg,good/013.png,1024,0,1024,,,,
bottle,2,logreg,broken_large/003.png,1005,337,668,0.9144752038948809,0.887885528817746,0.9283036301284671,0.906009192442874
bottle,2,logreg,broken_large/006.png,1010,184,826,0.9768067691335929,0.9392573809652001,0.9644962627645015,0.9133217065459843
bottle,2,logreg,broken_large/008.png,1008,161,847,0.9967074145504411,0.9845519246368285,0.9872109821291074,0.9461669905815266
bottle,2,logreg,broken_large/011.png,1013,99,914,0.9975023760581748,0.981341825116644,0.9813893862033907,0.8991598491230824
bottle,2,logreg,broken_large/016.png,1008,182,826,0.9978248144107709,0.9899567464979186,0.9892438070404173,0.966420608289904
bottle,2,logreg,broken_small/002.png,1017,49,968,0.9973857311519648,0.973057116064319,0.9735199865069996,0.8389116229430947
bottle,2,logreg,broken_small/003.png,1011,100,911,0.999549945115258,0.9967091058200193,0.9892864983534577,0.9263768910979455
bottle,2,logreg,broken_small/005.png,1019,23,996,0.999738082765846,0.9897658862876253,0.9827134625458355,0.8905475174532078
bottle,2,logreg,broken_small/006.png,1017,37,980,0.999669056811914,0.9919460814197656,0.9877275234418091,0.894140832628145
bottle,2,logreg,broken_small/014.png,1020,24,996,1.0,0.9999999999999998,0.9867804551539492,0.8871270029145384
bottle,2,logreg,broken_small/019.png,1017,38,979,1.0,1.0,0.9993279931186496,0.9840312301465467
bottle,2,logreg,contamination/012.png,1012,173,839,0.995122186473024,0.9834436101604678,0.9746257242657443,0.895621214971568
bottle,2,logreg,contamination/019.png,1018,44,974,0.9933264887063654,0.9313594587666743,0.9514653724099309,0.6709626197099916
bottle,2,logreg,good/002.png,1024,0,1024,,,,
bottle,2,logreg,good/003.png,1024,0,1024,,,,
bottle,2,logreg,good/014.png,1024,0,1024,,,,
bottle,2,logreg,good/016.png,1024,0,1024,,,,
bottle,3,logreg,broken_large/007.png,1006,198,808,0.9950432543254326,0.9802537444974205,0.9787541254125414,0.9364265203204445
bottle,3,logreg,broken_large/009.png,1012,110,902,0.9988308808707922,0.9894308855273486,0.9837331183229188,0.8999664454100172
bottle,3,logreg,broken_large/010.png,1014,140,874,0.9955214122262177,0.9680623400963086,0.9914677999346192,0.9299952694952488
bottle,3,logreg,broken_small/009.png,1020,32,988,0.9994622975708503,0.9829222499168018,0.9976277834008097,0.9512701499818724
bottle,3,logreg,broken_small/015.png,1018,24,994,0.9974429912810194,0.912953609252144,0.9984071093226022,0.9280487808625916
bottle,3,logreg,broken_small/017.png,1019,33,986,0.9985248017702378,0.9601346421796382,0.9917942098469481,0.8783830427278903
bottle,3,logreg,broken_small/021.png,1021,29,992,1.0,0.9999999999999998,0.9959329810901001,0.9145212761063737
bottle,3,logreg,contamination/003.png,1015,34,981,0.9979013011932603,0.9645393447249931,0.9892366732625772,0.8815459804861363
bottle,3,logreg,contamination/005.png,1011,144,867,0.9900198641548124,0.9556682385905105,0.9904203511469948,0.9551867119370602
bottle,3,logreg,contamination/009.png,1013,156,857,0.8630134937019418,0.7002825099273409,0.989857283906292,0.9515731654455122
bottle,3,logreg,contamination/010.png,1017,135,882,0.9737717309145881,0.8964762192482263,0.9898127152095406,0.9289551727254689
bottle,3,logreg,contamination/011.png,1013,169,844,0.9940407751198856,0.9780770048241484,0.9897010572366023,0.9506352673199014
bottle,3,logreg,good/005.png,1024,0,1024,,,,
bottle,3,logreg,good/010.png,1024,0,1024,,,,
bottle,3,logreg,good/015.png,1024,0,1024,,,,
bottle,3,logreg,good/018.png,1024,0,1024,,,,
bottle,4,logreg,broken_large/000.png,1013,134,879,0.9946767867148897,0.9739383728588888,0.9881989370553377,0.9525479222038817
bottle,4,logreg,broken_large/002.png,998,189,809,0.9968476334360141,0.9857591440638029,0.9691826737562212,0.8938775809329622
bottle,4,logreg,broken_large/005.png,1017,58,959,0.9970695048721728,0.9677806762557817,0.9879004710366402,0.9194783242197647
bottle,4,logreg,broken_large/012.png,1014,107,907,0.9994126678275922,0.9959645203308757,0.9686137930323857,0.8619703443437785
bottle,4,logreg,broken_large/013.png,1002,166,836,0.9976869199285179,0.9885190622417588,0.9851775523145213,0.9426849772090503
bottle,4,logreg,broken_large/019.png,1010,159,851,0.9841991294001138,0.9578897446394867,0.9593522973342496,0.8611840837198548
bottle,4,logreg,broken_small/011.png,1019,29,990,0.9994078718216649,0.9796575494632016,0.9963775687913619,0.9338628996214915
bottle,4,logreg,broken_small/020.png,1016,46,970,0.9985432541461228,0.9697196170517701,0.9858359480053788,0.882139457635099
bottle,4,logreg,contamination/000.png,1020,93,927,0.9903376599273874,0.9246586869407839,0.9825428309612463,0.8948062693011283
bottle,4,logreg,contamination/014.png,1016,15,1001,0.984015984015984,0.9255368814192344,0.9757575757575758,0.808652552808563
bottle,4,logreg,contamination/016.png,1014,171,843,0.9910511747934486,0.9597819493021631,0.9608957149695115,0.8482295579161123
bottle,4,logreg,contamination/020.png,1015,172,843,0.9995999889652128,0.9981998625360184,0.9795166763221054,0.9245158891602651
bottle,4,logreg,good/001.png,1024,0,1024,,,,
bottle,4,logreg,good/007.png,1024,0,1024,,,,
bottle,4,logreg,good/017.png,1024,0,1024,,,,
bottle,4,logreg,good/019.png,1024,0,1024,,,,
bottle,0,linsvm,broken_large/001.png,1012,127,885,0.9977668045731571,0.9855407707289411,0.9879176119934161,0.9460195653925537
bottle,0,linsvm,broken_large/017.png,1002,176,826,0.9958521351529825,0.9844351677838731,0.979590854061193,0.9464112593630338
bottle,0,linsvm,broken_large/018.png,1008,167,841,0.9880524325902298,0.9574328453502049,0.9910642448752911,0.9668994982349736
bottle,0,linsvm,broken_small/001.png,1020,27,993,0.9931744433255008,0.8470597869296244,0.990563574652195,0.7607180179272103
bottle,0,linsvm,broken_small/007.png,1019,29,990,0.9996865203761756,0.9894169744467008,0.9967258794845001,0.9369119709532032
bottle,0,linsvm,broken_small/008.png,1015,28,987,0.9987697206542192,0.9604723614005551,0.993450571718049,0.727520986258427
bottle,0,linsvm,broken_small/010.png,1012,60,952,0.9989670868347339,0.9852187022162225,0.9908963585434174,0.9348143507758125
bottle,0,linsvm,broken_small/012.png,1013,97,916,0.9953180569936524,0.96866775091004,0.9812722279746094,0.9030413484706803
bottle,0,linsvm,broken_small/013.png,1015,43,972,0.9977509809551153,0.9647881930012508,0.9800220116757583,0.7738844560020909
bottle,0,linsvm,broken_small/016.png,1012,26,986,0.999921984709003,0.9972527472527472,0.9968793883601186,0.9709724238026124
bottle,0,linsvm,contamination/004.png,1019,30,989,0.990798786653185,0.7235122570175092,0.9898213683855747,0.6506293261514968
bottle,0,linsvm,contamination/008.png,1006,187,819,0.9818220994691582,0.9522378131801297,0.9732555026672673,0.9128567640776046
bottle,0,linsvm,contamination/013.png,1020,64,956,0.9822012290794979,0.8413756324357534,0.9926941684100419,0.9620021282477892
bottle,0,linsvm,good/004.png,1024,0,1024,,,,
bottle,0,linsvm,good/006.png,1024,0,1024,,,,
bottle,0,linsvm,good/008.png,1024,0,1024,,,,
bottle,0,linsvm,good/011.png,1024,0,1024,,,,
bottle,1,linsvm,broken_large/004.png,1017,55,962,0.9967680967680967,0.9519021046240487,0.9966924966924967,0.9556140305977792
bottle,1,linsvm,broken_large/014.png,1017,64,953,0.997147166841553,0.9648548943501217,0.9834896379853095,0.8965086673014553
bottle,1,linsvm,broken_large/015.png,1011,118,893,0.9989086491924004,0.9947725053137434,0.9705430182018334,0.872164384791215
bottle,1,linsvm,broken_small/000.png,1022,15,1007,0.999933796756041,0.9958333333333333,0.9809996689837802,0.8543667679837893
bottle,1,linsvm,broken_small/004.png,1015,44,971,0.9878990731204944,0.9348499774515662,0.9945697968355024,0.8452153446220122
bottle,1,linsvm,broken_small/018.png,1016,74,942,0.9991105755436965,0.9892529273735268,0.9915504676651173,0.9453530389304144
bottle,1,linsvm,contamination/001.png,1019,88,931,0.7932697002245874,0.3261435696207533,0.9717556879211015,0.7559468476589497
bottle,1,linsvm,contamination/002.png,1019,25,994,0.9513883299798792,0.2584362047443818,0.9839436619718309,0.7982412601868139
bottle,1,linsvm,contamination/006.png,1012,172,840,0.999826965669989,0.999151647943394,0.9819213732004428,0.9350908845628917
bottle,1,linsvm,contamination/007.png,1014,80,934,0.9959850107066381,0.9523200198127416,0.9956370449678801,0.9770929832530489
bottle,1,linsvm,contamination/015.png,1011,61,950,0.9762381363244176,0.7130893452397038,0.9872131147540983,0.8987273214709265
bottle,1,linsvm,contamination/017.png,1011,111,900,0.9862162162162162,0.9665551385934666,0.9964564564564564,0.9843942314575259
bottle,1,linsvm,contamination/018.png,1019,15,1004,0.9979415670650731,0.857872332010263,0.997875166002656,0.9506280193236714
bottle,1,linsvm,good/000.png,1024,0,1024,,,,
bottle,1,linsvm,good/009.png,1024,0,1024,,,,
bottle,1,linsvm,good/012.png,1024,0,1024,,,,
bottle,1,linsvm,good/013.png,1024,0,1024,,,,
bottle,2,linsvm,broken_large/003.png,1005,337,668,0.9100996819417546,0.8818825913203774,0.9283036301284671,0.906009192442874
bottle,2,linsvm,broken_large/006.png,1010,184,826,0.9738525107906095,0.9345412428493645,0.9644962627645015,0.9133217065459843
bottle,2,linsvm,broken_large/008.png,1008,161,847,0.9967514134651345,0.9845776232805113,0.9872109821291074,0.9461669905815266
bottle,2,linsvm,broken_large/011.png,1013,99,914,0.997601838958513,0.9814395541443268,0.9813893862033907,0.8991598491230824
bottle,2,linsvm,broken_large/016.png,1008,182,826,0.9969866695048293,0.9858095171090592,0.9892438070404173,0.966420608289904
bottle,2,linsvm,broken_small/002.png,1017,49,968,0.994117895091921,0.9655955390147948,0.9735199865069996,0.8389116229430947
bottle,2,linsvm,broken_small/003.png,1011,100,911,0.9994401756311745,0.9955387960427791,0.9892864983534577,0.9263768910979455
bottle,2,linsvm,broken_small/005.png,1019,23,996,0.999694429893487,0.9886128364389233,0.9827134625458355,0.8905475174532078
bottle,2,linsvm,broken_small/006.png,1017,37,980,0.9994484280198566,0.9872217727851638,0.9877275234418091,0.894140832628145
bottle,2,linsvm,broken_small/014.png,1020,24,996,1.0,0.9999999999999998,0.9867804551539492,0.8871270029145384
bottle,2,linsvm,broken_small/019.png,1017,38,979,1.0,1.0,0.9993279931186496,0.9840312301465467
bottle,2,linsvm,contamination/012.png,1012,173,839,0.9943574445217607,0.9815864556892736,0.9746257242657443,0.895621214971568
bottle,2,linsvm,contamination/019.png,1018,44,974,0.9929998133283553,0.9356373906439183,0.9514653724099309,0.6709626197099916
bottle,2,linsvm,good/002.png,1024,0,1024,,,,
bottle,2,linsvm,good/003.png,1024,0,1024,,,,
bottle,2,linsvm,good/014.png,1024,0,1024,,,,
bottle,2,linsvm,good/016.png,1024,0,1024,,,,
bottle,3,linsvm,broken_large/007.png,1006,198,808,0.9938681368136814,0.9751858895114457,0.9787541254125414,0.9364265203204445
bottle,3,linsvm,broken_large/009.png,1012,110,902,0.998669623059867,0.9883881338423528,0.9837331183229188,0.8999664454100172
bottle,3,linsvm,broken_large/010.png,1014,140,874,0.9948430859758091,0.963920596493056,0.9914677999346192,0.9299952694952488
bottle,3,linsvm,broken_small/009.png,1020,32,988,0.9995571862348178,0.9858360585973733,0.9976277834008097,0.9512701499818724
bottle,3,linsvm,broken_small/015.png,1018,24,994,0.9958501006036218,0.8444657300098533,0.9984071093226022,0.9280487808625916
bottle,3,linsvm,broken_small/017.png,1019,33,986,0.9979101358411703,0.9499599499278342,0.9917942098469481,0.8783830427278903
bottle,3,linsvm,broken_small/021.png,1021,29,992,1.0,0.9999999999999998,0.9959329810901001,0.9145212761063737
bottle,3,linsvm,contamination/003.png,1015,34,981,0.9973616357858128,0.9583488806477988,0.9892366732625772,0.8815459804861363
bottle,3,linsvm,contamination/005.png,1011,144,867,0.9943130847110087,0.9707402293789538,0.9904203511469948,0.9551867119370602
bottle,3,linsvm,contamination/009.png,1013,156,857,0.8873006612213146,0.7223636541833263,0.989857283906292,0.9515731654455122
bottle,3,linsvm,contamination/010.png,1017,135,882,0.9797933988410179,0.9126682783172282,0.9898127152095406,0.9289551727254689
bottle,3,linsvm,contamination/011.png,1013,169,844,0.9935780588350767,0.9803467102311272,0.9897010572366023,0.9506352673199014
bottle,3,linsvm,good/005.png,1024,0,1024,,,,
bottle,3,linsvm,good/010.png,1024,0,1024,,,,
bottle,3,linsvm,good/015.png,1024,0,1024,,,,
bottle,3,linsvm,good/018.png,1024,0,1024,,,,
bottle,4,linsvm,broken_large/000.png,1013,134,879,0.9922401643658839,0.9692194792993429,0.9881989370553377,0.9525479222038817
bottle,4,linsvm,broken_large/002.png,998,189,809,0.995997410088881,0.9804486192789658,0.9691826737562212,0.8938775809329622
bottle,4,linsvm,broken_large/005.png,1017,58,959,0.997393117831074,0.969856996617115,0.9879004710366402,0.9194783242197647
bottle,4,linsvm,broken_large/012.png,1014,107,907,0.99923749858319,0.9947965396048859,0.9686137930323857,0.8619703443437785
bottle,4,linsvm,broken_large/013.png,1002,166,836,0.997117657231798,0.9859176058706206,0.9851775523145213,0.9426849772090503
bottle,4,linsvm,broken_large/019.png,1010,159,851,0.9824401924483959,0.9541337046273213,0.9593522973342496,0.8611840837198548
bottle,4,linsvm,broken_small/011.png,1019,29,990,0.9994427028909787,0.9799769335134382,0.9963775687913619,0.9338628996214915
bottle,4,linsvm,broken_small/020.png,1016,46,970,0.9987673688928731,0.9757292510107929,0.9858359480053788,0.882139457635099
bottle,4,linsvm,contamination/000.png,1020,93,927,0.99036085882312,0.9229378446279628,0.9825428309612463,0.8948062693011283
bottle,4,linsvm,contamination/014.png,1016,15,1001,0.9836829836829837,0.928875968992248,0.9757575757575758,0.808652552808563
bottle,4,linsvm,contamination/016.png,1014,171,843,0.9917587563214085,0.9627330222252272,0.9608957149695115,0.8482295579161123
bottle,4,linsvm,contamination/020.png,1015,172,843,0.998606858120224,0.9937866982417872,0.9795166763221054,0.9245158891602651
bottle,4,linsvm,good/001.png,1024,0,1024,,,,
bottle,4,linsvm,good/007.png,1024,0,1024,,,,
bottle,4,linsvm,good/017.png,1024,0,1024,,,,
bottle,4,linsvm,good/019.png,1024,0,1024,,,,
macaroni2,0,logreg,bad/006.JPG,1535,4,1531,1.0,1.0,0.9980404964075767,0.8125
macaroni2,0,logreg,bad/014.JPG,1534,2,1532,1.0,1.0,1.0,1.0
macaroni2,0,logreg,bad/018.JPG,1533,1,1532,1.0,1.0,1.0,1.0
macaroni2,0,logreg,bad/034.JPG,1535,1,1534,1.0,1.0,0.9928292046936114,0.08333333333333333
macaroni2,0,logreg,bad/047.JPG,1533,2,1531,0.9993468321358588,0.75,0.9866100587851077,0.15
macaroni2,0,logreg,bad/050.JPG,1532,1,1531,1.0,1.0,0.9477465708687133,0.012345679012345678
macaroni2,0,logreg,bad/051.JPG,1534,1,1533,1.0,1.0,1.0,1.0
macaroni2,0,logreg,bad/056.JPG,1534,3,1531,0.9965164380579142,0.44771241830065356,0.9673416067929458,0.0377217553688142
macaroni2,0,logreg,bad/064.JPG,1532,2,1530,1.0,1.0,0.9937908496732026,0.13392857142857142
macaroni2,0,logreg,bad/067.JPG,1531,4,1527,0.9995088408644401,0.8928571428571428,0.9603798297314996,0.04713764107577785
macaroni2,0,logreg,bad/069.JPG,1534,1,1533,0.9993476842791911,0.5,0.979778212654925,0.03125
macaroni2,0,logreg,bad/070.JPG,1534,5,1529,0.9992151733158928,0.7683333333333333,0.9959450621321125,0.31272727272727274
macaroni2,0,logreg,bad/072.JPG,1526,0,1526,,,,
macaroni2,0,logreg,bad/076.JPG,1529,0,1529,,,,
macaroni2,0,logreg,bad/077.JPG,1518,4,1514,0.9686261558784677,0.609375,0.989762219286658,0.43306010928961747
macaroni2,0,logreg,bad/078.JPG,1527,0,1527,,,,
macaroni2,0,logreg,bad/080.JPG,1524,0,1524,,,,
macaroni2,0,logreg,bad/084.JPG,1529,1,1528,1.0,1.0,1.0,1.0
macaroni2,0,logreg,bad/086.JPG,1531,3,1528,1.0,1.0,0.993237347294939,0.15925925925925927
macaroni2,0,logreg,bad/095.JPG,1529,3,1526,1.0,1.0,0.9997815640017474,0.9166666666666665
macaroni2,0,logreg,good/0011.JPG,1536,0,1536,,,,
macaroni2,0,logreg,good/0024.JPG,1536,0,1536,,,,
macaroni2,0,logreg,good/0178.JPG,1536,0,1536,,,,
macaroni2,0,logreg,good/0215.JPG,1536,0,1536,,,,
macaroni2,0,logreg,good/0303.JPG,1536,0,1536,,,,
macaroni2,0,logreg,good/0427.JPG,1536,0,1536,,,,
macaroni2,0,logreg,good/0518.JPG,1536,0,1536,,,,
macaroni2,0,logreg,good/0621.JPG,1536,0,1536,,,,
macaroni2,0,logreg,good/0648.JPG,1536,0,1536,,,,
macaroni2,0,logreg,good/0659.JPG,1536,0,1536,,,,
macaroni2,0,logreg,good/0684.JPG,1536,0,1536,,,,
macaroni2,0,logreg,good/0685.JPG,1536,0,1536,,,,
macaroni2,0,logreg,good/0694.JPG,1536,0,1536,,,,
macaroni2,0,logreg,good/0751.JPG,1536,0,1536,,,,
macaroni2,0,logreg,good/0784.JPG,1536,0,1536,,,,
macaroni2,0,logreg,good/0790.JPG,1536,0,1536,,,,
macaroni2,0,logreg,good/0797.JPG,1536,0,1536,,,,
macaroni2,0,logreg,good/0900.JPG,1536,0,1536,,,,
macaroni2,0,logreg,good/0964.JPG,1536,0,1536,,,,
macaroni2,0,logreg,good/0985.JPG,1536,0,1536,,,,
macaroni2,1,logreg,bad/004.JPG,1535,3,1532,0.9995648389904265,0.8055555555555556,1.0,1.0
macaroni2,1,logreg,bad/005.JPG,1534,2,1532,1.0,1.0,1.0,1.0
macaroni2,1,logreg,bad/016.JPG,1536,1,1535,1.0,1.0,1.0,1.0
macaroni2,1,logreg,bad/021.JPG,1535,1,1534,1.0,1.0,1.0,1.0
macaroni2,1,logreg,bad/026.JPG,1534,1,1533,1.0,1.0,1.0,1.0
macaroni2,1,logreg,bad/028.JPG,1536,2,1534,1.0,1.0,1.0,1.0
macaroni2,1,logreg,bad/033.JPG,1536,1,1535,1.0,1.0,0.9804560260586319,0.03225806451612903
macaroni2,1,logreg,bad/035.JPG,1534,2,1532,1.0,1.0,1.0,1.0
macaroni2,1,logreg,bad/036.JPG,1536,2,1534,1.0,1.0,1.0,1.0
macaroni2,1,logreg,bad/037.JPG,1535,1,1534,1.0,1.0,1.0,1.0
macaroni2,1,logreg,bad/044.JPG,1534,0,1534,,,,
macaroni2,1,logreg,bad/046.JPG,1535,6,1529,0.9995639851754959,0.8734126984126983,0.9849574885546108,0.1564388535441167
macaroni2,1,logreg,bad/054.JPG,1534,5,1529,0.997514715500327,0.7033333333333334,0.9877043819489862,0.20257575757575758
macaroni2,1,logreg,bad/065.JPG,1535,3,1532,0.9982593559617058,0.5916666666666666,0.9462576153176675,0.35115384615384615
macaroni2,1,logreg,bad/066.JPG,1533,4,1529,1.0,1.0,0.9843034663178548,0.12373772791023843
macaroni2,1,logreg,bad/073.JPG,1522,0,1522,,,,
macaroni2,1,logreg,bad/081.JPG,1529,0,1529,,,,
macaroni2,1,logreg,bad/089.JPG,1530,3,1527,1.0,1.0,0.9980353634577603,0.38333333333333336
macaroni2,1,logreg,bad/097.JPG,1528,5,1523,0.9084701247537754,0.8014245014245015,0.8227183191070256,0.6007423904974017
macaroni2,1,logreg,bad/098.JPG,1536,4,1532,1.0,1.0,0.9960835509138382,0.3326388888888889
macaroni2,1,logreg,good/0016.JPG,1536,0,1536,,,,
macaroni2,1,logreg,good/0026.JPG,1536,0,1536,,,,
macaroni2,1,logreg,good/0046.JPG,1536,0,1536,,,,
macaroni2,1,logreg,good/0174.JPG,1536,0,1536,,,,
macaroni2,1,logreg,good/0237.JPG,1536,0,1536,,,,
macaroni2,1,logreg,good/0306.JPG,1536,0,1536,,,,
macaroni2,1,logreg,good/0363.JPG,1536,0,1536,,,,
macaroni2,1,logreg,good/0394.JPG,1536,0,1536,,,,
macaroni2,1,logreg,good/0402.JPG,1536,0,1536,,,,
macaroni2,1,logreg,good/0514.JPG,1536,0,1536,,,,
macaroni2,1,logreg,good/0545.JPG,1536,0,1536,,,,
macaroni2,1,logreg,good/0552.JPG,1536,0,1536,,,,
macaroni2,1,logreg,good/0631.JPG,1536,0,1536,,,,
macaroni2,1,logreg,good/0674.JPG,1536,0,1536,,,,
macaroni2,1,logreg,good/0690.JPG,1536,0,1536,,,,
macaroni2,1,logreg,good/0768.JPG,1536,0,1536,,,,
macaroni2,1,logreg,good/0800.JPG,1536,0,1536,,,,
macaroni2,1,logreg,good/0892.JPG,1536,0,1536,,,,
macaroni2,1,logreg,good/0920.JPG,1536,0,1536,,,,
macaroni2,1,logreg,good/0996.JPG,1536,0,1536,,,,
macaroni2,2,logreg,bad/000.JPG,1534,3,1531,1.0,1.0,1.0,1.0
macaroni2,2,logreg,bad/003.JPG,1534,1,1533,1.0,1.0,0.9895629484670581,0.058823529411764705
macaroni2,2,logreg,bad/007.JPG,1532,2,1530,1.0,1.0,1.0,1.0
macaroni2,2,logreg,bad/008.JPG,1533,2,1531,1.0,1.0,1.0,1.0
macaroni2,2,logreg,bad/017.JPG,1536,2,1534,1.0,1.0,1.0,1.0
macaroni2,2,logreg,bad/019.JPG,1536,2,1534,1.0,1.0,0.9990221642764016,0.7
macaroni2,2,logreg,bad/020.JPG,1534,1,1533,1.0,1.0,1.0,1.0
macaroni2,2,logreg,bad/023.JPG,1536,2,1534,1.0,1.0,0.999348109517601,0.5833333333333333
macaroni2,2,logreg,bad/029.JPG,1535,2,1533,1.0,1.0,1.0,1.0
macaroni2,2,logreg,bad/032.JPG,1533,1,1532,1.0,1.0,0.9973890339425587,0.2
macaroni2,2,logreg,bad/038.JPG,1535,1,1534,1.0,1.0,1.0,1.0
macaroni2,2,logreg,bad/041.JPG,1536,2,1534,1.0,1.0,1.0,1.0
macaroni2,2,logreg,bad/049.JPG,1532,6,1526,0.9978156400174749,0.7254901960784313,0.8500436871996505,0.06445988965585668
macaroni2,2,logreg,bad/052.JPG,1533,4,1529,0.9991824722040549,0.8125,0.9166121648136036,0.03414063765377506
macaroni2,2,logreg,bad/060.JPG,1533,3,1530,0.99760348583878,0.7380952380952381,0.989760348583878,0.4879432624113475
macaroni2,2,logreg,bad/074.JPG,1526,0,1526,,,,
macaroni2,2,logreg,bad/091.JPG,1529,6,1523,0.9597286058218429,0.8360071301247772,0.9020573429634493,0.8344432112467629
macaroni2,2,logreg,bad/092.JPG,1530,2,1528,0.9996727748691099,0.8333333333333333,1.0,1.0
macaroni2,2,logreg,bad/094.JPG,1529,6,1523,0.9992339680455242,0.9102564102564102,0.9387174436419349,0.12165892586412884
macaroni2,2,logreg,bad/096.JPG,1528,3,1525,1.0,1.0,1.0,1.0
macaroni2,2,logreg,good/0168.JPG,1536,0,1536,,,,
macaroni2,2,logreg,good/0170.JPG,1536,0,1536,,,,
macaroni2,2,logreg,good/0208.JPG,1536,0,1536,,,,
macaroni2,2,logreg,good/0261.JPG,1536,0,1536,,,,
macaroni2,2,logreg,good/0377.JPG,1536,0,1536,,,,
macaroni2,2,logreg,good/0400.JPG,1536,0,1536,,,,
macaroni2,2,logreg,good/0423.JPG,1536,0,1536,,,,
macaroni2,2,logreg,good/0615.JPG,1536,0,1536,,,,
macaroni2,2,logreg,good/0617.JPG,1536,0,1536,,,,
macaroni2,2,logreg,good/0619.JPG,1536,0,1536,,,,
macaroni2,2,logreg,good/0629.JPG,1536,0,1536,,,,
macaroni2,2,logreg,good/0657.JPG,1536,0,1536,,,,
macaroni2,2,logreg,good/0725.JPG,1536,0,1536,,,,
macaroni2,2,logreg,good/0739.JPG,1536,0,1536,,,,
macaroni2,2,logreg,good/0755.JPG,1536,0,1536,,,,
macaroni2,2,logreg,good/0804.JPG,1536,0,1536,,,,
macaroni2,2,logreg,good/0844.JPG,1536,0,1536,,,,
macaroni2,2,logreg,good/0869.JPG,1536,0,1536,,,,
macaroni2,2,logreg,good/0923.JPG,1536,0,1536,,,,
macaroni2,2,logreg,good/0967.JPG,1536,0,1536,,,,
macaroni2,3,logreg,bad/001.JPG,1533,2,1531,1.0,1.0,1.0,1.0
macaroni2,3,logreg,bad/009.JPG,1536,4,1532,1.0,1.0,0.9996736292428199,0.9166666666666666
macaroni2,3,logreg,bad/010.JPG,1534,2,1532,0.9804177545691907,0.5161290322580645,0.9993472584856398,0.75
macaroni2,3,logreg,bad/011.JPG,1534,1,1533,1.0,1.0,1.0,1.0
macaroni2,3,logreg,bad/012.JPG,1536,1,1535,1.0,1.0,0.9993485342019544,0.5
macaroni2,3,logreg,bad/022.JPG,1534,2,1532,1.0,1.0,0.9996736292428198,0.8333333333333333
macaroni2,3,logreg,bad/024.JPG,1534,2,1532,1.0,1.0,1.0,1.0
macaroni2,3,logreg,bad/027.JPG,1534,1,1533,1.0,1.0,1.0,1.0
macaroni2,3,logreg,bad/040.JPG,1535,1,1534,1.0,1.0,1.0,1.0
macaroni2,3,logreg,bad/045.JPG,1536,1,1535,1.0,1.0,0.9954397394136808,0.125
macaroni2,3,logreg,bad/048.JPG,1534,6,1528,0.881108202443281,0.08184352657066521,0.8520942408376962,0.026362318305402376
macaroni2,3,logreg,bad/053.JPG,1535,3,1532,1.0,1.0,0.9699738903394256,0.0742958768873403
macaroni2,3,logreg,bad/057.JPG,1535,4,1531,0.9995101241018942,0.8928571428571428,0.9608099281515349,0.06903713686732554
macaroni2,3,logreg,bad/058.JPG,1533,5,1528,0.999869109947644,0.9666666666666666,0.9536649214659687,0.04756547920599476
macaroni2,3,logreg,bad/059.JPG,1535,3,1532,0.9997824194952132,0.9166666666666665,0.9860748476936467,0.26057347670250897
macaroni2,3,logreg,bad/068.JPG,1535,6,1529,0.9144320906910834,0.38382499739097564,0.9686069326357096,0.36070046209765155
macaroni2,3,logreg,bad/083.JPG,1531,9,1522,0.998904949627683,0.8919753086419755,0.9558329683165426,0.49281307418280595
macaroni2,3,logreg,bad/088.JPG,1530,5,1525,1.0,1.0,1.0,1.0
macaroni2,3,logreg,bad/090.JPG,1527,4,1523,1.0,1.0,1.0,1.0
macaroni2,3,logreg,bad/093.JPG,1529,4,1525,1.0,1.0,1.0,1.0
macaroni2,3,logreg,good/0013.JPG,1536,0,1536,,,,
macaroni2,3,logreg,good/0187.JPG,1536,0,1536,,,,
macaroni2,3,logreg,good/0214.JPG,1536,0,1536,,,,
macaroni2,3,logreg,good/0286.JPG,1536,0,1536,,,,
macaroni2,3,logreg,good/0294.JPG,1536,0,1536,,,,
macaroni2,3,logreg,good/0417.JPG,1536,0,1536,,,,
macaroni2,3,logreg,good/0457.JPG,1536,0,1536,,,,
macaroni2,3,logreg,good/0479.JPG,1536,0,1536,,,,
macaroni2,3,logreg,good/0488.JPG,1536,0,1536,,,,
macaroni2,3,logreg,good/0520.JPG,1536,0,1536,,,,
macaroni2,3,logreg,good/0688.JPG,1536,0,1536,,,,
macaroni2,3,logreg,good/0705.JPG,1536,0,1536,,,,
macaroni2,3,logreg,good/0730.JPG,1536,0,1536,,,,
macaroni2,3,logreg,good/0779.JPG,1536,0,1536,,,,
macaroni2,3,logreg,good/0811.JPG,1536,0,1536,,,,
macaroni2,3,logreg,good/0871.JPG,1536,0,1536,,,,
macaroni2,3,logreg,good/0935.JPG,1536,0,1536,,,,
macaroni2,3,logreg,good/0953.JPG,1536,0,1536,,,,
macaroni2,3,logreg,good/0974.JPG,1536,0,1536,,,,
macaroni2,3,logreg,good/0994.JPG,1536,0,1536,,,,
macaroni2,4,logreg,bad/002.JPG,1532,3,1529,1.0,1.0,0.9930237628079355,0.6952380952380952
macaroni2,4,logreg,bad/013.JPG,1535,1,1534,1.0,1.0,1.0,1.0
macaroni2,4,logreg,bad/015.JPG,1533,1,1532,1.0,1.0,1.0,1.0
macaroni2,4,logreg,bad/025.JPG,1534,1,1533,1.0,1.0,1.0,1.0
macaroni2,4,logreg,bad/030.JPG,1536,1,1535,1.0,1.0,0.9804560260586319,0.03225806451612903
macaroni2,4,logreg,bad/031.JPG,1532,0,1532,,,,
macaroni2,4,logreg,bad/039.JPG,1536,2,1534,1.0,1.0,0.9996740547588004,0.8333333333333333
macaroni2,4,logreg,bad/042.JPG,1534,4,1530,1.0,1.0,1.0,1.0
macaroni2,4,logreg,bad/043.JPG,1534,2,1532,1.0,1.0,1.0,1.0
macaroni2,4,logreg,bad/055.JPG,1533,3,1530,0.9991285403050109,0.8095238095238095,0.9849673202614379,0.09135802469135802
macaroni2,4,logreg,bad/061.JPG,1532,7,1525,0.9997189695550351,0.9379251700680271,0.9619672131147541,0.10874869204017401
macaroni2,4,logreg,bad/062.JPG,1534,3,1531,0.9997822773786197,0.9166666666666665,0.9039843239712606,0.07645502645502646
macaroni2,4,logreg,bad/063.JPG,1533,2,1531,1.0,1.0,0.9833442194644023,0.08423913043478261
macaroni2,4,logreg,bad/071.JPG,1521,4,1517,0.9995056031641398,0.8541666666666666,0.9967040210942649,0.7916666666666666
macaroni2,4,logreg,bad/075.JPG,1530,2,1528,0.9996727748691099,0.8333333333333333,0.9931282722513088,0.5434782608695652
macaroni2,4,logreg,bad/079.JPG,1527,1,1526,1.0,1.0,1.0,1.0
macaroni2,4,logreg,bad/082.JPG,1530,0,1530,,,,
macaroni2,4,logreg,bad/085.JPG,1534,6,1528,0.99989092495637,0.976190476190476,0.9905104712041884,0.8440860215053763
macaroni2,4,logreg,bad/087.JPG,1529,3,1526,1.0,1.0,0.9982525120139799,0.4111111111111111
macaroni2,4,logreg,bad/099.JPG,1529,2,1527,1.0,1.0,0.9993451211525868,0.5833333333333333
macaroni2,4,logreg,good/0027.JPG,1536,0,1536,,,,
macaroni2,4,logreg,good/0100.JPG,1536,0,1536,,,,
macaroni2,4,logreg,good/0107.JPG,1536,0,1536,,,,
macaroni2,4,logreg,good/0159.JPG,1536,0,1536,,,,
macaroni2,4,logreg,good/0172.JPG,1536,0,1536,,,,
macaroni2,4,logreg,good/0196.JPG,1536,0,1536,,,,
macaroni2,4,logreg,good/0297.JPG,1536,0,1536,,,,
macaroni2,4,logreg,good/0320.JPG,1536,0,1536,,,,
macaroni2,4,logreg,good/0333.JPG,1536,0,1536,,,,
macaroni2,4,logreg,good/0469.JPG,1536,0,1536,,,,
macaroni2,4,logreg,good/0483.JPG,1536,0,1536,,,,
macaroni2,4,logreg,good/0484.JPG,1536,0,1536,,,,
macaroni2,4,logreg,good/0490.JPG,1536,0,1536,,,,
macaroni2,4,logreg,good/0525.JPG,1536,0,1536,,,,
macaroni2,4,logreg,good/0569.JPG,1536,0,1536,,,,
macaroni2,4,logreg,good/0654.JPG,1536,0,1536,,,,
macaroni2,4,logreg,good/0735.JPG,1536,0,1536,,,,
macaroni2,4,logreg,good/0764.JPG,1536,0,1536,,,,
macaroni2,4,logreg,good/0796.JPG,1536,0,1536,,,,
macaroni2,4,logreg,good/0952.JPG,1536,0,1536,,,,
macaroni2,0,linsvm,bad/006.JPG,1535,4,1531,1.0,1.0,0.9980404964075767,0.8125
macaroni2,0,linsvm,bad/014.JPG,1534,2,1532,1.0,1.0,1.0,1.0
macaroni2,0,linsvm,bad/018.JPG,1533,1,1532,1.0,1.0,1.0,1.0
macaroni2,0,linsvm,bad/034.JPG,1535,1,1534,1.0,1.0,0.9928292046936114,0.08333333333333333
macaroni2,0,linsvm,bad/047.JPG,1533,2,1531,0.9996734160679295,0.8333333333333333,0.9866100587851077,0.15
macaroni2,0,linsvm,bad/050.JPG,1532,1,1531,1.0,1.0,0.9477465708687133,0.012345679012345678
macaroni2,0,linsvm,bad/051.JPG,1534,1,1533,1.0,1.0,1.0,1.0
macaroni2,0,linsvm,bad/056.JPG,1534,3,1531,0.9939037666013498,0.2220496894409938,0.9673416067929458,0.0377217553688142
macaroni2,0,linsvm,bad/064.JPG,1532,2,1530,0.9990196078431373,0.7,0.9937908496732026,0.13392857142857142
macaroni2,0,linsvm,bad/067.JPG,1531,4,1527,0.9968893254747871,0.6375,0.9603798297314996,0.04713764107577785
macaroni2,0,linsvm,bad/069.JPG,1534,1,1533,0.9973907371167645,0.2,0.979778212654925,0.03125
macaroni2,0,linsvm,bad/070.JPG,1534,5,1529,0.9370830608240681,0.10083200248425161,0.9959450621321125,0.31272727272727274
macaroni2,0,linsvm,bad/072.JPG,1526,0,1526,,,,
macaroni2,0,linsvm,bad/076.JPG,1529,0,1529,,,,
macaroni2,0,linsvm,bad/077.JPG,1518,4,1514,0.904887714663144,0.20556557679743204,0.989762219286658,0.43306010928961747
macaroni2,0,linsvm,bad/078.JPG,1527,0,1527,,,,
macaroni2,0,linsvm,bad/080.JPG,1524,0,1524,,,,
macaroni2,0,linsvm,bad/084.JPG,1529,1,1528,1.0,1.0,1.0,1.0
macaroni2,0,linsvm,bad/086.JPG,1531,3,1528,1.0,1.0,0.993237347294939,0.15925925925925927
macaroni2,0,linsvm,bad/095.JPG,1529,3,1526,1.0,1.0,0.9997815640017474,0.9166666666666665
macaroni2,0,linsvm,good/0011.JPG,1536,0,1536,,,,
macaroni2,0,linsvm,good/0024.JPG,1536,0,1536,,,,
macaroni2,0,linsvm,good/0178.JPG,1536,0,1536,,,,
macaroni2,0,linsvm,good/0215.JPG,1536,0,1536,,,,
macaroni2,0,linsvm,good/0303.JPG,1536,0,1536,,,,
macaroni2,0,linsvm,good/0427.JPG,1536,0,1536,,,,
macaroni2,0,linsvm,good/0518.JPG,1536,0,1536,,,,
macaroni2,0,linsvm,good/0621.JPG,1536,0,1536,,,,
macaroni2,0,linsvm,good/0648.JPG,1536,0,1536,,,,
macaroni2,0,linsvm,good/0659.JPG,1536,0,1536,,,,
macaroni2,0,linsvm,good/0684.JPG,1536,0,1536,,,,
macaroni2,0,linsvm,good/0685.JPG,1536,0,1536,,,,
macaroni2,0,linsvm,good/0694.JPG,1536,0,1536,,,,
macaroni2,0,linsvm,good/0751.JPG,1536,0,1536,,,,
macaroni2,0,linsvm,good/0784.JPG,1536,0,1536,,,,
macaroni2,0,linsvm,good/0790.JPG,1536,0,1536,,,,
macaroni2,0,linsvm,good/0797.JPG,1536,0,1536,,,,
macaroni2,0,linsvm,good/0900.JPG,1536,0,1536,,,,
macaroni2,0,linsvm,good/0964.JPG,1536,0,1536,,,,
macaroni2,0,linsvm,good/0985.JPG,1536,0,1536,,,,
macaroni2,1,linsvm,bad/004.JPG,1535,3,1532,0.9997824194952132,0.9166666666666665,1.0,1.0
macaroni2,1,linsvm,bad/005.JPG,1534,2,1532,1.0,1.0,1.0,1.0
macaroni2,1,linsvm,bad/016.JPG,1536,1,1535,1.0,1.0,1.0,1.0
macaroni2,1,linsvm,bad/021.JPG,1535,1,1534,1.0,1.0,1.0,1.0
macaroni2,1,linsvm,bad/026.JPG,1534,1,1533,1.0,1.0,1.0,1.0
macaroni2,1,linsvm,bad/028.JPG,1536,2,1534,1.0,1.0,1.0,1.0
macaroni2,1,linsvm,bad/033.JPG,1536,1,1535,1.0,1.0,0.9804560260586319,0.03225806451612903
macaroni2,1,linsvm,bad/035.JPG,1534,2,1532,1.0,1.0,1.0,1.0
macaroni2,1,linsvm,bad/036.JPG,1536,2,1534,1.0,1.0,1.0,1.0
macaroni2,1,linsvm,bad/037.JPG,1535,1,1534,1.0,1.0,1.0,1.0
macaroni2,1,linsvm,bad/044.JPG,1534,0,1534,,,,
macaroni2,1,linsvm,bad/046.JPG,1535,6,1529,0.9995639851754959,0.8734126984126983,0.9849574885546108,0.1564388535441167
macaroni2,1,linsvm,bad/054.JPG,1534,5,1529,0.9969914977109221,0.7484615384615385,0.9877043819489862,0.20257575757575758
macaroni2,1,linsvm,bad/065.JPG,1535,3,1532,0.9945604873803306,0.28095238095238095,0.9462576153176675,0.35115384615384615
macaroni2,1,linsvm,bad/066.JPG,1533,4,1529,1.0,1.0,0.9843034663178548,0.12373772791023843
macaroni2,1,linsvm,bad/073.JPG,1522,0,1522,,,,
macaroni2,1,linsvm,bad/081.JPG,1529,0,1529,,,,
macaroni2,1,linsvm,bad/089.JPG,1530,3,1527,1.0,1.0,0.9980353634577603,0.38333333333333336
macaroni2,1,linsvm,bad/097.JPG,1528,5,1523,0.9151674326986211,0.8015360983102919,0.8227183191070256,0.6007423904974017
macaroni2,1,linsvm,bad/098.JPG,1536,4,1532,1.0,1.0,0.9960835509138382,0.3326388888888889
macaroni2,1,linsvm,good/0016.JPG,1536,0,1536,,,,
macaroni2,1,linsvm,good/0026.JPG,1536,0,1536,,,,
macaroni2,1,linsvm,good/0046.JPG,1536,0,1536,,,,
macaroni2,1,linsvm,good/0174.JPG,1536,0,1536,,,,
macaroni2,1,linsvm,good/0237.JPG,1536,0,1536,,,,
macaroni2,1,linsvm,good/0306.JPG,1536,0,1536,,,,
macaroni2,1,linsvm,good/0363.JPG,1536,0,1536,,,,
macaroni2,1,linsvm,good/0394.JPG,1536,0,1536,,,,
macaroni2,1,linsvm,good/0402.JPG,1536,0,1536,,,,
macaroni2,1,linsvm,good/0514.JPG,1536,0,1536,,,,
macaroni2,1,linsvm,good/0545.JPG,1536,0,1536,,,,
macaroni2,1,linsvm,good/0552.JPG,1536,0,1536,,,,
macaroni2,1,linsvm,good/0631.JPG,1536,0,1536,,,,
macaroni2,1,linsvm,good/0674.JPG,1536,0,1536,,,,
macaroni2,1,linsvm,good/0690.JPG,1536,0,1536,,,,
macaroni2,1,linsvm,good/0768.JPG,1536,0,1536,,,,
macaroni2,1,linsvm,good/0800.JPG,1536,0,1536,,,,
macaroni2,1,linsvm,good/0892.JPG,1536,0,1536,,,,
macaroni2,1,linsvm,good/0920.JPG,1536,0,1536,,,,
macaroni2,1,linsvm,good/0996.JPG,1536,0,1536,,,,
macaroni2,2,linsvm,bad/000.JPG,1534,3,1531,1.0,1.0,1.0,1.0
macaroni2,2,linsvm,bad/003.JPG,1534,1,1533,1.0,1.0,0.9895629484670581,0.058823529411764705
macaroni2,2,linsvm,bad/007.JPG,1532,2,1530,1.0,1.0,1.0,1.0
macaroni2,2,linsvm,bad/008.JPG,1533,2,1531,1.0,1.0,1.0,1.0
macaroni2,2,linsvm,bad/017.JPG,1536,2,1534,1.0,1.0,1.0,1.0
macaroni2,2,linsvm,bad/019.JPG,1536,2,1534,1.0,1.0,0.9990221642764016,0.7
macaroni2,2,linsvm,bad/020.JPG,1534,1,1533,1.0,1.0,1.0,1.0
macaroni2,2,linsvm,bad/023.JPG,1536,2,1534,1.0,1.0,0.999348109517601,0.5833333333333333
macaroni2,2,linsvm,bad/029.JPG,1535,2,1533,1.0,1.0,1.0,1.0
macaroni2,2,linsvm,bad/032.JPG,1533,1,1532,1.0,1.0,0.9973890339425587,0.2
macaroni2,2,linsvm,bad/038.JPG,1535,1,1534,1.0,1.0,1.0,1.0
macaroni2,2,linsvm,bad/041.JPG,1536,2,1534,1.0,1.0,1.0,1.0
macaroni2,2,linsvm,bad/049.JPG,1532,6,1526,0.9902795980777632,0.536981658692185,0.8500436871996505,0.06445988965585668
macaroni2,2,linsvm,bad/052.JPG,1533,4,1529,0.9975474166121647,0.7088235294117646,0.9166121648136036,0.03414063765377506
macaroni2,2,linsvm,bad/060.JPG,1533,3,1530,0.9880174291938998,0.6839080459770115,0.989760348583878,0.4879432624113475
macaroni2,2,linsvm,bad/074.JPG,1526,0,1526,,,,
macaroni2,2,linsvm,bad/091.JPG,1529,6,1523,0.9768001750930182,0.8379204892966361,0.9020573429634493,0.8344432112467629
macaroni2,2,linsvm,bad/092.JPG,1530,2,1528,0.9993455497382199,0.75,1.0,1.0
macaroni2,2,linsvm,bad/094.JPG,1529,6,1523,0.998577369227402,0.825925925925926,0.9387174436419349,0.12165892586412884
macaroni2,2,linsvm,bad/096.JPG,1528,3,1525,1.0,1.0,1.0,1.0
macaroni2,2,linsvm,good/0168.JPG,1536,0,1536,,,,
macaroni2,2,linsvm,good/0170.JPG,1536,0,1536,,,,
macaroni2,2,linsvm,good/0208.JPG,1536,0,1536,,,,
macaroni2,2,linsvm,good/0261.JPG,1536,0,1536,,,,
macaroni2,2,linsvm,good/0377.JPG,1536,0,1536,,,,
macaroni2,2,linsvm,good/0400.JPG,1536,0,1536,,,,
macaroni2,2,linsvm,good/0423.JPG,1536,0,1536,,,,
macaroni2,2,linsvm,good/0615.JPG,1536,0,1536,,,,
macaroni2,2,linsvm,good/0617.JPG,1536,0,1536,,,,
macaroni2,2,linsvm,good/0619.JPG,1536,0,1536,,,,
macaroni2,2,linsvm,good/0629.JPG,1536,0,1536,,,,
macaroni2,2,linsvm,good/0657.JPG,1536,0,1536,,,,
macaroni2,2,linsvm,good/0725.JPG,1536,0,1536,,,,
macaroni2,2,linsvm,good/0739.JPG,1536,0,1536,,,,
macaroni2,2,linsvm,good/0755.JPG,1536,0,1536,,,,
macaroni2,2,linsvm,good/0804.JPG,1536,0,1536,,,,
macaroni2,2,linsvm,good/0844.JPG,1536,0,1536,,,,
macaroni2,2,linsvm,good/0869.JPG,1536,0,1536,,,,
macaroni2,2,linsvm,good/0923.JPG,1536,0,1536,,,,
macaroni2,2,linsvm,good/0967.JPG,1536,0,1536,,,,
macaroni2,3,linsvm,bad/001.JPG,1533,2,1531,1.0,1.0,1.0,1.0
macaroni2,3,linsvm,bad/009.JPG,1536,4,1532,0.9996736292428199,0.9166666666666666,0.9996736292428199,0.9166666666666666
macaroni2,3,linsvm,bad/010.JPG,1534,2,1532,0.943864229765013,0.5057471264367817,0.9993472584856398,0.75
macaroni2,3,linsvm,bad/011.JPG,1534,1,1533,1.0,1.0,1.0,1.0
macaroni2,3,linsvm,bad/012.JPG,1536,1,1535,1.0,1.0,0.9993485342019544,0.5
macaroni2,3,linsvm,bad/022.JPG,1534,2,1532,1.0,1.0,0.9996736292428198,0.8333333333333333
macaroni2,3,linsvm,bad/024.JPG,1534,2,1532,1.0,1.0,1.0,1.0
macaroni2,3,linsvm,bad/027.JPG,1534,1,1533,1.0,1.0,1.0,1.0
macaroni2,3,linsvm,bad/040.JPG,1535,1,1534,1.0,1.0,1.0,1.0
macaroni2,3,linsvm,bad/045.JPG,1536,1,1535,1.0,1.0,0.9954397394136808,0.125
macaroni2,3,linsvm,bad/048.JPG,1534,6,1528,0.9217931937172774,0.15023716257830055,0.8520942408376962,0.026362318305402376
macaroni2,3,linsvm,bad/053.JPG,1535,3,1532,1.0,1.0,0.9699738903394256,0.0742958768873403
macaroni2,3,linsvm,bad/057.JPG,1535,4,1531,0.9991835401698236,0.8611111111111112,0.9608099281515349,0.06903713686732554
macaroni2,3,linsvm,bad/058.JPG,1533,5,1528,0.9990837696335079,0.8509090909090908,0.9536649214659687,0.04756547920599476
macaroni2,3,linsvm,bad/059.JPG,1535,3,1532,0.9997824194952132,0.9166666666666665,0.9860748476936467,0.26057347670250897
macaroni2,3,linsvm,bad/068.JPG,1535,6,1529,0.8340963592762154,0.35234537631122603,0.9686069326357096,0.36070046209765155
macaroni2,3,linsvm,bad/083.JPG,1531,9,1522,0.9952547817199591,0.8334438916528468,0.9558329683165426,0.49281307418280595
macaroni2,3,linsvm,bad/088.JPG,1530,5,1525,1.0,1.0,1.0,1.0
macaroni2,3,linsvm,bad/090.JPG,1527,4,1523,1.0,1.0,1.0,1.0
macaroni2,3,linsvm,bad/093.JPG,1529,4,1525,1.0,1.0,1.0,1.0
macaroni2,3,linsvm,good/0013.JPG,1536,0,1536,,,,
macaroni2,3,linsvm,good/0187.JPG,1536,0,1536,,,,
macaroni2,3,linsvm,good/0214.JPG,1536,0,1536,,,,
macaroni2,3,linsvm,good/0286.JPG,1536,0,1536,,,,
macaroni2,3,linsvm,good/0294.JPG,1536,0,1536,,,,
macaroni2,3,linsvm,good/0417.JPG,1536,0,1536,,,,
macaroni2,3,linsvm,good/0457.JPG,1536,0,1536,,,,
macaroni2,3,linsvm,good/0479.JPG,1536,0,1536,,,,
macaroni2,3,linsvm,good/0488.JPG,1536,0,1536,,,,
macaroni2,3,linsvm,good/0520.JPG,1536,0,1536,,,,
macaroni2,3,linsvm,good/0688.JPG,1536,0,1536,,,,
macaroni2,3,linsvm,good/0705.JPG,1536,0,1536,,,,
macaroni2,3,linsvm,good/0730.JPG,1536,0,1536,,,,
macaroni2,3,linsvm,good/0779.JPG,1536,0,1536,,,,
macaroni2,3,linsvm,good/0811.JPG,1536,0,1536,,,,
macaroni2,3,linsvm,good/0871.JPG,1536,0,1536,,,,
macaroni2,3,linsvm,good/0935.JPG,1536,0,1536,,,,
macaroni2,3,linsvm,good/0953.JPG,1536,0,1536,,,,
macaroni2,3,linsvm,good/0974.JPG,1536,0,1536,,,,
macaroni2,3,linsvm,good/0994.JPG,1536,0,1536,,,,
macaroni2,4,linsvm,bad/002.JPG,1532,3,1529,0.999345977763244,0.8333333333333333,0.9930237628079355,0.6952380952380952
macaroni2,4,linsvm,bad/013.JPG,1535,1,1534,1.0,1.0,1.0,1.0
macaroni2,4,linsvm,bad/015.JPG,1533,1,1532,1.0,1.0,1.0,1.0
macaroni2,4,linsvm,bad/025.JPG,1534,1,1533,1.0,1.0,1.0,1.0
macaroni2,4,linsvm,bad/030.JPG,1536,1,1535,1.0,1.0,0.9804560260586319,0.03225806451612903
macaroni2,4,linsvm,bad/031.JPG,1532,0,1532,,,,
macaroni2,4,linsvm,bad/039.JPG,1536,2,1534,1.0,1.0,0.9996740547588004,0.8333333333333333
macaroni2,4,linsvm,bad/042.JPG,1534,4,1530,1.0,1.0,1.0,1.0
macaroni2,4,linsvm,bad/043.JPG,1534,2,1532,1.0,1.0,1.0,1.0
macaroni2,4,linsvm,bad/055.JPG,1533,3,1530,0.9895424836601308,0.5755555555555555,0.9849673202614379,0.09135802469135802
macaroni2,4,linsvm,bad/061.JPG,1532,7,1525,0.9997189695550351,0.9379251700680271,0.9619672131147541,0.10874869204017401
macaroni2,4,linsvm,bad/062.JPG,1534,3,1531,0.9997822773786197,0.9166666666666665,0.9039843239712606,0.07645502645502646
macaroni2,4,linsvm,bad/063.JPG,1533,2,1531,1.0,1.0,0.9833442194644023,0.08423913043478261
macaroni2,4,linsvm,bad/071.JPG,1521,4,1517,0.9996704021094265,0.8875,0.9967040210942649,0.7916666666666666
macaroni2,4,linsvm,bad/075.JPG,1530,2,1528,1.0,1.0,0.9931282722513088,0.5434782608695652
macaroni2,4,linsvm,bad/079.JPG,1527,1,1526,1.0,1.0,1.0,1.0
macaroni2,4,linsvm,bad/082.JPG,1530,0,1530,,,,
macaroni2,4,linsvm,bad/085.JPG,1534,6,1528,0.99989092495637,0.976190476190476,0.9905104712041884,0.8440860215053763
macaroni2,4,linsvm,bad/087.JPG,1529,3,1526,1.0,1.0,0.9982525120139799,0.4111111111111111
macaroni2,4,linsvm,bad/099.JPG,1529,2,1527,1.0,1.0,0.9993451211525868,0.5833333333333333
macaroni2,4,linsvm,good/0027.JPG,1536,0,1536,,,,
macaroni2,4,linsvm,good/0100.JPG,1536,0,1536,,,,
macaroni2,4,linsvm,good/0107.JPG,1536,0,1536,,,,
macaroni2,4,linsvm,good/0159.JPG,1536,0,1536,,,,
macaroni2,4,linsvm,good/0172.JPG,1536,0,1536,,,,
macaroni2,4,linsvm,good/0196.JPG,1536,0,1536,,,,
macaroni2,4,linsvm,good/0297.JPG,1536,0,1536,,,,
macaroni2,4,linsvm,good/0320.JPG,1536,0,1536,,,,
macaroni2,4,linsvm,good/0333.JPG,1536,0,1536,,,,
macaroni2,4,linsvm,good/0469.JPG,1536,0,1536,,,,
macaroni2,4,linsvm,good/0483.JPG,1536,0,1536,,,,
macaroni2,4,linsvm,good/0484.JPG,1536,0,1536,,,,
macaroni2,4,linsvm,good/0490.JPG,1536,0,1536,,,,
macaroni2,4,linsvm,good/0525.JPG,1536,0,1536,,,,
macaroni2,4,linsvm,good/0569.JPG,1536,0,1536,,,,
macaroni2,4,linsvm,good/0654.JPG,1536,0,1536,,,,
macaroni2,4,linsvm,good/0735.JPG,1536,0,1536,,,,
macaroni2,4,linsvm,good/0764.JPG,1536,0,1536,,,,
macaroni2,4,linsvm,good/0796.JPG,1536,0,1536,,,,
macaroni2,4,linsvm,good/0952.JPG,1536,0,1536,,,,
pcb2,0,logreg,bad/006.JPG,1304,13,1291,0.9603765715307157,0.5670308858870728,0.9801584937138772,0.596529538837231
pcb2,0,logreg,bad/014.JPG,1311,17,1294,0.978907173379398,0.6520340017041816,0.8683062096554232,0.4786761187590204
pcb2,0,logreg,bad/018.JPG,1307,9,1298,0.9879301489470981,0.6522202649673845,0.6004108885464818,0.23972250098905437
pcb2,0,logreg,bad/034.JPG,1308,9,1299,0.9994012488238816,0.929700854700855,0.9748524506030279,0.5126080061545001
pcb2,0,logreg,bad/047.JPG,1312,6,1306,0.9903011740684022,0.24512317747611864,0.5260336906584993,0.0053771613915648735
pcb2,0,logreg,bad/050.JPG,1312,6,1306,0.8418836140888208,0.1835278347733382,0.8079377233282287,0.10356881251972627
pcb2,0,logreg,bad/051.JPG,1312,12,1300,0.9655769230769231,0.36658080209804156,0.5535256410256411,0.021778463046483128
pcb2,0,logreg,bad/056.JPG,1311,5,1306,0.9684532924961715,0.1538648737832041,0.519448698315467,0.004518911267094327
pcb2,0,logreg,bad/064.JPG,1307,8,1299,0.9998075442648191,0.975,0.9910508083140878,0.32361067977915803
pcb2,0,logreg,bad/067.JPG,1311,4,1307,0.9558148431522571,0.5203191489361703,0.7899770466717674,0.5032657397084499
pcb2,0,logreg,bad/069.JPG,1311,5,1306,0.9848392036753445,0.26170355466130113,0.9297090352220521,0.06548831009885298
pcb2,0,logreg,bad/070.JPG,1311,5,1306,0.9505359877488515,0.5634768053562887,0.9935681470137826,0.6703703703703703
pcb2,0,logreg,bad/072.JPG,1311,6,1305,0.9887611749680715,0.5774281274281274,0.6171136653895275,0.03674176275182896
pcb2,0,logreg,bad/076.JPG,1309,4,1305,0.9448275862068966,0.5214101144333703,0.6339080459770114,0.02843044208854411
pcb2,0,logreg,bad/077.JPG,1304,10,1294,0.9702472952086554,0.6846381820468199,0.8050231839258114,0.38208276270868724
pcb2,0,logreg,bad/078.JPG,1310,6,1304,0.9997443762781186,0.9583333333333333,0.9997443762781186,0.9583333333333333
pcb2,0,logreg,bad/080.JPG,1310,5,1305,0.9993869731800766,0.911111111111111,0.94727969348659,0.6179011592434411
pcb2,0,logreg,bad/084.JPG,1306,14,1292,0.9904356479433879,0.6875988850512462,0.903250773993808,0.5553975279142392
pcb2,0,logreg,bad/086.JPG,1307,13,1294,0.9956009986921889,0.849694409753093,0.9309832362382595,0.7405718477174521
pcb2,0,logreg,bad/095.JPG,1305,14,1291,0.9919774261369924,0.7637958891210361,0.9357640810003319,0.5761089606394548
pcb2,0,logreg,good/0011.JPG,1312,0,1312,,,,
pcb2,0,logreg,good/0024.JPG,1312,0,1312,,,,
pcb2,0,logreg,good/0178.JPG,1312,0,1312,,,,
pcb2,0,logreg,good/0215.JPG,1312,0,1312,,,,
pcb2,0,logreg,good/0303.JPG,1312,0,1312,,,,
pcb2,0,logreg,good/0427.JPG,1312,0,1312,,,,
pcb2,0,logreg,good/0518.JPG,1312,0,1312,,,,
pcb2,0,logreg,good/0621.JPG,1312,0,1312,,,,
pcb2,0,logreg,good/0648.JPG,1312,0,1312,,,,
pcb2,0,logreg,good/0659.JPG,1312,0,1312,,,,
pcb2,0,logreg,good/0684.JPG,1312,0,1312,,,,
pcb2,0,logreg,good/0685.JPG,1312,0,1312,,,,
pcb2,0,logreg,good/0694.JPG,1312,0,1312,,,,
pcb2,0,logreg,good/0751.JPG,1312,0,1312,,,,
pcb2,0,logreg,good/0784.JPG,1312,0,1312,,,,
pcb2,0,logreg,good/0796.JPG,1312,0,1312,,,,
pcb2,0,logreg,good/0800.JPG,1312,0,1312,,,,
pcb2,0,logreg,good/0920.JPG,1312,0,1312,,,,
pcb2,0,logreg,good/0964.JPG,1312,0,1312,,,,
pcb2,0,logreg,good/0986.JPG,1312,0,1312,,,,
pcb2,1,logreg,bad/004.JPG,1309,11,1298,0.9981089788485782,0.7264710334229051,0.9871830788625859,0.24389958622036315
pcb2,1,logreg,bad/005.JPG,1306,10,1296,0.8781635802469137,0.09415436647697356,0.9124228395061729,0.05647235545629055
pcb2,1,logreg,bad/016.JPG,1310,7,1303,0.999890362898805,0.9821428571428572,0.9970397982677338,0.6538850038850039
pcb2,1,logreg,bad/021.JPG,1309,13,1296,0.9980413105413105,0.8296441303794246,0.9303181386514721,0.46923501999433004
pcb2,1,logreg,bad/026.JPG,1307,11,1296,0.9985269360269361,0.9330845107971208,0.9511784511784511,0.629531611960833
pcb2,1,logreg,bad/028.JPG,1308,15,1293,0.9999484403196701,0.9958333333333333,0.965558133539572,0.8686792141834326
pcb2,1,logreg,bad/033.JPG,1306,7,1299,0.9973606070603761,0.889400921658986,0.9254371494556252,0.26405472126686425
pcb2,1,logreg,bad/035.JPG,1310,5,1305,0.9934099616858237,0.8208333333333333,0.7785440613026821,0.1573112556535524
pcb2,1,logreg,bad/036.JPG,1310,6,1304,0.9795501022494888,0.8393574297188754,0.8463701431492843,0.10486786255847419
pcb2,1,logreg,bad/037.JPG,1302,13,1289,0.9519603747687534,0.6477198919269942,0.8748582681864295,0.3063269903707914
pcb2,1,logreg,bad/044.JPG,1305,75,1230,0.9835663956639565,0.8273930391230002,0.8986233062330623,0.3615874683079732
pcb2,1,logreg,bad/046.JPG,1307,73,1234,0.9795408627694767,0.7861000574785115,0.8017361959103927,0.1541286170100151
pcb2,1,logreg,bad/054.JPG,1306,21,1285,0.9585325180655919,0.5013969230188703,0.9397443023902168,0.22379676802594584
pcb2,1,logreg,bad/065.JPG,1310,8,1302,0.9853110599078341,0.6931118999323868,0.8307411674347158,0.4388299724810875
pcb2,1,logreg,bad/066.JPG,1307,8,1299,0.9520785219399539,0.5375722268481491,0.8318899153194765,0.31845961647879745
pcb2,1,logreg,bad/073.JPG,1310,3,1307,0.9862280030604437,0.10480859010270775,0.9566437133384341,0.0675990675990676
pcb2,1,logreg,bad/081.JPG,1306,10,1296,0.8844907407407407,0.6203131794108796,0.8777006172839505,0.47266913762310203
pcb2,1,logreg,bad/089.JPG,1308,11,1297,0.9758183220018223,0.862411108975591,0.921076610359571,0.8231621123187389
pcb2,1,logreg,bad/097.JPG,1309,9,1300,0.9933333333333334,0.799362760749255,0.9258974358974359,0.6560338271915118
pcb2,1,logreg,bad/098.JPG,1310,15,1295,0.9992792792792793,0.931086321086321,0.971016731016731,0.8178647932015878
pcb2,1,logreg,good/0016.JPG,1312,0,1312,,,,
pcb2,1,logreg,good/0026.JPG,1312,0,1312,,,,
pcb2,1,logreg,good/0046.JPG,1312,0,1312,,,,
pcb2,1,logreg,good/0174.JPG,1312,0,1312,,,,
pcb2,1,logreg,good/0237.JPG,1312,0,1312,,,,
pcb2,1,logreg,good/0306.JPG,1312,0,1312,,,,
pcb2,1,logreg,good/0363.JPG,1312,0,1312,,,,
pcb2,1,logreg,good/0394.JPG,1312,0,1312,,,,
pcb2,1,logreg,good/0402.JPG,1312,0,1312,,,,
pcb2,1,logreg,good/0514.JPG,1312,0,1312,,,,
pcb2,1,logreg,good/0545.JPG,1312,0,1312,,,,
pcb2,1,logreg,good/0552.JPG,1312,0,1312,,,,
pcb2,1,logreg,good/0631.JPG,1312,0,1312,,,,
pcb2,1,logreg,good/0674.JPG,1312,0,1312,,,,
pcb2,1,logreg,good/0690.JPG,1312,0,1312,,,,
pcb2,1,logreg,good/0768.JPG,1312,0,1312,,,,
pcb2,1,logreg,good/0804.JPG,1312,0,1312,,,,
pcb2,1,logreg,good/0900.JPG,1312,0,1312,,,,
pcb2,1,logreg,good/0923.JPG,1312,0,1312,,,,
pcb2,1,logreg,good/0997.JPG,1312,0,1312,,,,
pcb2,2,logreg,bad/000.JPG,1309,5,1304,0.9992331288343559,0.8711111111111112,0.9400306748466257,0.23950135892173718
pcb2,2,logreg,bad/003.JPG,1305,9,1296,0.9925411522633745,0.47896551875046495,0.9717935528120714,0.17757840180078152
pcb2,2,logreg,bad/007.JPG,1306,11,1295,0.9983151983151983,0.841191132100223,0.9959985959985961,0.5651354092530563
pcb2,2,logreg,bad/008.JPG,1306,15,1291,0.9980376968758069,0.8346496291233133,0.9890007745933385,0.43975804283387554
pcb2,2,logreg,bad/017.JPG,1312,10,1302,0.9984639016897082,0.8678996003996003,0.9332565284178188,0.2663119231896571
pcb2,2,logreg,bad/019.JPG,1309,15,1294,0.999227202472952,0.9314427677585572,0.9259144770736734,0.1714309006652843
pcb2,2,logreg,bad/020.JPG,1307,5,1302,0.9998463901689708,0.9666666666666666,0.9299539170506912,0.6127172558536105
pcb2,2,logreg,bad/023.JPG,1306,9,1297,0.9775550415488734,0.16861785156804313,0.9048230960335818,0.15446905371327635
pcb2,2,logreg,bad/029.JPG,1310,8,1302,0.9977918586789555,0.7944128787878788,0.9260752688172043,0.6959235061108159
pcb2,2,logreg,bad/032.JPG,1311,7,1304,0.9786371603856266,0.7093726379440666,0.9570552147239264,0.41728130048005824
pcb2,2,logreg,bad/038.JPG,1311,10,1301,0.9979246733282091,0.8363003897211058,0.7254419677171406,0.08465334394244202
pcb2,2,logreg,bad/041.JPG,1303,30,1273,0.9981670594396439,0.8859317491647988,0.9103168368682901,0.20852351014547355
pcb2,2,logreg,bad/049.JPG,1312,15,1297,0.960781290156772,0.29412160081621697,0.9359547674119764,0.3094164026885488
pcb2,2,logreg,bad/052.JPG,1306,35,1271,0.8799820164100258,0.18214540114823988,0.8905698550073059,0.22599867222318692
pcb2,2,logreg,bad/060.JPG,1310,6,1304,0.9979550102249489,0.7388528138528138,0.440439672801636,0.33602368127086796
pcb2,2,logreg,bad/074.JPG,1308,8,1300,0.9956730769230769,0.8938679245283019,0.8670192307692307,0.6266728134142076
pcb2,2,logreg,bad/091.JPG,1305,10,1295,1.0,0.9999999999999999,0.9997683397683397,0.976923076923077
pcb2,2,logreg,bad/092.JPG,1307,21,1286,0.9971858105606162,0.9204676928126176,0.9146485966081611,0.4206836850459733
pcb2,2,logreg,bad/094.JPG,1302,16,1286,0.9966951788491446,0.9049242424242424,0.9344381804043546,0.6938329622326947
pcb2,2,logreg,bad/096.JPG,1302,15,1287,0.9795907795907797,0.7697162887488558,0.9235949235949236,0.5824294098026148
pcb2,2,logreg,good/0168.JPG,1312,0,1312,,,,
pcb2,2,logreg,good/0170.JPG,1312,0,1312,,,,
pcb2,2,logreg,good/0208.JPG,1312,0,1312,,,,
pcb2,2,logreg,good/0261.JPG,1312,0,1312,,,,
pcb2,2,logreg,good/0377.JPG,1312,0,1312,,,,
pcb2,2,logreg,good/0400.JPG,1312,0,1312,,,,
pcb2,2,logreg,good/0423.JPG,1312,0,1312,,,,
pcb2,2,logreg,good/0615.JPG,1312,0,1312,,,,
pcb2,2,logreg,good/0617.JPG,1312,0,1312,,,,
pcb2,2,logreg,good/0619.JPG,1312,0,1312,,,,
pcb2,2,logreg,good/0629.JPG,1312,0,1312,,,,
pcb2,2,logreg,good/0657.JPG,1312,0,1312,,,,
pcb2,2,logreg,good/0725.JPG,1312,0,1312,,,,
pcb2,2,logreg,good/0739.JPG,1312,0,1312,,,,
pcb2,2,logreg,good/0755.JPG,1312,0,1312,,,,
pcb2,2,logreg,good/0811.JPG,1312,0,1312,,,,
pcb2,2,logreg,good/0869.JPG,1312,0,1312,,,,
pcb2,2,logreg,good/0871.JPG,1312,0,1312,,,,
pcb2,2,logreg,good/0935.JPG,1312,0,1312,,,,
pcb2,2,logreg,good/0968.JPG,1312,0,1312,,,,
pcb2,3,logreg,bad/001.JPG,1311,9,1302,0.9416282642089094,0.7096591037016571,0.9777265745007679,0.3800604934351097
pcb2,3,logreg,bad/009.JPG,1310,14,1296,0.9924492945326279,0.7573913599880963,0.9599867724867726,0.6277959785236255
pcb2,3,logreg,bad/010.JPG,1300,7,1293,0.960998784664678,0.26959594467437187,0.9356977129598939,0.09581789100075633
pcb2,3,logreg,bad/011.JPG,1309,44,1265,0.9842256557671578,0.8253838733902571,0.9630614444843694,0.8730320259763734
pcb2,3,logreg,bad/012.JPG,1309,7,1302,0.9773974105771341,0.17944996436682903,0.9811279350449857,0.33589621183606144
pcb2,3,logreg,bad/022.JPG,1310,7,1303,0.9959434272557833,0.8367346938775508,0.726016884113584,0.459582851423495
pcb2,3,logreg,bad/024.JPG,1308,14,1294,0.9965776109516449,0.8327791804647127,0.863380437182601,0.4949535800924507
pcb2,3,logreg,bad/027.JPG,1309,10,1299,0.9931485758275597,0.9002040816326531,0.9826789838337183,0.4260234259714707
pcb2,3,logreg,bad/040.JPG,1306,35,1271,0.9909632460379904,0.875319711295071,0.7762616612341239,0.07324592178657359
pcb2,3,logreg,bad/045.JPG,1309,33,1276,0.9334568253063551,0.25554642458990995,0.6914600550964187,0.0812798421034523
pcb2,3,logreg,bad/048.JPG,1303,47,1256,0.9568369697791028,0.5933225413443832,0.9322570809052717,0.38129671491819367
pcb2,3,logreg,bad/053.JPG,1312,4,1308,0.9957951070336392,0.5604166666666667,0.9541284403669725,0.09108640939597316
pcb2,3,logreg,bad/057.JPG,1312,8,1304,0.9980828220858895,0.6023674242424242,0.4076878834355828,0.006823111012532341
pcb2,3,logreg,bad/058.JPG,1310,1,1309,1.0,1.0,1.0,1.0
pcb2,3,logreg,bad/059.JPG,1303,12,1291,0.965724244771495,0.5009302110538257,0.949715982442551,0.09315346468065004
pcb2,3,logreg,bad/068.JPG,1306,6,1300,1.0,1.0,0.9985897435897437,0.7878306878306878
pcb2,3,logreg,bad/083.JPG,1307,3,1304,0.9992331288343558,0.8333333333333333,0.9327709611451943,0.06602024055529063
pcb2,3,logreg,bad/088.JPG,1309,13,1296,0.9146486229819564,0.6611432107396498,0.8709045584045584,0.6184439306899324
pcb2,3,logreg,bad/090.JPG,1306,9,1297,0.9992289899768697,0.9444444444444444,0.9586224620920072,0.8909214092140921
pcb2,3,logreg,bad/093.JPG,1310,10,1300,0.9993846153846153,0.9555555555555556,0.9918461538461538,0.8781593406593405
pcb2,3,logreg,good/0013.JPG,1312,0,1312,,,,
pcb2,3,logreg,good/0187.JPG,1312,0,1312,,,,
pcb2,3,logreg,good/0214.JPG,1312,0,1312,,,,
pcb2,3,logreg,good/0286.JPG,1312,0,1312,,,,
pcb2,3,logreg,good/0294.JPG,1312,0,1312,,,,
pcb2,3,logreg,good/0417.JPG,1312,0,1312,,,,
pcb2,3,logreg,good/0457.JPG,1312,0,1312,,,,
pcb2,3,logreg,good/0479.JPG,1312,0,1312,,,,
pcb2,3,logreg,good/0488.JPG,1312,0,1312,,,,
pcb2,3,logreg,good/0520.JPG,1312,0,1312,,,,
pcb2,3,logreg,good/0688.JPG,1312,0,1312,,,,
pcb2,3,logreg,good/0705.JPG,1312,0,1312,,,,
pcb2,3,logreg,good/0730.JPG,1312,0,1312,,,,
pcb2,3,logreg,good/0779.JPG,1312,0,1312,,,,
pcb2,3,logreg,good/0844.JPG,1312,0,1312,,,,
pcb2,3,logreg,good/0892.JPG,1312,0,1312,,,,
pcb2,3,logreg,good/0940.JPG,1312,0,1312,,,,
pcb2,3,logreg,good/0954.JPG,1312,0,1312,,,,
pcb2,3,logreg,good/0974.JPG,1312,0,1312,,,,
pcb2,3,logreg,good/0994.JPG,1312,0,1312,,,,
pcb2,4,logreg,bad/002.JPG,1309,7,1302,0.9989027869212201,0.8690476190476191,0.9899056396752249,0.3413718820861678
pcb2,4,logreg,bad/013.JPG,1306,22,1284,0.8262531860662702,0.08564201566129366,0.9969909374114981,0.7266352411787748
pcb2,4,logreg,bad/015.JPG,1306,13,1293,0.9931584270331371,0.5307772256174605,0.9403593313106073,0.3119987381138305
pcb2,4,logreg,bad/025.JPG,1307,13,1294,0.9961360123647605,0.8520458265139115,0.9258114374034003,0.7529806453937119
pcb2,4,logreg,bad/030.JPG,1306,7,1299,0.9968107335312879,0.8849206349206349,0.9651380182558011,0.5029380717804363
pcb2,4,logreg,bad/031.JPG,1308,7,1301,0.9970352476117272,0.6015873015873016,0.9341166135939387,0.24190202610276956
pcb2,4,logreg,bad/039.JPG,1308,8,1300,0.9974038461538461,0.9035714285714286,0.8706730769230769,0.3890189088678462
pcb2,4,logreg,bad/042.JPG,1309,35,1274,0.9909396725723256,0.8136403016144598,0.9234357479255438,0.36302292515622536
pcb2,4,logreg,bad/043.JPG,1304,19,1285,0.9842719639565841,0.6520194718668777,0.8172434978496825,0.3035976806925981
pcb2,4,logreg,bad/055.JPG,1309,4,1305,0.9649425287356321,0.04972314507198228,0.6362068965517241,0.005364530814053881
pcb2,4,logreg,bad/061.JPG,1309,7,1302,1.0,0.9999999999999998,0.99945139346061,0.9129251700680272
pcb2,4,logreg,bad/062.JPG,1310,5,1305,1.0,1.0,0.8194636015325671,0.12497852910513743
pcb2,4,logreg,bad/063.JPG,1308,4,1304,0.9959739263803681,0.7291666666666666,0.9674079754601227,0.07892156862745098
pcb2,4,logreg,bad/071.JPG,1305,11,1294,0.9836307432907124,0.7527099675172698,0.961430377968245,0.4963510665777607
pcb2,4,logreg,bad/075.JPG,1308,12,1296,0.9976851851851852,0.8636904761904763,0.8181584362139918,0.36646875509593413
pcb2,4,logreg,bad/079.JPG,1306,8,1298,0.9996147919876733,0.9502840909090909,0.9977850539291218,0.8125
pcb2,4,logreg,bad/082.JPG,1310,4,1306,0.9904287901990811,0.355,0.9908116385911179,0.31456881533101044
pcb2,4,logreg,bad/085.JPG,1309,11,1298,0.9998599243591539,0.986013986013986,0.9913853480879675,0.75873440285205
pcb2,4,logreg,bad/087.JPG,1304,11,1293,0.9934612950854249,0.9187062937062936,0.9265977641847711,0.6554797259897037
pcb2,4,logreg,bad/099.JPG,1306,7,1299,0.9993401517650939,0.9340659340659339,0.9453425712086221,0.7298008843902563
pcb2,4,logreg,good/0027.JPG,1312,0,1312,,,,
pcb2,4,logreg,good/0100.JPG,1312,0,1312,,,,
pcb2,4,logreg,good/0107.JPG,1312,0,1312,,,,
pcb2,4,logreg,good/0159.JPG,1312,0,1312,,,,
pcb2,4,logreg,good/0172.JPG,1312,0,1312,,,,
pcb2,4,logreg,good/0196.JPG,1312,0,1312,,,,
pcb2,4,logreg,good/0297.JPG,1312,0,1312,,,,
pcb2,4,logreg,good/0320.JPG,1312,0,1312,,,,
pcb2,4,logreg,good/0333.JPG,1312,0,1312,,,,
pcb2,4,logreg,good/0469.JPG,1312,0,1312,,,,
pcb2,4,logreg,good/0483.JPG,1312,0,1312,,,,
pcb2,4,logreg,good/0484.JPG,1312,0,1312,,,,
pcb2,4,logreg,good/0490.JPG,1312,0,1312,,,,
pcb2,4,logreg,good/0525.JPG,1312,0,1312,,,,
pcb2,4,logreg,good/0569.JPG,1312,0,1312,,,,
pcb2,4,logreg,good/0654.JPG,1312,0,1312,,,,
pcb2,4,logreg,good/0735.JPG,1312,0,1312,,,,
pcb2,4,logreg,good/0764.JPG,1312,0,1312,,,,
pcb2,4,logreg,good/0797.JPG,1312,0,1312,,,,
pcb2,4,logreg,good/0952.JPG,1312,0,1312,,,,
pcb2,0,linsvm,bad/006.JPG,1304,13,1291,0.962998272061014,0.5319513860237842,0.9801584937138772,0.596529538837231
pcb2,0,linsvm,bad/014.JPG,1311,17,1294,0.9764069460860079,0.5980583682079657,0.8683062096554232,0.4786761187590204
pcb2,0,linsvm,bad/018.JPG,1307,9,1298,0.9832220510186611,0.6263224944778343,0.6004108885464818,0.23972250098905437
pcb2,0,linsvm,bad/034.JPG,1308,9,1299,0.9994012488238816,0.9380952380952383,0.9748524506030279,0.5126080061545001
pcb2,0,linsvm,bad/047.JPG,1312,6,1306,0.9872383869321082,0.19771502255054887,0.5260336906584993,0.0053771613915648735
pcb2,0,linsvm,bad/050.JPG,1312,6,1306,0.8270801429300665,0.18039088924563948,0.8079377233282287,0.10356881251972627
pcb2,0,linsvm,bad/051.JPG,1312,12,1300,0.9579487179487179,0.3046470561709344,0.5535256410256411,0.021778463046483128
pcb2,0,linsvm,bad/056.JPG,1311,5,1306,0.9624808575803983,0.14481203007518798,0.519448698315467,0.004518911267094327
pcb2,0,linsvm,bad/064.JPG,1307,8,1299,0.9993264049268669,0.9068813131313131,0.9910508083140878,0.32361067977915803
pcb2,0,linsvm,bad/067.JPG,1311,4,1307,0.9569625095638867,0.43805889608387294,0.7899770466717674,0.5032657397084499
pcb2,0,linsvm,bad/069.JPG,1311,5,1306,0.9805513016845329,0.234851164161509,0.9297090352220521,0.06548831009885298
pcb2,0,linsvm,bad/070.JPG,1311,5,1306,0.9399693721286371,0.6109370003197953,0.9935681470137826,0.6703703703703703
pcb2,0,linsvm,bad/072.JPG,1311,6,1305,0.9893997445721583,0.5946379071379071,0.6171136653895275,0.03674176275182896
pcb2,0,linsvm,bad/076.JPG,1309,4,1305,0.9465517241379311,0.5219555035128804,0.6339080459770114,0.02843044208854411
pcb2,0,linsvm,bad/077.JPG,1304,10,1294,0.9690108191653787,0.7047537692885881,0.8050231839258114,0.38208276270868724
pcb2,0,linsvm,bad/078.JPG,1310,6,1304,1.0,1.0,0.9997443762781186,0.9583333333333333
pcb2,0,linsvm,bad/080.JPG,1310,5,1305,0.999080459770115,0.8599999999999999,0.94727969348659,0.6179011592434411
pcb2,0,linsvm,bad/084.JPG,1306,14,1292,0.9902697921273773,0.5740023312515422,0.903250773993808,0.5553975279142392
pcb2,0,linsvm,bad/086.JPG,1307,13,1294,0.9942337415289502,0.7836571380689026,0.9309832362382595,0.7405718477174521
pcb2,0,linsvm,bad/095.JPG,1305,14,1291,0.9911475047028881,0.7564028343616969,0.9357640810003319,0.5761089606394548
pcb2,0,linsvm,good/0011.JPG,1312,0,1312,,,,
pcb2,0,linsvm,good/0024.JPG,1312,0,1312,,,,
pcb2,0,linsvm,good/0178.JPG,1312,0,1312,,,,
pcb2,0,linsvm,good/0215.JPG,1312,0,1312,,,,
pcb2,0,linsvm,good/0303.JPG,1312,0,1312,,,,
pcb2,0,linsvm,good/0427.JPG,1312,0,1312,,,,
pcb2,0,linsvm,good/0518.JPG,1312,0,1312,,,,
pcb2,0,linsvm,good/0621.JPG,1312,0,1312,,,,
pcb2,0,linsvm,good/0648.JPG,1312,0,1312,,,,
pcb2,0,linsvm,good/0659.JPG,1312,0,1312,,,,
pcb2,0,linsvm,good/0684.JPG,1312,0,1312,,,,
pcb2,0,linsvm,good/0685.JPG,1312,0,1312,,,,
pcb2,0,linsvm,good/0694.JPG,1312,0,1312,,,,
pcb2,0,linsvm,good/0751.JPG,1312,0,1312,,,,
pcb2,0,linsvm,good/0784.JPG,1312,0,1312,,,,
pcb2,0,linsvm,good/0796.JPG,1312,0,1312,,,,
pcb2,0,linsvm,good/0800.JPG,1312,0,1312,,,,
pcb2,0,linsvm,good/0920.JPG,1312,0,1312,,,,
pcb2,0,linsvm,good/0964.JPG,1312,0,1312,,,,
pcb2,0,linsvm,good/0986.JPG,1312,0,1312,,,,
pcb2,1,linsvm,bad/004.JPG,1309,11,1298,0.9985992435915394,0.8723005455625779,0.9871830788625859,0.24389958622036315
pcb2,1,linsvm,bad/005.JPG,1306,10,1296,0.8709876543209877,0.06185465492598932,0.9124228395061729,0.05647235545629055
pcb2,1,linsvm,bad/016.JPG,1310,7,1303,0.999890362898805,0.982142857142857,0.9970397982677338,0.6538850038850039
pcb2,1,linsvm,bad/021.JPG,1309,13,1296,0.9975664767331434,0.8206029264852792,0.9303181386514721,0.46923501999433004
pcb2,1,linsvm,bad/026.JPG,1307,11,1296,0.9980359147025814,0.9347319347319347,0.9511784511784511,0.629531611960833
pcb2,1,linsvm,bad/028.JPG,1308,15,1293,0.9997422015983501,0.9805555555555555,0.965558133539572,0.8686792141834326
pcb2,1,linsvm,bad/033.JPG,1306,7,1299,0.9971406576487408,0.8874458874458873,0.9254371494556252,0.26405472126686425
pcb2,1,linsvm,bad/035.JPG,1310,5,1305,0.9924904214559387,0.8185185185185184,0.7785440613026821,0.1573112556535524
pcb2,1,linsvm,bad/036.JPG,1310,6,1304,0.9856850715746421,0.8418079096045197,0.8463701431492843,0.10486786255847419
pcb2,1,linsvm,bad/037.JPG,1302,13,1289,0.9636569791728828,0.6733392009596828,0.8748582681864295,0.3063269903707914
pcb2,1,linsvm,bad/044.JPG,1305,75,1230,0.9804336043360433,0.7967648086620971,0.8986233062330623,0.3615874683079732
pcb2,1,linsvm,bad/046.JPG,1307,73,1234,0.9741679802846296,0.6990643177783357,0.8017361959103927,0.1541286170100151
pcb2,1,linsvm,bad/054.JPG,1306,21,1285,0.9633500092644063,0.46004554824809823,0.9397443023902168,0.22379676802594584
pcb2,1,linsvm,bad/065.JPG,1310,8,1302,0.9826228878648234,0.6714473362658846,0.8307411674347158,0.4388299724810875
pcb2,1,linsvm,bad/066.JPG,1307,8,1299,0.949576597382602,0.4515898212617883,0.8318899153194765,0.31845961647879745
pcb2,1,linsvm,bad/073.JPG,1310,3,1307,0.9742412649834226,0.05430261696246351,0.9566437133384341,0.0675990675990676
pcb2,1,linsvm,bad/081.JPG,1306,10,1296,0.8976851851851853,0.6205497727416416,0.8777006172839505,0.47266913762310203
pcb2,1,linsvm,bad/089.JPG,1308,11,1297,0.9754678629003996,0.8688696172248805,0.921076610359571,0.8231621123187389
pcb2,1,linsvm,bad/097.JPG,1309,9,1300,0.9939316239316239,0.807912912912913,0.9258974358974359,0.6560338271915118
pcb2,1,linsvm,bad/098.JPG,1310,15,1295,0.9992792792792793,0.9403191253191252,0.971016731016731,0.8178647932015878
pcb2,1,linsvm,good/0016.JPG,1312,0,1312,,,,
pcb2,1,linsvm,good/0026.JPG,1312,0,1312,,,,
pcb2,1,linsvm,good/0046.JPG,1312,0,1312,,,,
pcb2,1,linsvm,good/0174.JPG,1312,0,1312,,,,
pcb2,1,linsvm,good/0237.JPG,1312,0,1312,,,,
pcb2,1,linsvm,good/0306.JPG,1312,0,1312,,,,
pcb2,1,linsvm,good/0363.JPG,1312,0,1312,,,,
pcb2,1,linsvm,good/0394.JPG,1312,0,1312,,,,
pcb2,1,linsvm,good/0402.JPG,1312,0,1312,,,,
pcb2,1,linsvm,good/0514.JPG,1312,0,1312,,,,
pcb2,1,linsvm,good/0545.JPG,1312,0,1312,,,,
pcb2,1,linsvm,good/0552.JPG,1312,0,1312,,,,
pcb2,1,linsvm,good/0631.JPG,1312,0,1312,,,,
pcb2,1,linsvm,good/0674.JPG,1312,0,1312,,,,
pcb2,1,linsvm,good/0690.JPG,1312,0,1312,,,,
pcb2,1,linsvm,good/0768.JPG,1312,0,1312,,,,
pcb2,1,linsvm,good/0804.JPG,1312,0,1312,,,,
pcb2,1,linsvm,good/0900.JPG,1312,0,1312,,,,
pcb2,1,linsvm,good/0923.JPG,1312,0,1312,,,,
pcb2,1,linsvm,good/0997.JPG,1312,0,1312,,,,
pcb2,2,linsvm,bad/000.JPG,1309,5,1304,0.9984662576687117,0.7888888888888888,0.9400306748466257,0.23950135892173718
pcb2,2,linsvm,bad/003.JPG,1305,9,1296,0.9771090534979424,0.4249762583095916,0.9717935528120714,0.17757840180078152
pcb2,2,linsvm,bad/007.JPG,1306,11,1295,0.9983151983151983,0.8357798766889677,0.9959985959985961,0.5651354092530563
pcb2,2,linsvm,bad/008.JPG,1306,15,1291,0.9979860573199071,0.830687251631524,0.9890007745933385,0.43975804283387554
pcb2,2,linsvm,bad/017.JPG,1312,10,1302,0.9980798771121351,0.8339160401002506,0.9332565284178188,0.2663119231896571
pcb2,2,linsvm,bad/019.JPG,1309,15,1294,0.9992787223080886,0.9355697518855413,0.9259144770736734,0.1714309006652843
pcb2,2,linsvm,bad/020.JPG,1307,5,1302,0.9998463901689708,0.9666666666666666,0.9299539170506912,0.6127172558536105
pcb2,2,linsvm,bad/023.JPG,1306,9,1297,0.9789257260344385,0.1639820163801488,0.9048230960335818,0.15446905371327635
pcb2,2,linsvm,bad/029.JPG,1310,8,1302,0.9975038402457758,0.7386228354978355,0.9260752688172043,0.6959235061108159
pcb2,2,linsvm,bad/032.JPG,1311,7,1304,0.9703111305872042,0.705016100229699,0.9570552147239264,0.41728130048005824
pcb2,2,linsvm,bad/038.JPG,1311,10,1301,0.9973866256725596,0.8253571428571428,0.7254419677171406,0.08465334394244202
pcb2,2,linsvm,bad/041.JPG,1303,30,1273,0.9980361351139041,0.8956121111640772,0.9103168368682901,0.20852351014547355
pcb2,2,linsvm,bad/049.JPG,1312,15,1297,0.9565150346954511,0.3833385420581518,0.9359547674119764,0.3094164026885488
pcb2,2,linsvm,bad/052.JPG,1306,35,1271,0.8742722265932337,0.14729965974121464,0.8905698550073059,0.22599867222318692
pcb2,2,linsvm,bad/060.JPG,1310,6,1304,0.9975715746421268,0.6722222222222222,0.440439672801636,0.33602368127086796
pcb2,2,linsvm,bad/074.JPG,1308,8,1300,0.9950961538461539,0.8919491525423728,0.8670192307692307,0.6266728134142076
pcb2,2,linsvm,bad/091.JPG,1305,10,1295,1.0,0.9999999999999999,0.9997683397683397,0.976923076923077
pcb2,2,linsvm,bad/092.JPG,1307,21,1286,0.997259868177442,0.9209753696595804,0.9146485966081611,0.4206836850459733
pcb2,2,linsvm,bad/094.JPG,1302,16,1286,0.9963549766718507,0.8905563186813187,0.9344381804043546,0.6938329622326947
pcb2,2,linsvm,bad/096.JPG,1302,15,1287,0.9822843822843823,0.7726139162561575,0.9235949235949236,0.5824294098026148
pcb2,2,linsvm,good/0168.JPG,1312,0,1312,,,,
pcb2,2,linsvm,good/0170.JPG,1312,0,1312,,,,
pcb2,2,linsvm,good/0208.JPG,1312,0,1312,,,,
pcb2,2,linsvm,good/0261.JPG,1312,0,1312,,,,
pcb2,2,linsvm,good/0377.JPG,1312,0,1312,,,,
pcb2,2,linsvm,good/0400.JPG,1312,0,1312,,,,
pcb2,2,linsvm,good/0423.JPG,1312,0,1312,,,,
pcb2,2,linsvm,good/0615.JPG,1312,0,1312,,,,
pcb2,2,linsvm,good/0617.JPG,1312,0,1312,,,,
pcb2,2,linsvm,good/0619.JPG,1312,0,1312,,,,
pcb2,2,linsvm,good/0629.JPG,1312,0,1312,,,,
pcb2,2,linsvm,good/0657.JPG,1312,0,1312,,,,
pcb2,2,linsvm,good/0725.JPG,1312,0,1312,,,,
pcb2,2,linsvm,good/0739.JPG,1312,0,1312,,,,
pcb2,2,linsvm,good/0755.JPG,1312,0,1312,,,,
pcb2,2,linsvm,good/0811.JPG,1312,0,1312,,,,
pcb2,2,linsvm,good/0869.JPG,1312,0,1312,,,,
pcb2,2,linsvm,good/0871.JPG,1312,0,1312,,,,
pcb2,2,linsvm,good/0935.JPG,1312,0,1312,,,,
pcb2,2,linsvm,good/0968.JPG,1312,0,1312,,,,
pcb2,3,linsvm,bad/001.JPG,1311,9,1302,0.9465779143198498,0.7288943355119826,0.9777265745007679,0.3800604934351097
pcb2,3,linsvm,bad/009.JPG,1310,14,1296,0.990244708994709,0.686086555834455,0.9599867724867726,0.6277959785236255
pcb2,3,linsvm,bad/010.JPG,1300,7,1293,0.9505027068832174,0.24284241399626014,0.9356977129598939,0.09581789100075633
pcb2,3,linsvm,bad/011.JPG,1309,44,1265,0.9822314049586776,0.8195511702193448,0.9630614444843694,0.8730320259763734
pcb2,3,linsvm,bad/012.JPG,1309,7,1302,0.967632214175993,0.15670803486913884,0.9811279350449857,0.33589621183606144
pcb2,3,linsvm,bad/022.JPG,1310,7,1303,0.9960530643569784,0.8373154139704662,0.726016884113584,0.459582851423495
pcb2,3,linsvm,bad/024.JPG,1308,14,1294,0.9947008169573858,0.8091260232906721,0.863380437182601,0.4949535800924507
pcb2,3,linsvm,bad/027.JPG,1309,10,1299,0.9905311778290993,0.8975757575757576,0.9826789838337183,0.4260234259714707
pcb2,3,linsvm,bad/040.JPG,1306,35,1271,0.990131505001686,0.862065236727016,0.7762616612341239,0.07324592178657359
pcb2,3,linsvm,bad/045.JPG,1309,33,1276,0.9399401538899972,0.2486329847867969,0.6914600550964187,0.0812798421034523
pcb2,3,linsvm,bad/048.JPG,1303,47,1256,0.9497560645073859,0.5924946396800969,0.9322570809052717,0.38129671491819367
pcb2,3,linsvm,bad/053.JPG,1312,4,1308,0.9940749235474007,0.5287037037037037,0.9541284403669725,0.09108640939597316
pcb2,3,linsvm,bad/057.JPG,1312,8,1304,0.9960697852760737,0.4631470959595959,0.4076878834355828,0.006823111012532341
pcb2,3,linsvm,bad/058.JPG,1310,1,1309,1.0,1.0,1.0,1.0
pcb2,3,linsvm,bad/059.JPG,1303,12,1291,0.9610766847405112,0.5016587786747527,0.949715982442551,0.09315346468065004
pcb2,3,linsvm,bad/068.JPG,1306,6,1300,1.0,1.0,0.9985897435897437,0.7878306878306878
pcb2,3,linsvm,bad/083.JPG,1307,3,1304,0.9992331288343558,0.8333333333333333,0.9327709611451943,0.06602024055529063
pcb2,3,linsvm,bad/088.JPG,1309,13,1296,0.915954415954416,0.5718588003033573,0.8709045584045584,0.6184439306899324
pcb2,3,linsvm,bad/090.JPG,1306,9,1297,0.9982009766126959,0.9222222222222223,0.9586224620920072,0.8909214092140921
pcb2,3,linsvm,bad/093.JPG,1310,10,1300,0.9986923076923077,0.937037037037037,0.9918461538461538,0.8781593406593405
pcb2,3,linsvm,good/0013.JPG,1312,0,1312,,,,
pcb2,3,linsvm,good/0187.JPG,1312,0,1312,,,,
pcb2,3,linsvm,good/0214.JPG,1312,0,1312,,,,
pcb2,3,linsvm,good/0286.JPG,1312,0,1312,,,,
pcb2,3,linsvm,good/0294.JPG,1312,0,1312,,,,
pcb2,3,linsvm,good/0417.JPG,1312,0,1312,,,,
pcb2,3,linsvm,good/0457.JPG,1312,0,1312,,,,
pcb2,3,linsvm,good/0479.JPG,1312,0,1312,,,,
pcb2,3,linsvm,good/0488.JPG,1312,0,1312,,,,
pcb2,3,linsvm,good/0520.JPG,1312,0,1312,,,,
pcb2,3,linsvm,good/0688.JPG,1312,0,1312,,,,
pcb2,3,linsvm,good/0705.JPG,1312,0,1312,,,,
pcb2,3,linsvm,good/0730.JPG,1312,0,1312,,,,
pcb2,3,linsvm,good/0779.JPG,1312,0,1312,,,,
pcb2,3,linsvm,good/0844.JPG,1312,0,1312,,,,
pcb2,3,linsvm,good/0892.JPG,1312,0,1312,,,,
pcb2,3,linsvm,good/0940.JPG,1312,0,1312,,,,
pcb2,3,linsvm,good/0954.JPG,1312,0,1312,,,,
pcb2,3,linsvm,good/0974.JPG,1312,0,1312,,,,
pcb2,3,linsvm,good/0994.JPG,1312,0,1312,,,,
pcb2,4,linsvm,bad/002.JPG,1309,7,1302,0.9986833443054641,0.8717486994797918,0.9899056396752249,0.3413718820861678
pcb2,4,linsvm,bad/013.JPG,1306,22,1284,0.7206527895780233,0.03620969981236133,0.9969909374114981,0.7266352411787748
pcb2,4,linsvm,bad/015.JPG,1306,13,1293,0.9906597656017609,0.4302082042527156,0.9403593313106073,0.3119987381138305
pcb2,4,linsvm,bad/025.JPG,1307,13,1294,0.995719890619427,0.8419123360299829,0.9258114374034003,0.7529806453937119
pcb2,4,linsvm,bad/030.JPG,1306,7,1299,0.9971406576487408,0.8874458874458873,0.9651380182558011,0.5029380717804363
pcb2,4,linsvm,bad/031.JPG,1308,7,1301,0.9958273855276162,0.5437538651824365,0.9341166135939387,0.24190202610276956
pcb2,4,linsvm,bad/039.JPG,1308,8,1300,0.9969230769230769,0.84375,0.8706730769230769,0.3890189088678462
pcb2,4,linsvm,bad/042.JPG,1309,35,1274,0.9862076698811393,0.7587915121447592,0.9234357479255438,0.36302292515622536
pcb2,4,linsvm,bad/043.JPG,1304,19,1285,0.9798074953921769,0.5425653753571761,0.8172434978496825,0.3035976806925981
pcb2,4,linsvm,bad/055.JPG,1309,4,1305,0.9630268199233717,0.04857402495333529,0.6362068965517241,0.005364530814053881
pcb2,4,linsvm,bad/061.JPG,1309,7,1302,1.0,0.9999999999999998,0.99945139346061,0.9129251700680272
pcb2,4,linsvm,bad/062.JPG,1310,5,1305,0.9996934865900383,0.9428571428571428,0.8194636015325671,0.12497852910513743
pcb2,4,linsvm,bad/063.JPG,1308,4,1304,0.9932898773006135,0.5702380952380952,0.9674079754601227,0.07892156862745098
pcb2,4,linsvm,bad/071.JPG,1305,11,1294,0.9774483630743291,0.73710345382172,0.961430377968245,0.4963510665777607
pcb2,4,linsvm,bad/075.JPG,1308,12,1296,0.9953060699588477,0.8363844689931647,0.8181584362139918,0.36646875509593413
pcb2,4,linsvm,bad/079.JPG,1306,8,1298,0.9996147919876733,0.9502840909090909,0.9977850539291218,0.8125
pcb2,4,linsvm,bad/082.JPG,1310,4,1306,0.9605666156202144,0.3086752544529262,0.9908116385911179,0.31456881533101044
pcb2,4,linsvm,bad/085.JPG,1309,11,1298,0.9998599243591539,0.986013986013986,0.9913853480879675,0.75873440285205
pcb2,4,linsvm,bad/087.JPG,1304,11,1293,0.9959924066652605,0.9237967914438502,0.9265977641847711,0.6554797259897037
pcb2,4,linsvm,bad/099.JPG,1306,7,1299,0.9987902782360057,0.8955582232893156,0.9453425712086221,0.7298008843902563
pcb2,4,linsvm,good/0027.JPG,1312,0,1312,,,,
pcb2,4,linsvm,good/0100.JPG,1312,0,1312,,,,
pcb2,4,linsvm,good/0107.JPG,1312,0,1312,,,,
pcb2,4,linsvm,good/0159.JPG,1312,0,1312,,,,
pcb2,4,linsvm,good/0172.JPG,1312,0,1312,,,,
pcb2,4,linsvm,good/0196.JPG,1312,0,1312,,,,
pcb2,4,linsvm,good/0297.JPG,1312,0,1312,,,,
pcb2,4,linsvm,good/0320.JPG,1312,0,1312,,,,
pcb2,4,linsvm,good/0333.JPG,1312,0,1312,,,,
pcb2,4,linsvm,good/0469.JPG,1312,0,1312,,,,
pcb2,4,linsvm,good/0483.JPG,1312,0,1312,,,,
pcb2,4,linsvm,good/0484.JPG,1312,0,1312,,,,
pcb2,4,linsvm,good/0490.JPG,1312,0,1312,,,,
pcb2,4,linsvm,good/0525.JPG,1312,0,1312,,,,
pcb2,4,linsvm,good/0569.JPG,1312,0,1312,,,,
pcb2,4,linsvm,good/0654.JPG,1312,0,1312,,,,
pcb2,4,linsvm,good/0735.JPG,1312,0,1312,,,,
pcb2,4,linsvm,good/0764.JPG,1312,0,1312,,,,
pcb2,4,linsvm,good/0797.JPG,1312,0,1312,,,,
pcb2,4,linsvm,good/0952.JPG,1312,0,1312,,,,
chewinggum,0,logreg,bad/006.JPG,1204,30,1174,1.0,1.0,0.9987223168654173,0.939150350746028
chewinggum,0,logreg,bad/014.JPG,1204,25,1179,0.999796437659033,0.9914058355437667,0.9984393553859202,0.9172677192949723
chewinggum,0,logreg,bad/018.JPG,1204,24,1180,0.9997881355932203,0.9899893162393161,0.9999646892655367,0.9983333333333332
chewinggum,0,logreg,bad/034.JPG,1212,5,1207,1.0,1.0,0.7352112676056338,0.3122538151922311
chewinggum,0,logreg,bad/047.JPG,1211,19,1192,1.0,0.9999999999999998,0.9999116919816319,0.9949874686716791
chewinggum,0,logreg,bad/050.JPG,1211,37,1174,0.9995395736451954,0.9882686928791855,0.9945669690133063,0.7441604381093765
chewinggum,0,logreg,bad/051.JPG,1202,35,1167,0.9999265515975028,0.9976392719249862,0.9994368955808545,0.9750050943067708
chewinggum,0,logreg,bad/056.JPG,1211,22,1189,0.9999617707775824,0.9980237154150198,0.9996559369982415,0.9802309287906271
chewinggum,0,logreg,bad/064.JPG,1211,28,1183,0.9978565390653303,0.9432357040007434,0.999184881053013,0.9694415115275098
chewinggum,0,logreg,bad/067.JPG,1214,3,1211,0.9994494907789705,0.8055555555555556,0.9994494907789706,0.8055555555555556
chewinggum,0,logreg,bad/069.JPG,1209,8,1201,1.0,1.0,0.9998959200666111,0.9861111111111112
chewinggum,0,logreg,bad/070.JPG,1207,0,1207,,,,
chewinggum,0,logreg,bad/072.JPG,1206,0,1206,,,,
chewinggum,0,logreg,bad/076.JPG,1212,5,1207,1.0,1.0,0.9995028997514499,0.9028571428571428
chewinggum,0,logreg,bad/077.JPG,1214,6,1208,1.0,1.0,1.0,1.0
chewinggum,0,logreg,bad/078.JPG,1215,7,1208,1.0,0.9999999999999998,1.0,0.9999999999999998
chewinggum,0,logreg,bad/080.JPG,1211,9,1202,0.9949158809391755,0.8613636363636366,0.9508227029025698,0.5994946432153169
chewinggum,0,logreg,bad/084.JPG,1213,4,1209,0.999793217535153,0.95,0.999793217535153,0.95
chewinggum,0,logreg,bad/086.JPG,1210,5,1205,0.9591701244813279,0.80398406374502,0.7616597510373444,0.41318986719134293
chewinggum,0,logreg,bad/095.JPG,1213,4,1209,1.0,1.0,1.0,1.0
chewinggum,0,logreg,good/087.JPG,1216,0,1216,,,,
chewinggum,0,logreg,good/104.JPG,1216,0,1216,,,,
chewinggum,0,logreg,good/228.JPG,1216,0,1216,,,,
chewinggum,0,logreg,good/244.JPG,1216,0,1216,,,,
chewinggum,0,logreg,good/276.JPG,1216,0,1216,,,,
chewinggum,0,logreg,good/307.JPG,1216,0,1216,,,,
chewinggum,0,logreg,good/344.JPG,1216,0,1216,,,,
chewinggum,0,logreg,good/352.JPG,1216,0,1216,,,,
chewinggum,0,logreg,good/367.JPG,1216,0,1216,,,,
chewinggum,0,logreg,good/389.JPG,1216,0,1216,,,,
chewinggum,1,logreg,bad/004.JPG,1209,23,1186,0.999926680841704,0.9962980466288593,0.9979470635677102,0.9033679747036304
chewinggum,1,logreg,bad/005.JPG,1212,21,1191,0.9978009675742674,0.8733812707102935,0.9995601935148535,0.9781378042247608
chewinggum,1,logreg,bad/016.JPG,1209,16,1193,1.0,1.0,1.0,1.0
chewinggum,1,logreg,bad/021.JPG,1200,34,1166,0.9996720815255777,0.9889706337418815,0.9986631016042781,0.9578083167537638
chewinggum,1,logreg,bad/026.JPG,1211,8,1203,0.9975062344139651,0.7723473084886128,0.8195137157107232,0.30519449913360064
chewinggum,1,logreg,bad/028.JPG,1212,6,1206,0.9987562189054726,0.8999999999999999,0.8414870093974571,0.5436188606251907
chewinggum,1,logreg,bad/033.JPG,1211,4,1207,0.9997928748964374,0.95,0.5437033968516984,0.25380366724226894
chewinggum,1,logreg,bad/035.JPG,1212,6,1206,0.996130458817026,0.6052777777777777,0.9947484798231068,0.7625
chewinggum,1,logreg,bad/036.JPG,1215,11,1204,1.0,1.0,0.9995469646632437,0.953063098517644
chewinggum,1,logreg,bad/037.JPG,1215,5,1210,0.9892561983471074,0.6886002886002887,0.8778512396694215,0.36200734048560135
chewinggum,1,logreg,bad/044.JPG,1199,57,1142,0.9927643100746613,0.9707880157230648,0.9778474206532093,0.8770474467594696
chewinggum,1,logreg,bad/046.JPG,1210,22,1188,0.9998469543924089,0.9919815033451396,0.9982782369146006,0.9237961425105163
chewinggum,1,logreg,bad/054.JPG,1215,11,1204,1.0,1.0,1.0,1.0
chewinggum,1,logreg,bad/065.JPG,1199,8,1191,0.9972712006717044,0.853021978021978,0.9265323257766583,0.7569819212088504
chewinggum,1,logreg,bad/066.JPG,1208,8,1200,0.9961458333333333,0.5750160010240655,0.9986458333333333,0.8883689839572193
chewinggum,1,logreg,bad/073.JPG,1210,4,1206,0.997927031509121,0.47619047619047616,0.9993781094527363,0.8541666666666666
chewinggum,1,logreg,bad/081.JPG,1208,5,1203,0.999833748960931,0.9666666666666667,1.0,1.0
chewinggum,1,logreg,bad/089.JPG,1213,4,1209,1.0,1.0,1.0,1.0
chewinggum,1,logreg,bad/097.JPG,1212,10,1202,0.9998336106489185,0.9809090909090908,0.9973377703826956,0.8567857142857143
chewinggum,1,logreg,bad/098.JPG,1213,10,1203,0.9999168744804655,0.9909090909090909,0.9961762261014131,0.9178571428571428
chewinggum,1,logreg,good/012.JPG,1216,0,1216,,,,
chewinggum,1,logreg,good/143.JPG,1216,0,1216,,,,
chewinggum,1,logreg,good/245.JPG,1216,0,1216,,,,
chewinggum,1,logreg,good/260.JPG,1216,0,1216,,,,
chewinggum,1,logreg,good/342.JPG,1216,0,1216,,,,
chewinggum,1,logreg,good/400.JPG,1216,0,1216,,,,
chewinggum,1,logreg,good/446.JPG,1216,0,1216,,,,
chewinggum,1,logreg,good/461.JPG,1216,0,1216,,,,
chewinggum,1,logreg,good/467.JPG,1216,0,1216,,,,
chewinggum,1,logreg,good/487.JPG,1216,0,1216,,,,
chewinggum,2,logreg,bad/000.JPG,1198,20,1178,0.999830220713073,0.9909782608695654,0.9997453310696095,0.9866600790513835
chewinggum,2,logreg,bad/003.JPG,1212,10,1202,0.9873544093178037,0.6324460624645006,0.9973377703826956,0.7394955768868812
chewinggum,2,logreg,bad/007.JPG,1208,23,1185,0.9830489818381949,0.9566974956646722,0.9620620069711979,0.9498015403812504
chewinggum,2,logreg,bad/008.JPG,1206,25,1181,0.9994919559695173,0.9725234103472495,0.9612870448772227,0.6284030483441051
chewinggum,2,logreg,bad/017.JPG,1211,29,1182,0.9998541338467821,0.9946312110402478,0.9994748818484159,0.9794608515682866
chewinggum,2,logreg,bad/019.JPG,1202,28,1174,0.999513263567778,0.9815250814966185,0.9955889510829886,0.9428636609306824
chewinggum,2,logreg,bad/020.JPG,1209,18,1191,0.9999067077152719,0.9944444444444445,0.9999533538576361,0.9970760233918129
chewinggum,2,logreg,bad/023.JPG,1213,9,1204,0.9768364710225175,0.5264029180695846,0.9927094868955334,0.7259400923784487
chewinggum,2,logreg,bad/029.JPG,1215,5,1210,0.9991735537190083,0.8711111111111112,0.9823140495867768,0.6095238095238096
chewinggum,2,logreg,bad/032.JPG,1203,13,1190,0.9473173884938592,0.4468017841762487,0.718164188752424,0.06665160578510398
chewinggum,2,logreg,bad/038.JPG,1200,13,1187,0.9963061369969541,0.8410839160839161,0.928390901432182,0.6333758420806298
chewinggum,2,logreg,bad/041.JPG,1209,22,1187,0.9995404763728268,0.9776072710035751,0.9933752010415868,0.9065202012818421
chewinggum,2,logreg,bad/049.JPG,1212,31,1181,0.9999726858048127,0.9989919354838709,0.9993444593155062,0.9837445061188288
chewinggum,2,logreg,bad/052.JPG,1210,42,1168,0.9997146118721462,0.9926227125533862,0.9979207436399217,0.9185569036997079
chewinggum,2,logreg,bad/060.JPG,1207,21,1186,0.9907652774431863,0.9207004638143821,0.981811611659841,0.8948894637831185
chewinggum,2,logreg,bad/074.JPG,1207,5,1202,1.0,1.0,1.0,1.0
chewinggum,2,logreg,bad/091.JPG,1212,9,1203,0.9987992980511684,0.9343434343434345,0.8938764200609586,0.8280285493827162
chewinggum,2,logreg,bad/092.JPG,1211,5,1206,0.9983416252072969,0.8666666666666667,0.9975124378109452,0.8500000000000001
chewinggum,2,logreg,bad/094.JPG,1216,4,1212,1.0,1.0,1.0,1.0
chewinggum,2,logreg,bad/096.JPG,1214,9,1205,1.0,1.0000000000000002,1.0,1.0000000000000002
chewinggum,2,logreg,good/006.JPG,1216,0,1216,,,,
chewinggum,2,logreg,good/130.JPG,1216,0,1216,,,,
chewinggum,2,logreg,good/166.JPG,1216,0,1216,,,,
chewinggum,2,logreg,good/239.JPG,1216,0,1216,,,,
chewinggum,2,logreg,good/272.JPG,1216,0,1216,,,,
chewinggum,2,logreg,good/309.JPG,1216,0,1216,,,,
chewinggum,2,logreg,good/384.JPG,1216,0,1216,,,,
chewinggum,2,logreg,good/402.JPG,1216,0,1216,,,,
chewinggum,2,logreg,good/435.JPG,1216,0,1216,,,,
chewinggum,2,logreg,good/460.JPG,1216,0,1216,,,,
chewinggum,3,logreg,bad/001.JPG,1211,21,1190,0.9996798719487795,0.9858276643990931,0.9978391356542617,0.9636268921983209
chewinggum,3,logreg,bad/009.JPG,1192,15,1177,0.9989804587935429,0.9563850486431131,0.9969980175587653,0.757758834732519
chewinggum,3,logreg,bad/010.JPG,1210,22,1188,0.9985460667278849,0.9194651124337916,0.9952173247627794,0.8846567670143003
chewinggum,3,logreg,bad/011.JPG,1208,48,1160,0.9995869252873563,0.9908947874021403,0.9951688218390804,0.9429066657218137
chewinggum,3,logreg,bad/012.JPG,1208,30,1178,0.9992359932088285,0.9710018208183926,0.9995189586870401,0.9796162510709255
chewinggum,3,logreg,bad/022.JPG,1208,8,1200,0.9994791666666667,0.9381313131313131,0.9991666666666666,0.8553436147186148
chewinggum,3,logreg,bad/024.JPG,1214,12,1202,0.9988214087631725,0.8283399470899472,0.9997226844148641,0.9707362082362084
chewinggum,3,logreg,bad/027.JPG,1213,6,1207,0.9994476663904999,0.9107142857142856,0.9251587959127313,0.03713397562024096
chewinggum,3,logreg,bad/040.JPG,1214,23,1191,0.999233380790713,0.9426084436173422,0.9983937502281605,0.8981027764811349
chewinggum,3,logreg,bad/045.JPG,1211,37,1174,0.9999769786822599,0.9992887624466571,0.9988028914775082,0.9671558177713266
chewinggum,3,logreg,bad/048.JPG,1211,24,1187,0.999964897500702,0.9983333333333332,0.9933305251333895,0.8968257376505921
chewinggum,3,logreg,bad/053.JPG,1203,55,1148,0.9866962305986695,0.8495313750043412,0.9609914475768134,0.8484874481062845
chewinggum,3,logreg,bad/057.JPG,1210,14,1196,1.0,1.0,0.9991041567128524,0.9429335370511841
chewinggum,3,logreg,bad/058.JPG,1213,43,1170,0.9999801232359372,0.9994714587737845,0.9997416020671834,0.9933249985996464
chewinggum,3,logreg,bad/059.JPG,1207,18,1189,0.9995327539482292,0.9629922319873303,0.9990655078964582,0.9415958668667648
chewinggum,3,logreg,bad/068.JPG,1207,4,1203,1.0,1.0,1.0,1.0
chewinggum,3,logreg,bad/083.JPG,1214,6,1208,1.0,1.0,1.0,1.0
chewinggum,3,logreg,bad/088.JPG,1214,6,1208,1.0,1.0,1.0,1.0
chewinggum,3,logreg,bad/090.JPG,1214,6,1208,1.0,1.0,0.9995860927152318,0.9150793650793649
chewinggum,3,logreg,bad/093.JPG,1204,6,1198,1.0,1.0,0.9993043962159154,0.8968253968253967
chewinggum,3,logreg,good/013.JPG,1216,0,1216,,,,
chewinggum,3,logreg,good/148.JPG,1216,0,1216,,,,
chewinggum,3,logreg,good/181.JPG,1216,0,1216,,,,
chewinggum,3,logreg,good/213.JPG,1216,0,1216,,,,
chewinggum,3,logreg,good/324.JPG,1216,0,1216,,,,
chewinggum,3,logreg,good/369.JPG,1216,0,1216,,,,
chewinggum,3,logreg,good/392.JPG,1216,0,1216,,,,
chewinggum,3,logreg,good/398.JPG,1216,0,1216,,,,
chewinggum,3,logreg,good/405.JPG,1216,0,1216,,,,
chewinggum,3,logreg,good/497.JPG,1216,0,1216,,,,
chewinggum,4,logreg,bad/002.JPG,1197,15,1182,0.9986463620981387,0.9410902822667528,0.9912577552171461,0.7813474577990707
chewinggum,4,logreg,bad/013.JPG,1208,14,1194,1.0,1.0,0.9997008853792773,0.9778711484593836
chewinggum,4,logreg,bad/015.JPG,1206,53,1153,0.999689080168224,0.9938618466254425,0.9998199937816034,0.9963137487351529
chewinggum,4,logreg,bad/025.JPG,1214,8,1206,0.9234038142620232,0.7197253713137691,0.7886608623548922,0.22837479710569775
chewinggum,4,logreg,bad/030.JPG,1214,15,1199,0.9844314706700028,0.7534723637313724,0.9774812343619683,0.6655921892892861
chewinggum,4,logreg,bad/031.JPG,1210,3,1207,0.9955813311239989,0.7192982456140351,0.7970173985086992,0.07142441497984123
chewinggum,4,logreg,bad/039.JPG,1215,13,1202,0.9781134007423525,0.5747033233963779,0.9337002431844361,0.4503790452050341
chewinggum,4,logreg,bad/042.JPG,1213,38,1175,0.9980739081746921,0.9477731429596856,0.9946920492721165,0.9212253541664457
chewinggum,4,logreg,bad/043.JPG,1211,32,1179,0.9999204834605598,0.9973214285714286,0.9997349448685326,0.9889216651671028
chewinggum,4,logreg,bad/055.JPG,1209,24,1185,1.0,0.9999999999999999,0.9989099859353023,0.9642429732103643
chewinggum,4,logreg,bad/061.JPG,1206,25,1181,0.9999322607959357,0.9968615384615387,0.9989500423370026,0.9345477436041174
chewinggum,4,logreg,bad/062.JPG,1216,38,1178,0.9996872486819766,0.9906259901733057,0.9995978911625413,0.9877130416665205
chewinggum,4,logreg,bad/063.JPG,1203,39,1164,0.998524099039563,0.9712466895010358,0.991783417041149,0.8648016916332828
chewinggum,4,logreg,bad/071.JPG,1208,5,1203,0.9996674979218619,0.9428571428571428,1.0,1.0
chewinggum,4,logreg,bad/075.JPG,1216,4,1212,0.9995874587458746,0.9166666666666666,0.9993811881188118,0.8928571428571428
chewinggum,4,logreg,bad/079.JPG,1213,7,1206,0.9996446339729922,0.9571428571428571,1.0,0.9999999999999998
chewinggum,4,logreg,bad/082.JPG,1216,6,1210,0.9991735537190082,0.8819444444444444,1.0,1.0
chewinggum,4,logreg,bad/085.JPG,1210,7,1203,0.9997624985156157,0.9617346938775511,0.8731742073387958,0.7221888822474596
chewinggum,4,logreg,bad/087.JPG,1212,5,1207,1.0,1.0,0.9995028997514499,0.8766666666666667
chewinggum,4,logreg,bad/099.JPG,1214,7,1207,1.0,0.9999999999999998,1.0,0.9999999999999998
chewinggum,4,logreg,good/050.JPG,1216,0,1216,,,,
chewinggum,4,logreg,good/084.JPG,1216,0,1216,,,,
chewinggum,4,logreg,good/089.JPG,1216,0,1216,,,,
chewinggum,4,logreg,good/093.JPG,1216,0,1216,,,,
chewinggum,4,logreg,good/098.JPG,1216,0,1216,,,,
chewinggum,4,logreg,good/284.JPG,1216,0,1216,,,,
chewinggum,4,logreg,good/337.JPG,1216,0,1216,,,,
chewinggum,4,logreg,good/377.JPG,1216,0,1216,,,,
chewinggum,4,logreg,good/482.JPG,1216,0,1216,,,,
chewinggum,4,logreg,good/486.JPG,1216,0,1216,,,,
chewinggum,0,linsvm,bad/006.JPG,1204,30,1174,0.9997160704145373,0.9872704503108737,0.9987223168654173,0.939150350746028
chewinggum,0,linsvm,bad/014.JPG,1204,25,1179,0.999796437659033,0.9902130581174061,0.9984393553859202,0.9172677192949723
chewinggum,0,linsvm,bad/018.JPG,1204,24,1180,0.9992584745762713,0.9619325140497375,0.9999646892655367,0.9983333333333332
chewinggum,0,linsvm,bad/034.JPG,1212,5,1207,0.9978458989229495,0.6422222222222222,0.7352112676056338,0.3122538151922311
chewinggum,0,linsvm,bad/047.JPG,1211,19,1192,1.0,0.9999999999999998,0.9999116919816319,0.9949874686716791
chewinggum,0,linsvm,bad/050.JPG,1211,37,1174,0.9994014457387541,0.9865587560245919,0.9945669690133063,0.7441604381093765
chewinggum,0,linsvm,bad/051.JPG,1202,35,1167,0.9996817235891786,0.9901301405215068,0.9994368955808545,0.9750050943067708
chewinggum,0,linsvm,bad/056.JPG,1211,22,1189,0.9998470831103294,0.9930069930069929,0.9996559369982415,0.9802309287906271
chewinggum,0,linsvm,bad/064.JPG,1211,28,1183,0.9920601376645333,0.8353312920634731,0.999184881053013,0.9694415115275098
chewinggum,0,linsvm,bad/067.JPG,1214,3,1211,1.0,1.0,0.9994494907789706,0.8055555555555556
chewinggum,0,linsvm,bad/069.JPG,1209,8,1201,1.0,1.0,0.9998959200666111,0.9861111111111112
chewinggum,0,linsvm,bad/070.JPG,1207,0,1207,,,,
chewinggum,0,linsvm,bad/072.JPG,1206,0,1206,,,,
chewinggum,0,linsvm,bad/076.JPG,1212,5,1207,1.0,1.0,0.9995028997514499,0.9028571428571428
chewinggum,0,linsvm,bad/077.JPG,1214,6,1208,1.0,1.0,1.0,1.0
chewinggum,0,linsvm,bad/078.JPG,1215,7,1208,1.0,0.9999999999999998,1.0,0.9999999999999998
chewinggum,0,linsvm,bad/080.JPG,1211,9,1202,0.985579589572934,0.7992624659291327,0.9508227029025698,0.5994946432153169
chewinggum,0,linsvm,bad/084.JPG,1213,4,1209,1.0,1.0,0.999793217535153,0.95
chewinggum,0,linsvm,bad/086.JPG,1210,5,1205,0.950207468879668,0.8032786885245902,0.7616597510373444,0.41318986719134293
chewinggum,0,linsvm,bad/095.JPG,1213,4,1209,1.0,1.0,1.0,1.0
chewinggum,0,linsvm,good/087.JPG,1216,0,1216,,,,
chewinggum,0,linsvm,good/104.JPG,1216,0,1216,,,,
chewinggum,0,linsvm,good/228.JPG,1216,0,1216,,,,
chewinggum,0,linsvm,good/244.JPG,1216,0,1216,,,,
chewinggum,0,linsvm,good/276.JPG,1216,0,1216,,,,
chewinggum,0,linsvm,good/307.JPG,1216,0,1216,,,,
chewinggum,0,linsvm,good/344.JPG,1216,0,1216,,,,
chewinggum,0,linsvm,good/352.JPG,1216,0,1216,,,,
chewinggum,0,linsvm,good/367.JPG,1216,0,1216,,,,
chewinggum,0,linsvm,good/389.JPG,1216,0,1216,,,,
chewinggum,1,linsvm,bad/004.JPG,1209,23,1186,0.9996700637876677,0.9841250746732788,0.9979470635677102,0.9033679747036304
chewinggum,1,linsvm,bad/005.JPG,1212,21,1191,0.9960417416336812,0.8579819939625773,0.9995601935148535,0.9781378042247608
chewinggum,1,linsvm,bad/016.JPG,1209,16,1193,0.9997380553227159,0.9820586622807017,1.0,1.0
chewinggum,1,linsvm,bad/021.JPG,1200,34,1166,0.9991928160629604,0.9760016584347752,0.9986631016042781,0.9578083167537638
chewinggum,1,linsvm,bad/026.JPG,1211,8,1203,0.9971945137157108,0.7756283068783069,0.8195137157107232,0.30519449913360064
chewinggum,1,linsvm,bad/028.JPG,1212,6,1206,0.9820342730790492,0.7380743525480367,0.8414870093974571,0.5436188606251907
chewinggum,1,linsvm,bad/033.JPG,1211,4,1207,0.9997928748964374,0.95,0.5437033968516984,0.25380366724226894
chewinggum,1,linsvm,bad/035.JPG,1212,6,1206,0.9937810945273632,0.5687761069340017,0.9947484798231068,0.7625
chewinggum,1,linsvm,bad/036.JPG,1215,11,1204,0.999622470552703,0.9674931129476585,0.9995469646632437,0.953063098517644
chewinggum,1,linsvm,bad/037.JPG,1215,5,1210,0.9750413223140496,0.5529365079365078,0.8778512396694215,0.36200734048560135
chewinggum,1,linsvm,bad/044.JPG,1199,57,1142,0.9957753402771377,0.9750016934317854,0.9778474206532093,0.8770474467594696
chewinggum,1,linsvm,bad/046.JPG,1210,22,1188,0.999846954392409,0.9924793388429751,0.9982782369146006,0.9237961425105163
chewinggum,1,linsvm,bad/054.JPG,1215,11,1204,0.9999244941105406,0.9924242424242424,1.0,1.0
chewinggum,1,linsvm,bad/065.JPG,1199,8,1191,0.9958018471872376,0.8181366047745358,0.9265323257766583,0.7569819212088504
chewinggum,1,linsvm,bad/066.JPG,1208,8,1200,0.9916666666666666,0.43939344968756733,0.9986458333333333,0.8883689839572193
chewinggum,1,linsvm,bad/073.JPG,1210,4,1206,0.9867330016583749,0.16093073593073592,0.9993781094527363,0.8541666666666666
chewinggum,1,linsvm,bad/081.JPG,1208,5,1203,0.9993349958437241,0.9111111111111111,1.0,1.0
chewinggum,1,linsvm,bad/089.JPG,1213,4,1209,1.0,1.0,1.0,1.0
chewinggum,1,linsvm,bad/097.JPG,1212,10,1202,1.0,0.9999999999999999,0.9973377703826956,0.8567857142857143
chewinggum,1,linsvm,bad/098.JPG,1213,10,1203,0.9999168744804655,0.9909090909090909,0.9961762261014131,0.9178571428571428
chewinggum,1,linsvm,good/012.JPG,1216,0,1216,,,,
chewinggum,1,linsvm,good/143.JPG,1216,0,1216,,,,
chewinggum,1,linsvm,good/245.JPG,1216,0,1216,,,,
chewinggum,1,linsvm,good/260.JPG,1216,0,1216,,,,
chewinggum,1,linsvm,good/342.JPG,1216,0,1216,,,,
chewinggum,1,linsvm,good/400.JPG,1216,0,1216,,,,
chewinggum,1,linsvm,good/446.JPG,1216,0,1216,,,,
chewinggum,1,linsvm,good/461.JPG,1216,0,1216,,,,
chewinggum,1,linsvm,good/467.JPG,1216,0,1216,,,,
chewinggum,1,linsvm,good/487.JPG,1216,0,1216,,,,
chewinggum,2,linsvm,bad/000.JPG,1198,20,1178,0.9998302207130729,0.9916666666666669,0.9997453310696095,0.9866600790513835
chewinggum,2,linsvm,bad/003.JPG,1212,10,1202,0.9480033277870217,0.24658745700584972,0.9973377703826956,0.7394955768868812
chewinggum,2,linsvm,bad/007.JPG,1208,23,1185,0.9748669968813062,0.9523407058559695,0.9620620069711979,0.9498015403812504
chewinggum,2,linsvm,bad/008.JPG,1206,25,1181,0.998645215918713,0.9333057565717415,0.9612870448772227,0.6284030483441051
chewinggum,2,linsvm,bad/017.JPG,1211,29,1182,0.9998249606161386,0.9940886699507389,0.9994748818484159,0.9794608515682866
chewinggum,2,linsvm,bad/019.JPG,1202,28,1174,0.9994828425407641,0.9783503355001534,0.9955889510829886,0.9428636609306824
chewinggum,2,linsvm,bad/020.JPG,1209,18,1191,0.9997667692881799,0.9853285173718611,0.9999533538576361,0.9970760233918129
chewinggum,2,linsvm,bad/023.JPG,1213,9,1204,0.9021779254337394,0.2345738106119993,0.9927094868955334,0.7259400923784487
chewinggum,2,linsvm,bad/029.JPG,1215,5,1210,0.9899173553719007,0.6140124902419983,0.9823140495867768,0.6095238095238096
chewinggum,2,linsvm,bad/032.JPG,1203,13,1190,0.9108597285067873,0.3815431998292847,0.718164188752424,0.06665160578510398
chewinggum,2,linsvm,bad/038.JPG,1200,13,1187,0.981660294212948,0.5681301497425693,0.928390901432182,0.6333758420806298
chewinggum,2,linsvm,bad/041.JPG,1209,22,1187,0.9991192463812514,0.9700400088105772,0.9933752010415868,0.9065202012818421
chewinggum,2,linsvm,bad/049.JPG,1212,31,1181,0.9998907432192511,0.9963133640552995,0.9993444593155062,0.9837445061188288
chewinggum,2,linsvm,bad/052.JPG,1210,42,1168,0.9997146118721462,0.9925395546629194,0.9979207436399217,0.9185569036997079
chewinggum,2,linsvm,bad/060.JPG,1207,21,1186,0.9879145587408656,0.9159014928199343,0.981811611659841,0.8948894637831185
chewinggum,2,linsvm,bad/074.JPG,1207,5,1202,1.0,1.0,1.0,1.0
chewinggum,2,linsvm,bad/091.JPG,1212,9,1203,0.99833748960931,0.9150047483380819,0.8938764200609586,0.8280285493827162
chewinggum,2,linsvm,bad/092.JPG,1211,5,1206,0.9983416252072969,0.8666666666666667,0.9975124378109452,0.8500000000000001
chewinggum,2,linsvm,bad/094.JPG,1216,4,1212,1.0,1.0,1.0,1.0
chewinggum,2,linsvm,bad/096.JPG,1214,9,1205,0.9999077916090364,0.9888888888888892,1.0,1.0000000000000002
chewinggum,2,linsvm,good/006.JPG,1216,0,1216,,,,
chewinggum,2,linsvm,good/130.JPG,1216,0,1216,,,,
chewinggum,2,linsvm,good/166.JPG,1216,0,1216,,,,
chewinggum,2,linsvm,good/239.JPG,1216,0,1216,,,,
chewinggum,2,linsvm,good/272.JPG,1216,0,1216,,,,
chewinggum,2,linsvm,good/309.JPG,1216,0,1216,,,,
chewinggum,2,linsvm,good/384.JPG,1216,0,1216,,,,
chewinggum,2,linsvm,good/402.JPG,1216,0,1216,,,,
chewinggum,2,linsvm,good/435.JPG,1216,0,1216,,,,
chewinggum,2,linsvm,good/460.JPG,1216,0,1216,,,,
chewinggum,3,linsvm,bad/001.JPG,1211,21,1190,0.9996798719487795,0.9858276643990931,0.9978391356542617,0.9636268921983209
chewinggum,3,linsvm,bad/009.JPG,1192,15,1177,0.9950155763239876,0.8730576672871755,0.9969980175587653,0.757758834732519
chewinggum,3,linsvm,bad/010.JPG,1210,22,1188,0.998852157943067,0.9277861205675728,0.9952173247627794,0.8846567670143003
chewinggum,3,linsvm,bad/011.JPG,1208,48,1160,0.9989583333333333,0.976775038585985,0.9951688218390804,0.9429066657218137
chewinggum,3,linsvm,bad/012.JPG,1208,30,1178,0.9990945104697226,0.9650745071419976,0.9995189586870401,0.9796162510709255
chewinggum,3,linsvm,bad/022.JPG,1208,8,1200,0.9986458333333333,0.8839743589743589,0.9991666666666666,0.8553436147186148
chewinggum,3,linsvm,bad/024.JPG,1214,12,1202,0.9990987243483084,0.9140694953194953,0.9997226844148641,0.9707362082362084
chewinggum,3,linsvm,bad/027.JPG,1213,6,1207,0.9988953327809997,0.8690476190476191,0.9251587959127313,0.03713397562024096
chewinggum,3,linsvm,bad/040.JPG,1214,23,1191,0.9986492899645895,0.8856988931514733,0.9983937502281605,0.8981027764811349
chewinggum,3,linsvm,bad/045.JPG,1211,37,1174,0.9999769786822599,0.9992887624466571,0.9988028914775082,0.9671558177713266
chewinggum,3,linsvm,bad/048.JPG,1211,24,1187,0.9999297950014041,0.9967948717948717,0.9933305251333895,0.8968257376505921
chewinggum,3,linsvm,bad/053.JPG,1203,55,1148,0.9862844472600569,0.7790083310378827,0.9609914475768134,0.8484874481062845
chewinggum,3,linsvm,bad/057.JPG,1210,14,1196,1.0,1.0,0.9991041567128524,0.9429335370511841
chewinggum,3,linsvm,bad/058.JPG,1213,43,1170,0.9999801232359372,0.9994714587737845,0.9997416020671834,0.9933249985996464
chewinggum,3,linsvm,bad/059.JPG,1207,18,1189,0.9995794785534062,0.9680427370378353,0.9990655078964582,0.9415958668667648
chewinggum,3,linsvm,bad/068.JPG,1207,4,1203,1.0,1.0,1.0,1.0
chewinggum,3,linsvm,bad/083.JPG,1214,6,1208,1.0,1.0,1.0,1.0
chewinggum,3,linsvm,bad/088.JPG,1214,6,1208,1.0,1.0,1.0,1.0
chewinggum,3,linsvm,bad/090.JPG,1214,6,1208,1.0,1.0,0.9995860927152318,0.9150793650793649
chewinggum,3,linsvm,bad/093.JPG,1204,6,1198,0.9997217584863661,0.9583333333333333,0.9993043962159154,0.8968253968253967
chewinggum,3,linsvm,good/013.JPG,1216,0,1216,,,,
chewinggum,3,linsvm,good/148.JPG,1216,0,1216,,,,
chewinggum,3,linsvm,good/181.JPG,1216,0,1216,,,,
chewinggum,3,linsvm,good/213.JPG,1216,0,1216,,,,
chewinggum,3,linsvm,good/324.JPG,1216,0,1216,,,,
chewinggum,3,linsvm,good/369.JPG,1216,0,1216,,,,
chewinggum,3,linsvm,good/392.JPG,1216,0,1216,,,,
chewinggum,3,linsvm,good/398.JPG,1216,0,1216,,,,
chewinggum,3,linsvm,good/405.JPG,1216,0,1216,,,,
chewinggum,3,linsvm,good/497.JPG,1216,0,1216,,,,
chewinggum,4,linsvm,bad/002.JPG,1197,15,1182,0.9989283699943599,0.9401098901098901,0.9912577552171461,0.7813474577990707
chewinggum,4,linsvm,bad/013.JPG,1208,14,1194,1.0,1.0,0.9997008853792773,0.9778711484593836
chewinggum,4,linsvm,bad/015.JPG,1206,53,1153,0.9992145183197237,0.9858357213895326,0.9998199937816034,0.9963137487351529
chewinggum,4,linsvm,bad/025.JPG,1214,8,1206,0.9092039800995025,0.7167864401858304,0.7886608623548922,0.22837479710569775
chewinggum,4,linsvm,bad/030.JPG,1214,15,1199,0.9770920211287184,0.6779976666427968,0.9774812343619683,0.6655921892892861
chewinggum,4,linsvm,bad/031.JPG,1210,3,1207,0.9930958298812482,0.7023809523809523,0.7970173985086992,0.07142441497984123
chewinggum,4,linsvm,bad/039.JPG,1215,13,1202,0.9694099577627032,0.5497760280655017,0.9337002431844361,0.4503790452050341
chewinggum,4,linsvm,bad/042.JPG,1213,38,1175,0.9966853303471445,0.9256475538272152,0.9946920492721165,0.9212253541664457
chewinggum,4,linsvm,bad/043.JPG,1211,32,1179,0.999787955894826,0.9925841072010426,0.9997349448685326,0.9889216651671028
chewinggum,4,linsvm,bad/055.JPG,1209,24,1185,1.0,0.9999999999999999,0.9989099859353023,0.9642429732103643
chewinggum,4,linsvm,bad/061.JPG,1206,25,1181,0.9998306519898391,0.9928827586206899,0.9989500423370026,0.9345477436041174
chewinggum,4,linsvm,bad/062.JPG,1216,38,1178,0.9993298186042355,0.9802673697602747,0.9995978911625413,0.9877130416665205
chewinggum,4,linsvm,bad/063.JPG,1203,39,1164,0.9969160278438629,0.9534413730963506,0.991783417041149,0.8648016916332828
chewinggum,4,linsvm,bad/071.JPG,1208,5,1203,0.99833748960931,0.75,1.0,1.0
chewinggum,4,linsvm,bad/075.JPG,1216,4,1212,0.9997937293729372,0.95,0.9993811881188118,0.8928571428571428
chewinggum,4,linsvm,bad/079.JPG,1213,7,1206,0.9992892679459844,0.9340659340659339,1.0,0.9999999999999998
chewinggum,4,linsvm,bad/082.JPG,1216,6,1210,0.9987603305785124,0.8501683501683501,1.0,1.0
chewinggum,4,linsvm,bad/085.JPG,1210,7,1203,0.9998812492578079,0.982142857142857,0.8731742073387958,0.7221888822474596
chewinggum,4,linsvm,bad/087.JPG,1212,5,1207,1.0,1.0,0.9995028997514499,0.8766666666666667
chewinggum,4,linsvm,bad/099.JPG,1214,7,1207,1.0,0.9999999999999998,1.0,0.9999999999999998
chewinggum,4,linsvm,good/050.JPG,1216,0,1216,,,,
chewinggum,4,linsvm,good/084.JPG,1216,0,1216,,,,
chewinggum,4,linsvm,good/089.JPG,1216,0,1216,,,,
chewinggum,4,linsvm,good/093.JPG,1216,0,1216,,,,
chewinggum,4,linsvm,good/098.JPG,1216,0,1216,,,,
chewinggum,4,linsvm,good/284.JPG,1216,0,1216,,,,
chewinggum,4,linsvm,good/337.JPG,1216,0,1216,,,,
chewinggum,4,linsvm,good/377.JPG,1216,0,1216,,,,
chewinggum,4,linsvm,good/482.JPG,1216,0,1216,,,,
chewinggum,4,linsvm,good/486.JPG,1216,0,1216,,,,
