object,image,group,n,distinct_support_images,neighbour_spatial_std,frac_from_one_image
screw,manipulated_front/000.png,D,7,2.4285714285714284,4.779930634074883,0.5857142857142856
screw,manipulated_front/000.png,N_H,7,3.142857142857143,4.843819412188948,0.6
screw,manipulated_front/000.png,N_R_far,7,2.7142857142857144,4.297081998474313,0.6285714285714287
screw,manipulated_front/000.png,N_R_all,7,2.857142857142857,6.201808674805608,0.5285714285714286
screw,manipulated_front/001.png,D,7,2.5714285714285716,7.077741370751647,0.5857142857142857
screw,manipulated_front/001.png,N_H,5,3.0,8.723083540265433,0.5
screw,manipulated_front/001.png,N_R_far,5,3.6,9.282188376857487,0.52
screw,manipulated_front/001.png,N_R_all,5,2.4,6.441145438801176,0.5599999999999999
screw,manipulated_front/002.png,D,6,1.6666666666666667,4.221974202262561,0.8833333333333333
screw,manipulated_front/002.png,N_H,9,2.4444444444444446,6.488702720925102,0.688888888888889
screw,manipulated_front/002.png,N_R_far,9,1.8888888888888888,5.99041569337989,0.7888888888888889
screw,manipulated_front/002.png,N_R_all,9,2.2222222222222223,4.795589420479286,0.7222222222222223
screw,manipulated_front/003.png,D,9,3.111111111111111,9.991328671697227,0.5222222222222221
screw,manipulated_front/003.png,N_H,9,2.888888888888889,8.755074063310749,0.5555555555555556
screw,manipulated_front/003.png,N_R_far,9,1.8888888888888888,4.932481240309904,0.7777777777777778
screw,manipulated_front/003.png,N_R_all,9,2.7777777777777777,5.729115360468713,0.5777777777777778
screw,manipulated_front/004.png,D,5,1.6,6.864756103297827,0.9199999999999999
screw,manipulated_front/004.png,N_H,7,2.857142857142857,7.380407478994068,0.6714285714285715
screw,manipulated_front/004.png,N_R_far,7,2.4285714285714284,4.086575092965043,0.6857142857142858
screw,manipulated_front/004.png,N_R_all,7,1.8571428571428572,4.090534868026085,0.7285714285714285
screw,manipulated_front/005.png,D,7,2.5714285714285716,5.35617962563943,0.7285714285714286
screw,manipulated_front/005.png,N_H,7,2.857142857142857,7.974061866984349,0.6142857142857144
screw,manipulated_front/005.png,N_R_far,7,2.7142857142857144,4.458760083411115,0.6714285714285715
screw,manipulated_front/005.png,N_R_all,7,2.142857142857143,5.979280671004181,0.6571428571428571
screw,manipulated_front/006.png,D,6,3.0,5.0783391486518115,0.5666666666666668
screw,manipulated_front/006.png,N_H,8,2.5,6.5303500566493,0.6499999999999999
screw,manipulated_front/006.png,N_R_far,8,2.875,3.8364233762368865,0.6375000000000001
screw,manipulated_front/006.png,N_R_all,8,2.625,5.981622780467955,0.6749999999999999
screw,manipulated_front/007.png,D,9,2.3333333333333335,3.969418235593207,0.5666666666666667
screw,manipulated_front/007.png,N_H,10,3.3,6.238458705908618,0.5199999999999999
screw,manipulated_front/007.png,N_R_far,10,2.8,4.3942498809011035,0.51
screw,manipulated_front/007.png,N_R_all,10,2.4,4.2530935272002885,0.55
screw,manipulated_front/008.png,D,7,2.0,8.344915172870396,0.8857142857142858
screw,manipulated_front/008.png,N_H,6,2.1666666666666665,5.408223167814103,0.7833333333333333
screw,manipulated_front/008.png,N_R_far,6,2.6666666666666665,5.148488663591419,0.6166666666666667
screw,manipulated_front/008.png,N_R_all,6,2.1666666666666665,7.43868832134665,0.7833333333333333
screw,manipulated_front/009.png,D,12,2.5833333333333335,4.2420834356841395,0.6416666666666667
screw,manipulated_front/009.png,N_H,10,2.7,8.504702270762033,0.61
screw,manipulated_front/009.png,N_R_far,10,2.3,4.906097105920125,0.6499999999999999
screw,manipulated_front/009.png,N_R_all,10,2.5,4.589748621181127,0.61
screw,manipulated_front/010.png,D,8,1.875,4.054138964932782,0.8250000000000001
screw,manipulated_front/010.png,N_H,5,2.0,5.9287343354759265,0.72
screw,manipulated_front/010.png,N_R_far,5,2.0,5.33480743548135,0.8
screw,manipulated_front/010.png,N_R_all,5,2.0,3.7776988160231193,0.72
screw,manipulated_front/011.png,D,6,3.0,15.393830400663857,0.6833333333333335
screw,manipulated_front/011.png,N_H,8,3.125,14.36838897479614,0.4875
screw,manipulated_front/011.png,N_R_far,8,2.875,6.300077173980343,0.575
screw,manipulated_front/011.png,N_R_all,8,2.875,5.985955927069792,0.525
screw,manipulated_front/012.png,D,3,2.0,4.1014894629591545,0.8333333333333334
screw,manipulated_front/012.png,N_H,7,2.5714285714285716,6.949808122703026,0.6285714285714287
screw,manipulated_front/012.png,N_R_far,7,2.2857142857142856,5.415518537201144,0.6285714285714287
screw,manipulated_front/012.png,N_R_all,7,2.4285714285714284,5.361949488893641,0.7571428571428572
screw,manipulated_front/013.png,D,7,2.5714285714285716,6.899306085479369,0.5857142857142856
screw,manipulated_front/013.png,N_H,5,3.2,9.830534584658505,0.54
screw,manipulated_front/013.png,N_R_far,5,3.0,6.701223420939796,0.64
screw,manipulated_front/013.png,N_R_all,5,3.0,3.9010106898760037,0.6599999999999999
screw,manipulated_front/014.png,D,6,2.5,14.85848343191543,0.6833333333333332
screw,manipulated_front/014.png,N_H,9,3.0,9.429208908389763,0.5444444444444445
screw,manipulated_front/014.png,N_R_far,9,2.888888888888889,4.60167249684042,0.5777777777777778
screw,manipulated_front/014.png,N_R_all,9,2.4444444444444446,5.661306998995691,0.7555555555555555
screw,manipulated_front/015.png,D,9,2.2222222222222223,3.53986279168298,0.5777777777777777
screw,manipulated_front/015.png,N_H,9,3.0,6.857296014496532,0.5555555555555556
screw,manipulated_front/015.png,N_R_far,9,2.111111111111111,4.08929168099285,0.7888888888888889
screw,manipulated_front/015.png,N_R_all,9,2.2222222222222223,6.1032092967136515,0.7000000000000001
screw,manipulated_front/016.png,D,11,1.6363636363636365,3.535488992787485,0.9000000000000002
screw,manipulated_front/016.png,N_H,4,2.75,6.606435540871802,0.55
screw,manipulated_front/016.png,N_R_far,4,1.75,5.261583252716695,0.8
screw,manipulated_front/016.png,N_R_all,4,1.5,4.79453808451098,0.925
screw,manipulated_front/017.png,D,3,2.6666666666666665,11.792509427593089,0.6
screw,manipulated_front/017.png,N_H,7,3.0,13.685938478673572,0.5285714285714286
screw,manipulated_front/017.png,N_R_far,7,2.5714285714285716,5.090416352045772,0.5571428571428572
screw,manipulated_front/017.png,N_R_all,7,3.0,5.8641009403264786,0.5428571428571429
screw,manipulated_front/018.png,D,6,3.0,10.893064155585051,0.5
screw,manipulated_front/018.png,N_H,3,2.3333333333333335,8.892871545163468,0.7333333333333334
screw,manipulated_front/018.png,N_R_far,3,3.0,7.7602214010097015,0.6
screw,manipulated_front/018.png,N_R_all,3,2.0,5.274644294237321,0.8000000000000002
screw,manipulated_front/019.png,D,4,2.25,3.4705014314382208,0.65
screw,manipulated_front/019.png,N_H,5,2.8,4.950139857022542,0.72
screw,manipulated_front/019.png,N_R_far,5,2.0,5.959910646388854,0.8
screw,manipulated_front/019.png,N_R_all,5,1.8,5.139561781705532,0.82
screw,manipulated_front/020.png,D,3,2.6666666666666665,4.938906242013782,0.5666666666666668
screw,manipulated_front/020.png,N_H,10,2.5,8.11208084511359,0.6199999999999999
screw,manipulated_front/020.png,N_R_far,10,2.8,5.531660990395025,0.64
screw,manipulated_front/020.png,N_R_all,10,2.9,5.013858700866778,0.55
screw,manipulated_front/021.png,D,3,2.3333333333333335,11.43841129441612,0.7999999999999999
screw,manipulated_front/021.png,N_H,5,2.6,10.649071423499766,0.6
screw,manipulated_front/021.png,N_R_far,5,2.6,4.655287185426545,0.7
screw,manipulated_front/021.png,N_R_all,5,2.8,4.270292058580679,0.52
screw,manipulated_front/022.png,D,3,2.0,13.861335509698137,0.6333333333333333
screw,manipulated_front/022.png,N_H,8,3.25,7.35645042911894,0.6000000000000001
screw,manipulated_front/022.png,N_R_far,8,2.5,4.452522429909204,0.6749999999999999
screw,manipulated_front/022.png,N_R_all,8,3.0,5.1346028055672415,0.5875
screw,manipulated_front/023.png,D,6,2.0,3.134743806421355,0.65
screw,manipulated_front/023.png,N_H,6,2.8333333333333335,6.1369684754310425,0.6833333333333332
screw,manipulated_front/023.png,N_R_far,6,2.5,5.392553126366136,0.6333333333333334
screw,manipulated_front/023.png,N_R_all,6,2.1666666666666665,5.105479001751664,0.6833333333333332
screw,scratch_head/000.png,D,5,2.0,6.495602924932406,0.6200000000000001
screw,scratch_head/000.png,N_H,8,2.625,11.212103174617033,0.6625
screw,scratch_head/000.png,N_R_far,8,2.875,7.5136730407809065,0.6
screw,scratch_head/000.png,N_R_all,8,3.0,6.255708546502204,0.6124999999999999
screw,scratch_head/001.png,D,6,2.0,3.3174473729844043,0.75
screw,scratch_head/001.png,N_H,8,2.75,4.423772507204296,0.55
screw,scratch_head/001.png,N_R_far,8,2.25,5.779960739997362,0.7124999999999999
screw,scratch_head/001.png,N_R_all,8,2.0,5.1844303796785045,0.7749999999999999
screw,scratch_head/002.png,D,6,2.5,5.5536134445688035,0.7333333333333334
screw,scratch_head/002.png,N_H,3,2.6666666666666665,12.569639411383179,0.6666666666666666
screw,scratch_head/002.png,N_R_far,3,3.6666666666666665,4.574124870024973,0.5
screw,scratch_head/002.png,N_R_all,3,2.3333333333333335,7.795722823792704,0.5333333333333333
screw,scratch_head/003.png,D,5,1.8,4.456599402918673,0.86
screw,scratch_head/003.png,N_H,3,2.6666666666666665,10.342386541299046,0.5333333333333333
screw,scratch_head/003.png,N_R_far,3,2.0,4.434947193916597,0.8333333333333334
screw,scratch_head/003.png,N_R_all,3,2.0,5.475707299548065,0.6666666666666666
screw,scratch_head/004.png,D,5,2.8,7.513114511462883,0.6
screw,scratch_head/004.png,N_H,4,3.0,6.824437526840956,0.475
screw,scratch_head/004.png,N_R_far,4,2.75,5.370603677357314,0.625
screw,scratch_head/004.png,N_R_all,4,2.75,6.311725672744158,0.6000000000000001
screw,scratch_head/005.png,D,4,2.0,3.6707448954754542,0.65
screw,scratch_head/005.png,N_H,9,2.5555555555555554,11.494704994920653,0.7333333333333333
screw,scratch_head/005.png,N_R_far,9,2.888888888888889,4.457872186645505,0.5444444444444445
screw,scratch_head/005.png,N_R_all,9,2.6666666666666665,5.416707676526939,0.588888888888889
screw,scratch_head/006.png,D,5,2.6,10.739295122438127,0.7
screw,scratch_head/006.png,N_H,5,2.0,5.269481571938226,0.78
screw,scratch_head/006.png,N_R_far,5,2.4,3.895698750552893,0.6
screw,scratch_head/006.png,N_R_all,5,2.2,3.968896057194585,0.6399999999999999
screw,scratch_head/007.png,D,6,2.0,5.968129111062829,0.6166666666666666
screw,scratch_head/007.png,N_H,5,2.8,12.288562935987002,0.7200000000000001
screw,scratch_head/007.png,N_R_far,5,2.0,5.828565318854541,0.7999999999999999
screw,scratch_head/007.png,N_R_all,5,1.8,3.7745395406311864,0.8400000000000001
screw,scratch_head/008.png,D,6,1.6666666666666667,4.2135855164323415,0.85
screw,scratch_head/008.png,N_H,3,3.0,12.427462816388255,0.6
screw,scratch_head/008.png,N_R_far,3,2.6666666666666665,8.26656356735084,0.5
screw,scratch_head/008.png,N_R_all,3,3.0,9.604176646045305,0.4666666666666666
screw,scratch_head/009.png,D,7,2.142857142857143,5.464648490610336,0.7428571428571429
screw,scratch_head/009.png,N_H,6,2.6666666666666665,6.712402768372322,0.5499999999999999
screw,scratch_head/009.png,N_R_far,6,1.8333333333333333,4.6259692569354565,0.75
screw,scratch_head/009.png,N_R_all,6,2.3333333333333335,5.823382632981102,0.7166666666666668
screw,scratch_head/010.png,D,5,2.0,4.43678082511286,0.7
screw,scratch_head/010.png,N_H,7,2.5714285714285716,6.114884047286778,0.5428571428571428
screw,scratch_head/010.png,N_R_far,7,2.2857142857142856,5.95585939296083,0.6
screw,scratch_head/010.png,N_R_all,7,2.2857142857142856,5.502999879478275,0.6285714285714287
screw,scratch_head/011.png,D,5,2.0,3.7592285194492936,0.6799999999999999
screw,scratch_head/011.png,N_H,4,2.5,7.128460371532032,0.65
screw,scratch_head/011.png,N_R_far,4,2.0,5.231517931904772,0.7
screw,scratch_head/011.png,N_R_all,4,2.5,6.472915604776067,0.675
screw,scratch_head/012.png,D,7,2.142857142857143,6.189015143348676,0.7142857142857143
screw,scratch_head/012.png,N_H,6,3.0,11.882119620094523,0.5333333333333333
screw,scratch_head/012.png,N_R_far,6,3.3333333333333335,6.595650518365718,0.5833333333333334
screw,scratch_head/012.png,N_R_all,6,3.0,4.641914215413412,0.4666666666666666
screw,scratch_head/013.png,D,4,2.25,10.187464156762944,0.8
screw,scratch_head/013.png,N_H,2,3.5,5.449550411842052,0.45
screw,scratch_head/013.png,N_R_far,2,2.5,3.167602569170195,0.6000000000000001
screw,scratch_head/013.png,N_R_all,2,2.0,4.095611928821301,0.65
screw,scratch_head/014.png,D,5,2.2,5.234286606566823,0.62
screw,scratch_head/014.png,N_H,4,2.5,6.548322462996255,0.625
screw,scratch_head/014.png,N_R_far,4,2.25,4.445795920515946,0.675
screw,scratch_head/014.png,N_R_all,4,2.0,6.952374110562232,0.7749999999999999
screw,scratch_head/015.png,D,8,2.0,5.494281158459933,0.75
screw,scratch_head/015.png,N_H,1,2.0,8.201103313753684,0.6
screw,scratch_head/015.png,N_R_far,1,3.0,3.0483413524869576,0.5
screw,scratch_head/015.png,N_R_all,1,3.0,11.0075437234293,0.4
screw,scratch_head/016.png,D,4,2.5,5.970585808121425,0.8
screw,scratch_head/016.png,N_H,5,2.0,6.577605142187768,0.74
screw,scratch_head/016.png,N_R_far,5,2.4,4.343756251033339,0.68
screw,scratch_head/016.png,N_R_all,5,1.8,5.651447079938762,0.82
screw,scratch_head/017.png,D,6,1.8333333333333333,5.774835433871412,0.75
screw,scratch_head/017.png,N_H,4,3.25,8.445688018516432,0.5499999999999999
screw,scratch_head/017.png,N_R_far,4,2.25,5.672364325082937,0.65
screw,scratch_head/017.png,N_R_all,4,2.5,7.090971883632795,0.725
screw,scratch_head/018.png,D,7,1.4285714285714286,4.50345044402028,0.9285714285714286
screw,scratch_head/018.png,N_H,3,2.6666666666666665,6.035953408520324,0.5666666666666668
screw,scratch_head/018.png,N_R_far,3,2.0,5.283030710078308,0.7000000000000001
screw,scratch_head/018.png,N_R_all,3,1.6666666666666667,3.7113203080497237,0.9333333333333332
screw,scratch_head/019.png,D,5,1.8,4.457944041777077,0.86
screw,scratch_head/019.png,N_H,1,3.0,5.355000741250109,0.8
screw,scratch_head/019.png,N_R_far,1,3.0,5.771114774465879,0.8
screw,scratch_head/019.png,N_R_all,1,1.0,3.536785342346521,1.0
screw,scratch_head/020.png,D,6,2.3333333333333335,6.198229749541828,0.5333333333333333
screw,scratch_head/020.png,N_H,6,2.8333333333333335,13.903709478477245,0.6
screw,scratch_head/020.png,N_R_far,6,2.5,6.272537933617183,0.6833333333333335
screw,scratch_head/020.png,N_R_all,6,2.1666666666666665,5.843718536319195,0.7166666666666667
screw,scratch_head/021.png,D,3,2.0,4.522750345333592,0.5666666666666667
screw,scratch_head/021.png,N_H,8,3.25,4.3215455464879176,0.4625
screw,scratch_head/021.png,N_R_far,8,2.125,5.463994784742225,0.7124999999999999
screw,scratch_head/021.png,N_R_all,8,2.125,5.689719941521844,0.7375
screw,scratch_head/022.png,D,4,1.75,4.613948884527742,0.725
screw,scratch_head/022.png,N_H,5,2.6,12.847453811422204,0.64
screw,scratch_head/022.png,N_R_far,5,2.4,6.8572256680135055,0.7
screw,scratch_head/022.png,N_R_all,5,2.0,4.378096712300111,0.74
screw,scratch_head/023.png,D,6,1.8333333333333333,7.460235133631143,0.85
screw,scratch_head/023.png,N_H,4,2.25,7.122894601756258,0.7250000000000001
screw,scratch_head/023.png,N_R_far,4,2.5,4.240485852752769,0.625
screw,scratch_head/023.png,N_R_all,4,2.0,5.377820836618497,0.725
screw,scratch_neck/000.png,D,4,2.5,4.249928533333803,0.675
screw,scratch_neck/000.png,N_H,10,3.4,6.72322253061534,0.48
screw,scratch_neck/000.png,N_R_far,10,2.7,6.389786985848499,0.55
screw,scratch_neck/000.png,N_R_all,10,2.4,5.491144461466893,0.5900000000000001
screw,scratch_neck/001.png,D,11,2.8181818181818183,2.575828866763064,0.5727272727272726
screw,scratch_neck/001.png,N_H,3,2.6666666666666665,13.84658184513276,0.5333333333333333
screw,scratch_neck/001.png,N_R_far,3,2.6666666666666665,5.992835277922707,0.5666666666666668
screw,scratch_neck/001.png,N_R_all,3,1.6666666666666667,4.520849193366545,0.7666666666666666
screw,scratch_neck/002.png,D,6,3.3333333333333335,5.042028126939862,0.5499999999999999
screw,scratch_neck/002.png,N_H,7,3.142857142857143,11.677777303415285,0.5428571428571429
screw,scratch_neck/002.png,N_R_far,7,2.857142857142857,5.881197709644302,0.5857142857142857
screw,scratch_neck/002.png,N_R_all,7,2.5714285714285716,5.499404194566805,0.6142857142857142
screw,scratch_neck/003.png,D,6,3.0,4.741214899323642,0.65
screw,scratch_neck/003.png,N_H,4,2.0,5.741544865625301,0.8500000000000001
screw,scratch_neck/003.png,N_R_far,4,1.75,4.0622488800349466,0.725
screw,scratch_neck/003.png,N_R_all,4,2.25,4.20760739955681,0.8
screw,scratch_neck/004.png,D,7,3.7142857142857144,5.668061767537779,0.5
screw,scratch_neck/004.png,N_H,1,2.0,4.0768699031306035,0.5
screw,scratch_neck/004.png,N_R_far,1,2.0,3.4899844970735674,0.5
screw,scratch_neck/004.png,N_R_all,1,2.0,2.8897884144892076,0.5
screw,scratch_neck/005.png,D,6,2.8333333333333335,5.377788515888415,0.55
screw,scratch_neck/005.png,N_H,9,2.888888888888889,6.206945147876827,0.5222222222222223
screw,scratch_neck/005.png,N_R_far,9,2.7777777777777777,5.916489367959812,0.5444444444444445
screw,scratch_neck/005.png,N_R_all,9,3.0,5.236369086009137,0.5555555555555556
screw,scratch_neck/007.png,D,6,3.3333333333333335,4.723401283498044,0.5333333333333333
screw,scratch_neck/007.png,N_H,1,3.0,2.978067951799998,0.7
screw,scratch_neck/007.png,N_R_far,1,2.0,6.052390807307861,0.7
screw,scratch_neck/007.png,N_R_all,1,4.0,6.300000000000001,0.7
screw,scratch_neck/008.png,D,9,3.2222222222222223,6.806277641855272,0.5
screw,scratch_neck/008.png,N_H,1,3.0,7.648714500122308,0.5
screw,scratch_neck/008.png,N_R_far,1,2.0,4.742946718159415,0.8
screw,scratch_neck/008.png,N_R_all,1,2.0,12.064681346986273,0.6
screw,scratch_neck/009.png,D,4,4.0,7.443746568616986,0.42500000000000004
screw,scratch_neck/009.png,N_H,6,3.0,13.766600373323568,0.5
screw,scratch_neck/009.png,N_R_far,6,2.1666666666666665,8.249420745322615,0.7000000000000001
screw,scratch_neck/009.png,N_R_all,6,2.3333333333333335,6.913330819754968,0.7000000000000001
screw,scratch_neck/010.png,D,8,3.0,5.368667591872109,0.5125
screw,scratch_neck/010.png,N_H,4,3.25,13.290223911198936,0.525
screw,scratch_neck/010.png,N_R_far,4,2.75,4.655022955370226,0.6
screw,scratch_neck/010.png,N_R_all,4,2.25,6.049450660380455,0.6499999999999999
screw,scratch_neck/011.png,D,3,3.3333333333333335,5.035616919032292,0.5666666666666665
screw,scratch_neck/011.png,N_H,10,2.5,9.015423886794757,0.6799999999999999
screw,scratch_neck/011.png,N_R_far,10,1.7,4.774389517754438,0.8699999999999999
screw,scratch_neck/011.png,N_R_all,10,2.5,5.294397308386694,0.65
screw,scratch_neck/012.png,D,6,3.1666666666666665,2.8921158863652825,0.5166666666666667
screw,scratch_neck/012.png,N_H,7,2.5714285714285716,12.076241335580496,0.6285714285714284
screw,scratch_neck/012.png,N_R_far,7,2.857142857142857,7.076130070270139,0.5428571428571428
screw,scratch_neck/012.png,N_R_all,7,2.7142857142857144,7.2854780243908825,0.6285714285714284
screw,scratch_neck/013.png,D,5,2.6,4.31274245173452,0.78
screw,scratch_neck/013.png,N_H,3,2.3333333333333335,4.701334032400825,0.6666666666666666
screw,scratch_neck/013.png,N_R_far,3,2.6666666666666665,5.297750438587604,0.6666666666666666
screw,scratch_neck/013.png,N_R_all,3,2.0,4.7746622833136465,0.6
screw,scratch_neck/015.png,D,6,3.6666666666666665,5.488706172057044,0.43333333333333335
screw,scratch_neck/015.png,N_H,2,3.5,10.431204234752071,0.45
screw,scratch_neck/015.png,N_R_far,2,1.0,3.864580486682302,1.0
screw,scratch_neck/015.png,N_R_all,2,3.0,4.285464129063462,0.75
screw,scratch_neck/016.png,D,8,3.125,5.311621112787806,0.46249999999999997
screw,scratch_neck/016.png,N_H,1,2.0,14.127594993098931,0.7
screw,scratch_neck/016.png,N_R_far,1,2.0,2.4164065166466244,0.5
screw,scratch_neck/016.png,N_R_all,1,3.0,3.006687177290986,0.7
screw,scratch_neck/017.png,D,8,3.25,3.9689257808036675,0.6124999999999999
screw,scratch_neck/017.png,N_H,8,3.125,10.979208470003105,0.5125
screw,scratch_neck/017.png,N_R_far,8,2.75,7.029940316424264,0.575
screw,scratch_neck/017.png,N_R_all,8,2.625,7.243481799288637,0.625
screw,scratch_neck/018.png,D,4,3.25,3.763261879156162,0.475
screw,scratch_neck/018.png,N_H,5,3.4,14.203061883745198,0.5
screw,scratch_neck/018.png,N_R_far,5,3.0,6.151821167920483,0.5
screw,scratch_neck/018.png,N_R_all,5,2.4,4.785238558096384,0.5
screw,scratch_neck/019.png,D,7,4.0,6.346649217593873,0.5142857142857143
screw,scratch_neck/019.png,N_H,2,1.5,7.072324521329315,0.95
screw,scratch_neck/019.png,N_R_far,2,3.0,4.660651281538289,0.6
screw,scratch_neck/019.png,N_R_all,2,2.5,5.409602607882454,0.5
screw,scratch_neck/021.png,D,5,3.6,4.688685299077797,0.5
screw,scratch_neck/021.png,N_H,5,3.2,4.906243270142446,0.5599999999999999
screw,scratch_neck/021.png,N_R_far,5,2.4,4.233115824694517,0.58
screw,scratch_neck/021.png,N_R_all,5,2.6,4.828252810483107,0.54
screw,scratch_neck/022.png,D,3,3.6666666666666665,4.406642043239579,0.4666666666666666
screw,scratch_neck/022.png,N_H,5,2.2,5.5179612427488935,0.74
screw,scratch_neck/022.png,N_R_far,5,1.6,3.734985739924288,0.8400000000000001
screw,scratch_neck/022.png,N_R_all,5,2.2,3.6285241536189474,0.74
screw,scratch_neck/023.png,D,3,3.0,3.9249355040542375,0.5
screw,scratch_neck/023.png,N_H,5,3.0,15.172728550457311,0.64
screw,scratch_neck/023.png,N_R_far,5,3.0,7.71584206262621,0.54
screw,scratch_neck/023.png,N_R_all,5,3.0,7.02768127857463,0.58
screw,scratch_neck/024.png,D,6,3.3333333333333335,6.604088181718995,0.48333333333333334
screw,scratch_neck/024.png,N_H,7,2.7142857142857144,6.730589430412967,0.6
screw,scratch_neck/024.png,N_R_far,7,2.4285714285714284,4.756039201147412,0.6428571428571429
screw,scratch_neck/024.png,N_R_all,7,2.857142857142857,5.867859138674717,0.6142857142857142
screw,thread_side/000.png,D,5,1.0,3.862478563970187,1.0
screw,thread_side/000.png,N_H,10,1.7,3.871362621808037,0.86
screw,thread_side/000.png,N_R_far,10,2.1,6.713683707158699,0.8099999999999999
screw,thread_side/000.png,N_R_all,10,1.7,3.6724177517748826,0.9
screw,thread_side/001.png,D,15,2.7333333333333334,4.88397545879887,0.6599999999999999
screw,thread_side/001.png,N_H,4,3.5,11.624867196504457,0.5
screw,thread_side/001.png,N_R_far,4,3.0,5.1504217631293985,0.65
screw,thread_side/001.png,N_R_all,4,2.5,8.523661984117224,0.6749999999999999
screw,thread_side/002.png,D,6,1.8333333333333333,5.4910547515577335,0.8333333333333334
screw,thread_side/002.png,N_H,9,3.2222222222222223,6.668359371484314,0.5444444444444445
screw,thread_side/002.png,N_R_far,9,2.6666666666666665,4.76673727940084,0.6222222222222222
screw,thread_side/002.png,N_R_all,9,3.0,5.366932257747327,0.6222222222222222
screw,thread_side/003.png,D,7,2.142857142857143,5.482242410347596,0.8428571428571429
screw,thread_side/003.png,N_H,5,2.0,6.424720381759275,0.6399999999999999
screw,thread_side/003.png,N_R_far,5,2.2,3.637603818663712,0.74
screw,thread_side/003.png,N_R_all,5,2.4,3.9695026578302572,0.6599999999999999
screw,thread_side/004.png,D,4,1.5,4.384443956282286,0.95
screw,thread_side/004.png,N_H,9,2.888888888888889,6.720687443763055,0.6111111111111112
screw,thread_side/004.png,N_R_far,9,3.0,5.246664508406234,0.6000000000000001
screw,thread_side/004.png,N_R_all,9,2.7777777777777777,5.501948232679816,0.6111111111111112
screw,thread_side/005.png,D,5,2.6,5.1380053317667045,0.6799999999999999
screw,thread_side/005.png,N_H,10,3.4,5.8143269817394,0.51
screw,thread_side/005.png,N_R_far,10,2.5,4.631678857762182,0.6199999999999999
screw,thread_side/005.png,N_R_all,10,2.8,6.86208403002239,0.51
screw,thread_side/006.png,D,10,3.0,3.9144747920214478,0.63
screw,thread_side/006.png,N_H,7,2.5714285714285716,7.42385815663071,0.6857142857142856
screw,thread_side/006.png,N_R_far,7,3.2857142857142856,8.121632896875568,0.5285714285714286
screw,thread_side/006.png,N_R_all,7,2.7142857142857144,6.914438409817611,0.6
screw,thread_side/007.png,D,10,2.3,5.061045292164657,0.6100000000000001
screw,thread_side/007.png,N_H,4,2.0,7.041454685521074,0.7
screw,thread_side/007.png,N_R_far,4,3.0,5.272007685478446,0.47500000000000003
screw,thread_side/007.png,N_R_all,4,2.75,3.1794760043214016,0.525
screw,thread_side/008.png,D,5,2.2,3.2914250109344962,0.72
screw,thread_side/008.png,N_H,7,3.0,12.893246299009293,0.5285714285714286
screw,thread_side/008.png,N_R_far,7,2.7142857142857144,6.914198590370128,0.5142857142857143
screw,thread_side/008.png,N_R_all,7,2.5714285714285716,6.311374036300682,0.6142857142857142
screw,thread_side/009.png,D,6,2.3333333333333335,4.574266917022999,0.7833333333333332
screw,thread_side/009.png,N_H,9,2.6666666666666665,7.816998366985479,0.6333333333333333
screw,thread_side/009.png,N_R_far,9,2.7777777777777777,4.3986270712383195,0.6333333333333334
screw,thread_side/009.png,N_R_all,9,2.6666666666666665,4.036223630250782,0.6555555555555554
screw,thread_side/010.png,D,7,2.0,5.188137086692222,0.8
screw,thread_side/010.png,N_H,6,3.5,11.133645217115605,0.5666666666666668
screw,thread_side/010.png,N_R_far,6,1.6666666666666667,4.35695413015144,0.8666666666666667
screw,thread_side/010.png,N_R_all,6,2.5,7.6711964190678374,0.7333333333333334
screw,thread_side/011.png,D,5,1.6,4.523482065513124,0.8800000000000001
screw,thread_side/011.png,N_H,8,2.25,8.555483352380957,0.6875
screw,thread_side/011.png,N_R_far,8,2.625,5.736313993317933,0.6125
screw,thread_side/011.png,N_R_all,8,2.5,5.938683376207971,0.5875
screw,thread_side/012.png,D,8,2.25,3.6980257522290407,0.6375
screw,thread_side/012.png,N_H,6,2.8333333333333335,7.879621476517461,0.5499999999999999
screw,thread_side/012.png,N_R_far,6,2.3333333333333335,3.8273459195381645,0.5166666666666667
screw,thread_side/012.png,N_R_all,6,2.3333333333333335,6.974613841377283,0.5833333333333334
screw,thread_side/013.png,D,4,2.25,5.22564137085306,0.8
screw,thread_side/013.png,N_H,8,2.375,5.689100259424203,0.625
screw,thread_side/013.png,N_R_far,8,2.75,5.502858986570544,0.625
screw,thread_side/013.png,N_R_all,8,3.25,3.764747329753292,0.4625
screw,thread_side/014.png,D,6,2.1666666666666665,4.9352478289042665,0.8000000000000002
screw,thread_side/014.png,N_H,5,3.4,7.45969673280956,0.58
screw,thread_side/014.png,N_R_far,5,2.0,4.831718568610726,0.82
screw,thread_side/014.png,N_R_all,5,2.8,6.099587354986309,0.64
screw,thread_side/015.png,D,7,2.4285714285714284,4.048374008688257,0.6142857142857142
screw,thread_side/015.png,N_H,7,2.2857142857142856,5.586937197432578,0.7142857142857142
screw,thread_side/015.png,N_R_far,7,2.142857142857143,3.9087610851054566,0.7571428571428572
screw,thread_side/015.png,N_R_all,7,2.142857142857143,3.7613086399495166,0.6428571428571429
screw,thread_side/016.png,D,12,2.25,5.446367118048353,0.7250000000000001
screw,thread_side/016.png,N_H,8,2.875,10.892626599636527,0.5625
screw,thread_side/016.png,N_R_far,8,1.75,4.531566396595462,0.8
screw,thread_side/016.png,N_R_all,8,2.25,5.5661946446026995,0.6499999999999999
screw,thread_side/017.png,D,9,2.0,5.509556760252124,0.7888888888888889
screw,thread_side/017.png,N_H,2,3.0,6.838906375344586,0.45
screw,thread_side/017.png,N_R_far,2,2.5,4.4024590682837825,0.6000000000000001
screw,thread_side/017.png,N_R_all,2,1.5,5.273258451942446,0.9
screw,thread_side/018.png,D,7,2.857142857142857,6.65738892967033,0.5142857142857143
screw,thread_side/018.png,N_H,7,2.857142857142857,8.342658090215457,0.6857142857142857
screw,thread_side/018.png,N_R_far,7,2.857142857142857,5.8432161261935605,0.5857142857142856
screw,thread_side/018.png,N_R_all,7,3.2857142857142856,5.917646734371169,0.4857142857142857
screw,thread_side/019.png,D,4,3.25,10.330070164741507,0.5499999999999999
screw,thread_side/019.png,N_H,10,2.7,9.201272816833077,0.5900000000000001
screw,thread_side/019.png,N_R_far,10,2.9,4.897097801992649,0.51
screw,thread_side/019.png,N_R_all,10,3.0,7.7373943697338605,0.5
screw,thread_side/020.png,D,4,2.5,4.259512976934462,0.5
screw,thread_side/020.png,N_H,7,3.4285714285714284,6.1060857116578715,0.48571428571428565
screw,thread_side/020.png,N_R_far,7,2.4285714285714284,4.532822840835417,0.7
screw,thread_side/020.png,N_R_all,7,2.4285714285714284,4.855768068359042,0.6285714285714284
screw,thread_side/021.png,D,7,2.4285714285714284,6.159410518811827,0.5714285714285714
screw,thread_side/021.png,N_H,3,3.0,12.703472822121498,0.6
screw,thread_side/021.png,N_R_far,3,2.3333333333333335,8.546839854539405,0.6666666666666666
screw,thread_side/021.png,N_R_all,3,2.3333333333333335,3.7590942729895005,0.6666666666666666
screw,thread_side/022.png,D,8,2.25,5.524272255749812,0.7375
screw,thread_side/022.png,N_H,4,2.75,6.210403052629769,0.5499999999999999
screw,thread_side/022.png,N_R_far,4,2.25,4.316237645755605,0.75
screw,thread_side/022.png,N_R_all,4,2.5,6.462322696816331,0.6499999999999999
screw,thread_top/000.png,D,12,2.75,6.389137747454988,0.625
screw,thread_top/000.png,N_H,5,3.4,7.692164971736152,0.45999999999999996
screw,thread_top/000.png,N_R_far,5,2.6,6.550237494955589,0.74
screw,thread_top/000.png,N_R_all,5,2.8,7.251884817679058,0.5800000000000001
screw,thread_top/001.png,D,11,1.9090909090909092,4.5011855334784086,0.7818181818181817
screw,thread_top/001.png,N_H,2,2.0,7.143521411608409,0.85
screw,thread_top/001.png,N_R_far,2,1.5,4.870851472972599,0.9
screw,thread_top/001.png,N_R_all,2,2.0,4.962875897872166,0.8500000000000001
screw,thread_top/002.png,D,11,2.3636363636363638,4.019269055737998,0.5909090909090908
screw,thread_top/002.png,N_H,6,3.5,6.451214217516564,0.4666666666666666
screw,thread_top/002.png,N_R_far,6,2.3333333333333335,4.1207577892484375,0.5833333333333334
screw,thread_top/002.png,N_R_all,6,2.5,4.24488790919781,0.5666666666666668
screw,thread_top/003.png,D,9,2.111111111111111,4.295926498470592,0.8222222222222222
screw,thread_top/003.png,N_H,9,2.6666666666666665,5.676275977844754,0.6111111111111112
screw,thread_top/003.png,N_R_far,9,3.0,5.778827350447351,0.6222222222222222
screw,thread_top/003.png,N_R_all,9,2.6666666666666665,4.325929604301361,0.6111111111111112
screw,thread_top/004.png,D,11,2.6363636363636362,5.221723093878512,0.6727272727272727
screw,thread_top/004.png,N_H,7,3.857142857142857,3.3280219276513883,0.3857142857142857
screw,thread_top/004.png,N_R_far,7,3.0,6.992903617803501,0.6285714285714287
screw,thread_top/004.png,N_R_all,7,2.4285714285714284,4.777106023920235,0.7000000000000001
screw,thread_top/005.png,D,18,1.7222222222222223,3.0821121398308398,0.8888888888888888
screw,thread_top/005.png,N_H,3,3.3333333333333335,9.982917313037666,0.5333333333333333
screw,thread_top/005.png,N_R_far,3,2.0,4.5069350032084365,0.8333333333333334
screw,thread_top/005.png,N_R_all,3,2.0,5.902004336668483,0.6666666666666666
screw,thread_top/007.png,D,12,2.75,3.7211064058948877,0.625
screw,thread_top/007.png,N_H,1,2.0,8.660059523282289,0.6
screw,thread_top/007.png,N_R_far,1,3.0,7.255928347735104,0.5
screw,thread_top/007.png,N_R_all,1,2.0,4.949032447387578,0.8
screw,thread_top/008.png,D,11,1.4545454545454546,4.0546628987370354,0.9545454545454546
screw,thread_top/008.png,N_H,5,2.6,5.353955888528236,0.64
screw,thread_top/008.png,N_R_far,5,2.2,4.110617870452928,0.76
screw,thread_top/008.png,N_R_all,5,2.6,4.339157986735492,0.62
screw,thread_top/009.png,D,9,3.2222222222222223,9.51852781767433,0.4888888888888888
screw,thread_top/009.png,N_H,3,3.0,10.741413275257747,0.6
screw,thread_top/009.png,N_R_far,3,2.3333333333333335,5.837948277876412,0.5666666666666667
screw,thread_top/009.png,N_R_all,3,3.6666666666666665,6.928136410775525,0.43333333333333335
screw,thread_top/010.png,D,12,2.4166666666666665,4.282598100151659,0.6166666666666666
screw,thread_top/010.png,N_H,9,2.5555555555555554,6.859471661565268,0.6111111111111112
screw,thread_top/010.png,N_R_far,9,2.6666666666666665,5.577547035107305,0.6222222222222222
screw,thread_top/010.png,N_R_all,9,2.6666666666666665,8.71351133454791,0.5777777777777778
screw,thread_top/011.png,D,11,2.6363636363636362,4.170351377806458,0.6272727272727273
screw,thread_top/011.png,N_H,3,3.0,5.635600021562521,0.5666666666666668
screw,thread_top/011.png,N_R_far,3,2.6666666666666665,5.445182152509923,0.5
screw,thread_top/011.png,N_R_all,3,3.0,2.9859837709527084,0.5666666666666667
screw,thread_top/012.png,D,4,1.5,5.652931452836638,0.85
screw,thread_top/012.png,N_H,6,2.5,6.961771996161803,0.6999999999999998
screw,thread_top/012.png,N_R_far,6,2.5,5.923914673338314,0.6166666666666667
screw,thread_top/012.png,N_R_all,6,2.0,6.9772396107027985,0.7333333333333333
screw,thread_top/013.png,D,5,1.2,4.029777817186778,0.9800000000000001
screw,thread_top/013.png,N_H,7,2.4285714285714284,4.527422055008801,0.7285714285714285
screw,thread_top/013.png,N_R_far,7,2.0,6.679724540461636,0.7857142857142858
screw,thread_top/013.png,N_R_all,7,1.4285714285714286,4.957665303940354,0.9
screw,thread_top/014.png,D,10,2.6,4.206455185588118,0.5900000000000001
screw,thread_top/014.png,N_H,10,2.4,7.376908149096586,0.74
screw,thread_top/014.png,N_R_far,10,2.6,6.860409362773515,0.63
screw,thread_top/014.png,N_R_all,10,2.6,6.733362221898041,0.6
screw,thread_top/015.png,D,6,3.6666666666666665,4.109740716682601,0.4666666666666666
screw,thread_top/015.png,N_H,7,3.142857142857143,8.59293302483512,0.6
screw,thread_top/015.png,N_R_far,7,2.857142857142857,5.6780482706395174,0.6285714285714287
screw,thread_top/015.png,N_R_all,7,2.857142857142857,7.010483493080154,0.5857142857142857
screw,thread_top/016.png,D,9,1.0,3.0754762175274664,1.0
screw,thread_top/016.png,N_H,8,2.25,8.479318128292272,0.6499999999999999
screw,thread_top/016.png,N_R_far,8,2.0,5.728291519053601,0.7375
screw,thread_top/016.png,N_R_all,8,1.625,3.7143319332585856,0.8374999999999999
screw,thread_top/017.png,D,3,1.6666666666666667,3.9964370744624227,0.8333333333333334
screw,thread_top/017.png,N_H,6,2.3333333333333335,5.839994036364984,0.7000000000000001
screw,thread_top/017.png,N_R_far,6,2.1666666666666665,3.5455965000913863,0.6833333333333335
screw,thread_top/017.png,N_R_all,6,2.1666666666666665,4.450220582873871,0.75
screw,thread_top/018.png,D,10,2.6,3.216392552880228,0.6500000000000001
screw,thread_top/018.png,N_H,4,2.75,10.785424815407993,0.475
screw,thread_top/018.png,N_R_far,4,3.25,5.966481726134049,0.475
screw,thread_top/018.png,N_R_all,4,3.0,7.162861628862929,0.5750000000000001
screw,thread_top/019.png,D,12,1.3333333333333333,4.873497018437806,0.9500000000000001
screw,thread_top/019.png,N_H,1,4.0,8.08993159423004,0.5
screw,thread_top/019.png,N_R_far,1,2.0,9.651979763067725,0.6
screw,thread_top/019.png,N_R_all,1,2.0,5.734980383575867,0.7
screw,thread_top/020.png,D,11,2.3636363636363638,5.071880599769071,0.7454545454545454
screw,thread_top/020.png,N_H,2,2.5,9.866556741588287,0.7
screw,thread_top/020.png,N_R_far,2,1.0,2.1574733653581104,1.0
screw,thread_top/020.png,N_R_all,2,2.0,3.945465047904012,0.6
screw,thread_top/021.png,D,8,2.875,6.265710335601973,0.55
screw,thread_top/021.png,N_H,4,2.75,13.942107384419591,0.575
screw,thread_top/021.png,N_R_far,4,2.75,6.468533720452543,0.6
screw,thread_top/021.png,N_R_all,4,2.75,5.766569157255294,0.5
screw,thread_top/022.png,D,9,2.6666666666666665,5.790499052739791,0.5222222222222221
screw,thread_top/022.png,N_H,6,3.5,5.690688717403848,0.44999999999999996
screw,thread_top/022.png,N_R_far,6,2.5,4.449038163884992,0.7166666666666667
screw,thread_top/022.png,N_R_all,6,2.8333333333333335,5.803168001282628,0.65
cable,cable_swap/000.png,D,89,3.146067415730337,5.31334716562149,0.5157303370786517
cable,cable_swap/000.png,N_H,1,4.0,7.959544531877546,0.4
cable,cable_swap/000.png,N_R_far,1,3.0,8.313814268291463,0.6
cable,cable_swap/000.png,N_R_all,1,3.0,2.2524174696260024,0.5
cable,cable_swap/001.png,D,81,2.888888888888889,6.215431466094393,0.5901234567901235
cable,cable_swap/001.png,N_H,3,3.3333333333333335,12.082406388858743,0.5666666666666667
cable,cable_swap/001.png,N_R_far,3,4.0,5.456617776798207,0.43333333333333335
cable,cable_swap/001.png,N_R_all,3,3.0,6.897513871726065,0.6333333333333333
cable,cable_swap/002.png,D,74,2.5135135135135136,6.146932588825095,0.6391891891891892
cable,cable_swap/002.png,N_H,4,3.5,9.730983730622551,0.5
cable,cable_swap/002.png,N_R_far,4,3.0,4.818071058254226,0.475
cable,cable_swap/002.png,N_R_all,4,3.25,4.74842946810036,0.55
cable,cable_swap/003.png,D,75,2.72,5.995510745364683,0.5906666666666667
cable,cable_swap/003.png,N_H,5,2.6,10.315852106587228,0.54
cable,cable_swap/003.png,N_R_far,5,3.2,4.736786221339617,0.48
cable,cable_swap/003.png,N_R_all,5,3.4,11.038364467798758,0.5199999999999999
cable,cable_swap/004.png,D,75,2.6266666666666665,5.588305644773044,0.6093333333333334
cable,cable_swap/004.png,N_H,7,3.5714285714285716,24.71543107089755,0.5142857142857143
cable,cable_swap/004.png,N_R_far,7,3.4285714285714284,6.741306408139593,0.5
cable,cable_swap/004.png,N_R_all,7,2.7142857142857144,8.424675538007737,0.5142857142857143
cable,cable_swap/005.png,D,81,2.814814814814815,5.7938061384913055,0.5814814814814815
cable,cable_swap/005.png,N_H,5,3.8,7.68417736333632,0.56
cable,cable_swap/005.png,N_R_far,5,2.8,5.227682754705442,0.62
cable,cable_swap/005.png,N_R_all,5,3.2,3.865679832548197,0.45999999999999996
cable,cable_swap/006.png,D,87,2.6551724137931036,5.279085649365932,0.6482758620689656
cable,cable_swap/006.png,N_H,1,4.0,8.744085139058507,0.3
cable,cable_swap/006.png,N_R_far,1,3.0,5.735970090389683,0.5
cable,cable_swap/006.png,N_R_all,1,2.0,5.9976462711819565,0.8
cable,cable_swap/007.png,D,81,3.3333333333333335,5.23208969474746,0.5172839506172839
cable,cable_swap/007.png,N_H,6,3.5,13.790333604297729,0.48333333333333334
cable,cable_swap/007.png,N_R_far,6,3.1666666666666665,4.5899665011260184,0.5166666666666667
cable,cable_swap/007.png,N_R_all,6,3.1666666666666665,8.337103956454783,0.5833333333333334
cable,cable_swap/008.png,D,81,2.493827160493827,6.9028183264228105,0.6679012345679013
cable,cable_swap/008.png,N_H,1,3.0,8.259654024735367,0.5
cable,cable_swap/008.png,N_R_far,1,3.0,5.518576317433737,0.5
cable,cable_swap/008.png,N_R_all,1,3.0,4.726929161262536,0.4
cable,cable_swap/009.png,D,74,2.9594594594594597,5.725710755264738,0.5675675675675674
cable,cable_swap/009.png,N_H,5,3.2,23.302996126204295,0.6
cable,cable_swap/009.png,N_R_far,5,2.4,6.641118198881108,0.6
cable,cable_swap/009.png,N_R_all,5,2.4,5.849272674709994,0.6599999999999999
cable,cable_swap/010.png,D,76,2.3421052631578947,6.028014245932895,0.6947368421052632
cable,cable_swap/010.png,N_H,7,3.7142857142857144,10.684135048217902,0.42857142857142855
cable,cable_swap/010.png,N_R_far,7,3.2857142857142856,6.804304910839228,0.5571428571428572
cable,cable_swap/010.png,N_R_all,7,2.5714285714285716,4.528032244493475,0.7000000000000001
cable,cable_swap/011.png,D,71,2.971830985915493,5.922048913851715,0.5718309859154929
cable,cable_swap/011.png,N_H,4,3.75,9.230223600060683,0.475
cable,cable_swap/011.png,N_R_far,4,3.0,7.006449205062279,0.575
cable,cable_swap/011.png,N_R_all,4,3.0,7.949046376980492,0.525
cable,combined/004.png,D,76,2.6973684210526314,5.668416797023187,0.6328947368421054
cable,combined/004.png,N_H,1,3.0,12.534621028845347,0.6
cable,combined/004.png,N_R_far,1,3.0,8.828694222882486,0.5
cable,combined/004.png,N_R_all,1,3.0,2.5069678477158286,0.4
cable,cut_inner_insulation/005.png,D,40,2.175,4.117096567365541,0.7074999999999999
cable,cut_inner_insulation/005.png,N_H,1,3.0,7.344911821864598,0.4
cable,cut_inner_insulation/005.png,N_R_far,1,3.0,5.750540073863896,0.6
cable,cut_inner_insulation/005.png,N_R_all,1,3.0,2.22828568570857,0.6
cable,cut_inner_insulation/010.png,D,44,1.75,3.903753001981086,0.85
cable,cut_inner_insulation/010.png,N_H,1,4.0,19.8409018344678,0.4
cable,cut_inner_insulation/010.png,N_R_far,1,4.0,3.4048349392520048,0.5
cable,cut_inner_insulation/010.png,N_R_all,1,2.0,13.25787096109824,0.9
cable,cut_outer_insulation/002.png,D,22,3.1363636363636362,8.285767574570084,0.5227272727272728
cable,cut_outer_insulation/002.png,N_H,2,2.5,9.851793526850262,0.6499999999999999
cable,cut_outer_insulation/002.png,N_R_far,2,4.0,6.784761881830006,0.5
cable,cut_outer_insulation/002.png,N_R_all,2,4.0,6.128199095185125,0.45
cable,cut_outer_insulation/003.png,D,12,3.5,9.635838478246283,0.4583333333333333
cable,cut_outer_insulation/003.png,N_H,2,3.5,6.601988485413268,0.5
cable,cut_outer_insulation/003.png,N_R_far,2,3.0,7.517615072015277,0.5
cable,cut_outer_insulation/003.png,N_R_all,2,3.5,4.581958042289184,0.44999999999999996
cable,cut_outer_insulation/004.png,D,45,3.4,5.641331222251733,0.4933333333333334
cable,cut_outer_insulation/004.png,N_H,1,3.0,7.722470719209049,0.7
cable,cut_outer_insulation/004.png,N_R_far,1,3.0,4.872767108696468,0.5
cable,cut_outer_insulation/004.png,N_R_all,1,2.0,3.2373876400963804,0.9
cable,missing_wire/000.png,D,31,1.2580645161290323,6.716472528978155,0.967741935483871
cable,missing_wire/000.png,N_H,5,3.4,7.858997144856057,0.62
cable,missing_wire/000.png,N_R_far,5,3.0,6.691003957458261,0.6200000000000001
cable,missing_wire/000.png,N_R_all,5,3.4,5.982900649815326,0.5599999999999999
cable,missing_wire/002.png,D,23,2.217391304347826,3.8552033247043638,0.6173913043478261
cable,missing_wire/002.png,N_H,1,4.0,8.846888223409556,0.4
cable,missing_wire/002.png,N_R_far,1,4.0,5.55954534462994,0.5
cable,missing_wire/002.png,N_R_all,1,3.0,3.9956075771482564,0.6
cable,missing_wire/006.png,D,25,1.24,6.363488932748255,0.9719999999999999
cable,missing_wire/006.png,N_H,1,3.0,6.524099870362662,0.6
cable,missing_wire/006.png,N_R_far,1,3.0,10.317887755633741,0.5
cable,missing_wire/006.png,N_R_all,1,3.0,6.238207852639133,0.7
cable,missing_wire/008.png,D,26,1.1538461538461537,5.2387643064953044,0.9807692307692307
cable,missing_wire/008.png,N_H,4,3.0,15.646044242952856,0.6499999999999999
cable,missing_wire/008.png,N_R_far,4,3.0,5.488573939366502,0.5
cable,missing_wire/008.png,N_R_all,4,2.75,5.552105752932979,0.6
cable,poke_insulation/000.png,D,12,3.5833333333333335,7.163257850748763,0.42500000000000004
cable,poke_insulation/000.png,N_H,1,4.0,5.433508037639434,0.6
cable,poke_insulation/000.png,N_R_far,1,4.0,12.634417855645658,0.6
cable,poke_insulation/000.png,N_R_all,1,4.0,2.7973665961010274,0.4
cable,poke_insulation/002.png,D,3,3.6666666666666665,11.837344354820358,0.6333333333333334
cable,poke_insulation/002.png,N_H,5,3.2,12.930177050326872,0.58
cable,poke_insulation/002.png,N_R_far,5,2.8,7.180371177631402,0.64
cable,poke_insulation/002.png,N_R_all,5,3.4,8.856904496396178,0.5199999999999999
cable,poke_insulation/005.png,D,19,3.0,4.132763113269533,0.5421052631578948
cable,poke_insulation/005.png,N_H,1,4.0,16.690479895735344,0.4
cable,poke_insulation/005.png,N_R_far,1,3.0,4.186660336242035,0.7
cable,poke_insulation/005.png,N_R_all,1,3.0,5.748386564879935,0.8
bottle,broken_small/008.png,D,28,3.1785714285714284,10.707094810285096,0.5642857142857143
bottle,broken_small/008.png,N_H,3,3.3333333333333335,13.21354694115915,0.5333333333333333
bottle,broken_small/008.png,N_R_far,3,3.6666666666666665,5.617154379546872,0.46666666666666673
bottle,broken_small/008.png,N_R_all,3,3.3333333333333335,2.455888056402112,0.4666666666666666
bottle,broken_small/015.png,D,24,2.8333333333333335,9.414811195599919,0.6124999999999999
bottle,broken_small/015.png,N_H,1,3.0,12.998315738444294,0.4
bottle,broken_small/015.png,N_R_far,1,4.0,4.4116579208693425,0.4
bottle,broken_small/015.png,N_R_all,1,2.0,2.4846561079716425,0.5
macaroni2,bad/000.JPG,D,3,3.3333333333333335,17.22263608861333,0.5333333333333333
macaroni2,bad/000.JPG,N_H,11,2.6363636363636362,10.344558203075861,0.5909090909090909
macaroni2,bad/000.JPG,N_R_far,11,2.909090909090909,6.49971701705917,0.6090909090909091
macaroni2,bad/000.JPG,N_R_all,11,3.1818181818181817,5.96836883226462,0.5454545454545454
macaroni2,bad/001.JPG,D,2,3.5,11.524654582121592,0.4
macaroni2,bad/001.JPG,N_H,11,2.3636363636363638,10.96315637785132,0.7181818181818183
macaroni2,bad/001.JPG,N_R_far,11,3.1818181818181817,5.701784784175334,0.48181818181818187
macaroni2,bad/001.JPG,N_R_all,11,3.0,7.373116714437876,0.5272727272727273
macaroni2,bad/002.JPG,D,3,3.6666666666666665,14.049360080421557,0.6
macaroni2,bad/002.JPG,N_H,10,3.0,18.697738920917352,0.61
macaroni2,bad/002.JPG,N_R_far,10,2.9,6.2529480500577685,0.5800000000000001
macaroni2,bad/002.JPG,N_R_all,10,3.0,5.082523561785239,0.53
macaroni2,bad/003.JPG,D,1,4.0,15.874007519563985,0.5
macaroni2,bad/003.JPG,N_H,15,3.466666666666667,10.591199220426349,0.4866666666666667
macaroni2,bad/003.JPG,N_R_far,15,2.8666666666666667,5.660961309547959,0.5666666666666667
macaroni2,bad/003.JPG,N_R_all,15,2.6,5.6535388240516316,0.6666666666666666
macaroni2,bad/004.JPG,D,3,3.0,15.083442744210203,0.6666666666666666
macaroni2,bad/004.JPG,N_H,10,3.2,13.660227338252335,0.53
macaroni2,bad/004.JPG,N_R_far,10,3.0,5.2247475157625844,0.5900000000000001
macaroni2,bad/004.JPG,N_R_all,10,2.7,4.405710737450404,0.6399999999999999
macaroni2,bad/005.JPG,D,2,4.0,16.006057052551633,0.4
macaroni2,bad/005.JPG,N_H,11,3.4545454545454546,8.765952330332489,0.5181818181818181
macaroni2,bad/005.JPG,N_R_far,11,2.8181818181818183,5.2985753657005725,0.5272727272727272
macaroni2,bad/005.JPG,N_R_all,11,3.727272727272727,5.698916930091197,0.4818181818181818
macaroni2,bad/006.JPG,D,4,3.75,11.768232849487267,0.475
macaroni2,bad/006.JPG,N_H,12,2.9166666666666665,11.074653629852383,0.5583333333333335
macaroni2,bad/006.JPG,N_R_far,12,3.1666666666666665,5.389584377152025,0.5416666666666666
macaroni2,bad/006.JPG,N_R_all,12,3.3333333333333335,4.757007357163464,0.46666666666666673
macaroni2,bad/007.JPG,D,2,4.0,11.69376724224237,0.5
macaroni2,bad/007.JPG,N_H,8,3.75,8.009417868151566,0.4375
macaroni2,bad/007.JPG,N_R_far,8,2.875,4.28508403831746,0.5875
macaroni2,bad/007.JPG,N_R_all,8,3.25,5.6566208104954,0.6
macaroni2,bad/008.JPG,D,2,3.5,12.317571599777027,0.55
macaroni2,bad/008.JPG,N_H,8,3.0,9.363782736091832,0.525
macaroni2,bad/008.JPG,N_R_far,8,2.875,5.798163923570036,0.525
macaroni2,bad/008.JPG,N_R_all,8,3.0,5.767499637942262,0.5875
macaroni2,bad/009.JPG,D,4,3.5,12.917938857965524,0.5499999999999999
macaroni2,bad/009.JPG,N_H,10,3.0,9.172784664124615,0.53
macaroni2,bad/009.JPG,N_R_far,10,2.8,4.386137266380975,0.6
macaroni2,bad/009.JPG,N_R_all,10,3.5,5.4230255513572505,0.4800000000000001
macaroni2,bad/010.JPG,D,2,3.5,11.703660716556225,0.5
macaroni2,bad/010.JPG,N_H,10,3.4,11.091759057713626,0.51
macaroni2,bad/010.JPG,N_R_far,10,2.9,7.096743111777177,0.51
macaroni2,bad/010.JPG,N_R_all,10,2.8,5.1956692353971174,0.6
macaroni2,bad/011.JPG,D,1,3.0,21.056955271253333,0.8
macaroni2,bad/011.JPG,N_H,13,3.3846153846153846,8.566403442132174,0.47692307692307695
macaroni2,bad/011.JPG,N_R_far,13,3.230769230769231,6.173594713132646,0.49230769230769234
macaroni2,bad/011.JPG,N_R_all,13,3.1538461538461537,6.639429901927986,0.5692307692307692
macaroni2,bad/012.JPG,D,1,3.0,10.675425933249617,0.5
macaroni2,bad/012.JPG,N_H,12,3.1666666666666665,9.699449129416992,0.5416666666666666
macaroni2,bad/012.JPG,N_R_far,12,2.9166666666666665,5.624676838578368,0.5333333333333333
macaroni2,bad/012.JPG,N_R_all,12,3.0,4.6060274553478795,0.6083333333333333
macaroni2,bad/013.JPG,D,1,4.0,15.667770358922574,0.4
macaroni2,bad/013.JPG,N_H,13,3.1538461538461537,11.12635610310981,0.5384615384615384
macaroni2,bad/013.JPG,N_R_far,13,3.1538461538461537,5.957423423579385,0.5076923076923078
macaroni2,bad/013.JPG,N_R_all,13,2.6923076923076925,6.7704130896461425,0.5615384615384615
macaroni2,bad/014.JPG,D,2,4.0,13.121479725013252,0.6
macaroni2,bad/014.JPG,N_H,12,3.75,8.67884064531617,0.4916666666666667
macaroni2,bad/014.JPG,N_R_far,12,3.3333333333333335,7.642387961099775,0.48333333333333334
macaroni2,bad/014.JPG,N_R_all,12,2.9166666666666665,6.731552243713335,0.575
macaroni2,bad/015.JPG,D,1,3.0,17.577275851805872,0.7
macaroni2,bad/015.JPG,N_H,13,3.3076923076923075,8.765218990472578,0.5384615384615384
macaroni2,bad/015.JPG,N_R_far,13,2.8461538461538463,5.723011323641567,0.6307692307692307
macaroni2,bad/015.JPG,N_R_all,13,3.076923076923077,5.868479286574673,0.5615384615384615
macaroni2,bad/016.JPG,D,1,3.0,12.926471521954431,0.5
macaroni2,bad/016.JPG,N_H,14,3.2142857142857144,10.899541153915862,0.5928571428571429
macaroni2,bad/016.JPG,N_R_far,14,3.2142857142857144,5.94769169245766,0.4928571428571429
macaroni2,bad/016.JPG,N_R_all,14,2.7142857142857144,5.2358892218032524,0.6357142857142858
macaroni2,bad/017.JPG,D,2,3.0,13.206307207775566,0.5
macaroni2,bad/017.JPG,N_H,11,3.1818181818181817,10.907128189357573,0.5
macaroni2,bad/017.JPG,N_R_far,11,3.1818181818181817,5.282996586365687,0.48181818181818187
macaroni2,bad/017.JPG,N_R_all,11,2.909090909090909,5.283901808595449,0.5636363636363636
macaroni2,bad/018.JPG,D,1,4.0,14.116650165000324,0.3
macaroni2,bad/018.JPG,N_H,12,3.3333333333333335,10.564313274900018,0.49166666666666675
macaroni2,bad/018.JPG,N_R_far,12,3.0,3.765824955831638,0.5333333333333333
macaroni2,bad/018.JPG,N_R_all,12,3.0833333333333335,7.3237866758181225,0.5499999999999999
macaroni2,bad/019.JPG,D,2,3.0,20.09054920721891,0.45
macaroni2,bad/019.JPG,N_H,13,2.8461538461538463,8.55360827835064,0.6307692307692307
macaroni2,bad/019.JPG,N_R_far,13,2.769230769230769,4.855235728520541,0.6153846153846154
macaroni2,bad/019.JPG,N_R_all,13,2.8461538461538463,5.963441276595076,0.5615384615384615
macaroni2,bad/020.JPG,D,1,3.0,10.05421766825733,0.6
macaroni2,bad/020.JPG,N_H,13,3.6153846153846154,10.710835494384906,0.44615384615384623
macaroni2,bad/020.JPG,N_R_far,13,2.923076923076923,6.548315818055998,0.5307692307692308
macaroni2,bad/020.JPG,N_R_all,13,3.3076923076923075,5.7609917927292225,0.5769230769230769
macaroni2,bad/021.JPG,D,1,4.0,11.959794102977536,0.4
macaroni2,bad/021.JPG,N_H,14,3.142857142857143,9.615197783681667,0.5857142857142856
macaroni2,bad/021.JPG,N_R_far,14,3.2857142857142856,5.723792544714273,0.5428571428571428
macaroni2,bad/021.JPG,N_R_all,14,3.0,5.520616905235609,0.4928571428571429
macaroni2,bad/022.JPG,D,2,4.0,13.416219168876047,0.5
macaroni2,bad/022.JPG,N_H,13,3.3076923076923075,10.369050939397356,0.5076923076923078
macaroni2,bad/022.JPG,N_R_far,13,2.769230769230769,4.925687444171761,0.6076923076923078
macaroni2,bad/022.JPG,N_R_all,13,2.4615384615384617,5.003794559210421,0.676923076923077
macaroni2,bad/023.JPG,D,2,4.0,12.11870766156305,0.5
macaroni2,bad/023.JPG,N_H,13,3.0,13.193833093516178,0.5307692307692308
macaroni2,bad/023.JPG,N_R_far,13,3.6923076923076925,6.297089089245753,0.49230769230769234
macaroni2,bad/023.JPG,N_R_all,13,3.1538461538461537,5.501416308205441,0.5538461538461539
macaroni2,bad/024.JPG,D,2,3.0,7.840294875858222,0.5
macaroni2,bad/024.JPG,N_H,12,3.1666666666666665,8.847749935148283,0.5416666666666666
macaroni2,bad/024.JPG,N_R_far,12,3.3333333333333335,5.180765104027937,0.46666666666666673
macaroni2,bad/024.JPG,N_R_all,12,3.0833333333333335,7.530180234150994,0.5083333333333333
macaroni2,bad/025.JPG,D,1,3.0,15.182843125793688,0.4
macaroni2,bad/025.JPG,N_H,13,3.5384615384615383,9.900769702003078,0.47692307692307695
macaroni2,bad/025.JPG,N_R_far,13,3.230769230769231,6.845444284074348,0.5000000000000001
macaroni2,bad/025.JPG,N_R_all,13,2.8461538461538463,7.337368118160014,0.5692307692307693
macaroni2,bad/026.JPG,D,1,4.0,12.118707661563052,0.5
macaroni2,bad/026.JPG,N_H,13,3.3846153846153846,10.953397708478958,0.5000000000000001
macaroni2,bad/026.JPG,N_R_far,13,3.3846153846153846,4.870319411697943,0.5769230769230771
macaroni2,bad/026.JPG,N_R_all,13,3.0,5.0540543163443346,0.5461538461538462
macaroni2,bad/027.JPG,D,1,4.0,16.58808519106486,0.4
macaroni2,bad/027.JPG,N_H,14,3.2142857142857144,10.048022531346584,0.48571428571428577
macaroni2,bad/027.JPG,N_R_far,14,3.0,4.710534444892152,0.5785714285714286
macaroni2,bad/027.JPG,N_R_all,14,2.857142857142857,4.3275692184059125,0.6
macaroni2,bad/028.JPG,D,2,4.0,15.096339114003063,0.4
macaroni2,bad/028.JPG,N_H,13,3.076923076923077,9.475782459129682,0.5307692307692308
macaroni2,bad/028.JPG,N_R_far,13,3.3846153846153846,7.596625021514618,0.5
macaroni2,bad/028.JPG,N_R_all,13,3.0,6.739859331260346,0.5538461538461539
macaroni2,bad/029.JPG,D,2,4.0,13.864291621435711,0.55
macaroni2,bad/029.JPG,N_H,12,3.0833333333333335,9.657883315957891,0.525
macaroni2,bad/029.JPG,N_R_far,12,2.5,9.411300559282772,0.6249999999999999
macaroni2,bad/029.JPG,N_R_all,12,2.75,5.605925989458176,0.6
macaroni2,bad/030.JPG,D,1,3.0,15.438738233458972,0.5
macaroni2,bad/030.JPG,N_H,15,2.8666666666666667,17.679493238236738,0.6666666666666665
macaroni2,bad/030.JPG,N_R_far,15,3.3333333333333335,5.075282021119441,0.4733333333333334
macaroni2,bad/030.JPG,N_R_all,15,3.6,6.762052123797657,0.4800000000000001
macaroni2,bad/032.JPG,D,1,3.0,18.730433660002916,0.5
macaroni2,bad/032.JPG,N_H,11,3.5454545454545454,12.25630320893265,0.4818181818181818
macaroni2,bad/032.JPG,N_R_far,11,2.909090909090909,4.561988153707437,0.6
macaroni2,bad/032.JPG,N_R_all,11,3.090909090909091,6.333258476077378,0.5454545454545455
macaroni2,bad/033.JPG,D,1,3.0,15.576464389196143,0.5
macaroni2,bad/033.JPG,N_H,15,3.466666666666667,18.45551600362207,0.52
macaroni2,bad/033.JPG,N_R_far,15,3.1333333333333333,5.5658935143297565,0.5533333333333333
macaroni2,bad/033.JPG,N_R_all,15,3.3333333333333335,5.191120388631711,0.52
macaroni2,bad/034.JPG,D,1,3.0,18.542650154310873,0.5
macaroni2,bad/034.JPG,N_H,14,2.7857142857142856,11.739825989153276,0.6571428571428571
macaroni2,bad/034.JPG,N_R_far,14,3.4285714285714284,5.351043379508501,0.47857142857142854
macaroni2,bad/034.JPG,N_R_all,14,3.0,5.43641211598048,0.5142857142857142
macaroni2,bad/035.JPG,D,2,3.5,18.8504505904678,0.45
macaroni2,bad/035.JPG,N_H,11,3.3636363636363638,9.705864088099112,0.4727272727272727
macaroni2,bad/035.JPG,N_R_far,11,3.1818181818181817,6.047869642948073,0.5363636363636363
macaroni2,bad/035.JPG,N_R_all,11,3.090909090909091,6.259200106288876,0.5363636363636363
macaroni2,bad/036.JPG,D,2,4.0,18.586600109914666,0.5
macaroni2,bad/036.JPG,N_H,13,3.076923076923077,9.866594049296301,0.5230769230769231
macaroni2,bad/036.JPG,N_R_far,13,3.1538461538461537,6.374471040442398,0.5384615384615384
macaroni2,bad/036.JPG,N_R_all,13,2.8461538461538463,5.5692857419422115,0.5615384615384615
macaroni2,bad/037.JPG,D,1,4.0,20.964216409504708,0.5
macaroni2,bad/037.JPG,N_H,10,3.6,11.820866175246916,0.48999999999999994
macaroni2,bad/037.JPG,N_R_far,10,3.0,4.5068616500229695,0.5700000000000001
macaroni2,bad/037.JPG,N_R_all,10,2.9,5.52493990662104,0.59
macaroni2,bad/038.JPG,D,1,4.0,14.378539034083145,0.5
macaroni2,bad/038.JPG,N_H,13,2.3076923076923075,10.106769873328563,0.7153846153846154
macaroni2,bad/038.JPG,N_R_far,13,2.923076923076923,5.063497937500594,0.5769230769230769
macaroni2,bad/038.JPG,N_R_all,13,3.076923076923077,5.885778996471642,0.5461538461538461
macaroni2,bad/039.JPG,D,2,3.5,15.446582894405255,0.45
macaroni2,bad/039.JPG,N_H,12,3.4166666666666665,12.299128392335755,0.46666666666666673
macaroni2,bad/039.JPG,N_R_far,12,3.0833333333333335,5.412074009763646,0.5416666666666666
macaroni2,bad/039.JPG,N_R_all,12,3.3333333333333335,5.515756020634285,0.4083333333333334
macaroni2,bad/040.JPG,D,1,3.0,17.419652618596793,0.4
macaroni2,bad/040.JPG,N_H,12,3.4166666666666665,10.018160858217083,0.525
macaroni2,bad/040.JPG,N_R_far,12,3.1666666666666665,5.1984902042513275,0.47500000000000003
macaroni2,bad/040.JPG,N_R_all,12,3.0833333333333335,5.597444079438738,0.4833333333333334
macaroni2,bad/041.JPG,D,2,3.0,8.909251770416017,0.6
macaroni2,bad/041.JPG,N_H,12,3.3333333333333335,9.1266956296423,0.4416666666666667
macaroni2,bad/041.JPG,N_R_far,12,2.9166666666666665,5.241646819891769,0.5000000000000001
macaroni2,bad/041.JPG,N_R_all,12,3.0833333333333335,6.2503649103269465,0.5083333333333333
macaroni2,bad/042.JPG,D,4,3.25,15.848455038324744,0.55
macaroni2,bad/042.JPG,N_H,10,3.7,11.438945704689448,0.43
macaroni2,bad/042.JPG,N_R_far,10,2.9,4.451691599632781,0.6200000000000001
macaroni2,bad/042.JPG,N_R_all,10,3.1,4.831462586971636,0.59
macaroni2,bad/043.JPG,D,2,3.0,13.887715552473713,0.55
macaroni2,bad/043.JPG,N_H,13,2.4615384615384617,11.673067814227844,0.676923076923077
macaroni2,bad/043.JPG,N_R_far,13,2.923076923076923,6.442811266589723,0.5692307692307692
macaroni2,bad/043.JPG,N_R_all,13,2.8461538461538463,6.52176706839417,0.5846153846153845
macaroni2,bad/045.JPG,D,1,3.0,11.739156996026823,0.6
macaroni2,bad/045.JPG,N_H,11,2.727272727272727,7.994131022119163,0.6818181818181818
macaroni2,bad/045.JPG,N_R_far,11,2.909090909090909,5.158063525623871,0.5272727272727272
macaroni2,bad/045.JPG,N_R_all,11,2.909090909090909,4.844648946060952,0.6363636363636366
macaroni2,bad/046.JPG,D,6,3.1666666666666665,16.351893519161052,0.4166666666666667
macaroni2,bad/046.JPG,N_H,11,2.6363636363636362,9.642736187634455,0.6636363636363636
macaroni2,bad/046.JPG,N_R_far,11,3.1818181818181817,5.739593365706515,0.5363636363636364
macaroni2,bad/046.JPG,N_R_all,11,3.0,4.666725807525601,0.5818181818181819
macaroni2,bad/047.JPG,D,2,3.5,17.871532604185674,0.45
macaroni2,bad/047.JPG,N_H,12,3.6666666666666665,6.858337177165162,0.4916666666666667
macaroni2,bad/047.JPG,N_R_far,12,3.0,5.8787450606257154,0.5166666666666667
macaroni2,bad/047.JPG,N_R_all,12,3.0833333333333335,6.721348109460134,0.5166666666666667
macaroni2,bad/048.JPG,D,6,3.6666666666666665,7.571769464634602,0.48333333333333334
macaroni2,bad/048.JPG,N_H,14,3.2857142857142856,8.63802323946128,0.4857142857142857
macaroni2,bad/048.JPG,N_R_far,14,3.5714285714285716,5.934178709520956,0.4714285714285715
macaroni2,bad/048.JPG,N_R_all,14,3.2857142857142856,4.822850611602837,0.4571428571428572
macaroni2,bad/049.JPG,D,6,2.3333333333333335,12.261810579378322,0.7833333333333332
macaroni2,bad/049.JPG,N_H,14,2.357142857142857,12.403053404998916,0.7285714285714286
macaroni2,bad/049.JPG,N_R_far,14,3.2142857142857144,4.54869389171814,0.5214285714285714
macaroni2,bad/049.JPG,N_R_all,14,3.5,6.506603934408745,0.4785714285714286
macaroni2,bad/050.JPG,D,1,3.0,8.947633573150636,0.5
macaroni2,bad/050.JPG,N_H,12,3.75,12.766230551341309,0.4583333333333333
macaroni2,bad/050.JPG,N_R_far,12,2.9166666666666665,5.564718810928817,0.625
macaroni2,bad/050.JPG,N_R_all,12,2.9166666666666665,6.4013857311637805,0.6
macaroni2,bad/051.JPG,D,1,3.0,18.58562696162082,0.5
macaroni2,bad/051.JPG,N_H,11,3.1818181818181817,10.821935523635597,0.5454545454545454
macaroni2,bad/051.JPG,N_R_far,11,3.090909090909091,5.438017341330805,0.5818181818181819
macaroni2,bad/051.JPG,N_R_all,11,3.272727272727273,7.173050167624834,0.5363636363636363
macaroni2,bad/052.JPG,D,4,3.5,13.100068013121748,0.525
macaroni2,bad/052.JPG,N_H,15,3.4,9.902998598049102,0.5066666666666667
macaroni2,bad/052.JPG,N_R_far,15,2.8666666666666667,5.4780903129949925,0.56
macaroni2,bad/052.JPG,N_R_all,15,3.066666666666667,6.420237249009669,0.52
macaroni2,bad/053.JPG,D,3,3.6666666666666665,12.037722963640947,0.4666666666666666
macaroni2,bad/053.JPG,N_H,14,3.0714285714285716,8.565799532426647,0.5428571428571428
macaroni2,bad/053.JPG,N_R_far,14,3.0714285714285716,5.486607520580492,0.5357142857142857
macaroni2,bad/053.JPG,N_R_all,14,3.357142857142857,5.288509876455711,0.5499999999999999
macaroni2,bad/054.JPG,D,5,3.4,10.1286349781727,0.48
macaroni2,bad/054.JPG,N_H,13,2.923076923076923,9.411713774620093,0.6153846153846154
macaroni2,bad/054.JPG,N_R_far,13,3.076923076923077,4.959432803198879,0.5923076923076923
macaroni2,bad/054.JPG,N_R_all,13,3.0,7.099718719215204,0.5230769230769231
macaroni2,bad/055.JPG,D,3,3.0,15.177301965674625,0.6666666666666666
macaroni2,bad/055.JPG,N_H,14,2.7857142857142856,11.04817269637354,0.5857142857142857
macaroni2,bad/055.JPG,N_R_far,14,3.2857142857142856,4.902748077260287,0.5000000000000001
macaroni2,bad/055.JPG,N_R_all,14,3.0714285714285716,6.243060176396751,0.5714285714285714
macaroni2,bad/056.JPG,D,3,3.3333333333333335,11.240168565357976,0.4666666666666666
macaroni2,bad/056.JPG,N_H,15,2.7333333333333334,8.311329467923802,0.62
macaroni2,bad/056.JPG,N_R_far,15,3.2666666666666666,5.411755608114879,0.5000000000000001
macaroni2,bad/056.JPG,N_R_all,15,3.3333333333333335,6.12325433696766,0.5200000000000001
macaroni2,bad/057.JPG,D,4,4.0,9.796549268647674,0.375
macaroni2,bad/057.JPG,N_H,14,3.0,9.996071311875612,0.5714285714285714
macaroni2,bad/057.JPG,N_R_far,14,3.142857142857143,7.027754234879424,0.5928571428571427
macaroni2,bad/057.JPG,N_R_all,14,3.4285714285714284,6.748664264828259,0.4714285714285715
macaroni2,bad/058.JPG,D,5,3.8,11.108324441066948,0.4
macaroni2,bad/058.JPG,N_H,13,3.4615384615384617,8.287637091159835,0.5307692307692308
macaroni2,bad/058.JPG,N_R_far,13,2.923076923076923,5.290964256609543,0.5461538461538462
macaroni2,bad/058.JPG,N_R_all,13,3.230769230769231,6.5313708275808615,0.5230769230769231
macaroni2,bad/059.JPG,D,3,3.6666666666666665,13.898320255945388,0.5666666666666668
macaroni2,bad/059.JPG,N_H,13,2.923076923076923,10.167910172825033,0.6076923076923076
macaroni2,bad/059.JPG,N_R_far,13,3.0,6.2297607204772625,0.5153846153846153
macaroni2,bad/059.JPG,N_R_all,13,3.1538461538461537,8.81836226002304,0.523076923076923
macaroni2,bad/060.JPG,D,3,3.0,16.95122546975108,0.6333333333333334
macaroni2,bad/060.JPG,N_H,5,3.6,11.366711041645793,0.5
macaroni2,bad/060.JPG,N_R_far,5,3.0,5.74700289622365,0.45999999999999996
macaroni2,bad/060.JPG,N_R_all,5,2.8,5.042886295869662,0.6399999999999999
macaroni2,bad/061.JPG,D,7,3.7142857142857144,12.975121995236227,0.4428571428571428
macaroni2,bad/061.JPG,N_H,10,2.7,11.024865464836946,0.7
macaroni2,bad/061.JPG,N_R_far,10,2.8,4.69685186248727,0.56
macaroni2,bad/061.JPG,N_R_all,10,3.6,6.072364259502178,0.41
macaroni2,bad/062.JPG,D,3,3.3333333333333335,9.974606766697015,0.5666666666666667
macaroni2,bad/062.JPG,N_H,13,3.6153846153846154,10.16726968420284,0.4538461538461539
macaroni2,bad/062.JPG,N_R_far,13,3.3076923076923075,5.7086366371934965,0.5076923076923077
macaroni2,bad/062.JPG,N_R_all,13,3.1538461538461537,4.797326222139845,0.5615384615384615
macaroni2,bad/063.JPG,D,2,3.0,10.407395004017733,0.5
macaroni2,bad/063.JPG,N_H,10,3.2,10.760268674361917,0.5100000000000001
macaroni2,bad/063.JPG,N_R_far,10,3.3,6.199412428500216,0.5199999999999999
macaroni2,bad/063.JPG,N_R_all,10,2.6,4.5686567791162505,0.68
macaroni2,bad/064.JPG,D,2,3.5,14.554639129038819,0.6
macaroni2,bad/064.JPG,N_H,12,3.3333333333333335,10.79376261359748,0.47500000000000003
macaroni2,bad/064.JPG,N_R_far,12,3.5,5.43235404550434,0.43333333333333335
macaroni2,bad/064.JPG,N_R_all,12,3.5,6.988062198100991,0.5000000000000001
macaroni2,bad/065.JPG,D,3,3.3333333333333335,7.628588945578343,0.5333333333333333
macaroni2,bad/065.JPG,N_H,13,2.230769230769231,7.860562441339822,0.8076923076923077
macaroni2,bad/065.JPG,N_R_far,13,2.923076923076923,5.214210490290409,0.576923076923077
macaroni2,bad/065.JPG,N_R_all,13,2.923076923076923,3.8771073455433753,0.5692307692307692
macaroni2,bad/066.JPG,D,4,3.75,8.209520778447022,0.525
macaroni2,bad/066.JPG,N_H,12,3.5833333333333335,12.188641897890891,0.45
macaroni2,bad/066.JPG,N_R_far,12,3.25,6.5074026569602665,0.5750000000000001
macaroni2,bad/066.JPG,N_R_all,12,3.0833333333333335,4.873717412261618,0.5750000000000001
macaroni2,bad/067.JPG,D,4,3.5,12.04811752310398,0.44999999999999996
macaroni2,bad/067.JPG,N_H,9,3.5555555555555554,9.314497753716596,0.5111111111111112
macaroni2,bad/067.JPG,N_R_far,9,3.0,5.971447960216253,0.5777777777777778
macaroni2,bad/067.JPG,N_R_all,9,3.111111111111111,3.758676335150313,0.5444444444444444
macaroni2,bad/068.JPG,D,6,3.6666666666666665,13.600276066969043,0.6833333333333332
macaroni2,bad/068.JPG,N_H,12,3.5,10.88622856070337,0.4916666666666667
macaroni2,bad/068.JPG,N_R_far,12,2.75,6.328774856703784,0.6416666666666667
macaroni2,bad/068.JPG,N_R_all,12,3.1666666666666665,6.954659298021517,0.525
macaroni2,bad/069.JPG,D,1,3.0,7.8651847677617095,0.6
macaroni2,bad/069.JPG,N_H,14,3.4285714285714284,9.976689571614532,0.45714285714285724
macaroni2,bad/069.JPG,N_R_far,14,3.0,5.293675675033748,0.5285714285714286
macaroni2,bad/069.JPG,N_R_all,14,2.9285714285714284,6.42994382534402,0.5785714285714285
macaroni2,bad/070.JPG,D,5,3.4,11.414164120173854,0.6
macaroni2,bad/070.JPG,N_H,8,3.25,13.865635190010275,0.5125000000000001
macaroni2,bad/070.JPG,N_R_far,8,3.25,7.9679654636082855,0.5375000000000001
macaroni2,bad/070.JPG,N_R_all,8,3.125,5.1671858235010255,0.525
macaroni2,bad/071.JPG,D,4,4.0,14.109102485832242,0.375
macaroni2,bad/071.JPG,N_H,3,3.6666666666666665,11.879980358205835,0.4666666666666666
macaroni2,bad/071.JPG,N_R_far,3,2.3333333333333335,4.932870314733097,0.7000000000000001
macaroni2,bad/071.JPG,N_R_all,3,2.6666666666666665,4.2391311856485,0.6666666666666666
macaroni2,bad/075.JPG,D,2,3.5,14.049627544292685,0.55
macaroni2,bad/075.JPG,N_H,8,3.0,12.273602662712431,0.575
macaroni2,bad/075.JPG,N_R_far,8,3.625,7.184280321322162,0.5
macaroni2,bad/075.JPG,N_R_all,8,2.75,3.453047208416508,0.6125
macaroni2,bad/077.JPG,D,4,2.75,16.958386906099847,0.575
macaroni2,bad/077.JPG,N_H,4,3.25,22.431976176338967,0.5
macaroni2,bad/077.JPG,N_R_far,4,3.0,4.404760578697545,0.575
macaroni2,bad/077.JPG,N_R_all,4,3.25,7.773791169653122,0.5
macaroni2,bad/079.JPG,D,1,3.0,16.209507061841666,0.5
macaroni2,bad/079.JPG,N_H,9,3.2222222222222223,11.528226950421235,0.5111111111111111
macaroni2,bad/079.JPG,N_R_far,9,2.888888888888889,7.3745875114119634,0.5222222222222223
macaroni2,bad/079.JPG,N_R_all,9,3.111111111111111,6.342784004385546,0.5111111111111112
macaroni2,bad/083.JPG,D,9,3.3333333333333335,12.87664342052752,0.4888888888888888
macaroni2,bad/083.JPG,N_H,5,3.4,9.368616210624397,0.5
macaroni2,bad/083.JPG,N_R_far,5,3.4,6.341481834973239,0.45999999999999996
macaroni2,bad/083.JPG,N_R_all,5,2.8,4.730522195431315,0.54
macaroni2,bad/084.JPG,D,1,4.0,16.594448961098752,0.4
macaroni2,bad/084.JPG,N_H,11,3.0,11.104706913702499,0.6090909090909091
macaroni2,bad/084.JPG,N_R_far,11,3.090909090909091,5.47183373489809,0.6000000000000001
macaroni2,bad/084.JPG,N_R_all,11,3.3636363636363638,5.808938778426697,0.509090909090909
macaroni2,bad/085.JPG,D,6,3.6666666666666665,13.889798598200763,0.5166666666666666
macaroni2,bad/085.JPG,N_H,3,3.3333333333333335,10.999681088685037,0.4666666666666666
macaroni2,bad/085.JPG,N_R_far,3,3.6666666666666665,4.789502725401413,0.4666666666666666
macaroni2,bad/085.JPG,N_R_all,3,2.3333333333333335,4.680125472599907,0.7333333333333334
macaroni2,bad/086.JPG,D,3,4.0,15.254443222951286,0.3666666666666667
macaroni2,bad/086.JPG,N_H,12,3.0833333333333335,14.105825489284024,0.6083333333333334
macaroni2,bad/086.JPG,N_R_far,12,3.4166666666666665,5.528554330800621,0.45
macaroni2,bad/086.JPG,N_R_all,12,3.25,5.911519225802838,0.48333333333333334
macaroni2,bad/087.JPG,D,3,3.6666666666666665,11.162674226773587,0.5333333333333333
macaroni2,bad/087.JPG,N_H,10,2.5,4.301330159116641,0.6700000000000002
macaroni2,bad/087.JPG,N_R_far,10,3.2,4.281635836196073,0.5
macaroni2,bad/087.JPG,N_R_all,10,2.9,5.277787768445287,0.5700000000000001
macaroni2,bad/088.JPG,D,5,3.4,17.787260808632123,0.6
macaroni2,bad/088.JPG,N_H,7,3.2857142857142856,8.673637414534161,0.5
macaroni2,bad/088.JPG,N_R_far,7,3.5714285714285716,6.183707382409848,0.5
macaroni2,bad/088.JPG,N_R_all,7,3.0,6.698160690342584,0.5285714285714286
macaroni2,bad/089.JPG,D,3,3.3333333333333335,11.203671169216316,0.5666666666666667
macaroni2,bad/089.JPG,N_H,7,2.7142857142857144,10.942043853644382,0.5571428571428572
macaroni2,bad/089.JPG,N_R_far,7,3.142857142857143,5.916632170668215,0.5999999999999999
macaroni2,bad/089.JPG,N_R_all,7,3.142857142857143,5.667036659089338,0.5285714285714286
macaroni2,bad/090.JPG,D,4,3.0,16.628121597837293,0.625
macaroni2,bad/090.JPG,N_H,8,3.125,9.96727477061269,0.5375000000000001
macaroni2,bad/090.JPG,N_R_far,8,3.375,4.628443641276377,0.5
macaroni2,bad/090.JPG,N_R_all,8,2.875,5.975434092789166,0.6375
macaroni2,bad/091.JPG,D,6,3.0,14.106330439099331,0.6166666666666667
macaroni2,bad/091.JPG,N_H,7,3.0,13.05691821760964,0.5428571428571428
macaroni2,bad/091.JPG,N_R_far,7,3.0,4.877335936443562,0.5285714285714286
macaroni2,bad/091.JPG,N_R_all,7,2.4285714285714284,5.303541545023369,0.6571428571428573
macaroni2,bad/092.JPG,D,2,4.0,16.734595626609874,0.35
macaroni2,bad/092.JPG,N_H,11,3.3636363636363638,9.788661017673565,0.4454545454545455
macaroni2,bad/092.JPG,N_R_far,11,3.4545454545454546,6.475391900109766,0.4454545454545455
macaroni2,bad/092.JPG,N_R_all,11,3.5454545454545454,6.188845749023071,0.45454545454545453
macaroni2,bad/093.JPG,D,4,3.75,13.924148426049928,0.42500000000000004
macaroni2,bad/093.JPG,N_H,8,3.5,8.273822129038697,0.525
macaroni2,bad/093.JPG,N_R_far,8,2.875,5.463383664027812,0.625
macaroni2,bad/093.JPG,N_R_all,8,3.375,7.273807658962724,0.475
macaroni2,bad/094.JPG,D,6,3.6666666666666665,14.074332530645691,0.5166666666666667
macaroni2,bad/094.JPG,N_H,13,3.1538461538461537,17.323200906784276,0.5538461538461539
macaroni2,bad/094.JPG,N_R_far,13,3.230769230769231,6.830053675818008,0.5076923076923078
macaroni2,bad/094.JPG,N_R_all,13,3.3846153846153846,6.889908674981269,0.4846153846153846
macaroni2,bad/095.JPG,D,3,3.3333333333333335,17.636649480973198,0.6666666666666666
macaroni2,bad/095.JPG,N_H,11,2.5454545454545454,9.002351513429119,0.6545454545454544
macaroni2,bad/095.JPG,N_R_far,11,2.8181818181818183,6.7923621489151795,0.6818181818181818
macaroni2,bad/095.JPG,N_R_all,11,3.090909090909091,5.89096821854119,0.5181818181818182
macaroni2,bad/096.JPG,D,3,4.0,13.918931404550998,0.39999999999999997
macaroni2,bad/096.JPG,N_H,10,2.9,9.540854536756921,0.6100000000000001
macaroni2,bad/096.JPG,N_R_far,10,3.1,4.694988672566877,0.51
macaroni2,bad/096.JPG,N_R_all,10,3.1,6.60667943962994,0.5700000000000001
macaroni2,bad/097.JPG,D,5,3.0,15.40739083237045,0.5
macaroni2,bad/097.JPG,N_H,10,3.1,10.201327499786434,0.56
macaroni2,bad/097.JPG,N_R_far,10,3.0,7.2133307986189905,0.5399999999999999
macaroni2,bad/097.JPG,N_R_all,10,3.0,5.782343804003643,0.55
macaroni2,bad/098.JPG,D,4,3.25,16.297356379560924,0.5750000000000001
macaroni2,bad/098.JPG,N_H,9,3.4444444444444446,10.756824289976667,0.5444444444444445
macaroni2,bad/098.JPG,N_R_far,9,3.0,5.2412933747703825,0.5666666666666667
macaroni2,bad/098.JPG,N_R_all,9,3.2222222222222223,5.222862930090495,0.4555555555555555
macaroni2,bad/099.JPG,D,2,3.5,16.09361107008354,0.6
macaroni2,bad/099.JPG,N_H,8,2.875,11.36898549327046,0.55
macaroni2,bad/099.JPG,N_R_far,8,3.25,6.519905352649454,0.48750000000000004
macaroni2,bad/099.JPG,N_R_all,8,3.125,6.531275799813414,0.4875
pcb2,bad/000.JPG,D,5,3.0,2.12275045899048,0.44000000000000006
pcb2,bad/000.JPG,N_H,9,2.7777777777777777,9.694331449000913,0.5
pcb2,bad/000.JPG,N_R_far,9,3.3333333333333335,4.111324932192387,0.5222222222222223
pcb2,bad/000.JPG,N_R_all,9,3.6666666666666665,2.144485415187301,0.43333333333333335
pcb2,bad/001.JPG,D,9,3.888888888888889,3.8613088448799227,0.41111111111111115
pcb2,bad/001.JPG,N_H,5,2.6,14.233163500954362,0.52
pcb2,bad/001.JPG,N_R_far,5,3.6,4.04873618827787,0.42000000000000004
pcb2,bad/001.JPG,N_R_all,5,3.8,6.276971023319874,0.36
pcb2,bad/002.JPG,D,7,4.0,1.9124272082078126,0.3571428571428571
pcb2,bad/002.JPG,N_H,6,2.5,14.980593226414582,0.48333333333333334
pcb2,bad/002.JPG,N_R_far,6,3.6666666666666665,3.2940139618340645,0.39999999999999997
pcb2,bad/002.JPG,N_R_all,6,3.5,4.380861705496126,0.48333333333333334
pcb2,bad/003.JPG,D,9,3.7777777777777777,2.1173267994125258,0.4111111111111111
pcb2,bad/003.JPG,N_H,10,3.1,13.63475342362229,0.48
pcb2,bad/003.JPG,N_R_far,10,3.6,3.859582661813472,0.44000000000000006
pcb2,bad/003.JPG,N_R_all,10,3.7,3.65427914813816,0.45
pcb2,bad/004.JPG,D,11,3.5454545454545454,2.418547393040596,0.47272727272727283
pcb2,bad/004.JPG,N_H,7,2.857142857142857,12.091509463447602,0.6142857142857142
pcb2,bad/004.JPG,N_R_far,7,3.5714285714285716,3.637629019085452,0.4428571428571428
pcb2,bad/004.JPG,N_R_all,7,3.857142857142857,4.663953505822489,0.42857142857142855
pcb2,bad/005.JPG,D,10,3.4,2.3295341581641194,0.45
pcb2,bad/005.JPG,N_H,9,3.5555555555555554,6.580124931208123,0.41111111111111115
pcb2,bad/005.JPG,N_R_far,9,3.3333333333333335,3.0197826684563505,0.5
pcb2,bad/005.JPG,N_R_all,9,3.5555555555555554,3.377863638657922,0.4222222222222222
pcb2,bad/006.JPG,D,13,3.6153846153846154,2.930749171135458,0.4
pcb2,bad/006.JPG,N_H,2,4.0,18.267991948107216,0.45
pcb2,bad/006.JPG,N_R_far,2,3.5,4.778637853836065,0.4
pcb2,bad/006.JPG,N_R_all,2,3.5,2.9768846781700673,0.4
pcb2,bad/007.JPG,D,11,3.3636363636363638,2.5130643810555346,0.49090909090909096
pcb2,bad/007.JPG,N_H,3,3.3333333333333335,10.590911551580538,0.5
pcb2,bad/007.JPG,N_R_far,3,3.3333333333333335,2.1972783760226497,0.5
pcb2,bad/007.JPG,N_R_all,3,3.3333333333333335,4.686115125059292,0.5333333333333333
pcb2,bad/008.JPG,D,15,3.3333333333333335,2.3468873460917528,0.4533333333333333
pcb2,bad/008.JPG,N_H,5,2.8,13.707606928526298,0.76
pcb2,bad/008.JPG,N_R_far,5,3.4,5.383190601753453,0.43999999999999995
pcb2,bad/008.JPG,N_R_all,5,3.6,3.4980447319420684,0.45999999999999996
pcb2,bad/009.JPG,D,14,3.4285714285714284,2.933723239859389,0.4357142857142858
pcb2,bad/009.JPG,N_H,5,3.0,5.469962556908483,0.5
pcb2,bad/009.JPG,N_R_far,5,3.2,4.123455708464105,0.42000000000000004
pcb2,bad/009.JPG,N_R_all,5,3.6,5.7289988539077985,0.52
pcb2,bad/010.JPG,D,7,3.5714285714285716,3.6045013966478234,0.4857142857142857
pcb2,bad/010.JPG,N_H,9,3.2222222222222223,11.868003172234507,0.4555555555555555
pcb2,bad/010.JPG,N_R_far,9,3.6666666666666665,3.708485015351665,0.44444444444444453
pcb2,bad/010.JPG,N_R_all,9,3.7777777777777777,3.662164930498223,0.3888888888888889
pcb2,bad/012.JPG,D,7,3.4285714285714284,2.424606105322088,0.48571428571428577
pcb2,bad/012.JPG,N_H,7,3.4285714285714284,11.400849612939997,0.5428571428571428
pcb2,bad/012.JPG,N_R_far,7,3.142857142857143,3.57734398007603,0.5714285714285714
pcb2,bad/012.JPG,N_R_all,7,3.7142857142857144,5.315193425757905,0.42857142857142855
pcb2,bad/013.JPG,D,22,3.5454545454545454,2.391016761718598,0.45909090909090905
pcb2,bad/013.JPG,N_H,1,3.0,11.682762851924092,0.6
pcb2,bad/013.JPG,N_R_far,1,4.0,4.766353024905014,0.4
pcb2,bad/013.JPG,N_R_all,1,4.0,2.0578395831246947,0.3
pcb2,bad/014.JPG,D,17,3.6470588235294117,2.4827018176519644,0.43529411764705883
pcb2,bad/014.JPG,N_H,5,3.4,7.306437682407444,0.52
pcb2,bad/014.JPG,N_R_far,5,3.8,3.1376579073802753,0.42000000000000004
pcb2,bad/014.JPG,N_R_all,5,4.0,2.513079815296991,0.38
pcb2,bad/015.JPG,D,13,3.923076923076923,5.591975596073246,0.41538461538461546
pcb2,bad/015.JPG,N_H,5,3.4,5.488952322029528,0.52
pcb2,bad/015.JPG,N_R_far,5,3.8,2.944625256685782,0.42000000000000004
pcb2,bad/015.JPG,N_R_all,5,3.4,2.1445772193282684,0.5
pcb2,bad/016.JPG,D,7,3.857142857142857,8.921695406954383,0.39999999999999997
pcb2,bad/016.JPG,N_H,5,3.0,7.2845678987837115,0.43999999999999995
pcb2,bad/016.JPG,N_R_far,5,4.0,3.1238735122009116,0.34
pcb2,bad/016.JPG,N_R_all,5,3.2,3.1478464657670067,0.6199999999999999
pcb2,bad/017.JPG,D,10,3.8,6.538632000665193,0.45000000000000007
pcb2,bad/017.JPG,N_H,7,3.7142857142857144,5.595586543048144,0.4857142857142857
pcb2,bad/017.JPG,N_R_far,7,3.4285714285714284,2.209227180334355,0.45714285714285713
pcb2,bad/017.JPG,N_R_all,7,4.0,3.076444444168441,0.3714285714285714
pcb2,bad/018.JPG,D,9,3.7777777777777777,5.1695028314522755,0.47777777777777775
pcb2,bad/018.JPG,N_H,9,3.3333333333333335,7.292545803729954,0.5444444444444445
pcb2,bad/018.JPG,N_R_far,9,3.6666666666666665,3.8323298980293368,0.38888888888888884
pcb2,bad/018.JPG,N_R_all,9,3.3333333333333335,5.734178993967855,0.5
pcb2,bad/019.JPG,D,15,3.6666666666666665,5.276693264334507,0.4333333333333334
pcb2,bad/019.JPG,N_H,12,3.75,11.172456724569528,0.41666666666666674
pcb2,bad/019.JPG,N_R_far,12,3.6666666666666665,4.694315290254836,0.38333333333333336
pcb2,bad/019.JPG,N_R_all,12,3.5833333333333335,4.435946713663717,0.48333333333333334
pcb2,bad/020.JPG,D,5,3.8,6.607652231113309,0.4
pcb2,bad/020.JPG,N_H,8,3.25,10.538462682772863,0.5375
pcb2,bad/020.JPG,N_R_far,8,3.625,4.08736816566809,0.4375
pcb2,bad/020.JPG,N_R_all,8,3.5,5.9964334684278615,0.47500000000000003
pcb2,bad/021.JPG,D,13,3.5384615384615383,3.4864964334205144,0.4307692307692309
pcb2,bad/021.JPG,N_H,6,3.6666666666666665,10.552110323686225,0.4166666666666666
pcb2,bad/021.JPG,N_R_far,6,4.0,3.840117595061487,0.45
pcb2,bad/021.JPG,N_R_all,6,4.0,4.921934260744723,0.35000000000000003
pcb2,bad/022.JPG,D,7,3.857142857142857,5.156486532383234,0.4428571428571428
pcb2,bad/022.JPG,N_H,7,3.7142857142857144,8.719102650980966,0.4714285714285715
pcb2,bad/022.JPG,N_R_far,7,3.7142857142857144,2.6798678290412865,0.41428571428571426
pcb2,bad/022.JPG,N_R_all,7,3.7142857142857144,5.167767290872155,0.4428571428571428
pcb2,bad/023.JPG,D,9,3.888888888888889,5.396597225623708,0.4222222222222223
pcb2,bad/023.JPG,N_H,11,3.1818181818181817,9.641728166845416,0.5090909090909091
pcb2,bad/023.JPG,N_R_far,11,3.1818181818181817,3.7204549882413662,0.509090909090909
pcb2,bad/023.JPG,N_R_all,11,3.3636363636363638,3.5977224958593954,0.4727272727272727
pcb2,bad/024.JPG,D,14,3.4285714285714284,5.491369995502798,0.4428571428571429
pcb2,bad/024.JPG,N_H,4,3.25,7.0953938109281385,0.475
pcb2,bad/024.JPG,N_R_far,4,3.75,3.302281583858138,0.4
pcb2,bad/024.JPG,N_R_all,4,4.0,3.868349571024795,0.44999999999999996
pcb2,bad/025.JPG,D,13,3.6153846153846154,6.970522803145798,0.4615384615384616
pcb2,bad/025.JPG,N_H,3,3.3333333333333335,14.212852703436885,0.5
pcb2,bad/025.JPG,N_R_far,3,3.3333333333333335,3.6244657389060078,0.4000000000000001
pcb2,bad/025.JPG,N_R_all,3,3.3333333333333335,3.2559201116617893,0.4666666666666666
pcb2,bad/026.JPG,D,11,3.4545454545454546,3.506486220704112,0.4727272727272727
pcb2,bad/026.JPG,N_H,4,3.25,9.405703591833207,0.45
pcb2,bad/026.JPG,N_R_far,4,3.5,5.347712734364336,0.45
pcb2,bad/026.JPG,N_R_all,4,4.0,2.7499312004255247,0.5
pcb2,bad/027.JPG,D,10,3.5,3.807405508243337,0.48999999999999994
pcb2,bad/027.JPG,N_H,8,3.75,9.583131557715028,0.44999999999999996
pcb2,bad/027.JPG,N_R_far,8,3.625,2.8269167432379465,0.45
pcb2,bad/027.JPG,N_R_all,8,3.375,5.781813911369894,0.5
pcb2,bad/028.JPG,D,15,3.8,6.340022367682376,0.4666666666666668
pcb2,bad/028.JPG,N_H,1,4.0,6.268013805534646,0.4
pcb2,bad/028.JPG,N_R_far,1,3.0,2.0522968081512225,0.4
pcb2,bad/028.JPG,N_R_all,1,4.0,1.8198039027185569,0.4
pcb2,bad/029.JPG,D,8,3.75,3.4040816709906485,0.4375
pcb2,bad/029.JPG,N_H,4,3.25,7.47439583576096,0.5499999999999999
pcb2,bad/029.JPG,N_R_far,4,3.25,2.7325691957864344,0.475
pcb2,bad/029.JPG,N_R_all,4,3.5,4.632121478057007,0.4
pcb2,bad/030.JPG,D,7,3.2857142857142856,3.335126923911272,0.4428571428571429
pcb2,bad/030.JPG,N_H,5,3.6,14.37969163820118,0.45999999999999996
pcb2,bad/030.JPG,N_R_far,5,3.8,4.119829093040978,0.4
pcb2,bad/030.JPG,N_R_all,5,3.6,4.359999655189798,0.38
pcb2,bad/031.JPG,D,7,3.7142857142857144,4.0497869444270815,0.4142857142857142
pcb2,bad/031.JPG,N_H,5,3.4,9.298962188001648,0.44000000000000006
pcb2,bad/031.JPG,N_R_far,5,3.8,5.635093079095787,0.44000000000000006
pcb2,bad/031.JPG,N_R_all,5,4.0,3.1387986971425974,0.36000000000000004
pcb2,bad/032.JPG,D,7,3.4285714285714284,6.424744846047623,0.45714285714285713
pcb2,bad/032.JPG,N_H,8,3.125,10.872131356241521,0.5125
pcb2,bad/032.JPG,N_R_far,8,3.5,3.6999339918588405,0.4875
pcb2,bad/032.JPG,N_R_all,8,3.75,5.09925766037839,0.475
pcb2,bad/033.JPG,D,7,3.857142857142857,4.000353474831477,0.41428571428571426
pcb2,bad/033.JPG,N_H,6,3.8333333333333335,11.474809130013128,0.39999999999999997
pcb2,bad/033.JPG,N_R_far,6,4.0,3.617023489845346,0.4166666666666667
pcb2,bad/033.JPG,N_R_all,6,3.6666666666666665,3.846262105779438,0.46666666666666673
pcb2,bad/034.JPG,D,9,3.3333333333333335,3.899886482443377,0.47777777777777775
pcb2,bad/034.JPG,N_H,9,4.0,10.251924673712347,0.3555555555555555
pcb2,bad/034.JPG,N_R_far,9,3.5555555555555554,3.5822333539890914,0.4555555555555556
pcb2,bad/034.JPG,N_R_all,9,3.5555555555555554,4.47991926183391,0.4222222222222223
pcb2,bad/035.JPG,D,5,4.0,4.5731404091052354,0.33999999999999997
pcb2,bad/035.JPG,N_H,8,3.125,7.670049054019192,0.5125
pcb2,bad/035.JPG,N_R_far,8,3.25,3.129866201764398,0.55
pcb2,bad/035.JPG,N_R_all,8,3.5,6.956779734933471,0.44999999999999996
pcb2,bad/036.JPG,D,6,3.8333333333333335,3.3667492483218475,0.44999999999999996
pcb2,bad/036.JPG,N_H,11,3.3636363636363638,10.309699329195846,0.5090909090909089
pcb2,bad/036.JPG,N_R_far,11,3.5454545454545454,3.467262241837361,0.4727272727272727
pcb2,bad/036.JPG,N_R_all,11,3.8181818181818183,4.2500974623472505,0.3909090909090909
pcb2,bad/037.JPG,D,13,3.8461538461538463,6.472552358912291,0.4153846153846154
pcb2,bad/037.JPG,N_H,6,3.5,10.64544633697411,0.5
pcb2,bad/037.JPG,N_R_far,6,3.0,2.4412952197691093,0.5499999999999999
pcb2,bad/037.JPG,N_R_all,6,4.0,2.4792926697241127,0.3666666666666667
pcb2,bad/038.JPG,D,10,3.2,2.937904261685984,0.5200000000000001
pcb2,bad/038.JPG,N_H,10,3.4,11.45216922200997,0.5000000000000001
pcb2,bad/038.JPG,N_R_far,10,3.6,2.7177656103926133,0.43999999999999995
pcb2,bad/038.JPG,N_R_all,10,3.7,3.659073054392789,0.5000000000000001
pcb2,bad/039.JPG,D,8,3.875,3.18954319506223,0.42500000000000004
pcb2,bad/039.JPG,N_H,8,2.875,5.861946845158171,0.6125
pcb2,bad/039.JPG,N_R_far,8,3.125,6.20779029505503,0.5
pcb2,bad/039.JPG,N_R_all,8,3.625,2.9112458754025186,0.5375
pcb2,bad/040.JPG,D,35,3.5142857142857142,4.011685194470004,0.4742857142857143
pcb2,bad/040.JPG,N_H,7,3.4285714285714284,4.714708444486043,0.4714285714285714
pcb2,bad/040.JPG,N_R_far,7,3.857142857142857,5.803147602376755,0.4285714285714285
pcb2,bad/040.JPG,N_R_all,7,3.5714285714285716,4.977439431251905,0.47142857142857136
pcb2,bad/041.JPG,D,30,3.6333333333333333,7.388306262459555,0.45
pcb2,bad/041.JPG,N_H,7,4.0,4.279381431656975,0.35714285714285715
pcb2,bad/041.JPG,N_R_far,7,3.4285714285714284,5.893225561000131,0.49999999999999994
pcb2,bad/041.JPG,N_R_all,7,3.7142857142857144,5.059945375236204,0.5
pcb2,bad/042.JPG,D,35,3.2857142857142856,4.384744440109422,0.4542857142857143
pcb2,bad/042.JPG,N_H,7,3.0,5.625710492011082,0.5714285714285714
pcb2,bad/042.JPG,N_R_far,7,3.0,3.3023259730088155,0.5714285714285714
pcb2,bad/042.JPG,N_R_all,7,3.857142857142857,3.5281406080242923,0.41428571428571426
pcb2,bad/043.JPG,D,19,3.789473684210526,3.308541216433824,0.39999999999999997
pcb2,bad/043.JPG,N_H,4,3.5,6.207909918043899,0.425
pcb2,bad/043.JPG,N_R_far,4,3.5,3.9730894594236723,0.475
pcb2,bad/043.JPG,N_R_all,4,2.75,2.4965097958587092,0.575
pcb2,bad/044.JPG,D,75,3.44,3.7230226319543114,0.46666666666666656
pcb2,bad/044.JPG,N_H,7,1.5714285714285714,9.168257843772711,0.9285714285714286
pcb2,bad/044.JPG,N_R_far,7,3.142857142857143,3.321686785610907,0.5142857142857143
pcb2,bad/044.JPG,N_R_all,7,3.5714285714285716,2.7216928273353136,0.4285714285714285
pcb2,bad/045.JPG,D,33,3.303030303030303,4.3177534150524455,0.5363636363636365
pcb2,bad/045.JPG,N_H,2,4.0,15.93667289200155,0.45
pcb2,bad/045.JPG,N_R_far,2,4.0,3.3844856641820433,0.35
pcb2,bad/045.JPG,N_R_all,2,3.5,2.6996347958171505,0.4
pcb2,bad/046.JPG,D,73,3.5753424657534247,5.401659244625542,0.4561643835616438
pcb2,bad/046.JPG,N_H,5,2.6,10.67328183424703,0.5399999999999999
pcb2,bad/046.JPG,N_R_far,5,3.4,7.657400525909372,0.44000000000000006
pcb2,bad/046.JPG,N_R_all,5,3.8,4.8772914443577005,0.38
pcb2,bad/047.JPG,D,6,3.3333333333333335,3.2470675351081333,0.5166666666666666
pcb2,bad/047.JPG,N_H,9,3.4444444444444446,8.71451253229433,0.5
pcb2,bad/047.JPG,N_R_far,9,3.3333333333333335,3.3846846340310233,0.5111111111111111
pcb2,bad/047.JPG,N_R_all,9,3.111111111111111,5.114210854081259,0.5666666666666667
pcb2,bad/048.JPG,D,47,3.5106382978723403,4.642167855563797,0.43829787234042555
pcb2,bad/048.JPG,N_H,3,3.3333333333333335,6.003129265969503,0.4000000000000001
pcb2,bad/048.JPG,N_R_far,3,3.6666666666666665,4.394895641352025,0.43333333333333335
pcb2,bad/048.JPG,N_R_all,3,3.6666666666666665,2.534059440042501,0.3666666666666667
pcb2,bad/049.JPG,D,15,3.6666666666666665,4.641948277826683,0.4333333333333334
pcb2,bad/049.JPG,N_H,5,3.0,8.51174433938164,0.54
pcb2,bad/049.JPG,N_R_far,5,3.6,2.7687872074627164,0.45999999999999996
pcb2,bad/049.JPG,N_R_all,5,3.6,3.536478746503859,0.44000000000000006
pcb2,bad/050.JPG,D,6,3.6666666666666665,3.5477901025391585,0.4666666666666666
pcb2,bad/050.JPG,N_H,9,3.7777777777777777,9.263172002856669,0.48888888888888893
pcb2,bad/050.JPG,N_R_far,9,3.2222222222222223,4.283073402880156,0.5111111111111111
pcb2,bad/050.JPG,N_R_all,9,3.111111111111111,3.503727982184019,0.577777777777778
pcb2,bad/051.JPG,D,12,3.5,2.6965038267694084,0.4666666666666666
pcb2,bad/051.JPG,N_H,3,3.3333333333333335,12.454197510230605,0.39999999999999997
pcb2,bad/051.JPG,N_R_far,3,3.0,6.805124055022513,0.5
pcb2,bad/051.JPG,N_R_all,3,3.6666666666666665,5.026418595466346,0.39999999999999997
pcb2,bad/052.JPG,D,35,3.5428571428571427,6.740528623174377,0.46
pcb2,bad/052.JPG,N_H,5,3.8,6.576058688656159,0.44000000000000006
pcb2,bad/052.JPG,N_R_far,5,3.6,6.890557125948601,0.42000000000000004
pcb2,bad/052.JPG,N_R_all,5,3.6,4.761421846190254,0.44000000000000006
pcb2,bad/053.JPG,D,4,3.25,6.137366692701819,0.575
pcb2,bad/053.JPG,N_H,10,3.8,6.918695579941374,0.45000000000000007
pcb2,bad/053.JPG,N_R_far,10,3.7,3.9182549447313115,0.44000000000000006
pcb2,bad/053.JPG,N_R_all,10,3.6,4.385218320893888,0.39
pcb2,bad/054.JPG,D,21,3.2857142857142856,5.210983562181612,0.4666666666666667
pcb2,bad/054.JPG,N_H,2,4.0,18.739648323472693,0.35
pcb2,bad/054.JPG,N_R_far,2,3.5,2.849301383631703,0.45
pcb2,bad/054.JPG,N_R_all,2,3.5,2.84886516025442,0.5
pcb2,bad/055.JPG,D,4,3.5,3.2977536874054865,0.55
pcb2,bad/055.JPG,N_H,11,3.5454545454545454,9.428790643361605,0.4181818181818182
pcb2,bad/055.JPG,N_R_far,11,3.5454545454545454,2.7197328066875346,0.4454545454545455
pcb2,bad/055.JPG,N_R_all,11,3.6363636363636362,4.005399537330725,0.4272727272727273
pcb2,bad/056.JPG,D,5,3.8,4.7048792661314085,0.44000000000000006
pcb2,bad/056.JPG,N_H,12,3.1666666666666665,7.260293641668805,0.4916666666666667
pcb2,bad/056.JPG,N_R_far,12,3.6666666666666665,4.407087999695365,0.40833333333333327
pcb2,bad/056.JPG,N_R_all,12,3.6666666666666665,3.073301339705086,0.44166666666666665
pcb2,bad/057.JPG,D,8,3.625,2.3705658478775415,0.44999999999999996
pcb2,bad/057.JPG,N_H,13,3.3846153846153846,11.334756887164978,0.4923076923076923
pcb2,bad/057.JPG,N_R_far,13,3.230769230769231,3.740359225036148,0.4692307692307693
pcb2,bad/057.JPG,N_R_all,13,3.6153846153846154,4.062548044681353,0.4538461538461538
pcb2,bad/058.JPG,D,1,3.0,4.025940669922601,0.4
pcb2,bad/058.JPG,N_H,12,3.4166666666666665,9.010511362689494,0.44166666666666665
pcb2,bad/058.JPG,N_R_far,12,3.3333333333333335,3.309144609951119,0.4416666666666667
pcb2,bad/058.JPG,N_R_all,12,3.6666666666666665,4.7067563444448774,0.4166666666666667
pcb2,bad/059.JPG,D,12,3.5833333333333335,4.145752994575355,0.4666666666666666
pcb2,bad/059.JPG,N_H,11,3.6363636363636362,8.129376107183747,0.4818181818181818
pcb2,bad/059.JPG,N_R_far,11,3.4545454545454546,5.07324064951924,0.4272727272727273
pcb2,bad/059.JPG,N_R_all,11,3.4545454545454546,2.9426079482033343,0.45454545454545453
pcb2,bad/060.JPG,D,6,3.5,3.672123806972582,0.45
pcb2,bad/060.JPG,N_H,10,3.5,11.898184816638286,0.48
pcb2,bad/060.JPG,N_R_far,10,3.5,3.2941618998914146,0.45999999999999996
pcb2,bad/060.JPG,N_R_all,10,3.3,3.6521324844707515,0.51
pcb2,bad/061.JPG,D,7,3.857142857142857,3.64004662221118,0.39999999999999997
pcb2,bad/061.JPG,N_H,2,4.0,7.528575046078826,0.45
pcb2,bad/061.JPG,N_R_far,2,4.0,5.7592664401185445,0.4
pcb2,bad/061.JPG,N_R_all,2,4.0,2.844161140195789,0.45
pcb2,bad/062.JPG,D,5,3.8,5.061412929202142,0.44000000000000006
pcb2,bad/062.JPG,N_H,11,3.5454545454545454,7.602602024258387,0.4272727272727273
pcb2,bad/062.JPG,N_R_far,11,3.3636363636363638,3.993677054596665,0.48181818181818187
pcb2,bad/062.JPG,N_R_all,11,3.8181818181818183,3.445811677702233,0.45454545454545453
pcb2,bad/063.JPG,D,4,4.0,6.609256028418206,0.42500000000000004
pcb2,bad/063.JPG,N_H,12,3.0,8.195718779029866,0.5333333333333333
pcb2,bad/063.JPG,N_R_far,12,3.9166666666666665,3.8338600051386442,0.39999999999999997
pcb2,bad/063.JPG,N_R_all,12,3.4166666666666665,4.071386612029136,0.41666666666666674
pcb2,bad/064.JPG,D,8,3.75,8.301282649267186,0.42500000000000004
pcb2,bad/064.JPG,N_H,6,3.6666666666666665,8.33928567425337,0.44999999999999996
pcb2,bad/064.JPG,N_R_far,6,3.5,3.2452009947927336,0.46666666666666673
pcb2,bad/064.JPG,N_R_all,6,3.6666666666666665,3.0890572654039157,0.38333333333333336
pcb2,bad/065.JPG,D,8,3.875,6.887984933389179,0.41250000000000003
pcb2,bad/065.JPG,N_H,9,3.5555555555555554,8.98029163960178,0.4444444444444444
pcb2,bad/065.JPG,N_R_far,9,3.6666666666666665,5.047226009277022,0.43333333333333335
pcb2,bad/065.JPG,N_R_all,9,3.6666666666666665,3.367369399228846,0.4444444444444444
pcb2,bad/066.JPG,D,8,4.0,2.9961426210766717,0.3625
pcb2,bad/066.JPG,N_H,6,3.5,12.205246262530208,0.5
pcb2,bad/066.JPG,N_R_far,6,3.3333333333333335,3.2555894620856076,0.5333333333333333
pcb2,bad/066.JPG,N_R_all,6,3.5,6.040466267399254,0.5666666666666667
pcb2,bad/067.JPG,D,4,4.0,5.905811268500381,0.37500000000000006
pcb2,bad/067.JPG,N_H,8,3.125,5.919729880358943,0.5
pcb2,bad/067.JPG,N_R_far,8,2.875,3.0348962350180892,0.6
pcb2,bad/067.JPG,N_R_all,8,3.625,5.212236755672722,0.42500000000000004
pcb2,bad/068.JPG,D,6,4.0,5.537524314048686,0.3833333333333333
pcb2,bad/068.JPG,N_H,5,3.6,6.323862006391488,0.45999999999999996
pcb2,bad/068.JPG,N_R_far,5,3.4,4.257140157566459,0.52
pcb2,bad/068.JPG,N_R_all,5,3.8,5.742203682211737,0.42000000000000004
pcb2,bad/069.JPG,D,5,4.0,6.162684805925167,0.4
pcb2,bad/069.JPG,N_H,10,3.1,5.112075404736197,0.51
pcb2,bad/069.JPG,N_R_far,10,3.3,3.0035477007528306,0.56
pcb2,bad/069.JPG,N_R_all,10,3.7,3.9411896274152967,0.4600000000000001
pcb2,bad/070.JPG,D,5,3.8,6.489980461382868,0.45999999999999996
pcb2,bad/070.JPG,N_H,8,3.5,9.630676179366526,0.45
pcb2,bad/070.JPG,N_R_far,8,3.25,3.325908755672903,0.5125
pcb2,bad/070.JPG,N_R_all,8,3.875,4.426535256979607,0.4
pcb2,bad/071.JPG,D,11,3.5454545454545454,2.58146296607216,0.5181818181818182
pcb2,bad/071.JPG,N_H,7,3.2857142857142856,9.840849828890551,0.42857142857142855
pcb2,bad/071.JPG,N_R_far,7,3.4285714285714284,2.8493722080027517,0.5
pcb2,bad/071.JPG,N_R_all,7,3.7142857142857144,6.626543968350264,0.4714285714285714
pcb2,bad/072.JPG,D,6,3.1666666666666665,3.5423501162183673,0.49999999999999994
pcb2,bad/072.JPG,N_H,7,2.857142857142857,7.177443238922339,0.49999999999999994
pcb2,bad/072.JPG,N_R_far,7,3.5714285714285716,5.980073418343344,0.42857142857142855
pcb2,bad/072.JPG,N_R_all,7,3.5714285714285716,3.465083407056233,0.45714285714285713
pcb2,bad/073.JPG,D,3,4.0,5.825096187150194,0.4666666666666666
pcb2,bad/073.JPG,N_H,12,3.25,8.509169780295936,0.49166666666666664
pcb2,bad/073.JPG,N_R_far,12,3.5833333333333335,3.9201548081597584,0.47500000000000003
pcb2,bad/073.JPG,N_R_all,12,3.5833333333333335,2.5063798980218484,0.425
pcb2,bad/074.JPG,D,8,3.75,5.996341563877987,0.4375
pcb2,bad/074.JPG,N_H,6,3.3333333333333335,7.674195634128747,0.4666666666666666
pcb2,bad/074.JPG,N_R_far,6,4.0,5.50403177581224,0.4000000000000001
pcb2,bad/074.JPG,N_R_all,6,3.6666666666666665,2.8900410603978712,0.39999999999999997
pcb2,bad/075.JPG,D,12,3.9166666666666665,3.4762319122816714,0.375
pcb2,bad/075.JPG,N_H,8,3.625,5.146057314509719,0.5375000000000001
pcb2,bad/075.JPG,N_R_far,8,3.0,4.26552765642975,0.5625
pcb2,bad/075.JPG,N_R_all,8,3.75,4.116200792171352,0.425
pcb2,bad/076.JPG,D,4,3.75,3.786755627480212,0.42500000000000004
pcb2,bad/076.JPG,N_H,13,3.6923076923076925,9.823989532946543,0.4461538461538463
pcb2,bad/076.JPG,N_R_far,13,3.076923076923077,4.304799178067372,0.5230769230769231
pcb2,bad/076.JPG,N_R_all,13,3.8461538461538463,2.7377316757772965,0.40769230769230774
pcb2,bad/077.JPG,D,10,3.8,3.684118462579145,0.39999999999999997
pcb2,bad/077.JPG,N_H,6,3.6666666666666665,5.91145352005703,0.45
pcb2,bad/077.JPG,N_R_far,6,3.5,2.542094873006038,0.4666666666666666
pcb2,bad/077.JPG,N_R_all,6,3.5,3.8209388564406233,0.44999999999999996
pcb2,bad/078.JPG,D,6,4.0,7.293602252045169,0.4166666666666667
pcb2,bad/078.JPG,N_H,6,3.1666666666666665,10.142192687496454,0.5333333333333333
pcb2,bad/078.JPG,N_R_far,6,3.3333333333333335,4.268862235503698,0.5166666666666666
pcb2,bad/078.JPG,N_R_all,6,3.5,2.257544807402667,0.43333333333333335
pcb2,bad/079.JPG,D,8,3.875,4.0861016498109795,0.4375
pcb2,bad/079.JPG,N_H,6,3.0,7.728220369756514,0.45
pcb2,bad/079.JPG,N_R_far,6,3.6666666666666665,2.6944834880583564,0.44999999999999996
pcb2,bad/079.JPG,N_R_all,6,4.0,4.223119238472048,0.39999999999999997
pcb2,bad/080.JPG,D,5,3.6,2.1502004634169407,0.38
pcb2,bad/080.JPG,N_H,10,3.4,8.314003729194464,0.4600000000000001
pcb2,bad/080.JPG,N_R_far,10,3.7,3.1855738155619213,0.43000000000000005
pcb2,bad/080.JPG,N_R_all,10,3.3,3.897880161959236,0.5
pcb2,bad/081.JPG,D,10,3.9,5.660730039491829,0.4
pcb2,bad/081.JPG,N_H,5,3.8,17.379611211519677,0.43999999999999995
pcb2,bad/081.JPG,N_R_far,5,3.4,3.2319207155144793,0.54
pcb2,bad/081.JPG,N_R_all,5,3.8,2.0688435958026004,0.42000000000000004
pcb2,bad/082.JPG,D,4,3.25,8.163236615024555,0.5
pcb2,bad/082.JPG,N_H,7,2.4285714285714284,10.491510313490751,0.7000000000000001
pcb2,bad/082.JPG,N_R_far,7,3.5714285714285716,4.331880327956925,0.4428571428571428
pcb2,bad/082.JPG,N_R_all,7,3.5714285714285716,3.080089431751539,0.5
pcb2,bad/083.JPG,D,3,4.0,3.3593287112314787,0.3666666666666667
pcb2,bad/083.JPG,N_H,12,3.4166666666666665,9.8449469094824,0.4583333333333333
pcb2,bad/083.JPG,N_R_far,12,3.5,3.488544950688754,0.47500000000000003
pcb2,bad/083.JPG,N_R_all,12,3.8333333333333335,2.920798914859839,0.3833333333333333
pcb2,bad/084.JPG,D,14,3.857142857142857,4.566579400120003,0.4142857142857143
pcb2,bad/084.JPG,N_H,1,3.0,5.389805191284746,0.5
pcb2,bad/084.JPG,N_R_far,1,4.0,10.83037303759657,0.4
pcb2,bad/084.JPG,N_R_all,1,4.0,1.8547236990991407,0.3
pcb2,bad/085.JPG,D,11,3.0,5.133578953864343,0.5272727272727272
pcb2,bad/085.JPG,N_H,5,3.8,14.755204040625458,0.48
pcb2,bad/085.JPG,N_R_far,5,3.2,3.037667641627624,0.52
pcb2,bad/085.JPG,N_R_all,5,3.6,3.4177382380084156,0.5
pcb2,bad/086.JPG,D,13,3.230769230769231,9.360378135804536,0.4923076923076924
pcb2,bad/086.JPG,N_H,4,2.5,14.347608989180625,0.525
pcb2,bad/086.JPG,N_R_far,4,3.5,3.7150214609523244,0.4
pcb2,bad/086.JPG,N_R_all,4,3.75,3.4014019642079183,0.475
pcb2,bad/087.JPG,D,11,3.909090909090909,7.290873729303225,0.5
pcb2,bad/087.JPG,N_H,3,3.0,10.560005957314553,0.6666666666666666
pcb2,bad/087.JPG,N_R_far,3,4.0,3.8833562952556235,0.3333333333333333
pcb2,bad/087.JPG,N_R_all,3,3.6666666666666665,3.847408119815958,0.39999999999999997
pcb2,bad/088.JPG,D,13,3.6153846153846154,7.3772527439176665,0.40769230769230774
pcb2,bad/088.JPG,N_H,5,3.2,9.654445848473664,0.6599999999999999
pcb2,bad/088.JPG,N_R_far,5,4.0,3.9752625487248316,0.45999999999999996
pcb2,bad/088.JPG,N_R_all,5,3.2,3.4358422092232885,0.54
pcb2,bad/089.JPG,D,11,3.3636363636363638,5.333675955247718,0.4727272727272727
pcb2,bad/089.JPG,N_H,2,3.0,20.808071117046893,0.45
pcb2,bad/089.JPG,N_R_far,2,4.0,8.955438610236216,0.35
pcb2,bad/089.JPG,N_R_all,2,4.0,4.270013274663845,0.4
pcb2,bad/090.JPG,D,9,3.6666666666666665,6.664045709628277,0.48888888888888893
pcb2,bad/090.JPG,N_H,5,3.2,8.694740393484977,0.5
pcb2,bad/090.JPG,N_R_far,5,3.0,3.0610178851528738,0.48
pcb2,bad/090.JPG,N_R_all,5,3.8,3.4368324141014654,0.36000000000000004
pcb2,bad/091.JPG,D,10,3.2,6.652977613005854,0.49000000000000005
pcb2,bad/091.JPG,N_H,2,4.0,19.574750297075152,0.4
pcb2,bad/091.JPG,N_R_far,2,3.0,3.2109915429789093,0.6
pcb2,bad/091.JPG,N_R_all,2,3.0,4.629261043962325,0.6499999999999999
pcb2,bad/092.JPG,D,21,3.5714285714285716,3.7824502508176803,0.4428571428571429
pcb2,bad/092.JPG,N_H,4,2.0,13.08736480174922,0.7749999999999999
pcb2,bad/092.JPG,N_R_far,4,3.25,5.66396475834781,0.5499999999999999
pcb2,bad/092.JPG,N_R_all,4,4.0,3.7993364472650955,0.32499999999999996
pcb2,bad/093.JPG,D,10,3.4,4.65640627120732,0.5700000000000001
pcb2,bad/093.JPG,N_H,4,2.25,11.784989084062062,0.6
pcb2,bad/093.JPG,N_R_far,4,3.25,3.086840437265187,0.475
pcb2,bad/093.JPG,N_R_all,4,3.75,2.8474219299705013,0.45
pcb2,bad/094.JPG,D,16,3.3125,5.770678616634006,0.5375
pcb2,bad/094.JPG,N_H,3,3.6666666666666665,11.373153115664442,0.39999999999999997
pcb2,bad/094.JPG,N_R_far,3,4.0,3.911225355398456,0.3333333333333333
pcb2,bad/094.JPG,N_R_all,3,3.3333333333333335,5.61169146042717,0.5
pcb2,bad/095.JPG,D,14,3.2142857142857144,5.303154318386169,0.557142857142857
pcb2,bad/095.JPG,N_H,5,3.4,12.283272126426956,0.48
pcb2,bad/095.JPG,N_R_far,5,3.4,4.240445626612327,0.48
pcb2,bad/095.JPG,N_R_all,5,3.4,3.7100413921595226,0.5199999999999999
pcb2,bad/096.JPG,D,15,3.3333333333333335,5.547258409645627,0.4800000000000001
pcb2,bad/096.JPG,N_H,2,4.0,12.629014871524486,0.4
pcb2,bad/096.JPG,N_R_far,2,4.0,2.84209467642385,0.45
pcb2,bad/096.JPG,N_R_all,2,3.0,2.778738985757923,0.45
pcb2,bad/097.JPG,D,9,3.5555555555555554,4.524169568945773,0.4888888888888888
pcb2,bad/097.JPG,N_H,6,3.5,10.190948380843508,0.5
pcb2,bad/097.JPG,N_R_far,6,3.3333333333333335,4.719078339042447,0.5666666666666668
pcb2,bad/097.JPG,N_R_all,6,3.3333333333333335,3.507547977865901,0.4333333333333333
pcb2,bad/098.JPG,D,15,3.8,3.502656895757379,0.46666666666666673
pcb2,bad/098.JPG,N_H,1,3.0,3.152078617470478,0.5
pcb2,bad/098.JPG,N_R_far,1,4.0,3.4891053141819293,0.3
pcb2,bad/098.JPG,N_R_all,1,4.0,4.320361678200703,0.5
pcb2,bad/099.JPG,D,7,3.7142857142857144,5.786446914517713,0.45714285714285713
pcb2,bad/099.JPG,N_H,3,3.0,9.171491202498677,0.5
pcb2,bad/099.JPG,N_R_far,3,3.6666666666666665,4.205731163452604,0.3666666666666667
pcb2,bad/099.JPG,N_R_all,3,3.3333333333333335,3.5379431237794527,0.4666666666666666
chewinggum,bad/003.JPG,D,10,2.5,6.867003109576733,0.65
chewinggum,bad/003.JPG,N_H,1,4.0,10.072730397796615,0.4
chewinggum,bad/003.JPG,N_R_far,1,4.0,2.904717342639571,0.4
chewinggum,bad/003.JPG,N_R_all,1,4.0,4.801666203960727,0.7
chewinggum,bad/023.JPG,D,9,3.0,8.585097234232704,0.4666666666666667
chewinggum,bad/023.JPG,N_H,2,3.0,12.21481794726175,0.55
chewinggum,bad/023.JPG,N_R_far,2,3.5,3.7852955540326265,0.55
chewinggum,bad/023.JPG,N_R_all,2,3.5,3.5935874522063744,0.45
chewinggum,bad/025.JPG,D,8,3.625,3.0052513657951003,0.41250000000000003
chewinggum,bad/025.JPG,N_H,4,3.5,18.430402175668405,0.5
chewinggum,bad/025.JPG,N_R_far,4,3.75,3.435369997541901,0.42500000000000004
chewinggum,bad/025.JPG,N_R_all,4,3.75,4.0204760163027276,0.4
chewinggum,bad/026.JPG,D,8,3.375,3.7000743623320336,0.45
chewinggum,bad/026.JPG,N_H,7,3.4285714285714284,10.151063861640647,0.5
chewinggum,bad/026.JPG,N_R_far,7,3.5714285714285716,3.746166936897452,0.45714285714285713
chewinggum,bad/026.JPG,N_R_all,7,3.4285714285714284,3.5980152088573503,0.4571428571428572
chewinggum,bad/027.JPG,D,6,3.8333333333333335,2.4289255130971754,0.4166666666666667
chewinggum,bad/027.JPG,N_H,10,3.1,5.7343674352468,0.53
chewinggum,bad/027.JPG,N_R_far,10,3.0,4.850544710230635,0.61
chewinggum,bad/027.JPG,N_R_all,10,3.1,4.651681575092216,0.49000000000000005
chewinggum,bad/028.JPG,D,6,3.3333333333333335,4.5695801369989155,0.5166666666666667
chewinggum,bad/028.JPG,N_H,5,2.6,13.357872105568472,0.5599999999999999
chewinggum,bad/028.JPG,N_R_far,5,3.8,3.8085108882380325,0.43999999999999995
chewinggum,bad/028.JPG,N_R_all,5,3.4,3.5194678923875187,0.52
chewinggum,bad/029.JPG,D,5,3.2,5.425915741323101,0.48
chewinggum,bad/029.JPG,N_H,5,3.2,17.88623682227849,0.58
chewinggum,bad/029.JPG,N_R_far,5,3.6,3.4705869341834528,0.43999999999999995
chewinggum,bad/029.JPG,N_R_all,5,3.6,3.931821142504364,0.42000000000000004
chewinggum,bad/031.JPG,D,3,4.0,2.1454633458252723,0.3666666666666667
chewinggum,bad/031.JPG,N_H,9,3.5555555555555554,4.9076971685256,0.4444444444444444
chewinggum,bad/031.JPG,N_R_far,9,3.4444444444444446,3.234635205417266,0.5
chewinggum,bad/031.JPG,N_R_all,9,3.3333333333333335,4.492771760862152,0.47777777777777775
chewinggum,bad/032.JPG,D,13,3.923076923076923,4.110020754957089,0.3846153846153845
chewinggum,bad/032.JPG,N_H,9,3.4444444444444446,6.911929224663392,0.5222222222222223
chewinggum,bad/032.JPG,N_R_far,9,3.5555555555555554,4.307329841159508,0.41111111111111115
chewinggum,bad/032.JPG,N_R_all,9,3.888888888888889,4.215087189453864,0.4222222222222223
chewinggum,bad/033.JPG,D,4,4.0,2.9159562387981857,0.4
chewinggum,bad/033.JPG,N_H,9,3.5555555555555554,4.993180720190957,0.47777777777777775
chewinggum,bad/033.JPG,N_R_far,9,3.4444444444444446,3.7369760146014297,0.4111111111111111
chewinggum,bad/033.JPG,N_R_all,9,3.5555555555555554,3.1385806534167795,0.4666666666666667
chewinggum,bad/034.JPG,D,5,3.6,3.4973355481686768,0.45999999999999996
chewinggum,bad/034.JPG,N_H,5,3.6,10.307384132596141,0.5
chewinggum,bad/034.JPG,N_R_far,5,3.6,6.262303025535401,0.48
chewinggum,bad/034.JPG,N_R_all,5,3.6,3.2663512318195034,0.42000000000000004
chewinggum,bad/035.JPG,D,6,3.1666666666666665,9.136549729242295,0.48333333333333334
chewinggum,bad/035.JPG,N_H,2,3.5,12.59015081596963,0.5
chewinggum,bad/035.JPG,N_R_far,2,3.5,2.452328708490406,0.45
chewinggum,bad/035.JPG,N_R_all,2,3.0,4.569887156161434,0.5
chewinggum,bad/036.JPG,D,11,3.272727272727273,3.0024594045153936,0.509090909090909
chewinggum,bad/036.JPG,N_H,1,4.0,6.544242199937808,0.5
chewinggum,bad/036.JPG,N_R_far,1,3.0,3.724673420401646,0.5
chewinggum,bad/036.JPG,N_R_all,1,4.0,2.6595917942265426,0.4
chewinggum,bad/037.JPG,D,5,3.0,4.0209165211975915,0.42000000000000004
chewinggum,bad/037.JPG,N_H,9,3.5555555555555554,6.628535787352269,0.47777777777777775
chewinggum,bad/037.JPG,N_R_far,9,3.4444444444444446,4.733340211789387,0.4666666666666667
chewinggum,bad/037.JPG,N_R_all,9,3.5555555555555554,3.838734000165247,0.5111111111111111
chewinggum,bad/039.JPG,D,13,3.3846153846153846,5.374382902192471,0.5153846153846153
chewinggum,bad/039.JPG,N_H,3,3.3333333333333335,5.910850135137934,0.5666666666666667
chewinggum,bad/039.JPG,N_R_far,3,3.3333333333333335,3.342924145867786,0.5
chewinggum,bad/039.JPG,N_R_all,3,3.6666666666666665,3.0412196341047193,0.4000000000000001
chewinggum,bad/059.JPG,D,18,2.388888888888889,6.768783157753304,0.6555555555555554
chewinggum,bad/059.JPG,N_H,1,4.0,7.032279276917832,0.4
chewinggum,bad/059.JPG,N_R_far,1,4.0,2.4211645411957745,0.5
chewinggum,bad/059.JPG,N_R_all,1,4.0,2.487329230848486,0.5
chewinggum,bad/067.JPG,D,3,3.3333333333333335,3.9786904565923797,0.5
chewinggum,bad/067.JPG,N_H,2,4.0,7.073162972773104,0.45
chewinggum,bad/067.JPG,N_R_far,2,4.0,7.512881588408135,0.4
chewinggum,bad/067.JPG,N_R_all,2,3.5,13.051296008984357,0.5
chewinggum,bad/068.JPG,D,4,3.75,3.1913319594440988,0.4
chewinggum,bad/068.JPG,N_H,1,4.0,5.550925820105818,0.6
chewinggum,bad/068.JPG,N_R_far,1,4.0,4.03064032944505,0.4
chewinggum,bad/068.JPG,N_R_all,1,4.0,4.759161278296471,0.4
chewinggum,bad/071.JPG,D,5,3.6,3.8837761516709812,0.52
chewinggum,bad/071.JPG,N_H,1,4.0,6.929822128134704,0.6
chewinggum,bad/071.JPG,N_R_far,1,4.0,5.085373967422146,0.4
chewinggum,bad/071.JPG,N_R_all,1,4.0,3.845815796115435,0.4
chewinggum,bad/075.JPG,D,4,2.5,3.7464217572442706,0.55
chewinggum,bad/075.JPG,N_H,7,3.7142857142857144,9.863139059023386,0.39999999999999997
chewinggum,bad/075.JPG,N_R_far,7,3.7142857142857144,4.163808850199439,0.4285714285714285
chewinggum,bad/075.JPG,N_R_all,7,3.142857142857143,3.7044716029142783,0.5428571428571428
chewinggum,bad/078.JPG,D,7,2.7142857142857144,3.6440686120800483,0.5
chewinggum,bad/078.JPG,N_H,3,4.0,12.074032867301275,0.3666666666666667
chewinggum,bad/078.JPG,N_R_far,3,4.0,5.6671733391377925,0.43333333333333335
chewinggum,bad/078.JPG,N_R_all,3,3.6666666666666665,3.592459534045126,0.4666666666666666
chewinggum,bad/082.JPG,D,6,3.0,4.865640883908877,0.4333333333333333
chewinggum,bad/082.JPG,N_H,4,3.0,3.7773985237175634,0.55
chewinggum,bad/082.JPG,N_R_far,4,3.75,4.955212060906105,0.425
chewinggum,bad/082.JPG,N_R_all,4,3.5,2.9168839187069158,0.4
chewinggum,bad/084.JPG,D,4,3.0,5.345945461950525,0.525
chewinggum,bad/084.JPG,N_H,5,3.2,9.769535529499084,0.52
chewinggum,bad/084.JPG,N_R_far,5,3.2,5.398665121394659,0.5
chewinggum,bad/084.JPG,N_R_all,5,3.4,3.718810766598037,0.5
chewinggum,bad/085.JPG,D,7,3.5714285714285716,5.588781605244965,0.4857142857142857
chewinggum,bad/085.JPG,N_H,2,4.0,5.715226215821656,0.4
chewinggum,bad/085.JPG,N_R_far,2,4.0,2.297045151823843,0.4
chewinggum,bad/085.JPG,N_R_all,2,3.0,2.267798055399199,0.4
chewinggum,bad/086.JPG,D,5,3.6,4.520783695427875,0.43999999999999995
chewinggum,bad/086.JPG,N_H,3,4.0,5.193550200022627,0.4000000000000001
chewinggum,bad/086.JPG,N_R_far,3,3.0,3.5772754632868247,0.6
chewinggum,bad/086.JPG,N_R_all,3,3.6666666666666665,4.621106099162875,0.43333333333333335
chewinggum,bad/087.JPG,D,5,4.0,5.874531013272615,0.48
chewinggum,bad/087.JPG,N_H,1,3.0,10.952672203979937,0.5
chewinggum,bad/087.JPG,N_R_far,1,3.0,4.686606874731851,0.5
chewinggum,bad/087.JPG,N_R_all,1,4.0,4.195756000002056,0.5
chewinggum,bad/089.JPG,D,4,3.5,4.59560454643052,0.5
chewinggum,bad/089.JPG,N_H,3,4.0,12.338653794533608,0.4000000000000001
chewinggum,bad/089.JPG,N_R_far,3,3.3333333333333335,2.7568245195525773,0.46666666666666673
chewinggum,bad/089.JPG,N_R_all,3,3.3333333333333335,4.105125861823374,0.43333333333333335
chewinggum,bad/092.JPG,D,5,3.8,2.165408077950654,0.44000000000000006
chewinggum,bad/092.JPG,N_H,3,3.6666666666666665,3.7965212943333193,0.5333333333333333
chewinggum,bad/092.JPG,N_R_far,3,2.6666666666666665,4.216583658330838,0.6
chewinggum,bad/092.JPG,N_R_all,3,3.6666666666666665,10.3198563836213,0.43333333333333335
chewinggum,bad/093.JPG,D,6,3.0,4.495347391825708,0.5166666666666667
chewinggum,bad/093.JPG,N_H,1,2.0,4.1696679352864825,0.8
chewinggum,bad/093.JPG,N_R_far,1,3.0,3.237121826287334,0.4
chewinggum,bad/093.JPG,N_R_all,1,2.0,2.7292606055263264,0.9
chewinggum,bad/095.JPG,D,4,4.0,8.835257217251957,0.5750000000000001
chewinggum,bad/095.JPG,N_H,1,4.0,6.300000000000001,0.4
chewinggum,bad/095.JPG,N_R_far,1,4.0,6.533599590932641,0.5
chewinggum,bad/095.JPG,N_R_all,1,4.0,2.231926839581679,0.3
chewinggum,bad/099.JPG,D,7,2.857142857142857,6.254007675710058,0.48571428571428577
chewinggum,bad/099.JPG,N_H,1,3.0,20.262667577480517,0.6
chewinggum,bad/099.JPG,N_R_far,1,3.0,2.1219544457292887,0.4
chewinggum,bad/099.JPG,N_R_all,1,4.0,5.13922404559042,0.3
